scenario,seed,companyId,turn,crisisState,eventKind,projectType,detail,amountUsd
baseline,seed-1,BAL,2,NORMAL,proposed,pdLineExpansion,targetFactoryId=BAL-F1,0
baseline,seed-1,BAL,2,NORMAL,statusChange,pdLineExpansion,approved->underConstruction,1200000
baseline,seed-1,BAL,3,NORMAL,proposed,hosoLineExpansion,targetFactoryId=BAL-F1,0
baseline,seed-1,BAL,3,NORMAL,statusChange,pdLineExpansion,underConstruction->underConstruction,1600000
baseline,seed-1,BAL,3,NORMAL,statusChange,hosoLineExpansion,approved->completed,8000000
baseline,seed-1,CONSV,3,NORMAL,proposed,hosoLineExpansion,targetFactoryId=CONSV-F1,0
baseline,seed-1,CONSV,3,NORMAL,proposed,vapLineExpansion,targetFactoryId=CONSV-F1,0
baseline,seed-1,CONSV,3,NORMAL,statusChange,hosoLineExpansion,approved->completed,8000000
baseline,seed-1,CONSV,3,NORMAL,statusChange,vapLineExpansion,approved->underConstruction,1500000
baseline,seed-1,BAL,4,NORMAL,statusChange,pdLineExpansion,underConstruction->completed,1200000
baseline,seed-1,CONSV,4,NORMAL,statusChange,vapLineExpansion,underConstruction->underConstruction,2100000
baseline,seed-1,CONSV,5,NORMAL,statusChange,vapLineExpansion,underConstruction->underConstruction,1500000
baseline,seed-1,CONSV,6,NORMAL,statusChange,vapLineExpansion,underConstruction->suspended,0
baseline,seed-1,BAL,7,NORMAL,proposed,hosoLineExpansion,targetFactoryId=BAL-F1,0
baseline,seed-1,BAL,7,NORMAL,proposed,pdLineExpansion,targetFactoryId=BAL-F1,0
baseline,seed-1,BAL,7,NORMAL,proposed,vapLineExpansion,targetFactoryId=BAL-F1,0
baseline,seed-1,BAL,7,NORMAL,statusChange,hosoLineExpansion,approved->completed,8000000
baseline,seed-1,BAL,7,NORMAL,statusChange,pdLineExpansion,approved->underConstruction,1200000
baseline,seed-1,BAL,7,NORMAL,statusChange,vapLineExpansion,approved->underConstruction,1500000
baseline,seed-1,BAL,8,NORMAL,statusChange,pdLineExpansion,underConstruction->underConstruction,1600000
baseline,seed-1,BAL,8,NORMAL,statusChange,vapLineExpansion,underConstruction->underConstruction,2100000
baseline,seed-1,CONSV,8,NORMAL,proposed,hosoLineExpansion,targetFactoryId=CONSV-F1,0
baseline,seed-1,CONSV,8,NORMAL,proposed,pdLineExpansion,targetFactoryId=CONSV-F1,0
baseline,seed-1,CONSV,8,NORMAL,statusChange,hosoLineExpansion,approved->completed,8000000
baseline,seed-1,CONSV,8,NORMAL,statusChange,pdLineExpansion,approved->underConstruction,1200000
baseline,seed-1,BAL,9,NORMAL,statusChange,pdLineExpansion,underConstruction->completed,1200000
baseline,seed-1,BAL,9,NORMAL,statusChange,vapLineExpansion,underConstruction->underConstruction,1500000
baseline,seed-1,CONSV,9,NORMAL,statusChange,pdLineExpansion,underConstruction->underConstruction,1600000
baseline,seed-1,BAL,10,NORMAL,statusChange,vapLineExpansion,underConstruction->completed,900000
baseline,seed-1,CONSV,10,NORMAL,statusChange,pdLineExpansion,underConstruction->completed,1200000
baseline,seed-1,JPQ,11,NORMAL,proposed,hosoLineExpansion,targetFactoryId=JPQ-F1,0
baseline,seed-1,JPQ,11,NORMAL,proposed,pdLineExpansion,targetFactoryId=JPQ-F1,0
baseline,seed-1,JPQ,11,NORMAL,statusChange,hosoLineExpansion,approved->completed,8000000
baseline,seed-1,JPQ,11,NORMAL,statusChange,pdLineExpansion,approved->underConstruction,1200000
baseline,seed-1,JPQ,12,NORMAL,proposed,vapLineExpansion,targetFactoryId=JPQ-F1,0
baseline,seed-1,JPQ,12,NORMAL,statusChange,pdLineExpansion,underConstruction->underConstruction,1600000
baseline,seed-1,JPQ,12,NORMAL,statusChange,vapLineExpansion,approved->underConstruction,1500000
baseline,seed-1,JPQ,13,NORMAL,statusChange,pdLineExpansion,underConstruction->completed,1200000
baseline,seed-1,JPQ,13,NORMAL,statusChange,vapLineExpansion,underConstruction->underConstruction,2100000
baseline,seed-1,JPQ,14,NORMAL,statusChange,vapLineExpansion,underConstruction->underConstruction,1500000
baseline,seed-1,JPQ,15,NORMAL,proposed,hosoLineExpansion,targetFactoryId=JPQ-F1,0
baseline,seed-1,JPQ,15,NORMAL,statusChange,vapLineExpansion,underConstruction->completed,900000
baseline,seed-1,JPQ,15,NORMAL,statusChange,hosoLineExpansion,approved->completed,8000000
baseline,seed-1,JPQ,16,NORMAL,proposed,pdLineExpansion,targetFactoryId=JPQ-F1,0
baseline,seed-1,JPQ,16,NORMAL,statusChange,pdLineExpansion,approved->underConstruction,1200000
baseline,seed-1,JPQ,17,NORMAL,statusChange,pdLineExpansion,underConstruction->underConstruction,1600000
baseline,seed-1,MASS,18,NORMAL,proposed,pdLineExpansion,targetFactoryId=MASS-F1,0
baseline,seed-1,MASS,18,NORMAL,proposed,vapLineExpansion,targetFactoryId=MASS-F1,0
baseline,seed-1,MASS,18,NORMAL,statusChange,pdLineExpansion,approved->underConstruction,1200000
baseline,seed-1,MASS,18,NORMAL,statusChange,vapLineExpansion,approved->underConstruction,1500000
baseline,seed-1,JPQ,18,NORMAL,proposed,hosoLineExpansion,targetFactoryId=JPQ-F1,0
baseline,seed-1,JPQ,18,NORMAL,proposed,commonProcessingExpansion,targetFactoryId=JPQ-F1,0
baseline,seed-1,JPQ,18,NORMAL,statusChange,pdLineExpansion,underConstruction->completed,1200000
baseline,seed-1,JPQ,18,NORMAL,statusChange,hosoLineExpansion,approved->completed,8000000
baseline,seed-1,JPQ,18,NORMAL,statusChange,commonProcessingExpansion,approved->underConstruction,1500000
baseline,seed-1,MASS,19,NORMAL,statusChange,pdLineExpansion,underConstruction->underConstruction,1600000
baseline,seed-1,MASS,19,NORMAL,statusChange,vapLineExpansion,underConstruction->underConstruction,2100000
baseline,seed-1,JPQ,19,NORMAL,statusChange,commonProcessingExpansion,underConstruction->underConstruction,2000000
baseline,seed-1,MASS,20,NORMAL,statusChange,pdLineExpansion,underConstruction->completed,1200000
baseline,seed-1,MASS,20,NORMAL,statusChange,vapLineExpansion,underConstruction->underConstruction,1500000
baseline,seed-1,JPQ,20,NORMAL,statusChange,commonProcessingExpansion,underConstruction->completed,1500000
baseline,seed-1,MASS,21,NORMAL,statusChange,vapLineExpansion,underConstruction->completed,900000
baseline,seed-1,JPQ,22,NORMAL,proposed,commonProcessingExpansion,targetFactoryId=JPQ-F1,0
baseline,seed-1,JPQ,22,NORMAL,statusChange,commonProcessingExpansion,approved->underConstruction,1500000
baseline,seed-1,MASS,23,NORMAL,proposed,hosoLineExpansion,targetFactoryId=MASS-F1,0
baseline,seed-1,MASS,23,NORMAL,proposed,pdLineExpansion,targetFactoryId=MASS-F1,0
baseline,seed-1,MASS,23,NORMAL,proposed,newFactoryConstruction,targetFactoryId=,0
baseline,seed-1,MASS,23,NORMAL,statusChange,hosoLineExpansion,approved->completed,8000000
baseline,seed-1,MASS,23,NORMAL,statusChange,pdLineExpansion,approved->underConstruction,1200000
baseline,seed-1,MASS,23,NORMAL,statusChange,newFactoryConstruction,approved->underConstruction,6600000
baseline,seed-1,JPQ,23,NORMAL,statusChange,commonProcessingExpansion,underConstruction->underConstruction,2000000
baseline,seed-1,MASS,24,NORMAL,proposed,vapLineExpansion,targetFactoryId=MASS-F1,0
baseline,seed-1,MASS,24,NORMAL,statusChange,pdLineExpansion,underConstruction->underConstruction,1600000
baseline,seed-1,MASS,24,NORMAL,statusChange,newFactoryConstruction,underConstruction->underConstruction,7699999.999999999
baseline,seed-1,MASS,24,NORMAL,statusChange,vapLineExpansion,approved->underConstruction,1500000
baseline,seed-1,JPQ,24,NORMAL,statusChange,commonProcessingExpansion,underConstruction->completed,1500000
baseline,seed-1,MASS,25,NORMAL,statusChange,pdLineExpansion,underConstruction->completed,1200000
baseline,seed-1,MASS,25,NORMAL,statusChange,newFactoryConstruction,underConstruction->completed,7699999.999999999
baseline,seed-1,MASS,25,NORMAL,statusChange,vapLineExpansion,underConstruction->underConstruction,2100000
baseline,seed-1,BAL,25,NORMAL,proposed,hosoLineExpansion,targetFactoryId=BAL-F1,0
baseline,seed-1,BAL,25,NORMAL,proposed,pdLineExpansion,targetFactoryId=BAL-F1,0
baseline,seed-1,BAL,25,NORMAL,statusChange,hosoLineExpansion,approved->completed,8000000
baseline,seed-1,BAL,25,NORMAL,statusChange,pdLineExpansion,approved->underConstruction,1200000
baseline,seed-1,MASS,26,NORMAL,statusChange,vapLineExpansion,underConstruction->underConstruction,1500000
baseline,seed-1,BAL,26,NORMAL,proposed,vapLineExpansion,targetFactoryId=BAL-F1,0
baseline,seed-1,BAL,26,NORMAL,proposed,newFactoryConstruction,targetFactoryId=,0
baseline,seed-1,BAL,26,NORMAL,statusChange,pdLineExpansion,underConstruction->underConstruction,1600000
baseline,seed-1,BAL,26,NORMAL,statusChange,vapLineExpansion,approved->underConstruction,1500000
baseline,seed-1,BAL,26,NORMAL,statusChange,newFactoryConstruction,approved->underConstruction,6600000
baseline,seed-1,JPQ,26,NORMAL,proposed,commonProcessingExpansion,targetFactoryId=JPQ-F1,0
baseline,seed-1,JPQ,26,NORMAL,statusChange,commonProcessingExpansion,approved->underConstruction,1500000
baseline,seed-1,MASS,27,NORMAL,statusChange,vapLineExpansion,underConstruction->completed,900000
baseline,seed-1,BAL,27,NORMAL,proposed,commonProcessingExpansion,targetFactoryId=BAL-F1,0
baseline,seed-1,BAL,27,NORMAL,rejected,commonProcessingExpansion,同時進行中案件数が上限(3)に達しているため新規承認を見送り。,5000000
baseline,seed-1,BAL,27,NORMAL,statusChange,pdLineExpansion,underConstruction->completed,1200000
baseline,seed-1,BAL,27,NORMAL,statusChange,vapLineExpansion,underConstruction->underConstruction,2100000
baseline,seed-1,BAL,27,NORMAL,statusChange,newFactoryConstruction,underConstruction->underConstruction,7699999.999999999
baseline,seed-1,JPQ,27,NORMAL,statusChange,commonProcessingExpansion,underConstruction->underConstruction,2000000
baseline,seed-1,BAL,28,NORMAL,proposed,commonProcessingExpansion,targetFactoryId=BAL-F1,0
baseline,seed-1,BAL,28,NORMAL,statusChange,vapLineExpansion,underConstruction->underConstruction,1500000
baseline,seed-1,BAL,28,NORMAL,statusChange,newFactoryConstruction,underConstruction->completed,7699999.999999999
baseline,seed-1,BAL,28,NORMAL,statusChange,commonProcessingExpansion,approved->underConstruction,1500000
baseline,seed-1,JPQ,28,NORMAL,statusChange,commonProcessingExpansion,underConstruction->completed,1500000
baseline,seed-1,BAL,29,NORMAL,statusChange,vapLineExpansion,underConstruction->completed,900000
baseline,seed-1,BAL,29,NORMAL,statusChange,commonProcessingExpansion,underConstruction->underConstruction,2000000
baseline,seed-1,BAL,30,NORMAL,statusChange,commonProcessingExpansion,underConstruction->completed,1500000
baseline,seed-1,JPQ,30,NORMAL,proposed,commonProcessingExpansion,targetFactoryId=JPQ-F1,0
baseline,seed-1,JPQ,30,NORMAL,statusChange,commonProcessingExpansion,approved->underConstruction,1500000
baseline,seed-1,JPQ,31,NORMAL,statusChange,commonProcessingExpansion,underConstruction->underConstruction,2000000
baseline,seed-1,JPQ,32,NORMAL,statusChange,commonProcessingExpansion,underConstruction->completed,1500000
baseline,seed-2,BAL,2,NORMAL,proposed,pdLineExpansion,targetFactoryId=BAL-F1,0
baseline,seed-2,BAL,2,NORMAL,statusChange,pdLineExpansion,approved->underConstruction,1200000
baseline,seed-2,BAL,3,NORMAL,statusChange,pdLineExpansion,underConstruction->underConstruction,1600000
baseline,seed-2,CONSV,3,NORMAL,proposed,vapLineExpansion,targetFactoryId=CONSV-F1,0
baseline,seed-2,CONSV,3,NORMAL,statusChange,vapLineExpansion,approved->underConstruction,1500000
baseline,seed-2,BAL,4,NORMAL,statusChange,pdLineExpansion,underConstruction->completed,1200000
baseline,seed-2,CONSV,4,NORMAL,statusChange,vapLineExpansion,underConstruction->underConstruction,2100000
baseline,seed-2,BAL,5,NORMAL,proposed,hosoLineExpansion,targetFactoryId=BAL-F1,0
baseline,seed-2,BAL,5,NORMAL,statusChange,hosoLineExpansion,approved->completed,8000000
baseline,seed-2,JPQ,5,NORMAL,proposed,vapLineExpansion,targetFactoryId=JPQ-F1,0
baseline,seed-2,JPQ,5,NORMAL,statusChange,vapLineExpansion,approved->underConstruction,1500000
baseline,seed-2,CONSV,5,NORMAL,proposed,pdLineExpansion,targetFactoryId=CONSV-F1,0
baseline,seed-2,CONSV,5,NORMAL,statusChange,vapLineExpansion,underConstruction->underConstruction,1500000
baseline,seed-2,CONSV,5,NORMAL,statusChange,pdLineExpansion,approved->underConstruction,1200000
baseline,seed-2,JPQ,6,NORMAL,statusChange,vapLineExpansion,underConstruction->suspended,0
baseline,seed-2,CONSV,6,NORMAL,statusChange,vapLineExpansion,underConstruction->completed,900000
baseline,seed-2,CONSV,6,NORMAL,statusChange,pdLineExpansion,underConstruction->underConstruction,1600000
baseline,seed-2,CONSV,7,NORMAL,statusChange,pdLineExpansion,underConstruction->completed,1200000
baseline,seed-2,BAL,9,NORMAL,proposed,hosoLineExpansion,targetFactoryId=BAL-F1,0
baseline,seed-2,BAL,9,NORMAL,statusChange,hosoLineExpansion,approved->completed,8000000
baseline,seed-2,CONSV,9,NORMAL,proposed,hosoLineExpansion,targetFactoryId=CONSV-F1,0
baseline,seed-2,CONSV,9,NORMAL,statusChange,hosoLineExpansion,approved->completed,8000000
baseline,seed-2,BAL,11,NORMAL,proposed,pdLineExpansion,targetFactoryId=BAL-F1,0
baseline,seed-2,BAL,11,NORMAL,proposed,vapLineExpansion,targetFactoryId=BAL-F1,0
baseline,seed-2,BAL,11,NORMAL,statusChange,pdLineExpansion,approved->underConstruction,1200000
baseline,seed-2,BAL,11,NORMAL,statusChange,vapLineExpansion,approved->underConstruction,1500000
baseline,seed-2,JPQ,11,NORMAL,proposed,hosoLineExpansion,targetFactoryId=JPQ-F1,0
baseline,seed-2,JPQ,11,NORMAL,proposed,pdLineExpansion,targetFactoryId=JPQ-F1,0
baseline,seed-2,JPQ,11,NORMAL,statusChange,hosoLineExpansion,approved->completed,8000000
baseline,seed-2,JPQ,11,NORMAL,statusChange,pdLineExpansion,approved->underConstruction,1200000
baseline,seed-2,CONSV,11,NORMAL,proposed,pdLineExpansion,targetFactoryId=CONSV-F1,0
baseline,seed-2,CONSV,11,NORMAL,proposed,vapLineExpansion,targetFactoryId=CONSV-F1,0
baseline,seed-2,CONSV,11,NORMAL,statusChange,pdLineExpansion,approved->underConstruction,1200000
baseline,seed-2,CONSV,11,NORMAL,statusChange,vapLineExpansion,approved->underConstruction,1500000
baseline,seed-2,BAL,12,NORMAL,proposed,hosoLineExpansion,targetFactoryId=BAL-F1,0
baseline,seed-2,BAL,12,NORMAL,proposed,commonProcessingExpansion,targetFactoryId=BAL-F1,0
baseline,seed-2,BAL,12,NORMAL,rejected,commonProcessingExpansion,同時進行中案件数が上限(3)に達しているため新規承認を見送り。,5000000
baseline,seed-2,BAL,12,NORMAL,statusChange,pdLineExpansion,underConstruction->underConstruction,1600000
baseline,seed-2,BAL,12,NORMAL,statusChange,vapLineExpansion,underConstruction->underConstruction,2100000
baseline,seed-2,BAL,12,NORMAL,statusChange,hosoLineExpansion,approved->completed,8000000
baseline,seed-2,JPQ,12,NORMAL,statusChange,pdLineExpansion,underConstruction->underConstruction,1600000
baseline,seed-2,CONSV,12,NORMAL,statusChange,pdLineExpansion,underConstruction->underConstruction,1600000
baseline,seed-2,CONSV,12,NORMAL,statusChange,vapLineExpansion,underConstruction->underConstruction,2100000
baseline,seed-2,BAL,13,NORMAL,statusChange,pdLineExpansion,underConstruction->completed,1200000
baseline,seed-2,BAL,13,NORMAL,statusChange,vapLineExpansion,underConstruction->underConstruction,1500000
baseline,seed-2,JPQ,13,NORMAL,statusChange,pdLineExpansion,underConstruction->completed,1200000
baseline,seed-2,CONSV,13,NORMAL,proposed,hosoLineExpansion,targetFactoryId=CONSV-F1,0
baseline,seed-2,CONSV,13,NORMAL,statusChange,pdLineExpansion,underConstruction->completed,1200000
baseline,seed-2,CONSV,13,NORMAL,statusChange,vapLineExpansion,underConstruction->underConstruction,1500000
baseline,seed-2,CONSV,13,NORMAL,statusChange,hosoLineExpansion,approved->completed,8000000
baseline,seed-2,MASS,14,NORMAL,proposed,pdLineExpansion,targetFactoryId=MASS-F1,0
baseline,seed-2,MASS,14,NORMAL,statusChange,pdLineExpansion,approved->underConstruction,1200000
baseline,seed-2,BAL,14,NORMAL,proposed,commonProcessingExpansion,targetFactoryId=BAL-F1,0
baseline,seed-2,BAL,14,NORMAL,statusChange,vapLineExpansion,underConstruction->completed,900000
baseline,seed-2,BAL,14,NORMAL,statusChange,commonProcessingExpansion,approved->underConstruction,1500000
baseline,seed-2,CONSV,14,NORMAL,statusChange,vapLineExpansion,underConstruction->completed,900000
baseline,seed-2,MASS,15,NORMAL,statusChange,pdLineExpansion,underConstruction->underConstruction,1600000
baseline,seed-2,BAL,15,NORMAL,statusChange,commonProcessingExpansion,underConstruction->underConstruction,2000000
baseline,seed-2,JPQ,15,NORMAL,proposed,hosoLineExpansion,targetFactoryId=JPQ-F1,0
baseline,seed-2,JPQ,15,NORMAL,statusChange,hosoLineExpansion,approved->completed,8000000
baseline,seed-2,CONSV,15,NORMAL,proposed,pdLineExpansion,targetFactoryId=CONSV-F1,0
baseline,seed-2,CONSV,15,NORMAL,statusChange,pdLineExpansion,approved->underConstruction,1200000
baseline,seed-2,MASS,16,NORMAL,proposed,vapLineExpansion,targetFactoryId=MASS-F1,0
baseline,seed-2,MASS,16,NORMAL,statusChange,pdLineExpansion,underConstruction->completed,1200000
baseline,seed-2,MASS,16,NORMAL,statusChange,vapLineExpansion,approved->underConstruction,1500000
baseline,seed-2,BAL,16,NORMAL,statusChange,commonProcessingExpansion,underConstruction->completed,1500000
baseline,seed-2,JPQ,16,NORMAL,proposed,pdLineExpansion,targetFactoryId=JPQ-F1,0
baseline,seed-2,JPQ,16,NORMAL,statusChange,pdLineExpansion,approved->underConstruction,1200000
baseline,seed-2,CONSV,16,NORMAL,statusChange,pdLineExpansion,underConstruction->underConstruction,1600000
baseline,seed-2,MASS,17,NORMAL,proposed,newFactoryConstruction,targetFactoryId=,0
baseline,seed-2,MASS,17,NORMAL,statusChange,vapLineExpansion,underConstruction->underConstruction,2100000
baseline,seed-2,MASS,17,NORMAL,statusChange,newFactoryConstruction,approved->underConstruction,6600000
baseline,seed-2,JPQ,17,NORMAL,statusChange,pdLineExpansion,underConstruction->underConstruction,1600000
baseline,seed-2,CONSV,17,NORMAL,statusChange,pdLineExpansion,underConstruction->completed,1200000
baseline,seed-2,MASS,18,NORMAL,statusChange,vapLineExpansion,underConstruction->underConstruction,1500000
baseline,seed-2,MASS,18,NORMAL,statusChange,newFactoryConstruction,underConstruction->underConstruction,7699999.999999999
baseline,seed-2,BAL,18,NORMAL,proposed,commonProcessingExpansion,targetFactoryId=BAL-F1,0
baseline,seed-2,BAL,18,NORMAL,statusChange,commonProcessingExpansion,approved->underConstruction,1500000
baseline,seed-2,JPQ,18,NORMAL,proposed,hosoLineExpansion,targetFactoryId=JPQ-F1,0
baseline,seed-2,JPQ,18,NORMAL,proposed,commonProcessingExpansion,targetFactoryId=JPQ-F1,0
baseline,seed-2,JPQ,18,NORMAL,rejected,commonProcessingExpansion,同時進行中案件数が上限(3)に達しているため新規承認を見送り。,5000000
baseline,seed-2,JPQ,18,NORMAL,statusChange,pdLineExpansion,underConstruction->completed,1200000
baseline,seed-2,JPQ,18,NORMAL,statusChange,hosoLineExpansion,approved->completed,8000000
baseline,seed-2,MASS,19,NORMAL,statusChange,vapLineExpansion,underConstruction->completed,900000
baseline,seed-2,MASS,19,NORMAL,statusChange,newFactoryConstruction,underConstruction->completed,7699999.999999999
baseline,seed-2,BAL,19,NORMAL,statusChange,commonProcessingExpansion,underConstruction->underConstruction,2000000
baseline,seed-2,BAL,20,NORMAL,statusChange,commonProcessingExpansion,underConstruction->completed,1500000
baseline,seed-2,JPQ,20,NORMAL,proposed,commonProcessingExpansion,targetFactoryId=JPQ-F1,0
baseline,seed-2,JPQ,20,NORMAL,statusChange,commonProcessingExpansion,approved->underConstruction,1500000
baseline,seed-2,JPQ,21,NORMAL,statusChange,commonProcessingExpansion,underConstruction->underConstruction,2000000
baseline,seed-2,BAL,22,NORMAL,proposed,commonProcessingExpansion,targetFactoryId=BAL-F1,0
baseline,seed-2,BAL,22,NORMAL,statusChange,commonProcessingExpansion,approved->underConstruction,1500000
baseline,seed-2,JPQ,22,NORMAL,statusChange,commonProcessingExpansion,underConstruction->completed,1500000
baseline,seed-2,BAL,23,NORMAL,statusChange,commonProcessingExpansion,underConstruction->underConstruction,2000000
baseline,seed-2,BAL,24,NORMAL,proposed,newFactoryConstruction,targetFactoryId=,0
baseline,seed-2,BAL,24,NORMAL,statusChange,commonProcessingExpansion,underConstruction->completed,1500000
baseline,seed-2,BAL,24,NORMAL,statusChange,newFactoryConstruction,approved->underConstruction,6600000
baseline,seed-2,JPQ,24,NORMAL,proposed,commonProcessingExpansion,targetFactoryId=JPQ-F1,0
baseline,seed-2,JPQ,24,NORMAL,statusChange,commonProcessingExpansion,approved->underConstruction,1500000
baseline,seed-2,BAL,25,NORMAL,statusChange,newFactoryConstruction,underConstruction->underConstruction,7699999.999999999
baseline,seed-2,JPQ,25,NORMAL,statusChange,commonProcessingExpansion,underConstruction->underConstruction,2000000
baseline,seed-2,BAL,26,NORMAL,statusChange,newFactoryConstruction,underConstruction->completed,7699999.999999999
baseline,seed-2,JPQ,26,NORMAL,statusChange,commonProcessingExpansion,underConstruction->completed,1500000
baseline,seed-2,JPQ,28,NORMAL,proposed,commonProcessingExpansion,targetFactoryId=JPQ-F1,0
baseline,seed-2,JPQ,28,NORMAL,statusChange,commonProcessingExpansion,approved->underConstruction,1500000
baseline,seed-2,JPQ,29,NORMAL,statusChange,commonProcessingExpansion,underConstruction->underConstruction,2000000
baseline,seed-2,JPQ,30,NORMAL,statusChange,commonProcessingExpansion,underConstruction->completed,1500000
baseline,seed-2,JPQ,32,NORMAL,proposed,commonProcessingExpansion,targetFactoryId=JPQ-F1,0
baseline,seed-2,JPQ,32,NORMAL,statusChange,commonProcessingExpansion,approved->underConstruction,1500000
baseline,seed-3,BAL,2,NORMAL,proposed,pdLineExpansion,targetFactoryId=BAL-F1,0
baseline,seed-3,BAL,2,NORMAL,statusChange,pdLineExpansion,approved->underConstruction,1200000
baseline,seed-3,BAL,3,NORMAL,proposed,hosoLineExpansion,targetFactoryId=BAL-F1,0
baseline,seed-3,BAL,3,NORMAL,statusChange,pdLineExpansion,underConstruction->underConstruction,1600000
baseline,seed-3,BAL,3,NORMAL,statusChange,hosoLineExpansion,approved->completed,8000000
baseline,seed-3,CONSV,3,NORMAL,proposed,hosoLineExpansion,targetFactoryId=CONSV-F1,0
baseline,seed-3,CONSV,3,NORMAL,proposed,vapLineExpansion,targetFactoryId=CONSV-F1,0
baseline,seed-3,CONSV,3,NORMAL,statusChange,hosoLineExpansion,approved->completed,8000000
baseline,seed-3,CONSV,3,NORMAL,statusChange,vapLineExpansion,approved->underConstruction,1500000
baseline,seed-3,BAL,4,NORMAL,statusChange,pdLineExpansion,underConstruction->completed,1200000
baseline,seed-3,CONSV,4,NORMAL,statusChange,vapLineExpansion,underConstruction->underConstruction,2100000
baseline,seed-3,JPQ,5,NORMAL,proposed,vapLineExpansion,targetFactoryId=JPQ-F1,0
baseline,seed-3,JPQ,5,NORMAL,statusChange,vapLineExpansion,approved->underConstruction,1500000
baseline,seed-3,CONSV,5,NORMAL,proposed,pdLineExpansion,targetFactoryId=CONSV-F1,0
baseline,seed-3,CONSV,5,NORMAL,statusChange,vapLineExpansion,underConstruction->underConstruction,1500000
baseline,seed-3,CONSV,5,NORMAL,statusChange,pdLineExpansion,approved->underConstruction,1200000
baseline,seed-3,JPQ,6,NORMAL,statusChange,vapLineExpansion,underConstruction->suspended,0
baseline,seed-3,CONSV,6,NORMAL,statusChange,vapLineExpansion,underConstruction->suspended,0
baseline,seed-3,CONSV,6,NORMAL,statusChange,pdLineExpansion,underConstruction->suspended,0
baseline,seed-3,BAL,7,NORMAL,proposed,pdLineExpansion,targetFactoryId=BAL-F1,0
baseline,seed-3,BAL,7,NORMAL,proposed,vapLineExpansion,targetFactoryId=BAL-F1,0
baseline,seed-3,BAL,7,NORMAL,statusChange,pdLineExpansion,approved->underConstruction,1200000
baseline,seed-3,BAL,7,NORMAL,statusChange,vapLineExpansion,approved->underConstruction,1500000
baseline,seed-3,BAL,8,NORMAL,proposed,hosoLineExpansion,targetFactoryId=BAL-F1,0
baseline,seed-3,BAL,8,NORMAL,statusChange,pdLineExpansion,underConstruction->underConstruction,1600000
baseline,seed-3,BAL,8,NORMAL,statusChange,vapLineExpansion,underConstruction->underConstruction,2100000
baseline,seed-3,BAL,8,NORMAL,statusChange,hosoLineExpansion,approved->completed,8000000
baseline,seed-3,CONSV,8,NORMAL,proposed,hosoLineExpansion,targetFactoryId=CONSV-F1,0
baseline,seed-3,CONSV,8,NORMAL,statusChange,hosoLineExpansion,approved->completed,8000000
baseline,seed-3,BAL,9,NORMAL,statusChange,pdLineExpansion,underConstruction->completed,1200000
baseline,seed-3,BAL,9,NORMAL,statusChange,vapLineExpansion,underConstruction->underConstruction,1500000
baseline,seed-3,BAL,10,NORMAL,statusChange,vapLineExpansion,underConstruction->completed,900000
baseline,seed-3,JPQ,11,NORMAL,proposed,hosoLineExpansion,targetFactoryId=JPQ-F1,0
baseline,seed-3,JPQ,11,NORMAL,proposed,pdLineExpansion,targetFactoryId=JPQ-F1,0
baseline,seed-3,JPQ,11,NORMAL,statusChange,hosoLineExpansion,approved->completed,8000000
baseline,seed-3,JPQ,11,NORMAL,statusChange,pdLineExpansion,approved->underConstruction,1200000
baseline,seed-3,BAL,12,NORMAL,proposed,hosoLineExpansion,targetFactoryId=BAL-F1,0
baseline,seed-3,BAL,12,NORMAL,statusChange,hosoLineExpansion,approved->completed,8000000
baseline,seed-3,JPQ,12,NORMAL,statusChange,pdLineExpansion,underConstruction->underConstruction,1600000
baseline,seed-3,VAP,12,NORMAL,proposed,hosoLineExpansion,targetFactoryId=VAP-F1,0
baseline,seed-3,VAP,12,NORMAL,statusChange,hosoLineExpansion,approved->completed,8000000
baseline,seed-3,JPQ,13,NORMAL,statusChange,pdLineExpansion,underConstruction->completed,1200000
baseline,seed-3,MASS,14,NORMAL,proposed,pdLineExpansion,targetFactoryId=MASS-F1,0
baseline,seed-3,MASS,14,NORMAL,proposed,vapLineExpansion,targetFactoryId=MASS-F1,0
baseline,seed-3,MASS,14,NORMAL,statusChange,pdLineExpansion,approved->underConstruction,1200000
baseline,seed-3,MASS,14,NORMAL,statusChange,vapLineExpansion,approved->underConstruction,1500000
baseline,seed-3,MASS,15,NORMAL,statusChange,pdLineExpansion,underConstruction->underConstruction,1600000
baseline,seed-3,MASS,15,NORMAL,statusChange,vapLineExpansion,underConstruction->underConstruction,2100000
baseline,seed-3,BAL,15,NORMAL,proposed,commonProcessingExpansion,targetFactoryId=BAL-F1,0
baseline,seed-3,BAL,15,NORMAL,statusChange,commonProcessingExpansion,approved->underConstruction,1500000
baseline,seed-3,JPQ,15,NORMAL,proposed,hosoLineExpansion,targetFactoryId=JPQ-F1,0
baseline,seed-3,JPQ,15,NORMAL,statusChange,hosoLineExpansion,approved->completed,8000000
baseline,seed-3,VAP,15,NORMAL,proposed,hosoLineExpansion,targetFactoryId=VAP-F1,0
baseline,seed-3,VAP,15,NORMAL,statusChange,hosoLineExpansion,approved->completed,8000000
baseline,seed-3,MASS,16,NORMAL,statusChange,pdLineExpansion,underConstruction->completed,1200000
baseline,seed-3,MASS,16,NORMAL,statusChange,vapLineExpansion,underConstruction->underConstruction,1500000
baseline,seed-3,BAL,16,NORMAL,statusChange,commonProcessingExpansion,underConstruction->underConstruction,2000000
baseline,seed-3,JPQ,16,NORMAL,proposed,pdLineExpansion,targetFactoryId=JPQ-F1,0
baseline,seed-3,JPQ,16,NORMAL,statusChange,pdLineExpansion,approved->underConstruction,1200000
baseline,seed-3,MASS,17,NORMAL,statusChange,vapLineExpansion,underConstruction->completed,900000
baseline,seed-3,BAL,17,NORMAL,statusChange,commonProcessingExpansion,underConstruction->completed,1500000
baseline,seed-3,JPQ,17,NORMAL,statusChange,pdLineExpansion,underConstruction->underConstruction,1600000
baseline,seed-3,VAP,17,NORMAL,proposed,vapLineExpansion,targetFactoryId=VAP-F1,0
baseline,seed-3,VAP,17,NORMAL,statusChange,vapLineExpansion,approved->underConstruction,1500000
baseline,seed-3,JPQ,18,NORMAL,proposed,hosoLineExpansion,targetFactoryId=JPQ-F1,0
baseline,seed-3,JPQ,18,NORMAL,proposed,commonProcessingExpansion,targetFactoryId=JPQ-F1,0
baseline,seed-3,JPQ,18,NORMAL,rejected,commonProcessingExpansion,同時進行中案件数が上限(3)に達しているため新規承認を見送り。,5000000
baseline,seed-3,JPQ,18,NORMAL,statusChange,pdLineExpansion,underConstruction->completed,1200000
baseline,seed-3,JPQ,18,NORMAL,statusChange,hosoLineExpansion,approved->completed,8000000
baseline,seed-3,VAP,18,NORMAL,statusChange,vapLineExpansion,underConstruction->underConstruction,2100000
baseline,seed-3,BAL,19,NORMAL,proposed,commonProcessingExpansion,targetFactoryId=BAL-F1,0
baseline,seed-3,BAL,19,NORMAL,statusChange,commonProcessingExpansion,approved->underConstruction,1500000
baseline,seed-3,JPQ,19,NORMAL,proposed,commonProcessingExpansion,targetFactoryId=JPQ-F1,0
baseline,seed-3,JPQ,19,NORMAL,statusChange,commonProcessingExpansion,approved->underConstruction,1500000
baseline,seed-3,VAP,19,NORMAL,proposed,hosoLineExpansion,targetFactoryId=VAP-F1,0
baseline,seed-3,VAP,19,NORMAL,proposed,pdLineExpansion,targetFactoryId=VAP-F1,0
baseline,seed-3,VAP,19,NORMAL,proposed,commonProcessingExpansion,targetFactoryId=VAP-F1,0
baseline,seed-3,VAP,19,NORMAL,rejected,commonProcessingExpansion,同時進行中案件数が上限(3)に達しているため新規承認を見送り。,5000000
baseline,seed-3,VAP,19,NORMAL,statusChange,vapLineExpansion,underConstruction->underConstruction,1500000
baseline,seed-3,VAP,19,NORMAL,statusChange,hosoLineExpansion,approved->completed,8000000
baseline,seed-3,VAP,19,NORMAL,statusChange,pdLineExpansion,approved->underConstruction,1200000
baseline,seed-3,MASS,20,NORMAL,proposed,pdLineExpansion,targetFactoryId=MASS-F1,0
baseline,seed-3,MASS,20,NORMAL,proposed,vapLineExpansion,targetFactoryId=MASS-F1,0
baseline,seed-3,MASS,20,NORMAL,statusChange,pdLineExpansion,approved->underConstruction,1200000
baseline,seed-3,MASS,20,NORMAL,statusChange,vapLineExpansion,approved->underConstruction,1500000
baseline,seed-3,BAL,20,NORMAL,statusChange,commonProcessingExpansion,underConstruction->underConstruction,2000000
baseline,seed-3,JPQ,20,NORMAL,statusChange,commonProcessingExpansion,underConstruction->underConstruction,2000000
baseline,seed-3,VAP,20,NORMAL,statusChange,vapLineExpansion,underConstruction->completed,900000
baseline,seed-3,VAP,20,NORMAL,statusChange,pdLineExpansion,underConstruction->underConstruction,1600000
baseline,seed-3,MASS,21,NORMAL,proposed,hosoLineExpansion,targetFactoryId=MASS-F1,0
baseline,seed-3,MASS,21,NORMAL,proposed,newFactoryConstruction,targetFactoryId=,0
baseline,seed-3,MASS,21,NORMAL,rejected,newFactoryConstruction,同時進行中案件数が上限(3)に達しているため新規承認を見送り。,22000000
baseline,seed-3,MASS,21,NORMAL,statusChange,pdLineExpansion,underConstruction->underConstruction,1600000
baseline,seed-3,MASS,21,NORMAL,statusChange,vapLineExpansion,underConstruction->underConstruction,2100000
baseline,seed-3,MASS,21,NORMAL,statusChange,hosoLineExpansion,approved->completed,8000000
baseline,seed-3,BAL,21,NORMAL,statusChange,commonProcessingExpansion,underConstruction->completed,1500000
baseline,seed-3,JPQ,21,NORMAL,statusChange,commonProcessingExpansion,underConstruction->completed,1500000
baseline,seed-3,VAP,21,NORMAL,proposed,commonProcessingExpansion,targetFactoryId=VAP-F1,0
baseline,seed-3,VAP,21,NORMAL,statusChange,pdLineExpansion,underConstruction->completed,1200000
baseline,seed-3,VAP,21,NORMAL,statusChange,commonProcessingExpansion,approved->underConstruction,1500000
baseline,seed-3,MASS,22,NORMAL,proposed,newFactoryConstruction,targetFactoryId=,0
baseline,seed-3,MASS,22,NORMAL,statusChange,pdLineExpansion,underConstruction->completed,1200000
baseline,seed-3,MASS,22,NORMAL,statusChange,vapLineExpansion,underConstruction->underConstruction,1500000
baseline,seed-3,MASS,22,NORMAL,statusChange,newFactoryConstruction,approved->underConstruction,6600000
baseline,seed-3,VAP,22,NORMAL,proposed,hosoLineExpansion,targetFactoryId=VAP-F1,0
baseline,seed-3,VAP,22,NORMAL,rejected,hosoLineExpansion,工場スペースが不足しているため新規承認を見送り。必要スペース 4000 / 空き 2490（総量 126500、不足 1510 スペース単位）。,8000000
baseline,seed-3,VAP,22,NORMAL,statusChange,commonProcessingExpansion,underConstruction->underConstruction,2000000
baseline,seed-3,MASS,23,NORMAL,statusChange,vapLineExpansion,underConstruction->completed,900000
baseline,seed-3,MASS,23,NORMAL,statusChange,newFactoryConstruction,underConstruction->underConstruction,7699999.999999999
baseline,seed-3,BAL,23,NORMAL,proposed,commonProcessingExpansion,targetFactoryId=BAL-F1,0
baseline,seed-3,BAL,23,NORMAL,statusChange,commonProcessingExpansion,approved->underConstruction,1500000
baseline,seed-3,JPQ,23,NORMAL,proposed,commonProcessingExpansion,targetFactoryId=JPQ-F1,0
baseline,seed-3,JPQ,23,NORMAL,statusChange,commonProcessingExpansion,approved->underConstruction,1500000
baseline,seed-3,VAP,23,NORMAL,statusChange,commonProcessingExpansion,underConstruction->completed,1500000
baseline,seed-3,MASS,24,NORMAL,proposed,hosoLineExpansion,targetFactoryId=MASS-F1,0
baseline,seed-3,MASS,24,NORMAL,statusChange,newFactoryConstruction,underConstruction->completed,7699999.999999999
baseline,seed-3,MASS,24,NORMAL,statusChange,hosoLineExpansion,approved->completed,8000000
baseline,seed-3,BAL,24,NORMAL,proposed,newFactoryConstruction,targetFactoryId=,0
baseline,seed-3,BAL,24,NORMAL,statusChange,commonProcessingExpansion,underConstruction->underConstruction,2000000
baseline,seed-3,BAL,24,NORMAL,statusChange,newFactoryConstruction,approved->underConstruction,6600000
baseline,seed-3,JPQ,24,NORMAL,statusChange,commonProcessingExpansion,underConstruction->underConstruction,2000000
baseline,seed-3,MASS,25,NORMAL,proposed,pdLineExpansion,targetFactoryId=MASS-F1,0
baseline,seed-3,MASS,25,NORMAL,statusChange,pdLineExpansion,approved->underConstruction,1200000
baseline,seed-3,BAL,25,NORMAL,statusChange,commonProcessingExpansion,underConstruction->completed,1500000
baseline,seed-3,BAL,25,NORMAL,statusChange,newFactoryConstruction,underConstruction->underConstruction,7699999.999999999
baseline,seed-3,JPQ,25,NORMAL,statusChange,commonProcessingExpansion,underConstruction->completed,1500000
baseline,seed-3,VAP,25,NORMAL,proposed,commonProcessingExpansion,targetFactoryId=VAP-F1,0
baseline,seed-3,VAP,25,NORMAL,statusChange,commonProcessingExpansion,approved->underConstruction,1500000
baseline,seed-3,MASS,26,NORMAL,statusChange,pdLineExpansion,underConstruction->underConstruction,1600000
baseline,seed-3,BAL,26,NORMAL,statusChange,newFactoryConstruction,underConstruction->completed,7699999.999999999
baseline,seed-3,VAP,26,NORMAL,statusChange,commonProcessingExpansion,underConstruction->underConstruction,2000000
baseline,seed-3,MASS,27,NORMAL,statusChange,pdLineExpansion,underConstruction->completed,1200000
baseline,seed-3,JPQ,27,NORMAL,proposed,commonProcessingExpansion,targetFactoryId=JPQ-F1,0
baseline,seed-3,JPQ,27,NORMAL,statusChange,commonProcessingExpansion,approved->underConstruction,1500000
baseline,seed-3,VAP,27,NORMAL,statusChange,commonProcessingExpansion,underConstruction->completed,1500000
baseline,seed-3,JPQ,28,NORMAL,statusChange,commonProcessingExpansion,underConstruction->underConstruction,2000000
baseline,seed-3,JPQ,29,NORMAL,statusChange,commonProcessingExpansion,underConstruction->completed,1500000
baseline,seed-3,VAP,29,NORMAL,proposed,commonProcessingExpansion,targetFactoryId=VAP-F1,0
baseline,seed-3,VAP,29,NORMAL,statusChange,commonProcessingExpansion,approved->underConstruction,1500000
baseline,seed-3,VAP,30,NORMAL,statusChange,commonProcessingExpansion,underConstruction->underConstruction,2000000
baseline,seed-3,JPQ,31,NORMAL,proposed,commonProcessingExpansion,targetFactoryId=JPQ-F1,0
baseline,seed-3,JPQ,31,NORMAL,statusChange,commonProcessingExpansion,approved->underConstruction,1500000
baseline,seed-3,VAP,31,NORMAL,statusChange,commonProcessingExpansion,underConstruction->completed,1500000
baseline,seed-3,JPQ,32,NORMAL,statusChange,commonProcessingExpansion,underConstruction->underConstruction,2000000
baseline,seed-4,BAL,2,NORMAL,proposed,pdLineExpansion,targetFactoryId=BAL-F1,0
baseline,seed-4,BAL,2,NORMAL,statusChange,pdLineExpansion,approved->underConstruction,1200000
baseline,seed-4,BAL,3,NORMAL,proposed,hosoLineExpansion,targetFactoryId=BAL-F1,0
baseline,seed-4,BAL,3,NORMAL,statusChange,pdLineExpansion,underConstruction->underConstruction,1600000
baseline,seed-4,BAL,3,NORMAL,statusChange,hosoLineExpansion,approved->completed,8000000
baseline,seed-4,CONSV,3,NORMAL,proposed,hosoLineExpansion,targetFactoryId=CONSV-F1,0
baseline,seed-4,CONSV,3,NORMAL,proposed,vapLineExpansion,targetFactoryId=CONSV-F1,0
baseline,seed-4,CONSV,3,NORMAL,statusChange,hosoLineExpansion,approved->completed,8000000
baseline,seed-4,CONSV,3,NORMAL,statusChange,vapLineExpansion,approved->underConstruction,1500000
baseline,seed-4,BAL,4,NORMAL,statusChange,pdLineExpansion,underConstruction->completed,1200000
baseline,seed-4,CONSV,4,NORMAL,statusChange,vapLineExpansion,underConstruction->underConstruction,2100000
baseline,seed-4,JPQ,5,NORMAL,proposed,vapLineExpansion,targetFactoryId=JPQ-F1,0
baseline,seed-4,JPQ,5,NORMAL,statusChange,vapLineExpansion,approved->underConstruction,1500000
baseline,seed-4,CONSV,5,NORMAL,statusChange,vapLineExpansion,underConstruction->underConstruction,1500000
baseline,seed-4,JPQ,6,NORMAL,statusChange,vapLineExpansion,underConstruction->suspended,0
baseline,seed-4,CONSV,6,NORMAL,statusChange,vapLineExpansion,underConstruction->suspended,0
baseline,seed-4,BAL,7,NORMAL,proposed,hosoLineExpansion,targetFactoryId=BAL-F1,0
baseline,seed-4,BAL,7,NORMAL,proposed,pdLineExpansion,targetFactoryId=BAL-F1,0
baseline,seed-4,BAL,7,NORMAL,proposed,vapLineExpansion,targetFactoryId=BAL-F1,0
baseline,seed-4,BAL,7,NORMAL,statusChange,hosoLineExpansion,approved->completed,8000000
baseline,seed-4,BAL,7,NORMAL,statusChange,pdLineExpansion,approved->underConstruction,1200000
baseline,seed-4,BAL,7,NORMAL,statusChange,vapLineExpansion,approved->underConstruction,1500000
baseline,seed-4,BAL,8,NORMAL,statusChange,pdLineExpansion,underConstruction->underConstruction,1600000
baseline,seed-4,BAL,8,NORMAL,statusChange,vapLineExpansion,underConstruction->underConstruction,2100000
baseline,seed-4,CONSV,8,NORMAL,proposed,hosoLineExpansion,targetFactoryId=CONSV-F1,0
baseline,seed-4,CONSV,8,NORMAL,proposed,pdLineExpansion,targetFactoryId=CONSV-F1,0
baseline,seed-4,CONSV,8,NORMAL,statusChange,hosoLineExpansion,approved->completed,8000000
baseline,seed-4,CONSV,8,NORMAL,statusChange,pdLineExpansion,approved->underConstruction,1200000
baseline,seed-4,BAL,9,NORMAL,statusChange,pdLineExpansion,underConstruction->completed,1200000
baseline,seed-4,BAL,9,NORMAL,statusChange,vapLineExpansion,underConstruction->underConstruction,1500000
baseline,seed-4,CONSV,9,NORMAL,statusChange,pdLineExpansion,underConstruction->underConstruction,1600000
baseline,seed-4,BAL,10,NORMAL,statusChange,vapLineExpansion,underConstruction->completed,900000
baseline,seed-4,CONSV,10,NORMAL,statusChange,pdLineExpansion,underConstruction->completed,1200000
baseline,seed-4,JPQ,11,NORMAL,proposed,hosoLineExpansion,targetFactoryId=JPQ-F1,0
baseline,seed-4,JPQ,11,NORMAL,statusChange,hosoLineExpansion,approved->completed,8000000
baseline,seed-4,BAL,12,NORMAL,proposed,hosoLineExpansion,targetFactoryId=BAL-F1,0
baseline,seed-4,BAL,12,NORMAL,statusChange,hosoLineExpansion,approved->completed,8000000
baseline,seed-4,JPQ,12,NORMAL,proposed,pdLineExpansion,targetFactoryId=JPQ-F1,0
baseline,seed-4,JPQ,12,NORMAL,statusChange,pdLineExpansion,approved->underConstruction,1200000
baseline,seed-4,JPQ,13,NORMAL,statusChange,pdLineExpansion,underConstruction->underConstruction,1600000
baseline,seed-4,MASS,14,NORMAL,proposed,pdLineExpansion,targetFactoryId=MASS-F1,0
baseline,seed-4,MASS,14,NORMAL,statusChange,pdLineExpansion,approved->underConstruction,1200000
baseline,seed-4,JPQ,14,NORMAL,statusChange,pdLineExpansion,underConstruction->completed,1200000
baseline,seed-4,MASS,15,NORMAL,statusChange,pdLineExpansion,underConstruction->underConstruction,1600000
baseline,seed-4,BAL,15,NORMAL,proposed,commonProcessingExpansion,targetFactoryId=BAL-F1,0
baseline,seed-4,BAL,15,NORMAL,statusChange,commonProcessingExpansion,approved->underConstruction,1500000
baseline,seed-4,JPQ,15,NORMAL,proposed,hosoLineExpansion,targetFactoryId=JPQ-F1,0
baseline,seed-4,JPQ,15,NORMAL,statusChange,hosoLineExpansion,approved->completed,8000000
baseline,seed-4,MASS,16,NORMAL,statusChange,pdLineExpansion,underConstruction->completed,1200000
baseline,seed-4,BAL,16,NORMAL,statusChange,commonProcessingExpansion,underConstruction->underConstruction,2000000
baseline,seed-4,JPQ,16,NORMAL,proposed,pdLineExpansion,targetFactoryId=JPQ-F1,0
baseline,seed-4,JPQ,16,NORMAL,statusChange,pdLineExpansion,approved->underConstruction,1200000
baseline,seed-4,BAL,17,NORMAL,statusChange,commonProcessingExpansion,underConstruction->completed,1500000
baseline,seed-4,JPQ,17,NORMAL,statusChange,pdLineExpansion,underConstruction->underConstruction,1600000
baseline,seed-4,JPQ,18,NORMAL,proposed,hosoLineExpansion,targetFactoryId=JPQ-F1,0
baseline,seed-4,JPQ,18,NORMAL,statusChange,pdLineExpansion,underConstruction->completed,1200000
baseline,seed-4,JPQ,18,NORMAL,statusChange,hosoLineExpansion,approved->completed,8000000
baseline,seed-4,BAL,19,NORMAL,proposed,commonProcessingExpansion,targetFactoryId=BAL-F1,0
baseline,seed-4,BAL,19,NORMAL,statusChange,commonProcessingExpansion,approved->underConstruction,1500000
baseline,seed-4,MASS,20,NORMAL,proposed,hosoLineExpansion,targetFactoryId=MASS-F1,0
baseline,seed-4,MASS,20,NORMAL,proposed,pdLineExpansion,targetFactoryId=MASS-F1,0
baseline,seed-4,MASS,20,NORMAL,proposed,vapLineExpansion,targetFactoryId=MASS-F1,0
baseline,seed-4,MASS,20,NORMAL,statusChange,hosoLineExpansion,approved->completed,8000000
baseline,seed-4,MASS,20,NORMAL,statusChange,pdLineExpansion,approved->underConstruction,1200000
baseline,seed-4,MASS,20,NORMAL,statusChange,vapLineExpansion,approved->underConstruction,1500000
baseline,seed-4,BAL,20,NORMAL,statusChange,commonProcessingExpansion,underConstruction->underConstruction,2000000
baseline,seed-4,JPQ,20,NORMAL,proposed,commonProcessingExpansion,targetFactoryId=JPQ-F1,0
baseline,seed-4,JPQ,20,NORMAL,statusChange,commonProcessingExpansion,approved->underConstruction,1500000
baseline,seed-4,MASS,21,NORMAL,proposed,newFactoryConstruction,targetFactoryId=,0
baseline,seed-4,MASS,21,NORMAL,statusChange,pdLineExpansion,underConstruction->underConstruction,1600000
baseline,seed-4,MASS,21,NORMAL,statusChange,vapLineExpansion,underConstruction->underConstruction,2100000
baseline,seed-4,MASS,21,NORMAL,statusChange,newFactoryConstruction,approved->underConstruction,6600000
baseline,seed-4,BAL,21,NORMAL,statusChange,commonProcessingExpansion,underConstruction->completed,1500000
baseline,seed-4,JPQ,21,NORMAL,statusChange,commonProcessingExpansion,underConstruction->underConstruction,2000000
baseline,seed-4,MASS,22,NORMAL,statusChange,pdLineExpansion,underConstruction->completed,1200000
baseline,seed-4,MASS,22,NORMAL,statusChange,vapLineExpansion,underConstruction->underConstruction,1500000
baseline,seed-4,MASS,22,NORMAL,statusChange,newFactoryConstruction,underConstruction->underConstruction,7699999.999999999
baseline,seed-4,JPQ,22,NORMAL,statusChange,commonProcessingExpansion,underConstruction->completed,1500000
baseline,seed-4,MASS,23,NORMAL,proposed,hosoLineExpansion,targetFactoryId=MASS-F1,0
baseline,seed-4,MASS,23,NORMAL,statusChange,vapLineExpansion,underConstruction->completed,900000
baseline,seed-4,MASS,23,NORMAL,statusChange,newFactoryConstruction,underConstruction->completed,7699999.999999999
baseline,seed-4,MASS,23,NORMAL,statusChange,hosoLineExpansion,approved->completed,8000000
baseline,seed-4,BAL,23,NORMAL,proposed,commonProcessingExpansion,targetFactoryId=BAL-F1,0
baseline,seed-4,BAL,23,NORMAL,statusChange,commonProcessingExpansion,approved->underConstruction,1500000
baseline,seed-4,MASS,24,NORMAL,proposed,pdLineExpansion,targetFactoryId=MASS-F1,0
baseline,seed-4,MASS,24,NORMAL,statusChange,pdLineExpansion,approved->underConstruction,1200000
baseline,seed-4,BAL,24,NORMAL,proposed,newFactoryConstruction,targetFactoryId=,0
baseline,seed-4,BAL,24,NORMAL,statusChange,commonProcessingExpansion,underConstruction->underConstruction,2000000
baseline,seed-4,BAL,24,NORMAL,statusChange,newFactoryConstruction,approved->underConstruction,6600000
baseline,seed-4,JPQ,24,NORMAL,proposed,commonProcessingExpansion,targetFactoryId=JPQ-F1,0
baseline,seed-4,JPQ,24,NORMAL,statusChange,commonProcessingExpansion,approved->underConstruction,1500000
baseline,seed-4,MASS,25,NORMAL,statusChange,pdLineExpansion,underConstruction->underConstruction,1600000
baseline,seed-4,BAL,25,NORMAL,statusChange,commonProcessingExpansion,underConstruction->completed,1500000
baseline,seed-4,BAL,25,NORMAL,statusChange,newFactoryConstruction,underConstruction->underConstruction,7699999.999999999
baseline,seed-4,JPQ,25,NORMAL,statusChange,commonProcessingExpansion,underConstruction->underConstruction,2000000
baseline,seed-4,MASS,26,NORMAL,statusChange,pdLineExpansion,underConstruction->completed,1200000
baseline,seed-4,BAL,26,NORMAL,statusChange,newFactoryConstruction,underConstruction->completed,7699999.999999999
baseline,seed-4,JPQ,26,NORMAL,statusChange,commonProcessingExpansion,underConstruction->completed,1500000
baseline,seed-4,JPQ,28,NORMAL,proposed,commonProcessingExpansion,targetFactoryId=JPQ-F1,0
baseline,seed-4,JPQ,28,NORMAL,statusChange,commonProcessingExpansion,approved->underConstruction,1500000
baseline,seed-4,JPQ,29,NORMAL,statusChange,commonProcessingExpansion,underConstruction->underConstruction,2000000
baseline,seed-4,JPQ,30,NORMAL,statusChange,commonProcessingExpansion,underConstruction->completed,1500000
baseline,seed-4,JPQ,32,NORMAL,proposed,commonProcessingExpansion,targetFactoryId=JPQ-F1,0
baseline,seed-4,JPQ,32,NORMAL,statusChange,commonProcessingExpansion,approved->underConstruction,1500000
baseline,seed-5,BAL,2,NORMAL,proposed,pdLineExpansion,targetFactoryId=BAL-F1,0
baseline,seed-5,BAL,2,NORMAL,statusChange,pdLineExpansion,approved->underConstruction,1200000
baseline,seed-5,BAL,3,NORMAL,statusChange,pdLineExpansion,underConstruction->underConstruction,1600000
baseline,seed-5,CONSV,3,NORMAL,proposed,vapLineExpansion,targetFactoryId=CONSV-F1,0
baseline,seed-5,CONSV,3,NORMAL,statusChange,vapLineExpansion,approved->underConstruction,1500000
baseline,seed-5,BAL,4,NORMAL,statusChange,pdLineExpansion,underConstruction->completed,1200000
baseline,seed-5,CONSV,4,NORMAL,statusChange,vapLineExpansion,underConstruction->underConstruction,2100000
baseline,seed-5,BAL,5,NORMAL,proposed,hosoLineExpansion,targetFactoryId=BAL-F1,0
baseline,seed-5,BAL,5,NORMAL,statusChange,hosoLineExpansion,approved->completed,8000000
baseline,seed-5,JPQ,5,NORMAL,proposed,vapLineExpansion,targetFactoryId=JPQ-F1,0
baseline,seed-5,JPQ,5,NORMAL,statusChange,vapLineExpansion,approved->underConstruction,1500000
baseline,seed-5,CONSV,5,NORMAL,proposed,pdLineExpansion,targetFactoryId=CONSV-F1,0
baseline,seed-5,CONSV,5,NORMAL,statusChange,vapLineExpansion,underConstruction->underConstruction,1500000
baseline,seed-5,CONSV,5,NORMAL,statusChange,pdLineExpansion,approved->underConstruction,1200000
baseline,seed-5,JPQ,6,NORMAL,statusChange,vapLineExpansion,underConstruction->underConstruction,2100000
baseline,seed-5,CONSV,6,NORMAL,statusChange,vapLineExpansion,underConstruction->completed,900000
baseline,seed-5,CONSV,6,NORMAL,statusChange,pdLineExpansion,underConstruction->suspended,0
baseline,seed-5,JPQ,7,NORMAL,statusChange,vapLineExpansion,underConstruction->underConstruction,1500000
baseline,seed-5,JPQ,8,NORMAL,statusChange,vapLineExpansion,underConstruction->completed,900000
baseline,seed-5,CONSV,9,NORMAL,proposed,hosoLineExpansion,targetFactoryId=CONSV-F1,0
baseline,seed-5,CONSV,9,NORMAL,statusChange,hosoLineExpansion,approved->completed,8000000
baseline,seed-5,BAL,10,NORMAL,proposed,hosoLineExpansion,targetFactoryId=BAL-F1,0
baseline,seed-5,BAL,10,NORMAL,statusChange,hosoLineExpansion,approved->completed,8000000
baseline,seed-5,JPQ,11,NORMAL,proposed,hosoLineExpansion,targetFactoryId=JPQ-F1,0
baseline,seed-5,JPQ,11,NORMAL,proposed,pdLineExpansion,targetFactoryId=JPQ-F1,0
baseline,seed-5,JPQ,11,NORMAL,statusChange,hosoLineExpansion,approved->completed,8000000
baseline,seed-5,JPQ,11,NORMAL,statusChange,pdLineExpansion,approved->underConstruction,1200000
baseline,seed-5,JPQ,12,NORMAL,statusChange,pdLineExpansion,underConstruction->underConstruction,1600000
baseline,seed-5,BAL,13,NORMAL,proposed,hosoLineExpansion,targetFactoryId=BAL-F1,0
baseline,seed-5,BAL,13,NORMAL,statusChange,hosoLineExpansion,approved->completed,8000000
baseline,seed-5,JPQ,13,NORMAL,proposed,vapLineExpansion,targetFactoryId=JPQ-F1,0
baseline,seed-5,JPQ,13,NORMAL,statusChange,pdLineExpansion,underConstruction->completed,1200000
baseline,seed-5,JPQ,13,NORMAL,statusChange,vapLineExpansion,approved->underConstruction,1500000
baseline,seed-5,CONSV,13,NORMAL,proposed,hosoLineExpansion,targetFactoryId=CONSV-F1,0
baseline,seed-5,CONSV,13,NORMAL,proposed,vapLineExpansion,targetFactoryId=CONSV-F1,0
baseline,seed-5,CONSV,13,NORMAL,statusChange,hosoLineExpansion,approved->completed,8000000
baseline,seed-5,CONSV,13,NORMAL,statusChange,vapLineExpansion,approved->underConstruction,1500000
baseline,seed-5,MASS,14,NORMAL,proposed,pdLineExpansion,targetFactoryId=MASS-F1,0
baseline,seed-5,MASS,14,NORMAL,statusChange,pdLineExpansion,approved->underConstruction,1200000
baseline,seed-5,JPQ,14,NORMAL,statusChange,vapLineExpansion,underConstruction->underConstruction,2100000
baseline,seed-5,CONSV,14,NORMAL,statusChange,vapLineExpansion,underConstruction->underConstruction,2100000
baseline,seed-5,MASS,15,NORMAL,statusChange,pdLineExpansion,underConstruction->underConstruction,1600000
baseline,seed-5,JPQ,15,NORMAL,proposed,hosoLineExpansion,targetFactoryId=JPQ-F1,0
baseline,seed-5,JPQ,15,NORMAL,statusChange,vapLineExpansion,underConstruction->underConstruction,1500000
baseline,seed-5,JPQ,15,NORMAL,statusChange,hosoLineExpansion,approved->completed,8000000
baseline,seed-5,CONSV,15,NORMAL,statusChange,vapLineExpansion,underConstruction->underConstruction,1500000
baseline,seed-5,MASS,16,NORMAL,statusChange,pdLineExpansion,underConstruction->completed,1200000
baseline,seed-5,BAL,16,NORMAL,proposed,commonProcessingExpansion,targetFactoryId=BAL-F1,0
baseline,seed-5,BAL,16,NORMAL,statusChange,commonProcessingExpansion,approved->underConstruction,1500000
baseline,seed-5,JPQ,16,NORMAL,proposed,pdLineExpansion,targetFactoryId=JPQ-F1,0
baseline,seed-5,JPQ,16,NORMAL,statusChange,vapLineExpansion,underConstruction->completed,900000
baseline,seed-5,JPQ,16,NORMAL,statusChange,pdLineExpansion,approved->underConstruction,1200000
baseline,seed-5,CONSV,16,NORMAL,statusChange,vapLineExpansion,underConstruction->completed,900000
baseline,seed-5,BAL,17,NORMAL,statusChange,commonProcessingExpansion,underConstruction->underConstruction,2000000
baseline,seed-5,JPQ,17,NORMAL,statusChange,pdLineExpansion,underConstruction->underConstruction,1600000
baseline,seed-5,BAL,18,NORMAL,statusChange,commonProcessingExpansion,underConstruction->completed,1500000
baseline,seed-5,JPQ,18,NORMAL,statusChange,pdLineExpansion,underConstruction->completed,1200000
baseline,seed-5,JPQ,19,NORMAL,proposed,hosoLineExpansion,targetFactoryId=JPQ-F1,0
baseline,seed-5,JPQ,19,NORMAL,statusChange,hosoLineExpansion,approved->completed,8000000
baseline,seed-5,MASS,20,NORMAL,proposed,pdLineExpansion,targetFactoryId=MASS-F1,0
baseline,seed-5,MASS,20,NORMAL,proposed,vapLineExpansion,targetFactoryId=MASS-F1,0
baseline,seed-5,MASS,20,NORMAL,statusChange,pdLineExpansion,approved->underConstruction,1200000
baseline,seed-5,MASS,20,NORMAL,statusChange,vapLineExpansion,approved->underConstruction,1500000
baseline,seed-5,BAL,20,NORMAL,proposed,pdLineExpansion,targetFactoryId=BAL-F1,0
baseline,seed-5,BAL,20,NORMAL,proposed,commonProcessingExpansion,targetFactoryId=BAL-F1,0
baseline,seed-5,BAL,20,NORMAL,statusChange,pdLineExpansion,approved->underConstruction,1200000
baseline,seed-5,BAL,20,NORMAL,statusChange,commonProcessingExpansion,approved->underConstruction,1500000
baseline,seed-5,JPQ,20,NORMAL,proposed,pdLineExpansion,targetFactoryId=JPQ-F1,0
baseline,seed-5,JPQ,20,NORMAL,proposed,vapLineExpansion,targetFactoryId=JPQ-F1,0
baseline,seed-5,JPQ,20,NORMAL,proposed,commonProcessingExpansion,targetFactoryId=JPQ-F1,0
baseline,seed-5,JPQ,20,NORMAL,rejected,commonProcessingExpansion,工場スペースが不足しているため新規承認を見送り。必要スペース 560 / 空き 300（総量 127650、不足 260 スペース単位）。,5000000
baseline,seed-5,JPQ,20,NORMAL,statusChange,pdLineExpansion,approved->underConstruction,1200000
baseline,seed-5,JPQ,20,NORMAL,statusChange,vapLineExpansion,approved->underConstruction,1500000
baseline,seed-5,MASS,21,NORMAL,proposed,hosoLineExpansion,targetFactoryId=MASS-F1,0
baseline,seed-5,MASS,21,NORMAL,proposed,newFactoryConstruction,targetFactoryId=,0
baseline,seed-5,MASS,21,NORMAL,rejected,newFactoryConstruction,同時進行中案件数が上限(3)に達しているため新規承認を見送り。,22000000
baseline,seed-5,MASS,21,NORMAL,statusChange,pdLineExpansion,underConstruction->underConstruction,1600000
baseline,seed-5,MASS,21,NORMAL,statusChange,vapLineExpansion,underConstruction->underConstruction,2100000
baseline,seed-5,MASS,21,NORMAL,statusChange,hosoLineExpansion,approved->completed,8000000
baseline,seed-5,BAL,21,NORMAL,statusChange,pdLineExpansion,underConstruction->underConstruction,1600000
baseline,seed-5,BAL,21,NORMAL,statusChange,commonProcessingExpansion,underConstruction->underConstruction,2000000
baseline,seed-5,JPQ,21,NORMAL,proposed,commonProcessingExpansion,targetFactoryId=JPQ-F1,0
baseline,seed-5,JPQ,21,NORMAL,rejected,commonProcessingExpansion,工場スペースが不足しているため新規承認を見送り。必要スペース 560 / 空き 300（総量 127650、不足 260 スペース単位）。,5000000
baseline,seed-5,JPQ,21,NORMAL,statusChange,pdLineExpansion,underConstruction->underConstruction,1600000
baseline,seed-5,JPQ,21,NORMAL,statusChange,vapLineExpansion,underConstruction->underConstruction,2100000
baseline,seed-5,MASS,22,NORMAL,proposed,newFactoryConstruction,targetFactoryId=,0
baseline,seed-5,MASS,22,NORMAL,statusChange,pdLineExpansion,underConstruction->completed,1200000
baseline,seed-5,MASS,22,NORMAL,statusChange,vapLineExpansion,underConstruction->underConstruction,1500000
baseline,seed-5,MASS,22,NORMAL,statusChange,newFactoryConstruction,approved->underConstruction,6600000
baseline,seed-5,BAL,22,NORMAL,proposed,vapLineExpansion,targetFactoryId=BAL-F1,0
baseline,seed-5,BAL,22,NORMAL,statusChange,pdLineExpansion,underConstruction->completed,1200000
baseline,seed-5,BAL,22,NORMAL,statusChange,commonProcessingExpansion,underConstruction->completed,1500000
baseline,seed-5,BAL,22,NORMAL,statusChange,vapLineExpansion,approved->underConstruction,1500000
baseline,seed-5,JPQ,22,NORMAL,proposed,commonProcessingExpansion,targetFactoryId=JPQ-F1,0
baseline,seed-5,JPQ,22,NORMAL,rejected,commonProcessingExpansion,工場スペースが不足しているため新規承認を見送り。必要スペース 560 / 空き 300（総量 127650、不足 260 スペース単位）。,5000000
baseline,seed-5,JPQ,22,NORMAL,statusChange,pdLineExpansion,underConstruction->completed,1200000
baseline,seed-5,JPQ,22,NORMAL,statusChange,vapLineExpansion,underConstruction->underConstruction,1500000
baseline,seed-5,MASS,23,NORMAL,statusChange,vapLineExpansion,underConstruction->completed,900000
baseline,seed-5,MASS,23,NORMAL,statusChange,newFactoryConstruction,underConstruction->underConstruction,7699999.999999999
baseline,seed-5,BAL,23,NORMAL,statusChange,vapLineExpansion,underConstruction->underConstruction,2100000
baseline,seed-5,JPQ,23,NORMAL,proposed,commonProcessingExpansion,targetFactoryId=JPQ-F1,0
baseline,seed-5,JPQ,23,NORMAL,rejected,commonProcessingExpansion,工場スペースが不足しているため新規承認を見送り。必要スペース 560 / 空き 300（総量 127650、不足 260 スペース単位）。,5000000
baseline,seed-5,JPQ,23,NORMAL,statusChange,vapLineExpansion,underConstruction->completed,900000
baseline,seed-5,MASS,24,NORMAL,proposed,hosoLineExpansion,targetFactoryId=MASS-F1,0
baseline,seed-5,MASS,24,NORMAL,proposed,pdLineExpansion,targetFactoryId=MASS-F1,0
baseline,seed-5,MASS,24,NORMAL,statusChange,newFactoryConstruction,underConstruction->completed,7699999.999999999
baseline,seed-5,MASS,24,NORMAL,statusChange,hosoLineExpansion,approved->completed,8000000
baseline,seed-5,MASS,24,NORMAL,statusChange,pdLineExpansion,approved->underConstruction,1200000
baseline,seed-5,BAL,24,NORMAL,proposed,commonProcessingExpansion,targetFactoryId=BAL-F1,0
baseline,seed-5,BAL,24,NORMAL,proposed,newFactoryConstruction,targetFactoryId=,0
baseline,seed-5,BAL,24,NORMAL,statusChange,vapLineExpansion,underConstruction->underConstruction,1500000
baseline,seed-5,BAL,24,NORMAL,statusChange,commonProcessingExpansion,approved->underConstruction,1500000
baseline,seed-5,BAL,24,NORMAL,statusChange,newFactoryConstruction,approved->underConstruction,6600000
baseline,seed-5,JPQ,24,NORMAL,proposed,commonProcessingExpansion,targetFactoryId=JPQ-F1,0
baseline,seed-5,JPQ,24,NORMAL,rejected,commonProcessingExpansion,工場スペースが不足しているため新規承認を見送り。必要スペース 560 / 空き 300（総量 127650、不足 260 スペース単位）。,5000000
baseline,seed-5,MASS,25,NORMAL,statusChange,pdLineExpansion,underConstruction->underConstruction,1600000
baseline,seed-5,BAL,25,NORMAL,statusChange,vapLineExpansion,underConstruction->completed,900000
baseline,seed-5,BAL,25,NORMAL,statusChange,commonProcessingExpansion,underConstruction->underConstruction,2000000
baseline,seed-5,BAL,25,NORMAL,statusChange,newFactoryConstruction,underConstruction->underConstruction,7699999.999999999
baseline,seed-5,JPQ,25,NORMAL,proposed,commonProcessingExpansion,targetFactoryId=JPQ-F1,0
baseline,seed-5,JPQ,25,NORMAL,rejected,commonProcessingExpansion,工場スペースが不足しているため新規承認を見送り。必要スペース 560 / 空き 300（総量 127650、不足 260 スペース単位）。,5000000
baseline,seed-5,MASS,26,NORMAL,statusChange,pdLineExpansion,underConstruction->completed,1200000
baseline,seed-5,BAL,26,NORMAL,statusChange,commonProcessingExpansion,underConstruction->completed,1500000
baseline,seed-5,BAL,26,NORMAL,statusChange,newFactoryConstruction,underConstruction->completed,7699999.999999999
ecuador-early-expansion,seed-1,BAL,2,NORMAL,proposed,pdLineExpansion,targetFactoryId=BAL-F1,0
ecuador-early-expansion,seed-1,BAL,2,NORMAL,statusChange,pdLineExpansion,approved->underConstruction,1200000
ecuador-early-expansion,seed-1,BAL,3,NORMAL,statusChange,pdLineExpansion,underConstruction->underConstruction,1600000
ecuador-early-expansion,seed-1,CONSV,3,NORMAL,proposed,hosoLineExpansion,targetFactoryId=CONSV-F1,0
ecuador-early-expansion,seed-1,CONSV,3,NORMAL,proposed,vapLineExpansion,targetFactoryId=CONSV-F1,0
ecuador-early-expansion,seed-1,CONSV,3,NORMAL,statusChange,hosoLineExpansion,approved->completed,8000000
ecuador-early-expansion,seed-1,CONSV,3,NORMAL,statusChange,vapLineExpansion,approved->underConstruction,1500000
ecuador-early-expansion,seed-1,BAL,4,NORMAL,proposed,hosoLineExpansion,targetFactoryId=BAL-F1,0
ecuador-early-expansion,seed-1,BAL,4,NORMAL,statusChange,pdLineExpansion,underConstruction->completed,1200000
ecuador-early-expansion,seed-1,BAL,4,NORMAL,statusChange,hosoLineExpansion,approved->completed,8000000
ecuador-early-expansion,seed-1,CONSV,4,NORMAL,statusChange,vapLineExpansion,underConstruction->underConstruction,2100000
ecuador-early-expansion,seed-1,CONSV,5,NORMAL,statusChange,vapLineExpansion,underConstruction->underConstruction,1500000
ecuador-early-expansion,seed-1,CONSV,6,NORMAL,statusChange,vapLineExpansion,underConstruction->suspended,0
ecuador-early-expansion,seed-1,BAL,8,NORMAL,proposed,hosoLineExpansion,targetFactoryId=BAL-F1,0
ecuador-early-expansion,seed-1,BAL,8,NORMAL,proposed,pdLineExpansion,targetFactoryId=BAL-F1,0
ecuador-early-expansion,seed-1,BAL,8,NORMAL,statusChange,hosoLineExpansion,approved->completed,8000000
ecuador-early-expansion,seed-1,BAL,8,NORMAL,statusChange,pdLineExpansion,approved->underConstruction,1200000
ecuador-early-expansion,seed-1,CONSV,8,NORMAL,proposed,hosoLineExpansion,targetFactoryId=CONSV-F1,0
ecuador-early-expansion,seed-1,CONSV,8,NORMAL,proposed,pdLineExpansion,targetFactoryId=CONSV-F1,0
ecuador-early-expansion,seed-1,CONSV,8,NORMAL,statusChange,hosoLineExpansion,approved->completed,8000000
ecuador-early-expansion,seed-1,CONSV,8,NORMAL,statusChange,pdLineExpansion,approved->underConstruction,1200000
ecuador-early-expansion,seed-1,BAL,9,NORMAL,statusChange,pdLineExpansion,underConstruction->underConstruction,1600000
ecuador-early-expansion,seed-1,CONSV,9,NORMAL,statusChange,pdLineExpansion,underConstruction->underConstruction,1600000
ecuador-early-expansion,seed-1,BAL,10,NORMAL,statusChange,pdLineExpansion,underConstruction->completed,1200000
ecuador-early-expansion,seed-1,CONSV,10,NORMAL,statusChange,pdLineExpansion,underConstruction->completed,1200000
ecuador-early-expansion,seed-1,BAL,12,NORMAL,proposed,hosoLineExpansion,targetFactoryId=BAL-F1,0
ecuador-early-expansion,seed-1,BAL,12,NORMAL,statusChange,hosoLineExpansion,approved->completed,8000000
ecuador-early-expansion,seed-1,JPQ,12,NORMAL,proposed,hosoLineExpansion,targetFactoryId=JPQ-F1,0
ecuador-early-expansion,seed-1,JPQ,12,NORMAL,proposed,pdLineExpansion,targetFactoryId=JPQ-F1,0
ecuador-early-expansion,seed-1,JPQ,12,NORMAL,proposed,vapLineExpansion,targetFactoryId=JPQ-F1,0
ecuador-early-expansion,seed-1,JPQ,12,NORMAL,statusChange,hosoLineExpansion,approved->completed,8000000
ecuador-early-expansion,seed-1,JPQ,12,NORMAL,statusChange,pdLineExpansion,approved->underConstruction,1200000
ecuador-early-expansion,seed-1,JPQ,12,NORMAL,statusChange,vapLineExpansion,approved->underConstruction,1500000
ecuador-early-expansion,seed-1,JPQ,13,NORMAL,statusChange,pdLineExpansion,underConstruction->underConstruction,1600000
ecuador-early-expansion,seed-1,JPQ,13,NORMAL,statusChange,vapLineExpansion,underConstruction->underConstruction,2100000
ecuador-early-expansion,seed-1,JPQ,14,NORMAL,statusChange,pdLineExpansion,underConstruction->completed,1200000
ecuador-early-expansion,seed-1,JPQ,14,NORMAL,statusChange,vapLineExpansion,underConstruction->underConstruction,1500000
ecuador-early-expansion,seed-1,BAL,15,NORMAL,proposed,commonProcessingExpansion,targetFactoryId=BAL-F1,0
ecuador-early-expansion,seed-1,BAL,15,NORMAL,statusChange,commonProcessingExpansion,approved->underConstruction,1500000
ecuador-early-expansion,seed-1,JPQ,15,NORMAL,statusChange,vapLineExpansion,underConstruction->completed,900000
ecuador-early-expansion,seed-1,BAL,16,NORMAL,statusChange,commonProcessingExpansion,underConstruction->underConstruction,2000000
ecuador-early-expansion,seed-1,JPQ,16,NORMAL,proposed,hosoLineExpansion,targetFactoryId=JPQ-F1,0
ecuador-early-expansion,seed-1,JPQ,16,NORMAL,statusChange,hosoLineExpansion,approved->completed,8000000
ecuador-early-expansion,seed-1,BAL,17,NORMAL,statusChange,commonProcessingExpansion,underConstruction->completed,1500000
ecuador-early-expansion,seed-1,JPQ,17,NORMAL,proposed,pdLineExpansion,targetFactoryId=JPQ-F1,0
ecuador-early-expansion,seed-1,JPQ,17,NORMAL,statusChange,pdLineExpansion,approved->underConstruction,1200000
ecuador-early-expansion,seed-1,MASS,18,NORMAL,proposed,pdLineExpansion,targetFactoryId=MASS-F1,0
ecuador-early-expansion,seed-1,MASS,18,NORMAL,statusChange,pdLineExpansion,approved->underConstruction,1200000
ecuador-early-expansion,seed-1,JPQ,18,NORMAL,proposed,vapLineExpansion,targetFactoryId=JPQ-F1,0
ecuador-early-expansion,seed-1,JPQ,18,NORMAL,statusChange,pdLineExpansion,underConstruction->underConstruction,1600000
ecuador-early-expansion,seed-1,JPQ,18,NORMAL,statusChange,vapLineExpansion,approved->underConstruction,1500000
ecuador-early-expansion,seed-1,MASS,19,NORMAL,statusChange,pdLineExpansion,underConstruction->underConstruction,1600000
ecuador-early-expansion,seed-1,BAL,19,NORMAL,proposed,commonProcessingExpansion,targetFactoryId=BAL-F1,0
ecuador-early-expansion,seed-1,BAL,19,NORMAL,statusChange,commonProcessingExpansion,approved->underConstruction,1500000
ecuador-early-expansion,seed-1,JPQ,19,NORMAL,proposed,hosoLineExpansion,targetFactoryId=JPQ-F1,0
ecuador-early-expansion,seed-1,JPQ,19,NORMAL,proposed,commonProcessingExpansion,targetFactoryId=JPQ-F1,0
ecuador-early-expansion,seed-1,JPQ,19,NORMAL,rejected,commonProcessingExpansion,同時進行中案件数が上限(3)に達しているため新規承認を見送り。,5000000
ecuador-early-expansion,seed-1,JPQ,19,NORMAL,statusChange,pdLineExpansion,underConstruction->completed,1200000
ecuador-early-expansion,seed-1,JPQ,19,NORMAL,statusChange,vapLineExpansion,underConstruction->underConstruction,2100000
ecuador-early-expansion,seed-1,JPQ,19,NORMAL,statusChange,hosoLineExpansion,approved->completed,8000000
ecuador-early-expansion,seed-1,MASS,20,NORMAL,statusChange,pdLineExpansion,underConstruction->completed,1200000
ecuador-early-expansion,seed-1,BAL,20,NORMAL,statusChange,commonProcessingExpansion,underConstruction->underConstruction,2000000
ecuador-early-expansion,seed-1,JPQ,20,NORMAL,statusChange,vapLineExpansion,underConstruction->underConstruction,1500000
ecuador-early-expansion,seed-1,BAL,21,NORMAL,statusChange,commonProcessingExpansion,underConstruction->completed,1500000
ecuador-early-expansion,seed-1,JPQ,21,NORMAL,proposed,commonProcessingExpansion,targetFactoryId=JPQ-F1,0
ecuador-early-expansion,seed-1,JPQ,21,NORMAL,statusChange,vapLineExpansion,underConstruction->completed,900000
ecuador-early-expansion,seed-1,JPQ,21,NORMAL,statusChange,commonProcessingExpansion,approved->underConstruction,1500000
ecuador-early-expansion,seed-1,JPQ,22,NORMAL,statusChange,commonProcessingExpansion,underConstruction->underConstruction,2000000
ecuador-early-expansion,seed-1,MASS,23,NORMAL,proposed,pdLineExpansion,targetFactoryId=MASS-F1,0
ecuador-early-expansion,seed-1,MASS,23,NORMAL,proposed,vapLineExpansion,targetFactoryId=MASS-F1,0
ecuador-early-expansion,seed-1,MASS,23,NORMAL,statusChange,pdLineExpansion,approved->underConstruction,1200000
ecuador-early-expansion,seed-1,MASS,23,NORMAL,statusChange,vapLineExpansion,approved->underConstruction,1500000
ecuador-early-expansion,seed-1,BAL,23,NORMAL,proposed,commonProcessingExpansion,targetFactoryId=BAL-F1,0
ecuador-early-expansion,seed-1,BAL,23,NORMAL,statusChange,commonProcessingExpansion,approved->underConstruction,1500000
ecuador-early-expansion,seed-1,JPQ,23,NORMAL,statusChange,commonProcessingExpansion,underConstruction->completed,1500000
ecuador-early-expansion,seed-1,MASS,24,NORMAL,proposed,hosoLineExpansion,targetFactoryId=MASS-F1,0
ecuador-early-expansion,seed-1,MASS,24,NORMAL,proposed,newFactoryConstruction,targetFactoryId=,0
ecuador-early-expansion,seed-1,MASS,24,NORMAL,rejected,newFactoryConstruction,同時進行中案件数が上限(3)に達しているため新規承認を見送り。,22000000
ecuador-early-expansion,seed-1,MASS,24,NORMAL,statusChange,pdLineExpansion,underConstruction->underConstruction,1600000
ecuador-early-expansion,seed-1,MASS,24,NORMAL,statusChange,vapLineExpansion,underConstruction->underConstruction,2100000
ecuador-early-expansion,seed-1,MASS,24,NORMAL,statusChange,hosoLineExpansion,approved->completed,8000000
ecuador-early-expansion,seed-1,BAL,24,NORMAL,proposed,newFactoryConstruction,targetFactoryId=,0
ecuador-early-expansion,seed-1,BAL,24,NORMAL,statusChange,commonProcessingExpansion,underConstruction->underConstruction,2000000
ecuador-early-expansion,seed-1,BAL,24,NORMAL,statusChange,newFactoryConstruction,approved->underConstruction,6600000
ecuador-early-expansion,seed-1,MASS,25,NORMAL,statusChange,pdLineExpansion,underConstruction->completed,1200000
ecuador-early-expansion,seed-1,MASS,25,NORMAL,statusChange,vapLineExpansion,underConstruction->underConstruction,1500000
ecuador-early-expansion,seed-1,BAL,25,NORMAL,statusChange,commonProcessingExpansion,underConstruction->completed,1500000
ecuador-early-expansion,seed-1,BAL,25,NORMAL,statusChange,newFactoryConstruction,underConstruction->underConstruction,7699999.999999999
ecuador-early-expansion,seed-1,JPQ,25,NORMAL,proposed,commonProcessingExpansion,targetFactoryId=JPQ-F1,0
ecuador-early-expansion,seed-1,JPQ,25,NORMAL,statusChange,commonProcessingExpansion,approved->underConstruction,1500000
ecuador-early-expansion,seed-1,MASS,26,NORMAL,proposed,newFactoryConstruction,targetFactoryId=,0
ecuador-early-expansion,seed-1,MASS,26,NORMAL,statusChange,vapLineExpansion,underConstruction->completed,900000
ecuador-early-expansion,seed-1,MASS,26,NORMAL,statusChange,newFactoryConstruction,approved->underConstruction,6600000
ecuador-early-expansion,seed-1,BAL,26,NORMAL,statusChange,newFactoryConstruction,underConstruction->completed,7699999.999999999
ecuador-early-expansion,seed-1,JPQ,26,NORMAL,statusChange,commonProcessingExpansion,underConstruction->underConstruction,2000000
ecuador-early-expansion,seed-1,MASS,27,NORMAL,statusChange,newFactoryConstruction,underConstruction->underConstruction,7699999.999999999
ecuador-early-expansion,seed-1,BAL,27,NORMAL,proposed,commonProcessingExpansion,targetFactoryId=BAL-F1,0
ecuador-early-expansion,seed-1,BAL,27,NORMAL,statusChange,commonProcessingExpansion,approved->underConstruction,1500000
ecuador-early-expansion,seed-1,JPQ,27,NORMAL,statusChange,commonProcessingExpansion,underConstruction->completed,1500000
ecuador-early-expansion,seed-1,MASS,28,NORMAL,statusChange,newFactoryConstruction,underConstruction->completed,7699999.999999999
ecuador-early-expansion,seed-1,BAL,28,NORMAL,statusChange,commonProcessingExpansion,underConstruction->underConstruction,2000000
ecuador-early-expansion,seed-1,BAL,29,NORMAL,statusChange,commonProcessingExpansion,underConstruction->completed,1500000
ecuador-early-expansion,seed-1,JPQ,29,NORMAL,proposed,commonProcessingExpansion,targetFactoryId=JPQ-F1,0
ecuador-early-expansion,seed-1,JPQ,29,NORMAL,statusChange,commonProcessingExpansion,approved->underConstruction,1500000
ecuador-early-expansion,seed-1,JPQ,30,NORMAL,statusChange,commonProcessingExpansion,underConstruction->underConstruction,2000000
ecuador-early-expansion,seed-1,JPQ,31,NORMAL,statusChange,commonProcessingExpansion,underConstruction->completed,1500000
ecuador-early-expansion,seed-2,BAL,2,NORMAL,proposed,pdLineExpansion,targetFactoryId=BAL-F1,0
ecuador-early-expansion,seed-2,BAL,2,NORMAL,statusChange,pdLineExpansion,approved->underConstruction,1200000
ecuador-early-expansion,seed-2,BAL,3,NORMAL,statusChange,pdLineExpansion,underConstruction->underConstruction,1600000
ecuador-early-expansion,seed-2,CONSV,3,NORMAL,proposed,vapLineExpansion,targetFactoryId=CONSV-F1,0
ecuador-early-expansion,seed-2,CONSV,3,NORMAL,statusChange,vapLineExpansion,approved->underConstruction,1500000
ecuador-early-expansion,seed-2,BAL,4,NORMAL,statusChange,pdLineExpansion,underConstruction->completed,1200000
ecuador-early-expansion,seed-2,CONSV,4,NORMAL,statusChange,vapLineExpansion,underConstruction->underConstruction,2100000
ecuador-early-expansion,seed-2,BAL,5,NORMAL,proposed,hosoLineExpansion,targetFactoryId=BAL-F1,0
ecuador-early-expansion,seed-2,BAL,5,NORMAL,statusChange,hosoLineExpansion,approved->completed,8000000
ecuador-early-expansion,seed-2,JPQ,5,NORMAL,proposed,vapLineExpansion,targetFactoryId=JPQ-F1,0
ecuador-early-expansion,seed-2,JPQ,5,NORMAL,statusChange,vapLineExpansion,approved->underConstruction,1500000
ecuador-early-expansion,seed-2,CONSV,5,NORMAL,proposed,pdLineExpansion,targetFactoryId=CONSV-F1,0
ecuador-early-expansion,seed-2,CONSV,5,NORMAL,statusChange,vapLineExpansion,underConstruction->underConstruction,1500000
ecuador-early-expansion,seed-2,CONSV,5,NORMAL,statusChange,pdLineExpansion,approved->underConstruction,1200000
ecuador-early-expansion,seed-2,JPQ,6,NORMAL,statusChange,vapLineExpansion,underConstruction->underConstruction,2100000
ecuador-early-expansion,seed-2,CONSV,6,NORMAL,statusChange,vapLineExpansion,underConstruction->completed,900000
ecuador-early-expansion,seed-2,CONSV,6,NORMAL,statusChange,pdLineExpansion,underConstruction->underConstruction,1600000
ecuador-early-expansion,seed-2,JPQ,7,NORMAL,statusChange,vapLineExpansion,underConstruction->underConstruction,1500000
ecuador-early-expansion,seed-2,CONSV,7,NORMAL,statusChange,pdLineExpansion,underConstruction->completed,1200000
ecuador-early-expansion,seed-2,JPQ,8,NORMAL,statusChange,vapLineExpansion,underConstruction->completed,900000
ecuador-early-expansion,seed-2,BAL,9,NORMAL,proposed,hosoLineExpansion,targetFactoryId=BAL-F1,0
ecuador-early-expansion,seed-2,BAL,9,NORMAL,statusChange,hosoLineExpansion,approved->completed,8000000
ecuador-early-expansion,seed-2,CONSV,9,NORMAL,proposed,hosoLineExpansion,targetFactoryId=CONSV-F1,0
ecuador-early-expansion,seed-2,CONSV,9,NORMAL,statusChange,hosoLineExpansion,approved->completed,8000000
ecuador-early-expansion,seed-2,BAL,11,NORMAL,proposed,pdLineExpansion,targetFactoryId=BAL-F1,0
ecuador-early-expansion,seed-2,BAL,11,NORMAL,statusChange,pdLineExpansion,approved->underConstruction,1200000
ecuador-early-expansion,seed-2,CONSV,11,NORMAL,proposed,pdLineExpansion,targetFactoryId=CONSV-F1,0
ecuador-early-expansion,seed-2,CONSV,11,NORMAL,proposed,vapLineExpansion,targetFactoryId=CONSV-F1,0
ecuador-early-expansion,seed-2,CONSV,11,NORMAL,statusChange,pdLineExpansion,approved->underConstruction,1200000
ecuador-early-expansion,seed-2,CONSV,11,NORMAL,statusChange,vapLineExpansion,approved->underConstruction,1500000
ecuador-early-expansion,seed-2,BAL,12,NORMAL,proposed,hosoLineExpansion,targetFactoryId=BAL-F1,0
ecuador-early-expansion,seed-2,BAL,12,NORMAL,proposed,commonProcessingExpansion,targetFactoryId=BAL-F1,0
ecuador-early-expansion,seed-2,BAL,12,NORMAL,statusChange,pdLineExpansion,underConstruction->underConstruction,1600000
ecuador-early-expansion,seed-2,BAL,12,NORMAL,statusChange,hosoLineExpansion,approved->completed,8000000
ecuador-early-expansion,seed-2,BAL,12,NORMAL,statusChange,commonProcessingExpansion,approved->underConstruction,1500000
ecuador-early-expansion,seed-2,JPQ,12,NORMAL,proposed,hosoLineExpansion,targetFactoryId=JPQ-F1,0
ecuador-early-expansion,seed-2,JPQ,12,NORMAL,proposed,pdLineExpansion,targetFactoryId=JPQ-F1,0
ecuador-early-expansion,seed-2,JPQ,12,NORMAL,proposed,vapLineExpansion,targetFactoryId=JPQ-F1,0
ecuador-early-expansion,seed-2,JPQ,12,NORMAL,statusChange,hosoLineExpansion,approved->completed,8000000
ecuador-early-expansion,seed-2,JPQ,12,NORMAL,statusChange,pdLineExpansion,approved->underConstruction,1200000
ecuador-early-expansion,seed-2,JPQ,12,NORMAL,statusChange,vapLineExpansion,approved->underConstruction,1500000
ecuador-early-expansion,seed-2,CONSV,12,NORMAL,statusChange,pdLineExpansion,underConstruction->underConstruction,1600000
ecuador-early-expansion,seed-2,CONSV,12,NORMAL,statusChange,vapLineExpansion,underConstruction->underConstruction,2100000
ecuador-early-expansion,seed-2,BAL,13,NORMAL,statusChange,pdLineExpansion,underConstruction->completed,1200000
ecuador-early-expansion,seed-2,BAL,13,NORMAL,statusChange,commonProcessingExpansion,underConstruction->underConstruction,2000000
ecuador-early-expansion,seed-2,JPQ,13,NORMAL,statusChange,pdLineExpansion,underConstruction->underConstruction,1600000
ecuador-early-expansion,seed-2,JPQ,13,NORMAL,statusChange,vapLineExpansion,underConstruction->underConstruction,2100000
ecuador-early-expansion,seed-2,CONSV,13,NORMAL,proposed,hosoLineExpansion,targetFactoryId=CONSV-F1,0
ecuador-early-expansion,seed-2,CONSV,13,NORMAL,statusChange,pdLineExpansion,underConstruction->completed,1200000
ecuador-early-expansion,seed-2,CONSV,13,NORMAL,statusChange,vapLineExpansion,underConstruction->underConstruction,1500000
ecuador-early-expansion,seed-2,CONSV,13,NORMAL,statusChange,hosoLineExpansion,approved->completed,8000000
ecuador-early-expansion,seed-2,MASS,14,NORMAL,proposed,pdLineExpansion,targetFactoryId=MASS-F1,0
ecuador-early-expansion,seed-2,MASS,14,NORMAL,statusChange,pdLineExpansion,approved->underConstruction,1200000
ecuador-early-expansion,seed-2,BAL,14,NORMAL,statusChange,commonProcessingExpansion,underConstruction->completed,1500000
ecuador-early-expansion,seed-2,JPQ,14,NORMAL,statusChange,pdLineExpansion,underConstruction->completed,1200000
ecuador-early-expansion,seed-2,JPQ,14,NORMAL,statusChange,vapLineExpansion,underConstruction->underConstruction,1500000
ecuador-early-expansion,seed-2,CONSV,14,NORMAL,statusChange,vapLineExpansion,underConstruction->completed,900000
ecuador-early-expansion,seed-2,MASS,15,NORMAL,statusChange,pdLineExpansion,underConstruction->underConstruction,1600000
ecuador-early-expansion,seed-2,JPQ,15,NORMAL,statusChange,vapLineExpansion,underConstruction->completed,900000
ecuador-early-expansion,seed-2,CONSV,15,NORMAL,proposed,pdLineExpansion,targetFactoryId=CONSV-F1,0
ecuador-early-expansion,seed-2,CONSV,15,NORMAL,statusChange,pdLineExpansion,approved->underConstruction,1200000
ecuador-early-expansion,seed-2,MASS,16,NORMAL,statusChange,pdLineExpansion,underConstruction->completed,1200000
ecuador-early-expansion,seed-2,BAL,16,NORMAL,proposed,commonProcessingExpansion,targetFactoryId=BAL-F1,0
ecuador-early-expansion,seed-2,BAL,16,NORMAL,statusChange,commonProcessingExpansion,approved->underConstruction,1500000
ecuador-early-expansion,seed-2,JPQ,16,NORMAL,proposed,hosoLineExpansion,targetFactoryId=JPQ-F1,0
ecuador-early-expansion,seed-2,JPQ,16,NORMAL,statusChange,hosoLineExpansion,approved->completed,8000000
ecuador-early-expansion,seed-2,CONSV,16,NORMAL,statusChange,pdLineExpansion,underConstruction->underConstruction,1600000
ecuador-early-expansion,seed-2,MASS,17,NORMAL,proposed,vapLineExpansion,targetFactoryId=MASS-F1,0
ecuador-early-expansion,seed-2,MASS,17,NORMAL,statusChange,vapLineExpansion,approved->underConstruction,1500000
ecuador-early-expansion,seed-2,BAL,17,NORMAL,statusChange,commonProcessingExpansion,underConstruction->underConstruction,2000000
ecuador-early-expansion,seed-2,JPQ,17,NORMAL,proposed,pdLineExpansion,targetFactoryId=JPQ-F1,0
ecuador-early-expansion,seed-2,JPQ,17,NORMAL,statusChange,pdLineExpansion,approved->underConstruction,1200000
ecuador-early-expansion,seed-2,CONSV,17,NORMAL,statusChange,pdLineExpansion,underConstruction->completed,1200000
ecuador-early-expansion,seed-2,MASS,18,NORMAL,statusChange,vapLineExpansion,underConstruction->underConstruction,2100000
ecuador-early-expansion,seed-2,BAL,18,NORMAL,statusChange,commonProcessingExpansion,underConstruction->completed,1500000
ecuador-early-expansion,seed-2,JPQ,18,NORMAL,statusChange,pdLineExpansion,underConstruction->underConstruction,1600000
ecuador-early-expansion,seed-2,MASS,19,NORMAL,statusChange,vapLineExpansion,underConstruction->underConstruction,1500000
ecuador-early-expansion,seed-2,JPQ,19,NORMAL,proposed,hosoLineExpansion,targetFactoryId=JPQ-F1,0
ecuador-early-expansion,seed-2,JPQ,19,NORMAL,proposed,vapLineExpansion,targetFactoryId=JPQ-F1,0
ecuador-early-expansion,seed-2,JPQ,19,NORMAL,proposed,commonProcessingExpansion,targetFactoryId=JPQ-F1,0
ecuador-early-expansion,seed-2,JPQ,19,NORMAL,rejected,commonProcessingExpansion,同時進行中案件数が上限(3)に達しているため新規承認を見送り。,5000000
ecuador-early-expansion,seed-2,JPQ,19,NORMAL,statusChange,pdLineExpansion,underConstruction->completed,1200000
ecuador-early-expansion,seed-2,JPQ,19,NORMAL,statusChange,hosoLineExpansion,approved->completed,8000000
ecuador-early-expansion,seed-2,JPQ,19,NORMAL,statusChange,vapLineExpansion,approved->underConstruction,1500000
ecuador-early-expansion,seed-2,MASS,20,NORMAL,statusChange,vapLineExpansion,underConstruction->completed,900000
ecuador-early-expansion,seed-2,BAL,20,NORMAL,proposed,commonProcessingExpansion,targetFactoryId=BAL-F1,0
ecuador-early-expansion,seed-2,BAL,20,NORMAL,statusChange,commonProcessingExpansion,approved->underConstruction,1500000
ecuador-early-expansion,seed-2,JPQ,20,NORMAL,proposed,commonProcessingExpansion,targetFactoryId=JPQ-F1,0
ecuador-early-expansion,seed-2,JPQ,20,NORMAL,statusChange,vapLineExpansion,underConstruction->underConstruction,2100000
ecuador-early-expansion,seed-2,JPQ,20,NORMAL,statusChange,commonProcessingExpansion,approved->underConstruction,1500000
ecuador-early-expansion,seed-2,BAL,21,NORMAL,statusChange,commonProcessingExpansion,underConstruction->underConstruction,2000000
ecuador-early-expansion,seed-2,JPQ,21,NORMAL,statusChange,vapLineExpansion,underConstruction->underConstruction,1500000
ecuador-early-expansion,seed-2,JPQ,21,NORMAL,statusChange,commonProcessingExpansion,underConstruction->underConstruction,2000000
ecuador-early-expansion,seed-2,MASS,22,NORMAL,proposed,hosoLineExpansion,targetFactoryId=MASS-F1,0
ecuador-early-expansion,seed-2,MASS,22,NORMAL,proposed,pdLineExpansion,targetFactoryId=MASS-F1,0
ecuador-early-expansion,seed-2,MASS,22,NORMAL,statusChange,hosoLineExpansion,approved->completed,8000000
ecuador-early-expansion,seed-2,MASS,22,NORMAL,statusChange,pdLineExpansion,approved->underConstruction,1200000
ecuador-early-expansion,seed-2,BAL,22,NORMAL,statusChange,commonProcessingExpansion,underConstruction->completed,1500000
ecuador-early-expansion,seed-2,JPQ,22,NORMAL,statusChange,vapLineExpansion,underConstruction->completed,900000
ecuador-early-expansion,seed-2,JPQ,22,NORMAL,statusChange,commonProcessingExpansion,underConstruction->completed,1500000
ecuador-early-expansion,seed-2,MASS,23,NORMAL,proposed,vapLineExpansion,targetFactoryId=MASS-F1,0
ecuador-early-expansion,seed-2,MASS,23,NORMAL,proposed,newFactoryConstruction,targetFactoryId=,0
ecuador-early-expansion,seed-2,MASS,23,NORMAL,statusChange,pdLineExpansion,underConstruction->underConstruction,1600000
ecuador-early-expansion,seed-2,MASS,23,NORMAL,statusChange,vapLineExpansion,approved->underConstruction,1500000
ecuador-early-expansion,seed-2,MASS,23,NORMAL,statusChange,newFactoryConstruction,approved->underConstruction,6600000
ecuador-early-expansion,seed-2,MASS,24,NORMAL,statusChange,pdLineExpansion,underConstruction->completed,1200000
ecuador-early-expansion,seed-2,MASS,24,NORMAL,statusChange,vapLineExpansion,underConstruction->underConstruction,2100000
ecuador-early-expansion,seed-2,MASS,24,NORMAL,statusChange,newFactoryConstruction,underConstruction->underConstruction,7699999.999999999
ecuador-early-expansion,seed-2,BAL,24,NORMAL,proposed,commonProcessingExpansion,targetFactoryId=BAL-F1,0
ecuador-early-expansion,seed-2,BAL,24,NORMAL,statusChange,commonProcessingExpansion,approved->underConstruction,1500000
ecuador-early-expansion,seed-2,MASS,25,NORMAL,statusChange,vapLineExpansion,underConstruction->underConstruction,1500000
ecuador-early-expansion,seed-2,MASS,25,NORMAL,statusChange,newFactoryConstruction,underConstruction->completed,7699999.999999999
ecuador-early-expansion,seed-2,BAL,25,NORMAL,proposed,newFactoryConstruction,targetFactoryId=,0
ecuador-early-expansion,seed-2,BAL,25,NORMAL,statusChange,commonProcessingExpansion,underConstruction->underConstruction,2000000
ecuador-early-expansion,seed-2,BAL,25,NORMAL,statusChange,newFactoryConstruction,approved->underConstruction,6600000
ecuador-early-expansion,seed-2,MASS,26,NORMAL,statusChange,vapLineExpansion,underConstruction->completed,900000
ecuador-early-expansion,seed-2,BAL,26,NORMAL,statusChange,commonProcessingExpansion,underConstruction->completed,1500000
ecuador-early-expansion,seed-2,BAL,26,NORMAL,statusChange,newFactoryConstruction,underConstruction->underConstruction,7699999.999999999
ecuador-early-expansion,seed-2,BAL,27,NORMAL,statusChange,newFactoryConstruction,underConstruction->completed,7699999.999999999
ecuador-early-expansion,seed-3,BAL,2,NORMAL,proposed,pdLineExpansion,targetFactoryId=BAL-F1,0
ecuador-early-expansion,seed-3,BAL,2,NORMAL,statusChange,pdLineExpansion,approved->underConstruction,1200000
ecuador-early-expansion,seed-3,BAL,3,NORMAL,proposed,hosoLineExpansion,targetFactoryId=BAL-F1,0
ecuador-early-expansion,seed-3,BAL,3,NORMAL,statusChange,pdLineExpansion,underConstruction->underConstruction,1600000
ecuador-early-expansion,seed-3,BAL,3,NORMAL,statusChange,hosoLineExpansion,approved->completed,8000000
ecuador-early-expansion,seed-3,CONSV,3,NORMAL,proposed,hosoLineExpansion,targetFactoryId=CONSV-F1,0
ecuador-early-expansion,seed-3,CONSV,3,NORMAL,proposed,vapLineExpansion,targetFactoryId=CONSV-F1,0
ecuador-early-expansion,seed-3,CONSV,3,NORMAL,statusChange,hosoLineExpansion,approved->completed,8000000
ecuador-early-expansion,seed-3,CONSV,3,NORMAL,statusChange,vapLineExpansion,approved->underConstruction,1500000
ecuador-early-expansion,seed-3,BAL,4,NORMAL,statusChange,pdLineExpansion,underConstruction->completed,1200000
ecuador-early-expansion,seed-3,CONSV,4,NORMAL,statusChange,vapLineExpansion,underConstruction->underConstruction,2100000
ecuador-early-expansion,seed-3,JPQ,5,NORMAL,proposed,vapLineExpansion,targetFactoryId=JPQ-F1,0
ecuador-early-expansion,seed-3,JPQ,5,NORMAL,statusChange,vapLineExpansion,approved->underConstruction,1500000
ecuador-early-expansion,seed-3,CONSV,5,NORMAL,proposed,pdLineExpansion,targetFactoryId=CONSV-F1,0
ecuador-early-expansion,seed-3,CONSV,5,NORMAL,statusChange,vapLineExpansion,underConstruction->underConstruction,1500000
ecuador-early-expansion,seed-3,CONSV,5,NORMAL,statusChange,pdLineExpansion,approved->underConstruction,1200000
ecuador-early-expansion,seed-3,JPQ,6,NORMAL,statusChange,vapLineExpansion,underConstruction->suspended,0
ecuador-early-expansion,seed-3,CONSV,6,NORMAL,statusChange,vapLineExpansion,underConstruction->suspended,0
ecuador-early-expansion,seed-3,CONSV,6,NORMAL,statusChange,pdLineExpansion,underConstruction->suspended,0
ecuador-early-expansion,seed-3,BAL,7,NORMAL,proposed,pdLineExpansion,targetFactoryId=BAL-F1,0
ecuador-early-expansion,seed-3,BAL,7,NORMAL,proposed,vapLineExpansion,targetFactoryId=BAL-F1,0
ecuador-early-expansion,seed-3,BAL,7,NORMAL,statusChange,pdLineExpansion,approved->underConstruction,1200000
ecuador-early-expansion,seed-3,BAL,7,NORMAL,statusChange,vapLineExpansion,approved->underConstruction,1500000
ecuador-early-expansion,seed-3,BAL,8,NORMAL,proposed,hosoLineExpansion,targetFactoryId=BAL-F1,0
ecuador-early-expansion,seed-3,BAL,8,NORMAL,statusChange,pdLineExpansion,underConstruction->underConstruction,1600000
ecuador-early-expansion,seed-3,BAL,8,NORMAL,statusChange,vapLineExpansion,underConstruction->underConstruction,2100000
ecuador-early-expansion,seed-3,BAL,8,NORMAL,statusChange,hosoLineExpansion,approved->completed,8000000
ecuador-early-expansion,seed-3,CONSV,8,NORMAL,proposed,hosoLineExpansion,targetFactoryId=CONSV-F1,0
ecuador-early-expansion,seed-3,CONSV,8,NORMAL,statusChange,hosoLineExpansion,approved->completed,8000000
ecuador-early-expansion,seed-3,BAL,9,NORMAL,statusChange,pdLineExpansion,underConstruction->completed,1200000
ecuador-early-expansion,seed-3,BAL,9,NORMAL,statusChange,vapLineExpansion,underConstruction->underConstruction,1500000
ecuador-early-expansion,seed-3,BAL,10,NORMAL,statusChange,vapLineExpansion,underConstruction->completed,900000
ecuador-early-expansion,seed-3,JPQ,11,NORMAL,proposed,hosoLineExpansion,targetFactoryId=JPQ-F1,0
ecuador-early-expansion,seed-3,JPQ,11,NORMAL,proposed,pdLineExpansion,targetFactoryId=JPQ-F1,0
ecuador-early-expansion,seed-3,JPQ,11,NORMAL,statusChange,hosoLineExpansion,approved->completed,8000000
ecuador-early-expansion,seed-3,JPQ,11,NORMAL,statusChange,pdLineExpansion,approved->underConstruction,1200000
ecuador-early-expansion,seed-3,BAL,12,NORMAL,proposed,hosoLineExpansion,targetFactoryId=BAL-F1,0
ecuador-early-expansion,seed-3,BAL,12,NORMAL,statusChange,hosoLineExpansion,approved->completed,8000000
ecuador-early-expansion,seed-3,JPQ,12,NORMAL,statusChange,pdLineExpansion,underConstruction->underConstruction,1600000
ecuador-early-expansion,seed-3,VAP,12,NORMAL,proposed,hosoLineExpansion,targetFactoryId=VAP-F1,0
ecuador-early-expansion,seed-3,VAP,12,NORMAL,statusChange,hosoLineExpansion,approved->completed,8000000
ecuador-early-expansion,seed-3,JPQ,13,NORMAL,statusChange,pdLineExpansion,underConstruction->completed,1200000
ecuador-early-expansion,seed-3,MASS,14,NORMAL,proposed,pdLineExpansion,targetFactoryId=MASS-F1,0
ecuador-early-expansion,seed-3,MASS,14,NORMAL,statusChange,pdLineExpansion,approved->underConstruction,1200000
ecuador-early-expansion,seed-3,MASS,15,NORMAL,statusChange,pdLineExpansion,underConstruction->underConstruction,1600000
ecuador-early-expansion,seed-3,BAL,15,NORMAL,proposed,commonProcessingExpansion,targetFactoryId=BAL-F1,0
ecuador-early-expansion,seed-3,BAL,15,NORMAL,statusChange,commonProcessingExpansion,approved->underConstruction,1500000
ecuador-early-expansion,seed-3,JPQ,15,NORMAL,proposed,hosoLineExpansion,targetFactoryId=JPQ-F1,0
ecuador-early-expansion,seed-3,JPQ,15,NORMAL,statusChange,hosoLineExpansion,approved->completed,8000000
ecuador-early-expansion,seed-3,MASS,16,NORMAL,statusChange,pdLineExpansion,underConstruction->completed,1200000
ecuador-early-expansion,seed-3,BAL,16,NORMAL,statusChange,commonProcessingExpansion,underConstruction->underConstruction,2000000
ecuador-early-expansion,seed-3,JPQ,16,NORMAL,proposed,pdLineExpansion,targetFactoryId=JPQ-F1,0
ecuador-early-expansion,seed-3,JPQ,16,NORMAL,statusChange,pdLineExpansion,approved->underConstruction,1200000
ecuador-early-expansion,seed-3,BAL,17,NORMAL,statusChange,commonProcessingExpansion,underConstruction->completed,1500000
ecuador-early-expansion,seed-3,JPQ,17,NORMAL,statusChange,pdLineExpansion,underConstruction->underConstruction,1600000
ecuador-early-expansion,seed-3,VAP,17,NORMAL,proposed,hosoLineExpansion,targetFactoryId=VAP-F1,0
ecuador-early-expansion,seed-3,VAP,17,NORMAL,proposed,vapLineExpansion,targetFactoryId=VAP-F1,0
ecuador-early-expansion,seed-3,VAP,17,NORMAL,statusChange,hosoLineExpansion,approved->completed,8000000
ecuador-early-expansion,seed-3,VAP,17,NORMAL,statusChange,vapLineExpansion,approved->underConstruction,1500000
ecuador-early-expansion,seed-3,JPQ,18,NORMAL,proposed,hosoLineExpansion,targetFactoryId=JPQ-F1,0
ecuador-early-expansion,seed-3,JPQ,18,NORMAL,proposed,commonProcessingExpansion,targetFactoryId=JPQ-F1,0
ecuador-early-expansion,seed-3,JPQ,18,NORMAL,rejected,commonProcessingExpansion,同時進行中案件数が上限(3)に達しているため新規承認を見送り。,5000000
ecuador-early-expansion,seed-3,JPQ,18,NORMAL,statusChange,pdLineExpansion,underConstruction->completed,1200000
ecuador-early-expansion,seed-3,JPQ,18,NORMAL,statusChange,hosoLineExpansion,approved->completed,8000000
ecuador-early-expansion,seed-3,VAP,18,NORMAL,statusChange,vapLineExpansion,underConstruction->underConstruction,2100000
ecuador-early-expansion,seed-3,BAL,19,NORMAL,proposed,commonProcessingExpansion,targetFactoryId=BAL-F1,0
ecuador-early-expansion,seed-3,BAL,19,NORMAL,statusChange,commonProcessingExpansion,approved->underConstruction,1500000
ecuador-early-expansion,seed-3,JPQ,19,NORMAL,proposed,commonProcessingExpansion,targetFactoryId=JPQ-F1,0
ecuador-early-expansion,seed-3,JPQ,19,NORMAL,statusChange,commonProcessingExpansion,approved->underConstruction,1500000
ecuador-early-expansion,seed-3,VAP,19,NORMAL,statusChange,vapLineExpansion,underConstruction->underConstruction,1500000
ecuador-early-expansion,seed-3,BAL,20,NORMAL,statusChange,commonProcessingExpansion,underConstruction->underConstruction,2000000
ecuador-early-expansion,seed-3,JPQ,20,NORMAL,statusChange,commonProcessingExpansion,underConstruction->underConstruction,2000000
ecuador-early-expansion,seed-3,VAP,20,NORMAL,proposed,hosoLineExpansion,targetFactoryId=VAP-F1,0
ecuador-early-expansion,seed-3,VAP,20,NORMAL,statusChange,vapLineExpansion,underConstruction->completed,900000
ecuador-early-expansion,seed-3,VAP,20,NORMAL,statusChange,hosoLineExpansion,approved->completed,8000000
ecuador-early-expansion,seed-3,MASS,21,NORMAL,proposed,hosoLineExpansion,targetFactoryId=MASS-F1,0
ecuador-early-expansion,seed-3,MASS,21,NORMAL,proposed,pdLineExpansion,targetFactoryId=MASS-F1,0
ecuador-early-expansion,seed-3,MASS,21,NORMAL,proposed,vapLineExpansion,targetFactoryId=MASS-F1,0
ecuador-early-expansion,seed-3,MASS,21,NORMAL,proposed,newFactoryConstruction,targetFactoryId=,0
ecuador-early-expansion,seed-3,MASS,21,NORMAL,rejected,newFactoryConstruction,同時進行中案件数が上限(3)に達しているため新規承認を見送り。,22000000
ecuador-early-expansion,seed-3,MASS,21,NORMAL,statusChange,hosoLineExpansion,approved->completed,8000000
ecuador-early-expansion,seed-3,MASS,21,NORMAL,statusChange,pdLineExpansion,approved->underConstruction,1200000
ecuador-early-expansion,seed-3,MASS,21,NORMAL,statusChange,vapLineExpansion,approved->underConstruction,1500000
ecuador-early-expansion,seed-3,BAL,21,NORMAL,statusChange,commonProcessingExpansion,underConstruction->completed,1500000
ecuador-early-expansion,seed-3,JPQ,21,NORMAL,statusChange,commonProcessingExpansion,underConstruction->completed,1500000
ecuador-early-expansion,seed-3,MASS,22,NORMAL,proposed,newFactoryConstruction,targetFactoryId=,0
ecuador-early-expansion,seed-3,MASS,22,NORMAL,statusChange,pdLineExpansion,underConstruction->underConstruction,1600000
ecuador-early-expansion,seed-3,MASS,22,NORMAL,statusChange,vapLineExpansion,underConstruction->underConstruction,2100000
ecuador-early-expansion,seed-3,MASS,22,NORMAL,statusChange,newFactoryConstruction,approved->underConstruction,6600000
ecuador-early-expansion,seed-3,MASS,23,NORMAL,statusChange,pdLineExpansion,underConstruction->completed,1200000
ecuador-early-expansion,seed-3,MASS,23,NORMAL,statusChange,vapLineExpansion,underConstruction->underConstruction,1500000
ecuador-early-expansion,seed-3,MASS,23,NORMAL,statusChange,newFactoryConstruction,underConstruction->underConstruction,7699999.999999999
ecuador-early-expansion,seed-3,BAL,23,NORMAL,proposed,commonProcessingExpansion,targetFactoryId=BAL-F1,0
ecuador-early-expansion,seed-3,BAL,23,NORMAL,statusChange,commonProcessingExpansion,approved->underConstruction,1500000
ecuador-early-expansion,seed-3,JPQ,23,NORMAL,proposed,commonProcessingExpansion,targetFactoryId=JPQ-F1,0
ecuador-early-expansion,seed-3,JPQ,23,NORMAL,statusChange,commonProcessingExpansion,approved->underConstruction,1500000
ecuador-early-expansion,seed-3,MASS,24,NORMAL,statusChange,vapLineExpansion,underConstruction->completed,900000
ecuador-early-expansion,seed-3,MASS,24,NORMAL,statusChange,newFactoryConstruction,underConstruction->completed,7699999.999999999
ecuador-early-expansion,seed-3,BAL,24,NORMAL,proposed,newFactoryConstruction,targetFactoryId=,0
ecuador-early-expansion,seed-3,BAL,24,NORMAL,statusChange,commonProcessingExpansion,underConstruction->underConstruction,2000000
ecuador-early-expansion,seed-3,BAL,24,NORMAL,statusChange,newFactoryConstruction,approved->underConstruction,6600000
ecuador-early-expansion,seed-3,JPQ,24,NORMAL,statusChange,commonProcessingExpansion,underConstruction->underConstruction,2000000
ecuador-early-expansion,seed-3,VAP,24,NORMAL,proposed,commonProcessingExpansion,targetFactoryId=VAP-F1,0
ecuador-early-expansion,seed-3,VAP,24,NORMAL,statusChange,commonProcessingExpansion,approved->underConstruction,1500000
ecuador-early-expansion,seed-3,MASS,25,NORMAL,proposed,pdLineExpansion,targetFactoryId=MASS-F1,0
ecuador-early-expansion,seed-3,MASS,25,NORMAL,statusChange,pdLineExpansion,approved->underConstruction,1200000
ecuador-early-expansion,seed-3,BAL,25,NORMAL,statusChange,commonProcessingExpansion,underConstruction->completed,1500000
ecuador-early-expansion,seed-3,BAL,25,NORMAL,statusChange,newFactoryConstruction,underConstruction->underConstruction,7699999.999999999
ecuador-early-expansion,seed-3,JPQ,25,NORMAL,statusChange,commonProcessingExpansion,underConstruction->completed,1500000
ecuador-early-expansion,seed-3,VAP,25,NORMAL,statusChange,commonProcessingExpansion,underConstruction->underConstruction,2000000
ecuador-early-expansion,seed-3,MASS,26,NORMAL,statusChange,pdLineExpansion,underConstruction->underConstruction,1600000
ecuador-early-expansion,seed-3,BAL,26,NORMAL,statusChange,newFactoryConstruction,underConstruction->completed,7699999.999999999
ecuador-early-expansion,seed-3,VAP,26,NORMAL,statusChange,commonProcessingExpansion,underConstruction->completed,1500000
ecuador-early-expansion,seed-3,MASS,27,NORMAL,statusChange,pdLineExpansion,underConstruction->completed,1200000
ecuador-early-expansion,seed-3,JPQ,27,NORMAL,proposed,commonProcessingExpansion,targetFactoryId=JPQ-F1,0
ecuador-early-expansion,seed-3,JPQ,27,NORMAL,statusChange,commonProcessingExpansion,approved->underConstruction,1500000
ecuador-early-expansion,seed-3,JPQ,28,NORMAL,statusChange,commonProcessingExpansion,underConstruction->underConstruction,2000000
ecuador-early-expansion,seed-3,VAP,28,NORMAL,proposed,commonProcessingExpansion,targetFactoryId=VAP-F1,0
ecuador-early-expansion,seed-3,VAP,28,NORMAL,statusChange,commonProcessingExpansion,approved->underConstruction,1500000
ecuador-early-expansion,seed-3,JPQ,29,NORMAL,statusChange,commonProcessingExpansion,underConstruction->completed,1500000
ecuador-early-expansion,seed-3,VAP,29,NORMAL,proposed,pdLineExpansion,targetFactoryId=VAP-F1,0
ecuador-early-expansion,seed-3,VAP,29,NORMAL,statusChange,commonProcessingExpansion,underConstruction->underConstruction,2000000
ecuador-early-expansion,seed-3,VAP,29,NORMAL,statusChange,pdLineExpansion,approved->underConstruction,1200000
ecuador-early-expansion,seed-3,VAP,30,NORMAL,statusChange,commonProcessingExpansion,underConstruction->completed,1500000
ecuador-early-expansion,seed-3,VAP,30,NORMAL,statusChange,pdLineExpansion,underConstruction->underConstruction,1600000
ecuador-early-expansion,seed-3,JPQ,31,NORMAL,proposed,commonProcessingExpansion,targetFactoryId=JPQ-F1,0
ecuador-early-expansion,seed-3,JPQ,31,NORMAL,statusChange,commonProcessingExpansion,approved->underConstruction,1500000
ecuador-early-expansion,seed-3,VAP,31,NORMAL,statusChange,pdLineExpansion,underConstruction->completed,1200000
ecuador-early-expansion,seed-3,JPQ,32,NORMAL,statusChange,commonProcessingExpansion,underConstruction->underConstruction,2000000
ecuador-early-expansion,seed-3,VAP,32,NORMAL,proposed,commonProcessingExpansion,targetFactoryId=VAP-F1,0
ecuador-early-expansion,seed-3,VAP,32,NORMAL,statusChange,commonProcessingExpansion,approved->underConstruction,1500000
ecuador-early-expansion,seed-4,BAL,2,NORMAL,proposed,pdLineExpansion,targetFactoryId=BAL-F1,0
ecuador-early-expansion,seed-4,BAL,2,NORMAL,statusChange,pdLineExpansion,approved->underConstruction,1200000
ecuador-early-expansion,seed-4,BAL,3,NORMAL,proposed,hosoLineExpansion,targetFactoryId=BAL-F1,0
ecuador-early-expansion,seed-4,BAL,3,NORMAL,statusChange,pdLineExpansion,underConstruction->underConstruction,1600000
ecuador-early-expansion,seed-4,BAL,3,NORMAL,statusChange,hosoLineExpansion,approved->completed,8000000
ecuador-early-expansion,seed-4,CONSV,3,NORMAL,proposed,hosoLineExpansion,targetFactoryId=CONSV-F1,0
ecuador-early-expansion,seed-4,CONSV,3,NORMAL,proposed,vapLineExpansion,targetFactoryId=CONSV-F1,0
ecuador-early-expansion,seed-4,CONSV,3,NORMAL,statusChange,hosoLineExpansion,approved->completed,8000000
ecuador-early-expansion,seed-4,CONSV,3,NORMAL,statusChange,vapLineExpansion,approved->underConstruction,1500000
ecuador-early-expansion,seed-4,BAL,4,NORMAL,statusChange,pdLineExpansion,underConstruction->completed,1200000
ecuador-early-expansion,seed-4,CONSV,4,NORMAL,statusChange,vapLineExpansion,underConstruction->underConstruction,2100000
ecuador-early-expansion,seed-4,CONSV,5,NORMAL,statusChange,vapLineExpansion,underConstruction->underConstruction,1500000
ecuador-early-expansion,seed-4,CONSV,6,NORMAL,statusChange,vapLineExpansion,underConstruction->suspended,0
ecuador-early-expansion,seed-4,BAL,7,NORMAL,proposed,hosoLineExpansion,targetFactoryId=BAL-F1,0
ecuador-early-expansion,seed-4,BAL,7,NORMAL,proposed,pdLineExpansion,targetFactoryId=BAL-F1,0
ecuador-early-expansion,seed-4,BAL,7,NORMAL,proposed,vapLineExpansion,targetFactoryId=BAL-F1,0
ecuador-early-expansion,seed-4,BAL,7,NORMAL,statusChange,hosoLineExpansion,approved->completed,8000000
ecuador-early-expansion,seed-4,BAL,7,NORMAL,statusChange,pdLineExpansion,approved->underConstruction,1200000
ecuador-early-expansion,seed-4,BAL,7,NORMAL,statusChange,vapLineExpansion,approved->underConstruction,1500000
ecuador-early-expansion,seed-4,BAL,8,NORMAL,statusChange,pdLineExpansion,underConstruction->underConstruction,1600000
ecuador-early-expansion,seed-4,BAL,8,NORMAL,statusChange,vapLineExpansion,underConstruction->underConstruction,2100000
ecuador-early-expansion,seed-4,CONSV,8,NORMAL,proposed,hosoLineExpansion,targetFactoryId=CONSV-F1,0
ecuador-early-expansion,seed-4,CONSV,8,NORMAL,proposed,pdLineExpansion,targetFactoryId=CONSV-F1,0
ecuador-early-expansion,seed-4,CONSV,8,NORMAL,statusChange,hosoLineExpansion,approved->completed,8000000
ecuador-early-expansion,seed-4,CONSV,8,NORMAL,statusChange,pdLineExpansion,approved->underConstruction,1200000
ecuador-early-expansion,seed-4,BAL,9,NORMAL,statusChange,pdLineExpansion,underConstruction->completed,1200000
ecuador-early-expansion,seed-4,BAL,9,NORMAL,statusChange,vapLineExpansion,underConstruction->underConstruction,1500000
ecuador-early-expansion,seed-4,CONSV,9,NORMAL,statusChange,pdLineExpansion,underConstruction->underConstruction,1600000
ecuador-early-expansion,seed-4,BAL,10,NORMAL,statusChange,vapLineExpansion,underConstruction->completed,900000
ecuador-early-expansion,seed-4,CONSV,10,NORMAL,statusChange,pdLineExpansion,underConstruction->completed,1200000
ecuador-early-expansion,seed-4,JPQ,11,NORMAL,proposed,hosoLineExpansion,targetFactoryId=JPQ-F1,0
ecuador-early-expansion,seed-4,JPQ,11,NORMAL,statusChange,hosoLineExpansion,approved->completed,8000000
ecuador-early-expansion,seed-4,BAL,12,NORMAL,proposed,hosoLineExpansion,targetFactoryId=BAL-F1,0
ecuador-early-expansion,seed-4,BAL,12,NORMAL,statusChange,hosoLineExpansion,approved->completed,8000000
ecuador-early-expansion,seed-4,JPQ,12,NORMAL,proposed,pdLineExpansion,targetFactoryId=JPQ-F1,0
ecuador-early-expansion,seed-4,JPQ,12,NORMAL,proposed,vapLineExpansion,targetFactoryId=JPQ-F1,0
ecuador-early-expansion,seed-4,JPQ,12,NORMAL,statusChange,pdLineExpansion,approved->underConstruction,1200000
ecuador-early-expansion,seed-4,JPQ,12,NORMAL,statusChange,vapLineExpansion,approved->underConstruction,1500000
ecuador-early-expansion,seed-4,JPQ,13,NORMAL,statusChange,pdLineExpansion,underConstruction->underConstruction,1600000
ecuador-early-expansion,seed-4,JPQ,13,NORMAL,statusChange,vapLineExpansion,underConstruction->underConstruction,2100000
ecuador-early-expansion,seed-4,MASS,14,NORMAL,proposed,pdLineExpansion,targetFactoryId=MASS-F1,0
ecuador-early-expansion,seed-4,MASS,14,NORMAL,statusChange,pdLineExpansion,approved->underConstruction,1200000
ecuador-early-expansion,seed-4,JPQ,14,NORMAL,statusChange,pdLineExpansion,underConstruction->completed,1200000
ecuador-early-expansion,seed-4,JPQ,14,NORMAL,statusChange,vapLineExpansion,underConstruction->underConstruction,1500000
ecuador-early-expansion,seed-4,MASS,15,NORMAL,statusChange,pdLineExpansion,underConstruction->underConstruction,1600000
ecuador-early-expansion,seed-4,BAL,15,NORMAL,proposed,commonProcessingExpansion,targetFactoryId=BAL-F1,0
ecuador-early-expansion,seed-4,BAL,15,NORMAL,statusChange,commonProcessingExpansion,approved->underConstruction,1500000
ecuador-early-expansion,seed-4,JPQ,15,NORMAL,proposed,hosoLineExpansion,targetFactoryId=JPQ-F1,0
ecuador-early-expansion,seed-4,JPQ,15,NORMAL,statusChange,vapLineExpansion,underConstruction->completed,900000
ecuador-early-expansion,seed-4,JPQ,15,NORMAL,statusChange,hosoLineExpansion,approved->completed,8000000
ecuador-early-expansion,seed-4,MASS,16,NORMAL,statusChange,pdLineExpansion,underConstruction->completed,1200000
ecuador-early-expansion,seed-4,BAL,16,NORMAL,statusChange,commonProcessingExpansion,underConstruction->underConstruction,2000000
ecuador-early-expansion,seed-4,JPQ,16,NORMAL,proposed,pdLineExpansion,targetFactoryId=JPQ-F1,0
ecuador-early-expansion,seed-4,JPQ,16,NORMAL,statusChange,pdLineExpansion,approved->underConstruction,1200000
ecuador-early-expansion,seed-4,BAL,17,NORMAL,statusChange,commonProcessingExpansion,underConstruction->completed,1500000
ecuador-early-expansion,seed-4,JPQ,17,NORMAL,statusChange,pdLineExpansion,underConstruction->underConstruction,1600000
ecuador-early-expansion,seed-4,JPQ,18,NORMAL,proposed,hosoLineExpansion,targetFactoryId=JPQ-F1,0
ecuador-early-expansion,seed-4,JPQ,18,NORMAL,statusChange,pdLineExpansion,underConstruction->completed,1200000
ecuador-early-expansion,seed-4,JPQ,18,NORMAL,statusChange,hosoLineExpansion,approved->completed,8000000
ecuador-early-expansion,seed-4,BAL,19,NORMAL,proposed,commonProcessingExpansion,targetFactoryId=BAL-F1,0
ecuador-early-expansion,seed-4,BAL,19,NORMAL,statusChange,commonProcessingExpansion,approved->underConstruction,1500000
ecuador-early-expansion,seed-4,BAL,20,NORMAL,statusChange,commonProcessingExpansion,underConstruction->underConstruction,2000000
ecuador-early-expansion,seed-4,MASS,21,NORMAL,proposed,hosoLineExpansion,targetFactoryId=MASS-F1,0
ecuador-early-expansion,seed-4,MASS,21,NORMAL,proposed,pdLineExpansion,targetFactoryId=MASS-F1,0
ecuador-early-expansion,seed-4,MASS,21,NORMAL,proposed,vapLineExpansion,targetFactoryId=MASS-F1,0
ecuador-early-expansion,seed-4,MASS,21,NORMAL,proposed,newFactoryConstruction,targetFactoryId=,0
ecuador-early-expansion,seed-4,MASS,21,NORMAL,rejected,newFactoryConstruction,同時進行中案件数が上限(3)に達しているため新規承認を見送り。,22000000
ecuador-early-expansion,seed-4,MASS,21,NORMAL,statusChange,hosoLineExpansion,approved->completed,8000000
ecuador-early-expansion,seed-4,MASS,21,NORMAL,statusChange,pdLineExpansion,approved->underConstruction,1200000
ecuador-early-expansion,seed-4,MASS,21,NORMAL,statusChange,vapLineExpansion,approved->underConstruction,1500000
ecuador-early-expansion,seed-4,BAL,21,NORMAL,statusChange,commonProcessingExpansion,underConstruction->completed,1500000
ecuador-early-expansion,seed-4,JPQ,21,NORMAL,proposed,commonProcessingExpansion,targetFactoryId=JPQ-F1,0
ecuador-early-expansion,seed-4,JPQ,21,NORMAL,statusChange,commonProcessingExpansion,approved->underConstruction,1500000
ecuador-early-expansion,seed-4,MASS,22,NORMAL,proposed,newFactoryConstruction,targetFactoryId=,0
ecuador-early-expansion,seed-4,MASS,22,NORMAL,statusChange,pdLineExpansion,underConstruction->underConstruction,1600000
ecuador-early-expansion,seed-4,MASS,22,NORMAL,statusChange,vapLineExpansion,underConstruction->underConstruction,2100000
ecuador-early-expansion,seed-4,MASS,22,NORMAL,statusChange,newFactoryConstruction,approved->underConstruction,6600000
ecuador-early-expansion,seed-4,JPQ,22,NORMAL,statusChange,commonProcessingExpansion,underConstruction->underConstruction,2000000
ecuador-early-expansion,seed-4,MASS,23,NORMAL,statusChange,pdLineExpansion,underConstruction->completed,1200000
ecuador-early-expansion,seed-4,MASS,23,NORMAL,statusChange,vapLineExpansion,underConstruction->underConstruction,1500000
ecuador-early-expansion,seed-4,MASS,23,NORMAL,statusChange,newFactoryConstruction,underConstruction->underConstruction,7699999.999999999
ecuador-early-expansion,seed-4,BAL,23,NORMAL,proposed,commonProcessingExpansion,targetFactoryId=BAL-F1,0
ecuador-early-expansion,seed-4,BAL,23,NORMAL,statusChange,commonProcessingExpansion,approved->underConstruction,1500000
ecuador-early-expansion,seed-4,JPQ,23,NORMAL,statusChange,commonProcessingExpansion,underConstruction->completed,1500000
ecuador-early-expansion,seed-4,MASS,24,NORMAL,statusChange,vapLineExpansion,underConstruction->completed,900000
ecuador-early-expansion,seed-4,MASS,24,NORMAL,statusChange,newFactoryConstruction,underConstruction->completed,7699999.999999999
ecuador-early-expansion,seed-4,BAL,24,NORMAL,proposed,newFactoryConstruction,targetFactoryId=,0
ecuador-early-expansion,seed-4,BAL,24,NORMAL,statusChange,commonProcessingExpansion,underConstruction->underConstruction,2000000
ecuador-early-expansion,seed-4,BAL,24,NORMAL,statusChange,newFactoryConstruction,approved->underConstruction,6600000
ecuador-early-expansion,seed-4,MASS,25,NORMAL,proposed,pdLineExpansion,targetFactoryId=MASS-F1,0
ecuador-early-expansion,seed-4,MASS,25,NORMAL,statusChange,pdLineExpansion,approved->underConstruction,1200000
ecuador-early-expansion,seed-4,BAL,25,NORMAL,statusChange,commonProcessingExpansion,underConstruction->completed,1500000
ecuador-early-expansion,seed-4,BAL,25,NORMAL,statusChange,newFactoryConstruction,underConstruction->underConstruction,7699999.999999999
ecuador-early-expansion,seed-4,JPQ,25,NORMAL,proposed,commonProcessingExpansion,targetFactoryId=JPQ-F1,0
ecuador-early-expansion,seed-4,JPQ,25,NORMAL,statusChange,commonProcessingExpansion,approved->underConstruction,1500000
ecuador-early-expansion,seed-4,MASS,26,NORMAL,statusChange,pdLineExpansion,underConstruction->underConstruction,1600000
ecuador-early-expansion,seed-4,BAL,26,NORMAL,statusChange,newFactoryConstruction,underConstruction->completed,7699999.999999999
ecuador-early-expansion,seed-4,JPQ,26,NORMAL,statusChange,commonProcessingExpansion,underConstruction->underConstruction,2000000
ecuador-early-expansion,seed-4,MASS,27,NORMAL,statusChange,pdLineExpansion,underConstruction->completed,1200000
ecuador-early-expansion,seed-4,JPQ,27,NORMAL,statusChange,commonProcessingExpansion,underConstruction->completed,1500000
ecuador-early-expansion,seed-4,JPQ,29,NORMAL,proposed,commonProcessingExpansion,targetFactoryId=JPQ-F1,0
ecuador-early-expansion,seed-4,JPQ,29,NORMAL,statusChange,commonProcessingExpansion,approved->underConstruction,1500000
ecuador-early-expansion,seed-4,JPQ,30,NORMAL,statusChange,commonProcessingExpansion,underConstruction->underConstruction,2000000
ecuador-early-expansion,seed-4,JPQ,31,NORMAL,statusChange,commonProcessingExpansion,underConstruction->completed,1500000
ecuador-early-expansion,seed-5,BAL,2,NORMAL,proposed,pdLineExpansion,targetFactoryId=BAL-F1,0
ecuador-early-expansion,seed-5,BAL,2,NORMAL,statusChange,pdLineExpansion,approved->underConstruction,1200000
ecuador-early-expansion,seed-5,BAL,3,NORMAL,statusChange,pdLineExpansion,underConstruction->underConstruction,1600000
ecuador-early-expansion,seed-5,CONSV,3,NORMAL,proposed,vapLineExpansion,targetFactoryId=CONSV-F1,0
ecuador-early-expansion,seed-5,CONSV,3,NORMAL,statusChange,vapLineExpansion,approved->underConstruction,1500000
ecuador-early-expansion,seed-5,BAL,4,NORMAL,statusChange,pdLineExpansion,underConstruction->completed,1200000
ecuador-early-expansion,seed-5,CONSV,4,NORMAL,statusChange,vapLineExpansion,underConstruction->underConstruction,2100000
ecuador-early-expansion,seed-5,BAL,5,NORMAL,proposed,hosoLineExpansion,targetFactoryId=BAL-F1,0
ecuador-early-expansion,seed-5,BAL,5,NORMAL,statusChange,hosoLineExpansion,approved->completed,8000000
ecuador-early-expansion,seed-5,JPQ,5,NORMAL,proposed,vapLineExpansion,targetFactoryId=JPQ-F1,0
ecuador-early-expansion,seed-5,JPQ,5,NORMAL,statusChange,vapLineExpansion,approved->underConstruction,1500000
ecuador-early-expansion,seed-5,CONSV,5,NORMAL,proposed,pdLineExpansion,targetFactoryId=CONSV-F1,0
ecuador-early-expansion,seed-5,CONSV,5,NORMAL,statusChange,vapLineExpansion,underConstruction->underConstruction,1500000
ecuador-early-expansion,seed-5,CONSV,5,NORMAL,statusChange,pdLineExpansion,approved->underConstruction,1200000
ecuador-early-expansion,seed-5,JPQ,6,NORMAL,statusChange,vapLineExpansion,underConstruction->underConstruction,2100000
ecuador-early-expansion,seed-5,CONSV,6,NORMAL,statusChange,vapLineExpansion,underConstruction->completed,900000
ecuador-early-expansion,seed-5,CONSV,6,NORMAL,statusChange,pdLineExpansion,underConstruction->underConstruction,1600000
ecuador-early-expansion,seed-5,JPQ,7,NORMAL,statusChange,vapLineExpansion,underConstruction->underConstruction,1500000
ecuador-early-expansion,seed-5,CONSV,7,NORMAL,statusChange,pdLineExpansion,underConstruction->completed,1200000
ecuador-early-expansion,seed-5,JPQ,8,NORMAL,statusChange,vapLineExpansion,underConstruction->completed,900000
ecuador-early-expansion,seed-5,CONSV,9,NORMAL,proposed,hosoLineExpansion,targetFactoryId=CONSV-F1,0
ecuador-early-expansion,seed-5,CONSV,9,NORMAL,statusChange,hosoLineExpansion,approved->completed,8000000
ecuador-early-expansion,seed-5,BAL,10,NORMAL,proposed,hosoLineExpansion,targetFactoryId=BAL-F1,0
ecuador-early-expansion,seed-5,BAL,10,NORMAL,statusChange,hosoLineExpansion,approved->completed,8000000
ecuador-early-expansion,seed-5,JPQ,11,NORMAL,proposed,hosoLineExpansion,targetFactoryId=JPQ-F1,0
ecuador-early-expansion,seed-5,JPQ,11,NORMAL,proposed,pdLineExpansion,targetFactoryId=JPQ-F1,0
ecuador-early-expansion,seed-5,JPQ,11,NORMAL,statusChange,hosoLineExpansion,approved->completed,8000000
ecuador-early-expansion,seed-5,JPQ,11,NORMAL,statusChange,pdLineExpansion,approved->underConstruction,1200000
ecuador-early-expansion,seed-5,CONSV,11,NORMAL,proposed,pdLineExpansion,targetFactoryId=CONSV-F1,0
ecuador-early-expansion,seed-5,CONSV,11,NORMAL,proposed,vapLineExpansion,targetFactoryId=CONSV-F1,0
ecuador-early-expansion,seed-5,CONSV,11,NORMAL,statusChange,pdLineExpansion,approved->underConstruction,1200000
ecuador-early-expansion,seed-5,CONSV,11,NORMAL,statusChange,vapLineExpansion,approved->underConstruction,1500000
ecuador-early-expansion,seed-5,JPQ,12,NORMAL,statusChange,pdLineExpansion,underConstruction->underConstruction,1600000
ecuador-early-expansion,seed-5,CONSV,12,NORMAL,statusChange,pdLineExpansion,underConstruction->underConstruction,1600000
ecuador-early-expansion,seed-5,CONSV,12,NORMAL,statusChange,vapLineExpansion,underConstruction->underConstruction,2100000
ecuador-early-expansion,seed-5,BAL,13,NORMAL,proposed,hosoLineExpansion,targetFactoryId=BAL-F1,0
ecuador-early-expansion,seed-5,BAL,13,NORMAL,statusChange,hosoLineExpansion,approved->completed,8000000
ecuador-early-expansion,seed-5,JPQ,13,NORMAL,proposed,vapLineExpansion,targetFactoryId=JPQ-F1,0
ecuador-early-expansion,seed-5,JPQ,13,NORMAL,statusChange,pdLineExpansion,underConstruction->completed,1200000
ecuador-early-expansion,seed-5,JPQ,13,NORMAL,statusChange,vapLineExpansion,approved->underConstruction,1500000
ecuador-early-expansion,seed-5,CONSV,13,NORMAL,proposed,hosoLineExpansion,targetFactoryId=CONSV-F1,0
ecuador-early-expansion,seed-5,CONSV,13,NORMAL,statusChange,pdLineExpansion,underConstruction->completed,1200000
ecuador-early-expansion,seed-5,CONSV,13,NORMAL,statusChange,vapLineExpansion,underConstruction->underConstruction,1500000
ecuador-early-expansion,seed-5,CONSV,13,NORMAL,statusChange,hosoLineExpansion,approved->completed,8000000
ecuador-early-expansion,seed-5,MASS,14,NORMAL,proposed,pdLineExpansion,targetFactoryId=MASS-F1,0
ecuador-early-expansion,seed-5,MASS,14,NORMAL,statusChange,pdLineExpansion,approved->underConstruction,1200000
ecuador-early-expansion,seed-5,JPQ,14,NORMAL,statusChange,vapLineExpansion,underConstruction->underConstruction,2100000
ecuador-early-expansion,seed-5,CONSV,14,NORMAL,statusChange,vapLineExpansion,underConstruction->completed,900000
ecuador-early-expansion,seed-5,MASS,15,NORMAL,statusChange,pdLineExpansion,underConstruction->underConstruction,1600000
ecuador-early-expansion,seed-5,JPQ,15,NORMAL,proposed,hosoLineExpansion,targetFactoryId=JPQ-F1,0
ecuador-early-expansion,seed-5,JPQ,15,NORMAL,statusChange,vapLineExpansion,underConstruction->underConstruction,1500000
ecuador-early-expansion,seed-5,JPQ,15,NORMAL,statusChange,hosoLineExpansion,approved->completed,8000000
ecuador-early-expansion,seed-5,CONSV,15,NORMAL,proposed,pdLineExpansion,targetFactoryId=CONSV-F1,0
ecuador-early-expansion,seed-5,CONSV,15,NORMAL,statusChange,pdLineExpansion,approved->underConstruction,1200000
ecuador-early-expansion,seed-5,MASS,16,NORMAL,statusChange,pdLineExpansion,underConstruction->completed,1200000
ecuador-early-expansion,seed-5,BAL,16,NORMAL,proposed,commonProcessingExpansion,targetFactoryId=BAL-F1,0
ecuador-early-expansion,seed-5,BAL,16,NORMAL,statusChange,commonProcessingExpansion,approved->underConstruction,1500000
ecuador-early-expansion,seed-5,JPQ,16,NORMAL,proposed,pdLineExpansion,targetFactoryId=JPQ-F1,0
ecuador-early-expansion,seed-5,JPQ,16,NORMAL,statusChange,vapLineExpansion,underConstruction->completed,900000
ecuador-early-expansion,seed-5,JPQ,16,NORMAL,statusChange,pdLineExpansion,approved->underConstruction,1200000
ecuador-early-expansion,seed-5,CONSV,16,NORMAL,statusChange,pdLineExpansion,underConstruction->underConstruction,1600000
ecuador-early-expansion,seed-5,BAL,17,NORMAL,statusChange,commonProcessingExpansion,underConstruction->underConstruction,2000000
ecuador-early-expansion,seed-5,JPQ,17,NORMAL,statusChange,pdLineExpansion,underConstruction->underConstruction,1600000
ecuador-early-expansion,seed-5,CONSV,17,NORMAL,statusChange,pdLineExpansion,underConstruction->completed,1200000
ecuador-early-expansion,seed-5,BAL,18,NORMAL,statusChange,commonProcessingExpansion,underConstruction->completed,1500000
ecuador-early-expansion,seed-5,JPQ,18,NORMAL,statusChange,pdLineExpansion,underConstruction->completed,1200000
ecuador-early-expansion,seed-5,JPQ,19,NORMAL,proposed,hosoLineExpansion,targetFactoryId=JPQ-F1,0
ecuador-early-expansion,seed-5,JPQ,19,NORMAL,proposed,vapLineExpansion,targetFactoryId=JPQ-F1,0
ecuador-early-expansion,seed-5,JPQ,19,NORMAL,proposed,commonProcessingExpansion,targetFactoryId=JPQ-F1,0
ecuador-early-expansion,seed-5,JPQ,19,NORMAL,statusChange,hosoLineExpansion,approved->completed,8000000
ecuador-early-expansion,seed-5,JPQ,19,NORMAL,statusChange,vapLineExpansion,approved->underConstruction,1500000
ecuador-early-expansion,seed-5,JPQ,19,NORMAL,statusChange,commonProcessingExpansion,approved->underConstruction,1500000
ecuador-early-expansion,seed-5,BAL,20,NORMAL,proposed,commonProcessingExpansion,targetFactoryId=BAL-F1,0
ecuador-early-expansion,seed-5,BAL,20,NORMAL,statusChange,commonProcessingExpansion,approved->underConstruction,1500000
ecuador-early-expansion,seed-5,JPQ,20,NORMAL,proposed,pdLineExpansion,targetFactoryId=JPQ-F1,0
ecuador-early-expansion,seed-5,JPQ,20,NORMAL,rejected,pdLineExpansion,工場スペースが不足しているため新規承認を見送り。必要スペース 700 / 空き 440（総量 127650、不足 260 スペース単位）。,4000000
ecuador-early-expansion,seed-5,JPQ,20,NORMAL,statusChange,vapLineExpansion,underConstruction->underConstruction,2100000
ecuador-early-expansion,seed-5,JPQ,20,NORMAL,statusChange,commonProcessingExpansion,underConstruction->underConstruction,2000000
ecuador-early-expansion,seed-5,MASS,21,NORMAL,proposed,hosoLineExpansion,targetFactoryId=MASS-F1,0
ecuador-early-expansion,seed-5,MASS,21,NORMAL,proposed,pdLineExpansion,targetFactoryId=MASS-F1,0
ecuador-early-expansion,seed-5,MASS,21,NORMAL,proposed,vapLineExpansion,targetFactoryId=MASS-F1,0
ecuador-early-expansion,seed-5,MASS,21,NORMAL,proposed,newFactoryConstruction,targetFactoryId=,0
ecuador-early-expansion,seed-5,MASS,21,NORMAL,rejected,newFactoryConstruction,同時進行中案件数が上限(3)に達しているため新規承認を見送り。,22000000
ecuador-early-expansion,seed-5,MASS,21,NORMAL,statusChange,hosoLineExpansion,approved->completed,8000000
ecuador-early-expansion,seed-5,MASS,21,NORMAL,statusChange,pdLineExpansion,approved->underConstruction,1200000
ecuador-early-expansion,seed-5,MASS,21,NORMAL,statusChange,vapLineExpansion,approved->underConstruction,1500000
ecuador-early-expansion,seed-5,BAL,21,NORMAL,proposed,pdLineExpansion,targetFactoryId=BAL-F1,0
ecuador-early-expansion,seed-5,BAL,21,NORMAL,statusChange,commonProcessingExpansion,underConstruction->underConstruction,2000000
ecuador-early-expansion,seed-5,BAL,21,NORMAL,statusChange,pdLineExpansion,approved->underConstruction,1200000
ecuador-early-expansion,seed-5,JPQ,21,NORMAL,statusChange,vapLineExpansion,underConstruction->underConstruction,1500000
ecuador-early-expansion,seed-5,JPQ,21,NORMAL,statusChange,commonProcessingExpansion,underConstruction->completed,1500000
ecuador-early-expansion,seed-5,MASS,22,NORMAL,proposed,newFactoryConstruction,targetFactoryId=,0
ecuador-early-expansion,seed-5,MASS,22,NORMAL,statusChange,pdLineExpansion,underConstruction->underConstruction,1600000
ecuador-early-expansion,seed-5,MASS,22,NORMAL,statusChange,vapLineExpansion,underConstruction->underConstruction,2100000
ecuador-early-expansion,seed-5,MASS,22,NORMAL,statusChange,newFactoryConstruction,approved->underConstruction,6600000
ecuador-early-expansion,seed-5,BAL,22,NORMAL,statusChange,commonProcessingExpansion,underConstruction->completed,1500000
ecuador-early-expansion,seed-5,BAL,22,NORMAL,statusChange,pdLineExpansion,underConstruction->underConstruction,1600000
ecuador-early-expansion,seed-5,JPQ,22,NORMAL,statusChange,vapLineExpansion,underConstruction->completed,900000
ecuador-early-expansion,seed-5,MASS,23,NORMAL,statusChange,pdLineExpansion,underConstruction->completed,1200000
ecuador-early-expansion,seed-5,MASS,23,NORMAL,statusChange,vapLineExpansion,underConstruction->underConstruction,1500000
ecuador-early-expansion,seed-5,MASS,23,NORMAL,statusChange,newFactoryConstruction,underConstruction->underConstruction,7699999.999999999
ecuador-early-expansion,seed-5,BAL,23,NORMAL,proposed,vapLineExpansion,targetFactoryId=BAL-F1,0
ecuador-early-expansion,seed-5,BAL,23,NORMAL,statusChange,pdLineExpansion,underConstruction->completed,1200000
ecuador-early-expansion,seed-5,BAL,23,NORMAL,statusChange,vapLineExpansion,approved->underConstruction,1500000
ecuador-early-expansion,seed-5,JPQ,23,NORMAL,proposed,commonProcessingExpansion,targetFactoryId=JPQ-F1,0
ecuador-early-expansion,seed-5,JPQ,23,NORMAL,rejected,commonProcessingExpansion,工場スペースが不足しているため新規承認を見送り。必要スペース 560 / 空き 440（総量 127650、不足 120 スペース単位）。,5000000
ecuador-early-expansion,seed-5,MASS,24,NORMAL,proposed,hosoLineExpansion,targetFactoryId=MASS-F1,0
ecuador-early-expansion,seed-5,MASS,24,NORMAL,statusChange,vapLineExpansion,underConstruction->completed,900000
ecuador-early-expansion,seed-5,MASS,24,NORMAL,statusChange,newFactoryConstruction,underConstruction->completed,7699999.999999999
ecuador-early-expansion,seed-5,MASS,24,NORMAL,statusChange,hosoLineExpansion,approved->completed,8000000
ecuador-early-expansion,seed-5,BAL,24,NORMAL,proposed,commonProcessingExpansion,targetFactoryId=BAL-F1,0
ecuador-early-expansion,seed-5,BAL,24,NORMAL,proposed,newFactoryConstruction,targetFactoryId=,0
ecuador-early-expansion,seed-5,BAL,24,NORMAL,statusChange,vapLineExpansion,underConstruction->underConstruction,2100000
ecuador-early-expansion,seed-5,BAL,24,NORMAL,statusChange,commonProcessingExpansion,approved->underConstruction,1500000
ecuador-early-expansion,seed-5,BAL,24,NORMAL,statusChange,newFactoryConstruction,approved->underConstruction,6600000
ecuador-early-expansion,seed-5,JPQ,24,NORMAL,proposed,commonProcessingExpansion,targetFactoryId=JPQ-F1,0
ecuador-early-expansion,seed-5,JPQ,24,NORMAL,rejected,commonProcessingExpansion,工場スペースが不足しているため新規承認を見送り。必要スペース 560 / 空き 440（総量 127650、不足 120 スペース単位）。,5000000
ecuador-early-expansion,seed-5,BAL,25,NORMAL,statusChange,vapLineExpansion,underConstruction->underConstruction,1500000
ecuador-early-expansion,seed-5,BAL,25,NORMAL,statusChange,commonProcessingExpansion,underConstruction->underConstruction,2000000
ecuador-early-expansion,seed-5,BAL,25,NORMAL,statusChange,newFactoryConstruction,underConstruction->underConstruction,7699999.999999999
ecuador-early-expansion,seed-5,BAL,26,NORMAL,statusChange,vapLineExpansion,underConstruction->completed,900000
ecuador-early-expansion,seed-5,BAL,26,NORMAL,statusChange,commonProcessingExpansion,underConstruction->completed,1500000
ecuador-early-expansion,seed-5,BAL,26,NORMAL,statusChange,newFactoryConstruction,underConstruction->completed,7699999.999999999
ecuador-delayed-expansion,seed-1,BAL,2,NORMAL,proposed,pdLineExpansion,targetFactoryId=BAL-F1,0
ecuador-delayed-expansion,seed-1,BAL,2,NORMAL,statusChange,pdLineExpansion,approved->underConstruction,1200000
ecuador-delayed-expansion,seed-1,BAL,3,NORMAL,statusChange,pdLineExpansion,underConstruction->underConstruction,1600000
ecuador-delayed-expansion,seed-1,CONSV,3,NORMAL,proposed,hosoLineExpansion,targetFactoryId=CONSV-F1,0
ecuador-delayed-expansion,seed-1,CONSV,3,NORMAL,proposed,vapLineExpansion,targetFactoryId=CONSV-F1,0
ecuador-delayed-expansion,seed-1,CONSV,3,NORMAL,statusChange,hosoLineExpansion,approved->completed,8000000
ecuador-delayed-expansion,seed-1,CONSV,3,NORMAL,statusChange,vapLineExpansion,approved->underConstruction,1500000
ecuador-delayed-expansion,seed-1,BAL,4,NORMAL,proposed,hosoLineExpansion,targetFactoryId=BAL-F1,0
ecuador-delayed-expansion,seed-1,BAL,4,NORMAL,statusChange,pdLineExpansion,underConstruction->completed,1200000
ecuador-delayed-expansion,seed-1,BAL,4,NORMAL,statusChange,hosoLineExpansion,approved->completed,8000000
ecuador-delayed-expansion,seed-1,CONSV,4,NORMAL,statusChange,vapLineExpansion,underConstruction->underConstruction,2100000
ecuador-delayed-expansion,seed-1,CONSV,5,NORMAL,statusChange,vapLineExpansion,underConstruction->underConstruction,1500000
ecuador-delayed-expansion,seed-1,CONSV,6,NORMAL,statusChange,vapLineExpansion,underConstruction->suspended,0
ecuador-delayed-expansion,seed-1,BAL,8,NORMAL,proposed,hosoLineExpansion,targetFactoryId=BAL-F1,0
ecuador-delayed-expansion,seed-1,BAL,8,NORMAL,proposed,pdLineExpansion,targetFactoryId=BAL-F1,0
ecuador-delayed-expansion,seed-1,BAL,8,NORMAL,statusChange,hosoLineExpansion,approved->completed,8000000
ecuador-delayed-expansion,seed-1,BAL,8,NORMAL,statusChange,pdLineExpansion,approved->underConstruction,1200000
ecuador-delayed-expansion,seed-1,CONSV,8,NORMAL,proposed,hosoLineExpansion,targetFactoryId=CONSV-F1,0
ecuador-delayed-expansion,seed-1,CONSV,8,NORMAL,proposed,pdLineExpansion,targetFactoryId=CONSV-F1,0
ecuador-delayed-expansion,seed-1,CONSV,8,NORMAL,statusChange,hosoLineExpansion,approved->completed,8000000
ecuador-delayed-expansion,seed-1,CONSV,8,NORMAL,statusChange,pdLineExpansion,approved->underConstruction,1200000
ecuador-delayed-expansion,seed-1,BAL,9,NORMAL,statusChange,pdLineExpansion,underConstruction->underConstruction,1600000
ecuador-delayed-expansion,seed-1,CONSV,9,NORMAL,statusChange,pdLineExpansion,underConstruction->underConstruction,1600000
ecuador-delayed-expansion,seed-1,BAL,10,NORMAL,statusChange,pdLineExpansion,underConstruction->completed,1200000
ecuador-delayed-expansion,seed-1,CONSV,10,NORMAL,statusChange,pdLineExpansion,underConstruction->completed,1200000
ecuador-delayed-expansion,seed-1,JPQ,11,NORMAL,proposed,hosoLineExpansion,targetFactoryId=JPQ-F1,0
ecuador-delayed-expansion,seed-1,JPQ,11,NORMAL,proposed,pdLineExpansion,targetFactoryId=JPQ-F1,0
ecuador-delayed-expansion,seed-1,JPQ,11,NORMAL,statusChange,hosoLineExpansion,approved->completed,8000000
ecuador-delayed-expansion,seed-1,JPQ,11,NORMAL,statusChange,pdLineExpansion,approved->underConstruction,1200000
ecuador-delayed-expansion,seed-1,BAL,12,NORMAL,proposed,hosoLineExpansion,targetFactoryId=BAL-F1,0
ecuador-delayed-expansion,seed-1,BAL,12,NORMAL,statusChange,hosoLineExpansion,approved->completed,8000000
ecuador-delayed-expansion,seed-1,JPQ,12,NORMAL,proposed,vapLineExpansion,targetFactoryId=JPQ-F1,0
ecuador-delayed-expansion,seed-1,JPQ,12,NORMAL,statusChange,pdLineExpansion,underConstruction->underConstruction,1600000
ecuador-delayed-expansion,seed-1,JPQ,12,NORMAL,statusChange,vapLineExpansion,approved->underConstruction,1500000
ecuador-delayed-expansion,seed-1,JPQ,13,NORMAL,statusChange,pdLineExpansion,underConstruction->completed,1200000
ecuador-delayed-expansion,seed-1,JPQ,13,NORMAL,statusChange,vapLineExpansion,underConstruction->underConstruction,2100000
ecuador-delayed-expansion,seed-1,JPQ,14,NORMAL,statusChange,vapLineExpansion,underConstruction->underConstruction,1500000
ecuador-delayed-expansion,seed-1,BAL,15,NORMAL,proposed,commonProcessingExpansion,targetFactoryId=BAL-F1,0
ecuador-delayed-expansion,seed-1,BAL,15,NORMAL,statusChange,commonProcessingExpansion,approved->underConstruction,1500000
ecuador-delayed-expansion,seed-1,JPQ,15,NORMAL,proposed,hosoLineExpansion,targetFactoryId=JPQ-F1,0
ecuador-delayed-expansion,seed-1,JPQ,15,NORMAL,statusChange,vapLineExpansion,underConstruction->completed,900000
ecuador-delayed-expansion,seed-1,JPQ,15,NORMAL,statusChange,hosoLineExpansion,approved->completed,8000000
ecuador-delayed-expansion,seed-1,BAL,16,NORMAL,statusChange,commonProcessingExpansion,underConstruction->underConstruction,2000000
ecuador-delayed-expansion,seed-1,JPQ,16,NORMAL,proposed,pdLineExpansion,targetFactoryId=JPQ-F1,0
ecuador-delayed-expansion,seed-1,JPQ,16,NORMAL,statusChange,pdLineExpansion,approved->underConstruction,1200000
ecuador-delayed-expansion,seed-1,BAL,17,NORMAL,statusChange,commonProcessingExpansion,underConstruction->completed,1500000
ecuador-delayed-expansion,seed-1,JPQ,17,NORMAL,statusChange,pdLineExpansion,underConstruction->underConstruction,1600000
ecuador-delayed-expansion,seed-1,MASS,18,NORMAL,proposed,pdLineExpansion,targetFactoryId=MASS-F1,0
ecuador-delayed-expansion,seed-1,MASS,18,NORMAL,statusChange,pdLineExpansion,approved->underConstruction,1200000
ecuador-delayed-expansion,seed-1,JPQ,18,NORMAL,proposed,hosoLineExpansion,targetFactoryId=JPQ-F1,0
ecuador-delayed-expansion,seed-1,JPQ,18,NORMAL,proposed,commonProcessingExpansion,targetFactoryId=JPQ-F1,0
ecuador-delayed-expansion,seed-1,JPQ,18,NORMAL,statusChange,pdLineExpansion,underConstruction->completed,1200000
ecuador-delayed-expansion,seed-1,JPQ,18,NORMAL,statusChange,hosoLineExpansion,approved->completed,8000000
ecuador-delayed-expansion,seed-1,JPQ,18,NORMAL,statusChange,commonProcessingExpansion,approved->underConstruction,1500000
ecuador-delayed-expansion,seed-1,MASS,19,NORMAL,statusChange,pdLineExpansion,underConstruction->underConstruction,1600000
ecuador-delayed-expansion,seed-1,BAL,19,NORMAL,proposed,commonProcessingExpansion,targetFactoryId=BAL-F1,0
ecuador-delayed-expansion,seed-1,BAL,19,NORMAL,statusChange,commonProcessingExpansion,approved->underConstruction,1500000
ecuador-delayed-expansion,seed-1,JPQ,19,NORMAL,statusChange,commonProcessingExpansion,underConstruction->underConstruction,2000000
ecuador-delayed-expansion,seed-1,MASS,20,NORMAL,statusChange,pdLineExpansion,underConstruction->completed,1200000
ecuador-delayed-expansion,seed-1,BAL,20,NORMAL,statusChange,commonProcessingExpansion,underConstruction->underConstruction,2000000
ecuador-delayed-expansion,seed-1,JPQ,20,NORMAL,statusChange,commonProcessingExpansion,underConstruction->completed,1500000
ecuador-delayed-expansion,seed-1,BAL,21,NORMAL,statusChange,commonProcessingExpansion,underConstruction->completed,1500000
ecuador-delayed-expansion,seed-1,JPQ,22,NORMAL,proposed,commonProcessingExpansion,targetFactoryId=JPQ-F1,0
ecuador-delayed-expansion,seed-1,JPQ,22,NORMAL,statusChange,commonProcessingExpansion,approved->underConstruction,1500000
ecuador-delayed-expansion,seed-1,MASS,23,NORMAL,proposed,hosoLineExpansion,targetFactoryId=MASS-F1,0
ecuador-delayed-expansion,seed-1,MASS,23,NORMAL,proposed,pdLineExpansion,targetFactoryId=MASS-F1,0
ecuador-delayed-expansion,seed-1,MASS,23,NORMAL,proposed,vapLineExpansion,targetFactoryId=MASS-F1,0
ecuador-delayed-expansion,seed-1,MASS,23,NORMAL,proposed,newFactoryConstruction,targetFactoryId=,0
ecuador-delayed-expansion,seed-1,MASS,23,NORMAL,rejected,newFactoryConstruction,同時進行中案件数が上限(3)に達しているため新規承認を見送り。,22000000
ecuador-delayed-expansion,seed-1,MASS,23,NORMAL,statusChange,hosoLineExpansion,approved->completed,8000000
ecuador-delayed-expansion,seed-1,MASS,23,NORMAL,statusChange,pdLineExpansion,approved->underConstruction,1200000
ecuador-delayed-expansion,seed-1,MASS,23,NORMAL,statusChange,vapLineExpansion,approved->underConstruction,1500000
ecuador-delayed-expansion,seed-1,BAL,23,NORMAL,proposed,commonProcessingExpansion,targetFactoryId=BAL-F1,0
ecuador-delayed-expansion,seed-1,BAL,23,NORMAL,statusChange,commonProcessingExpansion,approved->underConstruction,1500000
ecuador-delayed-expansion,seed-1,JPQ,23,NORMAL,statusChange,commonProcessingExpansion,underConstruction->underConstruction,2000000
ecuador-delayed-expansion,seed-1,MASS,24,NORMAL,proposed,newFactoryConstruction,targetFactoryId=,0
ecuador-delayed-expansion,seed-1,MASS,24,NORMAL,statusChange,pdLineExpansion,underConstruction->underConstruction,1600000
ecuador-delayed-expansion,seed-1,MASS,24,NORMAL,statusChange,vapLineExpansion,underConstruction->underConstruction,2100000
ecuador-delayed-expansion,seed-1,MASS,24,NORMAL,statusChange,newFactoryConstruction,approved->underConstruction,6600000
ecuador-delayed-expansion,seed-1,BAL,24,NORMAL,proposed,newFactoryConstruction,targetFactoryId=,0
ecuador-delayed-expansion,seed-1,BAL,24,NORMAL,statusChange,commonProcessingExpansion,underConstruction->underConstruction,2000000
ecuador-delayed-expansion,seed-1,BAL,24,NORMAL,statusChange,newFactoryConstruction,approved->underConstruction,6600000
ecuador-delayed-expansion,seed-1,JPQ,24,NORMAL,statusChange,commonProcessingExpansion,underConstruction->completed,1500000
ecuador-delayed-expansion,seed-1,MASS,25,NORMAL,statusChange,pdLineExpansion,underConstruction->completed,1200000
ecuador-delayed-expansion,seed-1,MASS,25,NORMAL,statusChange,vapLineExpansion,underConstruction->underConstruction,1500000
ecuador-delayed-expansion,seed-1,MASS,25,NORMAL,statusChange,newFactoryConstruction,underConstruction->underConstruction,7699999.999999999
ecuador-delayed-expansion,seed-1,BAL,25,NORMAL,statusChange,commonProcessingExpansion,underConstruction->completed,1500000
ecuador-delayed-expansion,seed-1,BAL,25,NORMAL,statusChange,newFactoryConstruction,underConstruction->underConstruction,7699999.999999999
ecuador-delayed-expansion,seed-1,MASS,26,NORMAL,statusChange,vapLineExpansion,underConstruction->completed,900000
ecuador-delayed-expansion,seed-1,MASS,26,NORMAL,statusChange,newFactoryConstruction,underConstruction->completed,7699999.999999999
ecuador-delayed-expansion,seed-1,BAL,26,NORMAL,statusChange,newFactoryConstruction,underConstruction->completed,7699999.999999999
ecuador-delayed-expansion,seed-1,JPQ,26,NORMAL,proposed,commonProcessingExpansion,targetFactoryId=JPQ-F1,0
ecuador-delayed-expansion,seed-1,JPQ,26,NORMAL,statusChange,commonProcessingExpansion,approved->underConstruction,1500000
ecuador-delayed-expansion,seed-1,MASS,27,NORMAL,proposed,hosoLineExpansion,targetFactoryId=MASS-F1,0
ecuador-delayed-expansion,seed-1,MASS,27,NORMAL,proposed,pdLineExpansion,targetFactoryId=MASS-F1,0
ecuador-delayed-expansion,seed-1,MASS,27,NORMAL,statusChange,hosoLineExpansion,approved->completed,8000000
ecuador-delayed-expansion,seed-1,MASS,27,NORMAL,statusChange,pdLineExpansion,approved->underConstruction,1200000
ecuador-delayed-expansion,seed-1,BAL,27,NORMAL,proposed,commonProcessingExpansion,targetFactoryId=BAL-F1,0
ecuador-delayed-expansion,seed-1,BAL,27,NORMAL,statusChange,commonProcessingExpansion,approved->underConstruction,1500000
ecuador-delayed-expansion,seed-1,JPQ,27,NORMAL,statusChange,commonProcessingExpansion,underConstruction->underConstruction,2000000
ecuador-delayed-expansion,seed-1,MASS,28,NORMAL,statusChange,pdLineExpansion,underConstruction->underConstruction,1600000
ecuador-delayed-expansion,seed-1,BAL,28,NORMAL,statusChange,commonProcessingExpansion,underConstruction->underConstruction,2000000
ecuador-delayed-expansion,seed-1,JPQ,28,NORMAL,statusChange,commonProcessingExpansion,underConstruction->completed,1500000
ecuador-delayed-expansion,seed-1,MASS,29,NORMAL,statusChange,pdLineExpansion,underConstruction->completed,1200000
ecuador-delayed-expansion,seed-1,BAL,29,NORMAL,statusChange,commonProcessingExpansion,underConstruction->completed,1500000
ecuador-delayed-expansion,seed-1,JPQ,30,NORMAL,proposed,commonProcessingExpansion,targetFactoryId=JPQ-F1,0
ecuador-delayed-expansion,seed-1,JPQ,30,NORMAL,statusChange,commonProcessingExpansion,approved->underConstruction,1500000
ecuador-delayed-expansion,seed-1,JPQ,31,NORMAL,statusChange,commonProcessingExpansion,underConstruction->underConstruction,2000000
ecuador-delayed-expansion,seed-1,JPQ,32,NORMAL,statusChange,commonProcessingExpansion,underConstruction->completed,1500000
ecuador-delayed-expansion,seed-2,BAL,2,NORMAL,proposed,pdLineExpansion,targetFactoryId=BAL-F1,0
ecuador-delayed-expansion,seed-2,BAL,2,NORMAL,statusChange,pdLineExpansion,approved->underConstruction,1200000
ecuador-delayed-expansion,seed-2,BAL,3,NORMAL,statusChange,pdLineExpansion,underConstruction->underConstruction,1600000
ecuador-delayed-expansion,seed-2,CONSV,3,NORMAL,proposed,vapLineExpansion,targetFactoryId=CONSV-F1,0
ecuador-delayed-expansion,seed-2,CONSV,3,NORMAL,statusChange,vapLineExpansion,approved->underConstruction,1500000
ecuador-delayed-expansion,seed-2,BAL,4,NORMAL,statusChange,pdLineExpansion,underConstruction->completed,1200000
ecuador-delayed-expansion,seed-2,CONSV,4,NORMAL,statusChange,vapLineExpansion,underConstruction->underConstruction,2100000
ecuador-delayed-expansion,seed-2,BAL,5,NORMAL,proposed,hosoLineExpansion,targetFactoryId=BAL-F1,0
ecuador-delayed-expansion,seed-2,BAL,5,NORMAL,statusChange,hosoLineExpansion,approved->completed,8000000
ecuador-delayed-expansion,seed-2,JPQ,5,NORMAL,proposed,vapLineExpansion,targetFactoryId=JPQ-F1,0
ecuador-delayed-expansion,seed-2,JPQ,5,NORMAL,statusChange,vapLineExpansion,approved->underConstruction,1500000
ecuador-delayed-expansion,seed-2,CONSV,5,NORMAL,proposed,pdLineExpansion,targetFactoryId=CONSV-F1,0
ecuador-delayed-expansion,seed-2,CONSV,5,NORMAL,statusChange,vapLineExpansion,underConstruction->underConstruction,1500000
ecuador-delayed-expansion,seed-2,CONSV,5,NORMAL,statusChange,pdLineExpansion,approved->underConstruction,1200000
ecuador-delayed-expansion,seed-2,JPQ,6,NORMAL,statusChange,vapLineExpansion,underConstruction->underConstruction,2100000
ecuador-delayed-expansion,seed-2,CONSV,6,NORMAL,statusChange,vapLineExpansion,underConstruction->completed,900000
ecuador-delayed-expansion,seed-2,CONSV,6,NORMAL,statusChange,pdLineExpansion,underConstruction->underConstruction,1600000
ecuador-delayed-expansion,seed-2,JPQ,7,NORMAL,statusChange,vapLineExpansion,underConstruction->underConstruction,1500000
ecuador-delayed-expansion,seed-2,CONSV,7,NORMAL,statusChange,pdLineExpansion,underConstruction->completed,1200000
ecuador-delayed-expansion,seed-2,JPQ,8,NORMAL,statusChange,vapLineExpansion,underConstruction->completed,900000
ecuador-delayed-expansion,seed-2,BAL,9,NORMAL,proposed,hosoLineExpansion,targetFactoryId=BAL-F1,0
ecuador-delayed-expansion,seed-2,BAL,9,NORMAL,statusChange,hosoLineExpansion,approved->completed,8000000
ecuador-delayed-expansion,seed-2,CONSV,9,NORMAL,proposed,hosoLineExpansion,targetFactoryId=CONSV-F1,0
ecuador-delayed-expansion,seed-2,CONSV,9,NORMAL,statusChange,hosoLineExpansion,approved->completed,8000000
ecuador-delayed-expansion,seed-2,BAL,11,NORMAL,proposed,pdLineExpansion,targetFactoryId=BAL-F1,0
ecuador-delayed-expansion,seed-2,BAL,11,NORMAL,proposed,vapLineExpansion,targetFactoryId=BAL-F1,0
ecuador-delayed-expansion,seed-2,BAL,11,NORMAL,statusChange,pdLineExpansion,approved->underConstruction,1200000
ecuador-delayed-expansion,seed-2,BAL,11,NORMAL,statusChange,vapLineExpansion,approved->underConstruction,1500000
ecuador-delayed-expansion,seed-2,JPQ,11,NORMAL,proposed,hosoLineExpansion,targetFactoryId=JPQ-F1,0
ecuador-delayed-expansion,seed-2,JPQ,11,NORMAL,proposed,pdLineExpansion,targetFactoryId=JPQ-F1,0
ecuador-delayed-expansion,seed-2,JPQ,11,NORMAL,statusChange,hosoLineExpansion,approved->completed,8000000
ecuador-delayed-expansion,seed-2,JPQ,11,NORMAL,statusChange,pdLineExpansion,approved->underConstruction,1200000
ecuador-delayed-expansion,seed-2,CONSV,11,NORMAL,proposed,pdLineExpansion,targetFactoryId=CONSV-F1,0
ecuador-delayed-expansion,seed-2,CONSV,11,NORMAL,proposed,vapLineExpansion,targetFactoryId=CONSV-F1,0
ecuador-delayed-expansion,seed-2,CONSV,11,NORMAL,statusChange,pdLineExpansion,approved->underConstruction,1200000
ecuador-delayed-expansion,seed-2,CONSV,11,NORMAL,statusChange,vapLineExpansion,approved->underConstruction,1500000
ecuador-delayed-expansion,seed-2,BAL,12,NORMAL,proposed,hosoLineExpansion,targetFactoryId=BAL-F1,0
ecuador-delayed-expansion,seed-2,BAL,12,NORMAL,proposed,commonProcessingExpansion,targetFactoryId=BAL-F1,0
ecuador-delayed-expansion,seed-2,BAL,12,NORMAL,rejected,commonProcessingExpansion,同時進行中案件数が上限(3)に達しているため新規承認を見送り。,5000000
ecuador-delayed-expansion,seed-2,BAL,12,NORMAL,statusChange,pdLineExpansion,underConstruction->underConstruction,1600000
ecuador-delayed-expansion,seed-2,BAL,12,NORMAL,statusChange,vapLineExpansion,underConstruction->underConstruction,2100000
ecuador-delayed-expansion,seed-2,BAL,12,NORMAL,statusChange,hosoLineExpansion,approved->completed,8000000
ecuador-delayed-expansion,seed-2,JPQ,12,NORMAL,statusChange,pdLineExpansion,underConstruction->underConstruction,1600000
ecuador-delayed-expansion,seed-2,CONSV,12,NORMAL,statusChange,pdLineExpansion,underConstruction->underConstruction,1600000
ecuador-delayed-expansion,seed-2,CONSV,12,NORMAL,statusChange,vapLineExpansion,underConstruction->underConstruction,2100000
ecuador-delayed-expansion,seed-2,BAL,13,NORMAL,statusChange,pdLineExpansion,underConstruction->completed,1200000
ecuador-delayed-expansion,seed-2,BAL,13,NORMAL,statusChange,vapLineExpansion,underConstruction->underConstruction,1500000
ecuador-delayed-expansion,seed-2,JPQ,13,NORMAL,proposed,vapLineExpansion,targetFactoryId=JPQ-F1,0
ecuador-delayed-expansion,seed-2,JPQ,13,NORMAL,statusChange,pdLineExpansion,underConstruction->completed,1200000
ecuador-delayed-expansion,seed-2,JPQ,13,NORMAL,statusChange,vapLineExpansion,approved->underConstruction,1500000
ecuador-delayed-expansion,seed-2,CONSV,13,NORMAL,proposed,hosoLineExpansion,targetFactoryId=CONSV-F1,0
ecuador-delayed-expansion,seed-2,CONSV,13,NORMAL,statusChange,pdLineExpansion,underConstruction->completed,1200000
ecuador-delayed-expansion,seed-2,CONSV,13,NORMAL,statusChange,vapLineExpansion,underConstruction->underConstruction,1500000
ecuador-delayed-expansion,seed-2,CONSV,13,NORMAL,statusChange,hosoLineExpansion,approved->completed,8000000
ecuador-delayed-expansion,seed-2,MASS,14,NORMAL,proposed,pdLineExpansion,targetFactoryId=MASS-F1,0
ecuador-delayed-expansion,seed-2,MASS,14,NORMAL,statusChange,pdLineExpansion,approved->underConstruction,1200000
ecuador-delayed-expansion,seed-2,BAL,14,NORMAL,proposed,commonProcessingExpansion,targetFactoryId=BAL-F1,0
ecuador-delayed-expansion,seed-2,BAL,14,NORMAL,statusChange,vapLineExpansion,underConstruction->completed,900000
ecuador-delayed-expansion,seed-2,BAL,14,NORMAL,statusChange,commonProcessingExpansion,approved->underConstruction,1500000
ecuador-delayed-expansion,seed-2,JPQ,14,NORMAL,statusChange,vapLineExpansion,underConstruction->underConstruction,2100000
ecuador-delayed-expansion,seed-2,CONSV,14,NORMAL,statusChange,vapLineExpansion,underConstruction->completed,900000
ecuador-delayed-expansion,seed-2,MASS,15,NORMAL,statusChange,pdLineExpansion,underConstruction->underConstruction,1600000
ecuador-delayed-expansion,seed-2,BAL,15,NORMAL,statusChange,commonProcessingExpansion,underConstruction->underConstruction,2000000
ecuador-delayed-expansion,seed-2,JPQ,15,NORMAL,proposed,hosoLineExpansion,targetFactoryId=JPQ-F1,0
ecuador-delayed-expansion,seed-2,JPQ,15,NORMAL,statusChange,vapLineExpansion,underConstruction->underConstruction,1500000
ecuador-delayed-expansion,seed-2,JPQ,15,NORMAL,statusChange,hosoLineExpansion,approved->completed,8000000
ecuador-delayed-expansion,seed-2,CONSV,15,NORMAL,proposed,pdLineExpansion,targetFactoryId=CONSV-F1,0
ecuador-delayed-expansion,seed-2,CONSV,15,NORMAL,statusChange,pdLineExpansion,approved->underConstruction,1200000
ecuador-delayed-expansion,seed-2,MASS,16,NORMAL,proposed,vapLineExpansion,targetFactoryId=MASS-F1,0
ecuador-delayed-expansion,seed-2,MASS,16,NORMAL,statusChange,pdLineExpansion,underConstruction->completed,1200000
ecuador-delayed-expansion,seed-2,MASS,16,NORMAL,statusChange,vapLineExpansion,approved->underConstruction,1500000
ecuador-delayed-expansion,seed-2,BAL,16,NORMAL,statusChange,commonProcessingExpansion,underConstruction->completed,1500000
ecuador-delayed-expansion,seed-2,JPQ,16,NORMAL,proposed,pdLineExpansion,targetFactoryId=JPQ-F1,0
ecuador-delayed-expansion,seed-2,JPQ,16,NORMAL,statusChange,vapLineExpansion,underConstruction->completed,900000
ecuador-delayed-expansion,seed-2,JPQ,16,NORMAL,statusChange,pdLineExpansion,approved->underConstruction,1200000
ecuador-delayed-expansion,seed-2,CONSV,16,NORMAL,statusChange,pdLineExpansion,underConstruction->underConstruction,1600000
ecuador-delayed-expansion,seed-2,MASS,17,NORMAL,proposed,newFactoryConstruction,targetFactoryId=,0
ecuador-delayed-expansion,seed-2,MASS,17,NORMAL,statusChange,vapLineExpansion,underConstruction->underConstruction,2100000
ecuador-delayed-expansion,seed-2,MASS,17,NORMAL,statusChange,newFactoryConstruction,approved->underConstruction,6600000
ecuador-delayed-expansion,seed-2,JPQ,17,NORMAL,statusChange,pdLineExpansion,underConstruction->underConstruction,1600000
ecuador-delayed-expansion,seed-2,CONSV,17,NORMAL,statusChange,pdLineExpansion,underConstruction->completed,1200000
ecuador-delayed-expansion,seed-2,MASS,18,NORMAL,statusChange,vapLineExpansion,underConstruction->underConstruction,1500000
ecuador-delayed-expansion,seed-2,MASS,18,NORMAL,statusChange,newFactoryConstruction,underConstruction->underConstruction,7699999.999999999
ecuador-delayed-expansion,seed-2,BAL,18,NORMAL,proposed,commonProcessingExpansion,targetFactoryId=BAL-F1,0
ecuador-delayed-expansion,seed-2,BAL,18,NORMAL,statusChange,commonProcessingExpansion,approved->underConstruction,1500000
ecuador-delayed-expansion,seed-2,JPQ,18,NORMAL,statusChange,pdLineExpansion,underConstruction->completed,1200000
ecuador-delayed-expansion,seed-2,MASS,19,NORMAL,statusChange,vapLineExpansion,underConstruction->completed,900000
ecuador-delayed-expansion,seed-2,MASS,19,NORMAL,statusChange,newFactoryConstruction,underConstruction->completed,7699999.999999999
ecuador-delayed-expansion,seed-2,BAL,19,NORMAL,statusChange,commonProcessingExpansion,underConstruction->underConstruction,2000000
ecuador-delayed-expansion,seed-2,JPQ,19,NORMAL,proposed,hosoLineExpansion,targetFactoryId=JPQ-F1,0
ecuador-delayed-expansion,seed-2,JPQ,19,NORMAL,statusChange,hosoLineExpansion,approved->completed,8000000
ecuador-delayed-expansion,seed-2,BAL,20,NORMAL,statusChange,commonProcessingExpansion,underConstruction->completed,1500000
ecuador-delayed-expansion,seed-2,JPQ,20,NORMAL,proposed,pdLineExpansion,targetFactoryId=JPQ-F1,0
ecuador-delayed-expansion,seed-2,JPQ,20,NORMAL,proposed,vapLineExpansion,targetFactoryId=JPQ-F1,0
ecuador-delayed-expansion,seed-2,JPQ,20,NORMAL,proposed,commonProcessingExpansion,targetFactoryId=JPQ-F1,0
ecuador-delayed-expansion,seed-2,JPQ,20,NORMAL,rejected,commonProcessingExpansion,工場スペースが不足しているため新規承認を見送り。必要スペース 560 / 空き 300（総量 127650、不足 260 スペース単位）。,5000000
ecuador-delayed-expansion,seed-2,JPQ,20,NORMAL,statusChange,pdLineExpansion,approved->underConstruction,1200000
ecuador-delayed-expansion,seed-2,JPQ,20,NORMAL,statusChange,vapLineExpansion,approved->underConstruction,1500000
ecuador-delayed-expansion,seed-2,JPQ,21,NORMAL,proposed,commonProcessingExpansion,targetFactoryId=JPQ-F1,0
ecuador-delayed-expansion,seed-2,JPQ,21,NORMAL,rejected,commonProcessingExpansion,工場スペースが不足しているため新規承認を見送り。必要スペース 560 / 空き 300（総量 127650、不足 260 スペース単位）。,5000000
ecuador-delayed-expansion,seed-2,JPQ,21,NORMAL,statusChange,pdLineExpansion,underConstruction->underConstruction,1600000
ecuador-delayed-expansion,seed-2,JPQ,21,NORMAL,statusChange,vapLineExpansion,underConstruction->underConstruction,2100000
ecuador-delayed-expansion,seed-2,BAL,22,NORMAL,proposed,commonProcessingExpansion,targetFactoryId=BAL-F1,0
ecuador-delayed-expansion,seed-2,BAL,22,NORMAL,statusChange,commonProcessingExpansion,approved->underConstruction,1500000
ecuador-delayed-expansion,seed-2,JPQ,22,NORMAL,proposed,commonProcessingExpansion,targetFactoryId=JPQ-F1,0
ecuador-delayed-expansion,seed-2,JPQ,22,NORMAL,rejected,commonProcessingExpansion,工場スペースが不足しているため新規承認を見送り。必要スペース 560 / 空き 300（総量 127650、不足 260 スペース単位）。,5000000
ecuador-delayed-expansion,seed-2,JPQ,22,NORMAL,statusChange,pdLineExpansion,underConstruction->completed,1200000
ecuador-delayed-expansion,seed-2,JPQ,22,NORMAL,statusChange,vapLineExpansion,underConstruction->underConstruction,1500000
ecuador-delayed-expansion,seed-2,BAL,23,NORMAL,statusChange,commonProcessingExpansion,underConstruction->underConstruction,2000000
ecuador-delayed-expansion,seed-2,JPQ,23,NORMAL,proposed,commonProcessingExpansion,targetFactoryId=JPQ-F1,0
ecuador-delayed-expansion,seed-2,JPQ,23,NORMAL,rejected,commonProcessingExpansion,工場スペースが不足しているため新規承認を見送り。必要スペース 560 / 空き 300（総量 127650、不足 260 スペース単位）。,5000000
ecuador-delayed-expansion,seed-2,JPQ,23,NORMAL,statusChange,vapLineExpansion,underConstruction->completed,900000
ecuador-delayed-expansion,seed-2,BAL,24,NORMAL,proposed,newFactoryConstruction,targetFactoryId=,0
ecuador-delayed-expansion,seed-2,BAL,24,NORMAL,statusChange,commonProcessingExpansion,underConstruction->completed,1500000
ecuador-delayed-expansion,seed-2,BAL,24,NORMAL,statusChange,newFactoryConstruction,approved->underConstruction,6600000
ecuador-delayed-expansion,seed-2,JPQ,24,NORMAL,proposed,commonProcessingExpansion,targetFactoryId=JPQ-F1,0
ecuador-delayed-expansion,seed-2,JPQ,24,NORMAL,rejected,commonProcessingExpansion,工場スペースが不足しているため新規承認を見送り。必要スペース 560 / 空き 300（総量 127650、不足 260 スペース単位）。,5000000
ecuador-delayed-expansion,seed-2,BAL,25,NORMAL,statusChange,newFactoryConstruction,underConstruction->underConstruction,7699999.999999999
ecuador-delayed-expansion,seed-2,JPQ,25,NORMAL,proposed,commonProcessingExpansion,targetFactoryId=JPQ-F1,0
ecuador-delayed-expansion,seed-2,JPQ,25,NORMAL,rejected,commonProcessingExpansion,工場スペースが不足しているため新規承認を見送り。必要スペース 560 / 空き 300（総量 127650、不足 260 スペース単位）。,5000000
ecuador-delayed-expansion,seed-2,BAL,26,NORMAL,statusChange,newFactoryConstruction,underConstruction->completed,7699999.999999999
ecuador-delayed-expansion,seed-3,BAL,2,NORMAL,proposed,pdLineExpansion,targetFactoryId=BAL-F1,0
ecuador-delayed-expansion,seed-3,BAL,2,NORMAL,statusChange,pdLineExpansion,approved->underConstruction,1200000
ecuador-delayed-expansion,seed-3,BAL,3,NORMAL,proposed,hosoLineExpansion,targetFactoryId=BAL-F1,0
ecuador-delayed-expansion,seed-3,BAL,3,NORMAL,statusChange,pdLineExpansion,underConstruction->underConstruction,1600000
ecuador-delayed-expansion,seed-3,BAL,3,NORMAL,statusChange,hosoLineExpansion,approved->completed,8000000
ecuador-delayed-expansion,seed-3,CONSV,3,NORMAL,proposed,hosoLineExpansion,targetFactoryId=CONSV-F1,0
ecuador-delayed-expansion,seed-3,CONSV,3,NORMAL,proposed,vapLineExpansion,targetFactoryId=CONSV-F1,0
ecuador-delayed-expansion,seed-3,CONSV,3,NORMAL,statusChange,hosoLineExpansion,approved->completed,8000000
ecuador-delayed-expansion,seed-3,CONSV,3,NORMAL,statusChange,vapLineExpansion,approved->underConstruction,1500000
ecuador-delayed-expansion,seed-3,BAL,4,NORMAL,statusChange,pdLineExpansion,underConstruction->completed,1200000
ecuador-delayed-expansion,seed-3,CONSV,4,NORMAL,statusChange,vapLineExpansion,underConstruction->underConstruction,2100000
ecuador-delayed-expansion,seed-3,JPQ,5,NORMAL,proposed,vapLineExpansion,targetFactoryId=JPQ-F1,0
ecuador-delayed-expansion,seed-3,JPQ,5,NORMAL,statusChange,vapLineExpansion,approved->underConstruction,1500000
ecuador-delayed-expansion,seed-3,CONSV,5,NORMAL,proposed,pdLineExpansion,targetFactoryId=CONSV-F1,0
ecuador-delayed-expansion,seed-3,CONSV,5,NORMAL,statusChange,vapLineExpansion,underConstruction->underConstruction,1500000
ecuador-delayed-expansion,seed-3,CONSV,5,NORMAL,statusChange,pdLineExpansion,approved->underConstruction,1200000
ecuador-delayed-expansion,seed-3,JPQ,6,NORMAL,statusChange,vapLineExpansion,underConstruction->suspended,0
ecuador-delayed-expansion,seed-3,CONSV,6,NORMAL,statusChange,vapLineExpansion,underConstruction->suspended,0
ecuador-delayed-expansion,seed-3,CONSV,6,NORMAL,statusChange,pdLineExpansion,underConstruction->suspended,0
ecuador-delayed-expansion,seed-3,BAL,7,NORMAL,proposed,pdLineExpansion,targetFactoryId=BAL-F1,0
ecuador-delayed-expansion,seed-3,BAL,7,NORMAL,proposed,vapLineExpansion,targetFactoryId=BAL-F1,0
ecuador-delayed-expansion,seed-3,BAL,7,NORMAL,statusChange,pdLineExpansion,approved->underConstruction,1200000
ecuador-delayed-expansion,seed-3,BAL,7,NORMAL,statusChange,vapLineExpansion,approved->underConstruction,1500000
ecuador-delayed-expansion,seed-3,BAL,8,NORMAL,proposed,hosoLineExpansion,targetFactoryId=BAL-F1,0
ecuador-delayed-expansion,seed-3,BAL,8,NORMAL,statusChange,pdLineExpansion,underConstruction->underConstruction,1600000
ecuador-delayed-expansion,seed-3,BAL,8,NORMAL,statusChange,vapLineExpansion,underConstruction->underConstruction,2100000
ecuador-delayed-expansion,seed-3,BAL,8,NORMAL,statusChange,hosoLineExpansion,approved->completed,8000000
ecuador-delayed-expansion,seed-3,CONSV,8,NORMAL,proposed,hosoLineExpansion,targetFactoryId=CONSV-F1,0
ecuador-delayed-expansion,seed-3,CONSV,8,NORMAL,statusChange,hosoLineExpansion,approved->completed,8000000
ecuador-delayed-expansion,seed-3,BAL,9,NORMAL,statusChange,pdLineExpansion,underConstruction->completed,1200000
ecuador-delayed-expansion,seed-3,BAL,9,NORMAL,statusChange,vapLineExpansion,underConstruction->underConstruction,1500000
ecuador-delayed-expansion,seed-3,BAL,10,NORMAL,statusChange,vapLineExpansion,underConstruction->completed,900000
ecuador-delayed-expansion,seed-3,JPQ,11,NORMAL,proposed,hosoLineExpansion,targetFactoryId=JPQ-F1,0
ecuador-delayed-expansion,seed-3,JPQ,11,NORMAL,proposed,pdLineExpansion,targetFactoryId=JPQ-F1,0
ecuador-delayed-expansion,seed-3,JPQ,11,NORMAL,statusChange,hosoLineExpansion,approved->completed,8000000
ecuador-delayed-expansion,seed-3,JPQ,11,NORMAL,statusChange,pdLineExpansion,approved->underConstruction,1200000
ecuador-delayed-expansion,seed-3,BAL,12,NORMAL,proposed,hosoLineExpansion,targetFactoryId=BAL-F1,0
ecuador-delayed-expansion,seed-3,BAL,12,NORMAL,statusChange,hosoLineExpansion,approved->completed,8000000
ecuador-delayed-expansion,seed-3,JPQ,12,NORMAL,statusChange,pdLineExpansion,underConstruction->underConstruction,1600000
ecuador-delayed-expansion,seed-3,VAP,12,NORMAL,proposed,hosoLineExpansion,targetFactoryId=VAP-F1,0
ecuador-delayed-expansion,seed-3,VAP,12,NORMAL,statusChange,hosoLineExpansion,approved->completed,8000000
ecuador-delayed-expansion,seed-3,JPQ,13,NORMAL,statusChange,pdLineExpansion,underConstruction->completed,1200000
ecuador-delayed-expansion,seed-3,MASS,14,NORMAL,proposed,pdLineExpansion,targetFactoryId=MASS-F1,0
ecuador-delayed-expansion,seed-3,MASS,14,NORMAL,proposed,vapLineExpansion,targetFactoryId=MASS-F1,0
ecuador-delayed-expansion,seed-3,MASS,14,NORMAL,statusChange,pdLineExpansion,approved->underConstruction,1200000
ecuador-delayed-expansion,seed-3,MASS,14,NORMAL,statusChange,vapLineExpansion,approved->underConstruction,1500000
ecuador-delayed-expansion,seed-3,MASS,15,NORMAL,statusChange,pdLineExpansion,underConstruction->underConstruction,1600000
ecuador-delayed-expansion,seed-3,MASS,15,NORMAL,statusChange,vapLineExpansion,underConstruction->underConstruction,2100000
ecuador-delayed-expansion,seed-3,BAL,15,NORMAL,proposed,commonProcessingExpansion,targetFactoryId=BAL-F1,0
ecuador-delayed-expansion,seed-3,BAL,15,NORMAL,statusChange,commonProcessingExpansion,approved->underConstruction,1500000
ecuador-delayed-expansion,seed-3,JPQ,15,NORMAL,proposed,hosoLineExpansion,targetFactoryId=JPQ-F1,0
ecuador-delayed-expansion,seed-3,JPQ,15,NORMAL,statusChange,hosoLineExpansion,approved->completed,8000000
ecuador-delayed-expansion,seed-3,VAP,15,NORMAL,proposed,hosoLineExpansion,targetFactoryId=VAP-F1,0
ecuador-delayed-expansion,seed-3,VAP,15,NORMAL,statusChange,hosoLineExpansion,approved->completed,8000000
ecuador-delayed-expansion,seed-3,MASS,16,NORMAL,statusChange,pdLineExpansion,underConstruction->completed,1200000
ecuador-delayed-expansion,seed-3,MASS,16,NORMAL,statusChange,vapLineExpansion,underConstruction->underConstruction,1500000
ecuador-delayed-expansion,seed-3,BAL,16,NORMAL,statusChange,commonProcessingExpansion,underConstruction->underConstruction,2000000
ecuador-delayed-expansion,seed-3,JPQ,16,NORMAL,proposed,pdLineExpansion,targetFactoryId=JPQ-F1,0
ecuador-delayed-expansion,seed-3,JPQ,16,NORMAL,statusChange,pdLineExpansion,approved->underConstruction,1200000
ecuador-delayed-expansion,seed-3,MASS,17,NORMAL,statusChange,vapLineExpansion,underConstruction->completed,900000
ecuador-delayed-expansion,seed-3,BAL,17,NORMAL,statusChange,commonProcessingExpansion,underConstruction->completed,1500000
ecuador-delayed-expansion,seed-3,JPQ,17,NORMAL,statusChange,pdLineExpansion,underConstruction->underConstruction,1600000
ecuador-delayed-expansion,seed-3,VAP,17,NORMAL,proposed,vapLineExpansion,targetFactoryId=VAP-F1,0
ecuador-delayed-expansion,seed-3,VAP,17,NORMAL,statusChange,vapLineExpansion,approved->underConstruction,1500000
ecuador-delayed-expansion,seed-3,JPQ,18,NORMAL,proposed,hosoLineExpansion,targetFactoryId=JPQ-F1,0
ecuador-delayed-expansion,seed-3,JPQ,18,NORMAL,proposed,commonProcessingExpansion,targetFactoryId=JPQ-F1,0
ecuador-delayed-expansion,seed-3,JPQ,18,NORMAL,rejected,commonProcessingExpansion,同時進行中案件数が上限(3)に達しているため新規承認を見送り。,5000000
ecuador-delayed-expansion,seed-3,JPQ,18,NORMAL,statusChange,pdLineExpansion,underConstruction->completed,1200000
ecuador-delayed-expansion,seed-3,JPQ,18,NORMAL,statusChange,hosoLineExpansion,approved->completed,8000000
ecuador-delayed-expansion,seed-3,VAP,18,NORMAL,statusChange,vapLineExpansion,underConstruction->underConstruction,2100000
ecuador-delayed-expansion,seed-3,BAL,19,NORMAL,proposed,commonProcessingExpansion,targetFactoryId=BAL-F1,0
ecuador-delayed-expansion,seed-3,BAL,19,NORMAL,statusChange,commonProcessingExpansion,approved->underConstruction,1500000
ecuador-delayed-expansion,seed-3,JPQ,19,NORMAL,proposed,commonProcessingExpansion,targetFactoryId=JPQ-F1,0
ecuador-delayed-expansion,seed-3,JPQ,19,NORMAL,statusChange,commonProcessingExpansion,approved->underConstruction,1500000
ecuador-delayed-expansion,seed-3,VAP,19,NORMAL,proposed,hosoLineExpansion,targetFactoryId=VAP-F1,0
ecuador-delayed-expansion,seed-3,VAP,19,NORMAL,proposed,pdLineExpansion,targetFactoryId=VAP-F1,0
ecuador-delayed-expansion,seed-3,VAP,19,NORMAL,proposed,commonProcessingExpansion,targetFactoryId=VAP-F1,0
ecuador-delayed-expansion,seed-3,VAP,19,NORMAL,rejected,commonProcessingExpansion,同時進行中案件数が上限(3)に達しているため新規承認を見送り。,5000000
ecuador-delayed-expansion,seed-3,VAP,19,NORMAL,statusChange,vapLineExpansion,underConstruction->underConstruction,1500000
ecuador-delayed-expansion,seed-3,VAP,19,NORMAL,statusChange,hosoLineExpansion,approved->completed,8000000
ecuador-delayed-expansion,seed-3,VAP,19,NORMAL,statusChange,pdLineExpansion,approved->underConstruction,1200000
ecuador-delayed-expansion,seed-3,MASS,20,NORMAL,proposed,hosoLineExpansion,targetFactoryId=MASS-F1,0
ecuador-delayed-expansion,seed-3,MASS,20,NORMAL,proposed,pdLineExpansion,targetFactoryId=MASS-F1,0
ecuador-delayed-expansion,seed-3,MASS,20,NORMAL,proposed,vapLineExpansion,targetFactoryId=MASS-F1,0
ecuador-delayed-expansion,seed-3,MASS,20,NORMAL,proposed,newFactoryConstruction,targetFactoryId=,0
ecuador-delayed-expansion,seed-3,MASS,20,NORMAL,rejected,newFactoryConstruction,同時進行中案件数が上限(3)に達しているため新規承認を見送り。,22000000
ecuador-delayed-expansion,seed-3,MASS,20,NORMAL,statusChange,hosoLineExpansion,approved->completed,8000000
ecuador-delayed-expansion,seed-3,MASS,20,NORMAL,statusChange,pdLineExpansion,approved->underConstruction,1200000
ecuador-delayed-expansion,seed-3,MASS,20,NORMAL,statusChange,vapLineExpansion,approved->underConstruction,1500000
ecuador-delayed-expansion,seed-3,BAL,20,NORMAL,statusChange,commonProcessingExpansion,underConstruction->underConstruction,2000000
ecuador-delayed-expansion,seed-3,JPQ,20,NORMAL,statusChange,commonProcessingExpansion,underConstruction->underConstruction,2000000
ecuador-delayed-expansion,seed-3,VAP,20,NORMAL,statusChange,vapLineExpansion,underConstruction->completed,900000
ecuador-delayed-expansion,seed-3,VAP,20,NORMAL,statusChange,pdLineExpansion,underConstruction->underConstruction,1600000
ecuador-delayed-expansion,seed-3,MASS,21,NORMAL,proposed,newFactoryConstruction,targetFactoryId=,0
ecuador-delayed-expansion,seed-3,MASS,21,NORMAL,statusChange,pdLineExpansion,underConstruction->underConstruction,1600000
ecuador-delayed-expansion,seed-3,MASS,21,NORMAL,statusChange,vapLineExpansion,underConstruction->underConstruction,2100000
ecuador-delayed-expansion,seed-3,MASS,21,NORMAL,statusChange,newFactoryConstruction,approved->underConstruction,6600000
ecuador-delayed-expansion,seed-3,BAL,21,NORMAL,statusChange,commonProcessingExpansion,underConstruction->completed,1500000
ecuador-delayed-expansion,seed-3,JPQ,21,NORMAL,statusChange,commonProcessingExpansion,underConstruction->completed,1500000
ecuador-delayed-expansion,seed-3,VAP,21,NORMAL,proposed,commonProcessingExpansion,targetFactoryId=VAP-F1,0
ecuador-delayed-expansion,seed-3,VAP,21,NORMAL,statusChange,pdLineExpansion,underConstruction->completed,1200000
ecuador-delayed-expansion,seed-3,VAP,21,NORMAL,statusChange,commonProcessingExpansion,approved->underConstruction,1500000
ecuador-delayed-expansion,seed-3,MASS,22,NORMAL,statusChange,pdLineExpansion,underConstruction->completed,1200000
ecuador-delayed-expansion,seed-3,MASS,22,NORMAL,statusChange,vapLineExpansion,underConstruction->underConstruction,1500000
ecuador-delayed-expansion,seed-3,MASS,22,NORMAL,statusChange,newFactoryConstruction,underConstruction->underConstruction,7699999.999999999
ecuador-delayed-expansion,seed-3,VAP,22,NORMAL,proposed,hosoLineExpansion,targetFactoryId=VAP-F1,0
ecuador-delayed-expansion,seed-3,VAP,22,NORMAL,rejected,hosoLineExpansion,工場スペースが不足しているため新規承認を見送り。必要スペース 4000 / 空き 2490（総量 126500、不足 1510 スペース単位）。,8000000
ecuador-delayed-expansion,seed-3,VAP,22,NORMAL,statusChange,commonProcessingExpansion,underConstruction->underConstruction,2000000
ecuador-delayed-expansion,seed-3,MASS,23,NORMAL,proposed,hosoLineExpansion,targetFactoryId=MASS-F1,0
ecuador-delayed-expansion,seed-3,MASS,23,NORMAL,statusChange,vapLineExpansion,underConstruction->completed,900000
ecuador-delayed-expansion,seed-3,MASS,23,NORMAL,statusChange,newFactoryConstruction,underConstruction->completed,7699999.999999999
ecuador-delayed-expansion,seed-3,MASS,23,NORMAL,statusChange,hosoLineExpansion,approved->completed,8000000
ecuador-delayed-expansion,seed-3,BAL,23,NORMAL,proposed,commonProcessingExpansion,targetFactoryId=BAL-F1,0
ecuador-delayed-expansion,seed-3,BAL,23,NORMAL,statusChange,commonProcessingExpansion,approved->underConstruction,1500000
ecuador-delayed-expansion,seed-3,JPQ,23,NORMAL,proposed,commonProcessingExpansion,targetFactoryId=JPQ-F1,0
ecuador-delayed-expansion,seed-3,JPQ,23,NORMAL,statusChange,commonProcessingExpansion,approved->underConstruction,1500000
ecuador-delayed-expansion,seed-3,VAP,23,NORMAL,statusChange,commonProcessingExpansion,underConstruction->completed,1500000
ecuador-delayed-expansion,seed-3,BAL,24,NORMAL,proposed,newFactoryConstruction,targetFactoryId=,0
ecuador-delayed-expansion,seed-3,BAL,24,NORMAL,statusChange,commonProcessingExpansion,underConstruction->underConstruction,2000000
ecuador-delayed-expansion,seed-3,BAL,24,NORMAL,statusChange,newFactoryConstruction,approved->underConstruction,6600000
ecuador-delayed-expansion,seed-3,JPQ,24,NORMAL,statusChange,commonProcessingExpansion,underConstruction->underConstruction,2000000
ecuador-delayed-expansion,seed-3,BAL,25,NORMAL,statusChange,commonProcessingExpansion,underConstruction->completed,1500000
ecuador-delayed-expansion,seed-3,BAL,25,NORMAL,statusChange,newFactoryConstruction,underConstruction->underConstruction,7699999.999999999
ecuador-delayed-expansion,seed-3,JPQ,25,NORMAL,statusChange,commonProcessingExpansion,underConstruction->completed,1500000
ecuador-delayed-expansion,seed-3,VAP,25,NORMAL,proposed,commonProcessingExpansion,targetFactoryId=VAP-F1,0
ecuador-delayed-expansion,seed-3,VAP,25,NORMAL,statusChange,commonProcessingExpansion,approved->underConstruction,1500000
ecuador-delayed-expansion,seed-3,BAL,26,NORMAL,statusChange,newFactoryConstruction,underConstruction->completed,7699999.999999999
ecuador-delayed-expansion,seed-3,VAP,26,NORMAL,statusChange,commonProcessingExpansion,underConstruction->underConstruction,2000000
ecuador-delayed-expansion,seed-3,JPQ,27,NORMAL,proposed,commonProcessingExpansion,targetFactoryId=JPQ-F1,0
ecuador-delayed-expansion,seed-3,JPQ,27,NORMAL,statusChange,commonProcessingExpansion,approved->underConstruction,1500000
ecuador-delayed-expansion,seed-3,VAP,27,NORMAL,statusChange,commonProcessingExpansion,underConstruction->completed,1500000
ecuador-delayed-expansion,seed-3,JPQ,28,NORMAL,statusChange,commonProcessingExpansion,underConstruction->underConstruction,2000000
ecuador-delayed-expansion,seed-3,JPQ,29,NORMAL,statusChange,commonProcessingExpansion,underConstruction->completed,1500000
ecuador-delayed-expansion,seed-3,VAP,29,NORMAL,proposed,commonProcessingExpansion,targetFactoryId=VAP-F1,0
ecuador-delayed-expansion,seed-3,VAP,29,NORMAL,statusChange,commonProcessingExpansion,approved->underConstruction,1500000
ecuador-delayed-expansion,seed-3,VAP,30,NORMAL,statusChange,commonProcessingExpansion,underConstruction->underConstruction,2000000
ecuador-delayed-expansion,seed-3,JPQ,31,NORMAL,proposed,commonProcessingExpansion,targetFactoryId=JPQ-F1,0
ecuador-delayed-expansion,seed-3,JPQ,31,NORMAL,statusChange,commonProcessingExpansion,approved->underConstruction,1500000
ecuador-delayed-expansion,seed-3,VAP,31,NORMAL,statusChange,commonProcessingExpansion,underConstruction->completed,1500000
ecuador-delayed-expansion,seed-3,JPQ,32,NORMAL,statusChange,commonProcessingExpansion,underConstruction->underConstruction,2000000
ecuador-delayed-expansion,seed-4,BAL,2,NORMAL,proposed,pdLineExpansion,targetFactoryId=BAL-F1,0
ecuador-delayed-expansion,seed-4,BAL,2,NORMAL,statusChange,pdLineExpansion,approved->underConstruction,1200000
ecuador-delayed-expansion,seed-4,BAL,3,NORMAL,proposed,hosoLineExpansion,targetFactoryId=BAL-F1,0
ecuador-delayed-expansion,seed-4,BAL,3,NORMAL,statusChange,pdLineExpansion,underConstruction->underConstruction,1600000
ecuador-delayed-expansion,seed-4,BAL,3,NORMAL,statusChange,hosoLineExpansion,approved->completed,8000000
ecuador-delayed-expansion,seed-4,CONSV,3,NORMAL,proposed,hosoLineExpansion,targetFactoryId=CONSV-F1,0
ecuador-delayed-expansion,seed-4,CONSV,3,NORMAL,proposed,vapLineExpansion,targetFactoryId=CONSV-F1,0
ecuador-delayed-expansion,seed-4,CONSV,3,NORMAL,statusChange,hosoLineExpansion,approved->completed,8000000
ecuador-delayed-expansion,seed-4,CONSV,3,NORMAL,statusChange,vapLineExpansion,approved->underConstruction,1500000
ecuador-delayed-expansion,seed-4,BAL,4,NORMAL,statusChange,pdLineExpansion,underConstruction->completed,1200000
ecuador-delayed-expansion,seed-4,CONSV,4,NORMAL,statusChange,vapLineExpansion,underConstruction->underConstruction,2100000
ecuador-delayed-expansion,seed-4,CONSV,5,NORMAL,statusChange,vapLineExpansion,underConstruction->underConstruction,1500000
ecuador-delayed-expansion,seed-4,CONSV,6,NORMAL,statusChange,vapLineExpansion,underConstruction->suspended,0
ecuador-delayed-expansion,seed-4,BAL,7,NORMAL,proposed,hosoLineExpansion,targetFactoryId=BAL-F1,0
ecuador-delayed-expansion,seed-4,BAL,7,NORMAL,proposed,pdLineExpansion,targetFactoryId=BAL-F1,0
ecuador-delayed-expansion,seed-4,BAL,7,NORMAL,proposed,vapLineExpansion,targetFactoryId=BAL-F1,0
ecuador-delayed-expansion,seed-4,BAL,7,NORMAL,statusChange,hosoLineExpansion,approved->completed,8000000
ecuador-delayed-expansion,seed-4,BAL,7,NORMAL,statusChange,pdLineExpansion,approved->underConstruction,1200000
ecuador-delayed-expansion,seed-4,BAL,7,NORMAL,statusChange,vapLineExpansion,approved->underConstruction,1500000
ecuador-delayed-expansion,seed-4,BAL,8,NORMAL,statusChange,pdLineExpansion,underConstruction->underConstruction,1600000
ecuador-delayed-expansion,seed-4,BAL,8,NORMAL,statusChange,vapLineExpansion,underConstruction->underConstruction,2100000
ecuador-delayed-expansion,seed-4,CONSV,8,NORMAL,proposed,hosoLineExpansion,targetFactoryId=CONSV-F1,0
ecuador-delayed-expansion,seed-4,CONSV,8,NORMAL,proposed,pdLineExpansion,targetFactoryId=CONSV-F1,0
ecuador-delayed-expansion,seed-4,CONSV,8,NORMAL,statusChange,hosoLineExpansion,approved->completed,8000000
ecuador-delayed-expansion,seed-4,CONSV,8,NORMAL,statusChange,pdLineExpansion,approved->underConstruction,1200000
ecuador-delayed-expansion,seed-4,BAL,9,NORMAL,statusChange,pdLineExpansion,underConstruction->completed,1200000
ecuador-delayed-expansion,seed-4,BAL,9,NORMAL,statusChange,vapLineExpansion,underConstruction->underConstruction,1500000
ecuador-delayed-expansion,seed-4,CONSV,9,NORMAL,statusChange,pdLineExpansion,underConstruction->underConstruction,1600000
ecuador-delayed-expansion,seed-4,BAL,10,NORMAL,statusChange,vapLineExpansion,underConstruction->completed,900000
ecuador-delayed-expansion,seed-4,CONSV,10,NORMAL,statusChange,pdLineExpansion,underConstruction->completed,1200000
ecuador-delayed-expansion,seed-4,JPQ,11,NORMAL,proposed,hosoLineExpansion,targetFactoryId=JPQ-F1,0
ecuador-delayed-expansion,seed-4,JPQ,11,NORMAL,proposed,vapLineExpansion,targetFactoryId=JPQ-F1,0
ecuador-delayed-expansion,seed-4,JPQ,11,NORMAL,statusChange,hosoLineExpansion,approved->completed,8000000
ecuador-delayed-expansion,seed-4,JPQ,11,NORMAL,statusChange,vapLineExpansion,approved->underConstruction,1500000
ecuador-delayed-expansion,seed-4,BAL,12,NORMAL,proposed,hosoLineExpansion,targetFactoryId=BAL-F1,0
ecuador-delayed-expansion,seed-4,BAL,12,NORMAL,statusChange,hosoLineExpansion,approved->completed,8000000
ecuador-delayed-expansion,seed-4,JPQ,12,NORMAL,proposed,pdLineExpansion,targetFactoryId=JPQ-F1,0
ecuador-delayed-expansion,seed-4,JPQ,12,NORMAL,statusChange,vapLineExpansion,underConstruction->underConstruction,2100000
ecuador-delayed-expansion,seed-4,JPQ,12,NORMAL,statusChange,pdLineExpansion,approved->underConstruction,1200000
ecuador-delayed-expansion,seed-4,JPQ,13,NORMAL,statusChange,vapLineExpansion,underConstruction->underConstruction,1500000
ecuador-delayed-expansion,seed-4,JPQ,13,NORMAL,statusChange,pdLineExpansion,underConstruction->underConstruction,1600000
ecuador-delayed-expansion,seed-4,MASS,14,NORMAL,proposed,pdLineExpansion,targetFactoryId=MASS-F1,0
ecuador-delayed-expansion,seed-4,MASS,14,NORMAL,statusChange,pdLineExpansion,approved->underConstruction,1200000
ecuador-delayed-expansion,seed-4,JPQ,14,NORMAL,statusChange,vapLineExpansion,underConstruction->completed,900000
ecuador-delayed-expansion,seed-4,JPQ,14,NORMAL,statusChange,pdLineExpansion,underConstruction->completed,1200000
ecuador-delayed-expansion,seed-4,MASS,15,NORMAL,statusChange,pdLineExpansion,underConstruction->underConstruction,1600000
ecuador-delayed-expansion,seed-4,BAL,15,NORMAL,proposed,commonProcessingExpansion,targetFactoryId=BAL-F1,0
ecuador-delayed-expansion,seed-4,BAL,15,NORMAL,statusChange,commonProcessingExpansion,approved->underConstruction,1500000
ecuador-delayed-expansion,seed-4,JPQ,15,NORMAL,proposed,hosoLineExpansion,targetFactoryId=JPQ-F1,0
ecuador-delayed-expansion,seed-4,JPQ,15,NORMAL,statusChange,hosoLineExpansion,approved->completed,8000000
ecuador-delayed-expansion,seed-4,MASS,16,NORMAL,statusChange,pdLineExpansion,underConstruction->completed,1200000
ecuador-delayed-expansion,seed-4,BAL,16,NORMAL,statusChange,commonProcessingExpansion,underConstruction->underConstruction,2000000
ecuador-delayed-expansion,seed-4,JPQ,16,NORMAL,proposed,pdLineExpansion,targetFactoryId=JPQ-F1,0
ecuador-delayed-expansion,seed-4,JPQ,16,NORMAL,statusChange,pdLineExpansion,approved->underConstruction,1200000
ecuador-delayed-expansion,seed-4,BAL,17,NORMAL,statusChange,commonProcessingExpansion,underConstruction->completed,1500000
ecuador-delayed-expansion,seed-4,JPQ,17,NORMAL,statusChange,pdLineExpansion,underConstruction->underConstruction,1600000
ecuador-delayed-expansion,seed-4,JPQ,18,NORMAL,proposed,hosoLineExpansion,targetFactoryId=JPQ-F1,0
ecuador-delayed-expansion,seed-4,JPQ,18,NORMAL,statusChange,pdLineExpansion,underConstruction->completed,1200000
ecuador-delayed-expansion,seed-4,JPQ,18,NORMAL,statusChange,hosoLineExpansion,approved->completed,8000000
ecuador-delayed-expansion,seed-4,MASS,19,NORMAL,proposed,pdLineExpansion,targetFactoryId=MASS-F1,0
ecuador-delayed-expansion,seed-4,MASS,19,NORMAL,statusChange,pdLineExpansion,approved->underConstruction,1200000
ecuador-delayed-expansion,seed-4,BAL,19,NORMAL,proposed,commonProcessingExpansion,targetFactoryId=BAL-F1,0
ecuador-delayed-expansion,seed-4,BAL,19,NORMAL,statusChange,commonProcessingExpansion,approved->underConstruction,1500000
ecuador-delayed-expansion,seed-4,MASS,20,NORMAL,proposed,hosoLineExpansion,targetFactoryId=MASS-F1,0
ecuador-delayed-expansion,seed-4,MASS,20,NORMAL,proposed,vapLineExpansion,targetFactoryId=MASS-F1,0
ecuador-delayed-expansion,seed-4,MASS,20,NORMAL,proposed,newFactoryConstruction,targetFactoryId=,0
ecuador-delayed-expansion,seed-4,MASS,20,NORMAL,rejected,newFactoryConstruction,同時進行中案件数が上限(3)に達しているため新規承認を見送り。,22000000
ecuador-delayed-expansion,seed-4,MASS,20,NORMAL,statusChange,pdLineExpansion,underConstruction->underConstruction,1600000
ecuador-delayed-expansion,seed-4,MASS,20,NORMAL,statusChange,hosoLineExpansion,approved->completed,8000000
ecuador-delayed-expansion,seed-4,MASS,20,NORMAL,statusChange,vapLineExpansion,approved->underConstruction,1500000
ecuador-delayed-expansion,seed-4,BAL,20,NORMAL,statusChange,commonProcessingExpansion,underConstruction->underConstruction,2000000
ecuador-delayed-expansion,seed-4,JPQ,20,NORMAL,proposed,commonProcessingExpansion,targetFactoryId=JPQ-F1,0
ecuador-delayed-expansion,seed-4,JPQ,20,NORMAL,statusChange,commonProcessingExpansion,approved->underConstruction,1500000
ecuador-delayed-expansion,seed-4,MASS,21,NORMAL,proposed,newFactoryConstruction,targetFactoryId=,0
ecuador-delayed-expansion,seed-4,MASS,21,NORMAL,statusChange,pdLineExpansion,underConstruction->completed,1200000
ecuador-delayed-expansion,seed-4,MASS,21,NORMAL,statusChange,vapLineExpansion,underConstruction->underConstruction,2100000
ecuador-delayed-expansion,seed-4,MASS,21,NORMAL,statusChange,newFactoryConstruction,approved->underConstruction,6600000
ecuador-delayed-expansion,seed-4,BAL,21,NORMAL,statusChange,commonProcessingExpansion,underConstruction->completed,1500000
ecuador-delayed-expansion,seed-4,JPQ,21,NORMAL,statusChange,commonProcessingExpansion,underConstruction->underConstruction,2000000
ecuador-delayed-expansion,seed-4,MASS,22,NORMAL,statusChange,vapLineExpansion,underConstruction->underConstruction,1500000
ecuador-delayed-expansion,seed-4,MASS,22,NORMAL,statusChange,newFactoryConstruction,underConstruction->underConstruction,7699999.999999999
ecuador-delayed-expansion,seed-4,JPQ,22,NORMAL,statusChange,commonProcessingExpansion,underConstruction->completed,1500000
ecuador-delayed-expansion,seed-4,MASS,23,NORMAL,proposed,hosoLineExpansion,targetFactoryId=MASS-F1,0
ecuador-delayed-expansion,seed-4,MASS,23,NORMAL,proposed,pdLineExpansion,targetFactoryId=MASS-F1,0
ecuador-delayed-expansion,seed-4,MASS,23,NORMAL,rejected,pdLineExpansion,同時進行中案件数が上限(3)に達しているため新規承認を見送り。,4000000
ecuador-delayed-expansion,seed-4,MASS,23,NORMAL,statusChange,vapLineExpansion,underConstruction->completed,900000
ecuador-delayed-expansion,seed-4,MASS,23,NORMAL,statusChange,newFactoryConstruction,underConstruction->completed,7699999.999999999
ecuador-delayed-expansion,seed-4,MASS,23,NORMAL,statusChange,hosoLineExpansion,approved->completed,8000000
ecuador-delayed-expansion,seed-4,BAL,23,NORMAL,proposed,commonProcessingExpansion,targetFactoryId=BAL-F1,0
ecuador-delayed-expansion,seed-4,BAL,23,NORMAL,statusChange,commonProcessingExpansion,approved->underConstruction,1500000
ecuador-delayed-expansion,seed-4,MASS,24,NORMAL,proposed,pdLineExpansion,targetFactoryId=MASS-F1,0
ecuador-delayed-expansion,seed-4,MASS,24,NORMAL,statusChange,pdLineExpansion,approved->underConstruction,1200000
ecuador-delayed-expansion,seed-4,BAL,24,NORMAL,proposed,newFactoryConstruction,targetFactoryId=,0
ecuador-delayed-expansion,seed-4,BAL,24,NORMAL,statusChange,commonProcessingExpansion,underConstruction->underConstruction,2000000
ecuador-delayed-expansion,seed-4,BAL,24,NORMAL,statusChange,newFactoryConstruction,approved->underConstruction,6600000
ecuador-delayed-expansion,seed-4,JPQ,24,NORMAL,proposed,commonProcessingExpansion,targetFactoryId=JPQ-F1,0
ecuador-delayed-expansion,seed-4,JPQ,24,NORMAL,statusChange,commonProcessingExpansion,approved->underConstruction,1500000
ecuador-delayed-expansion,seed-4,MASS,25,NORMAL,statusChange,pdLineExpansion,underConstruction->underConstruction,1600000
ecuador-delayed-expansion,seed-4,BAL,25,NORMAL,statusChange,commonProcessingExpansion,underConstruction->completed,1500000
ecuador-delayed-expansion,seed-4,BAL,25,NORMAL,statusChange,newFactoryConstruction,underConstruction->underConstruction,7699999.999999999
ecuador-delayed-expansion,seed-4,JPQ,25,NORMAL,statusChange,commonProcessingExpansion,underConstruction->underConstruction,2000000
ecuador-delayed-expansion,seed-4,MASS,26,NORMAL,statusChange,pdLineExpansion,underConstruction->completed,1200000
ecuador-delayed-expansion,seed-4,BAL,26,NORMAL,statusChange,newFactoryConstruction,underConstruction->completed,7699999.999999999
ecuador-delayed-expansion,seed-4,JPQ,26,NORMAL,statusChange,commonProcessingExpansion,underConstruction->completed,1500000
ecuador-delayed-expansion,seed-4,JPQ,28,NORMAL,proposed,commonProcessingExpansion,targetFactoryId=JPQ-F1,0
ecuador-delayed-expansion,seed-4,JPQ,28,NORMAL,statusChange,commonProcessingExpansion,approved->underConstruction,1500000
ecuador-delayed-expansion,seed-4,JPQ,29,NORMAL,statusChange,commonProcessingExpansion,underConstruction->underConstruction,2000000
ecuador-delayed-expansion,seed-4,JPQ,30,NORMAL,statusChange,commonProcessingExpansion,underConstruction->completed,1500000
ecuador-delayed-expansion,seed-4,JPQ,32,NORMAL,proposed,commonProcessingExpansion,targetFactoryId=JPQ-F1,0
ecuador-delayed-expansion,seed-4,JPQ,32,NORMAL,statusChange,commonProcessingExpansion,approved->underConstruction,1500000
ecuador-delayed-expansion,seed-5,BAL,2,NORMAL,proposed,pdLineExpansion,targetFactoryId=BAL-F1,0
ecuador-delayed-expansion,seed-5,BAL,2,NORMAL,statusChange,pdLineExpansion,approved->underConstruction,1200000
ecuador-delayed-expansion,seed-5,BAL,3,NORMAL,statusChange,pdLineExpansion,underConstruction->underConstruction,1600000
ecuador-delayed-expansion,seed-5,CONSV,3,NORMAL,proposed,vapLineExpansion,targetFactoryId=CONSV-F1,0
ecuador-delayed-expansion,seed-5,CONSV,3,NORMAL,statusChange,vapLineExpansion,approved->underConstruction,1500000
ecuador-delayed-expansion,seed-5,BAL,4,NORMAL,statusChange,pdLineExpansion,underConstruction->completed,1200000
ecuador-delayed-expansion,seed-5,CONSV,4,NORMAL,statusChange,vapLineExpansion,underConstruction->underConstruction,2100000
ecuador-delayed-expansion,seed-5,BAL,5,NORMAL,proposed,hosoLineExpansion,targetFactoryId=BAL-F1,0
ecuador-delayed-expansion,seed-5,BAL,5,NORMAL,statusChange,hosoLineExpansion,approved->completed,8000000
ecuador-delayed-expansion,seed-5,JPQ,5,NORMAL,proposed,vapLineExpansion,targetFactoryId=JPQ-F1,0
ecuador-delayed-expansion,seed-5,JPQ,5,NORMAL,statusChange,vapLineExpansion,approved->underConstruction,1500000
ecuador-delayed-expansion,seed-5,CONSV,5,NORMAL,proposed,pdLineExpansion,targetFactoryId=CONSV-F1,0
ecuador-delayed-expansion,seed-5,CONSV,5,NORMAL,statusChange,vapLineExpansion,underConstruction->underConstruction,1500000
ecuador-delayed-expansion,seed-5,CONSV,5,NORMAL,statusChange,pdLineExpansion,approved->underConstruction,1200000
ecuador-delayed-expansion,seed-5,JPQ,6,NORMAL,statusChange,vapLineExpansion,underConstruction->underConstruction,2100000
ecuador-delayed-expansion,seed-5,CONSV,6,NORMAL,statusChange,vapLineExpansion,underConstruction->completed,900000
ecuador-delayed-expansion,seed-5,CONSV,6,NORMAL,statusChange,pdLineExpansion,underConstruction->suspended,0
ecuador-delayed-expansion,seed-5,JPQ,7,NORMAL,statusChange,vapLineExpansion,underConstruction->underConstruction,1500000
ecuador-delayed-expansion,seed-5,JPQ,8,NORMAL,statusChange,vapLineExpansion,underConstruction->completed,900000
ecuador-delayed-expansion,seed-5,CONSV,9,NORMAL,proposed,hosoLineExpansion,targetFactoryId=CONSV-F1,0
ecuador-delayed-expansion,seed-5,CONSV,9,NORMAL,statusChange,hosoLineExpansion,approved->completed,8000000
ecuador-delayed-expansion,seed-5,BAL,10,NORMAL,proposed,hosoLineExpansion,targetFactoryId=BAL-F1,0
ecuador-delayed-expansion,seed-5,BAL,10,NORMAL,statusChange,hosoLineExpansion,approved->completed,8000000
ecuador-delayed-expansion,seed-5,JPQ,11,NORMAL,proposed,hosoLineExpansion,targetFactoryId=JPQ-F1,0
ecuador-delayed-expansion,seed-5,JPQ,11,NORMAL,proposed,pdLineExpansion,targetFactoryId=JPQ-F1,0
ecuador-delayed-expansion,seed-5,JPQ,11,NORMAL,statusChange,hosoLineExpansion,approved->completed,8000000
ecuador-delayed-expansion,seed-5,JPQ,11,NORMAL,statusChange,pdLineExpansion,approved->underConstruction,1200000
ecuador-delayed-expansion,seed-5,JPQ,12,NORMAL,statusChange,pdLineExpansion,underConstruction->underConstruction,1600000
ecuador-delayed-expansion,seed-5,BAL,13,NORMAL,proposed,hosoLineExpansion,targetFactoryId=BAL-F1,0
ecuador-delayed-expansion,seed-5,BAL,13,NORMAL,statusChange,hosoLineExpansion,approved->completed,8000000
ecuador-delayed-expansion,seed-5,JPQ,13,NORMAL,proposed,vapLineExpansion,targetFactoryId=JPQ-F1,0
ecuador-delayed-expansion,seed-5,JPQ,13,NORMAL,statusChange,pdLineExpansion,underConstruction->completed,1200000
ecuador-delayed-expansion,seed-5,JPQ,13,NORMAL,statusChange,vapLineExpansion,approved->underConstruction,1500000
ecuador-delayed-expansion,seed-5,CONSV,13,NORMAL,proposed,hosoLineExpansion,targetFactoryId=CONSV-F1,0
ecuador-delayed-expansion,seed-5,CONSV,13,NORMAL,proposed,vapLineExpansion,targetFactoryId=CONSV-F1,0
ecuador-delayed-expansion,seed-5,CONSV,13,NORMAL,statusChange,hosoLineExpansion,approved->completed,8000000
ecuador-delayed-expansion,seed-5,CONSV,13,NORMAL,statusChange,vapLineExpansion,approved->underConstruction,1500000
ecuador-delayed-expansion,seed-5,MASS,14,NORMAL,proposed,pdLineExpansion,targetFactoryId=MASS-F1,0
ecuador-delayed-expansion,seed-5,MASS,14,NORMAL,statusChange,pdLineExpansion,approved->underConstruction,1200000
ecuador-delayed-expansion,seed-5,JPQ,14,NORMAL,statusChange,vapLineExpansion,underConstruction->underConstruction,2100000
ecuador-delayed-expansion,seed-5,CONSV,14,NORMAL,statusChange,vapLineExpansion,underConstruction->underConstruction,2100000
ecuador-delayed-expansion,seed-5,MASS,15,NORMAL,statusChange,pdLineExpansion,underConstruction->underConstruction,1600000
ecuador-delayed-expansion,seed-5,JPQ,15,NORMAL,proposed,hosoLineExpansion,targetFactoryId=JPQ-F1,0
ecuador-delayed-expansion,seed-5,JPQ,15,NORMAL,statusChange,vapLineExpansion,underConstruction->underConstruction,1500000
ecuador-delayed-expansion,seed-5,JPQ,15,NORMAL,statusChange,hosoLineExpansion,approved->completed,8000000
ecuador-delayed-expansion,seed-5,CONSV,15,NORMAL,statusChange,vapLineExpansion,underConstruction->underConstruction,1500000
ecuador-delayed-expansion,seed-5,MASS,16,NORMAL,statusChange,pdLineExpansion,underConstruction->completed,1200000
ecuador-delayed-expansion,seed-5,BAL,16,NORMAL,proposed,commonProcessingExpansion,targetFactoryId=BAL-F1,0
ecuador-delayed-expansion,seed-5,BAL,16,NORMAL,statusChange,commonProcessingExpansion,approved->underConstruction,1500000
ecuador-delayed-expansion,seed-5,JPQ,16,NORMAL,proposed,pdLineExpansion,targetFactoryId=JPQ-F1,0
ecuador-delayed-expansion,seed-5,JPQ,16,NORMAL,statusChange,vapLineExpansion,underConstruction->completed,900000
ecuador-delayed-expansion,seed-5,JPQ,16,NORMAL,statusChange,pdLineExpansion,approved->underConstruction,1200000
ecuador-delayed-expansion,seed-5,CONSV,16,NORMAL,statusChange,vapLineExpansion,underConstruction->completed,900000
ecuador-delayed-expansion,seed-5,BAL,17,NORMAL,statusChange,commonProcessingExpansion,underConstruction->underConstruction,2000000
ecuador-delayed-expansion,seed-5,JPQ,17,NORMAL,statusChange,pdLineExpansion,underConstruction->underConstruction,1600000
ecuador-delayed-expansion,seed-5,BAL,18,NORMAL,statusChange,commonProcessingExpansion,underConstruction->completed,1500000
ecuador-delayed-expansion,seed-5,JPQ,18,NORMAL,statusChange,pdLineExpansion,underConstruction->completed,1200000
ecuador-delayed-expansion,seed-5,MASS,19,NORMAL,proposed,pdLineExpansion,targetFactoryId=MASS-F1,0
ecuador-delayed-expansion,seed-5,MASS,19,NORMAL,statusChange,pdLineExpansion,approved->underConstruction,1200000
ecuador-delayed-expansion,seed-5,JPQ,19,NORMAL,proposed,hosoLineExpansion,targetFactoryId=JPQ-F1,0
ecuador-delayed-expansion,seed-5,JPQ,19,NORMAL,statusChange,hosoLineExpansion,approved->completed,8000000
ecuador-delayed-expansion,seed-5,MASS,20,NORMAL,proposed,hosoLineExpansion,targetFactoryId=MASS-F1,0
ecuador-delayed-expansion,seed-5,MASS,20,NORMAL,proposed,vapLineExpansion,targetFactoryId=MASS-F1,0
ecuador-delayed-expansion,seed-5,MASS,20,NORMAL,proposed,newFactoryConstruction,targetFactoryId=,0
ecuador-delayed-expansion,seed-5,MASS,20,NORMAL,rejected,newFactoryConstruction,同時進行中案件数が上限(3)に達しているため新規承認を見送り。,22000000
ecuador-delayed-expansion,seed-5,MASS,20,NORMAL,statusChange,pdLineExpansion,underConstruction->underConstruction,1600000
ecuador-delayed-expansion,seed-5,MASS,20,NORMAL,statusChange,hosoLineExpansion,approved->completed,8000000
ecuador-delayed-expansion,seed-5,MASS,20,NORMAL,statusChange,vapLineExpansion,approved->underConstruction,1500000
ecuador-delayed-expansion,seed-5,BAL,20,NORMAL,proposed,pdLineExpansion,targetFactoryId=BAL-F1,0
ecuador-delayed-expansion,seed-5,BAL,20,NORMAL,proposed,commonProcessingExpansion,targetFactoryId=BAL-F1,0
ecuador-delayed-expansion,seed-5,BAL,20,NORMAL,statusChange,pdLineExpansion,approved->underConstruction,1200000
ecuador-delayed-expansion,seed-5,BAL,20,NORMAL,statusChange,commonProcessingExpansion,approved->underConstruction,1500000
ecuador-delayed-expansion,seed-5,JPQ,20,NORMAL,proposed,pdLineExpansion,targetFactoryId=JPQ-F1,0
ecuador-delayed-expansion,seed-5,JPQ,20,NORMAL,proposed,vapLineExpansion,targetFactoryId=JPQ-F1,0
ecuador-delayed-expansion,seed-5,JPQ,20,NORMAL,proposed,commonProcessingExpansion,targetFactoryId=JPQ-F1,0
ecuador-delayed-expansion,seed-5,JPQ,20,NORMAL,rejected,commonProcessingExpansion,工場スペースが不足しているため新規承認を見送り。必要スペース 560 / 空き 300（総量 127650、不足 260 スペース単位）。,5000000
ecuador-delayed-expansion,seed-5,JPQ,20,NORMAL,statusChange,pdLineExpansion,approved->underConstruction,1200000
ecuador-delayed-expansion,seed-5,JPQ,20,NORMAL,statusChange,vapLineExpansion,approved->underConstruction,1500000
ecuador-delayed-expansion,seed-5,MASS,21,NORMAL,proposed,newFactoryConstruction,targetFactoryId=,0
ecuador-delayed-expansion,seed-5,MASS,21,NORMAL,statusChange,pdLineExpansion,underConstruction->completed,1200000
ecuador-delayed-expansion,seed-5,MASS,21,NORMAL,statusChange,vapLineExpansion,underConstruction->underConstruction,2100000
ecuador-delayed-expansion,seed-5,MASS,21,NORMAL,statusChange,newFactoryConstruction,approved->underConstruction,6600000
ecuador-delayed-expansion,seed-5,BAL,21,NORMAL,proposed,vapLineExpansion,targetFactoryId=BAL-F1,0
ecuador-delayed-expansion,seed-5,BAL,21,NORMAL,statusChange,pdLineExpansion,underConstruction->underConstruction,1600000
ecuador-delayed-expansion,seed-5,BAL,21,NORMAL,statusChange,commonProcessingExpansion,underConstruction->underConstruction,2000000
ecuador-delayed-expansion,seed-5,BAL,21,NORMAL,statusChange,vapLineExpansion,approved->underConstruction,1500000
ecuador-delayed-expansion,seed-5,JPQ,21,NORMAL,proposed,commonProcessingExpansion,targetFactoryId=JPQ-F1,0
ecuador-delayed-expansion,seed-5,JPQ,21,NORMAL,rejected,commonProcessingExpansion,工場スペースが不足しているため新規承認を見送り。必要スペース 560 / 空き 300（総量 127650、不足 260 スペース単位）。,5000000
ecuador-delayed-expansion,seed-5,JPQ,21,NORMAL,statusChange,pdLineExpansion,underConstruction->underConstruction,1600000
ecuador-delayed-expansion,seed-5,JPQ,21,NORMAL,statusChange,vapLineExpansion,underConstruction->underConstruction,2100000
ecuador-delayed-expansion,seed-5,MASS,22,NORMAL,statusChange,vapLineExpansion,underConstruction->underConstruction,1500000
ecuador-delayed-expansion,seed-5,MASS,22,NORMAL,statusChange,newFactoryConstruction,underConstruction->underConstruction,7699999.999999999
ecuador-delayed-expansion,seed-5,BAL,22,NORMAL,statusChange,pdLineExpansion,underConstruction->completed,1200000
ecuador-delayed-expansion,seed-5,BAL,22,NORMAL,statusChange,commonProcessingExpansion,underConstruction->completed,1500000
ecuador-delayed-expansion,seed-5,BAL,22,NORMAL,statusChange,vapLineExpansion,underConstruction->underConstruction,2100000
ecuador-delayed-expansion,seed-5,JPQ,22,NORMAL,proposed,commonProcessingExpansion,targetFactoryId=JPQ-F1,0
ecuador-delayed-expansion,seed-5,JPQ,22,NORMAL,rejected,commonProcessingExpansion,工場スペースが不足しているため新規承認を見送り。必要スペース 560 / 空き 300（総量 127650、不足 260 スペース単位）。,5000000
ecuador-delayed-expansion,seed-5,JPQ,22,NORMAL,statusChange,pdLineExpansion,underConstruction->completed,1200000
ecuador-delayed-expansion,seed-5,JPQ,22,NORMAL,statusChange,vapLineExpansion,underConstruction->underConstruction,1500000
ecuador-delayed-expansion,seed-5,MASS,23,NORMAL,proposed,hosoLineExpansion,targetFactoryId=MASS-F1,0
ecuador-delayed-expansion,seed-5,MASS,23,NORMAL,proposed,pdLineExpansion,targetFactoryId=MASS-F1,0
ecuador-delayed-expansion,seed-5,MASS,23,NORMAL,rejected,pdLineExpansion,同時進行中案件数が上限(3)に達しているため新規承認を見送り。,4000000
ecuador-delayed-expansion,seed-5,MASS,23,NORMAL,statusChange,vapLineExpansion,underConstruction->completed,900000
ecuador-delayed-expansion,seed-5,MASS,23,NORMAL,statusChange,newFactoryConstruction,underConstruction->completed,7699999.999999999
ecuador-delayed-expansion,seed-5,MASS,23,NORMAL,statusChange,hosoLineExpansion,approved->completed,8000000
ecuador-delayed-expansion,seed-5,BAL,23,NORMAL,statusChange,vapLineExpansion,underConstruction->underConstruction,1500000
ecuador-delayed-expansion,seed-5,JPQ,23,NORMAL,proposed,commonProcessingExpansion,targetFactoryId=JPQ-F1,0
ecuador-delayed-expansion,seed-5,JPQ,23,NORMAL,rejected,commonProcessingExpansion,工場スペースが不足しているため新規承認を見送り。必要スペース 560 / 空き 300（総量 127650、不足 260 スペース単位）。,5000000
ecuador-delayed-expansion,seed-5,JPQ,23,NORMAL,statusChange,vapLineExpansion,underConstruction->completed,900000
ecuador-delayed-expansion,seed-5,MASS,24,NORMAL,proposed,pdLineExpansion,targetFactoryId=MASS-F1,0
ecuador-delayed-expansion,seed-5,MASS,24,NORMAL,statusChange,pdLineExpansion,approved->underConstruction,1200000
ecuador-delayed-expansion,seed-5,BAL,24,NORMAL,proposed,commonProcessingExpansion,targetFactoryId=BAL-F1,0
ecuador-delayed-expansion,seed-5,BAL,24,NORMAL,proposed,newFactoryConstruction,targetFactoryId=,0
ecuador-delayed-expansion,seed-5,BAL,24,NORMAL,statusChange,vapLineExpansion,underConstruction->completed,900000
ecuador-delayed-expansion,seed-5,BAL,24,NORMAL,statusChange,commonProcessingExpansion,approved->underConstruction,1500000
ecuador-delayed-expansion,seed-5,BAL,24,NORMAL,statusChange,newFactoryConstruction,approved->underConstruction,6600000
ecuador-delayed-expansion,seed-5,JPQ,24,NORMAL,proposed,commonProcessingExpansion,targetFactoryId=JPQ-F1,0
ecuador-delayed-expansion,seed-5,JPQ,24,NORMAL,rejected,commonProcessingExpansion,工場スペースが不足しているため新規承認を見送り。必要スペース 560 / 空き 300（総量 127650、不足 260 スペース単位）。,5000000
ecuador-delayed-expansion,seed-5,MASS,25,NORMAL,statusChange,pdLineExpansion,underConstruction->underConstruction,1600000
ecuador-delayed-expansion,seed-5,BAL,25,NORMAL,statusChange,commonProcessingExpansion,underConstruction->underConstruction,2000000
ecuador-delayed-expansion,seed-5,BAL,25,NORMAL,statusChange,newFactoryConstruction,underConstruction->underConstruction,7699999.999999999
ecuador-delayed-expansion,seed-5,JPQ,25,NORMAL,proposed,commonProcessingExpansion,targetFactoryId=JPQ-F1,0
ecuador-delayed-expansion,seed-5,JPQ,25,NORMAL,rejected,commonProcessingExpansion,工場スペースが不足しているため新規承認を見送り。必要スペース 560 / 空き 300（総量 127650、不足 260 スペース単位）。,5000000
ecuador-delayed-expansion,seed-5,MASS,26,NORMAL,statusChange,pdLineExpansion,underConstruction->completed,1200000
ecuador-delayed-expansion,seed-5,BAL,26,NORMAL,statusChange,commonProcessingExpansion,underConstruction->completed,1500000
ecuador-delayed-expansion,seed-5,BAL,26,NORMAL,statusChange,newFactoryConstruction,underConstruction->completed,7699999.999999999
global-demand-boom,seed-1,BAL,2,NORMAL,proposed,pdLineExpansion,targetFactoryId=BAL-F1,0
global-demand-boom,seed-1,BAL,2,NORMAL,statusChange,pdLineExpansion,approved->underConstruction,1200000
global-demand-boom,seed-1,BAL,3,NORMAL,statusChange,pdLineExpansion,underConstruction->underConstruction,1600000
global-demand-boom,seed-1,CONSV,3,NORMAL,proposed,vapLineExpansion,targetFactoryId=CONSV-F1,0
global-demand-boom,seed-1,CONSV,3,NORMAL,statusChange,vapLineExpansion,approved->underConstruction,1500000
global-demand-boom,seed-1,BAL,4,NORMAL,statusChange,pdLineExpansion,underConstruction->completed,1200000
global-demand-boom,seed-1,CONSV,4,NORMAL,statusChange,vapLineExpansion,underConstruction->underConstruction,2100000
global-demand-boom,seed-1,BAL,5,NORMAL,proposed,hosoLineExpansion,targetFactoryId=BAL-F1,0
global-demand-boom,seed-1,BAL,5,NORMAL,statusChange,hosoLineExpansion,approved->completed,8000000
global-demand-boom,seed-1,CONSV,5,NORMAL,proposed,pdLineExpansion,targetFactoryId=CONSV-F1,0
global-demand-boom,seed-1,CONSV,5,NORMAL,statusChange,vapLineExpansion,underConstruction->underConstruction,1500000
global-demand-boom,seed-1,CONSV,5,NORMAL,statusChange,pdLineExpansion,approved->underConstruction,1200000
global-demand-boom,seed-1,CONSV,6,NORMAL,statusChange,vapLineExpansion,underConstruction->suspended,0
global-demand-boom,seed-1,CONSV,6,NORMAL,statusChange,pdLineExpansion,underConstruction->suspended,0
global-demand-boom,seed-1,BAL,9,NORMAL,proposed,hosoLineExpansion,targetFactoryId=BAL-F1,0
global-demand-boom,seed-1,BAL,9,NORMAL,statusChange,hosoLineExpansion,approved->completed,8000000
global-demand-boom,seed-1,CONSV,9,NORMAL,proposed,hosoLineExpansion,targetFactoryId=CONSV-F1,0
global-demand-boom,seed-1,CONSV,9,NORMAL,statusChange,hosoLineExpansion,approved->completed,8000000
global-demand-boom,seed-1,VAP,10,NORMAL,proposed,hosoLineExpansion,targetFactoryId=VAP-F1,0
global-demand-boom,seed-1,VAP,10,NORMAL,statusChange,hosoLineExpansion,approved->completed,8000000
global-demand-boom,seed-1,JPQ,11,NORMAL,proposed,hosoLineExpansion,targetFactoryId=JPQ-F1,0
global-demand-boom,seed-1,JPQ,11,NORMAL,proposed,pdLineExpansion,targetFactoryId=JPQ-F1,0
global-demand-boom,seed-1,JPQ,11,NORMAL,proposed,vapLineExpansion,targetFactoryId=JPQ-F1,0
global-demand-boom,seed-1,JPQ,11,NORMAL,statusChange,hosoLineExpansion,approved->completed,8000000
global-demand-boom,seed-1,JPQ,11,NORMAL,statusChange,pdLineExpansion,approved->underConstruction,1200000
global-demand-boom,seed-1,JPQ,11,NORMAL,statusChange,vapLineExpansion,approved->underConstruction,1500000
global-demand-boom,seed-1,BAL,12,NORMAL,proposed,hosoLineExpansion,targetFactoryId=BAL-F1,0
global-demand-boom,seed-1,BAL,12,NORMAL,statusChange,hosoLineExpansion,approved->completed,8000000
global-demand-boom,seed-1,JPQ,12,NORMAL,statusChange,pdLineExpansion,underConstruction->underConstruction,1600000
global-demand-boom,seed-1,JPQ,12,NORMAL,statusChange,vapLineExpansion,underConstruction->underConstruction,2100000
global-demand-boom,seed-1,JPQ,13,NORMAL,statusChange,pdLineExpansion,underConstruction->completed,1200000
global-demand-boom,seed-1,JPQ,13,NORMAL,statusChange,vapLineExpansion,underConstruction->underConstruction,1500000
global-demand-boom,seed-1,CONSV,13,NORMAL,proposed,hosoLineExpansion,targetFactoryId=CONSV-F1,0
global-demand-boom,seed-1,CONSV,13,NORMAL,statusChange,hosoLineExpansion,approved->completed,8000000
global-demand-boom,seed-1,JPQ,14,NORMAL,statusChange,vapLineExpansion,underConstruction->completed,900000
global-demand-boom,seed-1,VAP,14,NORMAL,proposed,hosoLineExpansion,targetFactoryId=VAP-F1,0
global-demand-boom,seed-1,VAP,14,NORMAL,statusChange,hosoLineExpansion,approved->completed,8000000
global-demand-boom,seed-1,BAL,15,NORMAL,proposed,commonProcessingExpansion,targetFactoryId=BAL-F1,0
global-demand-boom,seed-1,BAL,15,NORMAL,statusChange,commonProcessingExpansion,approved->underConstruction,1500000
global-demand-boom,seed-1,JPQ,15,NORMAL,proposed,hosoLineExpansion,targetFactoryId=JPQ-F1,0
global-demand-boom,seed-1,JPQ,15,NORMAL,statusChange,hosoLineExpansion,approved->completed,8000000
global-demand-boom,seed-1,BAL,16,NORMAL,statusChange,commonProcessingExpansion,underConstruction->underConstruction,2000000
global-demand-boom,seed-1,JPQ,16,NORMAL,proposed,pdLineExpansion,targetFactoryId=JPQ-F1,0
global-demand-boom,seed-1,JPQ,16,NORMAL,statusChange,pdLineExpansion,approved->underConstruction,1200000
global-demand-boom,seed-1,BAL,17,NORMAL,statusChange,commonProcessingExpansion,underConstruction->completed,1500000
global-demand-boom,seed-1,JPQ,17,NORMAL,proposed,vapLineExpansion,targetFactoryId=JPQ-F1,0
global-demand-boom,seed-1,JPQ,17,NORMAL,statusChange,pdLineExpansion,underConstruction->underConstruction,1600000
global-demand-boom,seed-1,JPQ,17,NORMAL,statusChange,vapLineExpansion,approved->underConstruction,1500000
global-demand-boom,seed-1,JPQ,18,NORMAL,proposed,hosoLineExpansion,targetFactoryId=JPQ-F1,0
global-demand-boom,seed-1,JPQ,18,NORMAL,proposed,commonProcessingExpansion,targetFactoryId=JPQ-F1,0
global-demand-boom,seed-1,JPQ,18,NORMAL,rejected,commonProcessingExpansion,同時進行中案件数が上限(3)に達しているため新規承認を見送り。,5000000
global-demand-boom,seed-1,JPQ,18,NORMAL,statusChange,pdLineExpansion,underConstruction->completed,1200000
global-demand-boom,seed-1,JPQ,18,NORMAL,statusChange,vapLineExpansion,underConstruction->underConstruction,2100000
global-demand-boom,seed-1,JPQ,18,NORMAL,statusChange,hosoLineExpansion,approved->completed,8000000
global-demand-boom,seed-1,VAP,18,NORMAL,proposed,vapLineExpansion,targetFactoryId=VAP-F1,0
global-demand-boom,seed-1,VAP,18,NORMAL,statusChange,vapLineExpansion,approved->underConstruction,1500000
global-demand-boom,seed-1,BAL,19,NORMAL,proposed,pdLineExpansion,targetFactoryId=BAL-F1,0
global-demand-boom,seed-1,BAL,19,NORMAL,proposed,vapLineExpansion,targetFactoryId=BAL-F1,0
global-demand-boom,seed-1,BAL,19,NORMAL,proposed,commonProcessingExpansion,targetFactoryId=BAL-F1,0
global-demand-boom,seed-1,BAL,19,NORMAL,statusChange,pdLineExpansion,approved->underConstruction,1200000
global-demand-boom,seed-1,BAL,19,NORMAL,statusChange,vapLineExpansion,approved->underConstruction,1500000
global-demand-boom,seed-1,BAL,19,NORMAL,statusChange,commonProcessingExpansion,approved->underConstruction,1500000
global-demand-boom,seed-1,JPQ,19,NORMAL,proposed,commonProcessingExpansion,targetFactoryId=JPQ-F1,0
global-demand-boom,seed-1,JPQ,19,NORMAL,statusChange,vapLineExpansion,underConstruction->underConstruction,1500000
global-demand-boom,seed-1,JPQ,19,NORMAL,statusChange,commonProcessingExpansion,approved->underConstruction,1500000
global-demand-boom,seed-1,VAP,19,NORMAL,statusChange,vapLineExpansion,underConstruction->underConstruction,2100000
global-demand-boom,seed-1,BAL,20,NORMAL,statusChange,pdLineExpansion,underConstruction->underConstruction,1600000
global-demand-boom,seed-1,BAL,20,NORMAL,statusChange,vapLineExpansion,underConstruction->underConstruction,2100000
global-demand-boom,seed-1,BAL,20,NORMAL,statusChange,commonProcessingExpansion,underConstruction->underConstruction,2000000
global-demand-boom,seed-1,JPQ,20,NORMAL,statusChange,vapLineExpansion,underConstruction->completed,900000
global-demand-boom,seed-1,JPQ,20,NORMAL,statusChange,commonProcessingExpansion,underConstruction->underConstruction,2000000
global-demand-boom,seed-1,VAP,20,NORMAL,statusChange,vapLineExpansion,underConstruction->underConstruction,1500000
global-demand-boom,seed-1,BAL,21,NORMAL,statusChange,pdLineExpansion,underConstruction->completed,1200000
global-demand-boom,seed-1,BAL,21,NORMAL,statusChange,vapLineExpansion,underConstruction->underConstruction,1500000
global-demand-boom,seed-1,BAL,21,NORMAL,statusChange,commonProcessingExpansion,underConstruction->completed,1500000
global-demand-boom,seed-1,JPQ,21,NORMAL,statusChange,commonProcessingExpansion,underConstruction->completed,1500000
global-demand-boom,seed-1,VAP,21,NORMAL,statusChange,vapLineExpansion,underConstruction->completed,900000
global-demand-boom,seed-1,BAL,22,NORMAL,statusChange,vapLineExpansion,underConstruction->completed,900000
global-demand-boom,seed-1,BAL,23,NORMAL,proposed,commonProcessingExpansion,targetFactoryId=BAL-F1,0
global-demand-boom,seed-1,BAL,23,NORMAL,statusChange,commonProcessingExpansion,approved->underConstruction,1500000
global-demand-boom,seed-1,JPQ,23,NORMAL,proposed,commonProcessingExpansion,targetFactoryId=JPQ-F1,0
global-demand-boom,seed-1,JPQ,23,NORMAL,statusChange,commonProcessingExpansion,approved->underConstruction,1500000
global-demand-boom,seed-1,BAL,24,NORMAL,proposed,newFactoryConstruction,targetFactoryId=,0
global-demand-boom,seed-1,BAL,24,NORMAL,statusChange,commonProcessingExpansion,underConstruction->underConstruction,2000000
global-demand-boom,seed-1,BAL,24,NORMAL,statusChange,newFactoryConstruction,approved->underConstruction,6600000
global-demand-boom,seed-1,JPQ,24,NORMAL,statusChange,commonProcessingExpansion,underConstruction->underConstruction,2000000
global-demand-boom,seed-1,MASS,25,NORMAL,proposed,pdLineExpansion,targetFactoryId=MASS-F1,0
global-demand-boom,seed-1,MASS,25,NORMAL,statusChange,pdLineExpansion,approved->underConstruction,1200000
global-demand-boom,seed-1,BAL,25,NORMAL,statusChange,commonProcessingExpansion,underConstruction->completed,1500000
global-demand-boom,seed-1,BAL,25,NORMAL,statusChange,newFactoryConstruction,underConstruction->underConstruction,7699999.999999999
global-demand-boom,seed-1,JPQ,25,NORMAL,statusChange,commonProcessingExpansion,underConstruction->completed,1500000
global-demand-boom,seed-1,MASS,26,NORMAL,proposed,hosoLineExpansion,targetFactoryId=MASS-F1,0
global-demand-boom,seed-1,MASS,26,NORMAL,proposed,vapLineExpansion,targetFactoryId=MASS-F1,0
global-demand-boom,seed-1,MASS,26,NORMAL,proposed,newFactoryConstruction,targetFactoryId=,0
global-demand-boom,seed-1,MASS,26,NORMAL,rejected,newFactoryConstruction,同時進行中案件数が上限(3)に達しているため新規承認を見送り。,22000000
global-demand-boom,seed-1,MASS,26,NORMAL,statusChange,pdLineExpansion,underConstruction->underConstruction,1600000
global-demand-boom,seed-1,MASS,26,NORMAL,statusChange,hosoLineExpansion,approved->completed,8000000
global-demand-boom,seed-1,MASS,26,NORMAL,statusChange,vapLineExpansion,approved->underConstruction,1500000
global-demand-boom,seed-1,BAL,26,NORMAL,statusChange,newFactoryConstruction,underConstruction->completed,7699999.999999999
global-demand-boom,seed-1,MASS,27,NORMAL,proposed,newFactoryConstruction,targetFactoryId=,0
global-demand-boom,seed-1,MASS,27,NORMAL,statusChange,pdLineExpansion,underConstruction->completed,1200000
global-demand-boom,seed-1,MASS,27,NORMAL,statusChange,vapLineExpansion,underConstruction->underConstruction,2100000
global-demand-boom,seed-1,MASS,27,NORMAL,statusChange,newFactoryConstruction,approved->underConstruction,6600000
global-demand-boom,seed-1,JPQ,27,NORMAL,proposed,commonProcessingExpansion,targetFactoryId=JPQ-F1,0
global-demand-boom,seed-1,JPQ,27,NORMAL,statusChange,commonProcessingExpansion,approved->underConstruction,1500000
global-demand-boom,seed-1,MASS,28,NORMAL,statusChange,vapLineExpansion,underConstruction->underConstruction,1500000
global-demand-boom,seed-1,MASS,28,NORMAL,statusChange,newFactoryConstruction,underConstruction->underConstruction,7699999.999999999
global-demand-boom,seed-1,JPQ,28,NORMAL,statusChange,commonProcessingExpansion,underConstruction->underConstruction,2000000
global-demand-boom,seed-1,MASS,29,NORMAL,proposed,hosoLineExpansion,targetFactoryId=MASS-F1,0
global-demand-boom,seed-1,MASS,29,NORMAL,proposed,pdLineExpansion,targetFactoryId=MASS-F1,0
global-demand-boom,seed-1,MASS,29,NORMAL,rejected,pdLineExpansion,同時進行中案件数が上限(3)に達しているため新規承認を見送り。,4000000
global-demand-boom,seed-1,MASS,29,NORMAL,statusChange,vapLineExpansion,underConstruction->completed,900000
global-demand-boom,seed-1,MASS,29,NORMAL,statusChange,newFactoryConstruction,underConstruction->completed,7699999.999999999
global-demand-boom,seed-1,MASS,29,NORMAL,statusChange,hosoLineExpansion,approved->completed,8000000
global-demand-boom,seed-1,JPQ,29,NORMAL,statusChange,commonProcessingExpansion,underConstruction->completed,1500000
global-demand-boom,seed-1,MASS,30,NORMAL,proposed,pdLineExpansion,targetFactoryId=MASS-F1,0
global-demand-boom,seed-1,MASS,30,NORMAL,statusChange,pdLineExpansion,approved->underConstruction,1200000
global-demand-boom,seed-1,MASS,31,NORMAL,proposed,newFactoryConstruction,targetFactoryId=,0
global-demand-boom,seed-1,MASS,31,NORMAL,statusChange,pdLineExpansion,underConstruction->underConstruction,1600000
global-demand-boom,seed-1,MASS,31,NORMAL,statusChange,newFactoryConstruction,approved->underConstruction,6600000
global-demand-boom,seed-1,MASS,32,NORMAL,statusChange,pdLineExpansion,underConstruction->completed,1200000
global-demand-boom,seed-1,MASS,32,NORMAL,statusChange,newFactoryConstruction,underConstruction->underConstruction,7699999.999999999
global-demand-boom,seed-2,BAL,2,NORMAL,proposed,pdLineExpansion,targetFactoryId=BAL-F1,0
global-demand-boom,seed-2,BAL,2,NORMAL,statusChange,pdLineExpansion,approved->underConstruction,1200000
global-demand-boom,seed-2,BAL,3,NORMAL,statusChange,pdLineExpansion,underConstruction->underConstruction,1600000
global-demand-boom,seed-2,CONSV,3,NORMAL,proposed,vapLineExpansion,targetFactoryId=CONSV-F1,0
global-demand-boom,seed-2,CONSV,3,NORMAL,statusChange,vapLineExpansion,approved->underConstruction,1500000
global-demand-boom,seed-2,BAL,4,NORMAL,statusChange,pdLineExpansion,underConstruction->completed,1200000
global-demand-boom,seed-2,CONSV,4,NORMAL,statusChange,vapLineExpansion,underConstruction->underConstruction,2100000
global-demand-boom,seed-2,BAL,5,NORMAL,proposed,hosoLineExpansion,targetFactoryId=BAL-F1,0
global-demand-boom,seed-2,BAL,5,NORMAL,statusChange,hosoLineExpansion,approved->completed,8000000
global-demand-boom,seed-2,JPQ,5,NORMAL,proposed,vapLineExpansion,targetFactoryId=JPQ-F1,0
global-demand-boom,seed-2,JPQ,5,NORMAL,statusChange,vapLineExpansion,approved->underConstruction,1500000
global-demand-boom,seed-2,CONSV,5,NORMAL,proposed,pdLineExpansion,targetFactoryId=CONSV-F1,0
global-demand-boom,seed-2,CONSV,5,NORMAL,statusChange,vapLineExpansion,underConstruction->underConstruction,1500000
global-demand-boom,seed-2,CONSV,5,NORMAL,statusChange,pdLineExpansion,approved->underConstruction,1200000
global-demand-boom,seed-2,JPQ,6,NORMAL,statusChange,vapLineExpansion,underConstruction->underConstruction,2100000
global-demand-boom,seed-2,CONSV,6,NORMAL,statusChange,vapLineExpansion,underConstruction->completed,900000
global-demand-boom,seed-2,CONSV,6,NORMAL,statusChange,pdLineExpansion,underConstruction->suspended,0
global-demand-boom,seed-2,JPQ,7,NORMAL,statusChange,vapLineExpansion,underConstruction->underConstruction,1500000
global-demand-boom,seed-2,JPQ,8,NORMAL,statusChange,vapLineExpansion,underConstruction->completed,900000
global-demand-boom,seed-2,BAL,9,NORMAL,proposed,hosoLineExpansion,targetFactoryId=BAL-F1,0
global-demand-boom,seed-2,BAL,9,NORMAL,statusChange,hosoLineExpansion,approved->completed,8000000
global-demand-boom,seed-2,CONSV,9,NORMAL,proposed,hosoLineExpansion,targetFactoryId=CONSV-F1,0
global-demand-boom,seed-2,CONSV,9,NORMAL,statusChange,hosoLineExpansion,approved->completed,8000000
global-demand-boom,seed-2,VAP,10,NORMAL,proposed,hosoLineExpansion,targetFactoryId=VAP-F1,0
global-demand-boom,seed-2,VAP,10,NORMAL,statusChange,hosoLineExpansion,approved->completed,8000000
global-demand-boom,seed-2,BAL,11,NORMAL,proposed,pdLineExpansion,targetFactoryId=BAL-F1,0
global-demand-boom,seed-2,BAL,11,NORMAL,proposed,vapLineExpansion,targetFactoryId=BAL-F1,0
global-demand-boom,seed-2,BAL,11,NORMAL,statusChange,pdLineExpansion,approved->underConstruction,1200000
global-demand-boom,seed-2,BAL,11,NORMAL,statusChange,vapLineExpansion,approved->underConstruction,1500000
global-demand-boom,seed-2,JPQ,11,NORMAL,proposed,hosoLineExpansion,targetFactoryId=JPQ-F1,0
global-demand-boom,seed-2,JPQ,11,NORMAL,proposed,pdLineExpansion,targetFactoryId=JPQ-F1,0
global-demand-boom,seed-2,JPQ,11,NORMAL,statusChange,hosoLineExpansion,approved->completed,8000000
global-demand-boom,seed-2,JPQ,11,NORMAL,statusChange,pdLineExpansion,approved->underConstruction,1200000
global-demand-boom,seed-2,BAL,12,NORMAL,proposed,hosoLineExpansion,targetFactoryId=BAL-F1,0
global-demand-boom,seed-2,BAL,12,NORMAL,proposed,commonProcessingExpansion,targetFactoryId=BAL-F1,0
global-demand-boom,seed-2,BAL,12,NORMAL,rejected,commonProcessingExpansion,同時進行中案件数が上限(3)に達しているため新規承認を見送り。,5000000
global-demand-boom,seed-2,BAL,12,NORMAL,statusChange,pdLineExpansion,underConstruction->underConstruction,1600000
global-demand-boom,seed-2,BAL,12,NORMAL,statusChange,vapLineExpansion,underConstruction->underConstruction,2100000
global-demand-boom,seed-2,BAL,12,NORMAL,statusChange,hosoLineExpansion,approved->completed,8000000
global-demand-boom,seed-2,JPQ,12,NORMAL,proposed,vapLineExpansion,targetFactoryId=JPQ-F1,0
global-demand-boom,seed-2,JPQ,12,NORMAL,statusChange,pdLineExpansion,underConstruction->underConstruction,1600000
global-demand-boom,seed-2,JPQ,12,NORMAL,statusChange,vapLineExpansion,approved->underConstruction,1500000
global-demand-boom,seed-2,BAL,13,NORMAL,statusChange,pdLineExpansion,underConstruction->completed,1200000
global-demand-boom,seed-2,BAL,13,NORMAL,statusChange,vapLineExpansion,underConstruction->underConstruction,1500000
global-demand-boom,seed-2,JPQ,13,NORMAL,statusChange,pdLineExpansion,underConstruction->completed,1200000
global-demand-boom,seed-2,JPQ,13,NORMAL,statusChange,vapLineExpansion,underConstruction->underConstruction,2100000
global-demand-boom,seed-2,CONSV,13,NORMAL,proposed,hosoLineExpansion,targetFactoryId=CONSV-F1,0
global-demand-boom,seed-2,CONSV,13,NORMAL,proposed,vapLineExpansion,targetFactoryId=CONSV-F1,0
global-demand-boom,seed-2,CONSV,13,NORMAL,statusChange,hosoLineExpansion,approved->completed,8000000
global-demand-boom,seed-2,CONSV,13,NORMAL,statusChange,vapLineExpansion,approved->underConstruction,1500000
global-demand-boom,seed-2,MASS,14,NORMAL,proposed,pdLineExpansion,targetFactoryId=MASS-F1,0
global-demand-boom,seed-2,MASS,14,NORMAL,statusChange,pdLineExpansion,approved->underConstruction,1200000
global-demand-boom,seed-2,BAL,14,NORMAL,proposed,commonProcessingExpansion,targetFactoryId=BAL-F1,0
global-demand-boom,seed-2,BAL,14,NORMAL,statusChange,vapLineExpansion,underConstruction->completed,900000
global-demand-boom,seed-2,BAL,14,NORMAL,statusChange,commonProcessingExpansion,approved->underConstruction,1500000
global-demand-boom,seed-2,JPQ,14,NORMAL,statusChange,vapLineExpansion,underConstruction->underConstruction,1500000
global-demand-boom,seed-2,CONSV,14,NORMAL,statusChange,vapLineExpansion,underConstruction->underConstruction,2100000
global-demand-boom,seed-2,VAP,14,NORMAL,proposed,hosoLineExpansion,targetFactoryId=VAP-F1,0
global-demand-boom,seed-2,VAP,14,NORMAL,statusChange,hosoLineExpansion,approved->completed,8000000
global-demand-boom,seed-2,MASS,15,NORMAL,statusChange,pdLineExpansion,underConstruction->underConstruction,1600000
global-demand-boom,seed-2,BAL,15,NORMAL,statusChange,commonProcessingExpansion,underConstruction->underConstruction,2000000
global-demand-boom,seed-2,JPQ,15,NORMAL,proposed,hosoLineExpansion,targetFactoryId=JPQ-F1,0
global-demand-boom,seed-2,JPQ,15,NORMAL,statusChange,vapLineExpansion,underConstruction->completed,900000
global-demand-boom,seed-2,JPQ,15,NORMAL,statusChange,hosoLineExpansion,approved->completed,8000000
global-demand-boom,seed-2,CONSV,15,NORMAL,statusChange,vapLineExpansion,underConstruction->underConstruction,1500000
global-demand-boom,seed-2,MASS,16,NORMAL,proposed,hosoLineExpansion,targetFactoryId=MASS-F1,0
global-demand-boom,seed-2,MASS,16,NORMAL,proposed,vapLineExpansion,targetFactoryId=MASS-F1,0
global-demand-boom,seed-2,MASS,16,NORMAL,proposed,newFactoryConstruction,targetFactoryId=,0
global-demand-boom,seed-2,MASS,16,NORMAL,rejected,newFactoryConstruction,同時進行中案件数が上限(3)に達しているため新規承認を見送り。,22000000
global-demand-boom,seed-2,MASS,16,NORMAL,statusChange,pdLineExpansion,underConstruction->completed,1200000
global-demand-boom,seed-2,MASS,16,NORMAL,statusChange,hosoLineExpansion,approved->completed,8000000
global-demand-boom,seed-2,MASS,16,NORMAL,statusChange,vapLineExpansion,approved->underConstruction,1500000
global-demand-boom,seed-2,BAL,16,NORMAL,statusChange,commonProcessingExpansion,underConstruction->completed,1500000
global-demand-boom,seed-2,JPQ,16,NORMAL,proposed,pdLineExpansion,targetFactoryId=JPQ-F1,0
global-demand-boom,seed-2,JPQ,16,NORMAL,statusChange,pdLineExpansion,approved->underConstruction,1200000
global-demand-boom,seed-2,CONSV,16,NORMAL,statusChange,vapLineExpansion,underConstruction->completed,900000
global-demand-boom,seed-2,MASS,17,NORMAL,statusChange,vapLineExpansion,underConstruction->underConstruction,2100000
global-demand-boom,seed-2,JPQ,17,NORMAL,statusChange,pdLineExpansion,underConstruction->underConstruction,1600000
global-demand-boom,seed-2,VAP,17,NORMAL,proposed,hosoLineExpansion,targetFactoryId=VAP-F1,0
global-demand-boom,seed-2,VAP,17,NORMAL,statusChange,hosoLineExpansion,approved->completed,8000000
global-demand-boom,seed-2,MASS,18,NORMAL,proposed,pdLineExpansion,targetFactoryId=MASS-F1,0
global-demand-boom,seed-2,MASS,18,NORMAL,statusChange,vapLineExpansion,underConstruction->underConstruction,1500000
global-demand-boom,seed-2,MASS,18,NORMAL,statusChange,pdLineExpansion,approved->underConstruction,1200000
global-demand-boom,seed-2,BAL,18,NORMAL,proposed,commonProcessingExpansion,targetFactoryId=BAL-F1,0
global-demand-boom,seed-2,BAL,18,NORMAL,statusChange,commonProcessingExpansion,approved->underConstruction,1500000
global-demand-boom,seed-2,JPQ,18,NORMAL,statusChange,pdLineExpansion,underConstruction->completed,1200000
global-demand-boom,seed-2,MASS,19,NORMAL,statusChange,vapLineExpansion,underConstruction->completed,900000
global-demand-boom,seed-2,MASS,19,NORMAL,statusChange,pdLineExpansion,underConstruction->underConstruction,1600000
global-demand-boom,seed-2,BAL,19,NORMAL,statusChange,commonProcessingExpansion,underConstruction->underConstruction,2000000
global-demand-boom,seed-2,JPQ,19,NORMAL,proposed,hosoLineExpansion,targetFactoryId=JPQ-F1,0
global-demand-boom,seed-2,JPQ,19,NORMAL,proposed,vapLineExpansion,targetFactoryId=JPQ-F1,0
global-demand-boom,seed-2,JPQ,19,NORMAL,proposed,commonProcessingExpansion,targetFactoryId=JPQ-F1,0
global-demand-boom,seed-2,JPQ,19,NORMAL,statusChange,hosoLineExpansion,approved->completed,8000000
global-demand-boom,seed-2,JPQ,19,NORMAL,statusChange,vapLineExpansion,approved->underConstruction,1500000
global-demand-boom,seed-2,JPQ,19,NORMAL,statusChange,commonProcessingExpansion,approved->underConstruction,1500000
global-demand-boom,seed-2,MASS,20,NORMAL,proposed,newFactoryConstruction,targetFactoryId=,0
global-demand-boom,seed-2,MASS,20,NORMAL,statusChange,pdLineExpansion,underConstruction->completed,1200000
global-demand-boom,seed-2,MASS,20,NORMAL,statusChange,newFactoryConstruction,approved->underConstruction,6600000
global-demand-boom,seed-2,BAL,20,NORMAL,statusChange,commonProcessingExpansion,underConstruction->completed,1500000
global-demand-boom,seed-2,JPQ,20,NORMAL,proposed,pdLineExpansion,targetFactoryId=JPQ-F1,0
global-demand-boom,seed-2,JPQ,20,NORMAL,rejected,pdLineExpansion,工場スペースが不足しているため新規承認を見送り。必要スペース 700 / 空き 440（総量 127650、不足 260 スペース単位）。,4000000
global-demand-boom,seed-2,JPQ,20,NORMAL,statusChange,vapLineExpansion,underConstruction->underConstruction,2100000
global-demand-boom,seed-2,JPQ,20,NORMAL,statusChange,commonProcessingExpansion,underConstruction->underConstruction,2000000
global-demand-boom,seed-2,MASS,21,NORMAL,statusChange,newFactoryConstruction,underConstruction->underConstruction,7699999.999999999
global-demand-boom,seed-2,JPQ,21,NORMAL,statusChange,vapLineExpansion,underConstruction->underConstruction,1500000
global-demand-boom,seed-2,JPQ,21,NORMAL,statusChange,commonProcessingExpansion,underConstruction->completed,1500000
global-demand-boom,seed-2,VAP,21,NORMAL,proposed,commonProcessingExpansion,targetFactoryId=VAP-F1,0
global-demand-boom,seed-2,VAP,21,NORMAL,statusChange,commonProcessingExpansion,approved->underConstruction,1500000
global-demand-boom,seed-2,MASS,22,NORMAL,proposed,vapLineExpansion,targetFactoryId=MASS-F1,0
global-demand-boom,seed-2,MASS,22,NORMAL,statusChange,newFactoryConstruction,underConstruction->completed,7699999.999999999
global-demand-boom,seed-2,MASS,22,NORMAL,statusChange,vapLineExpansion,approved->underConstruction,1500000
global-demand-boom,seed-2,BAL,22,NORMAL,proposed,commonProcessingExpansion,targetFactoryId=BAL-F1,0
global-demand-boom,seed-2,BAL,22,NORMAL,statusChange,commonProcessingExpansion,approved->underConstruction,1500000
global-demand-boom,seed-2,JPQ,22,NORMAL,statusChange,vapLineExpansion,underConstruction->completed,900000
global-demand-boom,seed-2,VAP,22,NORMAL,statusChange,commonProcessingExpansion,underConstruction->underConstruction,2000000
global-demand-boom,seed-2,MASS,23,NORMAL,proposed,hosoLineExpansion,targetFactoryId=MASS-F1,0
global-demand-boom,seed-2,MASS,23,NORMAL,proposed,pdLineExpansion,targetFactoryId=MASS-F1,0
global-demand-boom,seed-2,MASS,23,NORMAL,statusChange,vapLineExpansion,underConstruction->underConstruction,2100000
global-demand-boom,seed-2,MASS,23,NORMAL,statusChange,hosoLineExpansion,approved->completed,8000000
global-demand-boom,seed-2,MASS,23,NORMAL,statusChange,pdLineExpansion,approved->underConstruction,1200000
global-demand-boom,seed-2,BAL,23,NORMAL,statusChange,commonProcessingExpansion,underConstruction->underConstruction,2000000
global-demand-boom,seed-2,JPQ,23,NORMAL,proposed,commonProcessingExpansion,targetFactoryId=JPQ-F1,0
global-demand-boom,seed-2,JPQ,23,NORMAL,rejected,commonProcessingExpansion,工場スペースが不足しているため新規承認を見送り。必要スペース 560 / 空き 440（総量 127650、不足 120 スペース単位）。,5000000
global-demand-boom,seed-2,VAP,23,NORMAL,statusChange,commonProcessingExpansion,underConstruction->completed,1500000
global-demand-boom,seed-2,MASS,24,NORMAL,statusChange,vapLineExpansion,underConstruction->underConstruction,1500000
global-demand-boom,seed-2,MASS,24,NORMAL,statusChange,pdLineExpansion,underConstruction->underConstruction,1600000
global-demand-boom,seed-2,BAL,24,NORMAL,proposed,newFactoryConstruction,targetFactoryId=,0
global-demand-boom,seed-2,BAL,24,NORMAL,statusChange,commonProcessingExpansion,underConstruction->completed,1500000
global-demand-boom,seed-2,BAL,24,NORMAL,statusChange,newFactoryConstruction,approved->underConstruction,6600000
global-demand-boom,seed-2,JPQ,24,NORMAL,proposed,commonProcessingExpansion,targetFactoryId=JPQ-F1,0
global-demand-boom,seed-2,JPQ,24,NORMAL,rejected,commonProcessingExpansion,工場スペースが不足しているため新規承認を見送り。必要スペース 560 / 空き 440（総量 127650、不足 120 スペース単位）。,5000000
global-demand-boom,seed-2,MASS,25,NORMAL,statusChange,vapLineExpansion,underConstruction->completed,900000
global-demand-boom,seed-2,MASS,25,NORMAL,statusChange,pdLineExpansion,underConstruction->completed,1200000
global-demand-boom,seed-2,BAL,25,NORMAL,statusChange,newFactoryConstruction,underConstruction->underConstruction,7699999.999999999
global-demand-boom,seed-2,VAP,25,NORMAL,proposed,commonProcessingExpansion,targetFactoryId=VAP-F1,0
global-demand-boom,seed-2,VAP,25,NORMAL,statusChange,commonProcessingExpansion,approved->underConstruction,1500000
global-demand-boom,seed-2,BAL,26,NORMAL,statusChange,newFactoryConstruction,underConstruction->completed,7699999.999999999
global-demand-boom,seed-2,VAP,26,NORMAL,statusChange,commonProcessingExpansion,underConstruction->underConstruction,2000000
global-demand-boom,seed-2,VAP,27,NORMAL,statusChange,commonProcessingExpansion,underConstruction->completed,1500000
global-demand-boom,seed-2,VAP,29,NORMAL,proposed,commonProcessingExpansion,targetFactoryId=VAP-F1,0
global-demand-boom,seed-2,VAP,29,NORMAL,statusChange,commonProcessingExpansion,approved->underConstruction,1500000
global-demand-boom,seed-2,VAP,30,NORMAL,statusChange,commonProcessingExpansion,underConstruction->underConstruction,2000000
global-demand-boom,seed-2,VAP,31,NORMAL,statusChange,commonProcessingExpansion,underConstruction->completed,1500000
global-demand-boom,seed-3,BAL,2,NORMAL,proposed,pdLineExpansion,targetFactoryId=BAL-F1,0
global-demand-boom,seed-3,BAL,2,NORMAL,statusChange,pdLineExpansion,approved->underConstruction,1200000
global-demand-boom,seed-3,BAL,3,NORMAL,statusChange,pdLineExpansion,underConstruction->underConstruction,1600000
global-demand-boom,seed-3,CONSV,3,NORMAL,proposed,hosoLineExpansion,targetFactoryId=CONSV-F1,0
global-demand-boom,seed-3,CONSV,3,NORMAL,proposed,vapLineExpansion,targetFactoryId=CONSV-F1,0
global-demand-boom,seed-3,CONSV,3,NORMAL,statusChange,hosoLineExpansion,approved->completed,8000000
global-demand-boom,seed-3,CONSV,3,NORMAL,statusChange,vapLineExpansion,approved->underConstruction,1500000
global-demand-boom,seed-3,BAL,4,NORMAL,statusChange,pdLineExpansion,underConstruction->completed,1200000
global-demand-boom,seed-3,CONSV,4,NORMAL,statusChange,vapLineExpansion,underConstruction->underConstruction,2100000
global-demand-boom,seed-3,BAL,5,NORMAL,proposed,hosoLineExpansion,targetFactoryId=BAL-F1,0
global-demand-boom,seed-3,BAL,5,NORMAL,statusChange,hosoLineExpansion,approved->completed,8000000
global-demand-boom,seed-3,JPQ,5,NORMAL,proposed,vapLineExpansion,targetFactoryId=JPQ-F1,0
global-demand-boom,seed-3,JPQ,5,NORMAL,statusChange,vapLineExpansion,approved->underConstruction,1500000
global-demand-boom,seed-3,CONSV,5,NORMAL,proposed,pdLineExpansion,targetFactoryId=CONSV-F1,0
global-demand-boom,seed-3,CONSV,5,NORMAL,statusChange,vapLineExpansion,underConstruction->underConstruction,1500000
global-demand-boom,seed-3,CONSV,5,NORMAL,statusChange,pdLineExpansion,approved->underConstruction,1200000
global-demand-boom,seed-3,JPQ,6,NORMAL,statusChange,vapLineExpansion,underConstruction->suspended,0
global-demand-boom,seed-3,CONSV,6,NORMAL,statusChange,vapLineExpansion,underConstruction->suspended,0
global-demand-boom,seed-3,CONSV,6,NORMAL,statusChange,pdLineExpansion,underConstruction->suspended,0
global-demand-boom,seed-3,CONSV,8,NORMAL,proposed,hosoLineExpansion,targetFactoryId=CONSV-F1,0
global-demand-boom,seed-3,CONSV,8,NORMAL,statusChange,hosoLineExpansion,approved->completed,8000000
global-demand-boom,seed-3,BAL,9,NORMAL,proposed,hosoLineExpansion,targetFactoryId=BAL-F1,0
global-demand-boom,seed-3,BAL,9,NORMAL,statusChange,hosoLineExpansion,approved->completed,8000000
global-demand-boom,seed-3,JPQ,11,NORMAL,proposed,hosoLineExpansion,targetFactoryId=JPQ-F1,0
global-demand-boom,seed-3,JPQ,11,NORMAL,proposed,pdLineExpansion,targetFactoryId=JPQ-F1,0
global-demand-boom,seed-3,JPQ,11,NORMAL,statusChange,hosoLineExpansion,approved->completed,8000000
global-demand-boom,seed-3,JPQ,11,NORMAL,statusChange,pdLineExpansion,approved->underConstruction,1200000
global-demand-boom,seed-3,BAL,12,NORMAL,proposed,hosoLineExpansion,targetFactoryId=BAL-F1,0
global-demand-boom,seed-3,BAL,12,NORMAL,statusChange,hosoLineExpansion,approved->completed,8000000
global-demand-boom,seed-3,JPQ,12,NORMAL,statusChange,pdLineExpansion,underConstruction->underConstruction,1600000
global-demand-boom,seed-3,JPQ,13,NORMAL,statusChange,pdLineExpansion,underConstruction->completed,1200000
global-demand-boom,seed-3,MASS,14,NORMAL,proposed,hosoLineExpansion,targetFactoryId=MASS-F1,0
global-demand-boom,seed-3,MASS,14,NORMAL,proposed,pdLineExpansion,targetFactoryId=MASS-F1,0
global-demand-boom,seed-3,MASS,14,NORMAL,proposed,vapLineExpansion,targetFactoryId=MASS-F1,0
global-demand-boom,seed-3,MASS,14,NORMAL,proposed,newFactoryConstruction,targetFactoryId=,0
global-demand-boom,seed-3,MASS,14,NORMAL,rejected,newFactoryConstruction,同時進行中案件数が上限(3)に達しているため新規承認を見送り。,22000000
global-demand-boom,seed-3,MASS,14,NORMAL,statusChange,hosoLineExpansion,approved->completed,8000000
global-demand-boom,seed-3,MASS,14,NORMAL,statusChange,pdLineExpansion,approved->underConstruction,1200000
global-demand-boom,seed-3,MASS,14,NORMAL,statusChange,vapLineExpansion,approved->underConstruction,1500000
global-demand-boom,seed-3,MASS,15,NORMAL,statusChange,pdLineExpansion,underConstruction->underConstruction,1600000
global-demand-boom,seed-3,MASS,15,NORMAL,statusChange,vapLineExpansion,underConstruction->underConstruction,2100000
global-demand-boom,seed-3,BAL,15,NORMAL,proposed,commonProcessingExpansion,targetFactoryId=BAL-F1,0
global-demand-boom,seed-3,BAL,15,NORMAL,statusChange,commonProcessingExpansion,approved->underConstruction,1500000
global-demand-boom,seed-3,JPQ,15,NORMAL,proposed,hosoLineExpansion,targetFactoryId=JPQ-F1,0
global-demand-boom,seed-3,JPQ,15,NORMAL,statusChange,hosoLineExpansion,approved->completed,8000000
global-demand-boom,seed-3,MASS,16,NORMAL,statusChange,pdLineExpansion,underConstruction->completed,1200000
global-demand-boom,seed-3,MASS,16,NORMAL,statusChange,vapLineExpansion,underConstruction->underConstruction,1500000
global-demand-boom,seed-3,BAL,16,NORMAL,statusChange,commonProcessingExpansion,underConstruction->underConstruction,2000000
global-demand-boom,seed-3,JPQ,16,NORMAL,proposed,pdLineExpansion,targetFactoryId=JPQ-F1,0
global-demand-boom,seed-3,JPQ,16,NORMAL,statusChange,pdLineExpansion,approved->underConstruction,1200000
global-demand-boom,seed-3,MASS,17,NORMAL,statusChange,vapLineExpansion,underConstruction->completed,900000
global-demand-boom,seed-3,BAL,17,NORMAL,statusChange,commonProcessingExpansion,underConstruction->completed,1500000
global-demand-boom,seed-3,JPQ,17,NORMAL,statusChange,pdLineExpansion,underConstruction->underConstruction,1600000
global-demand-boom,seed-3,JPQ,18,NORMAL,proposed,hosoLineExpansion,targetFactoryId=JPQ-F1,0
global-demand-boom,seed-3,JPQ,18,NORMAL,proposed,commonProcessingExpansion,targetFactoryId=JPQ-F1,0
global-demand-boom,seed-3,JPQ,18,NORMAL,rejected,commonProcessingExpansion,同時進行中案件数が上限(3)に達しているため新規承認を見送り。,5000000
global-demand-boom,seed-3,JPQ,18,NORMAL,statusChange,pdLineExpansion,underConstruction->completed,1200000
global-demand-boom,seed-3,JPQ,18,NORMAL,statusChange,hosoLineExpansion,approved->completed,8000000
global-demand-boom,seed-3,BAL,19,NORMAL,proposed,pdLineExpansion,targetFactoryId=BAL-F1,0
global-demand-boom,seed-3,BAL,19,NORMAL,proposed,vapLineExpansion,targetFactoryId=BAL-F1,0
global-demand-boom,seed-3,BAL,19,NORMAL,proposed,commonProcessingExpansion,targetFactoryId=BAL-F1,0
global-demand-boom,seed-3,BAL,19,NORMAL,statusChange,pdLineExpansion,approved->underConstruction,1200000
global-demand-boom,seed-3,BAL,19,NORMAL,statusChange,vapLineExpansion,approved->underConstruction,1500000
global-demand-boom,seed-3,BAL,19,NORMAL,statusChange,commonProcessingExpansion,approved->underConstruction,1500000
global-demand-boom,seed-3,JPQ,19,NORMAL,proposed,commonProcessingExpansion,targetFactoryId=JPQ-F1,0
global-demand-boom,seed-3,JPQ,19,NORMAL,statusChange,commonProcessingExpansion,approved->underConstruction,1500000
global-demand-boom,seed-3,MASS,20,NORMAL,proposed,vapLineExpansion,targetFactoryId=MASS-F1,0
global-demand-boom,seed-3,MASS,20,NORMAL,proposed,newFactoryConstruction,targetFactoryId=,0
global-demand-boom,seed-3,MASS,20,NORMAL,statusChange,vapLineExpansion,approved->underConstruction,1500000
global-demand-boom,seed-3,MASS,20,NORMAL,statusChange,newFactoryConstruction,approved->underConstruction,6600000
global-demand-boom,seed-3,BAL,20,NORMAL,statusChange,pdLineExpansion,underConstruction->underConstruction,1600000
global-demand-boom,seed-3,BAL,20,NORMAL,statusChange,vapLineExpansion,underConstruction->underConstruction,2100000
global-demand-boom,seed-3,BAL,20,NORMAL,statusChange,commonProcessingExpansion,underConstruction->underConstruction,2000000
global-demand-boom,seed-3,JPQ,20,NORMAL,statusChange,commonProcessingExpansion,underConstruction->underConstruction,2000000
global-demand-boom,seed-3,MASS,21,NORMAL,proposed,hosoLineExpansion,targetFactoryId=MASS-F1,0
global-demand-boom,seed-3,MASS,21,NORMAL,proposed,pdLineExpansion,targetFactoryId=MASS-F1,0
global-demand-boom,seed-3,MASS,21,NORMAL,rejected,pdLineExpansion,同時進行中案件数が上限(3)に達しているため新規承認を見送り。,4000000
global-demand-boom,seed-3,MASS,21,NORMAL,statusChange,vapLineExpansion,underConstruction->underConstruction,2100000
global-demand-boom,seed-3,MASS,21,NORMAL,statusChange,newFactoryConstruction,underConstruction->underConstruction,7699999.999999999
global-demand-boom,seed-3,MASS,21,NORMAL,statusChange,hosoLineExpansion,approved->completed,8000000
global-demand-boom,seed-3,BAL,21,NORMAL,statusChange,pdLineExpansion,underConstruction->completed,1200000
global-demand-boom,seed-3,BAL,21,NORMAL,statusChange,vapLineExpansion,underConstruction->underConstruction,1500000
global-demand-boom,seed-3,BAL,21,NORMAL,statusChange,commonProcessingExpansion,underConstruction->completed,1500000
global-demand-boom,seed-3,JPQ,21,NORMAL,statusChange,commonProcessingExpansion,underConstruction->completed,1500000
global-demand-boom,seed-3,MASS,22,NORMAL,proposed,pdLineExpansion,targetFactoryId=MASS-F1,0
global-demand-boom,seed-3,MASS,22,NORMAL,statusChange,vapLineExpansion,underConstruction->underConstruction,1500000
global-demand-boom,seed-3,MASS,22,NORMAL,statusChange,newFactoryConstruction,underConstruction->completed,7699999.999999999
global-demand-boom,seed-3,MASS,22,NORMAL,statusChange,pdLineExpansion,approved->underConstruction,1200000
global-demand-boom,seed-3,BAL,22,NORMAL,statusChange,vapLineExpansion,underConstruction->completed,900000
global-demand-boom,seed-3,MASS,23,NORMAL,statusChange,vapLineExpansion,underConstruction->completed,900000
global-demand-boom,seed-3,MASS,23,NORMAL,statusChange,pdLineExpansion,underConstruction->underConstruction,1600000
global-demand-boom,seed-3,BAL,23,NORMAL,proposed,commonProcessingExpansion,targetFactoryId=BAL-F1,0
global-demand-boom,seed-3,BAL,23,NORMAL,statusChange,commonProcessingExpansion,approved->underConstruction,1500000
global-demand-boom,seed-3,JPQ,23,NORMAL,proposed,commonProcessingExpansion,targetFactoryId=JPQ-F1,0
global-demand-boom,seed-3,JPQ,23,NORMAL,statusChange,commonProcessingExpansion,approved->underConstruction,1500000
global-demand-boom,seed-3,MASS,24,NORMAL,proposed,newFactoryConstruction,targetFactoryId=,0
global-demand-boom,seed-3,MASS,24,NORMAL,statusChange,pdLineExpansion,underConstruction->completed,1200000
global-demand-boom,seed-3,MASS,24,NORMAL,statusChange,newFactoryConstruction,approved->underConstruction,6600000
global-demand-boom,seed-3,BAL,24,NORMAL,proposed,newFactoryConstruction,targetFactoryId=,0
global-demand-boom,seed-3,BAL,24,NORMAL,statusChange,commonProcessingExpansion,underConstruction->underConstruction,2000000
global-demand-boom,seed-3,BAL,24,NORMAL,statusChange,newFactoryConstruction,approved->underConstruction,6600000
global-demand-boom,seed-3,JPQ,24,NORMAL,statusChange,commonProcessingExpansion,underConstruction->underConstruction,2000000
global-demand-boom,seed-3,MASS,25,NORMAL,statusChange,newFactoryConstruction,underConstruction->underConstruction,7699999.999999999
global-demand-boom,seed-3,BAL,25,NORMAL,statusChange,commonProcessingExpansion,underConstruction->completed,1500000
global-demand-boom,seed-3,BAL,25,NORMAL,statusChange,newFactoryConstruction,underConstruction->underConstruction,7699999.999999999
global-demand-boom,seed-3,JPQ,25,NORMAL,statusChange,commonProcessingExpansion,underConstruction->completed,1500000
global-demand-boom,seed-3,MASS,26,NORMAL,statusChange,newFactoryConstruction,underConstruction->completed,7699999.999999999
global-demand-boom,seed-3,BAL,26,NORMAL,statusChange,newFactoryConstruction,underConstruction->completed,7699999.999999999
global-demand-boom,seed-3,JPQ,27,NORMAL,proposed,commonProcessingExpansion,targetFactoryId=JPQ-F1,0
global-demand-boom,seed-3,JPQ,27,NORMAL,statusChange,commonProcessingExpansion,approved->underConstruction,1500000
global-demand-boom,seed-3,JPQ,28,NORMAL,statusChange,commonProcessingExpansion,underConstruction->underConstruction,2000000
global-demand-boom,seed-3,JPQ,29,NORMAL,statusChange,commonProcessingExpansion,underConstruction->completed,1500000
global-demand-boom,seed-3,JPQ,31,NORMAL,proposed,commonProcessingExpansion,targetFactoryId=JPQ-F1,0
global-demand-boom,seed-3,JPQ,31,NORMAL,statusChange,commonProcessingExpansion,approved->underConstruction,1500000
global-demand-boom,seed-3,JPQ,32,NORMAL,statusChange,commonProcessingExpansion,underConstruction->underConstruction,2000000
global-demand-boom,seed-4,BAL,2,NORMAL,proposed,pdLineExpansion,targetFactoryId=BAL-F1,0
global-demand-boom,seed-4,BAL,2,NORMAL,statusChange,pdLineExpansion,approved->underConstruction,1200000
global-demand-boom,seed-4,BAL,3,NORMAL,statusChange,pdLineExpansion,underConstruction->underConstruction,1600000
global-demand-boom,seed-4,CONSV,3,NORMAL,proposed,hosoLineExpansion,targetFactoryId=CONSV-F1,0
global-demand-boom,seed-4,CONSV,3,NORMAL,proposed,vapLineExpansion,targetFactoryId=CONSV-F1,0
global-demand-boom,seed-4,CONSV,3,NORMAL,statusChange,hosoLineExpansion,approved->completed,8000000
global-demand-boom,seed-4,CONSV,3,NORMAL,statusChange,vapLineExpansion,approved->underConstruction,1500000
global-demand-boom,seed-4,BAL,4,NORMAL,statusChange,pdLineExpansion,underConstruction->completed,1200000
global-demand-boom,seed-4,CONSV,4,NORMAL,statusChange,vapLineExpansion,underConstruction->underConstruction,2100000
global-demand-boom,seed-4,BAL,5,NORMAL,proposed,hosoLineExpansion,targetFactoryId=BAL-F1,0
global-demand-boom,seed-4,BAL,5,NORMAL,statusChange,hosoLineExpansion,approved->completed,8000000
global-demand-boom,seed-4,CONSV,5,NORMAL,statusChange,vapLineExpansion,underConstruction->underConstruction,1500000
global-demand-boom,seed-4,CONSV,6,NORMAL,statusChange,vapLineExpansion,underConstruction->suspended,0
global-demand-boom,seed-4,CONSV,8,NORMAL,proposed,hosoLineExpansion,targetFactoryId=CONSV-F1,0
global-demand-boom,seed-4,CONSV,8,NORMAL,proposed,pdLineExpansion,targetFactoryId=CONSV-F1,0
global-demand-boom,seed-4,CONSV,8,NORMAL,statusChange,hosoLineExpansion,approved->completed,8000000
global-demand-boom,seed-4,CONSV,8,NORMAL,statusChange,pdLineExpansion,approved->underConstruction,1200000
global-demand-boom,seed-4,BAL,9,NORMAL,proposed,hosoLineExpansion,targetFactoryId=BAL-F1,0
global-demand-boom,seed-4,BAL,9,NORMAL,statusChange,hosoLineExpansion,approved->completed,8000000
global-demand-boom,seed-4,CONSV,9,NORMAL,statusChange,pdLineExpansion,underConstruction->underConstruction,1600000
global-demand-boom,seed-4,CONSV,10,NORMAL,statusChange,pdLineExpansion,underConstruction->completed,1200000
global-demand-boom,seed-4,VAP,10,NORMAL,proposed,hosoLineExpansion,targetFactoryId=VAP-F1,0
global-demand-boom,seed-4,VAP,10,NORMAL,statusChange,hosoLineExpansion,approved->completed,8000000
global-demand-boom,seed-4,JPQ,11,NORMAL,proposed,hosoLineExpansion,targetFactoryId=JPQ-F1,0
global-demand-boom,seed-4,JPQ,11,NORMAL,proposed,pdLineExpansion,targetFactoryId=JPQ-F1,0
global-demand-boom,seed-4,JPQ,11,NORMAL,proposed,vapLineExpansion,targetFactoryId=JPQ-F1,0
global-demand-boom,seed-4,JPQ,11,NORMAL,statusChange,hosoLineExpansion,approved->completed,8000000
global-demand-boom,seed-4,JPQ,11,NORMAL,statusChange,pdLineExpansion,approved->underConstruction,1200000
global-demand-boom,seed-4,JPQ,11,NORMAL,statusChange,vapLineExpansion,approved->underConstruction,1500000
global-demand-boom,seed-4,BAL,12,NORMAL,proposed,hosoLineExpansion,targetFactoryId=BAL-F1,0
global-demand-boom,seed-4,BAL,12,NORMAL,statusChange,hosoLineExpansion,approved->completed,8000000
global-demand-boom,seed-4,JPQ,12,NORMAL,statusChange,pdLineExpansion,underConstruction->underConstruction,1600000
global-demand-boom,seed-4,JPQ,12,NORMAL,statusChange,vapLineExpansion,underConstruction->underConstruction,2100000
global-demand-boom,seed-4,JPQ,13,NORMAL,statusChange,pdLineExpansion,underConstruction->completed,1200000
global-demand-boom,seed-4,JPQ,13,NORMAL,statusChange,vapLineExpansion,underConstruction->underConstruction,1500000
global-demand-boom,seed-4,MASS,14,NORMAL,proposed,hosoLineExpansion,targetFactoryId=MASS-F1,0
global-demand-boom,seed-4,MASS,14,NORMAL,proposed,pdLineExpansion,targetFactoryId=MASS-F1,0
global-demand-boom,seed-4,MASS,14,NORMAL,proposed,vapLineExpansion,targetFactoryId=MASS-F1,0
global-demand-boom,seed-4,MASS,14,NORMAL,statusChange,hosoLineExpansion,approved->completed,8000000
global-demand-boom,seed-4,MASS,14,NORMAL,statusChange,pdLineExpansion,approved->underConstruction,1200000
global-demand-boom,seed-4,MASS,14,NORMAL,statusChange,vapLineExpansion,approved->underConstruction,1500000
global-demand-boom,seed-4,JPQ,14,NORMAL,statusChange,vapLineExpansion,underConstruction->completed,900000
global-demand-boom,seed-4,MASS,15,NORMAL,statusChange,pdLineExpansion,underConstruction->underConstruction,1600000
global-demand-boom,seed-4,MASS,15,NORMAL,statusChange,vapLineExpansion,underConstruction->underConstruction,2100000
global-demand-boom,seed-4,BAL,15,NORMAL,proposed,commonProcessingExpansion,targetFactoryId=BAL-F1,0
global-demand-boom,seed-4,BAL,15,NORMAL,statusChange,commonProcessingExpansion,approved->underConstruction,1500000
global-demand-boom,seed-4,JPQ,15,NORMAL,proposed,hosoLineExpansion,targetFactoryId=JPQ-F1,0
global-demand-boom,seed-4,JPQ,15,NORMAL,statusChange,hosoLineExpansion,approved->completed,8000000
global-demand-boom,seed-4,VAP,15,NORMAL,proposed,hosoLineExpansion,targetFactoryId=VAP-F1,0
global-demand-boom,seed-4,VAP,15,NORMAL,statusChange,hosoLineExpansion,approved->completed,8000000
global-demand-boom,seed-4,MASS,16,NORMAL,statusChange,pdLineExpansion,underConstruction->completed,1200000
global-demand-boom,seed-4,MASS,16,NORMAL,statusChange,vapLineExpansion,underConstruction->underConstruction,1500000
global-demand-boom,seed-4,BAL,16,NORMAL,statusChange,commonProcessingExpansion,underConstruction->underConstruction,2000000
global-demand-boom,seed-4,JPQ,16,NORMAL,proposed,pdLineExpansion,targetFactoryId=JPQ-F1,0
global-demand-boom,seed-4,JPQ,16,NORMAL,statusChange,pdLineExpansion,approved->underConstruction,1200000
global-demand-boom,seed-4,VAP,16,NORMAL,proposed,pdLineExpansion,targetFactoryId=VAP-F1,0
global-demand-boom,seed-4,VAP,16,NORMAL,proposed,vapLineExpansion,targetFactoryId=VAP-F1,0
global-demand-boom,seed-4,VAP,16,NORMAL,statusChange,pdLineExpansion,approved->underConstruction,1200000
global-demand-boom,seed-4,VAP,16,NORMAL,statusChange,vapLineExpansion,approved->underConstruction,1500000
global-demand-boom,seed-4,MASS,17,NORMAL,statusChange,vapLineExpansion,underConstruction->completed,900000
global-demand-boom,seed-4,BAL,17,NORMAL,statusChange,commonProcessingExpansion,underConstruction->completed,1500000
global-demand-boom,seed-4,JPQ,17,NORMAL,statusChange,pdLineExpansion,underConstruction->underConstruction,1600000
global-demand-boom,seed-4,VAP,17,NORMAL,statusChange,pdLineExpansion,underConstruction->underConstruction,1600000
global-demand-boom,seed-4,VAP,17,NORMAL,statusChange,vapLineExpansion,underConstruction->underConstruction,2100000
global-demand-boom,seed-4,JPQ,18,NORMAL,proposed,hosoLineExpansion,targetFactoryId=JPQ-F1,0
global-demand-boom,seed-4,JPQ,18,NORMAL,statusChange,pdLineExpansion,underConstruction->completed,1200000
global-demand-boom,seed-4,JPQ,18,NORMAL,statusChange,hosoLineExpansion,approved->completed,8000000
global-demand-boom,seed-4,VAP,18,NORMAL,proposed,hosoLineExpansion,targetFactoryId=VAP-F1,0
global-demand-boom,seed-4,VAP,18,NORMAL,statusChange,pdLineExpansion,underConstruction->completed,1200000
global-demand-boom,seed-4,VAP,18,NORMAL,statusChange,vapLineExpansion,underConstruction->underConstruction,1500000
global-demand-boom,seed-4,VAP,18,NORMAL,statusChange,hosoLineExpansion,approved->completed,8000000
global-demand-boom,seed-4,BAL,19,NORMAL,proposed,pdLineExpansion,targetFactoryId=BAL-F1,0
global-demand-boom,seed-4,BAL,19,NORMAL,proposed,vapLineExpansion,targetFactoryId=BAL-F1,0
global-demand-boom,seed-4,BAL,19,NORMAL,proposed,commonProcessingExpansion,targetFactoryId=BAL-F1,0
global-demand-boom,seed-4,BAL,19,NORMAL,statusChange,pdLineExpansion,approved->underConstruction,1200000
global-demand-boom,seed-4,BAL,19,NORMAL,statusChange,vapLineExpansion,approved->underConstruction,1500000
global-demand-boom,seed-4,BAL,19,NORMAL,statusChange,commonProcessingExpansion,approved->underConstruction,1500000
global-demand-boom,seed-4,VAP,19,NORMAL,statusChange,vapLineExpansion,underConstruction->completed,900000
global-demand-boom,seed-4,MASS,20,NORMAL,proposed,hosoLineExpansion,targetFactoryId=MASS-F1,0
global-demand-boom,seed-4,MASS,20,NORMAL,proposed,pdLineExpansion,targetFactoryId=MASS-F1,0
global-demand-boom,seed-4,MASS,20,NORMAL,proposed,vapLineExpansion,targetFactoryId=MASS-F1,0
global-demand-boom,seed-4,MASS,20,NORMAL,statusChange,hosoLineExpansion,approved->completed,8000000
global-demand-boom,seed-4,MASS,20,NORMAL,statusChange,pdLineExpansion,approved->underConstruction,1200000
global-demand-boom,seed-4,MASS,20,NORMAL,statusChange,vapLineExpansion,approved->underConstruction,1500000
global-demand-boom,seed-4,BAL,20,NORMAL,statusChange,pdLineExpansion,underConstruction->underConstruction,1600000
global-demand-boom,seed-4,BAL,20,NORMAL,statusChange,vapLineExpansion,underConstruction->underConstruction,2100000
global-demand-boom,seed-4,BAL,20,NORMAL,statusChange,commonProcessingExpansion,underConstruction->underConstruction,2000000
global-demand-boom,seed-4,VAP,20,NORMAL,proposed,commonProcessingExpansion,targetFactoryId=VAP-F1,0
global-demand-boom,seed-4,VAP,20,NORMAL,statusChange,commonProcessingExpansion,approved->underConstruction,1500000
global-demand-boom,seed-4,MASS,21,NORMAL,proposed,newFactoryConstruction,targetFactoryId=,0
global-demand-boom,seed-4,MASS,21,NORMAL,statusChange,pdLineExpansion,underConstruction->underConstruction,1600000
global-demand-boom,seed-4,MASS,21,NORMAL,statusChange,vapLineExpansion,underConstruction->underConstruction,2100000
global-demand-boom,seed-4,MASS,21,NORMAL,statusChange,newFactoryConstruction,approved->underConstruction,6600000
global-demand-boom,seed-4,BAL,21,NORMAL,statusChange,pdLineExpansion,underConstruction->completed,1200000
global-demand-boom,seed-4,BAL,21,NORMAL,statusChange,vapLineExpansion,underConstruction->underConstruction,1500000
global-demand-boom,seed-4,BAL,21,NORMAL,statusChange,commonProcessingExpansion,underConstruction->completed,1500000
global-demand-boom,seed-4,JPQ,21,NORMAL,proposed,commonProcessingExpansion,targetFactoryId=JPQ-F1,0
global-demand-boom,seed-4,JPQ,21,NORMAL,statusChange,commonProcessingExpansion,approved->underConstruction,1500000
global-demand-boom,seed-4,VAP,21,NORMAL,statusChange,commonProcessingExpansion,underConstruction->underConstruction,2000000
global-demand-boom,seed-4,MASS,22,NORMAL,statusChange,pdLineExpansion,underConstruction->completed,1200000
global-demand-boom,seed-4,MASS,22,NORMAL,statusChange,vapLineExpansion,underConstruction->underConstruction,1500000
global-demand-boom,seed-4,MASS,22,NORMAL,statusChange,newFactoryConstruction,underConstruction->underConstruction,7699999.999999999
global-demand-boom,seed-4,BAL,22,NORMAL,statusChange,vapLineExpansion,underConstruction->completed,900000
global-demand-boom,seed-4,JPQ,22,NORMAL,statusChange,commonProcessingExpansion,underConstruction->underConstruction,2000000
global-demand-boom,seed-4,VAP,22,NORMAL,statusChange,commonProcessingExpansion,underConstruction->completed,1500000
global-demand-boom,seed-4,MASS,23,NORMAL,proposed,hosoLineExpansion,targetFactoryId=MASS-F1,0
global-demand-boom,seed-4,MASS,23,NORMAL,proposed,commonProcessingExpansion,targetFactoryId=MASS-F1,0
global-demand-boom,seed-4,MASS,23,NORMAL,rejected,commonProcessingExpansion,同時進行中案件数が上限(3)に達しているため新規承認を見送り。,5000000
global-demand-boom,seed-4,MASS,23,NORMAL,statusChange,vapLineExpansion,underConstruction->completed,900000
global-demand-boom,seed-4,MASS,23,NORMAL,statusChange,newFactoryConstruction,underConstruction->completed,7699999.999999999
global-demand-boom,seed-4,MASS,23,NORMAL,statusChange,hosoLineExpansion,approved->completed,8000000
global-demand-boom,seed-4,BAL,23,NORMAL,proposed,commonProcessingExpansion,targetFactoryId=BAL-F1,0
global-demand-boom,seed-4,BAL,23,NORMAL,statusChange,commonProcessingExpansion,approved->underConstruction,1500000
global-demand-boom,seed-4,JPQ,23,NORMAL,statusChange,commonProcessingExpansion,underConstruction->completed,1500000
global-demand-boom,seed-4,MASS,24,NORMAL,proposed,pdLineExpansion,targetFactoryId=MASS-F1,0
global-demand-boom,seed-4,MASS,24,NORMAL,proposed,commonProcessingExpansion,targetFactoryId=MASS-F1,0
global-demand-boom,seed-4,MASS,24,NORMAL,statusChange,pdLineExpansion,approved->underConstruction,1200000
global-demand-boom,seed-4,MASS,24,NORMAL,statusChange,commonProcessingExpansion,approved->underConstruction,1500000
global-demand-boom,seed-4,BAL,24,NORMAL,proposed,newFactoryConstruction,targetFactoryId=,0
global-demand-boom,seed-4,BAL,24,NORMAL,statusChange,commonProcessingExpansion,underConstruction->underConstruction,2000000
global-demand-boom,seed-4,BAL,24,NORMAL,statusChange,newFactoryConstruction,approved->underConstruction,6600000
global-demand-boom,seed-4,VAP,24,NORMAL,proposed,commonProcessingExpansion,targetFactoryId=VAP-F1,0
global-demand-boom,seed-4,VAP,24,NORMAL,statusChange,commonProcessingExpansion,approved->underConstruction,1500000
global-demand-boom,seed-4,MASS,25,NORMAL,proposed,newFactoryConstruction,targetFactoryId=,0
global-demand-boom,seed-4,MASS,25,NORMAL,statusChange,pdLineExpansion,underConstruction->underConstruction,1600000
global-demand-boom,seed-4,MASS,25,NORMAL,statusChange,commonProcessingExpansion,underConstruction->underConstruction,2000000
global-demand-boom,seed-4,MASS,25,NORMAL,statusChange,newFactoryConstruction,approved->underConstruction,6600000
global-demand-boom,seed-4,BAL,25,NORMAL,statusChange,commonProcessingExpansion,underConstruction->completed,1500000
global-demand-boom,seed-4,BAL,25,NORMAL,statusChange,newFactoryConstruction,underConstruction->underConstruction,7699999.999999999
global-demand-boom,seed-4,JPQ,25,NORMAL,proposed,commonProcessingExpansion,targetFactoryId=JPQ-F1,0
global-demand-boom,seed-4,JPQ,25,NORMAL,statusChange,commonProcessingExpansion,approved->underConstruction,1500000
global-demand-boom,seed-4,VAP,25,NORMAL,statusChange,commonProcessingExpansion,underConstruction->underConstruction,2000000
global-demand-boom,seed-4,MASS,26,NORMAL,statusChange,pdLineExpansion,underConstruction->completed,1200000
global-demand-boom,seed-4,MASS,26,NORMAL,statusChange,commonProcessingExpansion,underConstruction->completed,1500000
global-demand-boom,seed-4,MASS,26,NORMAL,statusChange,newFactoryConstruction,underConstruction->underConstruction,7699999.999999999
global-demand-boom,seed-4,BAL,26,NORMAL,statusChange,newFactoryConstruction,underConstruction->completed,7699999.999999999
global-demand-boom,seed-4,JPQ,26,NORMAL,statusChange,commonProcessingExpansion,underConstruction->underConstruction,2000000
global-demand-boom,seed-4,VAP,26,NORMAL,statusChange,commonProcessingExpansion,underConstruction->completed,1500000
global-demand-boom,seed-4,MASS,27,NORMAL,statusChange,newFactoryConstruction,underConstruction->completed,7699999.999999999
global-demand-boom,seed-4,JPQ,27,NORMAL,statusChange,commonProcessingExpansion,underConstruction->completed,1500000
global-demand-boom,seed-4,VAP,28,NORMAL,proposed,commonProcessingExpansion,targetFactoryId=VAP-F1,0
global-demand-boom,seed-4,VAP,28,NORMAL,statusChange,commonProcessingExpansion,approved->underConstruction,1500000
global-demand-boom,seed-4,JPQ,29,NORMAL,proposed,commonProcessingExpansion,targetFactoryId=JPQ-F1,0
global-demand-boom,seed-4,JPQ,29,NORMAL,statusChange,commonProcessingExpansion,approved->underConstruction,1500000
global-demand-boom,seed-4,VAP,29,NORMAL,statusChange,commonProcessingExpansion,underConstruction->underConstruction,2000000
global-demand-boom,seed-4,JPQ,30,NORMAL,statusChange,commonProcessingExpansion,underConstruction->underConstruction,2000000
global-demand-boom,seed-4,VAP,30,NORMAL,statusChange,commonProcessingExpansion,underConstruction->completed,1500000
global-demand-boom,seed-4,JPQ,31,NORMAL,statusChange,commonProcessingExpansion,underConstruction->completed,1500000
global-demand-boom,seed-4,VAP,32,NORMAL,proposed,commonProcessingExpansion,targetFactoryId=VAP-F1,0
global-demand-boom,seed-4,VAP,32,NORMAL,statusChange,commonProcessingExpansion,approved->underConstruction,1500000
global-demand-boom,seed-5,BAL,2,NORMAL,proposed,pdLineExpansion,targetFactoryId=BAL-F1,0
global-demand-boom,seed-5,BAL,2,NORMAL,statusChange,pdLineExpansion,approved->underConstruction,1200000
global-demand-boom,seed-5,BAL,3,NORMAL,statusChange,pdLineExpansion,underConstruction->underConstruction,1600000
global-demand-boom,seed-5,CONSV,3,NORMAL,proposed,vapLineExpansion,targetFactoryId=CONSV-F1,0
global-demand-boom,seed-5,CONSV,3,NORMAL,statusChange,vapLineExpansion,approved->underConstruction,1500000
global-demand-boom,seed-5,BAL,4,NORMAL,statusChange,pdLineExpansion,underConstruction->completed,1200000
global-demand-boom,seed-5,CONSV,4,NORMAL,statusChange,vapLineExpansion,underConstruction->underConstruction,2100000
global-demand-boom,seed-5,BAL,5,NORMAL,proposed,hosoLineExpansion,targetFactoryId=BAL-F1,0
global-demand-boom,seed-5,BAL,5,NORMAL,statusChange,hosoLineExpansion,approved->completed,8000000
global-demand-boom,seed-5,JPQ,5,NORMAL,proposed,vapLineExpansion,targetFactoryId=JPQ-F1,0
global-demand-boom,seed-5,JPQ,5,NORMAL,statusChange,vapLineExpansion,approved->underConstruction,1500000
global-demand-boom,seed-5,CONSV,5,NORMAL,proposed,pdLineExpansion,targetFactoryId=CONSV-F1,0
global-demand-boom,seed-5,CONSV,5,NORMAL,statusChange,vapLineExpansion,underConstruction->underConstruction,1500000
global-demand-boom,seed-5,CONSV,5,NORMAL,statusChange,pdLineExpansion,approved->underConstruction,1200000
global-demand-boom,seed-5,JPQ,6,NORMAL,statusChange,vapLineExpansion,underConstruction->underConstruction,2100000
global-demand-boom,seed-5,CONSV,6,NORMAL,statusChange,vapLineExpansion,underConstruction->completed,900000
global-demand-boom,seed-5,CONSV,6,NORMAL,statusChange,pdLineExpansion,underConstruction->suspended,0
global-demand-boom,seed-5,JPQ,7,NORMAL,statusChange,vapLineExpansion,underConstruction->underConstruction,1500000
global-demand-boom,seed-5,JPQ,8,NORMAL,statusChange,vapLineExpansion,underConstruction->completed,900000
global-demand-boom,seed-5,BAL,9,NORMAL,proposed,hosoLineExpansion,targetFactoryId=BAL-F1,0
global-demand-boom,seed-5,BAL,9,NORMAL,statusChange,hosoLineExpansion,approved->completed,8000000
global-demand-boom,seed-5,CONSV,9,NORMAL,proposed,hosoLineExpansion,targetFactoryId=CONSV-F1,0
global-demand-boom,seed-5,CONSV,9,NORMAL,statusChange,hosoLineExpansion,approved->completed,8000000
global-demand-boom,seed-5,VAP,10,NORMAL,proposed,hosoLineExpansion,targetFactoryId=VAP-F1,0
global-demand-boom,seed-5,VAP,10,NORMAL,statusChange,hosoLineExpansion,approved->completed,8000000
global-demand-boom,seed-5,MASS,11,NORMAL,proposed,newFactoryConstruction,targetFactoryId=,0
global-demand-boom,seed-5,MASS,11,NORMAL,statusChange,newFactoryConstruction,approved->underConstruction,6600000
global-demand-boom,seed-5,JPQ,11,NORMAL,proposed,hosoLineExpansion,targetFactoryId=JPQ-F1,0
global-demand-boom,seed-5,JPQ,11,NORMAL,proposed,pdLineExpansion,targetFactoryId=JPQ-F1,0
global-demand-boom,seed-5,JPQ,11,NORMAL,statusChange,hosoLineExpansion,approved->completed,8000000
global-demand-boom,seed-5,JPQ,11,NORMAL,statusChange,pdLineExpansion,approved->underConstruction,1200000
global-demand-boom,seed-5,MASS,12,NORMAL,statusChange,newFactoryConstruction,underConstruction->underConstruction,7699999.999999999
global-demand-boom,seed-5,BAL,12,NORMAL,proposed,hosoLineExpansion,targetFactoryId=BAL-F1,0
global-demand-boom,seed-5,BAL,12,NORMAL,statusChange,hosoLineExpansion,approved->completed,8000000
global-demand-boom,seed-5,JPQ,12,NORMAL,proposed,vapLineExpansion,targetFactoryId=JPQ-F1,0
global-demand-boom,seed-5,JPQ,12,NORMAL,statusChange,pdLineExpansion,underConstruction->underConstruction,1600000
global-demand-boom,seed-5,JPQ,12,NORMAL,statusChange,vapLineExpansion,approved->underConstruction,1500000
global-demand-boom,seed-5,MASS,13,NORMAL,statusChange,newFactoryConstruction,underConstruction->completed,7699999.999999999
global-demand-boom,seed-5,JPQ,13,NORMAL,statusChange,pdLineExpansion,underConstruction->completed,1200000
global-demand-boom,seed-5,JPQ,13,NORMAL,statusChange,vapLineExpansion,underConstruction->underConstruction,2100000
global-demand-boom,seed-5,CONSV,13,NORMAL,proposed,hosoLineExpansion,targetFactoryId=CONSV-F1,0
global-demand-boom,seed-5,CONSV,13,NORMAL,proposed,vapLineExpansion,targetFactoryId=CONSV-F1,0
global-demand-boom,seed-5,CONSV,13,NORMAL,statusChange,hosoLineExpansion,approved->completed,8000000
global-demand-boom,seed-5,CONSV,13,NORMAL,statusChange,vapLineExpansion,approved->underConstruction,1500000
global-demand-boom,seed-5,JPQ,14,NORMAL,statusChange,vapLineExpansion,underConstruction->underConstruction,1500000
global-demand-boom,seed-5,CONSV,14,NORMAL,statusChange,vapLineExpansion,underConstruction->underConstruction,2100000
global-demand-boom,seed-5,VAP,14,NORMAL,proposed,hosoLineExpansion,targetFactoryId=VAP-F1,0
global-demand-boom,seed-5,VAP,14,NORMAL,statusChange,hosoLineExpansion,approved->completed,8000000
global-demand-boom,seed-5,BAL,15,NORMAL,proposed,commonProcessingExpansion,targetFactoryId=BAL-F1,0
global-demand-boom,seed-5,BAL,15,NORMAL,statusChange,commonProcessingExpansion,approved->underConstruction,1500000
global-demand-boom,seed-5,JPQ,15,NORMAL,proposed,hosoLineExpansion,targetFactoryId=JPQ-F1,0
global-demand-boom,seed-5,JPQ,15,NORMAL,statusChange,vapLineExpansion,underConstruction->completed,900000
global-demand-boom,seed-5,JPQ,15,NORMAL,statusChange,hosoLineExpansion,approved->completed,8000000
global-demand-boom,seed-5,CONSV,15,NORMAL,statusChange,vapLineExpansion,underConstruction->underConstruction,1500000
global-demand-boom,seed-5,BAL,16,NORMAL,statusChange,commonProcessingExpansion,underConstruction->underConstruction,2000000
global-demand-boom,seed-5,JPQ,16,NORMAL,proposed,pdLineExpansion,targetFactoryId=JPQ-F1,0
global-demand-boom,seed-5,JPQ,16,NORMAL,statusChange,pdLineExpansion,approved->underConstruction,1200000
global-demand-boom,seed-5,CONSV,16,NORMAL,statusChange,vapLineExpansion,underConstruction->completed,900000
global-demand-boom,seed-5,BAL,17,NORMAL,statusChange,commonProcessingExpansion,underConstruction->completed,1500000
global-demand-boom,seed-5,JPQ,17,NORMAL,statusChange,pdLineExpansion,underConstruction->underConstruction,1600000
global-demand-boom,seed-5,VAP,17,NORMAL,proposed,hosoLineExpansion,targetFactoryId=VAP-F1,0
global-demand-boom,seed-5,VAP,17,NORMAL,statusChange,hosoLineExpansion,approved->completed,8000000
global-demand-boom,seed-5,JPQ,18,NORMAL,statusChange,pdLineExpansion,underConstruction->completed,1200000
global-demand-boom,seed-5,BAL,19,NORMAL,proposed,pdLineExpansion,targetFactoryId=BAL-F1,0
global-demand-boom,seed-5,BAL,19,NORMAL,proposed,vapLineExpansion,targetFactoryId=BAL-F1,0
global-demand-boom,seed-5,BAL,19,NORMAL,proposed,commonProcessingExpansion,targetFactoryId=BAL-F1,0
global-demand-boom,seed-5,BAL,19,NORMAL,statusChange,pdLineExpansion,approved->underConstruction,1200000
global-demand-boom,seed-5,BAL,19,NORMAL,statusChange,vapLineExpansion,approved->underConstruction,1500000
global-demand-boom,seed-5,BAL,19,NORMAL,statusChange,commonProcessingExpansion,approved->underConstruction,1500000
global-demand-boom,seed-5,JPQ,19,NORMAL,proposed,hosoLineExpansion,targetFactoryId=JPQ-F1,0
global-demand-boom,seed-5,JPQ,19,NORMAL,proposed,vapLineExpansion,targetFactoryId=JPQ-F1,0
global-demand-boom,seed-5,JPQ,19,NORMAL,proposed,commonProcessingExpansion,targetFactoryId=JPQ-F1,0
global-demand-boom,seed-5,JPQ,19,NORMAL,statusChange,hosoLineExpansion,approved->completed,8000000
global-demand-boom,seed-5,JPQ,19,NORMAL,statusChange,vapLineExpansion,approved->underConstruction,1500000
global-demand-boom,seed-5,JPQ,19,NORMAL,statusChange,commonProcessingExpansion,approved->underConstruction,1500000
global-demand-boom,seed-5,BAL,20,NORMAL,statusChange,pdLineExpansion,underConstruction->underConstruction,1600000
global-demand-boom,seed-5,BAL,20,NORMAL,statusChange,vapLineExpansion,underConstruction->underConstruction,2100000
global-demand-boom,seed-5,BAL,20,NORMAL,statusChange,commonProcessingExpansion,underConstruction->underConstruction,2000000
global-demand-boom,seed-5,JPQ,20,NORMAL,proposed,pdLineExpansion,targetFactoryId=JPQ-F1,0
global-demand-boom,seed-5,JPQ,20,NORMAL,rejected,pdLineExpansion,工場スペースが不足しているため新規承認を見送り。必要スペース 700 / 空き 440（総量 127650、不足 260 スペース単位）。,4000000
global-demand-boom,seed-5,JPQ,20,NORMAL,statusChange,vapLineExpansion,underConstruction->underConstruction,2100000
global-demand-boom,seed-5,JPQ,20,NORMAL,statusChange,commonProcessingExpansion,underConstruction->underConstruction,2000000
global-demand-boom,seed-5,BAL,21,NORMAL,statusChange,pdLineExpansion,underConstruction->completed,1200000
global-demand-boom,seed-5,BAL,21,NORMAL,statusChange,vapLineExpansion,underConstruction->underConstruction,1500000
global-demand-boom,seed-5,BAL,21,NORMAL,statusChange,commonProcessingExpansion,underConstruction->completed,1500000
global-demand-boom,seed-5,JPQ,21,NORMAL,statusChange,vapLineExpansion,underConstruction->underConstruction,1500000
global-demand-boom,seed-5,JPQ,21,NORMAL,statusChange,commonProcessingExpansion,underConstruction->completed,1500000
global-demand-boom,seed-5,BAL,22,NORMAL,statusChange,vapLineExpansion,underConstruction->completed,900000
global-demand-boom,seed-5,JPQ,22,NORMAL,statusChange,vapLineExpansion,underConstruction->completed,900000
global-demand-boom,seed-5,BAL,23,NORMAL,proposed,commonProcessingExpansion,targetFactoryId=BAL-F1,0
global-demand-boom,seed-5,BAL,23,NORMAL,statusChange,commonProcessingExpansion,approved->underConstruction,1500000
global-demand-boom,seed-5,JPQ,23,NORMAL,proposed,commonProcessingExpansion,targetFactoryId=JPQ-F1,0
global-demand-boom,seed-5,JPQ,23,NORMAL,rejected,commonProcessingExpansion,工場スペースが不足しているため新規承認を見送り。必要スペース 560 / 空き 440（総量 127650、不足 120 スペース単位）。,5000000
global-demand-boom,seed-5,BAL,24,NORMAL,proposed,newFactoryConstruction,targetFactoryId=,0
global-demand-boom,seed-5,BAL,24,NORMAL,statusChange,commonProcessingExpansion,underConstruction->underConstruction,2000000
global-demand-boom,seed-5,BAL,24,NORMAL,statusChange,newFactoryConstruction,approved->underConstruction,6600000
global-demand-boom,seed-5,JPQ,24,NORMAL,proposed,commonProcessingExpansion,targetFactoryId=JPQ-F1,0
global-demand-boom,seed-5,JPQ,24,NORMAL,rejected,commonProcessingExpansion,工場スペースが不足しているため新規承認を見送り。必要スペース 560 / 空き 440（総量 127650、不足 120 スペース単位）。,5000000
global-demand-boom,seed-5,VAP,24,NORMAL,proposed,commonProcessingExpansion,targetFactoryId=VAP-F1,0
global-demand-boom,seed-5,VAP,24,NORMAL,statusChange,commonProcessingExpansion,approved->underConstruction,1500000
global-demand-boom,seed-5,BAL,25,NORMAL,statusChange,commonProcessingExpansion,underConstruction->completed,1500000
global-demand-boom,seed-5,BAL,25,NORMAL,statusChange,newFactoryConstruction,underConstruction->underConstruction,7699999.999999999
global-demand-boom,seed-5,VAP,25,NORMAL,statusChange,commonProcessingExpansion,underConstruction->underConstruction,2000000
global-demand-boom,seed-5,BAL,26,NORMAL,statusChange,newFactoryConstruction,underConstruction->completed,7699999.999999999
global-demand-boom,seed-5,VAP,26,NORMAL,statusChange,commonProcessingExpansion,underConstruction->completed,1500000
global-demand-boom,seed-5,VAP,28,NORMAL,proposed,commonProcessingExpansion,targetFactoryId=VAP-F1,0
global-demand-boom,seed-5,VAP,28,NORMAL,statusChange,commonProcessingExpansion,approved->underConstruction,1500000
global-demand-boom,seed-5,VAP,29,NORMAL,proposed,pdLineExpansion,targetFactoryId=VAP-F1,0
global-demand-boom,seed-5,VAP,29,NORMAL,statusChange,commonProcessingExpansion,underConstruction->underConstruction,2000000
global-demand-boom,seed-5,VAP,29,NORMAL,statusChange,pdLineExpansion,approved->underConstruction,1200000
global-demand-boom,seed-5,VAP,30,NORMAL,statusChange,commonProcessingExpansion,underConstruction->completed,1500000
global-demand-boom,seed-5,VAP,30,NORMAL,statusChange,pdLineExpansion,underConstruction->underConstruction,1600000
global-demand-boom,seed-5,MASS,31,NORMAL,proposed,newFactoryConstruction,targetFactoryId=,0
global-demand-boom,seed-5,MASS,31,NORMAL,statusChange,newFactoryConstruction,approved->underConstruction,6600000
global-demand-boom,seed-5,VAP,31,NORMAL,statusChange,pdLineExpansion,underConstruction->completed,1200000
global-demand-boom,seed-5,MASS,32,NORMAL,statusChange,newFactoryConstruction,underConstruction->underConstruction,7699999.999999999
global-demand-boom,seed-5,VAP,32,NORMAL,proposed,commonProcessingExpansion,targetFactoryId=VAP-F1,0
global-demand-boom,seed-5,VAP,32,NORMAL,statusChange,commonProcessingExpansion,approved->underConstruction,1500000
global-disease-crisis,seed-1,BAL,2,NORMAL,proposed,pdLineExpansion,targetFactoryId=BAL-F1,0
global-disease-crisis,seed-1,BAL,2,NORMAL,statusChange,pdLineExpansion,approved->underConstruction,1200000
global-disease-crisis,seed-1,BAL,3,NORMAL,proposed,hosoLineExpansion,targetFactoryId=BAL-F1,0
global-disease-crisis,seed-1,BAL,3,NORMAL,statusChange,pdLineExpansion,underConstruction->underConstruction,1600000
global-disease-crisis,seed-1,BAL,3,NORMAL,statusChange,hosoLineExpansion,approved->completed,8000000
global-disease-crisis,seed-1,CONSV,3,NORMAL,proposed,hosoLineExpansion,targetFactoryId=CONSV-F1,0
global-disease-crisis,seed-1,CONSV,3,NORMAL,proposed,vapLineExpansion,targetFactoryId=CONSV-F1,0
global-disease-crisis,seed-1,CONSV,3,NORMAL,statusChange,hosoLineExpansion,approved->completed,8000000
global-disease-crisis,seed-1,CONSV,3,NORMAL,statusChange,vapLineExpansion,approved->underConstruction,1500000
global-disease-crisis,seed-1,BAL,4,NORMAL,statusChange,pdLineExpansion,underConstruction->completed,1200000
global-disease-crisis,seed-1,CONSV,4,NORMAL,statusChange,vapLineExpansion,underConstruction->underConstruction,2100000
global-disease-crisis,seed-1,CONSV,5,NORMAL,statusChange,vapLineExpansion,underConstruction->underConstruction,1500000
global-disease-crisis,seed-1,CONSV,6,NORMAL,statusChange,vapLineExpansion,underConstruction->suspended,0
global-disease-crisis,seed-1,BAL,7,NORMAL,proposed,hosoLineExpansion,targetFactoryId=BAL-F1,0
global-disease-crisis,seed-1,BAL,7,NORMAL,proposed,pdLineExpansion,targetFactoryId=BAL-F1,0
global-disease-crisis,seed-1,BAL,7,NORMAL,proposed,vapLineExpansion,targetFactoryId=BAL-F1,0
global-disease-crisis,seed-1,BAL,7,NORMAL,statusChange,hosoLineExpansion,approved->completed,8000000
global-disease-crisis,seed-1,BAL,7,NORMAL,statusChange,pdLineExpansion,approved->underConstruction,1200000
global-disease-crisis,seed-1,BAL,7,NORMAL,statusChange,vapLineExpansion,approved->underConstruction,1500000
global-disease-crisis,seed-1,BAL,8,NORMAL,statusChange,pdLineExpansion,underConstruction->underConstruction,1600000
global-disease-crisis,seed-1,BAL,8,NORMAL,statusChange,vapLineExpansion,underConstruction->underConstruction,2100000
global-disease-crisis,seed-1,CONSV,8,NORMAL,proposed,hosoLineExpansion,targetFactoryId=CONSV-F1,0
global-disease-crisis,seed-1,CONSV,8,NORMAL,proposed,pdLineExpansion,targetFactoryId=CONSV-F1,0
global-disease-crisis,seed-1,CONSV,8,NORMAL,statusChange,hosoLineExpansion,approved->completed,8000000
global-disease-crisis,seed-1,CONSV,8,NORMAL,statusChange,pdLineExpansion,approved->underConstruction,1200000
global-disease-crisis,seed-1,BAL,9,NORMAL,statusChange,pdLineExpansion,underConstruction->completed,1200000
global-disease-crisis,seed-1,BAL,9,NORMAL,statusChange,vapLineExpansion,underConstruction->underConstruction,1500000
global-disease-crisis,seed-1,CONSV,9,NORMAL,statusChange,pdLineExpansion,underConstruction->underConstruction,1600000
global-disease-crisis,seed-1,BAL,10,NORMAL,statusChange,vapLineExpansion,underConstruction->completed,900000
global-disease-crisis,seed-1,CONSV,10,NORMAL,statusChange,pdLineExpansion,underConstruction->completed,1200000
global-disease-crisis,seed-1,JPQ,11,NORMAL,proposed,hosoLineExpansion,targetFactoryId=JPQ-F1,0
global-disease-crisis,seed-1,JPQ,11,NORMAL,proposed,pdLineExpansion,targetFactoryId=JPQ-F1,0
global-disease-crisis,seed-1,JPQ,11,NORMAL,proposed,vapLineExpansion,targetFactoryId=JPQ-F1,0
global-disease-crisis,seed-1,JPQ,11,NORMAL,statusChange,hosoLineExpansion,approved->completed,8000000
global-disease-crisis,seed-1,JPQ,11,NORMAL,statusChange,pdLineExpansion,approved->underConstruction,1200000
global-disease-crisis,seed-1,JPQ,11,NORMAL,statusChange,vapLineExpansion,approved->underConstruction,1500000
global-disease-crisis,seed-1,JPQ,12,NORMAL,statusChange,pdLineExpansion,underConstruction->underConstruction,1600000
global-disease-crisis,seed-1,JPQ,12,NORMAL,statusChange,vapLineExpansion,underConstruction->underConstruction,2100000
global-disease-crisis,seed-1,JPQ,13,NORMAL,statusChange,pdLineExpansion,underConstruction->completed,1200000
global-disease-crisis,seed-1,JPQ,13,NORMAL,statusChange,vapLineExpansion,underConstruction->underConstruction,1500000
global-disease-crisis,seed-1,JPQ,14,NORMAL,statusChange,vapLineExpansion,underConstruction->completed,900000
global-disease-crisis,seed-1,JPQ,15,NORMAL,proposed,hosoLineExpansion,targetFactoryId=JPQ-F1,0
global-disease-crisis,seed-1,JPQ,15,NORMAL,statusChange,hosoLineExpansion,approved->completed,8000000
global-disease-crisis,seed-1,JPQ,16,NORMAL,proposed,pdLineExpansion,targetFactoryId=JPQ-F1,0
global-disease-crisis,seed-1,JPQ,16,NORMAL,statusChange,pdLineExpansion,approved->underConstruction,1200000
global-disease-crisis,seed-1,JPQ,17,NORMAL,statusChange,pdLineExpansion,underConstruction->underConstruction,1600000
global-disease-crisis,seed-1,JPQ,18,NORMAL,proposed,hosoLineExpansion,targetFactoryId=JPQ-F1,0
global-disease-crisis,seed-1,JPQ,18,NORMAL,proposed,commonProcessingExpansion,targetFactoryId=JPQ-F1,0
global-disease-crisis,seed-1,JPQ,18,NORMAL,statusChange,pdLineExpansion,underConstruction->completed,1200000
global-disease-crisis,seed-1,JPQ,18,NORMAL,statusChange,hosoLineExpansion,approved->completed,8000000
global-disease-crisis,seed-1,JPQ,18,NORMAL,statusChange,commonProcessingExpansion,approved->underConstruction,1500000
global-disease-crisis,seed-1,JPQ,19,NORMAL,statusChange,commonProcessingExpansion,underConstruction->underConstruction,2000000
global-disease-crisis,seed-1,JPQ,20,NORMAL,statusChange,commonProcessingExpansion,underConstruction->completed,1500000
global-disease-crisis,seed-1,MASS,22,NORMAL,proposed,hosoLineExpansion,targetFactoryId=MASS-F1,0
global-disease-crisis,seed-1,MASS,22,NORMAL,proposed,pdLineExpansion,targetFactoryId=MASS-F1,0
global-disease-crisis,seed-1,MASS,22,NORMAL,proposed,vapLineExpansion,targetFactoryId=MASS-F1,0
global-disease-crisis,seed-1,MASS,22,NORMAL,proposed,newFactoryConstruction,targetFactoryId=,0
global-disease-crisis,seed-1,MASS,22,NORMAL,rejected,newFactoryConstruction,同時進行中案件数が上限(3)に達しているため新規承認を見送り。,22000000
global-disease-crisis,seed-1,MASS,22,NORMAL,statusChange,hosoLineExpansion,approved->completed,8000000
global-disease-crisis,seed-1,MASS,22,NORMAL,statusChange,pdLineExpansion,approved->underConstruction,1200000
global-disease-crisis,seed-1,MASS,22,NORMAL,statusChange,vapLineExpansion,approved->underConstruction,1500000
global-disease-crisis,seed-1,JPQ,22,NORMAL,proposed,commonProcessingExpansion,targetFactoryId=JPQ-F1,0
global-disease-crisis,seed-1,JPQ,22,NORMAL,statusChange,commonProcessingExpansion,approved->underConstruction,1500000
global-disease-crisis,seed-1,MASS,23,NORMAL,statusChange,pdLineExpansion,underConstruction->underConstruction,1600000
global-disease-crisis,seed-1,MASS,23,NORMAL,statusChange,vapLineExpansion,underConstruction->underConstruction,2100000
global-disease-crisis,seed-1,JPQ,23,NORMAL,statusChange,commonProcessingExpansion,underConstruction->underConstruction,2000000
global-disease-crisis,seed-1,MASS,24,NORMAL,statusChange,pdLineExpansion,underConstruction->completed,1200000
global-disease-crisis,seed-1,MASS,24,NORMAL,statusChange,vapLineExpansion,underConstruction->underConstruction,1500000
global-disease-crisis,seed-1,JPQ,24,NORMAL,statusChange,commonProcessingExpansion,underConstruction->completed,1500000
global-disease-crisis,seed-1,MASS,25,NORMAL,statusChange,vapLineExpansion,underConstruction->completed,900000
global-disease-crisis,seed-1,BAL,25,NORMAL,proposed,hosoLineExpansion,targetFactoryId=BAL-F1,0
global-disease-crisis,seed-1,BAL,25,NORMAL,proposed,pdLineExpansion,targetFactoryId=BAL-F1,0
global-disease-crisis,seed-1,BAL,25,NORMAL,statusChange,hosoLineExpansion,approved->completed,8000000
global-disease-crisis,seed-1,BAL,25,NORMAL,statusChange,pdLineExpansion,approved->underConstruction,1200000
global-disease-crisis,seed-1,MASS,26,NORMAL,proposed,hosoLineExpansion,targetFactoryId=MASS-F1,0
global-disease-crisis,seed-1,MASS,26,NORMAL,proposed,pdLineExpansion,targetFactoryId=MASS-F1,0
global-disease-crisis,seed-1,MASS,26,NORMAL,proposed,newFactoryConstruction,targetFactoryId=,0
global-disease-crisis,seed-1,MASS,26,NORMAL,statusChange,hosoLineExpansion,approved->completed,8000000
global-disease-crisis,seed-1,MASS,26,NORMAL,statusChange,pdLineExpansion,approved->underConstruction,1200000
global-disease-crisis,seed-1,MASS,26,NORMAL,statusChange,newFactoryConstruction,approved->underConstruction,6600000
global-disease-crisis,seed-1,BAL,26,NORMAL,proposed,vapLineExpansion,targetFactoryId=BAL-F1,0
global-disease-crisis,seed-1,BAL,26,NORMAL,proposed,newFactoryConstruction,targetFactoryId=,0
global-disease-crisis,seed-1,BAL,26,NORMAL,statusChange,pdLineExpansion,underConstruction->underConstruction,1600000
global-disease-crisis,seed-1,BAL,26,NORMAL,statusChange,vapLineExpansion,approved->underConstruction,1500000
global-disease-crisis,seed-1,BAL,26,NORMAL,statusChange,newFactoryConstruction,approved->underConstruction,6600000
global-disease-crisis,seed-1,JPQ,26,NORMAL,proposed,commonProcessingExpansion,targetFactoryId=JPQ-F1,0
global-disease-crisis,seed-1,JPQ,26,NORMAL,statusChange,commonProcessingExpansion,approved->underConstruction,1500000
global-disease-crisis,seed-1,MASS,27,NORMAL,statusChange,pdLineExpansion,underConstruction->underConstruction,1600000
global-disease-crisis,seed-1,MASS,27,NORMAL,statusChange,newFactoryConstruction,underConstruction->underConstruction,7699999.999999999
global-disease-crisis,seed-1,BAL,27,NORMAL,proposed,commonProcessingExpansion,targetFactoryId=BAL-F1,0
global-disease-crisis,seed-1,BAL,27,NORMAL,rejected,commonProcessingExpansion,同時進行中案件数が上限(3)に達しているため新規承認を見送り。,5000000
global-disease-crisis,seed-1,BAL,27,NORMAL,statusChange,pdLineExpansion,underConstruction->completed,1200000
global-disease-crisis,seed-1,BAL,27,NORMAL,statusChange,vapLineExpansion,underConstruction->underConstruction,2100000
global-disease-crisis,seed-1,BAL,27,NORMAL,statusChange,newFactoryConstruction,underConstruction->underConstruction,7699999.999999999
global-disease-crisis,seed-1,JPQ,27,NORMAL,statusChange,commonProcessingExpansion,underConstruction->underConstruction,2000000
global-disease-crisis,seed-1,MASS,28,NORMAL,proposed,vapLineExpansion,targetFactoryId=MASS-F1,0
global-disease-crisis,seed-1,MASS,28,NORMAL,statusChange,pdLineExpansion,underConstruction->completed,1200000
global-disease-crisis,seed-1,MASS,28,NORMAL,statusChange,newFactoryConstruction,underConstruction->completed,7699999.999999999
global-disease-crisis,seed-1,MASS,28,NORMAL,statusChange,vapLineExpansion,approved->underConstruction,1500000
global-disease-crisis,seed-1,BAL,28,NORMAL,proposed,commonProcessingExpansion,targetFactoryId=BAL-F1,0
global-disease-crisis,seed-1,BAL,28,NORMAL,statusChange,vapLineExpansion,underConstruction->underConstruction,1500000
global-disease-crisis,seed-1,BAL,28,NORMAL,statusChange,newFactoryConstruction,underConstruction->completed,7699999.999999999
global-disease-crisis,seed-1,BAL,28,NORMAL,statusChange,commonProcessingExpansion,approved->underConstruction,1500000
global-disease-crisis,seed-1,JPQ,28,NORMAL,statusChange,commonProcessingExpansion,underConstruction->completed,1500000
global-disease-crisis,seed-1,MASS,29,NORMAL,proposed,hosoLineExpansion,targetFactoryId=MASS-F1,0
global-disease-crisis,seed-1,MASS,29,NORMAL,proposed,commonProcessingExpansion,targetFactoryId=MASS-F1,0
global-disease-crisis,seed-1,MASS,29,NORMAL,statusChange,vapLineExpansion,underConstruction->underConstruction,2100000
global-disease-crisis,seed-1,MASS,29,NORMAL,statusChange,hosoLineExpansion,approved->completed,8000000
global-disease-crisis,seed-1,MASS,29,NORMAL,statusChange,commonProcessingExpansion,approved->underConstruction,1500000
global-disease-crisis,seed-1,BAL,29,NORMAL,statusChange,vapLineExpansion,underConstruction->completed,900000
global-disease-crisis,seed-1,BAL,29,NORMAL,statusChange,commonProcessingExpansion,underConstruction->underConstruction,2000000
global-disease-crisis,seed-1,MASS,30,NORMAL,statusChange,vapLineExpansion,underConstruction->underConstruction,1500000
global-disease-crisis,seed-1,MASS,30,NORMAL,statusChange,commonProcessingExpansion,underConstruction->underConstruction,2000000
global-disease-crisis,seed-1,BAL,30,NORMAL,statusChange,commonProcessingExpansion,underConstruction->completed,1500000
global-disease-crisis,seed-1,JPQ,30,NORMAL,proposed,commonProcessingExpansion,targetFactoryId=JPQ-F1,0
global-disease-crisis,seed-1,JPQ,30,NORMAL,statusChange,commonProcessingExpansion,approved->underConstruction,1500000
global-disease-crisis,seed-1,MASS,31,NORMAL,statusChange,vapLineExpansion,underConstruction->completed,900000
global-disease-crisis,seed-1,MASS,31,NORMAL,statusChange,commonProcessingExpansion,underConstruction->completed,1500000
global-disease-crisis,seed-1,JPQ,31,NORMAL,statusChange,commonProcessingExpansion,underConstruction->underConstruction,2000000
global-disease-crisis,seed-1,JPQ,32,NORMAL,statusChange,commonProcessingExpansion,underConstruction->completed,1500000
global-disease-crisis,seed-2,BAL,2,NORMAL,proposed,pdLineExpansion,targetFactoryId=BAL-F1,0
global-disease-crisis,seed-2,BAL,2,NORMAL,statusChange,pdLineExpansion,approved->underConstruction,1200000
global-disease-crisis,seed-2,BAL,3,NORMAL,statusChange,pdLineExpansion,underConstruction->underConstruction,1600000
global-disease-crisis,seed-2,CONSV,3,NORMAL,proposed,vapLineExpansion,targetFactoryId=CONSV-F1,0
global-disease-crisis,seed-2,CONSV,3,NORMAL,statusChange,vapLineExpansion,approved->underConstruction,1500000
global-disease-crisis,seed-2,BAL,4,NORMAL,statusChange,pdLineExpansion,underConstruction->completed,1200000
global-disease-crisis,seed-2,CONSV,4,NORMAL,statusChange,vapLineExpansion,underConstruction->underConstruction,2100000
global-disease-crisis,seed-2,BAL,5,NORMAL,proposed,hosoLineExpansion,targetFactoryId=BAL-F1,0
global-disease-crisis,seed-2,BAL,5,NORMAL,statusChange,hosoLineExpansion,approved->completed,8000000
global-disease-crisis,seed-2,JPQ,5,NORMAL,proposed,vapLineExpansion,targetFactoryId=JPQ-F1,0
global-disease-crisis,seed-2,JPQ,5,NORMAL,statusChange,vapLineExpansion,approved->underConstruction,1500000
global-disease-crisis,seed-2,CONSV,5,NORMAL,proposed,pdLineExpansion,targetFactoryId=CONSV-F1,0
global-disease-crisis,seed-2,CONSV,5,NORMAL,statusChange,vapLineExpansion,underConstruction->underConstruction,1500000
global-disease-crisis,seed-2,CONSV,5,NORMAL,statusChange,pdLineExpansion,approved->underConstruction,1200000
global-disease-crisis,seed-2,JPQ,6,NORMAL,statusChange,vapLineExpansion,underConstruction->suspended,0
global-disease-crisis,seed-2,CONSV,6,NORMAL,statusChange,vapLineExpansion,underConstruction->completed,900000
global-disease-crisis,seed-2,CONSV,6,NORMAL,statusChange,pdLineExpansion,underConstruction->underConstruction,1600000
global-disease-crisis,seed-2,CONSV,7,NORMAL,statusChange,pdLineExpansion,underConstruction->completed,1200000
global-disease-crisis,seed-2,CONSV,9,NORMAL,proposed,hosoLineExpansion,targetFactoryId=CONSV-F1,0
global-disease-crisis,seed-2,CONSV,9,NORMAL,statusChange,hosoLineExpansion,approved->completed,8000000
global-disease-crisis,seed-2,BAL,10,NORMAL,proposed,hosoLineExpansion,targetFactoryId=BAL-F1,0
global-disease-crisis,seed-2,BAL,10,NORMAL,statusChange,hosoLineExpansion,approved->completed,8000000
global-disease-crisis,seed-2,BAL,11,NORMAL,proposed,pdLineExpansion,targetFactoryId=BAL-F1,0
global-disease-crisis,seed-2,BAL,11,NORMAL,proposed,vapLineExpansion,targetFactoryId=BAL-F1,0
global-disease-crisis,seed-2,BAL,11,NORMAL,statusChange,pdLineExpansion,approved->underConstruction,1200000
global-disease-crisis,seed-2,BAL,11,NORMAL,statusChange,vapLineExpansion,approved->underConstruction,1500000
global-disease-crisis,seed-2,JPQ,11,NORMAL,proposed,hosoLineExpansion,targetFactoryId=JPQ-F1,0
global-disease-crisis,seed-2,JPQ,11,NORMAL,proposed,pdLineExpansion,targetFactoryId=JPQ-F1,0
global-disease-crisis,seed-2,JPQ,11,NORMAL,statusChange,hosoLineExpansion,approved->completed,8000000
global-disease-crisis,seed-2,JPQ,11,NORMAL,statusChange,pdLineExpansion,approved->underConstruction,1200000
global-disease-crisis,seed-2,CONSV,11,NORMAL,proposed,pdLineExpansion,targetFactoryId=CONSV-F1,0
global-disease-crisis,seed-2,CONSV,11,NORMAL,proposed,vapLineExpansion,targetFactoryId=CONSV-F1,0
global-disease-crisis,seed-2,CONSV,11,NORMAL,statusChange,pdLineExpansion,approved->underConstruction,1200000
global-disease-crisis,seed-2,CONSV,11,NORMAL,statusChange,vapLineExpansion,approved->underConstruction,1500000
global-disease-crisis,seed-2,BAL,12,NORMAL,statusChange,pdLineExpansion,underConstruction->underConstruction,1600000
global-disease-crisis,seed-2,BAL,12,NORMAL,statusChange,vapLineExpansion,underConstruction->underConstruction,2100000
global-disease-crisis,seed-2,JPQ,12,NORMAL,statusChange,pdLineExpansion,underConstruction->underConstruction,1600000
global-disease-crisis,seed-2,CONSV,12,NORMAL,statusChange,pdLineExpansion,underConstruction->underConstruction,1600000
global-disease-crisis,seed-2,CONSV,12,NORMAL,statusChange,vapLineExpansion,underConstruction->underConstruction,2100000
global-disease-crisis,seed-2,BAL,13,NORMAL,proposed,hosoLineExpansion,targetFactoryId=BAL-F1,0
global-disease-crisis,seed-2,BAL,13,NORMAL,statusChange,pdLineExpansion,underConstruction->completed,1200000
global-disease-crisis,seed-2,BAL,13,NORMAL,statusChange,vapLineExpansion,underConstruction->underConstruction,1500000
global-disease-crisis,seed-2,BAL,13,NORMAL,statusChange,hosoLineExpansion,approved->completed,8000000
global-disease-crisis,seed-2,JPQ,13,NORMAL,statusChange,pdLineExpansion,underConstruction->completed,1200000
global-disease-crisis,seed-2,CONSV,13,NORMAL,proposed,hosoLineExpansion,targetFactoryId=CONSV-F1,0
global-disease-crisis,seed-2,CONSV,13,NORMAL,statusChange,pdLineExpansion,underConstruction->completed,1200000
global-disease-crisis,seed-2,CONSV,13,NORMAL,statusChange,vapLineExpansion,underConstruction->underConstruction,1500000
global-disease-crisis,seed-2,CONSV,13,NORMAL,statusChange,hosoLineExpansion,approved->completed,8000000
global-disease-crisis,seed-2,MASS,14,NORMAL,proposed,pdLineExpansion,targetFactoryId=MASS-F1,0
global-disease-crisis,seed-2,MASS,14,NORMAL,statusChange,pdLineExpansion,approved->underConstruction,1200000
global-disease-crisis,seed-2,BAL,14,NORMAL,statusChange,vapLineExpansion,underConstruction->completed,900000
global-disease-crisis,seed-2,CONSV,14,NORMAL,statusChange,vapLineExpansion,underConstruction->completed,900000
global-disease-crisis,seed-2,MASS,15,NORMAL,statusChange,pdLineExpansion,underConstruction->underConstruction,1600000
global-disease-crisis,seed-2,BAL,15,NORMAL,proposed,commonProcessingExpansion,targetFactoryId=BAL-F1,0
global-disease-crisis,seed-2,BAL,15,NORMAL,statusChange,commonProcessingExpansion,approved->underConstruction,1500000
global-disease-crisis,seed-2,JPQ,15,NORMAL,proposed,hosoLineExpansion,targetFactoryId=JPQ-F1,0
global-disease-crisis,seed-2,JPQ,15,NORMAL,statusChange,hosoLineExpansion,approved->completed,8000000
global-disease-crisis,seed-2,CONSV,15,NORMAL,proposed,pdLineExpansion,targetFactoryId=CONSV-F1,0
global-disease-crisis,seed-2,CONSV,15,NORMAL,statusChange,pdLineExpansion,approved->underConstruction,1200000
global-disease-crisis,seed-2,MASS,16,NORMAL,statusChange,pdLineExpansion,underConstruction->completed,1200000
global-disease-crisis,seed-2,BAL,16,NORMAL,statusChange,commonProcessingExpansion,underConstruction->underConstruction,2000000
global-disease-crisis,seed-2,JPQ,16,NORMAL,proposed,pdLineExpansion,targetFactoryId=JPQ-F1,0
global-disease-crisis,seed-2,JPQ,16,NORMAL,statusChange,pdLineExpansion,approved->underConstruction,1200000
global-disease-crisis,seed-2,CONSV,16,NORMAL,statusChange,pdLineExpansion,underConstruction->underConstruction,1600000
global-disease-crisis,seed-2,MASS,17,NORMAL,proposed,vapLineExpansion,targetFactoryId=MASS-F1,0
global-disease-crisis,seed-2,MASS,17,NORMAL,proposed,newFactoryConstruction,targetFactoryId=,0
global-disease-crisis,seed-2,MASS,17,NORMAL,statusChange,vapLineExpansion,approved->underConstruction,1500000
global-disease-crisis,seed-2,MASS,17,NORMAL,statusChange,newFactoryConstruction,approved->underConstruction,6600000
global-disease-crisis,seed-2,BAL,17,NORMAL,statusChange,commonProcessingExpansion,underConstruction->completed,1500000
global-disease-crisis,seed-2,JPQ,17,NORMAL,statusChange,pdLineExpansion,underConstruction->underConstruction,1600000
global-disease-crisis,seed-2,CONSV,17,NORMAL,statusChange,pdLineExpansion,underConstruction->completed,1200000
global-disease-crisis,seed-2,MASS,18,NORMAL,statusChange,vapLineExpansion,underConstruction->underConstruction,2100000
global-disease-crisis,seed-2,MASS,18,NORMAL,statusChange,newFactoryConstruction,underConstruction->underConstruction,7699999.999999999
global-disease-crisis,seed-2,JPQ,18,NORMAL,proposed,hosoLineExpansion,targetFactoryId=JPQ-F1,0
global-disease-crisis,seed-2,JPQ,18,NORMAL,proposed,commonProcessingExpansion,targetFactoryId=JPQ-F1,0
global-disease-crisis,seed-2,JPQ,18,NORMAL,rejected,commonProcessingExpansion,同時進行中案件数が上限(3)に達しているため新規承認を見送り。,5000000
global-disease-crisis,seed-2,JPQ,18,NORMAL,statusChange,pdLineExpansion,underConstruction->completed,1200000
global-disease-crisis,seed-2,JPQ,18,NORMAL,statusChange,hosoLineExpansion,approved->completed,8000000
global-disease-crisis,seed-2,MASS,19,NORMAL,proposed,hosoLineExpansion,targetFactoryId=MASS-F1,0
global-disease-crisis,seed-2,MASS,19,NORMAL,statusChange,vapLineExpansion,underConstruction->underConstruction,1500000
global-disease-crisis,seed-2,MASS,19,NORMAL,statusChange,newFactoryConstruction,underConstruction->completed,7699999.999999999
global-disease-crisis,seed-2,MASS,19,NORMAL,statusChange,hosoLineExpansion,approved->completed,8000000
global-disease-crisis,seed-2,BAL,19,NORMAL,proposed,commonProcessingExpansion,targetFactoryId=BAL-F1,0
global-disease-crisis,seed-2,BAL,19,NORMAL,statusChange,commonProcessingExpansion,approved->underConstruction,1500000
global-disease-crisis,seed-2,MASS,20,NORMAL,statusChange,vapLineExpansion,underConstruction->completed,900000
global-disease-crisis,seed-2,BAL,20,NORMAL,statusChange,commonProcessingExpansion,underConstruction->underConstruction,2000000
global-disease-crisis,seed-2,JPQ,20,NORMAL,proposed,commonProcessingExpansion,targetFactoryId=JPQ-F1,0
global-disease-crisis,seed-2,JPQ,20,NORMAL,statusChange,commonProcessingExpansion,approved->underConstruction,1500000
global-disease-crisis,seed-2,BAL,21,NORMAL,statusChange,commonProcessingExpansion,underConstruction->completed,1500000
global-disease-crisis,seed-2,JPQ,21,NORMAL,statusChange,commonProcessingExpansion,underConstruction->underConstruction,2000000
global-disease-crisis,seed-2,JPQ,22,NORMAL,statusChange,commonProcessingExpansion,underConstruction->completed,1500000
global-disease-crisis,seed-2,BAL,23,NORMAL,proposed,commonProcessingExpansion,targetFactoryId=BAL-F1,0
global-disease-crisis,seed-2,BAL,23,NORMAL,statusChange,commonProcessingExpansion,approved->underConstruction,1500000
global-disease-crisis,seed-2,BAL,24,NORMAL,proposed,newFactoryConstruction,targetFactoryId=,0
global-disease-crisis,seed-2,BAL,24,NORMAL,statusChange,commonProcessingExpansion,underConstruction->underConstruction,2000000
global-disease-crisis,seed-2,BAL,24,NORMAL,statusChange,newFactoryConstruction,approved->underConstruction,6600000
global-disease-crisis,seed-2,JPQ,24,NORMAL,proposed,commonProcessingExpansion,targetFactoryId=JPQ-F1,0
global-disease-crisis,seed-2,JPQ,24,NORMAL,statusChange,commonProcessingExpansion,approved->underConstruction,1500000
global-disease-crisis,seed-2,BAL,25,NORMAL,statusChange,commonProcessingExpansion,underConstruction->completed,1500000
global-disease-crisis,seed-2,BAL,25,NORMAL,statusChange,newFactoryConstruction,underConstruction->underConstruction,7699999.999999999
global-disease-crisis,seed-2,JPQ,25,NORMAL,statusChange,commonProcessingExpansion,underConstruction->underConstruction,2000000
global-disease-crisis,seed-2,BAL,26,NORMAL,statusChange,newFactoryConstruction,underConstruction->completed,7699999.999999999
global-disease-crisis,seed-2,JPQ,26,NORMAL,statusChange,commonProcessingExpansion,underConstruction->completed,1500000
global-disease-crisis,seed-2,JPQ,28,NORMAL,proposed,commonProcessingExpansion,targetFactoryId=JPQ-F1,0
global-disease-crisis,seed-2,JPQ,28,NORMAL,statusChange,commonProcessingExpansion,approved->underConstruction,1500000
global-disease-crisis,seed-2,JPQ,29,NORMAL,statusChange,commonProcessingExpansion,underConstruction->underConstruction,2000000
global-disease-crisis,seed-2,JPQ,30,NORMAL,statusChange,commonProcessingExpansion,underConstruction->completed,1500000
global-disease-crisis,seed-2,JPQ,32,NORMAL,proposed,commonProcessingExpansion,targetFactoryId=JPQ-F1,0
global-disease-crisis,seed-2,JPQ,32,NORMAL,statusChange,commonProcessingExpansion,approved->underConstruction,1500000
global-disease-crisis,seed-3,BAL,2,NORMAL,proposed,pdLineExpansion,targetFactoryId=BAL-F1,0
global-disease-crisis,seed-3,BAL,2,NORMAL,statusChange,pdLineExpansion,approved->underConstruction,1200000
global-disease-crisis,seed-3,BAL,3,NORMAL,proposed,hosoLineExpansion,targetFactoryId=BAL-F1,0
global-disease-crisis,seed-3,BAL,3,NORMAL,statusChange,pdLineExpansion,underConstruction->underConstruction,1600000
global-disease-crisis,seed-3,BAL,3,NORMAL,statusChange,hosoLineExpansion,approved->completed,8000000
global-disease-crisis,seed-3,CONSV,3,NORMAL,proposed,hosoLineExpansion,targetFactoryId=CONSV-F1,0
global-disease-crisis,seed-3,CONSV,3,NORMAL,proposed,vapLineExpansion,targetFactoryId=CONSV-F1,0
global-disease-crisis,seed-3,CONSV,3,NORMAL,statusChange,hosoLineExpansion,approved->completed,8000000
global-disease-crisis,seed-3,CONSV,3,NORMAL,statusChange,vapLineExpansion,approved->underConstruction,1500000
global-disease-crisis,seed-3,BAL,4,NORMAL,statusChange,pdLineExpansion,underConstruction->completed,1200000
global-disease-crisis,seed-3,CONSV,4,NORMAL,statusChange,vapLineExpansion,underConstruction->underConstruction,2100000
global-disease-crisis,seed-3,JPQ,5,NORMAL,proposed,vapLineExpansion,targetFactoryId=JPQ-F1,0
global-disease-crisis,seed-3,JPQ,5,NORMAL,statusChange,vapLineExpansion,approved->underConstruction,1500000
global-disease-crisis,seed-3,CONSV,5,NORMAL,proposed,pdLineExpansion,targetFactoryId=CONSV-F1,0
global-disease-crisis,seed-3,CONSV,5,NORMAL,statusChange,vapLineExpansion,underConstruction->underConstruction,1500000
global-disease-crisis,seed-3,CONSV,5,NORMAL,statusChange,pdLineExpansion,approved->underConstruction,1200000
global-disease-crisis,seed-3,JPQ,6,NORMAL,statusChange,vapLineExpansion,underConstruction->suspended,0
global-disease-crisis,seed-3,CONSV,6,NORMAL,statusChange,vapLineExpansion,underConstruction->suspended,0
global-disease-crisis,seed-3,CONSV,6,NORMAL,statusChange,pdLineExpansion,underConstruction->suspended,0
global-disease-crisis,seed-3,BAL,7,NORMAL,proposed,pdLineExpansion,targetFactoryId=BAL-F1,0
global-disease-crisis,seed-3,BAL,7,NORMAL,proposed,vapLineExpansion,targetFactoryId=BAL-F1,0
global-disease-crisis,seed-3,BAL,7,NORMAL,statusChange,pdLineExpansion,approved->underConstruction,1200000
global-disease-crisis,seed-3,BAL,7,NORMAL,statusChange,vapLineExpansion,approved->underConstruction,1500000
global-disease-crisis,seed-3,BAL,8,NORMAL,proposed,hosoLineExpansion,targetFactoryId=BAL-F1,0
global-disease-crisis,seed-3,BAL,8,NORMAL,statusChange,pdLineExpansion,underConstruction->underConstruction,1600000
global-disease-crisis,seed-3,BAL,8,NORMAL,statusChange,vapLineExpansion,underConstruction->underConstruction,2100000
global-disease-crisis,seed-3,BAL,8,NORMAL,statusChange,hosoLineExpansion,approved->completed,8000000
global-disease-crisis,seed-3,CONSV,8,NORMAL,proposed,hosoLineExpansion,targetFactoryId=CONSV-F1,0
global-disease-crisis,seed-3,CONSV,8,NORMAL,statusChange,hosoLineExpansion,approved->completed,8000000
global-disease-crisis,seed-3,BAL,9,NORMAL,statusChange,pdLineExpansion,underConstruction->completed,1200000
global-disease-crisis,seed-3,BAL,9,NORMAL,statusChange,vapLineExpansion,underConstruction->underConstruction,1500000
global-disease-crisis,seed-3,BAL,10,NORMAL,statusChange,vapLineExpansion,underConstruction->completed,900000
global-disease-crisis,seed-3,JPQ,11,NORMAL,proposed,hosoLineExpansion,targetFactoryId=JPQ-F1,0
global-disease-crisis,seed-3,JPQ,11,NORMAL,proposed,pdLineExpansion,targetFactoryId=JPQ-F1,0
global-disease-crisis,seed-3,JPQ,11,NORMAL,statusChange,hosoLineExpansion,approved->completed,8000000
global-disease-crisis,seed-3,JPQ,11,NORMAL,statusChange,pdLineExpansion,approved->underConstruction,1200000
global-disease-crisis,seed-3,BAL,12,NORMAL,proposed,hosoLineExpansion,targetFactoryId=BAL-F1,0
global-disease-crisis,seed-3,BAL,12,NORMAL,statusChange,hosoLineExpansion,approved->completed,8000000
global-disease-crisis,seed-3,JPQ,12,NORMAL,statusChange,pdLineExpansion,underConstruction->underConstruction,1600000
global-disease-crisis,seed-3,VAP,12,NORMAL,proposed,hosoLineExpansion,targetFactoryId=VAP-F1,0
global-disease-crisis,seed-3,VAP,12,NORMAL,statusChange,hosoLineExpansion,approved->completed,8000000
global-disease-crisis,seed-3,JPQ,13,NORMAL,statusChange,pdLineExpansion,underConstruction->completed,1200000
global-disease-crisis,seed-3,MASS,14,NORMAL,proposed,hosoLineExpansion,targetFactoryId=MASS-F1,0
global-disease-crisis,seed-3,MASS,14,NORMAL,proposed,pdLineExpansion,targetFactoryId=MASS-F1,0
global-disease-crisis,seed-3,MASS,14,NORMAL,proposed,vapLineExpansion,targetFactoryId=MASS-F1,0
global-disease-crisis,seed-3,MASS,14,NORMAL,proposed,newFactoryConstruction,targetFactoryId=,0
global-disease-crisis,seed-3,MASS,14,NORMAL,rejected,newFactoryConstruction,同時進行中案件数が上限(3)に達しているため新規承認を見送り。,22000000
global-disease-crisis,seed-3,MASS,14,NORMAL,statusChange,hosoLineExpansion,approved->completed,8000000
global-disease-crisis,seed-3,MASS,14,NORMAL,statusChange,pdLineExpansion,approved->underConstruction,1200000
global-disease-crisis,seed-3,MASS,14,NORMAL,statusChange,vapLineExpansion,approved->underConstruction,1500000
global-disease-crisis,seed-3,MASS,15,NORMAL,statusChange,pdLineExpansion,underConstruction->underConstruction,1600000
global-disease-crisis,seed-3,MASS,15,NORMAL,statusChange,vapLineExpansion,underConstruction->underConstruction,2100000
global-disease-crisis,seed-3,JPQ,15,NORMAL,proposed,hosoLineExpansion,targetFactoryId=JPQ-F1,0
global-disease-crisis,seed-3,JPQ,15,NORMAL,statusChange,hosoLineExpansion,approved->completed,8000000
global-disease-crisis,seed-3,MASS,16,NORMAL,statusChange,pdLineExpansion,underConstruction->completed,1200000
global-disease-crisis,seed-3,MASS,16,NORMAL,statusChange,vapLineExpansion,underConstruction->underConstruction,1500000
global-disease-crisis,seed-3,BAL,16,NORMAL,proposed,commonProcessingExpansion,targetFactoryId=BAL-F1,0
global-disease-crisis,seed-3,BAL,16,NORMAL,statusChange,commonProcessingExpansion,approved->underConstruction,1500000
global-disease-crisis,seed-3,JPQ,16,NORMAL,proposed,pdLineExpansion,targetFactoryId=JPQ-F1,0
global-disease-crisis,seed-3,JPQ,16,NORMAL,statusChange,pdLineExpansion,approved->underConstruction,1200000
global-disease-crisis,seed-3,VAP,16,NORMAL,proposed,hosoLineExpansion,targetFactoryId=VAP-F1,0
global-disease-crisis,seed-3,VAP,16,NORMAL,statusChange,hosoLineExpansion,approved->completed,8000000
global-disease-crisis,seed-3,MASS,17,NORMAL,statusChange,vapLineExpansion,underConstruction->completed,900000
global-disease-crisis,seed-3,BAL,17,NORMAL,statusChange,commonProcessingExpansion,underConstruction->underConstruction,2000000
global-disease-crisis,seed-3,JPQ,17,NORMAL,statusChange,pdLineExpansion,underConstruction->underConstruction,1600000
global-disease-crisis,seed-3,BAL,18,NORMAL,statusChange,commonProcessingExpansion,underConstruction->completed,1500000
global-disease-crisis,seed-3,JPQ,18,NORMAL,proposed,hosoLineExpansion,targetFactoryId=JPQ-F1,0
global-disease-crisis,seed-3,JPQ,18,NORMAL,proposed,commonProcessingExpansion,targetFactoryId=JPQ-F1,0
global-disease-crisis,seed-3,JPQ,18,NORMAL,rejected,commonProcessingExpansion,同時進行中案件数が上限(3)に達しているため新規承認を見送り。,5000000
global-disease-crisis,seed-3,JPQ,18,NORMAL,statusChange,pdLineExpansion,underConstruction->completed,1200000
global-disease-crisis,seed-3,JPQ,18,NORMAL,statusChange,hosoLineExpansion,approved->completed,8000000
global-disease-crisis,seed-3,JPQ,19,NORMAL,proposed,commonProcessingExpansion,targetFactoryId=JPQ-F1,0
global-disease-crisis,seed-3,JPQ,19,NORMAL,statusChange,commonProcessingExpansion,approved->underConstruction,1500000
global-disease-crisis,seed-3,MASS,20,NORMAL,proposed,hosoLineExpansion,targetFactoryId=MASS-F1,0
global-disease-crisis,seed-3,MASS,20,NORMAL,proposed,pdLineExpansion,targetFactoryId=MASS-F1,0
global-disease-crisis,seed-3,MASS,20,NORMAL,proposed,vapLineExpansion,targetFactoryId=MASS-F1,0
global-disease-crisis,seed-3,MASS,20,NORMAL,proposed,newFactoryConstruction,targetFactoryId=,0
global-disease-crisis,seed-3,MASS,20,NORMAL,rejected,newFactoryConstruction,同時進行中案件数が上限(3)に達しているため新規承認を見送り。,22000000
global-disease-crisis,seed-3,MASS,20,NORMAL,statusChange,hosoLineExpansion,approved->completed,8000000
global-disease-crisis,seed-3,MASS,20,NORMAL,statusChange,pdLineExpansion,approved->underConstruction,1200000
global-disease-crisis,seed-3,MASS,20,NORMAL,statusChange,vapLineExpansion,approved->underConstruction,1500000
global-disease-crisis,seed-3,BAL,20,NORMAL,proposed,commonProcessingExpansion,targetFactoryId=BAL-F1,0
global-disease-crisis,seed-3,BAL,20,NORMAL,statusChange,commonProcessingExpansion,approved->underConstruction,1500000
global-disease-crisis,seed-3,JPQ,20,NORMAL,statusChange,commonProcessingExpansion,underConstruction->underConstruction,2000000
global-disease-crisis,seed-3,MASS,21,NORMAL,proposed,newFactoryConstruction,targetFactoryId=,0
global-disease-crisis,seed-3,MASS,21,NORMAL,statusChange,pdLineExpansion,underConstruction->underConstruction,1600000
global-disease-crisis,seed-3,MASS,21,NORMAL,statusChange,vapLineExpansion,underConstruction->underConstruction,2100000
global-disease-crisis,seed-3,MASS,21,NORMAL,statusChange,newFactoryConstruction,approved->underConstruction,6600000
global-disease-crisis,seed-3,BAL,21,NORMAL,statusChange,commonProcessingExpansion,underConstruction->underConstruction,2000000
global-disease-crisis,seed-3,JPQ,21,NORMAL,statusChange,commonProcessingExpansion,underConstruction->completed,1500000
global-disease-crisis,seed-3,MASS,22,NORMAL,statusChange,pdLineExpansion,underConstruction->completed,1200000
global-disease-crisis,seed-3,MASS,22,NORMAL,statusChange,vapLineExpansion,underConstruction->underConstruction,1500000
global-disease-crisis,seed-3,MASS,22,NORMAL,statusChange,newFactoryConstruction,underConstruction->underConstruction,7699999.999999999
global-disease-crisis,seed-3,BAL,22,NORMAL,statusChange,commonProcessingExpansion,underConstruction->completed,1500000
global-disease-crisis,seed-3,MASS,23,NORMAL,proposed,hosoLineExpansion,targetFactoryId=MASS-F1,0
global-disease-crisis,seed-3,MASS,23,NORMAL,proposed,commonProcessingExpansion,targetFactoryId=MASS-F1,0
global-disease-crisis,seed-3,MASS,23,NORMAL,rejected,commonProcessingExpansion,同時進行中案件数が上限(3)に達しているため新規承認を見送り。,5000000
global-disease-crisis,seed-3,MASS,23,NORMAL,statusChange,vapLineExpansion,underConstruction->completed,900000
global-disease-crisis,seed-3,MASS,23,NORMAL,statusChange,newFactoryConstruction,underConstruction->completed,7699999.999999999
global-disease-crisis,seed-3,MASS,23,NORMAL,statusChange,hosoLineExpansion,approved->completed,8000000
global-disease-crisis,seed-3,BAL,23,NORMAL,proposed,newFactoryConstruction,targetFactoryId=,0
global-disease-crisis,seed-3,BAL,23,NORMAL,statusChange,newFactoryConstruction,approved->underConstruction,6600000
global-disease-crisis,seed-3,JPQ,23,NORMAL,proposed,commonProcessingExpansion,targetFactoryId=JPQ-F1,0
global-disease-crisis,seed-3,JPQ,23,NORMAL,statusChange,commonProcessingExpansion,approved->underConstruction,1500000
global-disease-crisis,seed-3,MASS,24,NORMAL,proposed,pdLineExpansion,targetFactoryId=MASS-F1,0
global-disease-crisis,seed-3,MASS,24,NORMAL,proposed,commonProcessingExpansion,targetFactoryId=MASS-F1,0
global-disease-crisis,seed-3,MASS,24,NORMAL,statusChange,pdLineExpansion,approved->underConstruction,1200000
global-disease-crisis,seed-3,MASS,24,NORMAL,statusChange,commonProcessingExpansion,approved->underConstruction,1500000
global-disease-crisis,seed-3,BAL,24,NORMAL,proposed,commonProcessingExpansion,targetFactoryId=BAL-F1,0
global-disease-crisis,seed-3,BAL,24,NORMAL,statusChange,newFactoryConstruction,underConstruction->underConstruction,7699999.999999999
global-disease-crisis,seed-3,BAL,24,NORMAL,statusChange,commonProcessingExpansion,approved->underConstruction,1500000
global-disease-crisis,seed-3,JPQ,24,NORMAL,statusChange,commonProcessingExpansion,underConstruction->underConstruction,2000000
global-disease-crisis,seed-3,MASS,25,NORMAL,statusChange,pdLineExpansion,underConstruction->underConstruction,1600000
global-disease-crisis,seed-3,MASS,25,NORMAL,statusChange,commonProcessingExpansion,underConstruction->underConstruction,2000000
global-disease-crisis,seed-3,BAL,25,NORMAL,statusChange,newFactoryConstruction,underConstruction->completed,7699999.999999999
global-disease-crisis,seed-3,BAL,25,NORMAL,statusChange,commonProcessingExpansion,underConstruction->underConstruction,2000000
global-disease-crisis,seed-3,JPQ,25,NORMAL,statusChange,commonProcessingExpansion,underConstruction->completed,1500000
global-disease-crisis,seed-3,MASS,26,NORMAL,statusChange,pdLineExpansion,underConstruction->completed,1200000
global-disease-crisis,seed-3,MASS,26,NORMAL,statusChange,commonProcessingExpansion,underConstruction->completed,1500000
global-disease-crisis,seed-3,BAL,26,NORMAL,statusChange,commonProcessingExpansion,underConstruction->completed,1500000
global-disease-crisis,seed-3,JPQ,27,NORMAL,proposed,commonProcessingExpansion,targetFactoryId=JPQ-F1,0
global-disease-crisis,seed-3,JPQ,27,NORMAL,statusChange,commonProcessingExpansion,approved->underConstruction,1500000
global-disease-crisis,seed-3,JPQ,28,NORMAL,statusChange,commonProcessingExpansion,underConstruction->underConstruction,2000000
global-disease-crisis,seed-3,JPQ,29,NORMAL,statusChange,commonProcessingExpansion,underConstruction->completed,1500000
global-disease-crisis,seed-3,JPQ,31,NORMAL,proposed,commonProcessingExpansion,targetFactoryId=JPQ-F1,0
global-disease-crisis,seed-3,JPQ,31,NORMAL,statusChange,commonProcessingExpansion,approved->underConstruction,1500000
global-disease-crisis,seed-3,JPQ,32,NORMAL,statusChange,commonProcessingExpansion,underConstruction->underConstruction,2000000
global-disease-crisis,seed-4,BAL,2,NORMAL,proposed,pdLineExpansion,targetFactoryId=BAL-F1,0
global-disease-crisis,seed-4,BAL,2,NORMAL,statusChange,pdLineExpansion,approved->underConstruction,1200000
global-disease-crisis,seed-4,BAL,3,NORMAL,proposed,hosoLineExpansion,targetFactoryId=BAL-F1,0
global-disease-crisis,seed-4,BAL,3,NORMAL,statusChange,pdLineExpansion,underConstruction->underConstruction,1600000
global-disease-crisis,seed-4,BAL,3,NORMAL,statusChange,hosoLineExpansion,approved->completed,8000000
global-disease-crisis,seed-4,CONSV,3,NORMAL,proposed,hosoLineExpansion,targetFactoryId=CONSV-F1,0
global-disease-crisis,seed-4,CONSV,3,NORMAL,proposed,vapLineExpansion,targetFactoryId=CONSV-F1,0
global-disease-crisis,seed-4,CONSV,3,NORMAL,statusChange,hosoLineExpansion,approved->completed,8000000
global-disease-crisis,seed-4,CONSV,3,NORMAL,statusChange,vapLineExpansion,approved->underConstruction,1500000
global-disease-crisis,seed-4,BAL,4,NORMAL,statusChange,pdLineExpansion,underConstruction->completed,1200000
global-disease-crisis,seed-4,CONSV,4,NORMAL,statusChange,vapLineExpansion,underConstruction->underConstruction,2100000
global-disease-crisis,seed-4,JPQ,5,NORMAL,proposed,vapLineExpansion,targetFactoryId=JPQ-F1,0
global-disease-crisis,seed-4,JPQ,5,NORMAL,statusChange,vapLineExpansion,approved->underConstruction,1500000
global-disease-crisis,seed-4,CONSV,5,NORMAL,statusChange,vapLineExpansion,underConstruction->underConstruction,1500000
global-disease-crisis,seed-4,JPQ,6,NORMAL,statusChange,vapLineExpansion,underConstruction->suspended,0
global-disease-crisis,seed-4,CONSV,6,NORMAL,statusChange,vapLineExpansion,underConstruction->suspended,0
global-disease-crisis,seed-4,BAL,7,NORMAL,proposed,hosoLineExpansion,targetFactoryId=BAL-F1,0
global-disease-crisis,seed-4,BAL,7,NORMAL,proposed,pdLineExpansion,targetFactoryId=BAL-F1,0
global-disease-crisis,seed-4,BAL,7,NORMAL,proposed,vapLineExpansion,targetFactoryId=BAL-F1,0
global-disease-crisis,seed-4,BAL,7,NORMAL,statusChange,hosoLineExpansion,approved->completed,8000000
global-disease-crisis,seed-4,BAL,7,NORMAL,statusChange,pdLineExpansion,approved->underConstruction,1200000
global-disease-crisis,seed-4,BAL,7,NORMAL,statusChange,vapLineExpansion,approved->underConstruction,1500000
global-disease-crisis,seed-4,BAL,8,NORMAL,statusChange,pdLineExpansion,underConstruction->underConstruction,1600000
global-disease-crisis,seed-4,BAL,8,NORMAL,statusChange,vapLineExpansion,underConstruction->underConstruction,2100000
global-disease-crisis,seed-4,CONSV,8,NORMAL,proposed,hosoLineExpansion,targetFactoryId=CONSV-F1,0
global-disease-crisis,seed-4,CONSV,8,NORMAL,proposed,pdLineExpansion,targetFactoryId=CONSV-F1,0
global-disease-crisis,seed-4,CONSV,8,NORMAL,statusChange,hosoLineExpansion,approved->completed,8000000
global-disease-crisis,seed-4,CONSV,8,NORMAL,statusChange,pdLineExpansion,approved->underConstruction,1200000
global-disease-crisis,seed-4,BAL,9,NORMAL,statusChange,pdLineExpansion,underConstruction->completed,1200000
global-disease-crisis,seed-4,BAL,9,NORMAL,statusChange,vapLineExpansion,underConstruction->underConstruction,1500000
global-disease-crisis,seed-4,CONSV,9,NORMAL,statusChange,pdLineExpansion,underConstruction->underConstruction,1600000
global-disease-crisis,seed-4,BAL,10,NORMAL,statusChange,vapLineExpansion,underConstruction->completed,900000
global-disease-crisis,seed-4,CONSV,10,NORMAL,statusChange,pdLineExpansion,underConstruction->completed,1200000
global-disease-crisis,seed-4,JPQ,11,NORMAL,proposed,hosoLineExpansion,targetFactoryId=JPQ-F1,0
global-disease-crisis,seed-4,JPQ,11,NORMAL,statusChange,hosoLineExpansion,approved->completed,8000000
global-disease-crisis,seed-4,BAL,12,NORMAL,proposed,hosoLineExpansion,targetFactoryId=BAL-F1,0
global-disease-crisis,seed-4,BAL,12,NORMAL,statusChange,hosoLineExpansion,approved->completed,8000000
global-disease-crisis,seed-4,JPQ,12,NORMAL,proposed,pdLineExpansion,targetFactoryId=JPQ-F1,0
global-disease-crisis,seed-4,JPQ,12,NORMAL,statusChange,pdLineExpansion,approved->underConstruction,1200000
global-disease-crisis,seed-4,JPQ,13,NORMAL,statusChange,pdLineExpansion,underConstruction->underConstruction,1600000
global-disease-crisis,seed-4,MASS,14,NORMAL,proposed,hosoLineExpansion,targetFactoryId=MASS-F1,0
global-disease-crisis,seed-4,MASS,14,NORMAL,proposed,pdLineExpansion,targetFactoryId=MASS-F1,0
global-disease-crisis,seed-4,MASS,14,NORMAL,proposed,vapLineExpansion,targetFactoryId=MASS-F1,0
global-disease-crisis,seed-4,MASS,14,NORMAL,statusChange,hosoLineExpansion,approved->completed,8000000
global-disease-crisis,seed-4,MASS,14,NORMAL,statusChange,pdLineExpansion,approved->underConstruction,1200000
global-disease-crisis,seed-4,MASS,14,NORMAL,statusChange,vapLineExpansion,approved->underConstruction,1500000
global-disease-crisis,seed-4,JPQ,14,NORMAL,statusChange,pdLineExpansion,underConstruction->completed,1200000
global-disease-crisis,seed-4,MASS,15,NORMAL,statusChange,pdLineExpansion,underConstruction->underConstruction,1600000
global-disease-crisis,seed-4,MASS,15,NORMAL,statusChange,vapLineExpansion,underConstruction->underConstruction,2100000
global-disease-crisis,seed-4,BAL,15,NORMAL,proposed,commonProcessingExpansion,targetFactoryId=BAL-F1,0
global-disease-crisis,seed-4,BAL,15,NORMAL,statusChange,commonProcessingExpansion,approved->underConstruction,1500000
global-disease-crisis,seed-4,JPQ,15,NORMAL,proposed,hosoLineExpansion,targetFactoryId=JPQ-F1,0
global-disease-crisis,seed-4,JPQ,15,NORMAL,statusChange,hosoLineExpansion,approved->completed,8000000
global-disease-crisis,seed-4,MASS,16,NORMAL,statusChange,pdLineExpansion,underConstruction->completed,1200000
global-disease-crisis,seed-4,MASS,16,NORMAL,statusChange,vapLineExpansion,underConstruction->underConstruction,1500000
global-disease-crisis,seed-4,BAL,16,NORMAL,statusChange,commonProcessingExpansion,underConstruction->underConstruction,2000000
global-disease-crisis,seed-4,JPQ,16,NORMAL,proposed,pdLineExpansion,targetFactoryId=JPQ-F1,0
global-disease-crisis,seed-4,JPQ,16,NORMAL,statusChange,pdLineExpansion,approved->underConstruction,1200000
global-disease-crisis,seed-4,MASS,17,NORMAL,statusChange,vapLineExpansion,underConstruction->completed,900000
global-disease-crisis,seed-4,BAL,17,NORMAL,statusChange,commonProcessingExpansion,underConstruction->completed,1500000
global-disease-crisis,seed-4,JPQ,17,NORMAL,statusChange,pdLineExpansion,underConstruction->underConstruction,1600000
global-disease-crisis,seed-4,JPQ,18,NORMAL,proposed,hosoLineExpansion,targetFactoryId=JPQ-F1,0
global-disease-crisis,seed-4,JPQ,18,NORMAL,statusChange,pdLineExpansion,underConstruction->completed,1200000
global-disease-crisis,seed-4,JPQ,18,NORMAL,statusChange,hosoLineExpansion,approved->completed,8000000
global-disease-crisis,seed-4,MASS,19,NORMAL,proposed,newFactoryConstruction,targetFactoryId=,0
global-disease-crisis,seed-4,MASS,19,NORMAL,statusChange,newFactoryConstruction,approved->underConstruction,6600000
global-disease-crisis,seed-4,BAL,19,NORMAL,proposed,commonProcessingExpansion,targetFactoryId=BAL-F1,0
global-disease-crisis,seed-4,BAL,19,NORMAL,statusChange,commonProcessingExpansion,approved->underConstruction,1500000
global-disease-crisis,seed-4,MASS,20,NORMAL,proposed,hosoLineExpansion,targetFactoryId=MASS-F1,0
global-disease-crisis,seed-4,MASS,20,NORMAL,proposed,pdLineExpansion,targetFactoryId=MASS-F1,0
global-disease-crisis,seed-4,MASS,20,NORMAL,proposed,vapLineExpansion,targetFactoryId=MASS-F1,0
global-disease-crisis,seed-4,MASS,20,NORMAL,rejected,vapLineExpansion,同時進行中案件数が上限(3)に達しているため新規承認を見送り。,6000000
global-disease-crisis,seed-4,MASS,20,NORMAL,statusChange,newFactoryConstruction,underConstruction->underConstruction,7699999.999999999
global-disease-crisis,seed-4,MASS,20,NORMAL,statusChange,hosoLineExpansion,approved->completed,8000000
global-disease-crisis,seed-4,MASS,20,NORMAL,statusChange,pdLineExpansion,approved->underConstruction,1200000
global-disease-crisis,seed-4,BAL,20,NORMAL,statusChange,commonProcessingExpansion,underConstruction->underConstruction,2000000
global-disease-crisis,seed-4,MASS,21,NORMAL,statusChange,newFactoryConstruction,underConstruction->completed,7699999.999999999
global-disease-crisis,seed-4,MASS,21,NORMAL,statusChange,pdLineExpansion,underConstruction->underConstruction,1600000
global-disease-crisis,seed-4,BAL,21,NORMAL,statusChange,commonProcessingExpansion,underConstruction->completed,1500000
global-disease-crisis,seed-4,JPQ,21,NORMAL,proposed,commonProcessingExpansion,targetFactoryId=JPQ-F1,0
global-disease-crisis,seed-4,JPQ,21,NORMAL,statusChange,commonProcessingExpansion,approved->underConstruction,1500000
global-disease-crisis,seed-4,MASS,22,NORMAL,proposed,vapLineExpansion,targetFactoryId=MASS-F1,0
global-disease-crisis,seed-4,MASS,22,NORMAL,statusChange,pdLineExpansion,underConstruction->completed,1200000
global-disease-crisis,seed-4,MASS,22,NORMAL,statusChange,vapLineExpansion,approved->underConstruction,1500000
global-disease-crisis,seed-4,JPQ,22,NORMAL,statusChange,commonProcessingExpansion,underConstruction->underConstruction,2000000
global-disease-crisis,seed-4,MASS,23,NORMAL,statusChange,vapLineExpansion,underConstruction->underConstruction,2100000
global-disease-crisis,seed-4,BAL,23,NORMAL,proposed,commonProcessingExpansion,targetFactoryId=BAL-F1,0
global-disease-crisis,seed-4,BAL,23,NORMAL,statusChange,commonProcessingExpansion,approved->underConstruction,1500000
global-disease-crisis,seed-4,JPQ,23,NORMAL,statusChange,commonProcessingExpansion,underConstruction->completed,1500000
global-disease-crisis,seed-4,MASS,24,NORMAL,statusChange,vapLineExpansion,underConstruction->underConstruction,1500000
global-disease-crisis,seed-4,BAL,24,NORMAL,proposed,newFactoryConstruction,targetFactoryId=,0
global-disease-crisis,seed-4,BAL,24,NORMAL,statusChange,commonProcessingExpansion,underConstruction->underConstruction,2000000
global-disease-crisis,seed-4,BAL,24,NORMAL,statusChange,newFactoryConstruction,approved->underConstruction,6600000
global-disease-crisis,seed-4,MASS,25,NORMAL,statusChange,vapLineExpansion,underConstruction->completed,900000
global-disease-crisis,seed-4,BAL,25,NORMAL,statusChange,commonProcessingExpansion,underConstruction->completed,1500000
global-disease-crisis,seed-4,BAL,25,NORMAL,statusChange,newFactoryConstruction,underConstruction->underConstruction,7699999.999999999
global-disease-crisis,seed-4,JPQ,25,NORMAL,proposed,commonProcessingExpansion,targetFactoryId=JPQ-F1,0
global-disease-crisis,seed-4,JPQ,25,NORMAL,statusChange,commonProcessingExpansion,approved->underConstruction,1500000
global-disease-crisis,seed-4,BAL,26,NORMAL,statusChange,newFactoryConstruction,underConstruction->completed,7699999.999999999
global-disease-crisis,seed-4,JPQ,26,NORMAL,statusChange,commonProcessingExpansion,underConstruction->underConstruction,2000000
global-disease-crisis,seed-4,JPQ,27,NORMAL,statusChange,commonProcessingExpansion,underConstruction->completed,1500000
global-disease-crisis,seed-4,JPQ,29,NORMAL,proposed,commonProcessingExpansion,targetFactoryId=JPQ-F1,0
global-disease-crisis,seed-4,JPQ,29,NORMAL,statusChange,commonProcessingExpansion,approved->underConstruction,1500000
global-disease-crisis,seed-4,JPQ,30,NORMAL,statusChange,commonProcessingExpansion,underConstruction->underConstruction,2000000
global-disease-crisis,seed-4,JPQ,31,NORMAL,statusChange,commonProcessingExpansion,underConstruction->completed,1500000
global-disease-crisis,seed-5,BAL,2,NORMAL,proposed,pdLineExpansion,targetFactoryId=BAL-F1,0
global-disease-crisis,seed-5,BAL,2,NORMAL,statusChange,pdLineExpansion,approved->underConstruction,1200000
global-disease-crisis,seed-5,BAL,3,NORMAL,statusChange,pdLineExpansion,underConstruction->underConstruction,1600000
global-disease-crisis,seed-5,CONSV,3,NORMAL,proposed,vapLineExpansion,targetFactoryId=CONSV-F1,0
global-disease-crisis,seed-5,CONSV,3,NORMAL,statusChange,vapLineExpansion,approved->underConstruction,1500000
global-disease-crisis,seed-5,BAL,4,NORMAL,statusChange,pdLineExpansion,underConstruction->completed,1200000
global-disease-crisis,seed-5,CONSV,4,NORMAL,statusChange,vapLineExpansion,underConstruction->underConstruction,2100000
global-disease-crisis,seed-5,BAL,5,NORMAL,proposed,hosoLineExpansion,targetFactoryId=BAL-F1,0
global-disease-crisis,seed-5,BAL,5,NORMAL,statusChange,hosoLineExpansion,approved->completed,8000000
global-disease-crisis,seed-5,JPQ,5,NORMAL,proposed,vapLineExpansion,targetFactoryId=JPQ-F1,0
global-disease-crisis,seed-5,JPQ,5,NORMAL,statusChange,vapLineExpansion,approved->underConstruction,1500000
global-disease-crisis,seed-5,CONSV,5,NORMAL,proposed,pdLineExpansion,targetFactoryId=CONSV-F1,0
global-disease-crisis,seed-5,CONSV,5,NORMAL,statusChange,vapLineExpansion,underConstruction->underConstruction,1500000
global-disease-crisis,seed-5,CONSV,5,NORMAL,statusChange,pdLineExpansion,approved->underConstruction,1200000
global-disease-crisis,seed-5,JPQ,6,NORMAL,statusChange,vapLineExpansion,underConstruction->underConstruction,2100000
global-disease-crisis,seed-5,CONSV,6,NORMAL,statusChange,vapLineExpansion,underConstruction->completed,900000
global-disease-crisis,seed-5,CONSV,6,NORMAL,statusChange,pdLineExpansion,underConstruction->suspended,0
global-disease-crisis,seed-5,JPQ,7,NORMAL,statusChange,vapLineExpansion,underConstruction->underConstruction,1500000
global-disease-crisis,seed-5,JPQ,8,NORMAL,statusChange,vapLineExpansion,underConstruction->completed,900000
global-disease-crisis,seed-5,CONSV,9,NORMAL,proposed,hosoLineExpansion,targetFactoryId=CONSV-F1,0
global-disease-crisis,seed-5,CONSV,9,NORMAL,statusChange,hosoLineExpansion,approved->completed,8000000
global-disease-crisis,seed-5,BAL,10,NORMAL,proposed,hosoLineExpansion,targetFactoryId=BAL-F1,0
global-disease-crisis,seed-5,BAL,10,NORMAL,statusChange,hosoLineExpansion,approved->completed,8000000
global-disease-crisis,seed-5,VAP,10,NORMAL,proposed,hosoLineExpansion,targetFactoryId=VAP-F1,0
global-disease-crisis,seed-5,VAP,10,NORMAL,statusChange,hosoLineExpansion,approved->completed,8000000
global-disease-crisis,seed-5,JPQ,11,NORMAL,proposed,hosoLineExpansion,targetFactoryId=JPQ-F1,0
global-disease-crisis,seed-5,JPQ,11,NORMAL,statusChange,hosoLineExpansion,approved->completed,8000000
global-disease-crisis,seed-5,JPQ,12,NORMAL,proposed,pdLineExpansion,targetFactoryId=JPQ-F1,0
global-disease-crisis,seed-5,JPQ,12,NORMAL,proposed,vapLineExpansion,targetFactoryId=JPQ-F1,0
global-disease-crisis,seed-5,JPQ,12,NORMAL,statusChange,pdLineExpansion,approved->underConstruction,1200000
global-disease-crisis,seed-5,JPQ,12,NORMAL,statusChange,vapLineExpansion,approved->underConstruction,1500000
global-disease-crisis,seed-5,BAL,13,NORMAL,proposed,hosoLineExpansion,targetFactoryId=BAL-F1,0
global-disease-crisis,seed-5,BAL,13,NORMAL,statusChange,hosoLineExpansion,approved->completed,8000000
global-disease-crisis,seed-5,JPQ,13,NORMAL,statusChange,pdLineExpansion,underConstruction->underConstruction,1600000
global-disease-crisis,seed-5,JPQ,13,NORMAL,statusChange,vapLineExpansion,underConstruction->underConstruction,2100000
global-disease-crisis,seed-5,CONSV,13,NORMAL,proposed,hosoLineExpansion,targetFactoryId=CONSV-F1,0
global-disease-crisis,seed-5,CONSV,13,NORMAL,proposed,vapLineExpansion,targetFactoryId=CONSV-F1,0
global-disease-crisis,seed-5,CONSV,13,NORMAL,statusChange,hosoLineExpansion,approved->completed,8000000
global-disease-crisis,seed-5,CONSV,13,NORMAL,statusChange,vapLineExpansion,approved->underConstruction,1500000
global-disease-crisis,seed-5,MASS,14,NORMAL,proposed,pdLineExpansion,targetFactoryId=MASS-F1,0
global-disease-crisis,seed-5,MASS,14,NORMAL,proposed,vapLineExpansion,targetFactoryId=MASS-F1,0
global-disease-crisis,seed-5,MASS,14,NORMAL,statusChange,pdLineExpansion,approved->underConstruction,1200000
global-disease-crisis,seed-5,MASS,14,NORMAL,statusChange,vapLineExpansion,approved->underConstruction,1500000
global-disease-crisis,seed-5,JPQ,14,NORMAL,statusChange,pdLineExpansion,underConstruction->completed,1200000
global-disease-crisis,seed-5,JPQ,14,NORMAL,statusChange,vapLineExpansion,underConstruction->underConstruction,1500000
global-disease-crisis,seed-5,CONSV,14,NORMAL,statusChange,vapLineExpansion,underConstruction->underConstruction,2100000
global-disease-crisis,seed-5,VAP,14,NORMAL,proposed,hosoLineExpansion,targetFactoryId=VAP-F1,0
global-disease-crisis,seed-5,VAP,14,NORMAL,statusChange,hosoLineExpansion,approved->completed,8000000
global-disease-crisis,seed-5,MASS,15,NORMAL,statusChange,pdLineExpansion,underConstruction->underConstruction,1600000
global-disease-crisis,seed-5,MASS,15,NORMAL,statusChange,vapLineExpansion,underConstruction->underConstruction,2100000
global-disease-crisis,seed-5,JPQ,15,NORMAL,proposed,hosoLineExpansion,targetFactoryId=JPQ-F1,0
global-disease-crisis,seed-5,JPQ,15,NORMAL,statusChange,vapLineExpansion,underConstruction->completed,900000
global-disease-crisis,seed-5,JPQ,15,NORMAL,statusChange,hosoLineExpansion,approved->completed,8000000
global-disease-crisis,seed-5,CONSV,15,NORMAL,statusChange,vapLineExpansion,underConstruction->underConstruction,1500000
global-disease-crisis,seed-5,MASS,16,NORMAL,statusChange,pdLineExpansion,underConstruction->completed,1200000
global-disease-crisis,seed-5,MASS,16,NORMAL,statusChange,vapLineExpansion,underConstruction->underConstruction,1500000
global-disease-crisis,seed-5,BAL,16,NORMAL,proposed,commonProcessingExpansion,targetFactoryId=BAL-F1,0
global-disease-crisis,seed-5,BAL,16,NORMAL,statusChange,commonProcessingExpansion,approved->underConstruction,1500000
global-disease-crisis,seed-5,JPQ,16,NORMAL,proposed,pdLineExpansion,targetFactoryId=JPQ-F1,0
global-disease-crisis,seed-5,JPQ,16,NORMAL,statusChange,pdLineExpansion,approved->underConstruction,1200000
global-disease-crisis,seed-5,CONSV,16,NORMAL,statusChange,vapLineExpansion,underConstruction->completed,900000
global-disease-crisis,seed-5,MASS,17,NORMAL,statusChange,vapLineExpansion,underConstruction->completed,900000
global-disease-crisis,seed-5,BAL,17,NORMAL,statusChange,commonProcessingExpansion,underConstruction->underConstruction,2000000
global-disease-crisis,seed-5,JPQ,17,NORMAL,statusChange,pdLineExpansion,underConstruction->underConstruction,1600000
global-disease-crisis,seed-5,MASS,18,NORMAL,proposed,hosoLineExpansion,targetFactoryId=MASS-F1,0
global-disease-crisis,seed-5,MASS,18,NORMAL,proposed,newFactoryConstruction,targetFactoryId=,0
global-disease-crisis,seed-5,MASS,18,NORMAL,statusChange,hosoLineExpansion,approved->completed,8000000
global-disease-crisis,seed-5,MASS,18,NORMAL,statusChange,newFactoryConstruction,approved->underConstruction,6600000
global-disease-crisis,seed-5,BAL,18,NORMAL,statusChange,commonProcessingExpansion,underConstruction->completed,1500000
global-disease-crisis,seed-5,JPQ,18,NORMAL,statusChange,pdLineExpansion,underConstruction->completed,1200000
global-disease-crisis,seed-5,MASS,19,NORMAL,proposed,pdLineExpansion,targetFactoryId=MASS-F1,0
global-disease-crisis,seed-5,MASS,19,NORMAL,statusChange,newFactoryConstruction,underConstruction->underConstruction,7699999.999999999
global-disease-crisis,seed-5,MASS,19,NORMAL,statusChange,pdLineExpansion,approved->underConstruction,1200000
global-disease-crisis,seed-5,JPQ,19,NORMAL,proposed,hosoLineExpansion,targetFactoryId=JPQ-F1,0
global-disease-crisis,seed-5,JPQ,19,NORMAL,proposed,vapLineExpansion,targetFactoryId=JPQ-F1,0
global-disease-crisis,seed-5,JPQ,19,NORMAL,proposed,commonProcessingExpansion,targetFactoryId=JPQ-F1,0
global-disease-crisis,seed-5,JPQ,19,NORMAL,statusChange,hosoLineExpansion,approved->completed,8000000
global-disease-crisis,seed-5,JPQ,19,NORMAL,statusChange,vapLineExpansion,approved->underConstruction,1500000
global-disease-crisis,seed-5,JPQ,19,NORMAL,statusChange,commonProcessingExpansion,approved->underConstruction,1500000
global-disease-crisis,seed-5,MASS,20,NORMAL,proposed,vapLineExpansion,targetFactoryId=MASS-F1,0
global-disease-crisis,seed-5,MASS,20,NORMAL,statusChange,newFactoryConstruction,underConstruction->completed,7699999.999999999
global-disease-crisis,seed-5,MASS,20,NORMAL,statusChange,pdLineExpansion,underConstruction->underConstruction,1600000
global-disease-crisis,seed-5,MASS,20,NORMAL,statusChange,vapLineExpansion,approved->underConstruction,1500000
global-disease-crisis,seed-5,BAL,20,NORMAL,proposed,pdLineExpansion,targetFactoryId=BAL-F1,0
global-disease-crisis,seed-5,BAL,20,NORMAL,proposed,commonProcessingExpansion,targetFactoryId=BAL-F1,0
global-disease-crisis,seed-5,BAL,20,NORMAL,statusChange,pdLineExpansion,approved->underConstruction,1200000
global-disease-crisis,seed-5,BAL,20,NORMAL,statusChange,commonProcessingExpansion,approved->underConstruction,1500000
global-disease-crisis,seed-5,JPQ,20,NORMAL,proposed,pdLineExpansion,targetFactoryId=JPQ-F1,0
global-disease-crisis,seed-5,JPQ,20,NORMAL,rejected,pdLineExpansion,工場スペースが不足しているため新規承認を見送り。必要スペース 700 / 空き 440（総量 127650、不足 260 スペース単位）。,4000000
global-disease-crisis,seed-5,JPQ,20,NORMAL,statusChange,vapLineExpansion,underConstruction->underConstruction,2100000
global-disease-crisis,seed-5,JPQ,20,NORMAL,statusChange,commonProcessingExpansion,underConstruction->underConstruction,2000000
global-disease-crisis,seed-5,MASS,21,NORMAL,statusChange,pdLineExpansion,underConstruction->completed,1200000
global-disease-crisis,seed-5,MASS,21,NORMAL,statusChange,vapLineExpansion,underConstruction->underConstruction,2100000
global-disease-crisis,seed-5,BAL,21,NORMAL,proposed,vapLineExpansion,targetFactoryId=BAL-F1,0
global-disease-crisis,seed-5,BAL,21,NORMAL,statusChange,pdLineExpansion,underConstruction->underConstruction,1600000
global-disease-crisis,seed-5,BAL,21,NORMAL,statusChange,commonProcessingExpansion,underConstruction->underConstruction,2000000
global-disease-crisis,seed-5,BAL,21,NORMAL,statusChange,vapLineExpansion,approved->underConstruction,1500000
global-disease-crisis,seed-5,JPQ,21,NORMAL,statusChange,vapLineExpansion,underConstruction->underConstruction,1500000
global-disease-crisis,seed-5,JPQ,21,NORMAL,statusChange,commonProcessingExpansion,underConstruction->completed,1500000
global-disease-crisis,seed-5,MASS,22,NORMAL,statusChange,vapLineExpansion,underConstruction->underConstruction,1500000
global-disease-crisis,seed-5,BAL,22,NORMAL,statusChange,pdLineExpansion,underConstruction->completed,1200000
global-disease-crisis,seed-5,BAL,22,NORMAL,statusChange,commonProcessingExpansion,underConstruction->completed,1500000
global-disease-crisis,seed-5,BAL,22,NORMAL,statusChange,vapLineExpansion,underConstruction->underConstruction,2100000
global-disease-crisis,seed-5,JPQ,22,NORMAL,statusChange,vapLineExpansion,underConstruction->completed,900000
global-disease-crisis,seed-5,MASS,23,NORMAL,statusChange,vapLineExpansion,underConstruction->completed,900000
global-disease-crisis,seed-5,BAL,23,NORMAL,statusChange,vapLineExpansion,underConstruction->underConstruction,1500000
global-disease-crisis,seed-5,JPQ,23,NORMAL,proposed,commonProcessingExpansion,targetFactoryId=JPQ-F1,0
global-disease-crisis,seed-5,JPQ,23,NORMAL,rejected,commonProcessingExpansion,工場スペースが不足しているため新規承認を見送り。必要スペース 560 / 空き 440（総量 127650、不足 120 スペース単位）。,5000000
global-disease-crisis,seed-5,BAL,24,NORMAL,proposed,commonProcessingExpansion,targetFactoryId=BAL-F1,0
global-disease-crisis,seed-5,BAL,24,NORMAL,proposed,newFactoryConstruction,targetFactoryId=,0
global-disease-crisis,seed-5,BAL,24,NORMAL,statusChange,vapLineExpansion,underConstruction->completed,900000
global-disease-crisis,seed-5,BAL,24,NORMAL,statusChange,commonProcessingExpansion,approved->underConstruction,1500000
global-disease-crisis,seed-5,BAL,24,NORMAL,statusChange,newFactoryConstruction,approved->underConstruction,6600000
global-disease-crisis,seed-5,JPQ,24,NORMAL,proposed,commonProcessingExpansion,targetFactoryId=JPQ-F1,0
global-disease-crisis,seed-5,JPQ,24,NORMAL,rejected,commonProcessingExpansion,工場スペースが不足しているため新規承認を見送り。必要スペース 560 / 空き 440（総量 127650、不足 120 スペース単位）。,5000000
global-disease-crisis,seed-5,BAL,25,NORMAL,statusChange,commonProcessingExpansion,underConstruction->underConstruction,2000000
global-disease-crisis,seed-5,BAL,25,NORMAL,statusChange,newFactoryConstruction,underConstruction->underConstruction,7699999.999999999
global-disease-crisis,seed-5,BAL,26,NORMAL,statusChange,commonProcessingExpansion,underConstruction->completed,1500000
global-disease-crisis,seed-5,BAL,26,NORMAL,statusChange,newFactoryConstruction,underConstruction->completed,7699999.999999999
