scenario,seed,companyId,turn,projectId,projectType,statusBefore,statusAfter,paidUsd,targetFactoryId
baseline,seed-1,BAL,2,BAL-CAPEX-1,pdLineExpansion,approved,underConstruction,1200000,BAL-F1
baseline,seed-1,BAL,3,BAL-CAPEX-1,pdLineExpansion,underConstruction,underConstruction,1600000,BAL-F1
baseline,seed-1,JPQ,3,JPQ-CAPEX-1,pdMechanization,approved,underConstruction,1000000,JPQ-F1
baseline,seed-1,JPQ,3,JPQ-CAPEX-2,qualityControlEquipment,approved,underConstruction,720000,JPQ-F1
baseline,seed-1,CONSV,3,CONSV-CAPEX-1,qualityControlEquipment,approved,underConstruction,720000,CONSV-F1
baseline,seed-1,BAL,4,BAL-CAPEX-1,pdLineExpansion,underConstruction,completed,1200000,BAL-F1
baseline,seed-1,BAL,4,BAL-CAPEX-2,hosoLineExpansion,approved,completed,8000000,BAL-F1
baseline,seed-1,JPQ,4,JPQ-CAPEX-1,pdMechanization,underConstruction,completed,1500000,JPQ-F1
baseline,seed-1,JPQ,4,JPQ-CAPEX-2,qualityControlEquipment,underConstruction,completed,480000,JPQ-F1
baseline,seed-1,CONSV,4,CONSV-CAPEX-1,qualityControlEquipment,underConstruction,completed,480000,CONSV-F1
baseline,seed-1,CONSV,4,CONSV-CAPEX-2,pdLineExpansion,approved,underConstruction,1200000,CONSV-F1
baseline,seed-1,CONSV,4,CONSV-CAPEX-3,vapLineExpansion,approved,underConstruction,1500000,CONSV-F1
baseline,seed-1,CONSV,5,CONSV-CAPEX-2,pdLineExpansion,underConstruction,underConstruction,1600000,CONSV-F1
baseline,seed-1,CONSV,5,CONSV-CAPEX-3,vapLineExpansion,underConstruction,underConstruction,2100000,CONSV-F1
baseline,seed-1,CONSV,5,CONSV-CAPEX-4,pdMechanization,approved,underConstruction,1000000,CONSV-F1
baseline,seed-1,CONSV,6,CONSV-CAPEX-2,pdLineExpansion,underConstruction,completed,1200000,CONSV-F1
baseline,seed-1,CONSV,6,CONSV-CAPEX-3,vapLineExpansion,underConstruction,underConstruction,1500000,CONSV-F1
baseline,seed-1,CONSV,6,CONSV-CAPEX-4,pdMechanization,underConstruction,completed,1500000,CONSV-F1
baseline,seed-1,CONSV,7,CONSV-CAPEX-3,vapLineExpansion,underConstruction,completed,900000,CONSV-F1
baseline,seed-1,VAP,7,VAP-CAPEX-1,qualityControlEquipment,approved,underConstruction,720000,VAP-F1
baseline,seed-1,BAL,8,BAL-CAPEX-3,hosoLineExpansion,approved,completed,8000000,BAL-F1
baseline,seed-1,BAL,8,BAL-CAPEX-4,pdLineExpansion,approved,underConstruction,1200000,BAL-F1
baseline,seed-1,JPQ,8,JPQ-CAPEX-3,pdLineExpansion,approved,underConstruction,1200000,JPQ-F1
baseline,seed-1,JPQ,8,JPQ-CAPEX-4,vapLineExpansion,approved,underConstruction,1500000,JPQ-F1
baseline,seed-1,CONSV,8,CONSV-CAPEX-5,pdLineExpansion,approved,underConstruction,1200000,CONSV-F1
baseline,seed-1,VAP,8,VAP-CAPEX-1,qualityControlEquipment,underConstruction,completed,480000,VAP-F1
baseline,seed-1,VAP,8,VAP-CAPEX-2,pdLineExpansion,approved,underConstruction,1200000,VAP-F1
baseline,seed-1,VAP,8,VAP-CAPEX-3,vapLineExpansion,approved,underConstruction,1500000,VAP-F1
baseline,seed-1,BAL,9,BAL-CAPEX-4,pdLineExpansion,underConstruction,underConstruction,1600000,BAL-F1
baseline,seed-1,JPQ,9,JPQ-CAPEX-3,pdLineExpansion,underConstruction,underConstruction,1600000,JPQ-F1
baseline,seed-1,JPQ,9,JPQ-CAPEX-4,vapLineExpansion,underConstruction,underConstruction,2100000,JPQ-F1
baseline,seed-1,CONSV,9,CONSV-CAPEX-5,pdLineExpansion,underConstruction,underConstruction,1600000,CONSV-F1
baseline,seed-1,CONSV,9,CONSV-CAPEX-6,hosoLineExpansion,approved,completed,8000000,CONSV-F1
baseline,seed-1,VAP,9,VAP-CAPEX-2,pdLineExpansion,underConstruction,underConstruction,1600000,VAP-F1
baseline,seed-1,VAP,9,VAP-CAPEX-3,vapLineExpansion,underConstruction,underConstruction,2100000,VAP-F1
baseline,seed-1,VAP,9,VAP-CAPEX-4,pdMechanization,approved,underConstruction,1000000,VAP-F1
baseline,seed-1,BAL,10,BAL-CAPEX-4,pdLineExpansion,underConstruction,completed,1200000,BAL-F1
baseline,seed-1,JPQ,10,JPQ-CAPEX-3,pdLineExpansion,underConstruction,completed,1200000,JPQ-F1
baseline,seed-1,JPQ,10,JPQ-CAPEX-4,vapLineExpansion,underConstruction,underConstruction,1500000,JPQ-F1
baseline,seed-1,CONSV,10,CONSV-CAPEX-5,pdLineExpansion,underConstruction,completed,1200000,CONSV-F1
baseline,seed-1,CONSV,10,CONSV-CAPEX-7,vapLineExpansion,approved,underConstruction,1500000,CONSV-F1
baseline,seed-1,VAP,10,VAP-CAPEX-2,pdLineExpansion,underConstruction,completed,1200000,VAP-F1
baseline,seed-1,VAP,10,VAP-CAPEX-3,vapLineExpansion,underConstruction,underConstruction,1500000,VAP-F1
baseline,seed-1,VAP,10,VAP-CAPEX-4,pdMechanization,underConstruction,completed,1500000,VAP-F1
baseline,seed-1,BAL,11,BAL-CAPEX-5,pdMechanization,approved,underConstruction,1000000,BAL-F1
baseline,seed-1,JPQ,11,JPQ-CAPEX-4,vapLineExpansion,underConstruction,completed,900000,JPQ-F1
baseline,seed-1,CONSV,11,CONSV-CAPEX-7,vapLineExpansion,underConstruction,underConstruction,2100000,CONSV-F1
baseline,seed-1,VAP,11,VAP-CAPEX-3,vapLineExpansion,underConstruction,completed,900000,VAP-F1
baseline,seed-1,BAL,12,BAL-CAPEX-5,pdMechanization,underConstruction,completed,1500000,BAL-F1
baseline,seed-1,BAL,12,BAL-CAPEX-6,hosoLineExpansion,approved,completed,8000000,BAL-F1
baseline,seed-1,JPQ,12,JPQ-CAPEX-5,pdLineExpansion,approved,underConstruction,1200000,JPQ-F1
baseline,seed-1,CONSV,12,CONSV-CAPEX-7,vapLineExpansion,underConstruction,underConstruction,1500000,CONSV-F1
baseline,seed-1,CONSV,12,CONSV-CAPEX-8,pdLineExpansion,approved,underConstruction,1200000,CONSV-F1
baseline,seed-1,VAP,12,VAP-CAPEX-5,pdLineExpansion,approved,underConstruction,1200000,VAP-F1
baseline,seed-1,JPQ,13,JPQ-CAPEX-5,pdLineExpansion,underConstruction,underConstruction,1600000,JPQ-F1
baseline,seed-1,CONSV,13,CONSV-CAPEX-7,vapLineExpansion,underConstruction,completed,900000,CONSV-F1
baseline,seed-1,CONSV,13,CONSV-CAPEX-8,pdLineExpansion,underConstruction,underConstruction,1600000,CONSV-F1
baseline,seed-1,VAP,13,VAP-CAPEX-5,pdLineExpansion,underConstruction,underConstruction,1600000,VAP-F1
baseline,seed-1,JPQ,14,JPQ-CAPEX-5,pdLineExpansion,underConstruction,completed,1200000,JPQ-F1
baseline,seed-1,JPQ,14,JPQ-CAPEX-6,vapLineExpansion,approved,underConstruction,1500000,JPQ-F1
baseline,seed-1,CONSV,14,CONSV-CAPEX-8,pdLineExpansion,underConstruction,completed,1200000,CONSV-F1
baseline,seed-1,VAP,14,VAP-CAPEX-5,pdLineExpansion,underConstruction,completed,1200000,VAP-F1
baseline,seed-1,VAP,14,VAP-CAPEX-6,vapLineExpansion,approved,underConstruction,1500000,VAP-F1
baseline,seed-1,BAL,15,BAL-CAPEX-7,qualityControlEquipment,approved,underConstruction,720000,BAL-F1
baseline,seed-1,BAL,15,BAL-CAPEX-8,commonProcessingExpansion,approved,underConstruction,1500000,BAL-F1
baseline,seed-1,JPQ,15,JPQ-CAPEX-6,vapLineExpansion,underConstruction,underConstruction,2100000,JPQ-F1
baseline,seed-1,VAP,15,VAP-CAPEX-6,vapLineExpansion,underConstruction,underConstruction,2100000,VAP-F1
baseline,seed-1,BAL,16,BAL-CAPEX-7,qualityControlEquipment,underConstruction,completed,480000,BAL-F1
baseline,seed-1,BAL,16,BAL-CAPEX-8,commonProcessingExpansion,underConstruction,underConstruction,2000000,BAL-F1
baseline,seed-1,JPQ,16,JPQ-CAPEX-6,vapLineExpansion,underConstruction,underConstruction,1500000,JPQ-F1
baseline,seed-1,JPQ,16,JPQ-CAPEX-7,pdLineExpansion,approved,underConstruction,1200000,JPQ-F1
baseline,seed-1,CONSV,16,CONSV-CAPEX-9,pdLineExpansion,approved,underConstruction,1200000,CONSV-F1
baseline,seed-1,VAP,16,VAP-CAPEX-6,vapLineExpansion,underConstruction,underConstruction,1500000,VAP-F1
baseline,seed-1,VAP,16,VAP-CAPEX-7,pdLineExpansion,approved,underConstruction,1200000,VAP-F1
baseline,seed-1,BAL,17,BAL-CAPEX-8,commonProcessingExpansion,underConstruction,completed,1500000,BAL-F1
baseline,seed-1,JPQ,17,JPQ-CAPEX-6,vapLineExpansion,underConstruction,completed,900000,JPQ-F1
baseline,seed-1,JPQ,17,JPQ-CAPEX-7,pdLineExpansion,underConstruction,underConstruction,1600000,JPQ-F1
baseline,seed-1,CONSV,17,CONSV-CAPEX-9,pdLineExpansion,underConstruction,underConstruction,1600000,CONSV-F1
baseline,seed-1,VAP,17,VAP-CAPEX-6,vapLineExpansion,underConstruction,completed,900000,VAP-F1
baseline,seed-1,VAP,17,VAP-CAPEX-7,pdLineExpansion,underConstruction,underConstruction,1600000,VAP-F1
baseline,seed-1,JPQ,18,JPQ-CAPEX-7,pdLineExpansion,underConstruction,completed,1200000,JPQ-F1
baseline,seed-1,CONSV,18,CONSV-CAPEX-9,pdLineExpansion,underConstruction,completed,1200000,CONSV-F1
baseline,seed-1,VAP,18,VAP-CAPEX-7,pdLineExpansion,underConstruction,completed,1200000,VAP-F1
baseline,seed-1,BAL,19,BAL-CAPEX-9,commonProcessingExpansion,approved,underConstruction,1500000,BAL-F1
baseline,seed-1,BAL,20,BAL-CAPEX-9,commonProcessingExpansion,underConstruction,underConstruction,2000000,BAL-F1
baseline,seed-1,JPQ,20,JPQ-CAPEX-8,pdLineExpansion,approved,underConstruction,1200000,JPQ-F1
baseline,seed-1,JPQ,20,JPQ-CAPEX-9,vapLineExpansion,approved,underConstruction,1500000,JPQ-F1
baseline,seed-1,CONSV,20,CONSV-CAPEX-10,pdLineExpansion,approved,underConstruction,1200000,CONSV-F1
baseline,seed-1,VAP,20,VAP-CAPEX-8,pdLineExpansion,approved,underConstruction,1200000,VAP-F1
baseline,seed-1,VAP,20,VAP-CAPEX-9,vapLineExpansion,approved,underConstruction,1500000,VAP-F1
baseline,seed-1,MASS,21,MASS-CAPEX-1,pdLineExpansion,approved,underConstruction,1200000,MASS-F1
baseline,seed-1,BAL,21,BAL-CAPEX-9,commonProcessingExpansion,underConstruction,completed,1500000,BAL-F1
baseline,seed-1,JPQ,21,JPQ-CAPEX-8,pdLineExpansion,underConstruction,underConstruction,1600000,JPQ-F1
baseline,seed-1,JPQ,21,JPQ-CAPEX-9,vapLineExpansion,underConstruction,underConstruction,2100000,JPQ-F1
baseline,seed-1,CONSV,21,CONSV-CAPEX-10,pdLineExpansion,underConstruction,underConstruction,1600000,CONSV-F1
baseline,seed-1,VAP,21,VAP-CAPEX-8,pdLineExpansion,underConstruction,underConstruction,1600000,VAP-F1
baseline,seed-1,VAP,21,VAP-CAPEX-9,vapLineExpansion,underConstruction,underConstruction,2100000,VAP-F1
baseline,seed-1,MASS,22,MASS-CAPEX-1,pdLineExpansion,underConstruction,underConstruction,1600000,MASS-F1
baseline,seed-1,JPQ,22,JPQ-CAPEX-8,pdLineExpansion,underConstruction,completed,1200000,JPQ-F1
baseline,seed-1,JPQ,22,JPQ-CAPEX-9,vapLineExpansion,underConstruction,underConstruction,1500000,JPQ-F1
baseline,seed-1,CONSV,22,CONSV-CAPEX-10,pdLineExpansion,underConstruction,completed,1200000,CONSV-F1
baseline,seed-1,VAP,22,VAP-CAPEX-8,pdLineExpansion,underConstruction,completed,1200000,VAP-F1
baseline,seed-1,VAP,22,VAP-CAPEX-9,vapLineExpansion,underConstruction,underConstruction,1500000,VAP-F1
baseline,seed-1,MASS,23,MASS-CAPEX-1,pdLineExpansion,underConstruction,completed,1200000,MASS-F1
baseline,seed-1,MASS,23,MASS-CAPEX-2,hosoLineExpansion,approved,completed,8000000,MASS-F1
baseline,seed-1,MASS,23,MASS-CAPEX-3,newFactoryConstruction,approved,underConstruction,6600000,
baseline,seed-1,BAL,23,BAL-CAPEX-10,commonProcessingExpansion,approved,underConstruction,1500000,BAL-F1
baseline,seed-1,JPQ,23,JPQ-CAPEX-9,vapLineExpansion,underConstruction,completed,900000,JPQ-F1
baseline,seed-1,VAP,23,VAP-CAPEX-9,vapLineExpansion,underConstruction,completed,900000,VAP-F1
baseline,seed-1,MASS,24,MASS-CAPEX-3,newFactoryConstruction,underConstruction,underConstruction,7699999.999999999,
baseline,seed-1,BAL,24,BAL-CAPEX-10,commonProcessingExpansion,underConstruction,underConstruction,2000000,BAL-F1
baseline,seed-1,BAL,24,BAL-CAPEX-11,newFactoryConstruction,approved,underConstruction,6600000,
baseline,seed-1,JPQ,24,JPQ-CAPEX-10,pdLineExpansion,approved,underConstruction,1200000,JPQ-F1
baseline,seed-1,CONSV,24,CONSV-CAPEX-11,pdLineExpansion,approved,underConstruction,1200000,CONSV-F1
baseline,seed-1,VAP,24,VAP-CAPEX-10,pdLineExpansion,approved,underConstruction,1200000,VAP-F1
baseline,seed-1,MASS,25,MASS-CAPEX-3,newFactoryConstruction,underConstruction,completed,7699999.999999999,
baseline,seed-1,MASS,25,MASS-CAPEX-4,pdLineExpansion,approved,underConstruction,1200000,MASS-F1
baseline,seed-1,BAL,25,BAL-CAPEX-10,commonProcessingExpansion,underConstruction,completed,1500000,BAL-F1
baseline,seed-1,BAL,25,BAL-CAPEX-11,newFactoryConstruction,underConstruction,underConstruction,7699999.999999999,
baseline,seed-1,JPQ,25,JPQ-CAPEX-10,pdLineExpansion,underConstruction,underConstruction,1600000,JPQ-F1
baseline,seed-1,CONSV,25,CONSV-CAPEX-11,pdLineExpansion,underConstruction,underConstruction,1600000,CONSV-F1
baseline,seed-1,VAP,25,VAP-CAPEX-10,pdLineExpansion,underConstruction,underConstruction,1600000,VAP-F1
baseline,seed-1,MASS,26,MASS-CAPEX-4,pdLineExpansion,underConstruction,underConstruction,1600000,MASS-F1
baseline,seed-1,BAL,26,BAL-CAPEX-11,newFactoryConstruction,underConstruction,completed,7699999.999999999,
baseline,seed-1,JPQ,26,JPQ-CAPEX-10,pdLineExpansion,underConstruction,completed,1200000,JPQ-F1
baseline,seed-1,JPQ,26,JPQ-CAPEX-11,vapLineExpansion,approved,underConstruction,1500000,JPQ-F1
baseline,seed-1,CONSV,26,CONSV-CAPEX-11,pdLineExpansion,underConstruction,completed,1200000,CONSV-F1
baseline,seed-1,VAP,26,VAP-CAPEX-10,pdLineExpansion,underConstruction,completed,1200000,VAP-F1
baseline,seed-1,VAP,26,VAP-CAPEX-11,vapLineExpansion,approved,underConstruction,1500000,VAP-F1
baseline,seed-1,MASS,27,MASS-CAPEX-4,pdLineExpansion,underConstruction,completed,1200000,MASS-F1
baseline,seed-1,BAL,27,BAL-CAPEX-12,commonProcessingExpansion,approved,underConstruction,1500000,BAL-F1
baseline,seed-1,JPQ,27,JPQ-CAPEX-11,vapLineExpansion,underConstruction,underConstruction,2100000,JPQ-F1
baseline,seed-1,VAP,27,VAP-CAPEX-11,vapLineExpansion,underConstruction,underConstruction,2100000,VAP-F1
baseline,seed-1,MASS,28,MASS-CAPEX-5,qualityControlEquipment,approved,underConstruction,720000,MASS-NEWF-MASS-CAPEX-3
baseline,seed-1,BAL,28,BAL-CAPEX-12,commonProcessingExpansion,underConstruction,underConstruction,2000000,BAL-F1
baseline,seed-1,JPQ,28,JPQ-CAPEX-11,vapLineExpansion,underConstruction,underConstruction,1500000,JPQ-F1
baseline,seed-1,JPQ,28,JPQ-CAPEX-12,pdLineExpansion,approved,underConstruction,1200000,JPQ-F1
baseline,seed-1,CONSV,28,CONSV-CAPEX-12,pdLineExpansion,approved,underConstruction,1200000,CONSV-F1
baseline,seed-1,VAP,28,VAP-CAPEX-11,vapLineExpansion,underConstruction,underConstruction,1500000,VAP-F1
baseline,seed-1,VAP,28,VAP-CAPEX-12,pdLineExpansion,approved,underConstruction,1200000,VAP-F1
baseline,seed-1,MASS,29,MASS-CAPEX-5,qualityControlEquipment,underConstruction,completed,480000,MASS-NEWF-MASS-CAPEX-3
baseline,seed-1,BAL,29,BAL-CAPEX-12,commonProcessingExpansion,underConstruction,completed,1500000,BAL-F1
baseline,seed-1,JPQ,29,JPQ-CAPEX-11,vapLineExpansion,underConstruction,completed,900000,JPQ-F1
baseline,seed-1,JPQ,29,JPQ-CAPEX-12,pdLineExpansion,underConstruction,underConstruction,1600000,JPQ-F1
baseline,seed-1,CONSV,29,CONSV-CAPEX-12,pdLineExpansion,underConstruction,underConstruction,1600000,CONSV-F1
baseline,seed-1,VAP,29,VAP-CAPEX-11,vapLineExpansion,underConstruction,completed,900000,VAP-F1
baseline,seed-1,VAP,29,VAP-CAPEX-12,pdLineExpansion,underConstruction,underConstruction,1600000,VAP-F1
baseline,seed-1,MASS,30,MASS-CAPEX-6,hosoLineExpansion,approved,completed,8000000,MASS-NEWF-MASS-CAPEX-3
baseline,seed-1,JPQ,30,JPQ-CAPEX-12,pdLineExpansion,underConstruction,completed,1200000,JPQ-F1
baseline,seed-1,JPQ,30,JPQ-CAPEX-13,newFactoryConstruction,approved,underConstruction,6600000,
baseline,seed-1,CONSV,30,CONSV-CAPEX-12,pdLineExpansion,underConstruction,completed,1200000,CONSV-F1
baseline,seed-1,VAP,30,VAP-CAPEX-12,pdLineExpansion,underConstruction,completed,1200000,VAP-F1
baseline,seed-1,MASS,31,MASS-CAPEX-7,newFactoryConstruction,approved,underConstruction,6600000,
baseline,seed-1,JPQ,31,JPQ-CAPEX-13,newFactoryConstruction,underConstruction,underConstruction,7699999.999999999,
baseline,seed-1,MASS,32,MASS-CAPEX-7,newFactoryConstruction,underConstruction,underConstruction,7699999.999999999,
baseline,seed-1,JPQ,32,JPQ-CAPEX-13,newFactoryConstruction,underConstruction,completed,7699999.999999999,
baseline,seed-1,JPQ,32,JPQ-CAPEX-14,pdLineExpansion,approved,underConstruction,1200000,JPQ-F1
baseline,seed-1,JPQ,32,JPQ-CAPEX-15,vapLineExpansion,approved,underConstruction,1500000,JPQ-F1
baseline,seed-1,CONSV,32,CONSV-CAPEX-13,pdLineExpansion,approved,underConstruction,1200000,CONSV-F1
baseline,seed-1,VAP,32,VAP-CAPEX-13,pdLineExpansion,approved,underConstruction,1200000,VAP-F1
baseline,seed-1,VAP,32,VAP-CAPEX-14,vapLineExpansion,approved,underConstruction,1500000,VAP-F1
baseline,seed-2,BAL,2,BAL-CAPEX-1,pdLineExpansion,approved,underConstruction,1200000,BAL-F1
baseline,seed-2,BAL,3,BAL-CAPEX-1,pdLineExpansion,underConstruction,underConstruction,1600000,BAL-F1
baseline,seed-2,JPQ,3,JPQ-CAPEX-1,qualityControlEquipment,approved,underConstruction,720000,JPQ-F1
baseline,seed-2,CONSV,3,CONSV-CAPEX-1,qualityControlEquipment,approved,underConstruction,720000,CONSV-F1
baseline,seed-2,BAL,4,BAL-CAPEX-1,pdLineExpansion,underConstruction,completed,1200000,BAL-F1
baseline,seed-2,BAL,4,BAL-CAPEX-2,qualityControlEquipment,approved,underConstruction,720000,BAL-F1
baseline,seed-2,JPQ,4,JPQ-CAPEX-1,qualityControlEquipment,underConstruction,completed,480000,JPQ-F1
baseline,seed-2,CONSV,4,CONSV-CAPEX-1,qualityControlEquipment,underConstruction,completed,480000,CONSV-F1
baseline,seed-2,CONSV,4,CONSV-CAPEX-2,pdLineExpansion,approved,underConstruction,1200000,CONSV-F1
baseline,seed-2,CONSV,4,CONSV-CAPEX-3,pdMechanization,approved,underConstruction,1000000,CONSV-F1
baseline,seed-2,MASS,5,MASS-CAPEX-1,qualityControlEquipment,approved,approved,0,MASS-F1
baseline,seed-2,BAL,5,BAL-CAPEX-2,qualityControlEquipment,underConstruction,completed,480000,BAL-F1
baseline,seed-2,BAL,5,BAL-CAPEX-3,hosoLineExpansion,approved,completed,8000000,BAL-F1
baseline,seed-2,CONSV,5,CONSV-CAPEX-2,pdLineExpansion,underConstruction,underConstruction,1600000,CONSV-F1
baseline,seed-2,CONSV,5,CONSV-CAPEX-3,pdMechanization,underConstruction,completed,1500000,CONSV-F1
baseline,seed-2,CONSV,5,CONSV-CAPEX-4,vapLineExpansion,approved,underConstruction,1500000,CONSV-F1
baseline,seed-2,VAP,5,VAP-CAPEX-1,qualityControlEquipment,approved,underConstruction,720000,VAP-F1
baseline,seed-2,MASS,6,MASS-CAPEX-1,qualityControlEquipment,approved,underConstruction,720000,MASS-F1
baseline,seed-2,CONSV,6,CONSV-CAPEX-2,pdLineExpansion,underConstruction,completed,1200000,CONSV-F1
baseline,seed-2,CONSV,6,CONSV-CAPEX-4,vapLineExpansion,underConstruction,underConstruction,2100000,CONSV-F1
baseline,seed-2,VAP,6,VAP-CAPEX-1,qualityControlEquipment,underConstruction,completed,480000,VAP-F1
baseline,seed-2,MASS,7,MASS-CAPEX-1,qualityControlEquipment,underConstruction,suspended,0,MASS-F1
baseline,seed-2,CONSV,7,CONSV-CAPEX-4,vapLineExpansion,underConstruction,underConstruction,1500000,CONSV-F1
baseline,seed-2,JPQ,8,JPQ-CAPEX-2,vapLineExpansion,approved,underConstruction,1500000,JPQ-F1
baseline,seed-2,JPQ,8,JPQ-CAPEX-3,pdMechanization,approved,underConstruction,1000000,JPQ-F1
baseline,seed-2,CONSV,8,CONSV-CAPEX-4,vapLineExpansion,underConstruction,completed,900000,CONSV-F1
baseline,seed-2,CONSV,8,CONSV-CAPEX-5,pdLineExpansion,approved,underConstruction,1200000,CONSV-F1
baseline,seed-2,VAP,8,VAP-CAPEX-2,pdLineExpansion,approved,underConstruction,1200000,VAP-F1
baseline,seed-2,VAP,8,VAP-CAPEX-3,vapLineExpansion,approved,underConstruction,1500000,VAP-F1
baseline,seed-2,VAP,8,VAP-CAPEX-4,pdMechanization,approved,underConstruction,1000000,VAP-F1
baseline,seed-2,BAL,9,BAL-CAPEX-4,hosoLineExpansion,approved,completed,8000000,BAL-F1
baseline,seed-2,JPQ,9,JPQ-CAPEX-2,vapLineExpansion,underConstruction,underConstruction,2100000,JPQ-F1
baseline,seed-2,JPQ,9,JPQ-CAPEX-3,pdMechanization,underConstruction,completed,1500000,JPQ-F1
baseline,seed-2,CONSV,9,CONSV-CAPEX-5,pdLineExpansion,underConstruction,underConstruction,1600000,CONSV-F1
baseline,seed-2,CONSV,9,CONSV-CAPEX-6,hosoLineExpansion,approved,completed,8000000,CONSV-F1
baseline,seed-2,VAP,9,VAP-CAPEX-2,pdLineExpansion,underConstruction,underConstruction,1600000,VAP-F1
baseline,seed-2,VAP,9,VAP-CAPEX-3,vapLineExpansion,underConstruction,underConstruction,2100000,VAP-F1
baseline,seed-2,VAP,9,VAP-CAPEX-4,pdMechanization,underConstruction,completed,1500000,VAP-F1
baseline,seed-2,BAL,10,BAL-CAPEX-5,pdMechanization,approved,underConstruction,1000000,BAL-F1
baseline,seed-2,JPQ,10,JPQ-CAPEX-2,vapLineExpansion,underConstruction,underConstruction,1500000,JPQ-F1
baseline,seed-2,JPQ,10,JPQ-CAPEX-4,pdLineExpansion,approved,underConstruction,1200000,JPQ-F1
baseline,seed-2,CONSV,10,CONSV-CAPEX-5,pdLineExpansion,underConstruction,completed,1200000,CONSV-F1
baseline,seed-2,VAP,10,VAP-CAPEX-2,pdLineExpansion,underConstruction,completed,1200000,VAP-F1
baseline,seed-2,VAP,10,VAP-CAPEX-3,vapLineExpansion,underConstruction,underConstruction,1500000,VAP-F1
baseline,seed-2,BAL,11,BAL-CAPEX-5,pdMechanization,underConstruction,completed,1500000,BAL-F1
baseline,seed-2,JPQ,11,JPQ-CAPEX-2,vapLineExpansion,underConstruction,completed,900000,JPQ-F1
baseline,seed-2,JPQ,11,JPQ-CAPEX-4,pdLineExpansion,underConstruction,underConstruction,1600000,JPQ-F1
baseline,seed-2,CONSV,11,CONSV-CAPEX-7,vapLineExpansion,approved,underConstruction,1500000,CONSV-F1
baseline,seed-2,VAP,11,VAP-CAPEX-3,vapLineExpansion,underConstruction,completed,900000,VAP-F1
baseline,seed-2,JPQ,12,JPQ-CAPEX-4,pdLineExpansion,underConstruction,completed,1200000,JPQ-F1
baseline,seed-2,CONSV,12,CONSV-CAPEX-7,vapLineExpansion,underConstruction,underConstruction,2100000,CONSV-F1
baseline,seed-2,CONSV,12,CONSV-CAPEX-8,pdLineExpansion,approved,underConstruction,1200000,CONSV-F1
baseline,seed-2,VAP,12,VAP-CAPEX-5,pdLineExpansion,approved,underConstruction,1200000,VAP-F1
baseline,seed-2,BAL,13,BAL-CAPEX-6,hosoLineExpansion,approved,completed,8000000,BAL-F1
baseline,seed-2,JPQ,13,JPQ-CAPEX-5,hosoLineExpansion,approved,completed,8000000,JPQ-F1
baseline,seed-2,CONSV,13,CONSV-CAPEX-7,vapLineExpansion,underConstruction,underConstruction,1500000,CONSV-F1
baseline,seed-2,CONSV,13,CONSV-CAPEX-8,pdLineExpansion,underConstruction,underConstruction,1600000,CONSV-F1
baseline,seed-2,VAP,13,VAP-CAPEX-5,pdLineExpansion,underConstruction,underConstruction,1600000,VAP-F1
baseline,seed-2,JPQ,14,JPQ-CAPEX-6,pdLineExpansion,approved,underConstruction,1200000,JPQ-F1
baseline,seed-2,JPQ,14,JPQ-CAPEX-7,vapLineExpansion,approved,underConstruction,1500000,JPQ-F1
baseline,seed-2,CONSV,14,CONSV-CAPEX-7,vapLineExpansion,underConstruction,completed,900000,CONSV-F1
baseline,seed-2,CONSV,14,CONSV-CAPEX-8,pdLineExpansion,underConstruction,completed,1200000,CONSV-F1
baseline,seed-2,VAP,14,VAP-CAPEX-5,pdLineExpansion,underConstruction,completed,1200000,VAP-F1
baseline,seed-2,VAP,14,VAP-CAPEX-6,vapLineExpansion,approved,underConstruction,1500000,VAP-F1
baseline,seed-2,JPQ,15,JPQ-CAPEX-6,pdLineExpansion,underConstruction,underConstruction,1600000,JPQ-F1
baseline,seed-2,JPQ,15,JPQ-CAPEX-7,vapLineExpansion,underConstruction,underConstruction,2100000,JPQ-F1
baseline,seed-2,VAP,15,VAP-CAPEX-6,vapLineExpansion,underConstruction,underConstruction,2100000,VAP-F1
baseline,seed-2,BAL,16,BAL-CAPEX-7,commonProcessingExpansion,approved,underConstruction,1500000,BAL-F1
baseline,seed-2,JPQ,16,JPQ-CAPEX-6,pdLineExpansion,underConstruction,completed,1200000,JPQ-F1
baseline,seed-2,JPQ,16,JPQ-CAPEX-7,vapLineExpansion,underConstruction,underConstruction,1500000,JPQ-F1
baseline,seed-2,CONSV,16,CONSV-CAPEX-9,pdLineExpansion,approved,underConstruction,1200000,CONSV-F1
baseline,seed-2,VAP,16,VAP-CAPEX-6,vapLineExpansion,underConstruction,underConstruction,1500000,VAP-F1
baseline,seed-2,VAP,16,VAP-CAPEX-7,pdLineExpansion,approved,underConstruction,1200000,VAP-F1
baseline,seed-2,MASS,17,MASS-CAPEX-2,pdLineExpansion,approved,underConstruction,1200000,MASS-F1
baseline,seed-2,BAL,17,BAL-CAPEX-7,commonProcessingExpansion,underConstruction,underConstruction,2000000,BAL-F1
baseline,seed-2,JPQ,17,JPQ-CAPEX-7,vapLineExpansion,underConstruction,completed,900000,JPQ-F1
baseline,seed-2,CONSV,17,CONSV-CAPEX-9,pdLineExpansion,underConstruction,underConstruction,1600000,CONSV-F1
baseline,seed-2,VAP,17,VAP-CAPEX-6,vapLineExpansion,underConstruction,completed,900000,VAP-F1
baseline,seed-2,VAP,17,VAP-CAPEX-7,pdLineExpansion,underConstruction,underConstruction,1600000,VAP-F1
baseline,seed-2,MASS,18,MASS-CAPEX-2,pdLineExpansion,underConstruction,underConstruction,1600000,MASS-F1
baseline,seed-2,BAL,18,BAL-CAPEX-7,commonProcessingExpansion,underConstruction,completed,1500000,BAL-F1
baseline,seed-2,JPQ,18,JPQ-CAPEX-8,pdLineExpansion,approved,underConstruction,1200000,JPQ-F1
baseline,seed-2,CONSV,18,CONSV-CAPEX-9,pdLineExpansion,underConstruction,completed,1200000,CONSV-F1
baseline,seed-2,VAP,18,VAP-CAPEX-7,pdLineExpansion,underConstruction,completed,1200000,VAP-F1
baseline,seed-2,MASS,19,MASS-CAPEX-2,pdLineExpansion,underConstruction,completed,1200000,MASS-F1
baseline,seed-2,JPQ,19,JPQ-CAPEX-8,pdLineExpansion,underConstruction,underConstruction,1600000,JPQ-F1
baseline,seed-2,BAL,20,BAL-CAPEX-8,commonProcessingExpansion,approved,underConstruction,1500000,BAL-F1
baseline,seed-2,JPQ,20,JPQ-CAPEX-8,pdLineExpansion,underConstruction,completed,1200000,JPQ-F1
baseline,seed-2,JPQ,20,JPQ-CAPEX-9,vapLineExpansion,approved,underConstruction,1500000,JPQ-F1
baseline,seed-2,CONSV,20,CONSV-CAPEX-10,pdLineExpansion,approved,underConstruction,1200000,CONSV-F1
baseline,seed-2,VAP,20,VAP-CAPEX-8,pdLineExpansion,approved,underConstruction,1200000,VAP-F1
baseline,seed-2,VAP,20,VAP-CAPEX-9,vapLineExpansion,approved,underConstruction,1500000,VAP-F1
baseline,seed-2,MASS,21,MASS-CAPEX-3,hosoLineExpansion,approved,completed,8000000,MASS-F1
baseline,seed-2,MASS,21,MASS-CAPEX-4,pdLineExpansion,approved,underConstruction,1200000,MASS-F1
baseline,seed-2,BAL,21,BAL-CAPEX-8,commonProcessingExpansion,underConstruction,underConstruction,2000000,BAL-F1
baseline,seed-2,JPQ,21,JPQ-CAPEX-9,vapLineExpansion,underConstruction,underConstruction,2100000,JPQ-F1
baseline,seed-2,CONSV,21,CONSV-CAPEX-10,pdLineExpansion,underConstruction,underConstruction,1600000,CONSV-F1
baseline,seed-2,VAP,21,VAP-CAPEX-8,pdLineExpansion,underConstruction,underConstruction,1600000,VAP-F1
baseline,seed-2,VAP,21,VAP-CAPEX-9,vapLineExpansion,underConstruction,underConstruction,2100000,VAP-F1
baseline,seed-2,MASS,22,MASS-CAPEX-4,pdLineExpansion,underConstruction,underConstruction,1600000,MASS-F1
baseline,seed-2,MASS,22,MASS-CAPEX-5,newFactoryConstruction,approved,underConstruction,6600000,
baseline,seed-2,BAL,22,BAL-CAPEX-8,commonProcessingExpansion,underConstruction,completed,1500000,BAL-F1
baseline,seed-2,BAL,22,BAL-CAPEX-9,pdLineExpansion,approved,underConstruction,1200000,BAL-F1
baseline,seed-2,JPQ,22,JPQ-CAPEX-9,vapLineExpansion,underConstruction,underConstruction,1500000,JPQ-F1
baseline,seed-2,CONSV,22,CONSV-CAPEX-10,pdLineExpansion,underConstruction,completed,1200000,CONSV-F1
baseline,seed-2,VAP,22,VAP-CAPEX-8,pdLineExpansion,underConstruction,completed,1200000,VAP-F1
baseline,seed-2,VAP,22,VAP-CAPEX-9,vapLineExpansion,underConstruction,underConstruction,1500000,VAP-F1
baseline,seed-2,MASS,23,MASS-CAPEX-4,pdLineExpansion,underConstruction,completed,1200000,MASS-F1
baseline,seed-2,MASS,23,MASS-CAPEX-5,newFactoryConstruction,underConstruction,underConstruction,7699999.999999999,
baseline,seed-2,BAL,23,BAL-CAPEX-9,pdLineExpansion,underConstruction,underConstruction,1600000,BAL-F1
baseline,seed-2,BAL,23,BAL-CAPEX-10,vapLineExpansion,approved,underConstruction,1500000,BAL-F1
baseline,seed-2,JPQ,23,JPQ-CAPEX-9,vapLineExpansion,underConstruction,completed,900000,JPQ-F1
baseline,seed-2,VAP,23,VAP-CAPEX-9,vapLineExpansion,underConstruction,completed,900000,VAP-F1
baseline,seed-2,MASS,24,MASS-CAPEX-5,newFactoryConstruction,underConstruction,completed,7699999.999999999,
baseline,seed-2,MASS,24,MASS-CAPEX-6,hosoLineExpansion,approved,completed,8000000,MASS-F1
baseline,seed-2,BAL,24,BAL-CAPEX-9,pdLineExpansion,underConstruction,completed,1200000,BAL-F1
baseline,seed-2,BAL,24,BAL-CAPEX-10,vapLineExpansion,underConstruction,underConstruction,2100000,BAL-F1
baseline,seed-2,BAL,24,BAL-CAPEX-11,newFactoryConstruction,approved,underConstruction,6600000,
baseline,seed-2,CONSV,24,CONSV-CAPEX-11,pdLineExpansion,approved,underConstruction,1200000,CONSV-F1
baseline,seed-2,VAP,24,VAP-CAPEX-10,pdLineExpansion,approved,underConstruction,1200000,VAP-F1
baseline,seed-2,MASS,25,MASS-CAPEX-7,pdLineExpansion,approved,underConstruction,1200000,MASS-F1
baseline,seed-2,MASS,25,MASS-CAPEX-8,vapLineExpansion,approved,underConstruction,1500000,MASS-F1
baseline,seed-2,BAL,25,BAL-CAPEX-10,vapLineExpansion,underConstruction,underConstruction,1500000,BAL-F1
baseline,seed-2,BAL,25,BAL-CAPEX-11,newFactoryConstruction,underConstruction,underConstruction,7699999.999999999,
baseline,seed-2,CONSV,25,CONSV-CAPEX-11,pdLineExpansion,underConstruction,underConstruction,1600000,CONSV-F1
baseline,seed-2,VAP,25,VAP-CAPEX-10,pdLineExpansion,underConstruction,underConstruction,1600000,VAP-F1
baseline,seed-2,MASS,26,MASS-CAPEX-7,pdLineExpansion,underConstruction,underConstruction,1600000,MASS-F1
baseline,seed-2,MASS,26,MASS-CAPEX-8,vapLineExpansion,underConstruction,underConstruction,2100000,MASS-F1
baseline,seed-2,BAL,26,BAL-CAPEX-10,vapLineExpansion,underConstruction,completed,900000,BAL-F1
baseline,seed-2,BAL,26,BAL-CAPEX-11,newFactoryConstruction,underConstruction,completed,7699999.999999999,
baseline,seed-2,JPQ,26,JPQ-CAPEX-10,vapLineExpansion,approved,underConstruction,1500000,JPQ-F1
baseline,seed-2,CONSV,26,CONSV-CAPEX-11,pdLineExpansion,underConstruction,completed,1200000,CONSV-F1
baseline,seed-2,VAP,26,VAP-CAPEX-10,pdLineExpansion,underConstruction,completed,1200000,VAP-F1
baseline,seed-2,VAP,26,VAP-CAPEX-11,vapLineExpansion,approved,underConstruction,1500000,VAP-F1
baseline,seed-2,MASS,27,MASS-CAPEX-7,pdLineExpansion,underConstruction,completed,1200000,MASS-F1
baseline,seed-2,MASS,27,MASS-CAPEX-8,vapLineExpansion,underConstruction,underConstruction,1500000,MASS-F1
baseline,seed-2,JPQ,27,JPQ-CAPEX-10,vapLineExpansion,underConstruction,underConstruction,2100000,JPQ-F1
baseline,seed-2,VAP,27,VAP-CAPEX-11,vapLineExpansion,underConstruction,underConstruction,2100000,VAP-F1
baseline,seed-2,MASS,28,MASS-CAPEX-8,vapLineExpansion,underConstruction,completed,900000,MASS-F1
baseline,seed-2,JPQ,28,JPQ-CAPEX-10,vapLineExpansion,underConstruction,underConstruction,1500000,JPQ-F1
baseline,seed-2,CONSV,28,CONSV-CAPEX-12,pdLineExpansion,approved,underConstruction,1200000,CONSV-F1
baseline,seed-2,VAP,28,VAP-CAPEX-11,vapLineExpansion,underConstruction,underConstruction,1500000,VAP-F1
baseline,seed-2,VAP,28,VAP-CAPEX-12,pdLineExpansion,approved,underConstruction,1200000,VAP-F1
baseline,seed-2,MASS,29,MASS-CAPEX-9,hosoLineExpansion,approved,completed,8000000,MASS-NEWF-MASS-CAPEX-5
baseline,seed-2,MASS,29,MASS-CAPEX-10,newFactoryConstruction,approved,underConstruction,6600000,
baseline,seed-2,JPQ,29,JPQ-CAPEX-10,vapLineExpansion,underConstruction,completed,900000,JPQ-F1
baseline,seed-2,CONSV,29,CONSV-CAPEX-12,pdLineExpansion,underConstruction,underConstruction,1600000,CONSV-F1
baseline,seed-2,VAP,29,VAP-CAPEX-11,vapLineExpansion,underConstruction,completed,900000,VAP-F1
baseline,seed-2,VAP,29,VAP-CAPEX-12,pdLineExpansion,underConstruction,underConstruction,1600000,VAP-F1
baseline,seed-2,MASS,30,MASS-CAPEX-10,newFactoryConstruction,underConstruction,underConstruction,7699999.999999999,
baseline,seed-2,CONSV,30,CONSV-CAPEX-12,pdLineExpansion,underConstruction,completed,1200000,CONSV-F1
baseline,seed-2,VAP,30,VAP-CAPEX-12,pdLineExpansion,underConstruction,completed,1200000,VAP-F1
baseline,seed-2,MASS,31,MASS-CAPEX-10,newFactoryConstruction,underConstruction,completed,7699999.999999999,
baseline,seed-2,MASS,32,MASS-CAPEX-11,hosoLineExpansion,approved,completed,8000000,MASS-NEWF-MASS-CAPEX-5
baseline,seed-2,JPQ,32,JPQ-CAPEX-11,pdLineExpansion,approved,underConstruction,1200000,JPQ-F1
baseline,seed-2,JPQ,32,JPQ-CAPEX-12,vapLineExpansion,approved,underConstruction,1500000,JPQ-F1
baseline,seed-2,CONSV,32,CONSV-CAPEX-13,pdLineExpansion,approved,underConstruction,1200000,CONSV-F1
baseline,seed-2,VAP,32,VAP-CAPEX-13,pdLineExpansion,approved,underConstruction,1200000,VAP-F1
baseline,seed-2,VAP,32,VAP-CAPEX-14,vapLineExpansion,approved,underConstruction,1500000,VAP-F1
baseline,seed-3,BAL,2,BAL-CAPEX-1,pdLineExpansion,approved,underConstruction,1200000,BAL-F1
baseline,seed-3,BAL,3,BAL-CAPEX-1,pdLineExpansion,underConstruction,underConstruction,1600000,BAL-F1
baseline,seed-3,JPQ,3,JPQ-CAPEX-1,pdMechanization,approved,underConstruction,1000000,JPQ-F1
baseline,seed-3,JPQ,3,JPQ-CAPEX-2,qualityControlEquipment,approved,underConstruction,720000,JPQ-F1
baseline,seed-3,CONSV,3,CONSV-CAPEX-1,qualityControlEquipment,approved,underConstruction,720000,CONSV-F1
baseline,seed-3,BAL,4,BAL-CAPEX-1,pdLineExpansion,underConstruction,completed,1200000,BAL-F1
baseline,seed-3,JPQ,4,JPQ-CAPEX-1,pdMechanization,underConstruction,completed,1500000,JPQ-F1
baseline,seed-3,JPQ,4,JPQ-CAPEX-2,qualityControlEquipment,underConstruction,completed,480000,JPQ-F1
baseline,seed-3,CONSV,4,CONSV-CAPEX-1,qualityControlEquipment,underConstruction,completed,480000,CONSV-F1
baseline,seed-3,CONSV,4,CONSV-CAPEX-2,pdLineExpansion,approved,underConstruction,1200000,CONSV-F1
baseline,seed-3,CONSV,4,CONSV-CAPEX-3,pdMechanization,approved,underConstruction,1000000,CONSV-F1
baseline,seed-3,BAL,5,BAL-CAPEX-2,hosoLineExpansion,approved,completed,8000000,BAL-F1
baseline,seed-3,CONSV,5,CONSV-CAPEX-2,pdLineExpansion,underConstruction,underConstruction,1600000,CONSV-F1
baseline,seed-3,CONSV,5,CONSV-CAPEX-3,pdMechanization,underConstruction,completed,1500000,CONSV-F1
baseline,seed-3,CONSV,5,CONSV-CAPEX-4,vapLineExpansion,approved,underConstruction,1500000,CONSV-F1
baseline,seed-3,VAP,5,VAP-CAPEX-1,qualityControlEquipment,approved,underConstruction,720000,VAP-F1
baseline,seed-3,CONSV,6,CONSV-CAPEX-2,pdLineExpansion,underConstruction,completed,1200000,CONSV-F1
baseline,seed-3,CONSV,6,CONSV-CAPEX-4,vapLineExpansion,underConstruction,underConstruction,2100000,CONSV-F1
baseline,seed-3,VAP,6,VAP-CAPEX-1,qualityControlEquipment,underConstruction,completed,480000,VAP-F1
baseline,seed-3,CONSV,7,CONSV-CAPEX-4,vapLineExpansion,underConstruction,underConstruction,1500000,CONSV-F1
baseline,seed-3,JPQ,8,JPQ-CAPEX-3,vapLineExpansion,approved,underConstruction,1500000,JPQ-F1
baseline,seed-3,CONSV,8,CONSV-CAPEX-4,vapLineExpansion,underConstruction,completed,900000,CONSV-F1
baseline,seed-3,CONSV,8,CONSV-CAPEX-5,pdLineExpansion,approved,underConstruction,1200000,CONSV-F1
baseline,seed-3,VAP,8,VAP-CAPEX-2,pdLineExpansion,approved,underConstruction,1200000,VAP-F1
baseline,seed-3,VAP,8,VAP-CAPEX-3,pdMechanization,approved,underConstruction,1000000,VAP-F1
baseline,seed-3,BAL,9,BAL-CAPEX-3,pdMechanization,approved,underConstruction,1000000,BAL-F1
baseline,seed-3,JPQ,9,JPQ-CAPEX-3,vapLineExpansion,underConstruction,underConstruction,2100000,JPQ-F1
baseline,seed-3,JPQ,9,JPQ-CAPEX-4,pdLineExpansion,approved,underConstruction,1200000,JPQ-F1
baseline,seed-3,CONSV,9,CONSV-CAPEX-5,pdLineExpansion,underConstruction,underConstruction,1600000,CONSV-F1
baseline,seed-3,CONSV,9,CONSV-CAPEX-6,hosoLineExpansion,approved,completed,8000000,CONSV-F1
baseline,seed-3,VAP,9,VAP-CAPEX-2,pdLineExpansion,underConstruction,underConstruction,1600000,VAP-F1
baseline,seed-3,VAP,9,VAP-CAPEX-3,pdMechanization,underConstruction,completed,1500000,VAP-F1
baseline,seed-3,BAL,10,BAL-CAPEX-3,pdMechanization,underConstruction,completed,1500000,BAL-F1
baseline,seed-3,BAL,10,BAL-CAPEX-4,hosoLineExpansion,approved,completed,8000000,BAL-F1
baseline,seed-3,JPQ,10,JPQ-CAPEX-3,vapLineExpansion,underConstruction,underConstruction,1500000,JPQ-F1
baseline,seed-3,JPQ,10,JPQ-CAPEX-4,pdLineExpansion,underConstruction,underConstruction,1600000,JPQ-F1
baseline,seed-3,CONSV,10,CONSV-CAPEX-5,pdLineExpansion,underConstruction,completed,1200000,CONSV-F1
baseline,seed-3,VAP,10,VAP-CAPEX-2,pdLineExpansion,underConstruction,completed,1200000,VAP-F1
baseline,seed-3,JPQ,11,JPQ-CAPEX-3,vapLineExpansion,underConstruction,completed,900000,JPQ-F1
baseline,seed-3,JPQ,11,JPQ-CAPEX-4,pdLineExpansion,underConstruction,completed,1200000,JPQ-F1
baseline,seed-3,VAP,11,VAP-CAPEX-4,vapLineExpansion,approved,underConstruction,1500000,VAP-F1
baseline,seed-3,CONSV,12,CONSV-CAPEX-7,pdLineExpansion,approved,underConstruction,1200000,CONSV-F1
baseline,seed-3,CONSV,12,CONSV-CAPEX-8,vapLineExpansion,approved,underConstruction,1500000,CONSV-F1
baseline,seed-3,VAP,12,VAP-CAPEX-4,vapLineExpansion,underConstruction,underConstruction,2100000,VAP-F1
baseline,seed-3,VAP,12,VAP-CAPEX-5,pdLineExpansion,approved,underConstruction,1200000,VAP-F1
baseline,seed-3,BAL,13,BAL-CAPEX-5,hosoLineExpansion,approved,completed,8000000,BAL-F1
baseline,seed-3,CONSV,13,CONSV-CAPEX-7,pdLineExpansion,underConstruction,underConstruction,1600000,CONSV-F1
baseline,seed-3,CONSV,13,CONSV-CAPEX-8,vapLineExpansion,underConstruction,underConstruction,2100000,CONSV-F1
baseline,seed-3,VAP,13,VAP-CAPEX-4,vapLineExpansion,underConstruction,underConstruction,1500000,VAP-F1
baseline,seed-3,VAP,13,VAP-CAPEX-5,pdLineExpansion,underConstruction,underConstruction,1600000,VAP-F1
baseline,seed-3,JPQ,14,JPQ-CAPEX-5,vapLineExpansion,approved,underConstruction,1500000,JPQ-F1
baseline,seed-3,CONSV,14,CONSV-CAPEX-7,pdLineExpansion,underConstruction,completed,1200000,CONSV-F1
baseline,seed-3,CONSV,14,CONSV-CAPEX-8,vapLineExpansion,underConstruction,underConstruction,1500000,CONSV-F1
baseline,seed-3,VAP,14,VAP-CAPEX-4,vapLineExpansion,underConstruction,completed,900000,VAP-F1
baseline,seed-3,VAP,14,VAP-CAPEX-5,pdLineExpansion,underConstruction,completed,1200000,VAP-F1
baseline,seed-3,JPQ,15,JPQ-CAPEX-5,vapLineExpansion,underConstruction,underConstruction,2100000,JPQ-F1
baseline,seed-3,CONSV,15,CONSV-CAPEX-8,vapLineExpansion,underConstruction,completed,900000,CONSV-F1
baseline,seed-3,BAL,16,BAL-CAPEX-6,commonProcessingExpansion,approved,underConstruction,1500000,BAL-F1
baseline,seed-3,JPQ,16,JPQ-CAPEX-5,vapLineExpansion,underConstruction,underConstruction,1500000,JPQ-F1
baseline,seed-3,CONSV,16,CONSV-CAPEX-9,pdLineExpansion,approved,underConstruction,1200000,CONSV-F1
baseline,seed-3,VAP,16,VAP-CAPEX-6,pdLineExpansion,approved,underConstruction,1200000,VAP-F1
baseline,seed-3,BAL,17,BAL-CAPEX-6,commonProcessingExpansion,underConstruction,underConstruction,2000000,BAL-F1
baseline,seed-3,JPQ,17,JPQ-CAPEX-5,vapLineExpansion,underConstruction,completed,900000,JPQ-F1
baseline,seed-3,CONSV,17,CONSV-CAPEX-9,pdLineExpansion,underConstruction,underConstruction,1600000,CONSV-F1
baseline,seed-3,VAP,17,VAP-CAPEX-6,pdLineExpansion,underConstruction,underConstruction,1600000,VAP-F1
baseline,seed-3,VAP,17,VAP-CAPEX-7,vapLineExpansion,approved,underConstruction,1500000,VAP-F1
baseline,seed-3,BAL,18,BAL-CAPEX-6,commonProcessingExpansion,underConstruction,completed,1500000,BAL-F1
baseline,seed-3,CONSV,18,CONSV-CAPEX-9,pdLineExpansion,underConstruction,completed,1200000,CONSV-F1
baseline,seed-3,VAP,18,VAP-CAPEX-6,pdLineExpansion,underConstruction,completed,1200000,VAP-F1
baseline,seed-3,VAP,18,VAP-CAPEX-7,vapLineExpansion,underConstruction,underConstruction,2100000,VAP-F1
baseline,seed-3,MASS,19,MASS-CAPEX-1,hosoLineExpansion,approved,completed,8000000,MASS-F1
baseline,seed-3,MASS,19,MASS-CAPEX-2,newFactoryConstruction,approved,underConstruction,6600000,
baseline,seed-3,VAP,19,VAP-CAPEX-7,vapLineExpansion,underConstruction,underConstruction,1500000,VAP-F1
baseline,seed-3,MASS,20,MASS-CAPEX-2,newFactoryConstruction,underConstruction,underConstruction,7699999.999999999,
baseline,seed-3,BAL,20,BAL-CAPEX-7,commonProcessingExpansion,approved,underConstruction,1500000,BAL-F1
baseline,seed-3,JPQ,20,JPQ-CAPEX-6,vapLineExpansion,approved,underConstruction,1500000,JPQ-F1
baseline,seed-3,CONSV,20,CONSV-CAPEX-10,pdLineExpansion,approved,underConstruction,1200000,CONSV-F1
baseline,seed-3,VAP,20,VAP-CAPEX-7,vapLineExpansion,underConstruction,completed,900000,VAP-F1
baseline,seed-3,VAP,20,VAP-CAPEX-8,pdLineExpansion,approved,underConstruction,1200000,VAP-F1
baseline,seed-3,MASS,21,MASS-CAPEX-2,newFactoryConstruction,underConstruction,completed,7699999.999999999,
baseline,seed-3,BAL,21,BAL-CAPEX-7,commonProcessingExpansion,underConstruction,underConstruction,2000000,BAL-F1
baseline,seed-3,BAL,21,BAL-CAPEX-8,pdLineExpansion,approved,underConstruction,1200000,BAL-F1
baseline,seed-3,JPQ,21,JPQ-CAPEX-6,vapLineExpansion,underConstruction,underConstruction,2100000,JPQ-F1
baseline,seed-3,CONSV,21,CONSV-CAPEX-10,pdLineExpansion,underConstruction,underConstruction,1600000,CONSV-F1
baseline,seed-3,VAP,21,VAP-CAPEX-8,pdLineExpansion,underConstruction,underConstruction,1600000,VAP-F1
baseline,seed-3,BAL,22,BAL-CAPEX-7,commonProcessingExpansion,underConstruction,completed,1500000,BAL-F1
baseline,seed-3,BAL,22,BAL-CAPEX-8,pdLineExpansion,underConstruction,underConstruction,1600000,BAL-F1
baseline,seed-3,BAL,22,BAL-CAPEX-9,vapLineExpansion,approved,underConstruction,1500000,BAL-F1
baseline,seed-3,JPQ,22,JPQ-CAPEX-6,vapLineExpansion,underConstruction,underConstruction,1500000,JPQ-F1
baseline,seed-3,JPQ,22,JPQ-CAPEX-7,pdLineExpansion,approved,underConstruction,1200000,JPQ-F1
baseline,seed-3,CONSV,22,CONSV-CAPEX-10,pdLineExpansion,underConstruction,completed,1200000,CONSV-F1
baseline,seed-3,VAP,22,VAP-CAPEX-8,pdLineExpansion,underConstruction,completed,1200000,VAP-F1
baseline,seed-3,BAL,23,BAL-CAPEX-8,pdLineExpansion,underConstruction,completed,1200000,BAL-F1
baseline,seed-3,BAL,23,BAL-CAPEX-9,vapLineExpansion,underConstruction,underConstruction,2100000,BAL-F1
baseline,seed-3,JPQ,23,JPQ-CAPEX-6,vapLineExpansion,underConstruction,completed,900000,JPQ-F1
baseline,seed-3,JPQ,23,JPQ-CAPEX-7,pdLineExpansion,underConstruction,underConstruction,1600000,JPQ-F1
baseline,seed-3,VAP,23,VAP-CAPEX-9,vapLineExpansion,approved,underConstruction,1500000,VAP-F1
baseline,seed-3,MASS,24,MASS-CAPEX-3,qualityControlEquipment,approved,underConstruction,720000,MASS-NEWF-MASS-CAPEX-2
baseline,seed-3,BAL,24,BAL-CAPEX-9,vapLineExpansion,underConstruction,underConstruction,1500000,BAL-F1
baseline,seed-3,BAL,24,BAL-CAPEX-10,commonProcessingExpansion,approved,underConstruction,1500000,BAL-F1
baseline,seed-3,BAL,24,BAL-CAPEX-11,newFactoryConstruction,approved,underConstruction,6600000,
baseline,seed-3,JPQ,24,JPQ-CAPEX-7,pdLineExpansion,underConstruction,completed,1200000,JPQ-F1
baseline,seed-3,CONSV,24,CONSV-CAPEX-11,pdLineExpansion,approved,underConstruction,1200000,CONSV-F1
baseline,seed-3,VAP,24,VAP-CAPEX-9,vapLineExpansion,underConstruction,underConstruction,2100000,VAP-F1
baseline,seed-3,VAP,24,VAP-CAPEX-10,pdLineExpansion,approved,underConstruction,1200000,VAP-F1
baseline,seed-3,MASS,25,MASS-CAPEX-3,qualityControlEquipment,underConstruction,completed,480000,MASS-NEWF-MASS-CAPEX-2
baseline,seed-3,BAL,25,BAL-CAPEX-9,vapLineExpansion,underConstruction,completed,900000,BAL-F1
baseline,seed-3,BAL,25,BAL-CAPEX-10,commonProcessingExpansion,underConstruction,underConstruction,2000000,BAL-F1
baseline,seed-3,BAL,25,BAL-CAPEX-11,newFactoryConstruction,underConstruction,underConstruction,7699999.999999999,
baseline,seed-3,CONSV,25,CONSV-CAPEX-11,pdLineExpansion,underConstruction,underConstruction,1600000,CONSV-F1
baseline,seed-3,VAP,25,VAP-CAPEX-9,vapLineExpansion,underConstruction,underConstruction,1500000,VAP-F1
baseline,seed-3,VAP,25,VAP-CAPEX-10,pdLineExpansion,underConstruction,underConstruction,1600000,VAP-F1
baseline,seed-3,MASS,26,MASS-CAPEX-4,hosoLineExpansion,approved,completed,8000000,MASS-NEWF-MASS-CAPEX-2
baseline,seed-3,BAL,26,BAL-CAPEX-10,commonProcessingExpansion,underConstruction,completed,1500000,BAL-F1
baseline,seed-3,BAL,26,BAL-CAPEX-11,newFactoryConstruction,underConstruction,completed,7699999.999999999,
baseline,seed-3,JPQ,26,JPQ-CAPEX-8,pdLineExpansion,approved,underConstruction,1200000,JPQ-F1
baseline,seed-3,JPQ,26,JPQ-CAPEX-9,vapLineExpansion,approved,underConstruction,1500000,JPQ-F1
baseline,seed-3,CONSV,26,CONSV-CAPEX-11,pdLineExpansion,underConstruction,completed,1200000,CONSV-F1
baseline,seed-3,VAP,26,VAP-CAPEX-9,vapLineExpansion,underConstruction,completed,900000,VAP-F1
baseline,seed-3,VAP,26,VAP-CAPEX-10,pdLineExpansion,underConstruction,completed,1200000,VAP-F1
baseline,seed-3,MASS,27,MASS-CAPEX-5,pdLineExpansion,approved,underConstruction,1200000,MASS-F1
baseline,seed-3,MASS,27,MASS-CAPEX-6,newFactoryConstruction,approved,underConstruction,6600000,
baseline,seed-3,JPQ,27,JPQ-CAPEX-8,pdLineExpansion,underConstruction,underConstruction,1600000,JPQ-F1
baseline,seed-3,JPQ,27,JPQ-CAPEX-9,vapLineExpansion,underConstruction,underConstruction,2100000,JPQ-F1
baseline,seed-3,MASS,28,MASS-CAPEX-5,pdLineExpansion,underConstruction,underConstruction,1600000,MASS-F1
baseline,seed-3,MASS,28,MASS-CAPEX-6,newFactoryConstruction,underConstruction,underConstruction,7699999.999999999,
baseline,seed-3,JPQ,28,JPQ-CAPEX-8,pdLineExpansion,underConstruction,completed,1200000,JPQ-F1
baseline,seed-3,JPQ,28,JPQ-CAPEX-9,vapLineExpansion,underConstruction,underConstruction,1500000,JPQ-F1
baseline,seed-3,JPQ,28,JPQ-CAPEX-10,newFactoryConstruction,approved,underConstruction,6600000,
baseline,seed-3,CONSV,28,CONSV-CAPEX-12,pdLineExpansion,approved,underConstruction,1200000,CONSV-F1
baseline,seed-3,VAP,28,VAP-CAPEX-11,pdLineExpansion,approved,underConstruction,1200000,VAP-F1
baseline,seed-3,MASS,29,MASS-CAPEX-5,pdLineExpansion,underConstruction,completed,1200000,MASS-F1
baseline,seed-3,MASS,29,MASS-CAPEX-6,newFactoryConstruction,underConstruction,completed,7699999.999999999,
baseline,seed-3,MASS,29,MASS-CAPEX-7,hosoLineExpansion,approved,completed,8000000,MASS-NEWF-MASS-CAPEX-2
baseline,seed-3,JPQ,29,JPQ-CAPEX-9,vapLineExpansion,underConstruction,completed,900000,JPQ-F1
baseline,seed-3,JPQ,29,JPQ-CAPEX-10,newFactoryConstruction,underConstruction,underConstruction,7699999.999999999,
baseline,seed-3,CONSV,29,CONSV-CAPEX-12,pdLineExpansion,underConstruction,underConstruction,1600000,CONSV-F1
baseline,seed-3,VAP,29,VAP-CAPEX-11,pdLineExpansion,underConstruction,underConstruction,1600000,VAP-F1
baseline,seed-3,VAP,29,VAP-CAPEX-12,vapLineExpansion,approved,underConstruction,1500000,VAP-F1
baseline,seed-3,JPQ,30,JPQ-CAPEX-10,newFactoryConstruction,underConstruction,completed,7699999.999999999,
baseline,seed-3,JPQ,30,JPQ-CAPEX-11,pdLineExpansion,approved,underConstruction,1200000,JPQ-F1
baseline,seed-3,CONSV,30,CONSV-CAPEX-12,pdLineExpansion,underConstruction,completed,1200000,CONSV-F1
baseline,seed-3,VAP,30,VAP-CAPEX-11,pdLineExpansion,underConstruction,completed,1200000,VAP-F1
baseline,seed-3,VAP,30,VAP-CAPEX-12,vapLineExpansion,underConstruction,underConstruction,2100000,VAP-F1
baseline,seed-3,JPQ,31,JPQ-CAPEX-11,pdLineExpansion,underConstruction,underConstruction,1600000,JPQ-F1
baseline,seed-3,VAP,31,VAP-CAPEX-12,vapLineExpansion,underConstruction,underConstruction,1500000,VAP-F1
baseline,seed-3,JPQ,32,JPQ-CAPEX-11,pdLineExpansion,underConstruction,completed,1200000,JPQ-F1
baseline,seed-3,CONSV,32,CONSV-CAPEX-13,pdLineExpansion,approved,underConstruction,1200000,CONSV-F1
baseline,seed-3,VAP,32,VAP-CAPEX-12,vapLineExpansion,underConstruction,completed,900000,VAP-F1
baseline,seed-3,VAP,32,VAP-CAPEX-13,pdLineExpansion,approved,underConstruction,1200000,VAP-F1
baseline,seed-4,BAL,2,BAL-CAPEX-1,pdLineExpansion,approved,underConstruction,1200000,BAL-F1
baseline,seed-4,BAL,3,BAL-CAPEX-1,pdLineExpansion,underConstruction,underConstruction,1600000,BAL-F1
baseline,seed-4,BAL,3,BAL-CAPEX-2,hosoLineExpansion,approved,completed,8000000,BAL-F1
baseline,seed-4,JPQ,3,JPQ-CAPEX-1,pdMechanization,approved,underConstruction,1000000,JPQ-F1
baseline,seed-4,JPQ,3,JPQ-CAPEX-2,qualityControlEquipment,approved,underConstruction,720000,JPQ-F1
baseline,seed-4,CONSV,3,CONSV-CAPEX-1,qualityControlEquipment,approved,underConstruction,720000,CONSV-F1
baseline,seed-4,BAL,4,BAL-CAPEX-1,pdLineExpansion,underConstruction,completed,1200000,BAL-F1
baseline,seed-4,JPQ,4,JPQ-CAPEX-1,pdMechanization,underConstruction,completed,1500000,JPQ-F1
baseline,seed-4,JPQ,4,JPQ-CAPEX-2,qualityControlEquipment,underConstruction,completed,480000,JPQ-F1
baseline,seed-4,CONSV,4,CONSV-CAPEX-1,qualityControlEquipment,underConstruction,completed,480000,CONSV-F1
baseline,seed-4,CONSV,4,CONSV-CAPEX-2,pdLineExpansion,approved,underConstruction,1200000,CONSV-F1
baseline,seed-4,CONSV,4,CONSV-CAPEX-3,vapLineExpansion,approved,underConstruction,1500000,CONSV-F1
baseline,seed-4,CONSV,5,CONSV-CAPEX-2,pdLineExpansion,underConstruction,underConstruction,1600000,CONSV-F1
baseline,seed-4,CONSV,5,CONSV-CAPEX-3,vapLineExpansion,underConstruction,underConstruction,2100000,CONSV-F1
baseline,seed-4,CONSV,5,CONSV-CAPEX-4,pdMechanization,approved,underConstruction,1000000,CONSV-F1
baseline,seed-4,CONSV,6,CONSV-CAPEX-2,pdLineExpansion,underConstruction,completed,1200000,CONSV-F1
baseline,seed-4,CONSV,6,CONSV-CAPEX-3,vapLineExpansion,underConstruction,underConstruction,1500000,CONSV-F1
baseline,seed-4,CONSV,6,CONSV-CAPEX-4,pdMechanization,underConstruction,completed,1500000,CONSV-F1
baseline,seed-4,BAL,7,BAL-CAPEX-3,hosoLineExpansion,approved,completed,8000000,BAL-F1
baseline,seed-4,BAL,7,BAL-CAPEX-4,pdLineExpansion,approved,underConstruction,1200000,BAL-F1
baseline,seed-4,BAL,7,BAL-CAPEX-5,vapLineExpansion,approved,underConstruction,1500000,BAL-F1
baseline,seed-4,CONSV,7,CONSV-CAPEX-3,vapLineExpansion,underConstruction,completed,900000,CONSV-F1
baseline,seed-4,VAP,7,VAP-CAPEX-1,qualityControlEquipment,approved,underConstruction,720000,VAP-F1
baseline,seed-4,BAL,8,BAL-CAPEX-4,pdLineExpansion,underConstruction,underConstruction,1600000,BAL-F1
baseline,seed-4,BAL,8,BAL-CAPEX-5,vapLineExpansion,underConstruction,underConstruction,2100000,BAL-F1
baseline,seed-4,CONSV,8,CONSV-CAPEX-5,pdLineExpansion,approved,underConstruction,1200000,CONSV-F1
baseline,seed-4,VAP,8,VAP-CAPEX-1,qualityControlEquipment,underConstruction,completed,480000,VAP-F1
baseline,seed-4,VAP,8,VAP-CAPEX-2,pdLineExpansion,approved,underConstruction,1200000,VAP-F1
baseline,seed-4,VAP,8,VAP-CAPEX-3,pdMechanization,approved,underConstruction,1000000,VAP-F1
baseline,seed-4,BAL,9,BAL-CAPEX-4,pdLineExpansion,underConstruction,completed,1200000,BAL-F1
baseline,seed-4,BAL,9,BAL-CAPEX-5,vapLineExpansion,underConstruction,underConstruction,1500000,BAL-F1
baseline,seed-4,JPQ,9,JPQ-CAPEX-3,pdLineExpansion,approved,underConstruction,1200000,JPQ-F1
baseline,seed-4,JPQ,9,JPQ-CAPEX-4,vapLineExpansion,approved,underConstruction,1500000,JPQ-F1
baseline,seed-4,CONSV,9,CONSV-CAPEX-5,pdLineExpansion,underConstruction,underConstruction,1600000,CONSV-F1
baseline,seed-4,CONSV,9,CONSV-CAPEX-6,hosoLineExpansion,approved,completed,8000000,CONSV-F1
baseline,seed-4,VAP,9,VAP-CAPEX-2,pdLineExpansion,underConstruction,underConstruction,1600000,VAP-F1
baseline,seed-4,VAP,9,VAP-CAPEX-3,pdMechanization,underConstruction,completed,1500000,VAP-F1
baseline,seed-4,BAL,10,BAL-CAPEX-5,vapLineExpansion,underConstruction,completed,900000,BAL-F1
baseline,seed-4,BAL,10,BAL-CAPEX-6,pdMechanization,approved,underConstruction,1000000,BAL-F1
baseline,seed-4,JPQ,10,JPQ-CAPEX-3,pdLineExpansion,underConstruction,underConstruction,1600000,JPQ-F1
baseline,seed-4,JPQ,10,JPQ-CAPEX-4,vapLineExpansion,underConstruction,underConstruction,2100000,JPQ-F1
baseline,seed-4,CONSV,10,CONSV-CAPEX-5,pdLineExpansion,underConstruction,completed,1200000,CONSV-F1
baseline,seed-4,CONSV,10,CONSV-CAPEX-7,vapLineExpansion,approved,underConstruction,1500000,CONSV-F1
baseline,seed-4,VAP,10,VAP-CAPEX-2,pdLineExpansion,underConstruction,completed,1200000,VAP-F1
baseline,seed-4,BAL,11,BAL-CAPEX-6,pdMechanization,underConstruction,completed,1500000,BAL-F1
baseline,seed-4,JPQ,11,JPQ-CAPEX-3,pdLineExpansion,underConstruction,completed,1200000,JPQ-F1
baseline,seed-4,JPQ,11,JPQ-CAPEX-4,vapLineExpansion,underConstruction,underConstruction,1500000,JPQ-F1
baseline,seed-4,CONSV,11,CONSV-CAPEX-7,vapLineExpansion,underConstruction,underConstruction,2100000,CONSV-F1
baseline,seed-4,VAP,11,VAP-CAPEX-4,vapLineExpansion,approved,underConstruction,1500000,VAP-F1
baseline,seed-4,JPQ,12,JPQ-CAPEX-4,vapLineExpansion,underConstruction,completed,900000,JPQ-F1
baseline,seed-4,CONSV,12,CONSV-CAPEX-7,vapLineExpansion,underConstruction,underConstruction,1500000,CONSV-F1
baseline,seed-4,CONSV,12,CONSV-CAPEX-8,pdLineExpansion,approved,underConstruction,1200000,CONSV-F1
baseline,seed-4,VAP,12,VAP-CAPEX-4,vapLineExpansion,underConstruction,underConstruction,2100000,VAP-F1
baseline,seed-4,VAP,12,VAP-CAPEX-5,pdLineExpansion,approved,underConstruction,1200000,VAP-F1
baseline,seed-4,CONSV,13,CONSV-CAPEX-7,vapLineExpansion,underConstruction,completed,900000,CONSV-F1
baseline,seed-4,CONSV,13,CONSV-CAPEX-8,pdLineExpansion,underConstruction,underConstruction,1600000,CONSV-F1
baseline,seed-4,VAP,13,VAP-CAPEX-4,vapLineExpansion,underConstruction,underConstruction,1500000,VAP-F1
baseline,seed-4,VAP,13,VAP-CAPEX-5,pdLineExpansion,underConstruction,underConstruction,1600000,VAP-F1
baseline,seed-4,CONSV,14,CONSV-CAPEX-8,pdLineExpansion,underConstruction,completed,1200000,CONSV-F1
baseline,seed-4,VAP,14,VAP-CAPEX-4,vapLineExpansion,underConstruction,completed,900000,VAP-F1
baseline,seed-4,VAP,14,VAP-CAPEX-5,pdLineExpansion,underConstruction,completed,1200000,VAP-F1
baseline,seed-4,JPQ,15,JPQ-CAPEX-5,vapLineExpansion,approved,underConstruction,1500000,JPQ-F1
baseline,seed-4,JPQ,16,JPQ-CAPEX-5,vapLineExpansion,underConstruction,underConstruction,2100000,JPQ-F1
baseline,seed-4,CONSV,16,CONSV-CAPEX-9,pdLineExpansion,approved,underConstruction,1200000,CONSV-F1
baseline,seed-4,VAP,16,VAP-CAPEX-6,pdLineExpansion,approved,underConstruction,1200000,VAP-F1
baseline,seed-4,JPQ,17,JPQ-CAPEX-5,vapLineExpansion,underConstruction,underConstruction,1500000,JPQ-F1
baseline,seed-4,CONSV,17,CONSV-CAPEX-9,pdLineExpansion,underConstruction,underConstruction,1600000,CONSV-F1
baseline,seed-4,VAP,17,VAP-CAPEX-6,pdLineExpansion,underConstruction,underConstruction,1600000,VAP-F1
baseline,seed-4,VAP,17,VAP-CAPEX-7,vapLineExpansion,approved,underConstruction,1500000,VAP-F1
baseline,seed-4,JPQ,18,JPQ-CAPEX-5,vapLineExpansion,underConstruction,completed,900000,JPQ-F1
baseline,seed-4,CONSV,18,CONSV-CAPEX-9,pdLineExpansion,underConstruction,completed,1200000,CONSV-F1
baseline,seed-4,VAP,18,VAP-CAPEX-6,pdLineExpansion,underConstruction,completed,1200000,VAP-F1
baseline,seed-4,VAP,18,VAP-CAPEX-7,vapLineExpansion,underConstruction,underConstruction,2100000,VAP-F1
baseline,seed-4,MASS,19,MASS-CAPEX-1,pdLineExpansion,approved,underConstruction,1200000,MASS-F1
baseline,seed-4,VAP,19,VAP-CAPEX-7,vapLineExpansion,underConstruction,underConstruction,1500000,VAP-F1
baseline,seed-4,MASS,20,MASS-CAPEX-1,pdLineExpansion,underConstruction,underConstruction,1600000,MASS-F1
baseline,seed-4,CONSV,20,CONSV-CAPEX-10,pdLineExpansion,approved,underConstruction,1200000,CONSV-F1
baseline,seed-4,VAP,20,VAP-CAPEX-7,vapLineExpansion,underConstruction,completed,900000,VAP-F1
baseline,seed-4,VAP,20,VAP-CAPEX-8,pdLineExpansion,approved,underConstruction,1200000,VAP-F1
baseline,seed-4,MASS,21,MASS-CAPEX-1,pdLineExpansion,underConstruction,completed,1200000,MASS-F1
baseline,seed-4,MASS,21,MASS-CAPEX-2,hosoLineExpansion,approved,completed,8000000,MASS-F1
baseline,seed-4,MASS,21,MASS-CAPEX-3,newFactoryConstruction,approved,underConstruction,6600000,
baseline,seed-4,JPQ,21,JPQ-CAPEX-6,vapLineExpansion,approved,underConstruction,1500000,JPQ-F1
baseline,seed-4,CONSV,21,CONSV-CAPEX-10,pdLineExpansion,underConstruction,underConstruction,1600000,CONSV-F1
baseline,seed-4,VAP,21,VAP-CAPEX-8,pdLineExpansion,underConstruction,underConstruction,1600000,VAP-F1
baseline,seed-4,MASS,22,MASS-CAPEX-3,newFactoryConstruction,underConstruction,underConstruction,7699999.999999999,
baseline,seed-4,JPQ,22,JPQ-CAPEX-6,vapLineExpansion,underConstruction,underConstruction,2100000,JPQ-F1
baseline,seed-4,JPQ,22,JPQ-CAPEX-7,pdLineExpansion,approved,underConstruction,1200000,JPQ-F1
baseline,seed-4,CONSV,22,CONSV-CAPEX-10,pdLineExpansion,underConstruction,completed,1200000,CONSV-F1
baseline,seed-4,VAP,22,VAP-CAPEX-8,pdLineExpansion,underConstruction,completed,1200000,VAP-F1
baseline,seed-4,MASS,23,MASS-CAPEX-3,newFactoryConstruction,underConstruction,completed,7699999.999999999,
baseline,seed-4,MASS,23,MASS-CAPEX-4,pdLineExpansion,approved,underConstruction,1200000,MASS-F1
baseline,seed-4,JPQ,23,JPQ-CAPEX-6,vapLineExpansion,underConstruction,underConstruction,1500000,JPQ-F1
baseline,seed-4,JPQ,23,JPQ-CAPEX-7,pdLineExpansion,underConstruction,underConstruction,1600000,JPQ-F1
baseline,seed-4,VAP,23,VAP-CAPEX-9,vapLineExpansion,approved,underConstruction,1500000,VAP-F1
baseline,seed-4,MASS,24,MASS-CAPEX-4,pdLineExpansion,underConstruction,underConstruction,1600000,MASS-F1
baseline,seed-4,JPQ,24,JPQ-CAPEX-6,vapLineExpansion,underConstruction,completed,900000,JPQ-F1
baseline,seed-4,JPQ,24,JPQ-CAPEX-7,pdLineExpansion,underConstruction,completed,1200000,JPQ-F1
baseline,seed-4,CONSV,24,CONSV-CAPEX-11,pdLineExpansion,approved,underConstruction,1200000,CONSV-F1
baseline,seed-4,VAP,24,VAP-CAPEX-9,vapLineExpansion,underConstruction,underConstruction,2100000,VAP-F1
baseline,seed-4,VAP,24,VAP-CAPEX-10,pdLineExpansion,approved,underConstruction,1200000,VAP-F1
baseline,seed-4,MASS,25,MASS-CAPEX-4,pdLineExpansion,underConstruction,completed,1200000,MASS-F1
baseline,seed-4,BAL,25,BAL-CAPEX-7,hosoLineExpansion,approved,completed,8000000,BAL-F1
baseline,seed-4,BAL,25,BAL-CAPEX-8,qualityControlEquipment,approved,underConstruction,720000,BAL-F1
baseline,seed-4,CONSV,25,CONSV-CAPEX-11,pdLineExpansion,underConstruction,underConstruction,1600000,CONSV-F1
baseline,seed-4,VAP,25,VAP-CAPEX-9,vapLineExpansion,underConstruction,underConstruction,1500000,VAP-F1
baseline,seed-4,VAP,25,VAP-CAPEX-10,pdLineExpansion,underConstruction,underConstruction,1600000,VAP-F1
baseline,seed-4,BAL,26,BAL-CAPEX-8,qualityControlEquipment,underConstruction,completed,480000,BAL-F1
baseline,seed-4,BAL,26,BAL-CAPEX-9,pdLineExpansion,approved,underConstruction,1200000,BAL-F1
baseline,seed-4,BAL,26,BAL-CAPEX-10,vapLineExpansion,approved,underConstruction,1500000,BAL-F1
baseline,seed-4,JPQ,26,JPQ-CAPEX-8,pdLineExpansion,approved,underConstruction,1200000,JPQ-F1
baseline,seed-4,CONSV,26,CONSV-CAPEX-11,pdLineExpansion,underConstruction,completed,1200000,CONSV-F1
baseline,seed-4,VAP,26,VAP-CAPEX-9,vapLineExpansion,underConstruction,completed,900000,VAP-F1
baseline,seed-4,VAP,26,VAP-CAPEX-10,pdLineExpansion,underConstruction,completed,1200000,VAP-F1
baseline,seed-4,BAL,27,BAL-CAPEX-9,pdLineExpansion,underConstruction,underConstruction,1600000,BAL-F1
baseline,seed-4,BAL,27,BAL-CAPEX-10,vapLineExpansion,underConstruction,underConstruction,2100000,BAL-F1
baseline,seed-4,BAL,27,BAL-CAPEX-11,newFactoryConstruction,approved,underConstruction,6600000,
baseline,seed-4,JPQ,27,JPQ-CAPEX-8,pdLineExpansion,underConstruction,underConstruction,1600000,JPQ-F1
baseline,seed-4,JPQ,27,JPQ-CAPEX-9,vapLineExpansion,approved,underConstruction,1500000,JPQ-F1
baseline,seed-4,MASS,28,MASS-CAPEX-5,hosoLineExpansion,approved,completed,8000000,MASS-NEWF-MASS-CAPEX-3
baseline,seed-4,MASS,28,MASS-CAPEX-6,newFactoryConstruction,approved,underConstruction,6600000,
baseline,seed-4,BAL,28,BAL-CAPEX-9,pdLineExpansion,underConstruction,completed,1200000,BAL-F1
baseline,seed-4,BAL,28,BAL-CAPEX-10,vapLineExpansion,underConstruction,underConstruction,1500000,BAL-F1
baseline,seed-4,BAL,28,BAL-CAPEX-11,newFactoryConstruction,underConstruction,underConstruction,7699999.999999999,
baseline,seed-4,JPQ,28,JPQ-CAPEX-8,pdLineExpansion,underConstruction,completed,1200000,JPQ-F1
baseline,seed-4,JPQ,28,JPQ-CAPEX-9,vapLineExpansion,underConstruction,underConstruction,2100000,JPQ-F1
baseline,seed-4,JPQ,28,JPQ-CAPEX-10,newFactoryConstruction,approved,underConstruction,6600000,
baseline,seed-4,CONSV,28,CONSV-CAPEX-12,pdLineExpansion,approved,underConstruction,1200000,CONSV-F1
baseline,seed-4,VAP,28,VAP-CAPEX-11,pdLineExpansion,approved,underConstruction,1200000,VAP-F1
baseline,seed-4,MASS,29,MASS-CAPEX-6,newFactoryConstruction,underConstruction,underConstruction,7699999.999999999,
baseline,seed-4,BAL,29,BAL-CAPEX-10,vapLineExpansion,underConstruction,completed,900000,BAL-F1
baseline,seed-4,BAL,29,BAL-CAPEX-11,newFactoryConstruction,underConstruction,completed,7699999.999999999,
baseline,seed-4,JPQ,29,JPQ-CAPEX-9,vapLineExpansion,underConstruction,underConstruction,1500000,JPQ-F1
baseline,seed-4,JPQ,29,JPQ-CAPEX-10,newFactoryConstruction,underConstruction,underConstruction,7699999.999999999,
baseline,seed-4,CONSV,29,CONSV-CAPEX-12,pdLineExpansion,underConstruction,underConstruction,1600000,CONSV-F1
baseline,seed-4,VAP,29,VAP-CAPEX-11,pdLineExpansion,underConstruction,underConstruction,1600000,VAP-F1
baseline,seed-4,VAP,29,VAP-CAPEX-12,vapLineExpansion,approved,underConstruction,1500000,VAP-F1
baseline,seed-4,MASS,30,MASS-CAPEX-6,newFactoryConstruction,underConstruction,completed,7699999.999999999,
baseline,seed-4,JPQ,30,JPQ-CAPEX-9,vapLineExpansion,underConstruction,completed,900000,JPQ-F1
baseline,seed-4,JPQ,30,JPQ-CAPEX-10,newFactoryConstruction,underConstruction,completed,7699999.999999999,
baseline,seed-4,JPQ,30,JPQ-CAPEX-11,pdLineExpansion,approved,underConstruction,1200000,JPQ-F1
baseline,seed-4,CONSV,30,CONSV-CAPEX-12,pdLineExpansion,underConstruction,completed,1200000,CONSV-F1
baseline,seed-4,VAP,30,VAP-CAPEX-11,pdLineExpansion,underConstruction,completed,1200000,VAP-F1
baseline,seed-4,VAP,30,VAP-CAPEX-12,vapLineExpansion,underConstruction,underConstruction,2100000,VAP-F1
baseline,seed-4,MASS,31,MASS-CAPEX-7,hosoLineExpansion,approved,completed,8000000,MASS-NEWF-MASS-CAPEX-3
baseline,seed-4,JPQ,31,JPQ-CAPEX-11,pdLineExpansion,underConstruction,underConstruction,1600000,JPQ-F1
baseline,seed-4,VAP,31,VAP-CAPEX-12,vapLineExpansion,underConstruction,underConstruction,1500000,VAP-F1
baseline,seed-4,JPQ,32,JPQ-CAPEX-11,pdLineExpansion,underConstruction,completed,1200000,JPQ-F1
baseline,seed-4,CONSV,32,CONSV-CAPEX-13,pdLineExpansion,approved,underConstruction,1200000,CONSV-F1
baseline,seed-4,VAP,32,VAP-CAPEX-12,vapLineExpansion,underConstruction,completed,900000,VAP-F1
baseline,seed-4,VAP,32,VAP-CAPEX-13,pdLineExpansion,approved,underConstruction,1200000,VAP-F1
baseline,seed-5,BAL,2,BAL-CAPEX-1,pdLineExpansion,approved,underConstruction,1200000,BAL-F1
baseline,seed-5,BAL,3,BAL-CAPEX-1,pdLineExpansion,underConstruction,underConstruction,1600000,BAL-F1
baseline,seed-5,JPQ,3,JPQ-CAPEX-1,qualityControlEquipment,approved,underConstruction,720000,JPQ-F1
baseline,seed-5,CONSV,3,CONSV-CAPEX-1,qualityControlEquipment,approved,underConstruction,720000,CONSV-F1
baseline,seed-5,BAL,4,BAL-CAPEX-1,pdLineExpansion,underConstruction,completed,1200000,BAL-F1
baseline,seed-5,JPQ,4,JPQ-CAPEX-1,qualityControlEquipment,underConstruction,completed,480000,JPQ-F1
baseline,seed-5,CONSV,4,CONSV-CAPEX-1,qualityControlEquipment,underConstruction,completed,480000,CONSV-F1
baseline,seed-5,CONSV,4,CONSV-CAPEX-2,pdLineExpansion,approved,underConstruction,1200000,CONSV-F1
baseline,seed-5,CONSV,4,CONSV-CAPEX-3,pdMechanization,approved,underConstruction,1000000,CONSV-F1
baseline,seed-5,BAL,5,BAL-CAPEX-2,hosoLineExpansion,approved,completed,8000000,BAL-F1
baseline,seed-5,CONSV,5,CONSV-CAPEX-2,pdLineExpansion,underConstruction,underConstruction,1600000,CONSV-F1
baseline,seed-5,CONSV,5,CONSV-CAPEX-3,pdMechanization,underConstruction,completed,1500000,CONSV-F1
baseline,seed-5,CONSV,5,CONSV-CAPEX-4,vapLineExpansion,approved,underConstruction,1500000,CONSV-F1
baseline,seed-5,VAP,5,VAP-CAPEX-1,qualityControlEquipment,approved,underConstruction,720000,VAP-F1
baseline,seed-5,CONSV,6,CONSV-CAPEX-2,pdLineExpansion,underConstruction,completed,1200000,CONSV-F1
baseline,seed-5,CONSV,6,CONSV-CAPEX-4,vapLineExpansion,underConstruction,underConstruction,2100000,CONSV-F1
baseline,seed-5,VAP,6,VAP-CAPEX-1,qualityControlEquipment,underConstruction,completed,480000,VAP-F1
baseline,seed-5,BAL,7,BAL-CAPEX-3,pdMechanization,approved,underConstruction,1000000,BAL-F1
baseline,seed-5,BAL,7,BAL-CAPEX-4,qualityControlEquipment,approved,underConstruction,720000,BAL-F1
baseline,seed-5,CONSV,7,CONSV-CAPEX-4,vapLineExpansion,underConstruction,underConstruction,1500000,CONSV-F1
baseline,seed-5,BAL,8,BAL-CAPEX-3,pdMechanization,underConstruction,completed,1500000,BAL-F1
baseline,seed-5,BAL,8,BAL-CAPEX-4,qualityControlEquipment,underConstruction,completed,480000,BAL-F1
baseline,seed-5,JPQ,8,JPQ-CAPEX-2,vapLineExpansion,approved,underConstruction,1500000,JPQ-F1
baseline,seed-5,JPQ,8,JPQ-CAPEX-3,pdMechanization,approved,underConstruction,1000000,JPQ-F1
baseline,seed-5,CONSV,8,CONSV-CAPEX-4,vapLineExpansion,underConstruction,completed,900000,CONSV-F1
baseline,seed-5,CONSV,8,CONSV-CAPEX-5,pdLineExpansion,approved,underConstruction,1200000,CONSV-F1
baseline,seed-5,VAP,8,VAP-CAPEX-2,pdLineExpansion,approved,underConstruction,1200000,VAP-F1
baseline,seed-5,VAP,8,VAP-CAPEX-3,vapLineExpansion,approved,underConstruction,1500000,VAP-F1
baseline,seed-5,VAP,8,VAP-CAPEX-4,pdMechanization,approved,underConstruction,1000000,VAP-F1
baseline,seed-5,JPQ,9,JPQ-CAPEX-2,vapLineExpansion,underConstruction,underConstruction,2100000,JPQ-F1
baseline,seed-5,JPQ,9,JPQ-CAPEX-3,pdMechanization,underConstruction,completed,1500000,JPQ-F1
baseline,seed-5,CONSV,9,CONSV-CAPEX-5,pdLineExpansion,underConstruction,underConstruction,1600000,CONSV-F1
baseline,seed-5,VAP,9,VAP-CAPEX-2,pdLineExpansion,underConstruction,underConstruction,1600000,VAP-F1
baseline,seed-5,VAP,9,VAP-CAPEX-3,vapLineExpansion,underConstruction,underConstruction,2100000,VAP-F1
baseline,seed-5,VAP,9,VAP-CAPEX-4,pdMechanization,underConstruction,completed,1500000,VAP-F1
baseline,seed-5,BAL,10,BAL-CAPEX-5,hosoLineExpansion,approved,completed,8000000,BAL-F1
baseline,seed-5,JPQ,10,JPQ-CAPEX-2,vapLineExpansion,underConstruction,underConstruction,1500000,JPQ-F1
baseline,seed-5,CONSV,10,CONSV-CAPEX-5,pdLineExpansion,underConstruction,completed,1200000,CONSV-F1
baseline,seed-5,CONSV,10,CONSV-CAPEX-6,hosoLineExpansion,approved,completed,8000000,CONSV-F1
baseline,seed-5,VAP,10,VAP-CAPEX-2,pdLineExpansion,underConstruction,completed,1200000,VAP-F1
baseline,seed-5,VAP,10,VAP-CAPEX-3,vapLineExpansion,underConstruction,underConstruction,1500000,VAP-F1
baseline,seed-5,JPQ,11,JPQ-CAPEX-2,vapLineExpansion,underConstruction,completed,900000,JPQ-F1
baseline,seed-5,JPQ,11,JPQ-CAPEX-4,pdLineExpansion,approved,underConstruction,1200000,JPQ-F1
baseline,seed-5,CONSV,11,CONSV-CAPEX-7,vapLineExpansion,approved,underConstruction,1500000,CONSV-F1
baseline,seed-5,VAP,11,VAP-CAPEX-3,vapLineExpansion,underConstruction,completed,900000,VAP-F1
baseline,seed-5,JPQ,12,JPQ-CAPEX-4,pdLineExpansion,underConstruction,underConstruction,1600000,JPQ-F1
baseline,seed-5,CONSV,12,CONSV-CAPEX-7,vapLineExpansion,underConstruction,underConstruction,2100000,CONSV-F1
baseline,seed-5,CONSV,12,CONSV-CAPEX-8,pdLineExpansion,approved,underConstruction,1200000,CONSV-F1
baseline,seed-5,VAP,12,VAP-CAPEX-5,pdLineExpansion,approved,underConstruction,1200000,VAP-F1
baseline,seed-5,JPQ,13,JPQ-CAPEX-4,pdLineExpansion,underConstruction,completed,1200000,JPQ-F1
baseline,seed-5,JPQ,13,JPQ-CAPEX-5,hosoLineExpansion,approved,completed,8000000,JPQ-F1
baseline,seed-5,CONSV,13,CONSV-CAPEX-7,vapLineExpansion,underConstruction,underConstruction,1500000,CONSV-F1
baseline,seed-5,CONSV,13,CONSV-CAPEX-8,pdLineExpansion,underConstruction,underConstruction,1600000,CONSV-F1
baseline,seed-5,VAP,13,VAP-CAPEX-5,pdLineExpansion,underConstruction,underConstruction,1600000,VAP-F1
baseline,seed-5,JPQ,14,JPQ-CAPEX-6,vapLineExpansion,approved,underConstruction,1500000,JPQ-F1
baseline,seed-5,CONSV,14,CONSV-CAPEX-7,vapLineExpansion,underConstruction,completed,900000,CONSV-F1
baseline,seed-5,CONSV,14,CONSV-CAPEX-8,pdLineExpansion,underConstruction,completed,1200000,CONSV-F1
baseline,seed-5,VAP,14,VAP-CAPEX-5,pdLineExpansion,underConstruction,completed,1200000,VAP-F1
baseline,seed-5,VAP,14,VAP-CAPEX-6,vapLineExpansion,approved,underConstruction,1500000,VAP-F1
baseline,seed-5,JPQ,15,JPQ-CAPEX-6,vapLineExpansion,underConstruction,underConstruction,2100000,JPQ-F1
baseline,seed-5,JPQ,15,JPQ-CAPEX-7,pdLineExpansion,approved,underConstruction,1200000,JPQ-F1
baseline,seed-5,VAP,15,VAP-CAPEX-6,vapLineExpansion,underConstruction,underConstruction,2100000,VAP-F1
baseline,seed-5,JPQ,16,JPQ-CAPEX-6,vapLineExpansion,underConstruction,underConstruction,1500000,JPQ-F1
baseline,seed-5,JPQ,16,JPQ-CAPEX-7,pdLineExpansion,underConstruction,underConstruction,1600000,JPQ-F1
baseline,seed-5,CONSV,16,CONSV-CAPEX-9,pdLineExpansion,approved,underConstruction,1200000,CONSV-F1
baseline,seed-5,VAP,16,VAP-CAPEX-6,vapLineExpansion,underConstruction,underConstruction,1500000,VAP-F1
baseline,seed-5,VAP,16,VAP-CAPEX-7,pdLineExpansion,approved,underConstruction,1200000,VAP-F1
baseline,seed-5,JPQ,17,JPQ-CAPEX-6,vapLineExpansion,underConstruction,completed,900000,JPQ-F1
baseline,seed-5,JPQ,17,JPQ-CAPEX-7,pdLineExpansion,underConstruction,completed,1200000,JPQ-F1
baseline,seed-5,CONSV,17,CONSV-CAPEX-9,pdLineExpansion,underConstruction,underConstruction,1600000,CONSV-F1
baseline,seed-5,VAP,17,VAP-CAPEX-6,vapLineExpansion,underConstruction,completed,900000,VAP-F1
baseline,seed-5,VAP,17,VAP-CAPEX-7,pdLineExpansion,underConstruction,underConstruction,1600000,VAP-F1
baseline,seed-5,CONSV,18,CONSV-CAPEX-9,pdLineExpansion,underConstruction,completed,1200000,CONSV-F1
baseline,seed-5,VAP,18,VAP-CAPEX-7,pdLineExpansion,underConstruction,completed,1200000,VAP-F1
baseline,seed-5,MASS,19,MASS-CAPEX-1,pdLineExpansion,approved,underConstruction,1200000,MASS-F1
baseline,seed-5,JPQ,19,JPQ-CAPEX-8,pdLineExpansion,approved,underConstruction,1200000,JPQ-F1
baseline,seed-5,MASS,20,MASS-CAPEX-1,pdLineExpansion,underConstruction,underConstruction,1600000,MASS-F1
baseline,seed-5,MASS,20,MASS-CAPEX-2,vapLineExpansion,approved,underConstruction,1500000,MASS-F1
baseline,seed-5,JPQ,20,JPQ-CAPEX-8,pdLineExpansion,underConstruction,underConstruction,1600000,JPQ-F1
baseline,seed-5,JPQ,20,JPQ-CAPEX-9,vapLineExpansion,approved,underConstruction,1500000,JPQ-F1
baseline,seed-5,CONSV,20,CONSV-CAPEX-10,pdLineExpansion,approved,underConstruction,1200000,CONSV-F1
baseline,seed-5,VAP,20,VAP-CAPEX-8,pdLineExpansion,approved,underConstruction,1200000,VAP-F1
baseline,seed-5,VAP,20,VAP-CAPEX-9,vapLineExpansion,approved,underConstruction,1500000,VAP-F1
baseline,seed-5,MASS,21,MASS-CAPEX-1,pdLineExpansion,underConstruction,completed,1200000,MASS-F1
baseline,seed-5,MASS,21,MASS-CAPEX-2,vapLineExpansion,underConstruction,underConstruction,2100000,MASS-F1
baseline,seed-5,MASS,21,MASS-CAPEX-3,newFactoryConstruction,approved,underConstruction,6600000,
baseline,seed-5,JPQ,21,JPQ-CAPEX-8,pdLineExpansion,underConstruction,completed,1200000,JPQ-F1
baseline,seed-5,JPQ,21,JPQ-CAPEX-9,vapLineExpansion,underConstruction,underConstruction,2100000,JPQ-F1
baseline,seed-5,CONSV,21,CONSV-CAPEX-10,pdLineExpansion,underConstruction,underConstruction,1600000,CONSV-F1
baseline,seed-5,VAP,21,VAP-CAPEX-8,pdLineExpansion,underConstruction,underConstruction,1600000,VAP-F1
baseline,seed-5,VAP,21,VAP-CAPEX-9,vapLineExpansion,underConstruction,underConstruction,2100000,VAP-F1
baseline,seed-5,MASS,22,MASS-CAPEX-2,vapLineExpansion,underConstruction,underConstruction,1500000,MASS-F1
baseline,seed-5,MASS,22,MASS-CAPEX-3,newFactoryConstruction,underConstruction,underConstruction,7699999.999999999,
baseline,seed-5,JPQ,22,JPQ-CAPEX-9,vapLineExpansion,underConstruction,underConstruction,1500000,JPQ-F1
baseline,seed-5,CONSV,22,CONSV-CAPEX-10,pdLineExpansion,underConstruction,completed,1200000,CONSV-F1
baseline,seed-5,VAP,22,VAP-CAPEX-8,pdLineExpansion,underConstruction,completed,1200000,VAP-F1
baseline,seed-5,VAP,22,VAP-CAPEX-9,vapLineExpansion,underConstruction,underConstruction,1500000,VAP-F1
baseline,seed-5,MASS,23,MASS-CAPEX-2,vapLineExpansion,underConstruction,completed,900000,MASS-F1
baseline,seed-5,MASS,23,MASS-CAPEX-3,newFactoryConstruction,underConstruction,completed,7699999.999999999,
baseline,seed-5,MASS,23,MASS-CAPEX-4,hosoLineExpansion,approved,completed,8000000,MASS-F1
baseline,seed-5,JPQ,23,JPQ-CAPEX-9,vapLineExpansion,underConstruction,completed,900000,JPQ-F1
baseline,seed-5,JPQ,23,JPQ-CAPEX-10,pdLineExpansion,approved,underConstruction,1200000,JPQ-F1
baseline,seed-5,VAP,23,VAP-CAPEX-9,vapLineExpansion,underConstruction,completed,900000,VAP-F1
baseline,seed-5,JPQ,24,JPQ-CAPEX-10,pdLineExpansion,underConstruction,underConstruction,1600000,JPQ-F1
baseline,seed-5,CONSV,24,CONSV-CAPEX-11,pdLineExpansion,approved,underConstruction,1200000,CONSV-F1
baseline,seed-5,VAP,24,VAP-CAPEX-10,pdLineExpansion,approved,underConstruction,1200000,VAP-F1
baseline,seed-5,BAL,25,BAL-CAPEX-6,newFactoryConstruction,approved,underConstruction,6600000,
baseline,seed-5,JPQ,25,JPQ-CAPEX-10,pdLineExpansion,underConstruction,completed,1200000,JPQ-F1
baseline,seed-5,CONSV,25,CONSV-CAPEX-11,pdLineExpansion,underConstruction,underConstruction,1600000,CONSV-F1
baseline,seed-5,VAP,25,VAP-CAPEX-10,pdLineExpansion,underConstruction,underConstruction,1600000,VAP-F1
baseline,seed-5,BAL,26,BAL-CAPEX-6,newFactoryConstruction,underConstruction,underConstruction,7699999.999999999,
baseline,seed-5,BAL,26,BAL-CAPEX-7,hosoLineExpansion,approved,completed,8000000,BAL-F1
baseline,seed-5,BAL,26,BAL-CAPEX-8,pdLineExpansion,approved,underConstruction,1200000,BAL-F1
baseline,seed-5,JPQ,26,JPQ-CAPEX-11,vapLineExpansion,approved,underConstruction,1500000,JPQ-F1
baseline,seed-5,CONSV,26,CONSV-CAPEX-11,pdLineExpansion,underConstruction,completed,1200000,CONSV-F1
baseline,seed-5,VAP,26,VAP-CAPEX-10,pdLineExpansion,underConstruction,completed,1200000,VAP-F1
baseline,seed-5,VAP,26,VAP-CAPEX-11,vapLineExpansion,approved,underConstruction,1500000,VAP-F1
baseline,seed-5,BAL,27,BAL-CAPEX-6,newFactoryConstruction,underConstruction,completed,7699999.999999999,
baseline,seed-5,BAL,27,BAL-CAPEX-8,pdLineExpansion,underConstruction,underConstruction,1600000,BAL-F1
baseline,seed-5,BAL,27,BAL-CAPEX-9,vapLineExpansion,approved,underConstruction,1500000,BAL-F1
baseline,seed-5,JPQ,27,JPQ-CAPEX-11,vapLineExpansion,underConstruction,underConstruction,2100000,JPQ-F1
baseline,seed-5,VAP,27,VAP-CAPEX-11,vapLineExpansion,underConstruction,underConstruction,2100000,VAP-F1
baseline,seed-5,MASS,28,MASS-CAPEX-5,hosoLineExpansion,approved,completed,8000000,MASS-NEWF-MASS-CAPEX-3
baseline,seed-5,MASS,28,MASS-CAPEX-6,newFactoryConstruction,approved,underConstruction,6600000,
baseline,seed-5,BAL,28,BAL-CAPEX-8,pdLineExpansion,underConstruction,completed,1200000,BAL-F1
baseline,seed-5,BAL,28,BAL-CAPEX-9,vapLineExpansion,underConstruction,underConstruction,2100000,BAL-F1
baseline,seed-5,BAL,28,BAL-CAPEX-10,commonProcessingExpansion,approved,underConstruction,1500000,BAL-F1
baseline,seed-5,JPQ,28,JPQ-CAPEX-11,vapLineExpansion,underConstruction,underConstruction,1500000,JPQ-F1
baseline,seed-5,JPQ,28,JPQ-CAPEX-12,pdLineExpansion,approved,underConstruction,1200000,JPQ-F1
baseline,seed-5,CONSV,28,CONSV-CAPEX-12,pdLineExpansion,approved,underConstruction,1200000,CONSV-F1
baseline,seed-5,VAP,28,VAP-CAPEX-11,vapLineExpansion,underConstruction,underConstruction,1500000,VAP-F1
baseline,seed-5,VAP,28,VAP-CAPEX-12,pdLineExpansion,approved,underConstruction,1200000,VAP-F1
baseline,seed-5,MASS,29,MASS-CAPEX-6,newFactoryConstruction,underConstruction,underConstruction,7699999.999999999,
baseline,seed-5,BAL,29,BAL-CAPEX-9,vapLineExpansion,underConstruction,underConstruction,1500000,BAL-F1
baseline,seed-5,BAL,29,BAL-CAPEX-10,commonProcessingExpansion,underConstruction,underConstruction,2000000,BAL-F1
baseline,seed-5,JPQ,29,JPQ-CAPEX-11,vapLineExpansion,underConstruction,completed,900000,JPQ-F1
baseline,seed-5,JPQ,29,JPQ-CAPEX-12,pdLineExpansion,underConstruction,underConstruction,1600000,JPQ-F1
baseline,seed-5,CONSV,29,CONSV-CAPEX-12,pdLineExpansion,underConstruction,underConstruction,1600000,CONSV-F1
baseline,seed-5,VAP,29,VAP-CAPEX-11,vapLineExpansion,underConstruction,completed,900000,VAP-F1
baseline,seed-5,VAP,29,VAP-CAPEX-12,pdLineExpansion,underConstruction,underConstruction,1600000,VAP-F1
baseline,seed-5,MASS,30,MASS-CAPEX-6,newFactoryConstruction,underConstruction,completed,7699999.999999999,
baseline,seed-5,BAL,30,BAL-CAPEX-9,vapLineExpansion,underConstruction,completed,900000,BAL-F1
baseline,seed-5,BAL,30,BAL-CAPEX-10,commonProcessingExpansion,underConstruction,completed,1500000,BAL-F1
baseline,seed-5,JPQ,30,JPQ-CAPEX-12,pdLineExpansion,underConstruction,completed,1200000,JPQ-F1
baseline,seed-5,CONSV,30,CONSV-CAPEX-12,pdLineExpansion,underConstruction,completed,1200000,CONSV-F1
baseline,seed-5,VAP,30,VAP-CAPEX-12,pdLineExpansion,underConstruction,completed,1200000,VAP-F1
baseline,seed-5,MASS,31,MASS-CAPEX-7,hosoLineExpansion,approved,completed,8000000,MASS-NEWF-MASS-CAPEX-3
baseline,seed-5,JPQ,32,JPQ-CAPEX-13,pdLineExpansion,approved,underConstruction,1200000,JPQ-F1
baseline,seed-5,JPQ,32,JPQ-CAPEX-14,vapLineExpansion,approved,underConstruction,1500000,JPQ-F1
baseline,seed-5,CONSV,32,CONSV-CAPEX-13,pdLineExpansion,approved,underConstruction,1200000,CONSV-F1
baseline,seed-5,VAP,32,VAP-CAPEX-13,pdLineExpansion,approved,underConstruction,1200000,VAP-F1
baseline,seed-5,VAP,32,VAP-CAPEX-14,vapLineExpansion,approved,underConstruction,1500000,VAP-F1
ecuador-early-expansion,seed-1,BAL,2,BAL-CAPEX-1,pdLineExpansion,approved,underConstruction,1200000,BAL-F1
ecuador-early-expansion,seed-1,BAL,3,BAL-CAPEX-1,pdLineExpansion,underConstruction,underConstruction,1600000,BAL-F1
ecuador-early-expansion,seed-1,JPQ,3,JPQ-CAPEX-1,pdMechanization,approved,underConstruction,1000000,JPQ-F1
ecuador-early-expansion,seed-1,JPQ,3,JPQ-CAPEX-2,qualityControlEquipment,approved,underConstruction,720000,JPQ-F1
ecuador-early-expansion,seed-1,CONSV,3,CONSV-CAPEX-1,qualityControlEquipment,approved,underConstruction,720000,CONSV-F1
ecuador-early-expansion,seed-1,BAL,4,BAL-CAPEX-1,pdLineExpansion,underConstruction,completed,1200000,BAL-F1
ecuador-early-expansion,seed-1,JPQ,4,JPQ-CAPEX-1,pdMechanization,underConstruction,completed,1500000,JPQ-F1
ecuador-early-expansion,seed-1,JPQ,4,JPQ-CAPEX-2,qualityControlEquipment,underConstruction,completed,480000,JPQ-F1
ecuador-early-expansion,seed-1,CONSV,4,CONSV-CAPEX-1,qualityControlEquipment,underConstruction,completed,480000,CONSV-F1
ecuador-early-expansion,seed-1,CONSV,4,CONSV-CAPEX-2,pdLineExpansion,approved,underConstruction,1200000,CONSV-F1
ecuador-early-expansion,seed-1,CONSV,4,CONSV-CAPEX-3,vapLineExpansion,approved,underConstruction,1500000,CONSV-F1
ecuador-early-expansion,seed-1,BAL,5,BAL-CAPEX-2,hosoLineExpansion,approved,completed,8000000,BAL-F1
ecuador-early-expansion,seed-1,CONSV,5,CONSV-CAPEX-2,pdLineExpansion,underConstruction,underConstruction,1600000,CONSV-F1
ecuador-early-expansion,seed-1,CONSV,5,CONSV-CAPEX-3,vapLineExpansion,underConstruction,underConstruction,2100000,CONSV-F1
ecuador-early-expansion,seed-1,CONSV,5,CONSV-CAPEX-4,pdMechanization,approved,underConstruction,1000000,CONSV-F1
ecuador-early-expansion,seed-1,CONSV,6,CONSV-CAPEX-2,pdLineExpansion,underConstruction,completed,1200000,CONSV-F1
ecuador-early-expansion,seed-1,CONSV,6,CONSV-CAPEX-3,vapLineExpansion,underConstruction,underConstruction,1500000,CONSV-F1
ecuador-early-expansion,seed-1,CONSV,6,CONSV-CAPEX-4,pdMechanization,underConstruction,completed,1500000,CONSV-F1
ecuador-early-expansion,seed-1,BAL,7,BAL-CAPEX-3,pdMechanization,approved,underConstruction,1000000,BAL-F1
ecuador-early-expansion,seed-1,CONSV,7,CONSV-CAPEX-3,vapLineExpansion,underConstruction,completed,900000,CONSV-F1
ecuador-early-expansion,seed-1,VAP,7,VAP-CAPEX-1,qualityControlEquipment,approved,underConstruction,720000,VAP-F1
ecuador-early-expansion,seed-1,BAL,8,BAL-CAPEX-3,pdMechanization,underConstruction,completed,1500000,BAL-F1
ecuador-early-expansion,seed-1,JPQ,8,JPQ-CAPEX-3,pdLineExpansion,approved,underConstruction,1200000,JPQ-F1
ecuador-early-expansion,seed-1,JPQ,8,JPQ-CAPEX-4,vapLineExpansion,approved,underConstruction,1500000,JPQ-F1
ecuador-early-expansion,seed-1,CONSV,8,CONSV-CAPEX-5,pdLineExpansion,approved,underConstruction,1200000,CONSV-F1
ecuador-early-expansion,seed-1,VAP,8,VAP-CAPEX-1,qualityControlEquipment,underConstruction,completed,480000,VAP-F1
ecuador-early-expansion,seed-1,VAP,8,VAP-CAPEX-2,pdLineExpansion,approved,underConstruction,1200000,VAP-F1
ecuador-early-expansion,seed-1,VAP,8,VAP-CAPEX-3,vapLineExpansion,approved,underConstruction,1500000,VAP-F1
ecuador-early-expansion,seed-1,JPQ,9,JPQ-CAPEX-3,pdLineExpansion,underConstruction,underConstruction,1600000,JPQ-F1
ecuador-early-expansion,seed-1,JPQ,9,JPQ-CAPEX-4,vapLineExpansion,underConstruction,underConstruction,2100000,JPQ-F1
ecuador-early-expansion,seed-1,CONSV,9,CONSV-CAPEX-5,pdLineExpansion,underConstruction,underConstruction,1600000,CONSV-F1
ecuador-early-expansion,seed-1,CONSV,9,CONSV-CAPEX-6,hosoLineExpansion,approved,completed,8000000,CONSV-F1
ecuador-early-expansion,seed-1,VAP,9,VAP-CAPEX-2,pdLineExpansion,underConstruction,underConstruction,1600000,VAP-F1
ecuador-early-expansion,seed-1,VAP,9,VAP-CAPEX-3,vapLineExpansion,underConstruction,underConstruction,2100000,VAP-F1
ecuador-early-expansion,seed-1,VAP,9,VAP-CAPEX-4,pdMechanization,approved,underConstruction,1000000,VAP-F1
ecuador-early-expansion,seed-1,BAL,10,BAL-CAPEX-4,hosoLineExpansion,approved,completed,8000000,BAL-F1
ecuador-early-expansion,seed-1,JPQ,10,JPQ-CAPEX-3,pdLineExpansion,underConstruction,completed,1200000,JPQ-F1
ecuador-early-expansion,seed-1,JPQ,10,JPQ-CAPEX-4,vapLineExpansion,underConstruction,underConstruction,1500000,JPQ-F1
ecuador-early-expansion,seed-1,CONSV,10,CONSV-CAPEX-5,pdLineExpansion,underConstruction,completed,1200000,CONSV-F1
ecuador-early-expansion,seed-1,CONSV,10,CONSV-CAPEX-7,vapLineExpansion,approved,underConstruction,1500000,CONSV-F1
ecuador-early-expansion,seed-1,VAP,10,VAP-CAPEX-2,pdLineExpansion,underConstruction,completed,1200000,VAP-F1
ecuador-early-expansion,seed-1,VAP,10,VAP-CAPEX-3,vapLineExpansion,underConstruction,underConstruction,1500000,VAP-F1
ecuador-early-expansion,seed-1,VAP,10,VAP-CAPEX-4,pdMechanization,underConstruction,completed,1500000,VAP-F1
ecuador-early-expansion,seed-1,JPQ,11,JPQ-CAPEX-4,vapLineExpansion,underConstruction,completed,900000,JPQ-F1
ecuador-early-expansion,seed-1,CONSV,11,CONSV-CAPEX-7,vapLineExpansion,underConstruction,underConstruction,2100000,CONSV-F1
ecuador-early-expansion,seed-1,VAP,11,VAP-CAPEX-3,vapLineExpansion,underConstruction,completed,900000,VAP-F1
ecuador-early-expansion,seed-1,JPQ,12,JPQ-CAPEX-5,pdLineExpansion,approved,underConstruction,1200000,JPQ-F1
ecuador-early-expansion,seed-1,CONSV,12,CONSV-CAPEX-7,vapLineExpansion,underConstruction,underConstruction,1500000,CONSV-F1
ecuador-early-expansion,seed-1,CONSV,12,CONSV-CAPEX-8,pdLineExpansion,approved,underConstruction,1200000,CONSV-F1
ecuador-early-expansion,seed-1,VAP,12,VAP-CAPEX-5,pdLineExpansion,approved,underConstruction,1200000,VAP-F1
ecuador-early-expansion,seed-1,JPQ,13,JPQ-CAPEX-5,pdLineExpansion,underConstruction,underConstruction,1600000,JPQ-F1
ecuador-early-expansion,seed-1,CONSV,13,CONSV-CAPEX-7,vapLineExpansion,underConstruction,completed,900000,CONSV-F1
ecuador-early-expansion,seed-1,CONSV,13,CONSV-CAPEX-8,pdLineExpansion,underConstruction,underConstruction,1600000,CONSV-F1
ecuador-early-expansion,seed-1,VAP,13,VAP-CAPEX-5,pdLineExpansion,underConstruction,underConstruction,1600000,VAP-F1
ecuador-early-expansion,seed-1,JPQ,14,JPQ-CAPEX-5,pdLineExpansion,underConstruction,completed,1200000,JPQ-F1
ecuador-early-expansion,seed-1,JPQ,14,JPQ-CAPEX-6,vapLineExpansion,approved,underConstruction,1500000,JPQ-F1
ecuador-early-expansion,seed-1,CONSV,14,CONSV-CAPEX-8,pdLineExpansion,underConstruction,completed,1200000,CONSV-F1
ecuador-early-expansion,seed-1,VAP,14,VAP-CAPEX-5,pdLineExpansion,underConstruction,completed,1200000,VAP-F1
ecuador-early-expansion,seed-1,VAP,14,VAP-CAPEX-6,vapLineExpansion,approved,underConstruction,1500000,VAP-F1
ecuador-early-expansion,seed-1,BAL,15,BAL-CAPEX-5,qualityControlEquipment,approved,underConstruction,720000,BAL-F1
ecuador-early-expansion,seed-1,JPQ,15,JPQ-CAPEX-6,vapLineExpansion,underConstruction,underConstruction,2100000,JPQ-F1
ecuador-early-expansion,seed-1,VAP,15,VAP-CAPEX-6,vapLineExpansion,underConstruction,underConstruction,2100000,VAP-F1
ecuador-early-expansion,seed-1,BAL,16,BAL-CAPEX-5,qualityControlEquipment,underConstruction,completed,480000,BAL-F1
ecuador-early-expansion,seed-1,JPQ,16,JPQ-CAPEX-6,vapLineExpansion,underConstruction,underConstruction,1500000,JPQ-F1
ecuador-early-expansion,seed-1,JPQ,16,JPQ-CAPEX-7,pdLineExpansion,approved,underConstruction,1200000,JPQ-F1
ecuador-early-expansion,seed-1,CONSV,16,CONSV-CAPEX-9,pdLineExpansion,approved,underConstruction,1200000,CONSV-F1
ecuador-early-expansion,seed-1,VAP,16,VAP-CAPEX-6,vapLineExpansion,underConstruction,underConstruction,1500000,VAP-F1
ecuador-early-expansion,seed-1,VAP,16,VAP-CAPEX-7,pdLineExpansion,approved,underConstruction,1200000,VAP-F1
ecuador-early-expansion,seed-1,JPQ,17,JPQ-CAPEX-6,vapLineExpansion,underConstruction,completed,900000,JPQ-F1
ecuador-early-expansion,seed-1,JPQ,17,JPQ-CAPEX-7,pdLineExpansion,underConstruction,underConstruction,1600000,JPQ-F1
ecuador-early-expansion,seed-1,CONSV,17,CONSV-CAPEX-9,pdLineExpansion,underConstruction,underConstruction,1600000,CONSV-F1
ecuador-early-expansion,seed-1,VAP,17,VAP-CAPEX-6,vapLineExpansion,underConstruction,completed,900000,VAP-F1
ecuador-early-expansion,seed-1,VAP,17,VAP-CAPEX-7,pdLineExpansion,underConstruction,underConstruction,1600000,VAP-F1
ecuador-early-expansion,seed-1,MASS,18,MASS-CAPEX-1,pdLineExpansion,approved,underConstruction,1200000,MASS-F1
ecuador-early-expansion,seed-1,JPQ,18,JPQ-CAPEX-7,pdLineExpansion,underConstruction,completed,1200000,JPQ-F1
ecuador-early-expansion,seed-1,CONSV,18,CONSV-CAPEX-9,pdLineExpansion,underConstruction,completed,1200000,CONSV-F1
ecuador-early-expansion,seed-1,VAP,18,VAP-CAPEX-7,pdLineExpansion,underConstruction,completed,1200000,VAP-F1
ecuador-early-expansion,seed-1,MASS,19,MASS-CAPEX-1,pdLineExpansion,underConstruction,underConstruction,1600000,MASS-F1
ecuador-early-expansion,seed-1,MASS,20,MASS-CAPEX-1,pdLineExpansion,underConstruction,completed,1200000,MASS-F1
ecuador-early-expansion,seed-1,JPQ,20,JPQ-CAPEX-8,pdLineExpansion,approved,underConstruction,1200000,JPQ-F1
ecuador-early-expansion,seed-1,JPQ,20,JPQ-CAPEX-9,vapLineExpansion,approved,underConstruction,1500000,JPQ-F1
ecuador-early-expansion,seed-1,CONSV,20,CONSV-CAPEX-10,pdLineExpansion,approved,underConstruction,1200000,CONSV-F1
ecuador-early-expansion,seed-1,VAP,20,VAP-CAPEX-8,pdLineExpansion,approved,underConstruction,1200000,VAP-F1
ecuador-early-expansion,seed-1,VAP,20,VAP-CAPEX-9,vapLineExpansion,approved,underConstruction,1500000,VAP-F1
ecuador-early-expansion,seed-1,JPQ,21,JPQ-CAPEX-8,pdLineExpansion,underConstruction,underConstruction,1600000,JPQ-F1
ecuador-early-expansion,seed-1,JPQ,21,JPQ-CAPEX-9,vapLineExpansion,underConstruction,underConstruction,2100000,JPQ-F1
ecuador-early-expansion,seed-1,CONSV,21,CONSV-CAPEX-10,pdLineExpansion,underConstruction,underConstruction,1600000,CONSV-F1
ecuador-early-expansion,seed-1,VAP,21,VAP-CAPEX-8,pdLineExpansion,underConstruction,underConstruction,1600000,VAP-F1
ecuador-early-expansion,seed-1,VAP,21,VAP-CAPEX-9,vapLineExpansion,underConstruction,underConstruction,2100000,VAP-F1
ecuador-early-expansion,seed-1,JPQ,22,JPQ-CAPEX-8,pdLineExpansion,underConstruction,completed,1200000,JPQ-F1
ecuador-early-expansion,seed-1,JPQ,22,JPQ-CAPEX-9,vapLineExpansion,underConstruction,underConstruction,1500000,JPQ-F1
ecuador-early-expansion,seed-1,CONSV,22,CONSV-CAPEX-10,pdLineExpansion,underConstruction,completed,1200000,CONSV-F1
ecuador-early-expansion,seed-1,VAP,22,VAP-CAPEX-8,pdLineExpansion,underConstruction,completed,1200000,VAP-F1
ecuador-early-expansion,seed-1,VAP,22,VAP-CAPEX-9,vapLineExpansion,underConstruction,underConstruction,1500000,VAP-F1
ecuador-early-expansion,seed-1,MASS,23,MASS-CAPEX-2,pdLineExpansion,approved,underConstruction,1200000,MASS-F1
ecuador-early-expansion,seed-1,JPQ,23,JPQ-CAPEX-9,vapLineExpansion,underConstruction,completed,900000,JPQ-F1
ecuador-early-expansion,seed-1,VAP,23,VAP-CAPEX-9,vapLineExpansion,underConstruction,completed,900000,VAP-F1
ecuador-early-expansion,seed-1,MASS,24,MASS-CAPEX-2,pdLineExpansion,underConstruction,underConstruction,1600000,MASS-F1
ecuador-early-expansion,seed-1,MASS,24,MASS-CAPEX-3,hosoLineExpansion,approved,completed,8000000,MASS-F1
ecuador-early-expansion,seed-1,MASS,24,MASS-CAPEX-4,newFactoryConstruction,approved,underConstruction,6600000,
ecuador-early-expansion,seed-1,JPQ,24,JPQ-CAPEX-10,pdLineExpansion,approved,underConstruction,1200000,JPQ-F1
ecuador-early-expansion,seed-1,CONSV,24,CONSV-CAPEX-11,pdLineExpansion,approved,underConstruction,1200000,CONSV-F1
ecuador-early-expansion,seed-1,VAP,24,VAP-CAPEX-10,pdLineExpansion,approved,underConstruction,1200000,VAP-F1
ecuador-early-expansion,seed-1,MASS,25,MASS-CAPEX-2,pdLineExpansion,underConstruction,completed,1200000,MASS-F1
ecuador-early-expansion,seed-1,MASS,25,MASS-CAPEX-4,newFactoryConstruction,underConstruction,underConstruction,7699999.999999999,
ecuador-early-expansion,seed-1,BAL,25,BAL-CAPEX-6,newFactoryConstruction,approved,underConstruction,6600000,
ecuador-early-expansion,seed-1,JPQ,25,JPQ-CAPEX-10,pdLineExpansion,underConstruction,underConstruction,1600000,JPQ-F1
ecuador-early-expansion,seed-1,CONSV,25,CONSV-CAPEX-11,pdLineExpansion,underConstruction,underConstruction,1600000,CONSV-F1
ecuador-early-expansion,seed-1,VAP,25,VAP-CAPEX-10,pdLineExpansion,underConstruction,underConstruction,1600000,VAP-F1
ecuador-early-expansion,seed-1,MASS,26,MASS-CAPEX-4,newFactoryConstruction,underConstruction,completed,7699999.999999999,
ecuador-early-expansion,seed-1,BAL,26,BAL-CAPEX-6,newFactoryConstruction,underConstruction,underConstruction,7699999.999999999,
ecuador-early-expansion,seed-1,BAL,26,BAL-CAPEX-7,hosoLineExpansion,approved,completed,8000000,BAL-F1
ecuador-early-expansion,seed-1,BAL,26,BAL-CAPEX-8,pdLineExpansion,approved,underConstruction,1200000,BAL-F1
ecuador-early-expansion,seed-1,JPQ,26,JPQ-CAPEX-10,pdLineExpansion,underConstruction,completed,1200000,JPQ-F1
ecuador-early-expansion,seed-1,JPQ,26,JPQ-CAPEX-11,vapLineExpansion,approved,underConstruction,1500000,JPQ-F1
ecuador-early-expansion,seed-1,CONSV,26,CONSV-CAPEX-11,pdLineExpansion,underConstruction,completed,1200000,CONSV-F1
ecuador-early-expansion,seed-1,VAP,26,VAP-CAPEX-10,pdLineExpansion,underConstruction,completed,1200000,VAP-F1
ecuador-early-expansion,seed-1,VAP,26,VAP-CAPEX-11,vapLineExpansion,approved,underConstruction,1500000,VAP-F1
ecuador-early-expansion,seed-1,BAL,27,BAL-CAPEX-6,newFactoryConstruction,underConstruction,completed,7699999.999999999,
ecuador-early-expansion,seed-1,BAL,27,BAL-CAPEX-8,pdLineExpansion,underConstruction,underConstruction,1600000,BAL-F1
ecuador-early-expansion,seed-1,BAL,27,BAL-CAPEX-9,vapLineExpansion,approved,underConstruction,1500000,BAL-F1
ecuador-early-expansion,seed-1,JPQ,27,JPQ-CAPEX-11,vapLineExpansion,underConstruction,underConstruction,2100000,JPQ-F1
ecuador-early-expansion,seed-1,VAP,27,VAP-CAPEX-11,vapLineExpansion,underConstruction,underConstruction,2100000,VAP-F1
ecuador-early-expansion,seed-1,BAL,28,BAL-CAPEX-8,pdLineExpansion,underConstruction,completed,1200000,BAL-F1
ecuador-early-expansion,seed-1,BAL,28,BAL-CAPEX-9,vapLineExpansion,underConstruction,underConstruction,2100000,BAL-F1
ecuador-early-expansion,seed-1,BAL,28,BAL-CAPEX-10,commonProcessingExpansion,approved,underConstruction,1500000,BAL-F1
ecuador-early-expansion,seed-1,JPQ,28,JPQ-CAPEX-11,vapLineExpansion,underConstruction,underConstruction,1500000,JPQ-F1
ecuador-early-expansion,seed-1,JPQ,28,JPQ-CAPEX-12,pdLineExpansion,approved,underConstruction,1200000,JPQ-F1
ecuador-early-expansion,seed-1,CONSV,28,CONSV-CAPEX-12,pdLineExpansion,approved,underConstruction,1200000,CONSV-F1
ecuador-early-expansion,seed-1,VAP,28,VAP-CAPEX-11,vapLineExpansion,underConstruction,underConstruction,1500000,VAP-F1
ecuador-early-expansion,seed-1,VAP,28,VAP-CAPEX-12,pdLineExpansion,approved,underConstruction,1200000,VAP-F1
ecuador-early-expansion,seed-1,BAL,29,BAL-CAPEX-9,vapLineExpansion,underConstruction,underConstruction,1500000,BAL-F1
ecuador-early-expansion,seed-1,BAL,29,BAL-CAPEX-10,commonProcessingExpansion,underConstruction,underConstruction,2000000,BAL-F1
ecuador-early-expansion,seed-1,JPQ,29,JPQ-CAPEX-11,vapLineExpansion,underConstruction,completed,900000,JPQ-F1
ecuador-early-expansion,seed-1,JPQ,29,JPQ-CAPEX-12,pdLineExpansion,underConstruction,underConstruction,1600000,JPQ-F1
ecuador-early-expansion,seed-1,CONSV,29,CONSV-CAPEX-12,pdLineExpansion,underConstruction,underConstruction,1600000,CONSV-F1
ecuador-early-expansion,seed-1,VAP,29,VAP-CAPEX-11,vapLineExpansion,underConstruction,completed,900000,VAP-F1
ecuador-early-expansion,seed-1,VAP,29,VAP-CAPEX-12,pdLineExpansion,underConstruction,underConstruction,1600000,VAP-F1
ecuador-early-expansion,seed-1,BAL,30,BAL-CAPEX-9,vapLineExpansion,underConstruction,completed,900000,BAL-F1
ecuador-early-expansion,seed-1,BAL,30,BAL-CAPEX-10,commonProcessingExpansion,underConstruction,completed,1500000,BAL-F1
ecuador-early-expansion,seed-1,JPQ,30,JPQ-CAPEX-12,pdLineExpansion,underConstruction,completed,1200000,JPQ-F1
ecuador-early-expansion,seed-1,JPQ,30,JPQ-CAPEX-13,newFactoryConstruction,approved,underConstruction,6600000,
ecuador-early-expansion,seed-1,CONSV,30,CONSV-CAPEX-12,pdLineExpansion,underConstruction,completed,1200000,CONSV-F1
ecuador-early-expansion,seed-1,VAP,30,VAP-CAPEX-12,pdLineExpansion,underConstruction,completed,1200000,VAP-F1
ecuador-early-expansion,seed-1,MASS,31,MASS-CAPEX-5,hosoLineExpansion,approved,completed,8000000,MASS-NEWF-MASS-CAPEX-4
ecuador-early-expansion,seed-1,MASS,31,MASS-CAPEX-6,newFactoryConstruction,approved,underConstruction,6600000,
ecuador-early-expansion,seed-1,JPQ,31,JPQ-CAPEX-13,newFactoryConstruction,underConstruction,underConstruction,7699999.999999999,
ecuador-early-expansion,seed-1,MASS,32,MASS-CAPEX-6,newFactoryConstruction,underConstruction,underConstruction,7699999.999999999,
ecuador-early-expansion,seed-1,MASS,32,MASS-CAPEX-7,qualityControlEquipment,approved,underConstruction,720000,MASS-NEWF-MASS-CAPEX-4
ecuador-early-expansion,seed-1,JPQ,32,JPQ-CAPEX-13,newFactoryConstruction,underConstruction,completed,7699999.999999999,
ecuador-early-expansion,seed-1,JPQ,32,JPQ-CAPEX-14,pdLineExpansion,approved,underConstruction,1200000,JPQ-F1
ecuador-early-expansion,seed-1,JPQ,32,JPQ-CAPEX-15,vapLineExpansion,approved,underConstruction,1500000,JPQ-F1
ecuador-early-expansion,seed-1,CONSV,32,CONSV-CAPEX-13,pdLineExpansion,approved,underConstruction,1200000,CONSV-F1
ecuador-early-expansion,seed-1,VAP,32,VAP-CAPEX-13,pdLineExpansion,approved,underConstruction,1200000,VAP-F1
ecuador-early-expansion,seed-1,VAP,32,VAP-CAPEX-14,vapLineExpansion,approved,underConstruction,1500000,VAP-F1
ecuador-early-expansion,seed-2,BAL,2,BAL-CAPEX-1,pdLineExpansion,approved,underConstruction,1200000,BAL-F1
ecuador-early-expansion,seed-2,BAL,3,BAL-CAPEX-1,pdLineExpansion,underConstruction,underConstruction,1600000,BAL-F1
ecuador-early-expansion,seed-2,JPQ,3,JPQ-CAPEX-1,qualityControlEquipment,approved,underConstruction,720000,JPQ-F1
ecuador-early-expansion,seed-2,CONSV,3,CONSV-CAPEX-1,qualityControlEquipment,approved,underConstruction,720000,CONSV-F1
ecuador-early-expansion,seed-2,BAL,4,BAL-CAPEX-1,pdLineExpansion,underConstruction,completed,1200000,BAL-F1
ecuador-early-expansion,seed-2,BAL,4,BAL-CAPEX-2,qualityControlEquipment,approved,underConstruction,720000,BAL-F1
ecuador-early-expansion,seed-2,JPQ,4,JPQ-CAPEX-1,qualityControlEquipment,underConstruction,completed,480000,JPQ-F1
ecuador-early-expansion,seed-2,CONSV,4,CONSV-CAPEX-1,qualityControlEquipment,underConstruction,completed,480000,CONSV-F1
ecuador-early-expansion,seed-2,CONSV,4,CONSV-CAPEX-2,pdLineExpansion,approved,underConstruction,1200000,CONSV-F1
ecuador-early-expansion,seed-2,CONSV,4,CONSV-CAPEX-3,pdMechanization,approved,underConstruction,1000000,CONSV-F1
ecuador-early-expansion,seed-2,MASS,5,MASS-CAPEX-1,qualityControlEquipment,approved,approved,0,MASS-F1
ecuador-early-expansion,seed-2,BAL,5,BAL-CAPEX-2,qualityControlEquipment,underConstruction,completed,480000,BAL-F1
ecuador-early-expansion,seed-2,BAL,5,BAL-CAPEX-3,hosoLineExpansion,approved,completed,8000000,BAL-F1
ecuador-early-expansion,seed-2,CONSV,5,CONSV-CAPEX-2,pdLineExpansion,underConstruction,underConstruction,1600000,CONSV-F1
ecuador-early-expansion,seed-2,CONSV,5,CONSV-CAPEX-3,pdMechanization,underConstruction,completed,1500000,CONSV-F1
ecuador-early-expansion,seed-2,CONSV,5,CONSV-CAPEX-4,vapLineExpansion,approved,underConstruction,1500000,CONSV-F1
ecuador-early-expansion,seed-2,VAP,5,VAP-CAPEX-1,qualityControlEquipment,approved,underConstruction,720000,VAP-F1
ecuador-early-expansion,seed-2,MASS,6,MASS-CAPEX-1,qualityControlEquipment,approved,underConstruction,720000,MASS-F1
ecuador-early-expansion,seed-2,CONSV,6,CONSV-CAPEX-2,pdLineExpansion,underConstruction,completed,1200000,CONSV-F1
ecuador-early-expansion,seed-2,CONSV,6,CONSV-CAPEX-4,vapLineExpansion,underConstruction,underConstruction,2100000,CONSV-F1
ecuador-early-expansion,seed-2,VAP,6,VAP-CAPEX-1,qualityControlEquipment,underConstruction,completed,480000,VAP-F1
ecuador-early-expansion,seed-2,MASS,7,MASS-CAPEX-1,qualityControlEquipment,underConstruction,suspended,0,MASS-F1
ecuador-early-expansion,seed-2,CONSV,7,CONSV-CAPEX-4,vapLineExpansion,underConstruction,underConstruction,1500000,CONSV-F1
ecuador-early-expansion,seed-2,JPQ,8,JPQ-CAPEX-2,vapLineExpansion,approved,underConstruction,1500000,JPQ-F1
ecuador-early-expansion,seed-2,JPQ,8,JPQ-CAPEX-3,pdMechanization,approved,underConstruction,1000000,JPQ-F1
ecuador-early-expansion,seed-2,CONSV,8,CONSV-CAPEX-4,vapLineExpansion,underConstruction,completed,900000,CONSV-F1
ecuador-early-expansion,seed-2,CONSV,8,CONSV-CAPEX-5,pdLineExpansion,approved,underConstruction,1200000,CONSV-F1
ecuador-early-expansion,seed-2,VAP,8,VAP-CAPEX-2,pdLineExpansion,approved,underConstruction,1200000,VAP-F1
ecuador-early-expansion,seed-2,VAP,8,VAP-CAPEX-3,vapLineExpansion,approved,underConstruction,1500000,VAP-F1
ecuador-early-expansion,seed-2,VAP,8,VAP-CAPEX-4,pdMechanization,approved,underConstruction,1000000,VAP-F1
ecuador-early-expansion,seed-2,BAL,9,BAL-CAPEX-4,hosoLineExpansion,approved,completed,8000000,BAL-F1
ecuador-early-expansion,seed-2,JPQ,9,JPQ-CAPEX-2,vapLineExpansion,underConstruction,underConstruction,2100000,JPQ-F1
ecuador-early-expansion,seed-2,JPQ,9,JPQ-CAPEX-3,pdMechanization,underConstruction,completed,1500000,JPQ-F1
ecuador-early-expansion,seed-2,CONSV,9,CONSV-CAPEX-5,pdLineExpansion,underConstruction,underConstruction,1600000,CONSV-F1
ecuador-early-expansion,seed-2,CONSV,9,CONSV-CAPEX-6,hosoLineExpansion,approved,completed,8000000,CONSV-F1
ecuador-early-expansion,seed-2,VAP,9,VAP-CAPEX-2,pdLineExpansion,underConstruction,underConstruction,1600000,VAP-F1
ecuador-early-expansion,seed-2,VAP,9,VAP-CAPEX-3,vapLineExpansion,underConstruction,underConstruction,2100000,VAP-F1
ecuador-early-expansion,seed-2,VAP,9,VAP-CAPEX-4,pdMechanization,underConstruction,completed,1500000,VAP-F1
ecuador-early-expansion,seed-2,BAL,10,BAL-CAPEX-5,pdMechanization,approved,underConstruction,1000000,BAL-F1
ecuador-early-expansion,seed-2,JPQ,10,JPQ-CAPEX-2,vapLineExpansion,underConstruction,underConstruction,1500000,JPQ-F1
ecuador-early-expansion,seed-2,JPQ,10,JPQ-CAPEX-4,pdLineExpansion,approved,underConstruction,1200000,JPQ-F1
ecuador-early-expansion,seed-2,CONSV,10,CONSV-CAPEX-5,pdLineExpansion,underConstruction,completed,1200000,CONSV-F1
ecuador-early-expansion,seed-2,VAP,10,VAP-CAPEX-2,pdLineExpansion,underConstruction,completed,1200000,VAP-F1
ecuador-early-expansion,seed-2,VAP,10,VAP-CAPEX-3,vapLineExpansion,underConstruction,underConstruction,1500000,VAP-F1
ecuador-early-expansion,seed-2,BAL,11,BAL-CAPEX-5,pdMechanization,underConstruction,completed,1500000,BAL-F1
ecuador-early-expansion,seed-2,JPQ,11,JPQ-CAPEX-2,vapLineExpansion,underConstruction,completed,900000,JPQ-F1
ecuador-early-expansion,seed-2,JPQ,11,JPQ-CAPEX-4,pdLineExpansion,underConstruction,underConstruction,1600000,JPQ-F1
ecuador-early-expansion,seed-2,CONSV,11,CONSV-CAPEX-7,vapLineExpansion,approved,underConstruction,1500000,CONSV-F1
ecuador-early-expansion,seed-2,VAP,11,VAP-CAPEX-3,vapLineExpansion,underConstruction,completed,900000,VAP-F1
ecuador-early-expansion,seed-2,JPQ,12,JPQ-CAPEX-4,pdLineExpansion,underConstruction,completed,1200000,JPQ-F1
ecuador-early-expansion,seed-2,CONSV,12,CONSV-CAPEX-7,vapLineExpansion,underConstruction,underConstruction,2100000,CONSV-F1
ecuador-early-expansion,seed-2,CONSV,12,CONSV-CAPEX-8,pdLineExpansion,approved,underConstruction,1200000,CONSV-F1
ecuador-early-expansion,seed-2,VAP,12,VAP-CAPEX-5,pdLineExpansion,approved,underConstruction,1200000,VAP-F1
ecuador-early-expansion,seed-2,JPQ,13,JPQ-CAPEX-5,hosoLineExpansion,approved,completed,8000000,JPQ-F1
ecuador-early-expansion,seed-2,CONSV,13,CONSV-CAPEX-7,vapLineExpansion,underConstruction,underConstruction,1500000,CONSV-F1
ecuador-early-expansion,seed-2,CONSV,13,CONSV-CAPEX-8,pdLineExpansion,underConstruction,underConstruction,1600000,CONSV-F1
ecuador-early-expansion,seed-2,VAP,13,VAP-CAPEX-5,pdLineExpansion,underConstruction,underConstruction,1600000,VAP-F1
ecuador-early-expansion,seed-2,JPQ,14,JPQ-CAPEX-6,pdLineExpansion,approved,underConstruction,1200000,JPQ-F1
ecuador-early-expansion,seed-2,JPQ,14,JPQ-CAPEX-7,vapLineExpansion,approved,underConstruction,1500000,JPQ-F1
ecuador-early-expansion,seed-2,CONSV,14,CONSV-CAPEX-7,vapLineExpansion,underConstruction,completed,900000,CONSV-F1
ecuador-early-expansion,seed-2,CONSV,14,CONSV-CAPEX-8,pdLineExpansion,underConstruction,completed,1200000,CONSV-F1
ecuador-early-expansion,seed-2,VAP,14,VAP-CAPEX-5,pdLineExpansion,underConstruction,completed,1200000,VAP-F1
ecuador-early-expansion,seed-2,VAP,14,VAP-CAPEX-6,vapLineExpansion,approved,underConstruction,1500000,VAP-F1
ecuador-early-expansion,seed-2,JPQ,15,JPQ-CAPEX-6,pdLineExpansion,underConstruction,underConstruction,1600000,JPQ-F1
ecuador-early-expansion,seed-2,JPQ,15,JPQ-CAPEX-7,vapLineExpansion,underConstruction,underConstruction,2100000,JPQ-F1
ecuador-early-expansion,seed-2,VAP,15,VAP-CAPEX-6,vapLineExpansion,underConstruction,underConstruction,2100000,VAP-F1
ecuador-early-expansion,seed-2,JPQ,16,JPQ-CAPEX-6,pdLineExpansion,underConstruction,completed,1200000,JPQ-F1
ecuador-early-expansion,seed-2,JPQ,16,JPQ-CAPEX-7,vapLineExpansion,underConstruction,underConstruction,1500000,JPQ-F1
ecuador-early-expansion,seed-2,CONSV,16,CONSV-CAPEX-9,pdLineExpansion,approved,underConstruction,1200000,CONSV-F1
ecuador-early-expansion,seed-2,VAP,16,VAP-CAPEX-6,vapLineExpansion,underConstruction,underConstruction,1500000,VAP-F1
ecuador-early-expansion,seed-2,VAP,16,VAP-CAPEX-7,pdLineExpansion,approved,underConstruction,1200000,VAP-F1
ecuador-early-expansion,seed-2,MASS,17,MASS-CAPEX-2,pdLineExpansion,approved,underConstruction,1200000,MASS-F1
ecuador-early-expansion,seed-2,JPQ,17,JPQ-CAPEX-7,vapLineExpansion,underConstruction,completed,900000,JPQ-F1
ecuador-early-expansion,seed-2,CONSV,17,CONSV-CAPEX-9,pdLineExpansion,underConstruction,underConstruction,1600000,CONSV-F1
ecuador-early-expansion,seed-2,VAP,17,VAP-CAPEX-6,vapLineExpansion,underConstruction,completed,900000,VAP-F1
ecuador-early-expansion,seed-2,VAP,17,VAP-CAPEX-7,pdLineExpansion,underConstruction,underConstruction,1600000,VAP-F1
ecuador-early-expansion,seed-2,MASS,18,MASS-CAPEX-2,pdLineExpansion,underConstruction,underConstruction,1600000,MASS-F1
ecuador-early-expansion,seed-2,JPQ,18,JPQ-CAPEX-8,pdLineExpansion,approved,underConstruction,1200000,JPQ-F1
ecuador-early-expansion,seed-2,CONSV,18,CONSV-CAPEX-9,pdLineExpansion,underConstruction,completed,1200000,CONSV-F1
ecuador-early-expansion,seed-2,VAP,18,VAP-CAPEX-7,pdLineExpansion,underConstruction,completed,1200000,VAP-F1
ecuador-early-expansion,seed-2,MASS,19,MASS-CAPEX-2,pdLineExpansion,underConstruction,completed,1200000,MASS-F1
ecuador-early-expansion,seed-2,JPQ,19,JPQ-CAPEX-8,pdLineExpansion,underConstruction,underConstruction,1600000,JPQ-F1
ecuador-early-expansion,seed-2,JPQ,20,JPQ-CAPEX-8,pdLineExpansion,underConstruction,completed,1200000,JPQ-F1
ecuador-early-expansion,seed-2,JPQ,20,JPQ-CAPEX-9,vapLineExpansion,approved,underConstruction,1500000,JPQ-F1
ecuador-early-expansion,seed-2,CONSV,20,CONSV-CAPEX-10,pdLineExpansion,approved,underConstruction,1200000,CONSV-F1
ecuador-early-expansion,seed-2,VAP,20,VAP-CAPEX-8,pdLineExpansion,approved,underConstruction,1200000,VAP-F1
ecuador-early-expansion,seed-2,VAP,20,VAP-CAPEX-9,vapLineExpansion,approved,underConstruction,1500000,VAP-F1
ecuador-early-expansion,seed-2,MASS,21,MASS-CAPEX-3,pdLineExpansion,approved,underConstruction,1200000,MASS-F1
ecuador-early-expansion,seed-2,JPQ,21,JPQ-CAPEX-9,vapLineExpansion,underConstruction,underConstruction,2100000,JPQ-F1
ecuador-early-expansion,seed-2,CONSV,21,CONSV-CAPEX-10,pdLineExpansion,underConstruction,underConstruction,1600000,CONSV-F1
ecuador-early-expansion,seed-2,VAP,21,VAP-CAPEX-8,pdLineExpansion,underConstruction,underConstruction,1600000,VAP-F1
ecuador-early-expansion,seed-2,VAP,21,VAP-CAPEX-9,vapLineExpansion,underConstruction,underConstruction,2100000,VAP-F1
ecuador-early-expansion,seed-2,MASS,22,MASS-CAPEX-3,pdLineExpansion,underConstruction,underConstruction,1600000,MASS-F1
ecuador-early-expansion,seed-2,MASS,22,MASS-CAPEX-4,hosoLineExpansion,approved,completed,8000000,MASS-F1
ecuador-early-expansion,seed-2,JPQ,22,JPQ-CAPEX-9,vapLineExpansion,underConstruction,underConstruction,1500000,JPQ-F1
ecuador-early-expansion,seed-2,CONSV,22,CONSV-CAPEX-10,pdLineExpansion,underConstruction,completed,1200000,CONSV-F1
ecuador-early-expansion,seed-2,VAP,22,VAP-CAPEX-8,pdLineExpansion,underConstruction,completed,1200000,VAP-F1
ecuador-early-expansion,seed-2,VAP,22,VAP-CAPEX-9,vapLineExpansion,underConstruction,underConstruction,1500000,VAP-F1
ecuador-early-expansion,seed-2,MASS,23,MASS-CAPEX-3,pdLineExpansion,underConstruction,completed,1200000,MASS-F1
ecuador-early-expansion,seed-2,JPQ,23,JPQ-CAPEX-9,vapLineExpansion,underConstruction,completed,900000,JPQ-F1
ecuador-early-expansion,seed-2,VAP,23,VAP-CAPEX-9,vapLineExpansion,underConstruction,completed,900000,VAP-F1
ecuador-early-expansion,seed-2,MASS,24,MASS-CAPEX-5,newFactoryConstruction,approved,underConstruction,6600000,
ecuador-early-expansion,seed-2,CONSV,24,CONSV-CAPEX-11,pdLineExpansion,approved,underConstruction,1200000,CONSV-F1
ecuador-early-expansion,seed-2,VAP,24,VAP-CAPEX-10,pdLineExpansion,approved,underConstruction,1200000,VAP-F1
ecuador-early-expansion,seed-2,MASS,25,MASS-CAPEX-5,newFactoryConstruction,underConstruction,underConstruction,7699999.999999999,
ecuador-early-expansion,seed-2,MASS,25,MASS-CAPEX-6,hosoLineExpansion,approved,completed,8000000,MASS-F1
ecuador-early-expansion,seed-2,BAL,25,BAL-CAPEX-6,newFactoryConstruction,approved,underConstruction,6600000,
ecuador-early-expansion,seed-2,CONSV,25,CONSV-CAPEX-11,pdLineExpansion,underConstruction,underConstruction,1600000,CONSV-F1
ecuador-early-expansion,seed-2,VAP,25,VAP-CAPEX-10,pdLineExpansion,underConstruction,underConstruction,1600000,VAP-F1
ecuador-early-expansion,seed-2,MASS,26,MASS-CAPEX-5,newFactoryConstruction,underConstruction,completed,7699999.999999999,
ecuador-early-expansion,seed-2,MASS,26,MASS-CAPEX-7,pdLineExpansion,approved,underConstruction,1200000,MASS-F1
ecuador-early-expansion,seed-2,BAL,26,BAL-CAPEX-6,newFactoryConstruction,underConstruction,underConstruction,7699999.999999999,
ecuador-early-expansion,seed-2,BAL,26,BAL-CAPEX-7,hosoLineExpansion,approved,completed,8000000,BAL-F1
ecuador-early-expansion,seed-2,BAL,26,BAL-CAPEX-8,pdLineExpansion,approved,underConstruction,1200000,BAL-F1
ecuador-early-expansion,seed-2,JPQ,26,JPQ-CAPEX-10,vapLineExpansion,approved,underConstruction,1500000,JPQ-F1
ecuador-early-expansion,seed-2,CONSV,26,CONSV-CAPEX-11,pdLineExpansion,underConstruction,completed,1200000,CONSV-F1
ecuador-early-expansion,seed-2,VAP,26,VAP-CAPEX-10,pdLineExpansion,underConstruction,completed,1200000,VAP-F1
ecuador-early-expansion,seed-2,VAP,26,VAP-CAPEX-11,vapLineExpansion,approved,underConstruction,1500000,VAP-F1
ecuador-early-expansion,seed-2,MASS,27,MASS-CAPEX-7,pdLineExpansion,underConstruction,underConstruction,1600000,MASS-F1
ecuador-early-expansion,seed-2,BAL,27,BAL-CAPEX-6,newFactoryConstruction,underConstruction,completed,7699999.999999999,
ecuador-early-expansion,seed-2,BAL,27,BAL-CAPEX-8,pdLineExpansion,underConstruction,underConstruction,1600000,BAL-F1
ecuador-early-expansion,seed-2,BAL,27,BAL-CAPEX-9,vapLineExpansion,approved,underConstruction,1500000,BAL-F1
ecuador-early-expansion,seed-2,JPQ,27,JPQ-CAPEX-10,vapLineExpansion,underConstruction,underConstruction,2100000,JPQ-F1
ecuador-early-expansion,seed-2,VAP,27,VAP-CAPEX-11,vapLineExpansion,underConstruction,underConstruction,2100000,VAP-F1
ecuador-early-expansion,seed-2,MASS,28,MASS-CAPEX-7,pdLineExpansion,underConstruction,completed,1200000,MASS-F1
ecuador-early-expansion,seed-2,BAL,28,BAL-CAPEX-8,pdLineExpansion,underConstruction,completed,1200000,BAL-F1
ecuador-early-expansion,seed-2,BAL,28,BAL-CAPEX-9,vapLineExpansion,underConstruction,underConstruction,2100000,BAL-F1
ecuador-early-expansion,seed-2,BAL,28,BAL-CAPEX-10,commonProcessingExpansion,approved,underConstruction,1500000,BAL-F1
ecuador-early-expansion,seed-2,JPQ,28,JPQ-CAPEX-10,vapLineExpansion,underConstruction,underConstruction,1500000,JPQ-F1
ecuador-early-expansion,seed-2,CONSV,28,CONSV-CAPEX-12,pdLineExpansion,approved,underConstruction,1200000,CONSV-F1
ecuador-early-expansion,seed-2,VAP,28,VAP-CAPEX-11,vapLineExpansion,underConstruction,underConstruction,1500000,VAP-F1
ecuador-early-expansion,seed-2,VAP,28,VAP-CAPEX-12,pdLineExpansion,approved,underConstruction,1200000,VAP-F1
ecuador-early-expansion,seed-2,BAL,29,BAL-CAPEX-9,vapLineExpansion,underConstruction,underConstruction,1500000,BAL-F1
ecuador-early-expansion,seed-2,BAL,29,BAL-CAPEX-10,commonProcessingExpansion,underConstruction,underConstruction,2000000,BAL-F1
ecuador-early-expansion,seed-2,JPQ,29,JPQ-CAPEX-10,vapLineExpansion,underConstruction,completed,900000,JPQ-F1
ecuador-early-expansion,seed-2,CONSV,29,CONSV-CAPEX-12,pdLineExpansion,underConstruction,underConstruction,1600000,CONSV-F1
ecuador-early-expansion,seed-2,VAP,29,VAP-CAPEX-11,vapLineExpansion,underConstruction,completed,900000,VAP-F1
ecuador-early-expansion,seed-2,VAP,29,VAP-CAPEX-12,pdLineExpansion,underConstruction,underConstruction,1600000,VAP-F1
ecuador-early-expansion,seed-2,BAL,30,BAL-CAPEX-9,vapLineExpansion,underConstruction,completed,900000,BAL-F1
ecuador-early-expansion,seed-2,BAL,30,BAL-CAPEX-10,commonProcessingExpansion,underConstruction,completed,1500000,BAL-F1
ecuador-early-expansion,seed-2,CONSV,30,CONSV-CAPEX-12,pdLineExpansion,underConstruction,completed,1200000,CONSV-F1
ecuador-early-expansion,seed-2,VAP,30,VAP-CAPEX-12,pdLineExpansion,underConstruction,completed,1200000,VAP-F1
ecuador-early-expansion,seed-2,MASS,31,MASS-CAPEX-8,hosoLineExpansion,approved,completed,8000000,MASS-NEWF-MASS-CAPEX-5
ecuador-early-expansion,seed-2,MASS,31,MASS-CAPEX-9,newFactoryConstruction,approved,underConstruction,6600000,
ecuador-early-expansion,seed-2,MASS,32,MASS-CAPEX-9,newFactoryConstruction,underConstruction,underConstruction,7699999.999999999,
ecuador-early-expansion,seed-2,JPQ,32,JPQ-CAPEX-11,pdLineExpansion,approved,underConstruction,1200000,JPQ-F1
ecuador-early-expansion,seed-2,JPQ,32,JPQ-CAPEX-12,vapLineExpansion,approved,underConstruction,1500000,JPQ-F1
ecuador-early-expansion,seed-2,CONSV,32,CONSV-CAPEX-13,pdLineExpansion,approved,underConstruction,1200000,CONSV-F1
ecuador-early-expansion,seed-2,VAP,32,VAP-CAPEX-13,pdLineExpansion,approved,underConstruction,1200000,VAP-F1
ecuador-early-expansion,seed-2,VAP,32,VAP-CAPEX-14,vapLineExpansion,approved,underConstruction,1500000,VAP-F1
ecuador-early-expansion,seed-3,BAL,2,BAL-CAPEX-1,pdLineExpansion,approved,underConstruction,1200000,BAL-F1
ecuador-early-expansion,seed-3,BAL,3,BAL-CAPEX-1,pdLineExpansion,underConstruction,underConstruction,1600000,BAL-F1
ecuador-early-expansion,seed-3,JPQ,3,JPQ-CAPEX-1,pdMechanization,approved,underConstruction,1000000,JPQ-F1
ecuador-early-expansion,seed-3,JPQ,3,JPQ-CAPEX-2,qualityControlEquipment,approved,underConstruction,720000,JPQ-F1
ecuador-early-expansion,seed-3,CONSV,3,CONSV-CAPEX-1,qualityControlEquipment,approved,underConstruction,720000,CONSV-F1
ecuador-early-expansion,seed-3,BAL,4,BAL-CAPEX-1,pdLineExpansion,underConstruction,completed,1200000,BAL-F1
ecuador-early-expansion,seed-3,JPQ,4,JPQ-CAPEX-1,pdMechanization,underConstruction,completed,1500000,JPQ-F1
ecuador-early-expansion,seed-3,JPQ,4,JPQ-CAPEX-2,qualityControlEquipment,underConstruction,completed,480000,JPQ-F1
ecuador-early-expansion,seed-3,CONSV,4,CONSV-CAPEX-1,qualityControlEquipment,underConstruction,completed,480000,CONSV-F1
ecuador-early-expansion,seed-3,CONSV,4,CONSV-CAPEX-2,pdLineExpansion,approved,underConstruction,1200000,CONSV-F1
ecuador-early-expansion,seed-3,CONSV,4,CONSV-CAPEX-3,pdMechanization,approved,underConstruction,1000000,CONSV-F1
ecuador-early-expansion,seed-3,BAL,5,BAL-CAPEX-2,hosoLineExpansion,approved,completed,8000000,BAL-F1
ecuador-early-expansion,seed-3,CONSV,5,CONSV-CAPEX-2,pdLineExpansion,underConstruction,underConstruction,1600000,CONSV-F1
ecuador-early-expansion,seed-3,CONSV,5,CONSV-CAPEX-3,pdMechanization,underConstruction,completed,1500000,CONSV-F1
ecuador-early-expansion,seed-3,CONSV,5,CONSV-CAPEX-4,vapLineExpansion,approved,underConstruction,1500000,CONSV-F1
ecuador-early-expansion,seed-3,VAP,5,VAP-CAPEX-1,qualityControlEquipment,approved,underConstruction,720000,VAP-F1
ecuador-early-expansion,seed-3,CONSV,6,CONSV-CAPEX-2,pdLineExpansion,underConstruction,completed,1200000,CONSV-F1
ecuador-early-expansion,seed-3,CONSV,6,CONSV-CAPEX-4,vapLineExpansion,underConstruction,underConstruction,2100000,CONSV-F1
ecuador-early-expansion,seed-3,VAP,6,VAP-CAPEX-1,qualityControlEquipment,underConstruction,completed,480000,VAP-F1
ecuador-early-expansion,seed-3,BAL,7,BAL-CAPEX-3,pdMechanization,approved,underConstruction,1000000,BAL-F1
ecuador-early-expansion,seed-3,CONSV,7,CONSV-CAPEX-4,vapLineExpansion,underConstruction,underConstruction,1500000,CONSV-F1
ecuador-early-expansion,seed-3,BAL,8,BAL-CAPEX-3,pdMechanization,underConstruction,completed,1500000,BAL-F1
ecuador-early-expansion,seed-3,JPQ,8,JPQ-CAPEX-3,vapLineExpansion,approved,underConstruction,1500000,JPQ-F1
ecuador-early-expansion,seed-3,CONSV,8,CONSV-CAPEX-4,vapLineExpansion,underConstruction,completed,900000,CONSV-F1
ecuador-early-expansion,seed-3,CONSV,8,CONSV-CAPEX-5,pdLineExpansion,approved,underConstruction,1200000,CONSV-F1
ecuador-early-expansion,seed-3,VAP,8,VAP-CAPEX-2,pdLineExpansion,approved,underConstruction,1200000,VAP-F1
ecuador-early-expansion,seed-3,VAP,8,VAP-CAPEX-3,pdMechanization,approved,underConstruction,1000000,VAP-F1
ecuador-early-expansion,seed-3,JPQ,9,JPQ-CAPEX-3,vapLineExpansion,underConstruction,underConstruction,2100000,JPQ-F1
ecuador-early-expansion,seed-3,JPQ,9,JPQ-CAPEX-4,pdLineExpansion,approved,underConstruction,1200000,JPQ-F1
ecuador-early-expansion,seed-3,CONSV,9,CONSV-CAPEX-5,pdLineExpansion,underConstruction,underConstruction,1600000,CONSV-F1
ecuador-early-expansion,seed-3,CONSV,9,CONSV-CAPEX-6,hosoLineExpansion,approved,completed,8000000,CONSV-F1
ecuador-early-expansion,seed-3,VAP,9,VAP-CAPEX-2,pdLineExpansion,underConstruction,underConstruction,1600000,VAP-F1
ecuador-early-expansion,seed-3,VAP,9,VAP-CAPEX-3,pdMechanization,underConstruction,completed,1500000,VAP-F1
ecuador-early-expansion,seed-3,BAL,10,BAL-CAPEX-4,hosoLineExpansion,approved,completed,8000000,BAL-F1
ecuador-early-expansion,seed-3,JPQ,10,JPQ-CAPEX-3,vapLineExpansion,underConstruction,underConstruction,1500000,JPQ-F1
ecuador-early-expansion,seed-3,JPQ,10,JPQ-CAPEX-4,pdLineExpansion,underConstruction,underConstruction,1600000,JPQ-F1
ecuador-early-expansion,seed-3,CONSV,10,CONSV-CAPEX-5,pdLineExpansion,underConstruction,completed,1200000,CONSV-F1
ecuador-early-expansion,seed-3,VAP,10,VAP-CAPEX-2,pdLineExpansion,underConstruction,completed,1200000,VAP-F1
ecuador-early-expansion,seed-3,JPQ,11,JPQ-CAPEX-3,vapLineExpansion,underConstruction,completed,900000,JPQ-F1
ecuador-early-expansion,seed-3,JPQ,11,JPQ-CAPEX-4,pdLineExpansion,underConstruction,completed,1200000,JPQ-F1
ecuador-early-expansion,seed-3,VAP,11,VAP-CAPEX-4,vapLineExpansion,approved,underConstruction,1500000,VAP-F1
ecuador-early-expansion,seed-3,CONSV,12,CONSV-CAPEX-7,pdLineExpansion,approved,underConstruction,1200000,CONSV-F1
ecuador-early-expansion,seed-3,CONSV,12,CONSV-CAPEX-8,vapLineExpansion,approved,underConstruction,1500000,CONSV-F1
ecuador-early-expansion,seed-3,VAP,12,VAP-CAPEX-4,vapLineExpansion,underConstruction,underConstruction,2100000,VAP-F1
ecuador-early-expansion,seed-3,VAP,12,VAP-CAPEX-5,pdLineExpansion,approved,underConstruction,1200000,VAP-F1
ecuador-early-expansion,seed-3,CONSV,13,CONSV-CAPEX-7,pdLineExpansion,underConstruction,underConstruction,1600000,CONSV-F1
ecuador-early-expansion,seed-3,CONSV,13,CONSV-CAPEX-8,vapLineExpansion,underConstruction,underConstruction,2100000,CONSV-F1
ecuador-early-expansion,seed-3,VAP,13,VAP-CAPEX-4,vapLineExpansion,underConstruction,underConstruction,1500000,VAP-F1
ecuador-early-expansion,seed-3,VAP,13,VAP-CAPEX-5,pdLineExpansion,underConstruction,underConstruction,1600000,VAP-F1
ecuador-early-expansion,seed-3,JPQ,14,JPQ-CAPEX-5,vapLineExpansion,approved,underConstruction,1500000,JPQ-F1
ecuador-early-expansion,seed-3,CONSV,14,CONSV-CAPEX-7,pdLineExpansion,underConstruction,completed,1200000,CONSV-F1
ecuador-early-expansion,seed-3,CONSV,14,CONSV-CAPEX-8,vapLineExpansion,underConstruction,underConstruction,1500000,CONSV-F1
ecuador-early-expansion,seed-3,VAP,14,VAP-CAPEX-4,vapLineExpansion,underConstruction,completed,900000,VAP-F1
ecuador-early-expansion,seed-3,VAP,14,VAP-CAPEX-5,pdLineExpansion,underConstruction,completed,1200000,VAP-F1
ecuador-early-expansion,seed-3,JPQ,15,JPQ-CAPEX-5,vapLineExpansion,underConstruction,underConstruction,2100000,JPQ-F1
ecuador-early-expansion,seed-3,CONSV,15,CONSV-CAPEX-8,vapLineExpansion,underConstruction,completed,900000,CONSV-F1
ecuador-early-expansion,seed-3,JPQ,16,JPQ-CAPEX-5,vapLineExpansion,underConstruction,underConstruction,1500000,JPQ-F1
ecuador-early-expansion,seed-3,CONSV,16,CONSV-CAPEX-9,pdLineExpansion,approved,underConstruction,1200000,CONSV-F1
ecuador-early-expansion,seed-3,VAP,16,VAP-CAPEX-6,pdLineExpansion,approved,underConstruction,1200000,VAP-F1
ecuador-early-expansion,seed-3,JPQ,17,JPQ-CAPEX-5,vapLineExpansion,underConstruction,completed,900000,JPQ-F1
ecuador-early-expansion,seed-3,CONSV,17,CONSV-CAPEX-9,pdLineExpansion,underConstruction,underConstruction,1600000,CONSV-F1
ecuador-early-expansion,seed-3,VAP,17,VAP-CAPEX-6,pdLineExpansion,underConstruction,underConstruction,1600000,VAP-F1
ecuador-early-expansion,seed-3,VAP,17,VAP-CAPEX-7,vapLineExpansion,approved,underConstruction,1500000,VAP-F1
ecuador-early-expansion,seed-3,CONSV,18,CONSV-CAPEX-9,pdLineExpansion,underConstruction,completed,1200000,CONSV-F1
ecuador-early-expansion,seed-3,VAP,18,VAP-CAPEX-6,pdLineExpansion,underConstruction,completed,1200000,VAP-F1
ecuador-early-expansion,seed-3,VAP,18,VAP-CAPEX-7,vapLineExpansion,underConstruction,underConstruction,2100000,VAP-F1
ecuador-early-expansion,seed-3,MASS,19,MASS-CAPEX-1,pdLineExpansion,approved,underConstruction,1200000,MASS-F1
ecuador-early-expansion,seed-3,VAP,19,VAP-CAPEX-7,vapLineExpansion,underConstruction,underConstruction,1500000,VAP-F1
ecuador-early-expansion,seed-3,MASS,20,MASS-CAPEX-1,pdLineExpansion,underConstruction,underConstruction,1600000,MASS-F1
ecuador-early-expansion,seed-3,JPQ,20,JPQ-CAPEX-6,vapLineExpansion,approved,underConstruction,1500000,JPQ-F1
ecuador-early-expansion,seed-3,CONSV,20,CONSV-CAPEX-10,pdLineExpansion,approved,underConstruction,1200000,CONSV-F1
ecuador-early-expansion,seed-3,VAP,20,VAP-CAPEX-7,vapLineExpansion,underConstruction,completed,900000,VAP-F1
ecuador-early-expansion,seed-3,VAP,20,VAP-CAPEX-8,pdLineExpansion,approved,underConstruction,1200000,VAP-F1
ecuador-early-expansion,seed-3,MASS,21,MASS-CAPEX-1,pdLineExpansion,underConstruction,completed,1200000,MASS-F1
ecuador-early-expansion,seed-3,MASS,21,MASS-CAPEX-2,hosoLineExpansion,approved,completed,8000000,MASS-F1
ecuador-early-expansion,seed-3,MASS,21,MASS-CAPEX-3,newFactoryConstruction,approved,underConstruction,6600000,
ecuador-early-expansion,seed-3,JPQ,21,JPQ-CAPEX-6,vapLineExpansion,underConstruction,underConstruction,2100000,JPQ-F1
ecuador-early-expansion,seed-3,CONSV,21,CONSV-CAPEX-10,pdLineExpansion,underConstruction,underConstruction,1600000,CONSV-F1
ecuador-early-expansion,seed-3,VAP,21,VAP-CAPEX-8,pdLineExpansion,underConstruction,underConstruction,1600000,VAP-F1
ecuador-early-expansion,seed-3,MASS,22,MASS-CAPEX-3,newFactoryConstruction,underConstruction,underConstruction,7699999.999999999,
ecuador-early-expansion,seed-3,MASS,22,MASS-CAPEX-4,vapLineExpansion,approved,underConstruction,1500000,MASS-F1
ecuador-early-expansion,seed-3,JPQ,22,JPQ-CAPEX-6,vapLineExpansion,underConstruction,underConstruction,1500000,JPQ-F1
ecuador-early-expansion,seed-3,CONSV,22,CONSV-CAPEX-10,pdLineExpansion,underConstruction,completed,1200000,CONSV-F1
ecuador-early-expansion,seed-3,VAP,22,VAP-CAPEX-8,pdLineExpansion,underConstruction,completed,1200000,VAP-F1
ecuador-early-expansion,seed-3,MASS,23,MASS-CAPEX-3,newFactoryConstruction,underConstruction,completed,7699999.999999999,
ecuador-early-expansion,seed-3,MASS,23,MASS-CAPEX-4,vapLineExpansion,underConstruction,underConstruction,2100000,MASS-F1
ecuador-early-expansion,seed-3,MASS,23,MASS-CAPEX-5,pdLineExpansion,approved,underConstruction,1200000,MASS-F1
ecuador-early-expansion,seed-3,JPQ,23,JPQ-CAPEX-6,vapLineExpansion,underConstruction,completed,900000,JPQ-F1
ecuador-early-expansion,seed-3,JPQ,23,JPQ-CAPEX-7,pdLineExpansion,approved,underConstruction,1200000,JPQ-F1
ecuador-early-expansion,seed-3,VAP,23,VAP-CAPEX-9,vapLineExpansion,approved,underConstruction,1500000,VAP-F1
ecuador-early-expansion,seed-3,MASS,24,MASS-CAPEX-4,vapLineExpansion,underConstruction,underConstruction,1500000,MASS-F1
ecuador-early-expansion,seed-3,MASS,24,MASS-CAPEX-5,pdLineExpansion,underConstruction,underConstruction,1600000,MASS-F1
ecuador-early-expansion,seed-3,JPQ,24,JPQ-CAPEX-7,pdLineExpansion,underConstruction,underConstruction,1600000,JPQ-F1
ecuador-early-expansion,seed-3,CONSV,24,CONSV-CAPEX-11,pdLineExpansion,approved,underConstruction,1200000,CONSV-F1
ecuador-early-expansion,seed-3,VAP,24,VAP-CAPEX-9,vapLineExpansion,underConstruction,underConstruction,2100000,VAP-F1
ecuador-early-expansion,seed-3,VAP,24,VAP-CAPEX-10,pdLineExpansion,approved,underConstruction,1200000,VAP-F1
ecuador-early-expansion,seed-3,MASS,25,MASS-CAPEX-4,vapLineExpansion,underConstruction,completed,900000,MASS-F1
ecuador-early-expansion,seed-3,MASS,25,MASS-CAPEX-5,pdLineExpansion,underConstruction,completed,1200000,MASS-F1
ecuador-early-expansion,seed-3,BAL,25,BAL-CAPEX-5,hosoLineExpansion,approved,completed,8000000,BAL-F1
ecuador-early-expansion,seed-3,BAL,25,BAL-CAPEX-6,pdLineExpansion,approved,underConstruction,1200000,BAL-F1
ecuador-early-expansion,seed-3,BAL,25,BAL-CAPEX-7,newFactoryConstruction,approved,underConstruction,6600000,
ecuador-early-expansion,seed-3,JPQ,25,JPQ-CAPEX-7,pdLineExpansion,underConstruction,completed,1200000,JPQ-F1
ecuador-early-expansion,seed-3,CONSV,25,CONSV-CAPEX-11,pdLineExpansion,underConstruction,underConstruction,1600000,CONSV-F1
ecuador-early-expansion,seed-3,VAP,25,VAP-CAPEX-9,vapLineExpansion,underConstruction,underConstruction,1500000,VAP-F1
ecuador-early-expansion,seed-3,VAP,25,VAP-CAPEX-10,pdLineExpansion,underConstruction,underConstruction,1600000,VAP-F1
ecuador-early-expansion,seed-3,BAL,26,BAL-CAPEX-6,pdLineExpansion,underConstruction,underConstruction,1600000,BAL-F1
ecuador-early-expansion,seed-3,BAL,26,BAL-CAPEX-7,newFactoryConstruction,underConstruction,underConstruction,7699999.999999999,
ecuador-early-expansion,seed-3,BAL,26,BAL-CAPEX-8,vapLineExpansion,approved,underConstruction,1500000,BAL-F1
ecuador-early-expansion,seed-3,JPQ,26,JPQ-CAPEX-8,vapLineExpansion,approved,underConstruction,1500000,JPQ-F1
ecuador-early-expansion,seed-3,CONSV,26,CONSV-CAPEX-11,pdLineExpansion,underConstruction,completed,1200000,CONSV-F1
ecuador-early-expansion,seed-3,VAP,26,VAP-CAPEX-9,vapLineExpansion,underConstruction,completed,900000,VAP-F1
ecuador-early-expansion,seed-3,VAP,26,VAP-CAPEX-10,pdLineExpansion,underConstruction,completed,1200000,VAP-F1
ecuador-early-expansion,seed-3,BAL,27,BAL-CAPEX-6,pdLineExpansion,underConstruction,completed,1200000,BAL-F1
ecuador-early-expansion,seed-3,BAL,27,BAL-CAPEX-7,newFactoryConstruction,underConstruction,completed,7699999.999999999,
ecuador-early-expansion,seed-3,BAL,27,BAL-CAPEX-8,vapLineExpansion,underConstruction,underConstruction,2100000,BAL-F1
ecuador-early-expansion,seed-3,JPQ,27,JPQ-CAPEX-8,vapLineExpansion,underConstruction,underConstruction,2100000,JPQ-F1
ecuador-early-expansion,seed-3,JPQ,27,JPQ-CAPEX-9,pdLineExpansion,approved,underConstruction,1200000,JPQ-F1
ecuador-early-expansion,seed-3,MASS,28,MASS-CAPEX-6,hosoLineExpansion,approved,completed,8000000,MASS-NEWF-MASS-CAPEX-3
ecuador-early-expansion,seed-3,MASS,28,MASS-CAPEX-7,newFactoryConstruction,approved,underConstruction,6600000,
ecuador-early-expansion,seed-3,BAL,28,BAL-CAPEX-8,vapLineExpansion,underConstruction,underConstruction,1500000,BAL-F1
ecuador-early-expansion,seed-3,BAL,28,BAL-CAPEX-9,commonProcessingExpansion,approved,underConstruction,1500000,BAL-F1
ecuador-early-expansion,seed-3,JPQ,28,JPQ-CAPEX-8,vapLineExpansion,underConstruction,underConstruction,1500000,JPQ-F1
ecuador-early-expansion,seed-3,JPQ,28,JPQ-CAPEX-9,pdLineExpansion,underConstruction,underConstruction,1600000,JPQ-F1
ecuador-early-expansion,seed-3,JPQ,28,JPQ-CAPEX-10,newFactoryConstruction,approved,underConstruction,6600000,
ecuador-early-expansion,seed-3,CONSV,28,CONSV-CAPEX-12,pdLineExpansion,approved,underConstruction,1200000,CONSV-F1
ecuador-early-expansion,seed-3,VAP,28,VAP-CAPEX-11,pdLineExpansion,approved,underConstruction,1200000,VAP-F1
ecuador-early-expansion,seed-3,MASS,29,MASS-CAPEX-7,newFactoryConstruction,underConstruction,underConstruction,7699999.999999999,
ecuador-early-expansion,seed-3,BAL,29,BAL-CAPEX-8,vapLineExpansion,underConstruction,completed,900000,BAL-F1
ecuador-early-expansion,seed-3,BAL,29,BAL-CAPEX-9,commonProcessingExpansion,underConstruction,underConstruction,2000000,BAL-F1
ecuador-early-expansion,seed-3,JPQ,29,JPQ-CAPEX-8,vapLineExpansion,underConstruction,completed,900000,JPQ-F1
ecuador-early-expansion,seed-3,JPQ,29,JPQ-CAPEX-9,pdLineExpansion,underConstruction,completed,1200000,JPQ-F1
ecuador-early-expansion,seed-3,JPQ,29,JPQ-CAPEX-10,newFactoryConstruction,underConstruction,underConstruction,7699999.999999999,
ecuador-early-expansion,seed-3,CONSV,29,CONSV-CAPEX-12,pdLineExpansion,underConstruction,underConstruction,1600000,CONSV-F1
ecuador-early-expansion,seed-3,VAP,29,VAP-CAPEX-11,pdLineExpansion,underConstruction,underConstruction,1600000,VAP-F1
ecuador-early-expansion,seed-3,VAP,29,VAP-CAPEX-12,vapLineExpansion,approved,underConstruction,1500000,VAP-F1
ecuador-early-expansion,seed-3,MASS,30,MASS-CAPEX-7,newFactoryConstruction,underConstruction,completed,7699999.999999999,
ecuador-early-expansion,seed-3,BAL,30,BAL-CAPEX-9,commonProcessingExpansion,underConstruction,completed,1500000,BAL-F1
ecuador-early-expansion,seed-3,JPQ,30,JPQ-CAPEX-10,newFactoryConstruction,underConstruction,completed,7699999.999999999,
ecuador-early-expansion,seed-3,CONSV,30,CONSV-CAPEX-12,pdLineExpansion,underConstruction,completed,1200000,CONSV-F1
ecuador-early-expansion,seed-3,VAP,30,VAP-CAPEX-11,pdLineExpansion,underConstruction,completed,1200000,VAP-F1
ecuador-early-expansion,seed-3,VAP,30,VAP-CAPEX-12,vapLineExpansion,underConstruction,underConstruction,2100000,VAP-F1
ecuador-early-expansion,seed-3,MASS,31,MASS-CAPEX-8,hosoLineExpansion,approved,completed,8000000,MASS-NEWF-MASS-CAPEX-3
ecuador-early-expansion,seed-3,BAL,31,BAL-CAPEX-10,qualityControlEquipment,approved,underConstruction,720000,BAL-NEWF-BAL-CAPEX-7
ecuador-early-expansion,seed-3,JPQ,31,JPQ-CAPEX-11,pdLineExpansion,approved,underConstruction,1200000,JPQ-F1
ecuador-early-expansion,seed-3,VAP,31,VAP-CAPEX-12,vapLineExpansion,underConstruction,underConstruction,1500000,VAP-F1
ecuador-early-expansion,seed-3,BAL,32,BAL-CAPEX-10,qualityControlEquipment,underConstruction,completed,480000,BAL-NEWF-BAL-CAPEX-7
ecuador-early-expansion,seed-3,JPQ,32,JPQ-CAPEX-11,pdLineExpansion,underConstruction,underConstruction,1600000,JPQ-F1
ecuador-early-expansion,seed-3,CONSV,32,CONSV-CAPEX-13,pdLineExpansion,approved,underConstruction,1200000,CONSV-F1
ecuador-early-expansion,seed-3,VAP,32,VAP-CAPEX-12,vapLineExpansion,underConstruction,completed,900000,VAP-F1
ecuador-early-expansion,seed-3,VAP,32,VAP-CAPEX-13,pdLineExpansion,approved,underConstruction,1200000,VAP-F1
ecuador-early-expansion,seed-4,BAL,2,BAL-CAPEX-1,pdLineExpansion,approved,underConstruction,1200000,BAL-F1
ecuador-early-expansion,seed-4,BAL,3,BAL-CAPEX-1,pdLineExpansion,underConstruction,underConstruction,1600000,BAL-F1
ecuador-early-expansion,seed-4,JPQ,3,JPQ-CAPEX-1,pdMechanization,approved,underConstruction,1000000,JPQ-F1
ecuador-early-expansion,seed-4,JPQ,3,JPQ-CAPEX-2,qualityControlEquipment,approved,underConstruction,720000,JPQ-F1
ecuador-early-expansion,seed-4,CONSV,3,CONSV-CAPEX-1,qualityControlEquipment,approved,underConstruction,720000,CONSV-F1
ecuador-early-expansion,seed-4,BAL,4,BAL-CAPEX-1,pdLineExpansion,underConstruction,completed,1200000,BAL-F1
ecuador-early-expansion,seed-4,JPQ,4,JPQ-CAPEX-1,pdMechanization,underConstruction,completed,1500000,JPQ-F1
ecuador-early-expansion,seed-4,JPQ,4,JPQ-CAPEX-2,qualityControlEquipment,underConstruction,completed,480000,JPQ-F1
ecuador-early-expansion,seed-4,CONSV,4,CONSV-CAPEX-1,qualityControlEquipment,underConstruction,completed,480000,CONSV-F1
ecuador-early-expansion,seed-4,CONSV,4,CONSV-CAPEX-2,pdLineExpansion,approved,underConstruction,1200000,CONSV-F1
ecuador-early-expansion,seed-4,CONSV,4,CONSV-CAPEX-3,vapLineExpansion,approved,underConstruction,1500000,CONSV-F1
ecuador-early-expansion,seed-4,BAL,5,BAL-CAPEX-2,hosoLineExpansion,approved,completed,8000000,BAL-F1
ecuador-early-expansion,seed-4,CONSV,5,CONSV-CAPEX-2,pdLineExpansion,underConstruction,underConstruction,1600000,CONSV-F1
ecuador-early-expansion,seed-4,CONSV,5,CONSV-CAPEX-3,vapLineExpansion,underConstruction,underConstruction,2100000,CONSV-F1
ecuador-early-expansion,seed-4,CONSV,5,CONSV-CAPEX-4,pdMechanization,approved,underConstruction,1000000,CONSV-F1
ecuador-early-expansion,seed-4,CONSV,6,CONSV-CAPEX-2,pdLineExpansion,underConstruction,completed,1200000,CONSV-F1
ecuador-early-expansion,seed-4,CONSV,6,CONSV-CAPEX-3,vapLineExpansion,underConstruction,underConstruction,1500000,CONSV-F1
ecuador-early-expansion,seed-4,CONSV,6,CONSV-CAPEX-4,pdMechanization,underConstruction,completed,1500000,CONSV-F1
ecuador-early-expansion,seed-4,BAL,7,BAL-CAPEX-3,pdMechanization,approved,underConstruction,1000000,BAL-F1
ecuador-early-expansion,seed-4,CONSV,7,CONSV-CAPEX-3,vapLineExpansion,underConstruction,completed,900000,CONSV-F1
ecuador-early-expansion,seed-4,VAP,7,VAP-CAPEX-1,qualityControlEquipment,approved,underConstruction,720000,VAP-F1
ecuador-early-expansion,seed-4,BAL,8,BAL-CAPEX-3,pdMechanization,underConstruction,completed,1500000,BAL-F1
ecuador-early-expansion,seed-4,JPQ,8,JPQ-CAPEX-3,vapLineExpansion,approved,underConstruction,1500000,JPQ-F1
ecuador-early-expansion,seed-4,CONSV,8,CONSV-CAPEX-5,pdLineExpansion,approved,underConstruction,1200000,CONSV-F1
ecuador-early-expansion,seed-4,VAP,8,VAP-CAPEX-1,qualityControlEquipment,underConstruction,completed,480000,VAP-F1
ecuador-early-expansion,seed-4,VAP,8,VAP-CAPEX-2,pdLineExpansion,approved,underConstruction,1200000,VAP-F1
ecuador-early-expansion,seed-4,VAP,8,VAP-CAPEX-3,pdMechanization,approved,underConstruction,1000000,VAP-F1
ecuador-early-expansion,seed-4,BAL,9,BAL-CAPEX-4,hosoLineExpansion,approved,completed,8000000,BAL-F1
ecuador-early-expansion,seed-4,JPQ,9,JPQ-CAPEX-3,vapLineExpansion,underConstruction,underConstruction,2100000,JPQ-F1
ecuador-early-expansion,seed-4,JPQ,9,JPQ-CAPEX-4,pdLineExpansion,approved,underConstruction,1200000,JPQ-F1
ecuador-early-expansion,seed-4,CONSV,9,CONSV-CAPEX-5,pdLineExpansion,underConstruction,underConstruction,1600000,CONSV-F1
ecuador-early-expansion,seed-4,CONSV,9,CONSV-CAPEX-6,hosoLineExpansion,approved,completed,8000000,CONSV-F1
ecuador-early-expansion,seed-4,VAP,9,VAP-CAPEX-2,pdLineExpansion,underConstruction,underConstruction,1600000,VAP-F1
ecuador-early-expansion,seed-4,VAP,9,VAP-CAPEX-3,pdMechanization,underConstruction,completed,1500000,VAP-F1
ecuador-early-expansion,seed-4,JPQ,10,JPQ-CAPEX-3,vapLineExpansion,underConstruction,underConstruction,1500000,JPQ-F1
ecuador-early-expansion,seed-4,JPQ,10,JPQ-CAPEX-4,pdLineExpansion,underConstruction,underConstruction,1600000,JPQ-F1
ecuador-early-expansion,seed-4,CONSV,10,CONSV-CAPEX-5,pdLineExpansion,underConstruction,completed,1200000,CONSV-F1
ecuador-early-expansion,seed-4,CONSV,10,CONSV-CAPEX-7,vapLineExpansion,approved,underConstruction,1500000,CONSV-F1
ecuador-early-expansion,seed-4,VAP,10,VAP-CAPEX-2,pdLineExpansion,underConstruction,completed,1200000,VAP-F1
ecuador-early-expansion,seed-4,JPQ,11,JPQ-CAPEX-3,vapLineExpansion,underConstruction,completed,900000,JPQ-F1
ecuador-early-expansion,seed-4,JPQ,11,JPQ-CAPEX-4,pdLineExpansion,underConstruction,completed,1200000,JPQ-F1
ecuador-early-expansion,seed-4,CONSV,11,CONSV-CAPEX-7,vapLineExpansion,underConstruction,underConstruction,2100000,CONSV-F1
ecuador-early-expansion,seed-4,VAP,11,VAP-CAPEX-4,vapLineExpansion,approved,underConstruction,1500000,VAP-F1
ecuador-early-expansion,seed-4,BAL,12,BAL-CAPEX-5,hosoLineExpansion,approved,completed,8000000,BAL-F1
ecuador-early-expansion,seed-4,CONSV,12,CONSV-CAPEX-7,vapLineExpansion,underConstruction,underConstruction,1500000,CONSV-F1
ecuador-early-expansion,seed-4,CONSV,12,CONSV-CAPEX-8,pdLineExpansion,approved,underConstruction,1200000,CONSV-F1
ecuador-early-expansion,seed-4,VAP,12,VAP-CAPEX-4,vapLineExpansion,underConstruction,underConstruction,2100000,VAP-F1
ecuador-early-expansion,seed-4,VAP,12,VAP-CAPEX-5,pdLineExpansion,approved,underConstruction,1200000,VAP-F1
ecuador-early-expansion,seed-4,CONSV,13,CONSV-CAPEX-7,vapLineExpansion,underConstruction,completed,900000,CONSV-F1
ecuador-early-expansion,seed-4,CONSV,13,CONSV-CAPEX-8,pdLineExpansion,underConstruction,underConstruction,1600000,CONSV-F1
ecuador-early-expansion,seed-4,VAP,13,VAP-CAPEX-4,vapLineExpansion,underConstruction,underConstruction,1500000,VAP-F1
ecuador-early-expansion,seed-4,VAP,13,VAP-CAPEX-5,pdLineExpansion,underConstruction,underConstruction,1600000,VAP-F1
ecuador-early-expansion,seed-4,JPQ,14,JPQ-CAPEX-5,vapLineExpansion,approved,underConstruction,1500000,JPQ-F1
ecuador-early-expansion,seed-4,CONSV,14,CONSV-CAPEX-8,pdLineExpansion,underConstruction,completed,1200000,CONSV-F1
ecuador-early-expansion,seed-4,VAP,14,VAP-CAPEX-4,vapLineExpansion,underConstruction,completed,900000,VAP-F1
ecuador-early-expansion,seed-4,VAP,14,VAP-CAPEX-5,pdLineExpansion,underConstruction,completed,1200000,VAP-F1
ecuador-early-expansion,seed-4,BAL,15,BAL-CAPEX-6,commonProcessingExpansion,approved,underConstruction,1500000,BAL-F1
ecuador-early-expansion,seed-4,JPQ,15,JPQ-CAPEX-5,vapLineExpansion,underConstruction,underConstruction,2100000,JPQ-F1
ecuador-early-expansion,seed-4,BAL,16,BAL-CAPEX-6,commonProcessingExpansion,underConstruction,underConstruction,2000000,BAL-F1
ecuador-early-expansion,seed-4,JPQ,16,JPQ-CAPEX-5,vapLineExpansion,underConstruction,underConstruction,1500000,JPQ-F1
ecuador-early-expansion,seed-4,CONSV,16,CONSV-CAPEX-9,pdLineExpansion,approved,underConstruction,1200000,CONSV-F1
ecuador-early-expansion,seed-4,VAP,16,VAP-CAPEX-6,pdLineExpansion,approved,underConstruction,1200000,VAP-F1
ecuador-early-expansion,seed-4,BAL,17,BAL-CAPEX-6,commonProcessingExpansion,underConstruction,completed,1500000,BAL-F1
ecuador-early-expansion,seed-4,JPQ,17,JPQ-CAPEX-5,vapLineExpansion,underConstruction,completed,900000,JPQ-F1
ecuador-early-expansion,seed-4,CONSV,17,CONSV-CAPEX-9,pdLineExpansion,underConstruction,underConstruction,1600000,CONSV-F1
ecuador-early-expansion,seed-4,VAP,17,VAP-CAPEX-6,pdLineExpansion,underConstruction,underConstruction,1600000,VAP-F1
ecuador-early-expansion,seed-4,VAP,17,VAP-CAPEX-7,vapLineExpansion,approved,underConstruction,1500000,VAP-F1
ecuador-early-expansion,seed-4,CONSV,18,CONSV-CAPEX-9,pdLineExpansion,underConstruction,completed,1200000,CONSV-F1
ecuador-early-expansion,seed-4,VAP,18,VAP-CAPEX-6,pdLineExpansion,underConstruction,completed,1200000,VAP-F1
ecuador-early-expansion,seed-4,VAP,18,VAP-CAPEX-7,vapLineExpansion,underConstruction,underConstruction,2100000,VAP-F1
ecuador-early-expansion,seed-4,MASS,19,MASS-CAPEX-1,pdLineExpansion,approved,underConstruction,1200000,MASS-F1
ecuador-early-expansion,seed-4,BAL,19,BAL-CAPEX-7,commonProcessingExpansion,approved,underConstruction,1500000,BAL-F1
ecuador-early-expansion,seed-4,VAP,19,VAP-CAPEX-7,vapLineExpansion,underConstruction,underConstruction,1500000,VAP-F1
ecuador-early-expansion,seed-4,MASS,20,MASS-CAPEX-1,pdLineExpansion,underConstruction,underConstruction,1600000,MASS-F1
ecuador-early-expansion,seed-4,BAL,20,BAL-CAPEX-7,commonProcessingExpansion,underConstruction,underConstruction,2000000,BAL-F1
ecuador-early-expansion,seed-4,BAL,20,BAL-CAPEX-8,pdLineExpansion,approved,underConstruction,1200000,BAL-F1
ecuador-early-expansion,seed-4,JPQ,20,JPQ-CAPEX-6,vapLineExpansion,approved,underConstruction,1500000,JPQ-F1
ecuador-early-expansion,seed-4,CONSV,20,CONSV-CAPEX-10,pdLineExpansion,approved,underConstruction,1200000,CONSV-F1
ecuador-early-expansion,seed-4,VAP,20,VAP-CAPEX-7,vapLineExpansion,underConstruction,completed,900000,VAP-F1
ecuador-early-expansion,seed-4,VAP,20,VAP-CAPEX-8,pdLineExpansion,approved,underConstruction,1200000,VAP-F1
ecuador-early-expansion,seed-4,MASS,21,MASS-CAPEX-1,pdLineExpansion,underConstruction,completed,1200000,MASS-F1
ecuador-early-expansion,seed-4,BAL,21,BAL-CAPEX-7,commonProcessingExpansion,underConstruction,completed,1500000,BAL-F1
ecuador-early-expansion,seed-4,BAL,21,BAL-CAPEX-8,pdLineExpansion,underConstruction,underConstruction,1600000,BAL-F1
ecuador-early-expansion,seed-4,BAL,21,BAL-CAPEX-9,vapLineExpansion,approved,underConstruction,1500000,BAL-F1
ecuador-early-expansion,seed-4,JPQ,21,JPQ-CAPEX-6,vapLineExpansion,underConstruction,underConstruction,2100000,JPQ-F1
ecuador-early-expansion,seed-4,CONSV,21,CONSV-CAPEX-10,pdLineExpansion,underConstruction,underConstruction,1600000,CONSV-F1
ecuador-early-expansion,seed-4,VAP,21,VAP-CAPEX-8,pdLineExpansion,underConstruction,underConstruction,1600000,VAP-F1
ecuador-early-expansion,seed-4,MASS,22,MASS-CAPEX-2,vapLineExpansion,approved,underConstruction,1500000,MASS-F1
ecuador-early-expansion,seed-4,MASS,22,MASS-CAPEX-3,newFactoryConstruction,approved,underConstruction,6600000,
ecuador-early-expansion,seed-4,BAL,22,BAL-CAPEX-8,pdLineExpansion,underConstruction,completed,1200000,BAL-F1
ecuador-early-expansion,seed-4,BAL,22,BAL-CAPEX-9,vapLineExpansion,underConstruction,underConstruction,2100000,BAL-F1
ecuador-early-expansion,seed-4,JPQ,22,JPQ-CAPEX-6,vapLineExpansion,underConstruction,underConstruction,1500000,JPQ-F1
ecuador-early-expansion,seed-4,CONSV,22,CONSV-CAPEX-10,pdLineExpansion,underConstruction,completed,1200000,CONSV-F1
ecuador-early-expansion,seed-4,VAP,22,VAP-CAPEX-8,pdLineExpansion,underConstruction,completed,1200000,VAP-F1
ecuador-early-expansion,seed-4,MASS,23,MASS-CAPEX-2,vapLineExpansion,underConstruction,underConstruction,2100000,MASS-F1
ecuador-early-expansion,seed-4,MASS,23,MASS-CAPEX-3,newFactoryConstruction,underConstruction,underConstruction,7699999.999999999,
ecuador-early-expansion,seed-4,BAL,23,BAL-CAPEX-9,vapLineExpansion,underConstruction,underConstruction,1500000,BAL-F1
ecuador-early-expansion,seed-4,BAL,23,BAL-CAPEX-10,commonProcessingExpansion,approved,underConstruction,1500000,BAL-F1
ecuador-early-expansion,seed-4,JPQ,23,JPQ-CAPEX-6,vapLineExpansion,underConstruction,completed,900000,JPQ-F1
ecuador-early-expansion,seed-4,JPQ,23,JPQ-CAPEX-7,pdLineExpansion,approved,underConstruction,1200000,JPQ-F1
ecuador-early-expansion,seed-4,VAP,23,VAP-CAPEX-9,vapLineExpansion,approved,underConstruction,1500000,VAP-F1
ecuador-early-expansion,seed-4,MASS,24,MASS-CAPEX-2,vapLineExpansion,underConstruction,underConstruction,1500000,MASS-F1
ecuador-early-expansion,seed-4,MASS,24,MASS-CAPEX-3,newFactoryConstruction,underConstruction,completed,7699999.999999999,
ecuador-early-expansion,seed-4,BAL,24,BAL-CAPEX-9,vapLineExpansion,underConstruction,completed,900000,BAL-F1
ecuador-early-expansion,seed-4,BAL,24,BAL-CAPEX-10,commonProcessingExpansion,underConstruction,underConstruction,2000000,BAL-F1
ecuador-early-expansion,seed-4,BAL,24,BAL-CAPEX-11,newFactoryConstruction,approved,underConstruction,6600000,
ecuador-early-expansion,seed-4,JPQ,24,JPQ-CAPEX-7,pdLineExpansion,underConstruction,underConstruction,1600000,JPQ-F1
ecuador-early-expansion,seed-4,CONSV,24,CONSV-CAPEX-11,pdLineExpansion,approved,underConstruction,1200000,CONSV-F1
ecuador-early-expansion,seed-4,VAP,24,VAP-CAPEX-9,vapLineExpansion,underConstruction,underConstruction,2100000,VAP-F1
ecuador-early-expansion,seed-4,VAP,24,VAP-CAPEX-10,pdLineExpansion,approved,underConstruction,1200000,VAP-F1
ecuador-early-expansion,seed-4,MASS,25,MASS-CAPEX-2,vapLineExpansion,underConstruction,completed,900000,MASS-F1
ecuador-early-expansion,seed-4,MASS,25,MASS-CAPEX-4,pdLineExpansion,approved,underConstruction,1200000,MASS-F1
ecuador-early-expansion,seed-4,BAL,25,BAL-CAPEX-10,commonProcessingExpansion,underConstruction,completed,1500000,BAL-F1
ecuador-early-expansion,seed-4,BAL,25,BAL-CAPEX-11,newFactoryConstruction,underConstruction,underConstruction,7699999.999999999,
ecuador-early-expansion,seed-4,JPQ,25,JPQ-CAPEX-7,pdLineExpansion,underConstruction,completed,1200000,JPQ-F1
ecuador-early-expansion,seed-4,CONSV,25,CONSV-CAPEX-11,pdLineExpansion,underConstruction,underConstruction,1600000,CONSV-F1
ecuador-early-expansion,seed-4,VAP,25,VAP-CAPEX-9,vapLineExpansion,underConstruction,underConstruction,1500000,VAP-F1
ecuador-early-expansion,seed-4,VAP,25,VAP-CAPEX-10,pdLineExpansion,underConstruction,underConstruction,1600000,VAP-F1
ecuador-early-expansion,seed-4,MASS,26,MASS-CAPEX-4,pdLineExpansion,underConstruction,underConstruction,1600000,MASS-F1
ecuador-early-expansion,seed-4,BAL,26,BAL-CAPEX-11,newFactoryConstruction,underConstruction,completed,7699999.999999999,
ecuador-early-expansion,seed-4,JPQ,26,JPQ-CAPEX-8,vapLineExpansion,approved,underConstruction,1500000,JPQ-F1
ecuador-early-expansion,seed-4,CONSV,26,CONSV-CAPEX-11,pdLineExpansion,underConstruction,completed,1200000,CONSV-F1
ecuador-early-expansion,seed-4,VAP,26,VAP-CAPEX-9,vapLineExpansion,underConstruction,completed,900000,VAP-F1
ecuador-early-expansion,seed-4,VAP,26,VAP-CAPEX-10,pdLineExpansion,underConstruction,completed,1200000,VAP-F1
ecuador-early-expansion,seed-4,MASS,27,MASS-CAPEX-4,pdLineExpansion,underConstruction,completed,1200000,MASS-F1
ecuador-early-expansion,seed-4,JPQ,27,JPQ-CAPEX-8,vapLineExpansion,underConstruction,underConstruction,2100000,JPQ-F1
ecuador-early-expansion,seed-4,JPQ,27,JPQ-CAPEX-9,pdLineExpansion,approved,underConstruction,1200000,JPQ-F1
ecuador-early-expansion,seed-4,JPQ,28,JPQ-CAPEX-8,vapLineExpansion,underConstruction,underConstruction,1500000,JPQ-F1
ecuador-early-expansion,seed-4,JPQ,28,JPQ-CAPEX-9,pdLineExpansion,underConstruction,underConstruction,1600000,JPQ-F1
ecuador-early-expansion,seed-4,JPQ,28,JPQ-CAPEX-10,newFactoryConstruction,approved,underConstruction,6600000,
ecuador-early-expansion,seed-4,CONSV,28,CONSV-CAPEX-12,pdLineExpansion,approved,underConstruction,1200000,CONSV-F1
ecuador-early-expansion,seed-4,VAP,28,VAP-CAPEX-11,pdLineExpansion,approved,underConstruction,1200000,VAP-F1
ecuador-early-expansion,seed-4,MASS,29,MASS-CAPEX-5,hosoLineExpansion,approved,completed,8000000,MASS-NEWF-MASS-CAPEX-3
ecuador-early-expansion,seed-4,MASS,29,MASS-CAPEX-6,newFactoryConstruction,approved,underConstruction,6600000,
ecuador-early-expansion,seed-4,JPQ,29,JPQ-CAPEX-8,vapLineExpansion,underConstruction,completed,900000,JPQ-F1
ecuador-early-expansion,seed-4,JPQ,29,JPQ-CAPEX-9,pdLineExpansion,underConstruction,completed,1200000,JPQ-F1
ecuador-early-expansion,seed-4,JPQ,29,JPQ-CAPEX-10,newFactoryConstruction,underConstruction,underConstruction,7699999.999999999,
ecuador-early-expansion,seed-4,CONSV,29,CONSV-CAPEX-12,pdLineExpansion,underConstruction,underConstruction,1600000,CONSV-F1
ecuador-early-expansion,seed-4,VAP,29,VAP-CAPEX-11,pdLineExpansion,underConstruction,underConstruction,1600000,VAP-F1
ecuador-early-expansion,seed-4,VAP,29,VAP-CAPEX-12,vapLineExpansion,approved,underConstruction,1500000,VAP-F1
ecuador-early-expansion,seed-4,MASS,30,MASS-CAPEX-6,newFactoryConstruction,underConstruction,underConstruction,7699999.999999999,
ecuador-early-expansion,seed-4,JPQ,30,JPQ-CAPEX-10,newFactoryConstruction,underConstruction,completed,7699999.999999999,
ecuador-early-expansion,seed-4,CONSV,30,CONSV-CAPEX-12,pdLineExpansion,underConstruction,completed,1200000,CONSV-F1
ecuador-early-expansion,seed-4,VAP,30,VAP-CAPEX-11,pdLineExpansion,underConstruction,completed,1200000,VAP-F1
ecuador-early-expansion,seed-4,VAP,30,VAP-CAPEX-12,vapLineExpansion,underConstruction,underConstruction,2100000,VAP-F1
ecuador-early-expansion,seed-4,MASS,31,MASS-CAPEX-6,newFactoryConstruction,underConstruction,completed,7699999.999999999,
ecuador-early-expansion,seed-4,JPQ,31,JPQ-CAPEX-11,pdLineExpansion,approved,underConstruction,1200000,JPQ-F1
ecuador-early-expansion,seed-4,VAP,31,VAP-CAPEX-12,vapLineExpansion,underConstruction,underConstruction,1500000,VAP-F1
ecuador-early-expansion,seed-4,JPQ,32,JPQ-CAPEX-11,pdLineExpansion,underConstruction,underConstruction,1600000,JPQ-F1
ecuador-early-expansion,seed-4,CONSV,32,CONSV-CAPEX-13,pdLineExpansion,approved,underConstruction,1200000,CONSV-F1
ecuador-early-expansion,seed-4,VAP,32,VAP-CAPEX-12,vapLineExpansion,underConstruction,completed,900000,VAP-F1
ecuador-early-expansion,seed-4,VAP,32,VAP-CAPEX-13,pdLineExpansion,approved,underConstruction,1200000,VAP-F1
ecuador-early-expansion,seed-5,BAL,2,BAL-CAPEX-1,pdLineExpansion,approved,underConstruction,1200000,BAL-F1
ecuador-early-expansion,seed-5,BAL,3,BAL-CAPEX-1,pdLineExpansion,underConstruction,underConstruction,1600000,BAL-F1
ecuador-early-expansion,seed-5,JPQ,3,JPQ-CAPEX-1,qualityControlEquipment,approved,underConstruction,720000,JPQ-F1
ecuador-early-expansion,seed-5,CONSV,3,CONSV-CAPEX-1,qualityControlEquipment,approved,underConstruction,720000,CONSV-F1
ecuador-early-expansion,seed-5,BAL,4,BAL-CAPEX-1,pdLineExpansion,underConstruction,completed,1200000,BAL-F1
ecuador-early-expansion,seed-5,JPQ,4,JPQ-CAPEX-1,qualityControlEquipment,underConstruction,completed,480000,JPQ-F1
ecuador-early-expansion,seed-5,CONSV,4,CONSV-CAPEX-1,qualityControlEquipment,underConstruction,completed,480000,CONSV-F1
ecuador-early-expansion,seed-5,CONSV,4,CONSV-CAPEX-2,pdLineExpansion,approved,underConstruction,1200000,CONSV-F1
ecuador-early-expansion,seed-5,CONSV,4,CONSV-CAPEX-3,pdMechanization,approved,underConstruction,1000000,CONSV-F1
ecuador-early-expansion,seed-5,BAL,5,BAL-CAPEX-2,hosoLineExpansion,approved,completed,8000000,BAL-F1
ecuador-early-expansion,seed-5,CONSV,5,CONSV-CAPEX-2,pdLineExpansion,underConstruction,underConstruction,1600000,CONSV-F1
ecuador-early-expansion,seed-5,CONSV,5,CONSV-CAPEX-3,pdMechanization,underConstruction,completed,1500000,CONSV-F1
ecuador-early-expansion,seed-5,CONSV,5,CONSV-CAPEX-4,vapLineExpansion,approved,underConstruction,1500000,CONSV-F1
ecuador-early-expansion,seed-5,VAP,5,VAP-CAPEX-1,qualityControlEquipment,approved,underConstruction,720000,VAP-F1
ecuador-early-expansion,seed-5,CONSV,6,CONSV-CAPEX-2,pdLineExpansion,underConstruction,completed,1200000,CONSV-F1
ecuador-early-expansion,seed-5,CONSV,6,CONSV-CAPEX-4,vapLineExpansion,underConstruction,underConstruction,2100000,CONSV-F1
ecuador-early-expansion,seed-5,VAP,6,VAP-CAPEX-1,qualityControlEquipment,underConstruction,completed,480000,VAP-F1
ecuador-early-expansion,seed-5,BAL,7,BAL-CAPEX-3,pdMechanization,approved,underConstruction,1000000,BAL-F1
ecuador-early-expansion,seed-5,BAL,7,BAL-CAPEX-4,qualityControlEquipment,approved,underConstruction,720000,BAL-F1
ecuador-early-expansion,seed-5,CONSV,7,CONSV-CAPEX-4,vapLineExpansion,underConstruction,underConstruction,1500000,CONSV-F1
ecuador-early-expansion,seed-5,VAP,7,VAP-CAPEX-2,pdMechanization,approved,underConstruction,1000000,VAP-F1
ecuador-early-expansion,seed-5,BAL,8,BAL-CAPEX-3,pdMechanization,underConstruction,completed,1500000,BAL-F1
ecuador-early-expansion,seed-5,BAL,8,BAL-CAPEX-4,qualityControlEquipment,underConstruction,completed,480000,BAL-F1
ecuador-early-expansion,seed-5,JPQ,8,JPQ-CAPEX-2,vapLineExpansion,approved,underConstruction,1500000,JPQ-F1
ecuador-early-expansion,seed-5,JPQ,8,JPQ-CAPEX-3,pdMechanization,approved,underConstruction,1000000,JPQ-F1
ecuador-early-expansion,seed-5,CONSV,8,CONSV-CAPEX-4,vapLineExpansion,underConstruction,completed,900000,CONSV-F1
ecuador-early-expansion,seed-5,CONSV,8,CONSV-CAPEX-5,pdLineExpansion,approved,underConstruction,1200000,CONSV-F1
ecuador-early-expansion,seed-5,VAP,8,VAP-CAPEX-2,pdMechanization,underConstruction,completed,1500000,VAP-F1
ecuador-early-expansion,seed-5,VAP,8,VAP-CAPEX-3,pdLineExpansion,approved,underConstruction,1200000,VAP-F1
ecuador-early-expansion,seed-5,VAP,8,VAP-CAPEX-4,vapLineExpansion,approved,underConstruction,1500000,VAP-F1
ecuador-early-expansion,seed-5,JPQ,9,JPQ-CAPEX-2,vapLineExpansion,underConstruction,underConstruction,2100000,JPQ-F1
ecuador-early-expansion,seed-5,JPQ,9,JPQ-CAPEX-3,pdMechanization,underConstruction,completed,1500000,JPQ-F1
ecuador-early-expansion,seed-5,CONSV,9,CONSV-CAPEX-5,pdLineExpansion,underConstruction,underConstruction,1600000,CONSV-F1
ecuador-early-expansion,seed-5,VAP,9,VAP-CAPEX-3,pdLineExpansion,underConstruction,underConstruction,1600000,VAP-F1
ecuador-early-expansion,seed-5,VAP,9,VAP-CAPEX-4,vapLineExpansion,underConstruction,underConstruction,2100000,VAP-F1
ecuador-early-expansion,seed-5,BAL,10,BAL-CAPEX-5,hosoLineExpansion,approved,completed,8000000,BAL-F1
ecuador-early-expansion,seed-5,JPQ,10,JPQ-CAPEX-2,vapLineExpansion,underConstruction,underConstruction,1500000,JPQ-F1
ecuador-early-expansion,seed-5,CONSV,10,CONSV-CAPEX-5,pdLineExpansion,underConstruction,completed,1200000,CONSV-F1
ecuador-early-expansion,seed-5,CONSV,10,CONSV-CAPEX-6,hosoLineExpansion,approved,completed,8000000,CONSV-F1
ecuador-early-expansion,seed-5,VAP,10,VAP-CAPEX-3,pdLineExpansion,underConstruction,completed,1200000,VAP-F1
ecuador-early-expansion,seed-5,VAP,10,VAP-CAPEX-4,vapLineExpansion,underConstruction,underConstruction,1500000,VAP-F1
ecuador-early-expansion,seed-5,JPQ,11,JPQ-CAPEX-2,vapLineExpansion,underConstruction,completed,900000,JPQ-F1
ecuador-early-expansion,seed-5,JPQ,11,JPQ-CAPEX-4,pdLineExpansion,approved,underConstruction,1200000,JPQ-F1
ecuador-early-expansion,seed-5,CONSV,11,CONSV-CAPEX-7,vapLineExpansion,approved,underConstruction,1500000,CONSV-F1
ecuador-early-expansion,seed-5,VAP,11,VAP-CAPEX-4,vapLineExpansion,underConstruction,completed,900000,VAP-F1
ecuador-early-expansion,seed-5,JPQ,12,JPQ-CAPEX-4,pdLineExpansion,underConstruction,underConstruction,1600000,JPQ-F1
ecuador-early-expansion,seed-5,CONSV,12,CONSV-CAPEX-7,vapLineExpansion,underConstruction,underConstruction,2100000,CONSV-F1
ecuador-early-expansion,seed-5,CONSV,12,CONSV-CAPEX-8,pdLineExpansion,approved,underConstruction,1200000,CONSV-F1
ecuador-early-expansion,seed-5,VAP,12,VAP-CAPEX-5,pdLineExpansion,approved,underConstruction,1200000,VAP-F1
ecuador-early-expansion,seed-5,JPQ,13,JPQ-CAPEX-4,pdLineExpansion,underConstruction,completed,1200000,JPQ-F1
ecuador-early-expansion,seed-5,JPQ,13,JPQ-CAPEX-5,hosoLineExpansion,approved,completed,8000000,JPQ-F1
ecuador-early-expansion,seed-5,CONSV,13,CONSV-CAPEX-7,vapLineExpansion,underConstruction,underConstruction,1500000,CONSV-F1
ecuador-early-expansion,seed-5,CONSV,13,CONSV-CAPEX-8,pdLineExpansion,underConstruction,underConstruction,1600000,CONSV-F1
ecuador-early-expansion,seed-5,VAP,13,VAP-CAPEX-5,pdLineExpansion,underConstruction,underConstruction,1600000,VAP-F1
ecuador-early-expansion,seed-5,JPQ,14,JPQ-CAPEX-6,vapLineExpansion,approved,underConstruction,1500000,JPQ-F1
ecuador-early-expansion,seed-5,CONSV,14,CONSV-CAPEX-7,vapLineExpansion,underConstruction,completed,900000,CONSV-F1
ecuador-early-expansion,seed-5,CONSV,14,CONSV-CAPEX-8,pdLineExpansion,underConstruction,completed,1200000,CONSV-F1
ecuador-early-expansion,seed-5,VAP,14,VAP-CAPEX-5,pdLineExpansion,underConstruction,completed,1200000,VAP-F1
ecuador-early-expansion,seed-5,VAP,14,VAP-CAPEX-6,vapLineExpansion,approved,underConstruction,1500000,VAP-F1
ecuador-early-expansion,seed-5,JPQ,15,JPQ-CAPEX-6,vapLineExpansion,underConstruction,underConstruction,2100000,JPQ-F1
ecuador-early-expansion,seed-5,JPQ,15,JPQ-CAPEX-7,pdLineExpansion,approved,underConstruction,1200000,JPQ-F1
ecuador-early-expansion,seed-5,VAP,15,VAP-CAPEX-6,vapLineExpansion,underConstruction,underConstruction,2100000,VAP-F1
ecuador-early-expansion,seed-5,MASS,16,MASS-CAPEX-1,pdLineExpansion,approved,underConstruction,1200000,MASS-F1
ecuador-early-expansion,seed-5,JPQ,16,JPQ-CAPEX-6,vapLineExpansion,underConstruction,underConstruction,1500000,JPQ-F1
ecuador-early-expansion,seed-5,JPQ,16,JPQ-CAPEX-7,pdLineExpansion,underConstruction,underConstruction,1600000,JPQ-F1
ecuador-early-expansion,seed-5,CONSV,16,CONSV-CAPEX-9,pdLineExpansion,approved,underConstruction,1200000,CONSV-F1
ecuador-early-expansion,seed-5,VAP,16,VAP-CAPEX-6,vapLineExpansion,underConstruction,underConstruction,1500000,VAP-F1
ecuador-early-expansion,seed-5,VAP,16,VAP-CAPEX-7,pdLineExpansion,approved,underConstruction,1200000,VAP-F1
ecuador-early-expansion,seed-5,MASS,17,MASS-CAPEX-1,pdLineExpansion,underConstruction,underConstruction,1600000,MASS-F1
ecuador-early-expansion,seed-5,JPQ,17,JPQ-CAPEX-6,vapLineExpansion,underConstruction,completed,900000,JPQ-F1
ecuador-early-expansion,seed-5,JPQ,17,JPQ-CAPEX-7,pdLineExpansion,underConstruction,completed,1200000,JPQ-F1
ecuador-early-expansion,seed-5,CONSV,17,CONSV-CAPEX-9,pdLineExpansion,underConstruction,underConstruction,1600000,CONSV-F1
ecuador-early-expansion,seed-5,VAP,17,VAP-CAPEX-6,vapLineExpansion,underConstruction,completed,900000,VAP-F1
ecuador-early-expansion,seed-5,VAP,17,VAP-CAPEX-7,pdLineExpansion,underConstruction,underConstruction,1600000,VAP-F1
ecuador-early-expansion,seed-5,MASS,18,MASS-CAPEX-1,pdLineExpansion,underConstruction,completed,1200000,MASS-F1
ecuador-early-expansion,seed-5,CONSV,18,CONSV-CAPEX-9,pdLineExpansion,underConstruction,completed,1200000,CONSV-F1
ecuador-early-expansion,seed-5,VAP,18,VAP-CAPEX-7,pdLineExpansion,underConstruction,completed,1200000,VAP-F1
ecuador-early-expansion,seed-5,JPQ,19,JPQ-CAPEX-8,pdLineExpansion,approved,underConstruction,1200000,JPQ-F1
ecuador-early-expansion,seed-5,JPQ,20,JPQ-CAPEX-8,pdLineExpansion,underConstruction,underConstruction,1600000,JPQ-F1
ecuador-early-expansion,seed-5,JPQ,20,JPQ-CAPEX-9,vapLineExpansion,approved,underConstruction,1500000,JPQ-F1
ecuador-early-expansion,seed-5,CONSV,20,CONSV-CAPEX-10,pdLineExpansion,approved,underConstruction,1200000,CONSV-F1
ecuador-early-expansion,seed-5,VAP,20,VAP-CAPEX-8,pdLineExpansion,approved,underConstruction,1200000,VAP-F1
ecuador-early-expansion,seed-5,VAP,20,VAP-CAPEX-9,vapLineExpansion,approved,underConstruction,1500000,VAP-F1
ecuador-early-expansion,seed-5,MASS,21,MASS-CAPEX-2,pdLineExpansion,approved,underConstruction,1200000,MASS-F1
ecuador-early-expansion,seed-5,JPQ,21,JPQ-CAPEX-8,pdLineExpansion,underConstruction,completed,1200000,JPQ-F1
ecuador-early-expansion,seed-5,JPQ,21,JPQ-CAPEX-9,vapLineExpansion,underConstruction,underConstruction,2100000,JPQ-F1
ecuador-early-expansion,seed-5,CONSV,21,CONSV-CAPEX-10,pdLineExpansion,underConstruction,underConstruction,1600000,CONSV-F1
ecuador-early-expansion,seed-5,VAP,21,VAP-CAPEX-8,pdLineExpansion,underConstruction,underConstruction,1600000,VAP-F1
ecuador-early-expansion,seed-5,VAP,21,VAP-CAPEX-9,vapLineExpansion,underConstruction,underConstruction,2100000,VAP-F1
ecuador-early-expansion,seed-5,MASS,22,MASS-CAPEX-2,pdLineExpansion,underConstruction,underConstruction,1600000,MASS-F1
ecuador-early-expansion,seed-5,MASS,22,MASS-CAPEX-3,hosoLineExpansion,approved,completed,8000000,MASS-F1
ecuador-early-expansion,seed-5,MASS,22,MASS-CAPEX-4,newFactoryConstruction,approved,underConstruction,6600000,
ecuador-early-expansion,seed-5,JPQ,22,JPQ-CAPEX-9,vapLineExpansion,underConstruction,underConstruction,1500000,JPQ-F1
ecuador-early-expansion,seed-5,CONSV,22,CONSV-CAPEX-10,pdLineExpansion,underConstruction,completed,1200000,CONSV-F1
ecuador-early-expansion,seed-5,VAP,22,VAP-CAPEX-8,pdLineExpansion,underConstruction,completed,1200000,VAP-F1
ecuador-early-expansion,seed-5,VAP,22,VAP-CAPEX-9,vapLineExpansion,underConstruction,underConstruction,1500000,VAP-F1
ecuador-early-expansion,seed-5,MASS,23,MASS-CAPEX-2,pdLineExpansion,underConstruction,completed,1200000,MASS-F1
ecuador-early-expansion,seed-5,MASS,23,MASS-CAPEX-4,newFactoryConstruction,underConstruction,underConstruction,7699999.999999999,
ecuador-early-expansion,seed-5,JPQ,23,JPQ-CAPEX-9,vapLineExpansion,underConstruction,completed,900000,JPQ-F1
ecuador-early-expansion,seed-5,JPQ,23,JPQ-CAPEX-10,pdLineExpansion,approved,underConstruction,1200000,JPQ-F1
ecuador-early-expansion,seed-5,VAP,23,VAP-CAPEX-9,vapLineExpansion,underConstruction,completed,900000,VAP-F1
ecuador-early-expansion,seed-5,MASS,24,MASS-CAPEX-4,newFactoryConstruction,underConstruction,completed,7699999.999999999,
ecuador-early-expansion,seed-5,JPQ,24,JPQ-CAPEX-10,pdLineExpansion,underConstruction,underConstruction,1600000,JPQ-F1
ecuador-early-expansion,seed-5,CONSV,24,CONSV-CAPEX-11,pdLineExpansion,approved,underConstruction,1200000,CONSV-F1
ecuador-early-expansion,seed-5,VAP,24,VAP-CAPEX-10,pdLineExpansion,approved,underConstruction,1200000,VAP-F1
ecuador-early-expansion,seed-5,BAL,25,BAL-CAPEX-6,newFactoryConstruction,approved,underConstruction,6600000,
ecuador-early-expansion,seed-5,JPQ,25,JPQ-CAPEX-10,pdLineExpansion,underConstruction,completed,1200000,JPQ-F1
ecuador-early-expansion,seed-5,CONSV,25,CONSV-CAPEX-11,pdLineExpansion,underConstruction,underConstruction,1600000,CONSV-F1
ecuador-early-expansion,seed-5,VAP,25,VAP-CAPEX-10,pdLineExpansion,underConstruction,underConstruction,1600000,VAP-F1
ecuador-early-expansion,seed-5,BAL,26,BAL-CAPEX-6,newFactoryConstruction,underConstruction,underConstruction,7699999.999999999,
ecuador-early-expansion,seed-5,BAL,26,BAL-CAPEX-7,hosoLineExpansion,approved,completed,8000000,BAL-F1
ecuador-early-expansion,seed-5,BAL,26,BAL-CAPEX-8,pdLineExpansion,approved,underConstruction,1200000,BAL-F1
ecuador-early-expansion,seed-5,JPQ,26,JPQ-CAPEX-11,vapLineExpansion,approved,underConstruction,1500000,JPQ-F1
ecuador-early-expansion,seed-5,CONSV,26,CONSV-CAPEX-11,pdLineExpansion,underConstruction,completed,1200000,CONSV-F1
ecuador-early-expansion,seed-5,VAP,26,VAP-CAPEX-10,pdLineExpansion,underConstruction,completed,1200000,VAP-F1
ecuador-early-expansion,seed-5,VAP,26,VAP-CAPEX-11,vapLineExpansion,approved,underConstruction,1500000,VAP-F1
ecuador-early-expansion,seed-5,MASS,27,MASS-CAPEX-5,qualityControlEquipment,approved,underConstruction,720000,MASS-F1
ecuador-early-expansion,seed-5,BAL,27,BAL-CAPEX-6,newFactoryConstruction,underConstruction,completed,7699999.999999999,
ecuador-early-expansion,seed-5,BAL,27,BAL-CAPEX-8,pdLineExpansion,underConstruction,underConstruction,1600000,BAL-F1
ecuador-early-expansion,seed-5,BAL,27,BAL-CAPEX-9,vapLineExpansion,approved,underConstruction,1500000,BAL-F1
ecuador-early-expansion,seed-5,JPQ,27,JPQ-CAPEX-11,vapLineExpansion,underConstruction,underConstruction,2100000,JPQ-F1
ecuador-early-expansion,seed-5,VAP,27,VAP-CAPEX-11,vapLineExpansion,underConstruction,underConstruction,2100000,VAP-F1
ecuador-early-expansion,seed-5,MASS,28,MASS-CAPEX-5,qualityControlEquipment,underConstruction,completed,480000,MASS-F1
ecuador-early-expansion,seed-5,BAL,28,BAL-CAPEX-8,pdLineExpansion,underConstruction,completed,1200000,BAL-F1
ecuador-early-expansion,seed-5,BAL,28,BAL-CAPEX-9,vapLineExpansion,underConstruction,underConstruction,2100000,BAL-F1
ecuador-early-expansion,seed-5,BAL,28,BAL-CAPEX-10,commonProcessingExpansion,approved,underConstruction,1500000,BAL-F1
ecuador-early-expansion,seed-5,JPQ,28,JPQ-CAPEX-11,vapLineExpansion,underConstruction,underConstruction,1500000,JPQ-F1
ecuador-early-expansion,seed-5,JPQ,28,JPQ-CAPEX-12,pdLineExpansion,approved,underConstruction,1200000,JPQ-F1
ecuador-early-expansion,seed-5,CONSV,28,CONSV-CAPEX-12,pdLineExpansion,approved,underConstruction,1200000,CONSV-F1
ecuador-early-expansion,seed-5,VAP,28,VAP-CAPEX-11,vapLineExpansion,underConstruction,underConstruction,1500000,VAP-F1
ecuador-early-expansion,seed-5,VAP,28,VAP-CAPEX-12,pdLineExpansion,approved,underConstruction,1200000,VAP-F1
ecuador-early-expansion,seed-5,MASS,29,MASS-CAPEX-6,hosoLineExpansion,approved,completed,8000000,MASS-NEWF-MASS-CAPEX-4
ecuador-early-expansion,seed-5,MASS,29,MASS-CAPEX-7,newFactoryConstruction,approved,underConstruction,6600000,
ecuador-early-expansion,seed-5,BAL,29,BAL-CAPEX-9,vapLineExpansion,underConstruction,underConstruction,1500000,BAL-F1
ecuador-early-expansion,seed-5,BAL,29,BAL-CAPEX-10,commonProcessingExpansion,underConstruction,underConstruction,2000000,BAL-F1
ecuador-early-expansion,seed-5,JPQ,29,JPQ-CAPEX-11,vapLineExpansion,underConstruction,completed,900000,JPQ-F1
ecuador-early-expansion,seed-5,JPQ,29,JPQ-CAPEX-12,pdLineExpansion,underConstruction,underConstruction,1600000,JPQ-F1
ecuador-early-expansion,seed-5,CONSV,29,CONSV-CAPEX-12,pdLineExpansion,underConstruction,underConstruction,1600000,CONSV-F1
ecuador-early-expansion,seed-5,VAP,29,VAP-CAPEX-11,vapLineExpansion,underConstruction,completed,900000,VAP-F1
ecuador-early-expansion,seed-5,VAP,29,VAP-CAPEX-12,pdLineExpansion,underConstruction,underConstruction,1600000,VAP-F1
ecuador-early-expansion,seed-5,MASS,30,MASS-CAPEX-7,newFactoryConstruction,underConstruction,underConstruction,7699999.999999999,
ecuador-early-expansion,seed-5,BAL,30,BAL-CAPEX-9,vapLineExpansion,underConstruction,completed,900000,BAL-F1
ecuador-early-expansion,seed-5,BAL,30,BAL-CAPEX-10,commonProcessingExpansion,underConstruction,completed,1500000,BAL-F1
ecuador-early-expansion,seed-5,JPQ,30,JPQ-CAPEX-12,pdLineExpansion,underConstruction,completed,1200000,JPQ-F1
ecuador-early-expansion,seed-5,CONSV,30,CONSV-CAPEX-12,pdLineExpansion,underConstruction,completed,1200000,CONSV-F1
ecuador-early-expansion,seed-5,VAP,30,VAP-CAPEX-12,pdLineExpansion,underConstruction,completed,1200000,VAP-F1
ecuador-early-expansion,seed-5,MASS,31,MASS-CAPEX-7,newFactoryConstruction,underConstruction,completed,7699999.999999999,
ecuador-early-expansion,seed-5,MASS,32,MASS-CAPEX-8,hosoLineExpansion,approved,completed,8000000,MASS-NEWF-MASS-CAPEX-4
ecuador-early-expansion,seed-5,JPQ,32,JPQ-CAPEX-13,pdLineExpansion,approved,underConstruction,1200000,JPQ-F1
ecuador-early-expansion,seed-5,JPQ,32,JPQ-CAPEX-14,vapLineExpansion,approved,underConstruction,1500000,JPQ-F1
ecuador-early-expansion,seed-5,CONSV,32,CONSV-CAPEX-13,pdLineExpansion,approved,underConstruction,1200000,CONSV-F1
ecuador-early-expansion,seed-5,VAP,32,VAP-CAPEX-13,pdLineExpansion,approved,underConstruction,1200000,VAP-F1
ecuador-early-expansion,seed-5,VAP,32,VAP-CAPEX-14,vapLineExpansion,approved,underConstruction,1500000,VAP-F1
ecuador-delayed-expansion,seed-1,BAL,2,BAL-CAPEX-1,pdLineExpansion,approved,underConstruction,1200000,BAL-F1
ecuador-delayed-expansion,seed-1,BAL,3,BAL-CAPEX-1,pdLineExpansion,underConstruction,underConstruction,1600000,BAL-F1
ecuador-delayed-expansion,seed-1,JPQ,3,JPQ-CAPEX-1,pdMechanization,approved,underConstruction,1000000,JPQ-F1
ecuador-delayed-expansion,seed-1,JPQ,3,JPQ-CAPEX-2,qualityControlEquipment,approved,underConstruction,720000,JPQ-F1
ecuador-delayed-expansion,seed-1,CONSV,3,CONSV-CAPEX-1,qualityControlEquipment,approved,underConstruction,720000,CONSV-F1
ecuador-delayed-expansion,seed-1,BAL,4,BAL-CAPEX-1,pdLineExpansion,underConstruction,completed,1200000,BAL-F1
ecuador-delayed-expansion,seed-1,JPQ,4,JPQ-CAPEX-1,pdMechanization,underConstruction,completed,1500000,JPQ-F1
ecuador-delayed-expansion,seed-1,JPQ,4,JPQ-CAPEX-2,qualityControlEquipment,underConstruction,completed,480000,JPQ-F1
ecuador-delayed-expansion,seed-1,CONSV,4,CONSV-CAPEX-1,qualityControlEquipment,underConstruction,completed,480000,CONSV-F1
ecuador-delayed-expansion,seed-1,CONSV,4,CONSV-CAPEX-2,pdLineExpansion,approved,underConstruction,1200000,CONSV-F1
ecuador-delayed-expansion,seed-1,CONSV,4,CONSV-CAPEX-3,vapLineExpansion,approved,underConstruction,1500000,CONSV-F1
ecuador-delayed-expansion,seed-1,BAL,5,BAL-CAPEX-2,hosoLineExpansion,approved,completed,8000000,BAL-F1
ecuador-delayed-expansion,seed-1,CONSV,5,CONSV-CAPEX-2,pdLineExpansion,underConstruction,underConstruction,1600000,CONSV-F1
ecuador-delayed-expansion,seed-1,CONSV,5,CONSV-CAPEX-3,vapLineExpansion,underConstruction,underConstruction,2100000,CONSV-F1
ecuador-delayed-expansion,seed-1,CONSV,5,CONSV-CAPEX-4,pdMechanization,approved,underConstruction,1000000,CONSV-F1
ecuador-delayed-expansion,seed-1,CONSV,6,CONSV-CAPEX-2,pdLineExpansion,underConstruction,completed,1200000,CONSV-F1
ecuador-delayed-expansion,seed-1,CONSV,6,CONSV-CAPEX-3,vapLineExpansion,underConstruction,underConstruction,1500000,CONSV-F1
ecuador-delayed-expansion,seed-1,CONSV,6,CONSV-CAPEX-4,pdMechanization,underConstruction,completed,1500000,CONSV-F1
ecuador-delayed-expansion,seed-1,BAL,7,BAL-CAPEX-3,pdMechanization,approved,underConstruction,1000000,BAL-F1
ecuador-delayed-expansion,seed-1,CONSV,7,CONSV-CAPEX-3,vapLineExpansion,underConstruction,completed,900000,CONSV-F1
ecuador-delayed-expansion,seed-1,VAP,7,VAP-CAPEX-1,qualityControlEquipment,approved,underConstruction,720000,VAP-F1
ecuador-delayed-expansion,seed-1,BAL,8,BAL-CAPEX-3,pdMechanization,underConstruction,completed,1500000,BAL-F1
ecuador-delayed-expansion,seed-1,JPQ,8,JPQ-CAPEX-3,pdLineExpansion,approved,underConstruction,1200000,JPQ-F1
ecuador-delayed-expansion,seed-1,JPQ,8,JPQ-CAPEX-4,vapLineExpansion,approved,underConstruction,1500000,JPQ-F1
ecuador-delayed-expansion,seed-1,CONSV,8,CONSV-CAPEX-5,pdLineExpansion,approved,underConstruction,1200000,CONSV-F1
ecuador-delayed-expansion,seed-1,VAP,8,VAP-CAPEX-1,qualityControlEquipment,underConstruction,completed,480000,VAP-F1
ecuador-delayed-expansion,seed-1,VAP,8,VAP-CAPEX-2,pdLineExpansion,approved,underConstruction,1200000,VAP-F1
ecuador-delayed-expansion,seed-1,VAP,8,VAP-CAPEX-3,vapLineExpansion,approved,underConstruction,1500000,VAP-F1
ecuador-delayed-expansion,seed-1,JPQ,9,JPQ-CAPEX-3,pdLineExpansion,underConstruction,underConstruction,1600000,JPQ-F1
ecuador-delayed-expansion,seed-1,JPQ,9,JPQ-CAPEX-4,vapLineExpansion,underConstruction,underConstruction,2100000,JPQ-F1
ecuador-delayed-expansion,seed-1,CONSV,9,CONSV-CAPEX-5,pdLineExpansion,underConstruction,underConstruction,1600000,CONSV-F1
ecuador-delayed-expansion,seed-1,CONSV,9,CONSV-CAPEX-6,hosoLineExpansion,approved,completed,8000000,CONSV-F1
ecuador-delayed-expansion,seed-1,VAP,9,VAP-CAPEX-2,pdLineExpansion,underConstruction,underConstruction,1600000,VAP-F1
ecuador-delayed-expansion,seed-1,VAP,9,VAP-CAPEX-3,vapLineExpansion,underConstruction,underConstruction,2100000,VAP-F1
ecuador-delayed-expansion,seed-1,VAP,9,VAP-CAPEX-4,pdMechanization,approved,underConstruction,1000000,VAP-F1
ecuador-delayed-expansion,seed-1,BAL,10,BAL-CAPEX-4,hosoLineExpansion,approved,completed,8000000,BAL-F1
ecuador-delayed-expansion,seed-1,JPQ,10,JPQ-CAPEX-3,pdLineExpansion,underConstruction,completed,1200000,JPQ-F1
ecuador-delayed-expansion,seed-1,JPQ,10,JPQ-CAPEX-4,vapLineExpansion,underConstruction,underConstruction,1500000,JPQ-F1
ecuador-delayed-expansion,seed-1,CONSV,10,CONSV-CAPEX-5,pdLineExpansion,underConstruction,completed,1200000,CONSV-F1
ecuador-delayed-expansion,seed-1,CONSV,10,CONSV-CAPEX-7,vapLineExpansion,approved,underConstruction,1500000,CONSV-F1
ecuador-delayed-expansion,seed-1,VAP,10,VAP-CAPEX-2,pdLineExpansion,underConstruction,completed,1200000,VAP-F1
ecuador-delayed-expansion,seed-1,VAP,10,VAP-CAPEX-3,vapLineExpansion,underConstruction,underConstruction,1500000,VAP-F1
ecuador-delayed-expansion,seed-1,VAP,10,VAP-CAPEX-4,pdMechanization,underConstruction,completed,1500000,VAP-F1
ecuador-delayed-expansion,seed-1,JPQ,11,JPQ-CAPEX-4,vapLineExpansion,underConstruction,completed,900000,JPQ-F1
ecuador-delayed-expansion,seed-1,CONSV,11,CONSV-CAPEX-7,vapLineExpansion,underConstruction,underConstruction,2100000,CONSV-F1
ecuador-delayed-expansion,seed-1,VAP,11,VAP-CAPEX-3,vapLineExpansion,underConstruction,completed,900000,VAP-F1
ecuador-delayed-expansion,seed-1,JPQ,12,JPQ-CAPEX-5,pdLineExpansion,approved,underConstruction,1200000,JPQ-F1
ecuador-delayed-expansion,seed-1,CONSV,12,CONSV-CAPEX-7,vapLineExpansion,underConstruction,underConstruction,1500000,CONSV-F1
ecuador-delayed-expansion,seed-1,CONSV,12,CONSV-CAPEX-8,pdLineExpansion,approved,underConstruction,1200000,CONSV-F1
ecuador-delayed-expansion,seed-1,VAP,12,VAP-CAPEX-5,pdLineExpansion,approved,underConstruction,1200000,VAP-F1
ecuador-delayed-expansion,seed-1,JPQ,13,JPQ-CAPEX-5,pdLineExpansion,underConstruction,underConstruction,1600000,JPQ-F1
ecuador-delayed-expansion,seed-1,CONSV,13,CONSV-CAPEX-7,vapLineExpansion,underConstruction,completed,900000,CONSV-F1
ecuador-delayed-expansion,seed-1,CONSV,13,CONSV-CAPEX-8,pdLineExpansion,underConstruction,underConstruction,1600000,CONSV-F1
ecuador-delayed-expansion,seed-1,VAP,13,VAP-CAPEX-5,pdLineExpansion,underConstruction,underConstruction,1600000,VAP-F1
ecuador-delayed-expansion,seed-1,JPQ,14,JPQ-CAPEX-5,pdLineExpansion,underConstruction,completed,1200000,JPQ-F1
ecuador-delayed-expansion,seed-1,JPQ,14,JPQ-CAPEX-6,vapLineExpansion,approved,underConstruction,1500000,JPQ-F1
ecuador-delayed-expansion,seed-1,CONSV,14,CONSV-CAPEX-8,pdLineExpansion,underConstruction,completed,1200000,CONSV-F1
ecuador-delayed-expansion,seed-1,VAP,14,VAP-CAPEX-5,pdLineExpansion,underConstruction,completed,1200000,VAP-F1
ecuador-delayed-expansion,seed-1,VAP,14,VAP-CAPEX-6,vapLineExpansion,approved,underConstruction,1500000,VAP-F1
ecuador-delayed-expansion,seed-1,BAL,15,BAL-CAPEX-5,qualityControlEquipment,approved,underConstruction,720000,BAL-F1
ecuador-delayed-expansion,seed-1,JPQ,15,JPQ-CAPEX-6,vapLineExpansion,underConstruction,underConstruction,2100000,JPQ-F1
ecuador-delayed-expansion,seed-1,VAP,15,VAP-CAPEX-6,vapLineExpansion,underConstruction,underConstruction,2100000,VAP-F1
ecuador-delayed-expansion,seed-1,BAL,16,BAL-CAPEX-5,qualityControlEquipment,underConstruction,completed,480000,BAL-F1
ecuador-delayed-expansion,seed-1,JPQ,16,JPQ-CAPEX-6,vapLineExpansion,underConstruction,underConstruction,1500000,JPQ-F1
ecuador-delayed-expansion,seed-1,JPQ,16,JPQ-CAPEX-7,pdLineExpansion,approved,underConstruction,1200000,JPQ-F1
ecuador-delayed-expansion,seed-1,CONSV,16,CONSV-CAPEX-9,pdLineExpansion,approved,underConstruction,1200000,CONSV-F1
ecuador-delayed-expansion,seed-1,VAP,16,VAP-CAPEX-6,vapLineExpansion,underConstruction,underConstruction,1500000,VAP-F1
ecuador-delayed-expansion,seed-1,VAP,16,VAP-CAPEX-7,pdLineExpansion,approved,underConstruction,1200000,VAP-F1
ecuador-delayed-expansion,seed-1,JPQ,17,JPQ-CAPEX-6,vapLineExpansion,underConstruction,completed,900000,JPQ-F1
ecuador-delayed-expansion,seed-1,JPQ,17,JPQ-CAPEX-7,pdLineExpansion,underConstruction,underConstruction,1600000,JPQ-F1
ecuador-delayed-expansion,seed-1,CONSV,17,CONSV-CAPEX-9,pdLineExpansion,underConstruction,underConstruction,1600000,CONSV-F1
ecuador-delayed-expansion,seed-1,VAP,17,VAP-CAPEX-6,vapLineExpansion,underConstruction,completed,900000,VAP-F1
ecuador-delayed-expansion,seed-1,VAP,17,VAP-CAPEX-7,pdLineExpansion,underConstruction,underConstruction,1600000,VAP-F1
ecuador-delayed-expansion,seed-1,JPQ,18,JPQ-CAPEX-7,pdLineExpansion,underConstruction,completed,1200000,JPQ-F1
ecuador-delayed-expansion,seed-1,CONSV,18,CONSV-CAPEX-9,pdLineExpansion,underConstruction,completed,1200000,CONSV-F1
ecuador-delayed-expansion,seed-1,VAP,18,VAP-CAPEX-7,pdLineExpansion,underConstruction,completed,1200000,VAP-F1
ecuador-delayed-expansion,seed-1,JPQ,20,JPQ-CAPEX-8,pdLineExpansion,approved,underConstruction,1200000,JPQ-F1
ecuador-delayed-expansion,seed-1,JPQ,20,JPQ-CAPEX-9,vapLineExpansion,approved,underConstruction,1500000,JPQ-F1
ecuador-delayed-expansion,seed-1,CONSV,20,CONSV-CAPEX-10,pdLineExpansion,approved,underConstruction,1200000,CONSV-F1
ecuador-delayed-expansion,seed-1,VAP,20,VAP-CAPEX-8,pdLineExpansion,approved,underConstruction,1200000,VAP-F1
ecuador-delayed-expansion,seed-1,VAP,20,VAP-CAPEX-9,vapLineExpansion,approved,underConstruction,1500000,VAP-F1
ecuador-delayed-expansion,seed-1,MASS,21,MASS-CAPEX-1,pdLineExpansion,approved,underConstruction,1200000,MASS-F1
ecuador-delayed-expansion,seed-1,JPQ,21,JPQ-CAPEX-8,pdLineExpansion,underConstruction,underConstruction,1600000,JPQ-F1
ecuador-delayed-expansion,seed-1,JPQ,21,JPQ-CAPEX-9,vapLineExpansion,underConstruction,underConstruction,2100000,JPQ-F1
ecuador-delayed-expansion,seed-1,CONSV,21,CONSV-CAPEX-10,pdLineExpansion,underConstruction,underConstruction,1600000,CONSV-F1
ecuador-delayed-expansion,seed-1,VAP,21,VAP-CAPEX-8,pdLineExpansion,underConstruction,underConstruction,1600000,VAP-F1
ecuador-delayed-expansion,seed-1,VAP,21,VAP-CAPEX-9,vapLineExpansion,underConstruction,underConstruction,2100000,VAP-F1
ecuador-delayed-expansion,seed-1,MASS,22,MASS-CAPEX-1,pdLineExpansion,underConstruction,underConstruction,1600000,MASS-F1
ecuador-delayed-expansion,seed-1,MASS,22,MASS-CAPEX-2,hosoLineExpansion,approved,completed,8000000,MASS-F1
ecuador-delayed-expansion,seed-1,JPQ,22,JPQ-CAPEX-8,pdLineExpansion,underConstruction,completed,1200000,JPQ-F1
ecuador-delayed-expansion,seed-1,JPQ,22,JPQ-CAPEX-9,vapLineExpansion,underConstruction,underConstruction,1500000,JPQ-F1
ecuador-delayed-expansion,seed-1,CONSV,22,CONSV-CAPEX-10,pdLineExpansion,underConstruction,completed,1200000,CONSV-F1
ecuador-delayed-expansion,seed-1,VAP,22,VAP-CAPEX-8,pdLineExpansion,underConstruction,completed,1200000,VAP-F1
ecuador-delayed-expansion,seed-1,VAP,22,VAP-CAPEX-9,vapLineExpansion,underConstruction,underConstruction,1500000,VAP-F1
ecuador-delayed-expansion,seed-1,MASS,23,MASS-CAPEX-1,pdLineExpansion,underConstruction,completed,1200000,MASS-F1
ecuador-delayed-expansion,seed-1,MASS,23,MASS-CAPEX-3,newFactoryConstruction,approved,underConstruction,6600000,
ecuador-delayed-expansion,seed-1,JPQ,23,JPQ-CAPEX-9,vapLineExpansion,underConstruction,completed,900000,JPQ-F1
ecuador-delayed-expansion,seed-1,VAP,23,VAP-CAPEX-9,vapLineExpansion,underConstruction,completed,900000,VAP-F1
ecuador-delayed-expansion,seed-1,MASS,24,MASS-CAPEX-3,newFactoryConstruction,underConstruction,underConstruction,7699999.999999999,
ecuador-delayed-expansion,seed-1,JPQ,24,JPQ-CAPEX-10,pdLineExpansion,approved,underConstruction,1200000,JPQ-F1
ecuador-delayed-expansion,seed-1,CONSV,24,CONSV-CAPEX-11,pdLineExpansion,approved,underConstruction,1200000,CONSV-F1
ecuador-delayed-expansion,seed-1,VAP,24,VAP-CAPEX-10,pdLineExpansion,approved,underConstruction,1200000,VAP-F1
ecuador-delayed-expansion,seed-1,MASS,25,MASS-CAPEX-3,newFactoryConstruction,underConstruction,completed,7699999.999999999,
ecuador-delayed-expansion,seed-1,MASS,25,MASS-CAPEX-4,pdLineExpansion,approved,underConstruction,1200000,MASS-F1
ecuador-delayed-expansion,seed-1,BAL,25,BAL-CAPEX-6,newFactoryConstruction,approved,underConstruction,6600000,
ecuador-delayed-expansion,seed-1,JPQ,25,JPQ-CAPEX-10,pdLineExpansion,underConstruction,underConstruction,1600000,JPQ-F1
ecuador-delayed-expansion,seed-1,CONSV,25,CONSV-CAPEX-11,pdLineExpansion,underConstruction,underConstruction,1600000,CONSV-F1
ecuador-delayed-expansion,seed-1,VAP,25,VAP-CAPEX-10,pdLineExpansion,underConstruction,underConstruction,1600000,VAP-F1
ecuador-delayed-expansion,seed-1,MASS,26,MASS-CAPEX-4,pdLineExpansion,underConstruction,underConstruction,1600000,MASS-F1
ecuador-delayed-expansion,seed-1,MASS,26,MASS-CAPEX-5,hosoLineExpansion,approved,completed,8000000,MASS-F1
ecuador-delayed-expansion,seed-1,BAL,26,BAL-CAPEX-6,newFactoryConstruction,underConstruction,underConstruction,7699999.999999999,
ecuador-delayed-expansion,seed-1,BAL,26,BAL-CAPEX-7,hosoLineExpansion,approved,completed,8000000,BAL-F1
ecuador-delayed-expansion,seed-1,BAL,26,BAL-CAPEX-8,pdLineExpansion,approved,underConstruction,1200000,BAL-F1
ecuador-delayed-expansion,seed-1,JPQ,26,JPQ-CAPEX-10,pdLineExpansion,underConstruction,completed,1200000,JPQ-F1
ecuador-delayed-expansion,seed-1,JPQ,26,JPQ-CAPEX-11,vapLineExpansion,approved,underConstruction,1500000,JPQ-F1
ecuador-delayed-expansion,seed-1,CONSV,26,CONSV-CAPEX-11,pdLineExpansion,underConstruction,completed,1200000,CONSV-F1
ecuador-delayed-expansion,seed-1,VAP,26,VAP-CAPEX-10,pdLineExpansion,underConstruction,completed,1200000,VAP-F1
ecuador-delayed-expansion,seed-1,VAP,26,VAP-CAPEX-11,vapLineExpansion,approved,underConstruction,1500000,VAP-F1
ecuador-delayed-expansion,seed-1,MASS,27,MASS-CAPEX-4,pdLineExpansion,underConstruction,completed,1200000,MASS-F1
ecuador-delayed-expansion,seed-1,BAL,27,BAL-CAPEX-6,newFactoryConstruction,underConstruction,completed,7699999.999999999,
ecuador-delayed-expansion,seed-1,BAL,27,BAL-CAPEX-8,pdLineExpansion,underConstruction,underConstruction,1600000,BAL-F1
ecuador-delayed-expansion,seed-1,BAL,27,BAL-CAPEX-9,vapLineExpansion,approved,underConstruction,1500000,BAL-F1
ecuador-delayed-expansion,seed-1,JPQ,27,JPQ-CAPEX-11,vapLineExpansion,underConstruction,underConstruction,2100000,JPQ-F1
ecuador-delayed-expansion,seed-1,VAP,27,VAP-CAPEX-11,vapLineExpansion,underConstruction,underConstruction,2100000,VAP-F1
ecuador-delayed-expansion,seed-1,MASS,28,MASS-CAPEX-6,qualityControlEquipment,approved,underConstruction,720000,MASS-NEWF-MASS-CAPEX-3
ecuador-delayed-expansion,seed-1,BAL,28,BAL-CAPEX-8,pdLineExpansion,underConstruction,completed,1200000,BAL-F1
ecuador-delayed-expansion,seed-1,BAL,28,BAL-CAPEX-9,vapLineExpansion,underConstruction,underConstruction,2100000,BAL-F1
ecuador-delayed-expansion,seed-1,BAL,28,BAL-CAPEX-10,commonProcessingExpansion,approved,underConstruction,1500000,BAL-F1
ecuador-delayed-expansion,seed-1,JPQ,28,JPQ-CAPEX-11,vapLineExpansion,underConstruction,underConstruction,1500000,JPQ-F1
ecuador-delayed-expansion,seed-1,JPQ,28,JPQ-CAPEX-12,pdLineExpansion,approved,underConstruction,1200000,JPQ-F1
ecuador-delayed-expansion,seed-1,CONSV,28,CONSV-CAPEX-12,pdLineExpansion,approved,underConstruction,1200000,CONSV-F1
ecuador-delayed-expansion,seed-1,VAP,28,VAP-CAPEX-11,vapLineExpansion,underConstruction,underConstruction,1500000,VAP-F1
ecuador-delayed-expansion,seed-1,VAP,28,VAP-CAPEX-12,pdLineExpansion,approved,underConstruction,1200000,VAP-F1
ecuador-delayed-expansion,seed-1,MASS,29,MASS-CAPEX-6,qualityControlEquipment,underConstruction,completed,480000,MASS-NEWF-MASS-CAPEX-3
ecuador-delayed-expansion,seed-1,BAL,29,BAL-CAPEX-9,vapLineExpansion,underConstruction,underConstruction,1500000,BAL-F1
ecuador-delayed-expansion,seed-1,BAL,29,BAL-CAPEX-10,commonProcessingExpansion,underConstruction,underConstruction,2000000,BAL-F1
ecuador-delayed-expansion,seed-1,JPQ,29,JPQ-CAPEX-11,vapLineExpansion,underConstruction,completed,900000,JPQ-F1
ecuador-delayed-expansion,seed-1,JPQ,29,JPQ-CAPEX-12,pdLineExpansion,underConstruction,underConstruction,1600000,JPQ-F1
ecuador-delayed-expansion,seed-1,CONSV,29,CONSV-CAPEX-12,pdLineExpansion,underConstruction,underConstruction,1600000,CONSV-F1
ecuador-delayed-expansion,seed-1,VAP,29,VAP-CAPEX-11,vapLineExpansion,underConstruction,completed,900000,VAP-F1
ecuador-delayed-expansion,seed-1,VAP,29,VAP-CAPEX-12,pdLineExpansion,underConstruction,underConstruction,1600000,VAP-F1
ecuador-delayed-expansion,seed-1,MASS,30,MASS-CAPEX-7,hosoLineExpansion,approved,completed,8000000,MASS-NEWF-MASS-CAPEX-3
ecuador-delayed-expansion,seed-1,MASS,30,MASS-CAPEX-8,newFactoryConstruction,approved,underConstruction,6600000,
ecuador-delayed-expansion,seed-1,BAL,30,BAL-CAPEX-9,vapLineExpansion,underConstruction,completed,900000,BAL-F1
ecuador-delayed-expansion,seed-1,BAL,30,BAL-CAPEX-10,commonProcessingExpansion,underConstruction,completed,1500000,BAL-F1
ecuador-delayed-expansion,seed-1,JPQ,30,JPQ-CAPEX-12,pdLineExpansion,underConstruction,completed,1200000,JPQ-F1
ecuador-delayed-expansion,seed-1,JPQ,30,JPQ-CAPEX-13,newFactoryConstruction,approved,underConstruction,6600000,
ecuador-delayed-expansion,seed-1,CONSV,30,CONSV-CAPEX-12,pdLineExpansion,underConstruction,completed,1200000,CONSV-F1
ecuador-delayed-expansion,seed-1,VAP,30,VAP-CAPEX-12,pdLineExpansion,underConstruction,completed,1200000,VAP-F1
ecuador-delayed-expansion,seed-1,MASS,31,MASS-CAPEX-8,newFactoryConstruction,underConstruction,underConstruction,7699999.999999999,
ecuador-delayed-expansion,seed-1,JPQ,31,JPQ-CAPEX-13,newFactoryConstruction,underConstruction,underConstruction,7699999.999999999,
ecuador-delayed-expansion,seed-1,MASS,32,MASS-CAPEX-8,newFactoryConstruction,underConstruction,completed,7699999.999999999,
ecuador-delayed-expansion,seed-1,JPQ,32,JPQ-CAPEX-13,newFactoryConstruction,underConstruction,completed,7699999.999999999,
ecuador-delayed-expansion,seed-1,JPQ,32,JPQ-CAPEX-14,pdLineExpansion,approved,underConstruction,1200000,JPQ-F1
ecuador-delayed-expansion,seed-1,JPQ,32,JPQ-CAPEX-15,vapLineExpansion,approved,underConstruction,1500000,JPQ-F1
ecuador-delayed-expansion,seed-1,CONSV,32,CONSV-CAPEX-13,pdLineExpansion,approved,underConstruction,1200000,CONSV-F1
ecuador-delayed-expansion,seed-1,VAP,32,VAP-CAPEX-13,pdLineExpansion,approved,underConstruction,1200000,VAP-F1
ecuador-delayed-expansion,seed-1,VAP,32,VAP-CAPEX-14,vapLineExpansion,approved,underConstruction,1500000,VAP-F1
ecuador-delayed-expansion,seed-2,BAL,2,BAL-CAPEX-1,pdLineExpansion,approved,underConstruction,1200000,BAL-F1
ecuador-delayed-expansion,seed-2,BAL,3,BAL-CAPEX-1,pdLineExpansion,underConstruction,underConstruction,1600000,BAL-F1
ecuador-delayed-expansion,seed-2,JPQ,3,JPQ-CAPEX-1,qualityControlEquipment,approved,underConstruction,720000,JPQ-F1
ecuador-delayed-expansion,seed-2,CONSV,3,CONSV-CAPEX-1,qualityControlEquipment,approved,underConstruction,720000,CONSV-F1
ecuador-delayed-expansion,seed-2,BAL,4,BAL-CAPEX-1,pdLineExpansion,underConstruction,completed,1200000,BAL-F1
ecuador-delayed-expansion,seed-2,BAL,4,BAL-CAPEX-2,qualityControlEquipment,approved,underConstruction,720000,BAL-F1
ecuador-delayed-expansion,seed-2,JPQ,4,JPQ-CAPEX-1,qualityControlEquipment,underConstruction,completed,480000,JPQ-F1
ecuador-delayed-expansion,seed-2,CONSV,4,CONSV-CAPEX-1,qualityControlEquipment,underConstruction,completed,480000,CONSV-F1
ecuador-delayed-expansion,seed-2,CONSV,4,CONSV-CAPEX-2,pdLineExpansion,approved,underConstruction,1200000,CONSV-F1
ecuador-delayed-expansion,seed-2,CONSV,4,CONSV-CAPEX-3,pdMechanization,approved,underConstruction,1000000,CONSV-F1
ecuador-delayed-expansion,seed-2,MASS,5,MASS-CAPEX-1,qualityControlEquipment,approved,approved,0,MASS-F1
ecuador-delayed-expansion,seed-2,BAL,5,BAL-CAPEX-2,qualityControlEquipment,underConstruction,completed,480000,BAL-F1
ecuador-delayed-expansion,seed-2,BAL,5,BAL-CAPEX-3,hosoLineExpansion,approved,completed,8000000,BAL-F1
ecuador-delayed-expansion,seed-2,CONSV,5,CONSV-CAPEX-2,pdLineExpansion,underConstruction,underConstruction,1600000,CONSV-F1
ecuador-delayed-expansion,seed-2,CONSV,5,CONSV-CAPEX-3,pdMechanization,underConstruction,completed,1500000,CONSV-F1
ecuador-delayed-expansion,seed-2,CONSV,5,CONSV-CAPEX-4,vapLineExpansion,approved,underConstruction,1500000,CONSV-F1
ecuador-delayed-expansion,seed-2,VAP,5,VAP-CAPEX-1,qualityControlEquipment,approved,underConstruction,720000,VAP-F1
ecuador-delayed-expansion,seed-2,MASS,6,MASS-CAPEX-1,qualityControlEquipment,approved,underConstruction,720000,MASS-F1
ecuador-delayed-expansion,seed-2,CONSV,6,CONSV-CAPEX-2,pdLineExpansion,underConstruction,completed,1200000,CONSV-F1
ecuador-delayed-expansion,seed-2,CONSV,6,CONSV-CAPEX-4,vapLineExpansion,underConstruction,underConstruction,2100000,CONSV-F1
ecuador-delayed-expansion,seed-2,VAP,6,VAP-CAPEX-1,qualityControlEquipment,underConstruction,completed,480000,VAP-F1
ecuador-delayed-expansion,seed-2,MASS,7,MASS-CAPEX-1,qualityControlEquipment,underConstruction,suspended,0,MASS-F1
ecuador-delayed-expansion,seed-2,CONSV,7,CONSV-CAPEX-4,vapLineExpansion,underConstruction,underConstruction,1500000,CONSV-F1
ecuador-delayed-expansion,seed-2,JPQ,8,JPQ-CAPEX-2,vapLineExpansion,approved,underConstruction,1500000,JPQ-F1
ecuador-delayed-expansion,seed-2,JPQ,8,JPQ-CAPEX-3,pdMechanization,approved,underConstruction,1000000,JPQ-F1
ecuador-delayed-expansion,seed-2,CONSV,8,CONSV-CAPEX-4,vapLineExpansion,underConstruction,completed,900000,CONSV-F1
ecuador-delayed-expansion,seed-2,CONSV,8,CONSV-CAPEX-5,pdLineExpansion,approved,underConstruction,1200000,CONSV-F1
ecuador-delayed-expansion,seed-2,VAP,8,VAP-CAPEX-2,pdLineExpansion,approved,underConstruction,1200000,VAP-F1
ecuador-delayed-expansion,seed-2,VAP,8,VAP-CAPEX-3,vapLineExpansion,approved,underConstruction,1500000,VAP-F1
ecuador-delayed-expansion,seed-2,VAP,8,VAP-CAPEX-4,pdMechanization,approved,underConstruction,1000000,VAP-F1
ecuador-delayed-expansion,seed-2,BAL,9,BAL-CAPEX-4,hosoLineExpansion,approved,completed,8000000,BAL-F1
ecuador-delayed-expansion,seed-2,JPQ,9,JPQ-CAPEX-2,vapLineExpansion,underConstruction,underConstruction,2100000,JPQ-F1
ecuador-delayed-expansion,seed-2,JPQ,9,JPQ-CAPEX-3,pdMechanization,underConstruction,completed,1500000,JPQ-F1
ecuador-delayed-expansion,seed-2,CONSV,9,CONSV-CAPEX-5,pdLineExpansion,underConstruction,underConstruction,1600000,CONSV-F1
ecuador-delayed-expansion,seed-2,CONSV,9,CONSV-CAPEX-6,hosoLineExpansion,approved,completed,8000000,CONSV-F1
ecuador-delayed-expansion,seed-2,VAP,9,VAP-CAPEX-2,pdLineExpansion,underConstruction,underConstruction,1600000,VAP-F1
ecuador-delayed-expansion,seed-2,VAP,9,VAP-CAPEX-3,vapLineExpansion,underConstruction,underConstruction,2100000,VAP-F1
ecuador-delayed-expansion,seed-2,VAP,9,VAP-CAPEX-4,pdMechanization,underConstruction,completed,1500000,VAP-F1
ecuador-delayed-expansion,seed-2,BAL,10,BAL-CAPEX-5,pdMechanization,approved,underConstruction,1000000,BAL-F1
ecuador-delayed-expansion,seed-2,JPQ,10,JPQ-CAPEX-2,vapLineExpansion,underConstruction,underConstruction,1500000,JPQ-F1
ecuador-delayed-expansion,seed-2,JPQ,10,JPQ-CAPEX-4,pdLineExpansion,approved,underConstruction,1200000,JPQ-F1
ecuador-delayed-expansion,seed-2,CONSV,10,CONSV-CAPEX-5,pdLineExpansion,underConstruction,completed,1200000,CONSV-F1
ecuador-delayed-expansion,seed-2,VAP,10,VAP-CAPEX-2,pdLineExpansion,underConstruction,completed,1200000,VAP-F1
ecuador-delayed-expansion,seed-2,VAP,10,VAP-CAPEX-3,vapLineExpansion,underConstruction,underConstruction,1500000,VAP-F1
ecuador-delayed-expansion,seed-2,BAL,11,BAL-CAPEX-5,pdMechanization,underConstruction,completed,1500000,BAL-F1
ecuador-delayed-expansion,seed-2,JPQ,11,JPQ-CAPEX-2,vapLineExpansion,underConstruction,completed,900000,JPQ-F1
ecuador-delayed-expansion,seed-2,JPQ,11,JPQ-CAPEX-4,pdLineExpansion,underConstruction,underConstruction,1600000,JPQ-F1
ecuador-delayed-expansion,seed-2,CONSV,11,CONSV-CAPEX-7,vapLineExpansion,approved,underConstruction,1500000,CONSV-F1
ecuador-delayed-expansion,seed-2,VAP,11,VAP-CAPEX-3,vapLineExpansion,underConstruction,completed,900000,VAP-F1
ecuador-delayed-expansion,seed-2,BAL,12,BAL-CAPEX-6,hosoLineExpansion,approved,completed,8000000,BAL-F1
ecuador-delayed-expansion,seed-2,JPQ,12,JPQ-CAPEX-4,pdLineExpansion,underConstruction,completed,1200000,JPQ-F1
ecuador-delayed-expansion,seed-2,CONSV,12,CONSV-CAPEX-7,vapLineExpansion,underConstruction,underConstruction,2100000,CONSV-F1
ecuador-delayed-expansion,seed-2,CONSV,12,CONSV-CAPEX-8,pdLineExpansion,approved,underConstruction,1200000,CONSV-F1
ecuador-delayed-expansion,seed-2,VAP,12,VAP-CAPEX-5,pdLineExpansion,approved,underConstruction,1200000,VAP-F1
ecuador-delayed-expansion,seed-2,JPQ,13,JPQ-CAPEX-5,hosoLineExpansion,approved,completed,8000000,JPQ-F1
ecuador-delayed-expansion,seed-2,CONSV,13,CONSV-CAPEX-7,vapLineExpansion,underConstruction,underConstruction,1500000,CONSV-F1
ecuador-delayed-expansion,seed-2,CONSV,13,CONSV-CAPEX-8,pdLineExpansion,underConstruction,underConstruction,1600000,CONSV-F1
ecuador-delayed-expansion,seed-2,VAP,13,VAP-CAPEX-5,pdLineExpansion,underConstruction,underConstruction,1600000,VAP-F1
ecuador-delayed-expansion,seed-2,JPQ,14,JPQ-CAPEX-6,pdLineExpansion,approved,underConstruction,1200000,JPQ-F1
ecuador-delayed-expansion,seed-2,JPQ,14,JPQ-CAPEX-7,vapLineExpansion,approved,underConstruction,1500000,JPQ-F1
ecuador-delayed-expansion,seed-2,CONSV,14,CONSV-CAPEX-7,vapLineExpansion,underConstruction,completed,900000,CONSV-F1
ecuador-delayed-expansion,seed-2,CONSV,14,CONSV-CAPEX-8,pdLineExpansion,underConstruction,completed,1200000,CONSV-F1
ecuador-delayed-expansion,seed-2,VAP,14,VAP-CAPEX-5,pdLineExpansion,underConstruction,completed,1200000,VAP-F1
ecuador-delayed-expansion,seed-2,VAP,14,VAP-CAPEX-6,vapLineExpansion,approved,underConstruction,1500000,VAP-F1
ecuador-delayed-expansion,seed-2,BAL,15,BAL-CAPEX-7,commonProcessingExpansion,approved,underConstruction,1500000,BAL-F1
ecuador-delayed-expansion,seed-2,JPQ,15,JPQ-CAPEX-6,pdLineExpansion,underConstruction,underConstruction,1600000,JPQ-F1
ecuador-delayed-expansion,seed-2,JPQ,15,JPQ-CAPEX-7,vapLineExpansion,underConstruction,underConstruction,2100000,JPQ-F1
ecuador-delayed-expansion,seed-2,VAP,15,VAP-CAPEX-6,vapLineExpansion,underConstruction,underConstruction,2100000,VAP-F1
ecuador-delayed-expansion,seed-2,BAL,16,BAL-CAPEX-7,commonProcessingExpansion,underConstruction,underConstruction,2000000,BAL-F1
ecuador-delayed-expansion,seed-2,JPQ,16,JPQ-CAPEX-6,pdLineExpansion,underConstruction,completed,1200000,JPQ-F1
ecuador-delayed-expansion,seed-2,JPQ,16,JPQ-CAPEX-7,vapLineExpansion,underConstruction,underConstruction,1500000,JPQ-F1
ecuador-delayed-expansion,seed-2,CONSV,16,CONSV-CAPEX-9,pdLineExpansion,approved,underConstruction,1200000,CONSV-F1
ecuador-delayed-expansion,seed-2,VAP,16,VAP-CAPEX-6,vapLineExpansion,underConstruction,underConstruction,1500000,VAP-F1
ecuador-delayed-expansion,seed-2,VAP,16,VAP-CAPEX-7,pdLineExpansion,approved,underConstruction,1200000,VAP-F1
ecuador-delayed-expansion,seed-2,MASS,17,MASS-CAPEX-2,pdLineExpansion,approved,underConstruction,1200000,MASS-F1
ecuador-delayed-expansion,seed-2,BAL,17,BAL-CAPEX-7,commonProcessingExpansion,underConstruction,completed,1500000,BAL-F1
ecuador-delayed-expansion,seed-2,JPQ,17,JPQ-CAPEX-7,vapLineExpansion,underConstruction,completed,900000,JPQ-F1
ecuador-delayed-expansion,seed-2,CONSV,17,CONSV-CAPEX-9,pdLineExpansion,underConstruction,underConstruction,1600000,CONSV-F1
ecuador-delayed-expansion,seed-2,VAP,17,VAP-CAPEX-6,vapLineExpansion,underConstruction,completed,900000,VAP-F1
ecuador-delayed-expansion,seed-2,VAP,17,VAP-CAPEX-7,pdLineExpansion,underConstruction,underConstruction,1600000,VAP-F1
ecuador-delayed-expansion,seed-2,MASS,18,MASS-CAPEX-2,pdLineExpansion,underConstruction,underConstruction,1600000,MASS-F1
ecuador-delayed-expansion,seed-2,JPQ,18,JPQ-CAPEX-8,pdLineExpansion,approved,underConstruction,1200000,JPQ-F1
ecuador-delayed-expansion,seed-2,CONSV,18,CONSV-CAPEX-9,pdLineExpansion,underConstruction,completed,1200000,CONSV-F1
ecuador-delayed-expansion,seed-2,VAP,18,VAP-CAPEX-7,pdLineExpansion,underConstruction,completed,1200000,VAP-F1
ecuador-delayed-expansion,seed-2,MASS,19,MASS-CAPEX-2,pdLineExpansion,underConstruction,completed,1200000,MASS-F1
ecuador-delayed-expansion,seed-2,BAL,19,BAL-CAPEX-8,commonProcessingExpansion,approved,underConstruction,1500000,BAL-F1
ecuador-delayed-expansion,seed-2,JPQ,19,JPQ-CAPEX-8,pdLineExpansion,underConstruction,underConstruction,1600000,JPQ-F1
ecuador-delayed-expansion,seed-2,MASS,20,MASS-CAPEX-3,hosoLineExpansion,approved,completed,8000000,MASS-F1
ecuador-delayed-expansion,seed-2,MASS,20,MASS-CAPEX-4,newFactoryConstruction,approved,underConstruction,6600000,
ecuador-delayed-expansion,seed-2,BAL,20,BAL-CAPEX-8,commonProcessingExpansion,underConstruction,underConstruction,2000000,BAL-F1
ecuador-delayed-expansion,seed-2,BAL,20,BAL-CAPEX-9,pdLineExpansion,approved,underConstruction,1200000,BAL-F1
ecuador-delayed-expansion,seed-2,JPQ,20,JPQ-CAPEX-8,pdLineExpansion,underConstruction,completed,1200000,JPQ-F1
ecuador-delayed-expansion,seed-2,JPQ,20,JPQ-CAPEX-9,vapLineExpansion,approved,underConstruction,1500000,JPQ-F1
ecuador-delayed-expansion,seed-2,CONSV,20,CONSV-CAPEX-10,pdLineExpansion,approved,underConstruction,1200000,CONSV-F1
ecuador-delayed-expansion,seed-2,VAP,20,VAP-CAPEX-8,pdLineExpansion,approved,underConstruction,1200000,VAP-F1
ecuador-delayed-expansion,seed-2,VAP,20,VAP-CAPEX-9,vapLineExpansion,approved,underConstruction,1500000,VAP-F1
ecuador-delayed-expansion,seed-2,MASS,21,MASS-CAPEX-4,newFactoryConstruction,underConstruction,underConstruction,7699999.999999999,
ecuador-delayed-expansion,seed-2,MASS,21,MASS-CAPEX-5,pdLineExpansion,approved,underConstruction,1200000,MASS-F1
ecuador-delayed-expansion,seed-2,BAL,21,BAL-CAPEX-8,commonProcessingExpansion,underConstruction,completed,1500000,BAL-F1
ecuador-delayed-expansion,seed-2,BAL,21,BAL-CAPEX-9,pdLineExpansion,underConstruction,underConstruction,1600000,BAL-F1
ecuador-delayed-expansion,seed-2,BAL,21,BAL-CAPEX-10,vapLineExpansion,approved,underConstruction,1500000,BAL-F1
ecuador-delayed-expansion,seed-2,JPQ,21,JPQ-CAPEX-9,vapLineExpansion,underConstruction,underConstruction,2100000,JPQ-F1
ecuador-delayed-expansion,seed-2,CONSV,21,CONSV-CAPEX-10,pdLineExpansion,underConstruction,underConstruction,1600000,CONSV-F1
ecuador-delayed-expansion,seed-2,VAP,21,VAP-CAPEX-8,pdLineExpansion,underConstruction,underConstruction,1600000,VAP-F1
ecuador-delayed-expansion,seed-2,VAP,21,VAP-CAPEX-9,vapLineExpansion,underConstruction,underConstruction,2100000,VAP-F1
ecuador-delayed-expansion,seed-2,MASS,22,MASS-CAPEX-4,newFactoryConstruction,underConstruction,completed,7699999.999999999,
ecuador-delayed-expansion,seed-2,MASS,22,MASS-CAPEX-5,pdLineExpansion,underConstruction,underConstruction,1600000,MASS-F1
ecuador-delayed-expansion,seed-2,BAL,22,BAL-CAPEX-9,pdLineExpansion,underConstruction,completed,1200000,BAL-F1
ecuador-delayed-expansion,seed-2,BAL,22,BAL-CAPEX-10,vapLineExpansion,underConstruction,underConstruction,2100000,BAL-F1
ecuador-delayed-expansion,seed-2,JPQ,22,JPQ-CAPEX-9,vapLineExpansion,underConstruction,underConstruction,1500000,JPQ-F1
ecuador-delayed-expansion,seed-2,CONSV,22,CONSV-CAPEX-10,pdLineExpansion,underConstruction,completed,1200000,CONSV-F1
ecuador-delayed-expansion,seed-2,VAP,22,VAP-CAPEX-8,pdLineExpansion,underConstruction,completed,1200000,VAP-F1
ecuador-delayed-expansion,seed-2,VAP,22,VAP-CAPEX-9,vapLineExpansion,underConstruction,underConstruction,1500000,VAP-F1
ecuador-delayed-expansion,seed-2,MASS,23,MASS-CAPEX-5,pdLineExpansion,underConstruction,completed,1200000,MASS-F1
ecuador-delayed-expansion,seed-2,BAL,23,BAL-CAPEX-10,vapLineExpansion,underConstruction,underConstruction,1500000,BAL-F1
ecuador-delayed-expansion,seed-2,JPQ,23,JPQ-CAPEX-9,vapLineExpansion,underConstruction,completed,900000,JPQ-F1
ecuador-delayed-expansion,seed-2,VAP,23,VAP-CAPEX-9,vapLineExpansion,underConstruction,completed,900000,VAP-F1
ecuador-delayed-expansion,seed-2,BAL,24,BAL-CAPEX-10,vapLineExpansion,underConstruction,completed,900000,BAL-F1
ecuador-delayed-expansion,seed-2,BAL,24,BAL-CAPEX-11,newFactoryConstruction,approved,underConstruction,6600000,
ecuador-delayed-expansion,seed-2,CONSV,24,CONSV-CAPEX-11,pdLineExpansion,approved,underConstruction,1200000,CONSV-F1
ecuador-delayed-expansion,seed-2,VAP,24,VAP-CAPEX-10,pdLineExpansion,approved,underConstruction,1200000,VAP-F1
ecuador-delayed-expansion,seed-2,BAL,25,BAL-CAPEX-11,newFactoryConstruction,underConstruction,underConstruction,7699999.999999999,
ecuador-delayed-expansion,seed-2,CONSV,25,CONSV-CAPEX-11,pdLineExpansion,underConstruction,underConstruction,1600000,CONSV-F1
ecuador-delayed-expansion,seed-2,VAP,25,VAP-CAPEX-10,pdLineExpansion,underConstruction,underConstruction,1600000,VAP-F1
ecuador-delayed-expansion,seed-2,BAL,26,BAL-CAPEX-11,newFactoryConstruction,underConstruction,completed,7699999.999999999,
ecuador-delayed-expansion,seed-2,JPQ,26,JPQ-CAPEX-10,vapLineExpansion,approved,underConstruction,1500000,JPQ-F1
ecuador-delayed-expansion,seed-2,CONSV,26,CONSV-CAPEX-11,pdLineExpansion,underConstruction,completed,1200000,CONSV-F1
ecuador-delayed-expansion,seed-2,VAP,26,VAP-CAPEX-10,pdLineExpansion,underConstruction,completed,1200000,VAP-F1
ecuador-delayed-expansion,seed-2,VAP,26,VAP-CAPEX-11,vapLineExpansion,approved,underConstruction,1500000,VAP-F1
ecuador-delayed-expansion,seed-2,MASS,27,MASS-CAPEX-6,hosoLineExpansion,approved,completed,8000000,MASS-NEWF-MASS-CAPEX-4
ecuador-delayed-expansion,seed-2,MASS,27,MASS-CAPEX-7,newFactoryConstruction,approved,underConstruction,6600000,
ecuador-delayed-expansion,seed-2,JPQ,27,JPQ-CAPEX-10,vapLineExpansion,underConstruction,underConstruction,2100000,JPQ-F1
ecuador-delayed-expansion,seed-2,VAP,27,VAP-CAPEX-11,vapLineExpansion,underConstruction,underConstruction,2100000,VAP-F1
ecuador-delayed-expansion,seed-2,MASS,28,MASS-CAPEX-7,newFactoryConstruction,underConstruction,underConstruction,7699999.999999999,
ecuador-delayed-expansion,seed-2,JPQ,28,JPQ-CAPEX-10,vapLineExpansion,underConstruction,underConstruction,1500000,JPQ-F1
ecuador-delayed-expansion,seed-2,CONSV,28,CONSV-CAPEX-12,pdLineExpansion,approved,underConstruction,1200000,CONSV-F1
ecuador-delayed-expansion,seed-2,VAP,28,VAP-CAPEX-11,vapLineExpansion,underConstruction,underConstruction,1500000,VAP-F1
ecuador-delayed-expansion,seed-2,VAP,28,VAP-CAPEX-12,pdLineExpansion,approved,underConstruction,1200000,VAP-F1
ecuador-delayed-expansion,seed-2,MASS,29,MASS-CAPEX-7,newFactoryConstruction,underConstruction,completed,7699999.999999999,
ecuador-delayed-expansion,seed-2,JPQ,29,JPQ-CAPEX-10,vapLineExpansion,underConstruction,completed,900000,JPQ-F1
ecuador-delayed-expansion,seed-2,CONSV,29,CONSV-CAPEX-12,pdLineExpansion,underConstruction,underConstruction,1600000,CONSV-F1
ecuador-delayed-expansion,seed-2,VAP,29,VAP-CAPEX-11,vapLineExpansion,underConstruction,completed,900000,VAP-F1
ecuador-delayed-expansion,seed-2,VAP,29,VAP-CAPEX-12,pdLineExpansion,underConstruction,underConstruction,1600000,VAP-F1
ecuador-delayed-expansion,seed-2,MASS,30,MASS-CAPEX-8,hosoLineExpansion,approved,completed,8000000,MASS-NEWF-MASS-CAPEX-4
ecuador-delayed-expansion,seed-2,CONSV,30,CONSV-CAPEX-12,pdLineExpansion,underConstruction,completed,1200000,CONSV-F1
ecuador-delayed-expansion,seed-2,VAP,30,VAP-CAPEX-12,pdLineExpansion,underConstruction,completed,1200000,VAP-F1
ecuador-delayed-expansion,seed-2,JPQ,32,JPQ-CAPEX-11,vapLineExpansion,approved,underConstruction,1500000,JPQ-F1
ecuador-delayed-expansion,seed-2,CONSV,32,CONSV-CAPEX-13,pdLineExpansion,approved,underConstruction,1200000,CONSV-F1
ecuador-delayed-expansion,seed-2,VAP,32,VAP-CAPEX-13,pdLineExpansion,approved,underConstruction,1200000,VAP-F1
ecuador-delayed-expansion,seed-2,VAP,32,VAP-CAPEX-14,vapLineExpansion,approved,underConstruction,1500000,VAP-F1
ecuador-delayed-expansion,seed-3,BAL,2,BAL-CAPEX-1,pdLineExpansion,approved,underConstruction,1200000,BAL-F1
ecuador-delayed-expansion,seed-3,BAL,3,BAL-CAPEX-1,pdLineExpansion,underConstruction,underConstruction,1600000,BAL-F1
ecuador-delayed-expansion,seed-3,JPQ,3,JPQ-CAPEX-1,pdMechanization,approved,underConstruction,1000000,JPQ-F1
ecuador-delayed-expansion,seed-3,JPQ,3,JPQ-CAPEX-2,qualityControlEquipment,approved,underConstruction,720000,JPQ-F1
ecuador-delayed-expansion,seed-3,CONSV,3,CONSV-CAPEX-1,qualityControlEquipment,approved,underConstruction,720000,CONSV-F1
ecuador-delayed-expansion,seed-3,BAL,4,BAL-CAPEX-1,pdLineExpansion,underConstruction,completed,1200000,BAL-F1
ecuador-delayed-expansion,seed-3,JPQ,4,JPQ-CAPEX-1,pdMechanization,underConstruction,completed,1500000,JPQ-F1
ecuador-delayed-expansion,seed-3,JPQ,4,JPQ-CAPEX-2,qualityControlEquipment,underConstruction,completed,480000,JPQ-F1
ecuador-delayed-expansion,seed-3,CONSV,4,CONSV-CAPEX-1,qualityControlEquipment,underConstruction,completed,480000,CONSV-F1
ecuador-delayed-expansion,seed-3,CONSV,4,CONSV-CAPEX-2,pdLineExpansion,approved,underConstruction,1200000,CONSV-F1
ecuador-delayed-expansion,seed-3,CONSV,4,CONSV-CAPEX-3,pdMechanization,approved,underConstruction,1000000,CONSV-F1
ecuador-delayed-expansion,seed-3,BAL,5,BAL-CAPEX-2,hosoLineExpansion,approved,completed,8000000,BAL-F1
ecuador-delayed-expansion,seed-3,CONSV,5,CONSV-CAPEX-2,pdLineExpansion,underConstruction,underConstruction,1600000,CONSV-F1
ecuador-delayed-expansion,seed-3,CONSV,5,CONSV-CAPEX-3,pdMechanization,underConstruction,completed,1500000,CONSV-F1
ecuador-delayed-expansion,seed-3,CONSV,5,CONSV-CAPEX-4,vapLineExpansion,approved,underConstruction,1500000,CONSV-F1
ecuador-delayed-expansion,seed-3,VAP,5,VAP-CAPEX-1,qualityControlEquipment,approved,underConstruction,720000,VAP-F1
ecuador-delayed-expansion,seed-3,CONSV,6,CONSV-CAPEX-2,pdLineExpansion,underConstruction,completed,1200000,CONSV-F1
ecuador-delayed-expansion,seed-3,CONSV,6,CONSV-CAPEX-4,vapLineExpansion,underConstruction,underConstruction,2100000,CONSV-F1
ecuador-delayed-expansion,seed-3,VAP,6,VAP-CAPEX-1,qualityControlEquipment,underConstruction,completed,480000,VAP-F1
ecuador-delayed-expansion,seed-3,CONSV,7,CONSV-CAPEX-4,vapLineExpansion,underConstruction,underConstruction,1500000,CONSV-F1
ecuador-delayed-expansion,seed-3,JPQ,8,JPQ-CAPEX-3,vapLineExpansion,approved,underConstruction,1500000,JPQ-F1
ecuador-delayed-expansion,seed-3,CONSV,8,CONSV-CAPEX-4,vapLineExpansion,underConstruction,completed,900000,CONSV-F1
ecuador-delayed-expansion,seed-3,CONSV,8,CONSV-CAPEX-5,pdLineExpansion,approved,underConstruction,1200000,CONSV-F1
ecuador-delayed-expansion,seed-3,VAP,8,VAP-CAPEX-2,pdLineExpansion,approved,underConstruction,1200000,VAP-F1
ecuador-delayed-expansion,seed-3,VAP,8,VAP-CAPEX-3,pdMechanization,approved,underConstruction,1000000,VAP-F1
ecuador-delayed-expansion,seed-3,BAL,9,BAL-CAPEX-3,pdMechanization,approved,underConstruction,1000000,BAL-F1
ecuador-delayed-expansion,seed-3,JPQ,9,JPQ-CAPEX-3,vapLineExpansion,underConstruction,underConstruction,2100000,JPQ-F1
ecuador-delayed-expansion,seed-3,JPQ,9,JPQ-CAPEX-4,pdLineExpansion,approved,underConstruction,1200000,JPQ-F1
ecuador-delayed-expansion,seed-3,CONSV,9,CONSV-CAPEX-5,pdLineExpansion,underConstruction,underConstruction,1600000,CONSV-F1
ecuador-delayed-expansion,seed-3,CONSV,9,CONSV-CAPEX-6,hosoLineExpansion,approved,completed,8000000,CONSV-F1
ecuador-delayed-expansion,seed-3,VAP,9,VAP-CAPEX-2,pdLineExpansion,underConstruction,underConstruction,1600000,VAP-F1
ecuador-delayed-expansion,seed-3,VAP,9,VAP-CAPEX-3,pdMechanization,underConstruction,completed,1500000,VAP-F1
ecuador-delayed-expansion,seed-3,BAL,10,BAL-CAPEX-3,pdMechanization,underConstruction,completed,1500000,BAL-F1
ecuador-delayed-expansion,seed-3,BAL,10,BAL-CAPEX-4,hosoLineExpansion,approved,completed,8000000,BAL-F1
ecuador-delayed-expansion,seed-3,JPQ,10,JPQ-CAPEX-3,vapLineExpansion,underConstruction,underConstruction,1500000,JPQ-F1
ecuador-delayed-expansion,seed-3,JPQ,10,JPQ-CAPEX-4,pdLineExpansion,underConstruction,underConstruction,1600000,JPQ-F1
ecuador-delayed-expansion,seed-3,CONSV,10,CONSV-CAPEX-5,pdLineExpansion,underConstruction,completed,1200000,CONSV-F1
ecuador-delayed-expansion,seed-3,VAP,10,VAP-CAPEX-2,pdLineExpansion,underConstruction,completed,1200000,VAP-F1
ecuador-delayed-expansion,seed-3,JPQ,11,JPQ-CAPEX-3,vapLineExpansion,underConstruction,completed,900000,JPQ-F1
ecuador-delayed-expansion,seed-3,JPQ,11,JPQ-CAPEX-4,pdLineExpansion,underConstruction,completed,1200000,JPQ-F1
ecuador-delayed-expansion,seed-3,CONSV,11,CONSV-CAPEX-7,vapLineExpansion,approved,underConstruction,1500000,CONSV-F1
ecuador-delayed-expansion,seed-3,VAP,11,VAP-CAPEX-4,vapLineExpansion,approved,underConstruction,1500000,VAP-F1
ecuador-delayed-expansion,seed-3,CONSV,12,CONSV-CAPEX-7,vapLineExpansion,underConstruction,underConstruction,2100000,CONSV-F1
ecuador-delayed-expansion,seed-3,CONSV,12,CONSV-CAPEX-8,pdLineExpansion,approved,underConstruction,1200000,CONSV-F1
ecuador-delayed-expansion,seed-3,VAP,12,VAP-CAPEX-4,vapLineExpansion,underConstruction,underConstruction,2100000,VAP-F1
ecuador-delayed-expansion,seed-3,VAP,12,VAP-CAPEX-5,pdLineExpansion,approved,underConstruction,1200000,VAP-F1
ecuador-delayed-expansion,seed-3,BAL,13,BAL-CAPEX-5,hosoLineExpansion,approved,completed,8000000,BAL-F1
ecuador-delayed-expansion,seed-3,CONSV,13,CONSV-CAPEX-7,vapLineExpansion,underConstruction,underConstruction,1500000,CONSV-F1
ecuador-delayed-expansion,seed-3,CONSV,13,CONSV-CAPEX-8,pdLineExpansion,underConstruction,underConstruction,1600000,CONSV-F1
ecuador-delayed-expansion,seed-3,VAP,13,VAP-CAPEX-4,vapLineExpansion,underConstruction,underConstruction,1500000,VAP-F1
ecuador-delayed-expansion,seed-3,VAP,13,VAP-CAPEX-5,pdLineExpansion,underConstruction,underConstruction,1600000,VAP-F1
ecuador-delayed-expansion,seed-3,JPQ,14,JPQ-CAPEX-5,vapLineExpansion,approved,underConstruction,1500000,JPQ-F1
ecuador-delayed-expansion,seed-3,CONSV,14,CONSV-CAPEX-7,vapLineExpansion,underConstruction,completed,900000,CONSV-F1
ecuador-delayed-expansion,seed-3,CONSV,14,CONSV-CAPEX-8,pdLineExpansion,underConstruction,completed,1200000,CONSV-F1
ecuador-delayed-expansion,seed-3,VAP,14,VAP-CAPEX-4,vapLineExpansion,underConstruction,completed,900000,VAP-F1
ecuador-delayed-expansion,seed-3,VAP,14,VAP-CAPEX-5,pdLineExpansion,underConstruction,completed,1200000,VAP-F1
ecuador-delayed-expansion,seed-3,JPQ,15,JPQ-CAPEX-5,vapLineExpansion,underConstruction,underConstruction,2100000,JPQ-F1
ecuador-delayed-expansion,seed-3,BAL,16,BAL-CAPEX-6,commonProcessingExpansion,approved,underConstruction,1500000,BAL-F1
ecuador-delayed-expansion,seed-3,JPQ,16,JPQ-CAPEX-5,vapLineExpansion,underConstruction,underConstruction,1500000,JPQ-F1
ecuador-delayed-expansion,seed-3,CONSV,16,CONSV-CAPEX-9,pdLineExpansion,approved,underConstruction,1200000,CONSV-F1
ecuador-delayed-expansion,seed-3,VAP,16,VAP-CAPEX-6,pdLineExpansion,approved,underConstruction,1200000,VAP-F1
ecuador-delayed-expansion,seed-3,BAL,17,BAL-CAPEX-6,commonProcessingExpansion,underConstruction,underConstruction,2000000,BAL-F1
ecuador-delayed-expansion,seed-3,JPQ,17,JPQ-CAPEX-5,vapLineExpansion,underConstruction,completed,900000,JPQ-F1
ecuador-delayed-expansion,seed-3,CONSV,17,CONSV-CAPEX-9,pdLineExpansion,underConstruction,underConstruction,1600000,CONSV-F1
ecuador-delayed-expansion,seed-3,VAP,17,VAP-CAPEX-6,pdLineExpansion,underConstruction,underConstruction,1600000,VAP-F1
ecuador-delayed-expansion,seed-3,VAP,17,VAP-CAPEX-7,vapLineExpansion,approved,underConstruction,1500000,VAP-F1
ecuador-delayed-expansion,seed-3,BAL,18,BAL-CAPEX-6,commonProcessingExpansion,underConstruction,completed,1500000,BAL-F1
ecuador-delayed-expansion,seed-3,CONSV,18,CONSV-CAPEX-9,pdLineExpansion,underConstruction,completed,1200000,CONSV-F1
ecuador-delayed-expansion,seed-3,VAP,18,VAP-CAPEX-6,pdLineExpansion,underConstruction,completed,1200000,VAP-F1
ecuador-delayed-expansion,seed-3,VAP,18,VAP-CAPEX-7,vapLineExpansion,underConstruction,underConstruction,2100000,VAP-F1
ecuador-delayed-expansion,seed-3,MASS,19,MASS-CAPEX-1,hosoLineExpansion,approved,completed,8000000,MASS-F1
ecuador-delayed-expansion,seed-3,MASS,19,MASS-CAPEX-2,pdLineExpansion,approved,underConstruction,1200000,MASS-F1
ecuador-delayed-expansion,seed-3,MASS,19,MASS-CAPEX-3,newFactoryConstruction,approved,underConstruction,6600000,
ecuador-delayed-expansion,seed-3,VAP,19,VAP-CAPEX-7,vapLineExpansion,underConstruction,underConstruction,1500000,VAP-F1
ecuador-delayed-expansion,seed-3,MASS,20,MASS-CAPEX-2,pdLineExpansion,underConstruction,underConstruction,1600000,MASS-F1
ecuador-delayed-expansion,seed-3,MASS,20,MASS-CAPEX-3,newFactoryConstruction,underConstruction,underConstruction,7699999.999999999,
ecuador-delayed-expansion,seed-3,BAL,20,BAL-CAPEX-7,pdLineExpansion,approved,underConstruction,1200000,BAL-F1
ecuador-delayed-expansion,seed-3,BAL,20,BAL-CAPEX-8,commonProcessingExpansion,approved,underConstruction,1500000,BAL-F1
ecuador-delayed-expansion,seed-3,JPQ,20,JPQ-CAPEX-6,vapLineExpansion,approved,underConstruction,1500000,JPQ-F1
ecuador-delayed-expansion,seed-3,CONSV,20,CONSV-CAPEX-10,pdLineExpansion,approved,underConstruction,1200000,CONSV-F1
ecuador-delayed-expansion,seed-3,VAP,20,VAP-CAPEX-7,vapLineExpansion,underConstruction,completed,900000,VAP-F1
ecuador-delayed-expansion,seed-3,VAP,20,VAP-CAPEX-8,pdLineExpansion,approved,underConstruction,1200000,VAP-F1
ecuador-delayed-expansion,seed-3,MASS,21,MASS-CAPEX-2,pdLineExpansion,underConstruction,completed,1200000,MASS-F1
ecuador-delayed-expansion,seed-3,MASS,21,MASS-CAPEX-3,newFactoryConstruction,underConstruction,completed,7699999.999999999,
ecuador-delayed-expansion,seed-3,BAL,21,BAL-CAPEX-7,pdLineExpansion,underConstruction,underConstruction,1600000,BAL-F1
ecuador-delayed-expansion,seed-3,BAL,21,BAL-CAPEX-8,commonProcessingExpansion,underConstruction,underConstruction,2000000,BAL-F1
ecuador-delayed-expansion,seed-3,BAL,21,BAL-CAPEX-9,vapLineExpansion,approved,underConstruction,1500000,BAL-F1
ecuador-delayed-expansion,seed-3,JPQ,21,JPQ-CAPEX-6,vapLineExpansion,underConstruction,underConstruction,2100000,JPQ-F1
ecuador-delayed-expansion,seed-3,CONSV,21,CONSV-CAPEX-10,pdLineExpansion,underConstruction,underConstruction,1600000,CONSV-F1
ecuador-delayed-expansion,seed-3,VAP,21,VAP-CAPEX-8,pdLineExpansion,underConstruction,underConstruction,1600000,VAP-F1
ecuador-delayed-expansion,seed-3,BAL,22,BAL-CAPEX-7,pdLineExpansion,underConstruction,completed,1200000,BAL-F1
ecuador-delayed-expansion,seed-3,BAL,22,BAL-CAPEX-8,commonProcessingExpansion,underConstruction,completed,1500000,BAL-F1
ecuador-delayed-expansion,seed-3,BAL,22,BAL-CAPEX-9,vapLineExpansion,underConstruction,underConstruction,2100000,BAL-F1
ecuador-delayed-expansion,seed-3,JPQ,22,JPQ-CAPEX-6,vapLineExpansion,underConstruction,underConstruction,1500000,JPQ-F1
ecuador-delayed-expansion,seed-3,JPQ,22,JPQ-CAPEX-7,pdLineExpansion,approved,underConstruction,1200000,JPQ-F1
ecuador-delayed-expansion,seed-3,CONSV,22,CONSV-CAPEX-10,pdLineExpansion,underConstruction,completed,1200000,CONSV-F1
ecuador-delayed-expansion,seed-3,VAP,22,VAP-CAPEX-8,pdLineExpansion,underConstruction,completed,1200000,VAP-F1
ecuador-delayed-expansion,seed-3,BAL,23,BAL-CAPEX-9,vapLineExpansion,underConstruction,underConstruction,1500000,BAL-F1
ecuador-delayed-expansion,seed-3,JPQ,23,JPQ-CAPEX-6,vapLineExpansion,underConstruction,completed,900000,JPQ-F1
ecuador-delayed-expansion,seed-3,JPQ,23,JPQ-CAPEX-7,pdLineExpansion,underConstruction,underConstruction,1600000,JPQ-F1
ecuador-delayed-expansion,seed-3,VAP,23,VAP-CAPEX-9,vapLineExpansion,approved,underConstruction,1500000,VAP-F1
ecuador-delayed-expansion,seed-3,BAL,24,BAL-CAPEX-9,vapLineExpansion,underConstruction,completed,900000,BAL-F1
ecuador-delayed-expansion,seed-3,BAL,24,BAL-CAPEX-10,commonProcessingExpansion,approved,underConstruction,1500000,BAL-F1
ecuador-delayed-expansion,seed-3,BAL,24,BAL-CAPEX-11,newFactoryConstruction,approved,underConstruction,6600000,
ecuador-delayed-expansion,seed-3,JPQ,24,JPQ-CAPEX-7,pdLineExpansion,underConstruction,completed,1200000,JPQ-F1
ecuador-delayed-expansion,seed-3,CONSV,24,CONSV-CAPEX-11,pdLineExpansion,approved,underConstruction,1200000,CONSV-F1
ecuador-delayed-expansion,seed-3,VAP,24,VAP-CAPEX-9,vapLineExpansion,underConstruction,underConstruction,2100000,VAP-F1
ecuador-delayed-expansion,seed-3,VAP,24,VAP-CAPEX-10,pdLineExpansion,approved,underConstruction,1200000,VAP-F1
ecuador-delayed-expansion,seed-3,BAL,25,BAL-CAPEX-10,commonProcessingExpansion,underConstruction,underConstruction,2000000,BAL-F1
ecuador-delayed-expansion,seed-3,BAL,25,BAL-CAPEX-11,newFactoryConstruction,underConstruction,underConstruction,7699999.999999999,
ecuador-delayed-expansion,seed-3,CONSV,25,CONSV-CAPEX-11,pdLineExpansion,underConstruction,underConstruction,1600000,CONSV-F1
ecuador-delayed-expansion,seed-3,VAP,25,VAP-CAPEX-9,vapLineExpansion,underConstruction,underConstruction,1500000,VAP-F1
ecuador-delayed-expansion,seed-3,VAP,25,VAP-CAPEX-10,pdLineExpansion,underConstruction,underConstruction,1600000,VAP-F1
ecuador-delayed-expansion,seed-3,MASS,26,MASS-CAPEX-4,hosoLineExpansion,approved,completed,8000000,MASS-NEWF-MASS-CAPEX-3
ecuador-delayed-expansion,seed-3,BAL,26,BAL-CAPEX-10,commonProcessingExpansion,underConstruction,completed,1500000,BAL-F1
ecuador-delayed-expansion,seed-3,BAL,26,BAL-CAPEX-11,newFactoryConstruction,underConstruction,completed,7699999.999999999,
ecuador-delayed-expansion,seed-3,JPQ,26,JPQ-CAPEX-8,pdLineExpansion,approved,underConstruction,1200000,JPQ-F1
ecuador-delayed-expansion,seed-3,JPQ,26,JPQ-CAPEX-9,vapLineExpansion,approved,underConstruction,1500000,JPQ-F1
ecuador-delayed-expansion,seed-3,CONSV,26,CONSV-CAPEX-11,pdLineExpansion,underConstruction,completed,1200000,CONSV-F1
ecuador-delayed-expansion,seed-3,VAP,26,VAP-CAPEX-9,vapLineExpansion,underConstruction,completed,900000,VAP-F1
ecuador-delayed-expansion,seed-3,VAP,26,VAP-CAPEX-10,pdLineExpansion,underConstruction,completed,1200000,VAP-F1
ecuador-delayed-expansion,seed-3,MASS,27,MASS-CAPEX-5,newFactoryConstruction,approved,underConstruction,6600000,
ecuador-delayed-expansion,seed-3,JPQ,27,JPQ-CAPEX-8,pdLineExpansion,underConstruction,underConstruction,1600000,JPQ-F1
ecuador-delayed-expansion,seed-3,JPQ,27,JPQ-CAPEX-9,vapLineExpansion,underConstruction,underConstruction,2100000,JPQ-F1
ecuador-delayed-expansion,seed-3,MASS,28,MASS-CAPEX-5,newFactoryConstruction,underConstruction,underConstruction,7699999.999999999,
ecuador-delayed-expansion,seed-3,JPQ,28,JPQ-CAPEX-8,pdLineExpansion,underConstruction,completed,1200000,JPQ-F1
ecuador-delayed-expansion,seed-3,JPQ,28,JPQ-CAPEX-9,vapLineExpansion,underConstruction,underConstruction,1500000,JPQ-F1
ecuador-delayed-expansion,seed-3,JPQ,28,JPQ-CAPEX-10,newFactoryConstruction,approved,underConstruction,6600000,
ecuador-delayed-expansion,seed-3,CONSV,28,CONSV-CAPEX-12,pdLineExpansion,approved,underConstruction,1200000,CONSV-F1
ecuador-delayed-expansion,seed-3,VAP,28,VAP-CAPEX-11,pdLineExpansion,approved,underConstruction,1200000,VAP-F1
ecuador-delayed-expansion,seed-3,MASS,29,MASS-CAPEX-5,newFactoryConstruction,underConstruction,completed,7699999.999999999,
ecuador-delayed-expansion,seed-3,MASS,29,MASS-CAPEX-6,hosoLineExpansion,approved,completed,8000000,MASS-NEWF-MASS-CAPEX-3
ecuador-delayed-expansion,seed-3,JPQ,29,JPQ-CAPEX-9,vapLineExpansion,underConstruction,completed,900000,JPQ-F1
ecuador-delayed-expansion,seed-3,JPQ,29,JPQ-CAPEX-10,newFactoryConstruction,underConstruction,underConstruction,7699999.999999999,
ecuador-delayed-expansion,seed-3,CONSV,29,CONSV-CAPEX-12,pdLineExpansion,underConstruction,underConstruction,1600000,CONSV-F1
ecuador-delayed-expansion,seed-3,VAP,29,VAP-CAPEX-11,pdLineExpansion,underConstruction,underConstruction,1600000,VAP-F1
ecuador-delayed-expansion,seed-3,VAP,29,VAP-CAPEX-12,vapLineExpansion,approved,underConstruction,1500000,VAP-F1
ecuador-delayed-expansion,seed-3,BAL,30,BAL-CAPEX-12,qualityControlEquipment,approved,underConstruction,720000,BAL-NEWF-BAL-CAPEX-11
ecuador-delayed-expansion,seed-3,JPQ,30,JPQ-CAPEX-10,newFactoryConstruction,underConstruction,completed,7699999.999999999,
ecuador-delayed-expansion,seed-3,JPQ,30,JPQ-CAPEX-11,pdLineExpansion,approved,underConstruction,1200000,JPQ-F1
ecuador-delayed-expansion,seed-3,CONSV,30,CONSV-CAPEX-12,pdLineExpansion,underConstruction,completed,1200000,CONSV-F1
ecuador-delayed-expansion,seed-3,VAP,30,VAP-CAPEX-11,pdLineExpansion,underConstruction,completed,1200000,VAP-F1
ecuador-delayed-expansion,seed-3,VAP,30,VAP-CAPEX-12,vapLineExpansion,underConstruction,underConstruction,2100000,VAP-F1
ecuador-delayed-expansion,seed-3,BAL,31,BAL-CAPEX-12,qualityControlEquipment,underConstruction,completed,480000,BAL-NEWF-BAL-CAPEX-11
ecuador-delayed-expansion,seed-3,JPQ,31,JPQ-CAPEX-11,pdLineExpansion,underConstruction,underConstruction,1600000,JPQ-F1
ecuador-delayed-expansion,seed-3,VAP,31,VAP-CAPEX-12,vapLineExpansion,underConstruction,underConstruction,1500000,VAP-F1
ecuador-delayed-expansion,seed-3,JPQ,32,JPQ-CAPEX-11,pdLineExpansion,underConstruction,completed,1200000,JPQ-F1
ecuador-delayed-expansion,seed-3,CONSV,32,CONSV-CAPEX-13,pdLineExpansion,approved,underConstruction,1200000,CONSV-F1
ecuador-delayed-expansion,seed-3,VAP,32,VAP-CAPEX-12,vapLineExpansion,underConstruction,completed,900000,VAP-F1
ecuador-delayed-expansion,seed-3,VAP,32,VAP-CAPEX-13,pdLineExpansion,approved,underConstruction,1200000,VAP-F1
ecuador-delayed-expansion,seed-4,BAL,2,BAL-CAPEX-1,pdLineExpansion,approved,underConstruction,1200000,BAL-F1
ecuador-delayed-expansion,seed-4,BAL,3,BAL-CAPEX-1,pdLineExpansion,underConstruction,underConstruction,1600000,BAL-F1
ecuador-delayed-expansion,seed-4,JPQ,3,JPQ-CAPEX-1,pdMechanization,approved,underConstruction,1000000,JPQ-F1
ecuador-delayed-expansion,seed-4,JPQ,3,JPQ-CAPEX-2,qualityControlEquipment,approved,underConstruction,720000,JPQ-F1
ecuador-delayed-expansion,seed-4,CONSV,3,CONSV-CAPEX-1,qualityControlEquipment,approved,underConstruction,720000,CONSV-F1
ecuador-delayed-expansion,seed-4,BAL,4,BAL-CAPEX-1,pdLineExpansion,underConstruction,completed,1200000,BAL-F1
ecuador-delayed-expansion,seed-4,JPQ,4,JPQ-CAPEX-1,pdMechanization,underConstruction,completed,1500000,JPQ-F1
ecuador-delayed-expansion,seed-4,JPQ,4,JPQ-CAPEX-2,qualityControlEquipment,underConstruction,completed,480000,JPQ-F1
ecuador-delayed-expansion,seed-4,CONSV,4,CONSV-CAPEX-1,qualityControlEquipment,underConstruction,completed,480000,CONSV-F1
ecuador-delayed-expansion,seed-4,CONSV,4,CONSV-CAPEX-2,pdLineExpansion,approved,underConstruction,1200000,CONSV-F1
ecuador-delayed-expansion,seed-4,CONSV,4,CONSV-CAPEX-3,vapLineExpansion,approved,underConstruction,1500000,CONSV-F1
ecuador-delayed-expansion,seed-4,BAL,5,BAL-CAPEX-2,hosoLineExpansion,approved,completed,8000000,BAL-F1
ecuador-delayed-expansion,seed-4,CONSV,5,CONSV-CAPEX-2,pdLineExpansion,underConstruction,underConstruction,1600000,CONSV-F1
ecuador-delayed-expansion,seed-4,CONSV,5,CONSV-CAPEX-3,vapLineExpansion,underConstruction,underConstruction,2100000,CONSV-F1
ecuador-delayed-expansion,seed-4,CONSV,5,CONSV-CAPEX-4,pdMechanization,approved,underConstruction,1000000,CONSV-F1
ecuador-delayed-expansion,seed-4,CONSV,6,CONSV-CAPEX-2,pdLineExpansion,underConstruction,completed,1200000,CONSV-F1
ecuador-delayed-expansion,seed-4,CONSV,6,CONSV-CAPEX-3,vapLineExpansion,underConstruction,underConstruction,1500000,CONSV-F1
ecuador-delayed-expansion,seed-4,CONSV,6,CONSV-CAPEX-4,pdMechanization,underConstruction,completed,1500000,CONSV-F1
ecuador-delayed-expansion,seed-4,BAL,7,BAL-CAPEX-3,pdMechanization,approved,underConstruction,1000000,BAL-F1
ecuador-delayed-expansion,seed-4,CONSV,7,CONSV-CAPEX-3,vapLineExpansion,underConstruction,completed,900000,CONSV-F1
ecuador-delayed-expansion,seed-4,VAP,7,VAP-CAPEX-1,qualityControlEquipment,approved,underConstruction,720000,VAP-F1
ecuador-delayed-expansion,seed-4,BAL,8,BAL-CAPEX-3,pdMechanization,underConstruction,completed,1500000,BAL-F1
ecuador-delayed-expansion,seed-4,CONSV,8,CONSV-CAPEX-5,pdLineExpansion,approved,underConstruction,1200000,CONSV-F1
ecuador-delayed-expansion,seed-4,VAP,8,VAP-CAPEX-1,qualityControlEquipment,underConstruction,completed,480000,VAP-F1
ecuador-delayed-expansion,seed-4,VAP,8,VAP-CAPEX-2,pdLineExpansion,approved,underConstruction,1200000,VAP-F1
ecuador-delayed-expansion,seed-4,VAP,8,VAP-CAPEX-3,pdMechanization,approved,underConstruction,1000000,VAP-F1
ecuador-delayed-expansion,seed-4,BAL,9,BAL-CAPEX-4,hosoLineExpansion,approved,completed,8000000,BAL-F1
ecuador-delayed-expansion,seed-4,JPQ,9,JPQ-CAPEX-3,pdLineExpansion,approved,underConstruction,1200000,JPQ-F1
ecuador-delayed-expansion,seed-4,JPQ,9,JPQ-CAPEX-4,vapLineExpansion,approved,underConstruction,1500000,JPQ-F1
ecuador-delayed-expansion,seed-4,CONSV,9,CONSV-CAPEX-5,pdLineExpansion,underConstruction,underConstruction,1600000,CONSV-F1
ecuador-delayed-expansion,seed-4,CONSV,9,CONSV-CAPEX-6,hosoLineExpansion,approved,completed,8000000,CONSV-F1
ecuador-delayed-expansion,seed-4,VAP,9,VAP-CAPEX-2,pdLineExpansion,underConstruction,underConstruction,1600000,VAP-F1
ecuador-delayed-expansion,seed-4,VAP,9,VAP-CAPEX-3,pdMechanization,underConstruction,completed,1500000,VAP-F1
ecuador-delayed-expansion,seed-4,JPQ,10,JPQ-CAPEX-3,pdLineExpansion,underConstruction,underConstruction,1600000,JPQ-F1
ecuador-delayed-expansion,seed-4,JPQ,10,JPQ-CAPEX-4,vapLineExpansion,underConstruction,underConstruction,2100000,JPQ-F1
ecuador-delayed-expansion,seed-4,CONSV,10,CONSV-CAPEX-5,pdLineExpansion,underConstruction,completed,1200000,CONSV-F1
ecuador-delayed-expansion,seed-4,CONSV,10,CONSV-CAPEX-7,vapLineExpansion,approved,underConstruction,1500000,CONSV-F1
ecuador-delayed-expansion,seed-4,VAP,10,VAP-CAPEX-2,pdLineExpansion,underConstruction,completed,1200000,VAP-F1
ecuador-delayed-expansion,seed-4,JPQ,11,JPQ-CAPEX-3,pdLineExpansion,underConstruction,completed,1200000,JPQ-F1
ecuador-delayed-expansion,seed-4,JPQ,11,JPQ-CAPEX-4,vapLineExpansion,underConstruction,underConstruction,1500000,JPQ-F1
ecuador-delayed-expansion,seed-4,CONSV,11,CONSV-CAPEX-7,vapLineExpansion,underConstruction,underConstruction,2100000,CONSV-F1
ecuador-delayed-expansion,seed-4,VAP,11,VAP-CAPEX-4,vapLineExpansion,approved,underConstruction,1500000,VAP-F1
ecuador-delayed-expansion,seed-4,BAL,12,BAL-CAPEX-5,hosoLineExpansion,approved,completed,8000000,BAL-F1
ecuador-delayed-expansion,seed-4,JPQ,12,JPQ-CAPEX-4,vapLineExpansion,underConstruction,completed,900000,JPQ-F1
ecuador-delayed-expansion,seed-4,CONSV,12,CONSV-CAPEX-7,vapLineExpansion,underConstruction,underConstruction,1500000,CONSV-F1
ecuador-delayed-expansion,seed-4,CONSV,12,CONSV-CAPEX-8,pdLineExpansion,approved,underConstruction,1200000,CONSV-F1
ecuador-delayed-expansion,seed-4,VAP,12,VAP-CAPEX-4,vapLineExpansion,underConstruction,underConstruction,2100000,VAP-F1
ecuador-delayed-expansion,seed-4,VAP,12,VAP-CAPEX-5,pdLineExpansion,approved,underConstruction,1200000,VAP-F1
ecuador-delayed-expansion,seed-4,CONSV,13,CONSV-CAPEX-7,vapLineExpansion,underConstruction,completed,900000,CONSV-F1
ecuador-delayed-expansion,seed-4,CONSV,13,CONSV-CAPEX-8,pdLineExpansion,underConstruction,underConstruction,1600000,CONSV-F1
ecuador-delayed-expansion,seed-4,VAP,13,VAP-CAPEX-4,vapLineExpansion,underConstruction,underConstruction,1500000,VAP-F1
ecuador-delayed-expansion,seed-4,VAP,13,VAP-CAPEX-5,pdLineExpansion,underConstruction,underConstruction,1600000,VAP-F1
ecuador-delayed-expansion,seed-4,CONSV,14,CONSV-CAPEX-8,pdLineExpansion,underConstruction,completed,1200000,CONSV-F1
ecuador-delayed-expansion,seed-4,VAP,14,VAP-CAPEX-4,vapLineExpansion,underConstruction,completed,900000,VAP-F1
ecuador-delayed-expansion,seed-4,VAP,14,VAP-CAPEX-5,pdLineExpansion,underConstruction,completed,1200000,VAP-F1
ecuador-delayed-expansion,seed-4,BAL,15,BAL-CAPEX-6,commonProcessingExpansion,approved,underConstruction,1500000,BAL-F1
ecuador-delayed-expansion,seed-4,JPQ,15,JPQ-CAPEX-5,vapLineExpansion,approved,underConstruction,1500000,JPQ-F1
ecuador-delayed-expansion,seed-4,BAL,16,BAL-CAPEX-6,commonProcessingExpansion,underConstruction,underConstruction,2000000,BAL-F1
ecuador-delayed-expansion,seed-4,JPQ,16,JPQ-CAPEX-5,vapLineExpansion,underConstruction,underConstruction,2100000,JPQ-F1
ecuador-delayed-expansion,seed-4,CONSV,16,CONSV-CAPEX-9,pdLineExpansion,approved,underConstruction,1200000,CONSV-F1
ecuador-delayed-expansion,seed-4,VAP,16,VAP-CAPEX-6,pdLineExpansion,approved,underConstruction,1200000,VAP-F1
ecuador-delayed-expansion,seed-4,BAL,17,BAL-CAPEX-6,commonProcessingExpansion,underConstruction,completed,1500000,BAL-F1
ecuador-delayed-expansion,seed-4,JPQ,17,JPQ-CAPEX-5,vapLineExpansion,underConstruction,underConstruction,1500000,JPQ-F1
ecuador-delayed-expansion,seed-4,CONSV,17,CONSV-CAPEX-9,pdLineExpansion,underConstruction,underConstruction,1600000,CONSV-F1
ecuador-delayed-expansion,seed-4,VAP,17,VAP-CAPEX-6,pdLineExpansion,underConstruction,underConstruction,1600000,VAP-F1
ecuador-delayed-expansion,seed-4,VAP,17,VAP-CAPEX-7,vapLineExpansion,approved,underConstruction,1500000,VAP-F1
ecuador-delayed-expansion,seed-4,JPQ,18,JPQ-CAPEX-5,vapLineExpansion,underConstruction,completed,900000,JPQ-F1
ecuador-delayed-expansion,seed-4,CONSV,18,CONSV-CAPEX-9,pdLineExpansion,underConstruction,completed,1200000,CONSV-F1
ecuador-delayed-expansion,seed-4,VAP,18,VAP-CAPEX-6,pdLineExpansion,underConstruction,completed,1200000,VAP-F1
ecuador-delayed-expansion,seed-4,VAP,18,VAP-CAPEX-7,vapLineExpansion,underConstruction,underConstruction,2100000,VAP-F1
ecuador-delayed-expansion,seed-4,MASS,19,MASS-CAPEX-1,hosoLineExpansion,approved,completed,8000000,MASS-F1
ecuador-delayed-expansion,seed-4,MASS,19,MASS-CAPEX-2,pdLineExpansion,approved,underConstruction,1200000,MASS-F1
ecuador-delayed-expansion,seed-4,MASS,19,MASS-CAPEX-3,newFactoryConstruction,approved,underConstruction,6600000,
ecuador-delayed-expansion,seed-4,BAL,19,BAL-CAPEX-7,commonProcessingExpansion,approved,underConstruction,1500000,BAL-F1
ecuador-delayed-expansion,seed-4,VAP,19,VAP-CAPEX-7,vapLineExpansion,underConstruction,underConstruction,1500000,VAP-F1
ecuador-delayed-expansion,seed-4,MASS,20,MASS-CAPEX-2,pdLineExpansion,underConstruction,underConstruction,1600000,MASS-F1
ecuador-delayed-expansion,seed-4,MASS,20,MASS-CAPEX-3,newFactoryConstruction,underConstruction,underConstruction,7699999.999999999,
ecuador-delayed-expansion,seed-4,BAL,20,BAL-CAPEX-7,commonProcessingExpansion,underConstruction,underConstruction,2000000,BAL-F1
ecuador-delayed-expansion,seed-4,BAL,20,BAL-CAPEX-8,pdLineExpansion,approved,underConstruction,1200000,BAL-F1
ecuador-delayed-expansion,seed-4,BAL,20,BAL-CAPEX-9,vapLineExpansion,approved,underConstruction,1500000,BAL-F1
ecuador-delayed-expansion,seed-4,CONSV,20,CONSV-CAPEX-10,pdLineExpansion,approved,underConstruction,1200000,CONSV-F1
ecuador-delayed-expansion,seed-4,VAP,20,VAP-CAPEX-7,vapLineExpansion,underConstruction,completed,900000,VAP-F1
ecuador-delayed-expansion,seed-4,VAP,20,VAP-CAPEX-8,pdLineExpansion,approved,underConstruction,1200000,VAP-F1
ecuador-delayed-expansion,seed-4,MASS,21,MASS-CAPEX-2,pdLineExpansion,underConstruction,completed,1200000,MASS-F1
ecuador-delayed-expansion,seed-4,MASS,21,MASS-CAPEX-3,newFactoryConstruction,underConstruction,completed,7699999.999999999,
ecuador-delayed-expansion,seed-4,BAL,21,BAL-CAPEX-7,commonProcessingExpansion,underConstruction,completed,1500000,BAL-F1
ecuador-delayed-expansion,seed-4,BAL,21,BAL-CAPEX-8,pdLineExpansion,underConstruction,underConstruction,1600000,BAL-F1
ecuador-delayed-expansion,seed-4,BAL,21,BAL-CAPEX-9,vapLineExpansion,underConstruction,underConstruction,2100000,BAL-F1
ecuador-delayed-expansion,seed-4,JPQ,21,JPQ-CAPEX-6,vapLineExpansion,approved,underConstruction,1500000,JPQ-F1
ecuador-delayed-expansion,seed-4,CONSV,21,CONSV-CAPEX-10,pdLineExpansion,underConstruction,underConstruction,1600000,CONSV-F1
ecuador-delayed-expansion,seed-4,VAP,21,VAP-CAPEX-8,pdLineExpansion,underConstruction,underConstruction,1600000,VAP-F1
ecuador-delayed-expansion,seed-4,BAL,22,BAL-CAPEX-8,pdLineExpansion,underConstruction,completed,1200000,BAL-F1
ecuador-delayed-expansion,seed-4,BAL,22,BAL-CAPEX-9,vapLineExpansion,underConstruction,underConstruction,1500000,BAL-F1
ecuador-delayed-expansion,seed-4,JPQ,22,JPQ-CAPEX-6,vapLineExpansion,underConstruction,underConstruction,2100000,JPQ-F1
ecuador-delayed-expansion,seed-4,JPQ,22,JPQ-CAPEX-7,pdLineExpansion,approved,underConstruction,1200000,JPQ-F1
ecuador-delayed-expansion,seed-4,CONSV,22,CONSV-CAPEX-10,pdLineExpansion,underConstruction,completed,1200000,CONSV-F1
ecuador-delayed-expansion,seed-4,VAP,22,VAP-CAPEX-8,pdLineExpansion,underConstruction,completed,1200000,VAP-F1
ecuador-delayed-expansion,seed-4,BAL,23,BAL-CAPEX-9,vapLineExpansion,underConstruction,completed,900000,BAL-F1
ecuador-delayed-expansion,seed-4,BAL,23,BAL-CAPEX-10,commonProcessingExpansion,approved,underConstruction,1500000,BAL-F1
ecuador-delayed-expansion,seed-4,JPQ,23,JPQ-CAPEX-6,vapLineExpansion,underConstruction,underConstruction,1500000,JPQ-F1
ecuador-delayed-expansion,seed-4,JPQ,23,JPQ-CAPEX-7,pdLineExpansion,underConstruction,underConstruction,1600000,JPQ-F1
ecuador-delayed-expansion,seed-4,VAP,23,VAP-CAPEX-9,vapLineExpansion,approved,underConstruction,1500000,VAP-F1
ecuador-delayed-expansion,seed-4,BAL,24,BAL-CAPEX-10,commonProcessingExpansion,underConstruction,underConstruction,2000000,BAL-F1
ecuador-delayed-expansion,seed-4,BAL,24,BAL-CAPEX-11,newFactoryConstruction,approved,underConstruction,6600000,
ecuador-delayed-expansion,seed-4,JPQ,24,JPQ-CAPEX-6,vapLineExpansion,underConstruction,completed,900000,JPQ-F1
ecuador-delayed-expansion,seed-4,JPQ,24,JPQ-CAPEX-7,pdLineExpansion,underConstruction,completed,1200000,JPQ-F1
ecuador-delayed-expansion,seed-4,CONSV,24,CONSV-CAPEX-11,pdLineExpansion,approved,underConstruction,1200000,CONSV-F1
ecuador-delayed-expansion,seed-4,VAP,24,VAP-CAPEX-9,vapLineExpansion,underConstruction,underConstruction,2100000,VAP-F1
ecuador-delayed-expansion,seed-4,VAP,24,VAP-CAPEX-10,pdLineExpansion,approved,underConstruction,1200000,VAP-F1
ecuador-delayed-expansion,seed-4,BAL,25,BAL-CAPEX-10,commonProcessingExpansion,underConstruction,completed,1500000,BAL-F1
ecuador-delayed-expansion,seed-4,BAL,25,BAL-CAPEX-11,newFactoryConstruction,underConstruction,underConstruction,7699999.999999999,
ecuador-delayed-expansion,seed-4,CONSV,25,CONSV-CAPEX-11,pdLineExpansion,underConstruction,underConstruction,1600000,CONSV-F1
ecuador-delayed-expansion,seed-4,VAP,25,VAP-CAPEX-9,vapLineExpansion,underConstruction,underConstruction,1500000,VAP-F1
ecuador-delayed-expansion,seed-4,VAP,25,VAP-CAPEX-10,pdLineExpansion,underConstruction,underConstruction,1600000,VAP-F1
ecuador-delayed-expansion,seed-4,MASS,26,MASS-CAPEX-4,hosoLineExpansion,approved,completed,8000000,MASS-NEWF-MASS-CAPEX-3
ecuador-delayed-expansion,seed-4,BAL,26,BAL-CAPEX-11,newFactoryConstruction,underConstruction,completed,7699999.999999999,
ecuador-delayed-expansion,seed-4,JPQ,26,JPQ-CAPEX-8,pdLineExpansion,approved,underConstruction,1200000,JPQ-F1
ecuador-delayed-expansion,seed-4,CONSV,26,CONSV-CAPEX-11,pdLineExpansion,underConstruction,completed,1200000,CONSV-F1
ecuador-delayed-expansion,seed-4,VAP,26,VAP-CAPEX-9,vapLineExpansion,underConstruction,completed,900000,VAP-F1
ecuador-delayed-expansion,seed-4,VAP,26,VAP-CAPEX-10,pdLineExpansion,underConstruction,completed,1200000,VAP-F1
ecuador-delayed-expansion,seed-4,MASS,27,MASS-CAPEX-5,newFactoryConstruction,approved,underConstruction,6600000,
ecuador-delayed-expansion,seed-4,JPQ,27,JPQ-CAPEX-8,pdLineExpansion,underConstruction,underConstruction,1600000,JPQ-F1
ecuador-delayed-expansion,seed-4,JPQ,27,JPQ-CAPEX-9,vapLineExpansion,approved,underConstruction,1500000,JPQ-F1
ecuador-delayed-expansion,seed-4,MASS,28,MASS-CAPEX-5,newFactoryConstruction,underConstruction,underConstruction,7699999.999999999,
ecuador-delayed-expansion,seed-4,JPQ,28,JPQ-CAPEX-8,pdLineExpansion,underConstruction,completed,1200000,JPQ-F1
ecuador-delayed-expansion,seed-4,JPQ,28,JPQ-CAPEX-9,vapLineExpansion,underConstruction,underConstruction,2100000,JPQ-F1
ecuador-delayed-expansion,seed-4,JPQ,28,JPQ-CAPEX-10,newFactoryConstruction,approved,underConstruction,6600000,
ecuador-delayed-expansion,seed-4,CONSV,28,CONSV-CAPEX-12,pdLineExpansion,approved,underConstruction,1200000,CONSV-F1
ecuador-delayed-expansion,seed-4,VAP,28,VAP-CAPEX-11,pdLineExpansion,approved,underConstruction,1200000,VAP-F1
ecuador-delayed-expansion,seed-4,MASS,29,MASS-CAPEX-5,newFactoryConstruction,underConstruction,completed,7699999.999999999,
ecuador-delayed-expansion,seed-4,MASS,29,MASS-CAPEX-6,hosoLineExpansion,approved,completed,8000000,MASS-NEWF-MASS-CAPEX-3
ecuador-delayed-expansion,seed-4,JPQ,29,JPQ-CAPEX-9,vapLineExpansion,underConstruction,underConstruction,1500000,JPQ-F1
ecuador-delayed-expansion,seed-4,JPQ,29,JPQ-CAPEX-10,newFactoryConstruction,underConstruction,underConstruction,7699999.999999999,
ecuador-delayed-expansion,seed-4,CONSV,29,CONSV-CAPEX-12,pdLineExpansion,underConstruction,underConstruction,1600000,CONSV-F1
ecuador-delayed-expansion,seed-4,VAP,29,VAP-CAPEX-11,pdLineExpansion,underConstruction,underConstruction,1600000,VAP-F1
ecuador-delayed-expansion,seed-4,VAP,29,VAP-CAPEX-12,vapLineExpansion,approved,underConstruction,1500000,VAP-F1
ecuador-delayed-expansion,seed-4,JPQ,30,JPQ-CAPEX-9,vapLineExpansion,underConstruction,completed,900000,JPQ-F1
ecuador-delayed-expansion,seed-4,JPQ,30,JPQ-CAPEX-10,newFactoryConstruction,underConstruction,completed,7699999.999999999,
ecuador-delayed-expansion,seed-4,JPQ,30,JPQ-CAPEX-11,pdLineExpansion,approved,underConstruction,1200000,JPQ-F1
ecuador-delayed-expansion,seed-4,CONSV,30,CONSV-CAPEX-12,pdLineExpansion,underConstruction,completed,1200000,CONSV-F1
ecuador-delayed-expansion,seed-4,VAP,30,VAP-CAPEX-11,pdLineExpansion,underConstruction,completed,1200000,VAP-F1
ecuador-delayed-expansion,seed-4,VAP,30,VAP-CAPEX-12,vapLineExpansion,underConstruction,underConstruction,2100000,VAP-F1
ecuador-delayed-expansion,seed-4,JPQ,31,JPQ-CAPEX-11,pdLineExpansion,underConstruction,underConstruction,1600000,JPQ-F1
ecuador-delayed-expansion,seed-4,VAP,31,VAP-CAPEX-12,vapLineExpansion,underConstruction,underConstruction,1500000,VAP-F1
ecuador-delayed-expansion,seed-4,JPQ,32,JPQ-CAPEX-11,pdLineExpansion,underConstruction,completed,1200000,JPQ-F1
ecuador-delayed-expansion,seed-4,CONSV,32,CONSV-CAPEX-13,pdLineExpansion,approved,underConstruction,1200000,CONSV-F1
ecuador-delayed-expansion,seed-4,VAP,32,VAP-CAPEX-12,vapLineExpansion,underConstruction,completed,900000,VAP-F1
ecuador-delayed-expansion,seed-4,VAP,32,VAP-CAPEX-13,pdLineExpansion,approved,underConstruction,1200000,VAP-F1
ecuador-delayed-expansion,seed-5,BAL,2,BAL-CAPEX-1,pdLineExpansion,approved,underConstruction,1200000,BAL-F1
ecuador-delayed-expansion,seed-5,BAL,3,BAL-CAPEX-1,pdLineExpansion,underConstruction,underConstruction,1600000,BAL-F1
ecuador-delayed-expansion,seed-5,JPQ,3,JPQ-CAPEX-1,qualityControlEquipment,approved,underConstruction,720000,JPQ-F1
ecuador-delayed-expansion,seed-5,CONSV,3,CONSV-CAPEX-1,qualityControlEquipment,approved,underConstruction,720000,CONSV-F1
ecuador-delayed-expansion,seed-5,BAL,4,BAL-CAPEX-1,pdLineExpansion,underConstruction,completed,1200000,BAL-F1
ecuador-delayed-expansion,seed-5,JPQ,4,JPQ-CAPEX-1,qualityControlEquipment,underConstruction,completed,480000,JPQ-F1
ecuador-delayed-expansion,seed-5,CONSV,4,CONSV-CAPEX-1,qualityControlEquipment,underConstruction,completed,480000,CONSV-F1
ecuador-delayed-expansion,seed-5,CONSV,4,CONSV-CAPEX-2,pdLineExpansion,approved,underConstruction,1200000,CONSV-F1
ecuador-delayed-expansion,seed-5,CONSV,4,CONSV-CAPEX-3,pdMechanization,approved,underConstruction,1000000,CONSV-F1
ecuador-delayed-expansion,seed-5,BAL,5,BAL-CAPEX-2,hosoLineExpansion,approved,completed,8000000,BAL-F1
ecuador-delayed-expansion,seed-5,CONSV,5,CONSV-CAPEX-2,pdLineExpansion,underConstruction,underConstruction,1600000,CONSV-F1
ecuador-delayed-expansion,seed-5,CONSV,5,CONSV-CAPEX-3,pdMechanization,underConstruction,completed,1500000,CONSV-F1
ecuador-delayed-expansion,seed-5,CONSV,5,CONSV-CAPEX-4,vapLineExpansion,approved,underConstruction,1500000,CONSV-F1
ecuador-delayed-expansion,seed-5,VAP,5,VAP-CAPEX-1,qualityControlEquipment,approved,underConstruction,720000,VAP-F1
ecuador-delayed-expansion,seed-5,CONSV,6,CONSV-CAPEX-2,pdLineExpansion,underConstruction,completed,1200000,CONSV-F1
ecuador-delayed-expansion,seed-5,CONSV,6,CONSV-CAPEX-4,vapLineExpansion,underConstruction,underConstruction,2100000,CONSV-F1
ecuador-delayed-expansion,seed-5,VAP,6,VAP-CAPEX-1,qualityControlEquipment,underConstruction,completed,480000,VAP-F1
ecuador-delayed-expansion,seed-5,BAL,7,BAL-CAPEX-3,pdMechanization,approved,underConstruction,1000000,BAL-F1
ecuador-delayed-expansion,seed-5,BAL,7,BAL-CAPEX-4,qualityControlEquipment,approved,underConstruction,720000,BAL-F1
ecuador-delayed-expansion,seed-5,CONSV,7,CONSV-CAPEX-4,vapLineExpansion,underConstruction,underConstruction,1500000,CONSV-F1
ecuador-delayed-expansion,seed-5,BAL,8,BAL-CAPEX-3,pdMechanization,underConstruction,completed,1500000,BAL-F1
ecuador-delayed-expansion,seed-5,BAL,8,BAL-CAPEX-4,qualityControlEquipment,underConstruction,completed,480000,BAL-F1
ecuador-delayed-expansion,seed-5,JPQ,8,JPQ-CAPEX-2,vapLineExpansion,approved,underConstruction,1500000,JPQ-F1
ecuador-delayed-expansion,seed-5,JPQ,8,JPQ-CAPEX-3,pdMechanization,approved,underConstruction,1000000,JPQ-F1
ecuador-delayed-expansion,seed-5,CONSV,8,CONSV-CAPEX-4,vapLineExpansion,underConstruction,completed,900000,CONSV-F1
ecuador-delayed-expansion,seed-5,CONSV,8,CONSV-CAPEX-5,pdLineExpansion,approved,underConstruction,1200000,CONSV-F1
ecuador-delayed-expansion,seed-5,VAP,8,VAP-CAPEX-2,pdLineExpansion,approved,underConstruction,1200000,VAP-F1
ecuador-delayed-expansion,seed-5,VAP,8,VAP-CAPEX-3,vapLineExpansion,approved,underConstruction,1500000,VAP-F1
ecuador-delayed-expansion,seed-5,VAP,8,VAP-CAPEX-4,pdMechanization,approved,underConstruction,1000000,VAP-F1
ecuador-delayed-expansion,seed-5,JPQ,9,JPQ-CAPEX-2,vapLineExpansion,underConstruction,underConstruction,2100000,JPQ-F1
ecuador-delayed-expansion,seed-5,JPQ,9,JPQ-CAPEX-3,pdMechanization,underConstruction,completed,1500000,JPQ-F1
ecuador-delayed-expansion,seed-5,CONSV,9,CONSV-CAPEX-5,pdLineExpansion,underConstruction,underConstruction,1600000,CONSV-F1
ecuador-delayed-expansion,seed-5,VAP,9,VAP-CAPEX-2,pdLineExpansion,underConstruction,underConstruction,1600000,VAP-F1
ecuador-delayed-expansion,seed-5,VAP,9,VAP-CAPEX-3,vapLineExpansion,underConstruction,underConstruction,2100000,VAP-F1
ecuador-delayed-expansion,seed-5,VAP,9,VAP-CAPEX-4,pdMechanization,underConstruction,completed,1500000,VAP-F1
ecuador-delayed-expansion,seed-5,BAL,10,BAL-CAPEX-5,hosoLineExpansion,approved,completed,8000000,BAL-F1
ecuador-delayed-expansion,seed-5,JPQ,10,JPQ-CAPEX-2,vapLineExpansion,underConstruction,underConstruction,1500000,JPQ-F1
ecuador-delayed-expansion,seed-5,CONSV,10,CONSV-CAPEX-5,pdLineExpansion,underConstruction,completed,1200000,CONSV-F1
ecuador-delayed-expansion,seed-5,CONSV,10,CONSV-CAPEX-6,hosoLineExpansion,approved,completed,8000000,CONSV-F1
ecuador-delayed-expansion,seed-5,VAP,10,VAP-CAPEX-2,pdLineExpansion,underConstruction,completed,1200000,VAP-F1
ecuador-delayed-expansion,seed-5,VAP,10,VAP-CAPEX-3,vapLineExpansion,underConstruction,underConstruction,1500000,VAP-F1
ecuador-delayed-expansion,seed-5,JPQ,11,JPQ-CAPEX-2,vapLineExpansion,underConstruction,completed,900000,JPQ-F1
ecuador-delayed-expansion,seed-5,JPQ,11,JPQ-CAPEX-4,pdLineExpansion,approved,underConstruction,1200000,JPQ-F1
ecuador-delayed-expansion,seed-5,CONSV,11,CONSV-CAPEX-7,vapLineExpansion,approved,underConstruction,1500000,CONSV-F1
ecuador-delayed-expansion,seed-5,VAP,11,VAP-CAPEX-3,vapLineExpansion,underConstruction,completed,900000,VAP-F1
ecuador-delayed-expansion,seed-5,JPQ,12,JPQ-CAPEX-4,pdLineExpansion,underConstruction,underConstruction,1600000,JPQ-F1
ecuador-delayed-expansion,seed-5,CONSV,12,CONSV-CAPEX-7,vapLineExpansion,underConstruction,underConstruction,2100000,CONSV-F1
ecuador-delayed-expansion,seed-5,CONSV,12,CONSV-CAPEX-8,pdLineExpansion,approved,underConstruction,1200000,CONSV-F1
ecuador-delayed-expansion,seed-5,VAP,12,VAP-CAPEX-5,pdLineExpansion,approved,underConstruction,1200000,VAP-F1
ecuador-delayed-expansion,seed-5,JPQ,13,JPQ-CAPEX-4,pdLineExpansion,underConstruction,completed,1200000,JPQ-F1
ecuador-delayed-expansion,seed-5,JPQ,13,JPQ-CAPEX-5,hosoLineExpansion,approved,completed,8000000,JPQ-F1
ecuador-delayed-expansion,seed-5,CONSV,13,CONSV-CAPEX-7,vapLineExpansion,underConstruction,underConstruction,1500000,CONSV-F1
ecuador-delayed-expansion,seed-5,CONSV,13,CONSV-CAPEX-8,pdLineExpansion,underConstruction,underConstruction,1600000,CONSV-F1
ecuador-delayed-expansion,seed-5,VAP,13,VAP-CAPEX-5,pdLineExpansion,underConstruction,underConstruction,1600000,VAP-F1
ecuador-delayed-expansion,seed-5,JPQ,14,JPQ-CAPEX-6,vapLineExpansion,approved,underConstruction,1500000,JPQ-F1
ecuador-delayed-expansion,seed-5,CONSV,14,CONSV-CAPEX-7,vapLineExpansion,underConstruction,completed,900000,CONSV-F1
ecuador-delayed-expansion,seed-5,CONSV,14,CONSV-CAPEX-8,pdLineExpansion,underConstruction,completed,1200000,CONSV-F1
ecuador-delayed-expansion,seed-5,VAP,14,VAP-CAPEX-5,pdLineExpansion,underConstruction,completed,1200000,VAP-F1
ecuador-delayed-expansion,seed-5,VAP,14,VAP-CAPEX-6,vapLineExpansion,approved,underConstruction,1500000,VAP-F1
ecuador-delayed-expansion,seed-5,JPQ,15,JPQ-CAPEX-6,vapLineExpansion,underConstruction,underConstruction,2100000,JPQ-F1
ecuador-delayed-expansion,seed-5,JPQ,15,JPQ-CAPEX-7,pdLineExpansion,approved,underConstruction,1200000,JPQ-F1
ecuador-delayed-expansion,seed-5,VAP,15,VAP-CAPEX-6,vapLineExpansion,underConstruction,underConstruction,2100000,VAP-F1
ecuador-delayed-expansion,seed-5,JPQ,16,JPQ-CAPEX-6,vapLineExpansion,underConstruction,underConstruction,1500000,JPQ-F1
ecuador-delayed-expansion,seed-5,JPQ,16,JPQ-CAPEX-7,pdLineExpansion,underConstruction,underConstruction,1600000,JPQ-F1
ecuador-delayed-expansion,seed-5,CONSV,16,CONSV-CAPEX-9,pdLineExpansion,approved,underConstruction,1200000,CONSV-F1
ecuador-delayed-expansion,seed-5,VAP,16,VAP-CAPEX-6,vapLineExpansion,underConstruction,underConstruction,1500000,VAP-F1
ecuador-delayed-expansion,seed-5,VAP,16,VAP-CAPEX-7,pdLineExpansion,approved,underConstruction,1200000,VAP-F1
ecuador-delayed-expansion,seed-5,JPQ,17,JPQ-CAPEX-6,vapLineExpansion,underConstruction,completed,900000,JPQ-F1
ecuador-delayed-expansion,seed-5,JPQ,17,JPQ-CAPEX-7,pdLineExpansion,underConstruction,completed,1200000,JPQ-F1
ecuador-delayed-expansion,seed-5,CONSV,17,CONSV-CAPEX-9,pdLineExpansion,underConstruction,underConstruction,1600000,CONSV-F1
ecuador-delayed-expansion,seed-5,VAP,17,VAP-CAPEX-6,vapLineExpansion,underConstruction,completed,900000,VAP-F1
ecuador-delayed-expansion,seed-5,VAP,17,VAP-CAPEX-7,pdLineExpansion,underConstruction,underConstruction,1600000,VAP-F1
ecuador-delayed-expansion,seed-5,CONSV,18,CONSV-CAPEX-9,pdLineExpansion,underConstruction,completed,1200000,CONSV-F1
ecuador-delayed-expansion,seed-5,VAP,18,VAP-CAPEX-7,pdLineExpansion,underConstruction,completed,1200000,VAP-F1
ecuador-delayed-expansion,seed-5,MASS,19,MASS-CAPEX-1,hosoLineExpansion,approved,completed,8000000,MASS-F1
ecuador-delayed-expansion,seed-5,MASS,19,MASS-CAPEX-2,pdLineExpansion,approved,underConstruction,1200000,MASS-F1
ecuador-delayed-expansion,seed-5,MASS,19,MASS-CAPEX-3,newFactoryConstruction,approved,underConstruction,6600000,
ecuador-delayed-expansion,seed-5,JPQ,19,JPQ-CAPEX-8,pdLineExpansion,approved,underConstruction,1200000,JPQ-F1
ecuador-delayed-expansion,seed-5,MASS,20,MASS-CAPEX-2,pdLineExpansion,underConstruction,underConstruction,1600000,MASS-F1
ecuador-delayed-expansion,seed-5,MASS,20,MASS-CAPEX-3,newFactoryConstruction,underConstruction,underConstruction,7699999.999999999,
ecuador-delayed-expansion,seed-5,JPQ,20,JPQ-CAPEX-8,pdLineExpansion,underConstruction,underConstruction,1600000,JPQ-F1
ecuador-delayed-expansion,seed-5,JPQ,20,JPQ-CAPEX-9,vapLineExpansion,approved,underConstruction,1500000,JPQ-F1
ecuador-delayed-expansion,seed-5,CONSV,20,CONSV-CAPEX-10,pdLineExpansion,approved,underConstruction,1200000,CONSV-F1
ecuador-delayed-expansion,seed-5,VAP,20,VAP-CAPEX-8,pdLineExpansion,approved,underConstruction,1200000,VAP-F1
ecuador-delayed-expansion,seed-5,VAP,20,VAP-CAPEX-9,vapLineExpansion,approved,underConstruction,1500000,VAP-F1
ecuador-delayed-expansion,seed-5,MASS,21,MASS-CAPEX-2,pdLineExpansion,underConstruction,completed,1200000,MASS-F1
ecuador-delayed-expansion,seed-5,MASS,21,MASS-CAPEX-3,newFactoryConstruction,underConstruction,completed,7699999.999999999,
ecuador-delayed-expansion,seed-5,JPQ,21,JPQ-CAPEX-8,pdLineExpansion,underConstruction,completed,1200000,JPQ-F1
ecuador-delayed-expansion,seed-5,JPQ,21,JPQ-CAPEX-9,vapLineExpansion,underConstruction,underConstruction,2100000,JPQ-F1
ecuador-delayed-expansion,seed-5,CONSV,21,CONSV-CAPEX-10,pdLineExpansion,underConstruction,underConstruction,1600000,CONSV-F1
ecuador-delayed-expansion,seed-5,VAP,21,VAP-CAPEX-8,pdLineExpansion,underConstruction,underConstruction,1600000,VAP-F1
ecuador-delayed-expansion,seed-5,VAP,21,VAP-CAPEX-9,vapLineExpansion,underConstruction,underConstruction,2100000,VAP-F1
ecuador-delayed-expansion,seed-5,JPQ,22,JPQ-CAPEX-9,vapLineExpansion,underConstruction,underConstruction,1500000,JPQ-F1
ecuador-delayed-expansion,seed-5,CONSV,22,CONSV-CAPEX-10,pdLineExpansion,underConstruction,completed,1200000,CONSV-F1
ecuador-delayed-expansion,seed-5,VAP,22,VAP-CAPEX-8,pdLineExpansion,underConstruction,completed,1200000,VAP-F1
ecuador-delayed-expansion,seed-5,VAP,22,VAP-CAPEX-9,vapLineExpansion,underConstruction,underConstruction,1500000,VAP-F1
ecuador-delayed-expansion,seed-5,JPQ,23,JPQ-CAPEX-9,vapLineExpansion,underConstruction,completed,900000,JPQ-F1
ecuador-delayed-expansion,seed-5,JPQ,23,JPQ-CAPEX-10,pdLineExpansion,approved,underConstruction,1200000,JPQ-F1
ecuador-delayed-expansion,seed-5,VAP,23,VAP-CAPEX-9,vapLineExpansion,underConstruction,completed,900000,VAP-F1
ecuador-delayed-expansion,seed-5,JPQ,24,JPQ-CAPEX-10,pdLineExpansion,underConstruction,underConstruction,1600000,JPQ-F1
ecuador-delayed-expansion,seed-5,CONSV,24,CONSV-CAPEX-11,pdLineExpansion,approved,underConstruction,1200000,CONSV-F1
ecuador-delayed-expansion,seed-5,VAP,24,VAP-CAPEX-10,pdLineExpansion,approved,underConstruction,1200000,VAP-F1
ecuador-delayed-expansion,seed-5,BAL,25,BAL-CAPEX-6,newFactoryConstruction,approved,underConstruction,6600000,
ecuador-delayed-expansion,seed-5,JPQ,25,JPQ-CAPEX-10,pdLineExpansion,underConstruction,completed,1200000,JPQ-F1
ecuador-delayed-expansion,seed-5,CONSV,25,CONSV-CAPEX-11,pdLineExpansion,underConstruction,underConstruction,1600000,CONSV-F1
ecuador-delayed-expansion,seed-5,VAP,25,VAP-CAPEX-10,pdLineExpansion,underConstruction,underConstruction,1600000,VAP-F1
ecuador-delayed-expansion,seed-5,MASS,26,MASS-CAPEX-4,hosoLineExpansion,approved,completed,8000000,MASS-NEWF-MASS-CAPEX-3
ecuador-delayed-expansion,seed-5,BAL,26,BAL-CAPEX-6,newFactoryConstruction,underConstruction,underConstruction,7699999.999999999,
ecuador-delayed-expansion,seed-5,BAL,26,BAL-CAPEX-7,hosoLineExpansion,approved,completed,8000000,BAL-F1
ecuador-delayed-expansion,seed-5,BAL,26,BAL-CAPEX-8,pdLineExpansion,approved,underConstruction,1200000,BAL-F1
ecuador-delayed-expansion,seed-5,JPQ,26,JPQ-CAPEX-11,vapLineExpansion,approved,underConstruction,1500000,JPQ-F1
ecuador-delayed-expansion,seed-5,CONSV,26,CONSV-CAPEX-11,pdLineExpansion,underConstruction,completed,1200000,CONSV-F1
ecuador-delayed-expansion,seed-5,VAP,26,VAP-CAPEX-10,pdLineExpansion,underConstruction,completed,1200000,VAP-F1
ecuador-delayed-expansion,seed-5,VAP,26,VAP-CAPEX-11,vapLineExpansion,approved,underConstruction,1500000,VAP-F1
ecuador-delayed-expansion,seed-5,MASS,27,MASS-CAPEX-5,newFactoryConstruction,approved,underConstruction,6600000,
ecuador-delayed-expansion,seed-5,BAL,27,BAL-CAPEX-6,newFactoryConstruction,underConstruction,completed,7699999.999999999,
ecuador-delayed-expansion,seed-5,BAL,27,BAL-CAPEX-8,pdLineExpansion,underConstruction,underConstruction,1600000,BAL-F1
ecuador-delayed-expansion,seed-5,BAL,27,BAL-CAPEX-9,vapLineExpansion,approved,underConstruction,1500000,BAL-F1
ecuador-delayed-expansion,seed-5,JPQ,27,JPQ-CAPEX-11,vapLineExpansion,underConstruction,underConstruction,2100000,JPQ-F1
ecuador-delayed-expansion,seed-5,VAP,27,VAP-CAPEX-11,vapLineExpansion,underConstruction,underConstruction,2100000,VAP-F1
ecuador-delayed-expansion,seed-5,MASS,28,MASS-CAPEX-5,newFactoryConstruction,underConstruction,underConstruction,7699999.999999999,
ecuador-delayed-expansion,seed-5,BAL,28,BAL-CAPEX-8,pdLineExpansion,underConstruction,completed,1200000,BAL-F1
ecuador-delayed-expansion,seed-5,BAL,28,BAL-CAPEX-9,vapLineExpansion,underConstruction,underConstruction,2100000,BAL-F1
ecuador-delayed-expansion,seed-5,BAL,28,BAL-CAPEX-10,commonProcessingExpansion,approved,underConstruction,1500000,BAL-F1
ecuador-delayed-expansion,seed-5,JPQ,28,JPQ-CAPEX-11,vapLineExpansion,underConstruction,underConstruction,1500000,JPQ-F1
ecuador-delayed-expansion,seed-5,JPQ,28,JPQ-CAPEX-12,pdLineExpansion,approved,underConstruction,1200000,JPQ-F1
ecuador-delayed-expansion,seed-5,CONSV,28,CONSV-CAPEX-12,pdLineExpansion,approved,underConstruction,1200000,CONSV-F1
ecuador-delayed-expansion,seed-5,VAP,28,VAP-CAPEX-11,vapLineExpansion,underConstruction,underConstruction,1500000,VAP-F1
ecuador-delayed-expansion,seed-5,VAP,28,VAP-CAPEX-12,pdLineExpansion,approved,underConstruction,1200000,VAP-F1
ecuador-delayed-expansion,seed-5,MASS,29,MASS-CAPEX-5,newFactoryConstruction,underConstruction,completed,7699999.999999999,
ecuador-delayed-expansion,seed-5,MASS,29,MASS-CAPEX-6,hosoLineExpansion,approved,completed,8000000,MASS-NEWF-MASS-CAPEX-3
ecuador-delayed-expansion,seed-5,BAL,29,BAL-CAPEX-9,vapLineExpansion,underConstruction,underConstruction,1500000,BAL-F1
ecuador-delayed-expansion,seed-5,BAL,29,BAL-CAPEX-10,commonProcessingExpansion,underConstruction,underConstruction,2000000,BAL-F1
ecuador-delayed-expansion,seed-5,JPQ,29,JPQ-CAPEX-11,vapLineExpansion,underConstruction,completed,900000,JPQ-F1
ecuador-delayed-expansion,seed-5,JPQ,29,JPQ-CAPEX-12,pdLineExpansion,underConstruction,underConstruction,1600000,JPQ-F1
ecuador-delayed-expansion,seed-5,CONSV,29,CONSV-CAPEX-12,pdLineExpansion,underConstruction,underConstruction,1600000,CONSV-F1
ecuador-delayed-expansion,seed-5,VAP,29,VAP-CAPEX-11,vapLineExpansion,underConstruction,completed,900000,VAP-F1
ecuador-delayed-expansion,seed-5,VAP,29,VAP-CAPEX-12,pdLineExpansion,underConstruction,underConstruction,1600000,VAP-F1
ecuador-delayed-expansion,seed-5,BAL,30,BAL-CAPEX-9,vapLineExpansion,underConstruction,completed,900000,BAL-F1
ecuador-delayed-expansion,seed-5,BAL,30,BAL-CAPEX-10,commonProcessingExpansion,underConstruction,completed,1500000,BAL-F1
ecuador-delayed-expansion,seed-5,JPQ,30,JPQ-CAPEX-12,pdLineExpansion,underConstruction,completed,1200000,JPQ-F1
ecuador-delayed-expansion,seed-5,CONSV,30,CONSV-CAPEX-12,pdLineExpansion,underConstruction,completed,1200000,CONSV-F1
ecuador-delayed-expansion,seed-5,VAP,30,VAP-CAPEX-12,pdLineExpansion,underConstruction,completed,1200000,VAP-F1
ecuador-delayed-expansion,seed-5,JPQ,32,JPQ-CAPEX-13,pdLineExpansion,approved,underConstruction,1200000,JPQ-F1
ecuador-delayed-expansion,seed-5,JPQ,32,JPQ-CAPEX-14,vapLineExpansion,approved,underConstruction,1500000,JPQ-F1
ecuador-delayed-expansion,seed-5,CONSV,32,CONSV-CAPEX-13,pdLineExpansion,approved,underConstruction,1200000,CONSV-F1
ecuador-delayed-expansion,seed-5,VAP,32,VAP-CAPEX-13,pdLineExpansion,approved,underConstruction,1200000,VAP-F1
ecuador-delayed-expansion,seed-5,VAP,32,VAP-CAPEX-14,vapLineExpansion,approved,underConstruction,1500000,VAP-F1
global-demand-boom,seed-1,BAL,2,BAL-CAPEX-1,pdLineExpansion,approved,underConstruction,1200000,BAL-F1
global-demand-boom,seed-1,BAL,3,BAL-CAPEX-1,pdLineExpansion,underConstruction,underConstruction,1600000,BAL-F1
global-demand-boom,seed-1,JPQ,3,JPQ-CAPEX-1,pdMechanization,approved,underConstruction,1000000,JPQ-F1
global-demand-boom,seed-1,JPQ,3,JPQ-CAPEX-2,qualityControlEquipment,approved,underConstruction,720000,JPQ-F1
global-demand-boom,seed-1,CONSV,3,CONSV-CAPEX-1,qualityControlEquipment,approved,underConstruction,720000,CONSV-F1
global-demand-boom,seed-1,BAL,4,BAL-CAPEX-1,pdLineExpansion,underConstruction,completed,1200000,BAL-F1
global-demand-boom,seed-1,JPQ,4,JPQ-CAPEX-1,pdMechanization,underConstruction,completed,1500000,JPQ-F1
global-demand-boom,seed-1,JPQ,4,JPQ-CAPEX-2,qualityControlEquipment,underConstruction,completed,480000,JPQ-F1
global-demand-boom,seed-1,CONSV,4,CONSV-CAPEX-1,qualityControlEquipment,underConstruction,completed,480000,CONSV-F1
global-demand-boom,seed-1,CONSV,4,CONSV-CAPEX-2,pdLineExpansion,approved,underConstruction,1200000,CONSV-F1
global-demand-boom,seed-1,CONSV,4,CONSV-CAPEX-3,vapLineExpansion,approved,underConstruction,1500000,CONSV-F1
global-demand-boom,seed-1,BAL,5,BAL-CAPEX-2,hosoLineExpansion,approved,completed,8000000,BAL-F1
global-demand-boom,seed-1,CONSV,5,CONSV-CAPEX-2,pdLineExpansion,underConstruction,underConstruction,1600000,CONSV-F1
global-demand-boom,seed-1,CONSV,5,CONSV-CAPEX-3,vapLineExpansion,underConstruction,underConstruction,2100000,CONSV-F1
global-demand-boom,seed-1,CONSV,5,CONSV-CAPEX-4,pdMechanization,approved,underConstruction,1000000,CONSV-F1
global-demand-boom,seed-1,CONSV,6,CONSV-CAPEX-2,pdLineExpansion,underConstruction,completed,1200000,CONSV-F1
global-demand-boom,seed-1,CONSV,6,CONSV-CAPEX-3,vapLineExpansion,underConstruction,underConstruction,1500000,CONSV-F1
global-demand-boom,seed-1,CONSV,6,CONSV-CAPEX-4,pdMechanization,underConstruction,completed,1500000,CONSV-F1
global-demand-boom,seed-1,BAL,7,BAL-CAPEX-3,pdMechanization,approved,underConstruction,1000000,BAL-F1
global-demand-boom,seed-1,CONSV,7,CONSV-CAPEX-3,vapLineExpansion,underConstruction,completed,900000,CONSV-F1
global-demand-boom,seed-1,VAP,7,VAP-CAPEX-1,qualityControlEquipment,approved,underConstruction,720000,VAP-F1
global-demand-boom,seed-1,BAL,8,BAL-CAPEX-3,pdMechanization,underConstruction,completed,1500000,BAL-F1
global-demand-boom,seed-1,JPQ,8,JPQ-CAPEX-3,pdLineExpansion,approved,underConstruction,1200000,JPQ-F1
global-demand-boom,seed-1,JPQ,8,JPQ-CAPEX-4,vapLineExpansion,approved,underConstruction,1500000,JPQ-F1
global-demand-boom,seed-1,CONSV,8,CONSV-CAPEX-5,pdLineExpansion,approved,underConstruction,1200000,CONSV-F1
global-demand-boom,seed-1,VAP,8,VAP-CAPEX-1,qualityControlEquipment,underConstruction,completed,480000,VAP-F1
global-demand-boom,seed-1,VAP,8,VAP-CAPEX-2,pdLineExpansion,approved,underConstruction,1200000,VAP-F1
global-demand-boom,seed-1,VAP,8,VAP-CAPEX-3,vapLineExpansion,approved,underConstruction,1500000,VAP-F1
global-demand-boom,seed-1,JPQ,9,JPQ-CAPEX-3,pdLineExpansion,underConstruction,underConstruction,1600000,JPQ-F1
global-demand-boom,seed-1,JPQ,9,JPQ-CAPEX-4,vapLineExpansion,underConstruction,underConstruction,2100000,JPQ-F1
global-demand-boom,seed-1,CONSV,9,CONSV-CAPEX-5,pdLineExpansion,underConstruction,underConstruction,1600000,CONSV-F1
global-demand-boom,seed-1,CONSV,9,CONSV-CAPEX-6,hosoLineExpansion,approved,completed,8000000,CONSV-F1
global-demand-boom,seed-1,VAP,9,VAP-CAPEX-2,pdLineExpansion,underConstruction,underConstruction,1600000,VAP-F1
global-demand-boom,seed-1,VAP,9,VAP-CAPEX-3,vapLineExpansion,underConstruction,underConstruction,2100000,VAP-F1
global-demand-boom,seed-1,VAP,9,VAP-CAPEX-4,pdMechanization,approved,underConstruction,1000000,VAP-F1
global-demand-boom,seed-1,BAL,10,BAL-CAPEX-4,hosoLineExpansion,approved,completed,8000000,BAL-F1
global-demand-boom,seed-1,JPQ,10,JPQ-CAPEX-3,pdLineExpansion,underConstruction,completed,1200000,JPQ-F1
global-demand-boom,seed-1,JPQ,10,JPQ-CAPEX-4,vapLineExpansion,underConstruction,underConstruction,1500000,JPQ-F1
global-demand-boom,seed-1,CONSV,10,CONSV-CAPEX-5,pdLineExpansion,underConstruction,completed,1200000,CONSV-F1
global-demand-boom,seed-1,CONSV,10,CONSV-CAPEX-7,vapLineExpansion,approved,underConstruction,1500000,CONSV-F1
global-demand-boom,seed-1,VAP,10,VAP-CAPEX-2,pdLineExpansion,underConstruction,completed,1200000,VAP-F1
global-demand-boom,seed-1,VAP,10,VAP-CAPEX-3,vapLineExpansion,underConstruction,underConstruction,1500000,VAP-F1
global-demand-boom,seed-1,VAP,10,VAP-CAPEX-4,pdMechanization,underConstruction,completed,1500000,VAP-F1
global-demand-boom,seed-1,JPQ,11,JPQ-CAPEX-4,vapLineExpansion,underConstruction,completed,900000,JPQ-F1
global-demand-boom,seed-1,CONSV,11,CONSV-CAPEX-7,vapLineExpansion,underConstruction,underConstruction,2100000,CONSV-F1
global-demand-boom,seed-1,VAP,11,VAP-CAPEX-3,vapLineExpansion,underConstruction,completed,900000,VAP-F1
global-demand-boom,seed-1,JPQ,12,JPQ-CAPEX-5,pdLineExpansion,approved,underConstruction,1200000,JPQ-F1
global-demand-boom,seed-1,CONSV,12,CONSV-CAPEX-7,vapLineExpansion,underConstruction,underConstruction,1500000,CONSV-F1
global-demand-boom,seed-1,CONSV,12,CONSV-CAPEX-8,pdLineExpansion,approved,underConstruction,1200000,CONSV-F1
global-demand-boom,seed-1,VAP,12,VAP-CAPEX-5,pdLineExpansion,approved,underConstruction,1200000,VAP-F1
global-demand-boom,seed-1,JPQ,13,JPQ-CAPEX-5,pdLineExpansion,underConstruction,underConstruction,1600000,JPQ-F1
global-demand-boom,seed-1,CONSV,13,CONSV-CAPEX-7,vapLineExpansion,underConstruction,completed,900000,CONSV-F1
global-demand-boom,seed-1,CONSV,13,CONSV-CAPEX-8,pdLineExpansion,underConstruction,underConstruction,1600000,CONSV-F1
global-demand-boom,seed-1,VAP,13,VAP-CAPEX-5,pdLineExpansion,underConstruction,underConstruction,1600000,VAP-F1
global-demand-boom,seed-1,JPQ,14,JPQ-CAPEX-5,pdLineExpansion,underConstruction,completed,1200000,JPQ-F1
global-demand-boom,seed-1,JPQ,14,JPQ-CAPEX-6,vapLineExpansion,approved,underConstruction,1500000,JPQ-F1
global-demand-boom,seed-1,CONSV,14,CONSV-CAPEX-8,pdLineExpansion,underConstruction,completed,1200000,CONSV-F1
global-demand-boom,seed-1,VAP,14,VAP-CAPEX-5,pdLineExpansion,underConstruction,completed,1200000,VAP-F1
global-demand-boom,seed-1,VAP,14,VAP-CAPEX-6,vapLineExpansion,approved,underConstruction,1500000,VAP-F1
global-demand-boom,seed-1,BAL,15,BAL-CAPEX-5,qualityControlEquipment,approved,underConstruction,720000,BAL-F1
global-demand-boom,seed-1,JPQ,15,JPQ-CAPEX-6,vapLineExpansion,underConstruction,underConstruction,2100000,JPQ-F1
global-demand-boom,seed-1,VAP,15,VAP-CAPEX-6,vapLineExpansion,underConstruction,underConstruction,2100000,VAP-F1
global-demand-boom,seed-1,BAL,16,BAL-CAPEX-5,qualityControlEquipment,underConstruction,completed,480000,BAL-F1
global-demand-boom,seed-1,JPQ,16,JPQ-CAPEX-6,vapLineExpansion,underConstruction,underConstruction,1500000,JPQ-F1
global-demand-boom,seed-1,JPQ,16,JPQ-CAPEX-7,pdLineExpansion,approved,underConstruction,1200000,JPQ-F1
global-demand-boom,seed-1,CONSV,16,CONSV-CAPEX-9,pdLineExpansion,approved,underConstruction,1200000,CONSV-F1
global-demand-boom,seed-1,VAP,16,VAP-CAPEX-6,vapLineExpansion,underConstruction,underConstruction,1500000,VAP-F1
global-demand-boom,seed-1,VAP,16,VAP-CAPEX-7,pdLineExpansion,approved,underConstruction,1200000,VAP-F1
global-demand-boom,seed-1,JPQ,17,JPQ-CAPEX-6,vapLineExpansion,underConstruction,completed,900000,JPQ-F1
global-demand-boom,seed-1,JPQ,17,JPQ-CAPEX-7,pdLineExpansion,underConstruction,underConstruction,1600000,JPQ-F1
global-demand-boom,seed-1,CONSV,17,CONSV-CAPEX-9,pdLineExpansion,underConstruction,underConstruction,1600000,CONSV-F1
global-demand-boom,seed-1,VAP,17,VAP-CAPEX-6,vapLineExpansion,underConstruction,completed,900000,VAP-F1
global-demand-boom,seed-1,VAP,17,VAP-CAPEX-7,pdLineExpansion,underConstruction,underConstruction,1600000,VAP-F1
global-demand-boom,seed-1,MASS,18,MASS-CAPEX-1,pdLineExpansion,approved,underConstruction,1200000,MASS-F1
global-demand-boom,seed-1,JPQ,18,JPQ-CAPEX-7,pdLineExpansion,underConstruction,completed,1200000,JPQ-F1
global-demand-boom,seed-1,CONSV,18,CONSV-CAPEX-9,pdLineExpansion,underConstruction,completed,1200000,CONSV-F1
global-demand-boom,seed-1,VAP,18,VAP-CAPEX-7,pdLineExpansion,underConstruction,completed,1200000,VAP-F1
global-demand-boom,seed-1,MASS,19,MASS-CAPEX-1,pdLineExpansion,underConstruction,underConstruction,1600000,MASS-F1
global-demand-boom,seed-1,MASS,20,MASS-CAPEX-1,pdLineExpansion,underConstruction,completed,1200000,MASS-F1
global-demand-boom,seed-1,JPQ,20,JPQ-CAPEX-8,pdLineExpansion,approved,underConstruction,1200000,JPQ-F1
global-demand-boom,seed-1,JPQ,20,JPQ-CAPEX-9,vapLineExpansion,approved,underConstruction,1500000,JPQ-F1
global-demand-boom,seed-1,CONSV,20,CONSV-CAPEX-10,pdLineExpansion,approved,underConstruction,1200000,CONSV-F1
global-demand-boom,seed-1,VAP,20,VAP-CAPEX-8,pdLineExpansion,approved,underConstruction,1200000,VAP-F1
global-demand-boom,seed-1,VAP,20,VAP-CAPEX-9,vapLineExpansion,approved,underConstruction,1500000,VAP-F1
global-demand-boom,seed-1,JPQ,21,JPQ-CAPEX-8,pdLineExpansion,underConstruction,underConstruction,1600000,JPQ-F1
global-demand-boom,seed-1,JPQ,21,JPQ-CAPEX-9,vapLineExpansion,underConstruction,underConstruction,2100000,JPQ-F1
global-demand-boom,seed-1,CONSV,21,CONSV-CAPEX-10,pdLineExpansion,underConstruction,underConstruction,1600000,CONSV-F1
global-demand-boom,seed-1,VAP,21,VAP-CAPEX-8,pdLineExpansion,underConstruction,underConstruction,1600000,VAP-F1
global-demand-boom,seed-1,VAP,21,VAP-CAPEX-9,vapLineExpansion,underConstruction,underConstruction,2100000,VAP-F1
global-demand-boom,seed-1,MASS,22,MASS-CAPEX-2,hosoLineExpansion,approved,completed,8000000,MASS-F1
global-demand-boom,seed-1,MASS,22,MASS-CAPEX-3,pdLineExpansion,approved,underConstruction,1200000,MASS-F1
global-demand-boom,seed-1,MASS,22,MASS-CAPEX-4,newFactoryConstruction,approved,underConstruction,6600000,
global-demand-boom,seed-1,JPQ,22,JPQ-CAPEX-8,pdLineExpansion,underConstruction,completed,1200000,JPQ-F1
global-demand-boom,seed-1,JPQ,22,JPQ-CAPEX-9,vapLineExpansion,underConstruction,underConstruction,1500000,JPQ-F1
global-demand-boom,seed-1,CONSV,22,CONSV-CAPEX-10,pdLineExpansion,underConstruction,completed,1200000,CONSV-F1
global-demand-boom,seed-1,VAP,22,VAP-CAPEX-8,pdLineExpansion,underConstruction,completed,1200000,VAP-F1
global-demand-boom,seed-1,VAP,22,VAP-CAPEX-9,vapLineExpansion,underConstruction,underConstruction,1500000,VAP-F1
global-demand-boom,seed-1,MASS,23,MASS-CAPEX-3,pdLineExpansion,underConstruction,underConstruction,1600000,MASS-F1
global-demand-boom,seed-1,MASS,23,MASS-CAPEX-4,newFactoryConstruction,underConstruction,underConstruction,7699999.999999999,
global-demand-boom,seed-1,JPQ,23,JPQ-CAPEX-9,vapLineExpansion,underConstruction,completed,900000,JPQ-F1
global-demand-boom,seed-1,VAP,23,VAP-CAPEX-9,vapLineExpansion,underConstruction,completed,900000,VAP-F1
global-demand-boom,seed-1,MASS,24,MASS-CAPEX-3,pdLineExpansion,underConstruction,completed,1200000,MASS-F1
global-demand-boom,seed-1,MASS,24,MASS-CAPEX-4,newFactoryConstruction,underConstruction,completed,7699999.999999999,
global-demand-boom,seed-1,JPQ,24,JPQ-CAPEX-10,pdLineExpansion,approved,underConstruction,1200000,JPQ-F1
global-demand-boom,seed-1,CONSV,24,CONSV-CAPEX-11,pdLineExpansion,approved,underConstruction,1200000,CONSV-F1
global-demand-boom,seed-1,VAP,24,VAP-CAPEX-10,pdLineExpansion,approved,underConstruction,1200000,VAP-F1
global-demand-boom,seed-1,MASS,25,MASS-CAPEX-5,hosoLineExpansion,approved,completed,8000000,MASS-F1
global-demand-boom,seed-1,BAL,25,BAL-CAPEX-6,newFactoryConstruction,approved,underConstruction,6600000,
global-demand-boom,seed-1,JPQ,25,JPQ-CAPEX-10,pdLineExpansion,underConstruction,underConstruction,1600000,JPQ-F1
global-demand-boom,seed-1,CONSV,25,CONSV-CAPEX-11,pdLineExpansion,underConstruction,underConstruction,1600000,CONSV-F1
global-demand-boom,seed-1,VAP,25,VAP-CAPEX-10,pdLineExpansion,underConstruction,underConstruction,1600000,VAP-F1
global-demand-boom,seed-1,MASS,26,MASS-CAPEX-6,newFactoryConstruction,approved,underConstruction,6600000,
global-demand-boom,seed-1,BAL,26,BAL-CAPEX-6,newFactoryConstruction,underConstruction,underConstruction,7699999.999999999,
global-demand-boom,seed-1,BAL,26,BAL-CAPEX-7,hosoLineExpansion,approved,completed,8000000,BAL-F1
global-demand-boom,seed-1,BAL,26,BAL-CAPEX-8,pdLineExpansion,approved,underConstruction,1200000,BAL-F1
global-demand-boom,seed-1,JPQ,26,JPQ-CAPEX-10,pdLineExpansion,underConstruction,completed,1200000,JPQ-F1
global-demand-boom,seed-1,JPQ,26,JPQ-CAPEX-11,vapLineExpansion,approved,underConstruction,1500000,JPQ-F1
global-demand-boom,seed-1,CONSV,26,CONSV-CAPEX-11,pdLineExpansion,underConstruction,completed,1200000,CONSV-F1
global-demand-boom,seed-1,VAP,26,VAP-CAPEX-10,pdLineExpansion,underConstruction,completed,1200000,VAP-F1
global-demand-boom,seed-1,VAP,26,VAP-CAPEX-11,vapLineExpansion,approved,underConstruction,1500000,VAP-F1
global-demand-boom,seed-1,MASS,27,MASS-CAPEX-6,newFactoryConstruction,underConstruction,underConstruction,7699999.999999999,
global-demand-boom,seed-1,BAL,27,BAL-CAPEX-6,newFactoryConstruction,underConstruction,completed,7699999.999999999,
global-demand-boom,seed-1,BAL,27,BAL-CAPEX-8,pdLineExpansion,underConstruction,underConstruction,1600000,BAL-F1
global-demand-boom,seed-1,BAL,27,BAL-CAPEX-9,vapLineExpansion,approved,underConstruction,1500000,BAL-F1
global-demand-boom,seed-1,JPQ,27,JPQ-CAPEX-11,vapLineExpansion,underConstruction,underConstruction,2100000,JPQ-F1
global-demand-boom,seed-1,VAP,27,VAP-CAPEX-11,vapLineExpansion,underConstruction,underConstruction,2100000,VAP-F1
global-demand-boom,seed-1,MASS,28,MASS-CAPEX-6,newFactoryConstruction,underConstruction,completed,7699999.999999999,
global-demand-boom,seed-1,BAL,28,BAL-CAPEX-8,pdLineExpansion,underConstruction,completed,1200000,BAL-F1
global-demand-boom,seed-1,BAL,28,BAL-CAPEX-9,vapLineExpansion,underConstruction,underConstruction,2100000,BAL-F1
global-demand-boom,seed-1,BAL,28,BAL-CAPEX-10,commonProcessingExpansion,approved,underConstruction,1500000,BAL-F1
global-demand-boom,seed-1,JPQ,28,JPQ-CAPEX-11,vapLineExpansion,underConstruction,underConstruction,1500000,JPQ-F1
global-demand-boom,seed-1,JPQ,28,JPQ-CAPEX-12,pdLineExpansion,approved,underConstruction,1200000,JPQ-F1
global-demand-boom,seed-1,CONSV,28,CONSV-CAPEX-12,pdLineExpansion,approved,underConstruction,1200000,CONSV-F1
global-demand-boom,seed-1,VAP,28,VAP-CAPEX-11,vapLineExpansion,underConstruction,underConstruction,1500000,VAP-F1
global-demand-boom,seed-1,VAP,28,VAP-CAPEX-12,pdLineExpansion,approved,underConstruction,1200000,VAP-F1
global-demand-boom,seed-1,MASS,29,MASS-CAPEX-7,hosoLineExpansion,approved,completed,8000000,MASS-NEWF-MASS-CAPEX-4
global-demand-boom,seed-1,BAL,29,BAL-CAPEX-9,vapLineExpansion,underConstruction,underConstruction,1500000,BAL-F1
global-demand-boom,seed-1,BAL,29,BAL-CAPEX-10,commonProcessingExpansion,underConstruction,underConstruction,2000000,BAL-F1
global-demand-boom,seed-1,JPQ,29,JPQ-CAPEX-11,vapLineExpansion,underConstruction,completed,900000,JPQ-F1
global-demand-boom,seed-1,JPQ,29,JPQ-CAPEX-12,pdLineExpansion,underConstruction,underConstruction,1600000,JPQ-F1
global-demand-boom,seed-1,CONSV,29,CONSV-CAPEX-12,pdLineExpansion,underConstruction,underConstruction,1600000,CONSV-F1
global-demand-boom,seed-1,VAP,29,VAP-CAPEX-11,vapLineExpansion,underConstruction,completed,900000,VAP-F1
global-demand-boom,seed-1,VAP,29,VAP-CAPEX-12,pdLineExpansion,underConstruction,underConstruction,1600000,VAP-F1
global-demand-boom,seed-1,BAL,30,BAL-CAPEX-9,vapLineExpansion,underConstruction,completed,900000,BAL-F1
global-demand-boom,seed-1,BAL,30,BAL-CAPEX-10,commonProcessingExpansion,underConstruction,completed,1500000,BAL-F1
global-demand-boom,seed-1,JPQ,30,JPQ-CAPEX-12,pdLineExpansion,underConstruction,completed,1200000,JPQ-F1
global-demand-boom,seed-1,JPQ,30,JPQ-CAPEX-13,newFactoryConstruction,approved,underConstruction,6600000,
global-demand-boom,seed-1,CONSV,30,CONSV-CAPEX-12,pdLineExpansion,underConstruction,completed,1200000,CONSV-F1
global-demand-boom,seed-1,VAP,30,VAP-CAPEX-12,pdLineExpansion,underConstruction,completed,1200000,VAP-F1
global-demand-boom,seed-1,JPQ,31,JPQ-CAPEX-13,newFactoryConstruction,underConstruction,underConstruction,7699999.999999999,
global-demand-boom,seed-1,MASS,32,MASS-CAPEX-8,qualityControlEquipment,approved,underConstruction,720000,MASS-NEWF-MASS-CAPEX-4
global-demand-boom,seed-1,BAL,32,BAL-CAPEX-11,pdMechanization,approved,underConstruction,1000000,BAL-NEWF-BAL-CAPEX-6
global-demand-boom,seed-1,JPQ,32,JPQ-CAPEX-13,newFactoryConstruction,underConstruction,completed,7699999.999999999,
global-demand-boom,seed-1,JPQ,32,JPQ-CAPEX-14,pdLineExpansion,approved,underConstruction,1200000,JPQ-F1
global-demand-boom,seed-1,JPQ,32,JPQ-CAPEX-15,vapLineExpansion,approved,underConstruction,1500000,JPQ-F1
global-demand-boom,seed-1,CONSV,32,CONSV-CAPEX-13,pdLineExpansion,approved,underConstruction,1200000,CONSV-F1
global-demand-boom,seed-1,VAP,32,VAP-CAPEX-13,pdLineExpansion,approved,underConstruction,1200000,VAP-F1
global-demand-boom,seed-1,VAP,32,VAP-CAPEX-14,vapLineExpansion,approved,underConstruction,1500000,VAP-F1
global-demand-boom,seed-2,BAL,2,BAL-CAPEX-1,pdLineExpansion,approved,underConstruction,1200000,BAL-F1
global-demand-boom,seed-2,BAL,3,BAL-CAPEX-1,pdLineExpansion,underConstruction,underConstruction,1600000,BAL-F1
global-demand-boom,seed-2,JPQ,3,JPQ-CAPEX-1,qualityControlEquipment,approved,underConstruction,720000,JPQ-F1
global-demand-boom,seed-2,CONSV,3,CONSV-CAPEX-1,qualityControlEquipment,approved,underConstruction,720000,CONSV-F1
global-demand-boom,seed-2,BAL,4,BAL-CAPEX-1,pdLineExpansion,underConstruction,completed,1200000,BAL-F1
global-demand-boom,seed-2,BAL,4,BAL-CAPEX-2,qualityControlEquipment,approved,underConstruction,720000,BAL-F1
global-demand-boom,seed-2,JPQ,4,JPQ-CAPEX-1,qualityControlEquipment,underConstruction,completed,480000,JPQ-F1
global-demand-boom,seed-2,CONSV,4,CONSV-CAPEX-1,qualityControlEquipment,underConstruction,completed,480000,CONSV-F1
global-demand-boom,seed-2,CONSV,4,CONSV-CAPEX-2,pdLineExpansion,approved,underConstruction,1200000,CONSV-F1
global-demand-boom,seed-2,CONSV,4,CONSV-CAPEX-3,pdMechanization,approved,underConstruction,1000000,CONSV-F1
global-demand-boom,seed-2,MASS,5,MASS-CAPEX-1,qualityControlEquipment,approved,approved,0,MASS-F1
global-demand-boom,seed-2,BAL,5,BAL-CAPEX-2,qualityControlEquipment,underConstruction,completed,480000,BAL-F1
global-demand-boom,seed-2,BAL,5,BAL-CAPEX-3,hosoLineExpansion,approved,completed,8000000,BAL-F1
global-demand-boom,seed-2,CONSV,5,CONSV-CAPEX-2,pdLineExpansion,underConstruction,underConstruction,1600000,CONSV-F1
global-demand-boom,seed-2,CONSV,5,CONSV-CAPEX-3,pdMechanization,underConstruction,completed,1500000,CONSV-F1
global-demand-boom,seed-2,CONSV,5,CONSV-CAPEX-4,vapLineExpansion,approved,underConstruction,1500000,CONSV-F1
global-demand-boom,seed-2,MASS,6,MASS-CAPEX-1,qualityControlEquipment,approved,underConstruction,720000,MASS-F1
global-demand-boom,seed-2,CONSV,6,CONSV-CAPEX-2,pdLineExpansion,underConstruction,completed,1200000,CONSV-F1
global-demand-boom,seed-2,CONSV,6,CONSV-CAPEX-4,vapLineExpansion,underConstruction,underConstruction,2100000,CONSV-F1
global-demand-boom,seed-2,MASS,7,MASS-CAPEX-1,qualityControlEquipment,underConstruction,suspended,0,MASS-F1
global-demand-boom,seed-2,CONSV,7,CONSV-CAPEX-4,vapLineExpansion,underConstruction,underConstruction,1500000,CONSV-F1
global-demand-boom,seed-2,VAP,7,VAP-CAPEX-1,qualityControlEquipment,approved,underConstruction,720000,VAP-F1
global-demand-boom,seed-2,JPQ,8,JPQ-CAPEX-2,vapLineExpansion,approved,underConstruction,1500000,JPQ-F1
global-demand-boom,seed-2,JPQ,8,JPQ-CAPEX-3,pdMechanization,approved,underConstruction,1000000,JPQ-F1
global-demand-boom,seed-2,CONSV,8,CONSV-CAPEX-4,vapLineExpansion,underConstruction,completed,900000,CONSV-F1
global-demand-boom,seed-2,CONSV,8,CONSV-CAPEX-5,pdLineExpansion,approved,underConstruction,1200000,CONSV-F1
global-demand-boom,seed-2,VAP,8,VAP-CAPEX-1,qualityControlEquipment,underConstruction,completed,480000,VAP-F1
global-demand-boom,seed-2,VAP,8,VAP-CAPEX-2,pdLineExpansion,approved,underConstruction,1200000,VAP-F1
global-demand-boom,seed-2,VAP,8,VAP-CAPEX-3,vapLineExpansion,approved,underConstruction,1500000,VAP-F1
global-demand-boom,seed-2,BAL,9,BAL-CAPEX-4,hosoLineExpansion,approved,completed,8000000,BAL-F1
global-demand-boom,seed-2,JPQ,9,JPQ-CAPEX-2,vapLineExpansion,underConstruction,underConstruction,2100000,JPQ-F1
global-demand-boom,seed-2,JPQ,9,JPQ-CAPEX-3,pdMechanization,underConstruction,completed,1500000,JPQ-F1
global-demand-boom,seed-2,CONSV,9,CONSV-CAPEX-5,pdLineExpansion,underConstruction,underConstruction,1600000,CONSV-F1
global-demand-boom,seed-2,CONSV,9,CONSV-CAPEX-6,hosoLineExpansion,approved,completed,8000000,CONSV-F1
global-demand-boom,seed-2,VAP,9,VAP-CAPEX-2,pdLineExpansion,underConstruction,underConstruction,1600000,VAP-F1
global-demand-boom,seed-2,VAP,9,VAP-CAPEX-3,vapLineExpansion,underConstruction,underConstruction,2100000,VAP-F1
global-demand-boom,seed-2,VAP,9,VAP-CAPEX-4,pdMechanization,approved,underConstruction,1000000,VAP-F1
global-demand-boom,seed-2,JPQ,10,JPQ-CAPEX-2,vapLineExpansion,underConstruction,underConstruction,1500000,JPQ-F1
global-demand-boom,seed-2,JPQ,10,JPQ-CAPEX-4,pdLineExpansion,approved,underConstruction,1200000,JPQ-F1
global-demand-boom,seed-2,CONSV,10,CONSV-CAPEX-5,pdLineExpansion,underConstruction,completed,1200000,CONSV-F1
global-demand-boom,seed-2,VAP,10,VAP-CAPEX-2,pdLineExpansion,underConstruction,completed,1200000,VAP-F1
global-demand-boom,seed-2,VAP,10,VAP-CAPEX-3,vapLineExpansion,underConstruction,underConstruction,1500000,VAP-F1
global-demand-boom,seed-2,VAP,10,VAP-CAPEX-4,pdMechanization,underConstruction,completed,1500000,VAP-F1
global-demand-boom,seed-2,JPQ,11,JPQ-CAPEX-2,vapLineExpansion,underConstruction,completed,900000,JPQ-F1
global-demand-boom,seed-2,JPQ,11,JPQ-CAPEX-4,pdLineExpansion,underConstruction,underConstruction,1600000,JPQ-F1
global-demand-boom,seed-2,CONSV,11,CONSV-CAPEX-7,vapLineExpansion,approved,underConstruction,1500000,CONSV-F1
global-demand-boom,seed-2,VAP,11,VAP-CAPEX-3,vapLineExpansion,underConstruction,completed,900000,VAP-F1
global-demand-boom,seed-2,BAL,12,BAL-CAPEX-5,hosoLineExpansion,approved,completed,8000000,BAL-F1
global-demand-boom,seed-2,JPQ,12,JPQ-CAPEX-4,pdLineExpansion,underConstruction,completed,1200000,JPQ-F1
global-demand-boom,seed-2,CONSV,12,CONSV-CAPEX-7,vapLineExpansion,underConstruction,underConstruction,2100000,CONSV-F1
global-demand-boom,seed-2,CONSV,12,CONSV-CAPEX-8,pdLineExpansion,approved,underConstruction,1200000,CONSV-F1
global-demand-boom,seed-2,VAP,12,VAP-CAPEX-5,pdLineExpansion,approved,underConstruction,1200000,VAP-F1
global-demand-boom,seed-2,JPQ,13,JPQ-CAPEX-5,hosoLineExpansion,approved,completed,8000000,JPQ-F1
global-demand-boom,seed-2,CONSV,13,CONSV-CAPEX-7,vapLineExpansion,underConstruction,underConstruction,1500000,CONSV-F1
global-demand-boom,seed-2,CONSV,13,CONSV-CAPEX-8,pdLineExpansion,underConstruction,underConstruction,1600000,CONSV-F1
global-demand-boom,seed-2,VAP,13,VAP-CAPEX-5,pdLineExpansion,underConstruction,underConstruction,1600000,VAP-F1
global-demand-boom,seed-2,JPQ,14,JPQ-CAPEX-6,pdLineExpansion,approved,underConstruction,1200000,JPQ-F1
global-demand-boom,seed-2,JPQ,14,JPQ-CAPEX-7,vapLineExpansion,approved,underConstruction,1500000,JPQ-F1
global-demand-boom,seed-2,CONSV,14,CONSV-CAPEX-7,vapLineExpansion,underConstruction,completed,900000,CONSV-F1
global-demand-boom,seed-2,CONSV,14,CONSV-CAPEX-8,pdLineExpansion,underConstruction,completed,1200000,CONSV-F1
global-demand-boom,seed-2,VAP,14,VAP-CAPEX-5,pdLineExpansion,underConstruction,completed,1200000,VAP-F1
global-demand-boom,seed-2,VAP,14,VAP-CAPEX-6,vapLineExpansion,approved,underConstruction,1500000,VAP-F1
global-demand-boom,seed-2,BAL,15,BAL-CAPEX-6,commonProcessingExpansion,approved,underConstruction,1500000,BAL-F1
global-demand-boom,seed-2,JPQ,15,JPQ-CAPEX-6,pdLineExpansion,underConstruction,underConstruction,1600000,JPQ-F1
global-demand-boom,seed-2,JPQ,15,JPQ-CAPEX-7,vapLineExpansion,underConstruction,underConstruction,2100000,JPQ-F1
global-demand-boom,seed-2,VAP,15,VAP-CAPEX-6,vapLineExpansion,underConstruction,underConstruction,2100000,VAP-F1
global-demand-boom,seed-2,BAL,16,BAL-CAPEX-6,commonProcessingExpansion,underConstruction,underConstruction,2000000,BAL-F1
global-demand-boom,seed-2,JPQ,16,JPQ-CAPEX-6,pdLineExpansion,underConstruction,completed,1200000,JPQ-F1
global-demand-boom,seed-2,JPQ,16,JPQ-CAPEX-7,vapLineExpansion,underConstruction,underConstruction,1500000,JPQ-F1
global-demand-boom,seed-2,CONSV,16,CONSV-CAPEX-9,pdLineExpansion,approved,underConstruction,1200000,CONSV-F1
global-demand-boom,seed-2,VAP,16,VAP-CAPEX-6,vapLineExpansion,underConstruction,underConstruction,1500000,VAP-F1
global-demand-boom,seed-2,VAP,16,VAP-CAPEX-7,pdLineExpansion,approved,underConstruction,1200000,VAP-F1
global-demand-boom,seed-2,BAL,17,BAL-CAPEX-6,commonProcessingExpansion,underConstruction,completed,1500000,BAL-F1
global-demand-boom,seed-2,JPQ,17,JPQ-CAPEX-7,vapLineExpansion,underConstruction,completed,900000,JPQ-F1
global-demand-boom,seed-2,CONSV,17,CONSV-CAPEX-9,pdLineExpansion,underConstruction,underConstruction,1600000,CONSV-F1
global-demand-boom,seed-2,VAP,17,VAP-CAPEX-6,vapLineExpansion,underConstruction,completed,900000,VAP-F1
global-demand-boom,seed-2,VAP,17,VAP-CAPEX-7,pdLineExpansion,underConstruction,underConstruction,1600000,VAP-F1
global-demand-boom,seed-2,JPQ,18,JPQ-CAPEX-8,pdLineExpansion,approved,underConstruction,1200000,JPQ-F1
global-demand-boom,seed-2,CONSV,18,CONSV-CAPEX-9,pdLineExpansion,underConstruction,completed,1200000,CONSV-F1
global-demand-boom,seed-2,VAP,18,VAP-CAPEX-7,pdLineExpansion,underConstruction,completed,1200000,VAP-F1
global-demand-boom,seed-2,MASS,19,MASS-CAPEX-2,hosoLineExpansion,approved,completed,8000000,MASS-F1
global-demand-boom,seed-2,MASS,19,MASS-CAPEX-3,pdLineExpansion,approved,underConstruction,1200000,MASS-F1
global-demand-boom,seed-2,BAL,19,BAL-CAPEX-7,commonProcessingExpansion,approved,underConstruction,1500000,BAL-F1
global-demand-boom,seed-2,JPQ,19,JPQ-CAPEX-8,pdLineExpansion,underConstruction,underConstruction,1600000,JPQ-F1
global-demand-boom,seed-2,MASS,20,MASS-CAPEX-3,pdLineExpansion,underConstruction,underConstruction,1600000,MASS-F1
global-demand-boom,seed-2,MASS,20,MASS-CAPEX-4,newFactoryConstruction,approved,underConstruction,6600000,
global-demand-boom,seed-2,BAL,20,BAL-CAPEX-7,commonProcessingExpansion,underConstruction,underConstruction,2000000,BAL-F1
global-demand-boom,seed-2,BAL,20,BAL-CAPEX-8,pdLineExpansion,approved,underConstruction,1200000,BAL-F1
global-demand-boom,seed-2,BAL,20,BAL-CAPEX-9,vapLineExpansion,approved,underConstruction,1500000,BAL-F1
global-demand-boom,seed-2,JPQ,20,JPQ-CAPEX-8,pdLineExpansion,underConstruction,completed,1200000,JPQ-F1
global-demand-boom,seed-2,JPQ,20,JPQ-CAPEX-9,vapLineExpansion,approved,underConstruction,1500000,JPQ-F1
global-demand-boom,seed-2,CONSV,20,CONSV-CAPEX-10,pdLineExpansion,approved,underConstruction,1200000,CONSV-F1
global-demand-boom,seed-2,VAP,20,VAP-CAPEX-8,pdLineExpansion,approved,underConstruction,1200000,VAP-F1
global-demand-boom,seed-2,VAP,20,VAP-CAPEX-9,vapLineExpansion,approved,underConstruction,1500000,VAP-F1
global-demand-boom,seed-2,MASS,21,MASS-CAPEX-3,pdLineExpansion,underConstruction,completed,1200000,MASS-F1
global-demand-boom,seed-2,MASS,21,MASS-CAPEX-4,newFactoryConstruction,underConstruction,underConstruction,7699999.999999999,
global-demand-boom,seed-2,BAL,21,BAL-CAPEX-7,commonProcessingExpansion,underConstruction,completed,1500000,BAL-F1
global-demand-boom,seed-2,BAL,21,BAL-CAPEX-8,pdLineExpansion,underConstruction,underConstruction,1600000,BAL-F1
global-demand-boom,seed-2,BAL,21,BAL-CAPEX-9,vapLineExpansion,underConstruction,underConstruction,2100000,BAL-F1
global-demand-boom,seed-2,JPQ,21,JPQ-CAPEX-9,vapLineExpansion,underConstruction,underConstruction,2100000,JPQ-F1
global-demand-boom,seed-2,CONSV,21,CONSV-CAPEX-10,pdLineExpansion,underConstruction,underConstruction,1600000,CONSV-F1
global-demand-boom,seed-2,VAP,21,VAP-CAPEX-8,pdLineExpansion,underConstruction,underConstruction,1600000,VAP-F1
global-demand-boom,seed-2,VAP,21,VAP-CAPEX-9,vapLineExpansion,underConstruction,underConstruction,2100000,VAP-F1
global-demand-boom,seed-2,MASS,22,MASS-CAPEX-4,newFactoryConstruction,underConstruction,completed,7699999.999999999,
global-demand-boom,seed-2,MASS,22,MASS-CAPEX-5,hosoLineExpansion,approved,completed,8000000,MASS-F1
global-demand-boom,seed-2,BAL,22,BAL-CAPEX-8,pdLineExpansion,underConstruction,completed,1200000,BAL-F1
global-demand-boom,seed-2,BAL,22,BAL-CAPEX-9,vapLineExpansion,underConstruction,underConstruction,1500000,BAL-F1
global-demand-boom,seed-2,JPQ,22,JPQ-CAPEX-9,vapLineExpansion,underConstruction,underConstruction,1500000,JPQ-F1
global-demand-boom,seed-2,CONSV,22,CONSV-CAPEX-10,pdLineExpansion,underConstruction,completed,1200000,CONSV-F1
global-demand-boom,seed-2,VAP,22,VAP-CAPEX-8,pdLineExpansion,underConstruction,completed,1200000,VAP-F1
global-demand-boom,seed-2,VAP,22,VAP-CAPEX-9,vapLineExpansion,underConstruction,underConstruction,1500000,VAP-F1
global-demand-boom,seed-2,MASS,23,MASS-CAPEX-6,pdLineExpansion,approved,underConstruction,1200000,MASS-F1
global-demand-boom,seed-2,BAL,23,BAL-CAPEX-9,vapLineExpansion,underConstruction,completed,900000,BAL-F1
global-demand-boom,seed-2,JPQ,23,JPQ-CAPEX-9,vapLineExpansion,underConstruction,completed,900000,JPQ-F1
global-demand-boom,seed-2,VAP,23,VAP-CAPEX-9,vapLineExpansion,underConstruction,completed,900000,VAP-F1
global-demand-boom,seed-2,MASS,24,MASS-CAPEX-6,pdLineExpansion,underConstruction,underConstruction,1600000,MASS-F1
global-demand-boom,seed-2,MASS,24,MASS-CAPEX-7,newFactoryConstruction,approved,underConstruction,6600000,
global-demand-boom,seed-2,BAL,24,BAL-CAPEX-10,newFactoryConstruction,approved,underConstruction,6600000,
global-demand-boom,seed-2,CONSV,24,CONSV-CAPEX-11,pdLineExpansion,approved,underConstruction,1200000,CONSV-F1
global-demand-boom,seed-2,VAP,24,VAP-CAPEX-10,pdLineExpansion,approved,underConstruction,1200000,VAP-F1
global-demand-boom,seed-2,MASS,25,MASS-CAPEX-6,pdLineExpansion,underConstruction,completed,1200000,MASS-F1
global-demand-boom,seed-2,MASS,25,MASS-CAPEX-7,newFactoryConstruction,underConstruction,underConstruction,7699999.999999999,
global-demand-boom,seed-2,BAL,25,BAL-CAPEX-10,newFactoryConstruction,underConstruction,underConstruction,7699999.999999999,
global-demand-boom,seed-2,CONSV,25,CONSV-CAPEX-11,pdLineExpansion,underConstruction,underConstruction,1600000,CONSV-F1
global-demand-boom,seed-2,VAP,25,VAP-CAPEX-10,pdLineExpansion,underConstruction,underConstruction,1600000,VAP-F1
global-demand-boom,seed-2,MASS,26,MASS-CAPEX-7,newFactoryConstruction,underConstruction,completed,7699999.999999999,
global-demand-boom,seed-2,BAL,26,BAL-CAPEX-10,newFactoryConstruction,underConstruction,completed,7699999.999999999,
global-demand-boom,seed-2,JPQ,26,JPQ-CAPEX-10,vapLineExpansion,approved,underConstruction,1500000,JPQ-F1
global-demand-boom,seed-2,CONSV,26,CONSV-CAPEX-11,pdLineExpansion,underConstruction,completed,1200000,CONSV-F1
global-demand-boom,seed-2,VAP,26,VAP-CAPEX-10,pdLineExpansion,underConstruction,completed,1200000,VAP-F1
global-demand-boom,seed-2,VAP,26,VAP-CAPEX-11,vapLineExpansion,approved,underConstruction,1500000,VAP-F1
global-demand-boom,seed-2,MASS,27,MASS-CAPEX-8,hosoLineExpansion,approved,completed,8000000,MASS-NEWF-MASS-CAPEX-4
global-demand-boom,seed-2,JPQ,27,JPQ-CAPEX-10,vapLineExpansion,underConstruction,underConstruction,2100000,JPQ-F1
global-demand-boom,seed-2,VAP,27,VAP-CAPEX-11,vapLineExpansion,underConstruction,underConstruction,2100000,VAP-F1
global-demand-boom,seed-2,JPQ,28,JPQ-CAPEX-10,vapLineExpansion,underConstruction,underConstruction,1500000,JPQ-F1
global-demand-boom,seed-2,CONSV,28,CONSV-CAPEX-12,pdLineExpansion,approved,underConstruction,1200000,CONSV-F1
global-demand-boom,seed-2,VAP,28,VAP-CAPEX-11,vapLineExpansion,underConstruction,underConstruction,1500000,VAP-F1
global-demand-boom,seed-2,VAP,28,VAP-CAPEX-12,pdLineExpansion,approved,underConstruction,1200000,VAP-F1
global-demand-boom,seed-2,JPQ,29,JPQ-CAPEX-10,vapLineExpansion,underConstruction,completed,900000,JPQ-F1
global-demand-boom,seed-2,CONSV,29,CONSV-CAPEX-12,pdLineExpansion,underConstruction,underConstruction,1600000,CONSV-F1
global-demand-boom,seed-2,VAP,29,VAP-CAPEX-11,vapLineExpansion,underConstruction,completed,900000,VAP-F1
global-demand-boom,seed-2,VAP,29,VAP-CAPEX-12,pdLineExpansion,underConstruction,underConstruction,1600000,VAP-F1
global-demand-boom,seed-2,MASS,30,MASS-CAPEX-9,hosoLineExpansion,approved,completed,8000000,MASS-NEWF-MASS-CAPEX-7
global-demand-boom,seed-2,CONSV,30,CONSV-CAPEX-12,pdLineExpansion,underConstruction,completed,1200000,CONSV-F1
global-demand-boom,seed-2,VAP,30,VAP-CAPEX-12,pdLineExpansion,underConstruction,completed,1200000,VAP-F1
global-demand-boom,seed-2,JPQ,32,JPQ-CAPEX-11,pdLineExpansion,approved,underConstruction,1200000,JPQ-F1
global-demand-boom,seed-2,JPQ,32,JPQ-CAPEX-12,vapLineExpansion,approved,underConstruction,1500000,JPQ-F1
global-demand-boom,seed-2,CONSV,32,CONSV-CAPEX-13,pdLineExpansion,approved,underConstruction,1200000,CONSV-F1
global-demand-boom,seed-2,VAP,32,VAP-CAPEX-13,pdLineExpansion,approved,underConstruction,1200000,VAP-F1
global-demand-boom,seed-2,VAP,32,VAP-CAPEX-14,vapLineExpansion,approved,underConstruction,1500000,VAP-F1
global-demand-boom,seed-3,BAL,2,BAL-CAPEX-1,pdLineExpansion,approved,underConstruction,1200000,BAL-F1
global-demand-boom,seed-3,BAL,3,BAL-CAPEX-1,pdLineExpansion,underConstruction,underConstruction,1600000,BAL-F1
global-demand-boom,seed-3,JPQ,3,JPQ-CAPEX-1,pdMechanization,approved,underConstruction,1000000,JPQ-F1
global-demand-boom,seed-3,JPQ,3,JPQ-CAPEX-2,qualityControlEquipment,approved,underConstruction,720000,JPQ-F1
global-demand-boom,seed-3,CONSV,3,CONSV-CAPEX-1,qualityControlEquipment,approved,underConstruction,720000,CONSV-F1
global-demand-boom,seed-3,BAL,4,BAL-CAPEX-1,pdLineExpansion,underConstruction,completed,1200000,BAL-F1
global-demand-boom,seed-3,JPQ,4,JPQ-CAPEX-1,pdMechanization,underConstruction,completed,1500000,JPQ-F1
global-demand-boom,seed-3,JPQ,4,JPQ-CAPEX-2,qualityControlEquipment,underConstruction,completed,480000,JPQ-F1
global-demand-boom,seed-3,CONSV,4,CONSV-CAPEX-1,qualityControlEquipment,underConstruction,completed,480000,CONSV-F1
global-demand-boom,seed-3,CONSV,4,CONSV-CAPEX-2,pdLineExpansion,approved,underConstruction,1200000,CONSV-F1
global-demand-boom,seed-3,CONSV,4,CONSV-CAPEX-3,pdMechanization,approved,underConstruction,1000000,CONSV-F1
global-demand-boom,seed-3,BAL,5,BAL-CAPEX-2,hosoLineExpansion,approved,completed,8000000,BAL-F1
global-demand-boom,seed-3,CONSV,5,CONSV-CAPEX-2,pdLineExpansion,underConstruction,underConstruction,1600000,CONSV-F1
global-demand-boom,seed-3,CONSV,5,CONSV-CAPEX-3,pdMechanization,underConstruction,completed,1500000,CONSV-F1
global-demand-boom,seed-3,CONSV,5,CONSV-CAPEX-4,vapLineExpansion,approved,underConstruction,1500000,CONSV-F1
global-demand-boom,seed-3,VAP,5,VAP-CAPEX-1,qualityControlEquipment,approved,underConstruction,720000,VAP-F1
global-demand-boom,seed-3,CONSV,6,CONSV-CAPEX-2,pdLineExpansion,underConstruction,completed,1200000,CONSV-F1
global-demand-boom,seed-3,CONSV,6,CONSV-CAPEX-4,vapLineExpansion,underConstruction,underConstruction,2100000,CONSV-F1
global-demand-boom,seed-3,VAP,6,VAP-CAPEX-1,qualityControlEquipment,underConstruction,completed,480000,VAP-F1
global-demand-boom,seed-3,CONSV,7,CONSV-CAPEX-4,vapLineExpansion,underConstruction,underConstruction,1500000,CONSV-F1
global-demand-boom,seed-3,JPQ,8,JPQ-CAPEX-3,vapLineExpansion,approved,underConstruction,1500000,JPQ-F1
global-demand-boom,seed-3,CONSV,8,CONSV-CAPEX-4,vapLineExpansion,underConstruction,completed,900000,CONSV-F1
global-demand-boom,seed-3,CONSV,8,CONSV-CAPEX-5,pdLineExpansion,approved,underConstruction,1200000,CONSV-F1
global-demand-boom,seed-3,VAP,8,VAP-CAPEX-2,pdLineExpansion,approved,underConstruction,1200000,VAP-F1
global-demand-boom,seed-3,VAP,8,VAP-CAPEX-3,pdMechanization,approved,underConstruction,1000000,VAP-F1
global-demand-boom,seed-3,BAL,9,BAL-CAPEX-3,hosoLineExpansion,approved,completed,8000000,BAL-F1
global-demand-boom,seed-3,BAL,9,BAL-CAPEX-4,pdMechanization,approved,underConstruction,1000000,BAL-F1
global-demand-boom,seed-3,JPQ,9,JPQ-CAPEX-3,vapLineExpansion,underConstruction,underConstruction,2100000,JPQ-F1
global-demand-boom,seed-3,JPQ,9,JPQ-CAPEX-4,pdLineExpansion,approved,underConstruction,1200000,JPQ-F1
global-demand-boom,seed-3,CONSV,9,CONSV-CAPEX-5,pdLineExpansion,underConstruction,underConstruction,1600000,CONSV-F1
global-demand-boom,seed-3,CONSV,9,CONSV-CAPEX-6,hosoLineExpansion,approved,completed,8000000,CONSV-F1
global-demand-boom,seed-3,VAP,9,VAP-CAPEX-2,pdLineExpansion,underConstruction,underConstruction,1600000,VAP-F1
global-demand-boom,seed-3,VAP,9,VAP-CAPEX-3,pdMechanization,underConstruction,completed,1500000,VAP-F1
global-demand-boom,seed-3,BAL,10,BAL-CAPEX-4,pdMechanization,underConstruction,completed,1500000,BAL-F1
global-demand-boom,seed-3,JPQ,10,JPQ-CAPEX-3,vapLineExpansion,underConstruction,underConstruction,1500000,JPQ-F1
global-demand-boom,seed-3,JPQ,10,JPQ-CAPEX-4,pdLineExpansion,underConstruction,underConstruction,1600000,JPQ-F1
global-demand-boom,seed-3,CONSV,10,CONSV-CAPEX-5,pdLineExpansion,underConstruction,completed,1200000,CONSV-F1
global-demand-boom,seed-3,VAP,10,VAP-CAPEX-2,pdLineExpansion,underConstruction,completed,1200000,VAP-F1
global-demand-boom,seed-3,VAP,10,VAP-CAPEX-4,vapLineExpansion,approved,underConstruction,1500000,VAP-F1
global-demand-boom,seed-3,JPQ,11,JPQ-CAPEX-3,vapLineExpansion,underConstruction,completed,900000,JPQ-F1
global-demand-boom,seed-3,JPQ,11,JPQ-CAPEX-4,pdLineExpansion,underConstruction,completed,1200000,JPQ-F1
global-demand-boom,seed-3,CONSV,11,CONSV-CAPEX-7,vapLineExpansion,approved,underConstruction,1500000,CONSV-F1
global-demand-boom,seed-3,VAP,11,VAP-CAPEX-4,vapLineExpansion,underConstruction,underConstruction,2100000,VAP-F1
global-demand-boom,seed-3,BAL,12,BAL-CAPEX-5,hosoLineExpansion,approved,completed,8000000,BAL-F1
global-demand-boom,seed-3,CONSV,12,CONSV-CAPEX-7,vapLineExpansion,underConstruction,underConstruction,2100000,CONSV-F1
global-demand-boom,seed-3,CONSV,12,CONSV-CAPEX-8,pdLineExpansion,approved,underConstruction,1200000,CONSV-F1
global-demand-boom,seed-3,VAP,12,VAP-CAPEX-4,vapLineExpansion,underConstruction,underConstruction,1500000,VAP-F1
global-demand-boom,seed-3,VAP,12,VAP-CAPEX-5,pdLineExpansion,approved,underConstruction,1200000,VAP-F1
global-demand-boom,seed-3,CONSV,13,CONSV-CAPEX-7,vapLineExpansion,underConstruction,underConstruction,1500000,CONSV-F1
global-demand-boom,seed-3,CONSV,13,CONSV-CAPEX-8,pdLineExpansion,underConstruction,underConstruction,1600000,CONSV-F1
global-demand-boom,seed-3,VAP,13,VAP-CAPEX-4,vapLineExpansion,underConstruction,completed,900000,VAP-F1
global-demand-boom,seed-3,VAP,13,VAP-CAPEX-5,pdLineExpansion,underConstruction,underConstruction,1600000,VAP-F1
global-demand-boom,seed-3,MASS,14,MASS-CAPEX-1,hosoLineExpansion,approved,completed,8000000,MASS-F1
global-demand-boom,seed-3,MASS,14,MASS-CAPEX-2,pdLineExpansion,approved,underConstruction,1200000,MASS-F1
global-demand-boom,seed-3,JPQ,14,JPQ-CAPEX-5,vapLineExpansion,approved,underConstruction,1500000,JPQ-F1
global-demand-boom,seed-3,CONSV,14,CONSV-CAPEX-7,vapLineExpansion,underConstruction,completed,900000,CONSV-F1
global-demand-boom,seed-3,CONSV,14,CONSV-CAPEX-8,pdLineExpansion,underConstruction,completed,1200000,CONSV-F1
global-demand-boom,seed-3,VAP,14,VAP-CAPEX-5,pdLineExpansion,underConstruction,completed,1200000,VAP-F1
global-demand-boom,seed-3,MASS,15,MASS-CAPEX-2,pdLineExpansion,underConstruction,underConstruction,1600000,MASS-F1
global-demand-boom,seed-3,BAL,15,BAL-CAPEX-6,commonProcessingExpansion,approved,underConstruction,1500000,BAL-F1
global-demand-boom,seed-3,JPQ,15,JPQ-CAPEX-5,vapLineExpansion,underConstruction,underConstruction,2100000,JPQ-F1
global-demand-boom,seed-3,MASS,16,MASS-CAPEX-2,pdLineExpansion,underConstruction,completed,1200000,MASS-F1
global-demand-boom,seed-3,BAL,16,BAL-CAPEX-6,commonProcessingExpansion,underConstruction,underConstruction,2000000,BAL-F1
global-demand-boom,seed-3,JPQ,16,JPQ-CAPEX-5,vapLineExpansion,underConstruction,underConstruction,1500000,JPQ-F1
global-demand-boom,seed-3,CONSV,16,CONSV-CAPEX-9,pdLineExpansion,approved,underConstruction,1200000,CONSV-F1
global-demand-boom,seed-3,VAP,16,VAP-CAPEX-6,pdLineExpansion,approved,underConstruction,1200000,VAP-F1
global-demand-boom,seed-3,VAP,16,VAP-CAPEX-7,vapLineExpansion,approved,underConstruction,1500000,VAP-F1
global-demand-boom,seed-3,BAL,17,BAL-CAPEX-6,commonProcessingExpansion,underConstruction,completed,1500000,BAL-F1
global-demand-boom,seed-3,JPQ,17,JPQ-CAPEX-5,vapLineExpansion,underConstruction,completed,900000,JPQ-F1
global-demand-boom,seed-3,CONSV,17,CONSV-CAPEX-9,pdLineExpansion,underConstruction,underConstruction,1600000,CONSV-F1
global-demand-boom,seed-3,VAP,17,VAP-CAPEX-6,pdLineExpansion,underConstruction,underConstruction,1600000,VAP-F1
global-demand-boom,seed-3,VAP,17,VAP-CAPEX-7,vapLineExpansion,underConstruction,underConstruction,2100000,VAP-F1
global-demand-boom,seed-3,CONSV,18,CONSV-CAPEX-9,pdLineExpansion,underConstruction,completed,1200000,CONSV-F1
global-demand-boom,seed-3,VAP,18,VAP-CAPEX-6,pdLineExpansion,underConstruction,completed,1200000,VAP-F1
global-demand-boom,seed-3,VAP,18,VAP-CAPEX-7,vapLineExpansion,underConstruction,underConstruction,1500000,VAP-F1
global-demand-boom,seed-3,MASS,19,MASS-CAPEX-3,hosoLineExpansion,approved,completed,8000000,MASS-F1
global-demand-boom,seed-3,MASS,19,MASS-CAPEX-4,pdLineExpansion,approved,underConstruction,1200000,MASS-F1
global-demand-boom,seed-3,MASS,19,MASS-CAPEX-5,newFactoryConstruction,approved,underConstruction,6600000,
global-demand-boom,seed-3,BAL,19,BAL-CAPEX-7,pdLineExpansion,approved,underConstruction,1200000,BAL-F1
global-demand-boom,seed-3,BAL,19,BAL-CAPEX-8,vapLineExpansion,approved,underConstruction,1500000,BAL-F1
global-demand-boom,seed-3,BAL,19,BAL-CAPEX-9,commonProcessingExpansion,approved,underConstruction,1500000,BAL-F1
global-demand-boom,seed-3,VAP,19,VAP-CAPEX-7,vapLineExpansion,underConstruction,completed,900000,VAP-F1
global-demand-boom,seed-3,MASS,20,MASS-CAPEX-4,pdLineExpansion,underConstruction,underConstruction,1600000,MASS-F1
global-demand-boom,seed-3,MASS,20,MASS-CAPEX-5,newFactoryConstruction,underConstruction,underConstruction,7699999.999999999,
global-demand-boom,seed-3,BAL,20,BAL-CAPEX-7,pdLineExpansion,underConstruction,underConstruction,1600000,BAL-F1
global-demand-boom,seed-3,BAL,20,BAL-CAPEX-8,vapLineExpansion,underConstruction,underConstruction,2100000,BAL-F1
global-demand-boom,seed-3,BAL,20,BAL-CAPEX-9,commonProcessingExpansion,underConstruction,underConstruction,2000000,BAL-F1
global-demand-boom,seed-3,JPQ,20,JPQ-CAPEX-6,vapLineExpansion,approved,underConstruction,1500000,JPQ-F1
global-demand-boom,seed-3,CONSV,20,CONSV-CAPEX-10,pdLineExpansion,approved,underConstruction,1200000,CONSV-F1
global-demand-boom,seed-3,VAP,20,VAP-CAPEX-8,pdLineExpansion,approved,underConstruction,1200000,VAP-F1
global-demand-boom,seed-3,MASS,21,MASS-CAPEX-4,pdLineExpansion,underConstruction,completed,1200000,MASS-F1
global-demand-boom,seed-3,MASS,21,MASS-CAPEX-5,newFactoryConstruction,underConstruction,completed,7699999.999999999,
global-demand-boom,seed-3,BAL,21,BAL-CAPEX-7,pdLineExpansion,underConstruction,completed,1200000,BAL-F1
global-demand-boom,seed-3,BAL,21,BAL-CAPEX-8,vapLineExpansion,underConstruction,underConstruction,1500000,BAL-F1
global-demand-boom,seed-3,BAL,21,BAL-CAPEX-9,commonProcessingExpansion,underConstruction,completed,1500000,BAL-F1
global-demand-boom,seed-3,JPQ,21,JPQ-CAPEX-6,vapLineExpansion,underConstruction,underConstruction,2100000,JPQ-F1
global-demand-boom,seed-3,CONSV,21,CONSV-CAPEX-10,pdLineExpansion,underConstruction,underConstruction,1600000,CONSV-F1
global-demand-boom,seed-3,VAP,21,VAP-CAPEX-8,pdLineExpansion,underConstruction,underConstruction,1600000,VAP-F1
global-demand-boom,seed-3,MASS,22,MASS-CAPEX-6,hosoLineExpansion,approved,completed,8000000,MASS-F1
global-demand-boom,seed-3,MASS,22,MASS-CAPEX-7,commonProcessingExpansion,approved,underConstruction,1500000,MASS-F1
global-demand-boom,seed-3,BAL,22,BAL-CAPEX-8,vapLineExpansion,underConstruction,completed,900000,BAL-F1
global-demand-boom,seed-3,JPQ,22,JPQ-CAPEX-6,vapLineExpansion,underConstruction,underConstruction,1500000,JPQ-F1
global-demand-boom,seed-3,JPQ,22,JPQ-CAPEX-7,pdLineExpansion,approved,underConstruction,1200000,JPQ-F1
global-demand-boom,seed-3,CONSV,22,CONSV-CAPEX-10,pdLineExpansion,underConstruction,completed,1200000,CONSV-F1
global-demand-boom,seed-3,VAP,22,VAP-CAPEX-8,pdLineExpansion,underConstruction,completed,1200000,VAP-F1
global-demand-boom,seed-3,VAP,22,VAP-CAPEX-9,vapLineExpansion,approved,underConstruction,1500000,VAP-F1
global-demand-boom,seed-3,MASS,23,MASS-CAPEX-7,commonProcessingExpansion,underConstruction,underConstruction,2000000,MASS-F1
global-demand-boom,seed-3,MASS,23,MASS-CAPEX-8,newFactoryConstruction,approved,underConstruction,6600000,
global-demand-boom,seed-3,BAL,23,BAL-CAPEX-10,commonProcessingExpansion,approved,underConstruction,1500000,BAL-F1
global-demand-boom,seed-3,JPQ,23,JPQ-CAPEX-6,vapLineExpansion,underConstruction,completed,900000,JPQ-F1
global-demand-boom,seed-3,JPQ,23,JPQ-CAPEX-7,pdLineExpansion,underConstruction,underConstruction,1600000,JPQ-F1
global-demand-boom,seed-3,VAP,23,VAP-CAPEX-9,vapLineExpansion,underConstruction,underConstruction,2100000,VAP-F1
global-demand-boom,seed-3,MASS,24,MASS-CAPEX-7,commonProcessingExpansion,underConstruction,completed,1500000,MASS-F1
global-demand-boom,seed-3,MASS,24,MASS-CAPEX-8,newFactoryConstruction,underConstruction,underConstruction,7699999.999999999,
global-demand-boom,seed-3,BAL,24,BAL-CAPEX-10,commonProcessingExpansion,underConstruction,underConstruction,2000000,BAL-F1
global-demand-boom,seed-3,BAL,24,BAL-CAPEX-11,newFactoryConstruction,approved,underConstruction,6600000,
global-demand-boom,seed-3,JPQ,24,JPQ-CAPEX-7,pdLineExpansion,underConstruction,completed,1200000,JPQ-F1
global-demand-boom,seed-3,CONSV,24,CONSV-CAPEX-11,pdLineExpansion,approved,underConstruction,1200000,CONSV-F1
global-demand-boom,seed-3,VAP,24,VAP-CAPEX-9,vapLineExpansion,underConstruction,underConstruction,1500000,VAP-F1
global-demand-boom,seed-3,VAP,24,VAP-CAPEX-10,pdLineExpansion,approved,underConstruction,1200000,VAP-F1
global-demand-boom,seed-3,MASS,25,MASS-CAPEX-8,newFactoryConstruction,underConstruction,completed,7699999.999999999,
global-demand-boom,seed-3,BAL,25,BAL-CAPEX-10,commonProcessingExpansion,underConstruction,completed,1500000,BAL-F1
global-demand-boom,seed-3,BAL,25,BAL-CAPEX-11,newFactoryConstruction,underConstruction,underConstruction,7699999.999999999,
global-demand-boom,seed-3,CONSV,25,CONSV-CAPEX-11,pdLineExpansion,underConstruction,underConstruction,1600000,CONSV-F1
global-demand-boom,seed-3,VAP,25,VAP-CAPEX-9,vapLineExpansion,underConstruction,completed,900000,VAP-F1
global-demand-boom,seed-3,VAP,25,VAP-CAPEX-10,pdLineExpansion,underConstruction,underConstruction,1600000,VAP-F1
global-demand-boom,seed-3,MASS,26,MASS-CAPEX-9,hosoLineExpansion,approved,completed,8000000,MASS-NEWF-MASS-CAPEX-5
global-demand-boom,seed-3,BAL,26,BAL-CAPEX-11,newFactoryConstruction,underConstruction,completed,7699999.999999999,
global-demand-boom,seed-3,JPQ,26,JPQ-CAPEX-8,pdLineExpansion,approved,underConstruction,1200000,JPQ-F1
global-demand-boom,seed-3,JPQ,26,JPQ-CAPEX-9,vapLineExpansion,approved,underConstruction,1500000,JPQ-F1
global-demand-boom,seed-3,CONSV,26,CONSV-CAPEX-11,pdLineExpansion,underConstruction,completed,1200000,CONSV-F1
global-demand-boom,seed-3,VAP,26,VAP-CAPEX-10,pdLineExpansion,underConstruction,completed,1200000,VAP-F1
global-demand-boom,seed-3,JPQ,27,JPQ-CAPEX-8,pdLineExpansion,underConstruction,underConstruction,1600000,JPQ-F1
global-demand-boom,seed-3,JPQ,27,JPQ-CAPEX-9,vapLineExpansion,underConstruction,underConstruction,2100000,JPQ-F1
global-demand-boom,seed-3,JPQ,28,JPQ-CAPEX-8,pdLineExpansion,underConstruction,completed,1200000,JPQ-F1
global-demand-boom,seed-3,JPQ,28,JPQ-CAPEX-9,vapLineExpansion,underConstruction,underConstruction,1500000,JPQ-F1
global-demand-boom,seed-3,JPQ,28,JPQ-CAPEX-10,newFactoryConstruction,approved,underConstruction,6600000,
global-demand-boom,seed-3,CONSV,28,CONSV-CAPEX-12,pdLineExpansion,approved,underConstruction,1200000,CONSV-F1
global-demand-boom,seed-3,VAP,28,VAP-CAPEX-11,pdLineExpansion,approved,underConstruction,1200000,VAP-F1
global-demand-boom,seed-3,VAP,28,VAP-CAPEX-12,vapLineExpansion,approved,underConstruction,1500000,VAP-F1
global-demand-boom,seed-3,JPQ,29,JPQ-CAPEX-9,vapLineExpansion,underConstruction,completed,900000,JPQ-F1
global-demand-boom,seed-3,JPQ,29,JPQ-CAPEX-10,newFactoryConstruction,underConstruction,underConstruction,7699999.999999999,
global-demand-boom,seed-3,CONSV,29,CONSV-CAPEX-12,pdLineExpansion,underConstruction,underConstruction,1600000,CONSV-F1
global-demand-boom,seed-3,VAP,29,VAP-CAPEX-11,pdLineExpansion,underConstruction,underConstruction,1600000,VAP-F1
global-demand-boom,seed-3,VAP,29,VAP-CAPEX-12,vapLineExpansion,underConstruction,underConstruction,2100000,VAP-F1
global-demand-boom,seed-3,MASS,30,MASS-CAPEX-10,hosoLineExpansion,approved,completed,8000000,MASS-NEWF-MASS-CAPEX-8
global-demand-boom,seed-3,JPQ,30,JPQ-CAPEX-10,newFactoryConstruction,underConstruction,completed,7699999.999999999,
global-demand-boom,seed-3,JPQ,30,JPQ-CAPEX-11,pdLineExpansion,approved,underConstruction,1200000,JPQ-F1
global-demand-boom,seed-3,CONSV,30,CONSV-CAPEX-12,pdLineExpansion,underConstruction,completed,1200000,CONSV-F1
global-demand-boom,seed-3,VAP,30,VAP-CAPEX-11,pdLineExpansion,underConstruction,completed,1200000,VAP-F1
global-demand-boom,seed-3,VAP,30,VAP-CAPEX-12,vapLineExpansion,underConstruction,underConstruction,1500000,VAP-F1
global-demand-boom,seed-3,JPQ,31,JPQ-CAPEX-11,pdLineExpansion,underConstruction,underConstruction,1600000,JPQ-F1
global-demand-boom,seed-3,VAP,31,VAP-CAPEX-12,vapLineExpansion,underConstruction,completed,900000,VAP-F1
global-demand-boom,seed-3,JPQ,32,JPQ-CAPEX-11,pdLineExpansion,underConstruction,completed,1200000,JPQ-F1
global-demand-boom,seed-3,CONSV,32,CONSV-CAPEX-13,pdLineExpansion,approved,underConstruction,1200000,CONSV-F1
global-demand-boom,seed-3,VAP,32,VAP-CAPEX-13,pdLineExpansion,approved,underConstruction,1200000,VAP-F1
global-demand-boom,seed-4,BAL,2,BAL-CAPEX-1,pdLineExpansion,approved,underConstruction,1200000,BAL-F1
global-demand-boom,seed-4,BAL,3,BAL-CAPEX-1,pdLineExpansion,underConstruction,underConstruction,1600000,BAL-F1
global-demand-boom,seed-4,JPQ,3,JPQ-CAPEX-1,pdMechanization,approved,underConstruction,1000000,JPQ-F1
global-demand-boom,seed-4,JPQ,3,JPQ-CAPEX-2,qualityControlEquipment,approved,underConstruction,720000,JPQ-F1
global-demand-boom,seed-4,CONSV,3,CONSV-CAPEX-1,qualityControlEquipment,approved,underConstruction,720000,CONSV-F1
global-demand-boom,seed-4,BAL,4,BAL-CAPEX-1,pdLineExpansion,underConstruction,completed,1200000,BAL-F1
global-demand-boom,seed-4,JPQ,4,JPQ-CAPEX-1,pdMechanization,underConstruction,completed,1500000,JPQ-F1
global-demand-boom,seed-4,JPQ,4,JPQ-CAPEX-2,qualityControlEquipment,underConstruction,completed,480000,JPQ-F1
global-demand-boom,seed-4,CONSV,4,CONSV-CAPEX-1,qualityControlEquipment,underConstruction,completed,480000,CONSV-F1
global-demand-boom,seed-4,CONSV,4,CONSV-CAPEX-2,pdLineExpansion,approved,underConstruction,1200000,CONSV-F1
global-demand-boom,seed-4,CONSV,4,CONSV-CAPEX-3,pdMechanization,approved,underConstruction,1000000,CONSV-F1
global-demand-boom,seed-4,BAL,5,BAL-CAPEX-2,hosoLineExpansion,approved,completed,8000000,BAL-F1
global-demand-boom,seed-4,CONSV,5,CONSV-CAPEX-2,pdLineExpansion,underConstruction,underConstruction,1600000,CONSV-F1
global-demand-boom,seed-4,CONSV,5,CONSV-CAPEX-3,pdMechanization,underConstruction,completed,1500000,CONSV-F1
global-demand-boom,seed-4,CONSV,5,CONSV-CAPEX-4,vapLineExpansion,approved,underConstruction,1500000,CONSV-F1
global-demand-boom,seed-4,CONSV,6,CONSV-CAPEX-2,pdLineExpansion,underConstruction,completed,1200000,CONSV-F1
global-demand-boom,seed-4,CONSV,6,CONSV-CAPEX-4,vapLineExpansion,underConstruction,underConstruction,2100000,CONSV-F1
global-demand-boom,seed-4,BAL,7,BAL-CAPEX-3,pdMechanization,approved,underConstruction,1000000,BAL-F1
global-demand-boom,seed-4,CONSV,7,CONSV-CAPEX-4,vapLineExpansion,underConstruction,underConstruction,1500000,CONSV-F1
global-demand-boom,seed-4,VAP,7,VAP-CAPEX-1,qualityControlEquipment,approved,underConstruction,720000,VAP-F1
global-demand-boom,seed-4,BAL,8,BAL-CAPEX-3,pdMechanization,underConstruction,completed,1500000,BAL-F1
global-demand-boom,seed-4,CONSV,8,CONSV-CAPEX-4,vapLineExpansion,underConstruction,completed,900000,CONSV-F1
global-demand-boom,seed-4,CONSV,8,CONSV-CAPEX-5,pdLineExpansion,approved,underConstruction,1200000,CONSV-F1
global-demand-boom,seed-4,VAP,8,VAP-CAPEX-1,qualityControlEquipment,underConstruction,completed,480000,VAP-F1
global-demand-boom,seed-4,VAP,8,VAP-CAPEX-2,pdLineExpansion,approved,underConstruction,1200000,VAP-F1
global-demand-boom,seed-4,VAP,8,VAP-CAPEX-3,vapLineExpansion,approved,underConstruction,1500000,VAP-F1
global-demand-boom,seed-4,BAL,9,BAL-CAPEX-4,hosoLineExpansion,approved,completed,8000000,BAL-F1
global-demand-boom,seed-4,JPQ,9,JPQ-CAPEX-3,pdLineExpansion,approved,underConstruction,1200000,JPQ-F1
global-demand-boom,seed-4,JPQ,9,JPQ-CAPEX-4,vapLineExpansion,approved,underConstruction,1500000,JPQ-F1
global-demand-boom,seed-4,CONSV,9,CONSV-CAPEX-5,pdLineExpansion,underConstruction,underConstruction,1600000,CONSV-F1
global-demand-boom,seed-4,VAP,9,VAP-CAPEX-2,pdLineExpansion,underConstruction,underConstruction,1600000,VAP-F1
global-demand-boom,seed-4,VAP,9,VAP-CAPEX-3,vapLineExpansion,underConstruction,underConstruction,2100000,VAP-F1
global-demand-boom,seed-4,VAP,9,VAP-CAPEX-4,pdMechanization,approved,underConstruction,1000000,VAP-F1
global-demand-boom,seed-4,JPQ,10,JPQ-CAPEX-3,pdLineExpansion,underConstruction,underConstruction,1600000,JPQ-F1
global-demand-boom,seed-4,JPQ,10,JPQ-CAPEX-4,vapLineExpansion,underConstruction,underConstruction,2100000,JPQ-F1
global-demand-boom,seed-4,CONSV,10,CONSV-CAPEX-5,pdLineExpansion,underConstruction,completed,1200000,CONSV-F1
global-demand-boom,seed-4,CONSV,10,CONSV-CAPEX-6,hosoLineExpansion,approved,completed,8000000,CONSV-F1
global-demand-boom,seed-4,VAP,10,VAP-CAPEX-2,pdLineExpansion,underConstruction,completed,1200000,VAP-F1
global-demand-boom,seed-4,VAP,10,VAP-CAPEX-3,vapLineExpansion,underConstruction,underConstruction,1500000,VAP-F1
global-demand-boom,seed-4,VAP,10,VAP-CAPEX-4,pdMechanization,underConstruction,completed,1500000,VAP-F1
global-demand-boom,seed-4,JPQ,11,JPQ-CAPEX-3,pdLineExpansion,underConstruction,completed,1200000,JPQ-F1
global-demand-boom,seed-4,JPQ,11,JPQ-CAPEX-4,vapLineExpansion,underConstruction,underConstruction,1500000,JPQ-F1
global-demand-boom,seed-4,CONSV,11,CONSV-CAPEX-7,vapLineExpansion,approved,underConstruction,1500000,CONSV-F1
global-demand-boom,seed-4,VAP,11,VAP-CAPEX-3,vapLineExpansion,underConstruction,completed,900000,VAP-F1
global-demand-boom,seed-4,BAL,12,BAL-CAPEX-5,hosoLineExpansion,approved,completed,8000000,BAL-F1
global-demand-boom,seed-4,JPQ,12,JPQ-CAPEX-4,vapLineExpansion,underConstruction,completed,900000,JPQ-F1
global-demand-boom,seed-4,CONSV,12,CONSV-CAPEX-7,vapLineExpansion,underConstruction,underConstruction,2100000,CONSV-F1
global-demand-boom,seed-4,CONSV,12,CONSV-CAPEX-8,pdLineExpansion,approved,underConstruction,1200000,CONSV-F1
global-demand-boom,seed-4,VAP,12,VAP-CAPEX-5,pdLineExpansion,approved,underConstruction,1200000,VAP-F1
global-demand-boom,seed-4,CONSV,13,CONSV-CAPEX-7,vapLineExpansion,underConstruction,underConstruction,1500000,CONSV-F1
global-demand-boom,seed-4,CONSV,13,CONSV-CAPEX-8,pdLineExpansion,underConstruction,underConstruction,1600000,CONSV-F1
global-demand-boom,seed-4,VAP,13,VAP-CAPEX-5,pdLineExpansion,underConstruction,underConstruction,1600000,VAP-F1
global-demand-boom,seed-4,MASS,14,MASS-CAPEX-1,pdLineExpansion,approved,underConstruction,1200000,MASS-F1
global-demand-boom,seed-4,CONSV,14,CONSV-CAPEX-7,vapLineExpansion,underConstruction,completed,900000,CONSV-F1
global-demand-boom,seed-4,CONSV,14,CONSV-CAPEX-8,pdLineExpansion,underConstruction,completed,1200000,CONSV-F1
global-demand-boom,seed-4,VAP,14,VAP-CAPEX-5,pdLineExpansion,underConstruction,completed,1200000,VAP-F1
global-demand-boom,seed-4,VAP,14,VAP-CAPEX-6,vapLineExpansion,approved,underConstruction,1500000,VAP-F1
global-demand-boom,seed-4,MASS,15,MASS-CAPEX-1,pdLineExpansion,underConstruction,underConstruction,1600000,MASS-F1
global-demand-boom,seed-4,BAL,15,BAL-CAPEX-6,commonProcessingExpansion,approved,underConstruction,1500000,BAL-F1
global-demand-boom,seed-4,JPQ,15,JPQ-CAPEX-5,vapLineExpansion,approved,underConstruction,1500000,JPQ-F1
global-demand-boom,seed-4,VAP,15,VAP-CAPEX-6,vapLineExpansion,underConstruction,underConstruction,2100000,VAP-F1
global-demand-boom,seed-4,MASS,16,MASS-CAPEX-1,pdLineExpansion,underConstruction,completed,1200000,MASS-F1
global-demand-boom,seed-4,MASS,16,MASS-CAPEX-2,hosoLineExpansion,approved,completed,8000000,MASS-F1
global-demand-boom,seed-4,BAL,16,BAL-CAPEX-6,commonProcessingExpansion,underConstruction,underConstruction,2000000,BAL-F1
global-demand-boom,seed-4,JPQ,16,JPQ-CAPEX-5,vapLineExpansion,underConstruction,underConstruction,2100000,JPQ-F1
global-demand-boom,seed-4,CONSV,16,CONSV-CAPEX-9,pdLineExpansion,approved,underConstruction,1200000,CONSV-F1
global-demand-boom,seed-4,VAP,16,VAP-CAPEX-6,vapLineExpansion,underConstruction,underConstruction,1500000,VAP-F1
global-demand-boom,seed-4,VAP,16,VAP-CAPEX-7,pdLineExpansion,approved,underConstruction,1200000,VAP-F1
global-demand-boom,seed-4,BAL,17,BAL-CAPEX-6,commonProcessingExpansion,underConstruction,completed,1500000,BAL-F1
global-demand-boom,seed-4,JPQ,17,JPQ-CAPEX-5,vapLineExpansion,underConstruction,underConstruction,1500000,JPQ-F1
global-demand-boom,seed-4,CONSV,17,CONSV-CAPEX-9,pdLineExpansion,underConstruction,underConstruction,1600000,CONSV-F1
global-demand-boom,seed-4,VAP,17,VAP-CAPEX-6,vapLineExpansion,underConstruction,completed,900000,VAP-F1
global-demand-boom,seed-4,VAP,17,VAP-CAPEX-7,pdLineExpansion,underConstruction,underConstruction,1600000,VAP-F1
global-demand-boom,seed-4,MASS,18,MASS-CAPEX-3,pdLineExpansion,approved,underConstruction,1200000,MASS-F1
global-demand-boom,seed-4,MASS,18,MASS-CAPEX-4,newFactoryConstruction,approved,underConstruction,6600000,
global-demand-boom,seed-4,JPQ,18,JPQ-CAPEX-5,vapLineExpansion,underConstruction,completed,900000,JPQ-F1
global-demand-boom,seed-4,CONSV,18,CONSV-CAPEX-9,pdLineExpansion,underConstruction,completed,1200000,CONSV-F1
global-demand-boom,seed-4,VAP,18,VAP-CAPEX-7,pdLineExpansion,underConstruction,completed,1200000,VAP-F1
global-demand-boom,seed-4,MASS,19,MASS-CAPEX-3,pdLineExpansion,underConstruction,underConstruction,1600000,MASS-F1
global-demand-boom,seed-4,MASS,19,MASS-CAPEX-4,newFactoryConstruction,underConstruction,underConstruction,7699999.999999999,
global-demand-boom,seed-4,BAL,19,BAL-CAPEX-7,pdLineExpansion,approved,underConstruction,1200000,BAL-F1
global-demand-boom,seed-4,BAL,19,BAL-CAPEX-8,vapLineExpansion,approved,underConstruction,1500000,BAL-F1
global-demand-boom,seed-4,BAL,19,BAL-CAPEX-9,commonProcessingExpansion,approved,underConstruction,1500000,BAL-F1
global-demand-boom,seed-4,MASS,20,MASS-CAPEX-3,pdLineExpansion,underConstruction,completed,1200000,MASS-F1
global-demand-boom,seed-4,MASS,20,MASS-CAPEX-4,newFactoryConstruction,underConstruction,completed,7699999.999999999,
global-demand-boom,seed-4,MASS,20,MASS-CAPEX-5,hosoLineExpansion,approved,completed,8000000,MASS-F1
global-demand-boom,seed-4,BAL,20,BAL-CAPEX-7,pdLineExpansion,underConstruction,underConstruction,1600000,BAL-F1
global-demand-boom,seed-4,BAL,20,BAL-CAPEX-8,vapLineExpansion,underConstruction,underConstruction,2100000,BAL-F1
global-demand-boom,seed-4,BAL,20,BAL-CAPEX-9,commonProcessingExpansion,underConstruction,underConstruction,2000000,BAL-F1
global-demand-boom,seed-4,CONSV,20,CONSV-CAPEX-10,pdLineExpansion,approved,underConstruction,1200000,CONSV-F1
global-demand-boom,seed-4,VAP,20,VAP-CAPEX-8,pdLineExpansion,approved,underConstruction,1200000,VAP-F1
global-demand-boom,seed-4,VAP,20,VAP-CAPEX-9,vapLineExpansion,approved,underConstruction,1500000,VAP-F1
global-demand-boom,seed-4,BAL,21,BAL-CAPEX-7,pdLineExpansion,underConstruction,completed,1200000,BAL-F1
global-demand-boom,seed-4,BAL,21,BAL-CAPEX-8,vapLineExpansion,underConstruction,underConstruction,1500000,BAL-F1
global-demand-boom,seed-4,BAL,21,BAL-CAPEX-9,commonProcessingExpansion,underConstruction,completed,1500000,BAL-F1
global-demand-boom,seed-4,JPQ,21,JPQ-CAPEX-6,vapLineExpansion,approved,underConstruction,1500000,JPQ-F1
global-demand-boom,seed-4,CONSV,21,CONSV-CAPEX-10,pdLineExpansion,underConstruction,underConstruction,1600000,CONSV-F1
global-demand-boom,seed-4,VAP,21,VAP-CAPEX-8,pdLineExpansion,underConstruction,underConstruction,1600000,VAP-F1
global-demand-boom,seed-4,VAP,21,VAP-CAPEX-9,vapLineExpansion,underConstruction,underConstruction,2100000,VAP-F1
global-demand-boom,seed-4,MASS,22,MASS-CAPEX-6,newFactoryConstruction,approved,underConstruction,6600000,
global-demand-boom,seed-4,BAL,22,BAL-CAPEX-8,vapLineExpansion,underConstruction,completed,900000,BAL-F1
global-demand-boom,seed-4,JPQ,22,JPQ-CAPEX-6,vapLineExpansion,underConstruction,underConstruction,2100000,JPQ-F1
global-demand-boom,seed-4,JPQ,22,JPQ-CAPEX-7,pdLineExpansion,approved,underConstruction,1200000,JPQ-F1
global-demand-boom,seed-4,CONSV,22,CONSV-CAPEX-10,pdLineExpansion,underConstruction,completed,1200000,CONSV-F1
global-demand-boom,seed-4,VAP,22,VAP-CAPEX-8,pdLineExpansion,underConstruction,completed,1200000,VAP-F1
global-demand-boom,seed-4,VAP,22,VAP-CAPEX-9,vapLineExpansion,underConstruction,underConstruction,1500000,VAP-F1
global-demand-boom,seed-4,MASS,23,MASS-CAPEX-6,newFactoryConstruction,underConstruction,underConstruction,7699999.999999999,
global-demand-boom,seed-4,BAL,23,BAL-CAPEX-10,commonProcessingExpansion,approved,underConstruction,1500000,BAL-F1
global-demand-boom,seed-4,JPQ,23,JPQ-CAPEX-6,vapLineExpansion,underConstruction,underConstruction,1500000,JPQ-F1
global-demand-boom,seed-4,JPQ,23,JPQ-CAPEX-7,pdLineExpansion,underConstruction,underConstruction,1600000,JPQ-F1
global-demand-boom,seed-4,VAP,23,VAP-CAPEX-9,vapLineExpansion,underConstruction,completed,900000,VAP-F1
global-demand-boom,seed-4,MASS,24,MASS-CAPEX-6,newFactoryConstruction,underConstruction,completed,7699999.999999999,
global-demand-boom,seed-4,BAL,24,BAL-CAPEX-10,commonProcessingExpansion,underConstruction,underConstruction,2000000,BAL-F1
global-demand-boom,seed-4,BAL,24,BAL-CAPEX-11,newFactoryConstruction,approved,underConstruction,6600000,
global-demand-boom,seed-4,JPQ,24,JPQ-CAPEX-6,vapLineExpansion,underConstruction,completed,900000,JPQ-F1
global-demand-boom,seed-4,JPQ,24,JPQ-CAPEX-7,pdLineExpansion,underConstruction,completed,1200000,JPQ-F1
global-demand-boom,seed-4,CONSV,24,CONSV-CAPEX-11,pdLineExpansion,approved,underConstruction,1200000,CONSV-F1
global-demand-boom,seed-4,VAP,24,VAP-CAPEX-10,pdLineExpansion,approved,underConstruction,1200000,VAP-F1
global-demand-boom,seed-4,MASS,25,MASS-CAPEX-7,hosoLineExpansion,approved,completed,8000000,MASS-NEWF-MASS-CAPEX-4
global-demand-boom,seed-4,BAL,25,BAL-CAPEX-10,commonProcessingExpansion,underConstruction,completed,1500000,BAL-F1
global-demand-boom,seed-4,BAL,25,BAL-CAPEX-11,newFactoryConstruction,underConstruction,underConstruction,7699999.999999999,
global-demand-boom,seed-4,CONSV,25,CONSV-CAPEX-11,pdLineExpansion,underConstruction,underConstruction,1600000,CONSV-F1
global-demand-boom,seed-4,VAP,25,VAP-CAPEX-10,pdLineExpansion,underConstruction,underConstruction,1600000,VAP-F1
global-demand-boom,seed-4,BAL,26,BAL-CAPEX-11,newFactoryConstruction,underConstruction,completed,7699999.999999999,
global-demand-boom,seed-4,JPQ,26,JPQ-CAPEX-8,pdLineExpansion,approved,underConstruction,1200000,JPQ-F1
global-demand-boom,seed-4,CONSV,26,CONSV-CAPEX-11,pdLineExpansion,underConstruction,completed,1200000,CONSV-F1
global-demand-boom,seed-4,VAP,26,VAP-CAPEX-10,pdLineExpansion,underConstruction,completed,1200000,VAP-F1
global-demand-boom,seed-4,VAP,26,VAP-CAPEX-11,vapLineExpansion,approved,underConstruction,1500000,VAP-F1
global-demand-boom,seed-4,JPQ,27,JPQ-CAPEX-8,pdLineExpansion,underConstruction,underConstruction,1600000,JPQ-F1
global-demand-boom,seed-4,JPQ,27,JPQ-CAPEX-9,vapLineExpansion,approved,underConstruction,1500000,JPQ-F1
global-demand-boom,seed-4,VAP,27,VAP-CAPEX-11,vapLineExpansion,underConstruction,underConstruction,2100000,VAP-F1
global-demand-boom,seed-4,MASS,28,MASS-CAPEX-8,hosoLineExpansion,approved,completed,8000000,MASS-NEWF-MASS-CAPEX-6
global-demand-boom,seed-4,JPQ,28,JPQ-CAPEX-8,pdLineExpansion,underConstruction,completed,1200000,JPQ-F1
global-demand-boom,seed-4,JPQ,28,JPQ-CAPEX-9,vapLineExpansion,underConstruction,underConstruction,2100000,JPQ-F1
global-demand-boom,seed-4,JPQ,28,JPQ-CAPEX-10,newFactoryConstruction,approved,underConstruction,6600000,
global-demand-boom,seed-4,CONSV,28,CONSV-CAPEX-12,pdLineExpansion,approved,underConstruction,1200000,CONSV-F1
global-demand-boom,seed-4,VAP,28,VAP-CAPEX-11,vapLineExpansion,underConstruction,underConstruction,1500000,VAP-F1
global-demand-boom,seed-4,VAP,28,VAP-CAPEX-12,pdLineExpansion,approved,underConstruction,1200000,VAP-F1
global-demand-boom,seed-4,JPQ,29,JPQ-CAPEX-9,vapLineExpansion,underConstruction,underConstruction,1500000,JPQ-F1
global-demand-boom,seed-4,JPQ,29,JPQ-CAPEX-10,newFactoryConstruction,underConstruction,underConstruction,7699999.999999999,
global-demand-boom,seed-4,CONSV,29,CONSV-CAPEX-12,pdLineExpansion,underConstruction,underConstruction,1600000,CONSV-F1
global-demand-boom,seed-4,VAP,29,VAP-CAPEX-11,vapLineExpansion,underConstruction,completed,900000,VAP-F1
global-demand-boom,seed-4,VAP,29,VAP-CAPEX-12,pdLineExpansion,underConstruction,underConstruction,1600000,VAP-F1
global-demand-boom,seed-4,JPQ,30,JPQ-CAPEX-9,vapLineExpansion,underConstruction,completed,900000,JPQ-F1
global-demand-boom,seed-4,JPQ,30,JPQ-CAPEX-10,newFactoryConstruction,underConstruction,completed,7699999.999999999,
global-demand-boom,seed-4,JPQ,30,JPQ-CAPEX-11,pdLineExpansion,approved,underConstruction,1200000,JPQ-F1
global-demand-boom,seed-4,CONSV,30,CONSV-CAPEX-12,pdLineExpansion,underConstruction,completed,1200000,CONSV-F1
global-demand-boom,seed-4,VAP,30,VAP-CAPEX-12,pdLineExpansion,underConstruction,completed,1200000,VAP-F1
global-demand-boom,seed-4,MASS,31,MASS-CAPEX-9,qualityControlEquipment,approved,underConstruction,720000,MASS-NEWF-MASS-CAPEX-4
global-demand-boom,seed-4,JPQ,31,JPQ-CAPEX-11,pdLineExpansion,underConstruction,underConstruction,1600000,JPQ-F1
global-demand-boom,seed-4,MASS,32,MASS-CAPEX-9,qualityControlEquipment,underConstruction,completed,480000,MASS-NEWF-MASS-CAPEX-4
global-demand-boom,seed-4,JPQ,32,JPQ-CAPEX-11,pdLineExpansion,underConstruction,completed,1200000,JPQ-F1
global-demand-boom,seed-4,CONSV,32,CONSV-CAPEX-13,pdLineExpansion,approved,underConstruction,1200000,CONSV-F1
global-demand-boom,seed-4,VAP,32,VAP-CAPEX-13,pdLineExpansion,approved,underConstruction,1200000,VAP-F1
global-demand-boom,seed-4,VAP,32,VAP-CAPEX-14,vapLineExpansion,approved,underConstruction,1500000,VAP-F1
global-demand-boom,seed-5,BAL,2,BAL-CAPEX-1,pdLineExpansion,approved,underConstruction,1200000,BAL-F1
global-demand-boom,seed-5,BAL,3,BAL-CAPEX-1,pdLineExpansion,underConstruction,underConstruction,1600000,BAL-F1
global-demand-boom,seed-5,JPQ,3,JPQ-CAPEX-1,qualityControlEquipment,approved,underConstruction,720000,JPQ-F1
global-demand-boom,seed-5,CONSV,3,CONSV-CAPEX-1,qualityControlEquipment,approved,underConstruction,720000,CONSV-F1
global-demand-boom,seed-5,BAL,4,BAL-CAPEX-1,pdLineExpansion,underConstruction,completed,1200000,BAL-F1
global-demand-boom,seed-5,JPQ,4,JPQ-CAPEX-1,qualityControlEquipment,underConstruction,completed,480000,JPQ-F1
global-demand-boom,seed-5,CONSV,4,CONSV-CAPEX-1,qualityControlEquipment,underConstruction,completed,480000,CONSV-F1
global-demand-boom,seed-5,CONSV,4,CONSV-CAPEX-2,pdLineExpansion,approved,underConstruction,1200000,CONSV-F1
global-demand-boom,seed-5,CONSV,4,CONSV-CAPEX-3,pdMechanization,approved,underConstruction,1000000,CONSV-F1
global-demand-boom,seed-5,BAL,5,BAL-CAPEX-2,hosoLineExpansion,approved,completed,8000000,BAL-F1
global-demand-boom,seed-5,CONSV,5,CONSV-CAPEX-2,pdLineExpansion,underConstruction,underConstruction,1600000,CONSV-F1
global-demand-boom,seed-5,CONSV,5,CONSV-CAPEX-3,pdMechanization,underConstruction,completed,1500000,CONSV-F1
global-demand-boom,seed-5,CONSV,5,CONSV-CAPEX-4,vapLineExpansion,approved,underConstruction,1500000,CONSV-F1
global-demand-boom,seed-5,VAP,5,VAP-CAPEX-1,qualityControlEquipment,approved,underConstruction,720000,VAP-F1
global-demand-boom,seed-5,CONSV,6,CONSV-CAPEX-2,pdLineExpansion,underConstruction,completed,1200000,CONSV-F1
global-demand-boom,seed-5,CONSV,6,CONSV-CAPEX-4,vapLineExpansion,underConstruction,underConstruction,2100000,CONSV-F1
global-demand-boom,seed-5,VAP,6,VAP-CAPEX-1,qualityControlEquipment,underConstruction,completed,480000,VAP-F1
global-demand-boom,seed-5,BAL,7,BAL-CAPEX-3,pdMechanization,approved,underConstruction,1000000,BAL-F1
global-demand-boom,seed-5,BAL,7,BAL-CAPEX-4,qualityControlEquipment,approved,underConstruction,720000,BAL-F1
global-demand-boom,seed-5,CONSV,7,CONSV-CAPEX-4,vapLineExpansion,underConstruction,underConstruction,1500000,CONSV-F1
global-demand-boom,seed-5,BAL,8,BAL-CAPEX-3,pdMechanization,underConstruction,completed,1500000,BAL-F1
global-demand-boom,seed-5,BAL,8,BAL-CAPEX-4,qualityControlEquipment,underConstruction,completed,480000,BAL-F1
global-demand-boom,seed-5,JPQ,8,JPQ-CAPEX-2,vapLineExpansion,approved,underConstruction,1500000,JPQ-F1
global-demand-boom,seed-5,JPQ,8,JPQ-CAPEX-3,pdMechanization,approved,underConstruction,1000000,JPQ-F1
global-demand-boom,seed-5,CONSV,8,CONSV-CAPEX-4,vapLineExpansion,underConstruction,completed,900000,CONSV-F1
global-demand-boom,seed-5,CONSV,8,CONSV-CAPEX-5,pdLineExpansion,approved,underConstruction,1200000,CONSV-F1
global-demand-boom,seed-5,VAP,8,VAP-CAPEX-2,pdLineExpansion,approved,underConstruction,1200000,VAP-F1
global-demand-boom,seed-5,VAP,8,VAP-CAPEX-3,vapLineExpansion,approved,underConstruction,1500000,VAP-F1
global-demand-boom,seed-5,VAP,8,VAP-CAPEX-4,pdMechanization,approved,underConstruction,1000000,VAP-F1
global-demand-boom,seed-5,JPQ,9,JPQ-CAPEX-2,vapLineExpansion,underConstruction,underConstruction,2100000,JPQ-F1
global-demand-boom,seed-5,JPQ,9,JPQ-CAPEX-3,pdMechanization,underConstruction,completed,1500000,JPQ-F1
global-demand-boom,seed-5,CONSV,9,CONSV-CAPEX-5,pdLineExpansion,underConstruction,underConstruction,1600000,CONSV-F1
global-demand-boom,seed-5,VAP,9,VAP-CAPEX-2,pdLineExpansion,underConstruction,underConstruction,1600000,VAP-F1
global-demand-boom,seed-5,VAP,9,VAP-CAPEX-3,vapLineExpansion,underConstruction,underConstruction,2100000,VAP-F1
global-demand-boom,seed-5,VAP,9,VAP-CAPEX-4,pdMechanization,underConstruction,completed,1500000,VAP-F1
global-demand-boom,seed-5,BAL,10,BAL-CAPEX-5,hosoLineExpansion,approved,completed,8000000,BAL-F1
global-demand-boom,seed-5,JPQ,10,JPQ-CAPEX-2,vapLineExpansion,underConstruction,underConstruction,1500000,JPQ-F1
global-demand-boom,seed-5,CONSV,10,CONSV-CAPEX-5,pdLineExpansion,underConstruction,completed,1200000,CONSV-F1
global-demand-boom,seed-5,CONSV,10,CONSV-CAPEX-6,hosoLineExpansion,approved,completed,8000000,CONSV-F1
global-demand-boom,seed-5,VAP,10,VAP-CAPEX-2,pdLineExpansion,underConstruction,completed,1200000,VAP-F1
global-demand-boom,seed-5,VAP,10,VAP-CAPEX-3,vapLineExpansion,underConstruction,underConstruction,1500000,VAP-F1
global-demand-boom,seed-5,JPQ,11,JPQ-CAPEX-2,vapLineExpansion,underConstruction,completed,900000,JPQ-F1
global-demand-boom,seed-5,JPQ,11,JPQ-CAPEX-4,pdLineExpansion,approved,underConstruction,1200000,JPQ-F1
global-demand-boom,seed-5,CONSV,11,CONSV-CAPEX-7,vapLineExpansion,approved,underConstruction,1500000,CONSV-F1
global-demand-boom,seed-5,VAP,11,VAP-CAPEX-3,vapLineExpansion,underConstruction,completed,900000,VAP-F1
global-demand-boom,seed-5,JPQ,12,JPQ-CAPEX-4,pdLineExpansion,underConstruction,underConstruction,1600000,JPQ-F1
global-demand-boom,seed-5,CONSV,12,CONSV-CAPEX-7,vapLineExpansion,underConstruction,underConstruction,2100000,CONSV-F1
global-demand-boom,seed-5,CONSV,12,CONSV-CAPEX-8,pdLineExpansion,approved,underConstruction,1200000,CONSV-F1
global-demand-boom,seed-5,VAP,12,VAP-CAPEX-5,pdLineExpansion,approved,underConstruction,1200000,VAP-F1
global-demand-boom,seed-5,BAL,13,BAL-CAPEX-6,hosoLineExpansion,approved,completed,8000000,BAL-F1
global-demand-boom,seed-5,JPQ,13,JPQ-CAPEX-4,pdLineExpansion,underConstruction,completed,1200000,JPQ-F1
global-demand-boom,seed-5,JPQ,13,JPQ-CAPEX-5,hosoLineExpansion,approved,completed,8000000,JPQ-F1
global-demand-boom,seed-5,CONSV,13,CONSV-CAPEX-7,vapLineExpansion,underConstruction,underConstruction,1500000,CONSV-F1
global-demand-boom,seed-5,CONSV,13,CONSV-CAPEX-8,pdLineExpansion,underConstruction,underConstruction,1600000,CONSV-F1
global-demand-boom,seed-5,VAP,13,VAP-CAPEX-5,pdLineExpansion,underConstruction,underConstruction,1600000,VAP-F1
global-demand-boom,seed-5,JPQ,14,JPQ-CAPEX-6,vapLineExpansion,approved,underConstruction,1500000,JPQ-F1
global-demand-boom,seed-5,CONSV,14,CONSV-CAPEX-7,vapLineExpansion,underConstruction,completed,900000,CONSV-F1
global-demand-boom,seed-5,CONSV,14,CONSV-CAPEX-8,pdLineExpansion,underConstruction,completed,1200000,CONSV-F1
global-demand-boom,seed-5,VAP,14,VAP-CAPEX-5,pdLineExpansion,underConstruction,completed,1200000,VAP-F1
global-demand-boom,seed-5,VAP,14,VAP-CAPEX-6,vapLineExpansion,approved,underConstruction,1500000,VAP-F1
global-demand-boom,seed-5,JPQ,15,JPQ-CAPEX-6,vapLineExpansion,underConstruction,underConstruction,2100000,JPQ-F1
global-demand-boom,seed-5,JPQ,15,JPQ-CAPEX-7,pdLineExpansion,approved,underConstruction,1200000,JPQ-F1
global-demand-boom,seed-5,VAP,15,VAP-CAPEX-6,vapLineExpansion,underConstruction,underConstruction,2100000,VAP-F1
global-demand-boom,seed-5,BAL,16,BAL-CAPEX-7,commonProcessingExpansion,approved,underConstruction,1500000,BAL-F1
global-demand-boom,seed-5,JPQ,16,JPQ-CAPEX-6,vapLineExpansion,underConstruction,underConstruction,1500000,JPQ-F1
global-demand-boom,seed-5,JPQ,16,JPQ-CAPEX-7,pdLineExpansion,underConstruction,underConstruction,1600000,JPQ-F1
global-demand-boom,seed-5,CONSV,16,CONSV-CAPEX-9,pdLineExpansion,approved,underConstruction,1200000,CONSV-F1
global-demand-boom,seed-5,VAP,16,VAP-CAPEX-6,vapLineExpansion,underConstruction,underConstruction,1500000,VAP-F1
global-demand-boom,seed-5,VAP,16,VAP-CAPEX-7,pdLineExpansion,approved,underConstruction,1200000,VAP-F1
global-demand-boom,seed-5,BAL,17,BAL-CAPEX-7,commonProcessingExpansion,underConstruction,underConstruction,2000000,BAL-F1
global-demand-boom,seed-5,JPQ,17,JPQ-CAPEX-6,vapLineExpansion,underConstruction,completed,900000,JPQ-F1
global-demand-boom,seed-5,JPQ,17,JPQ-CAPEX-7,pdLineExpansion,underConstruction,completed,1200000,JPQ-F1
global-demand-boom,seed-5,CONSV,17,CONSV-CAPEX-9,pdLineExpansion,underConstruction,underConstruction,1600000,CONSV-F1
global-demand-boom,seed-5,VAP,17,VAP-CAPEX-6,vapLineExpansion,underConstruction,completed,900000,VAP-F1
global-demand-boom,seed-5,VAP,17,VAP-CAPEX-7,pdLineExpansion,underConstruction,underConstruction,1600000,VAP-F1
global-demand-boom,seed-5,MASS,18,MASS-CAPEX-1,hosoLineExpansion,approved,completed,8000000,MASS-F1
global-demand-boom,seed-5,MASS,18,MASS-CAPEX-2,newFactoryConstruction,approved,underConstruction,6600000,
global-demand-boom,seed-5,BAL,18,BAL-CAPEX-7,commonProcessingExpansion,underConstruction,completed,1500000,BAL-F1
global-demand-boom,seed-5,CONSV,18,CONSV-CAPEX-9,pdLineExpansion,underConstruction,completed,1200000,CONSV-F1
global-demand-boom,seed-5,VAP,18,VAP-CAPEX-7,pdLineExpansion,underConstruction,completed,1200000,VAP-F1
global-demand-boom,seed-5,MASS,19,MASS-CAPEX-2,newFactoryConstruction,underConstruction,underConstruction,7699999.999999999,
global-demand-boom,seed-5,MASS,19,MASS-CAPEX-3,pdLineExpansion,approved,underConstruction,1200000,MASS-F1
global-demand-boom,seed-5,JPQ,19,JPQ-CAPEX-8,pdLineExpansion,approved,underConstruction,1200000,JPQ-F1
global-demand-boom,seed-5,MASS,20,MASS-CAPEX-2,newFactoryConstruction,underConstruction,completed,7699999.999999999,
global-demand-boom,seed-5,MASS,20,MASS-CAPEX-3,pdLineExpansion,underConstruction,underConstruction,1600000,MASS-F1
global-demand-boom,seed-5,BAL,20,BAL-CAPEX-8,commonProcessingExpansion,approved,underConstruction,1500000,BAL-F1
global-demand-boom,seed-5,JPQ,20,JPQ-CAPEX-8,pdLineExpansion,underConstruction,underConstruction,1600000,JPQ-F1
global-demand-boom,seed-5,JPQ,20,JPQ-CAPEX-9,vapLineExpansion,approved,underConstruction,1500000,JPQ-F1
global-demand-boom,seed-5,CONSV,20,CONSV-CAPEX-10,pdLineExpansion,approved,underConstruction,1200000,CONSV-F1
global-demand-boom,seed-5,VAP,20,VAP-CAPEX-8,pdLineExpansion,approved,underConstruction,1200000,VAP-F1
global-demand-boom,seed-5,VAP,20,VAP-CAPEX-9,vapLineExpansion,approved,underConstruction,1500000,VAP-F1
global-demand-boom,seed-5,MASS,21,MASS-CAPEX-3,pdLineExpansion,underConstruction,completed,1200000,MASS-F1
global-demand-boom,seed-5,MASS,21,MASS-CAPEX-4,hosoLineExpansion,approved,completed,8000000,MASS-F1
global-demand-boom,seed-5,BAL,21,BAL-CAPEX-8,commonProcessingExpansion,underConstruction,underConstruction,2000000,BAL-F1
global-demand-boom,seed-5,JPQ,21,JPQ-CAPEX-8,pdLineExpansion,underConstruction,completed,1200000,JPQ-F1
global-demand-boom,seed-5,JPQ,21,JPQ-CAPEX-9,vapLineExpansion,underConstruction,underConstruction,2100000,JPQ-F1
global-demand-boom,seed-5,CONSV,21,CONSV-CAPEX-10,pdLineExpansion,underConstruction,underConstruction,1600000,CONSV-F1
global-demand-boom,seed-5,VAP,21,VAP-CAPEX-8,pdLineExpansion,underConstruction,underConstruction,1600000,VAP-F1
global-demand-boom,seed-5,VAP,21,VAP-CAPEX-9,vapLineExpansion,underConstruction,underConstruction,2100000,VAP-F1
global-demand-boom,seed-5,MASS,22,MASS-CAPEX-5,newFactoryConstruction,approved,underConstruction,6600000,
global-demand-boom,seed-5,BAL,22,BAL-CAPEX-8,commonProcessingExpansion,underConstruction,completed,1500000,BAL-F1
global-demand-boom,seed-5,BAL,22,BAL-CAPEX-9,pdLineExpansion,approved,underConstruction,1200000,BAL-F1
global-demand-boom,seed-5,BAL,22,BAL-CAPEX-10,vapLineExpansion,approved,underConstruction,1500000,BAL-F1
global-demand-boom,seed-5,JPQ,22,JPQ-CAPEX-9,vapLineExpansion,underConstruction,underConstruction,1500000,JPQ-F1
global-demand-boom,seed-5,CONSV,22,CONSV-CAPEX-10,pdLineExpansion,underConstruction,completed,1200000,CONSV-F1
global-demand-boom,seed-5,VAP,22,VAP-CAPEX-8,pdLineExpansion,underConstruction,completed,1200000,VAP-F1
global-demand-boom,seed-5,VAP,22,VAP-CAPEX-9,vapLineExpansion,underConstruction,underConstruction,1500000,VAP-F1
global-demand-boom,seed-5,MASS,23,MASS-CAPEX-5,newFactoryConstruction,underConstruction,underConstruction,7699999.999999999,
global-demand-boom,seed-5,BAL,23,BAL-CAPEX-9,pdLineExpansion,underConstruction,underConstruction,1600000,BAL-F1
global-demand-boom,seed-5,BAL,23,BAL-CAPEX-10,vapLineExpansion,underConstruction,underConstruction,2100000,BAL-F1
global-demand-boom,seed-5,JPQ,23,JPQ-CAPEX-9,vapLineExpansion,underConstruction,completed,900000,JPQ-F1
global-demand-boom,seed-5,JPQ,23,JPQ-CAPEX-10,pdLineExpansion,approved,underConstruction,1200000,JPQ-F1
global-demand-boom,seed-5,VAP,23,VAP-CAPEX-9,vapLineExpansion,underConstruction,completed,900000,VAP-F1
global-demand-boom,seed-5,MASS,24,MASS-CAPEX-5,newFactoryConstruction,underConstruction,completed,7699999.999999999,
global-demand-boom,seed-5,BAL,24,BAL-CAPEX-9,pdLineExpansion,underConstruction,completed,1200000,BAL-F1
global-demand-boom,seed-5,BAL,24,BAL-CAPEX-10,vapLineExpansion,underConstruction,underConstruction,1500000,BAL-F1
global-demand-boom,seed-5,BAL,24,BAL-CAPEX-11,newFactoryConstruction,approved,underConstruction,6600000,
global-demand-boom,seed-5,JPQ,24,JPQ-CAPEX-10,pdLineExpansion,underConstruction,underConstruction,1600000,JPQ-F1
global-demand-boom,seed-5,CONSV,24,CONSV-CAPEX-11,pdLineExpansion,approved,underConstruction,1200000,CONSV-F1
global-demand-boom,seed-5,VAP,24,VAP-CAPEX-10,pdLineExpansion,approved,underConstruction,1200000,VAP-F1
global-demand-boom,seed-5,MASS,25,MASS-CAPEX-6,hosoLineExpansion,approved,completed,8000000,MASS-NEWF-MASS-CAPEX-2
global-demand-boom,seed-5,BAL,25,BAL-CAPEX-10,vapLineExpansion,underConstruction,completed,900000,BAL-F1
global-demand-boom,seed-5,BAL,25,BAL-CAPEX-11,newFactoryConstruction,underConstruction,underConstruction,7699999.999999999,
global-demand-boom,seed-5,JPQ,25,JPQ-CAPEX-10,pdLineExpansion,underConstruction,completed,1200000,JPQ-F1
global-demand-boom,seed-5,CONSV,25,CONSV-CAPEX-11,pdLineExpansion,underConstruction,underConstruction,1600000,CONSV-F1
global-demand-boom,seed-5,VAP,25,VAP-CAPEX-10,pdLineExpansion,underConstruction,underConstruction,1600000,VAP-F1
global-demand-boom,seed-5,BAL,26,BAL-CAPEX-11,newFactoryConstruction,underConstruction,completed,7699999.999999999,
global-demand-boom,seed-5,JPQ,26,JPQ-CAPEX-11,vapLineExpansion,approved,underConstruction,1500000,JPQ-F1
global-demand-boom,seed-5,CONSV,26,CONSV-CAPEX-11,pdLineExpansion,underConstruction,completed,1200000,CONSV-F1
global-demand-boom,seed-5,VAP,26,VAP-CAPEX-10,pdLineExpansion,underConstruction,completed,1200000,VAP-F1
global-demand-boom,seed-5,VAP,26,VAP-CAPEX-11,vapLineExpansion,approved,underConstruction,1500000,VAP-F1
global-demand-boom,seed-5,JPQ,27,JPQ-CAPEX-11,vapLineExpansion,underConstruction,underConstruction,2100000,JPQ-F1
global-demand-boom,seed-5,VAP,27,VAP-CAPEX-11,vapLineExpansion,underConstruction,underConstruction,2100000,VAP-F1
global-demand-boom,seed-5,MASS,28,MASS-CAPEX-7,qualityControlEquipment,approved,underConstruction,720000,MASS-NEWF-MASS-CAPEX-5
global-demand-boom,seed-5,JPQ,28,JPQ-CAPEX-11,vapLineExpansion,underConstruction,underConstruction,1500000,JPQ-F1
global-demand-boom,seed-5,JPQ,28,JPQ-CAPEX-12,pdLineExpansion,approved,underConstruction,1200000,JPQ-F1
global-demand-boom,seed-5,CONSV,28,CONSV-CAPEX-12,pdLineExpansion,approved,underConstruction,1200000,CONSV-F1
global-demand-boom,seed-5,VAP,28,VAP-CAPEX-11,vapLineExpansion,underConstruction,underConstruction,1500000,VAP-F1
global-demand-boom,seed-5,VAP,28,VAP-CAPEX-12,pdLineExpansion,approved,underConstruction,1200000,VAP-F1
global-demand-boom,seed-5,MASS,29,MASS-CAPEX-7,qualityControlEquipment,underConstruction,completed,480000,MASS-NEWF-MASS-CAPEX-5
global-demand-boom,seed-5,JPQ,29,JPQ-CAPEX-11,vapLineExpansion,underConstruction,completed,900000,JPQ-F1
global-demand-boom,seed-5,JPQ,29,JPQ-CAPEX-12,pdLineExpansion,underConstruction,underConstruction,1600000,JPQ-F1
global-demand-boom,seed-5,CONSV,29,CONSV-CAPEX-12,pdLineExpansion,underConstruction,underConstruction,1600000,CONSV-F1
global-demand-boom,seed-5,VAP,29,VAP-CAPEX-11,vapLineExpansion,underConstruction,completed,900000,VAP-F1
global-demand-boom,seed-5,VAP,29,VAP-CAPEX-12,pdLineExpansion,underConstruction,underConstruction,1600000,VAP-F1
global-demand-boom,seed-5,BAL,30,BAL-CAPEX-12,qualityControlEquipment,approved,underConstruction,720000,BAL-NEWF-BAL-CAPEX-11
global-demand-boom,seed-5,JPQ,30,JPQ-CAPEX-12,pdLineExpansion,underConstruction,completed,1200000,JPQ-F1
global-demand-boom,seed-5,CONSV,30,CONSV-CAPEX-12,pdLineExpansion,underConstruction,completed,1200000,CONSV-F1
global-demand-boom,seed-5,VAP,30,VAP-CAPEX-12,pdLineExpansion,underConstruction,completed,1200000,VAP-F1
global-demand-boom,seed-5,BAL,31,BAL-CAPEX-12,qualityControlEquipment,underConstruction,completed,480000,BAL-NEWF-BAL-CAPEX-11
global-demand-boom,seed-5,BAL,32,BAL-CAPEX-13,pdMechanization,approved,underConstruction,1000000,BAL-NEWF-BAL-CAPEX-11
global-demand-boom,seed-5,JPQ,32,JPQ-CAPEX-13,pdLineExpansion,approved,underConstruction,1200000,JPQ-F1
global-demand-boom,seed-5,JPQ,32,JPQ-CAPEX-14,vapLineExpansion,approved,underConstruction,1500000,JPQ-F1
global-demand-boom,seed-5,CONSV,32,CONSV-CAPEX-13,pdLineExpansion,approved,underConstruction,1200000,CONSV-F1
global-demand-boom,seed-5,VAP,32,VAP-CAPEX-13,pdLineExpansion,approved,underConstruction,1200000,VAP-F1
global-demand-boom,seed-5,VAP,32,VAP-CAPEX-14,vapLineExpansion,approved,underConstruction,1500000,VAP-F1
global-disease-crisis,seed-1,BAL,2,BAL-CAPEX-1,pdLineExpansion,approved,underConstruction,1200000,BAL-F1
global-disease-crisis,seed-1,BAL,3,BAL-CAPEX-1,pdLineExpansion,underConstruction,underConstruction,1600000,BAL-F1
global-disease-crisis,seed-1,JPQ,3,JPQ-CAPEX-1,pdMechanization,approved,underConstruction,1000000,JPQ-F1
global-disease-crisis,seed-1,JPQ,3,JPQ-CAPEX-2,qualityControlEquipment,approved,underConstruction,720000,JPQ-F1
global-disease-crisis,seed-1,CONSV,3,CONSV-CAPEX-1,qualityControlEquipment,approved,underConstruction,720000,CONSV-F1
global-disease-crisis,seed-1,BAL,4,BAL-CAPEX-1,pdLineExpansion,underConstruction,completed,1200000,BAL-F1
global-disease-crisis,seed-1,BAL,4,BAL-CAPEX-2,hosoLineExpansion,approved,completed,8000000,BAL-F1
global-disease-crisis,seed-1,JPQ,4,JPQ-CAPEX-1,pdMechanization,underConstruction,completed,1500000,JPQ-F1
global-disease-crisis,seed-1,JPQ,4,JPQ-CAPEX-2,qualityControlEquipment,underConstruction,completed,480000,JPQ-F1
global-disease-crisis,seed-1,CONSV,4,CONSV-CAPEX-1,qualityControlEquipment,underConstruction,completed,480000,CONSV-F1
global-disease-crisis,seed-1,CONSV,4,CONSV-CAPEX-2,pdLineExpansion,approved,underConstruction,1200000,CONSV-F1
global-disease-crisis,seed-1,CONSV,4,CONSV-CAPEX-3,vapLineExpansion,approved,underConstruction,1500000,CONSV-F1
global-disease-crisis,seed-1,CONSV,5,CONSV-CAPEX-2,pdLineExpansion,underConstruction,underConstruction,1600000,CONSV-F1
global-disease-crisis,seed-1,CONSV,5,CONSV-CAPEX-3,vapLineExpansion,underConstruction,underConstruction,2100000,CONSV-F1
global-disease-crisis,seed-1,CONSV,5,CONSV-CAPEX-4,pdMechanization,approved,underConstruction,1000000,CONSV-F1
global-disease-crisis,seed-1,CONSV,6,CONSV-CAPEX-2,pdLineExpansion,underConstruction,completed,1200000,CONSV-F1
global-disease-crisis,seed-1,CONSV,6,CONSV-CAPEX-3,vapLineExpansion,underConstruction,underConstruction,1500000,CONSV-F1
global-disease-crisis,seed-1,CONSV,6,CONSV-CAPEX-4,pdMechanization,underConstruction,completed,1500000,CONSV-F1
global-disease-crisis,seed-1,CONSV,7,CONSV-CAPEX-3,vapLineExpansion,underConstruction,completed,900000,CONSV-F1
global-disease-crisis,seed-1,VAP,7,VAP-CAPEX-1,qualityControlEquipment,approved,underConstruction,720000,VAP-F1
global-disease-crisis,seed-1,BAL,8,BAL-CAPEX-3,pdLineExpansion,approved,underConstruction,1200000,BAL-F1
global-disease-crisis,seed-1,JPQ,8,JPQ-CAPEX-3,pdLineExpansion,approved,underConstruction,1200000,JPQ-F1
global-disease-crisis,seed-1,CONSV,8,CONSV-CAPEX-5,pdLineExpansion,approved,underConstruction,1200000,CONSV-F1
global-disease-crisis,seed-1,VAP,8,VAP-CAPEX-1,qualityControlEquipment,underConstruction,completed,480000,VAP-F1
global-disease-crisis,seed-1,VAP,8,VAP-CAPEX-2,pdLineExpansion,approved,underConstruction,1200000,VAP-F1
global-disease-crisis,seed-1,VAP,8,VAP-CAPEX-3,pdMechanization,approved,underConstruction,1000000,VAP-F1
global-disease-crisis,seed-1,BAL,9,BAL-CAPEX-3,pdLineExpansion,underConstruction,underConstruction,1600000,BAL-F1
global-disease-crisis,seed-1,BAL,9,BAL-CAPEX-4,hosoLineExpansion,approved,completed,8000000,BAL-F1
global-disease-crisis,seed-1,JPQ,9,JPQ-CAPEX-3,pdLineExpansion,underConstruction,underConstruction,1600000,JPQ-F1
global-disease-crisis,seed-1,JPQ,9,JPQ-CAPEX-4,vapLineExpansion,approved,underConstruction,1500000,JPQ-F1
global-disease-crisis,seed-1,CONSV,9,CONSV-CAPEX-5,pdLineExpansion,underConstruction,underConstruction,1600000,CONSV-F1
global-disease-crisis,seed-1,VAP,9,VAP-CAPEX-2,pdLineExpansion,underConstruction,underConstruction,1600000,VAP-F1
global-disease-crisis,seed-1,VAP,9,VAP-CAPEX-3,pdMechanization,underConstruction,completed,1500000,VAP-F1
global-disease-crisis,seed-1,BAL,10,BAL-CAPEX-3,pdLineExpansion,underConstruction,completed,1200000,BAL-F1
global-disease-crisis,seed-1,JPQ,10,JPQ-CAPEX-3,pdLineExpansion,underConstruction,completed,1200000,JPQ-F1
global-disease-crisis,seed-1,JPQ,10,JPQ-CAPEX-4,vapLineExpansion,underConstruction,underConstruction,2100000,JPQ-F1
global-disease-crisis,seed-1,CONSV,10,CONSV-CAPEX-5,pdLineExpansion,underConstruction,completed,1200000,CONSV-F1
global-disease-crisis,seed-1,CONSV,10,CONSV-CAPEX-6,hosoLineExpansion,approved,completed,8000000,CONSV-F1
global-disease-crisis,seed-1,CONSV,10,CONSV-CAPEX-7,vapLineExpansion,approved,underConstruction,1500000,CONSV-F1
global-disease-crisis,seed-1,VAP,10,VAP-CAPEX-2,pdLineExpansion,underConstruction,completed,1200000,VAP-F1
global-disease-crisis,seed-1,VAP,10,VAP-CAPEX-4,vapLineExpansion,approved,underConstruction,1500000,VAP-F1
global-disease-crisis,seed-1,BAL,11,BAL-CAPEX-5,pdMechanization,approved,underConstruction,1000000,BAL-F1
global-disease-crisis,seed-1,JPQ,11,JPQ-CAPEX-4,vapLineExpansion,underConstruction,underConstruction,1500000,JPQ-F1
global-disease-crisis,seed-1,CONSV,11,CONSV-CAPEX-7,vapLineExpansion,underConstruction,underConstruction,2100000,CONSV-F1
global-disease-crisis,seed-1,VAP,11,VAP-CAPEX-4,vapLineExpansion,underConstruction,underConstruction,2100000,VAP-F1
global-disease-crisis,seed-1,BAL,12,BAL-CAPEX-5,pdMechanization,underConstruction,completed,1500000,BAL-F1
global-disease-crisis,seed-1,BAL,12,BAL-CAPEX-6,hosoLineExpansion,approved,completed,8000000,BAL-F1
global-disease-crisis,seed-1,JPQ,12,JPQ-CAPEX-4,vapLineExpansion,underConstruction,completed,900000,JPQ-F1
global-disease-crisis,seed-1,JPQ,12,JPQ-CAPEX-5,pdLineExpansion,approved,underConstruction,1200000,JPQ-F1
global-disease-crisis,seed-1,CONSV,12,CONSV-CAPEX-7,vapLineExpansion,underConstruction,underConstruction,1500000,CONSV-F1
global-disease-crisis,seed-1,CONSV,12,CONSV-CAPEX-8,pdLineExpansion,approved,underConstruction,1200000,CONSV-F1
global-disease-crisis,seed-1,VAP,12,VAP-CAPEX-4,vapLineExpansion,underConstruction,underConstruction,1500000,VAP-F1
global-disease-crisis,seed-1,VAP,12,VAP-CAPEX-5,pdLineExpansion,approved,underConstruction,1200000,VAP-F1
global-disease-crisis,seed-1,JPQ,13,JPQ-CAPEX-5,pdLineExpansion,underConstruction,underConstruction,1600000,JPQ-F1
global-disease-crisis,seed-1,CONSV,13,CONSV-CAPEX-7,vapLineExpansion,underConstruction,completed,900000,CONSV-F1
global-disease-crisis,seed-1,CONSV,13,CONSV-CAPEX-8,pdLineExpansion,underConstruction,underConstruction,1600000,CONSV-F1
global-disease-crisis,seed-1,VAP,13,VAP-CAPEX-4,vapLineExpansion,underConstruction,completed,900000,VAP-F1
global-disease-crisis,seed-1,VAP,13,VAP-CAPEX-5,pdLineExpansion,underConstruction,underConstruction,1600000,VAP-F1
global-disease-crisis,seed-1,JPQ,14,JPQ-CAPEX-5,pdLineExpansion,underConstruction,completed,1200000,JPQ-F1
global-disease-crisis,seed-1,CONSV,14,CONSV-CAPEX-8,pdLineExpansion,underConstruction,completed,1200000,CONSV-F1
global-disease-crisis,seed-1,VAP,14,VAP-CAPEX-5,pdLineExpansion,underConstruction,completed,1200000,VAP-F1
global-disease-crisis,seed-1,BAL,15,BAL-CAPEX-7,qualityControlEquipment,approved,underConstruction,720000,BAL-F1
global-disease-crisis,seed-1,BAL,15,BAL-CAPEX-8,commonProcessingExpansion,approved,underConstruction,1500000,BAL-F1
global-disease-crisis,seed-1,JPQ,15,JPQ-CAPEX-6,vapLineExpansion,approved,underConstruction,1500000,JPQ-F1
global-disease-crisis,seed-1,BAL,16,BAL-CAPEX-7,qualityControlEquipment,underConstruction,completed,480000,BAL-F1
global-disease-crisis,seed-1,BAL,16,BAL-CAPEX-8,commonProcessingExpansion,underConstruction,underConstruction,2000000,BAL-F1
global-disease-crisis,seed-1,JPQ,16,JPQ-CAPEX-6,vapLineExpansion,underConstruction,underConstruction,2100000,JPQ-F1
global-disease-crisis,seed-1,JPQ,16,JPQ-CAPEX-7,pdLineExpansion,approved,underConstruction,1200000,JPQ-F1
global-disease-crisis,seed-1,CONSV,16,CONSV-CAPEX-9,pdLineExpansion,approved,underConstruction,1200000,CONSV-F1
global-disease-crisis,seed-1,VAP,16,VAP-CAPEX-6,pdLineExpansion,approved,underConstruction,1200000,VAP-F1
global-disease-crisis,seed-1,VAP,16,VAP-CAPEX-7,vapLineExpansion,approved,underConstruction,1500000,VAP-F1
global-disease-crisis,seed-1,BAL,17,BAL-CAPEX-8,commonProcessingExpansion,underConstruction,completed,1500000,BAL-F1
global-disease-crisis,seed-1,JPQ,17,JPQ-CAPEX-6,vapLineExpansion,underConstruction,underConstruction,1500000,JPQ-F1
global-disease-crisis,seed-1,JPQ,17,JPQ-CAPEX-7,pdLineExpansion,underConstruction,underConstruction,1600000,JPQ-F1
global-disease-crisis,seed-1,CONSV,17,CONSV-CAPEX-9,pdLineExpansion,underConstruction,underConstruction,1600000,CONSV-F1
global-disease-crisis,seed-1,VAP,17,VAP-CAPEX-6,pdLineExpansion,underConstruction,underConstruction,1600000,VAP-F1
global-disease-crisis,seed-1,VAP,17,VAP-CAPEX-7,vapLineExpansion,underConstruction,underConstruction,2100000,VAP-F1
global-disease-crisis,seed-1,MASS,18,MASS-CAPEX-1,pdLineExpansion,approved,underConstruction,1200000,MASS-F1
global-disease-crisis,seed-1,JPQ,18,JPQ-CAPEX-6,vapLineExpansion,underConstruction,completed,900000,JPQ-F1
global-disease-crisis,seed-1,JPQ,18,JPQ-CAPEX-7,pdLineExpansion,underConstruction,completed,1200000,JPQ-F1
global-disease-crisis,seed-1,CONSV,18,CONSV-CAPEX-9,pdLineExpansion,underConstruction,completed,1200000,CONSV-F1
global-disease-crisis,seed-1,VAP,18,VAP-CAPEX-6,pdLineExpansion,underConstruction,completed,1200000,VAP-F1
global-disease-crisis,seed-1,VAP,18,VAP-CAPEX-7,vapLineExpansion,underConstruction,underConstruction,1500000,VAP-F1
global-disease-crisis,seed-1,MASS,19,MASS-CAPEX-1,pdLineExpansion,underConstruction,underConstruction,1600000,MASS-F1
global-disease-crisis,seed-1,BAL,19,BAL-CAPEX-9,commonProcessingExpansion,approved,underConstruction,1500000,BAL-F1
global-disease-crisis,seed-1,VAP,19,VAP-CAPEX-7,vapLineExpansion,underConstruction,completed,900000,VAP-F1
global-disease-crisis,seed-1,MASS,20,MASS-CAPEX-1,pdLineExpansion,underConstruction,completed,1200000,MASS-F1
global-disease-crisis,seed-1,BAL,20,BAL-CAPEX-9,commonProcessingExpansion,underConstruction,underConstruction,2000000,BAL-F1
global-disease-crisis,seed-1,JPQ,20,JPQ-CAPEX-8,pdLineExpansion,approved,underConstruction,1200000,JPQ-F1
global-disease-crisis,seed-1,CONSV,20,CONSV-CAPEX-10,pdLineExpansion,approved,underConstruction,1200000,CONSV-F1
global-disease-crisis,seed-1,VAP,20,VAP-CAPEX-8,pdLineExpansion,approved,underConstruction,1200000,VAP-F1
global-disease-crisis,seed-1,BAL,21,BAL-CAPEX-9,commonProcessingExpansion,underConstruction,completed,1500000,BAL-F1
global-disease-crisis,seed-1,JPQ,21,JPQ-CAPEX-8,pdLineExpansion,underConstruction,underConstruction,1600000,JPQ-F1
global-disease-crisis,seed-1,JPQ,21,JPQ-CAPEX-9,vapLineExpansion,approved,underConstruction,1500000,JPQ-F1
global-disease-crisis,seed-1,CONSV,21,CONSV-CAPEX-10,pdLineExpansion,underConstruction,underConstruction,1600000,CONSV-F1
global-disease-crisis,seed-1,VAP,21,VAP-CAPEX-8,pdLineExpansion,underConstruction,underConstruction,1600000,VAP-F1
global-disease-crisis,seed-1,JPQ,22,JPQ-CAPEX-8,pdLineExpansion,underConstruction,completed,1200000,JPQ-F1
global-disease-crisis,seed-1,JPQ,22,JPQ-CAPEX-9,vapLineExpansion,underConstruction,underConstruction,2100000,JPQ-F1
global-disease-crisis,seed-1,CONSV,22,CONSV-CAPEX-10,pdLineExpansion,underConstruction,completed,1200000,CONSV-F1
global-disease-crisis,seed-1,VAP,22,VAP-CAPEX-8,pdLineExpansion,underConstruction,completed,1200000,VAP-F1
global-disease-crisis,seed-1,VAP,22,VAP-CAPEX-9,vapLineExpansion,approved,underConstruction,1500000,VAP-F1
global-disease-crisis,seed-1,MASS,23,MASS-CAPEX-2,hosoLineExpansion,approved,completed,8000000,MASS-F1
global-disease-crisis,seed-1,MASS,23,MASS-CAPEX-3,newFactoryConstruction,approved,underConstruction,6600000,
global-disease-crisis,seed-1,BAL,23,BAL-CAPEX-10,commonProcessingExpansion,approved,underConstruction,1500000,BAL-F1
global-disease-crisis,seed-1,JPQ,23,JPQ-CAPEX-9,vapLineExpansion,underConstruction,underConstruction,1500000,JPQ-F1
global-disease-crisis,seed-1,VAP,23,VAP-CAPEX-9,vapLineExpansion,underConstruction,underConstruction,2100000,VAP-F1
global-disease-crisis,seed-1,MASS,24,MASS-CAPEX-3,newFactoryConstruction,underConstruction,underConstruction,7699999.999999999,
global-disease-crisis,seed-1,BAL,24,BAL-CAPEX-10,commonProcessingExpansion,underConstruction,underConstruction,2000000,BAL-F1
global-disease-crisis,seed-1,BAL,24,BAL-CAPEX-11,newFactoryConstruction,approved,underConstruction,6600000,
global-disease-crisis,seed-1,JPQ,24,JPQ-CAPEX-9,vapLineExpansion,underConstruction,completed,900000,JPQ-F1
global-disease-crisis,seed-1,JPQ,24,JPQ-CAPEX-10,pdLineExpansion,approved,underConstruction,1200000,JPQ-F1
global-disease-crisis,seed-1,CONSV,24,CONSV-CAPEX-11,pdLineExpansion,approved,underConstruction,1200000,CONSV-F1
global-disease-crisis,seed-1,VAP,24,VAP-CAPEX-9,vapLineExpansion,underConstruction,underConstruction,1500000,VAP-F1
global-disease-crisis,seed-1,VAP,24,VAP-CAPEX-10,pdLineExpansion,approved,underConstruction,1200000,VAP-F1
global-disease-crisis,seed-1,MASS,25,MASS-CAPEX-3,newFactoryConstruction,underConstruction,completed,7699999.999999999,
global-disease-crisis,seed-1,BAL,25,BAL-CAPEX-10,commonProcessingExpansion,underConstruction,completed,1500000,BAL-F1
global-disease-crisis,seed-1,BAL,25,BAL-CAPEX-11,newFactoryConstruction,underConstruction,underConstruction,7699999.999999999,
global-disease-crisis,seed-1,JPQ,25,JPQ-CAPEX-10,pdLineExpansion,underConstruction,underConstruction,1600000,JPQ-F1
global-disease-crisis,seed-1,CONSV,25,CONSV-CAPEX-11,pdLineExpansion,underConstruction,underConstruction,1600000,CONSV-F1
global-disease-crisis,seed-1,VAP,25,VAP-CAPEX-9,vapLineExpansion,underConstruction,completed,900000,VAP-F1
global-disease-crisis,seed-1,VAP,25,VAP-CAPEX-10,pdLineExpansion,underConstruction,underConstruction,1600000,VAP-F1
global-disease-crisis,seed-1,MASS,26,MASS-CAPEX-4,hosoLineExpansion,approved,completed,8000000,MASS-F1
global-disease-crisis,seed-1,BAL,26,BAL-CAPEX-11,newFactoryConstruction,underConstruction,completed,7699999.999999999,
global-disease-crisis,seed-1,JPQ,26,JPQ-CAPEX-10,pdLineExpansion,underConstruction,completed,1200000,JPQ-F1
global-disease-crisis,seed-1,CONSV,26,CONSV-CAPEX-11,pdLineExpansion,underConstruction,completed,1200000,CONSV-F1
global-disease-crisis,seed-1,VAP,26,VAP-CAPEX-10,pdLineExpansion,underConstruction,completed,1200000,VAP-F1
global-disease-crisis,seed-1,BAL,27,BAL-CAPEX-12,commonProcessingExpansion,approved,underConstruction,1500000,BAL-F1
global-disease-crisis,seed-1,JPQ,27,JPQ-CAPEX-11,vapLineExpansion,approved,underConstruction,1500000,JPQ-F1
global-disease-crisis,seed-1,MASS,28,MASS-CAPEX-5,qualityControlEquipment,approved,underConstruction,720000,MASS-NEWF-MASS-CAPEX-3
global-disease-crisis,seed-1,BAL,28,BAL-CAPEX-12,commonProcessingExpansion,underConstruction,underConstruction,2000000,BAL-F1
global-disease-crisis,seed-1,JPQ,28,JPQ-CAPEX-11,vapLineExpansion,underConstruction,underConstruction,2100000,JPQ-F1
global-disease-crisis,seed-1,JPQ,28,JPQ-CAPEX-12,pdLineExpansion,approved,underConstruction,1200000,JPQ-F1
global-disease-crisis,seed-1,CONSV,28,CONSV-CAPEX-12,pdLineExpansion,approved,underConstruction,1200000,CONSV-F1
global-disease-crisis,seed-1,VAP,28,VAP-CAPEX-11,pdLineExpansion,approved,underConstruction,1200000,VAP-F1
global-disease-crisis,seed-1,VAP,28,VAP-CAPEX-12,vapLineExpansion,approved,underConstruction,1500000,VAP-F1
global-disease-crisis,seed-1,MASS,29,MASS-CAPEX-5,qualityControlEquipment,underConstruction,completed,480000,MASS-NEWF-MASS-CAPEX-3
global-disease-crisis,seed-1,BAL,29,BAL-CAPEX-12,commonProcessingExpansion,underConstruction,completed,1500000,BAL-F1
global-disease-crisis,seed-1,JPQ,29,JPQ-CAPEX-11,vapLineExpansion,underConstruction,underConstruction,1500000,JPQ-F1
global-disease-crisis,seed-1,JPQ,29,JPQ-CAPEX-12,pdLineExpansion,underConstruction,underConstruction,1600000,JPQ-F1
global-disease-crisis,seed-1,CONSV,29,CONSV-CAPEX-12,pdLineExpansion,underConstruction,underConstruction,1600000,CONSV-F1
global-disease-crisis,seed-1,VAP,29,VAP-CAPEX-11,pdLineExpansion,underConstruction,underConstruction,1600000,VAP-F1
global-disease-crisis,seed-1,VAP,29,VAP-CAPEX-12,vapLineExpansion,underConstruction,underConstruction,2100000,VAP-F1
global-disease-crisis,seed-1,MASS,30,MASS-CAPEX-6,hosoLineExpansion,approved,completed,8000000,MASS-NEWF-MASS-CAPEX-3
global-disease-crisis,seed-1,MASS,30,MASS-CAPEX-7,newFactoryConstruction,approved,underConstruction,6600000,
global-disease-crisis,seed-1,JPQ,30,JPQ-CAPEX-11,vapLineExpansion,underConstruction,completed,900000,JPQ-F1
global-disease-crisis,seed-1,JPQ,30,JPQ-CAPEX-12,pdLineExpansion,underConstruction,completed,1200000,JPQ-F1
global-disease-crisis,seed-1,JPQ,30,JPQ-CAPEX-13,newFactoryConstruction,approved,underConstruction,6600000,
global-disease-crisis,seed-1,CONSV,30,CONSV-CAPEX-12,pdLineExpansion,underConstruction,completed,1200000,CONSV-F1
global-disease-crisis,seed-1,VAP,30,VAP-CAPEX-11,pdLineExpansion,underConstruction,completed,1200000,VAP-F1
global-disease-crisis,seed-1,VAP,30,VAP-CAPEX-12,vapLineExpansion,underConstruction,underConstruction,1500000,VAP-F1
global-disease-crisis,seed-1,MASS,31,MASS-CAPEX-7,newFactoryConstruction,underConstruction,underConstruction,7699999.999999999,
global-disease-crisis,seed-1,JPQ,31,JPQ-CAPEX-13,newFactoryConstruction,underConstruction,underConstruction,7699999.999999999,
global-disease-crisis,seed-1,VAP,31,VAP-CAPEX-12,vapLineExpansion,underConstruction,completed,900000,VAP-F1
global-disease-crisis,seed-1,MASS,32,MASS-CAPEX-7,newFactoryConstruction,underConstruction,completed,7699999.999999999,
global-disease-crisis,seed-1,JPQ,32,JPQ-CAPEX-13,newFactoryConstruction,underConstruction,completed,7699999.999999999,
global-disease-crisis,seed-1,JPQ,32,JPQ-CAPEX-14,pdLineExpansion,approved,underConstruction,1200000,JPQ-F1
global-disease-crisis,seed-1,CONSV,32,CONSV-CAPEX-13,pdLineExpansion,approved,underConstruction,1200000,CONSV-F1
global-disease-crisis,seed-1,VAP,32,VAP-CAPEX-13,pdLineExpansion,approved,underConstruction,1200000,VAP-F1
global-disease-crisis,seed-2,BAL,2,BAL-CAPEX-1,pdLineExpansion,approved,underConstruction,1200000,BAL-F1
global-disease-crisis,seed-2,BAL,3,BAL-CAPEX-1,pdLineExpansion,underConstruction,underConstruction,1600000,BAL-F1
global-disease-crisis,seed-2,JPQ,3,JPQ-CAPEX-1,qualityControlEquipment,approved,underConstruction,720000,JPQ-F1
global-disease-crisis,seed-2,CONSV,3,CONSV-CAPEX-1,qualityControlEquipment,approved,underConstruction,720000,CONSV-F1
global-disease-crisis,seed-2,BAL,4,BAL-CAPEX-1,pdLineExpansion,underConstruction,completed,1200000,BAL-F1
global-disease-crisis,seed-2,BAL,4,BAL-CAPEX-2,qualityControlEquipment,approved,underConstruction,720000,BAL-F1
global-disease-crisis,seed-2,JPQ,4,JPQ-CAPEX-1,qualityControlEquipment,underConstruction,completed,480000,JPQ-F1
global-disease-crisis,seed-2,CONSV,4,CONSV-CAPEX-1,qualityControlEquipment,underConstruction,completed,480000,CONSV-F1
global-disease-crisis,seed-2,CONSV,4,CONSV-CAPEX-2,pdLineExpansion,approved,underConstruction,1200000,CONSV-F1
global-disease-crisis,seed-2,CONSV,4,CONSV-CAPEX-3,pdMechanization,approved,underConstruction,1000000,CONSV-F1
global-disease-crisis,seed-2,MASS,5,MASS-CAPEX-1,qualityControlEquipment,approved,approved,0,MASS-F1
global-disease-crisis,seed-2,BAL,5,BAL-CAPEX-2,qualityControlEquipment,underConstruction,completed,480000,BAL-F1
global-disease-crisis,seed-2,BAL,5,BAL-CAPEX-3,hosoLineExpansion,approved,completed,8000000,BAL-F1
global-disease-crisis,seed-2,CONSV,5,CONSV-CAPEX-2,pdLineExpansion,underConstruction,underConstruction,1600000,CONSV-F1
global-disease-crisis,seed-2,CONSV,5,CONSV-CAPEX-3,pdMechanization,underConstruction,completed,1500000,CONSV-F1
global-disease-crisis,seed-2,CONSV,5,CONSV-CAPEX-4,vapLineExpansion,approved,underConstruction,1500000,CONSV-F1
global-disease-crisis,seed-2,VAP,5,VAP-CAPEX-1,qualityControlEquipment,approved,underConstruction,720000,VAP-F1
global-disease-crisis,seed-2,MASS,6,MASS-CAPEX-1,qualityControlEquipment,approved,underConstruction,720000,MASS-F1
global-disease-crisis,seed-2,CONSV,6,CONSV-CAPEX-2,pdLineExpansion,underConstruction,completed,1200000,CONSV-F1
global-disease-crisis,seed-2,CONSV,6,CONSV-CAPEX-4,vapLineExpansion,underConstruction,underConstruction,2100000,CONSV-F1
global-disease-crisis,seed-2,VAP,6,VAP-CAPEX-1,qualityControlEquipment,underConstruction,completed,480000,VAP-F1
global-disease-crisis,seed-2,MASS,7,MASS-CAPEX-1,qualityControlEquipment,underConstruction,suspended,0,MASS-F1
global-disease-crisis,seed-2,CONSV,7,CONSV-CAPEX-4,vapLineExpansion,underConstruction,underConstruction,1500000,CONSV-F1
global-disease-crisis,seed-2,JPQ,8,JPQ-CAPEX-2,pdMechanization,approved,underConstruction,1000000,JPQ-F1
global-disease-crisis,seed-2,CONSV,8,CONSV-CAPEX-4,vapLineExpansion,underConstruction,completed,900000,CONSV-F1
global-disease-crisis,seed-2,CONSV,8,CONSV-CAPEX-5,pdLineExpansion,approved,underConstruction,1200000,CONSV-F1
global-disease-crisis,seed-2,VAP,8,VAP-CAPEX-2,pdLineExpansion,approved,underConstruction,1200000,VAP-F1
global-disease-crisis,seed-2,VAP,8,VAP-CAPEX-3,pdMechanization,approved,underConstruction,1000000,VAP-F1
global-disease-crisis,seed-2,BAL,9,BAL-CAPEX-4,hosoLineExpansion,approved,completed,8000000,BAL-F1
global-disease-crisis,seed-2,JPQ,9,JPQ-CAPEX-2,pdMechanization,underConstruction,completed,1500000,JPQ-F1
global-disease-crisis,seed-2,JPQ,9,JPQ-CAPEX-3,vapLineExpansion,approved,underConstruction,1500000,JPQ-F1
global-disease-crisis,seed-2,CONSV,9,CONSV-CAPEX-5,pdLineExpansion,underConstruction,underConstruction,1600000,CONSV-F1
global-disease-crisis,seed-2,VAP,9,VAP-CAPEX-2,pdLineExpansion,underConstruction,underConstruction,1600000,VAP-F1
global-disease-crisis,seed-2,VAP,9,VAP-CAPEX-3,pdMechanization,underConstruction,completed,1500000,VAP-F1
global-disease-crisis,seed-2,BAL,10,BAL-CAPEX-5,pdMechanization,approved,underConstruction,1000000,BAL-F1
global-disease-crisis,seed-2,JPQ,10,JPQ-CAPEX-3,vapLineExpansion,underConstruction,underConstruction,2100000,JPQ-F1
global-disease-crisis,seed-2,JPQ,10,JPQ-CAPEX-4,pdLineExpansion,approved,underConstruction,1200000,JPQ-F1
global-disease-crisis,seed-2,CONSV,10,CONSV-CAPEX-5,pdLineExpansion,underConstruction,completed,1200000,CONSV-F1
global-disease-crisis,seed-2,CONSV,10,CONSV-CAPEX-6,hosoLineExpansion,approved,completed,8000000,CONSV-F1
global-disease-crisis,seed-2,VAP,10,VAP-CAPEX-2,pdLineExpansion,underConstruction,completed,1200000,VAP-F1
global-disease-crisis,seed-2,VAP,10,VAP-CAPEX-4,vapLineExpansion,approved,underConstruction,1500000,VAP-F1
global-disease-crisis,seed-2,BAL,11,BAL-CAPEX-5,pdMechanization,underConstruction,completed,1500000,BAL-F1
global-disease-crisis,seed-2,JPQ,11,JPQ-CAPEX-3,vapLineExpansion,underConstruction,underConstruction,1500000,JPQ-F1
global-disease-crisis,seed-2,JPQ,11,JPQ-CAPEX-4,pdLineExpansion,underConstruction,underConstruction,1600000,JPQ-F1
global-disease-crisis,seed-2,CONSV,11,CONSV-CAPEX-7,vapLineExpansion,approved,underConstruction,1500000,CONSV-F1
global-disease-crisis,seed-2,VAP,11,VAP-CAPEX-4,vapLineExpansion,underConstruction,underConstruction,2100000,VAP-F1
global-disease-crisis,seed-2,BAL,12,BAL-CAPEX-6,hosoLineExpansion,approved,completed,8000000,BAL-F1
global-disease-crisis,seed-2,JPQ,12,JPQ-CAPEX-3,vapLineExpansion,underConstruction,completed,900000,JPQ-F1
global-disease-crisis,seed-2,JPQ,12,JPQ-CAPEX-4,pdLineExpansion,underConstruction,completed,1200000,JPQ-F1
global-disease-crisis,seed-2,CONSV,12,CONSV-CAPEX-7,vapLineExpansion,underConstruction,underConstruction,2100000,CONSV-F1
global-disease-crisis,seed-2,CONSV,12,CONSV-CAPEX-8,pdLineExpansion,approved,underConstruction,1200000,CONSV-F1
global-disease-crisis,seed-2,VAP,12,VAP-CAPEX-4,vapLineExpansion,underConstruction,underConstruction,1500000,VAP-F1
global-disease-crisis,seed-2,VAP,12,VAP-CAPEX-5,pdLineExpansion,approved,underConstruction,1200000,VAP-F1
global-disease-crisis,seed-2,JPQ,13,JPQ-CAPEX-5,hosoLineExpansion,approved,completed,8000000,JPQ-F1
global-disease-crisis,seed-2,CONSV,13,CONSV-CAPEX-7,vapLineExpansion,underConstruction,underConstruction,1500000,CONSV-F1
global-disease-crisis,seed-2,CONSV,13,CONSV-CAPEX-8,pdLineExpansion,underConstruction,underConstruction,1600000,CONSV-F1
global-disease-crisis,seed-2,VAP,13,VAP-CAPEX-4,vapLineExpansion,underConstruction,completed,900000,VAP-F1
global-disease-crisis,seed-2,VAP,13,VAP-CAPEX-5,pdLineExpansion,underConstruction,underConstruction,1600000,VAP-F1
global-disease-crisis,seed-2,JPQ,14,JPQ-CAPEX-6,pdLineExpansion,approved,underConstruction,1200000,JPQ-F1
global-disease-crisis,seed-2,CONSV,14,CONSV-CAPEX-7,vapLineExpansion,underConstruction,completed,900000,CONSV-F1
global-disease-crisis,seed-2,CONSV,14,CONSV-CAPEX-8,pdLineExpansion,underConstruction,completed,1200000,CONSV-F1
global-disease-crisis,seed-2,VAP,14,VAP-CAPEX-5,pdLineExpansion,underConstruction,completed,1200000,VAP-F1
global-disease-crisis,seed-2,BAL,15,BAL-CAPEX-7,commonProcessingExpansion,approved,underConstruction,1500000,BAL-F1
global-disease-crisis,seed-2,JPQ,15,JPQ-CAPEX-6,pdLineExpansion,underConstruction,underConstruction,1600000,JPQ-F1
global-disease-crisis,seed-2,JPQ,15,JPQ-CAPEX-7,vapLineExpansion,approved,underConstruction,1500000,JPQ-F1
global-disease-crisis,seed-2,BAL,16,BAL-CAPEX-7,commonProcessingExpansion,underConstruction,underConstruction,2000000,BAL-F1
global-disease-crisis,seed-2,JPQ,16,JPQ-CAPEX-6,pdLineExpansion,underConstruction,completed,1200000,JPQ-F1
global-disease-crisis,seed-2,JPQ,16,JPQ-CAPEX-7,vapLineExpansion,underConstruction,underConstruction,2100000,JPQ-F1
global-disease-crisis,seed-2,CONSV,16,CONSV-CAPEX-9,pdLineExpansion,approved,underConstruction,1200000,CONSV-F1
global-disease-crisis,seed-2,VAP,16,VAP-CAPEX-6,pdLineExpansion,approved,underConstruction,1200000,VAP-F1
global-disease-crisis,seed-2,VAP,16,VAP-CAPEX-7,vapLineExpansion,approved,underConstruction,1500000,VAP-F1
global-disease-crisis,seed-2,MASS,17,MASS-CAPEX-2,newFactoryConstruction,approved,underConstruction,6600000,
global-disease-crisis,seed-2,BAL,17,BAL-CAPEX-7,commonProcessingExpansion,underConstruction,completed,1500000,BAL-F1
global-disease-crisis,seed-2,JPQ,17,JPQ-CAPEX-7,vapLineExpansion,underConstruction,underConstruction,1500000,JPQ-F1
global-disease-crisis,seed-2,CONSV,17,CONSV-CAPEX-9,pdLineExpansion,underConstruction,underConstruction,1600000,CONSV-F1
global-disease-crisis,seed-2,VAP,17,VAP-CAPEX-6,pdLineExpansion,underConstruction,underConstruction,1600000,VAP-F1
global-disease-crisis,seed-2,VAP,17,VAP-CAPEX-7,vapLineExpansion,underConstruction,underConstruction,2100000,VAP-F1
global-disease-crisis,seed-2,MASS,18,MASS-CAPEX-2,newFactoryConstruction,underConstruction,underConstruction,7699999.999999999,
global-disease-crisis,seed-2,JPQ,18,JPQ-CAPEX-7,vapLineExpansion,underConstruction,completed,900000,JPQ-F1
global-disease-crisis,seed-2,JPQ,18,JPQ-CAPEX-8,pdLineExpansion,approved,underConstruction,1200000,JPQ-F1
global-disease-crisis,seed-2,CONSV,18,CONSV-CAPEX-9,pdLineExpansion,underConstruction,completed,1200000,CONSV-F1
global-disease-crisis,seed-2,VAP,18,VAP-CAPEX-6,pdLineExpansion,underConstruction,completed,1200000,VAP-F1
global-disease-crisis,seed-2,VAP,18,VAP-CAPEX-7,vapLineExpansion,underConstruction,underConstruction,1500000,VAP-F1
global-disease-crisis,seed-2,MASS,19,MASS-CAPEX-2,newFactoryConstruction,underConstruction,completed,7699999.999999999,
global-disease-crisis,seed-2,MASS,19,MASS-CAPEX-3,hosoLineExpansion,approved,completed,8000000,MASS-F1
global-disease-crisis,seed-2,BAL,19,BAL-CAPEX-8,commonProcessingExpansion,approved,underConstruction,1500000,BAL-F1
global-disease-crisis,seed-2,JPQ,19,JPQ-CAPEX-8,pdLineExpansion,underConstruction,underConstruction,1600000,JPQ-F1
global-disease-crisis,seed-2,VAP,19,VAP-CAPEX-7,vapLineExpansion,underConstruction,completed,900000,VAP-F1
global-disease-crisis,seed-2,MASS,20,MASS-CAPEX-4,pdLineExpansion,approved,underConstruction,1200000,MASS-F1
global-disease-crisis,seed-2,BAL,20,BAL-CAPEX-8,commonProcessingExpansion,underConstruction,underConstruction,2000000,BAL-F1
global-disease-crisis,seed-2,BAL,20,BAL-CAPEX-9,pdLineExpansion,approved,underConstruction,1200000,BAL-F1
global-disease-crisis,seed-2,BAL,20,BAL-CAPEX-10,vapLineExpansion,approved,underConstruction,1500000,BAL-F1
global-disease-crisis,seed-2,JPQ,20,JPQ-CAPEX-8,pdLineExpansion,underConstruction,completed,1200000,JPQ-F1
global-disease-crisis,seed-2,CONSV,20,CONSV-CAPEX-10,pdLineExpansion,approved,underConstruction,1200000,CONSV-F1
global-disease-crisis,seed-2,VAP,20,VAP-CAPEX-8,pdLineExpansion,approved,underConstruction,1200000,VAP-F1
global-disease-crisis,seed-2,MASS,21,MASS-CAPEX-4,pdLineExpansion,underConstruction,underConstruction,1600000,MASS-F1
global-disease-crisis,seed-2,BAL,21,BAL-CAPEX-8,commonProcessingExpansion,underConstruction,completed,1500000,BAL-F1
global-disease-crisis,seed-2,BAL,21,BAL-CAPEX-9,pdLineExpansion,underConstruction,underConstruction,1600000,BAL-F1
global-disease-crisis,seed-2,BAL,21,BAL-CAPEX-10,vapLineExpansion,underConstruction,underConstruction,2100000,BAL-F1
global-disease-crisis,seed-2,JPQ,21,JPQ-CAPEX-9,vapLineExpansion,approved,underConstruction,1500000,JPQ-F1
global-disease-crisis,seed-2,CONSV,21,CONSV-CAPEX-10,pdLineExpansion,underConstruction,underConstruction,1600000,CONSV-F1
global-disease-crisis,seed-2,VAP,21,VAP-CAPEX-8,pdLineExpansion,underConstruction,underConstruction,1600000,VAP-F1
global-disease-crisis,seed-2,MASS,22,MASS-CAPEX-4,pdLineExpansion,underConstruction,completed,1200000,MASS-F1
global-disease-crisis,seed-2,BAL,22,BAL-CAPEX-9,pdLineExpansion,underConstruction,completed,1200000,BAL-F1
global-disease-crisis,seed-2,BAL,22,BAL-CAPEX-10,vapLineExpansion,underConstruction,underConstruction,1500000,BAL-F1
global-disease-crisis,seed-2,JPQ,22,JPQ-CAPEX-9,vapLineExpansion,underConstruction,underConstruction,2100000,JPQ-F1
global-disease-crisis,seed-2,CONSV,22,CONSV-CAPEX-10,pdLineExpansion,underConstruction,completed,1200000,CONSV-F1
global-disease-crisis,seed-2,VAP,22,VAP-CAPEX-8,pdLineExpansion,underConstruction,completed,1200000,VAP-F1
global-disease-crisis,seed-2,VAP,22,VAP-CAPEX-9,vapLineExpansion,approved,underConstruction,1500000,VAP-F1
global-disease-crisis,seed-2,BAL,23,BAL-CAPEX-10,vapLineExpansion,underConstruction,completed,900000,BAL-F1
global-disease-crisis,seed-2,JPQ,23,JPQ-CAPEX-9,vapLineExpansion,underConstruction,underConstruction,1500000,JPQ-F1
global-disease-crisis,seed-2,VAP,23,VAP-CAPEX-9,vapLineExpansion,underConstruction,underConstruction,2100000,VAP-F1
global-disease-crisis,seed-2,MASS,24,MASS-CAPEX-5,hosoLineExpansion,approved,completed,8000000,MASS-NEWF-MASS-CAPEX-2
global-disease-crisis,seed-2,BAL,24,BAL-CAPEX-11,newFactoryConstruction,approved,underConstruction,6600000,
global-disease-crisis,seed-2,JPQ,24,JPQ-CAPEX-9,vapLineExpansion,underConstruction,completed,900000,JPQ-F1
global-disease-crisis,seed-2,CONSV,24,CONSV-CAPEX-11,pdLineExpansion,approved,underConstruction,1200000,CONSV-F1
global-disease-crisis,seed-2,VAP,24,VAP-CAPEX-9,vapLineExpansion,underConstruction,underConstruction,1500000,VAP-F1
global-disease-crisis,seed-2,VAP,24,VAP-CAPEX-10,pdLineExpansion,approved,underConstruction,1200000,VAP-F1
global-disease-crisis,seed-2,BAL,25,BAL-CAPEX-11,newFactoryConstruction,underConstruction,underConstruction,7699999.999999999,
global-disease-crisis,seed-2,CONSV,25,CONSV-CAPEX-11,pdLineExpansion,underConstruction,underConstruction,1600000,CONSV-F1
global-disease-crisis,seed-2,VAP,25,VAP-CAPEX-9,vapLineExpansion,underConstruction,completed,900000,VAP-F1
global-disease-crisis,seed-2,VAP,25,VAP-CAPEX-10,pdLineExpansion,underConstruction,underConstruction,1600000,VAP-F1
global-disease-crisis,seed-2,BAL,26,BAL-CAPEX-11,newFactoryConstruction,underConstruction,completed,7699999.999999999,
global-disease-crisis,seed-2,CONSV,26,CONSV-CAPEX-11,pdLineExpansion,underConstruction,completed,1200000,CONSV-F1
global-disease-crisis,seed-2,VAP,26,VAP-CAPEX-10,pdLineExpansion,underConstruction,completed,1200000,VAP-F1
global-disease-crisis,seed-2,MASS,27,MASS-CAPEX-6,hosoLineExpansion,approved,completed,8000000,MASS-NEWF-MASS-CAPEX-2
global-disease-crisis,seed-2,JPQ,27,JPQ-CAPEX-10,vapLineExpansion,approved,underConstruction,1500000,JPQ-F1
global-disease-crisis,seed-2,MASS,28,MASS-CAPEX-7,newFactoryConstruction,approved,underConstruction,6600000,
global-disease-crisis,seed-2,JPQ,28,JPQ-CAPEX-10,vapLineExpansion,underConstruction,underConstruction,2100000,JPQ-F1
global-disease-crisis,seed-2,CONSV,28,CONSV-CAPEX-12,pdLineExpansion,approved,underConstruction,1200000,CONSV-F1
global-disease-crisis,seed-2,VAP,28,VAP-CAPEX-11,pdLineExpansion,approved,underConstruction,1200000,VAP-F1
global-disease-crisis,seed-2,VAP,28,VAP-CAPEX-12,vapLineExpansion,approved,underConstruction,1500000,VAP-F1
global-disease-crisis,seed-2,MASS,29,MASS-CAPEX-7,newFactoryConstruction,underConstruction,underConstruction,7699999.999999999,
global-disease-crisis,seed-2,JPQ,29,JPQ-CAPEX-10,vapLineExpansion,underConstruction,underConstruction,1500000,JPQ-F1
global-disease-crisis,seed-2,CONSV,29,CONSV-CAPEX-12,pdLineExpansion,underConstruction,underConstruction,1600000,CONSV-F1
global-disease-crisis,seed-2,VAP,29,VAP-CAPEX-11,pdLineExpansion,underConstruction,underConstruction,1600000,VAP-F1
global-disease-crisis,seed-2,VAP,29,VAP-CAPEX-12,vapLineExpansion,underConstruction,underConstruction,2100000,VAP-F1
global-disease-crisis,seed-2,MASS,30,MASS-CAPEX-7,newFactoryConstruction,underConstruction,completed,7699999.999999999,
global-disease-crisis,seed-2,MASS,30,MASS-CAPEX-8,hosoLineExpansion,approved,completed,8000000,MASS-F1
global-disease-crisis,seed-2,JPQ,30,JPQ-CAPEX-10,vapLineExpansion,underConstruction,completed,900000,JPQ-F1
global-disease-crisis,seed-2,CONSV,30,CONSV-CAPEX-12,pdLineExpansion,underConstruction,completed,1200000,CONSV-F1
global-disease-crisis,seed-2,VAP,30,VAP-CAPEX-11,pdLineExpansion,underConstruction,completed,1200000,VAP-F1
global-disease-crisis,seed-2,VAP,30,VAP-CAPEX-12,vapLineExpansion,underConstruction,underConstruction,1500000,VAP-F1
global-disease-crisis,seed-2,VAP,31,VAP-CAPEX-12,vapLineExpansion,underConstruction,completed,900000,VAP-F1
global-disease-crisis,seed-2,CONSV,32,CONSV-CAPEX-13,pdLineExpansion,approved,underConstruction,1200000,CONSV-F1
global-disease-crisis,seed-2,VAP,32,VAP-CAPEX-13,pdLineExpansion,approved,underConstruction,1200000,VAP-F1
global-disease-crisis,seed-3,BAL,2,BAL-CAPEX-1,pdLineExpansion,approved,underConstruction,1200000,BAL-F1
global-disease-crisis,seed-3,BAL,3,BAL-CAPEX-1,pdLineExpansion,underConstruction,underConstruction,1600000,BAL-F1
global-disease-crisis,seed-3,JPQ,3,JPQ-CAPEX-1,pdMechanization,approved,underConstruction,1000000,JPQ-F1
global-disease-crisis,seed-3,JPQ,3,JPQ-CAPEX-2,qualityControlEquipment,approved,underConstruction,720000,JPQ-F1
global-disease-crisis,seed-3,CONSV,3,CONSV-CAPEX-1,qualityControlEquipment,approved,underConstruction,720000,CONSV-F1
global-disease-crisis,seed-3,BAL,4,BAL-CAPEX-1,pdLineExpansion,underConstruction,completed,1200000,BAL-F1
global-disease-crisis,seed-3,JPQ,4,JPQ-CAPEX-1,pdMechanization,underConstruction,completed,1500000,JPQ-F1
global-disease-crisis,seed-3,JPQ,4,JPQ-CAPEX-2,qualityControlEquipment,underConstruction,completed,480000,JPQ-F1
global-disease-crisis,seed-3,CONSV,4,CONSV-CAPEX-1,qualityControlEquipment,underConstruction,completed,480000,CONSV-F1
global-disease-crisis,seed-3,CONSV,4,CONSV-CAPEX-2,pdLineExpansion,approved,underConstruction,1200000,CONSV-F1
global-disease-crisis,seed-3,CONSV,4,CONSV-CAPEX-3,pdMechanization,approved,underConstruction,1000000,CONSV-F1
global-disease-crisis,seed-3,BAL,5,BAL-CAPEX-2,hosoLineExpansion,approved,completed,8000000,BAL-F1
global-disease-crisis,seed-3,CONSV,5,CONSV-CAPEX-2,pdLineExpansion,underConstruction,underConstruction,1600000,CONSV-F1
global-disease-crisis,seed-3,CONSV,5,CONSV-CAPEX-3,pdMechanization,underConstruction,completed,1500000,CONSV-F1
global-disease-crisis,seed-3,CONSV,5,CONSV-CAPEX-4,vapLineExpansion,approved,underConstruction,1500000,CONSV-F1
global-disease-crisis,seed-3,VAP,5,VAP-CAPEX-1,qualityControlEquipment,approved,underConstruction,720000,VAP-F1
global-disease-crisis,seed-3,CONSV,6,CONSV-CAPEX-2,pdLineExpansion,underConstruction,completed,1200000,CONSV-F1
global-disease-crisis,seed-3,CONSV,6,CONSV-CAPEX-4,vapLineExpansion,underConstruction,underConstruction,2100000,CONSV-F1
global-disease-crisis,seed-3,VAP,6,VAP-CAPEX-1,qualityControlEquipment,underConstruction,completed,480000,VAP-F1
global-disease-crisis,seed-3,CONSV,7,CONSV-CAPEX-4,vapLineExpansion,underConstruction,underConstruction,1500000,CONSV-F1
global-disease-crisis,seed-3,CONSV,8,CONSV-CAPEX-4,vapLineExpansion,underConstruction,completed,900000,CONSV-F1
global-disease-crisis,seed-3,VAP,8,VAP-CAPEX-2,pdMechanization,approved,underConstruction,1000000,VAP-F1
global-disease-crisis,seed-3,BAL,9,BAL-CAPEX-3,hosoLineExpansion,approved,completed,8000000,BAL-F1
global-disease-crisis,seed-3,BAL,9,BAL-CAPEX-4,pdMechanization,approved,underConstruction,1000000,BAL-F1
global-disease-crisis,seed-3,JPQ,9,JPQ-CAPEX-3,pdLineExpansion,approved,underConstruction,1200000,JPQ-F1
global-disease-crisis,seed-3,JPQ,9,JPQ-CAPEX-4,vapLineExpansion,approved,underConstruction,1500000,JPQ-F1
global-disease-crisis,seed-3,CONSV,9,CONSV-CAPEX-5,pdLineExpansion,approved,underConstruction,1200000,CONSV-F1
global-disease-crisis,seed-3,VAP,9,VAP-CAPEX-2,pdMechanization,underConstruction,completed,1500000,VAP-F1
global-disease-crisis,seed-3,BAL,10,BAL-CAPEX-4,pdMechanization,underConstruction,completed,1500000,BAL-F1
global-disease-crisis,seed-3,JPQ,10,JPQ-CAPEX-3,pdLineExpansion,underConstruction,underConstruction,1600000,JPQ-F1
global-disease-crisis,seed-3,JPQ,10,JPQ-CAPEX-4,vapLineExpansion,underConstruction,underConstruction,2100000,JPQ-F1
global-disease-crisis,seed-3,CONSV,10,CONSV-CAPEX-5,pdLineExpansion,underConstruction,underConstruction,1600000,CONSV-F1
global-disease-crisis,seed-3,CONSV,10,CONSV-CAPEX-6,hosoLineExpansion,approved,completed,8000000,CONSV-F1
global-disease-crisis,seed-3,VAP,10,VAP-CAPEX-3,pdLineExpansion,approved,underConstruction,1200000,VAP-F1
global-disease-crisis,seed-3,VAP,10,VAP-CAPEX-4,vapLineExpansion,approved,underConstruction,1500000,VAP-F1
global-disease-crisis,seed-3,JPQ,11,JPQ-CAPEX-3,pdLineExpansion,underConstruction,completed,1200000,JPQ-F1
global-disease-crisis,seed-3,JPQ,11,JPQ-CAPEX-4,vapLineExpansion,underConstruction,underConstruction,1500000,JPQ-F1
global-disease-crisis,seed-3,CONSV,11,CONSV-CAPEX-5,pdLineExpansion,underConstruction,completed,1200000,CONSV-F1
global-disease-crisis,seed-3,CONSV,11,CONSV-CAPEX-7,vapLineExpansion,approved,underConstruction,1500000,CONSV-F1
global-disease-crisis,seed-3,VAP,11,VAP-CAPEX-3,pdLineExpansion,underConstruction,underConstruction,1600000,VAP-F1
global-disease-crisis,seed-3,VAP,11,VAP-CAPEX-4,vapLineExpansion,underConstruction,underConstruction,2100000,VAP-F1
global-disease-crisis,seed-3,BAL,12,BAL-CAPEX-5,hosoLineExpansion,approved,completed,8000000,BAL-F1
global-disease-crisis,seed-3,JPQ,12,JPQ-CAPEX-4,vapLineExpansion,underConstruction,completed,900000,JPQ-F1
global-disease-crisis,seed-3,CONSV,12,CONSV-CAPEX-7,vapLineExpansion,underConstruction,underConstruction,2100000,CONSV-F1
global-disease-crisis,seed-3,VAP,12,VAP-CAPEX-3,pdLineExpansion,underConstruction,completed,1200000,VAP-F1
global-disease-crisis,seed-3,VAP,12,VAP-CAPEX-4,vapLineExpansion,underConstruction,underConstruction,1500000,VAP-F1
global-disease-crisis,seed-3,CONSV,13,CONSV-CAPEX-7,vapLineExpansion,underConstruction,underConstruction,1500000,CONSV-F1
global-disease-crisis,seed-3,CONSV,13,CONSV-CAPEX-8,pdLineExpansion,approved,underConstruction,1200000,CONSV-F1
global-disease-crisis,seed-3,VAP,13,VAP-CAPEX-4,vapLineExpansion,underConstruction,completed,900000,VAP-F1
global-disease-crisis,seed-3,MASS,14,MASS-CAPEX-1,hosoLineExpansion,approved,completed,8000000,MASS-F1
global-disease-crisis,seed-3,MASS,14,MASS-CAPEX-2,pdLineExpansion,approved,underConstruction,1200000,MASS-F1
global-disease-crisis,seed-3,MASS,14,MASS-CAPEX-3,newFactoryConstruction,approved,underConstruction,6600000,
global-disease-crisis,seed-3,CONSV,14,CONSV-CAPEX-7,vapLineExpansion,underConstruction,completed,900000,CONSV-F1
global-disease-crisis,seed-3,CONSV,14,CONSV-CAPEX-8,pdLineExpansion,underConstruction,underConstruction,1600000,CONSV-F1
global-disease-crisis,seed-3,VAP,14,VAP-CAPEX-5,pdLineExpansion,approved,underConstruction,1200000,VAP-F1
global-disease-crisis,seed-3,MASS,15,MASS-CAPEX-2,pdLineExpansion,underConstruction,underConstruction,1600000,MASS-F1
global-disease-crisis,seed-3,MASS,15,MASS-CAPEX-3,newFactoryConstruction,underConstruction,underConstruction,7699999.999999999,
global-disease-crisis,seed-3,BAL,15,BAL-CAPEX-6,commonProcessingExpansion,approved,underConstruction,1500000,BAL-F1
global-disease-crisis,seed-3,JPQ,15,JPQ-CAPEX-5,vapLineExpansion,approved,underConstruction,1500000,JPQ-F1
global-disease-crisis,seed-3,CONSV,15,CONSV-CAPEX-8,pdLineExpansion,underConstruction,completed,1200000,CONSV-F1
global-disease-crisis,seed-3,VAP,15,VAP-CAPEX-5,pdLineExpansion,underConstruction,underConstruction,1600000,VAP-F1
global-disease-crisis,seed-3,MASS,16,MASS-CAPEX-2,pdLineExpansion,underConstruction,completed,1200000,MASS-F1
global-disease-crisis,seed-3,MASS,16,MASS-CAPEX-3,newFactoryConstruction,underConstruction,completed,7699999.999999999,
global-disease-crisis,seed-3,BAL,16,BAL-CAPEX-6,commonProcessingExpansion,underConstruction,underConstruction,2000000,BAL-F1
global-disease-crisis,seed-3,JPQ,16,JPQ-CAPEX-5,vapLineExpansion,underConstruction,underConstruction,2100000,JPQ-F1
global-disease-crisis,seed-3,VAP,16,VAP-CAPEX-5,pdLineExpansion,underConstruction,completed,1200000,VAP-F1
global-disease-crisis,seed-3,VAP,16,VAP-CAPEX-6,vapLineExpansion,approved,underConstruction,1500000,VAP-F1
global-disease-crisis,seed-3,BAL,17,BAL-CAPEX-6,commonProcessingExpansion,underConstruction,completed,1500000,BAL-F1
global-disease-crisis,seed-3,JPQ,17,JPQ-CAPEX-5,vapLineExpansion,underConstruction,underConstruction,1500000,JPQ-F1
global-disease-crisis,seed-3,CONSV,17,CONSV-CAPEX-9,pdLineExpansion,approved,underConstruction,1200000,CONSV-F1
global-disease-crisis,seed-3,VAP,17,VAP-CAPEX-6,vapLineExpansion,underConstruction,underConstruction,2100000,VAP-F1
global-disease-crisis,seed-3,JPQ,18,JPQ-CAPEX-5,vapLineExpansion,underConstruction,completed,900000,JPQ-F1
global-disease-crisis,seed-3,CONSV,18,CONSV-CAPEX-9,pdLineExpansion,underConstruction,underConstruction,1600000,CONSV-F1
global-disease-crisis,seed-3,VAP,18,VAP-CAPEX-6,vapLineExpansion,underConstruction,underConstruction,1500000,VAP-F1
global-disease-crisis,seed-3,VAP,18,VAP-CAPEX-7,pdLineExpansion,approved,underConstruction,1200000,VAP-F1
global-disease-crisis,seed-3,BAL,19,BAL-CAPEX-7,pdLineExpansion,approved,underConstruction,1200000,BAL-F1
global-disease-crisis,seed-3,BAL,19,BAL-CAPEX-8,commonProcessingExpansion,approved,underConstruction,1500000,BAL-F1
global-disease-crisis,seed-3,CONSV,19,CONSV-CAPEX-9,pdLineExpansion,underConstruction,completed,1200000,CONSV-F1
global-disease-crisis,seed-3,VAP,19,VAP-CAPEX-6,vapLineExpansion,underConstruction,completed,900000,VAP-F1
global-disease-crisis,seed-3,VAP,19,VAP-CAPEX-7,pdLineExpansion,underConstruction,underConstruction,1600000,VAP-F1
global-disease-crisis,seed-3,BAL,20,BAL-CAPEX-7,pdLineExpansion,underConstruction,underConstruction,1600000,BAL-F1
global-disease-crisis,seed-3,BAL,20,BAL-CAPEX-8,commonProcessingExpansion,underConstruction,underConstruction,2000000,BAL-F1
global-disease-crisis,seed-3,BAL,20,BAL-CAPEX-9,vapLineExpansion,approved,underConstruction,1500000,BAL-F1
global-disease-crisis,seed-3,VAP,20,VAP-CAPEX-7,pdLineExpansion,underConstruction,completed,1200000,VAP-F1
global-disease-crisis,seed-3,MASS,21,MASS-CAPEX-4,hosoLineExpansion,approved,completed,8000000,MASS-NEWF-MASS-CAPEX-3
global-disease-crisis,seed-3,BAL,21,BAL-CAPEX-7,pdLineExpansion,underConstruction,completed,1200000,BAL-F1
global-disease-crisis,seed-3,BAL,21,BAL-CAPEX-8,commonProcessingExpansion,underConstruction,completed,1500000,BAL-F1
global-disease-crisis,seed-3,BAL,21,BAL-CAPEX-9,vapLineExpansion,underConstruction,underConstruction,2100000,BAL-F1
global-disease-crisis,seed-3,JPQ,21,JPQ-CAPEX-6,vapLineExpansion,approved,underConstruction,1500000,JPQ-F1
global-disease-crisis,seed-3,CONSV,21,CONSV-CAPEX-10,pdLineExpansion,approved,underConstruction,1200000,CONSV-F1
global-disease-crisis,seed-3,BAL,22,BAL-CAPEX-9,vapLineExpansion,underConstruction,underConstruction,1500000,BAL-F1
global-disease-crisis,seed-3,JPQ,22,JPQ-CAPEX-6,vapLineExpansion,underConstruction,underConstruction,2100000,JPQ-F1
global-disease-crisis,seed-3,CONSV,22,CONSV-CAPEX-10,pdLineExpansion,underConstruction,underConstruction,1600000,CONSV-F1
global-disease-crisis,seed-3,VAP,22,VAP-CAPEX-8,pdLineExpansion,approved,underConstruction,1200000,VAP-F1
global-disease-crisis,seed-3,VAP,22,VAP-CAPEX-9,vapLineExpansion,approved,underConstruction,1500000,VAP-F1
global-disease-crisis,seed-3,BAL,23,BAL-CAPEX-9,vapLineExpansion,underConstruction,completed,900000,BAL-F1
global-disease-crisis,seed-3,BAL,23,BAL-CAPEX-10,commonProcessingExpansion,approved,underConstruction,1500000,BAL-F1
global-disease-crisis,seed-3,JPQ,23,JPQ-CAPEX-6,vapLineExpansion,underConstruction,underConstruction,1500000,JPQ-F1
global-disease-crisis,seed-3,JPQ,23,JPQ-CAPEX-7,pdLineExpansion,approved,underConstruction,1200000,JPQ-F1
global-disease-crisis,seed-3,CONSV,23,CONSV-CAPEX-10,pdLineExpansion,underConstruction,completed,1200000,CONSV-F1
global-disease-crisis,seed-3,VAP,23,VAP-CAPEX-8,pdLineExpansion,underConstruction,underConstruction,1600000,VAP-F1
global-disease-crisis,seed-3,VAP,23,VAP-CAPEX-9,vapLineExpansion,underConstruction,underConstruction,2100000,VAP-F1
global-disease-crisis,seed-3,BAL,24,BAL-CAPEX-10,commonProcessingExpansion,underConstruction,underConstruction,2000000,BAL-F1
global-disease-crisis,seed-3,BAL,24,BAL-CAPEX-11,newFactoryConstruction,approved,underConstruction,6600000,
global-disease-crisis,seed-3,JPQ,24,JPQ-CAPEX-6,vapLineExpansion,underConstruction,completed,900000,JPQ-F1
global-disease-crisis,seed-3,JPQ,24,JPQ-CAPEX-7,pdLineExpansion,underConstruction,underConstruction,1600000,JPQ-F1
global-disease-crisis,seed-3,VAP,24,VAP-CAPEX-8,pdLineExpansion,underConstruction,completed,1200000,VAP-F1
global-disease-crisis,seed-3,VAP,24,VAP-CAPEX-9,vapLineExpansion,underConstruction,underConstruction,1500000,VAP-F1
global-disease-crisis,seed-3,BAL,25,BAL-CAPEX-10,commonProcessingExpansion,underConstruction,completed,1500000,BAL-F1
global-disease-crisis,seed-3,BAL,25,BAL-CAPEX-11,newFactoryConstruction,underConstruction,underConstruction,7699999.999999999,
global-disease-crisis,seed-3,JPQ,25,JPQ-CAPEX-7,pdLineExpansion,underConstruction,completed,1200000,JPQ-F1
global-disease-crisis,seed-3,CONSV,25,CONSV-CAPEX-11,pdLineExpansion,approved,underConstruction,1200000,CONSV-F1
global-disease-crisis,seed-3,VAP,25,VAP-CAPEX-9,vapLineExpansion,underConstruction,completed,900000,VAP-F1
global-disease-crisis,seed-3,BAL,26,BAL-CAPEX-11,newFactoryConstruction,underConstruction,completed,7699999.999999999,
global-disease-crisis,seed-3,CONSV,26,CONSV-CAPEX-11,pdLineExpansion,underConstruction,underConstruction,1600000,CONSV-F1
global-disease-crisis,seed-3,VAP,26,VAP-CAPEX-10,pdLineExpansion,approved,underConstruction,1200000,VAP-F1
global-disease-crisis,seed-3,MASS,27,MASS-CAPEX-5,hosoLineExpansion,approved,completed,8000000,MASS-NEWF-MASS-CAPEX-3
global-disease-crisis,seed-3,JPQ,27,JPQ-CAPEX-8,pdLineExpansion,approved,underConstruction,1200000,JPQ-F1
global-disease-crisis,seed-3,JPQ,27,JPQ-CAPEX-9,vapLineExpansion,approved,underConstruction,1500000,JPQ-F1
global-disease-crisis,seed-3,CONSV,27,CONSV-CAPEX-11,pdLineExpansion,underConstruction,completed,1200000,CONSV-F1
global-disease-crisis,seed-3,VAP,27,VAP-CAPEX-10,pdLineExpansion,underConstruction,underConstruction,1600000,VAP-F1
global-disease-crisis,seed-3,MASS,28,MASS-CAPEX-6,newFactoryConstruction,approved,underConstruction,6600000,
global-disease-crisis,seed-3,JPQ,28,JPQ-CAPEX-8,pdLineExpansion,underConstruction,underConstruction,1600000,JPQ-F1
global-disease-crisis,seed-3,JPQ,28,JPQ-CAPEX-9,vapLineExpansion,underConstruction,underConstruction,2100000,JPQ-F1
global-disease-crisis,seed-3,JPQ,28,JPQ-CAPEX-10,newFactoryConstruction,approved,underConstruction,6600000,
global-disease-crisis,seed-3,VAP,28,VAP-CAPEX-10,pdLineExpansion,underConstruction,completed,1200000,VAP-F1
global-disease-crisis,seed-3,VAP,28,VAP-CAPEX-11,vapLineExpansion,approved,underConstruction,1500000,VAP-F1
global-disease-crisis,seed-3,MASS,29,MASS-CAPEX-6,newFactoryConstruction,underConstruction,underConstruction,7699999.999999999,
global-disease-crisis,seed-3,JPQ,29,JPQ-CAPEX-8,pdLineExpansion,underConstruction,completed,1200000,JPQ-F1
global-disease-crisis,seed-3,JPQ,29,JPQ-CAPEX-9,vapLineExpansion,underConstruction,underConstruction,1500000,JPQ-F1
global-disease-crisis,seed-3,JPQ,29,JPQ-CAPEX-10,newFactoryConstruction,underConstruction,underConstruction,7699999.999999999,
global-disease-crisis,seed-3,CONSV,29,CONSV-CAPEX-12,pdLineExpansion,approved,underConstruction,1200000,CONSV-F1
global-disease-crisis,seed-3,VAP,29,VAP-CAPEX-11,vapLineExpansion,underConstruction,underConstruction,2100000,VAP-F1
global-disease-crisis,seed-3,MASS,30,MASS-CAPEX-6,newFactoryConstruction,underConstruction,completed,7699999.999999999,
global-disease-crisis,seed-3,JPQ,30,JPQ-CAPEX-9,vapLineExpansion,underConstruction,completed,900000,JPQ-F1
global-disease-crisis,seed-3,JPQ,30,JPQ-CAPEX-10,newFactoryConstruction,underConstruction,completed,7699999.999999999,
global-disease-crisis,seed-3,CONSV,30,CONSV-CAPEX-12,pdLineExpansion,underConstruction,underConstruction,1600000,CONSV-F1
global-disease-crisis,seed-3,VAP,30,VAP-CAPEX-11,vapLineExpansion,underConstruction,underConstruction,1500000,VAP-F1
global-disease-crisis,seed-3,VAP,30,VAP-CAPEX-12,pdLineExpansion,approved,underConstruction,1200000,VAP-F1
global-disease-crisis,seed-3,JPQ,31,JPQ-CAPEX-11,pdLineExpansion,approved,underConstruction,1200000,JPQ-F1
global-disease-crisis,seed-3,CONSV,31,CONSV-CAPEX-12,pdLineExpansion,underConstruction,completed,1200000,CONSV-F1
global-disease-crisis,seed-3,VAP,31,VAP-CAPEX-11,vapLineExpansion,underConstruction,completed,900000,VAP-F1
global-disease-crisis,seed-3,VAP,31,VAP-CAPEX-12,pdLineExpansion,underConstruction,underConstruction,1600000,VAP-F1
global-disease-crisis,seed-3,JPQ,32,JPQ-CAPEX-11,pdLineExpansion,underConstruction,underConstruction,1600000,JPQ-F1
global-disease-crisis,seed-3,VAP,32,VAP-CAPEX-12,pdLineExpansion,underConstruction,completed,1200000,VAP-F1
global-disease-crisis,seed-4,BAL,2,BAL-CAPEX-1,pdLineExpansion,approved,underConstruction,1200000,BAL-F1
global-disease-crisis,seed-4,BAL,3,BAL-CAPEX-1,pdLineExpansion,underConstruction,underConstruction,1600000,BAL-F1
global-disease-crisis,seed-4,BAL,3,BAL-CAPEX-2,hosoLineExpansion,approved,completed,8000000,BAL-F1
global-disease-crisis,seed-4,JPQ,3,JPQ-CAPEX-1,pdMechanization,approved,underConstruction,1000000,JPQ-F1
global-disease-crisis,seed-4,JPQ,3,JPQ-CAPEX-2,qualityControlEquipment,approved,underConstruction,720000,JPQ-F1
global-disease-crisis,seed-4,CONSV,3,CONSV-CAPEX-1,qualityControlEquipment,approved,underConstruction,720000,CONSV-F1
global-disease-crisis,seed-4,BAL,4,BAL-CAPEX-1,pdLineExpansion,underConstruction,completed,1200000,BAL-F1
global-disease-crisis,seed-4,JPQ,4,JPQ-CAPEX-1,pdMechanization,underConstruction,completed,1500000,JPQ-F1
global-disease-crisis,seed-4,JPQ,4,JPQ-CAPEX-2,qualityControlEquipment,underConstruction,completed,480000,JPQ-F1
global-disease-crisis,seed-4,CONSV,4,CONSV-CAPEX-1,qualityControlEquipment,underConstruction,completed,480000,CONSV-F1
global-disease-crisis,seed-4,CONSV,4,CONSV-CAPEX-2,pdLineExpansion,approved,underConstruction,1200000,CONSV-F1
global-disease-crisis,seed-4,CONSV,4,CONSV-CAPEX-3,vapLineExpansion,approved,underConstruction,1500000,CONSV-F1
global-disease-crisis,seed-4,CONSV,5,CONSV-CAPEX-2,pdLineExpansion,underConstruction,underConstruction,1600000,CONSV-F1
global-disease-crisis,seed-4,CONSV,5,CONSV-CAPEX-3,vapLineExpansion,underConstruction,underConstruction,2100000,CONSV-F1
global-disease-crisis,seed-4,CONSV,5,CONSV-CAPEX-4,pdMechanization,approved,underConstruction,1000000,CONSV-F1
global-disease-crisis,seed-4,CONSV,6,CONSV-CAPEX-2,pdLineExpansion,underConstruction,completed,1200000,CONSV-F1
global-disease-crisis,seed-4,CONSV,6,CONSV-CAPEX-3,vapLineExpansion,underConstruction,underConstruction,1500000,CONSV-F1
global-disease-crisis,seed-4,CONSV,6,CONSV-CAPEX-4,pdMechanization,underConstruction,completed,1500000,CONSV-F1
global-disease-crisis,seed-4,BAL,7,BAL-CAPEX-3,hosoLineExpansion,approved,completed,8000000,BAL-F1
global-disease-crisis,seed-4,BAL,7,BAL-CAPEX-4,pdLineExpansion,approved,underConstruction,1200000,BAL-F1
global-disease-crisis,seed-4,BAL,7,BAL-CAPEX-5,vapLineExpansion,approved,underConstruction,1500000,BAL-F1
global-disease-crisis,seed-4,CONSV,7,CONSV-CAPEX-3,vapLineExpansion,underConstruction,completed,900000,CONSV-F1
global-disease-crisis,seed-4,VAP,7,VAP-CAPEX-1,qualityControlEquipment,approved,underConstruction,720000,VAP-F1
global-disease-crisis,seed-4,BAL,8,BAL-CAPEX-4,pdLineExpansion,underConstruction,underConstruction,1600000,BAL-F1
global-disease-crisis,seed-4,BAL,8,BAL-CAPEX-5,vapLineExpansion,underConstruction,underConstruction,2100000,BAL-F1
global-disease-crisis,seed-4,VAP,8,VAP-CAPEX-1,qualityControlEquipment,underConstruction,completed,480000,VAP-F1
global-disease-crisis,seed-4,VAP,8,VAP-CAPEX-2,pdMechanization,approved,underConstruction,1000000,VAP-F1
global-disease-crisis,seed-4,BAL,9,BAL-CAPEX-4,pdLineExpansion,underConstruction,completed,1200000,BAL-F1
global-disease-crisis,seed-4,BAL,9,BAL-CAPEX-5,vapLineExpansion,underConstruction,underConstruction,1500000,BAL-F1
global-disease-crisis,seed-4,JPQ,9,JPQ-CAPEX-3,pdLineExpansion,approved,underConstruction,1200000,JPQ-F1
global-disease-crisis,seed-4,JPQ,9,JPQ-CAPEX-4,vapLineExpansion,approved,underConstruction,1500000,JPQ-F1
global-disease-crisis,seed-4,VAP,9,VAP-CAPEX-2,pdMechanization,underConstruction,completed,1500000,VAP-F1
global-disease-crisis,seed-4,BAL,10,BAL-CAPEX-5,vapLineExpansion,underConstruction,completed,900000,BAL-F1
global-disease-crisis,seed-4,JPQ,10,JPQ-CAPEX-3,pdLineExpansion,underConstruction,underConstruction,1600000,JPQ-F1
global-disease-crisis,seed-4,JPQ,10,JPQ-CAPEX-4,vapLineExpansion,underConstruction,underConstruction,2100000,JPQ-F1
global-disease-crisis,seed-4,CONSV,10,CONSV-CAPEX-5,hosoLineExpansion,approved,completed,8000000,CONSV-F1
global-disease-crisis,seed-4,CONSV,10,CONSV-CAPEX-6,pdLineExpansion,approved,underConstruction,1200000,CONSV-F1
global-disease-crisis,seed-4,CONSV,10,CONSV-CAPEX-7,vapLineExpansion,approved,underConstruction,1500000,CONSV-F1
global-disease-crisis,seed-4,VAP,10,VAP-CAPEX-3,pdLineExpansion,approved,underConstruction,1200000,VAP-F1
global-disease-crisis,seed-4,BAL,11,BAL-CAPEX-6,pdMechanization,approved,underConstruction,1000000,BAL-F1
global-disease-crisis,seed-4,JPQ,11,JPQ-CAPEX-3,pdLineExpansion,underConstruction,completed,1200000,JPQ-F1
global-disease-crisis,seed-4,JPQ,11,JPQ-CAPEX-4,vapLineExpansion,underConstruction,underConstruction,1500000,JPQ-F1
global-disease-crisis,seed-4,CONSV,11,CONSV-CAPEX-6,pdLineExpansion,underConstruction,underConstruction,1600000,CONSV-F1
global-disease-crisis,seed-4,CONSV,11,CONSV-CAPEX-7,vapLineExpansion,underConstruction,underConstruction,2100000,CONSV-F1
global-disease-crisis,seed-4,VAP,11,VAP-CAPEX-3,pdLineExpansion,underConstruction,underConstruction,1600000,VAP-F1
global-disease-crisis,seed-4,VAP,11,VAP-CAPEX-4,vapLineExpansion,approved,underConstruction,1500000,VAP-F1
global-disease-crisis,seed-4,BAL,12,BAL-CAPEX-6,pdMechanization,underConstruction,completed,1500000,BAL-F1
global-disease-crisis,seed-4,BAL,12,BAL-CAPEX-7,hosoLineExpansion,approved,completed,8000000,BAL-F1
global-disease-crisis,seed-4,JPQ,12,JPQ-CAPEX-4,vapLineExpansion,underConstruction,completed,900000,JPQ-F1
global-disease-crisis,seed-4,CONSV,12,CONSV-CAPEX-6,pdLineExpansion,underConstruction,completed,1200000,CONSV-F1
global-disease-crisis,seed-4,CONSV,12,CONSV-CAPEX-7,vapLineExpansion,underConstruction,underConstruction,1500000,CONSV-F1
global-disease-crisis,seed-4,VAP,12,VAP-CAPEX-3,pdLineExpansion,underConstruction,completed,1200000,VAP-F1
global-disease-crisis,seed-4,VAP,12,VAP-CAPEX-4,vapLineExpansion,underConstruction,underConstruction,2100000,VAP-F1
global-disease-crisis,seed-4,CONSV,13,CONSV-CAPEX-7,vapLineExpansion,underConstruction,completed,900000,CONSV-F1
global-disease-crisis,seed-4,VAP,13,VAP-CAPEX-4,vapLineExpansion,underConstruction,underConstruction,1500000,VAP-F1
global-disease-crisis,seed-4,MASS,14,MASS-CAPEX-1,hosoLineExpansion,approved,completed,8000000,MASS-F1
global-disease-crisis,seed-4,CONSV,14,CONSV-CAPEX-8,pdLineExpansion,approved,underConstruction,1200000,CONSV-F1
global-disease-crisis,seed-4,VAP,14,VAP-CAPEX-4,vapLineExpansion,underConstruction,completed,900000,VAP-F1
global-disease-crisis,seed-4,VAP,14,VAP-CAPEX-5,pdLineExpansion,approved,underConstruction,1200000,VAP-F1
global-disease-crisis,seed-4,BAL,15,BAL-CAPEX-8,commonProcessingExpansion,approved,underConstruction,1500000,BAL-F1
global-disease-crisis,seed-4,JPQ,15,JPQ-CAPEX-5,vapLineExpansion,approved,underConstruction,1500000,JPQ-F1
global-disease-crisis,seed-4,CONSV,15,CONSV-CAPEX-8,pdLineExpansion,underConstruction,underConstruction,1600000,CONSV-F1
global-disease-crisis,seed-4,VAP,15,VAP-CAPEX-5,pdLineExpansion,underConstruction,underConstruction,1600000,VAP-F1
global-disease-crisis,seed-4,BAL,16,BAL-CAPEX-8,commonProcessingExpansion,underConstruction,underConstruction,2000000,BAL-F1
global-disease-crisis,seed-4,JPQ,16,JPQ-CAPEX-5,vapLineExpansion,underConstruction,underConstruction,2100000,JPQ-F1
global-disease-crisis,seed-4,CONSV,16,CONSV-CAPEX-8,pdLineExpansion,underConstruction,completed,1200000,CONSV-F1
global-disease-crisis,seed-4,VAP,16,VAP-CAPEX-5,pdLineExpansion,underConstruction,completed,1200000,VAP-F1
global-disease-crisis,seed-4,BAL,17,BAL-CAPEX-8,commonProcessingExpansion,underConstruction,completed,1500000,BAL-F1
global-disease-crisis,seed-4,JPQ,17,JPQ-CAPEX-5,vapLineExpansion,underConstruction,underConstruction,1500000,JPQ-F1
global-disease-crisis,seed-4,VAP,17,VAP-CAPEX-6,vapLineExpansion,approved,underConstruction,1500000,VAP-F1
global-disease-crisis,seed-4,MASS,18,MASS-CAPEX-2,hosoLineExpansion,approved,completed,8000000,MASS-F1
global-disease-crisis,seed-4,MASS,18,MASS-CAPEX-3,newFactoryConstruction,approved,underConstruction,6600000,
global-disease-crisis,seed-4,JPQ,18,JPQ-CAPEX-5,vapLineExpansion,underConstruction,completed,900000,JPQ-F1
global-disease-crisis,seed-4,CONSV,18,CONSV-CAPEX-9,pdLineExpansion,approved,underConstruction,1200000,CONSV-F1
global-disease-crisis,seed-4,VAP,18,VAP-CAPEX-6,vapLineExpansion,underConstruction,underConstruction,2100000,VAP-F1
global-disease-crisis,seed-4,VAP,18,VAP-CAPEX-7,pdLineExpansion,approved,underConstruction,1200000,VAP-F1
global-disease-crisis,seed-4,MASS,19,MASS-CAPEX-3,newFactoryConstruction,underConstruction,underConstruction,7699999.999999999,
global-disease-crisis,seed-4,BAL,19,BAL-CAPEX-9,commonProcessingExpansion,approved,underConstruction,1500000,BAL-F1
global-disease-crisis,seed-4,CONSV,19,CONSV-CAPEX-9,pdLineExpansion,underConstruction,underConstruction,1600000,CONSV-F1
global-disease-crisis,seed-4,VAP,19,VAP-CAPEX-6,vapLineExpansion,underConstruction,underConstruction,1500000,VAP-F1
global-disease-crisis,seed-4,VAP,19,VAP-CAPEX-7,pdLineExpansion,underConstruction,underConstruction,1600000,VAP-F1
global-disease-crisis,seed-4,MASS,20,MASS-CAPEX-3,newFactoryConstruction,underConstruction,completed,7699999.999999999,
global-disease-crisis,seed-4,BAL,20,BAL-CAPEX-9,commonProcessingExpansion,underConstruction,underConstruction,2000000,BAL-F1
global-disease-crisis,seed-4,CONSV,20,CONSV-CAPEX-9,pdLineExpansion,underConstruction,completed,1200000,CONSV-F1
global-disease-crisis,seed-4,VAP,20,VAP-CAPEX-6,vapLineExpansion,underConstruction,completed,900000,VAP-F1
global-disease-crisis,seed-4,VAP,20,VAP-CAPEX-7,pdLineExpansion,underConstruction,completed,1200000,VAP-F1
global-disease-crisis,seed-4,BAL,21,BAL-CAPEX-9,commonProcessingExpansion,underConstruction,completed,1500000,BAL-F1
global-disease-crisis,seed-4,JPQ,21,JPQ-CAPEX-6,vapLineExpansion,approved,underConstruction,1500000,JPQ-F1
global-disease-crisis,seed-4,JPQ,22,JPQ-CAPEX-6,vapLineExpansion,underConstruction,underConstruction,2100000,JPQ-F1
global-disease-crisis,seed-4,CONSV,22,CONSV-CAPEX-10,pdLineExpansion,approved,underConstruction,1200000,CONSV-F1
global-disease-crisis,seed-4,VAP,22,VAP-CAPEX-8,pdLineExpansion,approved,underConstruction,1200000,VAP-F1
global-disease-crisis,seed-4,BAL,23,BAL-CAPEX-10,commonProcessingExpansion,approved,underConstruction,1500000,BAL-F1
global-disease-crisis,seed-4,JPQ,23,JPQ-CAPEX-6,vapLineExpansion,underConstruction,underConstruction,1500000,JPQ-F1
global-disease-crisis,seed-4,JPQ,23,JPQ-CAPEX-7,pdLineExpansion,approved,underConstruction,1200000,JPQ-F1
global-disease-crisis,seed-4,CONSV,23,CONSV-CAPEX-10,pdLineExpansion,underConstruction,underConstruction,1600000,CONSV-F1
global-disease-crisis,seed-4,VAP,23,VAP-CAPEX-8,pdLineExpansion,underConstruction,underConstruction,1600000,VAP-F1
global-disease-crisis,seed-4,VAP,23,VAP-CAPEX-9,vapLineExpansion,approved,underConstruction,1500000,VAP-F1
global-disease-crisis,seed-4,BAL,24,BAL-CAPEX-10,commonProcessingExpansion,underConstruction,underConstruction,2000000,BAL-F1
global-disease-crisis,seed-4,BAL,24,BAL-CAPEX-11,newFactoryConstruction,approved,underConstruction,6600000,
global-disease-crisis,seed-4,JPQ,24,JPQ-CAPEX-6,vapLineExpansion,underConstruction,completed,900000,JPQ-F1
global-disease-crisis,seed-4,JPQ,24,JPQ-CAPEX-7,pdLineExpansion,underConstruction,underConstruction,1600000,JPQ-F1
global-disease-crisis,seed-4,CONSV,24,CONSV-CAPEX-10,pdLineExpansion,underConstruction,completed,1200000,CONSV-F1
global-disease-crisis,seed-4,VAP,24,VAP-CAPEX-8,pdLineExpansion,underConstruction,completed,1200000,VAP-F1
global-disease-crisis,seed-4,VAP,24,VAP-CAPEX-9,vapLineExpansion,underConstruction,underConstruction,2100000,VAP-F1
global-disease-crisis,seed-4,MASS,25,MASS-CAPEX-4,hosoLineExpansion,approved,completed,8000000,MASS-NEWF-MASS-CAPEX-3
global-disease-crisis,seed-4,BAL,25,BAL-CAPEX-10,commonProcessingExpansion,underConstruction,completed,1500000,BAL-F1
global-disease-crisis,seed-4,BAL,25,BAL-CAPEX-11,newFactoryConstruction,underConstruction,underConstruction,7699999.999999999,
global-disease-crisis,seed-4,JPQ,25,JPQ-CAPEX-7,pdLineExpansion,underConstruction,completed,1200000,JPQ-F1
global-disease-crisis,seed-4,VAP,25,VAP-CAPEX-9,vapLineExpansion,underConstruction,underConstruction,1500000,VAP-F1
global-disease-crisis,seed-4,BAL,26,BAL-CAPEX-11,newFactoryConstruction,underConstruction,completed,7699999.999999999,
global-disease-crisis,seed-4,CONSV,26,CONSV-CAPEX-11,pdLineExpansion,approved,underConstruction,1200000,CONSV-F1
global-disease-crisis,seed-4,VAP,26,VAP-CAPEX-9,vapLineExpansion,underConstruction,completed,900000,VAP-F1
global-disease-crisis,seed-4,VAP,26,VAP-CAPEX-10,pdLineExpansion,approved,underConstruction,1200000,VAP-F1
global-disease-crisis,seed-4,JPQ,27,JPQ-CAPEX-8,pdLineExpansion,approved,underConstruction,1200000,JPQ-F1
global-disease-crisis,seed-4,JPQ,27,JPQ-CAPEX-9,vapLineExpansion,approved,underConstruction,1500000,JPQ-F1
global-disease-crisis,seed-4,CONSV,27,CONSV-CAPEX-11,pdLineExpansion,underConstruction,underConstruction,1600000,CONSV-F1
global-disease-crisis,seed-4,VAP,27,VAP-CAPEX-10,pdLineExpansion,underConstruction,underConstruction,1600000,VAP-F1
global-disease-crisis,seed-4,JPQ,28,JPQ-CAPEX-8,pdLineExpansion,underConstruction,underConstruction,1600000,JPQ-F1
global-disease-crisis,seed-4,JPQ,28,JPQ-CAPEX-9,vapLineExpansion,underConstruction,underConstruction,2100000,JPQ-F1
global-disease-crisis,seed-4,JPQ,28,JPQ-CAPEX-10,newFactoryConstruction,approved,underConstruction,6600000,
global-disease-crisis,seed-4,CONSV,28,CONSV-CAPEX-11,pdLineExpansion,underConstruction,completed,1200000,CONSV-F1
global-disease-crisis,seed-4,VAP,28,VAP-CAPEX-10,pdLineExpansion,underConstruction,completed,1200000,VAP-F1
global-disease-crisis,seed-4,JPQ,29,JPQ-CAPEX-8,pdLineExpansion,underConstruction,completed,1200000,JPQ-F1
global-disease-crisis,seed-4,JPQ,29,JPQ-CAPEX-9,vapLineExpansion,underConstruction,underConstruction,1500000,JPQ-F1
global-disease-crisis,seed-4,JPQ,29,JPQ-CAPEX-10,newFactoryConstruction,underConstruction,underConstruction,7699999.999999999,
global-disease-crisis,seed-4,VAP,29,VAP-CAPEX-11,vapLineExpansion,approved,underConstruction,1500000,VAP-F1
global-disease-crisis,seed-4,JPQ,30,JPQ-CAPEX-9,vapLineExpansion,underConstruction,completed,900000,JPQ-F1
global-disease-crisis,seed-4,JPQ,30,JPQ-CAPEX-10,newFactoryConstruction,underConstruction,completed,7699999.999999999,
global-disease-crisis,seed-4,CONSV,30,CONSV-CAPEX-12,pdLineExpansion,approved,underConstruction,1200000,CONSV-F1
global-disease-crisis,seed-4,VAP,30,VAP-CAPEX-11,vapLineExpansion,underConstruction,underConstruction,2100000,VAP-F1
global-disease-crisis,seed-4,VAP,30,VAP-CAPEX-12,pdLineExpansion,approved,underConstruction,1200000,VAP-F1
global-disease-crisis,seed-4,JPQ,31,JPQ-CAPEX-11,pdLineExpansion,approved,underConstruction,1200000,JPQ-F1
global-disease-crisis,seed-4,CONSV,31,CONSV-CAPEX-12,pdLineExpansion,underConstruction,underConstruction,1600000,CONSV-F1
global-disease-crisis,seed-4,VAP,31,VAP-CAPEX-11,vapLineExpansion,underConstruction,underConstruction,1500000,VAP-F1
global-disease-crisis,seed-4,VAP,31,VAP-CAPEX-12,pdLineExpansion,underConstruction,underConstruction,1600000,VAP-F1
global-disease-crisis,seed-4,JPQ,32,JPQ-CAPEX-11,pdLineExpansion,underConstruction,underConstruction,1600000,JPQ-F1
global-disease-crisis,seed-4,CONSV,32,CONSV-CAPEX-12,pdLineExpansion,underConstruction,completed,1200000,CONSV-F1
global-disease-crisis,seed-4,VAP,32,VAP-CAPEX-11,vapLineExpansion,underConstruction,completed,900000,VAP-F1
global-disease-crisis,seed-4,VAP,32,VAP-CAPEX-12,pdLineExpansion,underConstruction,completed,1200000,VAP-F1
global-disease-crisis,seed-5,BAL,2,BAL-CAPEX-1,pdLineExpansion,approved,underConstruction,1200000,BAL-F1
global-disease-crisis,seed-5,BAL,3,BAL-CAPEX-1,pdLineExpansion,underConstruction,underConstruction,1600000,BAL-F1
global-disease-crisis,seed-5,JPQ,3,JPQ-CAPEX-1,qualityControlEquipment,approved,underConstruction,720000,JPQ-F1
global-disease-crisis,seed-5,CONSV,3,CONSV-CAPEX-1,qualityControlEquipment,approved,underConstruction,720000,CONSV-F1
global-disease-crisis,seed-5,BAL,4,BAL-CAPEX-1,pdLineExpansion,underConstruction,completed,1200000,BAL-F1
global-disease-crisis,seed-5,JPQ,4,JPQ-CAPEX-1,qualityControlEquipment,underConstruction,completed,480000,JPQ-F1
global-disease-crisis,seed-5,CONSV,4,CONSV-CAPEX-1,qualityControlEquipment,underConstruction,completed,480000,CONSV-F1
global-disease-crisis,seed-5,CONSV,4,CONSV-CAPEX-2,pdLineExpansion,approved,underConstruction,1200000,CONSV-F1
global-disease-crisis,seed-5,CONSV,4,CONSV-CAPEX-3,pdMechanization,approved,underConstruction,1000000,CONSV-F1
global-disease-crisis,seed-5,BAL,5,BAL-CAPEX-2,hosoLineExpansion,approved,completed,8000000,BAL-F1
global-disease-crisis,seed-5,CONSV,5,CONSV-CAPEX-2,pdLineExpansion,underConstruction,underConstruction,1600000,CONSV-F1
global-disease-crisis,seed-5,CONSV,5,CONSV-CAPEX-3,pdMechanization,underConstruction,completed,1500000,CONSV-F1
global-disease-crisis,seed-5,CONSV,5,CONSV-CAPEX-4,vapLineExpansion,approved,underConstruction,1500000,CONSV-F1
global-disease-crisis,seed-5,VAP,5,VAP-CAPEX-1,qualityControlEquipment,approved,underConstruction,720000,VAP-F1
global-disease-crisis,seed-5,CONSV,6,CONSV-CAPEX-2,pdLineExpansion,underConstruction,completed,1200000,CONSV-F1
global-disease-crisis,seed-5,CONSV,6,CONSV-CAPEX-4,vapLineExpansion,underConstruction,underConstruction,2100000,CONSV-F1
global-disease-crisis,seed-5,VAP,6,VAP-CAPEX-1,qualityControlEquipment,underConstruction,completed,480000,VAP-F1
global-disease-crisis,seed-5,BAL,7,BAL-CAPEX-3,pdMechanization,approved,underConstruction,1000000,BAL-F1
global-disease-crisis,seed-5,BAL,7,BAL-CAPEX-4,qualityControlEquipment,approved,underConstruction,720000,BAL-F1
global-disease-crisis,seed-5,CONSV,7,CONSV-CAPEX-4,vapLineExpansion,underConstruction,underConstruction,1500000,CONSV-F1
global-disease-crisis,seed-5,BAL,8,BAL-CAPEX-3,pdMechanization,underConstruction,completed,1500000,BAL-F1
global-disease-crisis,seed-5,BAL,8,BAL-CAPEX-4,qualityControlEquipment,underConstruction,completed,480000,BAL-F1
global-disease-crisis,seed-5,JPQ,8,JPQ-CAPEX-2,pdMechanization,approved,underConstruction,1000000,JPQ-F1
global-disease-crisis,seed-5,CONSV,8,CONSV-CAPEX-4,vapLineExpansion,underConstruction,completed,900000,CONSV-F1
global-disease-crisis,seed-5,VAP,8,VAP-CAPEX-2,pdLineExpansion,approved,underConstruction,1200000,VAP-F1
global-disease-crisis,seed-5,VAP,8,VAP-CAPEX-3,pdMechanization,approved,underConstruction,1000000,VAP-F1
global-disease-crisis,seed-5,JPQ,9,JPQ-CAPEX-2,pdMechanization,underConstruction,completed,1500000,JPQ-F1
global-disease-crisis,seed-5,JPQ,9,JPQ-CAPEX-3,vapLineExpansion,approved,underConstruction,1500000,JPQ-F1
global-disease-crisis,seed-5,CONSV,9,CONSV-CAPEX-5,pdLineExpansion,approved,underConstruction,1200000,CONSV-F1
global-disease-crisis,seed-5,VAP,9,VAP-CAPEX-2,pdLineExpansion,underConstruction,underConstruction,1600000,VAP-F1
global-disease-crisis,seed-5,VAP,9,VAP-CAPEX-3,pdMechanization,underConstruction,completed,1500000,VAP-F1
global-disease-crisis,seed-5,BAL,10,BAL-CAPEX-5,hosoLineExpansion,approved,completed,8000000,BAL-F1
global-disease-crisis,seed-5,JPQ,10,JPQ-CAPEX-3,vapLineExpansion,underConstruction,underConstruction,2100000,JPQ-F1
global-disease-crisis,seed-5,CONSV,10,CONSV-CAPEX-5,pdLineExpansion,underConstruction,underConstruction,1600000,CONSV-F1
global-disease-crisis,seed-5,CONSV,10,CONSV-CAPEX-6,hosoLineExpansion,approved,completed,8000000,CONSV-F1
global-disease-crisis,seed-5,VAP,10,VAP-CAPEX-2,pdLineExpansion,underConstruction,completed,1200000,VAP-F1
global-disease-crisis,seed-5,VAP,10,VAP-CAPEX-4,vapLineExpansion,approved,underConstruction,1500000,VAP-F1
global-disease-crisis,seed-5,MASS,11,MASS-CAPEX-1,pdLineExpansion,approved,underConstruction,1200000,MASS-F1
global-disease-crisis,seed-5,JPQ,11,JPQ-CAPEX-3,vapLineExpansion,underConstruction,underConstruction,1500000,JPQ-F1
global-disease-crisis,seed-5,JPQ,11,JPQ-CAPEX-4,pdLineExpansion,approved,underConstruction,1200000,JPQ-F1
global-disease-crisis,seed-5,CONSV,11,CONSV-CAPEX-5,pdLineExpansion,underConstruction,completed,1200000,CONSV-F1
global-disease-crisis,seed-5,CONSV,11,CONSV-CAPEX-7,vapLineExpansion,approved,underConstruction,1500000,CONSV-F1
global-disease-crisis,seed-5,VAP,11,VAP-CAPEX-4,vapLineExpansion,underConstruction,underConstruction,2100000,VAP-F1
global-disease-crisis,seed-5,MASS,12,MASS-CAPEX-1,pdLineExpansion,underConstruction,underConstruction,1600000,MASS-F1
global-disease-crisis,seed-5,JPQ,12,JPQ-CAPEX-3,vapLineExpansion,underConstruction,completed,900000,JPQ-F1
global-disease-crisis,seed-5,JPQ,12,JPQ-CAPEX-4,pdLineExpansion,underConstruction,underConstruction,1600000,JPQ-F1
global-disease-crisis,seed-5,CONSV,12,CONSV-CAPEX-7,vapLineExpansion,underConstruction,underConstruction,2100000,CONSV-F1
global-disease-crisis,seed-5,VAP,12,VAP-CAPEX-4,vapLineExpansion,underConstruction,underConstruction,1500000,VAP-F1
global-disease-crisis,seed-5,VAP,12,VAP-CAPEX-5,pdLineExpansion,approved,underConstruction,1200000,VAP-F1
global-disease-crisis,seed-5,MASS,13,MASS-CAPEX-1,pdLineExpansion,underConstruction,completed,1200000,MASS-F1
global-disease-crisis,seed-5,JPQ,13,JPQ-CAPEX-4,pdLineExpansion,underConstruction,completed,1200000,JPQ-F1
global-disease-crisis,seed-5,JPQ,13,JPQ-CAPEX-5,hosoLineExpansion,approved,completed,8000000,JPQ-F1
global-disease-crisis,seed-5,CONSV,13,CONSV-CAPEX-7,vapLineExpansion,underConstruction,underConstruction,1500000,CONSV-F1
global-disease-crisis,seed-5,CONSV,13,CONSV-CAPEX-8,pdLineExpansion,approved,underConstruction,1200000,CONSV-F1
global-disease-crisis,seed-5,VAP,13,VAP-CAPEX-4,vapLineExpansion,underConstruction,completed,900000,VAP-F1
global-disease-crisis,seed-5,VAP,13,VAP-CAPEX-5,pdLineExpansion,underConstruction,underConstruction,1600000,VAP-F1
global-disease-crisis,seed-5,CONSV,14,CONSV-CAPEX-7,vapLineExpansion,underConstruction,completed,900000,CONSV-F1
global-disease-crisis,seed-5,CONSV,14,CONSV-CAPEX-8,pdLineExpansion,underConstruction,underConstruction,1600000,CONSV-F1
global-disease-crisis,seed-5,VAP,14,VAP-CAPEX-5,pdLineExpansion,underConstruction,completed,1200000,VAP-F1
global-disease-crisis,seed-5,JPQ,15,JPQ-CAPEX-6,pdLineExpansion,approved,underConstruction,1200000,JPQ-F1
global-disease-crisis,seed-5,JPQ,15,JPQ-CAPEX-7,vapLineExpansion,approved,underConstruction,1500000,JPQ-F1
global-disease-crisis,seed-5,CONSV,15,CONSV-CAPEX-8,pdLineExpansion,underConstruction,completed,1200000,CONSV-F1
global-disease-crisis,seed-5,JPQ,16,JPQ-CAPEX-6,pdLineExpansion,underConstruction,underConstruction,1600000,JPQ-F1
global-disease-crisis,seed-5,JPQ,16,JPQ-CAPEX-7,vapLineExpansion,underConstruction,underConstruction,2100000,JPQ-F1
global-disease-crisis,seed-5,VAP,16,VAP-CAPEX-6,pdLineExpansion,approved,underConstruction,1200000,VAP-F1
global-disease-crisis,seed-5,VAP,16,VAP-CAPEX-7,vapLineExpansion,approved,underConstruction,1500000,VAP-F1
global-disease-crisis,seed-5,JPQ,17,JPQ-CAPEX-6,pdLineExpansion,underConstruction,completed,1200000,JPQ-F1
global-disease-crisis,seed-5,JPQ,17,JPQ-CAPEX-7,vapLineExpansion,underConstruction,underConstruction,1500000,JPQ-F1
global-disease-crisis,seed-5,CONSV,17,CONSV-CAPEX-9,pdLineExpansion,approved,underConstruction,1200000,CONSV-F1
global-disease-crisis,seed-5,VAP,17,VAP-CAPEX-6,pdLineExpansion,underConstruction,underConstruction,1600000,VAP-F1
global-disease-crisis,seed-5,VAP,17,VAP-CAPEX-7,vapLineExpansion,underConstruction,underConstruction,2100000,VAP-F1
global-disease-crisis,seed-5,MASS,18,MASS-CAPEX-2,pdLineExpansion,approved,underConstruction,1200000,MASS-F1
global-disease-crisis,seed-5,JPQ,18,JPQ-CAPEX-7,vapLineExpansion,underConstruction,completed,900000,JPQ-F1
global-disease-crisis,seed-5,CONSV,18,CONSV-CAPEX-9,pdLineExpansion,underConstruction,underConstruction,1600000,CONSV-F1
global-disease-crisis,seed-5,VAP,18,VAP-CAPEX-6,pdLineExpansion,underConstruction,completed,1200000,VAP-F1
global-disease-crisis,seed-5,VAP,18,VAP-CAPEX-7,vapLineExpansion,underConstruction,underConstruction,1500000,VAP-F1
global-disease-crisis,seed-5,MASS,19,MASS-CAPEX-2,pdLineExpansion,underConstruction,underConstruction,1600000,MASS-F1
global-disease-crisis,seed-5,MASS,19,MASS-CAPEX-3,hosoLineExpansion,approved,completed,8000000,MASS-F1
global-disease-crisis,seed-5,MASS,19,MASS-CAPEX-4,newFactoryConstruction,approved,underConstruction,6600000,
global-disease-crisis,seed-5,JPQ,19,JPQ-CAPEX-8,pdLineExpansion,approved,underConstruction,1200000,JPQ-F1
global-disease-crisis,seed-5,CONSV,19,CONSV-CAPEX-9,pdLineExpansion,underConstruction,completed,1200000,CONSV-F1
global-disease-crisis,seed-5,VAP,19,VAP-CAPEX-7,vapLineExpansion,underConstruction,completed,900000,VAP-F1
global-disease-crisis,seed-5,MASS,20,MASS-CAPEX-2,pdLineExpansion,underConstruction,completed,1200000,MASS-F1
global-disease-crisis,seed-5,MASS,20,MASS-CAPEX-4,newFactoryConstruction,underConstruction,underConstruction,7699999.999999999,
global-disease-crisis,seed-5,JPQ,20,JPQ-CAPEX-8,pdLineExpansion,underConstruction,underConstruction,1600000,JPQ-F1
global-disease-crisis,seed-5,VAP,20,VAP-CAPEX-8,pdLineExpansion,approved,underConstruction,1200000,VAP-F1
global-disease-crisis,seed-5,MASS,21,MASS-CAPEX-4,newFactoryConstruction,underConstruction,completed,7699999.999999999,
global-disease-crisis,seed-5,JPQ,21,JPQ-CAPEX-8,pdLineExpansion,underConstruction,completed,1200000,JPQ-F1
global-disease-crisis,seed-5,JPQ,21,JPQ-CAPEX-9,vapLineExpansion,approved,underConstruction,1500000,JPQ-F1
global-disease-crisis,seed-5,CONSV,21,CONSV-CAPEX-10,pdLineExpansion,approved,underConstruction,1200000,CONSV-F1
global-disease-crisis,seed-5,VAP,21,VAP-CAPEX-8,pdLineExpansion,underConstruction,underConstruction,1600000,VAP-F1
global-disease-crisis,seed-5,MASS,22,MASS-CAPEX-5,hosoLineExpansion,approved,completed,8000000,MASS-F1
global-disease-crisis,seed-5,JPQ,22,JPQ-CAPEX-9,vapLineExpansion,underConstruction,underConstruction,2100000,JPQ-F1
global-disease-crisis,seed-5,CONSV,22,CONSV-CAPEX-10,pdLineExpansion,underConstruction,underConstruction,1600000,CONSV-F1
global-disease-crisis,seed-5,VAP,22,VAP-CAPEX-8,pdLineExpansion,underConstruction,completed,1200000,VAP-F1
global-disease-crisis,seed-5,VAP,22,VAP-CAPEX-9,vapLineExpansion,approved,underConstruction,1500000,VAP-F1
global-disease-crisis,seed-5,JPQ,23,JPQ-CAPEX-9,vapLineExpansion,underConstruction,underConstruction,1500000,JPQ-F1
global-disease-crisis,seed-5,JPQ,23,JPQ-CAPEX-10,pdLineExpansion,approved,underConstruction,1200000,JPQ-F1
global-disease-crisis,seed-5,CONSV,23,CONSV-CAPEX-10,pdLineExpansion,underConstruction,completed,1200000,CONSV-F1
global-disease-crisis,seed-5,VAP,23,VAP-CAPEX-9,vapLineExpansion,underConstruction,underConstruction,2100000,VAP-F1
global-disease-crisis,seed-5,MASS,24,MASS-CAPEX-6,qualityControlEquipment,approved,underConstruction,720000,MASS-NEWF-MASS-CAPEX-4
global-disease-crisis,seed-5,JPQ,24,JPQ-CAPEX-9,vapLineExpansion,underConstruction,completed,900000,JPQ-F1
global-disease-crisis,seed-5,JPQ,24,JPQ-CAPEX-10,pdLineExpansion,underConstruction,underConstruction,1600000,JPQ-F1
global-disease-crisis,seed-5,VAP,24,VAP-CAPEX-9,vapLineExpansion,underConstruction,underConstruction,1500000,VAP-F1
global-disease-crisis,seed-5,VAP,24,VAP-CAPEX-10,pdLineExpansion,approved,underConstruction,1200000,VAP-F1
global-disease-crisis,seed-5,MASS,25,MASS-CAPEX-6,qualityControlEquipment,underConstruction,completed,480000,MASS-NEWF-MASS-CAPEX-4
global-disease-crisis,seed-5,BAL,25,BAL-CAPEX-6,newFactoryConstruction,approved,underConstruction,6600000,
global-disease-crisis,seed-5,JPQ,25,JPQ-CAPEX-10,pdLineExpansion,underConstruction,completed,1200000,JPQ-F1
global-disease-crisis,seed-5,CONSV,25,CONSV-CAPEX-11,pdLineExpansion,approved,underConstruction,1200000,CONSV-F1
global-disease-crisis,seed-5,VAP,25,VAP-CAPEX-9,vapLineExpansion,underConstruction,completed,900000,VAP-F1
global-disease-crisis,seed-5,VAP,25,VAP-CAPEX-10,pdLineExpansion,underConstruction,underConstruction,1600000,VAP-F1
global-disease-crisis,seed-5,MASS,26,MASS-CAPEX-7,hosoLineExpansion,approved,completed,8000000,MASS-NEWF-MASS-CAPEX-4
global-disease-crisis,seed-5,BAL,26,BAL-CAPEX-6,newFactoryConstruction,underConstruction,underConstruction,7699999.999999999,
global-disease-crisis,seed-5,BAL,26,BAL-CAPEX-7,hosoLineExpansion,approved,completed,8000000,BAL-F1
global-disease-crisis,seed-5,BAL,26,BAL-CAPEX-8,pdLineExpansion,approved,underConstruction,1200000,BAL-F1
global-disease-crisis,seed-5,CONSV,26,CONSV-CAPEX-11,pdLineExpansion,underConstruction,underConstruction,1600000,CONSV-F1
global-disease-crisis,seed-5,VAP,26,VAP-CAPEX-10,pdLineExpansion,underConstruction,completed,1200000,VAP-F1
global-disease-crisis,seed-5,BAL,27,BAL-CAPEX-6,newFactoryConstruction,underConstruction,completed,7699999.999999999,
global-disease-crisis,seed-5,BAL,27,BAL-CAPEX-8,pdLineExpansion,underConstruction,underConstruction,1600000,BAL-F1
global-disease-crisis,seed-5,BAL,27,BAL-CAPEX-9,vapLineExpansion,approved,underConstruction,1500000,BAL-F1
global-disease-crisis,seed-5,JPQ,27,JPQ-CAPEX-11,vapLineExpansion,approved,underConstruction,1500000,JPQ-F1
global-disease-crisis,seed-5,CONSV,27,CONSV-CAPEX-11,pdLineExpansion,underConstruction,completed,1200000,CONSV-F1
global-disease-crisis,seed-5,MASS,28,MASS-CAPEX-8,newFactoryConstruction,approved,underConstruction,6600000,
global-disease-crisis,seed-5,BAL,28,BAL-CAPEX-8,pdLineExpansion,underConstruction,completed,1200000,BAL-F1
global-disease-crisis,seed-5,BAL,28,BAL-CAPEX-9,vapLineExpansion,underConstruction,underConstruction,2100000,BAL-F1
global-disease-crisis,seed-5,BAL,28,BAL-CAPEX-10,commonProcessingExpansion,approved,underConstruction,1500000,BAL-F1
global-disease-crisis,seed-5,JPQ,28,JPQ-CAPEX-11,vapLineExpansion,underConstruction,underConstruction,2100000,JPQ-F1
global-disease-crisis,seed-5,JPQ,28,JPQ-CAPEX-12,pdLineExpansion,approved,underConstruction,1200000,JPQ-F1
global-disease-crisis,seed-5,VAP,28,VAP-CAPEX-11,pdLineExpansion,approved,underConstruction,1200000,VAP-F1
global-disease-crisis,seed-5,VAP,28,VAP-CAPEX-12,vapLineExpansion,approved,underConstruction,1500000,VAP-F1
global-disease-crisis,seed-5,MASS,29,MASS-CAPEX-8,newFactoryConstruction,underConstruction,underConstruction,7699999.999999999,
global-disease-crisis,seed-5,MASS,29,MASS-CAPEX-9,hosoLineExpansion,approved,completed,8000000,MASS-NEWF-MASS-CAPEX-4
global-disease-crisis,seed-5,BAL,29,BAL-CAPEX-9,vapLineExpansion,underConstruction,underConstruction,1500000,BAL-F1
global-disease-crisis,seed-5,BAL,29,BAL-CAPEX-10,commonProcessingExpansion,underConstruction,underConstruction,2000000,BAL-F1
global-disease-crisis,seed-5,JPQ,29,JPQ-CAPEX-11,vapLineExpansion,underConstruction,underConstruction,1500000,JPQ-F1
global-disease-crisis,seed-5,JPQ,29,JPQ-CAPEX-12,pdLineExpansion,underConstruction,underConstruction,1600000,JPQ-F1
global-disease-crisis,seed-5,CONSV,29,CONSV-CAPEX-12,pdLineExpansion,approved,underConstruction,1200000,CONSV-F1
global-disease-crisis,seed-5,VAP,29,VAP-CAPEX-11,pdLineExpansion,underConstruction,underConstruction,1600000,VAP-F1
global-disease-crisis,seed-5,VAP,29,VAP-CAPEX-12,vapLineExpansion,underConstruction,underConstruction,2100000,VAP-F1
global-disease-crisis,seed-5,MASS,30,MASS-CAPEX-8,newFactoryConstruction,underConstruction,completed,7699999.999999999,
global-disease-crisis,seed-5,BAL,30,BAL-CAPEX-9,vapLineExpansion,underConstruction,completed,900000,BAL-F1
global-disease-crisis,seed-5,BAL,30,BAL-CAPEX-10,commonProcessingExpansion,underConstruction,completed,1500000,BAL-F1
global-disease-crisis,seed-5,JPQ,30,JPQ-CAPEX-11,vapLineExpansion,underConstruction,completed,900000,JPQ-F1
global-disease-crisis,seed-5,JPQ,30,JPQ-CAPEX-12,pdLineExpansion,underConstruction,completed,1200000,JPQ-F1
global-disease-crisis,seed-5,CONSV,30,CONSV-CAPEX-12,pdLineExpansion,underConstruction,underConstruction,1600000,CONSV-F1
global-disease-crisis,seed-5,VAP,30,VAP-CAPEX-11,pdLineExpansion,underConstruction,completed,1200000,VAP-F1
global-disease-crisis,seed-5,VAP,30,VAP-CAPEX-12,vapLineExpansion,underConstruction,underConstruction,1500000,VAP-F1
global-disease-crisis,seed-5,CONSV,31,CONSV-CAPEX-12,pdLineExpansion,underConstruction,completed,1200000,CONSV-F1
global-disease-crisis,seed-5,VAP,31,VAP-CAPEX-12,vapLineExpansion,underConstruction,completed,900000,VAP-F1
global-disease-crisis,seed-5,JPQ,32,JPQ-CAPEX-13,pdLineExpansion,approved,underConstruction,1200000,JPQ-F1
global-disease-crisis,seed-5,VAP,32,VAP-CAPEX-13,pdLineExpansion,approved,underConstruction,1200000,VAP-F1
