scenario,seed,companyId,turn,currentScore,vapProductionTons,vapUtilization,vapContributionMarginUsdPerHosoEqKg,currentQuarterlyVapContributionUsd,strategyFitMultiplier,financialConservatismRatio,effectiveMaxAffordabilityQuarters,pass100k,pass250k,pass500k,cashUsd,requiredCash500k,financeSafe500k,selectedTierActual,selectedTierReproduced,reproductionMatches
baseline,seed-1,MASS,1,50,0,0,0.25,0,0.7083333333333334,1,2.125,false,false,false,30000000,750000,true,0,0,true
baseline,seed-1,BAL,1,50,0,0,0.3,0,1,1,3,false,false,false,30000000,750000,true,0,0,true
baseline,seed-1,JPQ,1,50,0,0,0.33,0,1.411764705882353,1,4.235294117647059,false,false,false,25000000,750000,true,0,0,true
baseline,seed-1,CONSV,1,50,0,0,0.35,0,1.105263157894737,1.05,3.1578947368421053,false,false,false,35000000,750000,true,0,0,true
baseline,seed-1,VAP,1,50,0,0,0.28,0,1.2941176470588236,1,3.882352941176471,false,false,false,22000000,750000,true,0,0,true
baseline,seed-1,MASS,2,50,2676.59,0.7826286549707603,0.25,669147.5,0.7083333333333334,1,2.125,true,true,true,15468454.740360655,750000,true,0,500000,false
baseline,seed-1,BAL,2,50,3935.21,0.9205169590643275,0.3,1180563,1,1,3,true,true,true,41575441.369690195,750000,true,500000,500000,true
baseline,seed-1,JPQ,2,50,2509.76,0.5870783625730994,0.33,828220.8,1.411764705882353,1,4.235294117647059,true,true,true,14494279.701722093,750000,true,0,500000,false
baseline,seed-1,CONSV,2,50,2128.14,0.6222631578947369,0.35,744849,1.105263157894737,1.05,3.1578947368421053,true,true,true,10878104.155727632,750000,true,0,500000,false
baseline,seed-1,VAP,2,50,5093.06,0.9927992202729046,0.28,1426056.8,1.2941176470588236,1,3.882352941176471,true,true,true,20033387.12761445,750000,true,0,500000,false
baseline,seed-1,MASS,3,50,0,0,0.25,0,0.7083333333333334,1,2.125,false,false,false,35625589.571447685,750000,true,0,0,true
baseline,seed-1,BAL,3,54,3739.1,0.8746432748538011,0.3,1121730,1,1,3,true,true,true,37696994.61150935,750000,true,500000,500000,true
baseline,seed-1,JPQ,3,50,3450.73,0.8071883040935672,0.33,1138740.9000000001,1.411764705882353,1,4.235294117647059,true,true,true,31399431.048429664,750000,true,500000,500000,true
baseline,seed-1,CONSV,3,50,2959.32,0.8652982456140351,0.35,1035761.9999999999,1.105263157894737,1.05,3.1578947368421053,true,true,true,35401753.643779255,750000,true,500000,500000,true
baseline,seed-1,VAP,3,50,0,0,0.28,0,1.2941176470588236,1,3.882352941176471,false,false,false,21896932.056760814,750000,true,0,0,true
baseline,seed-1,MASS,4,50,3394.35,0.9924999999999999,0.25,848587.5,0.7083333333333334,1,2.125,true,true,true,3490471.2971224375,750000,true,0,500000,false
baseline,seed-1,BAL,4,57.68,3524.84,0.8245239766081872,0.3,1057452,1,1,3,true,true,true,37334292.7655479,750000,true,500000,500000,true
baseline,seed-1,JPQ,4,54,3828.41,0.8955345029239766,0.33,1263375.3,1.411764705882353,1,4.235294117647059,true,true,true,26227345.465533257,750000,true,100000,500000,true
baseline,seed-1,CONSV,4,54,3188.75,0.9323830409356725,0.35,1116062.5,1.105263157894737,1.05,3.1578947368421053,true,true,true,33115180.779720627,750000,true,500000,500000,true
baseline,seed-1,VAP,4,50,4377.73,0.8533586744639375,0.28,1225764.4000000001,1.2941176470588236,1,3.882352941176471,true,true,true,16480261.547245102,750000,true,0,500000,false
baseline,seed-1,MASS,5,50,1750.02,0.5117017543859649,0.25,437505,0.7083333333333334,1,2.125,true,true,true,39090993.90254156,750000,true,500000,500000,true
baseline,seed-1,BAL,5,61.0656,3998.75,0.9353801169590643,0.3,1199625,1,1,3,true,true,true,33843127.61508909,750000,true,500000,500000,true
baseline,seed-1,JPQ,5,54.736,4238.66,0.9914994152046783,0.33,1398757.8,1.411764705882353,1,4.235294117647059,true,true,true,21660648.50750528,750000,true,0,500000,false
baseline,seed-1,CONSV,5,57.68,3390.59,0.9914005847953217,0.35,1186706.5,1.105263157894737,1.05,3.1578947368421053,true,true,true,35144280.65273447,750000,true,500000,500000,true
baseline,seed-1,VAP,5,50,5088.96,0.992,0.28,1424908.8,1.2941176470588236,1,3.882352941176471,true,true,true,26593052.415835768,750000,true,500000,500000,true
baseline,seed-1,MASS,6,54,3293.23,0.9629327485380117,0.25,823307.5,0.7083333333333334,1,2.125,true,true,true,0,750000,false,0,500000,false
baseline,seed-1,BAL,6,64.180352,4203.08,0.9831766081871345,0.3,1260924,1,1,3,true,true,true,17449738.33512728,750000,true,0,500000,false
baseline,seed-1,JPQ,6,54.45184,4239.52,0.9917005847953217,0.33,1399041.6,1.411764705882353,1,4.235294117647059,true,true,true,22323262.898848854,750000,true,0,500000,false
baseline,seed-1,CONSV,6,61.0656,3188.75,0.9323830409356725,0.35,1116062.5,1.105263157894737,1.05,3.1578947368421053,true,true,true,33767608.563269556,750000,true,500000,500000,true
baseline,seed-1,VAP,6,54,5090.5,0.9923001949317739,0.28,1425340.0000000002,1.2941176470588236,1,3.882352941176471,true,true,true,16534917.983662155,750000,true,0,500000,false
baseline,seed-1,MASS,7,53.76,1654.5,0.4837719298245614,0.25,413625,0.7083333333333334,1,2.125,true,true,true,28745445.79257623,750000,true,0,500000,false
baseline,seed-1,BAL,7,63.32953088,3753.88,0.8781005847953217,0.3,1126164,1,1,3,true,true,true,27520354.80403748,750000,true,500000,500000,true
baseline,seed-1,JPQ,7,54.1847296,4246.79,0.9934011695906433,0.33,1401440.7,1.411764705882353,1,4.235294117647059,true,true,true,12901135.658824548,750000,true,0,500000,false
baseline,seed-1,CONSV,7,64.180352,3194.86,0.9341695906432749,0.35,1118201,1.105263157894737,1.05,3.1578947368421053,true,true,true,14797125.228157926,750000,true,0,500000,false
baseline,seed-1,VAP,7,53.76,5089.99,0.9922007797270955,0.28,1425197.2000000002,1.2941176470588236,1,3.882352941176471,true,true,true,28707773.357633352,750000,true,500000,500000,true
baseline,seed-1,MASS,8,53.5344,2794.18,0.8170116959064327,0.25,698545,0.7083333333333334,1,2.125,true,true,true,0,750000,false,0,500000,false
baseline,seed-1,BAL,8,66.2631684096,4021.96,0.9408093567251462,0.3,1206588,1,1,3,true,true,true,40219592.28354831,750000,true,500000,500000,true
baseline,seed-1,JPQ,8,53.933645823999996,4254.05,0.9950994152046784,0.33,1403836.5,1.411764705882353,1,4.235294117647059,true,true,true,35687263.25097774,750000,true,500000,500000,true
baseline,seed-1,CONSV,8,63.32953088,3402.56,0.9949005847953216,0.35,1190896,1.105263157894737,1.05,3.1578947368421053,true,true,true,33024404.221317004,750000,true,500000,500000,true
baseline,seed-1,VAP,8,57.459199999999996,5089.99,0.9922007797270955,0.28,1425197.2000000002,1.2941176470588236,1,3.882352941176471,true,true,true,36223317.42562694,750000,true,500000,500000,true
baseline,seed-1,MASS,9,53.322336,1952.49,0.5709035087719299,0.25,488122.5,0.7083333333333334,1,2.125,true,true,true,26964949.020106383,750000,true,0,500000,false
baseline,seed-1,BAL,9,68.962114936832,4216.1,0.9862222222222223,0.3,1264830,1,1,3,true,true,true,37811083.763558745,750000,true,500000,500000,true
baseline,seed-1,JPQ,9,57.618954158079994,4254.05,0.9950994152046784,0.33,1403836.5,1.411764705882353,1,4.235294117647059,true,true,true,42959939.82432623,750000,true,500000,500000,true
baseline,seed-1,CONSV,9,66.2631684096,3178.37,0.9293479532163742,0.35,1112429.5,1.105263157894737,1.05,3.1578947368421053,true,true,true,37402323.17139805,750000,true,500000,500000,true
baseline,seed-1,VAP,9,60.862463999999996,5089.99,0.9922007797270955,0.28,1425197.2000000002,1.2941176470588236,1,3.882352941176471,true,true,true,30622715.162313648,750000,true,500000,500000,true
baseline,seed-1,MASS,10,53.12299584,2924.66,0.8551637426900585,0.25,731165,0.7083333333333334,1,2.125,true,true,true,0,750000,false,0,500000,false
baseline,seed-1,BAL,10,71.44514574188544,4058.45,0.949345029239766,0.3,1217535,1,1,3,true,true,true,46240101.4965283,750000,true,500000,500000,true
baseline,seed-1,JPQ,10,61.009437825433594,4254.91,0.9953005847953216,0.33,1404120.3,1.411764705882353,1,4.235294117647059,true,true,true,44472633.36742072,750000,true,500000,500000,true
baseline,seed-1,CONSV,10,68.962114936832,3389.09,0.932670106639147,0.35,1186181.5,1.105263157894737,1.05,3.1578947368421053,true,true,true,36727607.8978848,750000,true,500000,500000,true
baseline,seed-1,VAP,10,63.99346688,5089.99,0.9922007797270955,0.28,1425197.2000000002,1.2941176470588236,1,3.882352941176471,true,true,true,36143497.74577735,750000,true,500000,500000,true
baseline,seed-1,MASS,11,52.9356160896,2112.95,0.6178216374269005,0.25,528237.5,0.7083333333333334,1,2.125,true,true,true,29600996.417168938,750000,true,0,500000,false
baseline,seed-1,BAL,11,73.7295340825346,3522.4,0.823953216374269,0.3,1056720,1,1,3,true,true,true,29995583.52468891,750000,true,500000,500000,true
baseline,seed-1,JPQ,11,64.1286827993989,4255.34,0.9954011695906433,0.33,1404262.2,1.411764705882353,1,4.235294117647059,true,true,true,47734970.905937955,750000,true,500000,500000,true
baseline,seed-1,CONSV,11,71.44514574188544,3616.31,0.9952005503955969,0.35,1265708.5,1.105263157894737,1.05,3.1578947368421053,true,true,true,46053226.68658138,750000,true,500000,500000,true
baseline,seed-1,VAP,11,66.8739895296,5098.71,0.9939005847953216,0.28,1427638.8,1.2941176470588236,1,3.882352941176471,true,true,true,33889769.7090418,750000,true,500000,500000,true
baseline,seed-1,MASS,12,52.759479124224,3232.03,0.9450380116959065,0.25,808007.5,0.7083333333333334,1,2.125,true,true,true,0,750000,false,0,500000,false
baseline,seed-1,BAL,12,75.83117135593183,4163.87,0.9740046783625731,0.3,1249161,1,1,3,true,true,true,44266136.5440706,750000,true,500000,500000,true
baseline,seed-1,JPQ,12,66.99838817544699,4255.34,0.9954011695906433,0.33,1404262.2,1.411764705882353,1,4.235294117647059,true,true,true,46423602.91658374,750000,true,500000,500000,true
baseline,seed-1,CONSV,12,73.7295340825346,3430.95,0.9441898864809081,0.35,1200832.5,1.105263157894737,1.05,3.1578947368421053,true,true,true,36837451.9551748,750000,true,500000,500000,true
baseline,seed-1,VAP,12,69.524070367232,5106.4,0.9953996101364522,0.28,1429792.0000000002,1.2941176470588236,1,3.882352941176471,true,true,true,44476217.41132738,750000,true,500000,500000,true
baseline,seed-1,MASS,13,52.59391037677056,2768.32,0.8094502923976609,0.25,692080,0.7083333333333334,1,2.125,true,true,true,27222769.341051847,750000,true,0,500000,false
baseline,seed-1,BAL,13,77.76467764745729,4228.64,0.9891555555555557,0.3,1268592,1,1,3,true,true,true,41746462.98599518,750000,true,500000,500000,true
baseline,seed-1,JPQ,13,69.63851712141123,4255.34,0.9954011695906433,0.33,1404262.2,1.411764705882353,1,4.235294117647059,true,true,true,54872846.55807386,750000,true,500000,500000,true
baseline,seed-1,CONSV,13,75.83117135593183,3615.94,0.9950987272101823,0.35,1265579,1.105263157894737,1.05,3.1578947368421053,true,true,true,33292559.494176578,750000,true,500000,500000,true
baseline,seed-1,VAP,13,71.96214473785344,5106.4,0.9953996101364522,0.28,1429792.0000000002,1.2941176470588236,1,3.882352941176471,true,true,true,51954584.08880462,750000,true,500000,500000,true
baseline,seed-1,MASS,14,52.43827575416432,3307.55,0.9671198830409358,0.25,826887.5,0.7083333333333334,1,2.125,true,true,true,17250194.083031904,750000,true,0,500000,false
baseline,seed-1,BAL,14,79.54350343566071,4025.23,0.941574269005848,0.3,1207569,1,1,3,true,true,true,54954129.53784935,750000,true,500000,500000,true
baseline,seed-1,JPQ,14,72.06743575169833,4255.34,0.9480011138958507,0.33,1404262.2,1.411764705882353,1,4.235294117647059,true,true,true,65489891.56363599,750000,true,500000,500000,true
baseline,seed-1,CONSV,14,77.76467764745729,3617.03,0.9953986928104576,0.35,1265960.5,1.105263157894737,1.05,3.1578947368421053,true,true,true,41506914.751052536,750000,true,500000,500000,true
baseline,seed-1,VAP,14,74.20517315882516,5106.4,0.9555836257309941,0.28,1429792.0000000002,1.2941176470588236,1,3.882352941176471,true,true,true,61695957.02337143,750000,true,500000,500000,true
baseline,seed-1,MASS,15,52.29197920891446,2768.34,0.8094561403508772,0.25,692085,0.7083333333333334,1,2.125,true,true,true,21962381.591495357,750000,true,0,500000,false
baseline,seed-1,BAL,15,81.18002316080785,3752.23,0.8777146198830409,0.3,1125669,1,1,3,true,true,true,62614072.650129765,750000,true,500000,500000,true
baseline,seed-1,JPQ,15,74.30204089156246,4467.2,0.9951991088833194,0.33,1474176,1.411764705882353,1,4.235294117647059,true,true,true,74094636.6656124,750000,true,500000,500000,true
baseline,seed-1,CONSV,15,79.54350343566071,3617.03,0.9953986928104576,0.35,1265960.5,1.105263157894737,1.05,3.1578947368421053,true,true,true,53887733.53137389,750000,true,500000,500000,true
baseline,seed-1,VAP,15,76.26875930611915,5319.17,0.9954002339181287,0.28,1489367.6,1.2941176470588236,1,3.882352941176471,true,true,true,70319955.10566157,750000,true,500000,500000,true
baseline,seed-1,MASS,16,52.154460456379596,2387.75,0.6981725146198831,0.25,596937.5,0.7083333333333334,1,2.125,true,true,true,36478505.310133405,750000,true,500000,500000,true
baseline,seed-1,BAL,16,82.68562130794322,3707.49,0.8672491228070175,0.3,1112247,1,1,3,true,true,true,73726828.44777566,750000,true,500000,500000,true
baseline,seed-1,JPQ,16,76.35787762023746,4468.1,0.9953996101364523,0.33,1474473,1.411764705882353,1,4.235294117647059,true,true,true,85493944.72758865,750000,true,500000,500000,true
baseline,seed-1,CONSV,16,81.18002316080785,3511.51,0.9126731643924627,0.35,1229028.5,1.105263157894737,1.05,3.1578947368421053,true,true,true,69402638.83881065,750000,true,500000,500000,true
baseline,seed-1,VAP,16,78.16725856162962,5319.17,0.9954002339181287,0.28,1489367.6,1.2941176470588236,1,3.882352941176471,true,true,true,81598968.78429948,750000,true,500000,500000,true
baseline,seed-1,MASS,17,55.98210361986923,2439.94,0.7134327485380118,0.25,609985,0.7083333333333334,1,2.125,true,true,true,22733350.37111263,750000,true,0,500000,false
baseline,seed-1,BAL,17,84.07077160330776,3878.02,0.9071391812865497,0.3,1163406,1,1,3,true,true,true,96096196.713658,750000,true,500000,500000,true
baseline,seed-1,JPQ,17,78.24924741061847,4468.55,0.9954998607630187,0.33,1474621.5,1.411764705882353,1,4.235294117647059,true,true,true,97591132.34810695,750000,true,500000,500000,true
baseline,seed-1,CONSV,17,82.68562130794322,3600.79,0.9358778427550357,0.35,1260276.5,1.105263157894737,1.05,3.1578947368421053,true,true,true,84097024.80247132,750000,true,500000,500000,true
baseline,seed-1,VAP,17,79.91387787669925,5319.17,0.9954002339181287,0.28,1489367.6,1.2941176470588236,1,3.882352941176471,true,true,true,93133052.77637716,750000,true,500000,500000,true
baseline,seed-1,MASS,18,55.62317740267707,3011.98,0.8806959064327485,0.25,752995,0.7083333333333334,1,2.125,true,true,true,30632873.76068169,750000,true,0,500000,false
baseline,seed-1,BAL,18,85.34510987504314,3890.64,0.9100912280701754,0.3,1167192,1,1,3,true,true,true,115118157.34907493,750000,true,500000,500000,true
baseline,seed-1,JPQ,18,79.98930761776899,4468.55,0.9954998607630187,0.33,1474621.5,1.411764705882353,1,4.235294117647059,true,true,true,109177509.9478521,750000,true,500000,500000,true
baseline,seed-1,CONSV,18,84.07077160330776,3644.55,0.9472514619883041,0.35,1275592.5,1.105263157894737,1.05,3.1578947368421053,true,true,true,98067843.71260941,750000,true,500000,500000,true
baseline,seed-1,VAP,18,81.5207676465633,5319.17,0.9954002339181287,0.28,1489367.6,1.2941176470588236,1,3.882352941176471,true,true,true,104998694.58447424,750000,true,500000,500000,true
baseline,seed-1,MASS,19,55.28578675851645,3121.26,0.9126491228070176,0.25,780315,0.7083333333333334,1,2.125,true,true,true,27012132.67756098,750000,true,0,500000,false
baseline,seed-1,BAL,19,86.51750108503968,3897.31,0.911651461988304,0.3,1169193,1,1,3,true,true,true,134711762.3800713,750000,true,500000,500000,true
baseline,seed-1,JPQ,19,81.59016300834747,4468.55,0.9954998607630187,0.33,1474621.5,1.411764705882353,1,4.235294117647059,true,true,true,120727589.7820493,750000,true,500000,500000,true
baseline,seed-1,CONSV,19,85.34510987504314,3626.31,0.9425107212475633,0.35,1269208.5,1.105263157894737,1.05,3.1578947368421053,true,true,true,110921464.92509899,750000,true,500000,500000,true
baseline,seed-1,VAP,19,82.99910623483824,5319.17,0.9954002339181287,0.28,1489367.6,1.2941176470588236,1,3.882352941176471,true,true,true,117265464.87601113,750000,true,500000,500000,true
baseline,seed-1,MASS,20,54.96863955300547,3121.26,0.9126491228070176,0.25,780315,0.7083333333333334,1,2.125,true,true,true,28799183.90658982,750000,true,0,500000,false
baseline,seed-1,BAL,20,87.59610099823651,3905.94,0.9136701754385965,0.3,1171782,1,1,3,true,true,true,154215084.1547302,750000,true,500000,500000,true
baseline,seed-1,JPQ,20,83.06294996767967,4467.65,0.9500584795321637,0.33,1474324.5,1.411764705882353,1,4.235294117647059,true,true,true,135069691.9239547,750000,true,500000,500000,true
baseline,seed-1,CONSV,20,86.51750108503968,3637.39,0.9453905133203379,0.35,1273086.5,1.105263157894737,1.05,3.1578947368421053,true,true,true,125808715.9489851,750000,true,500000,500000,true
baseline,seed-1,VAP,20,84.35917773605118,5319.17,0.9571156095366622,0.28,1489367.6,1.2941176470588236,1,3.882352941176471,true,true,true,130261434.43817303,750000,true,500000,500000,true
baseline,seed-1,MASS,21,54.67052117982514,2989.26,0.8740526315789474,0.25,747315,0.7083333333333334,1,2.125,true,true,true,39586897.90484924,750000,true,500000,500000,true
baseline,seed-1,BAL,21,88.58841291837759,3904.37,0.9133029239766082,0.3,1171311,1,1,3,true,true,true,170120409.58603084,750000,true,500000,500000,true
baseline,seed-1,JPQ,21,84.4179139702653,4679.93,0.9952004253056885,0.33,1544376.9000000001,1.411764705882353,1,4.235294117647059,true,true,true,142511012.42655945,750000,true,500000,500000,true
baseline,seed-1,CONSV,21,87.59610099823651,3664.22,0.9523638726445743,0.35,1282477,1.105263157894737,1.05,3.1578947368421053,true,true,true,136572740.52753168,750000,true,500000,500000,true
baseline,seed-1,VAP,21,85.61044351716708,5530.82,0.9951992802519117,0.28,1548629.6,1.2941176470588236,1,3.882352941176471,true,true,true,136877502.9596354,750000,true,500000,500000,true
baseline,seed-1,MASS,22,58.29687948543913,2989.9,0.8742397660818714,0.25,747475,0.7083333333333334,1,2.125,true,true,true,41956188.80763311,750000,true,500000,500000,true
baseline,seed-1,BAL,22,89.50133988490738,3904.37,0.9133029239766082,0.3,1171311,1,1,3,true,true,true,197148236.90311304,750000,true,500000,500000,true
baseline,seed-1,JPQ,22,85.66448085264408,4680.4,0.9953003721424774,0.33,1544532,1.411764705882353,1,4.235294117647059,true,true,true,158127472.56812888,750000,true,500000,500000,true
baseline,seed-1,CONSV,22,88.58841291837759,3651.67,0.9491020142949967,0.35,1278084.5,1.105263157894737,1.05,3.1578947368421053,true,true,true,153607964.4357493,750000,true,500000,500000,true
baseline,seed-1,VAP,22,86.76160803579371,5531.94,0.9954008097165992,0.28,1548943.2000000002,1.2941176470588236,1,3.882352941176471,true,true,true,150104591.57780892,750000,true,500000,500000,true
baseline,seed-1,MASS,23,61.633129126604,2989.9,0.8742397660818714,0.25,747475,0.7083333333333334,1,2.125,true,true,true,51711111.89859527,750000,true,500000,500000,true
baseline,seed-1,BAL,23,90.3412326941148,3904.37,0.9133029239766082,0.3,1171311,1,1,3,true,true,true,219669582.3333795,750000,true,0,500000,false
baseline,seed-1,JPQ,23,86.81132238443254,4681.34,0.9955002658160553,0.33,1544842.2000000002,1.411764705882353,1,4.235294117647059,true,true,true,171592898.01657644,750000,true,500000,500000,true
baseline,seed-1,CONSV,23,89.50133988490738,3613.99,0.9393086419753086,0.35,1264896.5,1.105263157894737,1.05,3.1578947368421053,true,true,true,169361057.72195804,750000,true,500000,500000,true
baseline,seed-1,VAP,23,87.82067939293022,5531.94,0.9954008097165992,0.28,1548943.2000000002,1.2941176470588236,1,3.882352941176471,true,true,true,163622024.03831065,750000,true,500000,500000,true
baseline,seed-1,MASS,24,64.70247879647567,2989.9,0.8742397660818714,0.25,747475,0.7083333333333334,1,2.125,true,true,true,44187311.011063896,750000,true,500000,500000,true
baseline,seed-1,BAL,24,87.9207587324679,3904.37,0.9133029239766082,0.3,1171311,1,1,3,true,true,true,242232153.61384308,750000,true,500000,500000,true
baseline,seed-1,JPQ,24,87.86641659367794,4681.34,0.9955002658160553,0.33,1544842.2000000002,1.411764705882353,1,4.235294117647059,true,true,true,188808700.27586603,750000,true,500000,500000,true
baseline,seed-1,CONSV,24,90.3412326941148,3770.84,0.9800753736192334,0.35,1319794,1.105263157894737,1.05,3.1578947368421053,true,true,true,184767342.68526193,750000,true,0,500000,false
baseline,seed-1,VAP,24,88.7950250414958,5531.94,0.9954008097165992,0.28,1548943.2000000002,1.2941176470588236,1,3.882352941176471,true,true,true,179421532.36917448,750000,true,500000,500000,true
baseline,seed-1,MASS,25,67.52628049275762,2989.9,0.8742397660818714,0.25,747475,0.7083333333333334,1,2.125,true,true,true,46168768.32170922,750000,true,500000,500000,true
baseline,seed-1,BAL,25,88.88709803387047,3904.37,0.9133029239766082,0.3,1171311,1,1,3,true,true,true,255809810.28992462,750000,true,500000,500000,true
baseline,seed-1,JPQ,25,88.8371032661837,4680.4,0.9953003721424774,0.33,1544532,1.411764705882353,1,4.235294117647059,true,true,true,204563759.1243584,750000,true,500000,500000,true
baseline,seed-1,CONSV,25,87.9207587324679,3829.42,0.9953008447043535,0.35,1340297,1.105263157894737,1.05,3.1578947368421053,true,true,true,199329000.17313918,750000,true,500000,500000,true
baseline,seed-1,VAP,25,89.69142303817614,5531.94,0.9954008097165992,0.28,1548943.2000000002,1.2941176470588236,1,3.882352941176471,true,true,true,193825910.82923794,750000,true,500000,500000,true
baseline,seed-1,MASS,26,70.124178053337,2600.79,0.7604649122807018,0.25,650197.5,0.7083333333333334,1,2.125,true,true,true,39018273.29018033,750000,true,500000,500000,true
baseline,seed-1,BAL,26,89.77613019116083,3904.37,0.9133029239766082,0.3,1171311,1,1,3,true,true,true,274539962.3796403,750000,true,500000,500000,true
baseline,seed-1,JPQ,26,89.73013500488901,4680.4,0.9520264429188914,0.33,1544532,1.411764705882353,1,4.235294117647059,true,true,true,221936372.32219192,750000,true,500000,500000,true
baseline,seed-1,CONSV,26,88.88709803387047,3810.17,0.9902975958414555,0.35,1333559.5,1.105263157894737,1.05,3.1578947368421053,true,true,true,216514275.55718458,750000,true,500000,500000,true
baseline,seed-1,VAP,26,90.51610919512206,5531.94,0.9585341130604288,0.28,1548943.2000000002,1.2941176470588236,1,3.882352941176471,true,true,true,209958343.93387735,750000,true,0,500000,false
baseline,seed-1,MASS,27,72.51424380907004,3220.38,0.5380751879699248,0.25,805095,0.7083333333333334,1,2.125,true,true,true,49544354.77525045,750000,true,500000,500000,true
baseline,seed-1,BAL,27,90.59403977586797,3904.37,0.9133029239766082,0.3,1171311,1,1,3,true,true,true,287136299.38424486,750000,true,0,500000,false
baseline,seed-1,JPQ,27,90.55172420449789,4892.65,0.9951995931858632,0.33,1614574.5,1.411764705882353,1,4.235294117647059,true,true,true,235473568.85955212,750000,true,0,500000,false
baseline,seed-1,CONSV,27,89.77613019116083,3765.58,0.9787082521117608,0.35,1317953,1.105263157894737,1.05,3.1578947368421053,true,true,true,232697150.6218037,750000,true,500000,500000,true
baseline,seed-1,VAP,27,88.08514264341473,5743.55,0.9952003465453758,0.28,1608194.0000000002,1.2941176470588236,1,3.882352941176471,true,true,true,223565556.89126447,750000,true,500000,500000,true
baseline,seed-1,MASS,28,74.71310430434444,2559.02,0.3521183350533196,0.25,639755,0.7083333333333334,1,2.125,true,true,true,42216133.80124734,750000,true,0,500000,false
baseline,seed-1,BAL,28,88.1583973893159,3904.37,0.5708143274853801,0.3,1171311,1,1,3,true,true,true,308273662.65248644,750000,true,500000,500000,true
baseline,seed-1,JPQ,28,88.11862075222801,4893.64,0.995400966183575,0.33,1614901.2000000002,1.411764705882353,1,4.235294117647059,true,true,true,252658112.7352383,750000,true,500000,500000,true
baseline,seed-1,CONSV,28,90.59403977586797,3766.36,0.9789109811565953,0.35,1318226,1.105263157894737,1.05,3.1578947368421053,true,true,true,251503340.7118747,750000,true,0,500000,false
baseline,seed-1,VAP,28,89.03833123194156,5744.7,0.9953996101364522,0.28,1608516.0000000002,1.2941176470588236,1,3.882352941176471,true,true,true,238864833.87144753,750000,true,500000,500000,true
baseline,seed-1,MASS,29,73.23031804608377,3513.9400000000005,0.410987134502924,0.25,878485.0000000001,0.7083333333333334,1,2.125,true,true,true,53946187.92583322,750000,true,0,500000,false
baseline,seed-1,BAL,29,89.10572559817062,5235.6,0.6445798707294552,0.3,1570680,1,1,3,true,true,true,294080934.9065701,750000,true,500000,500000,true
baseline,seed-1,JPQ,29,89.06913109204977,4894.13,0.9955006356470888,0.33,1615062.9000000001,1.411764705882353,1,4.235294117647059,true,true,true,267158406.26249138,750000,true,500000,500000,true
baseline,seed-1,CONSV,29,88.1583973893159,3792.28,0.9856478232618584,0.35,1327298,1.105263157894737,1.05,3.1578947368421053,true,true,true,267036922.35586965,750000,true,500000,500000,true
baseline,seed-1,VAP,29,89.91526473338624,5744.7,0.9953996101364522,0.28,1608516.0000000002,1.2941176470588236,1,3.882352941176471,true,true,true,252723359.0918358,750000,true,500000,500000,true
baseline,seed-1,MASS,30,71.83649896331875,5939.13,0.6946350877192983,0.25,1484782.5,0.7083333333333334,1,2.125,true,true,true,64344002.26495765,750000,true,500000,500000,true
baseline,seed-1,BAL,30,89.97726755031697,6258.09,0.6654003189792663,0.3,1877427,1,1,3,true,true,true,284647163.5627654,750000,true,500000,500000,true
baseline,seed-1,JPQ,30,89.9436006046858,4894.13,0.9955006356470888,0.33,1615062.9000000001,1.411764705882353,1,4.235294117647059,true,true,true,280755463.66998893,750000,true,500000,500000,true
baseline,seed-1,CONSV,30,89.10572559817062,3800.36,0.9877478882391163,0.35,1330126,1.105263157894737,1.05,3.1578947368421053,true,true,true,280505445.1910784,750000,true,500000,500000,true
baseline,seed-1,VAP,30,90.72204355471534,5744.7,0.9953996101364522,0.28,1608516.0000000002,1.2941176470588236,1,3.882352941176471,true,true,true,265306126.49643308,750000,true,0,500000,false
baseline,seed-1,MASS,31,74.08957904625325,4068.06,0.47579649122807016,0.25,1017015,0.7083333333333334,1,2.125,true,true,true,64285431.327722706,750000,true,0,500000,false
baseline,seed-1,BAL,31,90.7790861462916,6936.11,0.737491759702286,0.3,2080833,1,1,3,true,true,true,295437771.9002181,750000,true,0,500000,false
baseline,seed-1,JPQ,31,90.74811255631093,4893.14,0.9952992626493772,0.33,1614736.2000000002,1.411764705882353,1,4.235294117647059,true,true,true,293040786.2444257,750000,true,0,500000,false
baseline,seed-1,CONSV,31,89.97726755031697,3787,0.9842755035737492,0.35,1325450,1.105263157894737,1.05,3.1578947368421053,true,true,true,298915629.5749937,750000,true,500000,500000,true
baseline,seed-1,VAP,31,88.27872094143243,5744.7,0.9953996101364522,0.28,1608516.0000000002,1.2941176470588236,1,3.882352941176471,true,true,true,282946692.9781919,750000,true,500000,500000,true
baseline,seed-1,MASS,32,72.64420430347805,4890.219999999999,0.5719555555555554,0.25,1222554.9999999998,0.7083333333333334,1,2.125,true,true,true,89604776.60943581,750000,true,500000,500000,true
baseline,seed-1,BAL,32,88.33234097751411,7043.700000000001,0.7489314194577353,0.3,2113110,1,1,3,true,true,true,292153845.9871461,750000,true,500000,500000,true
baseline,seed-1,JPQ,32,88.30322580293227,4893.14,0.9538284600389865,0.33,1614736.2000000002,1.411764705882353,1,4.235294117647059,true,true,true,304218717.42367095,750000,true,500000,500000,true
baseline,seed-1,CONSV,32,90.7790861462916,3775.25,0.9812215724496426,0.35,1321337.5,1.105263157894737,1.05,3.1578947368421053,true,true,true,315546491.72322744,750000,true,0,500000,false
baseline,seed-1,VAP,32,89.21642326611783,5744.7,0.9598496240601504,0.28,1608516.0000000002,1.2941176470588236,1,3.882352941176471,true,true,true,299951587.0611967,750000,true,500000,500000,true
baseline,seed-2,MASS,1,50,0,0,0.25,0,0.7083333333333334,1,2.125,false,false,false,30000000,750000,true,0,0,true
baseline,seed-2,BAL,1,50,0,0,0.3,0,1,1,3,false,false,false,30000000,750000,true,0,0,true
baseline,seed-2,JPQ,1,50,0,0,0.33,0,1.411764705882353,1,4.235294117647059,false,false,false,25000000,750000,true,0,0,true
baseline,seed-2,CONSV,1,50,0,0,0.35,0,1.105263157894737,1.05,3.1578947368421053,false,false,false,35000000,750000,true,0,0,true
baseline,seed-2,VAP,1,50,0,0,0.28,0,1.2941176470588236,1,3.882352941176471,false,false,false,22000000,750000,true,0,0,true
baseline,seed-2,MASS,2,50,2676.59,0.7826286549707603,0.25,669147.5,0.7083333333333334,1,2.125,true,true,true,14530663.532499146,750000,true,0,500000,false
baseline,seed-2,BAL,2,50,3935.21,0.9205169590643275,0.3,1180563,1,1,3,true,true,true,41575441.369690195,750000,true,500000,500000,true
baseline,seed-2,JPQ,2,50,2509.76,0.5870783625730994,0.33,828220.8,1.411764705882353,1,4.235294117647059,true,true,true,14494279.701722093,750000,true,0,500000,false
baseline,seed-2,CONSV,2,50,2128.14,0.6222631578947369,0.35,744849,1.105263157894737,1.05,3.1578947368421053,true,true,true,10878104.155727632,750000,true,0,500000,false
baseline,seed-2,VAP,2,50,5093.06,0.9927992202729046,0.28,1426056.8,1.2941176470588236,1,3.882352941176471,true,true,true,20033387.12761445,750000,true,0,500000,false
baseline,seed-2,MASS,3,50,0,0,0.25,0,0.7083333333333334,1,2.125,false,false,false,39649901.19417107,750000,true,0,0,true
baseline,seed-2,BAL,3,54,3739.1,0.8746432748538011,0.3,1121730,1,1,3,true,true,true,36801895.72893275,750000,true,500000,500000,true
baseline,seed-2,JPQ,3,50,3797.33,0.8882643274853801,0.33,1253118.9000000001,1.411764705882353,1,4.235294117647059,true,true,true,30169095.107990433,750000,true,500000,500000,true
baseline,seed-2,CONSV,3,50,2959.32,0.8652982456140351,0.35,1035761.9999999999,1.105263157894737,1.05,3.1578947368421053,true,true,true,34549978.19227211,750000,true,500000,500000,true
baseline,seed-2,VAP,3,50,0,0,0.28,0,1.2941176470588236,1,3.882352941176471,false,false,false,21336942.761358146,750000,true,0,0,true
baseline,seed-2,MASS,4,50,3394.35,0.9924999999999999,0.25,848587.5,0.7083333333333334,1,2.125,true,true,true,5241360.296290427,750000,true,0,500000,false
baseline,seed-2,BAL,4,57.68,3234.87,0.7566947368421052,0.3,970461,1,1,3,true,true,true,36750810.49227026,750000,true,500000,500000,true
baseline,seed-2,JPQ,4,54,4070.67,0.9522035087719298,0.33,1343321.1,1.411764705882353,1,4.235294117647059,true,true,true,25031048.941229116,750000,true,0,500000,false
baseline,seed-2,CONSV,4,54,3188.75,0.9323830409356725,0.35,1116062.5,1.105263157894737,1.05,3.1578947368421053,true,true,true,32260339.571586482,750000,true,500000,500000,true
baseline,seed-2,VAP,4,50,4311.72,0.8404912280701755,0.28,1207281.6,1.2941176470588236,1,3.882352941176471,true,true,true,17024937.343622975,750000,true,0,500000,false
baseline,seed-2,MASS,5,50,1853.62,0.5419941520467836,0.25,463405,0.7083333333333334,1,2.125,true,true,true,40425007.11332206,750000,true,500000,500000,true
baseline,seed-2,BAL,5,61.0656,4225.32,0.988378947368421,0.3,1267596,1,1,3,true,true,true,41202123.485918626,750000,true,500000,500000,true
baseline,seed-2,JPQ,5,53.76,4087.23,0.9560771929824562,0.33,1348785.9000000001,1.411764705882353,1,4.235294117647059,true,true,true,25828833.022373367,750000,true,0,500000,false
baseline,seed-2,CONSV,5,57.68,3341,0.9769005847953216,0.35,1169350,1.105263157894737,1.05,3.1578947368421053,true,true,true,36081250.53076267,750000,true,500000,500000,true
baseline,seed-2,VAP,5,50,5088.96,0.992,0.28,1424908.8,1.2941176470588236,1,3.882352941176471,true,true,true,27971598.764597107,750000,true,500000,500000,true
baseline,seed-2,MASS,6,54,3352.37,0.9802251461988304,0.25,838092.5,0.7083333333333334,1,2.125,true,true,true,0,750000,false,0,500000,false
baseline,seed-2,BAL,6,64.180352,4242.08,0.9922994152046783,0.3,1272624,1,1,3,true,true,true,17568148.55421989,750000,true,0,500000,false
baseline,seed-2,JPQ,6,53.5344,4239.95,0.9918011695906432,0.33,1399183.5,1.411764705882353,1,4.235294117647059,true,true,true,24841176.610146172,750000,true,0,500000,false
baseline,seed-2,CONSV,6,61.0656,3188.75,0.9323830409356725,0.35,1116062.5,1.105263157894737,1.05,3.1578947368421053,true,true,true,35418792.971406125,750000,true,500000,500000,true
baseline,seed-2,VAP,6,54,5090.5,0.9923001949317739,0.28,1425340.0000000002,1.2941176470588236,1,3.882352941176471,true,true,true,18005202.60521823,750000,true,0,500000,false
baseline,seed-2,MASS,7,53.76,1890.74,0.5528479532163743,0.25,472685,0.7083333333333334,1,2.125,true,true,true,31864939.897132285,750000,true,500000,500000,true
baseline,seed-2,BAL,7,63.32953088,4229.92,0.9894549707602339,0.3,1268976,1,1,3,true,true,true,29032780.198235154,750000,true,500000,500000,true
baseline,seed-2,JPQ,7,53.322336,4247.21,0.9934994152046783,0.33,1401579.3,1.411764705882353,1,4.235294117647059,true,true,true,12487049.723681595,750000,true,0,500000,false
baseline,seed-2,CONSV,7,64.180352,3194.86,0.9341695906432749,0.35,1118201,1.105263157894737,1.05,3.1578947368421053,true,true,true,17925349.368235115,750000,true,0,500000,false
baseline,seed-2,VAP,7,53.76,5089.99,0.9922007797270955,0.28,1425197.2000000002,1.2941176470588236,1,3.882352941176471,true,true,true,28762081.644458383,750000,true,500000,500000,true
baseline,seed-2,MASS,8,57.459199999999996,3176.3,0.9287426900584795,0.25,794075,0.7083333333333334,1,2.125,true,true,true,0,750000,false,0,500000,false
baseline,seed-2,BAL,8,66.2631684096,3715.98,0.8692350877192982,0.3,1114794,1,1,3,true,true,true,30732182.630192112,750000,true,500000,500000,true
baseline,seed-2,JPQ,8,53.12299584,4253.63,0.9950011695906433,0.33,1403697.9000000001,1.411764705882353,1,4.235294117647059,true,true,true,37604462.98423053,750000,true,500000,500000,true
baseline,seed-2,CONSV,8,63.32953088,3402.56,0.9949005847953216,0.35,1190896,1.105263157894737,1.05,3.1578947368421053,true,true,true,32818627.04352063,750000,true,500000,500000,true
baseline,seed-2,VAP,8,57.459199999999996,5089.99,0.9922007797270955,0.28,1425197.2000000002,1.2941176470588236,1,3.882352941176471,true,true,true,36765178.94766627,750000,true,500000,500000,true
baseline,seed-2,MASS,9,57.011647999999994,0,0,0.25,0,0.7083333333333334,1,2.125,false,false,false,35556903.428302824,750000,true,0,0,true
baseline,seed-2,BAL,9,68.962114936832,3932.06,0.9197801169590644,0.3,1179618,1,1,3,true,true,true,40166837.853547335,750000,true,500000,500000,true
baseline,seed-2,JPQ,9,56.8731561728,4253.63,0.9950011695906433,0.33,1403697.9000000001,1.411764705882353,1,4.235294117647059,true,true,true,44207159.12559582,750000,true,500000,500000,true
baseline,seed-2,CONSV,9,66.2631684096,3257.09,0.9523654970760235,0.35,1139981.5,1.105263157894737,1.05,3.1578947368421053,true,true,true,36677457.25884666,750000,true,500000,500000,true
baseline,seed-2,VAP,9,60.862463999999996,5098.71,0.9939005847953216,0.28,1427638.8,1.2941176470588236,1,3.882352941176471,true,true,true,30893920.88751878,750000,true,500000,500000,true
baseline,seed-2,MASS,10,56.59094911999999,3394.01,0.9924005847953217,0.25,848502.5,0.7083333333333334,1,2.125,true,true,true,0,750000,false,0,500000,false
baseline,seed-2,BAL,10,71.44514574188544,4188.83,0.9798432748538012,0.3,1256649,1,1,3,true,true,true,42820735.94215213,750000,true,500000,500000,true
baseline,seed-2,JPQ,10,60.323303678976,4254.05,0.9950994152046784,0.33,1403836.5,1.411764705882353,1,4.235294117647059,true,true,true,50723280.859650165,750000,true,500000,500000,true
baseline,seed-2,CONSV,10,68.962114936832,3403.24,0.9950994152046783,0.35,1191134,1.105263157894737,1.05,3.1578947368421053,true,true,true,38436102.973231256,750000,true,500000,500000,true
baseline,seed-2,VAP,10,63.99346688,5106.4,0.9953996101364522,0.28,1429792.0000000002,1.2941176470588236,1,3.882352941176471,true,true,true,36785010.03947636,750000,true,500000,500000,true
baseline,seed-2,MASS,11,56.19549217279999,3393.67,0.9923011695906433,0.25,848417.5,0.7083333333333334,1,2.125,true,true,true,27520713.196457397,750000,true,0,500000,false
baseline,seed-2,BAL,11,73.7295340825346,4046.4,0.9465263157894737,0.3,1213920,1,1,3,true,true,true,42366903.90490558,750000,true,500000,500000,true
baseline,seed-2,JPQ,11,63.49743938465792,4253.63,0.9950011695906433,0.33,1403697.9000000001,1.411764705882353,1,4.235294117647059,true,true,true,58639090.92447407,750000,true,500000,500000,true
baseline,seed-2,CONSV,11,71.44514574188544,3403.93,0.9367540419676642,0.35,1191375.5,1.105263157894737,1.05,3.1578947368421053,true,true,true,48429843.642907165,750000,true,500000,500000,true
baseline,seed-2,VAP,11,66.8739895296,5106.4,0.9953996101364522,0.28,1429792.0000000002,1.2941176470588236,1,3.882352941176471,true,true,true,36496281.61560035,750000,true,500000,500000,true
baseline,seed-2,MASS,12,55.82376264243199,3394.01,0.9924005847953217,0.25,848502.5,0.7083333333333334,1,2.125,true,true,true,26437728.664330326,750000,true,0,500000,false
baseline,seed-2,BAL,12,75.83117135593183,3613.02,0.8451508771929824,0.3,1083906,1,1,3,true,true,true,37852517.99634882,750000,true,500000,500000,true
baseline,seed-2,JPQ,12,66.41764423388528,4253.63,0.9950011695906433,0.33,1403697.9000000001,1.411764705882353,1,4.235294117647059,true,true,true,51359027.371956706,750000,true,500000,500000,true
baseline,seed-2,CONSV,12,73.7295340825346,3386.71,0.9320151358789129,0.35,1185348.5,1.105263157894737,1.05,3.1578947368421053,true,true,true,42005710.52258858,750000,true,500000,500000,true
baseline,seed-2,VAP,12,69.524070367232,5106.4,0.9953996101364522,0.28,1429792.0000000002,1.2941176470588236,1,3.882352941176471,true,true,true,46163311.84625623,750000,true,500000,500000,true
baseline,seed-2,MASS,13,55.47433688388607,2909.22,0.8506491228070174,0.25,727305,0.7083333333333334,1,2.125,true,true,true,14807334.83710012,750000,true,0,500000,false
baseline,seed-2,BAL,13,77.76467764745729,4204.99,0.9836233918128654,0.3,1261497,1,1,3,true,true,true,49399411.89479956,750000,true,500000,500000,true
baseline,seed-2,JPQ,13,69.10423269517446,4068.48,0.9516912280701755,0.33,1342598.4000000001,1.411764705882353,1,4.235294117647059,true,true,true,61766597.84892477,750000,true,500000,500000,true
baseline,seed-2,CONSV,13,75.83117135593183,3602.43,0.9913808049535603,0.35,1260850.5,1.105263157894737,1.05,3.1578947368421053,true,true,true,38972752.90568332,750000,true,500000,500000,true
baseline,seed-2,VAP,13,71.96214473785344,5106.4,0.9953996101364522,0.28,1429792.0000000002,1.2941176470588236,1,3.882352941176471,true,true,true,54506952.24217793,750000,true,500000,500000,true
baseline,seed-2,MASS,14,55.1458766708529,2184.02,0.6386023391812865,0.25,546005,0.7083333333333334,1,2.125,true,true,true,35636966.131012276,750000,true,500000,500000,true
baseline,seed-2,BAL,14,79.54350343566071,4154.81,0.9718853801169591,0.3,1246443,1,1,3,true,true,true,52633178.96640174,750000,true,500000,500000,true
baseline,seed-2,JPQ,14,71.5758940795605,4254.48,0.9478095238095237,0.33,1403978.4000000001,1.411764705882353,1,4.235294117647059,true,true,true,66412116.33242275,750000,true,500000,500000,true
baseline,seed-2,CONSV,14,77.76467764745729,3616.67,0.9952996216030272,0.35,1265834.5,1.105263157894737,1.05,3.1578947368421053,true,true,true,45679053.12759257,750000,true,500000,500000,true
baseline,seed-2,VAP,14,74.20517315882516,5106.4,0.9555836257309941,0.28,1429792.0000000002,1.2941176470588236,1,3.882352941176471,true,true,true,64374285.64818062,750000,true,500000,500000,true
baseline,seed-2,MASS,15,58.73420653718467,2542.4,0.743391812865497,0.25,635600,0.7083333333333334,1,2.125,true,true,true,25728257.935044043,750000,true,0,500000,false
baseline,seed-2,BAL,15,81.18002316080785,3905.09,0.9134713450292398,0.3,1171527,1,1,3,true,true,true,67570648.91518776,750000,true,500000,500000,true
baseline,seed-2,JPQ,15,73.84982255319566,4467.2,0.9951991088833194,0.33,1474176,1.411764705882353,1,4.235294117647059,true,true,true,74490554.70038594,750000,true,500000,500000,true
baseline,seed-2,CONSV,15,79.54350343566071,3617.03,0.9953986928104576,0.35,1265960.5,1.105263157894737,1.05,3.1578947368421053,true,true,true,58376583.47974845,750000,true,500000,500000,true
baseline,seed-2,VAP,15,76.26875930611915,5319.17,0.9954002339181287,0.28,1489367.6,1.2941176470588236,1,3.882352941176471,true,true,true,73997027.65148383,750000,true,500000,500000,true
baseline,seed-2,MASS,16,58.21015414495359,3215.66,0.940251461988304,0.25,803915,0.7083333333333334,1,2.125,true,true,true,30785717.48744639,750000,true,0,500000,false
baseline,seed-2,BAL,16,82.68562130794322,3837.93,0.8977614035087719,0.3,1151379,1,1,3,true,true,true,75051529.1318533,750000,true,500000,500000,true
baseline,seed-2,JPQ,16,75.94183674894,4466.76,0.9951010860484545,0.33,1474030.8,1.411764705882353,1,4.235294117647059,true,true,true,76581299.23393103,750000,true,500000,500000,true
baseline,seed-2,CONSV,16,81.18002316080785,3617.03,0.9953986928104576,0.35,1265960.5,1.105263157894737,1.05,3.1578947368421053,true,true,true,74605092.6056597,750000,true,500000,500000,true
baseline,seed-2,VAP,16,78.16725856162962,5319.17,0.9954002339181287,0.28,1489367.6,1.2941176470588236,1,3.882352941176471,true,true,true,86276004.19708897,750000,true,500000,500000,true
baseline,seed-2,MASS,17,57.71754489625638,3140.16,0.9181754385964912,0.25,785040,0.7083333333333334,1,2.125,true,true,true,38571031.745901644,750000,true,500000,500000,true
baseline,seed-2,BAL,17,84.07077160330776,3809.91,0.8912070175438597,0.3,1142973,1,1,3,true,true,true,92606213.03554092,750000,true,500000,500000,true
baseline,seed-2,JPQ,17,77.8664898090248,4467.2,0.9951991088833194,0.33,1474176,1.411764705882353,1,4.235294117647059,true,true,true,85585067.21220818,750000,true,500000,500000,true
baseline,seed-2,CONSV,17,82.68562130794322,3511.47,0.9126627680311891,0.35,1229014.5,1.105263157894737,1.05,3.1578947368421053,true,true,true,87761483.7832713,750000,true,500000,500000,true
baseline,seed-2,VAP,17,79.91387787669925,5319.17,0.9954002339181287,0.28,1489367.6,1.2941176470588236,1,3.882352941176471,true,true,true,96336351.65886259,750000,true,500000,500000,true
baseline,seed-2,MASS,18,61.10014130455587,3114.27,0.9106052631578947,0.25,778567.5,0.7083333333333334,1,2.125,true,true,true,27487761.25500677,750000,true,0,500000,false
baseline,seed-2,BAL,18,85.34510987504314,3929.71,0.9192304093567252,0.3,1178913,1,1,3,true,true,true,110575711.42096287,750000,true,500000,500000,true
baseline,seed-2,JPQ,18,79.63717062430281,4468.1,0.9953996101364523,0.33,1474473,1.411764705882353,1,4.235294117647059,true,true,true,94495261.96976538,750000,true,500000,500000,true
baseline,seed-2,CONSV,18,84.07077160330776,3631.12,0.9437608836907082,0.35,1270892,1.105263157894737,1.05,3.1578947368421053,true,true,true,100330863.23145111,750000,true,500000,500000,true
baseline,seed-2,VAP,18,81.5207676465633,5319.17,0.9954002339181287,0.28,1489367.6,1.2941176470588236,1,3.882352941176471,true,true,true,107662699.35484175,750000,true,500000,500000,true
baseline,seed-2,MASS,19,60.434132826282514,3040.74,0.8891052631578946,0.25,760185,0.7083333333333334,1,2.125,true,true,true,39240298.173998274,750000,true,500000,500000,true
baseline,seed-2,BAL,19,86.51750108503968,3955.26,0.9252070175438597,0.3,1186578,1,1,3,true,true,true,126332193.81605999,750000,true,500000,500000,true
baseline,seed-2,JPQ,19,81.26619697435859,4468.1,0.9953996101364523,0.33,1474473,1.411764705882353,1,4.235294117647059,true,true,true,104687126.31892154,750000,true,500000,500000,true
baseline,seed-2,CONSV,19,85.34510987504314,3653.51,0.9495802469135803,0.35,1278728.5,1.105263157894737,1.05,3.1578947368421053,true,true,true,112497560.8866548,750000,true,500000,500000,true
baseline,seed-2,VAP,19,82.99910623483824,5319.17,0.9954002339181287,0.28,1489367.6,1.2941176470588236,1,3.882352941176471,true,true,true,119112700.85425545,750000,true,500000,500000,true
baseline,seed-2,MASS,20,63.59940220017991,3049.42,0.8916432748538012,0.25,762355,0.7083333333333334,1,2.125,true,true,true,42156651.268865064,750000,true,500000,500000,true
baseline,seed-2,BAL,20,87.59610099823651,3946.61,0.9231836257309942,0.3,1183983,1,1,3,true,true,true,146992835.45325235,750000,true,500000,500000,true
baseline,seed-2,JPQ,20,82.76490121640991,4468.1,0.9501541733120681,0.33,1474473,1.411764705882353,1,4.235294117647059,true,true,true,118179213.17516275,750000,true,500000,500000,true
baseline,seed-2,CONSV,20,86.51750108503968,3647.29,0.9479636127355425,0.35,1276551.5,1.105263157894737,1.05,3.1578947368421053,true,true,true,127383022.57774955,750000,true,500000,500000,true
baseline,seed-2,VAP,20,84.35917773605118,5319.17,0.9571156095366622,0.28,1489367.6,1.2941176470588236,1,3.882352941176471,true,true,true,132259168.416474,750000,true,500000,500000,true
baseline,seed-2,MASS,21,66.51145002416551,3049.42,0.8916432748538012,0.25,762355,0.7083333333333334,1,2.125,true,true,true,51046358.04249202,750000,true,500000,500000,true
baseline,seed-2,BAL,21,88.58841291837759,3946.61,0.9231836257309942,0.3,1183983,1,1,3,true,true,true,165624767.41890043,750000,true,500000,500000,true
baseline,seed-2,JPQ,21,84.14370911909711,4680.87,0.9954003189792663,0.33,1544687.1,1.411764705882353,1,4.235294117647059,true,true,true,126012360.09083244,750000,true,500000,500000,true
baseline,seed-2,CONSV,21,87.59610099823651,3651.53,0.9490656270305393,0.35,1278035.5,1.105263157894737,1.05,3.1578947368421053,true,true,true,140495207.92635185,750000,true,500000,500000,true
baseline,seed-2,VAP,21,85.61044351716708,5530.82,0.9951992802519117,0.28,1548629.6,1.2941176470588236,1,3.882352941176471,true,true,true,140548517.29731476,750000,true,500000,500000,true
baseline,seed-2,MASS,22,69.19053402223227,2976.36,0.870280701754386,0.25,744090,0.7083333333333334,1,2.125,true,true,true,51432063.0997538,750000,true,500000,500000,true
baseline,seed-2,BAL,22,89.50133988490738,3946.61,0.9231836257309942,0.3,1183983,1,1,3,true,true,true,188409910.5926973,750000,true,500000,500000,true
baseline,seed-2,JPQ,22,85.41221238956935,4681.34,0.9955002658160553,0.33,1544842.2000000002,1.411764705882353,1,4.235294117647059,true,true,true,142649437.3473132,750000,true,500000,500000,true
baseline,seed-2,CONSV,22,88.58841291837759,3638.74,0.9457413905133203,0.35,1273559,1.105263157894737,1.05,3.1578947368421053,true,true,true,156754120.7327484,750000,true,500000,500000,true
baseline,seed-2,VAP,22,86.76160803579371,5531.94,0.9954008097165992,0.28,1548943.2000000002,1.2941176470588236,1,3.882352941176471,true,true,true,153678325.45678094,750000,true,500000,500000,true
baseline,seed-2,MASS,23,71.65529130045368,2976.36,0.870280701754386,0.25,744090,0.7083333333333334,1,2.125,true,true,true,54870187.0004526,750000,true,500000,500000,true
baseline,seed-2,BAL,23,90.3412326941148,3946.61,0.9231836257309942,0.3,1183983,1,1,3,true,true,true,211453389.59360713,750000,true,0,500000,false
baseline,seed-2,JPQ,23,86.5792353984038,4681.34,0.9955002658160553,0.33,1544842.2000000002,1.411764705882353,1,4.235294117647059,true,true,true,160495444.87002876,750000,true,500000,500000,true
baseline,seed-2,CONSV,23,89.50133988490738,3615.82,0.9397842755035738,0.35,1265537,1.105263157894737,1.05,3.1578947368421053,true,true,true,174829518.78153536,750000,true,500000,500000,true
baseline,seed-2,VAP,23,87.82067939293022,5531.94,0.9954008097165992,0.28,1548943.2000000002,1.2941176470588236,1,3.882352941176471,true,true,true,169453562.13414627,750000,true,500000,500000,true
baseline,seed-2,MASS,24,73.9228679964174,2660.35,0.7778801169590643,0.25,665087.5,0.7083333333333334,1,2.125,true,true,true,47506048.400078155,750000,true,500000,500000,true
baseline,seed-2,BAL,24,87.9207587324679,3946.61,0.9231836257309942,0.3,1183983,1,1,3,true,true,true,228704358.96037492,750000,true,500000,500000,true
baseline,seed-2,JPQ,24,87.6528965665315,4681.34,0.9955002658160553,0.33,1544842.2000000002,1.411764705882353,1,4.235294117647059,true,true,true,177383719.04093248,750000,true,500000,500000,true
baseline,seed-2,CONSV,24,90.3412326941148,3769.93,0.9798388564002599,0.35,1319475.5,1.105263157894737,1.05,3.1578947368421053,true,true,true,189354034.15123534,750000,true,0,500000,false
baseline,seed-2,VAP,24,88.7950250414958,5531.94,0.9954008097165992,0.28,1548943.2000000002,1.2941176470588236,1,3.882352941176471,true,true,true,185250115.3220388,750000,true,500000,500000,true
baseline,seed-2,MASS,25,76.009038556704,3389.64,0.9911228070175438,0.25,847410,0.7083333333333334,1,2.125,true,true,true,46053023.901749894,750000,true,500000,500000,true
baseline,seed-2,BAL,25,88.88709803387047,3946.61,0.9231836257309942,0.3,1183983,1,1,3,true,true,true,250254381.78889504,750000,true,500000,500000,true
baseline,seed-2,JPQ,25,88.64066484120897,4681.34,0.9955002658160553,0.33,1544842.2000000002,1.411764705882353,1,4.235294117647059,true,true,true,197499325.85115105,750000,true,500000,500000,true
baseline,seed-2,CONSV,25,87.9207587324679,3829.42,0.9953008447043535,0.35,1340297,1.105263157894737,1.05,3.1578947368421053,true,true,true,204407804.59553292,750000,true,500000,500000,true
baseline,seed-2,VAP,25,89.69142303817614,5531.94,0.9954008097165992,0.28,1548943.2000000002,1.2941176470588236,1,3.882352941176471,true,true,true,200300453.25458285,750000,true,500000,500000,true
baseline,seed-2,MASS,26,77.92831547216768,3392.98,0.5669139515455305,0.25,848245,0.7083333333333334,1,2.125,true,true,true,56405829.47448174,750000,true,500000,500000,true
baseline,seed-2,BAL,26,89.77613019116083,3946.61,0.9231836257309942,0.3,1183983,1,1,3,true,true,true,269507371.10458505,750000,true,500000,500000,true
baseline,seed-2,JPQ,26,89.54941165391226,4681.34,0.9522176455631833,0.33,1544842.2000000002,1.411764705882353,1,4.235294117647059,true,true,true,215031015.6697103,750000,true,500000,500000,true
baseline,seed-2,CONSV,26,88.88709803387047,3813.47,0.9911552956465237,0.35,1334714.5,1.105263157894737,1.05,3.1578947368421053,true,true,true,218748199.95883897,750000,true,500000,500000,true
baseline,seed-2,VAP,26,90.51610919512206,5531.94,0.9585341130604288,0.28,1548943.2000000002,1.2941176470588236,1,3.882352941176471,true,true,true,215085378.7426707,750000,true,0,500000,false
baseline,seed-2,MASS,27,79.69405023439427,2048.86,0.28192088063295495,0.25,512215.00000000006,0.7083333333333334,1,2.125,true,true,true,37255519.684810266,750000,true,0,500000,false
baseline,seed-2,BAL,27,90.59403977586797,3904.37,0.9133029239766082,0.3,1171311,1,1,3,true,true,true,290086684.54365194,750000,true,0,500000,false
baseline,seed-2,JPQ,27,90.38545872159928,4892.65,0.9951995931858632,0.33,1614574.5,1.411764705882353,1,4.235294117647059,true,true,true,230475715.12282178,750000,true,0,500000,false
baseline,seed-2,CONSV,27,89.77613019116083,3762.2,0.9778297595841455,0.35,1316770,1.105263157894737,1.05,3.1578947368421053,true,true,true,234430379.30385023,750000,true,500000,500000,true
baseline,seed-2,VAP,27,88.08514264341473,5743.55,0.9952003465453758,0.28,1608194.0000000002,1.2941176470588236,1,3.882352941176471,true,true,true,227558520.41101724,750000,true,500000,500000,true
baseline,seed-2,MASS,28,77.9124072203306,4836.15,0.5656315789473684,0.25,1209037.5,0.7083333333333334,1,2.125,true,true,true,67951716.56546496,750000,true,500000,500000,true
baseline,seed-2,BAL,28,88.1583973893159,3904.37,0.5708143274853801,0.3,1171311,1,1,3,true,true,true,313833157.8367939,750000,true,500000,500000,true
baseline,seed-2,JPQ,28,87.96233119830332,4893.64,0.995400966183575,0.33,1614901.2000000002,1.411764705882353,1,4.235294117647059,true,true,true,247149416.99931535,750000,true,500000,500000,true
baseline,seed-2,CONSV,28,90.59403977586797,3765.5,0.9786874593892138,0.35,1317925,1.105263157894737,1.05,3.1578947368421053,true,true,true,253320425.62621376,750000,true,0,500000,false
baseline,seed-2,VAP,28,89.03833123194156,5744.7,0.9953996101364522,0.28,1608516.0000000002,1.2941176470588236,1,3.882352941176471,true,true,true,243058970.26311094,750000,true,500000,500000,true
baseline,seed-2,MASS,29,79.67941464270416,4013.54,0.4694198830409357,0.25,1003385,0.7083333333333334,1,2.125,true,true,true,70272330.00733154,750000,true,0,500000,false
baseline,seed-2,BAL,29,89.10572559817062,5235.6,0.6280521817363923,0.3,1570680,1,1,3,true,true,true,297728881.75212723,750000,true,500000,500000,true
baseline,seed-2,JPQ,29,88.92534470243905,4894.13,0.9955006356470888,0.33,1615062.9000000001,1.411764705882353,1,4.235294117647059,true,true,true,262434014.08954722,750000,true,500000,500000,true
baseline,seed-2,CONSV,29,88.1583973893159,3783.26,0.9833034437946719,0.35,1324141,1.105263157894737,1.05,3.1578947368421053,true,true,true,267115478.83272502,750000,true,500000,500000,true
baseline,seed-2,VAP,29,89.91526473338624,5744.7,0.9953996101364522,0.28,1608516.0000000002,1.2941176470588236,1,3.882352941176471,true,true,true,254819703.36183172,750000,true,500000,500000,true
baseline,seed-2,MASS,30,77.89864976414191,5294.32,0.6192187134502923,0.25,1323580,0.7083333333333334,1,2.125,true,true,true,89697996.96465832,750000,true,500000,500000,true
baseline,seed-2,BAL,30,89.97726755031697,6374.030000000001,0.6626671864847304,0.3,1912209.0000000002,1,1,3,true,true,true,299401929.36901605,750000,true,500000,500000,true
baseline,seed-2,JPQ,30,89.81131712624392,4894.13,0.9955006356470888,0.33,1615062.9000000001,1.411764705882353,1,4.235294117647059,true,true,true,283480896.14734924,750000,true,500000,500000,true
baseline,seed-2,CONSV,30,89.10572559817062,3797.01,0.9868771929824562,0.35,1328953.5,1.105263157894737,1.05,3.1578947368421053,true,true,true,285293009.2834976,750000,true,500000,500000,true
baseline,seed-2,VAP,30,90.72204355471534,5744.7,0.9953996101364522,0.28,1608516.0000000002,1.2941176470588236,1,3.882352941176471,true,true,true,270602855.1999926,750000,true,0,500000,false
baseline,seed-2,MASS,31,79.66675778301055,5291.98,0.6038488090144059,0.25,1322995,0.7083333333333334,1,2.125,true,true,true,88074257.64296278,750000,true,500000,500000,true
baseline,seed-2,BAL,31,90.7790861462916,6476.12,0.6732808317089019,0.3,1942836,1,1,3,true,true,true,305313970.9389531,750000,true,0,500000,false
baseline,seed-2,JPQ,31,90.6264117561444,4894.13,0.9955006356470888,0.33,1615062.9000000001,1.411764705882353,1,4.235294117647059,true,true,true,302097838.0665249,750000,true,0,500000,false
baseline,seed-2,CONSV,31,89.97726755031697,3786.66,0.9841871345029239,0.35,1325331,1.105263157894737,1.05,3.1578947368421053,true,true,true,300533923.81963474,750000,true,500000,500000,true
baseline,seed-2,VAP,31,88.27872094143243,5744.7,0.9953996101364522,0.28,1608516.0000000002,1.2941176470588236,1,3.882352941176471,true,true,true,287302545.3493118,750000,true,500000,500000,true
baseline,seed-2,MASS,32,81.29341716036971,4301.6,0.49084010840108405,0.25,1075400,0.7083333333333334,1,2.125,true,true,true,62378010.54853506,750000,true,0,500000,false
baseline,seed-2,BAL,32,88.33234097751411,7255.51,0.7543090318388564,0.3,2176653,1,1,3,true,true,true,311085399.1775995,750000,true,500000,500000,true
baseline,seed-2,JPQ,32,88.18882705077574,4894.13,0.9540214424951268,0.33,1615062.9000000001,1.411764705882353,1,4.235294117647059,true,true,true,324914339.5163769,750000,true,500000,500000,true
baseline,seed-2,CONSV,32,90.7790861462916,3781.37,0.9828122157244964,0.35,1323479.5,1.105263157894737,1.05,3.1578947368421053,true,true,true,321171538.8951382,750000,true,0,500000,false
baseline,seed-2,VAP,32,89.21642326611783,5744.7,0.9598496240601504,0.28,1608516.0000000002,1.2941176470588236,1,3.882352941176471,true,true,true,305658522.2012651,750000,true,500000,500000,true
baseline,seed-3,MASS,1,50,0,0,0.25,0,0.7083333333333334,1,2.125,false,false,false,30000000,750000,true,0,0,true
baseline,seed-3,BAL,1,50,0,0,0.3,0,1,1,3,false,false,false,30000000,750000,true,0,0,true
baseline,seed-3,JPQ,1,50,0,0,0.33,0,1.411764705882353,1,4.235294117647059,false,false,false,25000000,750000,true,0,0,true
baseline,seed-3,CONSV,1,50,0,0,0.35,0,1.105263157894737,1.05,3.1578947368421053,false,false,false,35000000,750000,true,0,0,true
baseline,seed-3,VAP,1,50,0,0,0.28,0,1.2941176470588236,1,3.882352941176471,false,false,false,22000000,750000,true,0,0,true
baseline,seed-3,MASS,2,50,2676.59,0.7826286549707603,0.25,669147.5,0.7083333333333334,1,2.125,true,true,true,14530663.532499146,750000,true,0,500000,false
baseline,seed-3,BAL,2,50,3935.21,0.9205169590643275,0.3,1180563,1,1,3,true,true,true,41575441.369690195,750000,true,500000,500000,true
baseline,seed-3,JPQ,2,50,2509.76,0.5870783625730994,0.33,828220.8,1.411764705882353,1,4.235294117647059,true,true,true,14494279.701722093,750000,true,0,500000,false
baseline,seed-3,CONSV,2,50,2128.14,0.6222631578947369,0.35,744849,1.105263157894737,1.05,3.1578947368421053,true,true,true,10878104.155727632,750000,true,0,500000,false
baseline,seed-3,VAP,2,50,5093.06,0.9927992202729046,0.28,1426056.8,1.2941176470588236,1,3.882352941176471,true,true,true,20033387.12761445,750000,true,0,500000,false
baseline,seed-3,MASS,3,50,0,0,0.25,0,0.7083333333333334,1,2.125,false,false,false,40022530.337227896,750000,true,0,0,true
baseline,seed-3,BAL,3,54,3739.1,0.8746432748538011,0.3,1121730,1,1,3,true,true,true,37842311.97569601,750000,true,500000,500000,true
baseline,seed-3,JPQ,3,50,3797.33,0.8882643274853801,0.33,1253118.9000000001,1.411764705882353,1,4.235294117647059,true,true,true,31258479.689132646,750000,true,500000,500000,true
baseline,seed-3,CONSV,3,50,2959.32,0.8652982456140351,0.35,1035761.9999999999,1.105263157894737,1.05,3.1578947368421053,true,true,true,35555848.40216327,750000,true,500000,500000,true
baseline,seed-3,VAP,3,50,0,0,0.28,0,1.2941176470588236,1,3.882352941176471,false,false,false,21999394.844236642,750000,true,0,0,true
baseline,seed-3,MASS,4,50,3394.35,0.9924999999999999,0.25,848587.5,0.7083333333333334,1,2.125,true,true,true,6025478.56910567,750000,true,0,500000,false
baseline,seed-3,BAL,4,57.68,3553.57,0.8312444444444445,0.3,1066071,1,1,3,true,true,true,36766419.84255625,750000,true,500000,500000,true
baseline,seed-3,JPQ,4,54,4070.61,0.9521894736842106,0.33,1343301.3,1.411764705882353,1,4.235294117647059,true,true,true,24320627.94174087,750000,true,0,500000,false
baseline,seed-3,CONSV,4,54,3188.75,0.9323830409356725,0.35,1116062.5,1.105263157894737,1.05,3.1578947368421053,true,true,true,32578967.196846355,750000,true,500000,500000,true
baseline,seed-3,VAP,4,50,4390.46,0.8558401559454191,0.28,1229328.8,1.2941176470588236,1,3.882352941176471,true,true,true,15776882.371266536,750000,true,0,500000,false
baseline,seed-3,MASS,5,50,1919.3,0.5611988304093567,0.25,479825,0.7083333333333334,1,2.125,true,true,true,38760222.213917844,750000,true,500000,500000,true
baseline,seed-3,BAL,5,61.0656,4007.79,0.9374947368421053,0.3,1202337,1,1,3,true,true,true,42647384.67921067,750000,true,500000,500000,true
baseline,seed-3,JPQ,5,53.76,4085.87,0.9557590643274854,0.33,1348337.1,1.411764705882353,1,4.235294117647059,true,true,true,24176780.363808237,750000,true,0,500000,false
baseline,seed-3,CONSV,5,57.68,3390.59,0.9914005847953217,0.35,1186706.5,1.105263157894737,1.05,3.1578947368421053,true,true,true,36222497.95410156,750000,true,500000,500000,true
baseline,seed-3,VAP,5,50,5088.96,0.992,0.28,1424908.8,1.2941176470588236,1,3.882352941176471,true,true,true,28167233.361677855,750000,true,500000,500000,true
baseline,seed-3,MASS,6,54,3384.98,0.9897602339181286,0.25,846245,0.7083333333333334,1,2.125,true,true,true,0,750000,false,0,500000,false
baseline,seed-3,BAL,6,64.180352,4195.75,0.9814619883040936,0.3,1258725,1,1,3,true,true,true,17937090.515816666,750000,true,0,500000,false
baseline,seed-3,JPQ,6,53.5344,4239.95,0.9918011695906432,0.33,1399183.5,1.411764705882353,1,4.235294117647059,true,true,true,22283859.15534704,750000,true,0,500000,false
baseline,seed-3,CONSV,6,61.0656,3188.75,0.9323830409356725,0.35,1116062.5,1.105263157894737,1.05,3.1578947368421053,true,true,true,34847418.07887051,750000,true,500000,500000,true
baseline,seed-3,VAP,6,54,5090.5,0.9923001949317739,0.28,1425340.0000000002,1.2941176470588236,1,3.882352941176471,true,true,true,17364605.720064815,750000,true,0,500000,false
baseline,seed-3,MASS,7,53.76,1965.25,0.5746345029239766,0.25,491312.5,0.7083333333333334,1,2.125,true,true,true,33293831.659852043,750000,true,500000,500000,true
baseline,seed-3,BAL,7,63.32953088,4146.83,0.9700187134502923,0.3,1244049,1,1,3,true,true,true,29263268.50066036,750000,true,500000,500000,true
baseline,seed-3,JPQ,7,53.322336,4247.21,0.9934994152046783,0.33,1401579.3,1.411764705882353,1,4.235294117647059,true,true,true,10552868.071619779,750000,true,0,500000,false
baseline,seed-3,CONSV,7,64.180352,3194.86,0.9341695906432749,0.35,1118201,1.105263157894737,1.05,3.1578947368421053,true,true,true,15456342.989628263,750000,true,0,500000,false
baseline,seed-3,VAP,7,53.76,5089.99,0.9922007797270955,0.28,1425197.2000000002,1.2941176470588236,1,3.882352941176471,true,true,true,26606770.0172787,750000,true,250000,500000,true
baseline,seed-3,MASS,8,57.459199999999996,3329.95,0.9736695906432749,0.25,832487.5,0.7083333333333334,1,2.125,true,true,true,0,750000,false,0,500000,false
baseline,seed-3,BAL,8,66.2631684096,3877.93,0.9071181286549708,0.3,1163379,1,1,3,true,true,true,29206588.461179443,750000,true,500000,500000,true
baseline,seed-3,JPQ,8,53.12299584,4254.05,0.9950994152046784,0.33,1403836.5,1.411764705882353,1,4.235294117647059,true,true,true,37571191.86676502,750000,true,500000,500000,true
baseline,seed-3,CONSV,8,63.32953088,3402.56,0.9949005847953216,0.35,1190896,1.105263157894737,1.05,3.1578947368421053,true,true,true,32092132.229953572,750000,true,500000,500000,true
baseline,seed-3,VAP,8,55.6096,5089.99,0.9922007797270955,0.28,1425197.2000000002,1.2941176470588236,1,3.882352941176471,true,true,true,34125267.971488625,750000,true,500000,500000,true
baseline,seed-3,MASS,9,57.011647999999994,1043.82,0.30521052631578943,0.25,260954.99999999997,0.7083333333333334,1,2.125,true,true,true,34572449.92941202,750000,true,0,500000,false
baseline,seed-3,BAL,9,68.962114936832,3988.73,0.9330362573099416,0.3,1196619,1,1,3,true,true,true,37582793.49888967,750000,true,500000,500000,true
baseline,seed-3,JPQ,9,56.8731561728,4254.05,0.9950994152046784,0.33,1403836.5,1.411764705882353,1,4.235294117647059,true,true,true,43816236.65414379,750000,true,500000,500000,true
baseline,seed-3,CONSV,9,66.2631684096,3257.09,0.9523654970760235,0.35,1139981.5,1.105263157894737,1.05,3.1578947368421053,true,true,true,35977838.315359205,750000,true,500000,500000,true
baseline,seed-3,VAP,9,59.160832,5098.71,0.9939005847953216,0.28,1427638.8,1.2941176470588236,1,3.882352941176471,true,true,true,28203943.06700236,750000,true,500000,500000,true
baseline,seed-3,MASS,10,56.59094911999999,3385.46,0.9899005847953216,0.25,846365,0.7083333333333334,1,2.125,true,true,true,92374.3790641725,750000,false,0,500000,false
baseline,seed-3,BAL,10,71.44514574188544,3988.17,0.9329052631578948,0.3,1196451,1,1,3,true,true,true,45092760.575001836,750000,true,500000,500000,true
baseline,seed-3,JPQ,10,60.323303678976,4254.91,0.9953005847953216,0.33,1404120.3,1.411764705882353,1,4.235294117647059,true,true,true,48130890.921382025,750000,true,500000,500000,true
baseline,seed-3,CONSV,10,68.962114936832,3403.24,0.9950994152046783,0.35,1191134,1.105263157894737,1.05,3.1578947368421053,true,true,true,35932615.6898087,750000,true,500000,500000,true
baseline,seed-3,VAP,10,62.42796544,5106.4,0.9953996101364522,0.28,1429792.0000000002,1.2941176470588236,1,3.882352941176471,true,true,true,34274143.68892347,750000,true,500000,500000,true
baseline,seed-3,MASS,11,56.19549217279999,1613.48,0.4717777777777778,0.25,403370,0.7083333333333334,1,2.125,true,true,true,34158668.757008806,750000,true,0,500000,false
baseline,seed-3,BAL,11,73.7295340825346,3968.18,0.9282292397660818,0.3,1190454,1,1,3,true,true,true,41178623.86150546,750000,true,500000,500000,true
baseline,seed-3,JPQ,11,63.49743938465792,4255.34,0.9954011695906433,0.33,1404262.2,1.411764705882353,1,4.235294117647059,true,true,true,51884701.373748265,750000,true,500000,500000,true
baseline,seed-3,CONSV,11,71.44514574188544,3403.93,0.9367540419676642,0.35,1191375.5,1.105263157894737,1.05,3.1578947368421053,true,true,true,47377228.703607805,750000,true,500000,500000,true
baseline,seed-3,VAP,11,65.4337282048,5106.4,0.9953996101364522,0.28,1429792.0000000002,1.2941176470588236,1,3.882352941176471,true,true,true,37919719.55490953,750000,true,500000,500000,true
baseline,seed-3,MASS,12,55.82376264243199,3385.12,0.9898011695906432,0.25,846280,0.7083333333333334,1,2.125,true,true,true,24816964.33814592,750000,true,0,500000,false
baseline,seed-3,BAL,12,75.83117135593183,3870.91,0.9054760233918129,0.3,1161273,1,1,3,true,true,true,48699950.798414364,750000,true,500000,500000,true
baseline,seed-3,JPQ,12,66.41764423388528,4255.34,0.9954011695906433,0.33,1404262.2,1.411764705882353,1,4.235294117647059,true,true,true,45686186.36699704,750000,true,500000,500000,true
baseline,seed-3,CONSV,12,73.7295340825346,3388.28,0.9324471964224287,0.35,1185898,1.105263157894737,1.05,3.1578947368421053,true,true,true,39248769.11563427,750000,true,500000,500000,true
baseline,seed-3,VAP,12,68.19902994841601,5106.4,0.9953996101364522,0.28,1429792.0000000002,1.2941176470588236,1,3.882352941176471,true,true,true,46735803.85378256,750000,true,500000,500000,true
baseline,seed-3,MASS,13,55.47433688388607,3393.67,0.9923011695906433,0.25,848417.5,0.7083333333333334,1,2.125,true,true,true,19486609.7277964,750000,true,0,500000,false
baseline,seed-3,BAL,13,77.76467764745729,3875.85,0.9066315789473685,0.3,1162755,1,1,3,true,true,true,46569187.89785635,750000,true,500000,500000,true
baseline,seed-3,JPQ,13,69.10423269517446,4255.34,0.9954011695906433,0.33,1404262.2,1.411764705882353,1,4.235294117647059,true,true,true,56656458.67805345,750000,true,500000,500000,true
baseline,seed-3,CONSV,13,75.83117135593183,3602.63,0.991435844513244,0.35,1260920.5,1.105263157894737,1.05,3.1578947368421053,true,true,true,36009553.38928557,750000,true,500000,500000,true
baseline,seed-3,VAP,13,70.74310755254272,5106.4,0.9953996101364522,0.28,1429792.0000000002,1.2941176470588236,1,3.882352941176471,true,true,true,51140659.78894965,750000,true,500000,500000,true
baseline,seed-3,MASS,14,55.1458766708529,2923.33,0.8547748538011696,0.25,730832.5,0.7083333333333334,1,2.125,true,true,true,35536980.10615594,750000,true,500000,500000,true
baseline,seed-3,BAL,14,79.54350343566071,4077.77,0.9538643274853801,0.3,1223331,1,1,3,true,true,true,52650895.75726567,750000,true,500000,500000,true
baseline,seed-3,JPQ,14,71.5758940795605,4255.34,0.9480011138958507,0.33,1404262.2,1.411764705882353,1,4.235294117647059,true,true,true,69098421.4010954,750000,true,500000,500000,true
baseline,seed-3,CONSV,14,77.76467764745729,3616.67,0.9952996216030272,0.35,1265834.5,1.105263157894737,1.05,3.1578947368421053,true,true,true,44283333.49022816,750000,true,500000,500000,true
baseline,seed-3,VAP,14,73.0836589483393,5106.4,0.9953996101364522,0.28,1429792.0000000002,1.2941176470588236,1,3.882352941176471,true,true,true,60488923.90566084,750000,true,500000,500000,true
baseline,seed-3,MASS,15,58.73420653718467,2413.19,0.7056111111111111,0.25,603297.5,0.7083333333333334,1,2.125,true,true,true,21743318.761272106,750000,true,0,500000,false
baseline,seed-3,BAL,15,81.18002316080785,3976.84,0.930254970760234,0.3,1193052,1,1,3,true,true,true,64263309.21630525,750000,true,500000,500000,true
baseline,seed-3,JPQ,15,73.84982255319566,4467.2,0.9951991088833194,0.33,1474176,1.411764705882353,1,4.235294117647059,true,true,true,79531560.6409751,750000,true,500000,500000,true
baseline,seed-3,CONSV,15,79.54350343566071,3617.03,0.9953986928104576,0.35,1265960.5,1.105263157894737,1.05,3.1578947368421053,true,true,true,55404998.691697106,750000,true,500000,500000,true
baseline,seed-3,VAP,15,75.23696623247216,5106.4,0.9953996101364522,0.28,1429792.0000000002,1.2941176470588236,1,3.882352941176471,true,true,true,71735648.46629542,750000,true,500000,500000,true
baseline,seed-3,MASS,16,58.21015414495359,2867.03,0.8383128654970761,0.25,716757.5,0.7083333333333334,1,2.125,true,true,true,34879369.77705287,750000,true,500000,500000,true
baseline,seed-3,BAL,16,82.68562130794322,3887.99,0.9094713450292398,0.3,1166397,1,1,3,true,true,true,69080353.73432878,750000,true,500000,500000,true
baseline,seed-3,JPQ,16,75.94183674894,4468.1,0.9953996101364523,0.33,1474473,1.411764705882353,1,4.235294117647059,true,true,true,90123503.66170457,750000,true,500000,500000,true
baseline,seed-3,CONSV,16,81.18002316080785,3571.57,0.9828882008943929,0.35,1250049.5,1.105263157894737,1.05,3.1578947368421053,true,true,true,68926965.08895382,750000,true,500000,500000,true
baseline,seed-3,VAP,16,77.21800893387439,5106.4,0.9953996101364522,0.28,1429792.0000000002,1.2941176470588236,1,3.882352941176471,true,true,true,84074084.65397257,750000,true,500000,500000,true
baseline,seed-3,MASS,17,61.55334181335731,3032.26,0.8866257309941521,0.25,758065,0.7083333333333334,1,2.125,true,true,true,39537786.148981795,750000,true,500000,500000,true
baseline,seed-3,BAL,17,84.07077160330776,3821.5,0.8939181286549708,0.3,1146450,1,1,3,true,true,true,89977355.84851928,750000,true,500000,500000,true
baseline,seed-3,JPQ,17,77.8664898090248,4468.1,0.9953996101364523,0.33,1474473,1.411764705882353,1,4.235294117647059,true,true,true,104143898.92297825,750000,true,500000,500000,true
baseline,seed-3,CONSV,17,82.68562130794322,3445.05,0.9480701754385965,0.35,1205767.5,1.105263157894737,1.05,3.1578947368421053,true,true,true,83446213.46814887,750000,true,500000,500000,true
baseline,seed-3,VAP,17,79.04056821916444,5106.4,0.9555836257309941,0.28,1429792.0000000002,1.2941176470588236,1,3.882352941176471,true,true,true,95454593.31559204,750000,true,500000,500000,true
baseline,seed-3,MASS,18,64.62907446828872,3065.59,0.8963713450292398,0.25,766397.5,0.7083333333333334,1,2.125,true,true,true,35886887.57502721,750000,true,500000,500000,true
baseline,seed-3,BAL,18,85.34510987504314,3868.42,0.904893567251462,0.3,1160526,1,1,3,true,true,true,104294984.99608395,750000,true,500000,500000,true
baseline,seed-3,JPQ,18,79.63717062430281,4468.55,0.9954998607630187,0.33,1474621.5,1.411764705882353,1,4.235294117647059,true,true,true,114463699.57475328,750000,true,500000,500000,true
baseline,seed-3,CONSV,18,84.07077160330776,3351.91,0.8711916829109811,0.35,1173168.5,1.105263157894737,1.05,3.1578947368421053,true,true,true,95463327.01459372,750000,true,500000,500000,true
baseline,seed-3,VAP,18,80.71732276163128,5319.17,0.9954002339181287,0.28,1489367.6,1.2941176470588236,1,3.882352941176471,true,true,true,103575516.72574615,750000,true,500000,500000,true
baseline,seed-3,MASS,19,67.45874851082563,3065.59,0.8963713450292398,0.25,766397.5,0.7083333333333334,1,2.125,true,true,true,48949459.41541569,750000,true,500000,500000,true
baseline,seed-3,BAL,19,86.51750108503968,3933.53,0.9201239766081872,0.3,1180059,1,1,3,true,true,true,124756714.00905061,750000,true,500000,500000,true
baseline,seed-3,JPQ,19,81.26619697435859,4468.55,0.9954998607630187,0.33,1474621.5,1.411764705882353,1,4.235294117647059,true,true,true,130155416.12138978,750000,true,500000,500000,true
baseline,seed-3,CONSV,19,85.34510987504314,3588.97,0.9328057179987004,0.35,1256139.5,1.105263157894737,1.05,3.1578947368421053,true,true,true,108823122.10296787,750000,true,500000,500000,true
baseline,seed-3,VAP,19,82.25993694070078,5319.17,0.9954002339181287,0.28,1489367.6,1.2941176470588236,1,3.882352941176471,true,true,true,114395522.22008842,750000,true,500000,500000,true
baseline,seed-3,MASS,20,70.06204862995958,2907.35,0.8501023391812865,0.25,726837.5,0.7083333333333334,1,2.125,true,true,true,31746308.277891275,750000,true,0,500000,false
baseline,seed-3,BAL,20,87.59610099823651,3933.92,0.9202152046783626,0.3,1180176,1,1,3,true,true,true,142468187.39435285,750000,true,500000,500000,true
baseline,seed-3,JPQ,20,82.76490121640991,4468.1,0.9501541733120681,0.33,1474473,1.411764705882353,1,4.235294117647059,true,true,true,143134418.55908898,750000,true,500000,500000,true
baseline,seed-3,CONSV,20,86.51750108503968,3702.82,0.9623963612735543,0.35,1295987,1.105263157894737,1.05,3.1578947368421053,true,true,true,122941232.3779649,750000,true,500000,500000,true
baseline,seed-3,VAP,20,83.67914198544472,5319.17,0.9954002339181287,0.28,1489367.6,1.2941176470588236,1,3.882352941176471,true,true,true,125470873.83255564,750000,true,500000,500000,true
baseline,seed-3,MASS,21,68.858325712162,2907.64,0.8501871345029239,0.25,726910,0.7083333333333334,1,2.125,true,true,true,37330425.90893635,750000,true,500000,500000,true
baseline,seed-3,BAL,21,88.58841291837759,3933.92,0.9202152046783626,0.3,1180176,1,1,3,true,true,true,164086627.04644498,750000,true,500000,500000,true
baseline,seed-3,JPQ,21,84.14370911909711,4679.93,0.9952004253056885,0.33,1544376.9000000001,1.411764705882353,1,4.235294117647059,true,true,true,157310909.0287272,750000,true,500000,500000,true
baseline,seed-3,CONSV,21,87.59610099823651,3706.23,0.9632826510721247,0.35,1297180.5,1.105263157894737,1.05,3.1578947368421053,true,true,true,136997544.21656492,750000,true,500000,500000,true
baseline,seed-3,VAP,21,84.98481062660913,5318.63,0.9952991812865497,0.28,1489216.4000000001,1.2941176470588236,1,3.882352941176471,true,true,true,136961636.60852313,750000,true,500000,500000,true
baseline,seed-3,MASS,22,71.34965965518904,2591.44,0.7577309941520468,0.25,647860,0.7083333333333334,1,2.125,true,true,true,30283981.673771065,750000,true,0,500000,false
baseline,seed-3,BAL,22,89.50133988490738,3933.92,0.9202152046783626,0.3,1180176,1,1,3,true,true,true,185387593.08149585,750000,true,500000,500000,true
baseline,seed-3,JPQ,22,85.41221238956935,4680.87,0.9954003189792663,0.33,1544687.1,1.411764705882353,1,4.235294117647059,true,true,true,172147946.0642667,750000,true,500000,500000,true
baseline,seed-3,CONSV,22,88.58841291837759,3656.49,0.95035477582846,0.35,1279771.5,1.105263157894737,1.05,3.1578947368421053,true,true,true,153728330.68841764,750000,true,500000,500000,true
baseline,seed-3,VAP,22,86.1860257764804,5318.63,0.9952991812865497,0.28,1489216.4000000001,1.2941176470588236,1,3.882352941176471,true,true,true,151875621.03953934,750000,true,500000,500000,true
baseline,seed-3,MASS,23,70.0686800758777,3222.75,0.5384711779448621,0.25,805687.5,0.7083333333333334,1,2.125,true,true,true,48080474.81393045,750000,true,500000,500000,true
baseline,seed-3,BAL,23,90.3412326941148,3933.92,0.9202152046783626,0.3,1180176,1,1,3,true,true,true,204331425.50471002,750000,true,0,500000,false
baseline,seed-3,JPQ,23,86.5792353984038,4680.87,0.9954003189792663,0.33,1544687.1,1.411764705882353,1,4.235294117647059,true,true,true,186946814.2196461,750000,true,500000,500000,true
baseline,seed-3,CONSV,23,89.50133988490738,3620.85,0.9410916179337232,0.35,1267297.5,1.105263157894737,1.05,3.1578947368421053,true,true,true,170601901.7023688,750000,true,500000,500000,true
baseline,seed-3,VAP,23,87.29114371436198,5318.63,0.9570184435447594,0.28,1489216.4000000001,1.2941176470588236,1,3.882352941176471,true,true,true,168011853.14197785,750000,true,500000,500000,true
baseline,seed-3,MASS,24,72.46318566980747,2610,0.3591331269349845,0.25,652500,0.7083333333333334,1,2.125,true,true,true,38471583.68335152,750000,true,0,500000,false
baseline,seed-3,BAL,24,87.9207587324679,3933.92,0.9202152046783626,0.3,1180176,1,1,3,true,true,true,219411236.33580104,750000,true,500000,500000,true
baseline,seed-3,JPQ,24,87.6528965665315,4680.87,0.9954003189792663,0.33,1544687.1,1.411764705882353,1,4.235294117647059,true,true,true,199189890.30980003,750000,true,500000,500000,true
baseline,seed-3,CONSV,24,90.3412326941148,3779.77,0.9823963612735542,0.35,1322919.5,1.105263157894737,1.05,3.1578947368421053,true,true,true,183341124.07782078,750000,true,0,500000,false
baseline,seed-3,VAP,24,88.30785221721302,5530.82,0.9951992802519117,0.28,1548629.6,1.2941176470588236,1,3.882352941176471,true,true,true,180246077.36671278,750000,true,500000,500000,true
baseline,seed-3,MASS,25,71.11539452961902,3560.45,0.4164269005847953,0.25,890112.5,0.7083333333333334,1,2.125,true,true,true,53329137.44836599,750000,true,0,500000,false
baseline,seed-3,BAL,25,88.88709803387047,3933.92,0.9202152046783626,0.3,1180176,1,1,3,true,true,true,240558636.3543101,750000,true,500000,500000,true
baseline,seed-3,JPQ,25,88.64066484120897,4680.87,0.9954003189792663,0.33,1544687.1,1.411764705882353,1,4.235294117647059,true,true,true,215201628.1387811,750000,true,500000,500000,true
baseline,seed-3,CONSV,25,87.9207587324679,3829.42,0.9953008447043535,0.35,1340297,1.105263157894737,1.05,3.1578947368421053,true,true,true,197433236.42078435,750000,true,500000,500000,true
baseline,seed-3,VAP,25,89.24322403983598,5531.38,0.9953000449842555,0.28,1548786.4000000001,1.2941176470588236,1,3.882352941176471,true,true,true,191791773.3886708,750000,true,500000,500000,true
baseline,seed-3,MASS,26,69.84847085784187,6034.09,0.7057415204678362,0.25,1508522.5,0.7083333333333334,1,2.125,true,true,true,67031882.205305815,750000,true,500000,500000,true
baseline,seed-3,BAL,26,89.77613019116083,3891.82,0.9103672514619884,0.3,1167546,1,1,3,true,true,true,261761090.9532986,750000,true,500000,500000,true
baseline,seed-3,JPQ,26,89.54941165391226,4680.87,0.9521220442410373,0.33,1544687.1,1.411764705882353,1,4.235294117647059,true,true,true,232560463.69125304,750000,true,500000,500000,true
baseline,seed-3,CONSV,26,88.88709803387047,3815.19,0.9916023391812866,0.35,1335316.5,1.105263157894737,1.05,3.1578947368421053,true,true,true,213730133.23173195,750000,true,500000,500000,true
baseline,seed-3,VAP,26,90.1037661166491,5531.94,0.9954008097165992,0.28,1548943.2000000002,1.2941176470588236,1,3.882352941176471,true,true,true,205805165.93228787,750000,true,0,500000,false
baseline,seed-3,MASS,27,72.26059318921452,4184.29,0.4893906432748538,0.25,1046072.5,0.7083333333333334,1,2.125,true,true,true,47734075.71952817,750000,true,0,500000,false
baseline,seed-3,BAL,27,90.59403977586797,3891.82,0.9103672514619884,0.3,1167546,1,1,3,true,true,true,274619573.10368764,750000,true,0,500000,false
baseline,seed-3,JPQ,27,90.38545872159928,4892.65,0.9951995931858632,0.33,1614574.5,1.411764705882353,1,4.235294117647059,true,true,true,242387784.5947901,750000,true,0,500000,false
baseline,seed-3,CONSV,27,89.77613019116083,3757.29,0.9765536062378167,0.35,1315051.5,1.105263157894737,1.05,3.1578947368421053,true,true,true,229154788.3284014,750000,true,500000,500000,true
baseline,seed-3,VAP,27,87.69754014965015,5531.94,0.9954008097165992,0.28,1548943.2000000002,1.2941176470588236,1,3.882352941176471,true,true,true,219808882.70757282,750000,true,500000,500000,true
baseline,seed-3,MASS,28,70.92495759786165,5744.22,0.6718385964912281,0.25,1436055,0.7083333333333334,1,2.125,true,true,true,98315638.5118819,750000,true,500000,500000,true
baseline,seed-3,BAL,28,88.1583973893159,3891.82,0.5517377281587809,0.3,1167546,1,1,3,true,true,true,295904597.2777696,750000,true,500000,500000,true
baseline,seed-3,JPQ,28,87.96233119830332,4893.64,0.995400966183575,0.33,1614901.2000000002,1.411764705882353,1,4.235294117647059,true,true,true,255781184.0576792,750000,true,500000,500000,true
baseline,seed-3,CONSV,28,90.59403977586797,3757.46,0.9765977907732294,0.35,1315111,1.105263157894737,1.05,3.1578947368421053,true,true,true,247290671.20948833,750000,true,0,500000,false
baseline,seed-3,VAP,28,88.68173693767814,5531.94,0.9954008097165992,0.28,1548943.2000000002,1.2941176470588236,1,3.882352941176471,true,true,true,236402742.86512324,750000,true,500000,500000,true
baseline,seed-3,MASS,29,73.25096099003272,4892.13,0.5721789473684211,0.25,1223032.5,0.7083333333333334,1,2.125,true,true,true,76317208.3019251,750000,true,500000,500000,true
baseline,seed-3,BAL,29,89.10572559817062,5382.29,0.6456488229119808,0.3,1614687,1,1,3,true,true,true,282645888.49268734,750000,true,500000,500000,true
baseline,seed-3,JPQ,29,88.92534470243905,4894.13,0.9955006356470888,0.33,1615062.9000000001,1.411764705882353,1,4.235294117647059,true,true,true,264669058.4584991,750000,true,500000,500000,true
baseline,seed-3,CONSV,29,88.1583973893159,3787.38,0.984374269005848,0.35,1325583,1.105263157894737,1.05,3.1578947368421053,true,true,true,261509132.40590662,750000,true,500000,500000,true
baseline,seed-3,VAP,29,89.5871979826639,5531.38,0.958437080355209,0.28,1548786.4000000001,1.2941176470588236,1,3.882352941176471,true,true,true,250743800.612414,750000,true,500000,500000,true
baseline,seed-3,MASS,30,75.3908841108301,6946.34,0.8124374269005848,0.25,1736585,0.7083333333333334,1,2.125,true,true,true,67769135.86259845,750000,true,500000,500000,true
baseline,seed-3,BAL,30,89.97726755031697,6206.73,0.645274074074074,0.3,1862019,1,1,3,true,true,true,281591124.22968775,750000,true,500000,500000,true
baseline,seed-3,JPQ,30,89.81131712624392,4894.13,0.9955006356470888,0.33,1615062.9000000001,1.411764705882353,1,4.235294117647059,true,true,true,274238399.1439337,750000,true,500000,500000,true
baseline,seed-3,CONSV,30,89.10572559817062,3793.51,0.9859675113710202,0.35,1327728.5,1.105263157894737,1.05,3.1578947368421053,true,true,true,276541060.1560732,750000,true,500000,500000,true
baseline,seed-3,VAP,30,90.42022214405078,5744.13,0.9953008447043535,0.28,1608356.4000000001,1.2941176470588236,1,3.882352941176471,true,true,true,263183930.43238705,750000,true,0,500000,false
baseline,seed-3,MASS,31,77.3596133819637,2432.25,0.2188259109311741,0.25,608062.5,0.7083333333333334,1,2.125,true,true,true,84448523.08231512,750000,true,0,500000,false
baseline,seed-3,BAL,31,90.7790861462916,6930.9400000000005,0.7205655620532814,0.3,2079282.0000000002,1,1,3,true,true,true,284335648.13109297,750000,true,0,500000,false
baseline,seed-3,JPQ,31,90.6264117561444,4894.13,0.9955006356470888,0.33,1615062.9000000001,1.411764705882353,1,4.235294117647059,true,true,true,281494733.00935334,750000,true,0,500000,false
baseline,seed-3,CONSV,31,89.97726755031697,3782.33,0.9830617283950617,0.35,1323815.5,1.105263157894737,1.05,3.1578947368421053,true,true,true,292438646.88050306,750000,true,500000,500000,true
baseline,seed-3,VAP,31,87.99500881540774,5744.7,0.9953996101364522,0.28,1608516.0000000002,1.2941176470588236,1,3.882352941176471,true,true,true,277043654.354669,750000,true,500000,500000,true
baseline,seed-3,MASS,32,75.71803657904587,7068.959999999999,0.5701923774954627,0.25,1767239.9999999998,0.7083333333333334,1,2.125,true,true,true,74211263.14748722,750000,true,500000,500000,true
baseline,seed-3,BAL,32,88.33234097751411,6914.9400000000005,0.7189021442495127,0.3,2074482.0000000002,1,1,3,true,true,true,290481221.2656128,750000,true,500000,500000,true
baseline,seed-3,JPQ,32,88.18882705077574,4894.13,0.6360142949967511,0.33,1615062.9000000001,1.411764705882353,1,4.235294117647059,true,true,true,300153220.97223425,750000,true,500000,500000,true
baseline,seed-3,CONSV,32,90.7790861462916,3780.29,0.9825315139701104,0.35,1323101.5,1.105263157894737,1.05,3.1578947368421053,true,true,true,311742493.20481443,750000,true,0,500000,false
baseline,seed-3,VAP,32,88.95540811017513,5744.7,0.9953996101364522,0.28,1608516.0000000002,1.2941176470588236,1,3.882352941176471,true,true,true,293431755.55281454,750000,true,500000,500000,true
baseline,seed-4,MASS,1,50,0,0,0.25,0,0.7083333333333334,1,2.125,false,false,false,30000000,750000,true,0,0,true
baseline,seed-4,BAL,1,50,0,0,0.3,0,1,1,3,false,false,false,30000000,750000,true,0,0,true
baseline,seed-4,JPQ,1,50,0,0,0.33,0,1.411764705882353,1,4.235294117647059,false,false,false,25000000,750000,true,0,0,true
baseline,seed-4,CONSV,1,50,0,0,0.35,0,1.105263157894737,1.05,3.1578947368421053,false,false,false,35000000,750000,true,0,0,true
baseline,seed-4,VAP,1,50,0,0,0.28,0,1.2941176470588236,1,3.882352941176471,false,false,false,22000000,750000,true,0,0,true
baseline,seed-4,MASS,2,50,2676.59,0.7826286549707603,0.25,669147.5,0.7083333333333334,1,2.125,true,true,true,14530663.532499146,750000,true,0,500000,false
baseline,seed-4,BAL,2,50,3935.21,0.9205169590643275,0.3,1180563,1,1,3,true,true,true,41575441.369690195,750000,true,500000,500000,true
baseline,seed-4,JPQ,2,50,2509.76,0.5870783625730994,0.33,828220.8,1.411764705882353,1,4.235294117647059,true,true,true,14494279.701722093,750000,true,0,500000,false
baseline,seed-4,CONSV,2,50,2128.14,0.6222631578947369,0.35,744849,1.105263157894737,1.05,3.1578947368421053,true,true,true,10878104.155727632,750000,true,0,500000,false
baseline,seed-4,VAP,2,50,5093.06,0.9927992202729046,0.28,1426056.8,1.2941176470588236,1,3.882352941176471,true,true,true,20033387.12761445,750000,true,0,500000,false
baseline,seed-4,MASS,3,50,0,0,0.25,0,0.7083333333333334,1,2.125,false,false,false,40060061.36574036,750000,true,0,0,true
baseline,seed-4,BAL,3,54,3739.1,0.8746432748538011,0.3,1121730,1,1,3,true,true,true,37936588.00837321,750000,true,500000,500000,true
baseline,seed-4,JPQ,3,50,3797.33,0.8882643274853801,0.33,1253118.9000000001,1.411764705882353,1,4.235294117647059,true,true,true,31358001.38952228,750000,true,500000,500000,true
baseline,seed-4,CONSV,3,50,2959.32,0.8652982456140351,0.35,1035761.9999999999,1.105263157894737,1.05,3.1578947368421053,true,true,true,35656900.42442234,750000,true,500000,500000,true
baseline,seed-4,VAP,3,50,0,0,0.28,0,1.2941176470588236,1,3.882352941176471,false,false,false,22066757.188114405,750000,true,0,0,true
baseline,seed-4,MASS,4,50,3394.35,0.9924999999999999,0.25,848587.5,0.7083333333333334,1,2.125,true,true,true,6359165.882584214,750000,true,0,500000,false
baseline,seed-4,BAL,4,57.68,3574.97,0.8362502923976608,0.3,1072491,1,1,3,true,true,true,29094741.40785345,750000,true,500000,500000,true
baseline,seed-4,JPQ,4,54,4070.5,0.9521637426900584,0.33,1343265,1.411764705882353,1,4.235294117647059,true,true,true,24715373.118263993,750000,true,0,500000,false
baseline,seed-4,CONSV,4,54,3188.75,0.9323830409356725,0.35,1116062.5,1.105263157894737,1.05,3.1578947368421053,true,true,true,32846029.93890848,750000,true,500000,500000,true
baseline,seed-4,VAP,4,50,4397.71,0.8572534113060429,0.28,1231358.8,1.2941176470588236,1,3.882352941176471,true,true,true,15992411.559206728,750000,true,0,500000,false
baseline,seed-4,MASS,5,50,1948.31,0.5696812865497076,0.25,487077.5,0.7083333333333334,1,2.125,true,true,true,38176343.75639357,750000,true,500000,500000,true
baseline,seed-4,BAL,5,61.0656,4014.51,0.9390666666666667,0.3,1204353,1,1,3,true,true,true,33627497.161717005,750000,true,500000,500000,true
baseline,seed-4,JPQ,5,53.76,4086.28,0.955854970760234,0.33,1348472.4000000001,1.411764705882353,1,4.235294117647059,true,true,true,22695618.831547715,750000,true,0,500000,false
baseline,seed-4,CONSV,5,57.68,3390.59,0.9914005847953217,0.35,1186706.5,1.105263157894737,1.05,3.1578947368421053,true,true,true,34886192.540476315,750000,true,500000,500000,true
baseline,seed-4,VAP,5,50,5088.96,0.992,0.28,1424908.8,1.2941176470588236,1,3.882352941176471,true,true,true,26258442.623548254,750000,true,250000,500000,true
baseline,seed-4,MASS,6,54,3387.85,0.9905994152046783,0.25,846962.5,0.7083333333333334,1,2.125,true,true,true,0,750000,false,0,500000,false
baseline,seed-4,BAL,6,64.180352,3812.68,0.8918549707602339,0.3,1143804,1,1,3,true,true,true,7676624.81523807,750000,true,0,500000,false
baseline,seed-4,JPQ,6,53.5344,4239.95,0.9918011695906432,0.33,1399183.5,1.411764705882353,1,4.235294117647059,true,true,true,23929658.22787044,750000,true,0,500000,false
baseline,seed-4,CONSV,6,61.0656,3188.75,0.9323830409356725,0.35,1116062.5,1.105263157894737,1.05,3.1578947368421053,true,true,true,34104550.55342435,750000,true,500000,500000,true
baseline,seed-4,VAP,6,52,5090.5,0.9923001949317739,0.28,1425340.0000000002,1.2941176470588236,1,3.882352941176471,true,true,true,17117358.547002375,750000,true,0,500000,false
baseline,seed-4,MASS,7,53.76,1991.6,0.5823391812865497,0.25,497900,0.7083333333333334,1,2.125,true,true,true,34175925.61432095,750000,true,500000,500000,true
baseline,seed-4,BAL,7,63.32953088,4021.96,0.9408093567251462,0.3,1206588,1,1,3,true,true,true,38329908.0351623,750000,true,500000,500000,true
baseline,seed-4,JPQ,7,53.322336,4247.21,0.9934994152046783,0.33,1401579.3,1.411764705882353,1,4.235294117647059,true,true,true,12306917.331850307,750000,true,0,500000,false
baseline,seed-4,CONSV,7,64.180352,3194.86,0.9341695906432749,0.35,1118201,1.105263157894737,1.05,3.1578947368421053,true,true,true,15133014.737615626,750000,true,0,500000,false
baseline,seed-4,VAP,7,51.88,5089.99,0.9922007797270955,0.28,1425197.2000000002,1.2941176470588236,1,3.882352941176471,true,true,true,28512499.103244253,750000,true,500000,500000,true
baseline,seed-4,MASS,8,57.459199999999996,3388.19,0.9906988304093567,0.25,847047.5,0.7083333333333334,1,2.125,true,true,true,0,750000,false,0,500000,false
baseline,seed-4,BAL,8,66.2631684096,4216.1,0.9862222222222223,0.3,1264830,1,1,3,true,true,true,35235446.522060744,750000,true,500000,500000,true
baseline,seed-4,JPQ,8,53.12299584,4254.05,0.9950994152046784,0.33,1403836.5,1.411764705882353,1,4.235294117647059,true,true,true,35796590.02616476,750000,true,500000,500000,true
baseline,seed-4,CONSV,8,63.32953088,3402.56,0.9949005847953216,0.35,1190896,1.105263157894737,1.05,3.1578947368421053,true,true,true,31512207.214568734,750000,true,500000,500000,true
baseline,seed-4,VAP,8,55.729600000000005,5089.99,0.9922007797270955,0.28,1425197.2000000002,1.2941176470588236,1,3.882352941176471,true,true,true,34710071.88908885,750000,true,500000,500000,true
baseline,seed-4,MASS,9,57.011647999999994,1145.27,0.33487426900584794,0.25,286317.5,0.7083333333333334,1,2.125,true,true,true,33723637.76909518,750000,true,0,500000,false
baseline,seed-4,BAL,9,68.962114936832,4216.95,0.9864210526315789,0.3,1265085,1,1,3,true,true,true,40253655.758502215,750000,true,500000,500000,true
baseline,seed-4,JPQ,9,56.8731561728,4254.05,0.9950994152046784,0.33,1403836.5,1.411764705882353,1,4.235294117647059,true,true,true,44550738.20194633,750000,true,500000,500000,true
baseline,seed-4,CONSV,9,66.2631684096,3178.37,0.9293479532163742,0.35,1112429.5,1.105263157894737,1.05,3.1578947368421053,true,true,true,36636638.86873103,750000,true,500000,500000,true
baseline,seed-4,VAP,9,59.271232000000005,5089.99,0.9922007797270955,0.28,1425197.2000000002,1.2941176470588236,1,3.882352941176471,true,true,true,30248187.02906103,750000,true,500000,500000,true
baseline,seed-4,MASS,10,56.59094911999999,3385.46,0.9899005847953216,0.25,846365,0.7083333333333334,1,2.125,true,true,true,1945523.4958558343,750000,true,0,500000,false
baseline,seed-4,BAL,10,71.44514574188544,3522.4,0.823953216374269,0.3,1056720,1,1,3,true,true,true,35624305.090576746,750000,true,500000,500000,true
baseline,seed-4,JPQ,10,60.323303678976,4254.91,0.9953005847953216,0.33,1404120.3,1.411764705882353,1,4.235294117647059,true,true,true,48892973.27497981,750000,true,500000,500000,true
baseline,seed-4,CONSV,10,68.962114936832,3389.09,0.932670106639147,0.35,1186181.5,1.105263157894737,1.05,3.1578947368421053,true,true,true,36386284.54775838,750000,true,500000,500000,true
baseline,seed-4,VAP,10,62.52953344,4617,0.9,0.28,1292760.0000000002,1.2941176470588236,1,3.882352941176471,true,true,true,38237417.40192284,750000,true,500000,500000,true
baseline,seed-4,MASS,11,56.19549217279999,1514.28,0.44277192982456137,0.25,378570,0.7083333333333334,1,2.125,true,true,true,34438964.69528873,750000,true,0,500000,false
baseline,seed-4,BAL,11,73.7295340825346,4058.52,0.949361403508772,0.3,1217556,1,1,3,true,true,true,25716443.536167346,750000,true,0,500000,false
baseline,seed-4,JPQ,11,63.49743938465792,4255.34,0.9954011695906433,0.33,1404262.2,1.411764705882353,1,4.235294117647059,true,true,true,53900655.77677405,750000,true,500000,500000,true
baseline,seed-4,CONSV,11,71.44514574188544,3616.31,0.9952005503955969,0.35,1265708.5,1.105263157894737,1.05,3.1578947368421053,true,true,true,46692379.601250105,750000,true,500000,500000,true
baseline,seed-4,VAP,11,65.5271707648,5098.71,0.9939005847953216,0.28,1427638.8,1.2941176470588236,1,3.882352941176471,true,true,true,37517884.46056619,750000,true,500000,500000,true
baseline,seed-4,MASS,12,55.82376264243199,3385.12,0.9898011695906432,0.25,846280,0.7083333333333334,1,2.125,true,true,true,23294866.31923698,750000,true,0,500000,false
baseline,seed-4,BAL,12,72.30576203758253,4090.39,0.9568163742690058,0.3,1227117,1,1,3,true,true,true,43174095.21928673,750000,true,500000,500000,true
baseline,seed-4,JPQ,12,66.41764423388528,4255.34,0.9954011695906433,0.33,1404262.2,1.411764705882353,1,4.235294117647059,true,true,true,48397280.35065573,750000,true,500000,500000,true
baseline,seed-4,CONSV,12,73.7295340825346,3432.12,0.9445118679050567,0.35,1201242,1.105263157894737,1.05,3.1578947368421053,true,true,true,36297004.89407772,750000,true,500000,500000,true
baseline,seed-4,VAP,12,68.284997103616,4617,0.9,0.28,1292760.0000000002,1.2941176470588236,1,3.882352941176471,true,true,true,47050267.97879169,750000,true,500000,500000,true
baseline,seed-4,MASS,13,55.47433688388607,3393.67,0.9923011695906433,0.25,848417.5,0.7083333333333334,1,2.125,true,true,true,20348527.03048976,750000,true,0,500000,false
baseline,seed-4,BAL,13,74.52130107457592,4008.12,0.8929256474519632,0.3,1202436,1,1,3,true,true,true,55852072.09695966,750000,true,500000,500000,true
baseline,seed-4,JPQ,13,69.10423269517446,4255.34,0.9954011695906433,0.33,1404262.2,1.411764705882353,1,4.235294117647059,true,true,true,59480805.16278077,750000,true,500000,500000,true
baseline,seed-4,CONSV,13,75.83117135593183,3616.31,0.9952005503955969,0.35,1265708.5,1.105263157894737,1.05,3.1578947368421053,true,true,true,34180481.654969886,750000,true,500000,500000,true
baseline,seed-4,VAP,13,70.82219733532672,5106.4,0.9953996101364522,0.28,1429792.0000000002,1.2941176470588236,1,3.882352941176471,true,true,true,49968926.42257993,750000,true,500000,500000,true
baseline,seed-4,MASS,14,55.1458766708529,2826.38,0.8264269005847954,0.25,706595,0.7083333333333334,1,2.125,true,true,true,34350506.38385757,750000,true,500000,500000,true
baseline,seed-4,BAL,14,76.55959698860984,4145.32,0.9234909495962127,0.3,1243595.9999999998,1,1,3,true,true,true,69141130.25583951,750000,true,500000,500000,true
baseline,seed-4,JPQ,14,71.5758940795605,4255.34,0.9954011695906433,0.33,1404262.2,1.411764705882353,1,4.235294117647059,true,true,true,70802722.52765583,750000,true,500000,500000,true
baseline,seed-4,CONSV,14,77.76467764745729,3617.03,0.9953986928104576,0.35,1265960.5,1.105263157894737,1.05,3.1578947368421053,true,true,true,42517223.30768794,750000,true,500000,500000,true
baseline,seed-4,VAP,14,73.15642154850059,5106.4,0.9953996101364522,0.28,1429792.0000000002,1.2941176470588236,1,3.882352941176471,true,true,true,58717635.89172216,750000,true,500000,500000,true
baseline,seed-4,MASS,15,58.73420653718467,2378.77,0.695546783625731,0.25,594692.5,0.7083333333333334,1,2.125,true,true,true,21475812.24291493,750000,true,0,500000,false
baseline,seed-4,BAL,15,78.43482922952106,4150.68,0.9246850459482039,0.3,1245204,1,1,3,true,true,true,83655536.06683877,750000,true,500000,500000,true
baseline,seed-4,JPQ,15,73.84982255319566,4255.34,0.9480011138958507,0.33,1404262.2,1.411764705882353,1,4.235294117647059,true,true,true,84153077.89235888,750000,true,500000,500000,true
baseline,seed-4,CONSV,15,79.54350343566071,3615.58,0.994999656002752,0.35,1265453,1.105263157894737,1.05,3.1578947368421053,true,true,true,55687171.607713476,750000,true,500000,500000,true
baseline,seed-4,VAP,15,75.30390782462054,5106.4,0.9953996101364522,0.28,1429792.0000000002,1.2941176470588236,1,3.882352941176471,true,true,true,69411537.1956184,750000,true,500000,500000,true
baseline,seed-4,MASS,16,58.21015414495359,2935.67,0.8583830409356725,0.25,733917.5,0.7083333333333334,1,2.125,true,true,true,33939005.98161015,750000,true,500000,500000,true
baseline,seed-4,BAL,16,80.16004289115938,4143.39,0.923060985797828,0.3,1243017,1,1,3,true,true,true,88555734.82388496,750000,true,500000,500000,true
baseline,seed-4,JPQ,16,75.94183674894,4467.2,0.9951991088833194,0.33,1474176,1.411764705882353,1,4.235294117647059,true,true,true,94511990.79632129,750000,true,500000,500000,true
baseline,seed-4,CONSV,16,81.18002316080785,3409.7,0.8862118258609486,0.35,1193395,1.105263157894737,1.05,3.1578947368421053,true,true,true,70837409.41565338,750000,true,500000,500000,true
baseline,seed-4,VAP,16,77.2795951986509,5106.4,0.9953996101364522,0.28,1429792.0000000002,1.2941176470588236,1,3.882352941176471,true,true,true,81942212.0696972,750000,true,500000,500000,true
baseline,seed-4,MASS,17,61.55334181335731,3178.47,0.9293771929824561,0.25,794617.5,0.7083333333333334,1,2.125,true,true,true,33607812.19566457,750000,true,500000,500000,true
baseline,seed-4,BAL,17,81.74723945986663,4190.61,0.9335806182121971,0.3,1257182.9999999998,1,1,3,true,true,true,103006197.58129546,750000,true,500000,500000,true
baseline,seed-4,JPQ,17,77.8664898090248,4468.1,0.9953996101364523,0.33,1474473,1.411764705882353,1,4.235294117647059,true,true,true,104590821.85946319,750000,true,500000,500000,true
baseline,seed-4,CONSV,17,82.68562130794322,3593.49,0.933980506822612,0.35,1257721.5,1.105263157894737,1.05,3.1578947368421053,true,true,true,80865953.32816161,750000,true,500000,500000,true
baseline,seed-4,VAP,17,79.09722758275882,5106.4,0.9555836257309941,0.28,1429792.0000000002,1.2941176470588236,1,3.882352941176471,true,true,true,91016143.2542507,750000,true,500000,500000,true
baseline,seed-4,MASS,18,64.62907446828872,3225.4,0.9430994152046784,0.25,806350,0.7083333333333334,1,2.125,true,true,true,32456353.204082713,750000,true,500000,500000,true
baseline,seed-4,BAL,18,83.2074603030773,4180.91,0.9314196602617655,0.3,1254273,1,1,3,true,true,true,121900125.13962053,750000,true,500000,500000,true
baseline,seed-4,JPQ,18,79.63717062430281,4468.55,0.9954998607630187,0.33,1474621.5,1.411764705882353,1,4.235294117647059,true,true,true,116576803.92983781,750000,true,500000,500000,true
baseline,seed-4,CONSV,18,84.07077160330776,3685.65,0.9579337231968811,0.35,1289977.5,1.105263157894737,1.05,3.1578947368421053,true,true,true,94690813.56023532,750000,true,500000,500000,true
baseline,seed-4,VAP,18,80.76944937613811,5319.17,0.9954002339181287,0.28,1489367.6,1.2941176470588236,1,3.882352941176471,true,true,true,99974829.87205034,750000,true,500000,500000,true
baseline,seed-4,MASS,19,67.45874851082563,3205.09,0.9371608187134504,0.25,801272.5,0.7083333333333334,1,2.125,true,true,true,42114951.54908405,750000,true,500000,500000,true
baseline,seed-4,BAL,19,84.55086347883112,4112.46,0.916170426065163,0.3,1233738,1,1,3,true,true,true,137669219.33245897,750000,true,500000,500000,true
baseline,seed-4,JPQ,19,81.26619697435859,4467.65,0.9952993595098858,0.33,1474324.5,1.411764705882353,1,4.235294117647059,true,true,true,129249898.99901758,750000,true,500000,500000,true
baseline,seed-4,CONSV,19,85.34510987504314,3614.52,0.9394463937621832,0.35,1265082,1.105263157894737,1.05,3.1578947368421053,true,true,true,108281984.2571775,750000,true,500000,500000,true
baseline,seed-4,VAP,19,82.30789342604706,5319.17,0.9954002339181287,0.28,1489367.6,1.2941176470588236,1,3.882352941176471,true,true,true,110006790.21919736,750000,true,500000,500000,true
baseline,seed-4,MASS,20,70.06204862995958,3166.66,0.925923976608187,0.25,791665,0.7083333333333334,1,2.125,true,true,true,43442254.739547074,750000,true,500000,500000,true
baseline,seed-4,BAL,20,85.78679440052463,4173.79,0.9298334725703147,0.3,1252137,1,1,3,true,true,true,154069305.28160793,750000,true,500000,500000,true
baseline,seed-4,JPQ,20,82.76490121640991,4468.1,0.9953996101364523,0.33,1474473,1.411764705882353,1,4.235294117647059,true,true,true,143727896.58354524,750000,true,500000,500000,true
baseline,seed-4,CONSV,20,86.51750108503968,3625.45,0.9422871994801819,0.35,1268907.5,1.105263157894737,1.05,3.1578947368421053,true,true,true,123049972.51044153,750000,true,500000,500000,true
baseline,seed-4,VAP,20,83.7232619519633,5319.17,0.9954002339181287,0.28,1489367.6,1.2941176470588236,1,3.882352941176471,true,true,true,121854272.08568943,750000,true,500000,500000,true
baseline,seed-4,MASS,21,72.45708473956282,3122.66,0.9130584795321637,0.25,780665,0.7083333333333334,1,2.125,true,true,true,51849990.541347586,750000,true,500000,500000,true
baseline,seed-4,BAL,21,86.92385084848266,4218.22,0.9397315510999722,0.3,1265466,1,1,3,true,true,true,169204514.73784453,750000,true,500000,500000,true
baseline,seed-4,JPQ,21,84.14370911909711,4468.1,0.9501541733120681,0.33,1474473,1.411764705882353,1,4.235294117647059,true,true,true,157241716.42135546,750000,true,500000,500000,true
baseline,seed-4,CONSV,21,87.59610099823651,3662.48,0.9519116309291747,0.35,1281868,1.105263157894737,1.05,3.1578947368421053,true,true,true,134771606.77868506,750000,true,500000,500000,true
baseline,seed-4,VAP,21,85.02540099580624,5318.63,0.9952991812865497,0.28,1489216.4000000001,1.2941176470588236,1,3.882352941176471,true,true,true,130953168.47969708,750000,true,500000,500000,true
baseline,seed-4,MASS,22,74.6605179603978,3122.66,0.9130584795321637,0.25,780665,0.7083333333333334,1,2.125,true,true,true,47722677.873502806,750000,true,500000,500000,true
baseline,seed-4,BAL,22,87.96994278060404,4440.65,0.9892843219159008,0.3,1332195,1,1,3,true,true,true,185717487.05954477,750000,true,500000,500000,true
baseline,seed-4,JPQ,22,85.41221238956935,4679.93,0.9952004253056885,0.33,1544376.9000000001,1.411764705882353,1,4.235294117647059,true,true,true,172068642.25619966,750000,true,500000,500000,true
baseline,seed-4,CONSV,22,88.58841291837759,3649.92,0.9486471734892787,0.35,1277472,1.105263157894737,1.05,3.1578947368421053,true,true,true,150883254.57942915,750000,true,500000,500000,true
baseline,seed-4,VAP,22,86.22336891614174,5318.63,0.9952991812865497,0.28,1489216.4000000001,1.2941176470588236,1,3.882352941176471,true,true,true,145458388.95674667,750000,true,500000,500000,true
baseline,seed-4,MASS,23,76.68767652356597,3122.66,0.9130584795321637,0.25,780665,0.7083333333333334,1,2.125,true,true,true,52807408.147159815,750000,true,500000,500000,true
baseline,seed-4,BAL,23,88.93234735815572,4453.29,0.9921002506265664,0.3,1335987,1,1,3,true,true,true,205141473.65963554,750000,true,500000,500000,true
baseline,seed-4,JPQ,23,86.5792353984038,4680.87,0.9954003189792663,0.33,1544687.1,1.411764705882353,1,4.235294117647059,true,true,true,184385084.60322705,750000,true,500000,500000,true
baseline,seed-4,CONSV,23,89.50133988490738,3633.97,0.9445016244314489,0.35,1271889.5,1.105263157894737,1.05,3.1578947368421053,true,true,true,166763495.79980218,750000,true,500000,500000,true
baseline,seed-4,VAP,23,87.3254994028504,5319.17,0.9571156095366622,0.28,1489367.6,1.2941176470588236,1,3.882352941176471,true,true,true,160663276.17646286,750000,true,500000,500000,true
baseline,seed-4,MASS,24,78.55266240168069,2760.49,0.8071608187134502,0.25,690122.5,0.7083333333333334,1,2.125,true,true,true,42300568.74765514,750000,true,500000,500000,true
baseline,seed-4,BAL,24,89.81775956950327,4454.19,0.9923007518796991,0.3,1336257,1,1,3,true,true,true,222781469.80068785,750000,true,500000,500000,true
baseline,seed-4,JPQ,24,87.6528965665315,4680.87,0.9954003189792663,0.33,1544687.1,1.411764705882353,1,4.235294117647059,true,true,true,196508321.76521415,750000,true,500000,500000,true
baseline,seed-4,CONSV,24,90.3412326941148,3778.41,0.9820428849902534,0.35,1322443.5,1.105263157894737,1.05,3.1578947368421053,true,true,true,179973402.46082672,750000,true,0,500000,false
baseline,seed-4,VAP,24,88.33945945062237,5530.82,0.9951992802519117,0.28,1548629.6,1.2941176470588236,1,3.882352941176471,true,true,true,173122065.4124457,750000,true,500000,500000,true
baseline,seed-4,MASS,25,80.26844940954624,3319.14,0.5545764411027568,0.25,829785,0.7083333333333334,1,2.125,true,true,true,55880785.47540189,750000,true,500000,500000,true
baseline,seed-4,BAL,25,90.632338803943,4454.19,0.9923007518796991,0.3,1336257,1,1,3,true,true,true,245830881.18468016,750000,true,0,500000,false
baseline,seed-4,JPQ,25,88.64066484120897,4680.87,0.9954003189792663,0.33,1544687.1,1.411764705882353,1,4.235294117647059,true,true,true,212461762.32368174,750000,true,500000,500000,true
baseline,seed-4,CONSV,25,87.9207587324679,3829.42,0.9953008447043535,0.35,1340297,1.105263157894737,1.05,3.1578947368421053,true,true,true,195138361.21792907,750000,true,500000,500000,true
baseline,seed-4,VAP,25,89.27230269457259,5531.38,0.9953000449842555,0.28,1548786.4000000001,1.2941176470588236,1,3.882352941176471,true,true,true,185636586.91860893,750000,true,500000,500000,true
baseline,seed-4,MASS,26,81.84697345678254,2322.08,0.319515651874785,0.25,580520,0.7083333333333334,1,2.125,true,true,true,39024331.63473225,750000,true,0,500000,false
baseline,seed-4,BAL,26,88.19439847570641,4454.19,0.9923007518796991,0.3,1336257,1,1,3,true,true,true,255827138.4986399,750000,true,500000,500000,true
baseline,seed-4,JPQ,26,89.54941165391226,4680.87,0.9954003189792663,0.33,1544687.1,1.411764705882353,1,4.235294117647059,true,true,true,227545546.2626013,750000,true,500000,500000,true
baseline,seed-4,CONSV,26,88.88709803387047,3818.52,0.9924678362573099,0.35,1336482,1.105263157894737,1.05,3.1578947368421053,true,true,true,209232403.88660294,750000,true,500000,500000,true
baseline,seed-4,VAP,26,90.13051847900678,5531.94,0.9954008097165992,0.28,1548943.2000000002,1.2941176470588236,1,3.882352941176471,true,true,true,198289846.47473025,750000,true,0,500000,false
baseline,seed-4,MASS,27,79.93615504937559,5673.5,0.6635672514619883,0.25,1418375,0.7083333333333334,1,2.125,true,true,true,56260229.7876832,750000,true,500000,500000,true
baseline,seed-4,BAL,27,89.13884659764989,4454.19,0.9923007518796991,0.3,1336257,1,1,3,true,true,true,274274567.36783075,750000,true,500000,500000,true
baseline,seed-4,JPQ,27,90.38545872159928,4681.34,0.9522176455631833,0.33,1544842.2000000002,1.411764705882353,1,4.235294117647059,true,true,true,239407001.4505506,750000,true,0,500000,false
baseline,seed-4,CONSV,27,89.77613019116083,3777.48,0.9818011695906432,0.35,1322118,1.105263157894737,1.05,3.1578947368421053,true,true,true,223007195.53091598,750000,true,500000,500000,true
baseline,seed-4,VAP,27,87.72268737026637,5531.94,0.9954008097165992,0.28,1548943.2000000002,1.2941176470588236,1,3.882352941176471,true,true,true,211016288.04323152,750000,true,500000,500000,true
baseline,seed-4,MASS,28,81.54126264542553,4568.15,0.5342865497076023,0.25,1142037.5,0.7083333333333334,1,2.125,true,true,true,69221809.78256866,750000,true,500000,500000,true
baseline,seed-4,BAL,28,90.0077388698379,4055.4,0.9034586466165414,0.3,1216620,1,1,3,true,true,true,285749491.5742189,750000,true,0,500000,false
baseline,seed-4,JPQ,28,87.96233119830332,4892.65,0.9951995931858632,0.33,1614574.5,1.411764705882353,1,4.235294117647059,true,true,true,251764112.92271104,750000,true,500000,500000,true
baseline,seed-4,CONSV,28,90.59403977586797,3769.89,0.9798284600389863,0.35,1319461.5,1.105263157894737,1.05,3.1578947368421053,true,true,true,240019047.04351252,750000,true,0,500000,false
baseline,seed-4,VAP,28,88.70487238064506,5531.94,0.9954008097165992,0.28,1548943.2000000002,1.2941176470588236,1,3.882352941176471,true,true,true,227023408.04159352,750000,true,500000,500000,true
baseline,seed-4,MASS,29,83.01796163379149,5972.43,0.6985298245614036,0.25,1493107.5,0.7083333333333334,1,2.125,true,true,true,80294962.12809369,750000,true,500000,500000,true
baseline,seed-4,BAL,29,87.60727453764761,4062.35,0.905006961849067,0.3,1218705,1,1,3,true,true,true,317303988.4263307,750000,true,500000,500000,true
baseline,seed-4,JPQ,29,88.92534470243905,4893.64,0.995400966183575,0.33,1614901.2000000002,1.411764705882353,1,4.235294117647059,true,true,true,261182143.7607118,750000,true,500000,500000,true
baseline,seed-4,CONSV,29,88.1583973893159,3781.86,0.9829395711500974,0.35,1323651,1.105263157894737,1.05,3.1578947368421053,true,true,true,257605698.13697064,750000,true,500000,500000,true
baseline,seed-4,VAP,29,89.60848259019345,5531.38,0.958437080355209,0.28,1548786.4000000001,1.2941176470588236,1,3.882352941176471,true,true,true,242031591.70496342,750000,true,500000,500000,true
baseline,seed-4,MASS,30,84.37652470308817,6158.26,0.7202643274853802,0.25,1539565,0.7083333333333334,1,2.125,true,true,true,89243081.32997362,750000,true,500000,500000,true
baseline,seed-4,BAL,30,88.5986925746358,4068.48,0.9063725981620718,0.3,1220544,1,1,3,true,true,true,342864027.66515934,750000,true,500000,500000,true
baseline,seed-4,JPQ,30,89.81131712624392,4894.13,0.9955006356470888,0.33,1615062.9000000001,1.411764705882353,1,4.235294117647059,true,true,true,270815377.3850782,750000,true,500000,500000,true
baseline,seed-4,CONSV,30,89.10572559817062,3789.56,0.9849408706952566,0.35,1326346,1.105263157894737,1.05,3.1578947368421053,true,true,true,275767078.7428908,750000,true,500000,500000,true
baseline,seed-4,VAP,30,90.43980398297796,5743.55,0.9952003465453758,0.28,1608194.0000000002,1.2941176470588236,1,3.882352941176471,true,true,true,255691440.31126595,750000,true,0,500000,false
baseline,seed-4,MASS,31,85.6264027268411,4565.08,0.5339274853801169,0.25,1141270,0.7083333333333334,1,2.125,true,true,true,73917802.98716336,750000,true,500000,500000,true
baseline,seed-4,BAL,31,89.51079716866494,4025.72,0.5707205387205387,0.3,1207716,1,1,3,true,true,true,366022588.8991307,750000,true,500000,500000,true
baseline,seed-4,JPQ,31,90.6264117561444,4894.13,0.9955006356470888,0.33,1615062.9000000001,1.411764705882353,1,4.235294117647059,true,true,true,278949622.2758545,750000,true,0,500000,false
baseline,seed-4,CONSV,31,89.97726755031697,3788.93,0.9847771280051981,0.35,1326125.5,1.105263157894737,1.05,3.1578947368421053,true,true,true,294107128.14672863,750000,true,500000,500000,true
baseline,seed-4,VAP,31,88.01341574399927,5744.7,0.9953996101364522,0.28,1608516.0000000002,1.2941176470588236,1,3.882352941176471,true,true,true,271239282.1518098,750000,true,500000,500000,true
baseline,seed-4,MASS,32,86.77629050869382,4798,0.43166891587944217,0.25,1199500,0.7083333333333334,1,2.125,true,true,true,77252917.00401384,750000,true,0,500000,false
baseline,seed-4,BAL,32,90.34993339517175,5354.299999999999,0.6262339181286549,0.3,1606289.9999999998,1,1,3,true,true,true,350961207.011189,750000,true,0,500000,false
baseline,seed-4,JPQ,32,88.18882705077574,4894.13,0.6541861319966583,0.33,1615062.9000000001,1.411764705882353,1,4.235294117647059,true,true,true,296302599.4464934,750000,true,500000,500000,true
baseline,seed-4,CONSV,32,90.7790861462916,3790.26,0.985122807017544,0.35,1326591,1.105263157894737,1.05,3.1578947368421053,true,true,true,311520010.44876796,750000,true,0,500000,false
baseline,seed-4,VAP,32,88.97234248447933,5744.7,0.9953996101364522,0.28,1608516.0000000002,1.2941176470588236,1,3.882352941176471,true,true,true,287168023.5197534,750000,true,500000,500000,true
baseline,seed-5,MASS,1,50,0,0,0.25,0,0.7083333333333334,1,2.125,false,false,false,30000000,750000,true,0,0,true
baseline,seed-5,BAL,1,50,0,0,0.3,0,1,1,3,false,false,false,30000000,750000,true,0,0,true
baseline,seed-5,JPQ,1,50,0,0,0.33,0,1.411764705882353,1,4.235294117647059,false,false,false,25000000,750000,true,0,0,true
baseline,seed-5,CONSV,1,50,0,0,0.35,0,1.105263157894737,1.05,3.1578947368421053,false,false,false,35000000,750000,true,0,0,true
baseline,seed-5,VAP,1,50,0,0,0.28,0,1.2941176470588236,1,3.882352941176471,false,false,false,22000000,750000,true,0,0,true
baseline,seed-5,MASS,2,50,2676.59,0.7826286549707603,0.25,669147.5,0.7083333333333334,1,2.125,true,true,true,14530663.532499146,750000,true,0,500000,false
baseline,seed-5,BAL,2,50,3935.21,0.9205169590643275,0.3,1180563,1,1,3,true,true,true,41575441.369690195,750000,true,500000,500000,true
baseline,seed-5,JPQ,2,50,2509.76,0.5870783625730994,0.33,828220.8,1.411764705882353,1,4.235294117647059,true,true,true,14494279.701722093,750000,true,0,500000,false
baseline,seed-5,CONSV,2,50,2128.14,0.6222631578947369,0.35,744849,1.105263157894737,1.05,3.1578947368421053,true,true,true,10878104.155727632,750000,true,0,500000,false
baseline,seed-5,VAP,2,50,5093.06,0.9927992202729046,0.28,1426056.8,1.2941176470588236,1,3.882352941176471,true,true,true,20033387.12761445,750000,true,0,500000,false
baseline,seed-5,MASS,3,50,0,0,0.25,0,0.7083333333333334,1,2.125,false,false,false,39783065.70867136,750000,true,0,0,true
baseline,seed-5,BAL,3,54,3739.1,0.8746432748538011,0.3,1121730,1,1,3,true,true,true,37163219.56796392,750000,true,500000,500000,true
baseline,seed-5,JPQ,3,50,3797.33,0.8882643274853801,0.33,1253118.9000000001,1.411764705882353,1,4.235294117647059,true,true,true,30548227.50670083,750000,true,500000,500000,true
baseline,seed-5,CONSV,3,50,2959.32,0.8652982456140351,0.35,1035761.9999999999,1.105263157894737,1.05,3.1578947368421053,true,true,true,34909183.70691529,750000,true,500000,500000,true
baseline,seed-5,VAP,3,50,0,0,0.28,0,1.2941176470588236,1,3.882352941176471,false,false,false,21574317.37611035,750000,true,0,0,true
baseline,seed-5,MASS,4,50,3394.35,0.9924999999999999,0.25,848587.5,0.7083333333333334,1,2.125,true,true,true,5890961.725263432,750000,true,0,500000,false
baseline,seed-5,BAL,4,57.68,3584.59,0.8385005847953216,0.3,1075377,1,1,3,true,true,true,36980572.90316485,750000,true,500000,500000,true
baseline,seed-5,JPQ,4,54,4070.74,0.9522198830409356,0.33,1343344.2,1.411764705882353,1,4.235294117647059,true,true,true,25600795.336247873,750000,true,0,500000,false
baseline,seed-5,CONSV,4,54,3188.75,0.9323830409356725,0.35,1116062.5,1.105263157894737,1.05,3.1578947368421053,true,true,true,32699856.266310584,750000,true,500000,500000,true
baseline,seed-5,VAP,4,50,4335.88,0.8452007797270955,0.28,1214046.4000000001,1.2941176470588236,1,3.882352941176471,true,true,true,16903187.634751376,750000,true,0,500000,false
baseline,seed-5,MASS,5,50,1906.41,0.5574298245614036,0.25,476602.5,0.7083333333333334,1,2.125,true,true,true,39475117.89497675,750000,true,500000,500000,true
baseline,seed-5,BAL,5,61.0656,4017.56,0.9397801169590643,0.3,1205268,1,1,3,true,true,true,42758699.32657854,750000,true,500000,500000,true
baseline,seed-5,JPQ,5,53.76,4087.3,0.956093567251462,0.33,1348809,1.411764705882353,1,4.235294117647059,true,true,true,25553355.488790736,750000,true,0,500000,false
baseline,seed-5,CONSV,5,57.68,3390.59,0.9914005847953217,0.35,1186706.5,1.105263157894737,1.05,3.1578947368421053,true,true,true,36338294.896707185,750000,true,500000,500000,true
baseline,seed-5,VAP,5,50,5088.96,0.992,0.28,1424908.8,1.2941176470588236,1,3.882352941176471,true,true,true,27847954.964103304,750000,true,500000,500000,true
baseline,seed-5,MASS,6,54,3378.3,0.9878070175438597,0.25,844575,0.7083333333333334,1,2.125,true,true,true,0,750000,false,0,500000,false
baseline,seed-5,BAL,6,64.180352,4188.27,0.9797122807017545,0.3,1256481,1,1,3,true,true,true,17789616.377177194,750000,true,0,500000,false
baseline,seed-5,JPQ,6,53.5344,4239.95,0.9918011695906432,0.33,1399183.5,1.411764705882353,1,4.235294117647059,true,true,true,22204044.69152335,750000,true,0,500000,false
baseline,seed-5,CONSV,6,61.0656,3188.75,0.9323830409356725,0.35,1116062.5,1.105263157894737,1.05,3.1578947368421053,true,true,true,34775649.302686326,750000,true,500000,500000,true
baseline,seed-5,VAP,6,54,5090.5,0.9923001949317739,0.28,1425340.0000000002,1.2941176470588236,1,3.882352941176471,true,true,true,16701727.569992747,750000,true,0,500000,false
baseline,seed-5,MASS,7,53.76,1991.04,0.5821754385964912,0.25,497760,0.7083333333333334,1,2.125,true,true,true,34426236.06459956,750000,true,500000,500000,true
baseline,seed-5,BAL,7,63.32953088,3755.61,0.8785052631578948,0.3,1126683,1,1,3,true,true,true,32868300.830211163,750000,true,500000,500000,true
baseline,seed-5,JPQ,7,53.322336,4247.21,0.9934994152046783,0.33,1401579.3,1.411764705882353,1,4.235294117647059,true,true,true,13822135.563197777,750000,true,0,500000,false
baseline,seed-5,CONSV,7,64.180352,3194.86,0.9341695906432749,0.35,1118201,1.105263157894737,1.05,3.1578947368421053,true,true,true,17401858.829036996,750000,true,0,500000,false
baseline,seed-5,VAP,7,53.76,5089.99,0.9922007797270955,0.28,1425197.2000000002,1.2941176470588236,1,3.882352941176471,true,true,true,29096732.59385165,750000,true,500000,500000,true
baseline,seed-5,MASS,8,57.459199999999996,3388.19,0.9906988304093567,0.25,847047.5,0.7083333333333334,1,2.125,true,true,true,0,750000,false,0,500000,false
baseline,seed-5,BAL,8,66.2631684096,4022.77,0.9409988304093567,0.3,1206831,1,1,3,true,true,true,26642545.02424614,750000,true,500000,500000,true
baseline,seed-5,JPQ,8,53.12299584,4254.05,0.9950994152046784,0.33,1403836.5,1.411764705882353,1,4.235294117647059,true,true,true,36092371.299676,750000,true,500000,500000,true
baseline,seed-5,CONSV,8,63.32953088,3402.56,0.9949005847953216,0.35,1190896,1.105263157894737,1.05,3.1578947368421053,true,true,true,31188685.70570127,750000,true,500000,500000,true
baseline,seed-5,VAP,8,57.459199999999996,5089.99,0.9922007797270955,0.28,1425197.2000000002,1.2941176470588236,1,3.882352941176471,true,true,true,35944018.68959002,750000,true,500000,500000,true
baseline,seed-5,MASS,9,57.011647999999994,1331.08,0.38920467836257305,0.25,332770,0.7083333333333334,1,2.125,true,true,true,33315367.472669885,750000,true,0,500000,false
baseline,seed-5,BAL,9,68.962114936832,4216.53,0.9863228070175438,0.3,1264959,1,1,3,true,true,true,34720127.13716673,750000,true,500000,500000,true
baseline,seed-5,JPQ,9,56.8731561728,4254.05,0.9950994152046784,0.33,1403836.5,1.411764705882353,1,4.235294117647059,true,true,true,42814142.41006929,750000,true,500000,500000,true
baseline,seed-5,CONSV,9,66.2631684096,3257.09,0.9523654970760235,0.35,1139981.5,1.105263157894737,1.05,3.1578947368421053,true,true,true,34332647.07891983,750000,true,500000,500000,true
baseline,seed-5,VAP,9,60.862463999999996,5098.71,0.9939005847953216,0.28,1427638.8,1.2941176470588236,1,3.882352941176471,true,true,true,29680143.839471214,750000,true,500000,500000,true
baseline,seed-5,MASS,10,56.59094911999999,3337.06,0.9757485380116959,0.25,834265,0.7083333333333334,1,2.125,true,true,true,4266955.9232613,750000,true,0,500000,false
baseline,seed-5,BAL,10,71.44514574188544,4106.44,0.9605707602339181,0.3,1231931.9999999998,1,1,3,true,true,true,44231623.93600486,750000,true,500000,500000,true
baseline,seed-5,JPQ,10,60.323303678976,4254.05,0.9950994152046784,0.33,1403836.5,1.411764705882353,1,4.235294117647059,true,true,true,50666081.49790403,750000,true,500000,500000,true
baseline,seed-5,CONSV,10,68.962114936832,3403.24,0.9950994152046783,0.35,1191134,1.105263157894737,1.05,3.1578947368421053,true,true,true,43138802.980487466,750000,true,500000,500000,true
baseline,seed-5,VAP,10,63.99346688,5106.4,0.9953996101364522,0.28,1429792.0000000002,1.2941176470588236,1,3.882352941176471,true,true,true,34553507.03020261,750000,true,500000,500000,true
baseline,seed-5,MASS,11,56.19549217279999,1722.98,0.5037953216374269,0.25,430745,0.7083333333333334,1,2.125,true,true,true,31944881.587158408,750000,true,500000,500000,true
baseline,seed-5,BAL,11,73.7295340825346,3885.19,0.9088163742690059,0.3,1165557,1,1,3,true,true,true,39308404.783897564,750000,true,500000,500000,true
baseline,seed-5,JPQ,11,63.49743938465792,4253.63,0.9950011695906433,0.33,1403697.9000000001,1.411764705882353,1,4.235294117647059,true,true,true,54201538.34831555,750000,true,500000,500000,true
baseline,seed-5,CONSV,11,71.44514574188544,3403.93,0.9367540419676642,0.35,1191375.5,1.105263157894737,1.05,3.1578947368421053,true,true,true,45972272.31907089,750000,true,500000,500000,true
baseline,seed-5,VAP,11,66.8739895296,5106.4,0.9953996101364522,0.28,1429792.0000000002,1.2941176470588236,1,3.882352941176471,true,true,true,33857996.99495072,750000,true,500000,500000,true
baseline,seed-5,MASS,12,59.69985279897599,3385.46,0.9899005847953216,0.25,846365,0.7083333333333334,1,2.125,true,true,true,20629095.496626757,750000,true,0,500000,false
baseline,seed-5,BAL,12,75.83117135593183,3926.14,0.9183953216374269,0.3,1177842,1,1,3,true,true,true,48215763.47019713,750000,true,500000,500000,true
baseline,seed-5,JPQ,12,66.41764423388528,4253.63,0.9950011695906433,0.33,1403697.9000000001,1.411764705882353,1,4.235294117647059,true,true,true,52248342.38802723,750000,true,500000,500000,true
baseline,seed-5,CONSV,12,73.7295340825346,3616.31,0.9952005503955969,0.35,1265708.5,1.105263157894737,1.05,3.1578947368421053,true,true,true,44064322.322973445,750000,true,500000,500000,true
baseline,seed-5,VAP,12,69.524070367232,5106.4,0.9953996101364522,0.28,1429792.0000000002,1.2941176470588236,1,3.882352941176471,true,true,true,42316328.8433492,750000,true,500000,500000,true
baseline,seed-5,MASS,13,59.11786163103743,3340.11,0.976640350877193,0.25,835027.5,0.7083333333333334,1,2.125,true,true,true,17968236.890081488,750000,true,0,500000,false
baseline,seed-5,BAL,13,77.76467764745729,4015.46,0.939288888888889,0.3,1204638,1,1,3,true,true,true,45424128.048794515,750000,true,500000,500000,true
baseline,seed-5,JPQ,13,69.10423269517446,4253.63,0.9950011695906433,0.33,1403697.9000000001,1.411764705882353,1,4.235294117647059,true,true,true,63184286.7272328,750000,true,500000,500000,true
baseline,seed-5,CONSV,13,75.83117135593183,3616.67,0.9952996216030272,0.35,1265834.5,1.105263157894737,1.05,3.1578947368421053,true,true,true,43486745.73169811,750000,true,500000,500000,true
baseline,seed-5,VAP,13,71.96214473785344,5106.4,0.9953996101364522,0.28,1429792.0000000002,1.2941176470588236,1,3.882352941176471,true,true,true,50453145.01435466,750000,true,500000,500000,true
baseline,seed-5,MASS,14,58.57078993317518,2563.69,0.7496169590643275,0.25,640922.5,0.7083333333333334,1,2.125,true,true,true,35381633.59515123,750000,true,500000,500000,true
baseline,seed-5,BAL,14,79.54350343566071,3994.4,0.9343625730994152,0.3,1198320,1,1,3,true,true,true,55848857.01834512,750000,true,500000,500000,true
baseline,seed-5,JPQ,14,71.5758940795605,4253.63,0.9476201615148984,0.33,1403697.9000000001,1.411764705882353,1,4.235294117647059,true,true,true,60735641.582049385,750000,true,500000,500000,true
baseline,seed-5,CONSV,14,77.76467764745729,3616.67,0.9952996216030272,0.35,1265834.5,1.105263157894737,1.05,3.1578947368421053,true,true,true,43986809.443448834,750000,true,500000,500000,true
baseline,seed-5,VAP,14,74.20517315882516,5106.4,0.9555836257309941,0.28,1429792.0000000002,1.2941176470588236,1,3.882352941176471,true,true,true,60392484.33979604,750000,true,500000,500000,true
baseline,seed-5,MASS,15,61.885126738521166,2304.08,0.6737076023391813,0.25,576020,0.7083333333333334,1,2.125,true,true,true,24222893.927322127,750000,true,0,500000,false
baseline,seed-5,BAL,15,81.18002316080785,3969.41,0.9285169590643274,0.3,1190823,1,1,3,true,true,true,67486597.6046097,750000,true,500000,500000,true
baseline,seed-5,JPQ,15,73.84982255319566,4466.76,0.9951010860484545,0.33,1474030.8,1.411764705882353,1,4.235294117647059,true,true,true,70003701.99487664,750000,true,500000,500000,true
baseline,seed-5,CONSV,15,79.54350343566071,3569.42,0.982296525627795,0.35,1249297,1.105263157894737,1.05,3.1578947368421053,true,true,true,51828659.64291595,750000,true,500000,500000,true
baseline,seed-5,VAP,15,76.26875930611915,5319.17,0.9954002339181287,0.28,1489367.6,1.2941176470588236,1,3.882352941176471,true,true,true,68027511.70255566,750000,true,500000,500000,true
baseline,seed-5,MASS,16,61.1720191342099,2707.28,0.7916023391812866,0.25,676820,0.7083333333333334,1,2.125,true,true,true,35492442.92997262,750000,true,500000,500000,true
baseline,seed-5,BAL,16,82.68562130794322,3986.44,0.9325005847953216,0.3,1195932,1,1,3,true,true,true,86006445.03324193,750000,true,500000,500000,true
baseline,seed-5,JPQ,16,75.94183674894,4467.2,0.9951991088833194,0.33,1474176,1.411764705882353,1,4.235294117647059,true,true,true,68717308.66870272,750000,true,500000,500000,true
baseline,seed-5,CONSV,16,81.18002316080785,3419.54,0.9410498796009632,0.35,1196839,1.105263157894737,1.05,3.1578947368421053,true,true,true,66812053.06578333,750000,true,500000,500000,true
baseline,seed-5,VAP,16,78.16725856162962,5319.17,0.9954002339181287,0.28,1489367.6,1.2941176470588236,1,3.882352941176471,true,true,true,79550128.6041678,750000,true,500000,500000,true
baseline,seed-5,MASS,17,64.27825760347311,2956.82,0.8645672514619883,0.25,739205,0.7083333333333334,1,2.125,true,true,true,32919287.400088653,750000,true,500000,500000,true
baseline,seed-5,BAL,17,84.07077160330776,3969.46,0.9285286549707602,0.3,1190838,1,1,3,true,true,true,100672656.5905024,750000,true,500000,500000,true
baseline,seed-5,JPQ,17,77.8664898090248,4468.1,0.9953996101364523,0.33,1474473,1.411764705882353,1,4.235294117647059,true,true,true,74719284.62896636,750000,true,500000,500000,true
baseline,seed-5,CONSV,17,82.68562130794322,3364.32,0.8744171539961014,0.35,1177512,1.105263157894737,1.05,3.1578947368421053,true,true,true,78362987.98621753,750000,true,500000,500000,true
baseline,seed-5,VAP,17,79.91387787669925,5319.17,0.9954002339181287,0.28,1489367.6,1.2941176470588236,1,3.882352941176471,true,true,true,87978606.94699597,750000,true,500000,500000,true
baseline,seed-5,MASS,18,67.13599699519526,2957.42,0.8647426900584796,0.25,739355,0.7083333333333334,1,2.125,true,true,true,32529333.542267665,750000,true,500000,500000,true
baseline,seed-5,BAL,18,85.34510987504314,3987.65,0.9327836257309942,0.3,1196295,1,1,3,true,true,true,119492950.22870517,750000,true,500000,500000,true
baseline,seed-5,JPQ,18,79.63717062430281,4468.1,0.9953996101364523,0.33,1474473,1.411764705882353,1,4.235294117647059,true,true,true,88412008.71674246,750000,true,500000,500000,true
baseline,seed-5,CONSV,18,84.07077160330776,3633.12,0.9442807017543859,0.35,1271592,1.105263157894737,1.05,3.1578947368421053,true,true,true,91644115.41407806,750000,true,500000,500000,true
baseline,seed-5,VAP,18,81.5207676465633,5319.17,0.9954002339181287,0.28,1489367.6,1.2941176470588236,1,3.882352941176471,true,true,true,99120395.12076086,750000,true,500000,500000,true
baseline,seed-5,MASS,19,69.76511723557964,2746.78,0.8031520467836258,0.25,686695,0.7083333333333334,1,2.125,true,true,true,41933449.079987004,750000,true,500000,500000,true
baseline,seed-5,BAL,19,86.51750108503968,3962.37,0.9268701754385965,0.3,1188711,1,1,3,true,true,true,135650672.28630337,750000,true,500000,500000,true
baseline,seed-5,JPQ,19,81.26619697435859,4468.1,0.9953996101364523,0.33,1474473,1.411764705882353,1,4.235294117647059,true,true,true,106017782.63151865,750000,true,500000,500000,true
baseline,seed-5,CONSV,19,85.34510987504314,3696.52,0.9607589343729694,0.35,1293782,1.105263157894737,1.05,3.1578947368421053,true,true,true,105459895.46805337,750000,true,500000,500000,true
baseline,seed-5,VAP,19,82.99910623483824,5319.17,0.9954002339181287,0.28,1489367.6,1.2941176470588236,1,3.882352941176471,true,true,true,111613124.78828347,750000,true,500000,500000,true
baseline,seed-5,MASS,20,72.18390785673327,3160.72,0.9241871345029239,0.25,790180,0.7083333333333334,1,2.125,true,true,true,43932192.33499137,750000,true,500000,500000,true
baseline,seed-5,BAL,20,87.59610099823651,3984.64,0.9320795321637426,0.3,1195392,1,1,3,true,true,true,150998368.87610868,750000,true,500000,500000,true
baseline,seed-5,JPQ,20,82.76490121640991,4468.55,0.9502498670919723,0.33,1474621.5,1.411764705882353,1,4.235294117647059,true,true,true,117842701.6576331,750000,true,500000,500000,true
baseline,seed-5,CONSV,20,86.51750108503968,3656.66,0.9503989603638726,0.35,1279831,1.105263157894737,1.05,3.1578947368421053,true,true,true,119383809.609986,750000,true,500000,500000,true
baseline,seed-5,VAP,20,84.35917773605118,5319.17,0.9571156095366622,0.28,1489367.6,1.2941176470588236,1,3.882352941176471,true,true,true,124627869.3895221,750000,true,500000,500000,true
baseline,seed-5,MASS,21,74.4091952281946,3161.67,0.9244649122807018,0.25,790417.5,0.7083333333333334,1,2.125,true,true,true,48180465.275546476,750000,true,500000,500000,true
baseline,seed-5,BAL,21,88.58841291837759,4245.63,0.9931298245614035,0.3,1273689,1,1,3,true,true,true,162650601.4119513,750000,true,500000,500000,true
baseline,seed-5,JPQ,21,84.14370911909711,4680.87,0.9954003189792663,0.33,1544687.1,1.411764705882353,1,4.235294117647059,true,true,true,124397938.14139684,750000,true,500000,500000,true
baseline,seed-5,CONSV,21,87.59610099823651,3648.06,0.9481637426900584,0.35,1276821,1.105263157894737,1.05,3.1578947368421053,true,true,true,132219658.48443028,750000,true,500000,500000,true
baseline,seed-5,VAP,21,85.61044351716708,5530.82,0.9951992802519117,0.28,1548629.6,1.2941176470588236,1,3.882352941176471,true,true,true,132864247.27881283,750000,true,500000,500000,true
baseline,seed-5,MASS,22,76.45645960993903,3161.67,0.9244649122807018,0.25,790417.5,0.7083333333333334,1,2.125,true,true,true,47564430.42364921,750000,true,500000,500000,true
baseline,seed-5,BAL,22,89.50133988490738,4255.34,0.9954011695906433,0.3,1276602,1,1,3,true,true,true,184917370.57641113,750000,true,500000,500000,true
baseline,seed-5,JPQ,22,85.41221238956935,4681.34,0.9955002658160553,0.33,1544842.2000000002,1.411764705882353,1,4.235294117647059,true,true,true,139169133.64938322,750000,true,500000,500000,true
baseline,seed-5,CONSV,22,88.58841291837759,3621.95,0.9413775178687459,0.35,1267682.5,1.105263157894737,1.05,3.1578947368421053,true,true,true,149154744.33686233,750000,true,500000,500000,true
baseline,seed-5,VAP,22,86.76160803579371,5531.94,0.9954008097165992,0.28,1548943.2000000002,1.2941176470588236,1,3.882352941176471,true,true,true,146086351.80058277,750000,true,500000,500000,true
baseline,seed-5,MASS,23,78.33994284114391,2746.51,0.8030730994152048,0.25,686627.5,0.7083333333333334,1,2.125,true,true,true,49299903.3569109,750000,true,500000,500000,true
baseline,seed-5,BAL,23,90.3412326941148,4243.44,0.9926175438596491,0.3,1273032,1,1,3,true,true,true,205615390.65595737,750000,true,0,500000,false
baseline,seed-5,JPQ,23,86.5792353984038,4681.34,0.9955002658160553,0.33,1544842.2000000002,1.411764705882353,1,4.235294117647059,true,true,true,156140402.03105438,750000,true,500000,500000,true
baseline,seed-5,CONSV,23,89.50133988490738,3617.83,0.9403066926575698,0.35,1266240.5,1.105263157894737,1.05,3.1578947368421053,true,true,true,166329065.4075339,750000,true,500000,500000,true
baseline,seed-5,VAP,23,87.82067939293022,5531.94,0.9954008097165992,0.28,1548943.2000000002,1.2941176470588236,1,3.882352941176471,true,true,true,161227643.13342655,750000,true,500000,500000,true
baseline,seed-5,MASS,24,80.0727474138524,3137.32,0.9173450292397661,0.25,784330,0.7083333333333334,1,2.125,true,true,true,46462858.67848865,750000,true,500000,500000,true
baseline,seed-5,BAL,24,87.9207587324679,4223.48,0.9879485380116958,0.3,1267044,1,1,3,true,true,true,226915052.0942048,750000,true,500000,500000,true
baseline,seed-5,JPQ,24,87.6528965665315,4681.34,0.9955002658160553,0.33,1544842.2000000002,1.411764705882353,1,4.235294117647059,true,true,true,172266489.33444005,750000,true,500000,500000,true
baseline,seed-5,CONSV,24,90.3412326941148,3771.87,0.9803430799220273,0.35,1320154.5,1.105263157894737,1.05,3.1578947368421053,true,true,true,182277950.37213236,750000,true,0,500000,false
baseline,seed-5,VAP,24,88.7950250414958,5531.94,0.9954008097165992,0.28,1548943.2000000002,1.2941176470588236,1,3.882352941176471,true,true,true,177914221.5639676,750000,true,500000,500000,true
baseline,seed-5,MASS,25,81.6669276207442,3315.69,0.554,0.25,828922.5,0.7083333333333334,1,2.125,true,true,true,55228766.88026538,750000,true,500000,500000,true
baseline,seed-5,BAL,25,88.88709803387047,4233.12,0.9902035087719298,0.3,1269936,1,1,3,true,true,true,243983859.2001746,750000,true,500000,500000,true
baseline,seed-5,JPQ,25,88.64066484120897,4681.34,0.9955002658160553,0.33,1544842.2000000002,1.411764705882353,1,4.235294117647059,true,true,true,186930914.57231176,750000,true,500000,500000,true
baseline,seed-5,CONSV,25,87.9207587324679,3829.42,0.9953008447043535,0.35,1340297,1.105263157894737,1.05,3.1578947368421053,true,true,true,194841460.80739063,750000,true,500000,500000,true
baseline,seed-5,VAP,25,89.69142303817614,5531.94,0.9954008097165992,0.28,1548943.2000000002,1.2941176470588236,1,3.882352941176471,true,true,true,191186850.43028343,750000,true,500000,500000,true
baseline,seed-5,MASS,26,83.13357341108467,2510.8,0.3356123642439432,0.25,627700,0.7083333333333334,1,2.125,true,true,true,30104693.15681695,750000,true,0,500000,false
baseline,seed-5,BAL,26,89.77613019116083,4255.76,0.9954994152046784,0.3,1276728,1,1,3,true,true,true,257629707.0673799,750000,true,500000,500000,true
baseline,seed-5,JPQ,26,89.54941165391226,4681.34,0.9522176455631833,0.33,1544842.2000000002,1.411764705882353,1,4.235294117647059,true,true,true,203813275.12627548,750000,true,500000,500000,true
baseline,seed-5,CONSV,26,88.88709803387047,3830.19,0.9955009746588694,0.35,1340566.5,1.105263157894737,1.05,3.1578947368421053,true,true,true,209616272.1846343,750000,true,500000,500000,true
baseline,seed-5,VAP,26,90.51610919512206,5531.94,0.9585341130604288,0.28,1548943.2000000002,1.2941176470588236,1,3.882352941176471,true,true,true,205730334.2028415,750000,true,0,500000,false
baseline,seed-5,MASS,27,81.14555900641959,5095.85,0.5814691199543575,0.25,1273962.5,0.7083333333333334,1,2.125,true,true,true,66194166.31218569,750000,true,500000,500000,true
baseline,seed-5,BAL,27,90.59403977586797,4255.76,0.9954994152046784,0.3,1276728,1,1,3,true,true,true,266813733.42060065,750000,true,0,500000,false
baseline,seed-5,JPQ,27,90.38545872159928,4892.65,0.9951995931858632,0.33,1614574.5,1.411764705882353,1,4.235294117647059,true,true,true,220735401.84540385,750000,true,0,500000,false
baseline,seed-5,CONSV,27,89.77613019116083,3779.22,0.9822534113060428,0.35,1322727,1.105263157894737,1.05,3.1578947368421053,true,true,true,227156568.2140402,750000,true,500000,500000,true
baseline,seed-5,VAP,27,88.08514264341473,5743.55,0.9952003465453758,0.28,1608194.0000000002,1.2941176470588236,1,3.882352941176471,true,true,true,219890333.89593914,750000,true,500000,500000,true
baseline,seed-5,MASS,28,82.65391428590603,3905.56,0.4456494080730281,0.25,976390,0.7083333333333334,1,2.125,true,true,true,60432292.988127515,750000,true,0,500000,false
baseline,seed-5,BAL,28,88.1583973893159,4255.76,0.9954994152046784,0.3,1276728,1,1,3,true,true,true,277647444.1188891,750000,true,500000,500000,true
baseline,seed-5,JPQ,28,87.96233119830332,4893.14,0.9952992626493772,0.33,1614736.2000000002,1.411764705882353,1,4.235294117647059,true,true,true,233441416.77147248,750000,true,500000,500000,true
baseline,seed-5,CONSV,28,90.59403977586797,3755.69,0.9761377517868746,0.35,1314491.5,1.105263157894737,1.05,3.1578947368421053,true,true,true,243278138.3247651,750000,true,0,500000,false
baseline,seed-5,VAP,28,89.03833123194156,5744.7,0.9953996101364522,0.28,1608516.0000000002,1.2941176470588236,1,3.882352941176471,true,true,true,232740449.25848755,750000,true,500000,500000,true
baseline,seed-5,MASS,29,80.69467942875167,5023.24,0.5731838539438026,0.25,1255810,0.7083333333333334,1,2.125,true,true,true,73530373.3803319,750000,true,500000,500000,true
baseline,seed-5,BAL,29,89.10572559817062,3945.82,0.5768742690058479,0.3,1183746,1,1,3,true,true,true,295829048.5128605,750000,true,500000,500000,true
baseline,seed-5,JPQ,29,88.92534470243905,4893.64,0.995400966183575,0.33,1614901.2000000002,1.411764705882353,1,4.235294117647059,true,true,true,251003381.7149874,750000,true,500000,500000,true
baseline,seed-5,CONSV,29,88.1583973893159,3784.72,0.9836829109811566,0.35,1324652,1.105263157894737,1.05,3.1578947368421053,true,true,true,261402061.52364707,750000,true,500000,500000,true
baseline,seed-5,VAP,29,89.91526473338624,5744.7,0.9953996101364522,0.28,1608516.0000000002,1.2941176470588236,1,3.882352941176471,true,true,true,247415447.1067226,750000,true,500000,500000,true
baseline,seed-5,MASS,30,82.23910507445153,5494.34,0.6269393809727571,0.25,1373585,0.7083333333333334,1,2.125,true,true,true,68698716.52798432,750000,true,500000,500000,true
baseline,seed-5,BAL,30,89.97726755031697,5015.81,0.6175204678362574,0.3,1504743,1,1,3,true,true,true,290734256.9373,750000,true,500000,500000,true
baseline,seed-5,JPQ,30,89.81131712624392,4894.13,0.9955006356470888,0.33,1615062.9000000001,1.411764705882353,1,4.235294117647059,true,true,true,266791799.88994095,750000,true,500000,500000,true
baseline,seed-5,CONSV,30,89.10572559817062,3794.08,0.9861156595191682,0.35,1327928,1.105263157894737,1.05,3.1578947368421053,true,true,true,276522238.0050955,750000,true,500000,500000,true
baseline,seed-5,VAP,30,90.72204355471534,5744.7,0.9953996101364522,0.28,1608516.0000000002,1.2941176470588236,1,3.882352941176471,true,true,true,262200135.50786763,750000,true,0,500000,false
baseline,seed-5,MASS,31,83.6599766684954,4831.049999999999,0.5512537441163885,0.25,1207762.4999999998,0.7083333333333334,1,2.125,true,true,true,55025760.09580389,750000,true,500000,500000,true
baseline,seed-5,BAL,31,90.7790861462916,6215.27,0.6608474215842637,0.3,1864581,1,1,3,true,true,true,291549764.1809837,750000,true,0,500000,false
baseline,seed-5,JPQ,31,90.6264117561444,4894.13,0.9955006356470888,0.33,1615062.9000000001,1.411764705882353,1,4.235294117647059,true,true,true,286776838.34088176,750000,true,0,500000,false
baseline,seed-5,CONSV,31,89.97726755031697,3786.48,0.984140350877193,0.35,1325268,1.105263157894737,1.05,3.1578947368421053,true,true,true,295270946.19013137,750000,true,500000,500000,true
baseline,seed-5,VAP,31,88.27872094143243,5744.7,0.9953996101364522,0.28,1608516.0000000002,1.2941176470588236,1,3.882352941176471,true,true,true,279197056.53029424,750000,true,500000,500000,true
baseline,seed-5,MASS,32,84.96717853501578,5054.83,0.44619485821471916,0.25,1263707.5,0.7083333333333334,1,2.125,true,true,true,104300965.09917818,750000,true,0,500000,false
baseline,seed-5,BAL,32,88.33234097751411,6701.1900000000005,0.7125135566188199,0.3,2010357.0000000002,1,1,3,true,true,true,293287671.28290737,750000,true,500000,500000,true
baseline,seed-5,JPQ,32,88.18882705077574,4894.13,0.9540214424951268,0.33,1615062.9000000001,1.411764705882353,1,4.235294117647059,true,true,true,308911070.51444316,750000,true,500000,500000,true
baseline,seed-5,CONSV,32,90.7790861462916,3784.01,0.983498375568551,0.35,1324403.5,1.105263157894737,1.05,3.1578947368421053,true,true,true,314317890.03334725,750000,true,0,500000,false
baseline,seed-5,VAP,32,89.21642326611783,5744.7,0.9598496240601504,0.28,1608516.0000000002,1.2941176470588236,1,3.882352941176471,true,true,true,298048664.07907057,750000,true,500000,500000,true
ecuador-early-expansion,seed-1,MASS,1,50,0,0,0.25,0,0.7083333333333334,1,2.125,false,false,false,30000000,750000,true,0,0,true
ecuador-early-expansion,seed-1,BAL,1,50,0,0,0.3,0,1,1,3,false,false,false,30000000,750000,true,0,0,true
ecuador-early-expansion,seed-1,JPQ,1,50,0,0,0.33,0,1.411764705882353,1,4.235294117647059,false,false,false,25000000,750000,true,0,0,true
ecuador-early-expansion,seed-1,CONSV,1,50,0,0,0.35,0,1.105263157894737,1.05,3.1578947368421053,false,false,false,35000000,750000,true,0,0,true
ecuador-early-expansion,seed-1,VAP,1,50,0,0,0.28,0,1.2941176470588236,1,3.882352941176471,false,false,false,22000000,750000,true,0,0,true
ecuador-early-expansion,seed-1,MASS,2,50,2676.59,0.7826286549707603,0.25,669147.5,0.7083333333333334,1,2.125,true,true,true,15468454.740360655,750000,true,0,500000,false
ecuador-early-expansion,seed-1,BAL,2,50,3935.21,0.9205169590643275,0.3,1180563,1,1,3,true,true,true,41575441.369690195,750000,true,500000,500000,true
ecuador-early-expansion,seed-1,JPQ,2,50,2509.76,0.5870783625730994,0.33,828220.8,1.411764705882353,1,4.235294117647059,true,true,true,14494279.701722093,750000,true,0,500000,false
ecuador-early-expansion,seed-1,CONSV,2,50,2128.14,0.6222631578947369,0.35,744849,1.105263157894737,1.05,3.1578947368421053,true,true,true,10878104.155727632,750000,true,0,500000,false
ecuador-early-expansion,seed-1,VAP,2,50,5093.06,0.9927992202729046,0.28,1426056.8,1.2941176470588236,1,3.882352941176471,true,true,true,20033387.12761445,750000,true,0,500000,false
ecuador-early-expansion,seed-1,MASS,3,50,0,0,0.25,0,0.7083333333333334,1,2.125,false,false,false,35617858.151385464,750000,true,0,0,true
ecuador-early-expansion,seed-1,BAL,3,54,3739.1,0.8746432748538011,0.3,1121730,1,1,3,true,true,true,37675367.23400683,750000,true,500000,500000,true
ecuador-early-expansion,seed-1,JPQ,3,50,3450.73,0.8071883040935672,0.33,1138740.9000000001,1.411764705882353,1,4.235294117647059,true,true,true,31376932.87610506,750000,true,500000,500000,true
ecuador-early-expansion,seed-1,CONSV,3,50,2959.32,0.8652982456140351,0.35,1035761.9999999999,1.105263157894737,1.05,3.1578947368421053,true,true,true,35380932.33182596,750000,true,500000,500000,true
ecuador-early-expansion,seed-1,VAP,3,50,0,0,0.28,0,1.2941176470588236,1,3.882352941176471,false,false,false,21883189.90483663,750000,true,0,0,true
ecuador-early-expansion,seed-1,MASS,4,50,3394.35,0.9924999999999999,0.25,848587.5,0.7083333333333334,1,2.125,true,true,true,3432149.6711834855,750000,true,0,500000,false
ecuador-early-expansion,seed-1,BAL,4,57.68,3524.85,0.8245263157894737,0.3,1057455,1,1,3,true,true,true,37287560.41672416,750000,true,500000,500000,true
ecuador-early-expansion,seed-1,JPQ,4,54,3828.4,0.8955321637426901,0.33,1263372,1.411764705882353,1,4.235294117647059,true,true,true,26178717.61322356,750000,true,0,500000,false
ecuador-early-expansion,seed-1,CONSV,4,54,3188.75,0.9323830409356725,0.35,1116062.5,1.105263157894737,1.05,3.1578947368421053,true,true,true,33072755.24183698,750000,true,500000,500000,true
ecuador-early-expansion,seed-1,VAP,4,50,4376.45,0.8531091617933723,0.28,1225406.0000000002,1.2941176470588236,1,3.882352941176471,true,true,true,16471418.703513343,750000,true,0,500000,false
ecuador-early-expansion,seed-1,MASS,5,50,1745.15,0.5102777777777778,0.25,436287.5,0.7083333333333334,1,2.125,true,true,true,39160834.82201213,750000,true,500000,500000,true
ecuador-early-expansion,seed-1,BAL,5,61.0656,3998.76,0.935382456140351,0.3,1199628,1,1,3,true,true,true,41811144.10683437,750000,true,500000,500000,true
ecuador-early-expansion,seed-1,JPQ,5,53.76,4238.66,0.9914994152046783,0.33,1398757.8,1.411764705882353,1,4.235294117647059,true,true,true,21698750.76120808,750000,true,0,500000,false
ecuador-early-expansion,seed-1,CONSV,5,57.68,3390.59,0.9914005847953217,0.35,1186706.5,1.105263157894737,1.05,3.1578947368421053,true,true,true,35109279.28709209,750000,true,500000,500000,true
ecuador-early-expansion,seed-1,VAP,5,50,5088.96,0.992,0.28,1424908.8,1.2941176470588236,1,3.882352941176471,true,true,true,26614703.891650453,750000,true,500000,500000,true
ecuador-early-expansion,seed-1,MASS,6,54,3290.84,0.962233918128655,0.25,822710,0.7083333333333334,1,2.125,true,true,true,0,750000,false,0,500000,false
ecuador-early-expansion,seed-1,BAL,6,64.180352,4203.08,0.9831766081871345,0.3,1260924,1,1,3,true,true,true,17455788.58198279,750000,true,0,500000,false
ecuador-early-expansion,seed-1,JPQ,6,53.5344,4239.52,0.9917005847953217,0.33,1399041.6,1.411764705882353,1,4.235294117647059,true,true,true,22435335.395997394,750000,true,0,500000,false
ecuador-early-expansion,seed-1,CONSV,6,61.0656,3188.75,0.9323830409356725,0.35,1116062.5,1.105263157894737,1.05,3.1578947368421053,true,true,true,33764845.52431846,750000,true,500000,500000,true
ecuador-early-expansion,seed-1,VAP,6,54,5090.5,0.9923001949317739,0.28,1425340.0000000002,1.2941176470588236,1,3.882352941176471,true,true,true,16585609.257025417,750000,true,0,500000,false
ecuador-early-expansion,seed-1,MASS,7,53.76,1654.58,0.4837953216374269,0.25,413645,0.7083333333333334,1,2.125,true,true,true,28755857.66116922,750000,true,0,500000,false
ecuador-early-expansion,seed-1,BAL,7,63.32953088,4152.6,0.9713684210526317,0.3,1245780,1,1,3,true,true,true,31805531.73434996,750000,true,500000,500000,true
ecuador-early-expansion,seed-1,JPQ,7,53.322336,4246.79,0.9934011695906433,0.33,1401440.7,1.411764705882353,1,4.235294117647059,true,true,true,13318062.820728593,750000,true,0,500000,false
ecuador-early-expansion,seed-1,CONSV,7,64.180352,3194.86,0.9341695906432749,0.35,1118201,1.105263157894737,1.05,3.1578947368421053,true,true,true,15065042.198039152,750000,true,0,500000,false
ecuador-early-expansion,seed-1,VAP,7,53.76,5089.99,0.9922007797270955,0.28,1425197.2000000002,1.2941176470588236,1,3.882352941176471,true,true,true,29085427.439677116,750000,true,500000,500000,true
ecuador-early-expansion,seed-1,MASS,8,53.5344,2803.32,0.8196842105263158,0.25,700830,0.7083333333333334,1,2.125,true,true,true,0,750000,false,0,500000,false
ecuador-early-expansion,seed-1,BAL,8,66.2631684096,3879.03,0.9073754385964913,0.3,1163709,1,1,3,true,true,true,28613476.016529154,750000,true,500000,500000,true
ecuador-early-expansion,seed-1,JPQ,8,53.12299584,4254.05,0.9950994152046784,0.33,1403836.5,1.411764705882353,1,4.235294117647059,true,true,true,35866180.17939669,750000,true,500000,500000,true
ecuador-early-expansion,seed-1,CONSV,8,63.32953088,3402.56,0.9949005847953216,0.35,1190896,1.105263157894737,1.05,3.1578947368421053,true,true,true,33201247.61507518,750000,true,500000,500000,true
ecuador-early-expansion,seed-1,VAP,8,57.459199999999996,5089.99,0.9922007797270955,0.28,1425197.2000000002,1.2941176470588236,1,3.882352941176471,true,true,true,36822084.865427785,750000,true,500000,500000,true
ecuador-early-expansion,seed-1,MASS,9,53.322336,1982.81,0.5797690058479532,0.25,495702.5,0.7083333333333334,1,2.125,true,true,true,27147575.07473335,750000,true,0,500000,false
ecuador-early-expansion,seed-1,BAL,9,68.962114936832,3901.07,0.9125309941520469,0.3,1170321,1,1,3,true,true,true,34434231.74762455,750000,true,500000,500000,true
ecuador-early-expansion,seed-1,JPQ,9,56.8731561728,4254.05,0.9950994152046784,0.33,1403836.5,1.411764705882353,1,4.235294117647059,true,true,true,43223273.42541629,750000,true,500000,500000,true
ecuador-early-expansion,seed-1,CONSV,9,66.2631684096,3178.37,0.9293479532163742,0.35,1112429.5,1.105263157894737,1.05,3.1578947368421053,true,true,true,37718809.69556301,750000,true,500000,500000,true
ecuador-early-expansion,seed-1,VAP,9,60.862463999999996,5089.99,0.9922007797270955,0.28,1425197.2000000002,1.2941176470588236,1,3.882352941176471,true,true,true,31221812.668440122,750000,true,500000,500000,true
ecuador-early-expansion,seed-1,MASS,10,53.12299584,2991.22,0.874625730994152,0.25,747805,0.7083333333333334,1,2.125,true,true,true,0,750000,false,0,500000,false
ecuador-early-expansion,seed-1,BAL,10,71.44514574188544,3986.26,0.9324584795321638,0.3,1195878,1,1,3,true,true,true,44494852.78136043,750000,true,500000,500000,true
ecuador-early-expansion,seed-1,JPQ,10,60.323303678976,4254.91,0.9953005847953216,0.33,1404120.3,1.411764705882353,1,4.235294117647059,true,true,true,44486311.881954156,750000,true,500000,500000,true
ecuador-early-expansion,seed-1,CONSV,10,68.962114936832,3389.09,0.932670106639147,0.35,1186181.5,1.105263157894737,1.05,3.1578947368421053,true,true,true,36888132.66665749,750000,true,500000,500000,true
ecuador-early-expansion,seed-1,VAP,10,63.99346688,5089.99,0.9922007797270955,0.28,1425197.2000000002,1.2941176470588236,1,3.882352941176471,true,true,true,36419720.562721744,750000,true,500000,500000,true
ecuador-early-expansion,seed-1,MASS,11,52.9356160896,2201.84,0.6438128654970761,0.25,550460,0.7083333333333334,1,2.125,true,true,true,30132608.32114284,750000,true,250000,500000,true
ecuador-early-expansion,seed-1,BAL,11,73.7295340825346,3935.32,0.9205426900584796,0.3,1180596,1,1,3,true,true,true,39060197.46427344,750000,true,500000,500000,true
ecuador-early-expansion,seed-1,JPQ,11,63.49743938465792,4255.34,0.9954011695906433,0.33,1404262.2,1.411764705882353,1,4.235294117647059,true,true,true,47271759.23674564,750000,true,500000,500000,true
ecuador-early-expansion,seed-1,CONSV,11,71.44514574188544,3616.31,0.9952005503955969,0.35,1265708.5,1.105263157894737,1.05,3.1578947368421053,true,true,true,45750313.252813816,750000,true,500000,500000,true
ecuador-early-expansion,seed-1,VAP,11,66.8739895296,5098.71,0.9939005847953216,0.28,1427638.8,1.2941176470588236,1,3.882352941176471,true,true,true,33590680.7395191,750000,true,500000,500000,true
ecuador-early-expansion,seed-1,MASS,12,54.818191446016,3389.56,0.9910994152046784,0.25,847390,0.7083333333333334,1,2.125,true,true,true,0,750000,false,0,500000,false
ecuador-early-expansion,seed-1,BAL,12,75.83117135593183,3941.26,0.9219321637426902,0.3,1182378,1,1,3,true,true,true,49966322.00904761,750000,true,500000,500000,true
ecuador-early-expansion,seed-1,JPQ,12,66.41764423388528,4255.34,0.9954011695906433,0.33,1404262.2,1.411764705882353,1,4.235294117647059,true,true,true,45587997.69288225,750000,true,500000,500000,true
ecuador-early-expansion,seed-1,CONSV,12,73.7295340825346,3431.67,0.9443880288957689,0.35,1201084.5,1.105263157894737,1.05,3.1578947368421053,true,true,true,36247462.6980761,750000,true,500000,500000,true
ecuador-early-expansion,seed-1,VAP,12,69.524070367232,5106.4,0.9953996101364522,0.28,1429792.0000000002,1.2941176470588236,1,3.882352941176471,true,true,true,43386868.45872474,750000,true,500000,500000,true
ecuador-early-expansion,seed-1,MASS,13,54.52909995925504,2812.52,0.822374269005848,0.25,703130,0.7083333333333334,1,2.125,true,true,true,31243396.964704353,750000,true,500000,500000,true
ecuador-early-expansion,seed-1,BAL,13,77.76467764745729,4004.74,0.9367812865497076,0.3,1201422,1,1,3,true,true,true,46034187.07773189,750000,true,500000,500000,true
ecuador-early-expansion,seed-1,JPQ,13,69.10423269517446,4255.34,0.9954011695906433,0.33,1404262.2,1.411764705882353,1,4.235294117647059,true,true,true,53387259.42509323,750000,true,500000,500000,true
ecuador-early-expansion,seed-1,CONSV,13,75.83117135593183,3616.31,0.9952005503955969,0.35,1265708.5,1.105263157894737,1.05,3.1578947368421053,true,true,true,32656991.551989693,750000,true,500000,500000,true
ecuador-early-expansion,seed-1,VAP,13,71.96214473785344,5106.4,0.9953996101364522,0.28,1429792.0000000002,1.2941176470588236,1,3.882352941176471,true,true,true,50170457.78725235,750000,true,500000,500000,true
ecuador-early-expansion,seed-1,MASS,14,58.16677196251464,2957.08,0.8646432748538011,0.25,739270,0.7083333333333334,1,2.125,true,true,true,16079296.110319667,750000,true,0,500000,false
ecuador-early-expansion,seed-1,BAL,14,79.54350343566071,4015.85,0.9393801169590643,0.3,1204755,1,1,3,true,true,true,56843339.6724723,750000,true,500000,500000,true
ecuador-early-expansion,seed-1,JPQ,14,71.5758940795605,4255.34,0.9480011138958507,0.33,1404262.2,1.411764705882353,1,4.235294117647059,true,true,true,62808304.28587218,750000,true,500000,500000,true
ecuador-early-expansion,seed-1,CONSV,14,77.76467764745729,3617.03,0.9953986928104576,0.35,1265960.5,1.105263157894737,1.05,3.1578947368421053,true,true,true,39847558.8158053,750000,true,500000,500000,true
ecuador-early-expansion,seed-1,VAP,14,74.20517315882516,5106.4,0.9555836257309941,0.28,1429792.0000000002,1.2941176470588236,1,3.882352941176471,true,true,true,58585990.51002714,750000,true,500000,500000,true
ecuador-early-expansion,seed-1,MASS,15,57.67676564476376,3147.01,0.9201783625730995,0.25,786752.5,0.7083333333333334,1,2.125,true,true,true,18231825.54694932,750000,true,0,500000,false
ecuador-early-expansion,seed-1,BAL,15,81.18002316080785,3913.65,0.9154736842105263,0.3,1174095,1,1,3,true,true,true,69370564.76449691,750000,true,500000,500000,true
ecuador-early-expansion,seed-1,JPQ,15,73.84982255319566,4467.2,0.9951991088833194,0.33,1474176,1.411764705882353,1,4.235294117647059,true,true,true,69928044.88571729,750000,true,500000,500000,true
ecuador-early-expansion,seed-1,CONSV,15,79.54350343566071,3617.03,0.9953986928104576,0.35,1265960.5,1.105263157894737,1.05,3.1578947368421053,true,true,true,50717768.85621127,750000,true,500000,500000,true
ecuador-early-expansion,seed-1,VAP,15,76.26875930611915,5319.17,0.9954002339181287,0.28,1489367.6,1.2941176470588236,1,3.882352941176471,true,true,true,65704119.03411344,750000,true,500000,500000,true
ecuador-early-expansion,seed-1,MASS,16,57.21615970607794,3164.85,0.9253947368421053,0.25,791212.5,0.7083333333333334,1,2.125,true,true,true,35152236.0401776,750000,true,500000,500000,true
ecuador-early-expansion,seed-1,BAL,16,82.68562130794322,3883.74,0.9084771929824561,0.3,1165122,1,1,3,true,true,true,80661021.74385385,750000,true,500000,500000,true
ecuador-early-expansion,seed-1,JPQ,16,75.94183674894,4468.1,0.9953996101364523,0.33,1474473,1.411764705882353,1,4.235294117647059,true,true,true,79273095.16182092,750000,true,500000,500000,true
ecuador-early-expansion,seed-1,CONSV,16,81.18002316080785,3416.94,0.888093567251462,0.35,1195929,1.105263157894737,1.05,3.1578947368421053,true,true,true,64400940.18088098,750000,true,500000,500000,true
ecuador-early-expansion,seed-1,VAP,16,78.16725856162962,5319.17,0.9954002339181287,0.28,1489367.6,1.2941176470588236,1,3.882352941176471,true,true,true,75038563.01848856,750000,true,500000,500000,true
ecuador-early-expansion,seed-1,MASS,17,60.6388669295917,3104.92,0.9078713450292398,0.25,776230,0.7083333333333334,1,2.125,true,true,true,21312422.863517873,750000,true,0,500000,false
ecuador-early-expansion,seed-1,BAL,17,84.07077160330776,3941.03,0.9218783625730994,0.3,1182309,1,1,3,true,true,true,95340167.4940519,750000,true,500000,500000,true
ecuador-early-expansion,seed-1,JPQ,17,77.8664898090248,4468.55,0.9954998607630187,0.33,1474621.5,1.411764705882353,1,4.235294117647059,true,true,true,88808511.44589062,750000,true,500000,500000,true
ecuador-early-expansion,seed-1,CONSV,17,82.68562130794322,3539.58,0.9199688109161793,0.35,1238853,1.105263157894737,1.05,3.1578947368421053,true,true,true,76702014.8033522,750000,true,500000,500000,true
ecuador-early-expansion,seed-1,VAP,17,79.91387787669925,5319.17,0.9954002339181287,0.28,1489367.6,1.2941176470588236,1,3.882352941176471,true,true,true,84108322.77434899,750000,true,500000,500000,true
ecuador-early-expansion,seed-1,MASS,18,60.000534913816196,3138.9,0.9178070175438596,0.25,784725,0.7083333333333334,1,2.125,true,true,true,36698175.80076662,750000,true,500000,500000,true
ecuador-early-expansion,seed-1,BAL,18,85.34510987504314,3990.68,0.9334923976608187,0.3,1197204,1,1,3,true,true,true,108893724.53197375,750000,true,500000,500000,true
ecuador-early-expansion,seed-1,JPQ,18,79.63717062430281,4468.55,0.9954998607630187,0.33,1474621.5,1.411764705882353,1,4.235294117647059,true,true,true,97781155.31855255,750000,true,500000,500000,true
ecuador-early-expansion,seed-1,CONSV,18,84.07077160330776,3663.49,0.952174139051332,0.35,1282221.5,1.105263157894737,1.05,3.1578947368421053,true,true,true,88199631.23184663,750000,true,500000,500000,true
ecuador-early-expansion,seed-1,VAP,18,81.5207676465633,5319.17,0.9954002339181287,0.28,1489367.6,1.2941176470588236,1,3.882352941176471,true,true,true,93037685.71539049,750000,true,500000,500000,true
ecuador-early-expansion,seed-1,MASS,19,63.2004921207109,3172.11,0.9275175438596491,0.25,793027.5,0.7083333333333334,1,2.125,true,true,true,28362993.06184857,750000,true,0,500000,false
ecuador-early-expansion,seed-1,BAL,19,86.51750108503968,3997.97,0.9351976608187134,0.3,1199391,1,1,3,true,true,true,121979352.28442499,750000,true,500000,500000,true
ecuador-early-expansion,seed-1,JPQ,19,81.26619697435859,4467.65,0.9952993595098858,0.33,1474324.5,1.411764705882353,1,4.235294117647059,true,true,true,106385878.59683205,750000,true,500000,500000,true
ecuador-early-expansion,seed-1,CONSV,19,85.34510987504314,3666.66,0.9529980506822612,0.35,1283331,1.105263157894737,1.05,3.1578947368421053,true,true,true,98337217.86524582,750000,true,500000,500000,true
ecuador-early-expansion,seed-1,VAP,19,82.99910623483824,5319.17,0.9954002339181287,0.28,1489367.6,1.2941176470588236,1,3.882352941176471,true,true,true,102441129.05105025,750000,true,500000,500000,true
ecuador-early-expansion,seed-1,MASS,20,62.40846259346824,3172.09,0.9275116959064328,0.25,793022.5,0.7083333333333334,1,2.125,true,true,true,23728147.098021522,750000,true,0,500000,false
ecuador-early-expansion,seed-1,BAL,20,87.59610099823651,3983.85,0.9318947368421052,0.3,1195155,1,1,3,true,true,true,135406453.24222982,750000,true,500000,500000,true
ecuador-early-expansion,seed-1,JPQ,20,82.76490121640991,4467.65,0.9500584795321637,0.33,1474324.5,1.411764705882353,1,4.235294117647059,true,true,true,117675642.30537981,750000,true,500000,500000,true
ecuador-early-expansion,seed-1,CONSV,20,86.51750108503968,3625.13,0.9422040285899935,0.35,1268795.5,1.105263157894737,1.05,3.1578947368421053,true,true,true,110129994.65849915,750000,true,500000,500000,true
ecuador-early-expansion,seed-1,VAP,20,84.35917773605118,5319.17,0.9571156095366622,0.28,1489367.6,1.2941176470588236,1,3.882352941176471,true,true,true,112542571.63443619,750000,true,500000,500000,true
ecuador-early-expansion,seed-1,MASS,21,61.663954837860146,3160.55,0.9241374269005849,0.25,790137.5,0.7083333333333334,1,2.125,true,true,true,34581438.11089569,750000,true,500000,500000,true
ecuador-early-expansion,seed-1,BAL,21,88.58841291837759,4219.85,0.9870994152046785,0.3,1265955,1,1,3,true,true,true,140726091.48294324,750000,true,500000,500000,true
ecuador-early-expansion,seed-1,JPQ,21,84.14370911909711,4679.93,0.9952004253056885,0.33,1544376.9000000001,1.411764705882353,1,4.235294117647059,true,true,true,122286464.5139622,750000,true,500000,500000,true
ecuador-early-expansion,seed-1,CONSV,21,87.59610099823651,3627.19,0.9427394411955815,0.35,1269516.5,1.105263157894737,1.05,3.1578947368421053,true,true,true,117989084.66194482,750000,true,500000,500000,true
ecuador-early-expansion,seed-1,VAP,21,85.61044351716708,5530.82,0.9951992802519117,0.28,1548629.6,1.2941176470588236,1,3.882352941176471,true,true,true,116022644.69916347,750000,true,500000,500000,true
ecuador-early-expansion,seed-1,MASS,22,64.73083845083133,3155.75,0.922733918128655,0.25,788937.5,0.7083333333333334,1,2.125,true,true,true,34424956.07113466,750000,true,500000,500000,true
ecuador-early-expansion,seed-1,BAL,22,89.50133988490738,4254.91,0.9953005847953216,0.3,1276473,1,1,3,true,true,true,159491366.4251692,750000,true,500000,500000,true
ecuador-early-expansion,seed-1,JPQ,22,85.41221238956935,4680.4,0.9953003721424774,0.33,1544532,1.411764705882353,1,4.235294117647059,true,true,true,133527483.35614774,750000,true,500000,500000,true
ecuador-early-expansion,seed-1,CONSV,22,88.58841291837759,3632.86,0.9442131254061079,0.35,1271501,1.105263157894737,1.05,3.1578947368421053,true,true,true,130774747.61998338,750000,true,500000,500000,true
ecuador-early-expansion,seed-1,VAP,22,86.76160803579371,5531.94,0.9954008097165992,0.28,1548943.2000000002,1.2941176470588236,1,3.882352941176471,true,true,true,125593515.54689239,750000,true,500000,500000,true
ecuador-early-expansion,seed-1,MASS,23,67.55237137476482,3151.55,0.9215058479532164,0.25,787887.5,0.7083333333333334,1,2.125,true,true,true,41818372.86034337,750000,true,500000,500000,true
ecuador-early-expansion,seed-1,BAL,23,90.3412326941148,4218.25,0.9867251461988304,0.3,1265475,1,1,3,true,true,true,174500828.07010546,750000,true,0,500000,false
ecuador-early-expansion,seed-1,JPQ,23,86.5792353984038,4681.34,0.9955002658160553,0.33,1544842.2000000002,1.411764705882353,1,4.235294117647059,true,true,true,143124139.7932509,750000,true,500000,500000,true
ecuador-early-expansion,seed-1,CONSV,23,89.50133988490738,3617.25,0.9401559454191033,0.35,1266037.5,1.105263157894737,1.05,3.1578947368421053,true,true,true,142759513.56089804,750000,true,500000,500000,true
ecuador-early-expansion,seed-1,VAP,23,87.82067939293022,5531.94,0.9954008097165992,0.28,1548943.2000000002,1.2941176470588236,1,3.882352941176471,true,true,true,134947257.1679877,750000,true,500000,500000,true
ecuador-early-expansion,seed-1,MASS,24,70.14818166478364,3164.74,0.9253625730994152,0.25,791185,0.7083333333333334,1,2.125,true,true,true,48915040.86907312,750000,true,500000,500000,true
ecuador-early-expansion,seed-1,BAL,24,87.9207587324679,4212.67,0.9854198830409356,0.3,1263801,1,1,3,true,true,true,192168888.53818056,750000,true,500000,500000,true
ecuador-early-expansion,seed-1,JPQ,24,87.6528965665315,4681.34,0.9955002658160553,0.33,1544842.2000000002,1.411764705882353,1,4.235294117647059,true,true,true,156647461.1518982,750000,true,500000,500000,true
ecuador-early-expansion,seed-1,CONSV,24,90.3412326941148,3769.67,0.9797712800519818,0.35,1319384.5,1.105263157894737,1.05,3.1578947368421053,true,true,true,154734413.13418669,750000,true,0,500000,false
ecuador-early-expansion,seed-1,VAP,24,88.7950250414958,5531.94,0.9954008097165992,0.28,1548943.2000000002,1.2941176470588236,1,3.882352941176471,true,true,true,147241437.4071497,750000,true,500000,500000,true
ecuador-early-expansion,seed-1,MASS,25,72.53632713160094,3170.87,0.9271549707602339,0.25,792717.5,0.7083333333333334,1,2.125,true,true,true,36259084.22213921,750000,true,500000,500000,true
ecuador-early-expansion,seed-1,BAL,25,88.88709803387047,4228.14,0.9890385964912282,0.3,1268442,1,1,3,true,true,true,209111326.66355908,750000,true,500000,500000,true
ecuador-early-expansion,seed-1,JPQ,25,88.64066484120897,4680.4,0.9953003721424774,0.33,1544532,1.411764705882353,1,4.235294117647059,true,true,true,168554105.05760038,750000,true,500000,500000,true
ecuador-early-expansion,seed-1,CONSV,25,87.9207587324679,3829.42,0.9953008447043535,0.35,1340297,1.105263157894737,1.05,3.1578947368421053,true,true,true,166004815.7534162,750000,true,500000,500000,true
ecuador-early-expansion,seed-1,VAP,25,89.69142303817614,5531.94,0.9954008097165992,0.28,1548943.2000000002,1.2941176470588236,1,3.882352941176471,true,true,true,158074148.10510704,750000,true,500000,500000,true
ecuador-early-expansion,seed-1,MASS,26,74.73342096107287,3167.96,0.9263040935672515,0.25,791990,0.7083333333333334,1,2.125,true,true,true,37827459.094042666,750000,true,500000,500000,true
ecuador-early-expansion,seed-1,BAL,26,89.77613019116083,4254.91,0.9953005847953216,0.3,1276473,1,1,3,true,true,true,221424292.32822978,750000,true,500000,500000,true
ecuador-early-expansion,seed-1,JPQ,26,89.54941165391226,4680.4,0.9520264429188914,0.33,1544532,1.411764705882353,1,4.235294117647059,true,true,true,182446033.94695318,750000,true,500000,500000,true
ecuador-early-expansion,seed-1,CONSV,26,88.88709803387047,3793.07,0.9858531513970111,0.35,1327574.5,1.105263157894737,1.05,3.1578947368421053,true,true,true,180087115.63716295,750000,true,500000,500000,true
ecuador-early-expansion,seed-1,VAP,26,90.51610919512206,5531.94,0.9585341130604288,0.28,1548943.2000000002,1.2941176470588236,1,3.882352941176471,true,true,true,171015334.42633992,750000,true,0,500000,false
ecuador-early-expansion,seed-1,MASS,27,76.75474728418703,3046.76,0.8908654970760235,0.25,761690,0.7083333333333334,1,2.125,true,true,true,30333022.3144809,750000,true,0,500000,false
ecuador-early-expansion,seed-1,BAL,27,90.59403977586797,4254.91,0.9953005847953216,0.3,1276473,1,1,3,true,true,true,223895947.45876813,750000,true,0,500000,false
ecuador-early-expansion,seed-1,JPQ,27,90.38545872159928,4892.65,0.9951995931858632,0.33,1614574.5,1.411764705882353,1,4.235294117647059,true,true,true,192729953.76724547,750000,true,0,500000,false
ecuador-early-expansion,seed-1,CONSV,27,89.77613019116083,3754.24,0.9757608836907082,0.35,1313984,1.105263157894737,1.05,3.1578947368421053,true,true,true,193281705.20683774,750000,true,500000,500000,true
ecuador-early-expansion,seed-1,VAP,27,88.08514264341473,5743.55,0.9952003465453758,0.28,1608194.0000000002,1.2941176470588236,1,3.882352941176471,true,true,true,181011437.3725291,750000,true,500000,500000,true
ecuador-early-expansion,seed-1,MASS,28,75.14946244713582,2976.59,0.4973416875522139,0.25,744147.5,0.7083333333333334,1,2.125,true,true,true,47188662.47282761,750000,true,0,500000,false
ecuador-early-expansion,seed-1,BAL,28,88.1583973893159,4254.91,0.9953005847953216,0.3,1276473,1,1,3,true,true,true,235266513.6983061,750000,true,500000,500000,true
ecuador-early-expansion,seed-1,JPQ,28,87.96233119830332,4893.64,0.995400966183575,0.33,1614901.2000000002,1.411764705882353,1,4.235294117647059,true,true,true,206629887.61775178,750000,true,500000,500000,true
ecuador-early-expansion,seed-1,CONSV,28,90.59403977586797,3764.61,0.9784561403508772,0.35,1317613.5,1.105263157894737,1.05,3.1578947368421053,true,true,true,208890797.2677784,750000,true,0,500000,false
ecuador-early-expansion,seed-1,VAP,28,89.03833123194156,5744.7,0.9953996101364522,0.28,1608516.0000000002,1.2941176470588236,1,3.882352941176471,true,true,true,193342572.811211,750000,true,500000,500000,true
ecuador-early-expansion,seed-1,MASS,29,73.64049470030767,2007.87,0.27628070175438596,0.25,501967.5,0.7083333333333334,1,2.125,true,true,true,38394833.17604272,750000,true,0,500000,false
ecuador-early-expansion,seed-1,BAL,29,89.10572559817062,3945.82,0.5768742690058479,0.3,1183746,1,1,3,true,true,true,245060942.74830827,750000,true,500000,500000,true
ecuador-early-expansion,seed-1,JPQ,29,88.92534470243905,4894.13,0.9955006356470888,0.33,1615062.9000000001,1.411764705882353,1,4.235294117647059,true,true,true,217311421.05971888,750000,true,500000,500000,true
ecuador-early-expansion,seed-1,CONSV,29,88.1583973893159,3787.95,0.984522417153996,0.35,1325782.5,1.105263157894737,1.05,3.1578947368421053,true,true,true,220938862.4571604,750000,true,500000,500000,true
ecuador-early-expansion,seed-1,VAP,29,89.91526473338624,5744.7,0.9953996101364522,0.28,1608516.0000000002,1.2941176470588236,1,3.882352941176471,true,true,true,203277437.8871712,750000,true,500000,500000,true
ecuador-early-expansion,seed-1,MASS,30,72.22206501828921,4848.82,0.5671134502923977,0.25,1212205,0.7083333333333334,1,2.125,true,true,true,61063357.07938667,750000,true,500000,500000,true
ecuador-early-expansion,seed-1,BAL,30,89.97726755031697,4972.8099999999995,0.6122265312403816,0.3,1491842.9999999998,1,1,3,true,true,true,235690125.28207123,750000,true,500000,500000,true
ecuador-early-expansion,seed-1,JPQ,30,89.81131712624392,4894.13,0.9955006356470888,0.33,1615062.9000000001,1.411764705882353,1,4.235294117647059,true,true,true,226672718.55804121,750000,true,500000,500000,true
ecuador-early-expansion,seed-1,CONSV,30,89.10572559817062,3793.15,0.9858739441195582,0.35,1327602.5,1.105263157894737,1.05,3.1578947368421053,true,true,true,230450857.87990195,750000,true,500000,500000,true
ecuador-early-expansion,seed-1,VAP,30,90.72204355471534,5744.7,0.9953996101364522,0.28,1608516.0000000002,1.2941176470588236,1,3.882352941176471,true,true,true,211719153.17965212,750000,true,0,500000,false
ecuador-early-expansion,seed-1,MASS,31,74.44429981682607,3529.88,0.4128514619883041,0.25,882470,0.7083333333333334,1,2.125,true,true,true,59543905.497937,750000,true,0,500000,false
ecuador-early-expansion,seed-1,BAL,31,90.7790861462916,6165.49,0.6555544922913343,0.3,1849647,1,1,3,true,true,true,232076631.66192296,750000,true,0,500000,false
ecuador-early-expansion,seed-1,JPQ,31,90.6264117561444,4893.14,0.9952992626493772,0.33,1614736.2000000002,1.411764705882353,1,4.235294117647059,true,true,true,234249653.7799364,750000,true,0,500000,false
ecuador-early-expansion,seed-1,CONSV,31,89.97726755031697,3788.72,0.9847225471085119,0.35,1326052,1.105263157894737,1.05,3.1578947368421053,true,true,true,244095571.0943814,750000,true,500000,500000,true
ecuador-early-expansion,seed-1,VAP,31,88.27872094143243,5744.7,0.9953996101364522,0.28,1608516.0000000002,1.2941176470588236,1,3.882352941176471,true,true,true,225552277.0808948,750000,true,500000,500000,true
ecuador-early-expansion,seed-1,MASS,32,72.97764182781651,4201.39,0.4913906432748538,0.25,1050347.5,0.7083333333333334,1,2.125,true,true,true,55994164.44862335,750000,true,0,500000,false
ecuador-early-expansion,seed-1,BAL,32,88.33234097751411,6498.23,0.6909335459861775,0.3,1949469,1,1,3,true,true,true,231058261.76921052,750000,true,500000,500000,true
ecuador-early-expansion,seed-1,JPQ,32,88.18882705077574,4893.14,0.9538284600389865,0.33,1614736.2000000002,1.411764705882353,1,4.235294117647059,true,true,true,240479917.00452796,750000,true,500000,500000,true
ecuador-early-expansion,seed-1,CONSV,32,90.7790861462916,3783.91,0.9834723846653671,0.35,1324368.5,1.105263157894737,1.05,3.1578947368421053,true,true,true,256158329.5337444,750000,true,0,500000,false
ecuador-early-expansion,seed-1,VAP,32,89.21642326611783,5744.7,0.9598496240601504,0.28,1608516.0000000002,1.2941176470588236,1,3.882352941176471,true,true,true,237544124.42558715,750000,true,500000,500000,true
ecuador-early-expansion,seed-2,MASS,1,50,0,0,0.25,0,0.7083333333333334,1,2.125,false,false,false,30000000,750000,true,0,0,true
ecuador-early-expansion,seed-2,BAL,1,50,0,0,0.3,0,1,1,3,false,false,false,30000000,750000,true,0,0,true
ecuador-early-expansion,seed-2,JPQ,1,50,0,0,0.33,0,1.411764705882353,1,4.235294117647059,false,false,false,25000000,750000,true,0,0,true
ecuador-early-expansion,seed-2,CONSV,1,50,0,0,0.35,0,1.105263157894737,1.05,3.1578947368421053,false,false,false,35000000,750000,true,0,0,true
ecuador-early-expansion,seed-2,VAP,1,50,0,0,0.28,0,1.2941176470588236,1,3.882352941176471,false,false,false,22000000,750000,true,0,0,true
ecuador-early-expansion,seed-2,MASS,2,50,2676.59,0.7826286549707603,0.25,669147.5,0.7083333333333334,1,2.125,true,true,true,14530663.532499146,750000,true,0,500000,false
ecuador-early-expansion,seed-2,BAL,2,50,3935.21,0.9205169590643275,0.3,1180563,1,1,3,true,true,true,41575441.369690195,750000,true,500000,500000,true
ecuador-early-expansion,seed-2,JPQ,2,50,2509.76,0.5870783625730994,0.33,828220.8,1.411764705882353,1,4.235294117647059,true,true,true,14494279.701722093,750000,true,0,500000,false
ecuador-early-expansion,seed-2,CONSV,2,50,2128.14,0.6222631578947369,0.35,744849,1.105263157894737,1.05,3.1578947368421053,true,true,true,10878104.155727632,750000,true,0,500000,false
ecuador-early-expansion,seed-2,VAP,2,50,5093.06,0.9927992202729046,0.28,1426056.8,1.2941176470588236,1,3.882352941176471,true,true,true,20033387.12761445,750000,true,0,500000,false
ecuador-early-expansion,seed-2,MASS,3,50,0,0,0.25,0,0.7083333333333334,1,2.125,false,false,false,39642759.127761155,750000,true,0,0,true
ecuador-early-expansion,seed-2,BAL,3,54,3739.1,0.8746432748538011,0.3,1121730,1,1,3,true,true,true,36780551.78596833,750000,true,500000,500000,true
ecuador-early-expansion,seed-2,JPQ,3,50,3797.33,0.8882643274853801,0.33,1253118.9000000001,1.411764705882353,1,4.235294117647059,true,true,true,30146795.45155792,750000,true,500000,500000,true
ecuador-early-expansion,seed-2,CONSV,3,50,2959.32,0.8652982456140351,0.35,1035761.9999999999,1.105263157894737,1.05,3.1578947368421053,true,true,true,34529457.26683727,750000,true,500000,500000,true
ecuador-early-expansion,seed-2,VAP,3,50,0,0,0.28,0,1.2941176470588236,1,3.882352941176471,false,false,false,21323399.50368401,750000,true,0,0,true
ecuador-early-expansion,seed-2,MASS,4,50,3394.35,0.9924999999999999,0.25,848587.5,0.7083333333333334,1,2.125,true,true,true,5182185.645354331,750000,true,0,500000,false
ecuador-early-expansion,seed-2,BAL,4,57.68,3234.88,0.7566970760233919,0.3,970464,1,1,3,true,true,true,36701967.03309185,750000,true,500000,500000,true
ecuador-early-expansion,seed-2,JPQ,4,54,4070.66,0.9522011695906433,0.33,1343317.8,1.411764705882353,1,4.235294117647059,true,true,true,24978933.85577305,750000,true,0,500000,false
ecuador-early-expansion,seed-2,CONSV,4,54,3188.75,0.9323830409356725,0.35,1116062.5,1.105263157894737,1.05,3.1578947368421053,true,true,true,32215877.759686016,750000,true,500000,500000,true
ecuador-early-expansion,seed-2,VAP,4,50,4310.54,0.840261208576998,0.28,1206951.2000000002,1.2941176470588236,1,3.882352941176471,true,true,true,17014398.220779255,750000,true,0,500000,false
ecuador-early-expansion,seed-2,MASS,5,50,1848.65,0.5405409356725146,0.25,462162.5,0.7083333333333334,1,2.125,true,true,true,40495219.46152676,750000,true,500000,500000,true
ecuador-early-expansion,seed-2,BAL,5,61.0656,4225.32,0.988378947368421,0.3,1267596,1,1,3,true,true,true,41167983.56814098,750000,true,500000,500000,true
ecuador-early-expansion,seed-2,JPQ,5,53.76,4087.15,0.9560584795321637,0.33,1348759.5,1.411764705882353,1,4.235294117647059,true,true,true,25885510.2379424,750000,true,0,500000,false
ecuador-early-expansion,seed-2,CONSV,5,57.68,3341,0.9769005847953216,0.35,1169350,1.105263157894737,1.05,3.1578947368421053,true,true,true,36044950.67657287,750000,true,500000,500000,true
ecuador-early-expansion,seed-2,VAP,5,50,5088.96,0.992,0.28,1424908.8,1.2941176470588236,1,3.882352941176471,true,true,true,27994032.355384283,750000,true,500000,500000,true
ecuador-early-expansion,seed-2,MASS,6,54,3349.58,0.9794093567251462,0.25,837395,0.7083333333333334,1,2.125,true,true,true,0,750000,false,0,500000,false
ecuador-early-expansion,seed-2,BAL,6,64.180352,4242.08,0.9922994152046783,0.3,1272624,1,1,3,true,true,true,17576361.37988696,750000,true,0,500000,false
ecuador-early-expansion,seed-2,JPQ,6,53.5344,4239.95,0.9918011695906432,0.33,1399183.5,1.411764705882353,1,4.235294117647059,true,true,true,24936673.09321215,750000,true,0,500000,false
ecuador-early-expansion,seed-2,CONSV,6,61.0656,3188.75,0.9323830409356725,0.35,1116062.5,1.105263157894737,1.05,3.1578947368421053,true,true,true,35416609.368288614,750000,true,500000,500000,true
ecuador-early-expansion,seed-2,VAP,6,54,5090.5,0.9923001949317739,0.28,1425340.0000000002,1.2941176470588236,1,3.882352941176471,true,true,true,18058707.47188436,750000,true,0,500000,false
ecuador-early-expansion,seed-2,MASS,7,53.76,1890.88,0.5528888888888889,0.25,472720,0.7083333333333334,1,2.125,true,true,true,31898164.46970652,750000,true,500000,500000,true
ecuador-early-expansion,seed-2,BAL,7,63.32953088,4229.94,0.9894596491228069,0.3,1268982,1,1,3,true,true,true,29378467.114893734,750000,true,500000,500000,true
ecuador-early-expansion,seed-2,JPQ,7,53.322336,4247.21,0.9934994152046783,0.33,1401579.3,1.411764705882353,1,4.235294117647059,true,true,true,12838086.634450655,750000,true,0,500000,false
ecuador-early-expansion,seed-2,CONSV,7,64.180352,3194.86,0.9341695906432749,0.35,1118201,1.105263157894737,1.05,3.1578947368421053,true,true,true,18140302.388249468,750000,true,0,500000,false
ecuador-early-expansion,seed-2,VAP,7,53.76,5089.99,0.9922007797270955,0.28,1425197.2000000002,1.2941176470588236,1,3.882352941176471,true,true,true,29085433.793657728,750000,true,500000,500000,true
ecuador-early-expansion,seed-2,MASS,8,57.459199999999996,3180.85,0.9300730994152047,0.25,795212.5,0.7083333333333334,1,2.125,true,true,true,0,750000,false,0,500000,false
ecuador-early-expansion,seed-2,BAL,8,66.2631684096,3715.99,0.8692374269005847,0.3,1114797,1,1,3,true,true,true,31060132.0124831,750000,true,500000,500000,true
ecuador-early-expansion,seed-2,JPQ,8,53.12299584,4253.63,0.9950011695906433,0.33,1403697.9000000001,1.411764705882353,1,4.235294117647059,true,true,true,37862536.45216434,750000,true,500000,500000,true
ecuador-early-expansion,seed-2,CONSV,8,63.32953088,3402.56,0.9949005847953216,0.35,1190896,1.105263157894737,1.05,3.1578947368421053,true,true,true,33079944.842482686,750000,true,500000,500000,true
ecuador-early-expansion,seed-2,VAP,8,57.459199999999996,5089.99,0.9922007797270955,0.28,1425197.2000000002,1.2941176470588236,1,3.882352941176471,true,true,true,37325360.21267174,750000,true,500000,500000,true
ecuador-early-expansion,seed-2,MASS,9,57.011647999999994,0,0,0.25,0,0.7083333333333334,1,2.125,false,false,false,35608969.37054627,750000,true,0,0,true
ecuador-early-expansion,seed-2,BAL,9,68.962114936832,3928.09,0.9188514619883041,0.3,1178427,1,1,3,true,true,true,40578949.314716,750000,true,500000,500000,true
ecuador-early-expansion,seed-2,JPQ,9,56.8731561728,4253.63,0.9950011695906433,0.33,1403697.9000000001,1.411764705882353,1,4.235294117647059,true,true,true,44410563.207952686,750000,true,500000,500000,true
ecuador-early-expansion,seed-2,CONSV,9,66.2631684096,3257.09,0.9523654970760235,0.35,1139981.5,1.105263157894737,1.05,3.1578947368421053,true,true,true,37078817.03260551,750000,true,500000,500000,true
ecuador-early-expansion,seed-2,VAP,9,60.862463999999996,5098.71,0.9939005847953216,0.28,1427638.8,1.2941176470588236,1,3.882352941176471,true,true,true,31455601.901841328,750000,true,500000,500000,true
ecuador-early-expansion,seed-2,MASS,10,56.59094911999999,3394.01,0.9924005847953217,0.25,848502.5,0.7083333333333334,1,2.125,true,true,true,0,750000,false,0,500000,false
ecuador-early-expansion,seed-2,BAL,10,71.44514574188544,4171.71,0.9758385964912281,0.3,1251513,1,1,3,true,true,true,42923932.758755274,750000,true,500000,500000,true
ecuador-early-expansion,seed-2,JPQ,10,60.323303678976,4254.05,0.9950994152046784,0.33,1403836.5,1.411764705882353,1,4.235294117647059,true,true,true,50641140.28216252,750000,true,500000,500000,true
ecuador-early-expansion,seed-2,CONSV,10,68.962114936832,3403.24,0.9950994152046783,0.35,1191134,1.105263157894737,1.05,3.1578947368421053,true,true,true,38648937.899761766,750000,true,500000,500000,true
ecuador-early-expansion,seed-2,VAP,10,63.99346688,5106.4,0.9953996101364522,0.28,1429792.0000000002,1.2941176470588236,1,3.882352941176471,true,true,true,37016714.91269367,750000,true,500000,500000,true
ecuador-early-expansion,seed-2,MASS,11,56.19549217279999,3393.67,0.9923011695906433,0.25,848417.5,0.7083333333333334,1,2.125,true,true,true,27527834.227220252,750000,true,0,500000,false
ecuador-early-expansion,seed-2,BAL,11,73.7295340825346,3959.41,0.9261777777777778,0.3,1187823,1,1,3,true,true,true,41571372.748985365,750000,true,500000,500000,true
ecuador-early-expansion,seed-2,JPQ,11,63.49743938465792,4253.63,0.9950011695906433,0.33,1403697.9000000001,1.411764705882353,1,4.235294117647059,true,true,true,57982466.119338654,750000,true,500000,500000,true
ecuador-early-expansion,seed-2,CONSV,11,71.44514574188544,3403.93,0.9367540419676642,0.35,1191375.5,1.105263157894737,1.05,3.1578947368421053,true,true,true,48184645.997710295,750000,true,500000,500000,true
ecuador-early-expansion,seed-2,VAP,11,66.8739895296,5106.4,0.9953996101364522,0.28,1429792.0000000002,1.2941176470588236,1,3.882352941176471,true,true,true,36129788.3429458,750000,true,500000,500000,true
ecuador-early-expansion,seed-2,MASS,12,55.82376264243199,3394.01,0.9924005847953217,0.25,848502.5,0.7083333333333334,1,2.125,true,true,true,26829574.51662748,750000,true,0,500000,false
ecuador-early-expansion,seed-2,BAL,12,75.83117135593183,3600.63,0.8422526315789474,0.3,1080189,1,1,3,true,true,true,36935946.8808483,750000,true,500000,500000,true
ecuador-early-expansion,seed-2,JPQ,12,66.41764423388528,4253.63,0.9950011695906433,0.33,1403697.9000000001,1.411764705882353,1,4.235294117647059,true,true,true,50238517.10040842,750000,true,500000,500000,true
ecuador-early-expansion,seed-2,CONSV,12,73.7295340825346,3388.59,0.9325325077399381,0.35,1186006.5,1.105263157894737,1.05,3.1578947368421053,true,true,true,40684910.28175826,750000,true,500000,500000,true
ecuador-early-expansion,seed-2,VAP,12,69.524070367232,5106.4,0.9953996101364522,0.28,1429792.0000000002,1.2941176470588236,1,3.882352941176471,true,true,true,45026355.25311973,750000,true,500000,500000,true
ecuador-early-expansion,seed-2,MASS,13,55.47433688388607,2908.82,0.8505321637426901,0.25,727205,0.7083333333333334,1,2.125,true,true,true,13887169.167436428,750000,true,0,500000,false
ecuador-early-expansion,seed-2,BAL,13,77.76467764745729,4083.07,0.9551040935672515,0.3,1224921,1,1,3,true,true,true,47635953.13262008,750000,true,500000,500000,true
ecuador-early-expansion,seed-2,JPQ,13,69.10423269517446,4068.48,0.9516912280701755,0.33,1342598.4000000001,1.411764705882353,1,4.235294117647059,true,true,true,59964979.11793578,750000,true,500000,500000,true
ecuador-early-expansion,seed-2,CONSV,13,75.83117135593183,3603.04,0.9915486756105951,0.35,1261064,1.105263157894737,1.05,3.1578947368421053,true,true,true,37578799.78577951,750000,true,500000,500000,true
ecuador-early-expansion,seed-2,VAP,13,71.96214473785344,5106.4,0.9953996101364522,0.28,1429792.0000000002,1.2941176470588236,1,3.882352941176471,true,true,true,52673473.74734895,750000,true,500000,500000,true
ecuador-early-expansion,seed-2,MASS,14,55.1458766708529,2183.9,0.6385672514619883,0.25,545975,0.7083333333333334,1,2.125,true,true,true,34789432.54674467,750000,true,500000,500000,true
ecuador-early-expansion,seed-2,BAL,14,79.54350343566071,4078.09,0.9539391812865498,0.3,1223427,1,1,3,true,true,true,57858955.349132724,750000,true,500000,500000,true
ecuador-early-expansion,seed-2,JPQ,14,71.5758940795605,4254.48,0.9478095238095237,0.33,1403978.4000000001,1.411764705882353,1,4.235294117647059,true,true,true,63440203.687601656,750000,true,500000,500000,true
ecuador-early-expansion,seed-2,CONSV,14,77.76467764745729,3616.67,0.9952996216030272,0.35,1265834.5,1.105263157894737,1.05,3.1578947368421053,true,true,true,43163610.86647427,750000,true,500000,500000,true
ecuador-early-expansion,seed-2,VAP,14,74.20517315882516,5106.4,0.9555836257309941,0.28,1429792.0000000002,1.2941176470588236,1,3.882352941176471,true,true,true,61323508.295583,750000,true,500000,500000,true
ecuador-early-expansion,seed-2,MASS,15,58.73420653718467,2542.47,0.7434122807017544,0.25,635617.5,0.7083333333333334,1,2.125,true,true,true,23799025.082763005,750000,true,0,500000,false
ecuador-early-expansion,seed-2,BAL,15,81.18002316080785,3921.54,0.917319298245614,0.3,1176462,1,1,3,true,true,true,71288443.6642325,750000,true,500000,500000,true
ecuador-early-expansion,seed-2,JPQ,15,73.84982255319566,4467.2,0.9951991088833194,0.33,1474176,1.411764705882353,1,4.235294117647059,true,true,true,70141311.49617498,750000,true,500000,500000,true
ecuador-early-expansion,seed-2,CONSV,15,79.54350343566071,3617.03,0.9953986928104576,0.35,1265960.5,1.105263157894737,1.05,3.1578947368421053,true,true,true,54260920.636128664,750000,true,500000,500000,true
ecuador-early-expansion,seed-2,VAP,15,76.26875930611915,5319.17,0.9954002339181287,0.28,1489367.6,1.2941176470588236,1,3.882352941176471,true,true,true,69389651.26975039,750000,true,500000,500000,true
ecuador-early-expansion,seed-2,MASS,16,58.21015414495359,3215.73,0.9402719298245614,0.25,803932.5,0.7083333333333334,1,2.125,true,true,true,28816652.27049193,750000,true,0,500000,false
ecuador-early-expansion,seed-2,BAL,16,82.68562130794322,3886.37,0.9090923976608187,0.3,1165911,1,1,3,true,true,true,86836034.94474773,750000,true,500000,500000,true
ecuador-early-expansion,seed-2,JPQ,16,75.94183674894,4466.76,0.9951010860484545,0.33,1474030.8,1.411764705882353,1,4.235294117647059,true,true,true,70776116.36261666,750000,true,500000,500000,true
ecuador-early-expansion,seed-2,CONSV,16,81.18002316080785,3453.36,0.9503570691434469,0.35,1208676,1.105263157894737,1.05,3.1578947368421053,true,true,true,68965035.72424306,750000,true,500000,500000,true
ecuador-early-expansion,seed-2,VAP,16,78.16725856162962,5319.17,0.9954002339181287,0.28,1489367.6,1.2941176470588236,1,3.882352941176471,true,true,true,79566217.92076944,750000,true,500000,500000,true
ecuador-early-expansion,seed-2,MASS,17,57.71754489625638,3131.7,0.9157017543859649,0.25,782925,0.7083333333333334,1,2.125,true,true,true,36291695.576697245,750000,true,500000,500000,true
ecuador-early-expansion,seed-2,BAL,17,84.07077160330776,3967.48,0.9280654970760234,0.3,1190244,1,1,3,true,true,true,101881780.24677715,750000,true,500000,500000,true
ecuador-early-expansion,seed-2,JPQ,17,77.8664898090248,4467.2,0.9951991088833194,0.33,1474176,1.411764705882353,1,4.235294117647059,true,true,true,77298914.5426979,750000,true,500000,500000,true
ecuador-early-expansion,seed-2,CONSV,17,82.68562130794322,3377.37,0.8778089668615984,0.35,1182079.5,1.105263157894737,1.05,3.1578947368421053,true,true,true,80215913.82679312,750000,true,500000,500000,true
ecuador-early-expansion,seed-2,VAP,17,79.91387787669925,5319.17,0.9954002339181287,0.28,1489367.6,1.2941176470588236,1,3.882352941176471,true,true,true,87114232.34240937,750000,true,500000,500000,true
ecuador-early-expansion,seed-2,MASS,18,61.10014130455587,3107.81,0.9087163742690059,0.25,776952.5,0.7083333333333334,1,2.125,true,true,true,23673986.704834305,750000,true,0,500000,false
ecuador-early-expansion,seed-2,BAL,18,85.34510987504314,4025.81,0.9417099415204678,0.3,1207743,1,1,3,true,true,true,116191886.01415218,750000,true,500000,500000,true
ecuador-early-expansion,seed-2,JPQ,18,79.63717062430281,4468.1,0.9953996101364523,0.33,1474473,1.411764705882353,1,4.235294117647059,true,true,true,83788419.91927987,750000,true,500000,500000,true
ecuador-early-expansion,seed-2,CONSV,18,84.07077160330776,3628.21,0.9430045484080571,0.35,1269873.5,1.105263157894737,1.05,3.1578947368421053,true,true,true,90316447.80832712,750000,true,500000,500000,true
ecuador-early-expansion,seed-2,VAP,18,81.5207676465633,5319.17,0.9954002339181287,0.28,1489367.6,1.2941176470588236,1,3.882352941176471,true,true,true,95579011.1050612,750000,true,500000,500000,true
ecuador-early-expansion,seed-2,MASS,19,60.434132826282514,3023.29,0.8840029239766082,0.25,755822.5,0.7083333333333334,1,2.125,true,true,true,35026534.205168486,750000,true,500000,500000,true
ecuador-early-expansion,seed-2,BAL,19,86.51750108503968,3984.42,0.9320280701754386,0.3,1195326,1,1,3,true,true,true,127284033.52294719,750000,true,500000,500000,true
ecuador-early-expansion,seed-2,JPQ,19,81.26619697435859,4468.1,0.9953996101364523,0.33,1474473,1.411764705882353,1,4.235294117647059,true,true,true,91328293.74488786,750000,true,500000,500000,true
ecuador-early-expansion,seed-2,CONSV,19,85.34510987504314,3698.1,0.9611695906432748,0.35,1294335,1.105263157894737,1.05,3.1578947368421053,true,true,true,99693819.93121336,750000,true,500000,500000,true
ecuador-early-expansion,seed-2,VAP,19,82.99910623483824,5319.17,0.9954002339181287,0.28,1489367.6,1.2941176470588236,1,3.882352941176471,true,true,true,104098260.1891372,750000,true,500000,500000,true
ecuador-early-expansion,seed-2,MASS,20,63.59940220017991,3027.77,0.885312865497076,0.25,756942.5,0.7083333333333334,1,2.125,true,true,true,35156273.71948615,750000,true,500000,500000,true
ecuador-early-expansion,seed-2,BAL,20,87.59610099823651,3968.31,0.928259649122807,0.3,1190493,1,1,3,true,true,true,140886996.193456,750000,true,500000,500000,true
ecuador-early-expansion,seed-2,JPQ,20,82.76490121640991,4468.1,0.9501541733120681,0.33,1474473,1.411764705882353,1,4.235294117647059,true,true,true,101733262.14332068,750000,true,500000,500000,true
ecuador-early-expansion,seed-2,CONSV,20,86.51750108503968,3654.95,0.9499545159194281,0.35,1279232.5,1.105263157894737,1.05,3.1578947368421053,true,true,true,111601185.39683339,750000,true,500000,500000,true
ecuador-early-expansion,seed-2,VAP,20,84.35917773605118,5319.17,0.9571156095366622,0.28,1489367.6,1.2941176470588236,1,3.882352941176471,true,true,true,114402681.46937814,750000,true,500000,500000,true
ecuador-early-expansion,seed-2,MASS,21,66.51145002416551,3034.52,0.8872865497076023,0.25,758630,0.7083333333333334,1,2.125,true,true,true,41087011.10325327,750000,true,500000,500000,true
ecuador-early-expansion,seed-2,BAL,21,88.58841291837759,4221.07,0.9873847953216374,0.3,1266321,1,1,3,true,true,true,149123094.51666906,750000,true,500000,500000,true
ecuador-early-expansion,seed-2,JPQ,21,84.14370911909711,4680.87,0.9954003189792663,0.33,1544687.1,1.411764705882353,1,4.235294117647059,true,true,true,107897881.66809963,750000,true,500000,500000,true
ecuador-early-expansion,seed-2,CONSV,21,87.59610099823651,3625.53,0.9423079922027291,0.35,1268935.5,1.105263157894737,1.05,3.1578947368421053,true,true,true,121816840.11119495,750000,true,500000,500000,true
ecuador-early-expansion,seed-2,VAP,21,85.61044351716708,5530.82,0.9951992802519117,0.28,1548629.6,1.2941176470588236,1,3.882352941176471,true,true,true,119473171.98624235,750000,true,500000,500000,true
ecuador-early-expansion,seed-2,MASS,22,69.19053402223227,2963.69,0.8665760233918128,0.25,740922.5,0.7083333333333334,1,2.125,true,true,true,45829117.09190211,750000,true,500000,500000,true
ecuador-early-expansion,seed-2,BAL,22,89.50133988490738,4255.34,0.9954011695906433,0.3,1276602,1,1,3,true,true,true,165507707.49934486,750000,true,500000,500000,true
ecuador-early-expansion,seed-2,JPQ,22,85.41221238956935,4681.34,0.9955002658160553,0.33,1544842.2000000002,1.411764705882353,1,4.235294117647059,true,true,true,119148954.87910095,750000,true,500000,500000,true
ecuador-early-expansion,seed-2,CONSV,22,88.58841291837759,3621.8,0.9413385315139702,0.35,1267630,1.105263157894737,1.05,3.1578947368421053,true,true,true,134020415.23209952,750000,true,500000,500000,true
ecuador-early-expansion,seed-2,VAP,22,86.76160803579371,5531.94,0.9954008097165992,0.28,1548943.2000000002,1.2941176470588236,1,3.882352941176471,true,true,true,128583362.91673765,750000,true,500000,500000,true
ecuador-early-expansion,seed-2,MASS,23,71.65529130045368,2963.69,0.8665760233918128,0.25,740922.5,0.7083333333333334,1,2.125,true,true,true,42114757.2822787,750000,true,500000,500000,true
ecuador-early-expansion,seed-2,BAL,23,90.3412326941148,4249.1,0.9939415204678363,0.3,1274730,1,1,3,true,true,true,184088795.7593472,750000,true,0,500000,false
ecuador-early-expansion,seed-2,JPQ,23,86.5792353984038,4681.34,0.9955002658160553,0.33,1544842.2000000002,1.411764705882353,1,4.235294117647059,true,true,true,133007329.50837672,750000,true,500000,500000,true
ecuador-early-expansion,seed-2,CONSV,23,89.50133988490738,3626.44,0.9425445094217024,0.35,1269254,1.105263157894737,1.05,3.1578947368421053,true,true,true,148308417.6206125,750000,true,500000,500000,true
ecuador-early-expansion,seed-2,VAP,23,87.82067939293022,5531.94,0.9954008097165992,0.28,1548943.2000000002,1.2941176470588236,1,3.882352941176471,true,true,true,140267200.59085512,750000,true,500000,500000,true
ecuador-early-expansion,seed-2,MASS,24,73.9228679964174,2963.69,0.8665760233918128,0.25,740922.5,0.7083333333333334,1,2.125,true,true,true,50803297.605520576,750000,true,500000,500000,true
ecuador-early-expansion,seed-2,BAL,24,87.9207587324679,4213.02,0.985501754385965,0.3,1263906,1,1,3,true,true,true,199097106.3037461,750000,true,500000,500000,true
ecuador-early-expansion,seed-2,JPQ,24,87.6528965665315,4681.34,0.9955002658160553,0.33,1544842.2000000002,1.411764705882353,1,4.235294117647059,true,true,true,146390016.88219646,750000,true,500000,500000,true
ecuador-early-expansion,seed-2,CONSV,24,90.3412326941148,3764.72,0.9784847303443794,0.35,1317652,1.105263157894737,1.05,3.1578947368421053,true,true,true,159759205.84041706,750000,true,0,500000,false
ecuador-early-expansion,seed-2,VAP,24,88.7950250414958,5531.94,0.9954008097165992,0.28,1548943.2000000002,1.2941176470588236,1,3.882352941176471,true,true,true,152077116.83638406,750000,true,500000,500000,true
ecuador-early-expansion,seed-2,MASS,25,76.009038556704,2634.42,0.7702982456140351,0.25,658605,0.7083333333333334,1,2.125,true,true,true,45251706.29391839,750000,true,500000,500000,true
ecuador-early-expansion,seed-2,BAL,25,88.88709803387047,4222.96,0.9878269005847953,0.3,1266888,1,1,3,true,true,true,216787776.86501142,750000,true,500000,500000,true
ecuador-early-expansion,seed-2,JPQ,25,88.64066484120897,4681.34,0.9955002658160553,0.33,1544842.2000000002,1.411764705882353,1,4.235294117647059,true,true,true,162880153.0476629,750000,true,500000,500000,true
ecuador-early-expansion,seed-2,CONSV,25,87.9207587324679,3829.42,0.9953008447043535,0.35,1340297,1.105263157894737,1.05,3.1578947368421053,true,true,true,171507017.7253791,750000,true,500000,500000,true
ecuador-early-expansion,seed-2,VAP,25,89.69142303817614,5531.94,0.9954008097165992,0.28,1548943.2000000002,1.2941176470588236,1,3.882352941176471,true,true,true,163569437.0754313,750000,true,500000,500000,true
ecuador-early-expansion,seed-2,MASS,26,77.92831547216768,3123.86,0.9134093567251462,0.25,780965,0.7083333333333334,1,2.125,true,true,true,36826946.02193348,750000,true,500000,500000,true
ecuador-early-expansion,seed-2,BAL,26,89.77613019116083,4255.76,0.9954994152046784,0.3,1276728,1,1,3,true,true,true,225483720.9367454,750000,true,500000,500000,true
ecuador-early-expansion,seed-2,JPQ,26,89.54941165391226,4681.34,0.9522176455631833,0.33,1544842.2000000002,1.411764705882353,1,4.235294117647059,true,true,true,176971649.36349335,750000,true,500000,500000,true
ecuador-early-expansion,seed-2,CONSV,26,88.88709803387047,3806.22,0.989270955165692,0.35,1332177,1.105263157894737,1.05,3.1578947368421053,true,true,true,183057912.74704447,750000,true,500000,500000,true
ecuador-early-expansion,seed-2,VAP,26,90.51610919512206,5531.94,0.9585341130604288,0.28,1548943.2000000002,1.2941176470588236,1,3.882352941176471,true,true,true,174847185.9254791,750000,true,0,500000,false
ecuador-early-expansion,seed-2,MASS,27,79.69405023439427,3307.68,0.9671578947368421,0.25,826920,0.7083333333333334,1,2.125,true,true,true,33512757.6304223,750000,true,500000,500000,true
ecuador-early-expansion,seed-2,BAL,27,90.59403977586797,4255.76,0.9954994152046784,0.3,1276728,1,1,3,true,true,true,228747049.55688405,750000,true,0,500000,false
ecuador-early-expansion,seed-2,JPQ,27,90.38545872159928,4892.65,0.9951995931858632,0.33,1614574.5,1.411764705882353,1,4.235294117647059,true,true,true,189434793.86553332,750000,true,0,500000,false
ecuador-early-expansion,seed-2,CONSV,27,89.77613019116083,3767.51,0.9792098765432099,0.35,1318628.5,1.105263157894737,1.05,3.1578947368421053,true,true,true,196074456.7111807,750000,true,500000,500000,true
ecuador-early-expansion,seed-2,VAP,27,88.08514264341473,5743.55,0.9952003465453758,0.28,1608194.0000000002,1.2941176470588236,1,3.882352941176471,true,true,true,184370487.24478385,750000,true,500000,500000,true
ecuador-early-expansion,seed-2,MASS,28,81.31852621564272,2810.64,0.46961403508771926,0.25,702660,0.7083333333333334,1,2.125,true,true,true,45847398.34280598,750000,true,0,500000,false
ecuador-early-expansion,seed-2,BAL,28,88.1583973893159,4255.76,0.9954994152046784,0.3,1276728,1,1,3,true,true,true,240645348.89829037,750000,true,500000,500000,true
ecuador-early-expansion,seed-2,JPQ,28,87.96233119830332,4893.64,0.995400966183575,0.33,1614901.2000000002,1.411764705882353,1,4.235294117647059,true,true,true,202672358.85603434,750000,true,500000,500000,true
ecuador-early-expansion,seed-2,CONSV,28,90.59403977586797,3770.14,0.979893437296946,0.35,1319549,1.105263157894737,1.05,3.1578947368421053,true,true,true,211775926.89608127,750000,true,0,500000,false
ecuador-early-expansion,seed-2,VAP,28,89.03833123194156,5744.7,0.9953996101364522,0.28,1608516.0000000002,1.2941176470588236,1,3.882352941176471,true,true,true,196662411.0072015,750000,true,500000,500000,true
ecuador-early-expansion,seed-2,MASS,29,79.43941464270415,1823,0.25084279325765396,0.25,455750,0.7083333333333334,1,2.125,true,true,true,43330720.96457653,750000,true,0,500000,false
ecuador-early-expansion,seed-2,BAL,29,89.10572559817062,3946.61,0.5769897660818714,0.3,1183983,1,1,3,true,true,true,248197084.66819915,750000,true,500000,500000,true
ecuador-early-expansion,seed-2,JPQ,29,88.92534470243905,4894.13,0.9955006356470888,0.33,1615062.9000000001,1.411764705882353,1,4.235294117647059,true,true,true,214524985.6306175,750000,true,500000,500000,true
ecuador-early-expansion,seed-2,CONSV,29,88.1583973893159,3785.68,0.9839324236517218,0.35,1324988,1.105263157894737,1.05,3.1578947368421053,true,true,true,222477896.72277507,750000,true,500000,500000,true
ecuador-early-expansion,seed-2,VAP,29,89.91526473338624,5744.7,0.9953996101364522,0.28,1608516.0000000002,1.2941176470588236,1,3.882352941176471,true,true,true,204745184.3149874,750000,true,500000,500000,true
ecuador-early-expansion,seed-2,MASS,30,77.6730497641419,4390.3,0.5134853801169591,0.25,1097575,0.7083333333333334,1,2.125,true,true,true,65852064.78731168,750000,true,500000,500000,true
ecuador-early-expansion,seed-2,BAL,30,89.97726755031697,5023.49,0.6184659895352416,0.3,1507047,1,1,3,true,true,true,246778722.31456602,750000,true,500000,500000,true
ecuador-early-expansion,seed-2,JPQ,30,89.81131712624392,4894.13,0.9955006356470888,0.33,1615062.9000000001,1.411764705882353,1,4.235294117647059,true,true,true,230757553.05605096,750000,true,500000,500000,true
ecuador-early-expansion,seed-2,CONSV,30,89.10572559817062,3793.43,0.9859467186484729,0.35,1327700.5,1.105263157894737,1.05,3.1578947368421053,true,true,true,236288867.1258806,750000,true,500000,500000,true
ecuador-early-expansion,seed-2,VAP,30,90.72204355471534,5744.7,0.9953996101364522,0.28,1608516.0000000002,1.2941176470588236,1,3.882352941176471,true,true,true,216714464.84339395,750000,true,0,500000,false
ecuador-early-expansion,seed-2,MASS,31,79.45920578301055,3334.15,0.3899590643274854,0.25,833537.5,0.7083333333333334,1,2.125,true,true,true,63962087.11189114,750000,true,0,500000,false
ecuador-early-expansion,seed-2,BAL,31,90.7790861462916,6172.48,0.6562977139819245,0.3,1851744,1,1,3,true,true,true,238491399.86135712,750000,true,0,500000,false
ecuador-early-expansion,seed-2,JPQ,31,90.6264117561444,4894.13,0.9955006356470888,0.33,1615062.9000000001,1.411764705882353,1,4.235294117647059,true,true,true,244821002.72681156,750000,true,0,500000,false
ecuador-early-expansion,seed-2,CONSV,31,89.97726755031697,3785.61,0.9839142300194932,0.35,1324963.5,1.105263157894737,1.05,3.1578947368421053,true,true,true,247236056.33284515,750000,true,500000,500000,true
ecuador-early-expansion,seed-2,VAP,31,88.27872094143243,5744.7,0.9953996101364522,0.28,1608516.0000000002,1.2941176470588236,1,3.882352941176471,true,true,true,228293600.9979859,750000,true,500000,500000,true
ecuador-early-expansion,seed-2,MASS,32,77.69165343602991,4104.75,0.4800877192982456,0.25,1026187.5,0.7083333333333334,1,2.125,true,true,true,60518372.10433259,750000,true,0,500000,false
ecuador-early-expansion,seed-2,BAL,32,88.33234097751411,6771.49,0.7199883040935672,0.3,2031447,1,1,3,true,true,true,240153581.25337464,750000,true,500000,500000,true
ecuador-early-expansion,seed-2,JPQ,32,88.18882705077574,4894.13,0.9540214424951268,0.33,1615062.9000000001,1.411764705882353,1,4.235294117647059,true,true,true,261752727.91501495,750000,true,500000,500000,true
ecuador-early-expansion,seed-2,CONSV,32,90.7790861462916,3785.8,0.9839636127355426,0.35,1325030,1.105263157894737,1.05,3.1578947368421053,true,true,true,262671233.59808105,750000,true,0,500000,false
ecuador-early-expansion,seed-2,VAP,32,89.21642326611783,5744.7,0.9598496240601504,0.28,1608516.0000000002,1.2941176470588236,1,3.882352941176471,true,true,true,242409027.202917,750000,true,500000,500000,true
ecuador-early-expansion,seed-3,MASS,1,50,0,0,0.25,0,0.7083333333333334,1,2.125,false,false,false,30000000,750000,true,0,0,true
ecuador-early-expansion,seed-3,BAL,1,50,0,0,0.3,0,1,1,3,false,false,false,30000000,750000,true,0,0,true
ecuador-early-expansion,seed-3,JPQ,1,50,0,0,0.33,0,1.411764705882353,1,4.235294117647059,false,false,false,25000000,750000,true,0,0,true
ecuador-early-expansion,seed-3,CONSV,1,50,0,0,0.35,0,1.105263157894737,1.05,3.1578947368421053,false,false,false,35000000,750000,true,0,0,true
ecuador-early-expansion,seed-3,VAP,1,50,0,0,0.28,0,1.2941176470588236,1,3.882352941176471,false,false,false,22000000,750000,true,0,0,true
ecuador-early-expansion,seed-3,MASS,2,50,2676.59,0.7826286549707603,0.25,669147.5,0.7083333333333334,1,2.125,true,true,true,14530663.532499146,750000,true,0,500000,false
ecuador-early-expansion,seed-3,BAL,2,50,3935.21,0.9205169590643275,0.3,1180563,1,1,3,true,true,true,41575441.369690195,750000,true,500000,500000,true
ecuador-early-expansion,seed-3,JPQ,2,50,2509.76,0.5870783625730994,0.33,828220.8,1.411764705882353,1,4.235294117647059,true,true,true,14494279.701722093,750000,true,0,500000,false
ecuador-early-expansion,seed-3,CONSV,2,50,2128.14,0.6222631578947369,0.35,744849,1.105263157894737,1.05,3.1578947368421053,true,true,true,10878104.155727632,750000,true,0,500000,false
ecuador-early-expansion,seed-3,VAP,2,50,5093.06,0.9927992202729046,0.28,1426056.8,1.2941176470588236,1,3.882352941176471,true,true,true,20033387.12761445,750000,true,0,500000,false
ecuador-early-expansion,seed-3,MASS,3,50,0,0,0.25,0,0.7083333333333334,1,2.125,false,false,false,40015350.53930351,750000,true,0,0,true
ecuador-early-expansion,seed-3,BAL,3,54,3739.1,0.8746432748538011,0.3,1121730,1,1,3,true,true,true,37820903.04120061,750000,true,500000,500000,true
ecuador-early-expansion,seed-3,JPQ,3,50,3797.33,0.8882643274853801,0.33,1253118.9000000001,1.411764705882353,1,4.235294117647059,true,true,true,31236110.354378168,750000,true,500000,500000,true
ecuador-early-expansion,seed-3,CONSV,3,50,2959.32,0.8652982456140351,0.35,1035761.9999999999,1.105263157894737,1.05,3.1578947368421053,true,true,true,35535252.75656626,750000,true,500000,500000,true
ecuador-early-expansion,seed-3,VAP,3,50,0,0,0.28,0,1.2941176470588236,1,3.882352941176471,false,false,false,21985802.322121654,750000,true,0,0,true
ecuador-early-expansion,seed-3,MASS,4,50,3394.35,0.9924999999999999,0.25,848587.5,0.7083333333333334,1,2.125,true,true,true,5967053.687927023,750000,true,0,500000,false
ecuador-early-expansion,seed-3,BAL,4,57.68,3553.57,0.8312444444444445,0.3,1066071,1,1,3,true,true,true,36718179.78092164,750000,true,500000,500000,true
ecuador-early-expansion,seed-3,JPQ,4,54,4070.61,0.9521894736842106,0.33,1343301.3,1.411764705882353,1,4.235294117647059,true,true,true,24269338.761885382,750000,true,0,500000,false
ecuador-early-expansion,seed-3,CONSV,4,54,3188.75,0.9323830409356725,0.35,1116062.5,1.105263157894737,1.05,3.1578947368421053,true,true,true,32535211.586471416,750000,true,500000,500000,true
ecuador-early-expansion,seed-3,VAP,4,50,4389.18,0.8555906432748539,0.28,1228970.4000000001,1.2941176470588236,1,3.882352941176471,true,true,true,15766766.983454593,750000,true,0,500000,false
ecuador-early-expansion,seed-3,MASS,5,50,1914.2,0.5597076023391813,0.25,478550,0.7083333333333334,1,2.125,true,true,true,38828723.49281218,750000,true,500000,500000,true
ecuador-early-expansion,seed-3,BAL,5,61.0656,4007.78,0.9374923976608187,0.3,1202334,1,1,3,true,true,true,42613882.083699584,750000,true,500000,500000,true
ecuador-early-expansion,seed-3,JPQ,5,53.76,4085.81,0.9557450292397661,0.33,1348317.3,1.411764705882353,1,4.235294117647059,true,true,true,24231724.601588275,750000,true,0,500000,false
ecuador-early-expansion,seed-3,CONSV,5,57.68,3390.59,0.9914005847953217,0.35,1186706.5,1.105263157894737,1.05,3.1578947368421053,true,true,true,36185911.47566257,750000,true,500000,500000,true
ecuador-early-expansion,seed-3,VAP,5,50,5088.96,0.992,0.28,1424908.8,1.2941176470588236,1,3.882352941176471,true,true,true,28189158.613107532,750000,true,500000,500000,true
ecuador-early-expansion,seed-3,MASS,6,54,3382.47,0.9890263157894736,0.25,845617.5,0.7083333333333334,1,2.125,true,true,true,0,750000,false,0,500000,false
ecuador-early-expansion,seed-3,BAL,6,64.180352,4195.74,0.9814596491228069,0.3,1258722,1,1,3,true,true,true,17944527.580436688,750000,true,0,500000,false
ecuador-early-expansion,seed-3,JPQ,6,53.5344,4239.95,0.9918011695906432,0.33,1399183.5,1.411764705882353,1,4.235294117647059,true,true,true,22377247.8657064,750000,true,0,500000,false
ecuador-early-expansion,seed-3,CONSV,6,61.0656,3188.75,0.9323830409356725,0.35,1116062.5,1.105263157894737,1.05,3.1578947368421053,true,true,true,34845256.88848694,750000,true,500000,500000,true
ecuador-early-expansion,seed-3,VAP,6,54,5090.5,0.9923001949317739,0.28,1425340.0000000002,1.2941176470588236,1,3.882352941176471,true,true,true,17418289.8178109,750000,true,0,500000,false
ecuador-early-expansion,seed-3,MASS,7,53.76,1965.53,0.5747163742690058,0.25,491382.5,0.7083333333333334,1,2.125,true,true,true,33336803.875948276,750000,true,500000,500000,true
ecuador-early-expansion,seed-3,BAL,7,63.32953088,4146.83,0.9700187134502923,0.3,1244049,1,1,3,true,true,true,29605593.046561897,750000,true,500000,500000,true
ecuador-early-expansion,seed-3,JPQ,7,53.322336,4247.21,0.9934994152046783,0.33,1401579.3,1.411764705882353,1,4.235294117647059,true,true,true,10893513.13959305,750000,true,0,500000,false
ecuador-early-expansion,seed-3,CONSV,7,64.180352,3194.86,0.9341695906432749,0.35,1118201,1.105263157894737,1.05,3.1578947368421053,true,true,true,15664142.036074392,750000,true,0,500000,false
ecuador-early-expansion,seed-3,VAP,7,53.76,5089.99,0.9922007797270955,0.28,1425197.2000000002,1.2941176470588236,1,3.882352941176471,true,true,true,26922365.20710577,750000,true,500000,500000,true
ecuador-early-expansion,seed-3,MASS,8,57.459199999999996,3335,0.9751461988304093,0.25,833750,0.7083333333333334,1,2.125,true,true,true,0,750000,false,0,500000,false
ecuador-early-expansion,seed-3,BAL,8,66.2631684096,3877.94,0.9071204678362573,0.3,1163382,1,1,3,true,true,true,28558333.54398047,750000,true,500000,500000,true
ecuador-early-expansion,seed-3,JPQ,8,53.12299584,4254.05,0.9950994152046784,0.33,1403836.5,1.411764705882353,1,4.235294117647059,true,true,true,37838932.94213252,750000,true,500000,500000,true
ecuador-early-expansion,seed-3,CONSV,8,63.32953088,3402.56,0.9949005847953216,0.35,1190896,1.105263157894737,1.05,3.1578947368421053,true,true,true,32369308.902861413,750000,true,500000,500000,true
ecuador-early-expansion,seed-3,VAP,8,57.459199999999996,5089.99,0.9922007797270955,0.28,1425197.2000000002,1.2941176470588236,1,3.882352941176471,true,true,true,34497918.94762016,750000,true,500000,500000,true
ecuador-early-expansion,seed-3,MASS,9,57.011647999999994,1102.65,0.32241228070175443,0.25,275662.5,0.7083333333333334,1,2.125,true,true,true,34550338.306114644,750000,true,0,500000,false
ecuador-early-expansion,seed-3,BAL,9,68.962114936832,3982.25,0.9315204678362573,0.3,1194675,1,1,3,true,true,true,35839523.63694574,750000,true,500000,500000,true
ecuador-early-expansion,seed-3,JPQ,9,56.8731561728,4254.05,0.9950994152046784,0.33,1403836.5,1.411764705882353,1,4.235294117647059,true,true,true,44029577.98823643,750000,true,500000,500000,true
ecuador-early-expansion,seed-3,CONSV,9,66.2631684096,3257.09,0.9523654970760235,0.35,1139981.5,1.105263157894737,1.05,3.1578947368421053,true,true,true,36384102.229440115,750000,true,500000,500000,true
ecuador-early-expansion,seed-3,VAP,9,60.862463999999996,5098.71,0.9939005847953216,0.28,1427638.8,1.2941176470588236,1,3.882352941176471,true,true,true,28570164.00674869,750000,true,500000,500000,true
ecuador-early-expansion,seed-3,MASS,10,56.59094911999999,3385.46,0.9899005847953216,0.25,846365,0.7083333333333334,1,2.125,true,true,true,1737497.4553237818,750000,true,0,500000,false
ecuador-early-expansion,seed-3,BAL,10,71.44514574188544,3983.43,0.9317964912280702,0.3,1195029,1,1,3,true,true,true,44104725.43646093,750000,true,500000,500000,true
ecuador-early-expansion,seed-3,JPQ,10,60.323303678976,4254.91,0.9953005847953216,0.33,1404120.3,1.411764705882353,1,4.235294117647059,true,true,true,48078786.32372918,750000,true,500000,500000,true
ecuador-early-expansion,seed-3,CONSV,10,68.962114936832,3403.24,0.9950994152046783,0.35,1191134,1.105263157894737,1.05,3.1578947368421053,true,true,true,36181432.88208104,750000,true,500000,500000,true
ecuador-early-expansion,seed-3,VAP,10,63.99346688,5106.4,0.9953996101364522,0.28,1429792.0000000002,1.2941176470588236,1,3.882352941176471,true,true,true,34353018.02306212,750000,true,500000,500000,true
ecuador-early-expansion,seed-3,MASS,11,56.19549217279999,1671.58,0.488766081871345,0.25,417895,0.7083333333333334,1,2.125,true,true,true,33393764.911324833,750000,true,0,500000,false
ecuador-early-expansion,seed-3,BAL,11,73.7295340825346,3948.4,0.9236023391812865,0.3,1184520,1,1,3,true,true,true,40885276.40587164,750000,true,500000,500000,true
ecuador-early-expansion,seed-3,JPQ,11,63.49743938465792,4255.34,0.9954011695906433,0.33,1404262.2,1.411764705882353,1,4.235294117647059,true,true,true,51239161.94254863,750000,true,500000,500000,true
ecuador-early-expansion,seed-3,CONSV,11,71.44514574188544,3403.93,0.9367540419676642,0.35,1191375.5,1.105263157894737,1.05,3.1578947368421053,true,true,true,47071310.26872765,750000,true,500000,500000,true
ecuador-early-expansion,seed-3,VAP,11,66.8739895296,5106.4,0.9953996101364522,0.28,1429792.0000000002,1.2941176470588236,1,3.882352941176471,true,true,true,37306582.781359896,750000,true,500000,500000,true
ecuador-early-expansion,seed-3,MASS,12,55.82376264243199,3385.12,0.9898011695906432,0.25,846280,0.7083333333333334,1,2.125,true,true,true,24443123.480896316,750000,true,0,500000,false
ecuador-early-expansion,seed-3,BAL,12,75.83117135593183,3843.02,0.8989520467836257,0.3,1152906,1,1,3,true,true,true,48014702.88223112,750000,true,500000,500000,true
ecuador-early-expansion,seed-3,JPQ,12,66.41764423388528,4255.34,0.9954011695906433,0.33,1404262.2,1.411764705882353,1,4.235294117647059,true,true,true,44589424.87691708,750000,true,500000,500000,true
ecuador-early-expansion,seed-3,CONSV,12,73.7295340825346,3388.76,0.9325792913656691,0.35,1186066,1.105263157894737,1.05,3.1578947368421053,true,true,true,38617387.13238909,750000,true,500000,500000,true
ecuador-early-expansion,seed-3,VAP,12,69.524070367232,5106.4,0.9953996101364522,0.28,1429792.0000000002,1.2941176470588236,1,3.882352941176471,true,true,true,45351531.120688304,750000,true,500000,500000,true
ecuador-early-expansion,seed-3,MASS,13,55.47433688388607,3393.67,0.9923011695906433,0.25,848417.5,0.7083333333333334,1,2.125,true,true,true,17722085.876648672,750000,true,0,500000,false
ecuador-early-expansion,seed-3,BAL,13,77.76467764745729,3823.89,0.8944771929824561,0.3,1147167,1,1,3,true,true,true,45154360.23959719,750000,true,500000,500000,true
ecuador-early-expansion,seed-3,JPQ,13,69.10423269517446,4255.34,0.9954011695906433,0.33,1404262.2,1.411764705882353,1,4.235294117647059,true,true,true,54973695.50331106,750000,true,500000,500000,true
ecuador-early-expansion,seed-3,CONSV,13,75.83117135593183,3602.92,0.9915156518747851,0.35,1261022,1.105263157894737,1.05,3.1578947368421053,true,true,true,35385800.81677313,750000,true,500000,500000,true
ecuador-early-expansion,seed-3,VAP,13,71.96214473785344,5106.4,0.9953996101364522,0.28,1429792.0000000002,1.2941176470588236,1,3.882352941176471,true,true,true,49214151.59568481,750000,true,500000,500000,true
ecuador-early-expansion,seed-3,MASS,14,55.1458766708529,2807.97,0.8210438596491227,0.25,701992.5,0.7083333333333334,1,2.125,true,true,true,34486939.93096393,750000,true,500000,500000,true
ecuador-early-expansion,seed-3,BAL,14,79.54350343566071,4048.78,0.9470830409356725,0.3,1214634,1,1,3,true,true,true,57532988.3349316,750000,true,500000,500000,true
ecuador-early-expansion,seed-3,JPQ,14,71.5758940795605,4255.34,0.9480011138958507,0.33,1404262.2,1.411764705882353,1,4.235294117647059,true,true,true,66291387.93443401,750000,true,500000,500000,true
ecuador-early-expansion,seed-3,CONSV,14,77.76467764745729,3616.67,0.9952996216030272,0.35,1265834.5,1.105263157894737,1.05,3.1578947368421053,true,true,true,42266403.349007286,750000,true,500000,500000,true
ecuador-early-expansion,seed-3,VAP,14,74.20517315882516,5106.4,0.9953996101364522,0.28,1429792.0000000002,1.2941176470588236,1,3.882352941176471,true,true,true,57431182.78830129,750000,true,500000,500000,true
ecuador-early-expansion,seed-3,MASS,15,58.73420653718467,2372.22,0.6936315789473684,0.25,593055,0.7083333333333334,1,2.125,true,true,true,21524025.426624037,750000,true,0,500000,false
ecuador-early-expansion,seed-3,BAL,15,81.18002316080785,3954.43,0.925012865497076,0.3,1186329,1,1,3,true,true,true,69010945.03075202,750000,true,500000,500000,true
ecuador-early-expansion,seed-3,JPQ,15,73.84982255319566,4467.2,0.9951991088833194,0.33,1474176,1.411764705882353,1,4.235294117647059,true,true,true,75122401.01544264,750000,true,500000,500000,true
ecuador-early-expansion,seed-3,CONSV,15,79.54350343566071,3593.66,0.9889673202614379,0.35,1257781,1.105263157894737,1.05,3.1578947368421053,true,true,true,51830205.094426766,750000,true,500000,500000,true
ecuador-early-expansion,seed-3,VAP,15,76.26875930611915,5106.4,0.9953996101364522,0.28,1429792.0000000002,1.2941176470588236,1,3.882352941176471,true,true,true,67155766.59865949,750000,true,500000,500000,true
ecuador-early-expansion,seed-3,MASS,16,58.21015414495359,2859.13,0.8360029239766082,0.25,714782.5,0.7083333333333334,1,2.125,true,true,true,32104756.482645392,750000,true,500000,500000,true
ecuador-early-expansion,seed-3,BAL,16,82.68562130794322,3941.08,0.9218900584795321,0.3,1182324,1,1,3,true,true,true,82097700.82376061,750000,true,500000,500000,true
ecuador-early-expansion,seed-3,JPQ,16,75.94183674894,4468.1,0.9953996101364523,0.33,1474473,1.411764705882353,1,4.235294117647059,true,true,true,83805112.68873408,750000,true,500000,500000,true
ecuador-early-expansion,seed-3,CONSV,16,81.18002316080785,3412.7,0.9391675266597866,0.35,1194445,1.105263157894737,1.05,3.1578947368421053,true,true,true,63716868.20727174,750000,true,500000,500000,true
ecuador-early-expansion,seed-3,VAP,16,78.16725856162962,5106.4,0.9953996101364522,0.28,1429792.0000000002,1.2941176470588236,1,3.882352941176471,true,true,true,77394753.10930884,750000,true,500000,500000,true
ecuador-early-expansion,seed-3,MASS,17,61.55334181335731,3035.15,0.8874707602339181,0.25,758787.5,0.7083333333333334,1,2.125,true,true,true,35326338.071838915,750000,true,500000,500000,true
ecuador-early-expansion,seed-3,BAL,17,84.07077160330776,3990.41,0.9334292397660818,0.3,1197123,1,1,3,true,true,true,99145360.46948951,750000,true,500000,500000,true
ecuador-early-expansion,seed-3,JPQ,17,77.8664898090248,4468.1,0.9953996101364523,0.33,1474473,1.411764705882353,1,4.235294117647059,true,true,true,95226559.16848525,750000,true,500000,500000,true
ecuador-early-expansion,seed-3,CONSV,17,82.68562130794322,3396.58,0.9347313381492948,0.35,1188803,1.105263157894737,1.05,3.1578947368421053,true,true,true,75949033.7474084,750000,true,500000,500000,true
ecuador-early-expansion,seed-3,VAP,17,79.91387787669925,5106.4,0.9555836257309941,0.28,1429792.0000000002,1.2941176470588236,1,3.882352941176471,true,true,true,86432016.0236524,750000,true,500000,500000,true
ecuador-early-expansion,seed-3,MASS,18,64.62907446828872,3051.88,0.8923625730994152,0.25,762970,0.7083333333333334,1,2.125,true,true,true,29448463.792678766,750000,true,0,500000,false
ecuador-early-expansion,seed-3,BAL,18,85.34510987504314,3981.84,0.9314245614035088,0.3,1194552,1,1,3,true,true,true,110658094.5366107,750000,true,500000,500000,true
ecuador-early-expansion,seed-3,JPQ,18,79.63717062430281,4468.55,0.9954998607630187,0.33,1474621.5,1.411764705882353,1,4.235294117647059,true,true,true,103170626.33494923,750000,true,500000,500000,true
ecuador-early-expansion,seed-3,CONSV,18,84.07077160330776,3416.91,0.8880857699805068,0.35,1195918.5,1.105263157894737,1.05,3.1578947368421053,true,true,true,85517277.33837676,750000,true,500000,500000,true
ecuador-early-expansion,seed-3,VAP,18,81.5207676465633,5319.17,0.9954002339181287,0.28,1489367.6,1.2941176470588236,1,3.882352941176471,true,true,true,91992649.84864154,750000,true,500000,500000,true
ecuador-early-expansion,seed-3,MASS,19,63.751330000191395,2886.98,0.8441461988304093,0.25,721745,0.7083333333333334,1,2.125,true,true,true,40379282.387650505,750000,true,500000,500000,true
ecuador-early-expansion,seed-3,BAL,19,86.51750108503968,3946.97,0.9232678362573099,0.3,1184091,1,1,3,true,true,true,125751773.90108497,750000,true,500000,500000,true
ecuador-early-expansion,seed-3,JPQ,19,81.26619697435859,4468.55,0.9954998607630187,0.33,1474621.5,1.411764705882353,1,4.235294117647059,true,true,true,115974219.51107381,750000,true,500000,500000,true
ecuador-early-expansion,seed-3,CONSV,19,85.34510987504314,3617.39,0.9401923326835607,0.35,1266086.5,1.105263157894737,1.05,3.1578947368421053,true,true,true,96028290.88234387,750000,true,500000,500000,true
ecuador-early-expansion,seed-3,VAP,19,82.99910623483824,5319.17,0.9954002339181287,0.28,1489367.6,1.2941176470588236,1,3.882352941176471,true,true,true,100094475.83062126,750000,true,500000,500000,true
ecuador-early-expansion,seed-3,MASS,20,66.65122360017608,2886.98,0.8441461988304093,0.25,721745,0.7083333333333334,1,2.125,true,true,true,37913985.7842431,750000,true,500000,500000,true
ecuador-early-expansion,seed-3,BAL,20,87.59610099823651,3938.29,0.9212374269005847,0.3,1181487,1,1,3,true,true,true,137136754.0645249,750000,true,500000,500000,true
ecuador-early-expansion,seed-3,JPQ,20,82.76490121640991,4468.1,0.9501541733120681,0.33,1474473,1.411764705882353,1,4.235294117647059,true,true,true,126305809.97517236,750000,true,500000,500000,true
ecuador-early-expansion,seed-3,CONSV,20,86.51750108503968,3669.25,0.9536712150747239,0.35,1284237.5,1.105263157894737,1.05,3.1578947368421053,true,true,true,107307994.46776748,750000,true,500000,500000,true
ecuador-early-expansion,seed-3,VAP,20,84.35917773605118,5319.17,0.9954002339181287,0.28,1489367.6,1.2941176470588236,1,3.882352941176471,true,true,true,108354605.65184894,750000,true,500000,500000,true
ecuador-early-expansion,seed-3,MASS,21,69.31912571216199,2886.98,0.8441461988304093,0.25,721745,0.7083333333333334,1,2.125,true,true,true,45522404.51129987,750000,true,500000,500000,true
ecuador-early-expansion,seed-3,BAL,21,88.58841291837759,4227.85,0.9889707602339182,0.3,1268355,1,1,3,true,true,true,147781295.33935487,750000,true,500000,500000,true
ecuador-early-expansion,seed-3,JPQ,21,84.14370911909711,4679.93,0.9952004253056885,0.33,1544376.9000000001,1.411764705882353,1,4.235294117647059,true,true,true,137201503.94693258,750000,true,500000,500000,true
ecuador-early-expansion,seed-3,CONSV,21,87.59610099823651,3666.24,0.9528888888888888,0.35,1283184,1.105263157894737,1.05,3.1578947368421053,true,true,true,118438741.85097086,750000,true,500000,500000,true
ecuador-early-expansion,seed-3,VAP,21,85.61044351716708,5318.63,0.9952991812865497,0.28,1489216.4000000001,1.2941176470588236,1,3.882352941176471,true,true,true,116867470.87538262,750000,true,500000,500000,true
ecuador-early-expansion,seed-3,MASS,22,71.77359565518903,3214.65,0.9399561403508773,0.25,803662.5,0.7083333333333334,1,2.125,true,true,true,39117744.694970116,750000,true,500000,500000,true
ecuador-early-expansion,seed-3,BAL,22,89.50133988490738,4241.23,0.9921005847953215,0.3,1272369,1,1,3,true,true,true,164504054.01292413,750000,true,500000,500000,true
ecuador-early-expansion,seed-3,JPQ,22,85.41221238956935,4680.87,0.9954003189792663,0.33,1544687.1,1.411764705882353,1,4.235294117647059,true,true,true,148298387.6008797,750000,true,500000,500000,true
ecuador-early-expansion,seed-3,CONSV,22,88.58841291837759,3645.74,0.9475607537361923,0.35,1276009,1.105263157894737,1.05,3.1578947368421053,true,true,true,131203038.38231125,750000,true,500000,500000,true
ecuador-early-expansion,seed-3,VAP,22,86.76160803579371,5318.63,0.9952991812865497,0.28,1489216.4000000001,1.2941176470588236,1,3.882352941176471,true,true,true,127858335.02723175,750000,true,500000,500000,true
ecuador-early-expansion,seed-3,MASS,23,74.03170800277391,2886.98,0.8441461988304093,0.25,721745,0.7083333333333334,1,2.125,true,true,true,36383340.45372854,750000,true,500000,500000,true
ecuador-early-expansion,seed-3,BAL,23,90.3412326941148,4242.08,0.9922994152046783,0.3,1272624,1,1,3,true,true,true,181105728.2672562,750000,true,0,500000,false
ecuador-early-expansion,seed-3,JPQ,23,86.5792353984038,4680.87,0.9954003189792663,0.33,1544687.1,1.411764705882353,1,4.235294117647059,true,true,true,160715932.5394836,750000,true,500000,500000,true
ecuador-early-expansion,seed-3,CONSV,23,89.50133988490738,3625.84,0.9423885640025992,0.35,1269044,1.105263157894737,1.05,3.1578947368421053,true,true,true,144161445.71871683,750000,true,500000,500000,true
ecuador-early-expansion,seed-3,VAP,23,87.82067939293022,5318.63,0.9570184435447594,0.28,1489216.4000000001,1.2941176470588236,1,3.882352941176471,true,true,true,139871212.30328408,750000,true,500000,500000,true
ecuador-early-expansion,seed-3,MASS,24,76.109171362552,3115.4,0.9109356725146199,0.25,778850,0.7083333333333334,1,2.125,true,true,true,23623371.505907822,750000,true,0,500000,false
ecuador-early-expansion,seed-3,BAL,24,87.9207587324679,4242.08,0.9922994152046783,0.3,1272624,1,1,3,true,true,true,194470971.7970887,750000,true,500000,500000,true
ecuador-early-expansion,seed-3,JPQ,24,87.6528965665315,4680.87,0.9954003189792663,0.33,1544687.1,1.411764705882353,1,4.235294117647059,true,true,true,169848650.8033314,750000,true,500000,500000,true
ecuador-early-expansion,seed-3,CONSV,24,90.3412326941148,3773.42,0.9807459389213775,0.35,1320697,1.105263157894737,1.05,3.1578947368421053,true,true,true,153809417.18330845,750000,true,0,500000,false
ecuador-early-expansion,seed-3,VAP,24,88.7950250414958,5530.82,0.9951992802519117,0.28,1548629.6,1.2941176470588236,1,3.882352941176471,true,true,true,148395996.80165166,750000,true,500000,500000,true
ecuador-early-expansion,seed-3,MASS,25,74.54262108079888,3178.55,0.5310860484544695,0.25,794637.5,0.7083333333333334,1,2.125,true,true,true,32433319.962134775,750000,true,500000,500000,true
ecuador-early-expansion,seed-3,BAL,25,88.88709803387047,4242.08,0.9922994152046783,0.3,1272624,1,1,3,true,true,true,211909246.05448484,750000,true,500000,500000,true
ecuador-early-expansion,seed-3,JPQ,25,88.64066484120897,4680.87,0.9954003189792663,0.33,1544687.1,1.411764705882353,1,4.235294117647059,true,true,true,182097905.76862657,750000,true,500000,500000,true
ecuador-early-expansion,seed-3,CONSV,25,87.9207587324679,3829.42,0.9953008447043535,0.35,1340297,1.105263157894737,1.05,3.1578947368421053,true,true,true,164860131.5206397,750000,true,500000,500000,true
ecuador-early-expansion,seed-3,VAP,25,89.69142303817614,5531.38,0.9953000449842555,0.28,1548786.4000000001,1.2941176470588236,1,3.882352941176471,true,true,true,156786975.6117491,750000,true,500000,500000,true
ecuador-early-expansion,seed-3,MASS,26,76.57921139433498,1902,0.26171310629514966,0.25,475500,0.7083333333333334,1,2.125,true,true,true,37117021.08007435,750000,true,0,500000,false
ecuador-early-expansion,seed-3,BAL,26,89.77613019116083,4242.08,0.9922994152046783,0.3,1272624,1,1,3,true,true,true,214053904.25251326,750000,true,500000,500000,true
ecuador-early-expansion,seed-3,JPQ,26,89.54941165391226,4680.87,0.9521220442410373,0.33,1544687.1,1.411764705882353,1,4.235294117647059,true,true,true,194846853.1737008,750000,true,500000,500000,true
ecuador-early-expansion,seed-3,CONSV,26,88.88709803387047,3807.71,0.9896582196231319,0.35,1332698.5,1.105263157894737,1.05,3.1578947368421053,true,true,true,178047601.99066934,750000,true,500000,500000,true
ecuador-early-expansion,seed-3,VAP,26,90.51610919512206,5531.94,0.9954008097165992,0.28,1548943.2000000002,1.2941176470588236,1,3.882352941176471,true,true,true,167321526.4063851,750000,true,0,500000,false
ecuador-early-expansion,seed-3,MASS,27,74.98445871067487,4734.450000000001,0.5537368421052632,0.25,1183612.5000000002,0.7083333333333334,1,2.125,true,true,true,45488489.693585716,750000,true,500000,500000,true
ecuador-early-expansion,seed-3,BAL,27,90.59403977586797,4242.08,0.9922994152046783,0.3,1272624,1,1,3,true,true,true,221977168.6743951,750000,true,0,500000,false
ecuador-early-expansion,seed-3,JPQ,27,90.38545872159928,4892.65,0.9951995931858632,0.33,1614574.5,1.411764705882353,1,4.235294117647059,true,true,true,204398564.63003474,750000,true,0,500000,false
ecuador-early-expansion,seed-3,CONSV,27,89.77613019116083,3763.73,0.978227420402859,0.35,1317305.5,1.105263157894737,1.05,3.1578947368421053,true,true,true,190555222.25496557,750000,true,500000,500000,true
ecuador-early-expansion,seed-3,VAP,27,88.08514264341473,5531.94,0.9954008097165992,0.28,1548943.2000000002,1.2941176470588236,1,3.882352941176471,true,true,true,177796086.6201126,750000,true,500000,500000,true
ecuador-early-expansion,seed-3,MASS,28,76.98570201382088,4067.1,0.4640821566110398,0.25,1016775,0.7083333333333334,1,2.125,true,true,true,57165583.61570177,750000,true,0,500000,false
ecuador-early-expansion,seed-3,BAL,28,88.1583973893159,3932.73,0.9199368421052632,0.3,1179819,1,1,3,true,true,true,227034987.18558425,750000,true,500000,500000,true
ecuador-early-expansion,seed-3,JPQ,28,87.96233119830332,4893.64,0.995400966183575,0.33,1614901.2000000002,1.411764705882353,1,4.235294117647059,true,true,true,213935782.08078906,750000,true,500000,500000,true
ecuador-early-expansion,seed-3,CONSV,28,90.59403977586797,3768.09,0.9793606237816764,0.35,1318831.5,1.105263157894737,1.05,3.1578947368421053,true,true,true,205514397.17307043,750000,true,0,500000,false
ecuador-early-expansion,seed-3,VAP,28,89.03833123194156,5531.94,0.9954008097165992,0.28,1548943.2000000002,1.2941176470588236,1,3.882352941176471,true,true,true,191300586.19834495,750000,true,500000,500000,true
ecuador-early-expansion,seed-3,MASS,29,75.36655989299163,6832.96,0.7796844957923263,0.25,1708240,0.7083333333333334,1,2.125,true,true,true,55397677.84305615,750000,true,500000,500000,true
ecuador-early-expansion,seed-3,BAL,29,89.10572559817062,3933.13,0.5750190058479532,0.3,1179939,1,1,3,true,true,true,253171588.21188062,750000,true,500000,500000,true
ecuador-early-expansion,seed-3,JPQ,29,88.92534470243905,4894.13,0.9955006356470888,0.33,1615062.9000000001,1.411764705882353,1,4.235294117647059,true,true,true,218620189.53911018,750000,true,500000,500000,true
ecuador-early-expansion,seed-3,CONSV,29,88.1583973893159,3782.62,0.9831371020142949,0.35,1323917,1.105263157894737,1.05,3.1578947368421053,true,true,true,216478911.59187153,750000,true,500000,500000,true
ecuador-early-expansion,seed-3,VAP,29,89.91526473338624,5531.38,0.958437080355209,0.28,1548786.4000000001,1.2941176470588236,1,3.882352941176471,true,true,true,202146927.80116218,750000,true,500000,500000,true
ecuador-early-expansion,seed-3,MASS,30,77.3372351015523,4198.83,0.47911339323919555,0.25,1049707.5,0.7083333333333334,1,2.125,true,true,true,48368826.53279101,750000,true,0,500000,false
ecuador-early-expansion,seed-3,BAL,30,89.97726755031697,4397.79,0.541433056325023,0.3,1319337,1,1,3,true,true,true,249535237.75345272,750000,true,500000,500000,true
ecuador-early-expansion,seed-3,JPQ,30,89.81131712624392,4894.13,0.9955006356470888,0.33,1615062.9000000001,1.411764705882353,1,4.235294117647059,true,true,true,222582382.11919013,750000,true,500000,500000,true
ecuador-early-expansion,seed-3,CONSV,30,89.10572559817062,3789,0.9847953216374269,0.35,1326150,1.105263157894737,1.05,3.1578947368421053,true,true,true,227430037.61526978,750000,true,500000,500000,true
ecuador-early-expansion,seed-3,VAP,30,90.72204355471534,5743.55,0.9952003465453758,0.28,1608194.0000000002,1.2941176470588236,1,3.882352941176471,true,true,true,210534061.55340928,750000,true,0,500000,false
ecuador-early-expansion,seed-3,MASS,31,75.69700099545915,4876.389999999999,0.556427328483811,0.25,1219097.4999999998,0.7083333333333334,1,2.125,true,true,true,63151535.0947267,750000,true,500000,500000,true
ecuador-early-expansion,seed-3,BAL,31,90.7790861462916,7172.469999999999,0.7626230728335991,0.3,2151740.9999999995,1,1,3,true,true,true,229736667.45203945,750000,true,0,500000,false
ecuador-early-expansion,seed-3,JPQ,31,90.6264117561444,4894.13,0.9955006356470888,0.33,1615062.9000000001,1.411764705882353,1,4.235294117647059,true,true,true,228033428.39190382,750000,true,0,500000,false
ecuador-early-expansion,seed-3,CONSV,31,89.97726755031697,3789.19,0.9848447043534763,0.35,1326216.5,1.105263157894737,1.05,3.1578947368421053,true,true,true,238729188.03335693,750000,true,500000,500000,true
ecuador-early-expansion,seed-3,VAP,31,88.27872094143243,5744.7,0.9953996101364522,0.28,1608516.0000000002,1.2941176470588236,1,3.882352941176471,true,true,true,219574728.1982482,750000,true,500000,500000,true
ecuador-early-expansion,seed-3,MASS,32,77.64124091582242,7537.49,0.6653417190775681,0.25,1884372.5,0.7083333333333334,1,2.125,true,true,true,62853599.278109014,750000,true,500000,500000,true
ecuador-early-expansion,seed-3,BAL,32,88.33234097751411,6498.98,0.6756574398960363,0.3,1949694,1,1,3,true,true,true,231555711.73292917,750000,true,500000,500000,true
ecuador-early-expansion,seed-3,JPQ,32,88.18882705077574,4894.13,0.6360142949967511,0.33,1615062.9000000001,1.411764705882353,1,4.235294117647059,true,true,true,240856341.92068386,750000,true,500000,500000,true
ecuador-early-expansion,seed-3,CONSV,32,90.7790861462916,3782.93,0.983217673814165,0.35,1324025.5,1.105263157894737,1.05,3.1578947368421053,true,true,true,253196077.53896916,750000,true,0,500000,false
ecuador-early-expansion,seed-3,VAP,32,89.21642326611783,5744.7,0.9953996101364522,0.28,1608516.0000000002,1.2941176470588236,1,3.882352941176471,true,true,true,231624122.94459695,750000,true,500000,500000,true
ecuador-early-expansion,seed-4,MASS,1,50,0,0,0.25,0,0.7083333333333334,1,2.125,false,false,false,30000000,750000,true,0,0,true
ecuador-early-expansion,seed-4,BAL,1,50,0,0,0.3,0,1,1,3,false,false,false,30000000,750000,true,0,0,true
ecuador-early-expansion,seed-4,JPQ,1,50,0,0,0.33,0,1.411764705882353,1,4.235294117647059,false,false,false,25000000,750000,true,0,0,true
ecuador-early-expansion,seed-4,CONSV,1,50,0,0,0.35,0,1.105263157894737,1.05,3.1578947368421053,false,false,false,35000000,750000,true,0,0,true
ecuador-early-expansion,seed-4,VAP,1,50,0,0,0.28,0,1.2941176470588236,1,3.882352941176471,false,false,false,22000000,750000,true,0,0,true
ecuador-early-expansion,seed-4,MASS,2,50,2676.59,0.7826286549707603,0.25,669147.5,0.7083333333333334,1,2.125,true,true,true,14530663.532499146,750000,true,0,500000,false
ecuador-early-expansion,seed-4,BAL,2,50,3935.21,0.9205169590643275,0.3,1180563,1,1,3,true,true,true,41575441.369690195,750000,true,500000,500000,true
ecuador-early-expansion,seed-4,JPQ,2,50,2509.76,0.5870783625730994,0.33,828220.8,1.411764705882353,1,4.235294117647059,true,true,true,14494279.701722093,750000,true,0,500000,false
ecuador-early-expansion,seed-4,CONSV,2,50,2128.14,0.6222631578947369,0.35,744849,1.105263157894737,1.05,3.1578947368421053,true,true,true,10878104.155727632,750000,true,0,500000,false
ecuador-early-expansion,seed-4,VAP,2,50,5093.06,0.9927992202729046,0.28,1426056.8,1.2941176470588236,1,3.882352941176471,true,true,true,20033387.12761445,750000,true,0,500000,false
ecuador-early-expansion,seed-4,MASS,3,50,0,0,0.25,0,0.7083333333333334,1,2.125,false,false,false,40052941.70597009,750000,true,0,0,true
ecuador-early-expansion,seed-4,BAL,3,54,3739.1,0.8746432748538011,0.3,1121730,1,1,3,true,true,true,37915338.44243381,750000,true,500000,500000,true
ecuador-early-expansion,seed-4,JPQ,3,50,3797.33,0.8882643274853801,0.33,1253118.9000000001,1.411764705882353,1,4.235294117647059,true,true,true,31335799.39962873,750000,true,500000,500000,true
ecuador-early-expansion,seed-4,CONSV,3,50,2959.32,0.8652982456140351,0.35,1035761.9999999999,1.105263157894737,1.05,3.1578947368421053,true,true,true,35636469.49230743,750000,true,500000,500000,true
ecuador-early-expansion,seed-4,VAP,3,50,0,0,0.28,0,1.2941176470588236,1,3.882352941176471,false,false,false,22053273.937445663,750000,true,0,0,true
ecuador-early-expansion,seed-4,MASS,4,50,3394.35,0.9924999999999999,0.25,848587.5,0.7083333333333334,1,2.125,true,true,true,6300574.176684879,750000,true,0,500000,false
ecuador-early-expansion,seed-4,BAL,4,57.68,3574.98,0.8362526315789474,0.3,1072494,1,1,3,true,true,true,37046192.73241996,750000,true,500000,500000,true
ecuador-early-expansion,seed-4,JPQ,4,54,4070.5,0.9521637426900584,0.33,1343265,1.411764705882353,1,4.235294117647059,true,true,true,24663901.274827436,750000,true,0,500000,false
ecuador-early-expansion,seed-4,CONSV,4,54,3188.75,0.9323830409356725,0.35,1116062.5,1.105263157894737,1.05,3.1578947368421053,true,true,true,32802062.994555224,750000,true,500000,500000,true
ecuador-early-expansion,seed-4,VAP,4,50,4396.44,0.8570058479532163,0.28,1231003.2000000002,1.2941176470588236,1,3.882352941176471,true,true,true,15981905.313414183,750000,true,0,500000,false
ecuador-early-expansion,seed-4,MASS,5,50,1943.1,0.5681578947368421,0.25,485775,0.7083333333333334,1,2.125,true,true,true,38246944.65097969,750000,true,500000,500000,true
ecuador-early-expansion,seed-4,BAL,5,61.0656,4014.53,0.9390713450292398,0.3,1204359,1,1,3,true,true,true,41593468.89461296,750000,true,500000,500000,true
ecuador-early-expansion,seed-4,JPQ,5,53.76,4086.21,0.955838596491228,0.33,1348449.3,1.411764705882353,1,4.235294117647059,true,true,true,22750915.034870375,750000,true,0,500000,false
ecuador-early-expansion,seed-4,CONSV,5,57.68,3390.59,0.9914005847953217,0.35,1186706.5,1.105263157894737,1.05,3.1578947368421053,true,true,true,34849251.437229864,750000,true,500000,500000,true
ecuador-early-expansion,seed-4,VAP,5,50,5088.96,0.992,0.28,1424908.8,1.2941176470588236,1,3.882352941176471,true,true,true,26280079.99066875,750000,true,250000,500000,true
ecuador-early-expansion,seed-4,MASS,6,54,3387.85,0.9905994152046783,0.25,846962.5,0.7083333333333334,1,2.125,true,true,true,0,750000,false,0,500000,false
ecuador-early-expansion,seed-4,BAL,6,64.180352,4190.73,0.9802877192982455,0.3,1257218.9999999998,1,1,3,true,true,true,18097771.44027317,750000,true,0,500000,false
ecuador-early-expansion,seed-4,JPQ,6,53.5344,4239.95,0.9918011695906432,0.33,1399183.5,1.411764705882353,1,4.235294117647059,true,true,true,24102311.435370453,750000,true,0,500000,false
ecuador-early-expansion,seed-4,CONSV,6,61.0656,3188.75,0.9323830409356725,0.35,1116062.5,1.105263157894737,1.05,3.1578947368421053,true,true,true,34161090.77687854,750000,true,500000,500000,true
ecuador-early-expansion,seed-4,VAP,6,52,5090.5,0.9923001949317739,0.28,1425340.0000000002,1.2941176470588236,1,3.882352941176471,true,true,true,17232124.06225567,750000,true,0,500000,false
ecuador-early-expansion,seed-4,MASS,7,53.76,1999.37,0.5846111111111111,0.25,499842.5,0.7083333333333334,1,2.125,true,true,true,34330609.54018197,750000,true,500000,500000,true
ecuador-early-expansion,seed-4,BAL,7,63.32953088,4142.25,0.9689473684210527,0.3,1242675,1,1,3,true,true,true,31415240.791401934,750000,true,500000,500000,true
ecuador-early-expansion,seed-4,JPQ,7,53.322336,4247.21,0.9934994152046783,0.33,1401579.3,1.411764705882353,1,4.235294117647059,true,true,true,12645424.180402184,750000,true,0,500000,false
ecuador-early-expansion,seed-4,CONSV,7,64.180352,3194.86,0.9341695906432749,0.35,1118201,1.105263157894737,1.05,3.1578947368421053,true,true,true,15433789.249070667,750000,true,0,500000,false
ecuador-early-expansion,seed-4,VAP,7,51.88,5089.99,0.9922007797270955,0.28,1425197.2000000002,1.2941176470588236,1,3.882352941176471,true,true,true,28806110.119773123,750000,true,500000,500000,true
ecuador-early-expansion,seed-4,MASS,8,57.459199999999996,3388.19,0.9906988304093567,0.25,847047.5,0.7083333333333334,1,2.125,true,true,true,0,750000,false,0,500000,false
ecuador-early-expansion,seed-4,BAL,8,66.2631684096,3877.41,0.9069964912280701,0.3,1163223,1,1,3,true,true,true,26283981.608326115,750000,true,100000,500000,true
ecuador-early-expansion,seed-4,JPQ,8,53.12299584,4254.05,0.9950994152046784,0.33,1403836.5,1.411764705882353,1,4.235294117647059,true,true,true,35821411.5016285,750000,true,500000,500000,true
ecuador-early-expansion,seed-4,CONSV,8,63.32953088,3402.56,0.9949005847953216,0.35,1190896,1.105263157894737,1.05,3.1578947368421053,true,true,true,31713158.25769277,750000,true,500000,500000,true
ecuador-early-expansion,seed-4,VAP,8,55.729600000000005,5089.99,0.9922007797270955,0.28,1425197.2000000002,1.2941176470588236,1,3.882352941176471,true,true,true,35251797.91057873,750000,true,500000,500000,true
ecuador-early-expansion,seed-4,MASS,9,57.011647999999994,1220.24,0.3567953216374269,0.25,305060,0.7083333333333334,1,2.125,true,true,true,33540022.629593793,750000,true,0,500000,false
ecuador-early-expansion,seed-4,BAL,9,66.8029577150464,4000.91,0.935885380116959,0.3,1200273,1,1,3,true,true,true,37934432.96113956,750000,true,500000,500000,true
ecuador-early-expansion,seed-4,JPQ,9,56.8731561728,4254.05,0.9950994152046784,0.33,1403836.5,1.411764705882353,1,4.235294117647059,true,true,true,43227826.195423946,750000,true,500000,500000,true
ecuador-early-expansion,seed-4,CONSV,9,66.2631684096,3178.37,0.9293479532163742,0.35,1112429.5,1.105263157894737,1.05,3.1578947368421053,true,true,true,36957756.39577183,750000,true,500000,500000,true
ecuador-early-expansion,seed-4,VAP,9,59.271232000000005,5089.99,0.9922007797270955,0.28,1425197.2000000002,1.2941176470588236,1,3.882352941176471,true,true,true,30716756.066687774,750000,true,500000,500000,true
ecuador-early-expansion,seed-4,MASS,10,56.59094911999999,3359.49,0.9823070175438596,0.25,839872.5,0.7083333333333334,1,2.125,true,true,true,3866230.4055119418,750000,true,0,500000,false
ecuador-early-expansion,seed-4,BAL,10,69.4587210978427,3932.04,0.9197754385964912,0.3,1179612,1,1,3,true,true,true,39423683.25555166,750000,true,500000,500000,true
ecuador-early-expansion,seed-4,JPQ,10,60.323303678976,4254.91,0.9953005847953216,0.33,1404120.3,1.411764705882353,1,4.235294117647059,true,true,true,46662203.05093197,750000,true,500000,500000,true
ecuador-early-expansion,seed-4,CONSV,10,68.962114936832,3389.09,0.932670106639147,0.35,1186181.5,1.105263157894737,1.05,3.1578947368421053,true,true,true,36583340.70649718,750000,true,500000,500000,true
ecuador-early-expansion,seed-4,VAP,10,62.52953344,4617,0.9,0.28,1292760.0000000002,1.2941176470588236,1,3.882352941176471,true,true,true,38387169.254315235,750000,true,500000,500000,true
ecuador-early-expansion,seed-4,MASS,11,56.19549217279999,1643.49,0.4805526315789474,0.25,410872.5,0.7083333333333334,1,2.125,true,true,true,33486480.084821284,750000,true,0,500000,false
ecuador-early-expansion,seed-4,BAL,11,71.90202341001529,3842.81,0.8989029239766082,0.3,1152843,1,1,3,true,true,true,44427151.2874916,750000,true,500000,500000,true
ecuador-early-expansion,seed-4,JPQ,11,63.49743938465792,4255.34,0.9954011695906433,0.33,1404262.2,1.411764705882353,1,4.235294117647059,true,true,true,51838366.08010863,750000,true,500000,500000,true
ecuador-early-expansion,seed-4,CONSV,11,71.44514574188544,3616.31,0.9952005503955969,0.35,1265708.5,1.105263157894737,1.05,3.1578947368421053,true,true,true,46377075.24658443,750000,true,500000,500000,true
ecuador-early-expansion,seed-4,VAP,11,65.5271707648,5098.71,0.9939005847953216,0.28,1427638.8,1.2941176470588236,1,3.882352941176471,true,true,true,37184842.54423333,750000,true,500000,500000,true
ecuador-early-expansion,seed-4,MASS,12,55.82376264243199,3385.12,0.9898011695906432,0.25,846280,0.7083333333333334,1,2.125,true,true,true,23091893.07248117,750000,true,0,500000,false
ecuador-early-expansion,seed-4,BAL,12,74.14986153721406,3672.93,0.8591649122807017,0.3,1101879,1,1,3,true,true,true,41381838.23679955,750000,true,500000,500000,true
ecuador-early-expansion,seed-4,JPQ,12,66.41764423388528,4255.34,0.9954011695906433,0.33,1404262.2,1.411764705882353,1,4.235294117647059,true,true,true,46224248.299209274,750000,true,500000,500000,true
ecuador-early-expansion,seed-4,CONSV,12,73.7295340825346,3432.62,0.9446494668042655,0.35,1201417,1.105263157894737,1.05,3.1578947368421053,true,true,true,35765534.76766343,750000,true,500000,500000,true
ecuador-early-expansion,seed-4,VAP,12,68.284997103616,4617,0.9,0.28,1292760.0000000002,1.2941176470588236,1,3.882352941176471,true,true,true,45873558.92025946,750000,true,500000,500000,true
ecuador-early-expansion,seed-4,MASS,13,55.47433688388607,3393.67,0.9923011695906433,0.25,848417.5,0.7083333333333334,1,2.125,true,true,true,18208421.585285008,750000,true,0,500000,false
ecuador-early-expansion,seed-4,BAL,13,76.21787261423694,4109.59,0.9613076023391813,0.3,1232877,1,1,3,true,true,true,40202132.56679732,750000,true,500000,500000,true
ecuador-early-expansion,seed-4,JPQ,13,69.10423269517446,4255.34,0.9954011695906433,0.33,1404262.2,1.411764705882353,1,4.235294117647059,true,true,true,57588572.39408217,750000,true,500000,500000,true
ecuador-early-expansion,seed-4,CONSV,13,75.83117135593183,3616.31,0.9952005503955969,0.35,1265708.5,1.105263157894737,1.05,3.1578947368421053,true,true,true,33558981.432594225,750000,true,500000,500000,true
ecuador-early-expansion,seed-4,VAP,13,70.82219733532672,5106.4,0.9953996101364522,0.28,1429792.0000000002,1.2941176470588236,1,3.882352941176471,true,true,true,48222754.38713672,750000,true,500000,500000,true
ecuador-early-expansion,seed-4,MASS,14,55.1458766708529,2647.04,0.7739883040935672,0.25,661760,0.7083333333333334,1,2.125,true,true,true,34251256.161818326,750000,true,500000,500000,true
ecuador-early-expansion,seed-4,BAL,14,78.12044280509798,4085.84,0.9557520467836258,0.3,1225752,1,1,3,true,true,true,50264683.538899645,750000,true,500000,500000,true
ecuador-early-expansion,seed-4,JPQ,14,71.5758940795605,4255.34,0.9480011138958507,0.33,1404262.2,1.411764705882353,1,4.235294117647059,true,true,true,67800012.75102869,750000,true,500000,500000,true
ecuador-early-expansion,seed-4,CONSV,14,77.76467764745729,3617.03,0.9953986928104576,0.35,1265960.5,1.105263157894737,1.05,3.1578947368421053,true,true,true,40748508.91799879,750000,true,500000,500000,true
ecuador-early-expansion,seed-4,VAP,14,73.15642154850059,5106.4,0.9953996101364522,0.28,1429792.0000000002,1.2941176470588236,1,3.882352941176471,true,true,true,55906649.31057407,750000,true,500000,500000,true
ecuador-early-expansion,seed-4,MASS,15,58.73420653718467,2315.08,0.6769239766081872,0.25,578770,0.7083333333333334,1,2.125,true,true,true,22665747.903119758,750000,true,0,500000,false
ecuador-early-expansion,seed-4,BAL,15,79.87080738069014,3852.87,0.9012561403508772,0.3,1155861,1,1,3,true,true,true,55467451.03356962,750000,true,500000,500000,true
ecuador-early-expansion,seed-4,JPQ,15,73.84982255319566,4467.2,0.9951991088833194,0.33,1474176,1.411764705882353,1,4.235294117647059,true,true,true,77109825.7016233,750000,true,500000,500000,true
ecuador-early-expansion,seed-4,CONSV,15,79.54350343566071,3543.54,0.9751744066047472,0.35,1240239,1.105263157894737,1.05,3.1578947368421053,true,true,true,52691274.710785195,750000,true,500000,500000,true
ecuador-early-expansion,seed-4,VAP,15,75.30390782462054,5106.4,0.9953996101364522,0.28,1429792.0000000002,1.2941176470588236,1,3.882352941176471,true,true,true,65064757.0302564,750000,true,500000,500000,true
ecuador-early-expansion,seed-4,MASS,16,58.21015414495359,2727.99,0.797657894736842,0.25,681997.5,0.7083333333333334,1,2.125,true,true,true,31506224.017957762,750000,true,500000,500000,true
ecuador-early-expansion,seed-4,BAL,16,81.48114279023493,3768.24,0.8814596491228069,0.3,1130472,1,1,3,true,true,true,69846133.10265952,750000,true,500000,500000,true
ecuador-early-expansion,seed-4,JPQ,16,75.94183674894,4468.1,0.9953996101364523,0.33,1474473,1.411764705882353,1,4.235294117647059,true,true,true,86168667.98757792,750000,true,500000,500000,true
ecuador-early-expansion,seed-4,CONSV,16,81.18002316080785,3414.61,0.8874879792072775,0.35,1195113.5,1.105263157894737,1.05,3.1578947368421053,true,true,true,66041579.6006713,750000,true,500000,500000,true
ecuador-early-expansion,seed-4,VAP,16,77.2795951986509,5106.4,0.9953996101364522,0.28,1429792.0000000002,1.2941176470588236,1,3.882352941176471,true,true,true,75453853.47645012,750000,true,500000,500000,true
ecuador-early-expansion,seed-4,MASS,17,61.55334181335731,2972.13,0.8690438596491228,0.25,743032.5,0.7083333333333334,1,2.125,true,true,true,30585815.931712154,750000,true,250000,500000,true
ecuador-early-expansion,seed-4,BAL,17,82.96265136701614,3895.48,0.9112233918128655,0.3,1168644,1,1,3,true,true,true,81454214.8560091,750000,true,500000,500000,true
ecuador-early-expansion,seed-4,JPQ,17,77.8664898090248,4468.1,0.9953996101364523,0.33,1474473,1.411764705882353,1,4.235294117647059,true,true,true,94354933.77087231,750000,true,500000,500000,true
ecuador-early-expansion,seed-4,CONSV,17,82.68562130794322,3611.32,0.938614684860299,0.35,1263962,1.105263157894737,1.05,3.1578947368421053,true,true,true,73684110.89803778,750000,true,500000,500000,true
ecuador-early-expansion,seed-4,VAP,17,79.09722758275882,5106.4,0.9555836257309941,0.28,1429792.0000000002,1.2941176470588236,1,3.882352941176471,true,true,true,81882549.08075336,750000,true,500000,500000,true
ecuador-early-expansion,seed-4,MASS,18,63.091208140823014,2972.73,0.8692192982456141,0.25,743182.5,0.7083333333333334,1,2.125,true,true,true,28430698.560600944,750000,true,0,500000,false
ecuador-early-expansion,seed-4,BAL,18,84.32563925765484,3933.92,0.9202152046783626,0.3,1180176,1,1,3,true,true,true,99066012.1005301,750000,true,500000,500000,true
ecuador-early-expansion,seed-4,JPQ,18,79.63717062430281,4468.55,0.9954998607630187,0.33,1474621.5,1.411764705882353,1,4.235294117647059,true,true,true,104253753.35949622,750000,true,500000,500000,true
ecuador-early-expansion,seed-4,CONSV,18,84.07077160330776,3700.71,0.9618479532163743,0.35,1295248.5,1.105263157894737,1.05,3.1578947368421053,true,true,true,84869300.81346735,750000,true,500000,500000,true
ecuador-early-expansion,seed-4,VAP,18,80.76944937613811,5319.17,0.9954002339181287,0.28,1489367.6,1.2941176470588236,1,3.882352941176471,true,true,true,88353632.1845578,750000,true,500000,500000,true
ecuador-early-expansion,seed-4,MASS,19,62.305735652373635,2769.53,0.8098040935672515,0.25,692382.5,0.7083333333333334,1,2.125,true,true,true,36539318.39878748,750000,true,500000,500000,true
ecuador-early-expansion,seed-4,BAL,19,85.57958811704245,3933.92,0.9202152046783626,0.3,1180176,1,1,3,true,true,true,114885193.94661148,750000,true,500000,500000,true
ecuador-early-expansion,seed-4,JPQ,19,81.26619697435859,4468.55,0.9954998607630187,0.33,1474621.5,1.411764705882353,1,4.235294117647059,true,true,true,115385630.75403352,750000,true,500000,500000,true
ecuador-early-expansion,seed-4,CONSV,19,85.34510987504314,3627.24,0.9427524366471735,0.35,1269534,1.105263157894737,1.05,3.1578947368421053,true,true,true,95831376.60913667,750000,true,500000,500000,true
ecuador-early-expansion,seed-4,VAP,19,82.30789342604706,5319.17,0.9954002339181287,0.28,1489367.6,1.2941176470588236,1,3.882352941176471,true,true,true,95491372.3096651,750000,true,500000,500000,true
ecuador-early-expansion,seed-4,MASS,20,65.32127680018374,3169.21,0.9266695906432748,0.25,792302.5,0.7083333333333334,1,2.125,true,true,true,37966187.24388304,750000,true,500000,500000,true
ecuador-early-expansion,seed-4,BAL,20,86.73322106767905,3933.92,0.9202152046783626,0.3,1180176,1,1,3,true,true,true,129450013.54838641,750000,true,500000,500000,true
ecuador-early-expansion,seed-4,JPQ,20,82.76490121640991,4468.1,0.9501541733120681,0.33,1474473,1.411764705882353,1,4.235294117647059,true,true,true,126875734.97925094,750000,true,500000,500000,true
ecuador-early-expansion,seed-4,CONSV,20,86.51750108503968,3606.86,0.9374554905782976,0.35,1262401,1.105263157894737,1.05,3.1578947368421053,true,true,true,107735066.53263292,750000,true,500000,500000,true
ecuador-early-expansion,seed-4,VAP,20,83.7232619519633,5319.17,0.9954002339181287,0.28,1489367.6,1.2941176470588236,1,3.882352941176471,true,true,true,104406590.42223343,750000,true,500000,500000,true
ecuador-early-expansion,seed-4,MASS,21,68.09557465616903,2769.53,0.8098040935672515,0.25,692382.5,0.7083333333333334,1,2.125,true,true,true,40104027.77845318,750000,true,500000,500000,true
ecuador-early-expansion,seed-4,BAL,21,87.79456338226473,3933.92,0.9202152046783626,0.3,1180176,1,1,3,true,true,true,140944529.36891088,750000,true,500000,500000,true
ecuador-early-expansion,seed-4,JPQ,21,84.14370911909711,4679.93,0.9952004253056885,0.33,1544376.9000000001,1.411764705882353,1,4.235294117647059,true,true,true,134632982.72123882,750000,true,500000,500000,true
ecuador-early-expansion,seed-4,CONSV,21,87.59610099823651,3636.15,0.9450682261208577,0.35,1272652.5,1.105263157894737,1.05,3.1578947368421053,true,true,true,116526750.66709463,750000,true,500000,500000,true
ecuador-early-expansion,seed-4,VAP,21,85.02540099580624,5318.63,0.9952991812865497,0.28,1489216.4000000001,1.2941176470588236,1,3.882352941176471,true,true,true,110305404.26611045,750000,true,500000,500000,true
ecuador-early-expansion,seed-4,MASS,22,70.64792868367552,3169.21,0.9266695906432748,0.25,792302.5,0.7083333333333334,1,2.125,true,true,true,46802720.041547894,750000,true,500000,500000,true
ecuador-early-expansion,seed-4,BAL,22,88.77099831168354,3933.92,0.9202152046783626,0.3,1180176,1,1,3,true,true,true,156487526.6958028,750000,true,500000,500000,true
ecuador-early-expansion,seed-4,JPQ,22,85.41221238956935,4680.87,0.9954003189792663,0.33,1544687.1,1.411764705882353,1,4.235294117647059,true,true,true,146141788.16737705,750000,true,500000,500000,true
ecuador-early-expansion,seed-4,CONSV,22,88.58841291837759,3636.72,0.9452163742690058,0.35,1272852,1.105263157894737,1.05,3.1578947368421053,true,true,true,128453990.95997494,750000,true,500000,500000,true
ecuador-early-expansion,seed-4,VAP,22,86.22336891614174,5318.63,0.9952991812865497,0.28,1489216.4000000001,1.2941176470588236,1,3.882352941176471,true,true,true,120911075.04685749,750000,true,500000,500000,true
ecuador-early-expansion,seed-4,MASS,23,72.99609438898148,3170.17,0.9269502923976608,0.25,792542.5,0.7083333333333334,1,2.125,true,true,true,45413955.26941518,750000,true,500000,500000,true
ecuador-early-expansion,seed-4,BAL,23,89.66931844674886,3933.92,0.9202152046783626,0.3,1180176,1,1,3,true,true,true,171433564.66293967,750000,true,500000,500000,true
ecuador-early-expansion,seed-4,JPQ,23,86.5792353984038,4680.87,0.9954003189792663,0.33,1544687.1,1.411764705882353,1,4.235294117647059,true,true,true,156971125.44993788,750000,true,500000,500000,true
ecuador-early-expansion,seed-4,CONSV,23,89.50133988490738,3631.91,0.9439662118258609,0.35,1271168.5,1.105263157894737,1.05,3.1578947368421053,true,true,true,140630236.70401677,750000,true,500000,500000,true
ecuador-early-expansion,seed-4,VAP,23,87.3254994028504,5318.63,0.9570184435447594,0.28,1489216.4000000001,1.2941176470588236,1,3.882352941176471,true,true,true,131810464.62848733,750000,true,500000,500000,true
ecuador-early-expansion,seed-4,MASS,24,75.15640683786296,3147.42,0.9202982456140351,0.25,786855,0.7083333333333334,1,2.125,true,true,true,41540714.20051403,750000,true,500000,500000,true
ecuador-early-expansion,seed-4,BAL,24,90.49577297100895,3933.92,0.9202152046783626,0.3,1180176,1,1,3,true,true,true,184887007.58568317,750000,true,0,500000,false
ecuador-early-expansion,seed-4,JPQ,24,87.6528965665315,4680.87,0.9954003189792663,0.33,1544687.1,1.411764705882353,1,4.235294117647059,true,true,true,166748240.30923116,750000,true,500000,500000,true
ecuador-early-expansion,seed-4,CONSV,24,90.3412326941148,3775.94,0.9814009096816114,0.35,1321579,1.105263157894737,1.05,3.1578947368421053,true,true,true,150792980.19967845,750000,true,0,500000,false
ecuador-early-expansion,seed-4,VAP,24,88.33945945062237,5530.82,0.9951992802519117,0.28,1548629.6,1.2941176470588236,1,3.882352941176471,true,true,true,140564287.87819502,750000,true,500000,500000,true
ecuador-early-expansion,seed-4,MASS,25,77.14389429083393,3319.74,0.9706842105263157,0.25,829935,0.7083333333333334,1,2.125,true,true,true,39977270.93524874,750000,true,500000,500000,true
ecuador-early-expansion,seed-4,BAL,25,88.06602659274841,3891.82,0.9103672514619884,0.3,1167546,1,1,3,true,true,true,196880113.43239218,750000,true,500000,500000,true
ecuador-early-expansion,seed-4,JPQ,25,88.64066484120897,4680.87,0.9954003189792663,0.33,1544687.1,1.411764705882353,1,4.235294117647059,true,true,true,179712575.3996316,750000,true,500000,500000,true
ecuador-early-expansion,seed-4,CONSV,25,87.9207587324679,3829.42,0.9953008447043535,0.35,1340297,1.105263157894737,1.05,3.1578947368421053,true,true,true,162907716.32803833,750000,true,500000,500000,true
ecuador-early-expansion,seed-4,VAP,25,89.27230269457259,5531.38,0.9953000449842555,0.28,1548786.4000000001,1.2941176470588236,1,3.882352941176471,true,true,true,149558318.1699767,750000,true,500000,500000,true
ecuador-early-expansion,seed-4,MASS,26,78.97238274756721,3152.18,0.5266800334168755,0.25,788045,0.7083333333333334,1,2.125,true,true,true,48026428.31293793,750000,true,500000,500000,true
ecuador-early-expansion,seed-4,BAL,26,89.02074446532855,3891.82,0.9103672514619884,0.3,1167546,1,1,3,true,true,true,212399372.119688,750000,true,500000,500000,true
ecuador-early-expansion,seed-4,JPQ,26,89.54941165391226,4680.87,0.9521220442410373,0.33,1544687.1,1.411764705882353,1,4.235294117647059,true,true,true,190796243.1758142,750000,true,500000,500000,true
ecuador-early-expansion,seed-4,CONSV,26,88.88709803387047,3814.5,0.9914230019493178,0.35,1335075,1.105263157894737,1.05,3.1578947368421053,true,true,true,174392713.2210179,750000,true,500000,500000,true
ecuador-early-expansion,seed-4,VAP,26,90.13051847900678,5531.94,0.9954008097165992,0.28,1548943.2000000002,1.2941176470588236,1,3.882352941176471,true,true,true,158926207.28093997,750000,true,0,500000,false
ecuador-early-expansion,seed-4,MASS,27,80.65459212776183,2496.44,0.34350739594083246,0.25,624110,0.7083333333333334,1,2.125,true,true,true,23766042.30533027,750000,true,0,500000,false
ecuador-early-expansion,seed-4,BAL,27,89.89908490810227,3891.82,0.8670164299637985,0.3,1167546,1,1,3,true,true,true,225183828.99299508,750000,true,500000,500000,true
ecuador-early-expansion,seed-4,JPQ,27,90.38545872159928,4892.65,0.9951995931858632,0.33,1614574.5,1.411764705882353,1,4.235294117647059,true,true,true,199583301.78707582,750000,true,0,500000,false
ecuador-early-expansion,seed-4,CONSV,27,89.77613019116083,3772.85,0.9805977907732294,0.35,1320497.5,1.105263157894737,1.05,3.1578947368421053,true,true,true,185357505.06790355,750000,true,500000,500000,true
ecuador-early-expansion,seed-4,VAP,27,87.72268737026637,5531.94,0.9954008097165992,0.28,1548943.2000000002,1.2941176470588236,1,3.882352941176471,true,true,true,168388134.07449996,750000,true,500000,500000,true
ecuador-early-expansion,seed-4,MASS,28,78.81531660009611,5619.1900000000005,0.6411855655398659,0.25,1404797.5000000002,0.7083333333333334,1,2.125,true,true,true,47520891.35259095,750000,true,500000,500000,true
ecuador-early-expansion,seed-4,BAL,28,90.70715811545409,4060.31,0.5756243133085238,0.3,1218093,1,1,3,true,true,true,242524508.3856605,750000,true,0,500000,false
ecuador-early-expansion,seed-4,JPQ,28,87.96233119830332,4893.64,0.995400966183575,0.33,1614901.2000000002,1.411764705882353,1,4.235294117647059,true,true,true,208776245.97591645,750000,true,500000,500000,true
ecuador-early-expansion,seed-4,CONSV,28,90.59403977586797,3763.04,0.9780480831708902,0.35,1317064,1.105263157894737,1.05,3.1578947368421053,true,true,true,199269185.6627977,750000,true,0,500000,false
ecuador-early-expansion,seed-4,VAP,28,88.70487238064506,5531.94,0.9954008097165992,0.28,1548943.2000000002,1.2941176470588236,1,3.882352941176471,true,true,true,181308031.69323394,750000,true,500000,500000,true
ecuador-early-expansion,seed-4,MASS,29,80.51009127208842,4098.049999999999,0.46761374982170867,0.25,1024512.4999999998,0.7083333333333334,1,2.125,true,true,true,51344595.59857641,750000,true,0,500000,false
ecuador-early-expansion,seed-4,BAL,29,88.26472862852685,5382.69,0.6456968061178587,0.3,1614807,1,1,3,true,true,true,231509920.71824366,750000,true,500000,500000,true
ecuador-early-expansion,seed-4,JPQ,29,88.92534470243905,4894.13,0.9955006356470888,0.33,1615062.9000000001,1.411764705882353,1,4.235294117647059,true,true,true,214219659.6157288,750000,true,500000,500000,true
ecuador-early-expansion,seed-4,CONSV,29,88.1583973893159,3776.12,0.9814476933073424,0.35,1321642,1.105263157894737,1.05,3.1578947368421053,true,true,true,212831536.16051465,750000,true,500000,500000,true
ecuador-early-expansion,seed-4,VAP,29,89.60848259019345,5531.38,0.958437080355209,0.28,1548786.4000000001,1.2941176470588236,1,3.882352941176471,true,true,true,192619268.36844715,750000,true,500000,500000,true
ecuador-early-expansion,seed-4,MASS,30,78.67948579576311,4808.51,0.5486817857652261,0.25,1202127.5,0.7083333333333334,1,2.125,true,true,true,55401591.550963685,750000,true,500000,500000,true
ecuador-early-expansion,seed-4,BAL,30,89.20355033824471,6134.72,0.6377876543209877,0.3,1840416,1,1,3,true,true,true,230125240.49780762,750000,true,500000,500000,true
ecuador-early-expansion,seed-4,JPQ,30,89.81131712624392,4894.13,0.9955006356470888,0.33,1615062.9000000001,1.411764705882353,1,4.235294117647059,true,true,true,219232713.2841875,750000,true,500000,500000,true
ecuador-early-expansion,seed-4,CONSV,30,89.10572559817062,3788.88,0.9847641325536063,0.35,1326108,1.105263157894737,1.05,3.1578947368421053,true,true,true,226668907.17349443,750000,true,500000,500000,true
ecuador-early-expansion,seed-4,VAP,30,90.43980398297796,5743.55,0.9952003465453758,0.28,1608194.0000000002,1.2941176470588236,1,3.882352941176471,true,true,true,202044275.7585815,750000,true,0,500000,false
ecuador-early-expansion,seed-4,MASS,31,80.38512693210207,5029.34,0.5738799030095564,0.25,1257335,0.7083333333333334,1,2.125,true,true,true,61482423.73481981,750000,true,500000,500000,true
ecuador-early-expansion,seed-4,BAL,31,90.06726631118514,6392.72,0.6646102664067577,0.3,1917816,1,1,3,true,true,true,227402470.168947,750000,true,0,500000,false
ecuador-early-expansion,seed-4,JPQ,31,90.6264117561444,4894.13,0.9955006356470888,0.33,1615062.9000000001,1.411764705882353,1,4.235294117647059,true,true,true,226331621.0052399,750000,true,0,500000,false
ecuador-early-expansion,seed-4,CONSV,31,89.97726755031697,3777.65,0.9818453541260559,0.35,1322177.5,1.105263157894737,1.05,3.1578947368421053,true,true,true,240243890.67743045,750000,true,500000,500000,true
ecuador-early-expansion,seed-4,VAP,31,88.01341574399927,5744.7,0.9953996101364522,0.28,1608516.0000000002,1.2941176470588236,1,3.882352941176471,true,true,true,212746970.39339972,750000,true,500000,500000,true
ecuador-early-expansion,seed-4,MASS,32,81.9543167775339,4390.47,0.5009807445442875,0.25,1097617.5,0.7083333333333334,1,2.125,true,true,true,25492502.589534372,750000,true,0,500000,false
ecuador-early-expansion,seed-4,BAL,32,87.66323033251402,7227.25,0.75137102014295,0.3,2168175,1,1,3,true,true,true,225754128.34014726,750000,true,500000,500000,true
ecuador-early-expansion,seed-4,JPQ,32,88.18882705077574,4894.13,0.6360142949967511,0.33,1615062.9000000001,1.411764705882353,1,4.235294117647059,true,true,true,238065334.5162468,750000,true,500000,500000,true
ecuador-early-expansion,seed-4,CONSV,32,90.7790861462916,3783.82,0.9834489928525016,0.35,1324337,1.105263157894737,1.05,3.1578947368421053,true,true,true,253055414.05587423,750000,true,0,500000,false
ecuador-early-expansion,seed-4,VAP,32,88.97234248447933,5744.7,0.9953996101364522,0.28,1608516.0000000002,1.2941176470588236,1,3.882352941176471,true,true,true,223816450.74350834,750000,true,500000,500000,true
ecuador-early-expansion,seed-5,MASS,1,50,0,0,0.25,0,0.7083333333333334,1,2.125,false,false,false,30000000,750000,true,0,0,true
ecuador-early-expansion,seed-5,BAL,1,50,0,0,0.3,0,1,1,3,false,false,false,30000000,750000,true,0,0,true
ecuador-early-expansion,seed-5,JPQ,1,50,0,0,0.33,0,1.411764705882353,1,4.235294117647059,false,false,false,25000000,750000,true,0,0,true
ecuador-early-expansion,seed-5,CONSV,1,50,0,0,0.35,0,1.105263157894737,1.05,3.1578947368421053,false,false,false,35000000,750000,true,0,0,true
ecuador-early-expansion,seed-5,VAP,1,50,0,0,0.28,0,1.2941176470588236,1,3.882352941176471,false,false,false,22000000,750000,true,0,0,true
ecuador-early-expansion,seed-5,MASS,2,50,2676.59,0.7826286549707603,0.25,669147.5,0.7083333333333334,1,2.125,true,true,true,14530663.532499146,750000,true,0,500000,false
ecuador-early-expansion,seed-5,BAL,2,50,3935.21,0.9205169590643275,0.3,1180563,1,1,3,true,true,true,41575441.369690195,750000,true,500000,500000,true
ecuador-early-expansion,seed-5,JPQ,2,50,2509.76,0.5870783625730994,0.33,828220.8,1.411764705882353,1,4.235294117647059,true,true,true,14494279.701722093,750000,true,0,500000,false
ecuador-early-expansion,seed-5,CONSV,2,50,2128.14,0.6222631578947369,0.35,744849,1.105263157894737,1.05,3.1578947368421053,true,true,true,10878104.155727632,750000,true,0,500000,false
ecuador-early-expansion,seed-5,VAP,2,50,5093.06,0.9927992202729046,0.28,1426056.8,1.2941176470588236,1,3.882352941176471,true,true,true,20033387.12761445,750000,true,0,500000,false
ecuador-early-expansion,seed-5,MASS,3,50,0,0,0.25,0,0.7083333333333334,1,2.125,false,false,false,39775973.029774874,750000,true,0,0,true
ecuador-early-expansion,seed-5,BAL,3,54,3739.1,0.8746432748538011,0.3,1121730,1,1,3,true,true,true,37142015.50107847,750000,true,500000,500000,true
ecuador-early-expansion,seed-5,JPQ,3,50,3797.33,0.8882643274853801,0.33,1253118.9000000001,1.411764705882353,1,4.235294117647059,true,true,true,30526074.35917525,750000,true,500000,500000,true
ecuador-early-expansion,seed-5,CONSV,3,50,2959.32,0.8652982456140351,0.35,1035761.9999999999,1.105263157894737,1.05,3.1578947368421053,true,true,true,34888805.44228814,750000,true,500000,500000,true
ecuador-early-expansion,seed-5,VAP,3,50,0,0,0.28,0,1.2941176470588236,1,3.882352941176471,false,false,false,21560868.84110887,750000,true,0,0,true
ecuador-early-expansion,seed-5,MASS,4,50,3394.35,0.9924999999999999,0.25,848587.5,0.7083333333333334,1,2.125,true,true,true,5832333.09122888,750000,true,0,500000,false
ecuador-early-expansion,seed-5,BAL,4,57.68,3584.57,0.8384959064327486,0.3,1075371,1,1,3,true,true,true,36932088.15678295,750000,true,500000,500000,true
ecuador-early-expansion,seed-5,JPQ,4,54,4070.74,0.9522198830409356,0.33,1343344.2,1.411764705882353,1,4.235294117647059,true,true,true,25549346.22103695,750000,true,0,500000,false
ecuador-early-expansion,seed-5,CONSV,4,54,3188.75,0.9323830409356725,0.35,1116062.5,1.105263157894737,1.05,3.1578947368421053,true,true,true,32655852.643408414,750000,true,500000,500000,true
ecuador-early-expansion,seed-5,VAP,4,50,4334.68,0.8449668615984406,0.28,1213710.4000000001,1.2941176470588236,1,3.882352941176471,true,true,true,16892699.76211352,750000,true,0,500000,false
ecuador-early-expansion,seed-5,MASS,5,50,1901.34,0.5559473684210526,0.25,475335,0.7083333333333334,1,2.125,true,true,true,39543772.98897106,750000,true,500000,500000,true
ecuador-early-expansion,seed-5,BAL,5,61.0656,4017.54,0.9397754385964913,0.3,1205262,1,1,3,true,true,true,42724935.04807711,750000,true,500000,500000,true
ecuador-early-expansion,seed-5,JPQ,5,53.76,4087.23,0.9560771929824562,0.33,1348785.9000000001,1.411764705882353,1,4.235294117647059,true,true,true,25608667.341933887,750000,true,0,500000,false
ecuador-early-expansion,seed-5,CONSV,5,57.68,3390.59,0.9914005847953217,0.35,1186706.5,1.105263157894737,1.05,3.1578947368421053,true,true,true,36301444.814183995,750000,true,500000,500000,true
ecuador-early-expansion,seed-5,VAP,5,50,5088.96,0.992,0.28,1424908.8,1.2941176470588236,1,3.882352941176471,true,true,true,27869790.974906344,750000,true,500000,500000,true
ecuador-early-expansion,seed-5,MASS,6,54,3375.81,0.9870789473684211,0.25,843952.5,0.7083333333333334,1,2.125,true,true,true,0,750000,false,0,500000,false
ecuador-early-expansion,seed-5,BAL,6,64.180352,4188.27,0.9797122807017545,0.3,1256481,1,1,3,true,true,true,17795424.476326622,750000,true,0,500000,false
ecuador-early-expansion,seed-5,JPQ,6,53.5344,4239.95,0.9918011695906432,0.33,1399183.5,1.411764705882353,1,4.235294117647059,true,true,true,22297121.24274289,750000,true,0,500000,false
ecuador-early-expansion,seed-5,CONSV,6,61.0656,3188.75,0.9323830409356725,0.35,1116062.5,1.105263157894737,1.05,3.1578947368421053,true,true,true,34772075.99297209,750000,true,500000,500000,true
ecuador-early-expansion,seed-5,VAP,6,54,5090.5,0.9923001949317739,0.28,1425340.0000000002,1.2941176470588236,1,3.882352941176471,true,true,true,16752713.915775318,750000,true,0,500000,false
ecuador-early-expansion,seed-5,MASS,7,53.76,1991.1,0.5821929824561404,0.25,497775,0.7083333333333334,1,2.125,true,true,true,34472965.89341338,750000,true,500000,500000,true
ecuador-early-expansion,seed-5,BAL,7,63.32953088,3755.6,0.8785029239766081,0.3,1126680,1,1,3,true,true,true,33223969.917360634,750000,true,500000,500000,true
ecuador-early-expansion,seed-5,JPQ,7,53.322336,4247.21,0.9934994152046783,0.33,1401579.3,1.411764705882353,1,4.235294117647059,true,true,true,14172983.026730124,750000,true,0,500000,false
ecuador-early-expansion,seed-5,CONSV,7,64.180352,3194.86,0.9341695906432749,0.35,1118201,1.105263157894737,1.05,3.1578947368421053,true,true,true,17616860.980422344,750000,true,0,500000,false
ecuador-early-expansion,seed-5,VAP,7,53.76,5089.99,0.9922007797270955,0.28,1425197.2000000002,1.2941176470588236,1,3.882352941176471,true,true,true,29422278.242845073,750000,true,500000,500000,true
ecuador-early-expansion,seed-5,MASS,8,57.459199999999996,3388.19,0.9906988304093567,0.25,847047.5,0.7083333333333334,1,2.125,true,true,true,0,750000,false,0,500000,false
ecuador-early-expansion,seed-5,BAL,8,66.2631684096,4022.77,0.9409988304093567,0.3,1206831,1,1,3,true,true,true,27354265.476152934,750000,true,500000,500000,true
ecuador-early-expansion,seed-5,JPQ,8,53.12299584,4254.05,0.9950994152046784,0.33,1403836.5,1.411764705882353,1,4.235294117647059,true,true,true,36350795.82424189,750000,true,500000,500000,true
ecuador-early-expansion,seed-5,CONSV,8,63.32953088,3402.56,0.9949005847953216,0.35,1190896,1.105263157894737,1.05,3.1578947368421053,true,true,true,31451350.256454438,750000,true,500000,500000,true
ecuador-early-expansion,seed-5,VAP,8,57.459199999999996,5089.99,0.9922007797270955,0.28,1425197.2000000002,1.2941176470588236,1,3.882352941176471,true,true,true,35510728.89053762,750000,true,500000,500000,true
ecuador-early-expansion,seed-5,MASS,9,57.011647999999994,1393.59,0.40748245614035083,0.25,348397.5,0.7083333333333334,1,2.125,true,true,true,33280886.19685048,750000,true,0,500000,false
ecuador-early-expansion,seed-5,BAL,9,68.962114936832,4216.53,0.9863228070175438,0.3,1264959,1,1,3,true,true,true,34504490.62221071,750000,true,500000,500000,true
ecuador-early-expansion,seed-5,JPQ,9,56.8731561728,4254.05,0.9950994152046784,0.33,1403836.5,1.411764705882353,1,4.235294117647059,true,true,true,43028664.13813245,750000,true,500000,500000,true
ecuador-early-expansion,seed-5,CONSV,9,66.2631684096,3257.09,0.9523654970760235,0.35,1139981.5,1.105263157894737,1.05,3.1578947368421053,true,true,true,34739609.216993935,750000,true,500000,500000,true
ecuador-early-expansion,seed-5,VAP,9,60.862463999999996,5098.71,0.9939005847953216,0.28,1427638.8,1.2941176470588236,1,3.882352941176471,true,true,true,28740777.928685103,750000,true,500000,500000,true
ecuador-early-expansion,seed-5,MASS,10,56.59094911999999,3302.69,0.9656988304093568,0.25,825672.5,0.7083333333333334,1,2.125,true,true,true,5986004.053694706,750000,true,0,500000,false
ecuador-early-expansion,seed-5,BAL,10,71.44514574188544,4112.75,0.962046783625731,0.3,1233825,1,1,3,true,true,true,43753562.80746859,750000,true,500000,500000,true
ecuador-early-expansion,seed-5,JPQ,10,60.323303678976,4254.05,0.9950994152046784,0.33,1403836.5,1.411764705882353,1,4.235294117647059,true,true,true,50550172.368375145,750000,true,500000,500000,true
ecuador-early-expansion,seed-5,CONSV,10,68.962114936832,3403.24,0.9950994152046783,0.35,1191134,1.105263157894737,1.05,3.1578947368421053,true,true,true,43366815.2553654,750000,true,500000,500000,true
ecuador-early-expansion,seed-5,VAP,10,63.99346688,5106.4,0.9953996101364522,0.28,1429792.0000000002,1.2941176470588236,1,3.882352941176471,true,true,true,34778055.6206163,750000,true,500000,500000,true
ecuador-early-expansion,seed-5,MASS,11,56.19549217279999,2672.4,0.7814035087719299,0.25,668100,0.7083333333333334,1,2.125,true,true,true,30546933.65467815,750000,true,500000,500000,true
ecuador-early-expansion,seed-5,BAL,11,73.7295340825346,3920,0.9169590643274854,0.3,1176000,1,1,3,true,true,true,38193886.475619674,750000,true,500000,500000,true
ecuador-early-expansion,seed-5,JPQ,11,63.49743938465792,4253.63,0.9950011695906433,0.33,1403697.9000000001,1.411764705882353,1,4.235294117647059,true,true,true,53477776.33898933,750000,true,500000,500000,true
ecuador-early-expansion,seed-5,CONSV,11,71.44514574188544,3403.93,0.9367540419676642,0.35,1191375.5,1.105263157894737,1.05,3.1578947368421053,true,true,true,45665611.34693411,750000,true,500000,500000,true
ecuador-early-expansion,seed-5,VAP,11,66.8739895296,5106.4,0.9953996101364522,0.28,1429792.0000000002,1.2941176470588236,1,3.882352941176471,true,true,true,33367802.529134646,750000,true,500000,500000,true
ecuador-early-expansion,seed-5,MASS,12,59.69985279897599,2933.41,0.8577222222222222,0.25,733352.5,0.7083333333333334,1,2.125,true,true,true,23493290.326668046,750000,true,0,500000,false
ecuador-early-expansion,seed-5,BAL,12,75.83117135593183,3873.73,0.9061356725146199,0.3,1162119,1,1,3,true,true,true,46229789.96752511,750000,true,500000,500000,true
ecuador-early-expansion,seed-5,JPQ,12,66.41764423388528,4253.63,0.9950011695906433,0.33,1403697.9000000001,1.411764705882353,1,4.235294117647059,true,true,true,51203531.276272245,750000,true,500000,500000,true
ecuador-early-expansion,seed-5,CONSV,12,73.7295340825346,3616.31,0.9952005503955969,0.35,1265708.5,1.105263157894737,1.05,3.1578947368421053,true,true,true,43226464.0091335,750000,true,500000,500000,true
ecuador-early-expansion,seed-5,VAP,12,69.524070367232,5106.4,0.9953996101364522,0.28,1429792.0000000002,1.2941176470588236,1,3.882352941176471,true,true,true,41106678.05582652,750000,true,500000,500000,true
ecuador-early-expansion,seed-5,MASS,13,59.11786163103743,3187.23,0.9319385964912281,0.25,796807.5,0.7083333333333334,1,2.125,true,true,true,13424144.474064352,750000,true,0,500000,false
ecuador-early-expansion,seed-5,BAL,13,77.76467764745729,3976.2,0.9301052631578947,0.3,1192860,1,1,3,true,true,true,44357435.980730005,750000,true,500000,500000,true
ecuador-early-expansion,seed-5,JPQ,13,69.10423269517446,4253.63,0.9950011695906433,0.33,1403697.9000000001,1.411764705882353,1,4.235294117647059,true,true,true,61478949.33066364,750000,true,500000,500000,true
ecuador-early-expansion,seed-5,CONSV,13,75.83117135593183,3616.67,0.9952996216030272,0.35,1265834.5,1.105263157894737,1.05,3.1578947368421053,true,true,true,42397562.976735264,750000,true,500000,500000,true
ecuador-early-expansion,seed-5,VAP,13,71.96214473785344,5106.4,0.9953996101364522,0.28,1429792.0000000002,1.2941176470588236,1,3.882352941176471,true,true,true,48633041.085769095,750000,true,500000,500000,true
ecuador-early-expansion,seed-5,MASS,14,58.57078993317518,3187.69,0.9320730994152047,0.25,796922.5,0.7083333333333334,1,2.125,true,true,true,34966616.108091496,750000,true,500000,500000,true
ecuador-early-expansion,seed-5,BAL,14,79.54350343566071,3963.8,0.9272046783625731,0.3,1189140,1,1,3,true,true,true,53746974.70424247,750000,true,500000,500000,true
ecuador-early-expansion,seed-5,JPQ,14,71.5758940795605,4253.63,0.9476201615148984,0.33,1403697.9000000001,1.411764705882353,1,4.235294117647059,true,true,true,58049455.03313181,750000,true,500000,500000,true
ecuador-early-expansion,seed-5,CONSV,14,77.76467764745729,3616.67,0.9952996216030272,0.35,1265834.5,1.105263157894737,1.05,3.1578947368421053,true,true,true,42155057.8293546,750000,true,500000,500000,true
ecuador-early-expansion,seed-5,VAP,14,74.20517315882516,5106.4,0.9555836257309941,0.28,1429792.0000000002,1.2941176470588236,1,3.882352941176471,true,true,true,57368904.99966672,750000,true,500000,500000,true
ecuador-early-expansion,seed-5,MASS,15,61.885126738521166,3098.74,0.90606432748538,0.25,774685,0.7083333333333334,1,2.125,true,true,true,24049266.80930849,750000,true,0,500000,false
ecuador-early-expansion,seed-5,BAL,15,81.18002316080785,3932.99,0.9199976608187134,0.3,1179897,1,1,3,true,true,true,64063606.97311922,750000,true,500000,500000,true
ecuador-early-expansion,seed-5,JPQ,15,73.84982255319566,4466.76,0.9951010860484545,0.33,1474030.8,1.411764705882353,1,4.235294117647059,true,true,true,65909910.22802609,750000,true,500000,500000,true
ecuador-early-expansion,seed-5,CONSV,15,79.54350343566071,3479.87,0.9576525627794977,0.35,1217954.5,1.105263157894737,1.05,3.1578947368421053,true,true,true,49017479.97552161,750000,true,500000,500000,true
ecuador-early-expansion,seed-5,VAP,15,76.26875930611915,5319.17,0.9954002339181287,0.28,1489367.6,1.2941176470588236,1,3.882352941176471,true,true,true,63514015.28197159,750000,true,500000,500000,true
ecuador-early-expansion,seed-5,MASS,16,61.1720191342099,3129.1,0.9149415204678363,0.25,782275,0.7083333333333334,1,2.125,true,true,true,38460412.357740045,750000,true,500000,500000,true
ecuador-early-expansion,seed-5,BAL,16,82.68562130794322,3927.35,0.9186783625730994,0.3,1178205,1,1,3,true,true,true,80202708.98920432,750000,true,500000,500000,true
ecuador-early-expansion,seed-5,JPQ,16,75.94183674894,4467.2,0.9951991088833194,0.33,1474176,1.411764705882353,1,4.235294117647059,true,true,true,63343293.692188054,750000,true,500000,500000,true
ecuador-early-expansion,seed-5,CONSV,16,81.18002316080785,3342.64,0.9198871689026488,0.35,1169924,1.105263157894737,1.05,3.1578947368421053,true,true,true,62005228.90735487,750000,true,500000,500000,true
ecuador-early-expansion,seed-5,VAP,16,78.16725856162962,5319.17,0.9954002339181287,0.28,1489367.6,1.2941176470588236,1,3.882352941176471,true,true,true,73025309.50275826,750000,true,500000,500000,true
ecuador-early-expansion,seed-5,MASS,17,64.27825760347311,3167.42,0.9261461988304094,0.25,791855,0.7083333333333334,1,2.125,true,true,true,36856389.37572666,750000,true,500000,500000,true
ecuador-early-expansion,seed-5,BAL,17,84.07077160330776,3919.71,0.9168912280701754,0.3,1175913,1,1,3,true,true,true,92435282.46831615,750000,true,500000,500000,true
ecuador-early-expansion,seed-5,JPQ,17,77.8664898090248,4468.1,0.9953996101364523,0.33,1474473,1.411764705882353,1,4.235294117647059,true,true,true,67291350.10230426,750000,true,500000,500000,true
ecuador-early-expansion,seed-5,CONSV,17,82.68562130794322,3328.9,0.8652111760883691,0.35,1165115,1.105263157894737,1.05,3.1578947368421053,true,true,true,71229504.47710791,750000,true,500000,500000,true
ecuador-early-expansion,seed-5,VAP,17,79.91387787669925,5319.17,0.9954002339181287,0.28,1489367.6,1.2941176470588236,1,3.882352941176471,true,true,true,78937762.25213723,750000,true,500000,500000,true
ecuador-early-expansion,seed-5,MASS,18,67.13599699519526,3173.92,0.928046783625731,0.25,793480,0.7083333333333334,1,2.125,true,true,true,27979107.268359445,750000,true,0,500000,false
ecuador-early-expansion,seed-5,BAL,18,85.34510987504314,3974.35,0.929672514619883,0.3,1192305,1,1,3,true,true,true,108267171.55846894,750000,true,500000,500000,true
ecuador-early-expansion,seed-5,JPQ,18,79.63717062430281,4468.1,0.9953996101364523,0.33,1474473,1.411764705882353,1,4.235294117647059,true,true,true,78088353.330834,750000,true,500000,500000,true
ecuador-early-expansion,seed-5,CONSV,18,84.07077160330776,3627.29,0.9427654320987654,0.35,1269551.5,1.105263157894737,1.05,3.1578947368421053,true,true,true,81808993.80430506,750000,true,500000,500000,true
ecuador-early-expansion,seed-5,VAP,18,81.5207676465633,5319.17,0.9954002339181287,0.28,1489367.6,1.2941176470588236,1,3.882352941176471,true,true,true,87568402.86611138,750000,true,500000,500000,true
ecuador-early-expansion,seed-5,MASS,19,66.10783717548354,3162.93,0.9248333333333333,0.25,790732.5,0.7083333333333334,1,2.125,true,true,true,35909744.11936982,750000,true,500000,500000,true
ecuador-early-expansion,seed-5,BAL,19,86.51750108503968,3959.04,0.9260912280701754,0.3,1187712,1,1,3,true,true,true,121585721.59364359,750000,true,500000,500000,true
ecuador-early-expansion,seed-5,JPQ,19,81.26619697435859,4468.1,0.9953996101364523,0.33,1474473,1.411764705882353,1,4.235294117647059,true,true,true,92752086.48219268,750000,true,500000,500000,true
ecuador-early-expansion,seed-5,CONSV,19,85.34510987504314,3699.33,0.9614892787524366,0.35,1294765.5,1.105263157894737,1.05,3.1578947368421053,true,true,true,92799376.68641278,750000,true,500000,500000,true
ecuador-early-expansion,seed-5,VAP,19,82.99910623483824,5319.17,0.9954002339181287,0.28,1489367.6,1.2941176470588236,1,3.882352941176471,true,true,true,97117365.41228841,750000,true,500000,500000,true
ecuador-early-expansion,seed-5,MASS,20,68.81921020144486,3156.74,0.9230233918128654,0.25,789185,0.7083333333333334,1,2.125,true,true,true,35833748.72497841,750000,true,500000,500000,true
ecuador-early-expansion,seed-5,BAL,20,87.59610099823651,3971.36,0.9289730994152047,0.3,1191408,1,1,3,true,true,true,133921312.42771107,750000,true,500000,500000,true
ecuador-early-expansion,seed-5,JPQ,20,82.76490121640991,4468.55,0.9502498670919723,0.33,1474621.5,1.411764705882353,1,4.235294117647059,true,true,true,101470729.70569187,750000,true,500000,500000,true
ecuador-early-expansion,seed-5,CONSV,20,86.51750108503968,3652.46,0.9493073424301495,0.35,1278361,1.105263157894737,1.05,3.1578947368421053,true,true,true,103847475.04427281,750000,true,500000,500000,true
ecuador-early-expansion,seed-5,VAP,20,84.35917773605118,5319.17,0.9571156095366622,0.28,1489367.6,1.2941176470588236,1,3.882352941176471,true,true,true,107357455.36511372,750000,true,500000,500000,true
ecuador-early-expansion,seed-5,MASS,21,71.31367338532927,3163.88,0.9251111111111111,0.25,790970,0.7083333333333334,1,2.125,true,true,true,42066908.508170426,750000,true,500000,500000,true
ecuador-early-expansion,seed-5,BAL,21,88.58841291837759,4235.44,0.9907461988304093,0.3,1270632,1,1,3,true,true,true,142571866.67407712,750000,true,500000,500000,true
ecuador-early-expansion,seed-5,JPQ,21,84.14370911909711,4680.87,0.9954003189792663,0.33,1544687.1,1.411764705882353,1,4.235294117647059,true,true,true,105115863.34989384,750000,true,500000,500000,true
ecuador-early-expansion,seed-5,CONSV,21,87.59610099823651,3630.53,0.9436075373619234,0.35,1270685.5,1.105263157894737,1.05,3.1578947368421053,true,true,true,113614941.03195779,750000,true,500000,500000,true
ecuador-early-expansion,seed-5,VAP,21,85.61044351716708,5530.82,0.9951992802519117,0.28,1548629.6,1.2941176470588236,1,3.882352941176471,true,true,true,112629776.51550345,750000,true,500000,500000,true
ecuador-early-expansion,seed-5,MASS,22,73.60857951450292,3166.77,0.9259561403508771,0.25,791692.5,0.7083333333333334,1,2.125,true,true,true,48773860.35491763,750000,true,500000,500000,true
ecuador-early-expansion,seed-5,BAL,22,89.50133988490738,4254.91,0.9953005847953216,0.3,1276473,1,1,3,true,true,true,159854922.50757253,750000,true,500000,500000,true
ecuador-early-expansion,seed-5,JPQ,22,85.41221238956935,4680.4,0.9953003721424774,0.33,1544532,1.411764705882353,1,4.235294117647059,true,true,true,115341783.73305963,750000,true,500000,500000,true
ecuador-early-expansion,seed-5,CONSV,22,88.58841291837759,3611.26,0.9385990903183886,0.35,1263941,1.105263157894737,1.05,3.1578947368421053,true,true,true,126332059.85787335,750000,true,500000,500000,true
ecuador-early-expansion,seed-5,VAP,22,86.76160803579371,5531.94,0.9954008097165992,0.28,1548943.2000000002,1.2941176470588236,1,3.882352941176471,true,true,true,121910241.32245038,750000,true,500000,500000,true
ecuador-early-expansion,seed-5,MASS,23,75.71989315334268,3165.61,0.9256169590643275,0.25,791402.5,0.7083333333333334,1,2.125,true,true,true,41158557.93760444,750000,true,500000,500000,true
ecuador-early-expansion,seed-5,BAL,23,90.3412326941148,4226.89,0.9887461988304095,0.3,1268067,1,1,3,true,true,true,176825782.58393675,750000,true,0,500000,false
ecuador-early-expansion,seed-5,JPQ,23,86.5792353984038,4681.34,0.9955002658160553,0.33,1544842.2000000002,1.411764705882353,1,4.235294117647059,true,true,true,128431179.43886006,750000,true,500000,500000,true
ecuador-early-expansion,seed-5,CONSV,23,89.50133988490738,3618.27,0.9404210526315789,0.35,1266394.5,1.105263157894737,1.05,3.1578947368421053,true,true,true,139676441.07178476,750000,true,500000,500000,true
ecuador-early-expansion,seed-5,VAP,23,87.82067939293022,5531.94,0.9954008097165992,0.28,1548943.2000000002,1.2941176470588236,1,3.882352941176471,true,true,true,132865533.38999468,750000,true,500000,500000,true
ecuador-early-expansion,seed-5,MASS,24,77.66230170107526,3165.63,0.9256228070175438,0.25,791407.5,0.7083333333333334,1,2.125,true,true,true,42762026.90742402,750000,true,500000,500000,true
ecuador-early-expansion,seed-5,BAL,24,87.9207587324679,4210.88,0.9850011695906433,0.3,1263264,1,1,3,true,true,true,194737257.18832248,750000,true,500000,500000,true
ecuador-early-expansion,seed-5,JPQ,24,87.6528965665315,4681.34,0.9955002658160553,0.33,1544842.2000000002,1.411764705882353,1,4.235294117647059,true,true,true,141138566.14793187,750000,true,500000,500000,true
ecuador-early-expansion,seed-5,CONSV,24,90.3412326941148,3771.1,0.9801429499675114,0.35,1319885,1.105263157894737,1.05,3.1578947368421053,true,true,true,152431685.58677053,750000,true,0,500000,false
ecuador-early-expansion,seed-5,VAP,24,88.7950250414958,5531.94,0.9954008097165992,0.28,1548943.2000000002,1.2941176470588236,1,3.882352941176471,true,true,true,145935151.609578,750000,true,500000,500000,true
ecuador-early-expansion,seed-5,MASS,25,79.44931756498924,3106.77,0.9084122807017544,0.25,776692.5,0.7083333333333334,1,2.125,true,true,true,32606648.46795348,750000,true,500000,500000,true
ecuador-early-expansion,seed-5,BAL,25,88.88709803387047,4233.02,0.9901801169590644,0.3,1269906,1,1,3,true,true,true,208402543.2866325,750000,true,500000,500000,true
ecuador-early-expansion,seed-5,JPQ,25,88.64066484120897,4681.34,0.9955002658160553,0.33,1544842.2000000002,1.411764705882353,1,4.235294117647059,true,true,true,152293413.1876179,750000,true,500000,500000,true
ecuador-early-expansion,seed-5,CONSV,25,87.9207587324679,3829.42,0.9953008447043535,0.35,1340297,1.105263157894737,1.05,3.1578947368421053,true,true,true,161784224.36390194,750000,true,500000,500000,true
ecuador-early-expansion,seed-5,VAP,25,89.69142303817614,5531.94,0.9954008097165992,0.28,1548943.2000000002,1.2941176470588236,1,3.882352941176471,true,true,true,155478772.43622762,750000,true,500000,500000,true
ecuador-early-expansion,seed-5,MASS,26,81.0933721597901,3091.59,0.5165563909774437,0.25,772897.5,0.7083333333333334,1,2.125,true,true,true,47137111.46231933,750000,true,500000,500000,true
ecuador-early-expansion,seed-5,BAL,26,89.77613019116083,4255.76,0.9954994152046784,0.3,1276728,1,1,3,true,true,true,219087461.99683172,750000,true,500000,500000,true
ecuador-early-expansion,seed-5,JPQ,26,89.54941165391226,4681.34,0.9522176455631833,0.33,1544842.2000000002,1.411764705882353,1,4.235294117647059,true,true,true,165992509.17433468,750000,true,500000,500000,true
ecuador-early-expansion,seed-5,CONSV,26,88.88709803387047,3818.63,0.9924964262508122,0.35,1336520.5,1.105263157894737,1.05,3.1578947368421053,true,true,true,173667884.24124885,750000,true,500000,500000,true
ecuador-early-expansion,seed-5,VAP,26,90.51610919512206,5531.94,0.9585341130604288,0.28,1548943.2000000002,1.2941176470588236,1,3.882352941176471,true,true,true,167255495.57564434,750000,true,0,500000,false
ecuador-early-expansion,seed-5,MASS,27,82.60590238700689,2127.51,0.2927430340557276,0.25,531877.5,0.7083333333333334,1,2.125,true,true,true,40718606.66587122,750000,true,0,500000,false
ecuador-early-expansion,seed-5,BAL,27,90.59403977586797,4255.76,0.9954994152046784,0.3,1276728,1,1,3,true,true,true,224438224.65561292,750000,true,0,500000,false
ecuador-early-expansion,seed-5,JPQ,27,90.38545872159928,4892.65,0.9951995931858632,0.33,1614574.5,1.411764705882353,1,4.235294117647059,true,true,true,179356394.2883146,750000,true,0,500000,false
ecuador-early-expansion,seed-5,CONSV,27,89.77613019116083,3768.86,0.9795607537361923,0.35,1319101,1.105263157894737,1.05,3.1578947368421053,true,true,true,187980165.99411586,750000,true,500000,500000,true
ecuador-early-expansion,seed-5,VAP,27,88.08514264341473,5743.55,0.9952003465453758,0.28,1608194.0000000002,1.2941176470588236,1,3.882352941176471,true,true,true,178231976.9041864,750000,true,500000,500000,true
ecuador-early-expansion,seed-5,MASS,28,80.64954824378648,5676.01,0.6638608187134503,0.25,1419002.5,0.7083333333333334,1,2.125,true,true,true,58374341.26052548,750000,true,500000,500000,true
ecuador-early-expansion,seed-5,BAL,28,88.1583973893159,4255.76,0.9954994152046784,0.3,1276728,1,1,3,true,true,true,231668490.58904397,750000,true,500000,500000,true
ecuador-early-expansion,seed-5,JPQ,28,87.96233119830332,4893.14,0.9952992626493772,0.33,1614736.2000000002,1.411764705882353,1,4.235294117647059,true,true,true,189170371.26467416,750000,true,500000,500000,true
ecuador-early-expansion,seed-5,CONSV,28,90.59403977586797,3763.06,0.9780532813515269,0.35,1317071,1.105263157894737,1.05,3.1578947368421053,true,true,true,201014386.6355012,750000,true,0,500000,false
ecuador-early-expansion,seed-5,VAP,28,89.03833123194156,5744.7,0.9953996101364522,0.28,1608516.0000000002,1.2941176470588236,1,3.882352941176471,true,true,true,187703897.5225364,750000,true,500000,500000,true
ecuador-early-expansion,seed-5,MASS,29,82.19758438428356,4156.280000000001,0.486114619883041,0.25,1039070.0000000001,0.7083333333333334,1,2.125,true,true,true,63114066.344112,750000,true,0,500000,false
ecuador-early-expansion,seed-5,BAL,29,89.10572559817062,3945.82,0.5768742690058479,0.3,1183746,1,1,3,true,true,true,245320023.5771181,750000,true,500000,500000,true
ecuador-early-expansion,seed-5,JPQ,29,88.92534470243905,4893.64,0.995400966183575,0.33,1614901.2000000002,1.411764705882353,1,4.235294117647059,true,true,true,202818232.99629372,750000,true,500000,500000,true
ecuador-early-expansion,seed-5,CONSV,29,88.1583973893159,3790.51,0.9851877842755036,0.35,1326678.5,1.105263157894737,1.05,3.1578947368421053,true,true,true,215189836.6661492,750000,true,500000,500000,true
ecuador-early-expansion,seed-5,VAP,29,89.91526473338624,5744.7,0.9953996101364522,0.28,1608516.0000000002,1.2941176470588236,1,3.882352941176471,true,true,true,199165730.46166444,750000,true,500000,500000,true
ecuador-early-expansion,seed-5,MASS,30,80.26572932122654,4754.51,0.5560830409356725,0.25,1188627.5,0.7083333333333334,1,2.125,true,true,true,62206838.1201616,750000,true,500000,500000,true
ecuador-early-expansion,seed-5,BAL,30,89.97726755031697,5000.86,0.6156799015081563,0.3,1500258,1,1,3,true,true,true,238279515.1855884,750000,true,500000,500000,true
ecuador-early-expansion,seed-5,JPQ,30,89.81131712624392,4894.13,0.9955006356470888,0.33,1615062.9000000001,1.411764705882353,1,4.235294117647059,true,true,true,214407707.22146136,750000,true,500000,500000,true
ecuador-early-expansion,seed-5,CONSV,30,89.10572559817062,3791.61,0.9854736842105264,0.35,1327063.5,1.105263157894737,1.05,3.1578947368421053,true,true,true,226410607.90916112,750000,true,500000,500000,true
ecuador-early-expansion,seed-5,VAP,30,90.72204355471534,5744.7,0.9953996101364522,0.28,1608516.0000000002,1.2941176470588236,1,3.882352941176471,true,true,true,209514095.328594,750000,true,0,500000,false
ecuador-early-expansion,seed-5,MASS,31,81.84447097552842,4767.38,0.5575883040935673,0.25,1191845,0.7083333333333334,1,2.125,true,true,true,62296340.88968218,750000,true,500000,500000,true
ecuador-early-expansion,seed-5,BAL,31,90.7790861462916,5865.53,0.6236608187134502,0.3,1759659,1,1,3,true,true,true,238240324.60359734,750000,true,0,500000,false
ecuador-early-expansion,seed-5,JPQ,31,90.6264117561444,4894.13,0.9955006356470888,0.33,1615062.9000000001,1.411764705882353,1,4.235294117647059,true,true,true,229850279.04464722,750000,true,0,500000,false
ecuador-early-expansion,seed-5,CONSV,31,89.97726755031697,3780.37,0.9825523066926576,0.35,1323129.5,1.105263157894737,1.05,3.1578947368421053,true,true,true,240561886.1578219,750000,true,500000,500000,true
ecuador-early-expansion,seed-5,VAP,31,88.27872094143243,5744.7,0.9953996101364522,0.28,1608516.0000000002,1.2941176470588236,1,3.882352941176471,true,true,true,222654594.63499337,750000,true,500000,500000,true
ecuador-early-expansion,seed-5,MASS,32,83.29691329748616,4172.18,0.487974269005848,0.25,1043045.0000000001,0.7083333333333334,1,2.125,true,true,true,45368558.64220677,750000,true,0,500000,false
ecuador-early-expansion,seed-5,BAL,32,88.33234097751411,6231.62,0.6625858585858586,0.3,1869486,1,1,3,true,true,true,239208803.92127052,750000,true,500000,500000,true
ecuador-early-expansion,seed-5,JPQ,32,88.18882705077574,4894.13,0.9540214424951268,0.33,1615062.9000000001,1.411764705882353,1,4.235294117647059,true,true,true,247047570.85488147,750000,true,500000,500000,true
ecuador-early-expansion,seed-5,CONSV,32,90.7790861462916,3779.88,0.9824249512670565,0.35,1322958,1.105263157894737,1.05,3.1578947368421053,true,true,true,254880306.93200034,750000,true,0,500000,false
ecuador-early-expansion,seed-5,VAP,32,89.21642326611783,5744.7,0.9598496240601504,0.28,1608516.0000000002,1.2941176470588236,1,3.882352941176471,true,true,true,236723585.27817827,750000,true,500000,500000,true
ecuador-delayed-expansion,seed-1,MASS,1,50,0,0,0.25,0,0.7083333333333334,1,2.125,false,false,false,30000000,750000,true,0,0,true
ecuador-delayed-expansion,seed-1,BAL,1,50,0,0,0.3,0,1,1,3,false,false,false,30000000,750000,true,0,0,true
ecuador-delayed-expansion,seed-1,JPQ,1,50,0,0,0.33,0,1.411764705882353,1,4.235294117647059,false,false,false,25000000,750000,true,0,0,true
ecuador-delayed-expansion,seed-1,CONSV,1,50,0,0,0.35,0,1.105263157894737,1.05,3.1578947368421053,false,false,false,35000000,750000,true,0,0,true
ecuador-delayed-expansion,seed-1,VAP,1,50,0,0,0.28,0,1.2941176470588236,1,3.882352941176471,false,false,false,22000000,750000,true,0,0,true
ecuador-delayed-expansion,seed-1,MASS,2,50,2676.59,0.7826286549707603,0.25,669147.5,0.7083333333333334,1,2.125,true,true,true,15468454.740360655,750000,true,0,500000,false
ecuador-delayed-expansion,seed-1,BAL,2,50,3935.21,0.9205169590643275,0.3,1180563,1,1,3,true,true,true,41575441.369690195,750000,true,500000,500000,true
ecuador-delayed-expansion,seed-1,JPQ,2,50,2509.76,0.5870783625730994,0.33,828220.8,1.411764705882353,1,4.235294117647059,true,true,true,14494279.701722093,750000,true,0,500000,false
ecuador-delayed-expansion,seed-1,CONSV,2,50,2128.14,0.6222631578947369,0.35,744849,1.105263157894737,1.05,3.1578947368421053,true,true,true,10878104.155727632,750000,true,0,500000,false
ecuador-delayed-expansion,seed-1,VAP,2,50,5093.06,0.9927992202729046,0.28,1426056.8,1.2941176470588236,1,3.882352941176471,true,true,true,20033387.12761445,750000,true,0,500000,false
ecuador-delayed-expansion,seed-1,MASS,3,50,0,0,0.25,0,0.7083333333333334,1,2.125,false,false,false,35617858.151385464,750000,true,0,0,true
ecuador-delayed-expansion,seed-1,BAL,3,54,3739.1,0.8746432748538011,0.3,1121730,1,1,3,true,true,true,37675367.23400683,750000,true,500000,500000,true
ecuador-delayed-expansion,seed-1,JPQ,3,50,3450.73,0.8071883040935672,0.33,1138740.9000000001,1.411764705882353,1,4.235294117647059,true,true,true,31376932.87610506,750000,true,500000,500000,true
ecuador-delayed-expansion,seed-1,CONSV,3,50,2959.32,0.8652982456140351,0.35,1035761.9999999999,1.105263157894737,1.05,3.1578947368421053,true,true,true,35380932.33182596,750000,true,500000,500000,true
ecuador-delayed-expansion,seed-1,VAP,3,50,0,0,0.28,0,1.2941176470588236,1,3.882352941176471,false,false,false,21883189.90483663,750000,true,0,0,true
ecuador-delayed-expansion,seed-1,MASS,4,50,3394.35,0.9924999999999999,0.25,848587.5,0.7083333333333334,1,2.125,true,true,true,3432149.6711834855,750000,true,0,500000,false
ecuador-delayed-expansion,seed-1,BAL,4,57.68,3524.85,0.8245263157894737,0.3,1057455,1,1,3,true,true,true,37287560.41672416,750000,true,500000,500000,true
ecuador-delayed-expansion,seed-1,JPQ,4,54,3828.4,0.8955321637426901,0.33,1263372,1.411764705882353,1,4.235294117647059,true,true,true,26178717.61322356,750000,true,0,500000,false
ecuador-delayed-expansion,seed-1,CONSV,4,54,3188.75,0.9323830409356725,0.35,1116062.5,1.105263157894737,1.05,3.1578947368421053,true,true,true,33072755.24183698,750000,true,500000,500000,true
ecuador-delayed-expansion,seed-1,VAP,4,50,4376.45,0.8531091617933723,0.28,1225406.0000000002,1.2941176470588236,1,3.882352941176471,true,true,true,16471418.703513343,750000,true,0,500000,false
ecuador-delayed-expansion,seed-1,MASS,5,50,1745.15,0.5102777777777778,0.25,436287.5,0.7083333333333334,1,2.125,true,true,true,39160834.82201213,750000,true,500000,500000,true
ecuador-delayed-expansion,seed-1,BAL,5,61.0656,3998.76,0.935382456140351,0.3,1199628,1,1,3,true,true,true,41811144.10683437,750000,true,500000,500000,true
ecuador-delayed-expansion,seed-1,JPQ,5,53.76,4238.66,0.9914994152046783,0.33,1398757.8,1.411764705882353,1,4.235294117647059,true,true,true,21698750.76120808,750000,true,0,500000,false
ecuador-delayed-expansion,seed-1,CONSV,5,57.68,3390.59,0.9914005847953217,0.35,1186706.5,1.105263157894737,1.05,3.1578947368421053,true,true,true,35109279.28709209,750000,true,500000,500000,true
ecuador-delayed-expansion,seed-1,VAP,5,50,5088.96,0.992,0.28,1424908.8,1.2941176470588236,1,3.882352941176471,true,true,true,26614703.891650453,750000,true,500000,500000,true
ecuador-delayed-expansion,seed-1,MASS,6,54,3290.84,0.962233918128655,0.25,822710,0.7083333333333334,1,2.125,true,true,true,0,750000,false,0,500000,false
ecuador-delayed-expansion,seed-1,BAL,6,64.180352,4203.08,0.9831766081871345,0.3,1260924,1,1,3,true,true,true,17455788.58198279,750000,true,0,500000,false
ecuador-delayed-expansion,seed-1,JPQ,6,53.5344,4239.52,0.9917005847953217,0.33,1399041.6,1.411764705882353,1,4.235294117647059,true,true,true,22435335.395997394,750000,true,0,500000,false
ecuador-delayed-expansion,seed-1,CONSV,6,61.0656,3188.75,0.9323830409356725,0.35,1116062.5,1.105263157894737,1.05,3.1578947368421053,true,true,true,33764845.52431846,750000,true,500000,500000,true
ecuador-delayed-expansion,seed-1,VAP,6,54,5090.5,0.9923001949317739,0.28,1425340.0000000002,1.2941176470588236,1,3.882352941176471,true,true,true,16585609.257025417,750000,true,0,500000,false
ecuador-delayed-expansion,seed-1,MASS,7,53.76,1654.58,0.4837953216374269,0.25,413645,0.7083333333333334,1,2.125,true,true,true,28741994.500493806,750000,true,0,500000,false
ecuador-delayed-expansion,seed-1,BAL,7,63.32953088,4152.6,0.9713684210526317,0.3,1245780,1,1,3,true,true,true,31618537.76959147,750000,true,500000,500000,true
ecuador-delayed-expansion,seed-1,JPQ,7,53.322336,4246.79,0.9934011695906433,0.33,1401440.7,1.411764705882353,1,4.235294117647059,true,true,true,13151974.76777152,750000,true,0,500000,false
ecuador-delayed-expansion,seed-1,CONSV,7,64.180352,3194.86,0.9341695906432749,0.35,1118201,1.105263157894737,1.05,3.1578947368421053,true,true,true,14924782.52763978,750000,true,0,500000,false
ecuador-delayed-expansion,seed-1,VAP,7,53.76,5089.99,0.9922007797270955,0.28,1425197.2000000002,1.2941176470588236,1,3.882352941176471,true,true,true,28921581.150893934,750000,true,500000,500000,true
ecuador-delayed-expansion,seed-1,MASS,8,53.5344,2791.79,0.816312865497076,0.25,697947.5,0.7083333333333334,1,2.125,true,true,true,0,750000,false,0,500000,false
ecuador-delayed-expansion,seed-1,BAL,8,66.2631684096,3879.03,0.9073754385964913,0.3,1163709,1,1,3,true,true,true,28086727.062078774,750000,true,500000,500000,true
ecuador-delayed-expansion,seed-1,JPQ,8,53.12299584,4254.05,0.9950994152046784,0.33,1403836.5,1.411764705882353,1,4.235294117647059,true,true,true,35714331.58574063,750000,true,500000,500000,true
ecuador-delayed-expansion,seed-1,CONSV,8,63.32953088,3402.56,0.9949005847953216,0.35,1190896,1.105263157894737,1.05,3.1578947368421053,true,true,true,33030781.105239525,750000,true,500000,500000,true
ecuador-delayed-expansion,seed-1,VAP,8,57.459199999999996,5089.99,0.9922007797270955,0.28,1425197.2000000002,1.2941176470588236,1,3.882352941176471,true,true,true,36414659.52911427,750000,true,500000,500000,true
ecuador-delayed-expansion,seed-1,MASS,9,53.322336,1949.34,0.5699824561403508,0.25,487335,0.7083333333333334,1,2.125,true,true,true,27091456.15444802,750000,true,0,500000,false
ecuador-delayed-expansion,seed-1,BAL,9,68.962114936832,3969.25,0.9284795321637427,0.3,1190775,1,1,3,true,true,true,34819830.19495328,750000,true,500000,500000,true
ecuador-delayed-expansion,seed-1,JPQ,9,56.8731561728,4254.05,0.9950994152046784,0.33,1403836.5,1.411764705882353,1,4.235294117647059,true,true,true,43003007.316885486,750000,true,500000,500000,true
ecuador-delayed-expansion,seed-1,CONSV,9,66.2631684096,3178.37,0.9293479532163742,0.35,1112429.5,1.105263157894737,1.05,3.1578947368421053,true,true,true,37383316.69659224,750000,true,500000,500000,true
ecuador-delayed-expansion,seed-1,VAP,9,60.862463999999996,5089.99,0.9922007797270955,0.28,1425197.2000000002,1.2941176470588236,1,3.882352941176471,true,true,true,30779220.030728422,750000,true,500000,500000,true
ecuador-delayed-expansion,seed-1,MASS,10,53.12299584,2901.74,0.8484619883040935,0.25,725435,0.7083333333333334,1,2.125,true,true,true,0,750000,false,0,500000,false
ecuador-delayed-expansion,seed-1,BAL,10,71.44514574188544,3983.67,0.9318526315789474,0.3,1195101,1,1,3,true,true,true,45566574.93917784,750000,true,500000,500000,true
ecuador-delayed-expansion,seed-1,JPQ,10,60.323303678976,4254.91,0.9953005847953216,0.33,1404120.3,1.411764705882353,1,4.235294117647059,true,true,true,44837584.439097635,750000,true,500000,500000,true
ecuador-delayed-expansion,seed-1,CONSV,10,68.962114936832,3389.09,0.932670106639147,0.35,1186181.5,1.105263157894737,1.05,3.1578947368421053,true,true,true,36946528.36486894,750000,true,500000,500000,true
ecuador-delayed-expansion,seed-1,VAP,10,63.99346688,5089.99,0.9922007797270955,0.28,1425197.2000000002,1.2941176470588236,1,3.882352941176471,true,true,true,36673847.49858408,750000,true,500000,500000,true
ecuador-delayed-expansion,seed-1,MASS,11,52.9356160896,2098.25,0.6135233918128655,0.25,524562.5,0.7083333333333334,1,2.125,true,true,true,29811355.156390905,750000,true,0,500000,false
ecuador-delayed-expansion,seed-1,BAL,11,73.7295340825346,4004.86,0.9368093567251462,0.3,1201458,1,1,3,true,true,true,41890695.397286415,750000,true,500000,500000,true
ecuador-delayed-expansion,seed-1,JPQ,11,63.49743938465792,4255.34,0.9954011695906433,0.33,1404262.2,1.411764705882353,1,4.235294117647059,true,true,true,48781691.06377175,750000,true,500000,500000,true
ecuador-delayed-expansion,seed-1,CONSV,11,71.44514574188544,3616.31,0.9952005503955969,0.35,1265708.5,1.105263157894737,1.05,3.1578947368421053,true,true,true,46869484.590581216,750000,true,500000,500000,true
ecuador-delayed-expansion,seed-1,VAP,11,66.8739895296,5098.71,0.9939005847953216,0.28,1427638.8,1.2941176470588236,1,3.882352941176471,true,true,true,35027227.07796794,750000,true,500000,500000,true
ecuador-delayed-expansion,seed-1,MASS,12,52.759479124224,3209.99,0.9385935672514619,0.25,802497.5,0.7083333333333334,1,2.125,true,true,true,0,750000,false,0,500000,false
ecuador-delayed-expansion,seed-1,BAL,12,75.83117135593183,3981.93,0.9314456140350876,0.3,1194579,1,1,3,true,true,true,54023451.39186077,750000,true,500000,500000,true
ecuador-delayed-expansion,seed-1,JPQ,12,66.41764423388528,4255.34,0.9954011695906433,0.33,1404262.2,1.411764705882353,1,4.235294117647059,true,true,true,48690115.52550477,750000,true,500000,500000,true
ecuador-delayed-expansion,seed-1,CONSV,12,73.7295340825346,3430.39,0.9440357757137943,0.35,1200636.5,1.105263157894737,1.05,3.1578947368421053,true,true,true,38598287.40507035,750000,true,500000,500000,true
ecuador-delayed-expansion,seed-1,VAP,12,69.524070367232,5106.4,0.9953996101364522,0.28,1429792.0000000002,1.2941176470588236,1,3.882352941176471,true,true,true,46376005.567170426,750000,true,500000,500000,true
ecuador-delayed-expansion,seed-1,MASS,13,52.59391037677056,2762.34,0.8077017543859649,0.25,690585,0.7083333333333334,1,2.125,true,true,true,28165718.672871947,750000,true,0,500000,false
ecuador-delayed-expansion,seed-1,BAL,13,77.76467764745729,3994.87,0.934472514619883,0.3,1198461,1,1,3,true,true,true,50131355.68933058,750000,true,500000,500000,true
ecuador-delayed-expansion,seed-1,JPQ,13,69.10423269517446,4255.34,0.9954011695906433,0.33,1404262.2,1.411764705882353,1,4.235294117647059,true,true,true,58107110.741628364,750000,true,500000,500000,true
ecuador-delayed-expansion,seed-1,CONSV,13,75.83117135593183,3615.94,0.9950987272101823,0.35,1265579,1.105263157894737,1.05,3.1578947368421053,true,true,true,36033724.2497039,750000,true,500000,500000,true
ecuador-delayed-expansion,seed-1,VAP,13,71.96214473785344,5106.4,0.9953996101364522,0.28,1429792.0000000002,1.2941176470588236,1,3.882352941176471,true,true,true,54938758.36732833,750000,true,500000,500000,true
ecuador-delayed-expansion,seed-1,MASS,14,52.43827575416432,3382.83,0.9891315789473684,0.25,845707.5,0.7083333333333334,1,2.125,true,true,true,18819165.841960534,750000,true,0,500000,false
ecuador-delayed-expansion,seed-1,BAL,14,79.54350343566071,4007.09,0.9373309941520468,0.3,1202127,1,1,3,true,true,true,63134941.93138625,750000,true,500000,500000,true
ecuador-delayed-expansion,seed-1,JPQ,14,71.5758940795605,4255.34,0.9480011138958507,0.33,1404262.2,1.411764705882353,1,4.235294117647059,true,true,true,69599368.20427816,750000,true,500000,500000,true
ecuador-delayed-expansion,seed-1,CONSV,14,77.76467764745729,3617.03,0.9953986928104576,0.35,1265960.5,1.105263157894737,1.05,3.1578947368421053,true,true,true,45153236.608515345,750000,true,500000,500000,true
ecuador-delayed-expansion,seed-1,VAP,14,74.20517315882516,5106.4,0.9555836257309941,0.28,1429792.0000000002,1.2941176470588236,1,3.882352941176471,true,true,true,65567468.613552004,750000,true,500000,500000,true
ecuador-delayed-expansion,seed-1,MASS,15,52.29197920891446,2797.51,0.8179853801169591,0.25,699377.5,0.7083333333333334,1,2.125,true,true,true,22592913.148979824,750000,true,0,500000,false
ecuador-delayed-expansion,seed-1,BAL,15,81.18002316080785,3942.58,0.9222409356725146,0.3,1182774,1,1,3,true,true,true,77695700.07275635,750000,true,500000,500000,true
ecuador-delayed-expansion,seed-1,JPQ,15,73.84982255319566,4467.2,0.9951991088833194,0.33,1474176,1.411764705882353,1,4.235294117647059,true,true,true,78945175.55510576,750000,true,500000,500000,true
ecuador-delayed-expansion,seed-1,CONSV,15,79.54350343566071,3617.03,0.9953986928104576,0.35,1265960.5,1.105263157894737,1.05,3.1578947368421053,true,true,true,58370575.875696346,750000,true,500000,500000,true
ecuador-delayed-expansion,seed-1,VAP,15,76.26875930611915,5319.17,0.9954002339181287,0.28,1489367.6,1.2941176470588236,1,3.882352941176471,true,true,true,74860605.51041389,750000,true,500000,500000,true
ecuador-delayed-expansion,seed-1,MASS,16,52.154460456379596,2371.94,0.6935497076023392,0.25,592985,0.7083333333333334,1,2.125,true,true,true,37313193.33322045,750000,true,500000,500000,true
ecuador-delayed-expansion,seed-1,BAL,16,82.68562130794322,3933.57,0.9201333333333334,0.3,1180071,1,1,3,true,true,true,90940275.26414204,750000,true,500000,500000,true
ecuador-delayed-expansion,seed-1,JPQ,16,75.94183674894,4468.1,0.9953996101364523,0.33,1474473,1.411764705882353,1,4.235294117647059,true,true,true,90509499.8889728,750000,true,500000,500000,true
ecuador-delayed-expansion,seed-1,CONSV,16,81.18002316080785,3563.85,0.9262768031189084,0.35,1247347.5,1.105263157894737,1.05,3.1578947368421053,true,true,true,73755336.15288702,750000,true,500000,500000,true
ecuador-delayed-expansion,seed-1,VAP,16,78.16725856162962,5319.17,0.9954002339181287,0.28,1489367.6,1.2941176470588236,1,3.882352941176471,true,true,true,86253480.99534306,750000,true,500000,500000,true
ecuador-delayed-expansion,seed-1,MASS,17,55.98210361986923,2424.2,0.7088304093567251,0.25,606050,0.7083333333333334,1,2.125,true,true,true,24475838.430797044,750000,true,0,500000,false
ecuador-delayed-expansion,seed-1,BAL,17,84.07077160330776,3986.82,0.9325894736842105,0.3,1196046,1,1,3,true,true,true,108985206.6176579,750000,true,500000,500000,true
ecuador-delayed-expansion,seed-1,JPQ,17,77.8664898090248,4468.55,0.9954998607630187,0.33,1474621.5,1.411764705882353,1,4.235294117647059,true,true,true,102796741.17447259,750000,true,500000,500000,true
ecuador-delayed-expansion,seed-1,CONSV,17,82.68562130794322,3631.08,0.9437504873294347,0.35,1270878,1.105263157894737,1.05,3.1578947368421053,true,true,true,88569816.35607257,750000,true,500000,500000,true
ecuador-delayed-expansion,seed-1,VAP,17,79.91387787669925,5319.17,0.9954002339181287,0.28,1489367.6,1.2941176470588236,1,3.882352941176471,true,true,true,97939248.64831378,750000,true,500000,500000,true
ecuador-delayed-expansion,seed-1,MASS,18,55.62317740267707,3004.73,0.8785760233918128,0.25,751182.5,0.7083333333333334,1,2.125,true,true,true,31682407.65721823,750000,true,0,500000,false
ecuador-delayed-expansion,seed-1,BAL,18,85.34510987504314,4006.81,0.9372654970760234,0.3,1202043,1,1,3,true,true,true,126409516.14403586,750000,true,500000,500000,true
ecuador-delayed-expansion,seed-1,JPQ,18,79.63717062430281,4468.55,0.9954998607630187,0.33,1474621.5,1.411764705882353,1,4.235294117647059,true,true,true,115458833.72155051,750000,true,500000,500000,true
ecuador-delayed-expansion,seed-1,CONSV,18,84.07077160330776,3652.58,0.9493385315139701,0.35,1278403,1.105263157894737,1.05,3.1578947368421053,true,true,true,103728897.18394336,750000,true,500000,500000,true
ecuador-delayed-expansion,seed-1,VAP,18,81.5207676465633,5319.17,0.9954002339181287,0.28,1489367.6,1.2941176470588236,1,3.882352941176471,true,true,true,110770215.39381388,750000,true,500000,500000,true
ecuador-delayed-expansion,seed-1,MASS,19,55.28578675851645,3113.79,0.9104649122807017,0.25,778447.5,0.7083333333333334,1,2.125,true,true,true,29500996.524361838,750000,true,0,500000,false
ecuador-delayed-expansion,seed-1,BAL,19,86.51750108503968,3994.32,0.9343438596491228,0.3,1198296,1,1,3,true,true,true,143879651.03657976,750000,true,500000,500000,true
ecuador-delayed-expansion,seed-1,JPQ,19,81.26619697435859,4468.55,0.9954998607630187,0.33,1474621.5,1.411764705882353,1,4.235294117647059,true,true,true,128435312.4742399,750000,true,500000,500000,true
ecuador-delayed-expansion,seed-1,CONSV,19,85.34510987504314,3629.45,0.9433268356075373,0.35,1270307.5,1.105263157894737,1.05,3.1578947368421053,true,true,true,118112476.52534856,750000,true,500000,500000,true
ecuador-delayed-expansion,seed-1,VAP,19,82.99910623483824,5319.17,0.9954002339181287,0.28,1489367.6,1.2941176470588236,1,3.882352941176471,true,true,true,124400116.88127854,750000,true,500000,500000,true
ecuador-delayed-expansion,seed-1,MASS,20,54.96863955300547,3113.79,0.9104649122807017,0.25,778447.5,0.7083333333333334,1,2.125,true,true,true,31133593.999474116,750000,true,0,500000,false
ecuador-delayed-expansion,seed-1,BAL,20,87.59610099823651,3990.43,0.933433918128655,0.3,1197129,1,1,3,true,true,true,162230262.93212038,750000,true,500000,500000,true
ecuador-delayed-expansion,seed-1,JPQ,20,82.76490121640991,4467.65,0.9500584795321637,0.33,1474324.5,1.411764705882353,1,4.235294117647059,true,true,true,144497928.6639468,750000,true,500000,500000,true
ecuador-delayed-expansion,seed-1,CONSV,20,86.51750108503968,3622.64,0.9415568551007147,0.35,1267924,1.105263157894737,1.05,3.1578947368421053,true,true,true,134559546.31190336,750000,true,500000,500000,true
ecuador-delayed-expansion,seed-1,VAP,20,84.35917773605118,5319.17,0.9571156095366622,0.28,1489367.6,1.2941176470588236,1,3.882352941176471,true,true,true,139042762.26595515,750000,true,500000,500000,true
ecuador-delayed-expansion,seed-1,MASS,21,54.67052117982514,2978.8,0.8709941520467837,0.25,744700,0.7083333333333334,1,2.125,true,true,true,41085905.997861944,750000,true,500000,500000,true
ecuador-delayed-expansion,seed-1,BAL,21,88.58841291837759,4232.56,0.9900725146198831,0.3,1269768,1,1,3,true,true,true,171722195.67085636,750000,true,500000,500000,true
ecuador-delayed-expansion,seed-1,JPQ,21,84.14370911909711,4679.93,0.9952004253056885,0.33,1544376.9000000001,1.411764705882353,1,4.235294117647059,true,true,true,153482435.39590812,750000,true,500000,500000,true
ecuador-delayed-expansion,seed-1,CONSV,21,87.59610099823651,3647.08,0.9479090318388563,0.35,1276478,1.105263157894737,1.05,3.1578947368421053,true,true,true,146907326.6664287,750000,true,500000,500000,true
ecuador-delayed-expansion,seed-1,VAP,21,85.61044351716708,5530.82,0.9951992802519117,0.28,1548629.6,1.2941176470588236,1,3.882352941176471,true,true,true,147334025.5775646,750000,true,500000,500000,true
ecuador-delayed-expansion,seed-1,MASS,22,58.29687948543913,2978.8,0.8709941520467837,0.25,744700,0.7083333333333334,1,2.125,true,true,true,45355131.61289657,750000,true,500000,500000,true
ecuador-delayed-expansion,seed-1,BAL,22,89.50133988490738,4255.34,0.9954011695906433,0.3,1276602,1,1,3,true,true,true,196747325.54579017,750000,true,500000,500000,true
ecuador-delayed-expansion,seed-1,JPQ,22,85.41221238956935,4680.4,0.9953003721424774,0.33,1544532,1.411764705882353,1,4.235294117647059,true,true,true,170467857.87895682,750000,true,500000,500000,true
ecuador-delayed-expansion,seed-1,CONSV,22,88.58841291837759,3666.46,0.9529460688758934,0.35,1283261,1.105263157894737,1.05,3.1578947368421053,true,true,true,165147576.8645463,750000,true,500000,500000,true
ecuador-delayed-expansion,seed-1,VAP,22,86.76160803579371,5531.94,0.9954008097165992,0.28,1548943.2000000002,1.2941176470588236,1,3.882352941176471,true,true,true,161860403.36653057,750000,true,500000,500000,true
ecuador-delayed-expansion,seed-1,MASS,23,61.633129126604,2978.8,0.8709941520467837,0.25,744700,0.7083333333333334,1,2.125,true,true,true,48501441.77030505,750000,true,500000,500000,true
ecuador-delayed-expansion,seed-1,BAL,23,90.3412326941148,4255.76,0.9954994152046784,0.3,1276728,1,1,3,true,true,true,217088828.2098533,750000,true,0,500000,false
ecuador-delayed-expansion,seed-1,JPQ,23,86.5792353984038,4681.34,0.9955002658160553,0.33,1544842.2000000002,1.411764705882353,1,4.235294117647059,true,true,true,185844374.89449233,750000,true,500000,500000,true
ecuador-delayed-expansion,seed-1,CONSV,23,89.50133988490738,3637.45,0.9454061078622482,0.35,1273107.5,1.105263157894737,1.05,3.1578947368421053,true,true,true,182288282.879208,750000,true,500000,500000,true
ecuador-delayed-expansion,seed-1,VAP,23,87.82067939293022,5531.94,0.9954008097165992,0.28,1548943.2000000002,1.2941176470588236,1,3.882352941176471,true,true,true,177018429.25940627,750000,true,500000,500000,true
ecuador-delayed-expansion,seed-1,MASS,24,64.70247879647567,2978.8,0.8709941520467837,0.25,744700,0.7083333333333334,1,2.125,true,true,true,51999732.259032436,750000,true,500000,500000,true
ecuador-delayed-expansion,seed-1,BAL,24,87.9207587324679,4255.76,0.9954994152046784,0.3,1276728,1,1,3,true,true,true,240489468.68855855,750000,true,500000,500000,true
ecuador-delayed-expansion,seed-1,JPQ,24,87.6528965665315,4681.34,0.9955002658160553,0.33,1544842.2000000002,1.411764705882353,1,4.235294117647059,true,true,true,205018042.32797056,750000,true,500000,500000,true
ecuador-delayed-expansion,seed-1,CONSV,24,90.3412326941148,3780.55,0.9825990903183887,0.35,1323192.5,1.105263157894737,1.05,3.1578947368421053,true,true,true,199545604.7719851,750000,true,0,500000,false
ecuador-delayed-expansion,seed-1,VAP,24,88.7950250414958,5531.94,0.9954008097165992,0.28,1548943.2000000002,1.2941176470588236,1,3.882352941176471,true,true,true,194656119.76927233,750000,true,500000,500000,true
ecuador-delayed-expansion,seed-1,MASS,25,67.52628049275762,2662.99,0.7786520467836257,0.25,665747.5,0.7083333333333334,1,2.125,true,true,true,44057514.58701588,750000,true,500000,500000,true
ecuador-delayed-expansion,seed-1,BAL,25,88.88709803387047,4243.46,0.9926222222222222,0.3,1273038,1,1,3,true,true,true,262806971.68516055,750000,true,500000,500000,true
ecuador-delayed-expansion,seed-1,JPQ,25,88.64066484120897,4680.4,0.9953003721424774,0.33,1544532,1.411764705882353,1,4.235294117647059,true,true,true,222540017.2463694,750000,true,500000,500000,true
ecuador-delayed-expansion,seed-1,CONSV,25,87.9207587324679,3829.42,0.9953008447043535,0.35,1340297,1.105263157894737,1.05,3.1578947368421053,true,true,true,215961737.66980302,750000,true,500000,500000,true
ecuador-delayed-expansion,seed-1,VAP,25,89.69142303817614,5531.94,0.9954008097165992,0.28,1548943.2000000002,1.2941176470588236,1,3.882352941176471,true,true,true,210954845.26857454,750000,true,500000,500000,true
ecuador-delayed-expansion,seed-1,MASS,26,70.124178053337,3187.95,0.9321491228070174,0.25,796987.5,0.7083333333333334,1,2.125,true,true,true,49801464.46170455,750000,true,500000,500000,true
ecuador-delayed-expansion,seed-1,BAL,26,89.77613019116083,4255.76,0.9954994152046784,0.3,1276728,1,1,3,true,true,true,281891754.9051099,750000,true,500000,500000,true
ecuador-delayed-expansion,seed-1,JPQ,26,89.54941165391226,4680.4,0.9520264429188914,0.33,1544532,1.411764705882353,1,4.235294117647059,true,true,true,242796532.7520591,750000,true,500000,500000,true
ecuador-delayed-expansion,seed-1,CONSV,26,88.88709803387047,3814.98,0.9915477582846004,0.35,1335243,1.105263157894737,1.05,3.1578947368421053,true,true,true,236089994.79872066,750000,true,500000,500000,true
ecuador-delayed-expansion,seed-1,VAP,26,90.51610919512206,5531.94,0.9585341130604288,0.28,1548943.2000000002,1.2941176470588236,1,3.882352941176471,true,true,true,229689029.85635975,750000,true,0,500000,false
ecuador-delayed-expansion,seed-1,MASS,27,72.51424380907004,3021.4,0.5048287385129491,0.25,755350,0.7083333333333334,1,2.125,true,true,true,54107176.82621327,750000,true,500000,500000,true
ecuador-delayed-expansion,seed-1,BAL,27,90.59403977586797,4255.76,0.9954994152046784,0.3,1276728,1,1,3,true,true,true,291586180.39324456,750000,true,0,500000,false
ecuador-delayed-expansion,seed-1,JPQ,27,90.38545872159928,4892.65,0.9951995931858632,0.33,1614574.5,1.411764705882353,1,4.235294117647059,true,true,true,259246332.34834528,750000,true,0,500000,false
ecuador-delayed-expansion,seed-1,CONSV,27,89.77613019116083,3769.46,0.9797166991552957,0.35,1319311,1.105263157894737,1.05,3.1578947368421053,true,true,true,255595492.95367944,750000,true,500000,500000,true
ecuador-delayed-expansion,seed-1,VAP,27,88.08514264341473,5743.55,0.9952003465453758,0.28,1608194.0000000002,1.2941176470588236,1,3.882352941176471,true,true,true,246760789.74114856,750000,true,500000,500000,true
ecuador-delayed-expansion,seed-1,MASS,28,74.71310430434444,2096.75,0.28851049191606465,0.25,524187.5,0.7083333333333334,1,2.125,true,true,true,45688389.62026178,750000,true,0,500000,false
ecuador-delayed-expansion,seed-1,BAL,28,88.1583973893159,4255.76,0.9954994152046784,0.3,1276728,1,1,3,true,true,true,309719959.85963875,750000,true,500000,500000,true
ecuador-delayed-expansion,seed-1,JPQ,28,87.96233119830332,4893.64,0.995400966183575,0.33,1614901.2000000002,1.411764705882353,1,4.235294117647059,true,true,true,279448681.7288472,750000,true,500000,500000,true
ecuador-delayed-expansion,seed-1,CONSV,28,90.59403977586797,3767.54,0.979217673814165,0.35,1318639,1.105263157894737,1.05,3.1578947368421053,true,true,true,277512128.484315,750000,true,0,500000,false
ecuador-delayed-expansion,seed-1,VAP,28,89.03833123194156,5744.7,0.9953996101364522,0.28,1608516.0000000002,1.2941176470588236,1,3.882352941176471,true,true,true,265209165.55009234,750000,true,500000,500000,true
ecuador-delayed-expansion,seed-1,MASS,29,73.23031804608377,5105.66,0.597153216374269,0.25,1276415,0.7083333333333334,1,2.125,true,true,true,59016282.75081604,750000,true,500000,500000,true
ecuador-delayed-expansion,seed-1,BAL,29,89.10572559817062,3945.82,0.5768742690058479,0.3,1183746,1,1,3,true,true,true,323999880.2143839,750000,true,500000,500000,true
ecuador-delayed-expansion,seed-1,JPQ,29,88.92534470243905,4894.13,0.9955006356470888,0.33,1615062.9000000001,1.411764705882353,1,4.235294117647059,true,true,true,296000960.5880091,750000,true,500000,500000,true
ecuador-delayed-expansion,seed-1,CONSV,29,88.1583973893159,3791.82,0.9855282651072125,0.35,1327137,1.105263157894737,1.05,3.1578947368421053,true,true,true,294739275.16620624,750000,true,500000,500000,true
ecuador-delayed-expansion,seed-1,VAP,29,89.91526473338624,5744.7,0.9953996101364522,0.28,1608516.0000000002,1.2941176470588236,1,3.882352941176471,true,true,true,281669123.0946999,750000,true,500000,500000,true
ecuador-delayed-expansion,seed-1,MASS,30,75.37189260239707,4358.76,0.5097964912280702,0.25,1089690,0.7083333333333334,1,2.125,true,true,true,72976020.07477248,750000,true,500000,500000,true
ecuador-delayed-expansion,seed-1,BAL,30,89.97726755031697,5200.75,0.6402893197907048,0.3,1560225,1,1,3,true,true,true,316224752.58153033,750000,true,500000,500000,true
ecuador-delayed-expansion,seed-1,JPQ,30,89.81131712624392,4894.13,0.9955006356470888,0.33,1615062.9000000001,1.411764705882353,1,4.235294117647059,true,true,true,311190090.6545928,750000,true,500000,500000,true
ecuador-delayed-expansion,seed-1,CONSV,30,89.10572559817062,3797.87,0.9871007147498375,0.35,1329254.5,1.105263157894737,1.05,3.1578947368421053,true,true,true,308793051.286624,750000,true,500000,500000,true
ecuador-delayed-expansion,seed-1,VAP,30,90.72204355471534,5744.7,0.9953996101364522,0.28,1608516.0000000002,1.2941176470588236,1,3.882352941176471,true,true,true,295775614.2320843,750000,true,0,500000,false
ecuador-delayed-expansion,seed-1,MASS,31,77.3421411942053,5630.5,0.6585380116959064,0.25,1407625,0.7083333333333334,1,2.125,true,true,true,97471954.77949747,750000,true,500000,500000,true
ecuador-delayed-expansion,seed-1,BAL,31,90.7790861462916,5512.73,0.5861488569909622,0.3,1653819,1,1,3,true,true,true,328830263.75010604,750000,true,0,500000,false
ecuador-delayed-expansion,seed-1,JPQ,31,90.6264117561444,4894.13,0.9955006356470888,0.33,1615062.9000000001,1.411764705882353,1,4.235294117647059,true,true,true,324294327.30965537,750000,true,0,500000,false
ecuador-delayed-expansion,seed-1,CONSV,31,89.97726755031697,3783.69,0.9834152046783626,0.35,1324291.5,1.105263157894737,1.05,3.1578947368421053,true,true,true,326672701.8842608,750000,true,500000,500000,true
ecuador-delayed-expansion,seed-1,VAP,31,88.27872094143243,5744.7,0.9953996101364522,0.28,1608516.0000000002,1.2941176470588236,1,3.882352941176471,true,true,true,313771156.9900616,750000,true,500000,500000,true
ecuador-delayed-expansion,seed-1,MASS,32,79.15476989866887,5607.26,0.6558198830409357,0.25,1401815,0.7083333333333334,1,2.125,true,true,true,105603422.27720049,750000,true,500000,500000,true
ecuador-delayed-expansion,seed-1,BAL,32,88.33234097751411,7249.58,0.7708219032429559,0.3,2174874,1,1,3,true,true,true,323068318.81291753,750000,true,500000,500000,true
ecuador-delayed-expansion,seed-1,JPQ,32,88.18882705077574,4893.14,0.9538284600389865,0.33,1614736.2000000002,1.411764705882353,1,4.235294117647059,true,true,true,335613727.89596117,750000,true,500000,500000,true
ecuador-delayed-expansion,seed-1,CONSV,32,90.7790861462916,3775.38,0.9812553606237817,0.35,1321383,1.105263157894737,1.05,3.1578947368421053,true,true,true,342042455.92512333,750000,true,0,500000,false
ecuador-delayed-expansion,seed-1,VAP,32,89.21642326611783,5744.7,0.9598496240601504,0.28,1608516.0000000002,1.2941176470588236,1,3.882352941176471,true,true,true,330399577.78750014,750000,true,500000,500000,true
ecuador-delayed-expansion,seed-2,MASS,1,50,0,0,0.25,0,0.7083333333333334,1,2.125,false,false,false,30000000,750000,true,0,0,true
ecuador-delayed-expansion,seed-2,BAL,1,50,0,0,0.3,0,1,1,3,false,false,false,30000000,750000,true,0,0,true
ecuador-delayed-expansion,seed-2,JPQ,1,50,0,0,0.33,0,1.411764705882353,1,4.235294117647059,false,false,false,25000000,750000,true,0,0,true
ecuador-delayed-expansion,seed-2,CONSV,1,50,0,0,0.35,0,1.105263157894737,1.05,3.1578947368421053,false,false,false,35000000,750000,true,0,0,true
ecuador-delayed-expansion,seed-2,VAP,1,50,0,0,0.28,0,1.2941176470588236,1,3.882352941176471,false,false,false,22000000,750000,true,0,0,true
ecuador-delayed-expansion,seed-2,MASS,2,50,2676.59,0.7826286549707603,0.25,669147.5,0.7083333333333334,1,2.125,true,true,true,14530663.532499146,750000,true,0,500000,false
ecuador-delayed-expansion,seed-2,BAL,2,50,3935.21,0.9205169590643275,0.3,1180563,1,1,3,true,true,true,41575441.369690195,750000,true,500000,500000,true
ecuador-delayed-expansion,seed-2,JPQ,2,50,2509.76,0.5870783625730994,0.33,828220.8,1.411764705882353,1,4.235294117647059,true,true,true,14494279.701722093,750000,true,0,500000,false
ecuador-delayed-expansion,seed-2,CONSV,2,50,2128.14,0.6222631578947369,0.35,744849,1.105263157894737,1.05,3.1578947368421053,true,true,true,10878104.155727632,750000,true,0,500000,false
ecuador-delayed-expansion,seed-2,VAP,2,50,5093.06,0.9927992202729046,0.28,1426056.8,1.2941176470588236,1,3.882352941176471,true,true,true,20033387.12761445,750000,true,0,500000,false
ecuador-delayed-expansion,seed-2,MASS,3,50,0,0,0.25,0,0.7083333333333334,1,2.125,false,false,false,39642759.127761155,750000,true,0,0,true
ecuador-delayed-expansion,seed-2,BAL,3,54,3739.1,0.8746432748538011,0.3,1121730,1,1,3,true,true,true,36780551.78596833,750000,true,500000,500000,true
ecuador-delayed-expansion,seed-2,JPQ,3,50,3797.33,0.8882643274853801,0.33,1253118.9000000001,1.411764705882353,1,4.235294117647059,true,true,true,30146795.45155792,750000,true,500000,500000,true
ecuador-delayed-expansion,seed-2,CONSV,3,50,2959.32,0.8652982456140351,0.35,1035761.9999999999,1.105263157894737,1.05,3.1578947368421053,true,true,true,34529457.26683727,750000,true,500000,500000,true
ecuador-delayed-expansion,seed-2,VAP,3,50,0,0,0.28,0,1.2941176470588236,1,3.882352941176471,false,false,false,21323399.50368401,750000,true,0,0,true
ecuador-delayed-expansion,seed-2,MASS,4,50,3394.35,0.9924999999999999,0.25,848587.5,0.7083333333333334,1,2.125,true,true,true,5182185.645354331,750000,true,0,500000,false
ecuador-delayed-expansion,seed-2,BAL,4,57.68,3234.88,0.7566970760233919,0.3,970464,1,1,3,true,true,true,36701967.03309185,750000,true,500000,500000,true
ecuador-delayed-expansion,seed-2,JPQ,4,54,4070.66,0.9522011695906433,0.33,1343317.8,1.411764705882353,1,4.235294117647059,true,true,true,24978933.85577305,750000,true,0,500000,false
ecuador-delayed-expansion,seed-2,CONSV,4,54,3188.75,0.9323830409356725,0.35,1116062.5,1.105263157894737,1.05,3.1578947368421053,true,true,true,32215877.759686016,750000,true,500000,500000,true
ecuador-delayed-expansion,seed-2,VAP,4,50,4310.54,0.840261208576998,0.28,1206951.2000000002,1.2941176470588236,1,3.882352941176471,true,true,true,17014398.220779255,750000,true,0,500000,false
ecuador-delayed-expansion,seed-2,MASS,5,50,1848.65,0.5405409356725146,0.25,462162.5,0.7083333333333334,1,2.125,true,true,true,40495219.46152676,750000,true,500000,500000,true
ecuador-delayed-expansion,seed-2,BAL,5,61.0656,4225.32,0.988378947368421,0.3,1267596,1,1,3,true,true,true,41167983.56814098,750000,true,500000,500000,true
ecuador-delayed-expansion,seed-2,JPQ,5,53.76,4087.15,0.9560584795321637,0.33,1348759.5,1.411764705882353,1,4.235294117647059,true,true,true,25885510.2379424,750000,true,0,500000,false
ecuador-delayed-expansion,seed-2,CONSV,5,57.68,3341,0.9769005847953216,0.35,1169350,1.105263157894737,1.05,3.1578947368421053,true,true,true,36044950.67657287,750000,true,500000,500000,true
ecuador-delayed-expansion,seed-2,VAP,5,50,5088.96,0.992,0.28,1424908.8,1.2941176470588236,1,3.882352941176471,true,true,true,27994032.355384283,750000,true,500000,500000,true
ecuador-delayed-expansion,seed-2,MASS,6,54,3349.58,0.9794093567251462,0.25,837395,0.7083333333333334,1,2.125,true,true,true,0,750000,false,0,500000,false
ecuador-delayed-expansion,seed-2,BAL,6,64.180352,4242.08,0.9922994152046783,0.3,1272624,1,1,3,true,true,true,17576361.37988696,750000,true,0,500000,false
ecuador-delayed-expansion,seed-2,JPQ,6,53.5344,4239.95,0.9918011695906432,0.33,1399183.5,1.411764705882353,1,4.235294117647059,true,true,true,24936673.09321215,750000,true,0,500000,false
ecuador-delayed-expansion,seed-2,CONSV,6,61.0656,3188.75,0.9323830409356725,0.35,1116062.5,1.105263157894737,1.05,3.1578947368421053,true,true,true,35416609.368288614,750000,true,500000,500000,true
ecuador-delayed-expansion,seed-2,VAP,6,54,5090.5,0.9923001949317739,0.28,1425340.0000000002,1.2941176470588236,1,3.882352941176471,true,true,true,18058707.47188436,750000,true,0,500000,false
ecuador-delayed-expansion,seed-2,MASS,7,53.76,1890.88,0.5528888888888889,0.25,472720,0.7083333333333334,1,2.125,true,true,true,31867190.39266786,750000,true,500000,500000,true
ecuador-delayed-expansion,seed-2,BAL,7,63.32953088,4229.94,0.9894596491228069,0.3,1268982,1,1,3,true,true,true,29183938.68662718,750000,true,500000,500000,true
ecuador-delayed-expansion,seed-2,JPQ,7,53.322336,4247.21,0.9934994152046783,0.33,1401579.3,1.411764705882353,1,4.235294117647059,true,true,true,12654518.61906955,750000,true,0,500000,false
ecuador-delayed-expansion,seed-2,CONSV,7,64.180352,3194.86,0.9341695906432749,0.35,1118201,1.105263157894737,1.05,3.1578947368421053,true,true,true,17994625.2875948,750000,true,0,500000,false
ecuador-delayed-expansion,seed-2,VAP,7,53.76,5089.99,0.9922007797270955,0.28,1425197.2000000002,1.2941176470588236,1,3.882352941176471,true,true,true,28915846.71314618,750000,true,500000,500000,true
ecuador-delayed-expansion,seed-2,MASS,8,57.459199999999996,3166.18,0.9257836257309942,0.25,791545,0.7083333333333334,1,2.125,true,true,true,0,750000,false,0,500000,false
ecuador-delayed-expansion,seed-2,BAL,8,66.2631684096,3715.98,0.8692350877192982,0.3,1114794,1,1,3,true,true,true,30799151.28635081,750000,true,500000,500000,true
ecuador-delayed-expansion,seed-2,JPQ,8,53.12299584,4253.63,0.9950011695906433,0.33,1403697.9000000001,1.411764705882353,1,4.235294117647059,true,true,true,37734227.03767919,750000,true,500000,500000,true
ecuador-delayed-expansion,seed-2,CONSV,8,63.32953088,3402.56,0.9949005847953216,0.35,1190896,1.105263157894737,1.05,3.1578947368421053,true,true,true,32930193.294243325,750000,true,500000,500000,true
ecuador-delayed-expansion,seed-2,VAP,8,57.459199999999996,5089.99,0.9922007797270955,0.28,1425197.2000000002,1.2941176470588236,1,3.882352941176471,true,true,true,36932488.96725522,750000,true,500000,500000,true
ecuador-delayed-expansion,seed-2,MASS,9,57.011647999999994,0,0,0.25,0,0.7083333333333334,1,2.125,false,false,false,35685050.78041066,750000,true,0,0,true
ecuador-delayed-expansion,seed-2,BAL,9,68.962114936832,3934.9,0.9204444444444445,0.3,1180470,1,1,3,true,true,true,40203269.206616074,750000,true,500000,500000,true
ecuador-delayed-expansion,seed-2,JPQ,9,56.8731561728,4253.63,0.9950011695906433,0.33,1403697.9000000001,1.411764705882353,1,4.235294117647059,true,true,true,44257666.69913308,750000,true,500000,500000,true
ecuador-delayed-expansion,seed-2,CONSV,9,66.2631684096,3257.09,0.9523654970760235,0.35,1139981.5,1.105263157894737,1.05,3.1578947368421053,true,true,true,36757608.196848646,750000,true,500000,500000,true
ecuador-delayed-expansion,seed-2,VAP,9,60.862463999999996,5098.71,0.9939005847953216,0.28,1427638.8,1.2941176470588236,1,3.882352941176471,true,true,true,31020036.33431847,750000,true,500000,500000,true
ecuador-delayed-expansion,seed-2,MASS,10,56.59094911999999,3394.01,0.9924005847953217,0.25,848502.5,0.7083333333333334,1,2.125,true,true,true,0,750000,false,0,500000,false
ecuador-delayed-expansion,seed-2,BAL,10,71.44514574188544,4198.04,0.9819976608187134,0.3,1259412,1,1,3,true,true,true,43267304.10338377,750000,true,500000,500000,true
ecuador-delayed-expansion,seed-2,JPQ,10,60.323303678976,4254.05,0.9950994152046784,0.33,1403836.5,1.411764705882353,1,4.235294117647059,true,true,true,51113561.50844297,750000,true,500000,500000,true
ecuador-delayed-expansion,seed-2,CONSV,10,68.962114936832,3403.24,0.9950994152046783,0.35,1191134,1.105263157894737,1.05,3.1578947368421053,true,true,true,38772599.841759376,750000,true,500000,500000,true
ecuador-delayed-expansion,seed-2,VAP,10,63.99346688,5106.4,0.9953996101364522,0.28,1429792.0000000002,1.2941176470588236,1,3.882352941176471,true,true,true,37274469.47722787,750000,true,500000,500000,true
ecuador-delayed-expansion,seed-2,MASS,11,56.19549217279999,3393.67,0.9923011695906433,0.25,848417.5,0.7083333333333334,1,2.125,true,true,true,28036059.63933137,750000,true,0,500000,false
ecuador-delayed-expansion,seed-2,BAL,11,73.7295340825346,4065.88,0.9510830409356725,0.3,1219764,1,1,3,true,true,true,43399660.79543251,750000,true,500000,500000,true
ecuador-delayed-expansion,seed-2,JPQ,11,63.49743938465792,4253.63,0.9950011695906433,0.33,1403697.9000000001,1.411764705882353,1,4.235294117647059,true,true,true,59630323.05698098,750000,true,500000,500000,true
ecuador-delayed-expansion,seed-2,CONSV,11,71.44514574188544,3403.93,0.9367540419676642,0.35,1191375.5,1.105263157894737,1.05,3.1578947368421053,true,true,true,49269659.643635884,750000,true,500000,500000,true
ecuador-delayed-expansion,seed-2,VAP,11,66.8739895296,5106.4,0.9953996101364522,0.28,1429792.0000000002,1.2941176470588236,1,3.882352941176471,true,true,true,37507856.129515395,750000,true,500000,500000,true
ecuador-delayed-expansion,seed-2,MASS,12,55.82376264243199,3394.01,0.9924005847953217,0.25,848502.5,0.7083333333333334,1,2.125,true,true,true,27150203.909332998,750000,true,0,500000,false
ecuador-delayed-expansion,seed-2,BAL,12,75.83117135593183,3931.83,0.9197263157894736,0.3,1179549,1,1,3,true,true,true,39422378.58530252,750000,true,500000,500000,true
ecuador-delayed-expansion,seed-2,JPQ,12,66.41764423388528,4253.63,0.9950011695906433,0.33,1403697.9000000001,1.411764705882353,1,4.235294117647059,true,true,true,53145448.42756928,750000,true,500000,500000,true
ecuador-delayed-expansion,seed-2,CONSV,12,73.7295340825346,3386.37,0.9319215686274509,0.35,1185229.5,1.105263157894737,1.05,3.1578947368421053,true,true,true,43502181.32476174,750000,true,500000,500000,true
ecuador-delayed-expansion,seed-2,VAP,12,69.524070367232,5106.4,0.9953996101364522,0.28,1429792.0000000002,1.2941176470588236,1,3.882352941176471,true,true,true,47849651.916628286,750000,true,500000,500000,true
ecuador-delayed-expansion,seed-2,MASS,13,55.47433688388607,2929.8,0.8566666666666667,0.25,732450,0.7083333333333334,1,2.125,true,true,true,16032980.992914718,750000,true,0,500000,false
ecuador-delayed-expansion,seed-2,BAL,13,77.76467764745729,4014,0.9389473684210526,0.3,1204200,1,1,3,true,true,true,44507150.33871251,750000,true,500000,500000,true
ecuador-delayed-expansion,seed-2,JPQ,13,69.10423269517446,4068.48,0.9516912280701755,0.33,1342598.4000000001,1.411764705882353,1,4.235294117647059,true,true,true,64780454.595126316,750000,true,500000,500000,true
ecuador-delayed-expansion,seed-2,CONSV,13,75.83117135593183,3602.78,0.9914771241830066,0.35,1260973,1.105263157894737,1.05,3.1578947368421053,true,true,true,41482019.30667795,750000,true,500000,500000,true
ecuador-delayed-expansion,seed-2,VAP,13,71.96214473785344,5106.4,0.9953996101364522,0.28,1429792.0000000002,1.2941176470588236,1,3.882352941176471,true,true,true,57381694.012161136,750000,true,500000,500000,true
ecuador-delayed-expansion,seed-2,MASS,14,55.1458766708529,2190.65,0.6405409356725147,0.25,547662.5,0.7083333333333334,1,2.125,true,true,true,36832030.20557387,750000,true,500000,500000,true
ecuador-delayed-expansion,seed-2,BAL,14,79.54350343566071,3988.47,0.9329754385964912,0.3,1196541,1,1,3,true,true,true,57476770.077279255,750000,true,500000,500000,true
ecuador-delayed-expansion,seed-2,JPQ,14,71.5758940795605,4254.48,0.9478095238095237,0.33,1403978.4000000001,1.411764705882353,1,4.235294117647059,true,true,true,70275728.88854346,750000,true,500000,500000,true
ecuador-delayed-expansion,seed-2,CONSV,14,77.76467764745729,3616.67,0.9952996216030272,0.35,1265834.5,1.105263157894737,1.05,3.1578947368421053,true,true,true,49118271.503129475,750000,true,500000,500000,true
ecuador-delayed-expansion,seed-2,VAP,14,74.20517315882516,5106.4,0.9555836257309941,0.28,1429792.0000000002,1.2941176470588236,1,3.882352941176471,true,true,true,68116810.202548,750000,true,500000,500000,true
ecuador-delayed-expansion,seed-2,MASS,15,58.73420653718467,2538.3,0.7421929824561404,0.25,634575,0.7083333333333334,1,2.125,true,true,true,27434820.182952587,750000,true,0,500000,false
ecuador-delayed-expansion,seed-2,BAL,15,81.18002316080785,3732.14,0.8730152046783626,0.3,1119642,1,1,3,true,true,true,65510873.853794925,750000,true,500000,500000,true
ecuador-delayed-expansion,seed-2,JPQ,15,73.84982255319566,4467.2,0.9951991088833194,0.33,1474176,1.411764705882353,1,4.235294117647059,true,true,true,78985035.69339211,750000,true,500000,500000,true
ecuador-delayed-expansion,seed-2,CONSV,15,79.54350343566071,3617.03,0.9953986928104576,0.35,1265960.5,1.105263157894737,1.05,3.1578947368421053,true,true,true,62533624.97208912,750000,true,500000,500000,true
ecuador-delayed-expansion,seed-2,VAP,15,76.26875930611915,5319.17,0.9954002339181287,0.28,1489367.6,1.2941176470588236,1,3.882352941176471,true,true,true,78403190.7098705,750000,true,500000,500000,true
ecuador-delayed-expansion,seed-2,MASS,16,58.21015414495359,3211.89,0.9391491228070175,0.25,802972.5,0.7083333333333334,1,2.125,true,true,true,30900207.55363089,750000,true,0,500000,false
ecuador-delayed-expansion,seed-2,BAL,16,82.68562130794322,3822.16,0.894072514619883,0.3,1146648,1,1,3,true,true,true,84364609.29581253,750000,true,500000,500000,true
ecuador-delayed-expansion,seed-2,JPQ,16,75.94183674894,4466.76,0.9951010860484545,0.33,1474030.8,1.411764705882353,1,4.235294117647059,true,true,true,80835460.43521221,750000,true,500000,500000,true
ecuador-delayed-expansion,seed-2,CONSV,16,81.18002316080785,3617.03,0.9953986928104576,0.35,1265960.5,1.105263157894737,1.05,3.1578947368421053,true,true,true,78811760.88595083,750000,true,500000,500000,true
ecuador-delayed-expansion,seed-2,VAP,16,78.16725856162962,5319.17,0.9954002339181287,0.28,1489367.6,1.2941176470588236,1,3.882352941176471,true,true,true,90737754.12038907,750000,true,500000,500000,true
ecuador-delayed-expansion,seed-2,MASS,17,57.71754489625638,3141.24,0.9184912280701754,0.25,785310,0.7083333333333334,1,2.125,true,true,true,39758787.16383759,750000,true,500000,500000,true
ecuador-delayed-expansion,seed-2,BAL,17,84.07077160330776,3946.21,0.9230900584795322,0.3,1183863,1,1,3,true,true,true,102657106.39336245,750000,true,500000,500000,true
ecuador-delayed-expansion,seed-2,JPQ,17,77.8664898090248,4467.2,0.9951991088833194,0.33,1474176,1.411764705882353,1,4.235294117647059,true,true,true,90083632.64382426,750000,true,500000,500000,true
ecuador-delayed-expansion,seed-2,CONSV,17,82.68562130794322,3558.63,0.9249200779727096,0.35,1245520.5,1.105263157894737,1.05,3.1578947368421053,true,true,true,91956001.60331185,750000,true,500000,500000,true
ecuador-delayed-expansion,seed-2,VAP,17,79.91387787669925,5319.17,0.9954002339181287,0.28,1489367.6,1.2941176470588236,1,3.882352941176471,true,true,true,100989885.01135746,750000,true,500000,500000,true
ecuador-delayed-expansion,seed-2,MASS,18,61.10014130455587,3115.75,0.9110380116959065,0.25,778937.5,0.7083333333333334,1,2.125,true,true,true,30009329.89944543,750000,true,0,500000,false
ecuador-delayed-expansion,seed-2,BAL,18,85.34510987504314,3946.61,0.9231836257309942,0.3,1183983,1,1,3,true,true,true,122924613.53542022,750000,true,500000,500000,true
ecuador-delayed-expansion,seed-2,JPQ,18,79.63717062430281,4468.1,0.9953996101364523,0.33,1474473,1.411764705882353,1,4.235294117647059,true,true,true,99826892.0838745,750000,true,500000,500000,true
ecuador-delayed-expansion,seed-2,CONSV,18,84.07077160330776,3647.32,0.9479714100064978,0.35,1276562,1.105263157894737,1.05,3.1578947368421053,true,true,true,105516798.20280953,750000,true,500000,500000,true
ecuador-delayed-expansion,seed-2,VAP,18,81.5207676465633,5319.17,0.9954002339181287,0.28,1489367.6,1.2941176470588236,1,3.882352941176471,true,true,true,113165088.3828033,750000,true,500000,500000,true
ecuador-delayed-expansion,seed-2,MASS,19,60.434132826282514,3042.63,0.8896578947368421,0.25,760657.5,0.7083333333333334,1,2.125,true,true,true,41314757.161182344,750000,true,500000,500000,true
ecuador-delayed-expansion,seed-2,BAL,19,86.51750108503968,3946.61,0.9231836257309942,0.3,1183983,1,1,3,true,true,true,141759938.41671076,750000,true,500000,500000,true
ecuador-delayed-expansion,seed-2,JPQ,19,81.26619697435859,4468.1,0.9953996101364523,0.33,1474473,1.411764705882353,1,4.235294117647059,true,true,true,111381272.62499137,750000,true,500000,500000,true
ecuador-delayed-expansion,seed-2,CONSV,19,85.34510987504314,3608.39,0.937853151397011,0.35,1262936.5,1.105263157894737,1.05,3.1578947368421053,true,true,true,119039279.2388126,750000,true,500000,500000,true
ecuador-delayed-expansion,seed-2,VAP,19,82.99910623483824,5319.17,0.9954002339181287,0.28,1489367.6,1.2941176470588236,1,3.882352941176471,true,true,true,125916142.329888,750000,true,500000,500000,true
ecuador-delayed-expansion,seed-2,MASS,20,63.59940220017991,3050.99,0.8921023391812865,0.25,762747.5,0.7083333333333334,1,2.125,true,true,true,46768687.23463264,750000,true,500000,500000,true
ecuador-delayed-expansion,seed-2,BAL,20,87.59610099823651,3946.61,0.9231836257309942,0.3,1183983,1,1,3,true,true,true,162807458.8993009,750000,true,500000,500000,true
ecuador-delayed-expansion,seed-2,JPQ,20,82.76490121640991,4468.1,0.9501541733120681,0.33,1474473,1.411764705882353,1,4.235294117647059,true,true,true,126439471.19934712,750000,true,500000,500000,true
ecuador-delayed-expansion,seed-2,CONSV,20,86.51750108503968,3652.21,0.9492423651721897,0.35,1278273.5,1.105263157894737,1.05,3.1578947368421053,true,true,true,135683719.28523433,750000,true,500000,500000,true
ecuador-delayed-expansion,seed-2,VAP,20,84.35917773605118,5319.17,0.9571156095366622,0.28,1489367.6,1.2941176470588236,1,3.882352941176471,true,true,true,140494617.13109946,750000,true,500000,500000,true
ecuador-delayed-expansion,seed-2,MASS,21,66.51145002416551,3050.99,0.8921023391812865,0.25,762747.5,0.7083333333333334,1,2.125,true,true,true,41897500.57043463,750000,true,500000,500000,true
ecuador-delayed-expansion,seed-2,BAL,21,88.58841291837759,3946.61,0.9231836257309942,0.3,1183983,1,1,3,true,true,true,181873724.94723964,750000,true,500000,500000,true
ecuador-delayed-expansion,seed-2,JPQ,21,84.14370911909711,4680.87,0.9954003189792663,0.33,1544687.1,1.411764705882353,1,4.235294117647059,true,true,true,135679746.2200813,750000,true,500000,500000,true
ecuador-delayed-expansion,seed-2,CONSV,21,87.59610099823651,3681.85,0.9569460688758934,0.35,1288647.5,1.105263157894737,1.05,3.1578947368421053,true,true,true,150483601.28474513,750000,true,500000,500000,true
ecuador-delayed-expansion,seed-2,VAP,21,85.61044351716708,5530.82,0.9951992802519117,0.28,1548629.6,1.2941176470588236,1,3.882352941176471,true,true,true,150324232.16464415,750000,true,500000,500000,true
ecuador-delayed-expansion,seed-2,MASS,22,69.19053402223227,2977.94,0.8707426900584796,0.25,744485,0.7083333333333334,1,2.125,true,true,true,43482001.35510737,750000,true,500000,500000,true
ecuador-delayed-expansion,seed-2,BAL,22,89.50133988490738,3946.61,0.9231836257309942,0.3,1183983,1,1,3,true,true,true,203259176.89651063,750000,true,500000,500000,true
ecuador-delayed-expansion,seed-2,JPQ,22,85.41221238956935,4681.34,0.9955002658160553,0.33,1544842.2000000002,1.411764705882353,1,4.235294117647059,true,true,true,153449982.44792324,750000,true,500000,500000,true
ecuador-delayed-expansion,seed-2,CONSV,22,88.58841291837759,3660.56,0.9514126055880442,0.35,1281196,1.105263157894737,1.05,3.1578947368421053,true,true,true,167967926.18766898,750000,true,500000,500000,true
ecuador-delayed-expansion,seed-2,VAP,22,86.76160803579371,5531.94,0.9954008097165992,0.28,1548943.2000000002,1.2941176470588236,1,3.882352941176471,true,true,true,164735644.32163516,750000,true,500000,500000,true
ecuador-delayed-expansion,seed-2,MASS,23,71.65529130045368,2662.28,0.7784444444444445,0.25,665570,0.7083333333333334,1,2.125,true,true,true,36390146.407786764,750000,true,500000,500000,true
ecuador-delayed-expansion,seed-2,BAL,23,90.3412326941148,3946.61,0.9231836257309942,0.3,1183983,1,1,3,true,true,true,227882384.24649554,750000,true,0,500000,false
ecuador-delayed-expansion,seed-2,JPQ,23,86.5792353984038,4681.34,0.9955002658160553,0.33,1544842.2000000002,1.411764705882353,1,4.235294117647059,true,true,true,172880174.7603934,750000,true,500000,500000,true
ecuador-delayed-expansion,seed-2,CONSV,23,89.50133988490738,3621.91,0.9413671215074724,0.35,1267668.5,1.105263157894737,1.05,3.1578947368421053,true,true,true,187699377.19705546,750000,true,500000,500000,true
ecuador-delayed-expansion,seed-2,VAP,23,87.82067939293022,5531.94,0.9954008097165992,0.28,1548943.2000000002,1.2941176470588236,1,3.882352941176471,true,true,true,181928798.70773762,750000,true,500000,500000,true
ecuador-delayed-expansion,seed-2,MASS,24,73.9228679964174,3265.4,0.5455973266499582,0.25,816350,0.7083333333333334,1,2.125,true,true,true,51054286.50090939,750000,true,500000,500000,true
ecuador-delayed-expansion,seed-2,BAL,24,87.9207587324679,3946.61,0.9231836257309942,0.3,1183983,1,1,3,true,true,true,249437963.83511806,750000,true,500000,500000,true
ecuador-delayed-expansion,seed-2,JPQ,24,87.6528965665315,4681.34,0.9955002658160553,0.33,1544842.2000000002,1.411764705882353,1,4.235294117647059,true,true,true,191620306.17272133,750000,true,500000,500000,true
ecuador-delayed-expansion,seed-2,CONSV,24,90.3412326941148,3756.06,0.976233918128655,0.35,1314621,1.105263157894737,1.05,3.1578947368421053,true,true,true,204147507.782569,750000,true,0,500000,false
ecuador-delayed-expansion,seed-2,VAP,24,88.7950250414958,5531.94,0.9954008097165992,0.28,1548943.2000000002,1.2941176470588236,1,3.882352941176471,true,true,true,199624459.36026326,750000,true,500000,500000,true
ecuador-delayed-expansion,seed-2,MASS,25,76.009038556704,2486.02,0.3420736154110767,0.25,621505,0.7083333333333334,1,2.125,true,true,true,48350871.510574885,750000,true,0,500000,false
ecuador-delayed-expansion,seed-2,BAL,25,88.88709803387047,3904.37,0.9133029239766082,0.3,1171311,1,1,3,true,true,true,267523418.2421129,750000,true,500000,500000,true
ecuador-delayed-expansion,seed-2,JPQ,25,88.64066484120897,4681.34,0.9955002658160553,0.33,1544842.2000000002,1.411764705882353,1,4.235294117647059,true,true,true,213920531.4207412,750000,true,500000,500000,true
ecuador-delayed-expansion,seed-2,CONSV,25,87.9207587324679,3829.42,0.9953008447043535,0.35,1340297,1.105263157894737,1.05,3.1578947368421053,true,true,true,221125909.53074226,750000,true,500000,500000,true
ecuador-delayed-expansion,seed-2,VAP,25,89.69142303817614,5531.94,0.9954008097165992,0.28,1548943.2000000002,1.2941176470588236,1,3.882352941176471,true,true,true,216336631.37690145,750000,true,500000,500000,true
ecuador-delayed-expansion,seed-2,MASS,26,74.44849624330176,5501.16,0.6434105263157894,0.25,1375290,0.7083333333333334,1,2.125,true,true,true,61550202.01035592,750000,true,500000,500000,true
ecuador-delayed-expansion,seed-2,BAL,26,89.77613019116083,3904.37,0.9133029239766082,0.3,1171311,1,1,3,true,true,true,293154895.2707214,750000,true,500000,500000,true
ecuador-delayed-expansion,seed-2,JPQ,26,89.54941165391226,4681.34,0.9522176455631833,0.33,1544842.2000000002,1.411764705882353,1,4.235294117647059,true,true,true,234292374.71483052,750000,true,500000,500000,true
ecuador-delayed-expansion,seed-2,CONSV,26,88.88709803387047,3818.84,0.9925510071474984,0.35,1336594,1.105263157894737,1.05,3.1578947368421053,true,true,true,238016406.3787883,750000,true,500000,500000,true
ecuador-delayed-expansion,seed-2,VAP,26,90.51610919512206,5531.94,0.9585341130604288,0.28,1548943.2000000002,1.2941176470588236,1,3.882352941176471,true,true,true,233491636.48447967,750000,true,0,500000,false
ecuador-delayed-expansion,seed-2,MASS,27,76.49261654383761,4351.56,0.5089543859649124,0.25,1087890,0.7083333333333334,1,2.125,true,true,true,73884266.04056075,750000,true,500000,500000,true
ecuador-delayed-expansion,seed-2,BAL,27,90.59403977586797,3904.37,0.8698123085491506,0.3,1171311,1,1,3,true,true,true,317789048.30857795,750000,true,0,500000,false
ecuador-delayed-expansion,seed-2,JPQ,27,90.38545872159928,4892.65,0.9951995931858632,0.33,1614574.5,1.411764705882353,1,4.235294117647059,true,true,true,253154934.6109535,750000,true,0,500000,false
ecuador-delayed-expansion,seed-2,CONSV,27,89.77613019116083,3769.35,0.9796881091617934,0.35,1319272.5,1.105263157894737,1.05,3.1578947368421053,true,true,true,257102946.22841296,750000,true,500000,500000,true
ecuador-delayed-expansion,seed-2,VAP,27,88.08514264341473,5743.55,0.9952003465453758,0.28,1608194.0000000002,1.2941176470588236,1,3.882352941176471,true,true,true,249112768.36506248,750000,true,500000,500000,true
ecuador-delayed-expansion,seed-2,MASS,28,78.3732072203306,5735.07,0.6707684210526316,0.25,1433767.5,0.7083333333333334,1,2.125,true,true,true,83649665.00066479,750000,true,500000,500000,true
ecuador-delayed-expansion,seed-2,BAL,28,88.1583973893159,4071.34,0.5771880205564416,0.3,1221402,1,1,3,true,true,true,344216083.99346465,750000,true,500000,500000,true
ecuador-delayed-expansion,seed-2,JPQ,28,87.96233119830332,4893.64,0.995400966183575,0.33,1614901.2000000002,1.411764705882353,1,4.235294117647059,true,true,true,273227946.0831737,750000,true,500000,500000,true
ecuador-delayed-expansion,seed-2,CONSV,28,90.59403977586797,3766.28,0.9788901884340482,0.35,1318198,1.105263157894737,1.05,3.1578947368421053,true,true,true,279050668.5664016,750000,true,0,500000,false
ecuador-delayed-expansion,seed-2,VAP,28,89.03833123194156,5744.7,0.9953996101364522,0.28,1608516.0000000002,1.2941176470588236,1,3.882352941176471,true,true,true,267830179.75814605,750000,true,500000,500000,true
ecuador-delayed-expansion,seed-2,MASS,29,80.10335064270416,5723.620000000001,0.6694292397660819,0.25,1430905.0000000002,0.7083333333333334,1,2.125,true,true,true,84320635.63927504,750000,true,500000,500000,true
ecuador-delayed-expansion,seed-2,BAL,29,89.10572559817062,5395.48,0.647231069125806,0.3,1618644,1,1,3,true,true,true,330292923.5091285,750000,true,500000,500000,true
ecuador-delayed-expansion,seed-2,JPQ,29,88.92534470243905,4894.13,0.9955006356470888,0.33,1615062.9000000001,1.411764705882353,1,4.235294117647059,true,true,true,290644133.2973394,750000,true,500000,500000,true
ecuador-delayed-expansion,seed-2,CONSV,29,88.1583973893159,3786.96,0.9842651072124756,0.35,1325436,1.105263157894737,1.05,3.1578947368421053,true,true,true,294557415.064872,750000,true,500000,500000,true
ecuador-delayed-expansion,seed-2,VAP,29,89.91526473338624,5744.7,0.9953996101364522,0.28,1608516.0000000002,1.2941176470588236,1,3.882352941176471,true,true,true,282042147.60568064,750000,true,500000,500000,true
ecuador-delayed-expansion,seed-2,MASS,30,81.69508259128783,4336.969999999999,0.5072479532163742,0.25,1084242.4999999998,0.7083333333333334,1,2.125,true,true,true,80323388.15585701,750000,true,500000,500000,true
ecuador-delayed-expansion,seed-2,BAL,30,89.97726755031697,6302.549999999999,0.6552358674463937,0.3,1890764.9999999995,1,1,3,true,true,true,333500292.7106502,750000,true,500000,500000,true
ecuador-delayed-expansion,seed-2,JPQ,30,89.81131712624392,4894.13,0.9955006356470888,0.33,1615062.9000000001,1.411764705882353,1,4.235294117647059,true,true,true,312819519.3480219,750000,true,500000,500000,true
ecuador-delayed-expansion,seed-2,CONSV,30,89.10572559817062,3799.09,0.987417803768681,0.35,1329681.5,1.105263157894737,1.05,3.1578947368421053,true,true,true,313308286.4550414,750000,true,500000,500000,true
ecuador-delayed-expansion,seed-2,VAP,30,90.72204355471534,5744.7,0.9953996101364522,0.28,1608516.0000000002,1.2941176470588236,1,3.882352941176471,true,true,true,299231238.16641784,750000,true,0,500000,false
ecuador-delayed-expansion,seed-2,MASS,31,83.1594759839848,4367.639999999999,0.3929500674763832,0.25,1091909.9999999998,0.7083333333333334,1,2.125,true,true,true,82527737.90294309,750000,true,0,500000,false
ecuador-delayed-expansion,seed-2,BAL,31,90.7790861462916,7229.49,0.7516038986354776,0.3,2168847,1,1,3,true,true,true,327639630.1568063,750000,true,0,500000,false
ecuador-delayed-expansion,seed-2,JPQ,31,90.6264117561444,4894.13,0.9955006356470888,0.33,1615062.9000000001,1.411764705882353,1,4.235294117647059,true,true,true,331478497.89595,750000,true,0,500000,false
ecuador-delayed-expansion,seed-2,CONSV,31,89.97726755031697,3774.83,0.9811124106562703,0.35,1321190.5,1.105263157894737,1.05,3.1578947368421053,true,true,true,328034655.63452846,750000,true,500000,500000,true
ecuador-delayed-expansion,seed-2,VAP,31,88.27872094143243,5744.7,0.9953996101364522,0.28,1608516.0000000002,1.2941176470588236,1,3.882352941176471,true,true,true,316663790.50430834,750000,true,500000,500000,true
ecuador-delayed-expansion,seed-2,MASS,32,81.16990742494572,2560.17,0.2065069570477919,0.25,640042.5,0.7083333333333334,1,2.125,true,true,true,94900178.21432611,750000,true,0,500000,false
ecuador-delayed-expansion,seed-2,BAL,32,88.33234097751411,7363.26,0.7655111111111111,0.3,2208978,1,1,3,true,true,true,332533308.2105472,750000,true,500000,500000,true
ecuador-delayed-expansion,seed-2,JPQ,32,88.18882705077574,4894.13,0.9540214424951268,0.33,1615062.9000000001,1.411764705882353,1,4.235294117647059,true,true,true,353304892.5203001,750000,true,500000,500000,true
ecuador-delayed-expansion,seed-2,CONSV,32,90.7790861462916,3769.14,0.9796335282651072,0.35,1319199,1.105263157894737,1.05,3.1578947368421053,true,true,true,347298817.4333619,750000,true,0,500000,false
ecuador-delayed-expansion,seed-2,VAP,32,89.21642326611783,5744.7,0.9598496240601504,0.28,1608516.0000000002,1.2941176470588236,1,3.882352941176471,true,true,true,334217387.06118155,750000,true,500000,500000,true
ecuador-delayed-expansion,seed-3,MASS,1,50,0,0,0.25,0,0.7083333333333334,1,2.125,false,false,false,30000000,750000,true,0,0,true
ecuador-delayed-expansion,seed-3,BAL,1,50,0,0,0.3,0,1,1,3,false,false,false,30000000,750000,true,0,0,true
ecuador-delayed-expansion,seed-3,JPQ,1,50,0,0,0.33,0,1.411764705882353,1,4.235294117647059,false,false,false,25000000,750000,true,0,0,true
ecuador-delayed-expansion,seed-3,CONSV,1,50,0,0,0.35,0,1.105263157894737,1.05,3.1578947368421053,false,false,false,35000000,750000,true,0,0,true
ecuador-delayed-expansion,seed-3,VAP,1,50,0,0,0.28,0,1.2941176470588236,1,3.882352941176471,false,false,false,22000000,750000,true,0,0,true
ecuador-delayed-expansion,seed-3,MASS,2,50,2676.59,0.7826286549707603,0.25,669147.5,0.7083333333333334,1,2.125,true,true,true,14530663.532499146,750000,true,0,500000,false
ecuador-delayed-expansion,seed-3,BAL,2,50,3935.21,0.9205169590643275,0.3,1180563,1,1,3,true,true,true,41575441.369690195,750000,true,500000,500000,true
ecuador-delayed-expansion,seed-3,JPQ,2,50,2509.76,0.5870783625730994,0.33,828220.8,1.411764705882353,1,4.235294117647059,true,true,true,14494279.701722093,750000,true,0,500000,false
ecuador-delayed-expansion,seed-3,CONSV,2,50,2128.14,0.6222631578947369,0.35,744849,1.105263157894737,1.05,3.1578947368421053,true,true,true,10878104.155727632,750000,true,0,500000,false
ecuador-delayed-expansion,seed-3,VAP,2,50,5093.06,0.9927992202729046,0.28,1426056.8,1.2941176470588236,1,3.882352941176471,true,true,true,20033387.12761445,750000,true,0,500000,false
ecuador-delayed-expansion,seed-3,MASS,3,50,0,0,0.25,0,0.7083333333333334,1,2.125,false,false,false,40015350.53930351,750000,true,0,0,true
ecuador-delayed-expansion,seed-3,BAL,3,54,3739.1,0.8746432748538011,0.3,1121730,1,1,3,true,true,true,37820903.04120061,750000,true,500000,500000,true
ecuador-delayed-expansion,seed-3,JPQ,3,50,3797.33,0.8882643274853801,0.33,1253118.9000000001,1.411764705882353,1,4.235294117647059,true,true,true,31236110.354378168,750000,true,500000,500000,true
ecuador-delayed-expansion,seed-3,CONSV,3,50,2959.32,0.8652982456140351,0.35,1035761.9999999999,1.105263157894737,1.05,3.1578947368421053,true,true,true,35535252.75656626,750000,true,500000,500000,true
ecuador-delayed-expansion,seed-3,VAP,3,50,0,0,0.28,0,1.2941176470588236,1,3.882352941176471,false,false,false,21985802.322121654,750000,true,0,0,true
ecuador-delayed-expansion,seed-3,MASS,4,50,3394.35,0.9924999999999999,0.25,848587.5,0.7083333333333334,1,2.125,true,true,true,5967053.687927023,750000,true,0,500000,false
ecuador-delayed-expansion,seed-3,BAL,4,57.68,3553.57,0.8312444444444445,0.3,1066071,1,1,3,true,true,true,36718179.78092164,750000,true,500000,500000,true
ecuador-delayed-expansion,seed-3,JPQ,4,54,4070.61,0.9521894736842106,0.33,1343301.3,1.411764705882353,1,4.235294117647059,true,true,true,24269338.761885382,750000,true,0,500000,false
ecuador-delayed-expansion,seed-3,CONSV,4,54,3188.75,0.9323830409356725,0.35,1116062.5,1.105263157894737,1.05,3.1578947368421053,true,true,true,32535211.586471416,750000,true,500000,500000,true
ecuador-delayed-expansion,seed-3,VAP,4,50,4389.18,0.8555906432748539,0.28,1228970.4000000001,1.2941176470588236,1,3.882352941176471,true,true,true,15766766.983454593,750000,true,0,500000,false
ecuador-delayed-expansion,seed-3,MASS,5,50,1914.2,0.5597076023391813,0.25,478550,0.7083333333333334,1,2.125,true,true,true,38828723.49281218,750000,true,500000,500000,true
ecuador-delayed-expansion,seed-3,BAL,5,61.0656,4007.78,0.9374923976608187,0.3,1202334,1,1,3,true,true,true,42613882.083699584,750000,true,500000,500000,true
ecuador-delayed-expansion,seed-3,JPQ,5,53.76,4085.81,0.9557450292397661,0.33,1348317.3,1.411764705882353,1,4.235294117647059,true,true,true,24231724.601588275,750000,true,0,500000,false
ecuador-delayed-expansion,seed-3,CONSV,5,57.68,3390.59,0.9914005847953217,0.35,1186706.5,1.105263157894737,1.05,3.1578947368421053,true,true,true,36185911.47566257,750000,true,500000,500000,true
ecuador-delayed-expansion,seed-3,VAP,5,50,5088.96,0.992,0.28,1424908.8,1.2941176470588236,1,3.882352941176471,true,true,true,28189158.613107532,750000,true,500000,500000,true
ecuador-delayed-expansion,seed-3,MASS,6,54,3382.47,0.9890263157894736,0.25,845617.5,0.7083333333333334,1,2.125,true,true,true,0,750000,false,0,500000,false
ecuador-delayed-expansion,seed-3,BAL,6,64.180352,4195.74,0.9814596491228069,0.3,1258722,1,1,3,true,true,true,17944527.580436688,750000,true,0,500000,false
ecuador-delayed-expansion,seed-3,JPQ,6,53.5344,4239.95,0.9918011695906432,0.33,1399183.5,1.411764705882353,1,4.235294117647059,true,true,true,22377247.8657064,750000,true,0,500000,false
ecuador-delayed-expansion,seed-3,CONSV,6,61.0656,3188.75,0.9323830409356725,0.35,1116062.5,1.105263157894737,1.05,3.1578947368421053,true,true,true,34845256.88848694,750000,true,500000,500000,true
ecuador-delayed-expansion,seed-3,VAP,6,54,5090.5,0.9923001949317739,0.28,1425340.0000000002,1.2941176470588236,1,3.882352941176471,true,true,true,17418289.8178109,750000,true,0,500000,false
ecuador-delayed-expansion,seed-3,MASS,7,53.76,1965.53,0.5747163742690058,0.25,491382.5,0.7083333333333334,1,2.125,true,true,true,33301897.054928657,750000,true,500000,500000,true
ecuador-delayed-expansion,seed-3,BAL,7,63.32953088,4146.83,0.9700187134502923,0.3,1244049,1,1,3,true,true,true,29417362.470420856,750000,true,500000,500000,true
ecuador-delayed-expansion,seed-3,JPQ,7,53.322336,4247.21,0.9934994152046783,0.33,1401579.3,1.411764705882353,1,4.235294117647059,true,true,true,10720214.982154386,750000,true,0,500000,false
ecuador-delayed-expansion,seed-3,CONSV,7,64.180352,3194.86,0.9341695906432749,0.35,1118201,1.105263157894737,1.05,3.1578947368421053,true,true,true,15522942.187503979,750000,true,0,500000,false
ecuador-delayed-expansion,seed-3,VAP,7,53.76,5089.99,0.9922007797270955,0.28,1425197.2000000002,1.2941176470588236,1,3.882352941176471,true,true,true,26758367.933606327,750000,true,250000,500000,true
ecuador-delayed-expansion,seed-3,MASS,8,57.459199999999996,3320.29,0.9708450292397661,0.25,830072.5,0.7083333333333334,1,2.125,true,true,true,0,750000,false,0,500000,false
ecuador-delayed-expansion,seed-3,BAL,8,66.2631684096,3877.94,0.9071204678362573,0.3,1163382,1,1,3,true,true,true,29263421.61384618,750000,true,500000,500000,true
ecuador-delayed-expansion,seed-3,JPQ,8,53.12299584,4254.05,0.9950994152046784,0.33,1403836.5,1.411764705882353,1,4.235294117647059,true,true,true,37695855.29919768,750000,true,500000,500000,true
ecuador-delayed-expansion,seed-3,CONSV,8,63.32953088,3402.56,0.9949005847953216,0.35,1190896,1.105263157894737,1.05,3.1578947368421053,true,true,true,32198000.820073575,750000,true,500000,500000,true
ecuador-delayed-expansion,seed-3,VAP,8,55.6096,5089.99,0.9922007797270955,0.28,1425197.2000000002,1.2941176470588236,1,3.882352941176471,true,true,true,34279691.82451472,750000,true,500000,500000,true
ecuador-delayed-expansion,seed-3,MASS,9,57.011647999999994,1053.58,0.3080643274853801,0.25,263395,0.7083333333333334,1,2.125,true,true,true,34811514.90781304,750000,true,0,500000,false
ecuador-delayed-expansion,seed-3,BAL,9,68.962114936832,3994.83,0.9344631578947368,0.3,1198449,1,1,3,true,true,true,37830601.01828902,750000,true,500000,500000,true
ecuador-delayed-expansion,seed-3,JPQ,9,56.8731561728,4254.05,0.9950994152046784,0.33,1403836.5,1.411764705882353,1,4.235294117647059,true,true,true,43875080.435114816,750000,true,500000,500000,true
ecuador-delayed-expansion,seed-3,CONSV,9,66.2631684096,3257.09,0.9523654970760235,0.35,1139981.5,1.105263157894737,1.05,3.1578947368421053,true,true,true,36059748.51739311,750000,true,500000,500000,true
ecuador-delayed-expansion,seed-3,VAP,9,59.160832,5098.71,0.9939005847953216,0.28,1427638.8,1.2941176470588236,1,3.882352941176471,true,true,true,28314925.99427855,750000,true,500000,500000,true
ecuador-delayed-expansion,seed-3,MASS,10,56.59094911999999,3385.46,0.9899005847953216,0.25,846365,0.7083333333333334,1,2.125,true,true,true,0,750000,false,0,500000,false
ecuador-delayed-expansion,seed-3,BAL,10,71.44514574188544,3994.59,0.9344070175438597,0.3,1198377,1,1,3,true,true,true,45654044.71804893,750000,true,500000,500000,true
ecuador-delayed-expansion,seed-3,JPQ,10,60.323303678976,4254.91,0.9953005847953216,0.33,1404120.3,1.411764705882353,1,4.235294117647059,true,true,true,48506941.05884749,750000,true,500000,500000,true
ecuador-delayed-expansion,seed-3,CONSV,10,68.962114936832,3403.24,0.9950994152046783,0.35,1191134,1.105263157894737,1.05,3.1578947368421053,true,true,true,36235752.7958515,750000,true,500000,500000,true
ecuador-delayed-expansion,seed-3,VAP,10,62.42796544,5106.4,0.9953996101364522,0.28,1429792.0000000002,1.2941176470588236,1,3.882352941176471,true,true,true,34703313.710330985,750000,true,500000,500000,true
ecuador-delayed-expansion,seed-3,MASS,11,56.19549217279999,1514.06,0.44270760233918127,0.25,378515,0.7083333333333334,1,2.125,true,true,true,35721911.94665338,750000,true,0,500000,false
ecuador-delayed-expansion,seed-3,BAL,11,73.7295340825346,4014.17,0.938987134502924,0.3,1204251,1,1,3,true,true,true,42549951.04176721,750000,true,500000,500000,true
ecuador-delayed-expansion,seed-3,JPQ,11,63.49743938465792,4255.34,0.9954011695906433,0.33,1404262.2,1.411764705882353,1,4.235294117647059,true,true,true,52825096.40715722,750000,true,500000,500000,true
ecuador-delayed-expansion,seed-3,CONSV,11,71.44514574188544,3403.93,0.9367540419676642,0.35,1191375.5,1.105263157894737,1.05,3.1578947368421053,true,true,true,48215288.79705058,750000,true,500000,500000,true
ecuador-delayed-expansion,seed-3,VAP,11,65.4337282048,5106.4,0.9953996101364522,0.28,1429792.0000000002,1.2941176470588236,1,3.882352941176471,true,true,true,38934694.18286039,750000,true,500000,500000,true
ecuador-delayed-expansion,seed-3,MASS,12,55.82376264243199,3385.12,0.9898011695906432,0.25,846280,0.7083333333333334,1,2.125,true,true,true,22678919.957436122,750000,true,0,500000,false
ecuador-delayed-expansion,seed-3,BAL,12,75.83117135593183,3975.88,0.9300304093567252,0.3,1192764,1,1,3,true,true,true,50919813.65450283,750000,true,500000,500000,true
ecuador-delayed-expansion,seed-3,JPQ,12,66.41764423388528,4255.34,0.9954011695906433,0.33,1404262.2,1.411764705882353,1,4.235294117647059,true,true,true,47451632.16274753,750000,true,500000,500000,true
ecuador-delayed-expansion,seed-3,CONSV,12,73.7295340825346,3386.85,0.9320536635706914,0.35,1185397.5,1.105263157894737,1.05,3.1578947368421053,true,true,true,39771977.7915384,750000,true,500000,500000,true
ecuador-delayed-expansion,seed-3,VAP,12,68.19902994841601,5106.4,0.9953996101364522,0.28,1429792.0000000002,1.2941176470588236,1,3.882352941176471,true,true,true,48458702.72331229,750000,true,500000,500000,true
ecuador-delayed-expansion,seed-3,MASS,13,55.47433688388607,3393.67,0.9923011695906433,0.25,848417.5,0.7083333333333334,1,2.125,true,true,true,20788615.103502892,750000,true,0,500000,false
ecuador-delayed-expansion,seed-3,BAL,13,77.76467764745729,3891.53,0.9102994152046784,0.3,1167459,1,1,3,true,true,true,49527786.68439749,750000,true,500000,500000,true
ecuador-delayed-expansion,seed-3,JPQ,13,69.10423269517446,4255.34,0.9954011695906433,0.33,1404262.2,1.411764705882353,1,4.235294117647059,true,true,true,59579783.61266867,750000,true,500000,500000,true
ecuador-delayed-expansion,seed-3,CONSV,13,75.83117135593183,3602.54,0.9914110767113863,0.35,1260889,1.105263157894737,1.05,3.1578947368421053,true,true,true,36901706.74360667,750000,true,500000,500000,true
ecuador-delayed-expansion,seed-3,VAP,13,70.74310755254272,5106.4,0.9953996101364522,0.28,1429792.0000000002,1.2941176470588236,1,3.882352941176471,true,true,true,54027695.290751934,750000,true,500000,500000,true
ecuador-delayed-expansion,seed-3,MASS,14,55.1458766708529,2641.26,0.7722982456140352,0.25,660315,0.7083333333333334,1,2.125,true,true,true,38958706.73627799,750000,true,500000,500000,true
ecuador-delayed-expansion,seed-3,BAL,14,79.54350343566071,4061.17,0.9499812865497076,0.3,1218351,1,1,3,true,true,true,56838858.96371516,750000,true,500000,500000,true
ecuador-delayed-expansion,seed-3,JPQ,14,71.5758940795605,4255.34,0.9480011138958507,0.33,1404262.2,1.411764705882353,1,4.235294117647059,true,true,true,72910342.40235595,750000,true,500000,500000,true
ecuador-delayed-expansion,seed-3,CONSV,14,77.76467764745729,3616.67,0.9952996216030272,0.35,1265834.5,1.105263157894737,1.05,3.1578947368421053,true,true,true,46714178.552806824,750000,true,500000,500000,true
ecuador-delayed-expansion,seed-3,VAP,14,73.0836589483393,5106.4,0.9953996101364522,0.28,1429792.0000000002,1.2941176470588236,1,3.882352941176471,true,true,true,64408528.793479286,750000,true,500000,500000,true
ecuador-delayed-expansion,seed-3,MASS,15,58.73420653718467,2313.02,0.6763216374269005,0.25,578255,0.7083333333333334,1,2.125,true,true,true,25832668.490498696,750000,true,0,500000,false
ecuador-delayed-expansion,seed-3,BAL,15,81.18002316080785,3969.04,0.9284304093567252,0.3,1190712,1,1,3,true,true,true,69436009.03504378,750000,true,500000,500000,true
ecuador-delayed-expansion,seed-3,JPQ,15,73.84982255319566,4467.2,0.9951991088833194,0.33,1474176,1.411764705882353,1,4.235294117647059,true,true,true,83998839.95329437,750000,true,500000,500000,true
ecuador-delayed-expansion,seed-3,CONSV,15,79.54350343566071,3617.03,0.9953986928104576,0.35,1265960.5,1.105263157894737,1.05,3.1578947368421053,true,true,true,59253227.85372677,750000,true,500000,500000,true
ecuador-delayed-expansion,seed-3,VAP,15,75.23696623247216,5106.4,0.9953996101364522,0.28,1429792.0000000002,1.2941176470588236,1,3.882352941176471,true,true,true,76479497.2724834,750000,true,500000,500000,true
ecuador-delayed-expansion,seed-3,MASS,16,58.21015414495359,2838.91,0.8300906432748537,0.25,709727.5,0.7083333333333334,1,2.125,true,true,true,34462525.41889722,750000,true,500000,500000,true
ecuador-delayed-expansion,seed-3,BAL,16,82.68562130794322,3873.75,0.906140350877193,0.3,1162125,1,1,3,true,true,true,73964279.83822528,750000,true,500000,500000,true
ecuador-delayed-expansion,seed-3,JPQ,16,75.94183674894,4468.1,0.9953996101364523,0.33,1474473,1.411764705882353,1,4.235294117647059,true,true,true,94660007.64124346,750000,true,500000,500000,true
ecuador-delayed-expansion,seed-3,CONSV,16,81.18002316080785,3617.03,0.9953986928104576,0.35,1265960.5,1.105263157894737,1.05,3.1578947368421053,true,true,true,73621247.47710386,750000,true,500000,500000,true
ecuador-delayed-expansion,seed-3,VAP,16,77.21800893387439,5106.4,0.9953996101364522,0.28,1429792.0000000002,1.2941176470588236,1,3.882352941176471,true,true,true,88884188.66733366,750000,true,500000,500000,true
ecuador-delayed-expansion,seed-3,MASS,17,61.55334181335731,3047.5,0.8910818713450293,0.25,761875,0.7083333333333334,1,2.125,true,true,true,36326892.44817634,750000,true,500000,500000,true
ecuador-delayed-expansion,seed-3,BAL,17,84.07077160330776,3830.53,0.8960304093567252,0.3,1149159,1,1,3,true,true,true,95393257.86957812,750000,true,500000,500000,true
ecuador-delayed-expansion,seed-3,JPQ,17,77.8664898090248,4468.1,0.9953996101364523,0.33,1474473,1.411764705882353,1,4.235294117647059,true,true,true,109068603.18784729,750000,true,500000,500000,true
ecuador-delayed-expansion,seed-3,CONSV,17,82.68562130794322,3549.38,0.9225159194282001,0.35,1242283,1.105263157894737,1.05,3.1578947368421053,true,true,true,87889458.27577454,750000,true,500000,500000,true
ecuador-delayed-expansion,seed-3,VAP,17,79.04056821916444,5106.4,0.9555836257309941,0.28,1429792.0000000002,1.2941176470588236,1,3.882352941176471,true,true,true,100394956.80652149,750000,true,500000,500000,true
ecuador-delayed-expansion,seed-3,MASS,18,64.62907446828872,3047.81,0.891172514619883,0.25,761952.5,0.7083333333333334,1,2.125,true,true,true,34625590.69530497,750000,true,500000,500000,true
ecuador-delayed-expansion,seed-3,BAL,18,85.34510987504314,3884.8,0.9087251461988305,0.3,1165440,1,1,3,true,true,true,111070714.6421924,750000,true,500000,500000,true
ecuador-delayed-expansion,seed-3,JPQ,18,79.63717062430281,4468.55,0.9954998607630187,0.33,1474621.5,1.411764705882353,1,4.235294117647059,true,true,true,120146446.55932494,750000,true,500000,500000,true
ecuador-delayed-expansion,seed-3,CONSV,18,84.07077160330776,3588.86,0.9327771280051982,0.35,1256101,1.105263157894737,1.05,3.1578947368421053,true,true,true,99791958.26849426,750000,true,500000,500000,true
ecuador-delayed-expansion,seed-3,VAP,18,80.71732276163128,5319.17,0.9954002339181287,0.28,1489367.6,1.2941176470588236,1,3.882352941176471,true,true,true,109277411.18841116,750000,true,500000,500000,true
ecuador-delayed-expansion,seed-3,MASS,19,67.45874851082563,2880.94,0.8423801169590643,0.25,720235,0.7083333333333334,1,2.125,true,true,true,48119234.75345765,750000,true,500000,500000,true
ecuador-delayed-expansion,seed-3,BAL,19,86.51750108503968,3933.92,0.9202152046783626,0.3,1180176,1,1,3,true,true,true,133573955.37491986,750000,true,500000,500000,true
ecuador-delayed-expansion,seed-3,JPQ,19,81.26619697435859,4468.55,0.9954998607630187,0.33,1474621.5,1.411764705882353,1,4.235294117647059,true,true,true,137322824.45330322,750000,true,500000,500000,true
ecuador-delayed-expansion,seed-3,CONSV,19,85.34510987504314,3647.2,0.947940220922677,0.35,1276520,1.105263157894737,1.05,3.1578947368421053,true,true,true,115765905.93970564,750000,true,500000,500000,true
ecuador-delayed-expansion,seed-3,VAP,19,82.25993694070078,5319.17,0.9954002339181287,0.28,1489367.6,1.2941176470588236,1,3.882352941176471,true,true,true,121299125.79392183,750000,true,500000,500000,true
ecuador-delayed-expansion,seed-3,MASS,20,70.06204862995958,2880.94,0.8423801169590643,0.25,720235,0.7083333333333334,1,2.125,true,true,true,36790698.00235571,750000,true,500000,500000,true
ecuador-delayed-expansion,seed-3,BAL,20,87.59610099823651,3933.92,0.9202152046783626,0.3,1180176,1,1,3,true,true,true,153177124.88733345,750000,true,500000,500000,true
ecuador-delayed-expansion,seed-3,JPQ,20,82.76490121640991,4468.1,0.9501541733120681,0.33,1474473,1.411764705882353,1,4.235294117647059,true,true,true,151774519.24504238,750000,true,500000,500000,true
ecuador-delayed-expansion,seed-3,CONSV,20,86.51750108503968,3661.86,0.9517504873294347,0.35,1281651,1.105263157894737,1.05,3.1578947368421053,true,true,true,131657570.11183143,750000,true,500000,500000,true
ecuador-delayed-expansion,seed-3,VAP,20,83.67914198544472,5319.17,0.9954002339181287,0.28,1489367.6,1.2941176470588236,1,3.882352941176471,true,true,true,133963452.18536615,750000,true,500000,500000,true
ecuador-delayed-expansion,seed-3,MASS,21,72.45708473956282,2880.94,0.8423801169590643,0.25,720235,0.7083333333333334,1,2.125,true,true,true,41349366.16591884,750000,true,500000,500000,true
ecuador-delayed-expansion,seed-3,BAL,21,88.58841291837759,3933.92,0.9202152046783626,0.3,1180176,1,1,3,true,true,true,175874361.77174467,750000,true,500000,500000,true
ecuador-delayed-expansion,seed-3,JPQ,21,84.14370911909711,4679.93,0.9952004253056885,0.33,1544376.9000000001,1.411764705882353,1,4.235294117647059,true,true,true,167696043.58280423,750000,true,500000,500000,true
ecuador-delayed-expansion,seed-3,CONSV,21,87.59610099823651,3672.09,0.9544093567251463,0.35,1285231.5,1.105263157894737,1.05,3.1578947368421053,true,true,true,147758527.12015167,750000,true,500000,500000,true
ecuador-delayed-expansion,seed-3,VAP,21,84.98481062660913,5319.17,0.9954002339181287,0.28,1489367.6,1.2941176470588236,1,3.882352941176471,true,true,true,147193524.21337658,750000,true,500000,500000,true
ecuador-delayed-expansion,seed-3,MASS,22,74.6605179603978,3134.89,0.9166345029239765,0.25,783722.5,0.7083333333333334,1,2.125,true,true,true,33532403.860642195,750000,true,100000,500000,true
ecuador-delayed-expansion,seed-3,BAL,22,89.50133988490738,3933.92,0.9202152046783626,0.3,1180176,1,1,3,true,true,true,196316442.980092,750000,true,500000,500000,true
ecuador-delayed-expansion,seed-3,JPQ,22,85.41221238956935,4680.87,0.9954003189792663,0.33,1544687.1,1.411764705882353,1,4.235294117647059,true,true,true,183753394.78563744,750000,true,500000,500000,true
ecuador-delayed-expansion,seed-3,CONSV,22,88.58841291837759,3669.8,0.9538141650422353,0.35,1284430,1.105263157894737,1.05,3.1578947368421053,true,true,true,165627940.76434544,750000,true,500000,500000,true
ecuador-delayed-expansion,seed-3,VAP,22,86.1860257764804,5319.17,0.9954002339181287,0.28,1489367.6,1.2941176470588236,1,3.882352941176471,true,true,true,163535139.67918706,750000,true,500000,500000,true
ecuador-delayed-expansion,seed-3,MASS,23,75.06594967303143,3212.45,0.536750208855472,0.25,803112.5,0.7083333333333334,1,2.125,true,true,true,42574320.236653544,750000,true,500000,500000,true
ecuador-delayed-expansion,seed-3,BAL,23,90.3412326941148,3933.92,0.9202152046783626,0.3,1180176,1,1,3,true,true,true,217411388.97992316,750000,true,0,500000,false
ecuador-delayed-expansion,seed-3,JPQ,23,86.5792353984038,4680.87,0.9954003189792663,0.33,1544687.1,1.411764705882353,1,4.235294117647059,true,true,true,200316136.28571737,750000,true,500000,500000,true
ecuador-delayed-expansion,seed-3,CONSV,23,89.50133988490738,3644.62,0.9472696556205328,0.35,1275617,1.105263157894737,1.05,3.1578947368421053,true,true,true,184057124.69282278,750000,true,500000,500000,true
ecuador-delayed-expansion,seed-3,VAP,23,87.29114371436198,5319.17,0.9571156095366622,0.28,1489367.6,1.2941176470588236,1,3.882352941176471,true,true,true,181426519.06981507,750000,true,500000,500000,true
ecuador-delayed-expansion,seed-3,MASS,24,77.06067369918891,2459.6,0.33843825249398,0.25,614900,0.7083333333333334,1,2.125,true,true,true,41431135.35229625,750000,true,0,500000,false
ecuador-delayed-expansion,seed-3,BAL,24,87.9207587324679,3933.92,0.9202152046783626,0.3,1180176,1,1,3,true,true,true,236658960.6556672,750000,true,500000,500000,true
ecuador-delayed-expansion,seed-3,JPQ,24,87.6528965665315,4680.87,0.9954003189792663,0.33,1544687.1,1.411764705882353,1,4.235294117647059,true,true,true,214542069.5317361,750000,true,500000,500000,true
ecuador-delayed-expansion,seed-3,CONSV,24,90.3412326941148,3785.41,0.9838622482131254,0.35,1324893.5,1.105263157894737,1.05,3.1578947368421053,true,true,true,198518064.51483637,750000,true,0,500000,false
ecuador-delayed-expansion,seed-3,VAP,24,88.30785221721302,5530.82,0.9951992802519117,0.28,1548629.6,1.2941176470588236,1,3.882352941176471,true,true,true,195474571.6182729,750000,true,500000,500000,true
ecuador-delayed-expansion,seed-3,MASS,25,75.43703327723757,3459.8999999999996,0.4046666666666666,0.25,864974.9999999999,0.7083333333333334,1,2.125,true,true,true,61635149.805427864,750000,true,0,500000,false
ecuador-delayed-expansion,seed-3,BAL,25,88.88709803387047,3891.82,0.9103672514619884,0.3,1167546,1,1,3,true,true,true,258571931.48268172,750000,true,500000,500000,true
ecuador-delayed-expansion,seed-3,JPQ,25,88.64066484120897,4680.87,0.9954003189792663,0.33,1544687.1,1.411764705882353,1,4.235294117647059,true,true,true,232636276.70087594,750000,true,500000,500000,true
ecuador-delayed-expansion,seed-3,CONSV,25,87.9207587324679,3829.42,0.9953008447043535,0.35,1340297,1.105263157894737,1.05,3.1578947368421053,true,true,true,214618321.04930332,750000,true,500000,500000,true
ecuador-delayed-expansion,seed-3,VAP,25,89.24322403983598,5531.38,0.9953000449842555,0.28,1548786.4000000001,1.2941176470588236,1,3.882352941176471,true,true,true,208640796.08082184,750000,true,500000,500000,true
ecuador-delayed-expansion,seed-3,MASS,26,73.91081128060333,5536.1900000000005,0.6475076023391814,0.25,1384047.5000000002,0.7083333333333334,1,2.125,true,true,true,75789417.04073977,750000,true,500000,500000,true
ecuador-delayed-expansion,seed-3,BAL,26,89.77613019116083,3891.82,0.9103672514619884,0.3,1167546,1,1,3,true,true,true,281810215.683098,750000,true,500000,500000,true
ecuador-delayed-expansion,seed-3,JPQ,26,89.54941165391226,4680.87,0.9521220442410373,0.33,1544687.1,1.411764705882353,1,4.235294117647059,true,true,true,252975783.60493878,750000,true,500000,500000,true
ecuador-delayed-expansion,seed-3,CONSV,26,88.88709803387047,3810.45,0.9903703703703703,0.35,1333657.5,1.105263157894737,1.05,3.1578947368421053,true,true,true,233765077.56242064,750000,true,500000,500000,true
ecuador-delayed-expansion,seed-3,VAP,26,90.1037661166491,5531.94,0.9954008097165992,0.28,1548943.2000000002,1.2941176470588236,1,3.882352941176471,true,true,true,225182844.52913746,750000,true,0,500000,false
ecuador-delayed-expansion,seed-3,MASS,27,75.99794637815506,4081.79,0.47740233918128655,0.25,1020447.5,0.7083333333333334,1,2.125,true,true,true,64810432.94457934,750000,true,0,500000,false
ecuador-delayed-expansion,seed-3,BAL,27,90.59403977586797,3891.82,0.8670164299637985,0.3,1167546,1,1,3,true,true,true,302650413.8709822,750000,true,0,500000,false
ecuador-delayed-expansion,seed-3,JPQ,27,90.38545872159928,4892.65,0.9951995931858632,0.33,1614574.5,1.411764705882353,1,4.235294117647059,true,true,true,265619967.6371769,750000,true,0,500000,false
ecuador-delayed-expansion,seed-3,CONSV,27,89.77613019116083,3754.36,0.975792072774529,0.35,1314026,1.105263157894737,1.05,3.1578947368421053,true,true,true,252458278.45146224,750000,true,500000,500000,true
ecuador-delayed-expansion,seed-3,VAP,27,87.69754014965015,5531.94,0.9954008097165992,0.28,1548943.2000000002,1.2941176470588236,1,3.882352941176471,true,true,true,242613184.40509322,750000,true,500000,500000,true
ecuador-delayed-expansion,seed-3,MASS,28,74.43806959546576,4615.65,0.5398421052631579,0.25,1153912.5,0.7083333333333334,1,2.125,true,true,true,84586336.1341911,750000,true,500000,500000,true
ecuador-delayed-expansion,seed-3,BAL,28,88.1583973893159,4060.31,0.5756243133085238,0.3,1218093,1,1,3,true,true,true,327053235.9575426,750000,true,500000,500000,true
ecuador-delayed-expansion,seed-3,JPQ,28,87.96233119830332,4893.64,0.995400966183575,0.33,1614901.2000000002,1.411764705882353,1,4.235294117647059,true,true,true,281945732.2571366,750000,true,500000,500000,true
ecuador-delayed-expansion,seed-3,CONSV,28,90.59403977586797,3757.64,0.9766445743989604,0.35,1315174,1.105263157894737,1.05,3.1578947368421053,true,true,true,273878765.2558021,750000,true,0,500000,false
ecuador-delayed-expansion,seed-3,VAP,28,88.68173693767814,5531.94,0.9954008097165992,0.28,1548943.2000000002,1.2941176470588236,1,3.882352941176471,true,true,true,262467848.94226325,750000,true,500000,500000,true
ecuador-delayed-expansion,seed-3,MASS,29,76.4830240278285,4540.68,0.5310736842105264,0.25,1135170,0.7083333333333334,1,2.125,true,true,true,64852547.387910366,750000,true,500000,500000,true
ecuador-delayed-expansion,seed-3,BAL,29,89.10572559817062,5288.98,0.6344555405608037,0.3,1586694,1,1,3,true,true,true,316357107.80887765,750000,true,500000,500000,true
ecuador-delayed-expansion,seed-3,JPQ,29,88.92534470243905,4894.13,0.9955006356470888,0.33,1615062.9000000001,1.411764705882353,1,4.235294117647059,true,true,true,292914881.8961026,750000,true,500000,500000,true
ecuador-delayed-expansion,seed-3,CONSV,29,88.1583973893159,3782.12,0.9830071474983756,0.35,1323742,1.105263157894737,1.05,3.1578947368421053,true,true,true,289811104.63484967,750000,true,500000,500000,true
ecuador-delayed-expansion,seed-3,VAP,29,89.5871979826639,5531.38,0.958437080355209,0.28,1548786.4000000001,1.2941176470588236,1,3.882352941176471,true,true,true,279311565.01060903,750000,true,500000,500000,true
ecuador-delayed-expansion,seed-3,MASS,30,78.36438210560223,4885.280000000001,0.5713777777777779,0.25,1221320.0000000002,0.7083333333333334,1,2.125,true,true,true,78198893.20502533,750000,true,500000,500000,true
ecuador-delayed-expansion,seed-3,BAL,30,89.97726755031697,7156.77,0.744043664717349,0.3,2147031,1,1,3,true,true,true,316199912.47309107,750000,true,500000,500000,true
ecuador-delayed-expansion,seed-3,JPQ,30,89.81131712624392,4894.13,0.9955006356470888,0.33,1615062.9000000001,1.411764705882353,1,4.235294117647059,true,true,true,304068647.733993,750000,true,500000,500000,true
ecuador-delayed-expansion,seed-3,CONSV,30,89.10572559817062,3787.09,0.9842988953866147,0.35,1325481.5,1.105263157894737,1.05,3.1578947368421053,true,true,true,305474228.84378976,750000,true,500000,500000,true
ecuador-delayed-expansion,seed-3,VAP,30,90.42022214405078,5743.55,0.9952003465453758,0.28,1608194.0000000002,1.2941176470588236,1,3.882352941176471,true,true,true,293351942.03019506,750000,true,0,500000,false
ecuador-delayed-expansion,seed-3,MASS,31,80.09523153715405,6359.37,0.5721430499325236,0.25,1589842.5,0.7083333333333334,1,2.125,true,true,true,98519789.90733257,750000,true,500000,500000,true
ecuador-delayed-expansion,seed-3,BAL,31,90.7790861462916,6175.13,0.6419888239116309,0.3,1852539,1,1,3,true,true,true,295247787.6412235,750000,true,0,500000,false
ecuador-delayed-expansion,seed-3,JPQ,31,90.6264117561444,4894.13,0.9955006356470888,0.33,1615062.9000000001,1.411764705882353,1,4.235294117647059,true,true,true,312104982.84252584,750000,true,0,500000,false
ecuador-delayed-expansion,seed-3,CONSV,31,89.97726755031697,3782.61,0.9831345029239766,0.35,1323913.5,1.105263157894737,1.05,3.1578947368421053,true,true,true,320797905.1647496,750000,true,500000,500000,true
ecuador-delayed-expansion,seed-3,VAP,31,87.99500881540774,5744.7,0.9953996101364522,0.28,1608516.0000000002,1.2941176470588236,1,3.882352941176471,true,true,true,307682759.3779324,750000,true,500000,500000,true
ecuador-delayed-expansion,seed-3,MASS,32,81.68761301418172,3720.85,0.3001290582778786,0.25,930212.5,0.7083333333333334,1,2.125,true,true,true,84681357.62178208,750000,true,0,500000,false
ecuador-delayed-expansion,seed-3,BAL,32,88.33234097751411,7100.07,0.7381489278752437,0.3,2130021,1,1,3,true,true,true,306735613.1693878,750000,true,500000,500000,true
ecuador-delayed-expansion,seed-3,JPQ,32,88.18882705077574,4894.13,0.6360142949967511,0.33,1615062.9000000001,1.411764705882353,1,4.235294117647059,true,true,true,330864461.9378561,750000,true,500000,500000,true
ecuador-delayed-expansion,seed-3,CONSV,32,90.7790861462916,3781.43,0.9828278102664068,0.35,1323500.5,1.105263157894737,1.05,3.1578947368421053,true,true,true,338741517.5822783,750000,true,0,500000,false
ecuador-delayed-expansion,seed-3,VAP,32,88.95540811017513,5744.7,0.9953996101364522,0.28,1608516.0000000002,1.2941176470588236,1,3.882352941176471,true,true,true,323132164.9519603,750000,true,500000,500000,true
ecuador-delayed-expansion,seed-4,MASS,1,50,0,0,0.25,0,0.7083333333333334,1,2.125,false,false,false,30000000,750000,true,0,0,true
ecuador-delayed-expansion,seed-4,BAL,1,50,0,0,0.3,0,1,1,3,false,false,false,30000000,750000,true,0,0,true
ecuador-delayed-expansion,seed-4,JPQ,1,50,0,0,0.33,0,1.411764705882353,1,4.235294117647059,false,false,false,25000000,750000,true,0,0,true
ecuador-delayed-expansion,seed-4,CONSV,1,50,0,0,0.35,0,1.105263157894737,1.05,3.1578947368421053,false,false,false,35000000,750000,true,0,0,true
ecuador-delayed-expansion,seed-4,VAP,1,50,0,0,0.28,0,1.2941176470588236,1,3.882352941176471,false,false,false,22000000,750000,true,0,0,true
ecuador-delayed-expansion,seed-4,MASS,2,50,2676.59,0.7826286549707603,0.25,669147.5,0.7083333333333334,1,2.125,true,true,true,14530663.532499146,750000,true,0,500000,false
ecuador-delayed-expansion,seed-4,BAL,2,50,3935.21,0.9205169590643275,0.3,1180563,1,1,3,true,true,true,41575441.369690195,750000,true,500000,500000,true
ecuador-delayed-expansion,seed-4,JPQ,2,50,2509.76,0.5870783625730994,0.33,828220.8,1.411764705882353,1,4.235294117647059,true,true,true,14494279.701722093,750000,true,0,500000,false
ecuador-delayed-expansion,seed-4,CONSV,2,50,2128.14,0.6222631578947369,0.35,744849,1.105263157894737,1.05,3.1578947368421053,true,true,true,10878104.155727632,750000,true,0,500000,false
ecuador-delayed-expansion,seed-4,VAP,2,50,5093.06,0.9927992202729046,0.28,1426056.8,1.2941176470588236,1,3.882352941176471,true,true,true,20033387.12761445,750000,true,0,500000,false
ecuador-delayed-expansion,seed-4,MASS,3,50,0,0,0.25,0,0.7083333333333334,1,2.125,false,false,false,40052941.70597009,750000,true,0,0,true
ecuador-delayed-expansion,seed-4,BAL,3,54,3739.1,0.8746432748538011,0.3,1121730,1,1,3,true,true,true,37915338.44243381,750000,true,500000,500000,true
ecuador-delayed-expansion,seed-4,JPQ,3,50,3797.33,0.8882643274853801,0.33,1253118.9000000001,1.411764705882353,1,4.235294117647059,true,true,true,31335799.39962873,750000,true,500000,500000,true
ecuador-delayed-expansion,seed-4,CONSV,3,50,2959.32,0.8652982456140351,0.35,1035761.9999999999,1.105263157894737,1.05,3.1578947368421053,true,true,true,35636469.49230743,750000,true,500000,500000,true
ecuador-delayed-expansion,seed-4,VAP,3,50,0,0,0.28,0,1.2941176470588236,1,3.882352941176471,false,false,false,22053273.937445663,750000,true,0,0,true
ecuador-delayed-expansion,seed-4,MASS,4,50,3394.35,0.9924999999999999,0.25,848587.5,0.7083333333333334,1,2.125,true,true,true,6300574.176684879,750000,true,0,500000,false
ecuador-delayed-expansion,seed-4,BAL,4,57.68,3574.98,0.8362526315789474,0.3,1072494,1,1,3,true,true,true,37046192.73241996,750000,true,500000,500000,true
ecuador-delayed-expansion,seed-4,JPQ,4,54,4070.5,0.9521637426900584,0.33,1343265,1.411764705882353,1,4.235294117647059,true,true,true,24663901.274827436,750000,true,0,500000,false
ecuador-delayed-expansion,seed-4,CONSV,4,54,3188.75,0.9323830409356725,0.35,1116062.5,1.105263157894737,1.05,3.1578947368421053,true,true,true,32802062.994555224,750000,true,500000,500000,true
ecuador-delayed-expansion,seed-4,VAP,4,50,4396.44,0.8570058479532163,0.28,1231003.2000000002,1.2941176470588236,1,3.882352941176471,true,true,true,15981905.313414183,750000,true,0,500000,false
ecuador-delayed-expansion,seed-4,MASS,5,50,1943.1,0.5681578947368421,0.25,485775,0.7083333333333334,1,2.125,true,true,true,38246944.65097969,750000,true,500000,500000,true
ecuador-delayed-expansion,seed-4,BAL,5,61.0656,4014.53,0.9390713450292398,0.3,1204359,1,1,3,true,true,true,41593468.89461296,750000,true,500000,500000,true
ecuador-delayed-expansion,seed-4,JPQ,5,53.76,4086.21,0.955838596491228,0.33,1348449.3,1.411764705882353,1,4.235294117647059,true,true,true,22750915.034870375,750000,true,0,500000,false
ecuador-delayed-expansion,seed-4,CONSV,5,57.68,3390.59,0.9914005847953217,0.35,1186706.5,1.105263157894737,1.05,3.1578947368421053,true,true,true,34849251.437229864,750000,true,500000,500000,true
ecuador-delayed-expansion,seed-4,VAP,5,50,5088.96,0.992,0.28,1424908.8,1.2941176470588236,1,3.882352941176471,true,true,true,26280079.99066875,750000,true,250000,500000,true
ecuador-delayed-expansion,seed-4,MASS,6,54,3387.85,0.9905994152046783,0.25,846962.5,0.7083333333333334,1,2.125,true,true,true,0,750000,false,0,500000,false
ecuador-delayed-expansion,seed-4,BAL,6,64.180352,4190.73,0.9802877192982455,0.3,1257218.9999999998,1,1,3,true,true,true,18097771.44027317,750000,true,0,500000,false
ecuador-delayed-expansion,seed-4,JPQ,6,53.5344,4239.95,0.9918011695906432,0.33,1399183.5,1.411764705882353,1,4.235294117647059,true,true,true,24102311.435370453,750000,true,0,500000,false
ecuador-delayed-expansion,seed-4,CONSV,6,61.0656,3188.75,0.9323830409356725,0.35,1116062.5,1.105263157894737,1.05,3.1578947368421053,true,true,true,34161090.77687854,750000,true,500000,500000,true
ecuador-delayed-expansion,seed-4,VAP,6,52,5090.5,0.9923001949317739,0.28,1425340.0000000002,1.2941176470588236,1,3.882352941176471,true,true,true,17232124.06225567,750000,true,0,500000,false
ecuador-delayed-expansion,seed-4,MASS,7,53.76,1999.37,0.5846111111111111,0.25,499842.5,0.7083333333333334,1,2.125,true,true,true,34293439.98836977,750000,true,500000,500000,true
ecuador-delayed-expansion,seed-4,BAL,7,63.32953088,4142.25,0.9689473684210527,0.3,1242675,1,1,3,true,true,true,31224458.24716255,750000,true,500000,500000,true
ecuador-delayed-expansion,seed-4,JPQ,7,53.322336,4247.21,0.9934994152046783,0.33,1401579.3,1.411764705882353,1,4.235294117647059,true,true,true,12469037.693324206,750000,true,0,500000,false
ecuador-delayed-expansion,seed-4,CONSV,7,64.180352,3194.86,0.9341695906432749,0.35,1118201,1.105263157894737,1.05,3.1578947368421053,true,true,true,15290626.230983399,750000,true,0,500000,false
ecuador-delayed-expansion,seed-4,VAP,7,51.88,5089.99,0.9922007797270955,0.28,1425197.2000000002,1.2941176470588236,1,3.882352941176471,true,true,true,28639308.38971784,750000,true,500000,500000,true
ecuador-delayed-expansion,seed-4,MASS,8,57.459199999999996,3388.19,0.9906988304093567,0.25,847047.5,0.7083333333333334,1,2.125,true,true,true,0,750000,false,0,500000,false
ecuador-delayed-expansion,seed-4,BAL,8,66.2631684096,3877.41,0.9069964912280701,0.3,1163223,1,1,3,true,true,true,25669554.228665892,750000,true,0,500000,false
ecuador-delayed-expansion,seed-4,JPQ,8,53.12299584,4254.05,0.9950994152046784,0.33,1403836.5,1.411764705882353,1,4.235294117647059,true,true,true,35680631.521933,750000,true,500000,500000,true
ecuador-delayed-expansion,seed-4,CONSV,8,63.32953088,3402.56,0.9949005847953216,0.35,1190896,1.105263157894737,1.05,3.1578947368421053,true,true,true,31543684.027456935,750000,true,500000,500000,true
ecuador-delayed-expansion,seed-4,VAP,8,55.729600000000005,5089.99,0.9922007797270955,0.28,1425197.2000000002,1.2941176470588236,1,3.882352941176471,true,true,true,34839960.99031304,750000,true,500000,500000,true
ecuador-delayed-expansion,seed-4,MASS,9,57.011647999999994,1168.49,0.3416637426900585,0.25,292122.5,0.7083333333333334,1,2.125,true,true,true,33884324.88180782,750000,true,0,500000,false
ecuador-delayed-expansion,seed-4,BAL,9,65.28737830502399,4013.26,0.938774269005848,0.3,1203978,1,1,3,true,true,true,38480044.59056741,750000,true,500000,500000,true
ecuador-delayed-expansion,seed-4,JPQ,9,56.8731561728,4254.05,0.9950994152046784,0.33,1403836.5,1.411764705882353,1,4.235294117647059,true,true,true,44582305.97879573,750000,true,500000,500000,true
ecuador-delayed-expansion,seed-4,CONSV,9,66.2631684096,3178.37,0.9293479532163742,0.35,1112429.5,1.105263157894737,1.05,3.1578947368421053,true,true,true,36631789.6709093,750000,true,500000,500000,true
ecuador-delayed-expansion,seed-4,VAP,9,59.271232000000005,5089.99,0.9922007797270955,0.28,1425197.2000000002,1.2941176470588236,1,3.882352941176471,true,true,true,30285919.55923392,750000,true,500000,500000,true
ecuador-delayed-expansion,seed-4,MASS,10,56.59094911999999,3385.46,0.9899005847953216,0.25,846365,0.7083333333333334,1,2.125,true,true,true,2572816.510809429,750000,true,0,500000,false
ecuador-delayed-expansion,seed-4,BAL,10,68.06438804062208,3967.12,0.9279812865497076,0.3,1190136,1,1,3,true,true,true,40695755.28650761,750000,true,500000,500000,true
ecuador-delayed-expansion,seed-4,JPQ,10,60.323303678976,4254.91,0.9953005847953216,0.33,1404120.3,1.411764705882353,1,4.235294117647059,true,true,true,49320551.15589339,750000,true,500000,500000,true
ecuador-delayed-expansion,seed-4,CONSV,10,68.962114936832,3389.09,0.932670106639147,0.35,1186181.5,1.105263157894737,1.05,3.1578947368421053,true,true,true,36646816.96382736,750000,true,500000,500000,true
ecuador-delayed-expansion,seed-4,VAP,10,62.52953344,4617,0.9,0.28,1292760.0000000002,1.2941176470588236,1,3.882352941176471,true,true,true,38652187.17942202,750000,true,500000,500000,true
ecuador-delayed-expansion,seed-4,MASS,11,56.19549217279999,1368.92,0.4002690058479532,0.25,342230,0.7083333333333334,1,2.125,true,true,true,35927045.30834805,750000,true,0,500000,false
ecuador-delayed-expansion,seed-4,BAL,11,70.61923699737231,3893.62,0.9107883040935673,0.3,1168086,1,1,3,true,true,true,47031993.26224315,750000,true,500000,500000,true
ecuador-delayed-expansion,seed-4,JPQ,11,63.49743938465792,4255.34,0.9954011695906433,0.33,1404262.2,1.411764705882353,1,4.235294117647059,true,true,true,55036585.076585986,750000,true,500000,500000,true
ecuador-delayed-expansion,seed-4,CONSV,11,71.44514574188544,3616.31,0.9952005503955969,0.35,1265708.5,1.105263157894737,1.05,3.1578947368421053,true,true,true,47507479.25196809,750000,true,500000,500000,true
ecuador-delayed-expansion,seed-4,VAP,11,65.5271707648,5098.71,0.9939005847953216,0.28,1427638.8,1.2941176470588236,1,3.882352941176471,true,true,true,38537706.32108381,750000,true,500000,500000,true
ecuador-delayed-expansion,seed-4,MASS,12,55.82376264243199,3385.12,0.9898011695906432,0.25,846280,0.7083333333333334,1,2.125,true,true,true,24020158.00985211,750000,true,0,500000,false
ecuador-delayed-expansion,seed-4,BAL,12,72.96969803758253,3682.76,0.8614643274853802,0.3,1104828,1,1,3,true,true,true,44878364.21212691,750000,true,500000,500000,true
ecuador-delayed-expansion,seed-4,JPQ,12,66.41764423388528,4255.34,0.9954011695906433,0.33,1404262.2,1.411764705882353,1,4.235294117647059,true,true,true,50070438.4704504,750000,true,500000,500000,true
ecuador-delayed-expansion,seed-4,CONSV,12,73.7295340825346,3431.58,0.9443632610939112,0.35,1201053,1.105263157894737,1.05,3.1578947368421053,true,true,true,38023715.334291846,750000,true,500000,500000,true
ecuador-delayed-expansion,seed-4,VAP,12,68.284997103616,4617,0.9,0.28,1292760.0000000002,1.2941176470588236,1,3.882352941176471,true,true,true,48677166.43576039,750000,true,500000,500000,true
ecuador-delayed-expansion,seed-4,MASS,13,55.47433688388607,3393.67,0.9923011695906433,0.25,848417.5,0.7083333333333334,1,2.125,true,true,true,22334117.47168299,750000,true,0,500000,false
ecuador-delayed-expansion,seed-4,BAL,13,75.13212219457593,4144.24,0.969412865497076,0.3,1243272,1,1,3,true,true,true,44291542.533769906,750000,true,500000,500000,true
ecuador-delayed-expansion,seed-4,JPQ,13,69.10423269517446,4255.34,0.9954011695906433,0.33,1404262.2,1.411764705882353,1,4.235294117647059,true,true,true,62334910.81371474,750000,true,500000,500000,true
ecuador-delayed-expansion,seed-4,CONSV,13,75.83117135593183,3615.94,0.9950987272101823,0.35,1265579,1.105263157894737,1.05,3.1578947368421053,true,true,true,36902126.86908407,750000,true,500000,500000,true
ecuador-delayed-expansion,seed-4,VAP,13,70.82219733532672,5106.4,0.9953996101364522,0.28,1429792.0000000002,1.2941176470588236,1,3.882352941176471,true,true,true,52551959.254161656,750000,true,500000,500000,true
ecuador-delayed-expansion,seed-4,MASS,14,55.1458766708529,2945.08,0.8611345029239766,0.25,736270,0.7083333333333334,1,2.125,true,true,true,35297185.41571639,750000,true,500000,500000,true
ecuador-delayed-expansion,seed-4,BAL,14,77.12155241900986,4149.3,0.9705964912280702,0.3,1244790,1,1,3,true,true,true,56383096.00625935,750000,true,500000,500000,true
ecuador-delayed-expansion,seed-4,JPQ,14,71.5758940795605,4255.34,0.9954011695906433,0.33,1404262.2,1.411764705882353,1,4.235294117647059,true,true,true,74542879.00119379,750000,true,500000,500000,true
ecuador-delayed-expansion,seed-4,CONSV,14,77.76467764745729,3617.03,0.9953986928104576,0.35,1265960.5,1.105263157894737,1.05,3.1578947368421053,true,true,true,46129135.110501125,750000,true,500000,500000,true
ecuador-delayed-expansion,seed-4,VAP,14,73.15642154850059,5106.4,0.9953996101364522,0.28,1429792.0000000002,1.2941176470588236,1,3.882352941176471,true,true,true,62175629.782668725,750000,true,500000,500000,true
ecuador-delayed-expansion,seed-4,MASS,15,58.73420653718467,2420.91,0.7078684210526316,0.25,605227.5,0.7083333333333334,1,2.125,true,true,true,22540015.05940691,750000,true,0,500000,false
ecuador-delayed-expansion,seed-4,BAL,15,78.95182822548907,3897.02,0.9115836257309942,0.3,1169106,1,1,3,true,true,true,63777257.84069167,750000,true,500000,500000,true
ecuador-delayed-expansion,seed-4,JPQ,15,73.84982255319566,4255.34,0.9480011138958507,0.33,1404262.2,1.411764705882353,1,4.235294117647059,true,true,true,88564888.25582655,750000,true,500000,500000,true
ecuador-delayed-expansion,seed-4,CONSV,15,79.54350343566071,3617.03,0.9953986928104576,0.35,1265960.5,1.105263157894737,1.05,3.1578947368421053,true,true,true,60237962.00782729,750000,true,500000,500000,true
ecuador-delayed-expansion,seed-4,VAP,15,75.30390782462054,5106.4,0.9953996101364522,0.28,1429792.0000000002,1.2941176470588236,1,3.882352941176471,true,true,true,73476978.88276675,750000,true,500000,500000,true
ecuador-delayed-expansion,seed-4,MASS,16,58.21015414495359,2909.42,0.8507076023391813,0.25,727355,0.7083333333333334,1,2.125,true,true,true,34310511.89240122,750000,true,500000,500000,true
ecuador-delayed-expansion,seed-4,BAL,16,80.63568196744994,3742.29,0.8753894736842105,0.3,1122687,1,1,3,true,true,true,78542605.29568495,750000,true,500000,500000,true
ecuador-delayed-expansion,seed-4,JPQ,16,75.94183674894,4467.2,0.9951991088833194,0.33,1474176,1.411764705882353,1,4.235294117647059,true,true,true,98954552.06442152,750000,true,500000,500000,true
ecuador-delayed-expansion,seed-4,CONSV,16,81.18002316080785,3527.68,0.9168758934372969,0.35,1234688,1.105263157894737,1.05,3.1578947368421053,true,true,true,75028858.50828555,750000,true,500000,500000,true
ecuador-delayed-expansion,seed-4,VAP,16,77.2795951986509,5106.4,0.9953996101364522,0.28,1429792.0000000002,1.2941176470588236,1,3.882352941176471,true,true,true,86073003.08182381,750000,true,500000,500000,true
ecuador-delayed-expansion,seed-4,MASS,17,61.55334181335731,3186.36,0.9316842105263158,0.25,796590,0.7083333333333334,1,2.125,true,true,true,34376161.99851394,750000,true,500000,500000,true
ecuador-delayed-expansion,seed-4,BAL,17,82.18482741005394,3867.06,0.9045754385964913,0.3,1160118,1,1,3,true,true,true,93217821.4686013,750000,true,500000,500000,true
ecuador-delayed-expansion,seed-4,JPQ,17,77.8664898090248,4468.1,0.9953996101364523,0.33,1474473,1.411764705882353,1,4.235294117647059,true,true,true,109191470.0924187,750000,true,500000,500000,true
ecuador-delayed-expansion,seed-4,CONSV,17,82.68562130794322,3622.82,0.9416036387264458,0.35,1267987,1.105263157894737,1.05,3.1578947368421053,true,true,true,84852368.77708963,750000,true,500000,500000,true
ecuador-delayed-expansion,seed-4,VAP,17,79.09722758275882,5106.4,0.9555836257309941,0.28,1429792.0000000002,1.2941176470588236,1,3.882352941176471,true,true,true,95082646.29828241,750000,true,500000,500000,true
ecuador-delayed-expansion,seed-4,MASS,18,64.62907446828872,3229.1,0.9441812865497076,0.25,807275,0.7083333333333334,1,2.125,true,true,true,35420070.63159191,750000,true,500000,500000,true
ecuador-delayed-expansion,seed-4,BAL,18,83.61004121724963,3933.53,0.9201239766081872,0.3,1180059,1,1,3,true,true,true,115502055.30773848,750000,true,500000,500000,true
ecuador-delayed-expansion,seed-4,JPQ,18,79.63717062430281,4468.55,0.9954998607630187,0.33,1474621.5,1.411764705882353,1,4.235294117647059,true,true,true,122071772.53607081,750000,true,500000,500000,true
ecuador-delayed-expansion,seed-4,CONSV,18,84.07077160330776,3668.32,0.9534294996751137,0.35,1283912,1.105263157894737,1.05,3.1578947368421053,true,true,true,99871810.6628538,750000,true,500000,500000,true
ecuador-delayed-expansion,seed-4,VAP,18,80.76944937613811,5319.17,0.9954002339181287,0.28,1489367.6,1.2941176470588236,1,3.882352941176471,true,true,true,104546686.60172026,750000,true,500000,500000,true
ecuador-delayed-expansion,seed-4,MASS,19,67.45874851082563,3189.72,0.9326666666666666,0.25,797430,0.7083333333333334,1,2.125,true,true,true,45913006.410141975,750000,true,500000,500000,true
ecuador-delayed-expansion,seed-4,BAL,19,84.92123791986965,3933.92,0.9202152046783626,0.3,1180176,1,1,3,true,true,true,135894502.10976446,750000,true,500000,500000,true
ecuador-delayed-expansion,seed-4,JPQ,19,81.26619697435859,4467.65,0.9952993595098858,0.33,1474324.5,1.411764705882353,1,4.235294117647059,true,true,true,136090878.31334707,750000,true,500000,500000,true
ecuador-delayed-expansion,seed-4,CONSV,19,85.34510987504314,3607.87,0.9377179987004548,0.35,1262754.5,1.105263157894737,1.05,3.1578947368421053,true,true,true,114948953.051638,750000,true,500000,500000,true
ecuador-delayed-expansion,seed-4,VAP,19,82.30789342604706,5319.17,0.9954002339181287,0.28,1489367.6,1.2941176470588236,1,3.882352941176471,true,true,true,115792951.05901547,750000,true,500000,500000,true
ecuador-delayed-expansion,seed-4,MASS,20,70.06204862995958,3175.69,0.9285643274853801,0.25,793922.5,0.7083333333333334,1,2.125,true,true,true,34404425.75982143,750000,true,500000,500000,true
ecuador-delayed-expansion,seed-4,BAL,20,86.12753888628008,3933.92,0.9202152046783626,0.3,1180176,1,1,3,true,true,true,155500282.7713512,750000,true,500000,500000,true
ecuador-delayed-expansion,seed-4,JPQ,20,82.76490121640991,4468.1,0.9953996101364523,0.33,1474473,1.411764705882353,1,4.235294117647059,true,true,true,152005598.9476991,750000,true,500000,500000,true
ecuador-delayed-expansion,seed-4,CONSV,20,86.51750108503968,3642.27,0.9466588693957115,0.35,1274794.5,1.105263157894737,1.05,3.1578947368421053,true,true,true,131241441.45945907,750000,true,500000,500000,true
ecuador-delayed-expansion,seed-4,VAP,20,83.7232619519633,5319.17,0.9954002339181287,0.28,1489367.6,1.2941176470588236,1,3.882352941176471,true,true,true,129000150.48851135,750000,true,500000,500000,true
ecuador-delayed-expansion,seed-4,MASS,21,72.45708473956282,3169.05,0.926622807017544,0.25,792262.5,0.7083333333333334,1,2.125,true,true,true,37275207.266924985,750000,true,500000,500000,true
ecuador-delayed-expansion,seed-4,BAL,21,87.23733577537767,3933.92,0.9202152046783626,0.3,1180176,1,1,3,true,true,true,170991883.23293525,750000,true,500000,500000,true
ecuador-delayed-expansion,seed-4,JPQ,21,84.14370911909711,4468.1,0.9501541733120681,0.33,1474473,1.411764705882353,1,4.235294117647059,true,true,true,167193356.8676673,750000,true,500000,500000,true
ecuador-delayed-expansion,seed-4,CONSV,21,87.59610099823651,3679.05,0.9562183235867446,0.35,1287667.5,1.105263157894737,1.05,3.1578947368421053,true,true,true,144512397.5778316,750000,true,500000,500000,true
ecuador-delayed-expansion,seed-4,VAP,21,85.02540099580624,5319.17,0.9954002339181287,0.28,1489367.6,1.2941176470588236,1,3.882352941176471,true,true,true,139861604.2392951,750000,true,500000,500000,true
ecuador-delayed-expansion,seed-4,MASS,22,74.6605179603978,2845.33,0.83196783625731,0.25,711332.5,0.7083333333333334,1,2.125,true,true,true,30223819.068195578,750000,true,0,500000,false
ecuador-delayed-expansion,seed-4,BAL,22,88.25834891334746,3933.92,0.9202152046783626,0.3,1180176,1,1,3,true,true,true,192141091.99110743,750000,true,500000,500000,true
ecuador-delayed-expansion,seed-4,JPQ,22,85.41221238956935,4679.93,0.9952004253056885,0.33,1544376.9000000001,1.411764705882353,1,4.235294117647059,true,true,true,183110025.72529477,750000,true,500000,500000,true
ecuador-delayed-expansion,seed-4,CONSV,22,88.58841291837759,3658.69,0.9509265756985056,0.35,1280541.5,1.105263157894737,1.05,3.1578947368421053,true,true,true,161700621.6878233,750000,true,500000,500000,true
ecuador-delayed-expansion,seed-4,VAP,22,86.22336891614174,5319.17,0.9954002339181287,0.28,1489367.6,1.2941176470588236,1,3.882352941176471,true,true,true,155479377.39796597,750000,true,500000,500000,true
ecuador-delayed-expansion,seed-4,MASS,23,73.18088688277393,3284.19,0.5487368421052632,0.25,821047.5,0.7083333333333334,1,2.125,true,true,true,52215492.0468138,750000,true,500000,500000,true
ecuador-delayed-expansion,seed-4,BAL,23,89.19768100027966,3933.92,0.9202152046783626,0.3,1180176,1,1,3,true,true,true,213418970.47436908,750000,true,500000,500000,true
ecuador-delayed-expansion,seed-4,JPQ,23,86.5792353984038,4680.87,0.9954003189792663,0.33,1544687.1,1.411764705882353,1,4.235294117647059,true,true,true,197271415.36746418,750000,true,500000,500000,true
ecuador-delayed-expansion,seed-4,CONSV,23,89.50133988490738,3634.32,0.9445925925925927,0.35,1272012,1.105263157894737,1.05,3.1578947368421053,true,true,true,179150475.3410546,750000,true,500000,500000,true
ecuador-delayed-expansion,seed-4,VAP,23,87.3254994028504,5319.17,0.9571156095366622,0.28,1489367.6,1.2941176470588236,1,3.882352941176471,true,true,true,172163441.93360928,750000,true,500000,500000,true
ecuador-delayed-expansion,seed-4,MASS,24,75.32641593215202,2368.56,0.3259112487100103,0.25,592140,0.7083333333333334,1,2.125,true,true,true,41254629.64955847,750000,true,0,500000,false
ecuador-delayed-expansion,seed-4,BAL,24,90.06186652025728,3933.92,0.9202152046783626,0.3,1180176,1,1,3,true,true,true,232765954.25693217,750000,true,0,500000,false
ecuador-delayed-expansion,seed-4,JPQ,24,87.6528965665315,4680.87,0.9954003189792663,0.33,1544687.1,1.411764705882353,1,4.235294117647059,true,true,true,211111024.98793095,750000,true,500000,500000,true
ecuador-delayed-expansion,seed-4,CONSV,24,90.3412326941148,3784.03,0.9835035737491878,0.35,1324410.5,1.105263157894737,1.05,3.1578947368421053,true,true,true,194078369.08121058,750000,true,0,500000,false
ecuador-delayed-expansion,seed-4,VAP,24,88.33945945062237,5530.82,0.9951992802519117,0.28,1548629.6,1.2941176470588236,1,3.882352941176471,true,true,true,186181145.2565304,750000,true,500000,500000,true
ecuador-delayed-expansion,seed-4,MASS,25,73.8068309762229,5921.17,0.6925345029239767,0.25,1480292.5,0.7083333333333334,1,2.125,true,true,true,68365349.21220142,750000,true,500000,500000,true
ecuador-delayed-expansion,seed-4,BAL,25,87.65815452904184,3891.82,0.9103672514619884,0.3,1167546,1,1,3,true,true,true,251202695.17965358,750000,true,500000,500000,true
ecuador-delayed-expansion,seed-4,JPQ,25,88.64066484120897,4680.87,0.9954003189792663,0.33,1544687.1,1.411764705882353,1,4.235294117647059,true,true,true,229031032.46375075,750000,true,500000,500000,true
ecuador-delayed-expansion,seed-4,CONSV,25,87.9207587324679,3829.42,0.9953008447043535,0.35,1340297,1.105263157894737,1.05,3.1578947368421053,true,true,true,211119194.38652903,750000,true,500000,500000,true
ecuador-delayed-expansion,seed-4,VAP,25,89.27230269457259,5531.38,0.9953000449842555,0.28,1548786.4000000001,1.2941176470588236,1,3.882352941176471,true,true,true,200056562.82441646,750000,true,500000,500000,true
ecuador-delayed-expansion,seed-4,MASS,26,75.90228449812507,4763.21,0.5571005847953217,0.25,1190802.5,0.7083333333333334,1,2.125,true,true,true,69345138.73458245,750000,true,500000,500000,true
ecuador-delayed-expansion,seed-4,BAL,26,88.64550216671849,3891.82,0.8670164299637985,0.3,1167546,1,1,3,true,true,true,273197218.8597608,750000,true,500000,500000,true
ecuador-delayed-expansion,seed-4,JPQ,26,89.54941165391226,4680.87,0.9954003189792663,0.33,1544687.1,1.411764705882353,1,4.235294117647059,true,true,true,246766651.34925935,750000,true,500000,500000,true
ecuador-delayed-expansion,seed-4,CONSV,26,88.88709803387047,3810.62,0.9904145549057829,0.35,1333717,1.105263157894737,1.05,3.1578947368421053,true,true,true,227735683.1678356,750000,true,500000,500000,true
ecuador-delayed-expansion,seed-4,VAP,26,90.13051847900678,5531.94,0.9954008097165992,0.28,1548943.2000000002,1.2941176470588236,1,3.882352941176471,true,true,true,215068462.38203382,750000,true,0,500000,false
ecuador-delayed-expansion,seed-4,MASS,27,77.83010173827506,5788.0599999999995,0.676966081871345,0.25,1447014.9999999998,0.7083333333333334,1,2.125,true,true,true,83246195.22205889,750000,true,500000,500000,true
ecuador-delayed-expansion,seed-4,BAL,27,89.553861993381,4060.31,0.904552492341966,0.3,1218093,1,1,3,true,true,true,293942550.63617,750000,true,500000,500000,true
ecuador-delayed-expansion,seed-4,JPQ,27,90.38545872159928,4681.34,0.9522176455631833,0.33,1544842.2000000002,1.411764705882353,1,4.235294117647059,true,true,true,261684486.9987236,750000,true,0,500000,false
ecuador-delayed-expansion,seed-4,CONSV,27,89.77613019116083,3778.35,0.982027290448343,0.35,1322422.5,1.105263157894737,1.05,3.1578947368421053,true,true,true,244790259.1637355,750000,true,500000,500000,true
ecuador-delayed-expansion,seed-4,VAP,27,87.72268737026637,5531.94,0.9954008097165992,0.28,1548943.2000000002,1.2941176470588236,1,3.882352941176471,true,true,true,230618229.6526103,750000,true,500000,500000,true
ecuador-delayed-expansion,seed-4,MASS,28,79.60369359921306,5919.68,0.6923602339181287,0.25,1479920,0.7083333333333334,1,2.125,true,true,true,88408062.76786822,750000,true,500000,500000,true
ecuador-delayed-expansion,seed-4,BAL,28,90.38955303391053,4060.71,0.5756810207336523,0.3,1218213,1,1,3,true,true,true,318053634.08281136,750000,true,0,500000,false
ecuador-delayed-expansion,seed-4,JPQ,28,87.96233119830332,4892.65,0.9951995931858632,0.33,1614574.5,1.411764705882353,1,4.235294117647059,true,true,true,277056768.3783562,750000,true,500000,500000,true
ecuador-delayed-expansion,seed-4,CONSV,28,90.59403977586797,3772.67,0.9805510071474984,0.35,1320434.5,1.105263157894737,1.05,3.1578947368421053,true,true,true,265029490.1736951,750000,true,0,500000,false
ecuador-delayed-expansion,seed-4,VAP,28,88.70487238064506,5531.94,0.9954008097165992,0.28,1548943.2000000002,1.2941176470588236,1,3.882352941176471,true,true,true,249619830.65200764,750000,true,500000,500000,true
ecuador-delayed-expansion,seed-4,MASS,29,81.23539811127601,4429.64,0.5180865497076024,0.25,1107410,0.7083333333333334,1,2.125,true,true,true,69045836.11725457,750000,true,500000,500000,true
ecuador-delayed-expansion,seed-4,BAL,29,87.96617985187589,5382.69,0.6456968061178587,0.3,1614807,1,1,3,true,true,true,310163345.2360081,750000,true,500000,500000,true
ecuador-delayed-expansion,seed-4,JPQ,29,88.92534470243905,4893.64,0.995400966183575,0.33,1614901.2000000002,1.411764705882353,1,4.235294117647059,true,true,true,288465563.5044297,750000,true,500000,500000,true
ecuador-delayed-expansion,seed-4,CONSV,29,88.1583973893159,3779.96,0.9824457439896036,0.35,1322986,1.105263157894737,1.05,3.1578947368421053,true,true,true,283978721.32058376,750000,true,500000,500000,true
ecuador-delayed-expansion,seed-4,VAP,29,89.60848259019345,5531.38,0.958437080355209,0.28,1548786.4000000001,1.2941176470588236,1,3.882352941176471,true,true,true,266743617.39230412,750000,true,500000,500000,true
ecuador-delayed-expansion,seed-4,MASS,30,82.73656626237393,4372.71,0.5114280701754386,0.25,1093177.5,0.7083333333333334,1,2.125,true,true,true,85063420.36364673,750000,true,500000,500000,true
ecuador-delayed-expansion,seed-4,BAL,30,88.92888546372582,6402.13,0.6655885640025991,0.3,1920639,1,1,3,true,true,true,311538448.4970291,750000,true,500000,500000,true
ecuador-delayed-expansion,seed-4,JPQ,30,89.81131712624392,4894.13,0.9955006356470888,0.33,1615062.9000000001,1.411764705882353,1,4.235294117647059,true,true,true,299468477.69185823,750000,true,500000,500000,true
ecuador-delayed-expansion,seed-4,CONSV,30,89.10572559817062,3792.88,0.9858037686809616,0.35,1327508,1.105263157894737,1.05,3.1578947368421053,true,true,true,302473111.6599095,750000,true,500000,500000,true
ecuador-delayed-expansion,seed-4,VAP,30,90.43980398297796,5743.55,0.9952003465453758,0.28,1608194.0000000002,1.2941176470588236,1,3.882352941176471,true,true,true,281921334.834066,750000,true,0,500000,false
ecuador-delayed-expansion,seed-4,MASS,31,84.11764096138401,6159.83,0.5541907332433648,0.25,1539957.5,0.7083333333333334,1,2.125,true,true,true,107379414.38527288,750000,true,500000,500000,true
ecuador-delayed-expansion,seed-4,BAL,31,89.81457462662776,6468.49,0.6724875893437297,0.3,1940547,1,1,3,true,true,true,319659911.78527194,750000,true,500000,500000,true
ecuador-delayed-expansion,seed-4,JPQ,31,90.6264117561444,4894.13,0.9955006356470888,0.33,1615062.9000000001,1.411764705882353,1,4.235294117647059,true,true,true,308067875.29293823,750000,true,0,500000,false
ecuador-delayed-expansion,seed-4,CONSV,31,89.97726755031697,3791.32,0.9853983105912931,0.35,1326962,1.105263157894737,1.05,3.1578947368421053,true,true,true,319944254.2190906,750000,true,500000,500000,true
ecuador-delayed-expansion,seed-4,VAP,31,88.01341574399927,5744.7,0.9953996101364522,0.28,1608516.0000000002,1.2941176470588236,1,3.882352941176471,true,true,true,297997736.78519297,750000,true,500000,500000,true
ecuador-delayed-expansion,seed-4,MASS,32,85.38822968447329,3965.46,0.319859649122807,0.25,991365,0.7083333333333334,1,2.125,true,true,true,99051621.66614991,750000,true,0,500000,false
ecuador-delayed-expansion,seed-4,BAL,32,90.62940865649753,6648.71,0.6912239116309292,0.3,1994613,1,1,3,true,true,true,330228083.32862765,750000,true,0,500000,false
ecuador-delayed-expansion,seed-4,JPQ,32,88.18882705077574,4894.13,0.6541861319966583,0.33,1615062.9000000001,1.411764705882353,1,4.235294117647059,true,true,true,325329993.03847545,750000,true,500000,500000,true
ecuador-delayed-expansion,seed-4,CONSV,32,90.7790861462916,3785.45,0.9838726445743989,0.35,1324907.5,1.105263157894737,1.05,3.1578947368421053,true,true,true,336059198.1823786,750000,true,0,500000,false
ecuador-delayed-expansion,seed-4,VAP,32,88.97234248447933,5744.7,0.9953996101364522,0.28,1608516.0000000002,1.2941176470588236,1,3.882352941176471,true,true,true,313455944.26062274,750000,true,500000,500000,true
ecuador-delayed-expansion,seed-5,MASS,1,50,0,0,0.25,0,0.7083333333333334,1,2.125,false,false,false,30000000,750000,true,0,0,true
ecuador-delayed-expansion,seed-5,BAL,1,50,0,0,0.3,0,1,1,3,false,false,false,30000000,750000,true,0,0,true
ecuador-delayed-expansion,seed-5,JPQ,1,50,0,0,0.33,0,1.411764705882353,1,4.235294117647059,false,false,false,25000000,750000,true,0,0,true
ecuador-delayed-expansion,seed-5,CONSV,1,50,0,0,0.35,0,1.105263157894737,1.05,3.1578947368421053,false,false,false,35000000,750000,true,0,0,true
ecuador-delayed-expansion,seed-5,VAP,1,50,0,0,0.28,0,1.2941176470588236,1,3.882352941176471,false,false,false,22000000,750000,true,0,0,true
ecuador-delayed-expansion,seed-5,MASS,2,50,2676.59,0.7826286549707603,0.25,669147.5,0.7083333333333334,1,2.125,true,true,true,14530663.532499146,750000,true,0,500000,false
ecuador-delayed-expansion,seed-5,BAL,2,50,3935.21,0.9205169590643275,0.3,1180563,1,1,3,true,true,true,41575441.369690195,750000,true,500000,500000,true
ecuador-delayed-expansion,seed-5,JPQ,2,50,2509.76,0.5870783625730994,0.33,828220.8,1.411764705882353,1,4.235294117647059,true,true,true,14494279.701722093,750000,true,0,500000,false
ecuador-delayed-expansion,seed-5,CONSV,2,50,2128.14,0.6222631578947369,0.35,744849,1.105263157894737,1.05,3.1578947368421053,true,true,true,10878104.155727632,750000,true,0,500000,false
ecuador-delayed-expansion,seed-5,VAP,2,50,5093.06,0.9927992202729046,0.28,1426056.8,1.2941176470588236,1,3.882352941176471,true,true,true,20033387.12761445,750000,true,0,500000,false
ecuador-delayed-expansion,seed-5,MASS,3,50,0,0,0.25,0,0.7083333333333334,1,2.125,false,false,false,39775973.029774874,750000,true,0,0,true
ecuador-delayed-expansion,seed-5,BAL,3,54,3739.1,0.8746432748538011,0.3,1121730,1,1,3,true,true,true,37142015.50107847,750000,true,500000,500000,true
ecuador-delayed-expansion,seed-5,JPQ,3,50,3797.33,0.8882643274853801,0.33,1253118.9000000001,1.411764705882353,1,4.235294117647059,true,true,true,30526074.35917525,750000,true,500000,500000,true
ecuador-delayed-expansion,seed-5,CONSV,3,50,2959.32,0.8652982456140351,0.35,1035761.9999999999,1.105263157894737,1.05,3.1578947368421053,true,true,true,34888805.44228814,750000,true,500000,500000,true
ecuador-delayed-expansion,seed-5,VAP,3,50,0,0,0.28,0,1.2941176470588236,1,3.882352941176471,false,false,false,21560868.84110887,750000,true,0,0,true
ecuador-delayed-expansion,seed-5,MASS,4,50,3394.35,0.9924999999999999,0.25,848587.5,0.7083333333333334,1,2.125,true,true,true,5832333.09122888,750000,true,0,500000,false
ecuador-delayed-expansion,seed-5,BAL,4,57.68,3584.57,0.8384959064327486,0.3,1075371,1,1,3,true,true,true,36932088.15678295,750000,true,500000,500000,true
ecuador-delayed-expansion,seed-5,JPQ,4,54,4070.74,0.9522198830409356,0.33,1343344.2,1.411764705882353,1,4.235294117647059,true,true,true,25549346.22103695,750000,true,0,500000,false
ecuador-delayed-expansion,seed-5,CONSV,4,54,3188.75,0.9323830409356725,0.35,1116062.5,1.105263157894737,1.05,3.1578947368421053,true,true,true,32655852.643408414,750000,true,500000,500000,true
ecuador-delayed-expansion,seed-5,VAP,4,50,4334.68,0.8449668615984406,0.28,1213710.4000000001,1.2941176470588236,1,3.882352941176471,true,true,true,16892699.76211352,750000,true,0,500000,false
ecuador-delayed-expansion,seed-5,MASS,5,50,1901.34,0.5559473684210526,0.25,475335,0.7083333333333334,1,2.125,true,true,true,39543772.98897106,750000,true,500000,500000,true
ecuador-delayed-expansion,seed-5,BAL,5,61.0656,4017.54,0.9397754385964913,0.3,1205262,1,1,3,true,true,true,42724935.04807711,750000,true,500000,500000,true
ecuador-delayed-expansion,seed-5,JPQ,5,53.76,4087.23,0.9560771929824562,0.33,1348785.9000000001,1.411764705882353,1,4.235294117647059,true,true,true,25608667.341933887,750000,true,0,500000,false
ecuador-delayed-expansion,seed-5,CONSV,5,57.68,3390.59,0.9914005847953217,0.35,1186706.5,1.105263157894737,1.05,3.1578947368421053,true,true,true,36301444.814183995,750000,true,500000,500000,true
ecuador-delayed-expansion,seed-5,VAP,5,50,5088.96,0.992,0.28,1424908.8,1.2941176470588236,1,3.882352941176471,true,true,true,27869790.974906344,750000,true,500000,500000,true
ecuador-delayed-expansion,seed-5,MASS,6,54,3375.81,0.9870789473684211,0.25,843952.5,0.7083333333333334,1,2.125,true,true,true,0,750000,false,0,500000,false
ecuador-delayed-expansion,seed-5,BAL,6,64.180352,4188.27,0.9797122807017545,0.3,1256481,1,1,3,true,true,true,17795424.476326622,750000,true,0,500000,false
ecuador-delayed-expansion,seed-5,JPQ,6,53.5344,4239.95,0.9918011695906432,0.33,1399183.5,1.411764705882353,1,4.235294117647059,true,true,true,22297121.24274289,750000,true,0,500000,false
ecuador-delayed-expansion,seed-5,CONSV,6,61.0656,3188.75,0.9323830409356725,0.35,1116062.5,1.105263157894737,1.05,3.1578947368421053,true,true,true,34772075.99297209,750000,true,500000,500000,true
ecuador-delayed-expansion,seed-5,VAP,6,54,5090.5,0.9923001949317739,0.28,1425340.0000000002,1.2941176470588236,1,3.882352941176471,true,true,true,16752713.915775318,750000,true,0,500000,false
ecuador-delayed-expansion,seed-5,MASS,7,53.76,1991.1,0.5821929824561404,0.25,497775,0.7083333333333334,1,2.125,true,true,true,34435563.34767248,750000,true,500000,500000,true
ecuador-delayed-expansion,seed-5,BAL,7,63.32953088,3755.6,0.8785029239766081,0.3,1126680,1,1,3,true,true,true,33033223.967801526,750000,true,500000,500000,true
ecuador-delayed-expansion,seed-5,JPQ,7,53.322336,4247.21,0.9934994152046783,0.33,1401579.3,1.411764705882353,1,4.235294117647059,true,true,true,13997082.652323434,750000,true,0,500000,false
ecuador-delayed-expansion,seed-5,CONSV,7,64.180352,3194.86,0.9341695906432749,0.35,1118201,1.105263157894737,1.05,3.1578947368421053,true,true,true,17473004.47661262,750000,true,0,500000,false
ecuador-delayed-expansion,seed-5,VAP,7,53.76,5089.99,0.9922007797270955,0.28,1425197.2000000002,1.2941176470588236,1,3.882352941176471,true,true,true,29255163.865060356,750000,true,500000,500000,true
ecuador-delayed-expansion,seed-5,MASS,8,57.459199999999996,3388.19,0.9906988304093567,0.25,847047.5,0.7083333333333334,1,2.125,true,true,true,0,750000,false,0,500000,false
ecuador-delayed-expansion,seed-5,BAL,8,66.2631684096,4022.77,0.9409988304093567,0.3,1206831,1,1,3,true,true,true,26718421.568555884,750000,true,500000,500000,true
ecuador-delayed-expansion,seed-5,JPQ,8,53.12299584,4254.05,0.9950994152046784,0.33,1403836.5,1.411764705882353,1,4.235294117647059,true,true,true,36215579.65610535,750000,true,500000,500000,true
ecuador-delayed-expansion,seed-5,CONSV,8,63.32953088,3402.56,0.9949005847953216,0.35,1190896,1.105263157894737,1.05,3.1578947368421053,true,true,true,31292048.737834156,750000,true,500000,500000,true
ecuador-delayed-expansion,seed-5,VAP,8,57.459199999999996,5089.99,0.9922007797270955,0.28,1425197.2000000002,1.2941176470588236,1,3.882352941176471,true,true,true,36107645.97965321,750000,true,500000,500000,true
ecuador-delayed-expansion,seed-5,MASS,9,57.011647999999994,1337.89,0.39119590643274854,0.25,334472.5,0.7083333333333334,1,2.125,true,true,true,33605297.32847178,750000,true,0,500000,false
ecuador-delayed-expansion,seed-5,BAL,9,68.962114936832,4216.53,0.9863228070175438,0.3,1264959,1,1,3,true,true,true,34938137.98811555,750000,true,500000,500000,true
ecuador-delayed-expansion,seed-5,JPQ,9,56.8731561728,4254.05,0.9950994152046784,0.33,1403836.5,1.411764705882353,1,4.235294117647059,true,true,true,42848582.636481434,750000,true,500000,500000,true
ecuador-delayed-expansion,seed-5,CONSV,9,66.2631684096,3257.09,0.9523654970760235,0.35,1139981.5,1.105263157894737,1.05,3.1578947368421053,true,true,true,34397220.47687421,750000,true,500000,500000,true
ecuador-delayed-expansion,seed-5,VAP,9,60.862463999999996,5098.71,0.9939005847953216,0.28,1427638.8,1.2941176470588236,1,3.882352941176471,true,true,true,29796503.602186464,750000,true,500000,500000,true
ecuador-delayed-expansion,seed-5,MASS,10,56.59094911999999,3338.53,0.9761783625730994,0.25,834632.5,0.7083333333333334,1,2.125,true,true,true,4188056.0776774064,750000,true,0,500000,false
ecuador-delayed-expansion,seed-5,BAL,10,71.44514574188544,4113.49,0.9622198830409356,0.3,1234047,1,1,3,true,true,true,44816609.937296234,750000,true,500000,500000,true
ecuador-delayed-expansion,seed-5,JPQ,10,60.323303678976,4254.05,0.9950994152046784,0.33,1403836.5,1.411764705882353,1,4.235294117647059,true,true,true,51068677.32923896,750000,true,500000,500000,true
ecuador-delayed-expansion,seed-5,CONSV,10,68.962114936832,3403.24,0.9950994152046783,0.35,1191134,1.105263157894737,1.05,3.1578947368421053,true,true,true,43451472.194619544,750000,true,500000,500000,true
ecuador-delayed-expansion,seed-5,VAP,10,63.99346688,5106.4,0.9953996101364522,0.28,1429792.0000000002,1.2941176470588236,1,3.882352941176471,true,true,true,35002666.61906764,750000,true,500000,500000,true
ecuador-delayed-expansion,seed-5,MASS,11,56.19549217279999,1679.15,0.49097953216374274,0.25,419787.5,0.7083333333333334,1,2.125,true,true,true,33042462.52325378,750000,true,0,500000,false
ecuador-delayed-expansion,seed-5,BAL,11,73.7295340825346,3920.42,0.9170573099415205,0.3,1176126,1,1,3,true,true,true,40482668.32699619,750000,true,500000,500000,true
ecuador-delayed-expansion,seed-5,JPQ,11,63.49743938465792,4253.63,0.9950011695906433,0.33,1403697.9000000001,1.411764705882353,1,4.235294117647059,true,true,true,55145015.028111145,750000,true,500000,500000,true
ecuador-delayed-expansion,seed-5,CONSV,11,71.44514574188544,3403.93,0.9367540419676642,0.35,1191375.5,1.105263157894737,1.05,3.1578947368421053,true,true,true,46824281.29350367,750000,true,500000,500000,true
ecuador-delayed-expansion,seed-5,VAP,11,66.8739895296,5106.4,0.9953996101364522,0.28,1429792.0000000002,1.2941176470588236,1,3.882352941176471,true,true,true,34843566.12865642,750000,true,500000,500000,true
ecuador-delayed-expansion,seed-5,MASS,12,55.82376264243199,3385.12,0.9898011695906432,0.25,846280,0.7083333333333334,1,2.125,true,true,true,22027229.2594598,750000,true,0,500000,false
ecuador-delayed-expansion,seed-5,BAL,12,75.83117135593183,3938.55,0.9212982456140352,0.3,1181565,1,1,3,true,true,true,50027163.500996605,750000,true,500000,500000,true
ecuador-delayed-expansion,seed-5,JPQ,12,66.41764423388528,4253.63,0.9950011695906433,0.33,1403697.9000000001,1.411764705882353,1,4.235294117647059,true,true,true,54048170.42249879,750000,true,500000,500000,true
ecuador-delayed-expansion,seed-5,CONSV,12,73.7295340825346,3616.31,0.9952005503955969,0.35,1265708.5,1.105263157894737,1.05,3.1578947368421053,true,true,true,45686493.14921578,750000,true,500000,500000,true
ecuador-delayed-expansion,seed-5,VAP,12,69.524070367232,5106.4,0.9953996101364522,0.28,1429792.0000000002,1.2941176470588236,1,3.882352941176471,true,true,true,43961830.7782501,750000,true,500000,500000,true
ecuador-delayed-expansion,seed-5,MASS,13,55.47433688388607,3381.47,0.988733918128655,0.25,845367.5,0.7083333333333334,1,2.125,true,true,true,19387169.11375749,750000,true,0,500000,false
ecuador-delayed-expansion,seed-5,BAL,13,77.76467764745729,4007.79,0.9374947368421053,0.3,1202337,1,1,3,true,true,true,48169238.433016896,750000,true,500000,500000,true
ecuador-delayed-expansion,seed-5,JPQ,13,69.10423269517446,4253.63,0.9950011695906433,0.33,1403697.9000000001,1.411764705882353,1,4.235294117647059,true,true,true,66200725.45362588,750000,true,500000,500000,true
ecuador-delayed-expansion,seed-5,CONSV,13,75.83117135593183,3616.67,0.9952996216030272,0.35,1265834.5,1.105263157894737,1.05,3.1578947368421053,true,true,true,46062497.8424963,750000,true,500000,500000,true
ecuador-delayed-expansion,seed-5,VAP,13,71.96214473785344,5106.4,0.9953996101364522,0.28,1429792.0000000002,1.2941176470588236,1,3.882352941176471,true,true,true,53217521.14511979,750000,true,500000,500000,true
ecuador-delayed-expansion,seed-5,MASS,14,55.1458766708529,2578.48,0.7539415204678362,0.25,644620,0.7083333333333334,1,2.125,true,true,true,36507623.731528915,750000,true,500000,500000,true
ecuador-delayed-expansion,seed-5,BAL,14,79.54350343566071,4002.78,0.9363228070175439,0.3,1200834,1,1,3,true,true,true,59634443.216702655,750000,true,500000,500000,true
ecuador-delayed-expansion,seed-5,JPQ,14,71.5758940795605,4253.63,0.9476201615148984,0.33,1403697.9000000001,1.411764705882353,1,4.235294117647059,true,true,true,64543175.50846499,750000,true,500000,500000,true
ecuador-delayed-expansion,seed-5,CONSV,14,77.76467764745729,3616.67,0.9952996216030272,0.35,1265834.5,1.105263157894737,1.05,3.1578947368421053,true,true,true,47323858.56982988,750000,true,500000,500000,true
ecuador-delayed-expansion,seed-5,VAP,14,74.20517315882516,5106.4,0.9555836257309941,0.28,1429792.0000000002,1.2941176470588236,1,3.882352941176471,true,true,true,64072776.70030605,750000,true,500000,500000,true
ecuador-delayed-expansion,seed-5,MASS,15,58.73420653718467,2294.98,0.671046783625731,0.25,573745,0.7083333333333334,1,2.125,true,true,true,25545854.71716386,750000,true,0,500000,false
ecuador-delayed-expansion,seed-5,BAL,15,81.18002316080785,3985.39,0.9322549707602339,0.3,1195617,1,1,3,true,true,true,72003727.45531495,750000,true,500000,500000,true
ecuador-delayed-expansion,seed-5,JPQ,15,73.84982255319566,4466.76,0.9951010860484545,0.33,1474030.8,1.411764705882353,1,4.235294117647059,true,true,true,74536307.457938,750000,true,500000,500000,true
ecuador-delayed-expansion,seed-5,CONSV,15,79.54350343566071,3608.44,0.9930347437220503,0.35,1262954,1.105263157894737,1.05,3.1578947368421053,true,true,true,55764979.66466651,750000,true,500000,500000,true
ecuador-delayed-expansion,seed-5,VAP,15,76.26875930611915,5319.17,0.9954002339181287,0.28,1489367.6,1.2941176470588236,1,3.882352941176471,true,true,true,72421356.52789927,750000,true,500000,500000,true
ecuador-delayed-expansion,seed-5,MASS,16,58.21015414495359,2705.72,0.7911461988304093,0.25,676430,0.7083333333333334,1,2.125,true,true,true,35933519.368479155,750000,true,500000,500000,true
ecuador-delayed-expansion,seed-5,BAL,16,82.68562130794322,3979.25,0.9308187134502924,0.3,1193775,1,1,3,true,true,true,90293217.79002945,750000,true,500000,500000,true
ecuador-delayed-expansion,seed-5,JPQ,16,75.94183674894,4467.2,0.9951991088833194,0.33,1474176,1.411764705882353,1,4.235294117647059,true,true,true,72989317.09967938,750000,true,500000,500000,true
ecuador-delayed-expansion,seed-5,CONSV,16,81.18002316080785,3420.99,0.9414489164086687,0.35,1197346.5,1.105263157894737,1.05,3.1578947368421053,true,true,true,70599415.49856687,750000,true,500000,500000,true
ecuador-delayed-expansion,seed-5,VAP,16,78.16725856162962,5319.17,0.9954002339181287,0.28,1489367.6,1.2941176470588236,1,3.882352941176471,true,true,true,83905054.99436769,750000,true,500000,500000,true
ecuador-delayed-expansion,seed-5,MASS,17,61.55334181335731,2956.18,0.8643801169590642,0.25,739045,0.7083333333333334,1,2.125,true,true,true,34481982.05538233,750000,true,500000,500000,true
ecuador-delayed-expansion,seed-5,BAL,17,84.07077160330776,3953.74,0.924851461988304,0.3,1186122,1,1,3,true,true,true,105434486.57003689,750000,true,500000,500000,true
ecuador-delayed-expansion,seed-5,JPQ,17,77.8664898090248,4468.1,0.9953996101364523,0.33,1474473,1.411764705882353,1,4.235294117647059,true,true,true,79005815.91913594,750000,true,500000,500000,true
ecuador-delayed-expansion,seed-5,CONSV,17,82.68562130794322,3343.69,0.8690552306692658,0.35,1170291.5,1.105263157894737,1.05,3.1578947368421053,true,true,true,82279114.20835233,750000,true,500000,500000,true
ecuador-delayed-expansion,seed-5,VAP,17,79.91387787669925,5319.17,0.9954002339181287,0.28,1489367.6,1.2941176470588236,1,3.882352941176471,true,true,true,92472600.04259968,750000,true,500000,500000,true
ecuador-delayed-expansion,seed-5,MASS,18,64.62907446828872,2956.77,0.8645526315789474,0.25,739192.5,0.7083333333333334,1,2.125,true,true,true,35838381.20779675,750000,true,500000,500000,true
ecuador-delayed-expansion,seed-5,BAL,18,85.34510987504314,3991.82,0.9337590643274855,0.3,1197546,1,1,3,true,true,true,125822850.43477592,750000,true,500000,500000,true
ecuador-delayed-expansion,seed-5,JPQ,18,79.63717062430281,4468.1,0.9953996101364523,0.33,1474473,1.411764705882353,1,4.235294117647059,true,true,true,93721172.09073031,750000,true,500000,500000,true
ecuador-delayed-expansion,seed-5,CONSV,18,84.07077160330776,3637.32,0.9453723196881092,0.35,1273062,1.105263157894737,1.05,3.1578947368421053,true,true,true,96744174.01522888,750000,true,500000,500000,true
ecuador-delayed-expansion,seed-5,VAP,18,81.5207676465633,5319.17,0.9954002339181287,0.28,1489367.6,1.2941176470588236,1,3.882352941176471,true,true,true,104421756.60645309,750000,true,500000,500000,true
ecuador-delayed-expansion,seed-5,MASS,19,67.45874851082563,2745.83,0.8028742690058479,0.25,686457.5,0.7083333333333334,1,2.125,true,true,true,46155011.034501806,750000,true,500000,500000,true
ecuador-delayed-expansion,seed-5,BAL,19,86.51750108503968,3997.19,0.9350152046783626,0.3,1199157,1,1,3,true,true,true,143612470.89857328,750000,true,500000,500000,true
ecuador-delayed-expansion,seed-5,JPQ,19,81.26619697435859,4468.1,0.9953996101364523,0.33,1474473,1.411764705882353,1,4.235294117647059,true,true,true,112796937.57373089,750000,true,500000,500000,true
ecuador-delayed-expansion,seed-5,CONSV,19,85.34510987504314,3726.81,0.9686315789473684,0.35,1304383.5,1.105263157894737,1.05,3.1578947368421053,true,true,true,112056057.85742112,750000,true,500000,500000,true
ecuador-delayed-expansion,seed-5,VAP,19,82.99910623483824,5319.17,0.9954002339181287,0.28,1489367.6,1.2941176470588236,1,3.882352941176471,true,true,true,118296438.03797977,750000,true,500000,500000,true
ecuador-delayed-expansion,seed-5,MASS,20,70.06204862995958,3160.24,0.9240467836257309,0.25,790060,0.7083333333333334,1,2.125,true,true,true,35826966.38417916,750000,true,500000,500000,true
ecuador-delayed-expansion,seed-5,BAL,20,87.59610099823651,4002.43,0.9362409356725145,0.3,1200729,1,1,3,true,true,true,160465335.33368373,750000,true,500000,500000,true
ecuador-delayed-expansion,seed-5,JPQ,20,82.76490121640991,4468.55,0.9502498670919723,0.33,1474621.5,1.411764705882353,1,4.235294117647059,true,true,true,126277222.11260816,750000,true,500000,500000,true
ecuador-delayed-expansion,seed-5,CONSV,20,86.51750108503968,3677.16,0.9557270955165692,0.35,1287006,1.105263157894737,1.05,3.1578947368421053,true,true,true,127463401.85435839,750000,true,500000,500000,true
ecuador-delayed-expansion,seed-5,VAP,20,84.35917773605118,5319.17,0.9571156095366622,0.28,1489367.6,1.2941176470588236,1,3.882352941176471,true,true,true,132878545.91864136,750000,true,500000,500000,true
ecuador-delayed-expansion,seed-5,MASS,21,72.45708473956282,3161.2,0.9243274853801169,0.25,790300,0.7083333333333334,1,2.125,true,true,true,35256744.24880619,750000,true,500000,500000,true
ecuador-delayed-expansion,seed-5,BAL,21,88.58841291837759,4242.14,0.9923134502923977,0.3,1272642,1,1,3,true,true,true,173840640.39705145,750000,true,500000,500000,true
ecuador-delayed-expansion,seed-5,JPQ,21,84.14370911909711,4680.87,0.9954003189792663,0.33,1544687.1,1.411764705882353,1,4.235294117647059,true,true,true,134505783.07849497,750000,true,500000,500000,true
ecuador-delayed-expansion,seed-5,CONSV,21,87.59610099823651,3651.77,0.9491280051981806,0.35,1278119.5,1.105263157894737,1.05,3.1578947368421053,true,true,true,142055001.27407417,750000,true,500000,500000,true
ecuador-delayed-expansion,seed-5,VAP,21,85.61044351716708,5530.82,0.9951992802519117,0.28,1548629.6,1.2941176470588236,1,3.882352941176471,true,true,true,142778317.31204978,750000,true,500000,500000,true
ecuador-delayed-expansion,seed-5,MASS,22,74.6605179603978,3086.37,0.9024473684210526,0.25,771592.5,0.7083333333333334,1,2.125,true,true,true,26339034.228934474,750000,true,0,500000,false
ecuador-delayed-expansion,seed-5,BAL,22,89.50133988490738,4255.34,0.9954011695906433,0.3,1276602,1,1,3,true,true,true,197080051.67383605,750000,true,500000,500000,true
ecuador-delayed-expansion,seed-5,JPQ,22,85.41221238956935,4681.34,0.9955002658160553,0.33,1544842.2000000002,1.411764705882353,1,4.235294117647059,true,true,true,150401763.26153222,750000,true,500000,500000,true
ecuador-delayed-expansion,seed-5,CONSV,22,88.58841291837759,3628.77,0.943150097465887,0.35,1270069.5,1.105263157894737,1.05,3.1578947368421053,true,true,true,160207328.26273906,750000,true,500000,500000,true
ecuador-delayed-expansion,seed-5,VAP,22,86.76160803579371,5531.94,0.9954008097165992,0.28,1548943.2000000002,1.2941176470588236,1,3.882352941176471,true,true,true,157338943.00785923,750000,true,500000,500000,true
ecuador-delayed-expansion,seed-5,MASS,23,73.18088688277393,3130.2,0.5230075187969925,0.25,782550,0.7083333333333334,1,2.125,true,true,true,40157525.30236449,750000,true,500000,500000,true
ecuador-delayed-expansion,seed-5,BAL,23,90.3412326941148,4255.76,0.9954994152046784,0.3,1276728,1,1,3,true,true,true,219733920.45073596,750000,true,0,500000,false
ecuador-delayed-expansion,seed-5,JPQ,23,86.5792353984038,4681.34,0.9955002658160553,0.33,1544842.2000000002,1.411764705882353,1,4.235294117647059,true,true,true,169154488.32148638,750000,true,500000,500000,true
ecuador-delayed-expansion,seed-5,CONSV,23,89.50133988490738,3625.23,0.9422300194931774,0.35,1268830.5,1.105263157894737,1.05,3.1578947368421053,true,true,true,179013039.22647926,750000,true,500000,500000,true
ecuador-delayed-expansion,seed-5,VAP,23,87.82067939293022,5531.94,0.9954008097165992,0.28,1548943.2000000002,1.2941176470588236,1,3.882352941176471,true,true,true,174195501.19357893,750000,true,500000,500000,true
ecuador-delayed-expansion,seed-5,MASS,24,75.32641593215202,1917.15,0.26379772961816306,0.25,479287.5,0.7083333333333334,1,2.125,true,true,true,45559292.74874858,750000,true,0,500000,false
ecuador-delayed-expansion,seed-5,BAL,24,87.9207587324679,4246.52,0.9933380116959065,0.3,1273956,1,1,3,true,true,true,242980920.0381212,750000,true,500000,500000,true
ecuador-delayed-expansion,seed-5,JPQ,24,87.6528965665315,4681.34,0.9955002658160553,0.33,1544842.2000000002,1.411764705882353,1,4.235294117647059,true,true,true,186876998.56243604,750000,true,500000,500000,true
ecuador-delayed-expansion,seed-5,CONSV,24,90.3412326941148,3786.36,0.9841091617933724,0.35,1325226,1.105263157894737,1.05,3.1578947368421053,true,true,true,196758000.7271432,750000,true,0,500000,false
ecuador-delayed-expansion,seed-5,VAP,24,88.7950250414958,5531.94,0.9954008097165992,0.28,1548943.2000000002,1.2941176470588236,1,3.882352941176471,true,true,true,192644582.7114712,750000,true,500000,500000,true
ecuador-delayed-expansion,seed-5,MASS,25,73.8068309762229,4731.21,0.5533578947368422,0.25,1182802.5,0.7083333333333334,1,2.125,true,true,true,59455907.24109132,750000,true,500000,500000,true
ecuador-delayed-expansion,seed-5,BAL,25,88.88709803387047,4236.86,0.9910783625730993,0.3,1271058,1,1,3,true,true,true,261773289.54244563,750000,true,500000,500000,true
ecuador-delayed-expansion,seed-5,JPQ,25,88.64066484120897,4681.34,0.9955002658160553,0.33,1544842.2000000002,1.411764705882353,1,4.235294117647059,true,true,true,203319949.76928928,750000,true,500000,500000,true
ecuador-delayed-expansion,seed-5,CONSV,25,87.9207587324679,3829.42,0.9953008447043535,0.35,1340297,1.105263157894737,1.05,3.1578947368421053,true,true,true,210979461.17037958,750000,true,500000,500000,true
ecuador-delayed-expansion,seed-5,VAP,25,89.69142303817614,5531.94,0.9954008097165992,0.28,1548943.2000000002,1.2941176470588236,1,3.882352941176471,true,true,true,207843940.97476378,750000,true,500000,500000,true
ecuador-delayed-expansion,seed-5,MASS,26,75.90228449812507,4017.04,0.4698292397660819,0.25,1004260,0.7083333333333334,1,2.125,true,true,true,69030923.90502805,750000,true,0,500000,false
ecuador-delayed-expansion,seed-5,BAL,26,89.77613019116083,4255.76,0.9954994152046784,0.3,1276728,1,1,3,true,true,true,278727561.2818357,750000,true,500000,500000,true
ecuador-delayed-expansion,seed-5,JPQ,26,89.54941165391226,4681.34,0.9522176455631833,0.33,1544842.2000000002,1.411764705882353,1,4.235294117647059,true,true,true,223387544.87451023,750000,true,500000,500000,true
ecuador-delayed-expansion,seed-5,CONSV,26,88.88709803387047,3830.19,0.9955009746588694,0.35,1340566.5,1.105263157894737,1.05,3.1578947368421053,true,true,true,228610066.9829559,750000,true,500000,500000,true
ecuador-delayed-expansion,seed-5,VAP,26,90.51610919512206,5531.94,0.9585341130604288,0.28,1548943.2000000002,1.2941176470588236,1,3.882352941176471,true,true,true,224770505.4187359,750000,true,0,500000,false
ecuador-delayed-expansion,seed-5,MASS,27,74.34814742823757,5407.05,0.6324035087719299,0.25,1351762.5,0.7083333333333334,1,2.125,true,true,true,80303622.62644967,750000,true,500000,500000,true
ecuador-delayed-expansion,seed-5,BAL,27,90.59403977586797,4255.76,0.9954994152046784,0.3,1276728,1,1,3,true,true,true,291537791.977526,750000,true,0,500000,false
ecuador-delayed-expansion,seed-5,JPQ,27,90.38545872159928,4892.65,0.9951995931858632,0.33,1614574.5,1.411764705882353,1,4.235294117647059,true,true,true,243914988.3159142,750000,true,0,500000,false
ecuador-delayed-expansion,seed-5,CONSV,27,89.77613019116083,3773.33,0.980722547108512,0.35,1320665.5,1.105263157894737,1.05,3.1578947368421053,true,true,true,249525513.6614917,750000,true,500000,500000,true
ecuador-delayed-expansion,seed-5,VAP,27,88.08514264341473,5743.55,0.9952003465453758,0.28,1608194.0000000002,1.2941176470588236,1,3.882352941176471,true,true,true,242198007.47986197,750000,true,500000,500000,true
ecuador-delayed-expansion,seed-5,MASS,28,76.40029563397856,5972.08,0.6984888888888888,0.25,1493020,0.7083333333333334,1,2.125,true,true,true,76081126.1298624,750000,true,500000,500000,true
ecuador-delayed-expansion,seed-5,BAL,28,88.1583973893159,4255.76,0.9954994152046784,0.3,1276728,1,1,3,true,true,true,304996303.57155484,750000,true,500000,500000,true
ecuador-delayed-expansion,seed-5,JPQ,28,87.96233119830332,4893.14,0.9952992626493772,0.33,1614736.2000000002,1.411764705882353,1,4.235294117647059,true,true,true,259771866.7620356,750000,true,500000,500000,true
ecuador-delayed-expansion,seed-5,CONSV,28,90.59403977586797,3759.6,0.9771539961013646,0.35,1315860,1.105263157894737,1.05,3.1578947368421053,true,true,true,268718840.77310705,750000,true,0,500000,false
ecuador-delayed-expansion,seed-5,VAP,28,89.03833123194156,5744.7,0.9953996101364522,0.28,1608516.0000000002,1.2941176470588236,1,3.882352941176471,true,true,true,258616996.1005136,750000,true,500000,500000,true
ecuador-delayed-expansion,seed-5,MASS,29,78.28827198326027,4763.77,0.5571660818713451,0.25,1190942.5,0.7083333333333334,1,2.125,true,true,true,78227748.0312131,750000,true,500000,500000,true
ecuador-delayed-expansion,seed-5,BAL,29,89.10572559817062,3946.21,0.5769312865497076,0.3,1183863,1,1,3,true,true,true,323679870.22148585,750000,true,500000,500000,true
ecuador-delayed-expansion,seed-5,JPQ,29,88.92534470243905,4893.64,0.995400966183575,0.33,1614901.2000000002,1.411764705882353,1,4.235294117647059,true,true,true,279654729.11146396,750000,true,500000,500000,true
ecuador-delayed-expansion,seed-5,CONSV,29,88.1583973893159,3789.99,0.9850526315789473,0.35,1326496.5,1.105263157894737,1.05,3.1578947368421053,true,true,true,288339210.15004975,750000,true,500000,500000,true
ecuador-delayed-expansion,seed-5,VAP,29,89.91526473338624,5744.7,0.9953996101364522,0.28,1608516.0000000002,1.2941176470588236,1,3.882352941176471,true,true,true,275463450.0382571,750000,true,500000,500000,true
ecuador-delayed-expansion,seed-5,MASS,30,80.02521022459945,4734.610000000001,0.5537555555555557,0.25,1183652.5000000002,0.7083333333333334,1,2.125,true,true,true,73944504.22194818,750000,true,500000,500000,true
ecuador-delayed-expansion,seed-5,BAL,30,89.97726755031697,5013.7,0.6172606955986457,0.3,1504110,1,1,3,true,true,true,319232184.2083574,750000,true,500000,500000,true
ecuador-delayed-expansion,seed-5,JPQ,30,89.81131712624392,4894.13,0.9955006356470888,0.33,1615062.9000000001,1.411764705882353,1,4.235294117647059,true,true,true,296877246.4746455,750000,true,500000,500000,true
ecuador-delayed-expansion,seed-5,CONSV,30,89.10572559817062,3785.02,0.9837608836907082,0.35,1324757,1.105263157894737,1.05,3.1578947368421053,true,true,true,303974033.6237488,750000,true,500000,500000,true
ecuador-delayed-expansion,seed-5,VAP,30,90.72204355471534,5744.7,0.9953996101364522,0.28,1608516.0000000002,1.2941176470588236,1,3.882352941176471,true,true,true,292213790.5668575,750000,true,0,500000,false
ecuador-delayed-expansion,seed-5,MASS,31,81.62319340663149,6321.77,0.5687602339181287,0.25,1580442.5,0.7083333333333334,1,2.125,true,true,true,89920559.32227787,750000,true,500000,500000,true
ecuador-delayed-expansion,seed-5,BAL,31,90.7790861462916,6054.77,0.6437820308346625,0.3,1816431,1,1,3,true,true,true,321311039.0879134,750000,true,0,500000,false
ecuador-delayed-expansion,seed-5,JPQ,31,90.6264117561444,4894.13,0.9955006356470888,0.33,1615062.9000000001,1.411764705882353,1,4.235294117647059,true,true,true,317299860.09130144,750000,true,0,500000,false
ecuador-delayed-expansion,seed-5,CONSV,31,89.97726755031697,3767.59,0.979230669265757,0.35,1318656.5,1.105263157894737,1.05,3.1578947368421053,true,true,true,322204055.9749571,750000,true,500000,500000,true
ecuador-delayed-expansion,seed-5,VAP,31,88.27872094143243,5744.7,0.9953996101364522,0.28,1608516.0000000002,1.2941176470588236,1,3.882352941176471,true,true,true,309723843.71547264,750000,true,500000,500000,true
ecuador-delayed-expansion,seed-5,MASS,32,83.09333793410097,3749.5200000000004,0.3024416212946159,0.25,937380.0000000001,0.7083333333333334,1,2.125,true,true,true,94714012.19551317,750000,true,0,500000,false
ecuador-delayed-expansion,seed-5,BAL,32,88.33234097751411,6077.860000000001,0.6462371079213185,0.3,1823358.0000000002,1,1,3,true,true,true,332054595.9325512,750000,true,500000,500000,true
ecuador-delayed-expansion,seed-5,JPQ,32,88.18882705077574,4894.13,0.9540214424951268,0.33,1615062.9000000001,1.411764705882353,1,4.235294117647059,true,true,true,338744732.18425375,750000,true,500000,500000,true
ecuador-delayed-expansion,seed-5,CONSV,32,90.7790861462916,3770.58,0.9800077972709551,0.35,1319703,1.105263157894737,1.05,3.1578947368421053,true,true,true,339847243.42264646,750000,true,0,500000,false
ecuador-delayed-expansion,seed-5,VAP,32,89.21642326611783,5744.7,0.9598496240601504,0.28,1608516.0000000002,1.2941176470588236,1,3.882352941176471,true,true,true,328194706.9143084,750000,true,500000,500000,true
global-demand-boom,seed-1,MASS,1,50,0,0,0.25,0,0.7083333333333334,1,2.125,false,false,false,30000000,750000,true,0,0,true
global-demand-boom,seed-1,BAL,1,50,0,0,0.3,0,1,1,3,false,false,false,30000000,750000,true,0,0,true
global-demand-boom,seed-1,JPQ,1,50,0,0,0.33,0,1.411764705882353,1,4.235294117647059,false,false,false,25000000,750000,true,0,0,true
global-demand-boom,seed-1,CONSV,1,50,0,0,0.35,0,1.105263157894737,1.05,3.1578947368421053,false,false,false,35000000,750000,true,0,0,true
global-demand-boom,seed-1,VAP,1,50,0,0,0.28,0,1.2941176470588236,1,3.882352941176471,false,false,false,22000000,750000,true,0,0,true
global-demand-boom,seed-1,MASS,2,50,2676.59,0.7826286549707603,0.25,669147.5,0.7083333333333334,1,2.125,true,true,true,15468454.740360655,750000,true,0,500000,false
global-demand-boom,seed-1,BAL,2,50,3935.21,0.9205169590643275,0.3,1180563,1,1,3,true,true,true,41575441.369690195,750000,true,500000,500000,true
global-demand-boom,seed-1,JPQ,2,50,2509.76,0.5870783625730994,0.33,828220.8,1.411764705882353,1,4.235294117647059,true,true,true,14494279.701722093,750000,true,0,500000,false
global-demand-boom,seed-1,CONSV,2,50,2128.14,0.6222631578947369,0.35,744849,1.105263157894737,1.05,3.1578947368421053,true,true,true,10878104.155727632,750000,true,0,500000,false
global-demand-boom,seed-1,VAP,2,50,5093.06,0.9927992202729046,0.28,1426056.8,1.2941176470588236,1,3.882352941176471,true,true,true,20033387.12761445,750000,true,0,500000,false
global-demand-boom,seed-1,MASS,3,50,0,0,0.25,0,0.7083333333333334,1,2.125,false,false,false,35523139.57186068,750000,true,0,0,true
global-demand-boom,seed-1,BAL,3,54,3739.1,0.8746432748538011,0.3,1121730,1,1,3,true,true,true,37422672.6389957,750000,true,500000,500000,true
global-demand-boom,seed-1,JPQ,3,50,3450.73,0.8071883040935672,0.33,1138740.9000000001,1.411764705882353,1,4.235294117647059,true,true,true,31114341.7962787,750000,true,500000,500000,true
global-demand-boom,seed-1,CONSV,3,50,2959.32,0.8652982456140351,0.35,1035761.9999999999,1.105263157894737,1.05,3.1578947368421053,true,true,true,35146953.880332366,750000,true,500000,500000,true
global-demand-boom,seed-1,VAP,3,50,0,0,0.28,0,1.2941176470588236,1,3.882352941176471,false,false,false,21730445.849545855,750000,true,0,0,true
global-demand-boom,seed-1,MASS,4,50,3394.35,0.9924999999999999,0.25,848587.5,0.7083333333333334,1,2.125,true,true,true,2854324.869325433,750000,true,0,500000,false
global-demand-boom,seed-1,BAL,4,57.68,3550.18,0.8304514619883041,0.3,1065054,1,1,3,true,true,true,36858716.764230296,750000,true,500000,500000,true
global-demand-boom,seed-1,JPQ,4,54,3827.9,0.8954152046783626,0.33,1263207,1.411764705882353,1,4.235294117647059,true,true,true,25803755.35318448,750000,true,0,500000,false
global-demand-boom,seed-1,CONSV,4,54,3188.75,0.9323830409356725,0.35,1116062.5,1.105263157894737,1.05,3.1578947368421053,true,true,true,32639802.865283746,750000,true,500000,500000,true
global-demand-boom,seed-1,VAP,4,50,4356.02,0.8491267056530215,0.28,1219685.6,1.2941176470588236,1,3.882352941176471,true,true,true,16460799.046748282,750000,true,0,500000,false
global-demand-boom,seed-1,MASS,5,50,1697.58,0.49636842105263157,0.25,424395,0.7083333333333334,1,2.125,true,true,true,39768196.72688933,750000,true,0,500000,false
global-demand-boom,seed-1,BAL,5,61.0656,4006.74,0.9372491228070174,0.3,1202022,1,1,3,true,true,true,41314220.81321089,750000,true,500000,500000,true
global-demand-boom,seed-1,JPQ,5,53.76,4238.66,0.9914994152046783,0.33,1398757.8,1.411764705882353,1,4.235294117647059,true,true,true,21681026.60766605,750000,true,0,500000,false
global-demand-boom,seed-1,CONSV,5,57.68,3390.59,0.9914005847953217,0.35,1186706.5,1.105263157894737,1.05,3.1578947368421053,true,true,true,34613352.775794074,750000,true,500000,500000,true
global-demand-boom,seed-1,VAP,5,50,5088.96,0.992,0.28,1424908.8,1.2941176470588236,1,3.882352941176471,true,true,true,26632070.025031246,750000,true,250000,500000,true
global-demand-boom,seed-1,MASS,6,50,3267.15,0.9553070175438597,0.25,816787.5,0.7083333333333334,1,2.125,true,true,true,0,750000,false,0,500000,false
global-demand-boom,seed-1,BAL,6,64.180352,4196.62,0.9816654970760234,0.3,1258986,1,1,3,true,true,true,16567350.38142708,750000,true,0,500000,false
global-demand-boom,seed-1,JPQ,6,53.5344,4239.52,0.9917005847953217,0.33,1399041.6,1.411764705882353,1,4.235294117647059,true,true,true,22763663.30722539,750000,true,0,500000,false
global-demand-boom,seed-1,CONSV,6,61.0656,3188.75,0.9323830409356725,0.35,1116062.5,1.105263157894737,1.05,3.1578947368421053,true,true,true,32953048.607297502,750000,true,500000,500000,true
global-demand-boom,seed-1,VAP,6,52,5090.5,0.9923001949317739,0.28,1425340.0000000002,1.2941176470588236,1,3.882352941176471,true,true,true,16376614.570189917,750000,true,0,500000,false
global-demand-boom,seed-1,MASS,7,50,1624.9,0.4751169590643275,0.25,406225,0.7083333333333334,1,2.125,true,true,true,28138726.242960647,750000,true,0,500000,false
global-demand-boom,seed-1,BAL,7,63.32953088,4147.51,0.9701777777777778,0.3,1244253,1,1,3,true,true,true,32714426.34533117,750000,true,500000,500000,true
global-demand-boom,seed-1,JPQ,7,53.322336,4246.79,0.9934011695906433,0.33,1401440.7,1.411764705882353,1,4.235294117647059,true,true,true,14556473.280437551,750000,true,0,500000,false
global-demand-boom,seed-1,CONSV,7,64.180352,3194.86,0.9341695906432749,0.35,1118201,1.105263157894737,1.05,3.1578947368421053,true,true,true,14002729.41879291,750000,true,0,500000,false
global-demand-boom,seed-1,VAP,7,51.88,5089.99,0.9922007797270955,0.28,1425197.2000000002,1.2941176470588236,1,3.882352941176471,true,true,true,29945063.12858463,750000,true,500000,500000,true
global-demand-boom,seed-1,MASS,8,50,2560.52,0.7486900584795322,0.25,640130,0.7083333333333334,1,2.125,true,true,true,0,750000,false,0,500000,false
global-demand-boom,seed-1,BAL,8,66.2631684096,3877.99,0.90713216374269,0.3,1163397,1,1,3,true,true,true,30674203.551765222,750000,true,500000,500000,true
global-demand-boom,seed-1,JPQ,8,53.12299584,4254.05,0.9950994152046784,0.33,1403836.5,1.411764705882353,1,4.235294117647059,true,true,true,38765037.05550359,750000,true,500000,500000,true
global-demand-boom,seed-1,CONSV,8,63.32953088,3402.56,0.9949005847953216,0.35,1190896,1.105263157894737,1.05,3.1578947368421053,true,true,true,35477959.93964745,750000,true,500000,500000,true
global-demand-boom,seed-1,VAP,8,55.729600000000005,5089.99,0.9922007797270955,0.28,1425197.2000000002,1.2941176470588236,1,3.882352941176471,true,true,true,38412781.96127268,750000,true,500000,500000,true
global-demand-boom,seed-1,MASS,9,50,1779.43,0.5203011695906433,0.25,444857.5,0.7083333333333334,1,2.125,true,true,true,25589150.360102344,750000,true,0,500000,false
global-demand-boom,seed-1,BAL,9,68.962114936832,4040.09,0.9450502923976608,0.3,1212027,1,1,3,true,true,true,40126427.06900968,750000,true,500000,500000,true
global-demand-boom,seed-1,JPQ,9,56.8731561728,4254.05,0.9950994152046784,0.33,1403836.5,1.411764705882353,1,4.235294117647059,true,true,true,47228125.54241226,750000,true,500000,500000,true
global-demand-boom,seed-1,CONSV,9,66.2631684096,3178.37,0.9293479532163742,0.35,1112429.5,1.105263157894737,1.05,3.1578947368421053,true,true,true,41067035.95217104,750000,true,500000,500000,true
global-demand-boom,seed-1,VAP,9,59.271232000000005,5089.99,0.9922007797270955,0.28,1425197.2000000002,1.2941176470588236,1,3.882352941176471,true,true,true,34142357.11458968,750000,true,500000,500000,true
global-demand-boom,seed-1,MASS,10,50,2488.4,0.7276023391812866,0.25,622100,0.7083333333333334,1,2.125,true,true,true,3.725290298461914e-9,750000,false,0,500000,false
global-demand-boom,seed-1,BAL,10,71.44514574188544,4021.09,0.9406058479532164,0.3,1206327,1,1,3,true,true,true,54161524.64537282,750000,true,500000,500000,true
global-demand-boom,seed-1,JPQ,10,60.323303678976,4254.91,0.9953005847953216,0.33,1404120.3,1.411764705882353,1,4.235294117647059,true,true,true,51942390.7169123,750000,true,500000,500000,true
global-demand-boom,seed-1,CONSV,10,68.962114936832,3389.09,0.932670106639147,0.35,1186181.5,1.105263157894737,1.05,3.1578947368421053,true,true,true,43374664.5865902,750000,true,500000,500000,true
global-demand-boom,seed-1,VAP,10,62.52953344,5089.99,0.9922007797270955,0.28,1425197.2000000002,1.2941176470588236,1,3.882352941176471,true,true,true,43537510.8507488,750000,true,500000,500000,true
global-demand-boom,seed-1,MASS,11,50,1738.27,0.508266081871345,0.25,434567.5,0.7083333333333334,1,2.125,true,true,true,27032384.06971414,750000,true,0,500000,false
global-demand-boom,seed-1,BAL,11,73.7295340825346,4029.87,0.942659649122807,0.3,1208961,1,1,3,true,true,true,52567844.81013399,750000,true,500000,500000,true
global-demand-boom,seed-1,JPQ,11,63.49743938465792,4255.34,0.9954011695906433,0.33,1404262.2,1.411764705882353,1,4.235294117647059,true,true,true,59223758.88084951,750000,true,500000,500000,true
global-demand-boom,seed-1,CONSV,11,71.44514574188544,3616.31,0.9952005503955969,0.35,1265708.5,1.105263157894737,1.05,3.1578947368421053,true,true,true,57193165.948259294,750000,true,500000,500000,true
global-demand-boom,seed-1,VAP,11,65.5271707648,5098.71,0.9939005847953216,0.28,1427638.8,1.2941176470588236,1,3.882352941176471,true,true,true,44901704.638931096,750000,true,500000,500000,true
global-demand-boom,seed-1,MASS,12,50,2563.57,0.7495818713450293,0.25,640892.5,0.7083333333333334,1,2.125,true,true,true,-3.725290298461914e-9,750000,false,0,500000,false
global-demand-boom,seed-1,BAL,12,75.83117135593183,4003.28,0.9364397660818714,0.3,1200984,1,1,3,true,true,true,68038104.97646278,750000,true,500000,500000,true
global-demand-boom,seed-1,JPQ,12,66.41764423388528,4255.34,0.9954011695906433,0.33,1404262.2,1.411764705882353,1,4.235294117647059,true,true,true,63710063.89550626,750000,true,500000,500000,true
global-demand-boom,seed-1,CONSV,12,73.7295340825346,3615.94,0.9950987272101823,0.35,1265579,1.105263157894737,1.05,3.1578947368421053,true,true,true,50658266.052676894,750000,true,500000,500000,true
global-demand-boom,seed-1,VAP,12,68.284997103616,5106.4,0.9953996101364522,0.28,1429792.0000000002,1.2941176470588236,1,3.882352941176471,true,true,true,61270150.49025373,750000,true,500000,500000,true
global-demand-boom,seed-1,MASS,13,50,2144.09,0.6269269005847954,0.25,536022.5,0.7083333333333334,1,2.125,true,true,true,22356682.154468585,750000,true,0,500000,false
global-demand-boom,seed-1,BAL,13,77.76467764745729,3990.81,0.9335228070175439,0.3,1197243,1,1,3,true,true,true,65800525.512164496,750000,true,500000,500000,true
global-demand-boom,seed-1,JPQ,13,69.10423269517446,4255.34,0.9954011695906433,0.33,1404262.2,1.411764705882353,1,4.235294117647059,true,true,true,78376051.00066878,750000,true,500000,500000,true
global-demand-boom,seed-1,CONSV,13,75.83117135593183,3616.31,0.9952005503955969,0.35,1265708.5,1.105263157894737,1.05,3.1578947368421053,true,true,true,51056983.56674209,750000,true,500000,500000,true
global-demand-boom,seed-1,VAP,13,70.82219733532672,5106.4,0.9953996101364522,0.28,1429792.0000000002,1.2941176470588236,1,3.882352941176471,true,true,true,75220458.04471828,750000,true,500000,500000,true
global-demand-boom,seed-1,MASS,14,50,2601.39,0.760640350877193,0.25,650347.5,0.7083333333333334,1,2.125,true,true,true,16417043.815299751,750000,true,0,500000,false
global-demand-boom,seed-1,BAL,14,79.54350343566071,3997.21,0.9350198830409356,0.3,1199163,1,1,3,true,true,true,84978742.95388289,750000,true,500000,500000,true
global-demand-boom,seed-1,JPQ,14,71.5758940795605,4255.34,0.9480011138958507,0.33,1404262.2,1.411764705882353,1,4.235294117647059,true,true,true,95962081.12690473,750000,true,500000,500000,true
global-demand-boom,seed-1,CONSV,14,77.76467764745729,3616.67,0.9952996216030272,0.35,1265834.5,1.105263157894737,1.05,3.1578947368421053,true,true,true,63892342.47889918,750000,true,500000,500000,true
global-demand-boom,seed-1,VAP,14,73.15642154850059,5106.4,0.9555836257309941,0.28,1429792.0000000002,1.2941176470588236,1,3.882352941176471,true,true,true,91633957.21869117,750000,true,500000,500000,true
global-demand-boom,seed-1,MASS,15,50,2763.49,0.8080380116959064,0.25,690872.5,0.7083333333333334,1,2.125,true,true,true,21857825.185870204,750000,true,0,500000,false
global-demand-boom,seed-1,BAL,15,81.18002316080785,4003.41,0.9364701754385965,0.3,1201023,1,1,3,true,true,true,105669335.72081426,750000,true,500000,500000,true
global-demand-boom,seed-1,JPQ,15,73.84982255319566,4467.2,0.9951991088833194,0.33,1474176,1.411764705882353,1,4.235294117647059,true,true,true,111213513.83479387,750000,true,500000,500000,true
global-demand-boom,seed-1,CONSV,15,79.54350343566071,3617.03,0.9953986928104576,0.35,1265960.5,1.105263157894737,1.05,3.1578947368421053,true,true,true,82835019.3825516,750000,true,500000,500000,true
global-demand-boom,seed-1,VAP,15,75.30390782462054,5319.17,0.9954002339181287,0.28,1489367.6,1.2941176470588236,1,3.882352941176471,true,true,true,107213277.22061892,750000,true,500000,500000,true
global-demand-boom,seed-1,MASS,16,50,3325.27,0.9723011695906433,0.25,831317.5,0.7083333333333334,1,2.125,true,true,true,33950866.23450631,750000,true,0,500000,false
global-demand-boom,seed-1,BAL,16,82.68562130794322,3999.76,0.9356163742690059,0.3,1199928,1,1,3,true,true,true,126385509.93013024,750000,true,500000,500000,true
global-demand-boom,seed-1,JPQ,16,75.94183674894,4468.1,0.9953996101364523,0.33,1474473,1.411764705882353,1,4.235294117647059,true,true,true,129666939.32478309,750000,true,500000,500000,true
global-demand-boom,seed-1,CONSV,16,81.18002316080785,3617.03,0.9400987654320988,0.35,1265960.5,1.105263157894737,1.05,3.1578947368421053,true,true,true,106190576.22637951,750000,true,500000,500000,true
global-demand-boom,seed-1,VAP,16,77.2795951986509,5319.17,0.9954002339181287,0.28,1489367.6,1.2941176470588236,1,3.882352941176471,true,true,true,125718141.37591717,750000,true,500000,500000,true
global-demand-boom,seed-1,MASS,17,50,3394.01,0.9924005847953217,0.25,848502.5,0.7083333333333334,1,2.125,true,true,true,33509983.877204794,750000,true,0,500000,false
global-demand-boom,seed-1,BAL,17,84.07077160330776,3998.75,0.9353801169590643,0.3,1199625,1,1,3,true,true,true,151423899.48928326,750000,true,500000,500000,true
global-demand-boom,seed-1,JPQ,17,77.8664898090248,4468.55,0.9954998607630187,0.33,1474621.5,1.411764705882353,1,4.235294117647059,true,true,true,149138525.8790381,750000,true,500000,500000,true
global-demand-boom,seed-1,CONSV,17,82.68562130794322,3712.8,0.9649902534113061,0.35,1299480,1.105263157894737,1.05,3.1578947368421053,true,true,true,128069908.6335247,750000,true,500000,500000,true
global-demand-boom,seed-1,VAP,17,79.09722758275882,5319.17,0.9954002339181287,0.28,1489367.6,1.2941176470588236,1,3.882352941176471,true,true,true,144931393.72866273,750000,true,500000,500000,true
global-demand-boom,seed-1,MASS,18,50,3393.67,0.9923011695906433,0.25,848417.5,0.7083333333333334,1,2.125,true,true,true,47847999.500557505,750000,true,500000,500000,true
global-demand-boom,seed-1,BAL,18,85.34510987504314,3999.64,0.9355883040935672,0.3,1199892,1,1,3,true,true,true,175763713.48730654,750000,true,500000,500000,true
global-demand-boom,seed-1,JPQ,18,79.63717062430281,4468.55,0.9954998607630187,0.33,1474621.5,1.411764705882353,1,4.235294117647059,true,true,true,168852422.84952793,750000,true,500000,500000,true
global-demand-boom,seed-1,CONSV,18,84.07077160330776,3700.56,0.9618089668615984,0.35,1295196,1.105263157894737,1.05,3.1578947368421053,true,true,true,149915723.5728779,750000,true,500000,500000,true
global-demand-boom,seed-1,VAP,18,80.76944937613811,5319.17,0.9954002339181287,0.28,1489367.6,1.2941176470588236,1,3.882352941176471,true,true,true,165220726.31072342,750000,true,500000,500000,true
global-demand-boom,seed-1,MASS,19,54,3393.67,0.9923011695906433,0.25,848417.5,0.7083333333333334,1,2.125,true,true,true,45208657.77494186,750000,true,500000,500000,true
global-demand-boom,seed-1,BAL,19,86.51750108503968,4006.76,0.9372538011695907,0.3,1202028,1,1,3,true,true,true,201024271.86129004,750000,true,500000,500000,true
global-demand-boom,seed-1,JPQ,19,81.26619697435859,4468.55,0.9954998607630187,0.33,1474621.5,1.411764705882353,1,4.235294117647059,true,true,true,189226627.56939617,750000,true,500000,500000,true
global-demand-boom,seed-1,CONSV,19,85.34510987504314,3663.74,0.9522391163092917,0.35,1282309,1.105263157894737,1.05,3.1578947368421053,true,true,true,171341889.54427522,750000,true,500000,500000,true
global-demand-boom,seed-1,VAP,19,82.30789342604706,5319.17,0.9954002339181287,0.28,1489367.6,1.2941176470588236,1,3.882352941176471,true,true,true,186287559.10270846,750000,true,500000,500000,true
global-demand-boom,seed-1,MASS,20,57.68,2723.84,0.7964444444444445,0.25,680960,0.7083333333333334,1,2.125,true,true,true,38611496.75770079,750000,true,0,500000,false
global-demand-boom,seed-1,BAL,20,87.59610099823651,4008.98,0.9377730994152047,0.3,1202694,1,1,3,true,true,true,227985337.70569047,750000,true,500000,500000,true
global-demand-boom,seed-1,JPQ,20,82.76490121640991,4467.65,0.9500584795321637,0.33,1474324.5,1.411764705882353,1,4.235294117647059,true,true,true,213130807.12464154,750000,true,500000,500000,true
global-demand-boom,seed-1,CONSV,20,86.51750108503968,3653.75,0.9496426250812215,0.35,1278812.5,1.105263157894737,1.05,3.1578947368421053,true,true,true,195848272.22973788,750000,true,500000,500000,true
global-demand-boom,seed-1,VAP,20,83.7232619519633,5319.17,0.9571156095366622,0.28,1489367.6,1.2941176470588236,1,3.882352941176471,true,true,true,208892817.52330273,750000,true,500000,500000,true
global-demand-boom,seed-1,MASS,21,57.2192,2862.39,0.8369561403508772,0.25,715597.5,0.7083333333333334,1,2.125,true,true,true,38784626.64455568,750000,true,0,500000,false
global-demand-boom,seed-1,BAL,21,88.58841291837759,4238.86,0.9915461988304093,0.3,1271658,1,1,3,true,true,true,243786991.2509707,750000,true,500000,500000,true
global-demand-boom,seed-1,JPQ,21,84.14370911909711,4679.93,0.9952004253056885,0.33,1544376.9000000001,1.411764705882353,1,4.235294117647059,true,true,true,229253495.0875033,750000,true,500000,500000,true
global-demand-boom,seed-1,CONSV,21,87.59610099823651,3663.06,0.9520623781676413,0.35,1282071,1.105263157894737,1.05,3.1578947368421053,true,true,true,215409070.81309706,750000,true,500000,500000,true
global-demand-boom,seed-1,VAP,21,85.02540099580624,5530.82,0.9951992802519117,0.28,1548629.6,1.2941176470588236,1,3.882352941176471,true,true,true,224809050.0322006,750000,true,500000,500000,true
global-demand-boom,seed-1,MASS,22,56.786048,3144.13,0.9193362573099415,0.25,786032.5,0.7083333333333334,1,2.125,true,true,true,54408065.34286158,750000,true,500000,500000,true
global-demand-boom,seed-1,BAL,22,89.50133988490738,4255.34,0.9954011695906433,0.3,1276602,1,1,3,true,true,true,279605860.69132316,750000,true,500000,500000,true
global-demand-boom,seed-1,JPQ,22,85.41221238956935,4680.4,0.9953003721424774,0.33,1544532,1.411764705882353,1,4.235294117647059,true,true,true,256165383.245878,750000,true,500000,500000,true
global-demand-boom,seed-1,CONSV,22,88.58841291837759,3669.83,0.9538219623131904,0.35,1284440.5,1.105263157894737,1.05,3.1578947368421053,true,true,true,243107535.37799212,750000,true,500000,500000,true
global-demand-boom,seed-1,VAP,22,86.22336891614174,5531.94,0.9954008097165992,0.28,1548943.2000000002,1.2941176470588236,1,3.882352941176471,true,true,true,248209594.8773308,750000,true,500000,500000,true
global-demand-boom,seed-1,MASS,23,60.24316416,3158.52,0.9235438596491228,0.25,789630,0.7083333333333334,1,2.125,true,true,true,56224084.04120188,750000,true,500000,500000,true
global-demand-boom,seed-1,BAL,23,90.3412326941148,4255.76,0.9954994152046784,0.3,1276728,1,1,3,true,true,true,307743807.6261072,750000,true,0,500000,false
global-demand-boom,seed-1,JPQ,23,86.5792353984038,4681.34,0.9955002658160553,0.33,1544842.2000000002,1.411764705882353,1,4.235294117647059,true,true,true,279982815.24813926,750000,true,500000,500000,true
global-demand-boom,seed-1,CONSV,23,89.50133988490738,3664.98,0.9525614035087719,0.35,1282743,1.105263157894737,1.05,3.1578947368421053,true,true,true,268264460.25222737,750000,true,500000,500000,true
global-demand-boom,seed-1,VAP,23,87.3254994028504,5531.94,0.9954008097165992,0.28,1548943.2000000002,1.2941176470588236,1,3.882352941176471,true,true,true,272215145.8611422,750000,true,500000,500000,true
global-demand-boom,seed-1,MASS,24,63.4237110272,3091.67,0.9039970760233919,0.25,772917.5,0.7083333333333334,1,2.125,true,true,true,67942815.47605428,750000,true,500000,500000,true
global-demand-boom,seed-1,BAL,24,87.9207587324679,4255.76,0.9954994152046784,0.3,1276728,1,1,3,true,true,true,341549032.50815976,750000,true,500000,500000,true
global-demand-boom,seed-1,JPQ,24,87.6528965665315,4681.34,0.9955002658160553,0.33,1544842.2000000002,1.411764705882353,1,4.235294117647059,true,true,true,308649976.90698904,750000,true,500000,500000,true
global-demand-boom,seed-1,CONSV,24,90.3412326941148,3791.52,0.9854502923976608,0.35,1327032,1.105263157894737,1.05,3.1578947368421053,true,true,true,294512154.5503194,750000,true,0,500000,false
global-demand-boom,seed-1,VAP,24,88.33945945062237,5531.94,0.9954008097165992,0.28,1548943.2000000002,1.2941176470588236,1,3.882352941176471,true,true,true,299387756.6799128,750000,true,500000,500000,true
global-demand-boom,seed-1,MASS,25,66.349814145024,2684.94,0.7850701754385965,0.25,671235,0.7083333333333334,1,2.125,true,true,true,67535709.74655879,750000,true,500000,500000,true
global-demand-boom,seed-1,BAL,25,88.88709803387047,4255.76,0.9954994152046784,0.3,1276728,1,1,3,true,true,true,372380927.8316782,750000,true,500000,500000,true
global-demand-boom,seed-1,JPQ,25,88.64066484120897,4680.4,0.9953003721424774,0.33,1544532,1.411764705882353,1,4.235294117647059,true,true,true,335474843.2530885,750000,true,500000,500000,true
global-demand-boom,seed-1,CONSV,25,87.9207587324679,3829.42,0.9953008447043535,0.35,1340297,1.105263157894737,1.05,3.1578947368421053,true,true,true,319329180.09488976,750000,true,500000,500000,true
global-demand-boom,seed-1,VAP,25,89.27230269457259,5531.94,0.9954008097165992,0.28,1548943.2000000002,1.2941176470588236,1,3.882352941176471,true,true,true,324659282.50713265,750000,true,500000,500000,true
global-demand-boom,seed-1,MASS,26,69.04182901342207,2825.13,0.47203508771929825,0.25,706282.5,0.7083333333333334,1,2.125,true,true,true,81672218.22793356,750000,true,0,500000,false
global-demand-boom,seed-1,BAL,26,89.77613019116083,4255.76,0.9954994152046784,0.3,1276728,1,1,3,true,true,true,400955831.2123607,750000,true,500000,500000,true
global-demand-boom,seed-1,JPQ,26,89.54941165391226,4680.4,0.9520264429188914,0.33,1544532,1.411764705882353,1,4.235294117647059,true,true,true,365056233.9872124,750000,true,500000,500000,true
global-demand-boom,seed-1,CONSV,26,88.88709803387047,3819.04,0.9926029889538661,0.35,1336664,1.105263157894737,1.05,3.1578947368421053,true,true,true,348572858.2735901,750000,true,500000,500000,true
global-demand-boom,seed-1,VAP,26,90.13051847900678,5531.94,0.9585341130604288,0.28,1548943.2000000002,1.2941176470588236,1,3.882352941176471,true,true,true,352704052.20366496,750000,true,0,500000,false
global-demand-boom,seed-1,MASS,27,67.89931927261675,2115.01,0.2910230478156175,0.25,528752.5,0.7083333333333334,1,2.125,true,true,true,60144219.778782964,750000,true,0,500000,false
global-demand-boom,seed-1,BAL,27,90.59403977586797,4255.76,0.9954994152046784,0.3,1276728,1,1,3,true,true,true,418149423.55470526,750000,true,0,500000,false
global-demand-boom,seed-1,JPQ,27,90.38545872159928,4892.65,0.9951995931858632,0.33,1614574.5,1.411764705882353,1,4.235294117647059,true,true,true,389153874.35773265,750000,true,0,500000,false
global-demand-boom,seed-1,CONSV,27,89.77613019116083,3791.59,0.9854684860298896,0.35,1327056.5,1.105263157894737,1.05,3.1578947368421053,true,true,true,375271998.67839617,750000,true,500000,500000,true
global-demand-boom,seed-1,VAP,27,87.72268737026637,5743.55,0.9952003465453758,0.28,1608194.0000000002,1.2941176470588236,1,3.882352941176471,true,true,true,377779247.9988452,750000,true,500000,500000,true
global-demand-boom,seed-1,MASS,28,66.82536011625974,4921.95,0.5756666666666667,0.25,1230487.5,0.7083333333333334,1,2.125,true,true,true,89279728.09810412,750000,true,500000,500000,true
global-demand-boom,seed-1,BAL,28,88.1583973893159,4255.76,0.9954994152046784,0.3,1276728,1,1,3,true,true,true,445668799.15127605,750000,true,500000,500000,true
global-demand-boom,seed-1,JPQ,28,87.96233119830332,4893.64,0.995400966183575,0.33,1614901.2000000002,1.411764705882353,1,4.235294117647059,true,true,true,418910177.12932503,750000,true,500000,500000,true
global-demand-boom,seed-1,CONSV,28,90.59403977586797,3785.37,0.9838518518518519,0.35,1324879.5,1.105263157894737,1.05,3.1578947368421053,true,true,true,405108118.6940345,750000,true,0,500000,false
global-demand-boom,seed-1,VAP,28,88.70487238064506,5744.7,0.9953996101364522,0.28,1608516.0000000002,1.2941176470588236,1,3.882352941176471,true,true,true,404982903.1752519,750000,true,500000,500000,true
global-demand-boom,seed-1,MASS,29,69.47933130695897,3881.3,0.45395321637426905,0.25,970325,0.7083333333333334,1,2.125,true,true,true,91001613.29269785,750000,true,0,500000,false
global-demand-boom,seed-1,BAL,29,89.10572559817062,3945.82,0.5768742690058479,0.3,1183746,1,1,3,true,true,true,468437172.9484057,750000,true,500000,500000,true
global-demand-boom,seed-1,JPQ,29,88.92534470243905,4894.13,0.9955006356470888,0.33,1615062.9000000001,1.411764705882353,1,4.235294117647059,true,true,true,443778599.2617446,750000,true,500000,500000,true
global-demand-boom,seed-1,CONSV,29,88.1583973893159,3792.73,0.9857647823261858,0.35,1327455.5,1.105263157894737,1.05,3.1578947368421053,true,true,true,430288185.28018546,750000,true,500000,500000,true
global-demand-boom,seed-1,VAP,29,89.60848259019345,5744.7,0.9953996101364522,0.28,1608516.0000000002,1.2941176470588236,1,3.882352941176471,true,true,true,429915615.6012627,750000,true,500000,500000,true
global-demand-boom,seed-1,MASS,30,68.31057142854144,4867.5,0.43792172739541163,0.25,1216875,0.7083333333333334,1,2.125,true,true,true,114974470.31464186,750000,true,0,500000,false
global-demand-boom,seed-1,BAL,30,89.97726755031697,5149.01,0.6339193598030164,0.3,1544703,1,1,3,true,true,true,468514696.4199798,750000,true,500000,500000,true
global-demand-boom,seed-1,JPQ,30,89.81131712624392,4894.13,0.9955006356470888,0.33,1615062.9000000001,1.411764705882353,1,4.235294117647059,true,true,true,469130200.27626383,750000,true,500000,500000,true
global-demand-boom,seed-1,CONSV,30,89.10572559817062,3797.49,0.9870019493177388,0.35,1329121.5,1.105263157894737,1.05,3.1578947368421053,true,true,true,453968882.4091979,750000,true,500000,500000,true
global-demand-boom,seed-1,VAP,30,90.43980398297796,5744.7,0.9953996101364522,0.28,1608516.0000000002,1.2941176470588236,1,3.882352941176471,true,true,true,453396245.534247,750000,true,0,500000,false
global-demand-boom,seed-1,MASS,31,67.21193714282894,4740.84,0.3824029038112523,0.25,1185210,0.7083333333333334,1,2.125,true,true,true,134472534.7203688,750000,true,0,500000,false
global-demand-boom,seed-1,BAL,31,90.7790861462916,7280.370000000001,0.7740956937799044,0.3,2184111,1,1,3,true,true,true,492953180.70956826,750000,true,0,500000,false
global-demand-boom,seed-1,JPQ,31,90.6264117561444,4893.14,0.9952992626493772,0.33,1614736.2000000002,1.411764705882353,1,4.235294117647059,true,true,true,492465672.8424091,750000,true,0,500000,false
global-demand-boom,seed-1,CONSV,31,89.97726755031697,3796.6,0.9867706302794022,0.35,1328810,1.105263157894737,1.05,3.1578947368421053,true,true,true,483161759.7002408,750000,true,500000,500000,true
global-demand-boom,seed-1,VAP,31,88.01341574399927,5744.7,0.9953996101364522,0.28,1608516.0000000002,1.2941176470588236,1,3.882352941176471,true,true,true,481984637.2690963,750000,true,500000,500000,true
global-demand-boom,seed-1,MASS,32,66.1792209142592,4692.95,0.3430519005847953,0.25,1173237.5,0.7083333333333334,1,2.125,true,true,true,113041706.549211,750000,true,0,500000,false
global-demand-boom,seed-1,BAL,32,88.33234097751411,6054.139999999999,0.6437150451887294,0.3,1816241.9999999998,1,1,3,true,true,true,491191732.6010328,750000,true,500000,500000,true
global-demand-boom,seed-1,JPQ,32,88.18882705077574,4893.14,0.9538284600389865,0.33,1614736.2000000002,1.411764705882353,1,4.235294117647059,true,true,true,512525718.9871737,750000,true,500000,500000,true
global-demand-boom,seed-1,CONSV,32,90.7790861462916,3794.63,0.9862586094866796,0.35,1328120.5,1.105263157894737,1.05,3.1578947368421053,true,true,true,508249895.39866215,750000,true,0,500000,false
global-demand-boom,seed-1,VAP,32,88.97234248447933,5744.7,0.9598496240601504,0.28,1608516.0000000002,1.2941176470588236,1,3.882352941176471,true,true,true,508406899.13569945,750000,true,500000,500000,true
global-demand-boom,seed-2,MASS,1,50,0,0,0.25,0,0.7083333333333334,1,2.125,false,false,false,30000000,750000,true,0,0,true
global-demand-boom,seed-2,BAL,1,50,0,0,0.3,0,1,1,3,false,false,false,30000000,750000,true,0,0,true
global-demand-boom,seed-2,JPQ,1,50,0,0,0.33,0,1.411764705882353,1,4.235294117647059,false,false,false,25000000,750000,true,0,0,true
global-demand-boom,seed-2,CONSV,1,50,0,0,0.35,0,1.105263157894737,1.05,3.1578947368421053,false,false,false,35000000,750000,true,0,0,true
global-demand-boom,seed-2,VAP,1,50,0,0,0.28,0,1.2941176470588236,1,3.882352941176471,false,false,false,22000000,750000,true,0,0,true
global-demand-boom,seed-2,MASS,2,50,2676.59,0.7826286549707603,0.25,669147.5,0.7083333333333334,1,2.125,true,true,true,14530663.532499146,750000,true,0,500000,false
global-demand-boom,seed-2,BAL,2,50,3935.21,0.9205169590643275,0.3,1180563,1,1,3,true,true,true,41575441.369690195,750000,true,500000,500000,true
global-demand-boom,seed-2,JPQ,2,50,2509.76,0.5870783625730994,0.33,828220.8,1.411764705882353,1,4.235294117647059,true,true,true,14494279.701722093,750000,true,0,500000,false
global-demand-boom,seed-2,CONSV,2,50,2128.14,0.6222631578947369,0.35,744849,1.105263157894737,1.05,3.1578947368421053,true,true,true,10878104.155727632,750000,true,0,500000,false
global-demand-boom,seed-2,VAP,2,50,5093.06,0.9927992202729046,0.28,1426056.8,1.2941176470588236,1,3.882352941176471,true,true,true,20033387.12761445,750000,true,0,500000,false
global-demand-boom,seed-2,MASS,3,50,0,0,0.25,0,0.7083333333333334,1,2.125,false,false,false,39552973.52763514,750000,true,0,0,true
global-demand-boom,seed-2,BAL,3,54,3739.1,0.8746432748538011,0.3,1121730,1,1,3,true,true,true,36525280.048488446,750000,true,500000,500000,true
global-demand-boom,seed-2,JPQ,3,50,3797.33,0.8882643274853801,0.33,1253118.9000000001,1.411764705882353,1,4.235294117647059,true,true,true,29879945.505055007,750000,true,500000,500000,true
global-demand-boom,seed-2,CONSV,3,50,2959.32,0.8652982456140351,0.35,1035761.9999999999,1.105263157894737,1.05,3.1578947368421053,true,true,true,34293478.54417775,750000,true,500000,500000,true
global-demand-boom,seed-2,VAP,3,50,0,0,0.28,0,1.2941176470588236,1,3.882352941176471,false,false,false,21169387.6887502,750000,true,0,0,true
global-demand-boom,seed-2,MASS,4,50,3394.35,0.9924999999999999,0.25,848587.5,0.7083333333333334,1,2.125,true,true,true,4615476.422908299,750000,true,0,500000,false
global-demand-boom,seed-2,BAL,4,57.68,3258.09,0.7621263157894738,0.3,977427,1,1,3,true,true,true,36275347.81031936,750000,true,500000,500000,true
global-demand-boom,seed-2,JPQ,4,54,4070.77,0.9522269005847953,0.33,1343354.1,1.411764705882353,1,4.235294117647059,true,true,true,24577941.510842517,750000,true,0,500000,false
global-demand-boom,seed-2,CONSV,4,54,3188.75,0.9323830409356725,0.35,1116062.5,1.105263157894737,1.05,3.1578947368421053,true,true,true,31780740.518735398,750000,true,500000,500000,true
global-demand-boom,seed-2,VAP,4,50,4290.88,0.8364288499025342,0.28,1201446.4000000001,1.2941176470588236,1,3.882352941176471,true,true,true,17007898.81583811,750000,true,0,500000,false
global-demand-boom,seed-2,MASS,5,50,1801.86,0.526859649122807,0.25,450465,0.7083333333333334,1,2.125,true,true,true,41089488.10537874,750000,true,500000,500000,true
global-demand-boom,seed-2,BAL,5,61.0656,4235.31,0.9907157894736843,0.3,1270593,1,1,3,true,true,true,40662390.45893536,750000,true,500000,500000,true
global-demand-boom,seed-2,JPQ,5,53.76,4087.05,0.9560350877192982,0.33,1348726.5,1.411764705882353,1,4.235294117647059,true,true,true,26271759.73400696,750000,true,0,500000,false
global-demand-boom,seed-2,CONSV,5,57.68,3341,0.9769005847953216,0.35,1169350,1.105263157894737,1.05,3.1578947368421053,true,true,true,35553588.14724589,750000,true,500000,500000,true
global-demand-boom,seed-2,VAP,5,50,5088.96,0.992,0.28,1424908.8,1.2941176470588236,1,3.882352941176471,true,true,true,28012826.049302563,750000,true,500000,500000,true
global-demand-boom,seed-2,MASS,6,54,3326.61,0.9726929824561404,0.25,831652.5,0.7083333333333334,1,2.125,true,true,true,0,750000,false,0,500000,false
global-demand-boom,seed-2,BAL,6,64.180352,4242.08,0.9922994152046783,0.3,1272624,1,1,3,true,true,true,16682185.933009196,750000,true,0,500000,false
global-demand-boom,seed-2,JPQ,6,53.5344,4239.95,0.9918011695906432,0.33,1399183.5,1.411764705882353,1,4.235294117647059,true,true,true,24946639.50043605,750000,true,0,500000,false
global-demand-boom,seed-2,CONSV,6,61.0656,3188.75,0.9323830409356725,0.35,1116062.5,1.105263157894737,1.05,3.1578947368421053,true,true,true,34617471.59642716,750000,true,500000,500000,true
global-demand-boom,seed-2,VAP,6,54,5090.5,0.9923001949317739,0.28,1425340.0000000002,1.2941176470588236,1,3.882352941176471,true,true,true,18379697.035571054,750000,true,0,500000,false
global-demand-boom,seed-2,MASS,7,53.76,1837.01,0.5371374269005847,0.25,459252.5,0.7083333333333334,1,2.125,true,true,true,31185108.639388263,750000,true,0,500000,false
global-demand-boom,seed-2,BAL,7,63.32953088,4221.02,0.9873730994152048,0.3,1266306,1,1,3,true,true,true,30181099.212362573,750000,true,500000,500000,true
global-demand-boom,seed-2,JPQ,7,53.322336,4247.21,0.9934994152046783,0.33,1401579.3,1.411764705882353,1,4.235294117647059,true,true,true,13855440.960594043,750000,true,0,500000,false
global-demand-boom,seed-2,CONSV,7,64.180352,3194.86,0.9341695906432749,0.35,1118201,1.105263157894737,1.05,3.1578947368421053,true,true,true,17079608.348246172,750000,true,0,500000,false
global-demand-boom,seed-2,VAP,7,53.76,5089.99,0.9922007797270955,0.28,1425197.2000000002,1.2941176470588236,1,3.882352941176471,true,true,true,30387759.762147807,750000,true,500000,500000,true
global-demand-boom,seed-2,MASS,8,53.5344,2898.67,0.8475643274853801,0.25,724667.5,0.7083333333333334,1,2.125,true,true,true,0,750000,false,0,500000,false
global-demand-boom,seed-2,BAL,8,66.2631684096,3714.36,0.8688561403508772,0.3,1114308,1,1,3,true,true,true,33372978.425095093,750000,true,500000,500000,true
global-demand-boom,seed-2,JPQ,8,53.12299584,4253.63,0.9950011695906433,0.33,1403697.9000000001,1.411764705882353,1,4.235294117647059,true,true,true,40747474.55644816,750000,true,500000,500000,true
global-demand-boom,seed-2,CONSV,8,63.32953088,3402.56,0.9949005847953216,0.35,1190896,1.105263157894737,1.05,3.1578947368421053,true,true,true,35342972.02395345,750000,true,500000,500000,true
global-demand-boom,seed-2,VAP,8,57.459199999999996,5089.99,0.9922007797270955,0.28,1425197.2000000002,1.2941176470588236,1,3.882352941176471,true,true,true,38638895.778305694,750000,true,500000,500000,true
global-demand-boom,seed-2,MASS,9,53.322336,2250.63,0.6580789473684211,0.25,562657.5,0.7083333333333334,1,2.125,true,true,true,32391067.148485657,750000,true,0,500000,false
global-demand-boom,seed-2,BAL,9,68.962114936832,3962.42,0.9268818713450293,0.3,1188726,1,1,3,true,true,true,45106847.066868216,750000,true,500000,500000,true
global-demand-boom,seed-2,JPQ,9,56.8731561728,4253.63,0.9950011695906433,0.33,1403697.9000000001,1.411764705882353,1,4.235294117647059,true,true,true,48263427.531877,750000,true,500000,500000,true
global-demand-boom,seed-2,CONSV,9,66.2631684096,3257.09,0.9523654970760235,0.35,1139981.5,1.105263157894737,1.05,3.1578947368421053,true,true,true,40390305.026841804,750000,true,500000,500000,true
global-demand-boom,seed-2,VAP,9,60.862463999999996,5089.99,0.9922007797270955,0.28,1425197.2000000002,1.2941176470588236,1,3.882352941176471,true,true,true,34742604.247471996,750000,true,500000,500000,true
global-demand-boom,seed-2,MASS,10,53.12299584,3178.58,0.9294093567251461,0.25,794645,0.7083333333333334,1,2.125,true,true,true,5393091.93162661,750000,true,0,500000,false
global-demand-boom,seed-2,BAL,10,71.44514574188544,4230.56,0.9896046783625732,0.3,1269168,1,1,3,true,true,true,51620261.56325059,750000,true,500000,500000,true
global-demand-boom,seed-2,JPQ,10,60.323303678976,4254.05,0.9950994152046784,0.33,1403836.5,1.411764705882353,1,4.235294117647059,true,true,true,58226914.63256541,750000,true,500000,500000,true
global-demand-boom,seed-2,CONSV,10,68.962114936832,3403.24,0.9950994152046783,0.35,1191134,1.105263157894737,1.05,3.1578947368421053,true,true,true,45303308.60828946,750000,true,500000,500000,true
global-demand-boom,seed-2,VAP,10,63.99346688,5089.99,0.9922007797270955,0.28,1425197.2000000002,1.2941176470588236,1,3.882352941176471,true,true,true,44886174.70127258,750000,true,500000,500000,true
global-demand-boom,seed-2,MASS,11,52.9356160896,0,0,0.25,0,0.7083333333333334,1,2.125,false,false,false,38831611.121738166,750000,true,0,0,true
global-demand-boom,seed-2,BAL,11,73.7295340825346,4084.2,0.9553684210526315,0.3,1225260,1,1,3,true,true,true,54374725.297254935,750000,true,500000,500000,true
global-demand-boom,seed-2,JPQ,11,63.49743938465792,4253.63,0.9950011695906433,0.33,1403697.9000000001,1.411764705882353,1,4.235294117647059,true,true,true,69912839.96538198,750000,true,500000,500000,true
global-demand-boom,seed-2,CONSV,11,71.44514574188544,3403.93,0.9367540419676642,0.35,1191375.5,1.105263157894737,1.05,3.1578947368421053,true,true,true,59541432.983762816,750000,true,500000,500000,true
global-demand-boom,seed-2,VAP,11,66.8739895296,5098.71,0.9939005847953216,0.28,1427638.8,1.2941176470588236,1,3.882352941176471,true,true,true,46676392.33108219,750000,true,500000,500000,true
global-demand-boom,seed-2,MASS,12,52.759479124224,3394.01,0.9924005847953217,0.25,848502.5,0.7083333333333334,1,2.125,true,true,true,18280520.388176486,750000,true,0,500000,false
global-demand-boom,seed-2,BAL,12,75.83117135593183,3936.05,0.9207134502923977,0.3,1180815,1,1,3,true,true,true,53198628.56562276,750000,true,500000,500000,true
global-demand-boom,seed-2,JPQ,12,66.41764423388528,4253.63,0.9950011695906433,0.33,1403697.9000000001,1.411764705882353,1,4.235294117647059,true,true,true,67511249.60819916,750000,true,500000,500000,true
global-demand-boom,seed-2,CONSV,12,73.7295340825346,3615.58,0.994999656002752,0.35,1265453,1.105263157894737,1.05,3.1578947368421053,true,true,true,54286072.80642882,750000,true,500000,500000,true
global-demand-boom,seed-2,VAP,12,69.524070367232,5106.4,0.9953996101364522,0.28,1429792.0000000002,1.2941176470588236,1,3.882352941176471,true,true,true,61802667.176987834,750000,true,500000,500000,true
global-demand-boom,seed-2,MASS,13,52.59391037677056,3393.67,0.9923011695906433,0.25,848417.5,0.7083333333333334,1,2.125,true,true,true,26799334.22485411,750000,true,0,500000,false
global-demand-boom,seed-2,BAL,13,77.76467764745729,4002.75,0.9363157894736842,0.3,1200825,1,1,3,true,true,true,63082680.33457549,750000,true,500000,500000,true
global-demand-boom,seed-2,JPQ,13,69.10423269517446,4069.21,0.9518619883040935,0.33,1342839.3,1.411764705882353,1,4.235294117647059,true,true,true,84966634.51200193,750000,true,500000,500000,true
global-demand-boom,seed-2,CONSV,13,75.83117135593183,3597.33,0.9899772961816306,0.35,1259065.5,1.105263157894737,1.05,3.1578947368421053,true,true,true,56124462.349736564,750000,true,500000,500000,true
global-demand-boom,seed-2,VAP,13,71.96214473785344,5106.4,0.9953996101364522,0.28,1429792.0000000002,1.2941176470588236,1,3.882352941176471,true,true,true,76743582.63442017,750000,true,500000,500000,true
global-demand-boom,seed-2,MASS,14,52.43827575416432,3078,0.9,0.25,769500,0.7083333333333334,1,2.125,true,true,true,46998790.790647484,750000,true,500000,500000,true
global-demand-boom,seed-2,BAL,14,79.54350343566071,4023.08,0.9410713450292397,0.3,1206924,1,1,3,true,true,true,81655272.76033929,750000,true,500000,500000,true
global-demand-boom,seed-2,JPQ,14,71.5758940795605,4254.48,0.9478095238095237,0.33,1403978.4000000001,1.411764705882353,1,4.235294117647059,true,true,true,96170752.63548064,750000,true,500000,500000,true
global-demand-boom,seed-2,CONSV,14,77.76467764745729,3616.67,0.9952996216030272,0.35,1265834.5,1.105263157894737,1.05,3.1578947368421053,true,true,true,66893790.27747616,750000,true,500000,500000,true
global-demand-boom,seed-2,VAP,14,74.20517315882516,5106.4,0.9555836257309941,0.28,1429792.0000000002,1.2941176470588236,1,3.882352941176471,true,true,true,93191939.53346094,750000,true,500000,500000,true
global-demand-boom,seed-2,MASS,15,56.24321369383118,3393.32,0.9921988304093567,0.25,848330,0.7083333333333334,1,2.125,true,true,true,38155374.038473666,750000,true,250000,500000,true
global-demand-boom,seed-2,BAL,15,81.18002316080785,3800.19,0.8889333333333334,0.3,1140057,1,1,3,true,true,true,95257659.80371204,750000,true,500000,500000,true
global-demand-boom,seed-2,JPQ,15,73.84982255319566,4467.2,0.9951991088833194,0.33,1474176,1.411764705882353,1,4.235294117647059,true,true,true,110778457.04433781,750000,true,500000,500000,true
global-demand-boom,seed-2,CONSV,15,79.54350343566071,3617.03,0.9953986928104576,0.35,1265960.5,1.105263157894737,1.05,3.1578947368421053,true,true,true,86191701.61522368,750000,true,500000,500000,true
global-demand-boom,seed-2,VAP,15,76.26875930611915,5319.17,0.9954002339181287,0.28,1489367.6,1.2941176470588236,1,3.882352941176471,true,true,true,109839912.5777353,750000,true,500000,500000,true
global-demand-boom,seed-2,MASS,16,57.99348514607793,3393.67,0.9923011695906433,0.25,848417.5,0.7083333333333334,1,2.125,true,true,true,43061858.200986065,750000,true,500000,500000,true
global-demand-boom,seed-2,BAL,16,82.68562130794322,3871.46,0.9056046783625731,0.3,1161438,1,1,3,true,true,true,122132004.50490764,750000,true,500000,500000,true
global-demand-boom,seed-2,JPQ,16,75.94183674894,4466.76,0.9951010860484545,0.33,1474030.8,1.411764705882353,1,4.235294117647059,true,true,true,117684279.94354478,750000,true,500000,500000,true
global-demand-boom,seed-2,CONSV,16,81.18002316080785,3617.03,0.9953986928104576,0.35,1265960.5,1.105263157894737,1.05,3.1578947368421053,true,true,true,110698920.25985491,750000,true,500000,500000,true
global-demand-boom,seed-2,VAP,16,78.16725856162962,5319.17,0.9954002339181287,0.28,1489367.6,1.2941176470588236,1,3.882352941176471,true,true,true,129474587.77097362,750000,true,500000,500000,true
global-demand-boom,seed-2,MASS,17,61.3540063343917,3154.19,0.9222777777777778,0.25,788547.5,0.7083333333333334,1,2.125,true,true,true,39725372.08384067,750000,true,500000,500000,true
global-demand-boom,seed-2,BAL,17,84.07077160330776,3946.61,0.9231836257309942,0.3,1183983,1,1,3,true,true,true,147568766.1436395,750000,true,500000,500000,true
global-demand-boom,seed-2,JPQ,17,77.8664898090248,4467.2,0.9951991088833194,0.33,1474176,1.411764705882353,1,4.235294117647059,true,true,true,133318936.51573181,750000,true,500000,500000,true
global-demand-boom,seed-2,CONSV,17,82.68562130794322,3595.22,0.9344301494476932,0.35,1258327,1.105263157894737,1.05,3.1578947368421053,true,true,true,130876675.63239169,750000,true,500000,500000,true
global-demand-boom,seed-2,VAP,17,79.91387787669925,5319.17,0.9954002339181287,0.28,1489367.6,1.2941176470588236,1,3.882352941176471,true,true,true,147026103.69146362,750000,true,500000,500000,true
global-demand-boom,seed-2,MASS,18,64.44568582764036,3077.28,0.8997894736842106,0.25,769320,0.7083333333333334,1,2.125,true,true,true,41985903.98363759,750000,true,500000,500000,true
global-demand-boom,seed-2,BAL,18,85.34510987504314,3946.61,0.9231836257309942,0.3,1183983,1,1,3,true,true,true,176391700.4712724,750000,true,500000,500000,true
global-demand-boom,seed-2,JPQ,18,79.63717062430281,4468.1,0.9953996101364523,0.33,1474473,1.411764705882353,1,4.235294117647059,true,true,true,150439562.7913914,750000,true,500000,500000,true
global-demand-boom,seed-2,CONSV,18,84.07077160330776,3658.68,0.9509239766081871,0.35,1280538,1.105263157894737,1.05,3.1578947368421053,true,true,true,151605368.63665593,750000,true,500000,500000,true
global-demand-boom,seed-2,VAP,18,81.5207676465633,5319.17,0.9954002339181287,0.28,1489367.6,1.2941176470588236,1,3.882352941176471,true,true,true,166772441.07241553,750000,true,500000,500000,true
global-demand-boom,seed-2,MASS,19,67.29003096142912,3133.12,0.9161169590643274,0.25,783280,0.7083333333333334,1,2.125,true,true,true,58847512.212743,750000,true,500000,500000,true
global-demand-boom,seed-2,BAL,19,86.51750108503968,3946.61,0.9231836257309942,0.3,1183983,1,1,3,true,true,true,203138021.24454108,750000,true,500000,500000,true
global-demand-boom,seed-2,JPQ,19,81.26619697435859,4468.1,0.9953996101364523,0.33,1474473,1.411764705882353,1,4.235294117647059,true,true,true,168832360.41887107,750000,true,500000,500000,true
global-demand-boom,seed-2,CONSV,19,85.34510987504314,3652.68,0.949364522417154,0.35,1278438,1.105263157894737,1.05,3.1578947368421053,true,true,true,172111728.92365313,750000,true,500000,500000,true
global-demand-boom,seed-2,VAP,19,82.99910623483824,5319.17,0.9954002339181287,0.28,1489367.6,1.2941176470588236,1,3.882352941176471,true,true,true,187136624.81409734,750000,true,500000,500000,true
global-demand-boom,seed-2,MASS,20,69.90682848451479,3179.65,0.9297222222222222,0.25,794912.5,0.7083333333333334,1,2.125,true,true,true,68491270.47689806,750000,true,500000,500000,true
global-demand-boom,seed-2,BAL,20,87.59610099823651,3946.61,0.9231836257309942,0.3,1183983,1,1,3,true,true,true,233998269.1341974,750000,true,500000,500000,true
global-demand-boom,seed-2,JPQ,20,82.76490121640991,4468.1,0.9501541733120681,0.33,1474473,1.411764705882353,1,4.235294117647059,true,true,true,192968794.89820296,750000,true,500000,500000,true
global-demand-boom,seed-2,CONSV,20,86.51750108503968,3664.09,0.9523300844704354,0.35,1282431.5,1.105263157894737,1.05,3.1578947368421053,true,true,true,196801644.16907614,750000,true,500000,500000,true
global-demand-boom,seed-2,VAP,20,84.35917773605118,5319.17,0.9571156095366622,0.28,1489367.6,1.2941176470588236,1,3.882352941176471,true,true,true,209776951.53291118,750000,true,500000,500000,true
global-demand-boom,seed-2,MASS,21,72.31428220575361,3176.8,0.928888888888889,0.25,794200,0.7083333333333334,1,2.125,true,true,true,78533078.94934879,750000,true,500000,500000,true
global-demand-boom,seed-2,BAL,21,88.58841291837759,3946.61,0.9231836257309942,0.3,1183983,1,1,3,true,true,true,259497494.71640533,750000,true,500000,500000,true
global-demand-boom,seed-2,JPQ,21,84.14370911909711,4680.87,0.9954003189792663,0.33,1544687.1,1.411764705882353,1,4.235294117647059,true,true,true,210187225.83631963,750000,true,500000,500000,true
global-demand-boom,seed-2,CONSV,21,87.59610099823651,3670.95,0.9541130604288498,0.35,1284832.5,1.105263157894737,1.05,3.1578947368421053,true,true,true,219057461.11231366,750000,true,500000,500000,true
global-demand-boom,seed-2,VAP,21,85.61044351716708,5530.82,0.9951992802519117,0.28,1548629.6,1.2941176470588236,1,3.882352941176471,true,true,true,227407457.24472967,750000,true,500000,500000,true
global-demand-boom,seed-2,MASS,22,74.52913962929333,3101.49,0.9068684210526315,0.25,775372.5,0.7083333333333334,1,2.125,true,true,true,74936261.00823608,750000,true,500000,500000,true
global-demand-boom,seed-2,BAL,22,89.50133988490738,3946.61,0.9231836257309942,0.3,1183983,1,1,3,true,true,true,290302265.7751665,750000,true,500000,500000,true
global-demand-boom,seed-2,JPQ,22,85.41221238956935,4681.34,0.9955002658160553,0.33,1544842.2000000002,1.411764705882353,1,4.235294117647059,true,true,true,235715720.2378226,750000,true,500000,500000,true
global-demand-boom,seed-2,CONSV,22,88.58841291837759,3669.02,0.953611435997401,0.35,1284157,1.105263157894737,1.05,3.1578947368421053,true,true,true,245205664.5147062,750000,true,500000,500000,true
global-demand-boom,seed-2,VAP,22,86.76160803579371,5531.94,0.9954008097165992,0.28,1548943.2000000002,1.2941176470588236,1,3.882352941176471,true,true,true,250622909.11025137,750000,true,500000,500000,true
global-demand-boom,seed-2,MASS,23,76.56680845894986,3075.43,0.8992485380116959,0.25,768857.5,0.7083333333333334,1,2.125,true,true,true,84209476.145045,750000,true,500000,500000,true
global-demand-boom,seed-2,BAL,23,90.3412326941148,3946.61,0.9231836257309942,0.3,1183983,1,1,3,true,true,true,325273033.80275214,750000,true,0,500000,false
global-demand-boom,seed-2,JPQ,23,86.5792353984038,4681.34,0.9955002658160553,0.33,1544842.2000000002,1.411764705882353,1,4.235294117647059,true,true,true,263621609.10042724,750000,true,500000,500000,true
global-demand-boom,seed-2,CONSV,23,89.50133988490738,3667.55,0.9532293697205978,0.35,1283642.5,1.105263157894737,1.05,3.1578947368421053,true,true,true,273836671.99531275,750000,true,500000,500000,true
global-demand-boom,seed-2,VAP,23,87.82067939293022,5531.94,0.9954008097165992,0.28,1548943.2000000002,1.2941176470588236,1,3.882352941176471,true,true,true,276918729.6569302,750000,true,500000,500000,true
global-demand-boom,seed-2,MASS,24,78.44146378223388,3097.54,0.5175505430242272,0.25,774385,0.7083333333333334,1,2.125,true,true,true,105045230.98923777,750000,true,500000,500000,true
global-demand-boom,seed-2,BAL,24,87.9207587324679,3946.61,0.9231836257309942,0.3,1183983,1,1,3,true,true,true,356589587.10658145,750000,true,500000,500000,true
global-demand-boom,seed-2,JPQ,24,87.6528965665315,4681.34,0.9955002658160553,0.33,1544842.2000000002,1.411764705882353,1,4.235294117647059,true,true,true,290970600.06435895,750000,true,500000,500000,true
global-demand-boom,seed-2,CONSV,24,90.3412326941148,3792.7,0.9857569850552306,0.35,1327445,1.105263157894737,1.05,3.1578947368421053,true,true,true,298380986.9033059,750000,true,0,500000,false
global-demand-boom,seed-2,VAP,24,88.7950250414958,5531.94,0.9954008097165992,0.28,1548943.2000000002,1.2941176470588236,1,3.882352941176471,true,true,true,304219631.5198885,750000,true,500000,500000,true
global-demand-boom,seed-2,MASS,25,80.16614667965517,2642.36,0.3635858273133815,0.25,660590,0.7083333333333334,1,2.125,true,true,true,78900495.35206723,750000,true,0,500000,false
global-demand-boom,seed-2,BAL,25,88.88709803387047,3904.37,0.9133029239766082,0.3,1171311,1,1,3,true,true,true,385545381.681931,750000,true,500000,500000,true
global-demand-boom,seed-2,JPQ,25,88.64066484120897,4681.34,0.9955002658160553,0.33,1544842.2000000002,1.411764705882353,1,4.235294117647059,true,true,true,323643682.39769906,750000,true,500000,500000,true
global-demand-boom,seed-2,CONSV,25,87.9207587324679,3829.42,0.9953008447043535,0.35,1340297,1.105263157894737,1.05,3.1578947368421053,true,true,true,324101320.91484797,750000,true,500000,500000,true
global-demand-boom,seed-2,VAP,25,89.69142303817614,5531.94,0.9954008097165992,0.28,1548943.2000000002,1.2941176470588236,1,3.882352941176471,true,true,true,330234979.4355713,750000,true,500000,500000,true
global-demand-boom,seed-2,MASS,26,78.35617787887585,3955.65,0.46264912280701753,0.25,988912.5,0.7083333333333334,1,2.125,true,true,true,84377562.45759013,750000,true,0,500000,false
global-demand-boom,seed-2,BAL,26,89.77613019116083,3904.37,0.8698123085491506,0.3,1171311,1,1,3,true,true,true,421100299.77412057,750000,true,500000,500000,true
global-demand-boom,seed-2,JPQ,26,89.54941165391226,4681.34,0.9522176455631833,0.33,1544842.2000000002,1.411764705882353,1,4.235294117647059,true,true,true,353634532.2573228,750000,true,500000,500000,true
global-demand-boom,seed-2,CONSV,26,88.88709803387047,3818.14,0.9923690708252112,0.35,1336349,1.105263157894737,1.05,3.1578947368421053,true,true,true,349136730.2994333,750000,true,500000,500000,true
global-demand-boom,seed-2,VAP,26,90.51610919512206,5531.94,0.9585341130604288,0.28,1548943.2000000002,1.2941176470588236,1,3.882352941176471,true,true,true,356049099.74617875,750000,true,0,500000,false
global-demand-boom,seed-2,MASS,27,76.6548072061433,6634.29,0.7759403508771929,0.25,1658572.5,0.7083333333333334,1,2.125,true,true,true,103971265.56841277,750000,true,500000,500000,true
global-demand-boom,seed-2,BAL,27,90.59403977586797,4070.93,0.9069184071289335,0.3,1221279,1,1,3,true,true,true,453798645.6105652,750000,true,0,500000,false
global-demand-boom,seed-2,JPQ,27,90.38545872159928,4892.65,0.9951995931858632,0.33,1614574.5,1.411764705882353,1,4.235294117647059,true,true,true,381059623.925894,750000,true,0,500000,false
global-demand-boom,seed-2,CONSV,27,89.77613019116083,3791.1,0.9853411306042885,0.35,1326885,1.105263157894737,1.05,3.1578947368421053,true,true,true,376176768.3660346,750000,true,500000,500000,true
global-demand-boom,seed-2,VAP,27,88.08514264341473,5743.55,0.9952003465453758,0.28,1608194.0000000002,1.2941176470588236,1,3.882352941176471,true,true,true,380134672.0852958,750000,true,500000,500000,true
global-demand-boom,seed-2,MASS,28,78.52242262965184,4670.41,0.4201898335582546,0.25,1167602.5,0.7083333333333334,1,2.125,true,true,true,111261507.16105445,750000,true,0,500000,false
global-demand-boom,seed-2,BAL,28,88.1583973893159,4071.34,0.5771880205564416,0.3,1221402,1,1,3,true,true,true,489114755.5816945,750000,true,500000,500000,true
global-demand-boom,seed-2,JPQ,28,87.96233119830332,4893.64,0.995400966183575,0.33,1614901.2000000002,1.411764705882353,1,4.235294117647059,true,true,true,409763282.4853152,750000,true,500000,500000,true
global-demand-boom,seed-2,CONSV,28,90.59403977586797,3785.5,0.9838856400259909,0.35,1324925,1.105263157894737,1.05,3.1578947368421053,true,true,true,406210846.3169933,750000,true,0,500000,false
global-demand-boom,seed-2,VAP,28,89.03833123194156,5744.7,0.9953996101364522,0.28,1608516.0000000002,1.2941176470588236,1,3.882352941176471,true,true,true,407566372.8547055,750000,true,500000,500000,true
global-demand-boom,seed-2,MASS,29,76.81107727187273,5409.650000000001,0.43635007057874575,0.25,1352412.5000000002,0.7083333333333334,1,2.125,true,true,true,135235266.22246358,750000,true,0,500000,false
global-demand-boom,seed-2,BAL,29,89.10572559817062,5395.48,0.647231069125806,0.3,1618644,1,1,3,true,true,true,477499060.0714127,750000,true,500000,500000,true
global-demand-boom,seed-2,JPQ,29,88.92534470243905,4894.13,0.9955006356470888,0.33,1615062.9000000001,1.411764705882353,1,4.235294117647059,true,true,true,435239441.7468569,750000,true,500000,500000,true
global-demand-boom,seed-2,CONSV,29,88.1583973893159,3792.95,0.9858219623131903,0.35,1327532.5,1.105263157894737,1.05,3.1578947368421053,true,true,true,429215166.6360147,750000,true,500000,500000,true
global-demand-boom,seed-2,VAP,29,89.91526473338624,5744.7,0.9953996101364522,0.28,1608516.0000000002,1.2941176470588236,1,3.882352941176471,true,true,true,430183269.98904043,750000,true,500000,500000,true
global-demand-boom,seed-2,MASS,30,75.20241263556036,5155.29,0.3768486842105263,0.25,1288822.5,0.7083333333333334,1,2.125,true,true,true,144446019.85782972,750000,true,0,500000,false
global-demand-boom,seed-2,BAL,30,89.97726755031697,6414.8099999999995,0.6669068226120857,0.3,1924442.9999999995,1,1,3,true,true,true,489838436.68931836,750000,true,500000,500000,true
global-demand-boom,seed-2,JPQ,30,89.81131712624392,4894.13,0.9955006356470888,0.33,1615062.9000000001,1.411764705882353,1,4.235294117647059,true,true,true,468536780.6936658,750000,true,500000,500000,true
global-demand-boom,seed-2,CONSV,30,89.10572559817062,3797.5,0.9870045484080572,0.35,1329125,1.105263157894737,1.05,3.1578947368421053,true,true,true,458405111.25279415,750000,true,500000,500000,true
global-demand-boom,seed-2,VAP,30,90.72204355471534,5744.7,0.9953996101364522,0.28,1608516.0000000002,1.2941176470588236,1,3.882352941176471,true,true,true,457394722.91071904,750000,true,0,500000,false
global-demand-boom,seed-2,MASS,31,73.69026787742675,5776.36,0.4222485380116959,0.25,1444090,0.7083333333333334,1,2.125,true,true,true,147026109.56387207,750000,true,0,500000,false
global-demand-boom,seed-2,BAL,31,90.7790861462916,7960.07,0.8275576348278102,0.3,2388021,1,1,3,true,true,true,509784945.945346,750000,true,0,500000,false
global-demand-boom,seed-2,JPQ,31,90.6264117561444,4894.13,0.9955006356470888,0.33,1615062.9000000001,1.411764705882353,1,4.235294117647059,true,true,true,497735182.5701723,750000,true,0,500000,false
global-demand-boom,seed-2,CONSV,31,89.97726755031697,3786.74,0.984207927225471,0.35,1325359,1.105263157894737,1.05,3.1578947368421053,true,true,true,482707730.04183084,750000,true,500000,500000,true
global-demand-boom,seed-2,VAP,31,88.27872094143243,5744.7,0.9953996101364522,0.28,1608516.0000000002,1.2941176470588236,1,3.882352941176471,true,true,true,484517026.4307686,750000,true,500000,500000,true
global-demand-boom,seed-2,MASS,32,72.26885180478115,6205.51,0.45361915204678366,0.25,1551377.5,0.7083333333333334,1,2.125,true,true,true,198259975.63693354,750000,true,0,500000,false
global-demand-boom,seed-2,BAL,32,88.33234097751411,6048.219999999999,0.6287948018193632,0.3,1814465.9999999998,1,1,3,true,true,true,530622858.54241836,750000,true,500000,500000,true
global-demand-boom,seed-2,JPQ,32,88.18882705077574,4894.13,0.9540214424951268,0.33,1615062.9000000001,1.411764705882353,1,4.235294117647059,true,true,true,532450698.373677,750000,true,500000,500000,true
global-demand-boom,seed-2,CONSV,32,90.7790861462916,3789.95,0.9850422352176738,0.35,1326482.5,1.105263157894737,1.05,3.1578947368421053,true,true,true,513050302.81656206,750000,true,0,500000,false
global-demand-boom,seed-2,VAP,32,89.21642326611783,5744.7,0.9598496240601504,0.28,1608516.0000000002,1.2941176470588236,1,3.882352941176471,true,true,true,513788009.034641,750000,true,500000,500000,true
global-demand-boom,seed-3,MASS,1,50,0,0,0.25,0,0.7083333333333334,1,2.125,false,false,false,30000000,750000,true,0,0,true
global-demand-boom,seed-3,BAL,1,50,0,0,0.3,0,1,1,3,false,false,false,30000000,750000,true,0,0,true
global-demand-boom,seed-3,JPQ,1,50,0,0,0.33,0,1.411764705882353,1,4.235294117647059,false,false,false,25000000,750000,true,0,0,true
global-demand-boom,seed-3,CONSV,1,50,0,0,0.35,0,1.105263157894737,1.05,3.1578947368421053,false,false,false,35000000,750000,true,0,0,true
global-demand-boom,seed-3,VAP,1,50,0,0,0.28,0,1.2941176470588236,1,3.882352941176471,false,false,false,22000000,750000,true,0,0,true
global-demand-boom,seed-3,MASS,2,50,2676.59,0.7826286549707603,0.25,669147.5,0.7083333333333334,1,2.125,true,true,true,14530663.532499146,750000,true,0,500000,false
global-demand-boom,seed-3,BAL,2,50,3935.21,0.9205169590643275,0.3,1180563,1,1,3,true,true,true,41575441.369690195,750000,true,500000,500000,true
global-demand-boom,seed-3,JPQ,2,50,2509.76,0.5870783625730994,0.33,828220.8,1.411764705882353,1,4.235294117647059,true,true,true,14494279.701722093,750000,true,0,500000,false
global-demand-boom,seed-3,CONSV,2,50,2128.14,0.6222631578947369,0.35,744849,1.105263157894737,1.05,3.1578947368421053,true,true,true,10878104.155727632,750000,true,0,500000,false
global-demand-boom,seed-3,VAP,2,50,5093.06,0.9927992202729046,0.28,1426056.8,1.2941176470588236,1,3.882352941176471,true,true,true,20033387.12761445,750000,true,0,500000,false
global-demand-boom,seed-3,MASS,3,50,0,0,0.25,0,0.7083333333333334,1,2.125,false,false,false,39926229.85016145,750000,true,0,0,true
global-demand-boom,seed-3,BAL,3,54,3739.1,0.8746432748538011,0.3,1121730,1,1,3,true,true,true,37567617.10212007,750000,true,500000,500000,true
global-demand-boom,seed-3,JPQ,3,50,3797.33,0.8882643274853801,0.33,1253118.9000000001,1.411764705882353,1,4.235294117647059,true,true,true,30971333.970406875,750000,true,500000,500000,true
global-demand-boom,seed-3,CONSV,3,50,2959.32,0.8652982456140351,0.35,1035761.9999999999,1.105263157894737,1.05,3.1578947368421053,true,true,true,35300826.02516468,750000,true,500000,500000,true
global-demand-boom,seed-3,VAP,3,50,0,0,0.28,0,1.2941176470588236,1,3.882352941176471,false,false,false,21832769.40858244,750000,true,0,0,true
global-demand-boom,seed-3,MASS,4,50,3394.35,0.9924999999999999,0.25,848587.5,0.7083333333333334,1,2.125,true,true,true,5400273.813200444,750000,true,0,500000,false
global-demand-boom,seed-3,BAL,4,57.68,3579.09,0.8372140350877193,0.3,1073727,1,1,3,true,true,true,36285317.2228317,750000,true,500000,500000,true
global-demand-boom,seed-3,JPQ,4,54,4070.28,0.9521122807017545,0.33,1343192.4000000001,1.411764705882353,1,4.235294117647059,true,true,true,23867184.88277883,750000,true,0,500000,false
global-demand-boom,seed-3,CONSV,4,54,3188.75,0.9323830409356725,0.35,1116062.5,1.105263157894737,1.05,3.1578947368421053,true,true,true,32100154.17273796,750000,true,500000,500000,true
global-demand-boom,seed-3,VAP,4,50,4368.55,0.8515692007797271,0.28,1223194,1.2941176470588236,1,3.882352941176471,true,true,true,15758864.875764677,750000,true,0,500000,false
global-demand-boom,seed-3,MASS,5,50,1865.58,0.5454912280701755,0.25,466395,0.7083333333333334,1,2.125,true,true,true,39414781.70039486,750000,true,500000,500000,true
global-demand-boom,seed-3,BAL,5,61.0656,4015.82,0.9393730994152047,0.3,1204746,1,1,3,true,true,true,42133909.71088986,750000,true,500000,500000,true
global-demand-boom,seed-3,JPQ,5,53.76,4085.56,0.9556865497076024,0.33,1348234.8,1.411764705882353,1,4.235294117647059,true,true,true,24631250.72029173,750000,true,0,500000,false
global-demand-boom,seed-3,CONSV,5,57.68,3390.59,0.9914005847953217,0.35,1186706.5,1.105263157894737,1.05,3.1578947368421053,true,true,true,35704095.881759204,750000,true,500000,500000,true
global-demand-boom,seed-3,VAP,5,50,5088.96,0.992,0.28,1424908.8,1.2941176470588236,1,3.882352941176471,true,true,true,28219611.17764381,750000,true,500000,500000,true
global-demand-boom,seed-3,MASS,6,54,3358.24,0.9819415204678362,0.25,839560,0.7083333333333334,1,2.125,true,true,true,0,750000,false,0,500000,false
global-demand-boom,seed-3,BAL,6,64.180352,4189.67,0.9800397660818714,0.3,1256901,1,1,3,true,true,true,17053923.816023096,750000,true,0,500000,false
global-demand-boom,seed-3,JPQ,6,53.5344,4239.95,0.9918011695906432,0.33,1399183.5,1.411764705882353,1,4.235294117647059,true,true,true,22331038.45945012,750000,true,0,500000,false
global-demand-boom,seed-3,CONSV,6,61.0656,3188.75,0.9323830409356725,0.35,1116062.5,1.105263157894737,1.05,3.1578947368421053,true,true,true,34036272.73512684,750000,true,500000,500000,true
global-demand-boom,seed-3,VAP,6,54,5090.5,0.9923001949317739,0.28,1425340.0000000002,1.2941176470588236,1,3.882352941176471,true,true,true,17027532.95668778,750000,true,0,500000,false
global-demand-boom,seed-3,MASS,7,53.76,1905.98,0.5573040935672514,0.25,476495,0.7083333333333334,1,2.125,true,true,true,32618780.9181763,750000,true,250000,500000,true
global-demand-boom,seed-3,BAL,7,63.32953088,4141.44,0.968757894736842,0.3,1242431.9999999998,1,1,3,true,true,true,30449186.326382183,750000,true,500000,500000,true
global-demand-boom,seed-3,JPQ,7,53.322336,4247.21,0.9934994152046783,0.33,1401579.3,1.411764705882353,1,4.235294117647059,true,true,true,11952717.001996852,750000,true,0,500000,false
global-demand-boom,seed-3,CONSV,7,64.180352,3194.86,0.9341695906432749,0.35,1118201,1.105263157894737,1.05,3.1578947368421053,true,true,true,14553932.978614539,750000,true,0,500000,false
global-demand-boom,seed-3,VAP,7,53.76,5089.99,0.9922007797270955,0.28,1425197.2000000002,1.2941176470588236,1,3.882352941176471,true,true,true,27737091.883048132,750000,true,0,500000,false
global-demand-boom,seed-3,MASS,8,55.6096,3036.98,0.8880058479532164,0.25,759245,0.7083333333333334,1,2.125,true,true,true,0,750000,false,0,500000,false
global-demand-boom,seed-3,BAL,8,66.2631684096,3877.34,0.9069801169590643,0.3,1163202,1,1,3,true,true,true,32004336.07265679,750000,true,500000,500000,true
global-demand-boom,seed-3,JPQ,8,53.12299584,4254.05,0.9950994152046784,0.33,1403836.5,1.411764705882353,1,4.235294117647059,true,true,true,40882840.618571244,750000,true,500000,500000,true
global-demand-boom,seed-3,CONSV,8,63.32953088,3402.56,0.9949005847953216,0.35,1190896,1.105263157894737,1.05,3.1578947368421053,true,true,true,34718096.03698249,750000,true,500000,500000,true
global-demand-boom,seed-3,VAP,8,53.5344,5089.99,0.9922007797270955,0.28,1425197.2000000002,1.2941176470588236,1,3.882352941176471,true,true,true,36775196.63124102,750000,true,500000,500000,true
global-demand-boom,seed-3,MASS,9,55.273024,2170.82,0.6347426900584796,0.25,542705,0.7083333333333334,1,2.125,true,true,true,35179698.90378623,750000,true,500000,500000,true
global-demand-boom,seed-3,BAL,9,68.962114936832,4016.35,0.9394970760233918,0.3,1204905,1,1,3,true,true,true,42979489.65930109,750000,true,500000,500000,true
global-demand-boom,seed-3,JPQ,9,56.8731561728,4254.05,0.9950994152046784,0.33,1403836.5,1.411764705882353,1,4.235294117647059,true,true,true,48081974.4479043,750000,true,500000,500000,true
global-demand-boom,seed-3,CONSV,9,66.2631684096,3257.09,0.9523654970760235,0.35,1139981.5,1.105263157894737,1.05,3.1578947368421053,true,true,true,39824850.468951285,750000,true,500000,500000,true
global-demand-boom,seed-3,VAP,9,57.251647999999996,5098.71,0.9939005847953216,0.28,1427638.8,1.2941176470588236,1,3.882352941176471,true,true,true,32672912.479502678,750000,true,500000,500000,true
global-demand-boom,seed-3,MASS,10,58.85118208,3264,0.9543859649122807,0.25,816000,0.7083333333333334,1,2.125,true,true,true,1582920.846645996,750000,true,0,500000,false
global-demand-boom,seed-3,BAL,10,71.44514574188544,4010.46,0.938119298245614,0.3,1203138,1,1,3,true,true,true,45909447.40913765,750000,true,500000,500000,true
global-demand-boom,seed-3,JPQ,10,60.323303678976,4254.91,0.9953005847953216,0.33,1404120.3,1.411764705882353,1,4.235294117647059,true,true,true,55848832.68340165,750000,true,500000,500000,true
global-demand-boom,seed-3,CONSV,10,68.962114936832,3403.24,0.9950994152046783,0.35,1191134,1.105263157894737,1.05,3.1578947368421053,true,true,true,42741095.73980728,750000,true,500000,500000,true
global-demand-boom,seed-3,VAP,10,60.671516159999996,5106.4,0.9953996101364522,0.28,1429792.0000000002,1.2941176470588236,1,3.882352941176471,true,true,true,42146667.07646503,750000,true,500000,500000,true
global-demand-boom,seed-3,MASS,11,58.3201111552,1871.32,0.5471695906432749,0.25,467830,0.7083333333333334,1,2.125,true,true,true,36387186.11573179,750000,true,500000,500000,true
global-demand-boom,seed-3,BAL,11,73.7295340825346,4022,0.9408187134502924,0.3,1206600,1,1,3,true,true,true,53214744.86722553,750000,true,500000,500000,true
global-demand-boom,seed-3,JPQ,11,63.49743938465792,4255.34,0.9954011695906433,0.33,1404262.2,1.411764705882353,1,4.235294117647059,true,true,true,63371241.25493766,750000,true,500000,500000,true
global-demand-boom,seed-3,CONSV,11,71.44514574188544,3403.93,0.9367540419676642,0.35,1191375.5,1.105263157894737,1.05,3.1578947368421053,true,true,true,58846471.99502367,750000,true,500000,500000,true
global-demand-boom,seed-3,VAP,11,63.81779486719999,5106.4,0.9953996101364522,0.28,1429792.0000000002,1.2941176470588236,1,3.882352941176471,true,true,true,47942631.669080086,750000,true,500000,500000,true
global-demand-boom,seed-3,MASS,12,61.654502262784,3170.33,0.9269970760233918,0.25,792582.5,0.7083333333333334,1,2.125,true,true,true,29334792.687596202,750000,true,0,500000,false
global-demand-boom,seed-3,BAL,12,75.83117135593183,3916.98,0.9162526315789473,0.3,1175094,1,1,3,true,true,true,51014378.386159435,750000,true,500000,500000,true
global-demand-boom,seed-3,JPQ,12,66.41764423388528,4255.34,0.9954011695906433,0.33,1404262.2,1.411764705882353,1,4.235294117647059,true,true,true,62139957.929573834,750000,true,500000,500000,true
global-demand-boom,seed-3,CONSV,12,73.7295340825346,3385.98,0.9318142414860681,0.35,1185093,1.105263157894737,1.05,3.1578947368421053,true,true,true,50981675.19736017,750000,true,500000,500000,true
global-demand-boom,seed-3,VAP,12,66.71237127782399,5106.4,0.9953996101364522,0.28,1429792.0000000002,1.2941176470588236,1,3.882352941176471,true,true,true,61056667.9670779,750000,true,500000,500000,true
global-demand-boom,seed-3,MASS,13,60.955232127016956,3393.32,0.9921988304093567,0.25,848330,0.7083333333333334,1,2.125,true,true,true,24518377.75033468,750000,true,0,500000,false
global-demand-boom,seed-3,BAL,13,77.76467764745729,4067.49,0.951459649122807,0.3,1220247,1,1,3,true,true,true,57567388.855853945,750000,true,500000,500000,true
global-demand-boom,seed-3,JPQ,13,69.10423269517446,4255.34,0.9954011695906433,0.33,1404262.2,1.411764705882353,1,4.235294117647059,true,true,true,79604085.72593033,750000,true,500000,500000,true
global-demand-boom,seed-3,CONSV,13,75.83117135593183,3602.65,0.9914413484692123,0.35,1260927.5,1.105263157894737,1.05,3.1578947368421053,true,true,true,51150329.90307766,750000,true,500000,500000,true
global-demand-boom,seed-3,VAP,13,69.37538157559807,5106.4,0.9953996101364522,0.28,1429792.0000000002,1.2941176470588236,1,3.882352941176471,true,true,true,72373204.43054594,750000,true,500000,500000,true
global-demand-boom,seed-3,MASS,14,60.29791819939594,3339.94,0.9765906432748538,0.25,834985,0.7083333333333334,1,2.125,true,true,true,49562012.7452977,750000,true,500000,500000,true
global-demand-boom,seed-3,BAL,14,79.54350343566071,4052.39,0.947927485380117,0.3,1215717,1,1,3,true,true,true,78759063.68887734,750000,true,500000,500000,true
global-demand-boom,seed-3,JPQ,14,71.5758940795605,4255.34,0.9480011138958507,0.33,1404262.2,1.411764705882353,1,4.235294117647059,true,true,true,98693948.0621402,750000,true,500000,500000,true
global-demand-boom,seed-3,CONSV,14,77.76467764745729,3616.67,0.9952996216030272,0.35,1265834.5,1.105263157894737,1.05,3.1578947368421053,true,true,true,66393168.31330083,750000,true,500000,500000,true
global-demand-boom,seed-3,VAP,14,71.82535104955022,5106.4,0.9953996101364522,0.28,1429792.0000000002,1.2941176470588236,1,3.882352941176471,true,true,true,89243829.54863004,750000,true,500000,500000,true
global-demand-boom,seed-3,MASS,15,63.474084743444266,3081.22,0.9009415204678362,0.25,770305,0.7083333333333334,1,2.125,true,true,true,29807364.54849199,750000,true,0,500000,false
global-demand-boom,seed-3,BAL,15,81.18002316080785,3806.73,0.8904631578947368,0.3,1142019,1,1,3,true,true,true,89476117.22975567,750000,true,500000,500000,true
global-demand-boom,seed-3,JPQ,15,73.84982255319566,4467.2,0.9951991088833194,0.33,1474176,1.411764705882353,1,4.235294117647059,true,true,true,115466342.95920679,750000,true,500000,500000,true
global-demand-boom,seed-3,CONSV,15,79.54350343566071,3617.03,0.9953986928104576,0.35,1265960.5,1.105263157894737,1.05,3.1578947368421053,true,true,true,85104284.6715112,750000,true,500000,500000,true
global-demand-boom,seed-3,VAP,15,74.0793229655862,5106.4,0.9953996101364522,0.28,1429792.0000000002,1.2941176470588236,1,3.882352941176471,true,true,true,108605448.90730327,750000,true,500000,500000,true
global-demand-boom,seed-3,MASS,16,62.665639658837605,3070.01,0.8976637426900586,0.25,767502.5,0.7083333333333334,1,2.125,true,true,true,48284782.14700735,750000,true,500000,500000,true
global-demand-boom,seed-3,BAL,16,82.68562130794322,3836.68,0.8974690058479532,0.3,1151004,1,1,3,true,true,true,112340184.84788617,750000,true,500000,500000,true
global-demand-boom,seed-3,JPQ,16,75.94183674894,4468.1,0.9953996101364523,0.33,1474473,1.411764705882353,1,4.235294117647059,true,true,true,133201308.85511285,750000,true,500000,500000,true
global-demand-boom,seed-3,CONSV,16,81.18002316080785,3617.03,0.9953986928104576,0.35,1265960.5,1.105263157894737,1.05,3.1578947368421053,true,true,true,106250565.16430143,750000,true,500000,500000,true
global-demand-boom,seed-3,VAP,16,76.1529771283393,5106.4,0.9555836257309941,0.28,1429792.0000000002,1.2941176470588236,1,3.882352941176471,true,true,true,127926077.18551865,750000,true,500000,500000,true
global-demand-boom,seed-3,MASS,17,65.6523884861306,2955.91,0.8643011695906432,0.25,738977.5,0.7083333333333334,1,2.125,true,true,true,42914351.33026497,750000,true,500000,500000,true
global-demand-boom,seed-3,BAL,17,84.07077160330776,3933.53,0.9201239766081872,0.3,1180059,1,1,3,true,true,true,141841595.59564412,750000,true,500000,500000,true
global-demand-boom,seed-3,JPQ,17,77.8664898090248,4468.1,0.9953996101364523,0.33,1474473,1.411764705882353,1,4.235294117647059,true,true,true,154965953.83819085,750000,true,500000,500000,true
global-demand-boom,seed-3,CONSV,17,82.68562130794322,3617.4,0.9401949317738791,0.35,1266090,1.105263157894737,1.05,3.1578947368421053,true,true,true,127268590.98094139,750000,true,500000,500000,true
global-demand-boom,seed-3,VAP,17,78.06073895807216,5319.17,0.9954002339181287,0.28,1489367.6,1.2941176470588236,1,3.882352941176471,true,true,true,144171979.15977177,750000,true,500000,500000,true
global-demand-boom,seed-3,MASS,18,68.40019740724016,3060.54,0.8948947368421053,0.25,765135,0.7083333333333334,1,2.125,true,true,true,44825712.81457008,750000,true,500000,500000,true
global-demand-boom,seed-3,BAL,18,85.34510987504314,3933.92,0.9202152046783626,0.3,1180176,1,1,3,true,true,true,165474805.69380656,750000,true,500000,500000,true
global-demand-boom,seed-3,JPQ,18,79.63717062430281,4468.55,0.9954998607630187,0.33,1474621.5,1.411764705882353,1,4.235294117647059,true,true,true,172900010.71368158,750000,true,500000,500000,true
global-demand-boom,seed-3,CONSV,18,84.07077160330776,3750.75,0.9748538011695906,0.35,1312762.5,1.105263157894737,1.05,3.1578947368421053,true,true,true,145111809.109782,750000,true,500000,500000,true
global-demand-boom,seed-3,VAP,18,79.8158798414264,5319.17,0.9954002339181287,0.28,1489367.6,1.2941176470588236,1,3.882352941176471,true,true,true,161205055.40575856,750000,true,500000,500000,true
global-demand-boom,seed-3,MASS,19,70.92818161466094,3142.81,0.9189502923976608,0.25,785702.5,0.7083333333333334,1,2.125,true,true,true,66539766.27258536,750000,true,500000,500000,true
global-demand-boom,seed-3,BAL,19,86.51750108503968,3933.92,0.9202152046783626,0.3,1180176,1,1,3,true,true,true,199109096.3083393,750000,true,500000,500000,true
global-demand-boom,seed-3,JPQ,19,81.26619697435859,4468.55,0.9954998607630187,0.33,1474621.5,1.411764705882353,1,4.235294117647059,true,true,true,198877186.363268,750000,true,500000,500000,true
global-demand-boom,seed-3,CONSV,19,85.34510987504314,3715.13,0.9655958414554906,0.35,1300295.5,1.105263157894737,1.05,3.1578947368421053,true,true,true,168892084.67879137,750000,true,500000,500000,true
global-demand-boom,seed-3,VAP,19,81.43060945411229,5319.17,0.9954002339181287,0.28,1489367.6,1.2941176470588236,1,3.882352941176471,true,true,true,181675123.53521052,750000,true,500000,500000,true
global-demand-boom,seed-3,MASS,20,73.25392708548807,3136,0.9169590643274854,0.25,784000,0.7083333333333334,1,2.125,true,true,true,60487610.94251113,750000,true,500000,500000,true
global-demand-boom,seed-3,BAL,20,87.59610099823651,3933.92,0.9202152046783626,0.3,1180176,1,1,3,true,true,true,221904189.43744695,750000,true,500000,500000,true
global-demand-boom,seed-3,JPQ,20,82.76490121640991,4468.1,0.9501541733120681,0.33,1474473,1.411764705882353,1,4.235294117647059,true,true,true,220317223.3686843,750000,true,500000,500000,true
global-demand-boom,seed-3,CONSV,20,86.51750108503968,3654.41,0.9498141650422351,0.35,1279043.5,1.105263157894737,1.05,3.1578947368421053,true,true,true,192251223.9993598,750000,true,500000,500000,true
global-demand-boom,seed-3,VAP,20,82.9161606977833,5319.17,0.9954002339181287,0.28,1489367.6,1.2941176470588236,1,3.882352941176471,true,true,true,203111318.91851673,750000,true,500000,500000,true
global-demand-boom,seed-3,MASS,21,75.39361291864903,3104.7,0.9078070175438596,0.25,776175,0.7083333333333334,1,2.125,true,true,true,73110364.32558945,750000,true,500000,500000,true
global-demand-boom,seed-3,BAL,21,88.58841291837759,3933.92,0.9202152046783626,0.3,1180176,1,1,3,true,true,true,251630436.78326154,750000,true,500000,500000,true
global-demand-boom,seed-3,JPQ,21,84.14370911909711,4679.93,0.9952004253056885,0.33,1544376.9000000001,1.411764705882353,1,4.235294117647059,true,true,true,244742499.34262848,750000,true,500000,500000,true
global-demand-boom,seed-3,CONSV,21,87.59610099823651,3645.37,0.947464587394412,0.35,1275879.5,1.105263157894737,1.05,3.1578947368421053,true,true,true,216809193.10158527,750000,true,500000,500000,true
global-demand-boom,seed-3,VAP,21,84.28286784196064,5319.17,0.9954002339181287,0.28,1489367.6,1.2941176470588236,1,3.882352941176471,true,true,true,225319201.9960501,750000,true,500000,500000,true
global-demand-boom,seed-3,MASS,22,77.3621238851571,3052.59,0.8925701754385965,0.25,763147.5,0.7083333333333334,1,2.125,true,true,true,70354611.08117613,750000,true,500000,500000,true
global-demand-boom,seed-3,BAL,22,89.50133988490738,3933.92,0.9202152046783626,0.3,1180176,1,1,3,true,true,true,281332158.14489585,750000,true,500000,500000,true
global-demand-boom,seed-3,JPQ,22,85.41221238956935,4680.87,0.9954003189792663,0.33,1544687.1,1.411764705882353,1,4.235294117647059,true,true,true,269432272.2104445,750000,true,500000,500000,true
global-demand-boom,seed-3,CONSV,22,88.58841291837759,3662.99,0.9520441845354125,0.35,1282046.5,1.105263157894737,1.05,3.1578947368421053,true,true,true,242872400.08437365,750000,true,500000,500000,true
global-demand-boom,seed-3,VAP,22,85.54023841460379,5319.17,0.9571156095366622,0.28,1489367.6,1.2941176470588236,1,3.882352941176471,true,true,true,250280557.4069798,750000,true,500000,500000,true
global-demand-boom,seed-3,MASS,23,79.17315397434453,3047.42,0.5091762740183793,0.25,761855,0.7083333333333334,1,2.125,true,true,true,82795172.44885457,750000,true,500000,500000,true
global-demand-boom,seed-3,BAL,23,90.3412326941148,3933.92,0.9202152046783626,0.3,1180176,1,1,3,true,true,true,315864402.63520306,750000,true,0,500000,false
global-demand-boom,seed-3,JPQ,23,86.5792353984038,4680.87,0.9954003189792663,0.33,1544687.1,1.411764705882353,1,4.235294117647059,true,true,true,294906394.85940254,750000,true,500000,500000,true
global-demand-boom,seed-3,CONSV,23,89.50133988490738,3673.1,0.9546718648473034,0.35,1285585,1.105263157894737,1.05,3.1578947368421053,true,true,true,269918055.8905663,750000,true,500000,500000,true
global-demand-boom,seed-3,VAP,23,86.69701934143549,5530.82,0.9951992802519117,0.28,1548629.6,1.2941176470588236,1,3.882352941176471,true,true,true,274345612.5611773,750000,true,500000,500000,true
global-demand-boom,seed-3,MASS,24,80.83930165639697,2232.13,0.3071386308909529,0.25,558032.5,0.7083333333333334,1,2.125,true,true,true,62281548.25900304,750000,true,0,500000,false
global-demand-boom,seed-3,BAL,24,87.9207587324679,3891.82,0.9103672514619884,0.3,1167546,1,1,3,true,true,true,343935851.73029697,750000,true,500000,500000,true
global-demand-boom,seed-3,JPQ,24,87.6528965665315,4680.87,0.9954003189792663,0.33,1544687.1,1.411764705882353,1,4.235294117647059,true,true,true,318233463.11525476,750000,true,500000,500000,true
global-demand-boom,seed-3,CONSV,24,90.3412326941148,3796.75,0.986809616634178,0.35,1328862.5,1.105263157894737,1.05,3.1578947368421053,true,true,true,292204438.53261054,750000,true,0,500000,false
global-demand-boom,seed-3,VAP,24,87.76125779412065,5531.94,0.9954008097165992,0.28,1548943.2000000002,1.2941176470588236,1,3.882352941176471,true,true,true,298126422.735062,750000,true,500000,500000,true
global-demand-boom,seed-3,MASS,25,78.98894355701316,5297.5599999999995,0.6195976608187134,0.25,1324389.9999999998,0.7083333333333334,1,2.125,true,true,true,95341326.50576459,750000,true,500000,500000,true
global-demand-boom,seed-3,BAL,25,88.88709803387047,3891.82,0.8670164299637985,0.3,1167546,1,1,3,true,true,true,372504669.8932617,750000,true,500000,500000,true
global-demand-boom,seed-3,JPQ,25,88.64066484120897,4680.87,0.9954003189792663,0.33,1544687.1,1.411764705882353,1,4.235294117647059,true,true,true,345904618.5550137,750000,true,500000,500000,true
global-demand-boom,seed-3,CONSV,25,87.9207587324679,3829.42,0.9953008447043535,0.35,1340297,1.105263157894737,1.05,3.1578947368421053,true,true,true,317330483.9307346,750000,true,500000,500000,true
global-demand-boom,seed-3,VAP,25,88.740357170591,5531.94,0.9954008097165992,0.28,1548943.2000000002,1.2941176470588236,1,3.882352941176471,true,true,true,321137231.79136443,750000,true,500000,500000,true
global-demand-boom,seed-3,MASS,26,80.6698280724521,3940.42,0.4608678362573099,0.25,985105,0.7083333333333334,1,2.125,true,true,true,108766186.1577641,750000,true,0,500000,false
global-demand-boom,seed-3,BAL,26,89.77613019116083,4059.9,0.9044611528822055,0.3,1217970,1,1,3,true,true,true,410902980.8834498,750000,true,500000,500000,true
global-demand-boom,seed-3,JPQ,26,89.54941165391226,4680.87,0.9521220442410373,0.33,1544687.1,1.411764705882353,1,4.235294117647059,true,true,true,374922151.9165464,750000,true,500000,500000,true
global-demand-boom,seed-3,CONSV,26,88.88709803387047,3816.24,0.9918752436647172,0.35,1335684,1.105263157894737,1.05,3.1578947368421053,true,true,true,345251794.5505516,750000,true,500000,500000,true
global-demand-boom,seed-3,VAP,26,89.64112859694372,5531.94,0.9954008097165992,0.28,1548943.2000000002,1.2941176470588236,1,3.882352941176471,true,true,true,347325377.0840046,750000,true,500000,500000,true
global-demand-boom,seed-3,MASS,27,78.82963838810498,6129.030000000001,0.5514197031039136,0.25,1532257.5000000002,0.7083333333333334,1,2.125,true,true,true,135235428.88428882,750000,true,500000,500000,true
global-demand-boom,seed-3,BAL,27,90.59403977586797,4060.31,0.904552492341966,0.3,1218093,1,1,3,true,true,true,436498705.19316655,750000,true,0,500000,false
global-demand-boom,seed-3,JPQ,27,90.38545872159928,4892.65,0.9951995931858632,0.33,1614574.5,1.411764705882353,1,4.235294117647059,true,true,true,395496795.9504965,750000,true,0,500000,false
global-demand-boom,seed-3,CONSV,27,89.77613019116083,3790.43,0.9851669915529564,0.35,1326650.5,1.105263157894737,1.05,3.1578947368421053,true,true,true,371500988.5847052,750000,true,500000,500000,true
global-demand-boom,seed-3,VAP,27,90.46983830918822,5531.94,0.9954008097165992,0.28,1548943.2000000002,1.2941176470588236,1,3.882352941176471,true,true,true,373718248.87445784,750000,true,0,500000,false
global-demand-boom,seed-3,MASS,28,80.52326731705658,3974.69,0.3206041540633192,0.25,993672.5,0.7083333333333334,1,2.125,true,true,true,132086084.72774649,750000,true,0,500000,false
global-demand-boom,seed-3,BAL,28,88.1583973893159,4060.31,0.5756243133085238,0.3,1218093,1,1,3,true,true,true,469396974.1340683,750000,true,500000,500000,true
global-demand-boom,seed-3,JPQ,28,87.96233119830332,4893.64,0.995400966183575,0.33,1614901.2000000002,1.411764705882353,1,4.235294117647059,true,true,true,420452422.4936173,750000,true,500000,500000,true
global-demand-boom,seed-3,CONSV,28,90.59403977586797,3785.91,0.9839922027290448,0.35,1325068.5,1.105263157894737,1.05,3.1578947368421053,true,true,true,400682982.87306964,750000,true,0,500000,false
global-demand-boom,seed-3,VAP,28,88.04164801063692,5531.94,0.9585341130604288,0.28,1548943.2000000002,1.2941176470588236,1,3.882352941176471,true,true,true,402540382.1030468,750000,true,500000,500000,true
global-demand-boom,seed-3,MASS,29,78.69187127803318,7148.639999999999,0.5225614035087719,0.25,1787159.9999999998,0.7083333333333334,1,2.125,true,true,true,114799754.04175329,750000,true,500000,500000,true
global-demand-boom,seed-3,BAL,29,89.10572559817062,5382.69,0.6456968061178587,0.3,1614807,1,1,3,true,true,true,461809550.82092255,750000,true,500000,500000,true
global-demand-boom,seed-3,JPQ,29,88.92534470243905,4894.13,0.9955006356470888,0.33,1615062.9000000001,1.411764705882353,1,4.235294117647059,true,true,true,440726598.6191037,750000,true,500000,500000,true
global-demand-boom,seed-3,CONSV,29,88.1583973893159,3792.56,0.9857205977907733,0.35,1327396,1.105263157894737,1.05,3.1578947368421053,true,true,true,424339458.7208192,750000,true,500000,500000,true
global-demand-boom,seed-3,VAP,29,88.99831616978597,5743.55,0.9952003465453758,0.28,1608194.0000000002,1.2941176470588236,1,3.882352941176471,true,true,true,424637619.1964172,750000,true,500000,500000,true
global-demand-boom,seed-3,MASS,30,80.39652157579052,4130.17,0.30191301169590645,0.25,1032542.5,0.7083333333333334,1,2.125,true,true,true,166486265.61815768,750000,true,0,500000,false
global-demand-boom,seed-3,BAL,30,89.97726755031697,6300.04,0.6549749187784275,0.3,1890012,1,1,3,true,true,true,469447770.9790433,750000,true,500000,500000,true
global-demand-boom,seed-3,JPQ,30,89.81131712624392,4894.13,0.9955006356470888,0.33,1615062.9000000001,1.411764705882353,1,4.235294117647059,true,true,true,461921904.61979014,750000,true,500000,500000,true
global-demand-boom,seed-3,CONSV,30,89.10572559817062,3797.62,0.9870357374918778,0.35,1329167,1.105263157894737,1.05,3.1578947368421053,true,true,true,449353108.55973095,750000,true,500000,500000,true
global-demand-boom,seed-3,VAP,30,89.87845087620309,5744.13,0.9953008447043535,0.28,1608356.4000000001,1.2941176470588236,1,3.882352941176471,true,true,true,448723888.7417994,750000,true,500000,500000,true
global-demand-boom,seed-3,MASS,31,78.57273028124308,7427.12,0.5429181286549708,0.25,1856780,0.7083333333333334,1,2.125,true,true,true,206177004.16263843,750000,true,500000,500000,true
global-demand-boom,seed-3,BAL,31,90.7790861462916,7468.84,0.7764875893437297,0.3,2240652,1,1,3,true,true,true,475363004.9159243,750000,true,0,500000,false
global-demand-boom,seed-3,JPQ,31,90.6264117561444,4894.13,0.9955006356470888,0.33,1615062.9000000001,1.411764705882353,1,4.235294117647059,true,true,true,479458067.8843002,750000,true,0,500000,false
global-demand-boom,seed-3,CONSV,31,89.97726755031697,3797.09,0.9868979857050033,0.35,1328981.5,1.105263157894737,1.05,3.1578947368421053,true,true,true,474793977.61876225,750000,true,500000,500000,true
global-demand-boom,seed-3,VAP,31,90.68817480610684,5744.7,0.9953996101364522,0.28,1608516.0000000002,1.2941176470588236,1,3.882352941176471,true,true,true,473932416.0159539,750000,true,0,500000,false
global-demand-boom,seed-3,MASS,32,80.28691185874364,6522.950000000001,0.4768238304093568,0.25,1630737.5000000002,0.7083333333333334,1,2.125,true,true,true,251763433.74358627,750000,true,0,500000,false
global-demand-boom,seed-3,BAL,32,88.33234097751411,7742.33,0.8049205977907732,0.3,2322699,1,1,3,true,true,true,488918768.7064711,750000,true,500000,500000,true
global-demand-boom,seed-3,JPQ,32,88.18882705077574,4894.13,0.6360142949967511,0.33,1615062.9000000001,1.411764705882353,1,4.235294117647059,true,true,true,508507346.1766905,750000,true,500000,500000,true
global-demand-boom,seed-3,CONSV,32,90.7790861462916,3794.75,0.9862897985705004,0.35,1328162.5,1.105263157894737,1.05,3.1578947368421053,true,true,true,503692015.13812536,750000,true,0,500000,false
global-demand-boom,seed-3,VAP,32,88.24688431774044,5744.7,0.9953996101364522,0.28,1608516.0000000002,1.2941176470588236,1,3.882352941176471,true,true,true,502156300.30258936,750000,true,500000,500000,true
global-demand-boom,seed-4,MASS,1,50,0,0,0.25,0,0.7083333333333334,1,2.125,false,false,false,30000000,750000,true,0,0,true
global-demand-boom,seed-4,BAL,1,50,0,0,0.3,0,1,1,3,false,false,false,30000000,750000,true,0,0,true
global-demand-boom,seed-4,JPQ,1,50,0,0,0.33,0,1.411764705882353,1,4.235294117647059,false,false,false,25000000,750000,true,0,0,true
global-demand-boom,seed-4,CONSV,1,50,0,0,0.35,0,1.105263157894737,1.05,3.1578947368421053,false,false,false,35000000,750000,true,0,0,true
global-demand-boom,seed-4,VAP,1,50,0,0,0.28,0,1.2941176470588236,1,3.882352941176471,false,false,false,22000000,750000,true,0,0,true
global-demand-boom,seed-4,MASS,2,50,2676.59,0.7826286549707603,0.25,669147.5,0.7083333333333334,1,2.125,true,true,true,14530663.532499146,750000,true,0,500000,false
global-demand-boom,seed-4,BAL,2,50,3935.21,0.9205169590643275,0.3,1180563,1,1,3,true,true,true,41575441.369690195,750000,true,500000,500000,true
global-demand-boom,seed-4,JPQ,2,50,2509.76,0.5870783625730994,0.33,828220.8,1.411764705882353,1,4.235294117647059,true,true,true,14494279.701722093,750000,true,0,500000,false
global-demand-boom,seed-4,CONSV,2,50,2128.14,0.6222631578947369,0.35,744849,1.105263157894737,1.05,3.1578947368421053,true,true,true,10878104.155727632,750000,true,0,500000,false
global-demand-boom,seed-4,VAP,2,50,5093.06,0.9927992202729046,0.28,1426056.8,1.2941176470588236,1,3.882352941176471,true,true,true,20033387.12761445,750000,true,0,500000,false
global-demand-boom,seed-4,MASS,3,50,0,0,0.25,0,0.7083333333333334,1,2.125,false,false,false,39963690.43433218,750000,true,0,0,true
global-demand-boom,seed-4,BAL,3,54,3739.1,0.8746432748538011,0.3,1121730,1,1,3,true,true,true,37661558.07630012,750000,true,500000,500000,true
global-demand-boom,seed-4,JPQ,3,50,3797.33,0.8882643274853801,0.33,1253118.9000000001,1.411764705882353,1,4.235294117647059,true,true,true,31070519.6259339,750000,true,500000,500000,true
global-demand-boom,seed-4,CONSV,3,50,2959.32,0.8652982456140351,0.35,1035761.9999999999,1.105263157894737,1.05,3.1578947368421053,true,true,true,35401662.15391566,750000,true,500000,500000,true
global-demand-boom,seed-4,VAP,3,50,0,0,0.28,0,1.2941176470588236,1,3.882352941176471,false,false,false,21899996.419740282,750000,true,0,0,true
global-demand-boom,seed-4,MASS,4,50,3394.35,0.9924999999999999,0.25,848587.5,0.7083333333333334,1,2.125,true,true,true,5735289.273696281,750000,true,0,500000,false
global-demand-boom,seed-4,BAL,4,57.68,3600.66,0.8422596491228069,0.3,1080198,1,1,3,true,true,true,36615426.93081418,750000,true,500000,500000,true
global-demand-boom,seed-4,JPQ,4,54,4070.37,0.9521333333333333,0.33,1343222.1,1.411764705882353,1,4.235294117647059,true,true,true,24263932.2027174,750000,true,0,500000,false
global-demand-boom,seed-4,CONSV,4,54,3188.75,0.9323830409356725,0.35,1116062.5,1.105263157894737,1.05,3.1578947368421053,true,true,true,32368639.29060161,750000,true,500000,500000,true
global-demand-boom,seed-4,VAP,4,50,4375.66,0.8529551656920078,0.28,1225184.8,1.2941176470588236,1,3.882352941176471,true,true,true,15975499.944647517,750000,true,0,500000,false
global-demand-boom,seed-4,MASS,5,50,1893.77,0.5537339181286549,0.25,473442.5,0.7083333333333334,1,2.125,true,true,true,38849362.112885594,750000,true,500000,500000,true
global-demand-boom,seed-4,BAL,5,61.0656,4022.6,0.9409590643274853,0.3,1206780,1,1,3,true,true,true,41091691.00597509,750000,true,500000,500000,true
global-demand-boom,seed-4,JPQ,5,53.76,4086.03,0.9557964912280702,0.33,1348389.9000000001,1.411764705882353,1,4.235294117647059,true,true,true,23127773.761095054,750000,true,0,500000,false
global-demand-boom,seed-4,CONSV,5,57.68,3390.59,0.9914005847953217,0.35,1186706.5,1.105263157894737,1.05,3.1578947368421053,true,true,true,34850276.964271195,750000,true,500000,500000,true
global-demand-boom,seed-4,VAP,5,50,5088.96,0.992,0.28,1424908.8,1.2941176470588236,1,3.882352941176471,true,true,true,26288743.023823194,750000,true,0,500000,false
global-demand-boom,seed-4,MASS,6,54,3372.1,0.9859941520467836,0.25,843025,0.7083333333333334,1,2.125,true,true,true,0,750000,false,0,500000,false
global-demand-boom,seed-4,BAL,6,64.180352,4184.18,0.9787555555555556,0.3,1255254,1,1,3,true,true,true,17225324.224500377,750000,true,0,500000,false
global-demand-boom,seed-4,JPQ,6,53.5344,4239.95,0.9918011695906432,0.33,1399183.5,1.411764705882353,1,4.235294117647059,true,true,true,24113678.802920002,750000,true,0,500000,false
global-demand-boom,seed-4,CONSV,6,61.0656,3188.75,0.9323830409356725,0.35,1116062.5,1.105263157894737,1.05,3.1578947368421053,true,true,true,33960913.99980302,750000,true,500000,500000,true
global-demand-boom,seed-4,VAP,6,50,5090.5,0.9923001949317739,0.28,1425340.0000000002,1.2941176470588236,1,3.882352941176471,true,true,true,17030089.869429834,750000,true,0,500000,false
global-demand-boom,seed-4,MASS,7,53.76,1937.07,0.5663947368421053,0.25,484267.5,0.7083333333333334,1,2.125,true,true,true,33784815.162221335,750000,true,500000,500000,true
global-demand-boom,seed-4,BAL,7,63.32953088,4137.12,0.9677473684210526,0.3,1241136,1,1,3,true,true,true,32304810.609187312,750000,true,500000,500000,true
global-demand-boom,seed-4,JPQ,7,53.322336,4247.21,0.9934994152046783,0.33,1401579.3,1.411764705882353,1,4.235294117647059,true,true,true,13718682.626957005,750000,true,0,500000,false
global-demand-boom,seed-4,CONSV,7,64.180352,3194.86,0.9341695906432749,0.35,1118201,1.105263157894737,1.05,3.1578947368421053,true,true,true,15877090.949819773,750000,true,0,500000,false
global-demand-boom,seed-4,VAP,7,50,5089.99,0.9922007797270955,0.28,1425197.2000000002,1.2941176470588236,1,3.882352941176471,true,true,true,31149323.391292818,750000,true,500000,500000,true
global-demand-boom,seed-4,MASS,8,57.459199999999996,3185.64,0.9314736842105262,0.25,796410,0.7083333333333334,1,2.125,true,true,true,0,750000,false,0,500000,false
global-demand-boom,seed-4,BAL,8,66.2631684096,3876.93,0.9068842105263157,0.3,1163079,1,1,3,true,true,true,28180721.457444783,750000,true,0,500000,false
global-demand-boom,seed-4,JPQ,8,53.12299584,4254.05,0.9950994152046784,0.33,1403836.5,1.411764705882353,1,4.235294117647059,true,true,true,38778359.7017519,750000,true,500000,500000,true
global-demand-boom,seed-4,CONSV,8,63.32953088,3402.56,0.9949005847953216,0.35,1190896,1.105263157894737,1.05,3.1578947368421053,true,true,true,33320121.09929146,750000,true,500000,500000,true
global-demand-boom,seed-4,VAP,8,54,5089.99,0.9922007797270955,0.28,1425197.2000000002,1.2941176470588236,1,3.882352941176471,true,true,true,38701716.42491074,750000,true,500000,500000,true
global-demand-boom,seed-4,MASS,9,57.011647999999994,1041.19,0.3044415204678363,0.25,260297.5,0.7083333333333334,1,2.125,true,true,true,39247001.52356218,750000,true,0,500000,false
global-demand-boom,seed-4,BAL,9,65.28737830502399,4042.17,0.9455368421052631,0.3,1212651,1,1,3,true,true,true,43873775.64288445,750000,true,500000,500000,true
global-demand-boom,seed-4,JPQ,9,56.8731561728,4254.05,0.9950994152046784,0.33,1403836.5,1.411764705882353,1,4.235294117647059,true,true,true,48720733.99140723,750000,true,500000,500000,true
global-demand-boom,seed-4,CONSV,9,66.2631684096,3257.09,0.9523654970760235,0.35,1139981.5,1.105263157894737,1.05,3.1578947368421053,true,true,true,38459526.394009456,750000,true,500000,500000,true
global-demand-boom,seed-4,VAP,9,57.68,5089.99,0.9922007797270955,0.28,1425197.2000000002,1.2941176470588236,1,3.882352941176471,true,true,true,33913580.7220616,750000,true,500000,500000,true
global-demand-boom,seed-4,MASS,10,56.59094911999999,3385.46,0.9899005847953216,0.25,846365,0.7083333333333334,1,2.125,true,true,true,0,750000,false,0,500000,false
global-demand-boom,seed-4,BAL,10,68.06438804062208,4015.52,0.9393029239766082,0.3,1204656,1,1,3,true,true,true,49316863.727991834,750000,true,500000,500000,true
global-demand-boom,seed-4,JPQ,10,60.323303678976,4254.91,0.9953005847953216,0.33,1404120.3,1.411764705882353,1,4.235294117647059,true,true,true,56448914.393213294,750000,true,500000,500000,true
global-demand-boom,seed-4,CONSV,10,68.962114936832,3403.24,0.9950994152046783,0.35,1191134,1.105263157894737,1.05,3.1578947368421053,true,true,true,50801495.18205147,750000,true,500000,500000,true
global-demand-boom,seed-4,VAP,10,61.0656,4617,0.9,0.28,1292760.0000000002,1.2941176470588236,1,3.882352941176471,true,true,true,43634862.54970393,750000,true,500000,500000,true
global-demand-boom,seed-4,MASS,11,56.19549217279999,3061.9,0.8952923976608187,0.25,765475,0.7083333333333334,1,2.125,true,true,true,44519389.51448429,750000,true,500000,500000,true
global-demand-boom,seed-4,BAL,11,70.61923699737231,4022.07,0.9408350877192982,0.3,1206621,1,1,3,true,true,true,58316433.30733889,750000,true,500000,500000,true
global-demand-boom,seed-4,JPQ,11,63.49743938465792,4255.34,0.9954011695906433,0.33,1404262.2,1.411764705882353,1,4.235294117647059,true,true,true,65344089.802546784,750000,true,500000,500000,true
global-demand-boom,seed-4,CONSV,11,71.44514574188544,3403.93,0.9367540419676642,0.35,1191375.5,1.105263157894737,1.05,3.1578947368421053,true,true,true,59497834.88106866,750000,true,500000,500000,true
global-demand-boom,seed-4,VAP,11,64.180352,5098.71,0.9939005847953216,0.28,1427638.8,1.2941176470588236,1,3.882352941176471,true,true,true,43138437.166851,750000,true,500000,500000,true
global-demand-boom,seed-4,MASS,12,59.69985279897599,2811.29,0.8220146198830409,0.25,702822.5,0.7083333333333334,1,2.125,true,true,true,32563947.717648204,750000,true,0,500000,false
global-demand-boom,seed-4,BAL,12,72.96969803758253,3981.36,0.9313122807017544,0.3,1194408,1,1,3,true,true,true,56644812.742254175,750000,true,500000,500000,true
global-demand-boom,seed-4,JPQ,12,66.41764423388528,4255.34,0.9954011695906433,0.33,1404262.2,1.411764705882353,1,4.235294117647059,true,true,true,64693061.82843767,750000,true,500000,500000,true
global-demand-boom,seed-4,CONSV,12,73.7295340825346,3616.31,0.9952005503955969,0.35,1265708.5,1.105263157894737,1.05,3.1578947368421053,true,true,true,60337977.02179054,750000,true,500000,500000,true
global-demand-boom,seed-4,VAP,12,67.04592384,4617,0.9,0.28,1292760.0000000002,1.2941176470588236,1,3.882352941176471,true,true,true,58535390.15836355,750000,true,500000,500000,true
global-demand-boom,seed-4,MASS,13,59.11786163103743,3008.05,0.879546783625731,0.25,752012.5,0.7083333333333334,1,2.125,true,true,true,23057210.733328946,750000,true,0,500000,false
global-demand-boom,seed-4,BAL,13,75.13212219457593,4008.47,0.9376538011695906,0.3,1202541,1,1,3,true,true,true,60965840.89378236,750000,true,500000,500000,true
global-demand-boom,seed-4,JPQ,13,69.10423269517446,4255.34,0.9954011695906433,0.33,1404262.2,1.411764705882353,1,4.235294117647059,true,true,true,82580105.67621373,750000,true,500000,500000,true
global-demand-boom,seed-4,CONSV,13,75.83117135593183,3616.67,0.9952996216030272,0.35,1265834.5,1.105263157894737,1.05,3.1578947368421053,true,true,true,64551302.37766789,750000,true,500000,500000,true
global-demand-boom,seed-4,VAP,13,69.6822499328,5106.4,0.9953996101364522,0.28,1429792.0000000002,1.2941176470588236,1,3.882352941176471,true,true,true,69886559.750655,750000,true,500000,500000,true
global-demand-boom,seed-4,MASS,14,58.57078993317518,3165.81,0.9256754385964913,0.25,791452.5,0.7083333333333334,1,2.125,true,true,true,48482009.899537265,750000,true,500000,500000,true
global-demand-boom,seed-4,BAL,14,77.12155241900986,4009.23,0.9378315789473685,0.3,1202769,1,1,3,true,true,true,78903110.4116756,750000,true,500000,500000,true
global-demand-boom,seed-4,JPQ,14,71.5758940795605,4255.34,0.9954011695906433,0.33,1404262.2,1.411764705882353,1,4.235294117647059,true,true,true,100193273.52241361,750000,true,500000,500000,true
global-demand-boom,seed-4,CONSV,14,77.76467764745729,3616.67,0.9952996216030272,0.35,1265834.5,1.105263157894737,1.05,3.1578947368421053,true,true,true,70108480.67589247,750000,true,500000,500000,true
global-demand-boom,seed-4,VAP,14,72.107669938176,5106.4,0.9555836257309941,0.28,1429792.0000000002,1.2941176470588236,1,3.882352941176471,true,true,true,87067015.3172368,750000,true,500000,500000,true
global-demand-boom,seed-4,MASS,15,61.885126738521166,3154.13,0.9222602339181287,0.25,788532.5,0.7083333333333334,1,2.125,true,true,true,35502625.00894129,750000,true,0,500000,false
global-demand-boom,seed-4,BAL,15,78.95182822548907,3881.21,0.9078853801169591,0.3,1164363,1,1,3,true,true,true,91330931.06823269,750000,true,500000,500000,true
global-demand-boom,seed-4,JPQ,15,73.84982255319566,4255.34,0.9480011138958507,0.33,1404262.2,1.411764705882353,1,4.235294117647059,true,true,true,120376967.53492624,750000,true,500000,500000,true
global-demand-boom,seed-4,CONSV,15,79.54350343566071,3616.67,0.9952996216030272,0.35,1265834.5,1.105263157894737,1.05,3.1578947368421053,true,true,true,86113595.16947804,750000,true,500000,500000,true
global-demand-boom,seed-4,VAP,15,74.33905634312192,5319.17,0.9954002339181287,0.28,1489367.6,1.2941176470588236,1,3.882352941176471,true,true,true,103170157.69699621,750000,true,500000,500000,true
global-demand-boom,seed-4,MASS,16,61.1720191342099,3156.05,0.9228216374269006,0.25,789012.5,0.7083333333333334,1,2.125,true,true,true,49597241.967192255,750000,true,500000,500000,true
global-demand-boom,seed-4,BAL,16,80.63568196744994,3833.49,0.8967228070175438,0.3,1150047,1,1,3,true,true,true,114787976.80709665,750000,true,500000,500000,true
global-demand-boom,seed-4,JPQ,16,75.94183674894,4467.2,0.9951991088833194,0.33,1474176,1.411764705882353,1,4.235294117647059,true,true,true,137147621.44929478,750000,true,500000,500000,true
global-demand-boom,seed-4,CONSV,16,81.18002316080785,3571.98,0.983001031991744,0.35,1250193,1.105263157894737,1.05,3.1578947368421053,true,true,true,105416646.33684398,750000,true,500000,500000,true
global-demand-boom,seed-4,VAP,16,76.39193183567217,5319.17,0.9954002339181287,0.28,1489367.6,1.2941176470588236,1,3.882352941176471,true,true,true,121066550.4837862,750000,true,500000,500000,true
global-demand-boom,seed-4,MASS,17,64.27825760347311,3161.1,0.9242982456140351,0.25,790275,0.7083333333333334,1,2.125,true,true,true,51123135.72203161,750000,true,500000,500000,true
global-demand-boom,seed-4,BAL,17,82.18482741005394,3920,0.9169590643274854,0.3,1176000,1,1,3,true,true,true,136881826.51753074,750000,true,500000,500000,true
global-demand-boom,seed-4,JPQ,17,77.8664898090248,4468.1,0.9953996101364523,0.33,1474473,1.411764705882353,1,4.235294117647059,true,true,true,154581689.25604492,750000,true,500000,500000,true
global-demand-boom,seed-4,CONSV,17,82.68562130794322,3447.53,0.8960441845354127,0.35,1206635.5,1.105263157894737,1.05,3.1578947368421053,true,true,true,122725886.54328379,750000,true,500000,500000,true
global-demand-boom,seed-4,VAP,17,78.28057728881839,5319.17,0.9954002339181287,0.28,1489367.6,1.2941176470588236,1,3.882352941176471,true,true,true,135946264.77473068,750000,true,500000,500000,true
global-demand-boom,seed-4,MASS,18,67.13599699519526,3162.21,0.9246228070175438,0.25,790552.5,0.7083333333333334,1,2.125,true,true,true,56277417.7497209,750000,true,500000,500000,true
global-demand-boom,seed-4,BAL,18,83.61004121724963,3933.92,0.9202152046783626,0.3,1180176,1,1,3,true,true,true,168359360.83480936,750000,true,500000,500000,true
global-demand-boom,seed-4,JPQ,18,79.63717062430281,4468.55,0.9954998607630187,0.33,1474621.5,1.411764705882353,1,4.235294117647059,true,true,true,175427497.95647043,750000,true,500000,500000,true
global-demand-boom,seed-4,CONSV,18,84.07077160330776,3621.49,0.9412579597141,0.35,1267521.5,1.105263157894737,1.05,3.1578947368421053,true,true,true,144997330.24084154,750000,true,500000,500000,true
global-demand-boom,seed-4,VAP,18,80.01813110571292,5319.17,0.9954002339181287,0.28,1489367.6,1.2941176470588236,1,3.882352941176471,true,true,true,155345423.44744018,750000,true,500000,500000,true
global-demand-boom,seed-4,MASS,19,69.76511723557964,3107.34,0.908578947368421,0.25,776835,0.7083333333333334,1,2.125,true,true,true,47927679.85250139,750000,true,500000,500000,true
global-demand-boom,seed-4,BAL,19,84.92123791986965,3933.92,0.9202152046783626,0.3,1180176,1,1,3,true,true,true,196554593.01192552,750000,true,500000,500000,true
global-demand-boom,seed-4,JPQ,19,81.26619697435859,4467.65,0.9952993595098858,0.33,1474324.5,1.411764705882353,1,4.235294117647059,true,true,true,196333338.55701017,750000,true,500000,500000,true
global-demand-boom,seed-4,CONSV,19,85.34510987504314,3703.55,0.9625860948667967,0.35,1296242.5,1.105263157894737,1.05,3.1578947368421053,true,true,true,167191676.61906442,750000,true,500000,500000,true
global-demand-boom,seed-4,VAP,19,81.6166806172559,5319.17,0.9954002339181287,0.28,1489367.6,1.2941176470588236,1,3.882352941176471,true,true,true,176916838.49438068,750000,true,500000,500000,true
global-demand-boom,seed-4,MASS,20,72.18390785673327,3088.41,0.9030438596491228,0.25,772102.5,0.7083333333333334,1,2.125,true,true,true,55635497.91863118,750000,true,500000,500000,true
global-demand-boom,seed-4,BAL,20,86.12753888628008,3933.92,0.9202152046783626,0.3,1180176,1,1,3,true,true,true,222457406.9431016,750000,true,500000,500000,true
global-demand-boom,seed-4,JPQ,20,82.76490121640991,4468.1,0.9953996101364523,0.33,1474473,1.411764705882353,1,4.235294117647059,true,true,true,220649183.82247436,750000,true,500000,500000,true
global-demand-boom,seed-4,CONSV,20,86.51750108503968,3696.1,0.9606497725795972,0.35,1293635,1.105263157894737,1.05,3.1578947368421053,true,true,true,190590897.77148372,750000,true,500000,500000,true
global-demand-boom,seed-4,VAP,20,83.08734616787542,5319.17,0.9571156095366622,0.28,1489367.6,1.2941176470588236,1,3.882352941176471,true,true,true,199801406.4801155,750000,true,500000,500000,true
global-demand-boom,seed-4,MASS,21,74.4091952281946,3099.19,0.9061959064327485,0.25,774797.5,0.7083333333333334,1,2.125,true,true,true,57317605.92680479,750000,true,500000,500000,true
global-demand-boom,seed-4,BAL,21,87.23733577537767,3933.92,0.9202152046783626,0.3,1180176,1,1,3,true,true,true,244938509.79800484,750000,true,500000,500000,true
global-demand-boom,seed-4,JPQ,21,84.14370911909711,4468.1,0.9501541733120681,0.33,1474473,1.411764705882353,1,4.235294117647059,true,true,true,243252886.84618586,750000,true,500000,500000,true
global-demand-boom,seed-4,CONSV,21,87.59610099823651,3664.52,0.952441845354126,0.35,1282582,1.105263157894737,1.05,3.1578947368421053,true,true,true,211003691.23214227,750000,true,500000,500000,true
global-demand-boom,seed-4,VAP,21,84.44035847444539,5530.82,0.9951992802519117,0.28,1548629.6,1.2941176470588236,1,3.882352941176471,true,true,true,216613595.30428225,750000,true,500000,500000,true
global-demand-boom,seed-4,MASS,22,76.45645960993903,3110.52,0.519719298245614,0.25,777630,0.7083333333333334,1,2.125,true,true,true,79391195.46552789,750000,true,500000,500000,true
global-demand-boom,seed-4,BAL,22,88.25834891334746,3933.92,0.9202152046783626,0.3,1180176,1,1,3,true,true,true,277706742.36945134,750000,true,500000,500000,true
global-demand-boom,seed-4,JPQ,22,85.41221238956935,4679.93,0.9952004253056885,0.33,1544376.9000000001,1.411764705882353,1,4.235294117647059,true,true,true,268035509.4373893,750000,true,500000,500000,true
global-demand-boom,seed-4,CONSV,22,88.58841291837759,3655.58,0.9501182586094866,0.35,1279453,1.105263157894737,1.05,3.1578947368421053,true,true,true,237280158.13923177,750000,true,500000,500000,true
global-demand-boom,seed-4,VAP,22,85.68512979648976,5531.94,0.9954008097165992,0.28,1548943.2000000002,1.2941176470588236,1,3.882352941176471,true,true,true,239198068.68716222,750000,true,500000,500000,true
global-demand-boom,seed-4,MASS,23,78.33994284114391,2018.47,0.2777392500859993,0.25,504617.5,0.7083333333333334,1,2.125,true,true,true,50866758.7700526,750000,true,0,500000,false
global-demand-boom,seed-4,BAL,23,89.19768100027966,3933.92,0.9202152046783626,0.3,1180176,1,1,3,true,true,true,309360543.51643306,750000,true,500000,500000,true
global-demand-boom,seed-4,JPQ,23,86.5792353984038,4680.87,0.9954003189792663,0.33,1544687.1,1.411764705882353,1,4.235294117647059,true,true,true,290888076.4579466,750000,true,500000,500000,true
global-demand-boom,seed-4,CONSV,23,89.50133988490738,3664.5,0.9524366471734893,0.35,1282575,1.105263157894737,1.05,3.1578947368421053,true,true,true,263013674.6343156,750000,true,500000,500000,true
global-demand-boom,seed-4,VAP,23,86.83031941277058,5531.94,0.9954008097165992,0.28,1548943.2000000002,1.2941176470588236,1,3.882352941176471,true,true,true,263459829.91555938,750000,true,500000,500000,true
global-demand-boom,seed-4,MASS,24,76.63954627067527,5411.97,0.6329789473684211,0.25,1352992.5,0.7083333333333334,1,2.125,true,true,true,85298391.50833967,750000,true,500000,500000,true
global-demand-boom,seed-4,BAL,24,90.06186652025728,3891.82,0.9103672514619884,0.3,1167546,1,1,3,true,true,true,338973450.9818769,750000,true,0,500000,false
global-demand-boom,seed-4,JPQ,24,87.6528965665315,4680.87,0.9954003189792663,0.33,1544687.1,1.411764705882353,1,4.235294117647059,true,true,true,313291600.3767428,750000,true,500000,500000,true
global-demand-boom,seed-4,CONSV,24,90.3412326941148,3796.29,0.9866900584795322,0.35,1328701.5,1.105263157894737,1.05,3.1578947368421053,true,true,true,286046529.5189237,750000,true,0,500000,false
global-demand-boom,seed-4,VAP,24,87.88389385974894,5531.94,0.9954008097165992,0.28,1548943.2000000002,1.2941176470588236,1,3.882352941176471,true,true,true,289109775.2869535,750000,true,500000,500000,true
global-demand-boom,seed-4,MASS,25,78.50838256902125,4502.22,0.5265754385964913,0.25,1125555,0.7083333333333334,1,2.125,true,true,true,105598196.26887776,750000,true,500000,500000,true
global-demand-boom,seed-4,BAL,25,87.65815452904184,3891.82,0.8670164299637985,0.3,1167546,1,1,3,true,true,true,369660172.4938121,750000,true,500000,500000,true
global-demand-boom,seed-4,JPQ,25,88.64066484120897,4680.87,0.9954003189792663,0.33,1544687.1,1.411764705882353,1,4.235294117647059,true,true,true,341473787.6642201,750000,true,500000,500000,true
global-demand-boom,seed-4,CONSV,25,87.9207587324679,3829.42,0.9953008447043535,0.35,1340297,1.105263157894737,1.05,3.1578947368421053,true,true,true,312031704.9145525,750000,true,500000,500000,true
global-demand-boom,seed-4,VAP,25,88.85318235096902,5531.94,0.9954008097165992,0.28,1548943.2000000002,1.2941176470588236,1,3.882352941176471,true,true,true,314420611.556643,750000,true,500000,500000,true
global-demand-boom,seed-4,MASS,26,80.22771196349954,5810,0.5227170490328386,0.25,1452500,0.7083333333333334,1,2.125,true,true,true,126162815.43121535,750000,true,500000,500000,true
global-demand-boom,seed-4,BAL,26,88.64550216671849,4059.49,0.9043698134224449,0.3,1217847,1,1,3,true,true,true,399980704.7532623,750000,true,500000,500000,true
global-demand-boom,seed-4,JPQ,26,89.54941165391226,4680.87,0.9954003189792663,0.33,1544687.1,1.411764705882353,1,4.235294117647059,true,true,true,367005847.55699724,750000,true,500000,500000,true
global-demand-boom,seed-4,CONSV,26,88.88709803387047,3819.23,0.9926523716699155,0.35,1336730.5,1.105263157894737,1.05,3.1578947368421053,true,true,true,336619461.796866,750000,true,500000,500000,true
global-demand-boom,seed-4,VAP,26,89.7449277628915,5531.94,0.9585341130604288,0.28,1548943.2000000002,1.2941176470588236,1,3.882352941176471,true,true,true,339576269.1447754,750000,true,500000,500000,true
global-demand-boom,seed-4,MASS,27,81.80949500641958,5951.05,0.48002016535591857,0.25,1487762.5,0.7083333333333334,1,2.125,true,true,true,127793903.60054779,750000,true,0,500000,false
global-demand-boom,seed-4,BAL,27,89.553861993381,4060.71,0.904641604010025,0.3,1218213,1,1,3,true,true,true,425516987.10835457,750000,true,500000,500000,true
global-demand-boom,seed-4,JPQ,27,90.38545872159928,4681.34,0.9522176455631833,0.33,1544842.2000000002,1.411764705882353,1,4.235294117647059,true,true,true,389733596.62487465,750000,true,0,500000,false
global-demand-boom,seed-4,CONSV,27,89.77613019116083,3791.48,0.9854398960363873,0.35,1327018,1.105263157894737,1.05,3.1578947368421053,true,true,true,361307744.43010014,750000,true,500000,500000,true
global-demand-boom,seed-4,VAP,27,90.56533354186018,5743.55,0.9952003465453758,0.28,1608194.0000000002,1.2941176470588236,1,3.882352941176471,true,true,true,361597792.47322416,750000,true,0,500000,false
global-demand-boom,seed-4,MASS,28,79.90092530603441,5286.200000000001,0.3864181286549708,0.25,1321550.0000000002,0.7083333333333334,1,2.125,true,true,true,106865352.76365006,750000,true,0,500000,false
global-demand-boom,seed-4,BAL,28,90.38955303391053,4060.71,0.5756810207336523,0.3,1218213,1,1,3,true,true,true,457883569.39272124,750000,true,0,500000,false
global-demand-boom,seed-4,JPQ,28,87.96233119830332,4892.65,0.9951995931858632,0.33,1614574.5,1.411764705882353,1,4.235294117647059,true,true,true,413418565.41827404,750000,true,500000,500000,true
global-demand-boom,seed-4,CONSV,28,90.59403977586797,3785.26,0.9838232618583497,0.35,1324841,1.105263157894737,1.05,3.1578947368421053,true,true,true,389318004.386953,750000,true,0,500000,false
global-demand-boom,seed-4,VAP,28,88.13141352934858,5744.7,0.9953996101364522,0.28,1608516.0000000002,1.2941176470588236,1,3.882352941176471,true,true,true,387073547.5518637,750000,true,500000,500000,true
global-demand-boom,seed-4,MASS,29,78.10686978767234,5818.85,0.4253545321637427,0.25,1454712.5,0.7083333333333334,1,2.125,true,true,true,153327258.6040532,750000,true,0,500000,false
global-demand-boom,seed-4,BAL,29,87.96617985187589,5382.69,0.6456968061178587,0.3,1614807,1,1,3,true,true,true,453853195.2253361,750000,true,500000,500000,true
global-demand-boom,seed-4,JPQ,29,88.92534470243905,4893.64,0.995400966183575,0.33,1614901.2000000002,1.411764705882353,1,4.235294117647059,true,true,true,434493206.1722099,750000,true,500000,500000,true
global-demand-boom,seed-4,CONSV,29,88.1583973893159,3792.73,0.9857647823261858,0.35,1327455.5,1.105263157894737,1.05,3.1578947368421053,true,true,true,416888662.7982791,750000,true,500000,500000,true
global-demand-boom,seed-4,VAP,29,89.08090044700069,5744.7,0.9953996101364522,0.28,1608516.0000000002,1.2941176470588236,1,3.882352941176471,true,true,true,411311940.1342584,750000,true,500000,500000,true
global-demand-boom,seed-4,MASS,30,76.42045760041199,6482.780000000001,0.47388742690058483,0.25,1620695.0000000002,0.7083333333333334,1,2.125,true,true,true,201101100.14379212,750000,true,0,500000,false
global-demand-boom,seed-4,BAL,30,88.92888546372582,6402.13,0.6655885640025991,0.3,1920639,1,1,3,true,true,true,462382201.59411013,750000,true,500000,500000,true
global-demand-boom,seed-4,JPQ,30,89.81131712624392,4894.13,0.9955006356470888,0.33,1615062.9000000001,1.411764705882353,1,4.235294117647059,true,true,true,454400525.9631878,750000,true,500000,500000,true
global-demand-boom,seed-4,CONSV,30,89.10572559817062,3796.76,0.9868122157244965,0.35,1328866,1.105263157894737,1.05,3.1578947368421053,true,true,true,444474966.7941773,750000,true,500000,500000,true
global-demand-boom,seed-4,VAP,30,89.95442841124063,5744.7,0.9953996101364522,0.28,1608516.0000000002,1.2941176470588236,1,3.882352941176471,true,true,true,437709438.086725,750000,true,500000,500000,true
global-demand-boom,seed-4,MASS,31,74.83523014438727,7695.43,0.562531432748538,0.25,1923857.5,0.7083333333333334,1,2.125,true,true,true,233423046.38469785,750000,true,500000,500000,true
global-demand-boom,seed-4,BAL,31,89.81457462662776,7401.91,0.7695293047433398,0.3,2220573,1,1,3,true,true,true,481921038.55807084,750000,true,500000,500000,true
global-demand-boom,seed-4,JPQ,31,90.6264117561444,4894.13,0.9955006356470888,0.33,1615062.9000000001,1.411764705882353,1,4.235294117647059,true,true,true,472475650.240308,750000,true,0,500000,false
global-demand-boom,seed-4,CONSV,31,89.97726755031697,3796.34,0.9867030539311241,0.35,1328719,1.105263157894737,1.05,3.1578947368421053,true,true,true,472175810.6810759,750000,true,500000,500000,true
global-demand-boom,seed-4,VAP,31,90.75807413834137,5744.7,0.9953996101364522,0.28,1608516.0000000002,1.2941176470588236,1,3.882352941176471,true,true,true,466454978.5598251,750000,true,0,500000,false
global-demand-boom,seed-4,MASS,32,76.84841173283628,6792.219999999999,0.4965073099415204,0.25,1698054.9999999998,0.7083333333333334,1,2.125,true,true,true,272630894.89989114,750000,true,0,500000,false
global-demand-boom,seed-4,BAL,32,90.62940865649753,7386.280000000001,0.7679043534762834,0.3,2215884,1,1,3,true,true,true,494313681.05587906,750000,true,0,500000,false
global-demand-boom,seed-4,JPQ,32,88.18882705077574,4894.13,0.6541861319966583,0.33,1615062.9000000001,1.411764705882353,1,4.235294117647059,true,true,true,499476601.09257793,750000,true,500000,500000,true
global-demand-boom,seed-4,CONSV,32,90.7790861462916,3795.56,0.9865003248862898,0.35,1328446,1.105263157894737,1.05,3.1578947368421053,true,true,true,498512265.8249679,750000,true,0,500000,false
global-demand-boom,seed-4,VAP,32,88.31258969004088,5744.7,0.9598496240601504,0.28,1608516.0000000002,1.2941176470588236,1,3.882352941176471,true,true,true,495307813.79827017,750000,true,500000,500000,true
global-demand-boom,seed-5,MASS,1,50,0,0,0.25,0,0.7083333333333334,1,2.125,false,false,false,30000000,750000,true,0,0,true
global-demand-boom,seed-5,BAL,1,50,0,0,0.3,0,1,1,3,false,false,false,30000000,750000,true,0,0,true
global-demand-boom,seed-5,JPQ,1,50,0,0,0.33,0,1.411764705882353,1,4.235294117647059,false,false,false,25000000,750000,true,0,0,true
global-demand-boom,seed-5,CONSV,1,50,0,0,0.35,0,1.105263157894737,1.05,3.1578947368421053,false,false,false,35000000,750000,true,0,0,true
global-demand-boom,seed-5,VAP,1,50,0,0,0.28,0,1.2941176470588236,1,3.882352941176471,false,false,false,22000000,750000,true,0,0,true
global-demand-boom,seed-5,MASS,2,50,2676.59,0.7826286549707603,0.25,669147.5,0.7083333333333334,1,2.125,true,true,true,14530663.532499146,750000,true,0,500000,false
global-demand-boom,seed-5,BAL,2,50,3935.21,0.9205169590643275,0.3,1180563,1,1,3,true,true,true,41575441.369690195,750000,true,500000,500000,true
global-demand-boom,seed-5,JPQ,2,50,2509.76,0.5870783625730994,0.33,828220.8,1.411764705882353,1,4.235294117647059,true,true,true,14494279.701722093,750000,true,0,500000,false
global-demand-boom,seed-5,CONSV,2,50,2128.14,0.6222631578947369,0.35,744849,1.105263157894737,1.05,3.1578947368421053,true,true,true,10878104.155727632,750000,true,0,500000,false
global-demand-boom,seed-5,VAP,2,50,5093.06,0.9927992202729046,0.28,1426056.8,1.2941176470588236,1,3.882352941176471,true,true,true,20033387.12761445,750000,true,0,500000,false
global-demand-boom,seed-5,MASS,3,50,0,0,0.25,0,0.7083333333333334,1,2.125,false,false,false,39686230.73608464,750000,true,0,0,true
global-demand-boom,seed-5,BAL,3,54,3739.1,0.8746432748538011,0.3,1121730,1,1,3,true,true,true,36886773.60501085,750000,true,500000,500000,true
global-demand-boom,seed-5,JPQ,3,50,3797.33,0.8882643274853801,0.33,1253118.9000000001,1.411764705882353,1,4.235294117647059,true,true,true,30259262.045062274,750000,true,500000,500000,true
global-demand-boom,seed-5,CONSV,3,50,2959.32,0.8652982456140351,0.35,1035761.9999999999,1.105263157894737,1.05,3.1578947368421053,true,true,true,34652852.13102111,750000,true,500000,500000,true
global-demand-boom,seed-5,VAP,3,50,0,0,0.28,0,1.2941176470588236,1,3.882352941176471,false,false,false,21406869.196103297,750000,true,0,0,true
global-demand-boom,seed-5,MASS,4,50,3394.35,0.9924999999999999,0.25,848587.5,0.7083333333333334,1,2.125,true,true,true,5267081.365128279,750000,true,0,500000,false
global-demand-boom,seed-5,BAL,4,57.68,3610.3,0.844514619883041,0.3,1083090,1,1,3,true,true,true,36502490.248128586,750000,true,500000,500000,true
global-demand-boom,seed-5,JPQ,4,54,4070.61,0.9521894736842106,0.33,1343301.3,1.411764705882353,1,4.235294117647059,true,true,true,25151760.46623193,750000,true,0,500000,false
global-demand-boom,seed-5,CONSV,4,54,3188.75,0.9323830409356725,0.35,1116062.5,1.105263157894737,1.05,3.1578947368421053,true,true,true,32222372.41811409,750000,true,500000,500000,true
global-demand-boom,seed-5,VAP,4,50,4314.66,0.8410643274853801,0.28,1208104.8,1.2941176470588236,1,3.882352941176471,true,true,true,16886947.15978374,750000,true,0,500000,false
global-demand-boom,seed-5,MASS,5,50,1853.36,0.5419181286549707,0.25,463340,0.7083333333333334,1,2.125,true,true,true,40128150.52374253,750000,true,500000,500000,true
global-demand-boom,seed-5,BAL,5,61.0656,4025.64,0.9416701754385964,0.3,1207692,1,1,3,true,true,true,42233874.29105841,750000,true,500000,500000,true
global-demand-boom,seed-5,JPQ,5,53.76,4087.46,0.9561309941520468,0.33,1348861.8,1.411764705882353,1,4.235294117647059,true,true,true,25992826.97835704,750000,true,0,500000,false
global-demand-boom,seed-5,CONSV,5,57.68,3390.59,0.9914005847953217,0.35,1186706.5,1.105263157894737,1.05,3.1578947368421053,true,true,true,35810257.73860853,750000,true,500000,500000,true
global-demand-boom,seed-5,VAP,5,50,5088.96,0.992,0.28,1424908.8,1.2941176470588236,1,3.882352941176471,true,true,true,27889406.011981007,750000,true,500000,500000,true
global-demand-boom,seed-5,MASS,6,54,3352.24,0.9801871345029239,0.25,838060,0.7083333333333334,1,2.125,true,true,true,0,750000,false,0,500000,false
global-demand-boom,seed-5,BAL,6,64.180352,4181.71,0.9781777777777778,0.3,1254513,1,1,3,true,true,true,16901354.97000408,750000,true,0,500000,false
global-demand-boom,seed-5,JPQ,6,53.5344,4239.95,0.9918011695906432,0.33,1399183.5,1.411764705882353,1,4.235294117647059,true,true,true,22282609.446283296,750000,true,0,500000,false
global-demand-boom,seed-5,CONSV,6,61.0656,3188.75,0.9323830409356725,0.35,1116062.5,1.105263157894737,1.05,3.1578947368421053,true,true,true,33956888.746932656,750000,true,500000,500000,true
global-demand-boom,seed-5,VAP,6,54,5090.5,0.9923001949317739,0.28,1425340.0000000002,1.2941176470588236,1,3.882352941176471,true,true,true,16338476.085146084,750000,true,0,500000,false
global-demand-boom,seed-5,MASS,7,53.76,1930.73,0.5645409356725146,0.25,482682.5,0.7083333333333334,1,2.125,true,true,true,33710400.86190491,750000,true,500000,500000,true
global-demand-boom,seed-5,BAL,7,63.32953088,3750.92,0.877408187134503,0.3,1125276,1,1,3,true,true,true,34171039.769058265,750000,true,500000,500000,true
global-demand-boom,seed-5,JPQ,7,53.322336,4247.21,0.9934994152046783,0.33,1401579.3,1.411764705882353,1,4.235294117647059,true,true,true,15289024.906072875,750000,true,0,500000,false
global-demand-boom,seed-5,CONSV,7,64.180352,3194.86,0.9341695906432749,0.35,1118201,1.105263157894737,1.05,3.1578947368421053,true,true,true,16574061.765593518,750000,true,0,500000,false
global-demand-boom,seed-5,VAP,7,53.76,5089.99,0.9922007797270955,0.28,1425197.2000000002,1.2941176470588236,1,3.882352941176471,true,true,true,30286433.606585406,750000,true,500000,500000,true
global-demand-boom,seed-5,MASS,8,57.459199999999996,3193,0.933625730994152,0.25,798250,0.7083333333333334,1,2.125,true,true,true,7.450580596923828e-9,750000,false,0,500000,false
global-demand-boom,seed-5,BAL,8,66.2631684096,4022.77,0.9409988304093567,0.3,1206831,1,1,3,true,true,true,27701693.50524441,750000,true,0,500000,false
global-demand-boom,seed-5,JPQ,8,53.12299584,4254.05,0.9950994152046784,0.33,1403836.5,1.411764705882353,1,4.235294117647059,true,true,true,39300298.07054255,750000,true,500000,500000,true
global-demand-boom,seed-5,CONSV,8,63.32953088,3402.56,0.9949005847953216,0.35,1190896,1.105263157894737,1.05,3.1578947368421053,true,true,true,33640762.47509917,750000,true,500000,500000,true
global-demand-boom,seed-5,VAP,8,57.459199999999996,5089.99,0.9922007797270955,0.28,1425197.2000000002,1.2941176470588236,1,3.882352941176471,true,true,true,38000553.167178355,750000,true,500000,500000,true
global-demand-boom,seed-5,MASS,9,57.011647999999994,0,0,0.25,0,0.7083333333333334,1,2.125,false,false,false,38947464.2107617,750000,true,0,0,true
global-demand-boom,seed-5,BAL,9,65.28737830502399,4216.53,0.9863228070175438,0.3,1264959,1,1,3,true,true,true,40592381.353481136,750000,true,500000,500000,true
global-demand-boom,seed-5,JPQ,9,56.8731561728,4254.05,0.9950994152046784,0.33,1403836.5,1.411764705882353,1,4.235294117647059,true,true,true,46800736.69684185,750000,true,500000,500000,true
global-demand-boom,seed-5,CONSV,9,66.2631684096,3257.09,0.9523654970760235,0.35,1139981.5,1.105263157894737,1.05,3.1578947368421053,true,true,true,37975051.19984004,750000,true,500000,500000,true
global-demand-boom,seed-5,VAP,9,60.862463999999996,5098.71,0.9939005847953216,0.28,1427638.8,1.2941176470588236,1,3.882352941176471,true,true,true,33118424.719548445,750000,true,500000,500000,true
global-demand-boom,seed-5,MASS,10,56.59094911999999,3394.01,0.9924005847953217,0.25,848502.5,0.7083333333333334,1,2.125,true,true,true,0,750000,false,0,500000,false
global-demand-boom,seed-5,BAL,10,68.06438804062208,4126.2,0.9651929824561403,0.3,1237860,1,1,3,true,true,true,53754394.22481395,750000,true,500000,500000,true
global-demand-boom,seed-5,JPQ,10,60.323303678976,4254.05,0.9950994152046784,0.33,1403836.5,1.411764705882353,1,4.235294117647059,true,true,true,58260956.899078056,750000,true,500000,500000,true
global-demand-boom,seed-5,CONSV,10,68.962114936832,3403.24,0.9950994152046783,0.35,1191134,1.105263157894737,1.05,3.1578947368421053,true,true,true,49928328.58201856,750000,true,500000,500000,true
global-demand-boom,seed-5,VAP,10,63.99346688,5106.4,0.9953996101364522,0.28,1429792.0000000002,1.2941176470588236,1,3.882352941176471,true,true,true,41812907.2877458,750000,true,500000,500000,true
global-demand-boom,seed-5,MASS,11,56.19549217279999,3393.67,0.9923011695906433,0.25,848417.5,0.7083333333333334,1,2.125,true,true,true,34355486.99332923,750000,true,0,500000,false
global-demand-boom,seed-5,BAL,11,70.61923699737231,4032.24,0.9432140350877193,0.3,1209672,1,1,3,true,true,true,51891857.32092278,750000,true,500000,500000,true
global-demand-boom,seed-5,JPQ,11,63.49743938465792,4253.63,0.9950011695906433,0.33,1403697.9000000001,1.411764705882353,1,4.235294117647059,true,true,true,65449182.067724355,750000,true,500000,500000,true
global-demand-boom,seed-5,CONSV,11,71.44514574188544,3403.93,0.9367540419676642,0.35,1191375.5,1.105263157894737,1.05,3.1578947368421053,true,true,true,57351272.71274315,750000,true,500000,500000,true
global-demand-boom,seed-5,VAP,11,66.8739895296,5106.4,0.9953996101364522,0.28,1429792.0000000002,1.2941176470588236,1,3.882352941176471,true,true,true,44575197.95225826,750000,true,500000,500000,true
global-demand-boom,seed-5,MASS,12,55.82376264243199,3394.01,0.9924005847953217,0.25,848502.5,0.7083333333333334,1,2.125,true,true,true,29123225.496431634,750000,true,0,500000,false
global-demand-boom,seed-5,BAL,12,72.96969803758253,3973.5,0.9294736842105263,0.3,1192050,1,1,3,true,true,true,65418201.28760439,750000,true,500000,500000,true
global-demand-boom,seed-5,JPQ,12,66.41764423388528,4253.63,0.9950011695906433,0.33,1403697.9000000001,1.411764705882353,1,4.235294117647059,true,true,true,68980998.46330382,750000,true,500000,500000,true
global-demand-boom,seed-5,CONSV,12,73.7295340825346,3616.31,0.9952005503955969,0.35,1265708.5,1.105263157894737,1.05,3.1578947368421053,true,true,true,58059799.03339643,750000,true,500000,500000,true
global-demand-boom,seed-5,VAP,12,69.524070367232,5106.4,0.9953996101364522,0.28,1429792.0000000002,1.2941176470588236,1,3.882352941176471,true,true,true,58579404.75899339,750000,true,500000,500000,true
global-demand-boom,seed-5,MASS,13,55.47433688388607,2910.15,0.850921052631579,0.25,727537.5,0.7083333333333334,1,2.125,true,true,true,23402383.75379459,750000,true,0,500000,false
global-demand-boom,seed-5,BAL,13,75.13212219457593,3967.81,0.9281426900584795,0.3,1190343,1,1,3,true,true,true,64993412.18887001,750000,true,500000,500000,true
global-demand-boom,seed-5,JPQ,13,69.10423269517446,4253.63,0.9950011695906433,0.33,1403697.9000000001,1.411764705882353,1,4.235294117647059,true,true,true,87326624.30909553,750000,true,500000,500000,true
global-demand-boom,seed-5,CONSV,13,75.83117135593183,3616.67,0.9952996216030272,0.35,1265834.5,1.105263157894737,1.05,3.1578947368421053,true,true,true,62343025.06012518,750000,true,500000,500000,true
global-demand-boom,seed-5,VAP,13,71.96214473785344,5106.4,0.9953996101364522,0.28,1429792.0000000002,1.2941176470588236,1,3.882352941176471,true,true,true,73218367.45371377,750000,true,500000,500000,true
global-demand-boom,seed-5,MASS,14,55.1458766708529,2438.97,0.7131491228070175,0.25,609742.5,0.7083333333333334,1,2.125,true,true,true,44543165.24954277,750000,true,500000,500000,true
global-demand-boom,seed-5,BAL,14,77.12155241900986,4010.32,0.9380865497076024,0.3,1203096,1,1,3,true,true,true,73620031.3421377,750000,true,500000,500000,true
global-demand-boom,seed-5,JPQ,14,71.5758940795605,4253.63,0.9476201615148984,0.33,1403697.9000000001,1.411764705882353,1,4.235294117647059,true,true,true,90167736.47844484,750000,true,500000,500000,true
global-demand-boom,seed-5,CONSV,14,77.76467764745729,3616.67,0.9952996216030272,0.35,1265834.5,1.105263157894737,1.05,3.1578947368421053,true,true,true,67300450.2810682,750000,true,500000,500000,true
global-demand-boom,seed-5,VAP,14,74.20517315882516,5106.4,0.9555836257309941,0.28,1429792.0000000002,1.2941176470588236,1,3.882352941176471,true,true,true,89961795.58564807,750000,true,500000,500000,true
global-demand-boom,seed-5,MASS,15,58.73420653718467,2439.98,0.7134444444444444,0.25,609995,0.7083333333333334,1,2.125,true,true,true,37324557.61546275,750000,true,0,500000,false
global-demand-boom,seed-5,BAL,15,78.95182822548907,4015.66,0.9393356725146198,0.3,1204698,1,1,3,true,true,true,91907968.3130898,750000,true,500000,500000,true
global-demand-boom,seed-5,JPQ,15,73.84982255319566,4466.76,0.9951010860484545,0.33,1474030.8,1.411764705882353,1,4.235294117647059,true,true,true,106786020.02112082,750000,true,500000,500000,true
global-demand-boom,seed-5,CONSV,15,79.54350343566071,3616.67,0.9952996216030272,0.35,1265834.5,1.105263157894737,1.05,3.1578947368421053,true,true,true,81389701.51062132,750000,true,500000,500000,true
global-demand-boom,seed-5,VAP,15,76.26875930611915,5319.17,0.9954002339181287,0.28,1489367.6,1.2941176470588236,1,3.882352941176471,true,true,true,104319728.7523646,750000,true,500000,500000,true
global-demand-boom,seed-5,MASS,16,58.21015414495359,3143.77,0.9192309941520468,0.25,785942.5,0.7083333333333334,1,2.125,true,true,true,42775660.57929669,750000,true,500000,500000,true
global-demand-boom,seed-5,BAL,16,80.63568196744994,3955.19,0.9251906432748538,0.3,1186557,1,1,3,true,true,true,106096038.6615156,750000,true,500000,500000,true
global-demand-boom,seed-5,JPQ,16,75.94183674894,4467.2,0.9951991088833194,0.33,1474176,1.411764705882353,1,4.235294117647059,true,true,true,110677153.2280652,750000,true,500000,500000,true
global-demand-boom,seed-5,CONSV,16,81.18002316080785,3594.39,0.9891682146542827,0.35,1258036.5,1.105263157894737,1.05,3.1578947368421053,true,true,true,102825657.11541171,750000,true,500000,500000,true
global-demand-boom,seed-5,VAP,16,78.16725856162962,5319.17,0.9954002339181287,0.28,1489367.6,1.2941176470588236,1,3.882352941176471,true,true,true,123163983.58927721,750000,true,500000,500000,true
global-demand-boom,seed-5,MASS,17,61.55334181335731,3126.05,0.9140497076023393,0.25,781512.5,0.7083333333333334,1,2.125,true,true,true,49412519.31223026,750000,true,500000,500000,true
global-demand-boom,seed-5,BAL,17,82.18482741005394,3817.2,0.8929122807017543,0.3,1145160,1,1,3,true,true,true,127004733.03316581,750000,true,500000,500000,true
global-demand-boom,seed-5,JPQ,17,77.8664898090248,4468.1,0.9953996101364523,0.33,1474473,1.411764705882353,1,4.235294117647059,true,true,true,121943999.75322723,750000,true,500000,500000,true
global-demand-boom,seed-5,CONSV,17,82.68562130794322,3455.4,0.8980896686159844,0.35,1209390,1.105263157894737,1.05,3.1578947368421053,true,true,true,120322083.11447708,750000,true,500000,500000,true
global-demand-boom,seed-5,VAP,17,79.91387787669925,5319.17,0.9954002339181287,0.28,1489367.6,1.2941176470588236,1,3.882352941176471,true,true,true,138943742.54564935,750000,true,500000,500000,true
global-demand-boom,seed-5,MASS,18,64.62907446828872,3126.05,0.9140497076023393,0.25,781512.5,0.7083333333333334,1,2.125,true,true,true,57473065.55696582,750000,true,500000,500000,true
global-demand-boom,seed-5,BAL,18,83.61004121724963,3894.12,0.9109052631578947,0.3,1168236,1,1,3,true,true,true,157635741.93043834,750000,true,500000,500000,true
global-demand-boom,seed-5,JPQ,18,79.63717062430281,4468.55,0.9954998607630187,0.33,1474621.5,1.411764705882353,1,4.235294117647059,true,true,true,145822108.17924863,750000,true,500000,500000,true
global-demand-boom,seed-5,CONSV,18,84.07077160330776,3616.48,0.9399558154645874,0.35,1265768,1.105263157894737,1.05,3.1578947368421053,true,true,true,142471627.99302128,750000,true,500000,500000,true
global-demand-boom,seed-5,VAP,18,81.5207676465633,5319.17,0.9954002339181287,0.28,1489367.6,1.2941176470588236,1,3.882352941176471,true,true,true,158408275.70883387,750000,true,500000,500000,true
global-demand-boom,seed-5,MASS,19,67.45874851082563,2996.56,0.876187134502924,0.25,749140,0.7083333333333334,1,2.125,true,true,true,57699110.04418573,750000,true,500000,500000,true
global-demand-boom,seed-5,BAL,19,84.92123791986965,3947.85,0.9234736842105263,0.3,1184355,1,1,3,true,true,true,185113924.30640265,750000,true,500000,500000,true
global-demand-boom,seed-5,JPQ,19,81.26619697435859,4468.1,0.9953996101364523,0.33,1474473,1.411764705882353,1,4.235294117647059,true,true,true,172228769.17825112,750000,true,500000,500000,true
global-demand-boom,seed-5,CONSV,19,85.34510987504314,3722.47,0.9675035737491877,0.35,1302864.5,1.105263157894737,1.05,3.1578947368421053,true,true,true,165496298.7371624,750000,true,500000,500000,true
global-demand-boom,seed-5,VAP,19,82.99910623483824,5319.17,0.9954002339181287,0.28,1489367.6,1.2941176470588236,1,3.882352941176471,true,true,true,180316489.30713144,750000,true,500000,500000,true
global-demand-boom,seed-5,MASS,20,70.06204862995958,2996.56,0.876187134502924,0.25,749140,0.7083333333333334,1,2.125,true,true,true,66697951.66327757,750000,true,500000,500000,true
global-demand-boom,seed-5,BAL,20,86.12753888628008,3946.61,0.9231836257309942,0.3,1183983,1,1,3,true,true,true,214200487.06455192,750000,true,500000,500000,true
global-demand-boom,seed-5,JPQ,20,82.76490121640991,4468.55,0.9502498670919723,0.33,1474621.5,1.411764705882353,1,4.235294117647059,true,true,true,193154824.68511504,750000,true,500000,500000,true
global-demand-boom,seed-5,CONSV,20,86.51750108503968,3704.52,0.9628382066276803,0.35,1296582,1.105263157894737,1.05,3.1578947368421053,true,true,true,188266885.6317493,750000,true,500000,500000,true
global-demand-boom,seed-5,VAP,20,84.35917773605118,5319.17,0.9571156095366622,0.28,1489367.6,1.2941176470588236,1,3.882352941176471,true,true,true,202873060.2561818,750000,true,500000,500000,true
global-demand-boom,seed-5,MASS,21,72.45708473956282,2671.03,0.7810029239766082,0.25,667757.5,0.7083333333333334,1,2.125,true,true,true,62289020.405561775,750000,true,500000,500000,true
global-demand-boom,seed-5,BAL,21,87.23733577537767,3946.61,0.9231836257309942,0.3,1183983,1,1,3,true,true,true,244338223.22526732,750000,true,500000,500000,true
global-demand-boom,seed-5,JPQ,21,84.14370911909711,4680.87,0.9954003189792663,0.33,1544687.1,1.411764705882353,1,4.235294117647059,true,true,true,208467068.3028765,750000,true,500000,500000,true
global-demand-boom,seed-5,CONSV,21,87.59610099823651,3660.89,0.951498375568551,0.35,1281311.5,1.105263157894737,1.05,3.1578947368421053,true,true,true,210501000.62933442,750000,true,500000,500000,true
global-demand-boom,seed-5,VAP,21,85.61044351716708,5530.82,0.9951992802519117,0.28,1548629.6,1.2941176470588236,1,3.882352941176471,true,true,true,220237580.6434498,750000,true,500000,500000,true
global-demand-boom,seed-5,MASS,22,74.6605179603978,3181.2,0.5315288220551379,0.25,795300,0.7083333333333334,1,2.125,true,true,true,71448942.7292268,750000,true,500000,500000,true
global-demand-boom,seed-5,BAL,22,88.25834891334746,3946.61,0.9231836257309942,0.3,1183983,1,1,3,true,true,true,279063984.8052456,750000,true,500000,500000,true
global-demand-boom,seed-5,JPQ,22,85.41221238956935,4680.4,0.9953003721424774,0.33,1544532,1.411764705882353,1,4.235294117647059,true,true,true,233042136.4316898,750000,true,500000,500000,true
global-demand-boom,seed-5,CONSV,22,88.58841291837759,3651.37,0.9490240415854451,0.35,1277979.5,1.105263157894737,1.05,3.1578947368421053,true,true,true,237591524.85624024,750000,true,500000,500000,true
global-demand-boom,seed-5,VAP,22,86.76160803579371,5531.94,0.9954008097165992,0.28,1548943.2000000002,1.2941176470588236,1,3.882352941176471,true,true,true,243683066.18368182,750000,true,500000,500000,true
global-demand-boom,seed-5,MASS,23,76.68767652356597,2553.77,0.35139594083247333,0.25,638442.5,0.7083333333333334,1,2.125,true,true,true,58133621.98784682,750000,true,0,500000,false
global-demand-boom,seed-5,BAL,23,89.19768100027966,3946.61,0.9231836257309942,0.3,1183983,1,1,3,true,true,true,309782871.16760564,750000,true,500000,500000,true
global-demand-boom,seed-5,JPQ,23,86.5792353984038,4681.34,0.9955002658160553,0.33,1544842.2000000002,1.411764705882353,1,4.235294117647059,true,true,true,260010332.00043684,750000,true,500000,500000,true
global-demand-boom,seed-5,CONSV,23,89.50133988490738,3663.23,0.9521065627030539,0.35,1282130.5,1.105263157894737,1.05,3.1578947368421053,true,true,true,264878041.30728453,750000,true,500000,500000,true
global-demand-boom,seed-5,VAP,23,87.82067939293022,5531.94,0.9954008097165992,0.28,1548943.2000000002,1.2941176470588236,1,3.882352941176471,true,true,true,269559963.6954811,750000,true,500000,500000,true
global-demand-boom,seed-5,MASS,24,75.08641593215201,3386.7200000000003,0.3961076023391813,0.25,846680.0000000001,0.7083333333333334,1,2.125,true,true,true,71614890.84151238,750000,true,0,500000,false
global-demand-boom,seed-5,BAL,24,90.06186652025728,3946.61,0.9231836257309942,0.3,1183983,1,1,3,true,true,true,340686186.4348681,750000,true,0,500000,false
global-demand-boom,seed-5,JPQ,24,87.6528965665315,4681.34,0.9955002658160553,0.33,1544842.2000000002,1.411764705882353,1,4.235294117647059,true,true,true,287001137.433347,750000,true,500000,500000,true
global-demand-boom,seed-5,CONSV,24,90.3412326941148,3797.32,0.9869577647823262,0.35,1329062,1.105263157894737,1.05,3.1578947368421053,true,true,true,290866134.12332404,750000,true,0,500000,false
global-demand-boom,seed-5,VAP,24,88.7950250414958,5531.94,0.9954008097165992,0.28,1548943.2000000002,1.2941176470588236,1,3.882352941176471,true,true,true,297490941.7070865,750000,true,500000,500000,true
global-demand-boom,seed-5,MASS,25,73.58123097622288,5715.62,0.668493567251462,0.25,1428905,0.7083333333333334,1,2.125,true,true,true,92870842.09790735,750000,true,500000,500000,true
global-demand-boom,seed-5,BAL,25,87.65815452904184,3946.61,0.9231836257309942,0.3,1183983,1,1,3,true,true,true,370370271.89316034,750000,true,500000,500000,true
global-demand-boom,seed-5,JPQ,25,88.64066484120897,4681.34,0.9955002658160553,0.33,1544842.2000000002,1.411764705882353,1,4.235294117647059,true,true,true,312778780.58142114,750000,true,500000,500000,true
global-demand-boom,seed-5,CONSV,25,87.9207587324679,3829.42,0.9953008447043535,0.35,1340297,1.105263157894737,1.05,3.1578947368421053,true,true,true,312919684.6109973,750000,true,500000,500000,true
global-demand-boom,seed-5,VAP,25,89.69142303817614,5531.94,0.9954008097165992,0.28,1548943.2000000002,1.2941176470588236,1,3.882352941176471,true,true,true,321635526.9885353,750000,true,500000,500000,true
global-demand-boom,seed-5,MASS,26,75.69473249812505,4349.4,0.3913090418353576,0.25,1087350,0.7083333333333334,1,2.125,true,true,true,95718847.75718749,750000,true,0,500000,false
global-demand-boom,seed-5,BAL,26,88.64550216671849,3946.61,0.9231836257309942,0.3,1183983,1,1,3,true,true,true,407573847.34401405,750000,true,500000,500000,true
global-demand-boom,seed-5,JPQ,26,89.54941165391226,4681.34,0.9522176455631833,0.33,1544842.2000000002,1.411764705882353,1,4.235294117647059,true,true,true,342824790.1115385,750000,true,500000,500000,true
global-demand-boom,seed-5,CONSV,26,88.88709803387047,3819.65,0.9927615334632879,0.35,1336877.5,1.105263157894737,1.05,3.1578947368421053,true,true,true,339477354.4924851,750000,true,500000,500000,true
global-demand-boom,seed-5,VAP,26,90.51610919512206,5531.94,0.9585341130604288,0.28,1548943.2000000002,1.2941176470588236,1,3.882352941176471,true,true,true,347724798.1949003,750000,true,0,500000,false
global-demand-boom,seed-5,MASS,27,74.15304854823755,5166.96,0.4167743496672716,0.25,1291740,0.7083333333333334,1,2.125,true,true,true,146293753.58031404,750000,true,0,500000,false
global-demand-boom,seed-5,BAL,27,89.553861993381,3904.37,0.9133029239766082,0.3,1171311,1,1,3,true,true,true,443758178.93441665,750000,true,500000,500000,true
global-demand-boom,seed-5,JPQ,27,90.38545872159928,4892.65,0.9951995931858632,0.33,1614574.5,1.411764705882353,1,4.235294117647059,true,true,true,371744895.0257046,750000,true,0,500000,false
global-demand-boom,seed-5,CONSV,27,89.77613019116083,3791.64,0.9854814814814814,0.35,1327074,1.105263157894737,1.05,3.1578947368421053,true,true,true,368320852.43549836,750000,true,500000,500000,true
global-demand-boom,seed-5,VAP,27,88.08514264341473,5743.55,0.9952003465453758,0.28,1608194.0000000002,1.2941176470588236,1,3.882352941176471,true,true,true,372936007.4921715,750000,true,500000,500000,true
global-demand-boom,seed-5,MASS,28,72.70386563534329,5492.6900000000005,0.4015124269005848,0.25,1373172.5000000002,0.7083333333333334,1,2.125,true,true,true,124795118.58235115,750000,true,0,500000,false
global-demand-boom,seed-5,BAL,28,90.38955303391053,3904.37,0.5535169236221867,0.3,1171311,1,1,3,true,true,true,471727909.4194336,750000,true,0,500000,false
global-demand-boom,seed-5,JPQ,28,87.96233119830332,4893.14,0.9952992626493772,0.33,1614736.2000000002,1.411764705882353,1,4.235294117647059,true,true,true,394518755.17491853,750000,true,500000,500000,true
global-demand-boom,seed-5,CONSV,28,90.59403977586797,3785.15,0.9837946718648474,0.35,1324802.5,1.105263157894737,1.05,3.1578947368421053,true,true,true,394610821.0258198,750000,true,0,500000,false
global-demand-boom,seed-5,VAP,28,89.03833123194156,5744.7,0.9953996101364522,0.28,1608516.0000000002,1.2941176470588236,1,3.882352941176471,true,true,true,397909381.59374034,750000,true,500000,500000,true
global-demand-boom,seed-5,MASS,29,71.34163369722269,7620.21,0.5570328947368421,0.25,1905052.5,0.7083333333333334,1,2.125,true,true,true,147492538.11824062,750000,true,500000,500000,true
global-demand-boom,seed-5,BAL,29,87.96617985187589,5395.08,0.647183085919928,0.3,1618524,1,1,3,true,true,true,469183721.3107339,750000,true,500000,500000,true
global-demand-boom,seed-5,JPQ,29,88.92534470243905,4893.64,0.995400966183575,0.33,1614901.2000000002,1.411764705882353,1,4.235294117647059,true,true,true,423198870.8224381,750000,true,500000,500000,true
global-demand-boom,seed-5,CONSV,29,88.1583973893159,3792.63,0.985738791423002,0.35,1327420.5,1.105263157894737,1.05,3.1578947368421053,true,true,true,422863689.8621183,750000,true,500000,500000,true
global-demand-boom,seed-5,VAP,29,89.91526473338624,5744.7,0.9953996101364522,0.28,1608516.0000000002,1.2941176470588236,1,3.882352941176471,true,true,true,423783810.02767473,750000,true,500000,500000,true
global-demand-boom,seed-5,MASS,30,73.63430300144488,6382.9400000000005,0.46658918128654975,0.25,1595735.0000000002,0.7083333333333334,1,2.125,true,true,true,163656741.29205468,750000,true,0,500000,false
global-demand-boom,seed-5,BAL,30,88.92888546372582,6144.700000000001,0.6388252111760885,0.3,1843410.0000000002,1,1,3,true,true,true,474444810.54551643,750000,true,500000,500000,true
global-demand-boom,seed-5,JPQ,30,89.81131712624392,4894.13,0.9955006356470888,0.33,1615062.9000000001,1.411764705882353,1,4.235294117647059,true,true,true,450137258.26101726,750000,true,500000,500000,true
global-demand-boom,seed-5,CONSV,30,89.10572559817062,3796.77,0.9868148148148148,0.35,1328869.5,1.105263157894737,1.05,3.1578947368421053,true,true,true,447540439.4559645,750000,true,500000,500000,true
global-demand-boom,seed-5,VAP,30,90.72204355471534,5744.7,0.9953996101364522,0.28,1608516.0000000002,1.2941176470588236,1,3.882352941176471,true,true,true,449549460.82303035,750000,true,0,500000,false
global-demand-boom,seed-5,MASS,31,72.21624482135819,5611.33,0.4101849415204678,0.25,1402832.5,0.7083333333333334,1,2.125,true,true,true,196202554.33546504,750000,true,0,500000,false
global-demand-boom,seed-5,BAL,31,89.81457462662776,8697.24,0.9041964912280701,0.3,2609172,1,1,3,true,true,true,483120210.32324064,750000,true,500000,500000,true
global-demand-boom,seed-5,JPQ,31,90.6264117561444,4894.13,0.9955006356470888,0.33,1615062.9000000001,1.411764705882353,1,4.235294117647059,true,true,true,483085322.9492248,750000,true,0,500000,false
global-demand-boom,seed-5,CONSV,31,89.97726755031697,3797.15,0.9869135802469136,0.35,1329002.5,1.105263157894737,1.05,3.1578947368421053,true,true,true,476919426.539241,750000,true,500000,500000,true
global-demand-boom,seed-5,VAP,31,88.27872094143243,5744.7,0.9953996101364522,0.28,1608516.0000000002,1.2941176470588236,1,3.882352941176471,true,true,true,478054869.7010496,750000,true,500000,500000,true
global-demand-boom,seed-5,MASS,32,70.88327013207669,5667.54,0.4142938596491228,0.25,1416885,0.7083333333333334,1,2.125,true,true,true,248710194.32180557,750000,true,0,500000,false
global-demand-boom,seed-5,BAL,32,90.62940865649753,7035.1,0.7313944119558154,0.3,2110530,1,1,3,true,true,true,491060897.8918042,750000,true,0,500000,false
global-demand-boom,seed-5,JPQ,32,88.18882705077574,4894.13,0.9540214424951268,0.33,1615062.9000000001,1.411764705882353,1,4.235294117647059,true,true,true,515306867.05545944,750000,true,500000,500000,true
global-demand-boom,seed-5,CONSV,32,90.7790861462916,3790.95,0.9853021442495126,0.35,1326832.5,1.105263157894737,1.05,3.1578947368421053,true,true,true,504994787.87863934,750000,true,0,500000,false
global-demand-boom,seed-5,VAP,32,89.21642326611783,5744.7,0.9598496240601504,0.28,1608516.0000000002,1.2941176470588236,1,3.882352941176471,true,true,true,507921504.8255589,750000,true,500000,500000,true
global-disease-crisis,seed-1,MASS,1,50,0,0,0.25,0,0.7083333333333334,1,2.125,false,false,false,30000000,750000,true,0,0,true
global-disease-crisis,seed-1,BAL,1,50,0,0,0.3,0,1,1,3,false,false,false,30000000,750000,true,0,0,true
global-disease-crisis,seed-1,JPQ,1,50,0,0,0.33,0,1.411764705882353,1,4.235294117647059,false,false,false,25000000,750000,true,0,0,true
global-disease-crisis,seed-1,CONSV,1,50,0,0,0.35,0,1.105263157894737,1.05,3.1578947368421053,false,false,false,35000000,750000,true,0,0,true
global-disease-crisis,seed-1,VAP,1,50,0,0,0.28,0,1.2941176470588236,1,3.882352941176471,false,false,false,22000000,750000,true,0,0,true
global-disease-crisis,seed-1,MASS,2,50,2676.59,0.7826286549707603,0.25,669147.5,0.7083333333333334,1,2.125,true,true,true,15468454.740360655,750000,true,0,500000,false
global-disease-crisis,seed-1,BAL,2,50,3935.21,0.9205169590643275,0.3,1180563,1,1,3,true,true,true,41575441.369690195,750000,true,500000,500000,true
global-disease-crisis,seed-1,JPQ,2,50,2509.76,0.5870783625730994,0.33,828220.8,1.411764705882353,1,4.235294117647059,true,true,true,14494279.701722093,750000,true,0,500000,false
global-disease-crisis,seed-1,CONSV,2,50,2128.14,0.6222631578947369,0.35,744849,1.105263157894737,1.05,3.1578947368421053,true,true,true,10878104.155727632,750000,true,0,500000,false
global-disease-crisis,seed-1,VAP,2,50,5093.06,0.9927992202729046,0.28,1426056.8,1.2941176470588236,1,3.882352941176471,true,true,true,20033387.12761445,750000,true,0,500000,false
global-disease-crisis,seed-1,MASS,3,50,0,0,0.25,0,0.7083333333333334,1,2.125,false,false,false,35625589.571447685,750000,true,0,0,true
global-disease-crisis,seed-1,BAL,3,54,3739.1,0.8746432748538011,0.3,1121730,1,1,3,true,true,true,37696994.61150935,750000,true,500000,500000,true
global-disease-crisis,seed-1,JPQ,3,50,3450.73,0.8071883040935672,0.33,1138740.9000000001,1.411764705882353,1,4.235294117647059,true,true,true,31399431.048429664,750000,true,500000,500000,true
global-disease-crisis,seed-1,CONSV,3,50,2959.32,0.8652982456140351,0.35,1035761.9999999999,1.105263157894737,1.05,3.1578947368421053,true,true,true,35401753.643779255,750000,true,500000,500000,true
global-disease-crisis,seed-1,VAP,3,50,0,0,0.28,0,1.2941176470588236,1,3.882352941176471,false,false,false,21896932.056760814,750000,true,0,0,true
global-disease-crisis,seed-1,MASS,4,50,3394.35,0.9924999999999999,0.25,848587.5,0.7083333333333334,1,2.125,true,true,true,3490471.2971224375,750000,true,0,500000,false
global-disease-crisis,seed-1,BAL,4,57.68,3524.84,0.8245239766081872,0.3,1057452,1,1,3,true,true,true,37334292.7655479,750000,true,500000,500000,true
global-disease-crisis,seed-1,JPQ,4,54,3828.41,0.8955345029239766,0.33,1263375.3,1.411764705882353,1,4.235294117647059,true,true,true,26227345.465533257,750000,true,100000,500000,true
global-disease-crisis,seed-1,CONSV,4,54,3188.75,0.9323830409356725,0.35,1116062.5,1.105263157894737,1.05,3.1578947368421053,true,true,true,33115180.779720627,750000,true,500000,500000,true
global-disease-crisis,seed-1,VAP,4,50,4377.73,0.8533586744639375,0.28,1225764.4000000001,1.2941176470588236,1,3.882352941176471,true,true,true,16480261.547245102,750000,true,0,500000,false
global-disease-crisis,seed-1,MASS,5,50,1750.02,0.5117017543859649,0.25,437505,0.7083333333333334,1,2.125,true,true,true,39090993.90254156,750000,true,500000,500000,true
global-disease-crisis,seed-1,BAL,5,61.0656,3998.75,0.9353801169590643,0.3,1199625,1,1,3,true,true,true,33843127.61508909,750000,true,500000,500000,true
global-disease-crisis,seed-1,JPQ,5,54.736,4238.66,0.9914994152046783,0.33,1398757.8,1.411764705882353,1,4.235294117647059,true,true,true,21660648.50750528,750000,true,0,500000,false
global-disease-crisis,seed-1,CONSV,5,57.68,3390.59,0.9914005847953217,0.35,1186706.5,1.105263157894737,1.05,3.1578947368421053,true,true,true,35144280.65273447,750000,true,500000,500000,true
global-disease-crisis,seed-1,VAP,5,50,5088.96,0.992,0.28,1424908.8,1.2941176470588236,1,3.882352941176471,true,true,true,26593052.415835768,750000,true,500000,500000,true
global-disease-crisis,seed-1,MASS,6,54,3293.23,0.9629327485380117,0.25,823307.5,0.7083333333333334,1,2.125,true,true,true,0,750000,false,0,500000,false
global-disease-crisis,seed-1,BAL,6,64.180352,4203.08,0.9831766081871345,0.3,1260924,1,1,3,true,true,true,17449738.33512728,750000,true,0,500000,false
global-disease-crisis,seed-1,JPQ,6,54.45184,4239.52,0.9917005847953217,0.33,1399041.6,1.411764705882353,1,4.235294117647059,true,true,true,22323262.898848854,750000,true,0,500000,false
global-disease-crisis,seed-1,CONSV,6,61.0656,3188.75,0.9323830409356725,0.35,1116062.5,1.105263157894737,1.05,3.1578947368421053,true,true,true,33767608.563269556,750000,true,500000,500000,true
global-disease-crisis,seed-1,VAP,6,54,5090.5,0.9923001949317739,0.28,1425340.0000000002,1.2941176470588236,1,3.882352941176471,true,true,true,16534917.983662155,750000,true,0,500000,false
global-disease-crisis,seed-1,MASS,7,53.76,1654.5,0.4837719298245614,0.25,413625,0.7083333333333334,1,2.125,true,true,true,28745445.79257623,750000,true,0,500000,false
global-disease-crisis,seed-1,BAL,7,63.32953088,3753.88,0.8781005847953217,0.3,1126164,1,1,3,true,true,true,27520354.80403748,750000,true,500000,500000,true
global-disease-crisis,seed-1,JPQ,7,54.1847296,4246.79,0.9934011695906433,0.33,1401440.7,1.411764705882353,1,4.235294117647059,true,true,true,12901135.658824548,750000,true,0,500000,false
global-disease-crisis,seed-1,CONSV,7,64.180352,3194.86,0.9341695906432749,0.35,1118201,1.105263157894737,1.05,3.1578947368421053,true,true,true,14797125.228157926,750000,true,0,500000,false
global-disease-crisis,seed-1,VAP,7,53.76,5089.99,0.9922007797270955,0.28,1425197.2000000002,1.2941176470588236,1,3.882352941176471,true,true,true,28707773.357633352,750000,true,500000,500000,true
global-disease-crisis,seed-1,MASS,8,53.5344,2794.18,0.8170116959064327,0.25,698545,0.7083333333333334,1,2.125,true,true,true,0,750000,false,0,500000,false
global-disease-crisis,seed-1,BAL,8,66.2631684096,4021.96,0.9408093567251462,0.3,1206588,1,1,3,true,true,true,37488882.172599986,750000,true,500000,500000,true
global-disease-crisis,seed-1,JPQ,8,53.933645823999996,4254.05,0.9950994152046784,0.33,1403836.5,1.411764705882353,1,4.235294117647059,true,true,true,33773092.81549438,750000,true,500000,500000,true
global-disease-crisis,seed-1,CONSV,8,63.32953088,3402.56,0.9949005847953216,0.35,1190896,1.105263157894737,1.05,3.1578947368421053,true,true,true,31363775.194450963,750000,true,500000,500000,true
global-disease-crisis,seed-1,VAP,8,57.459199999999996,5089.99,0.9922007797270955,0.28,1425197.2000000002,1.2941176470588236,1,3.882352941176471,true,true,true,34286721.031042926,750000,true,500000,500000,true
global-disease-crisis,seed-1,MASS,9,53.322336,1842.47,0.538733918128655,0.25,460617.5,0.7083333333333334,1,2.125,true,true,true,27313778.5316006,750000,true,0,500000,false
global-disease-crisis,seed-1,BAL,9,68.962114936832,4216.1,0.9862222222222223,0.3,1264830,1,1,3,true,true,true,43634797.34355357,750000,true,500000,500000,true
global-disease-crisis,seed-1,JPQ,9,57.618954158079994,4254.05,0.9950994152046784,0.33,1403836.5,1.411764705882353,1,4.235294117647059,true,true,true,42725012.8108004,750000,true,500000,500000,true
global-disease-crisis,seed-1,CONSV,9,66.2631684096,3178.37,0.9293479532163742,0.35,1112429.5,1.105263157894737,1.05,3.1578947368421053,true,true,true,35385545.268220864,750000,true,500000,500000,true
global-disease-crisis,seed-1,VAP,9,60.862463999999996,5089.99,0.9922007797270955,0.28,1425197.2000000002,1.2941176470588236,1,3.882352941176471,true,true,true,29530320.721046463,750000,true,500000,500000,true
global-disease-crisis,seed-1,MASS,10,53.12299584,2714.09,0.793593567251462,0.25,678522.5,0.7083333333333334,1,2.125,true,true,true,3.725290298461914e-9,750000,false,0,500000,false
global-disease-crisis,seed-1,BAL,10,71.44514574188544,4059.06,0.9494877192982456,0.3,1217718,1,1,3,true,true,true,46862751.45001083,750000,true,500000,500000,true
global-disease-crisis,seed-1,JPQ,10,61.009437825433594,4254.91,0.9953005847953216,0.33,1404120.3,1.411764705882353,1,4.235294117647059,true,true,true,47361388.17292625,750000,true,500000,500000,true
global-disease-crisis,seed-1,CONSV,10,68.962114936832,3389.09,0.932670106639147,0.35,1186181.5,1.105263157894737,1.05,3.1578947368421053,true,true,true,44614583.33699578,750000,true,500000,500000,true
global-disease-crisis,seed-1,VAP,10,63.99346688,5089.99,0.9922007797270955,0.28,1425197.2000000002,1.2941176470588236,1,3.882352941176471,true,true,true,39263372.132584035,750000,true,500000,500000,true
global-disease-crisis,seed-1,MASS,11,52.9356160896,1856.7,0.5428947368421053,0.25,464175,0.7083333333333334,1,2.125,true,true,true,28138398.16815998,750000,true,0,500000,false
global-disease-crisis,seed-1,BAL,11,73.7295340825346,3942.53,0.922229239766082,0.3,1182759,1,1,3,true,true,true,45140106.033875026,750000,true,500000,500000,true
global-disease-crisis,seed-1,JPQ,11,64.1286827993989,4255.34,0.9954011695906433,0.33,1404262.2,1.411764705882353,1,4.235294117647059,true,true,true,53264577.45317167,750000,true,500000,500000,true
global-disease-crisis,seed-1,CONSV,11,71.44514574188544,3616.31,0.9952005503955969,0.35,1265708.5,1.105263157894737,1.05,3.1578947368421053,true,true,true,49075881.526836686,750000,true,500000,500000,true
global-disease-crisis,seed-1,VAP,11,66.8739895296,5098.71,0.9939005847953216,0.28,1427638.8,1.2941176470588236,1,3.882352941176471,true,true,true,41900090.2072957,750000,true,500000,500000,true
global-disease-crisis,seed-1,MASS,12,52.759479124224,2810.9,0.8219005847953217,0.25,702725,0.7083333333333334,1,2.125,true,true,true,-3.725290298461914e-9,750000,false,0,500000,false
global-disease-crisis,seed-1,BAL,12,75.83117135593183,3558.91,0.832493567251462,0.3,1067673,1,1,3,true,true,true,42938434.48520894,750000,true,500000,500000,true
global-disease-crisis,seed-1,JPQ,12,66.99838817544699,4255.34,0.9954011695906433,0.33,1404262.2,1.411764705882353,1,4.235294117647059,true,true,true,54661192.07861212,750000,true,500000,500000,true
global-disease-crisis,seed-1,CONSV,12,73.7295340825346,3617.03,0.9953986928104576,0.35,1265960.5,1.105263157894737,1.05,3.1578947368421053,true,true,true,49649737.258851595,750000,true,500000,500000,true
global-disease-crisis,seed-1,VAP,12,69.524070367232,5106.4,0.9953996101364522,0.28,1429792.0000000002,1.2941176470588236,1,3.882352941176471,true,true,true,54494584.47898573,750000,true,500000,500000,true
global-disease-crisis,seed-1,MASS,13,52.59391037677056,2368.4,0.692514619883041,0.25,592100,0.7083333333333334,1,2.125,true,true,true,24816429.55698355,750000,true,0,500000,false
global-disease-crisis,seed-1,BAL,13,77.76467764745729,4240.37,0.9918994152046784,0.3,1272111,1,1,3,true,true,true,44591708.49562618,750000,true,500000,500000,true
global-disease-crisis,seed-1,JPQ,13,69.63851712141123,4255.34,0.9954011695906433,0.33,1404262.2,1.411764705882353,1,4.235294117647059,true,true,true,66007380.16487947,750000,true,500000,500000,true
global-disease-crisis,seed-1,CONSV,13,75.83117135593183,3522.4,0.9693567251461989,0.35,1232840,1.105263157894737,1.05,3.1578947368421053,true,true,true,51435266.35080447,750000,true,500000,500000,true
global-disease-crisis,seed-1,VAP,13,71.96214473785344,5106.4,0.9953996101364522,0.28,1429792.0000000002,1.2941176470588236,1,3.882352941176471,true,true,true,64261775.76052266,750000,true,500000,500000,true
global-disease-crisis,seed-1,MASS,14,52.43827575416432,2930.59,0.8568976608187135,0.25,732647.5,0.7083333333333334,1,2.125,true,true,true,15247069.291479345,750000,true,0,500000,false
global-disease-crisis,seed-1,BAL,14,79.54350343566071,4242.08,0.9922994152046783,0.3,1272624,1,1,3,true,true,true,64038716.4941261,750000,true,500000,500000,true
global-disease-crisis,seed-1,JPQ,14,72.06743575169833,4255.34,0.9954011695906433,0.33,1404262.2,1.411764705882353,1,4.235294117647059,true,true,true,82342467.79462111,750000,true,500000,500000,true
global-disease-crisis,seed-1,CONSV,14,77.76467764745729,3616.31,0.9952005503955969,0.35,1265708.5,1.105263157894737,1.05,3.1578947368421053,true,true,true,56671740.61474809,750000,true,500000,500000,true
global-disease-crisis,seed-1,VAP,14,74.20517315882516,5106.4,0.9953996101364522,0.28,1429792.0000000002,1.2941176470588236,1,3.882352941176471,true,true,true,78645363.36219105,750000,true,500000,500000,true
global-disease-crisis,seed-1,MASS,15,52.29197920891446,3210.35,0.9386988304093566,0.25,802587.5,0.7083333333333334,1,2.125,true,true,true,26338546.749676567,750000,true,0,500000,false
global-disease-crisis,seed-1,BAL,15,81.18002316080785,3844.68,0.899340350877193,0.3,1153404,1,1,3,true,true,true,77329905.43490013,750000,true,500000,500000,true
global-disease-crisis,seed-1,JPQ,15,74.30204089156246,4255.34,0.9480011138958507,0.33,1404262.2,1.411764705882353,1,4.235294117647059,true,true,true,99566378.01944186,750000,true,500000,500000,true
global-disease-crisis,seed-1,CONSV,15,79.54350343566071,3617.03,0.9953986928104576,0.35,1265960.5,1.105263157894737,1.05,3.1578947368421053,true,true,true,71802593.90133078,750000,true,500000,500000,true
global-disease-crisis,seed-1,VAP,15,76.26875930611915,5106.4,0.9953996101364522,0.28,1429792.0000000002,1.2941176470588236,1,3.882352941176471,true,true,true,95770637.08877409,750000,true,500000,500000,true
global-disease-crisis,seed-1,MASS,16,52.154460456379596,3393.67,0.9923011695906433,0.25,848417.5,0.7083333333333334,1,2.125,true,true,true,31273938.60080438,750000,true,0,500000,false
global-disease-crisis,seed-1,BAL,16,82.68562130794322,3750.39,0.8772842105263158,0.3,1125117,1,1,3,true,true,true,85715804.18508443,750000,true,500000,500000,true
global-disease-crisis,seed-1,JPQ,16,76.35787762023746,4467.2,0.9951991088833194,0.33,1474176,1.411764705882353,1,4.235294117647059,true,true,true,105666401.92138822,750000,true,500000,500000,true
global-disease-crisis,seed-1,CONSV,16,81.18002316080785,3514.67,0.9134944769330734,0.35,1230134.5,1.105263157894737,1.05,3.1578947368421053,true,true,true,79699046.48744717,750000,true,500000,500000,true
global-disease-crisis,seed-1,VAP,16,78.16725856162962,5106.4,0.9555836257309941,0.28,1429792.0000000002,1.2941176470588236,1,3.882352941176471,true,true,true,105987975.8721351,750000,true,500000,500000,true
global-disease-crisis,seed-1,MASS,17,52.02519282899682,3113.93,0.9105058479532163,0.25,778482.5,0.7083333333333334,1,2.125,true,true,true,32889704.54481018,750000,true,0,500000,false
global-disease-crisis,seed-1,BAL,17,84.07077160330776,3889.37,0.9097941520467836,0.3,1166811,1,1,3,true,true,true,124936352.01901159,750000,true,500000,500000,true
global-disease-crisis,seed-1,JPQ,17,78.24924741061847,4468.1,0.9953996101364523,0.33,1474473,1.411764705882353,1,4.235294117647059,true,true,true,126321230.97072478,750000,true,500000,500000,true
global-disease-crisis,seed-1,CONSV,17,82.68562130794322,3629.86,0.9434333983105914,0.35,1270451,1.105263157894737,1.05,3.1578947368421053,true,true,true,102998162.01908693,750000,true,500000,500000,true
global-disease-crisis,seed-1,VAP,17,79.91387787669925,5319.17,0.9954002339181287,0.28,1489367.6,1.2941176470588236,1,3.882352941176471,true,true,true,121787717.5791159,750000,true,500000,500000,true
global-disease-crisis,seed-1,MASS,18,51.90368125925701,2480.79,0.7253771929824562,0.25,620197.5,0.7083333333333334,1,2.125,true,true,true,48144312.408880174,750000,true,500000,500000,true
global-disease-crisis,seed-1,BAL,18,85.34510987504314,3890.64,0.9100912280701754,0.3,1167192,1,1,3,true,true,true,152536144.1104022,750000,true,500000,500000,true
global-disease-crisis,seed-1,JPQ,18,79.98930761776899,4468.55,0.9954998607630187,0.33,1474621.5,1.411764705882353,1,4.235294117647059,true,true,true,144363260.9883576,750000,true,500000,500000,true
global-disease-crisis,seed-1,CONSV,18,84.07077160330776,3655.66,0.9501390513320338,0.35,1279481,1.105263157894737,1.05,3.1578947368421053,true,true,true,127772578.38939226,750000,true,500000,500000,true
global-disease-crisis,seed-1,VAP,18,81.5207676465633,5319.17,0.9954002339181287,0.28,1489367.6,1.2941176470588236,1,3.882352941176471,true,true,true,141435683.49346125,750000,true,500000,500000,true
global-disease-crisis,seed-1,MASS,19,55.75138675851645,2352.95,0.6879970760233918,0.25,588237.5,0.7083333333333334,1,2.125,true,true,true,41424594.200354986,750000,true,500000,500000,true
global-disease-crisis,seed-1,BAL,19,86.51750108503968,3897.7,0.9117426900584795,0.3,1169310,1,1,3,true,true,true,184059643.39130172,750000,true,500000,500000,true
global-disease-crisis,seed-1,JPQ,19,81.59016300834747,4468.55,0.9954998607630187,0.33,1474621.5,1.411764705882353,1,4.235294117647059,true,true,true,166402216.74824828,750000,true,500000,500000,true
global-disease-crisis,seed-1,CONSV,19,85.34510987504314,3664.59,0.9524600389863548,0.35,1282606.5,1.105263157894737,1.05,3.1578947368421053,true,true,true,150798610.33139446,750000,true,500000,500000,true
global-disease-crisis,seed-1,VAP,19,82.99910623483824,5319.17,0.9954002339181287,0.28,1489367.6,1.2941176470588236,1,3.882352941176471,true,true,true,163176211.99019262,750000,true,500000,500000,true
global-disease-crisis,seed-1,MASS,20,59.291275817835135,2527.15,0.7389327485380117,0.25,631787.5,0.7083333333333334,1,2.125,true,true,true,39556007.337051034,750000,true,500000,500000,true
global-disease-crisis,seed-1,BAL,20,87.59610099823651,3907.51,0.9140374269005849,0.3,1172253,1,1,3,true,true,true,215885950.07750946,750000,true,500000,500000,true
global-disease-crisis,seed-1,JPQ,20,83.06294996767967,4468.55,0.9954998607630187,0.33,1474621.5,1.411764705882353,1,4.235294117647059,true,true,true,191801176.39899614,750000,true,500000,500000,true
global-disease-crisis,seed-1,CONSV,20,86.51750108503968,3669.91,0.9538427550357375,0.35,1284468.5,1.105263157894737,1.05,3.1578947368421053,true,true,true,176166743.06505167,750000,true,500000,500000,true
global-disease-crisis,seed-1,VAP,20,84.35917773605118,5319.17,0.9954002339181287,0.28,1489367.6,1.2941176470588236,1,3.882352941176471,true,true,true,186120108.9170003,750000,true,500000,500000,true
global-disease-crisis,seed-1,MASS,21,62.547973752408325,2634.17,0.7702251461988304,0.25,658542.5,0.7083333333333334,1,2.125,true,true,true,37234474.170293,750000,true,0,500000,false
global-disease-crisis,seed-1,BAL,21,88.58841291837759,3905.94,0.9136701754385965,0.3,1171782,1,1,3,true,true,true,238379165.8813413,750000,true,500000,500000,true
global-disease-crisis,seed-1,JPQ,21,84.4179139702653,4467.65,0.9500584795321637,0.33,1474324.5,1.411764705882353,1,4.235294117647059,true,true,true,208935807.36700287,750000,true,500000,500000,true
global-disease-crisis,seed-1,CONSV,21,87.59610099823651,3667.75,0.9532813515269656,0.35,1283712.5,1.105263157894737,1.05,3.1578947368421053,true,true,true,193374057.94890946,750000,true,500000,500000,true
global-disease-crisis,seed-1,VAP,21,85.61044351716708,5319.17,0.9954002339181287,0.28,1489367.6,1.2941176470588236,1,3.882352941176471,true,true,true,203331698.5659454,750000,true,500000,500000,true
global-disease-crisis,seed-1,MASS,22,61.79509532726382,2611.71,0.7636578947368421,0.25,652927.5,0.7083333333333334,1,2.125,true,true,true,48708783.482181326,750000,true,500000,500000,true
global-disease-crisis,seed-1,BAL,22,89.50133988490738,3904.37,0.9133029239766082,0.3,1171311,1,1,3,true,true,true,274893286.35385144,750000,true,500000,500000,true
global-disease-crisis,seed-1,JPQ,22,85.66448085264408,4680.4,0.9953003721424774,0.33,1544532,1.411764705882353,1,4.235294117647059,true,true,true,232480767.46276134,750000,true,500000,500000,true
global-disease-crisis,seed-1,CONSV,22,88.58841291837759,3668.12,0.9533775178687459,0.35,1283842,1.105263157894737,1.05,3.1578947368421053,true,true,true,218443953.82319716,750000,true,500000,500000,true
global-disease-crisis,seed-1,VAP,22,86.76160803579371,5319.17,0.9571156095366622,0.28,1489367.6,1.2941176470588236,1,3.882352941176471,true,true,true,227417689.9990192,750000,true,500000,500000,true
global-disease-crisis,seed-1,MASS,23,64.85148770108272,2534.29,0.7410204678362573,0.25,633572.5,0.7083333333333334,1,2.125,true,true,true,65348642.241242826,750000,true,500000,500000,true
global-disease-crisis,seed-1,BAL,23,90.3412326941148,3904.37,0.9133029239766082,0.3,1171311,1,1,3,true,true,true,303528900.147498,750000,true,0,500000,false
global-disease-crisis,seed-1,JPQ,23,86.81132238443254,4681.34,0.9955002658160553,0.33,1544842.2000000002,1.411764705882353,1,4.235294117647059,true,true,true,253010323.53044462,750000,true,500000,500000,true
global-disease-crisis,seed-1,CONSV,23,89.50133988490738,3618.98,0.9406055880441846,0.35,1266643,1.105263157894737,1.05,3.1578947368421053,true,true,true,240892084.4989651,750000,true,500000,500000,true
global-disease-crisis,seed-1,VAP,23,87.82067939293022,5530.82,0.9951992802519117,0.28,1548629.6,1.2941176470588236,1,3.882352941176471,true,true,true,247301926.73699433,750000,true,500000,500000,true
global-disease-crisis,seed-1,MASS,24,67.6633686849961,2605.03,0.7617046783625732,0.25,651257.5,0.7083333333333334,1,2.125,true,true,true,69381081.76954801,750000,true,500000,500000,true
global-disease-crisis,seed-1,BAL,24,87.9207587324679,3904.37,0.9133029239766082,0.3,1171311,1,1,3,true,true,true,332987715.7479104,750000,true,500000,500000,true
global-disease-crisis,seed-1,JPQ,24,87.86641659367794,4681.34,0.9955002658160553,0.33,1544842.2000000002,1.411764705882353,1,4.235294117647059,true,true,true,277297799.4359065,750000,true,500000,500000,true
global-disease-crisis,seed-1,CONSV,24,90.3412326941148,3762.64,0.9779441195581546,0.35,1316924,1.105263157894737,1.05,3.1578947368421053,true,true,true,263092154.0438031,750000,true,0,500000,false
global-disease-crisis,seed-1,VAP,24,88.7950250414958,5531.94,0.9954008097165992,0.28,1548943.2000000002,1.2941176470588236,1,3.882352941176471,true,true,true,269552439.06785524,750000,true,500000,500000,true
global-disease-crisis,seed-1,MASS,25,70.25029919019642,2930.93,0.8569970760233918,0.25,732732.5,0.7083333333333334,1,2.125,true,true,true,74220025.24934466,750000,true,500000,500000,true
global-disease-crisis,seed-1,BAL,25,88.88709803387047,3904.37,0.9133029239766082,0.3,1171311,1,1,3,true,true,true,352557518.2720227,750000,true,500000,500000,true
global-disease-crisis,seed-1,JPQ,25,88.8371032661837,4681.34,0.9955002658160553,0.33,1544842.2000000002,1.411764705882353,1,4.235294117647059,true,true,true,299492078.8550282,750000,true,500000,500000,true
global-disease-crisis,seed-1,CONSV,25,87.9207587324679,3829.42,0.9953008447043535,0.35,1340297,1.105263157894737,1.05,3.1578947368421053,true,true,true,283706231.7080087,750000,true,500000,500000,true
global-disease-crisis,seed-1,VAP,25,89.69142303817614,5531.94,0.9954008097165992,0.28,1548943.2000000002,1.2941176470588236,1,3.882352941176471,true,true,true,289664630.3202651,750000,true,500000,500000,true
global-disease-crisis,seed-1,MASS,26,72.6302752549807,2746.86,0.8031754385964913,0.25,686715,0.7083333333333334,1,2.125,true,true,true,73949619.35636094,750000,true,500000,500000,true
global-disease-crisis,seed-1,BAL,26,89.77613019116083,3904.37,0.9133029239766082,0.3,1171311,1,1,3,true,true,true,377303213.9087878,750000,true,500000,500000,true
global-disease-crisis,seed-1,JPQ,26,89.73013500488901,4681.34,0.9955002658160553,0.33,1544842.2000000002,1.411764705882353,1,4.235294117647059,true,true,true,324060349.82721764,750000,true,500000,500000,true
global-disease-crisis,seed-1,CONSV,26,88.88709803387047,3810.3,0.9903313840155946,0.35,1333605,1.105263157894737,1.05,3.1578947368421053,true,true,true,307079629.3749882,750000,true,500000,500000,true
global-disease-crisis,seed-1,VAP,26,90.51610919512206,5531.94,0.9954008097165992,0.28,1548943.2000000002,1.2941176470588236,1,3.882352941176471,true,true,true,311962183.8279701,750000,true,0,500000,false
global-disease-crisis,seed-1,MASS,27,74.81985323458224,3169.1,0.5295071010860485,0.25,792275,0.7083333333333334,1,2.125,true,true,true,85146207.71611251,750000,true,500000,500000,true
global-disease-crisis,seed-1,BAL,27,90.59403977586797,3904.37,0.9133029239766082,0.3,1171311,1,1,3,true,true,true,394520427.31761724,750000,true,0,500000,false
global-disease-crisis,seed-1,JPQ,27,90.55172420449789,4681.34,0.9522176455631833,0.33,1544842.2000000002,1.411764705882353,1,4.235294117647059,true,true,true,346276091.91033536,750000,true,0,500000,false
global-disease-crisis,seed-1,CONSV,27,89.77613019116083,3772.52,0.9805120207927226,0.35,1320382,1.105263157894737,1.05,3.1578947368421053,true,true,true,328472738.8478051,750000,true,500000,500000,true
global-disease-crisis,seed-1,VAP,27,88.08514264341473,5531.94,0.9954008097165992,0.28,1548943.2000000002,1.2941176470588236,1,3.882352941176471,true,true,true,334892473.158316,750000,true,500000,500000,true
global-disease-crisis,seed-1,MASS,28,76.83426497581566,2840.38,0.39083316133470936,0.25,710095,0.7083333333333334,1,2.125,true,true,true,81627943.61769515,750000,true,0,500000,false
global-disease-crisis,seed-1,BAL,28,88.1583973893159,3904.37,0.5708143274853801,0.3,1171311,1,1,3,true,true,true,418291047.82373065,750000,true,500000,500000,true
global-disease-crisis,seed-1,JPQ,28,88.11862075222801,4892.65,0.9951995931858632,0.33,1614574.5,1.411764705882353,1,4.235294117647059,true,true,true,367102178.26221055,750000,true,500000,500000,true
global-disease-crisis,seed-1,CONSV,28,90.59403977586797,3773.56,0.9807823261858349,0.35,1320746,1.105263157894737,1.05,3.1578947368421053,true,true,true,350656384.8725724,750000,true,0,500000,false
global-disease-crisis,seed-1,VAP,28,89.03833123194156,5531.94,0.9585341130604288,0.28,1548943.2000000002,1.2941176470588236,1,3.882352941176471,true,true,true,356688264.27955335,750000,true,500000,500000,true
global-disease-crisis,seed-1,MASS,29,75.22420907726672,3646.78,0.42652397660818714,0.25,911695,0.7083333333333334,1,2.125,true,true,true,74835371.2996379,750000,true,0,500000,false
global-disease-crisis,seed-1,BAL,29,89.10572559817062,5235.6,0.6445798707294552,0.3,1570680,1,1,3,true,true,true,405363158.53030306,750000,true,500000,500000,true
global-disease-crisis,seed-1,JPQ,29,89.06913109204977,4893.64,0.995400966183575,0.33,1614901.2000000002,1.411764705882353,1,4.235294117647059,true,true,true,384426072.3489201,750000,true,500000,500000,true
global-disease-crisis,seed-1,CONSV,29,88.1583973893159,3794.85,0.9863157894736841,0.35,1328197.5,1.105263157894737,1.05,3.1578947368421053,true,true,true,368307995.2920588,750000,true,500000,500000,true
global-disease-crisis,seed-1,VAP,29,89.91526473338624,5743.55,0.9952003465453758,0.28,1608194.0000000002,1.2941176470588236,1,3.882352941176471,true,true,true,372898473.6546224,750000,true,500000,500000,true
global-disease-crisis,seed-1,MASS,30,73.71075653263071,5269.45,0.6163099415204678,0.25,1317362.5,0.7083333333333334,1,2.125,true,true,true,82770275.70714873,750000,true,500000,500000,true
global-disease-crisis,seed-1,BAL,30,89.97726755031697,6258.09,0.6654003189792663,0.3,1877427,1,1,3,true,true,true,397005717.6891639,750000,true,500000,500000,true
global-disease-crisis,seed-1,JPQ,30,89.9436006046858,4894.13,0.9955006356470888,0.33,1615062.9000000001,1.411764705882353,1,4.235294117647059,true,true,true,400538922.72463334,750000,true,500000,500000,true
global-disease-crisis,seed-1,CONSV,30,89.10572559817062,3799.27,0.9874645873944119,0.35,1329744.5,1.105263157894737,1.05,3.1578947368421053,true,true,true,383165126.1471472,750000,true,500000,500000,true
global-disease-crisis,seed-1,VAP,30,90.72204355471534,5744.13,0.9953008447043535,0.28,1608356.4000000001,1.2941176470588236,1,3.882352941176471,true,true,true,386718051.12517166,750000,true,0,500000,false
global-disease-crisis,seed-1,MASS,31,75.81389601002026,3840.98,0.4492374269005848,0.25,960245,0.7083333333333334,1,2.125,true,true,true,72254258.92851347,750000,true,0,500000,false
global-disease-crisis,seed-1,BAL,31,90.7790861462916,6819.5,0.7250930356193515,0.3,2045850,1,1,3,true,true,true,414312117.02633286,750000,true,0,500000,false
global-disease-crisis,seed-1,JPQ,31,90.74811255631093,4894.13,0.9955006356470888,0.33,1615062.9000000001,1.411764705882353,1,4.235294117647059,true,true,true,414633100.54092956,750000,true,0,500000,false
global-disease-crisis,seed-1,CONSV,31,89.97726755031697,3778.94,0.982180636777128,0.35,1322629,1.105263157894737,1.05,3.1578947368421053,true,true,true,402857799.5807005,750000,true,500000,500000,true
global-disease-crisis,seed-1,VAP,31,88.27872094143243,5744.7,0.9953996101364522,0.28,1608516.0000000002,1.2941176470588236,1,3.882352941176471,true,true,true,404247005.3556781,750000,true,500000,500000,true
global-disease-crisis,seed-1,MASS,32,74.26506224941905,4329.6,0.5063859649122807,0.25,1082400,0.7083333333333334,1,2.125,true,true,true,94920569.61582103,750000,true,500000,500000,true
global-disease-crisis,seed-1,BAL,32,88.33234097751411,6257.530000000001,0.6653407761828816,0.3,1877259.0000000002,1,1,3,true,true,true,427540723.62127656,750000,true,500000,500000,true
global-disease-crisis,seed-1,JPQ,32,88.30322580293227,4894.13,0.9955006356470888,0.33,1615062.9000000001,1.411764705882353,1,4.235294117647059,true,true,true,428038397.48749083,750000,true,500000,500000,true
global-disease-crisis,seed-1,CONSV,32,90.7790861462916,3766.71,0.9790019493177388,0.35,1318348.5,1.105263157894737,1.05,3.1578947368421053,true,true,true,420588983.997103,750000,true,0,500000,false
global-disease-crisis,seed-1,VAP,32,89.21642326611783,5744.7,0.9953996101364522,0.28,1608516.0000000002,1.2941176470588236,1,3.882352941176471,true,true,true,421918899.88690424,750000,true,500000,500000,true
global-disease-crisis,seed-2,MASS,1,50,0,0,0.25,0,0.7083333333333334,1,2.125,false,false,false,30000000,750000,true,0,0,true
global-disease-crisis,seed-2,BAL,1,50,0,0,0.3,0,1,1,3,false,false,false,30000000,750000,true,0,0,true
global-disease-crisis,seed-2,JPQ,1,50,0,0,0.33,0,1.411764705882353,1,4.235294117647059,false,false,false,25000000,750000,true,0,0,true
global-disease-crisis,seed-2,CONSV,1,50,0,0,0.35,0,1.105263157894737,1.05,3.1578947368421053,false,false,false,35000000,750000,true,0,0,true
global-disease-crisis,seed-2,VAP,1,50,0,0,0.28,0,1.2941176470588236,1,3.882352941176471,false,false,false,22000000,750000,true,0,0,true
global-disease-crisis,seed-2,MASS,2,50,2676.59,0.7826286549707603,0.25,669147.5,0.7083333333333334,1,2.125,true,true,true,14530663.532499146,750000,true,0,500000,false
global-disease-crisis,seed-2,BAL,2,50,3935.21,0.9205169590643275,0.3,1180563,1,1,3,true,true,true,41575441.369690195,750000,true,500000,500000,true
global-disease-crisis,seed-2,JPQ,2,50,2509.76,0.5870783625730994,0.33,828220.8,1.411764705882353,1,4.235294117647059,true,true,true,14494279.701722093,750000,true,0,500000,false
global-disease-crisis,seed-2,CONSV,2,50,2128.14,0.6222631578947369,0.35,744849,1.105263157894737,1.05,3.1578947368421053,true,true,true,10878104.155727632,750000,true,0,500000,false
global-disease-crisis,seed-2,VAP,2,50,5093.06,0.9927992202729046,0.28,1426056.8,1.2941176470588236,1,3.882352941176471,true,true,true,20033387.12761445,750000,true,0,500000,false
global-disease-crisis,seed-2,MASS,3,50,0,0,0.25,0,0.7083333333333334,1,2.125,false,false,false,39649901.19417107,750000,true,0,0,true
global-disease-crisis,seed-2,BAL,3,54,3739.1,0.8746432748538011,0.3,1121730,1,1,3,true,true,true,36801895.72893275,750000,true,500000,500000,true
global-disease-crisis,seed-2,JPQ,3,50,3797.33,0.8882643274853801,0.33,1253118.9000000001,1.411764705882353,1,4.235294117647059,true,true,true,30169095.107990433,750000,true,500000,500000,true
global-disease-crisis,seed-2,CONSV,3,50,2959.32,0.8652982456140351,0.35,1035761.9999999999,1.105263157894737,1.05,3.1578947368421053,true,true,true,34549978.19227211,750000,true,500000,500000,true
global-disease-crisis,seed-2,VAP,3,50,0,0,0.28,0,1.2941176470588236,1,3.882352941176471,false,false,false,21336942.761358146,750000,true,0,0,true
global-disease-crisis,seed-2,MASS,4,50,3394.35,0.9924999999999999,0.25,848587.5,0.7083333333333334,1,2.125,true,true,true,5241360.296290427,750000,true,0,500000,false
global-disease-crisis,seed-2,BAL,4,57.68,3234.87,0.7566947368421052,0.3,970461,1,1,3,true,true,true,36750810.49227026,750000,true,500000,500000,true
global-disease-crisis,seed-2,JPQ,4,54,4070.67,0.9522035087719298,0.33,1343321.1,1.411764705882353,1,4.235294117647059,true,true,true,25031048.941229116,750000,true,0,500000,false
global-disease-crisis,seed-2,CONSV,4,54,3188.75,0.9323830409356725,0.35,1116062.5,1.105263157894737,1.05,3.1578947368421053,true,true,true,32260339.571586482,750000,true,500000,500000,true
global-disease-crisis,seed-2,VAP,4,50,4311.72,0.8404912280701755,0.28,1207281.6,1.2941176470588236,1,3.882352941176471,true,true,true,17024937.343622975,750000,true,0,500000,false
global-disease-crisis,seed-2,MASS,5,50,1853.62,0.5419941520467836,0.25,463405,0.7083333333333334,1,2.125,true,true,true,40425007.11332206,750000,true,500000,500000,true
global-disease-crisis,seed-2,BAL,5,61.0656,4225.32,0.988378947368421,0.3,1267596,1,1,3,true,true,true,41202123.485918626,750000,true,500000,500000,true
global-disease-crisis,seed-2,JPQ,5,53.76,4087.23,0.9560771929824562,0.33,1348785.9000000001,1.411764705882353,1,4.235294117647059,true,true,true,25828833.022373367,750000,true,0,500000,false
global-disease-crisis,seed-2,CONSV,5,57.68,3341,0.9769005847953216,0.35,1169350,1.105263157894737,1.05,3.1578947368421053,true,true,true,36081250.53076267,750000,true,500000,500000,true
global-disease-crisis,seed-2,VAP,5,50,5088.96,0.992,0.28,1424908.8,1.2941176470588236,1,3.882352941176471,true,true,true,27971598.764597107,750000,true,500000,500000,true
global-disease-crisis,seed-2,MASS,6,54,3352.37,0.9802251461988304,0.25,838092.5,0.7083333333333334,1,2.125,true,true,true,0,750000,false,0,500000,false
global-disease-crisis,seed-2,BAL,6,64.180352,4242.08,0.9922994152046783,0.3,1272624,1,1,3,true,true,true,17568148.55421989,750000,true,0,500000,false
global-disease-crisis,seed-2,JPQ,6,53.5344,4239.95,0.9918011695906432,0.33,1399183.5,1.411764705882353,1,4.235294117647059,true,true,true,24841176.610146172,750000,true,0,500000,false
global-disease-crisis,seed-2,CONSV,6,61.0656,3188.75,0.9323830409356725,0.35,1116062.5,1.105263157894737,1.05,3.1578947368421053,true,true,true,35418792.971406125,750000,true,500000,500000,true
global-disease-crisis,seed-2,VAP,6,54,5090.5,0.9923001949317739,0.28,1425340.0000000002,1.2941176470588236,1,3.882352941176471,true,true,true,18005202.60521823,750000,true,0,500000,false
global-disease-crisis,seed-2,MASS,7,53.76,1890.74,0.5528479532163743,0.25,472685,0.7083333333333334,1,2.125,true,true,true,31864939.897132285,750000,true,500000,500000,true
global-disease-crisis,seed-2,BAL,7,63.32953088,4229.92,0.9894549707602339,0.3,1268976,1,1,3,true,true,true,29032780.198235154,750000,true,500000,500000,true
global-disease-crisis,seed-2,JPQ,7,53.322336,4247.21,0.9934994152046783,0.33,1401579.3,1.411764705882353,1,4.235294117647059,true,true,true,12487049.723681595,750000,true,0,500000,false
global-disease-crisis,seed-2,CONSV,7,64.180352,3194.86,0.9341695906432749,0.35,1118201,1.105263157894737,1.05,3.1578947368421053,true,true,true,17925349.368235115,750000,true,0,500000,false
global-disease-crisis,seed-2,VAP,7,53.76,5089.99,0.9922007797270955,0.28,1425197.2000000002,1.2941176470588236,1,3.882352941176471,true,true,true,28762081.644458383,750000,true,500000,500000,true
global-disease-crisis,seed-2,MASS,8,57.459199999999996,3176.3,0.9287426900584795,0.25,794075,0.7083333333333334,1,2.125,true,true,true,0,750000,false,0,500000,false
global-disease-crisis,seed-2,BAL,8,66.2631684096,3715.98,0.8692350877192982,0.3,1114794,1,1,3,true,true,true,28017166.661263578,750000,true,500000,500000,true
global-disease-crisis,seed-2,JPQ,8,53.12299584,4253.63,0.9950011695906433,0.33,1403697.9000000001,1.411764705882353,1,4.235294117647059,true,true,true,35618955.89081471,750000,true,500000,500000,true
global-disease-crisis,seed-2,CONSV,8,63.32953088,3402.56,0.9949005847953216,0.35,1190896,1.105263157894737,1.05,3.1578947368421053,true,true,true,31207351.25107327,750000,true,500000,500000,true
global-disease-crisis,seed-2,VAP,8,57.459199999999996,5089.99,0.9922007797270955,0.28,1425197.2000000002,1.2941176470588236,1,3.882352941176471,true,true,true,34895708.9585616,750000,true,500000,500000,true
global-disease-crisis,seed-2,MASS,9,57.011647999999994,0,0,0.25,0,0.7083333333333334,1,2.125,false,false,false,36576676.22909249,750000,true,0,0,true
global-disease-crisis,seed-2,BAL,9,68.962114936832,3932.07,0.9197824561403509,0.3,1179621,1,1,3,true,true,true,41715837.41881849,750000,true,500000,500000,true
global-disease-crisis,seed-2,JPQ,9,56.8731561728,4253.63,0.9950011695906433,0.33,1403697.9000000001,1.411764705882353,1,4.235294117647059,true,true,true,44087465.42195718,750000,true,500000,500000,true
global-disease-crisis,seed-2,CONSV,9,66.2631684096,3257.09,0.9523654970760235,0.35,1139981.5,1.105263157894737,1.05,3.1578947368421053,true,true,true,34640700.921878666,750000,true,500000,500000,true
global-disease-crisis,seed-2,VAP,9,60.862463999999996,5098.71,0.9939005847953216,0.28,1427638.8,1.2941176470588236,1,3.882352941176471,true,true,true,30761498.59929782,750000,true,500000,500000,true
global-disease-crisis,seed-2,MASS,10,56.59094911999999,3394.35,0.9924999999999999,0.25,848587.5,0.7083333333333334,1,2.125,true,true,true,0,750000,false,0,500000,false
global-disease-crisis,seed-2,BAL,10,71.44514574188544,4193.18,0.9808608187134503,0.3,1257954,1,1,3,true,true,true,47245878.659026355,750000,true,500000,500000,true
global-disease-crisis,seed-2,JPQ,10,60.323303678976,4254.05,0.9950994152046784,0.33,1403836.5,1.411764705882353,1,4.235294117647059,true,true,true,53808382.517795205,750000,true,500000,500000,true
global-disease-crisis,seed-2,CONSV,10,68.962114936832,3403.24,0.9950994152046783,0.35,1191134,1.105263157894737,1.05,3.1578947368421053,true,true,true,46453444.72618842,750000,true,500000,500000,true
global-disease-crisis,seed-2,VAP,10,63.99346688,5106.4,0.9953996101364522,0.28,1429792.0000000002,1.2941176470588236,1,3.882352941176471,true,true,true,41385583.957756564,750000,true,500000,500000,true
global-disease-crisis,seed-2,MASS,11,56.19549217279999,3393.67,0.9923011695906433,0.25,848417.5,0.7083333333333334,1,2.125,true,true,true,30860257.68534464,750000,true,0,500000,false
global-disease-crisis,seed-2,BAL,11,73.7295340825346,4042.32,0.9455719298245614,0.3,1212696,1,1,3,true,true,true,49546746.88925722,750000,true,500000,500000,true
global-disease-crisis,seed-2,JPQ,11,63.49743938465792,4253.63,0.9950011695906433,0.33,1403697.9000000001,1.411764705882353,1,4.235294117647059,true,true,true,64250854.429408096,750000,true,500000,500000,true
global-disease-crisis,seed-2,CONSV,11,71.44514574188544,3403.93,0.9367540419676642,0.35,1191375.5,1.105263157894737,1.05,3.1578947368421053,true,true,true,51336730.51483907,750000,true,500000,500000,true
global-disease-crisis,seed-2,VAP,11,66.8739895296,5106.4,0.9953996101364522,0.28,1429792.0000000002,1.2941176470588236,1,3.882352941176471,true,true,true,44197349.18303376,750000,true,500000,500000,true
global-disease-crisis,seed-2,MASS,12,55.82376264243199,3394.01,0.9924005847953217,0.25,848502.5,0.7083333333333334,1,2.125,true,true,true,26489399.56277189,750000,true,0,500000,false
global-disease-crisis,seed-2,BAL,12,75.83117135593183,3616.43,0.8459485380116959,0.3,1084929,1,1,3,true,true,true,46950820.68825048,750000,true,500000,500000,true
global-disease-crisis,seed-2,JPQ,12,66.41764423388528,4253.63,0.9950011695906433,0.33,1403697.9000000001,1.411764705882353,1,4.235294117647059,true,true,true,59458218.48861404,750000,true,500000,500000,true
global-disease-crisis,seed-2,CONSV,12,73.7295340825346,3616.31,0.9952005503955969,0.35,1265708.5,1.105263157894737,1.05,3.1578947368421053,true,true,true,53575384.85689321,750000,true,500000,500000,true
global-disease-crisis,seed-2,VAP,12,69.524070367232,5106.4,0.9953996101364522,0.28,1429792.0000000002,1.2941176470588236,1,3.882352941176471,true,true,true,55809547.619938046,750000,true,500000,500000,true
global-disease-crisis,seed-2,MASS,13,55.47433688388607,2914.12,0.8520818713450292,0.25,728530,0.7083333333333334,1,2.125,true,true,true,20392918.578856364,750000,true,0,500000,false
global-disease-crisis,seed-2,BAL,13,77.76467764745729,4199.75,0.9823976608187135,0.3,1259925,1,1,3,true,true,true,50556203.52679828,750000,true,500000,500000,true
global-disease-crisis,seed-2,JPQ,13,69.10423269517446,4068.48,0.9516912280701755,0.33,1342598.4000000001,1.411764705882353,1,4.235294117647059,true,true,true,73084037.60043877,750000,true,500000,500000,true
global-disease-crisis,seed-2,CONSV,13,75.83117135593183,3616.67,0.9952996216030272,0.35,1265834.5,1.105263157894737,1.05,3.1578947368421053,true,true,true,55727276.72621849,750000,true,500000,500000,true
global-disease-crisis,seed-2,VAP,13,71.96214473785344,5106.4,0.9953996101364522,0.28,1429792.0000000002,1.2941176470588236,1,3.882352941176471,true,true,true,66640412.87369325,750000,true,500000,500000,true
global-disease-crisis,seed-2,MASS,14,55.1458766708529,2185.33,0.638985380116959,0.25,546332.5,0.7083333333333334,1,2.125,true,true,true,41473666.41888127,750000,true,500000,500000,true
global-disease-crisis,seed-2,BAL,14,79.54350343566071,4207.01,0.9840959064327486,0.3,1262103,1,1,3,true,true,true,68088982.71123692,750000,true,500000,500000,true
global-disease-crisis,seed-2,JPQ,14,71.5758940795605,4254.48,0.9951999999999999,0.33,1403978.4000000001,1.411764705882353,1,4.235294117647059,true,true,true,83202168.1527187,750000,true,500000,500000,true
global-disease-crisis,seed-2,CONSV,14,77.76467764745729,3616.67,0.9952996216030272,0.35,1265834.5,1.105263157894737,1.05,3.1578947368421053,true,true,true,60259349.388224065,750000,true,500000,500000,true
global-disease-crisis,seed-2,VAP,14,74.20517315882516,5106.4,0.9953996101364522,0.28,1429792.0000000002,1.2941176470588236,1,3.882352941176471,true,true,true,80903188.29182644,750000,true,500000,500000,true
global-disease-crisis,seed-2,MASS,15,58.73420653718467,2541.3,0.7430701754385965,0.25,635325,0.7083333333333334,1,2.125,true,true,true,35575468.64399827,750000,true,500000,500000,true
global-disease-crisis,seed-2,BAL,15,81.18002316080785,3833.45,0.8967134502923976,0.3,1150035,1,1,3,true,true,true,81915030.0519851,750000,true,500000,500000,true
global-disease-crisis,seed-2,JPQ,15,73.84982255319566,4254.91,0.9479053188526873,0.33,1404120.3,1.411764705882353,1,4.235294117647059,true,true,true,100008158.52623005,750000,true,500000,500000,true
global-disease-crisis,seed-2,CONSV,15,79.54350343566071,3616.67,0.9952996216030272,0.35,1265834.5,1.105263157894737,1.05,3.1578947368421053,true,true,true,76365846.22243467,750000,true,500000,500000,true
global-disease-crisis,seed-2,VAP,15,76.26875930611915,5106.4,0.9953996101364522,0.28,1429792.0000000002,1.2941176470588236,1,3.882352941176471,true,true,true,99178605.50936425,750000,true,500000,500000,true
global-disease-crisis,seed-2,MASS,16,62.03547001420989,3214.81,0.9400029239766081,0.25,803702.5,0.7083333333333334,1,2.125,true,true,true,27854214.30417141,750000,true,0,500000,false
global-disease-crisis,seed-2,BAL,16,82.68562130794322,3758.64,0.8792140350877192,0.3,1127592,1,1,3,true,true,true,89017270.8673171,750000,true,500000,500000,true
global-disease-crisis,seed-2,JPQ,16,75.94183674894,4466.31,0.9950008354218881,0.33,1473882.3,1.411764705882353,1,4.235294117647059,true,true,true,93230516.80417877,750000,true,500000,500000,true
global-disease-crisis,seed-2,CONSV,16,81.18002316080785,3506.63,0.9650168558651531,0.35,1227320.5,1.105263157894737,1.05,3.1578947368421053,true,true,true,85181417.14578313,750000,true,500000,500000,true
global-disease-crisis,seed-2,VAP,16,78.16725856162962,5106.4,0.9555836257309941,0.28,1429792.0000000002,1.2941176470588236,1,3.882352941176471,true,true,true,110755281.27922845,750000,true,500000,500000,true
global-disease-crisis,seed-2,MASS,17,61.3133418133573,3164.19,0.925201754385965,0.25,791047.5,0.7083333333333334,1,2.125,true,true,true,53579187.95432845,750000,true,500000,500000,true
global-disease-crisis,seed-2,BAL,17,84.07077160330776,3896.68,0.9115040935672514,0.3,1169004,1,1,3,true,true,true,121326952.27925128,750000,true,500000,500000,true
global-disease-crisis,seed-2,JPQ,17,77.8664898090248,4467.2,0.9951991088833194,0.33,1474176,1.411764705882353,1,4.235294117647059,true,true,true,110635210.16975921,750000,true,500000,500000,true
global-disease-crisis,seed-2,CONSV,17,82.68562130794322,3424.47,0.8900506822612085,0.35,1198564.5,1.105263157894737,1.05,3.1578947368421053,true,true,true,106445532.87700862,750000,true,500000,500000,true
global-disease-crisis,seed-2,VAP,17,79.91387787669925,5319.17,0.9954002339181287,0.28,1489367.6,1.2941176470588236,1,3.882352941176471,true,true,true,124489383.90357083,750000,true,500000,500000,true
global-disease-crisis,seed-2,MASS,18,64.40827446828871,3157.95,0.9233771929824561,0.25,789487.5,0.7083333333333334,1,2.125,true,true,true,42510828.54326311,750000,true,500000,500000,true
global-disease-crisis,seed-2,BAL,18,85.34510987504314,3946.61,0.9231836257309942,0.3,1183983,1,1,3,true,true,true,150626214.11958712,750000,true,500000,500000,true
global-disease-crisis,seed-2,JPQ,18,79.63717062430281,4468.1,0.9953996101364523,0.33,1474473,1.411764705882353,1,4.235294117647059,true,true,true,125785209.785507,750000,true,500000,500000,true
global-disease-crisis,seed-2,CONSV,18,84.07077160330776,3617.13,0.9401247563352827,0.35,1265995.5,1.105263157894737,1.05,3.1578947368421053,true,true,true,130110594.460447,750000,true,500000,500000,true
global-disease-crisis,seed-2,VAP,18,81.5207676465633,5319.17,0.9954002339181287,0.28,1489367.6,1.2941176470588236,1,3.882352941176471,true,true,true,143883987.04886797,750000,true,500000,500000,true
global-disease-crisis,seed-2,MASS,19,67.25561251082561,3051.92,0.8923742690058479,0.25,762980,0.7083333333333334,1,2.125,true,true,true,53312973.60512131,750000,true,500000,500000,true
global-disease-crisis,seed-2,BAL,19,86.51750108503968,3946.61,0.9231836257309942,0.3,1183983,1,1,3,true,true,true,178547415.90455982,750000,true,500000,500000,true
global-disease-crisis,seed-2,JPQ,19,81.26619697435859,4468.1,0.9953996101364523,0.33,1474473,1.411764705882353,1,4.235294117647059,true,true,true,145524116.0559232,750000,true,500000,500000,true
global-disease-crisis,seed-2,CONSV,19,85.34510987504314,3699.04,0.9614139051332034,0.35,1294664,1.105263157894737,1.05,3.1578947368421053,true,true,true,151903209.61142632,750000,true,500000,500000,true
global-disease-crisis,seed-2,VAP,19,82.99910623483824,5319.17,0.9954002339181287,0.28,1489367.6,1.2941176470588236,1,3.882352941176471,true,true,true,164773397.1300429,750000,true,500000,500000,true
global-disease-crisis,seed-2,MASS,20,69.87516350995956,3053.52,0.8928421052631579,0.25,763380,0.7083333333333334,1,2.125,true,true,true,58719005.42338359,750000,true,500000,500000,true
global-disease-crisis,seed-2,BAL,20,87.59610099823651,3946.61,0.9231836257309942,0.3,1183983,1,1,3,true,true,true,210464508.97649485,750000,true,500000,500000,true
global-disease-crisis,seed-2,JPQ,20,82.76490121640991,4468.1,0.9953996101364523,0.33,1474473,1.411764705882353,1,4.235294117647059,true,true,true,171477131.49402836,750000,true,500000,500000,true
global-disease-crisis,seed-2,CONSV,20,86.51750108503968,3696.05,0.9606367771280052,0.35,1293617.5,1.105263157894737,1.05,3.1578947368421053,true,true,true,177411911.0346916,750000,true,500000,500000,true
global-disease-crisis,seed-2,VAP,20,84.35917773605118,5319.17,0.9954002339181287,0.28,1489367.6,1.2941176470588236,1,3.882352941176471,true,true,true,188043182.53486505,750000,true,500000,500000,true
global-disease-crisis,seed-2,MASS,21,72.2851504291628,3053.52,0.5101954887218045,0.25,763380,0.7083333333333334,1,2.125,true,true,true,59335567.330472656,750000,true,500000,500000,true
global-disease-crisis,seed-2,BAL,21,88.58841291837759,3946.61,0.9231836257309942,0.3,1183983,1,1,3,true,true,true,232526871.87331966,750000,true,500000,500000,true
global-disease-crisis,seed-2,JPQ,21,84.14370911909711,4468.55,0.9502498670919723,0.33,1474621.5,1.411764705882353,1,4.235294117647059,true,true,true,188910676.66292286,750000,true,500000,500000,true
global-disease-crisis,seed-2,CONSV,21,87.59610099823651,3642.41,0.9466952566601688,0.35,1274843.5,1.105263157894737,1.05,3.1578947368421053,true,true,true,197358876.98889947,750000,true,500000,500000,true
global-disease-crisis,seed-2,VAP,21,85.61044351716708,5319.17,0.9954002339181287,0.28,1489367.6,1.2941176470588236,1,3.882352941176471,true,true,true,206882174.33487988,750000,true,500000,500000,true
global-disease-crisis,seed-2,MASS,22,74.50233839482978,2351.47,0.3235596835225318,0.25,587867.5,0.7083333333333334,1,2.125,true,true,true,42300719.21316803,750000,true,0,500000,false
global-disease-crisis,seed-2,BAL,22,89.50133988490738,3946.61,0.9231836257309942,0.3,1183983,1,1,3,true,true,true,259556398.66746026,750000,true,500000,500000,true
global-disease-crisis,seed-2,JPQ,22,85.41221238956935,4680.87,0.9954003189792663,0.33,1544687.1,1.411764705882353,1,4.235294117647059,true,true,true,211982755.03584576,750000,true,500000,500000,true
global-disease-crisis,seed-2,CONSV,22,88.58841291837759,3648.66,0.9483196881091618,0.35,1277031,1.105263157894737,1.05,3.1578947368421053,true,true,true,220837907.54969,750000,true,500000,500000,true
global-disease-crisis,seed-2,VAP,22,86.76160803579371,5319.17,0.9571156095366622,0.28,1489367.6,1.2941176470588236,1,3.882352941176471,true,true,true,230195481.9713861,750000,true,500000,500000,true
global-disease-crisis,seed-2,MASS,23,73.03219809113999,4972.11,0.5815333333333333,0.25,1243027.5,0.7083333333333334,1,2.125,true,true,true,83584046.88166657,750000,true,500000,500000,true
global-disease-crisis,seed-2,BAL,23,90.3412326941148,3946.61,0.9231836257309942,0.3,1183983,1,1,3,true,true,true,290084943.4665793,750000,true,0,500000,false
global-disease-crisis,seed-2,JPQ,23,86.5792353984038,4681.34,0.9955002658160553,0.33,1544842.2000000002,1.411764705882353,1,4.235294117647059,true,true,true,236538207.94334137,750000,true,500000,500000,true
global-disease-crisis,seed-2,CONSV,23,89.50133988490738,3609.88,0.938240415854451,0.35,1263458,1.105263157894737,1.05,3.1578947368421053,true,true,true,246114192.2945364,750000,true,500000,500000,true
global-disease-crisis,seed-2,VAP,23,87.82067939293022,5530.82,0.9951992802519117,0.28,1548629.6,1.2941176470588236,1,3.882352941176471,true,true,true,252238570.76259583,750000,true,500000,500000,true
global-disease-crisis,seed-2,MASS,24,75.18962224384879,3511.1400000000003,0.41065964912280706,0.25,877785.0000000001,0.7083333333333334,1,2.125,true,true,true,93814337.0401147,750000,true,0,500000,false
global-disease-crisis,seed-2,BAL,24,87.9207587324679,3946.61,0.9231836257309942,0.3,1183983,1,1,3,true,true,true,315814909.20252603,750000,true,500000,500000,true
global-disease-crisis,seed-2,JPQ,24,87.6528965665315,4681.34,0.9955002658160553,0.33,1544842.2000000002,1.411764705882353,1,4.235294117647059,true,true,true,259872973.89003864,750000,true,500000,500000,true
global-disease-crisis,seed-2,CONSV,24,90.3412326941148,3732.36,0.9700740740740741,0.35,1306326,1.105263157894737,1.05,3.1578947368421053,true,true,true,266615534.93266106,750000,true,0,500000,false
global-disease-crisis,seed-2,VAP,24,88.7950250414958,5531.94,0.9954008097165992,0.28,1548943.2000000002,1.2941176470588236,1,3.882352941176471,true,true,true,273876639.7083333,750000,true,500000,500000,true
global-disease-crisis,seed-2,MASS,25,73.67824490921785,4035.99,0.4720456140350877,0.25,1008997.5,0.7083333333333334,1,2.125,true,true,true,114756674.09677196,750000,true,0,500000,false
global-disease-crisis,seed-2,BAL,25,88.88709803387047,3904.37,0.9133029239766082,0.3,1171311,1,1,3,true,true,true,338856620.80552155,750000,true,500000,500000,true
global-disease-crisis,seed-2,JPQ,25,88.64066484120897,4681.34,0.9955002658160553,0.33,1544842.2000000002,1.411764705882353,1,4.235294117647059,true,true,true,286651821.12225854,750000,true,500000,500000,true
global-disease-crisis,seed-2,CONSV,25,87.9207587324679,3829.42,0.9953008447043535,0.35,1340297,1.105263157894737,1.05,3.1578947368421053,true,true,true,287681916.5101248,750000,true,500000,500000,true
global-disease-crisis,seed-2,VAP,25,89.69142303817614,5531.94,0.9954008097165992,0.28,1548943.2000000002,1.2941176470588236,1,3.882352941176471,true,true,true,294168251.95284593,750000,true,500000,500000,true
global-disease-crisis,seed-2,MASS,26,72.25755021466478,4280.83,0.5006818713450293,0.25,1070207.5,0.7083333333333334,1,2.125,true,true,true,118829019.17462453,750000,true,500000,500000,true
global-disease-crisis,seed-2,BAL,26,89.77613019116083,3904.37,0.8698123085491506,0.3,1171311,1,1,3,true,true,true,366905371.6958193,750000,true,500000,500000,true
global-disease-crisis,seed-2,JPQ,26,89.54941165391226,4681.34,0.9955002658160553,0.33,1544842.2000000002,1.411764705882353,1,4.235294117647059,true,true,true,310786801.8366953,750000,true,500000,500000,true
global-disease-crisis,seed-2,CONSV,26,88.88709803387047,3806.32,0.989296946068876,0.35,1332212,1.105263157894737,1.05,3.1578947368421053,true,true,true,307492164.0594555,750000,true,500000,500000,true
global-disease-crisis,seed-2,VAP,26,90.51610919512206,5531.94,0.9954008097165992,0.28,1548943.2000000002,1.2941176470588236,1,3.882352941176471,true,true,true,314564922.4091531,750000,true,0,500000,false
global-disease-crisis,seed-2,MASS,27,74.4769461974916,4171.219999999999,0.4878619883040935,0.25,1042804.9999999999,0.7083333333333334,1,2.125,true,true,true,95878450.48716271,750000,true,0,500000,false
global-disease-crisis,seed-2,BAL,27,90.59403977586797,4070.93,0.9069184071289335,0.3,1221279,1,1,3,true,true,true,395765880.5982834,750000,true,0,500000,false
global-disease-crisis,seed-2,JPQ,27,90.38545872159928,4681.34,0.9522176455631833,0.33,1544842.2000000002,1.411764705882353,1,4.235294117647059,true,true,true,335175339.74171257,750000,true,0,500000,false
global-disease-crisis,seed-2,CONSV,27,89.77613019116083,3741.26,0.97238726445744,0.35,1309441,1.105263157894737,1.05,3.1578947368421053,true,true,true,328457633.41561,750000,true,500000,500000,true
global-disease-crisis,seed-2,VAP,27,88.08514264341473,5531.94,0.9954008097165992,0.28,1548943.2000000002,1.2941176470588236,1,3.882352941176471,true,true,true,336016352.41504705,750000,true,500000,500000,true
global-disease-crisis,seed-2,MASS,28,73.0083294256421,4470.8099999999995,0.5229017543859649,0.25,1117702.4999999998,0.7083333333333334,1,2.125,true,true,true,111330535.3733786,750000,true,500000,500000,true
global-disease-crisis,seed-2,BAL,28,88.1583973893159,4071.34,0.5771880205564416,0.3,1221402,1,1,3,true,true,true,422504896.9608477,750000,true,500000,500000,true
global-disease-crisis,seed-2,JPQ,28,87.96233119830332,4892.65,0.9951995931858632,0.33,1614574.5,1.411764705882353,1,4.235294117647059,true,true,true,355423852.08352274,750000,true,500000,500000,true
global-disease-crisis,seed-2,CONSV,28,90.59403977586797,3757.6,0.9766341780376868,0.35,1315160,1.105263157894737,1.05,3.1578947368421053,true,true,true,350555976.1401003,750000,true,0,500000,false
global-disease-crisis,seed-2,VAP,28,89.03833123194156,5531.94,0.9585341130604288,0.28,1548943.2000000002,1.2941176470588236,1,3.882352941176471,true,true,true,358106897.69336146,750000,true,500000,500000,true
global-disease-crisis,seed-2,MASS,29,75.16766307159074,6848.360000000001,0.8009777777777779,0.25,1712090.0000000002,0.7083333333333334,1,2.125,true,true,true,123981703.06448035,750000,true,500000,500000,true
global-disease-crisis,seed-2,BAL,29,89.10572559817062,5395.48,0.647231069125806,0.3,1618644,1,1,3,true,true,true,407696642.5848842,750000,true,500000,500000,true
global-disease-crisis,seed-2,JPQ,29,88.92534470243905,4893.64,0.995400966183575,0.33,1614901.2000000002,1.411764705882353,1,4.235294117647059,true,true,true,373260065.06135345,750000,true,500000,500000,true
global-disease-crisis,seed-2,CONSV,29,88.1583973893159,3799.72,0.9875815464587394,0.35,1329902,1.105263157894737,1.05,3.1578947368421053,true,true,true,366504172.83563066,750000,true,500000,500000,true
global-disease-crisis,seed-2,VAP,29,89.91526473338624,5743.55,0.9952003465453758,0.28,1608194.0000000002,1.2941176470588236,1,3.882352941176471,true,true,true,371853670.61116123,750000,true,500000,500000,true
global-disease-crisis,seed-2,MASS,30,77.15425002586348,3311.5699999999997,0.38731812865497073,0.25,827892.4999999999,0.7083333333333334,1,2.125,true,true,true,102801028.25812837,750000,true,0,500000,false
global-disease-crisis,seed-2,BAL,30,89.97726755031697,6414.8099999999995,0.6669068226120857,0.3,1924442.9999999995,1,1,3,true,true,true,410636096.38133246,750000,true,500000,500000,true
global-disease-crisis,seed-2,JPQ,30,89.81131712624392,4894.13,0.9955006356470888,0.33,1615062.9000000001,1.411764705882353,1,4.235294117647059,true,true,true,396464122.3256842,750000,true,500000,500000,true
global-disease-crisis,seed-2,CONSV,30,89.10572559817062,3803.64,0.9886003898635477,0.35,1331274,1.105263157894737,1.05,3.1578947368421053,true,true,true,386260551.9640986,750000,true,500000,500000,true
global-disease-crisis,seed-2,VAP,30,90.72204355471534,5744.13,0.9953008447043535,0.28,1608356.4000000001,1.2941176470588236,1,3.882352941176471,true,true,true,388981031.4521996,750000,true,0,500000,false
global-disease-crisis,seed-2,MASS,31,75.52499502431166,5207.110000000001,0.6090187134502925,0.25,1301777.5000000002,0.7083333333333334,1,2.125,true,true,true,128759568.05811135,750000,true,500000,500000,true
global-disease-crisis,seed-2,BAL,31,90.7790861462916,7193.610000000001,0.7478736842105264,0.3,2158083,1,1,3,true,true,true,415148619.40934306,750000,true,0,500000,false
global-disease-crisis,seed-2,JPQ,31,90.6264117561444,4894.13,0.9955006356470888,0.33,1615062.9000000001,1.411764705882353,1,4.235294117647059,true,true,true,416112928.68484277,750000,true,0,500000,false
global-disease-crisis,seed-2,CONSV,31,89.97726755031697,3767.59,0.979230669265757,0.35,1318656.5,1.105263157894737,1.05,3.1578947368421053,true,true,true,402681378.5493223,750000,true,500000,500000,true
global-disease-crisis,seed-2,VAP,31,88.27872094143243,5744.7,0.9953996101364522,0.28,1608516.0000000002,1.2941176470588236,1,3.882352941176471,true,true,true,405978764.3055704,750000,true,500000,500000,true
global-disease-crisis,seed-2,MASS,32,77.48299542236673,5468.6900000000005,0.49200989653621235,0.25,1367172.5000000002,0.7083333333333334,1,2.125,true,true,true,159392488.18250978,750000,true,0,500000,false
global-disease-crisis,seed-2,BAL,32,88.33234097751411,7220,0.7506172839506173,0.3,2166000,1,1,3,true,true,true,426403603.36069405,750000,true,500000,500000,true
global-disease-crisis,seed-2,JPQ,32,88.18882705077574,4894.13,0.9955006356470888,0.33,1615062.9000000001,1.411764705882353,1,4.235294117647059,true,true,true,440644059.80196494,750000,true,500000,500000,true
global-disease-crisis,seed-2,CONSV,32,90.7790861462916,3768.18,0.9793840155945419,0.35,1318863,1.105263157894737,1.05,3.1578947368421053,true,true,true,424457849.44076324,750000,true,0,500000,false
global-disease-crisis,seed-2,VAP,32,89.21642326611783,5744.7,0.9953996101364522,0.28,1608516.0000000002,1.2941176470588236,1,3.882352941176471,true,true,true,424810532.6216302,750000,true,500000,500000,true
global-disease-crisis,seed-3,MASS,1,50,0,0,0.25,0,0.7083333333333334,1,2.125,false,false,false,30000000,750000,true,0,0,true
global-disease-crisis,seed-3,BAL,1,50,0,0,0.3,0,1,1,3,false,false,false,30000000,750000,true,0,0,true
global-disease-crisis,seed-3,JPQ,1,50,0,0,0.33,0,1.411764705882353,1,4.235294117647059,false,false,false,25000000,750000,true,0,0,true
global-disease-crisis,seed-3,CONSV,1,50,0,0,0.35,0,1.105263157894737,1.05,3.1578947368421053,false,false,false,35000000,750000,true,0,0,true
global-disease-crisis,seed-3,VAP,1,50,0,0,0.28,0,1.2941176470588236,1,3.882352941176471,false,false,false,22000000,750000,true,0,0,true
global-disease-crisis,seed-3,MASS,2,50,2676.59,0.7826286549707603,0.25,669147.5,0.7083333333333334,1,2.125,true,true,true,14530663.532499146,750000,true,0,500000,false
global-disease-crisis,seed-3,BAL,2,50,3935.21,0.9205169590643275,0.3,1180563,1,1,3,true,true,true,41575441.369690195,750000,true,500000,500000,true
global-disease-crisis,seed-3,JPQ,2,50,2509.76,0.5870783625730994,0.33,828220.8,1.411764705882353,1,4.235294117647059,true,true,true,14494279.701722093,750000,true,0,500000,false
global-disease-crisis,seed-3,CONSV,2,50,2128.14,0.6222631578947369,0.35,744849,1.105263157894737,1.05,3.1578947368421053,true,true,true,10878104.155727632,750000,true,0,500000,false
global-disease-crisis,seed-3,VAP,2,50,5093.06,0.9927992202729046,0.28,1426056.8,1.2941176470588236,1,3.882352941176471,true,true,true,20033387.12761445,750000,true,0,500000,false
global-disease-crisis,seed-3,MASS,3,50,0,0,0.25,0,0.7083333333333334,1,2.125,false,false,false,40022530.337227896,750000,true,0,0,true
global-disease-crisis,seed-3,BAL,3,54,3739.1,0.8746432748538011,0.3,1121730,1,1,3,true,true,true,37842311.97569601,750000,true,500000,500000,true
global-disease-crisis,seed-3,JPQ,3,50,3797.33,0.8882643274853801,0.33,1253118.9000000001,1.411764705882353,1,4.235294117647059,true,true,true,31258479.689132646,750000,true,500000,500000,true
global-disease-crisis,seed-3,CONSV,3,50,2959.32,0.8652982456140351,0.35,1035761.9999999999,1.105263157894737,1.05,3.1578947368421053,true,true,true,35555848.40216327,750000,true,500000,500000,true
global-disease-crisis,seed-3,VAP,3,50,0,0,0.28,0,1.2941176470588236,1,3.882352941176471,false,false,false,21999394.844236642,750000,true,0,0,true
global-disease-crisis,seed-3,MASS,4,50,3394.35,0.9924999999999999,0.25,848587.5,0.7083333333333334,1,2.125,true,true,true,6025478.56910567,750000,true,0,500000,false
global-disease-crisis,seed-3,BAL,4,57.68,3553.57,0.8312444444444445,0.3,1066071,1,1,3,true,true,true,36766419.84255625,750000,true,500000,500000,true
global-disease-crisis,seed-3,JPQ,4,54,4070.61,0.9521894736842106,0.33,1343301.3,1.411764705882353,1,4.235294117647059,true,true,true,24320627.94174087,750000,true,0,500000,false
global-disease-crisis,seed-3,CONSV,4,54,3188.75,0.9323830409356725,0.35,1116062.5,1.105263157894737,1.05,3.1578947368421053,true,true,true,32578967.196846355,750000,true,500000,500000,true
global-disease-crisis,seed-3,VAP,4,50,4390.46,0.8558401559454191,0.28,1229328.8,1.2941176470588236,1,3.882352941176471,true,true,true,15776882.371266536,750000,true,0,500000,false
global-disease-crisis,seed-3,MASS,5,50,1919.3,0.5611988304093567,0.25,479825,0.7083333333333334,1,2.125,true,true,true,38760222.213917844,750000,true,500000,500000,true
global-disease-crisis,seed-3,BAL,5,61.0656,4007.79,0.9374947368421053,0.3,1202337,1,1,3,true,true,true,42647384.67921067,750000,true,500000,500000,true
global-disease-crisis,seed-3,JPQ,5,53.76,4085.87,0.9557590643274854,0.33,1348337.1,1.411764705882353,1,4.235294117647059,true,true,true,24176780.363808237,750000,true,0,500000,false
global-disease-crisis,seed-3,CONSV,5,57.68,3390.59,0.9914005847953217,0.35,1186706.5,1.105263157894737,1.05,3.1578947368421053,true,true,true,36222497.95410156,750000,true,500000,500000,true
global-disease-crisis,seed-3,VAP,5,50,5088.96,0.992,0.28,1424908.8,1.2941176470588236,1,3.882352941176471,true,true,true,28167233.361677855,750000,true,500000,500000,true
global-disease-crisis,seed-3,MASS,6,54,3384.98,0.9897602339181286,0.25,846245,0.7083333333333334,1,2.125,true,true,true,0,750000,false,0,500000,false
global-disease-crisis,seed-3,BAL,6,64.180352,4195.75,0.9814619883040936,0.3,1258725,1,1,3,true,true,true,17937090.515816666,750000,true,0,500000,false
global-disease-crisis,seed-3,JPQ,6,53.5344,4239.95,0.9918011695906432,0.33,1399183.5,1.411764705882353,1,4.235294117647059,true,true,true,22283859.15534704,750000,true,0,500000,false
global-disease-crisis,seed-3,CONSV,6,61.0656,3188.75,0.9323830409356725,0.35,1116062.5,1.105263157894737,1.05,3.1578947368421053,true,true,true,34847418.07887051,750000,true,500000,500000,true
global-disease-crisis,seed-3,VAP,6,54,5090.5,0.9923001949317739,0.28,1425340.0000000002,1.2941176470588236,1,3.882352941176471,true,true,true,17364605.720064815,750000,true,0,500000,false
global-disease-crisis,seed-3,MASS,7,53.76,1965.25,0.5746345029239766,0.25,491312.5,0.7083333333333334,1,2.125,true,true,true,33293831.659852043,750000,true,500000,500000,true
global-disease-crisis,seed-3,BAL,7,63.32953088,4146.83,0.9700187134502923,0.3,1244049,1,1,3,true,true,true,29263268.50066036,750000,true,500000,500000,true
global-disease-crisis,seed-3,JPQ,7,53.322336,4247.21,0.9934994152046783,0.33,1401579.3,1.411764705882353,1,4.235294117647059,true,true,true,10552868.071619779,750000,true,0,500000,false
global-disease-crisis,seed-3,CONSV,7,64.180352,3194.86,0.9341695906432749,0.35,1118201,1.105263157894737,1.05,3.1578947368421053,true,true,true,15456342.989628263,750000,true,0,500000,false
global-disease-crisis,seed-3,VAP,7,53.76,5089.99,0.9922007797270955,0.28,1425197.2000000002,1.2941176470588236,1,3.882352941176471,true,true,true,26606770.0172787,750000,true,250000,500000,true
global-disease-crisis,seed-3,MASS,8,57.459199999999996,3329.95,0.9736695906432749,0.25,832487.5,0.7083333333333334,1,2.125,true,true,true,0,750000,false,0,500000,false
global-disease-crisis,seed-3,BAL,8,66.2631684096,3877.93,0.9071181286549708,0.3,1163379,1,1,3,true,true,true,26413882.930512033,750000,true,0,500000,false
global-disease-crisis,seed-3,JPQ,8,53.12299584,4254.05,0.9950994152046784,0.33,1403836.5,1.411764705882353,1,4.235294117647059,true,true,true,35589040.01494318,750000,true,500000,500000,true
global-disease-crisis,seed-3,CONSV,8,63.32953088,3402.56,0.9949005847953216,0.35,1190896,1.105263157894737,1.05,3.1578947368421053,true,true,true,30433479.354170337,750000,true,500000,500000,true
global-disease-crisis,seed-3,VAP,8,55.6096,5089.99,0.9922007797270955,0.28,1425197.2000000002,1.2941176470588236,1,3.882352941176471,true,true,true,32162200.339039657,750000,true,500000,500000,true
global-disease-crisis,seed-3,MASS,9,57.011647999999994,830.01,0.24269298245614035,0.25,207502.5,0.7083333333333334,1,2.125,true,true,false,35862248.62159929,750000,true,0,250000,false
global-disease-crisis,seed-3,BAL,9,65.28737830502399,3988.74,0.933038596491228,0.3,1196622,1,1,3,true,true,true,40551514.93878564,750000,true,500000,500000,true
global-disease-crisis,seed-3,JPQ,9,56.8731561728,4254.05,0.9950994152046784,0.33,1403836.5,1.411764705882353,1,4.235294117647059,true,true,true,43819685.12480938,750000,true,500000,500000,true
global-disease-crisis,seed-3,CONSV,9,66.2631684096,3257.09,0.9523654970760235,0.35,1139981.5,1.105263157894737,1.05,3.1578947368421053,true,true,true,35238963.368625626,750000,true,500000,500000,true
global-disease-crisis,seed-3,VAP,9,59.160832,5098.71,0.9939005847953216,0.28,1427638.8,1.2941176470588236,1,3.882352941176471,true,true,true,27806034.54965456,750000,true,0,500000,false
global-disease-crisis,seed-3,MASS,10,56.59094911999999,3385.46,0.9899005847953216,0.25,846365,0.7083333333333334,1,2.125,true,true,true,0,750000,false,0,500000,false
global-disease-crisis,seed-3,BAL,10,68.06438804062208,3986.34,0.9324771929824561,0.3,1195902,1,1,3,true,true,true,42322956.18915975,750000,true,500000,500000,true
global-disease-crisis,seed-3,JPQ,10,60.323303678976,4254.91,0.9953005847953216,0.33,1404120.3,1.411764705882353,1,4.235294117647059,true,true,true,51050369.52001415,750000,true,500000,500000,true
global-disease-crisis,seed-3,CONSV,10,68.962114936832,3403.24,0.9950994152046783,0.35,1191134,1.105263157894737,1.05,3.1578947368421053,true,true,true,45389861.642285265,750000,true,500000,500000,true
global-disease-crisis,seed-3,VAP,10,58.61118208,5106.4,0.9953996101364522,0.28,1429792.0000000002,1.2941176470588236,1,3.882352941176471,true,true,true,38361615.57774407,750000,true,500000,500000,true
global-disease-crisis,seed-3,MASS,11,56.19549217279999,2973.21,0.869359649122807,0.25,743302.5,0.7083333333333334,1,2.125,true,true,true,38166269.85455775,750000,true,500000,500000,true
global-disease-crisis,seed-3,BAL,11,70.61923699737231,4005.8,0.9370292397660819,0.3,1201740,1,1,3,true,true,true,50036766.73615637,750000,true,500000,500000,true
global-disease-crisis,seed-3,JPQ,11,63.49743938465792,4255.34,0.9954011695906433,0.33,1404262.2,1.411764705882353,1,4.235294117647059,true,true,true,57466756.77784436,750000,true,500000,500000,true
global-disease-crisis,seed-3,CONSV,11,71.44514574188544,3403.93,0.9367540419676642,0.35,1191375.5,1.105263157894737,1.05,3.1578947368421053,true,true,true,51564803.486638054,750000,true,500000,500000,true
global-disease-crisis,seed-3,VAP,11,61.9222875136,5106.4,0.9953996101364522,0.28,1429792.0000000002,1.2941176470588236,1,3.882352941176471,true,true,true,44000658.97709105,750000,true,500000,500000,true
global-disease-crisis,seed-3,MASS,12,59.69985279897599,2873.1,0.8400877192982455,0.25,718275,0.7083333333333334,1,2.125,true,true,true,21463431.997426856,750000,true,0,500000,false
global-disease-crisis,seed-3,BAL,12,72.96969803758253,3904.55,0.9133450292397661,0.3,1171365,1,1,3,true,true,true,47869225.53864375,750000,true,500000,500000,true
global-disease-crisis,seed-3,JPQ,12,66.41764423388528,4255.34,0.9954011695906433,0.33,1404262.2,1.411764705882353,1,4.235294117647059,true,true,true,53752707.09545488,750000,true,500000,500000,true
global-disease-crisis,seed-3,CONSV,12,73.7295340825346,3616.31,0.9952005503955969,0.35,1265708.5,1.105263157894737,1.05,3.1578947368421053,true,true,true,50158560.77181825,750000,true,500000,500000,true
global-disease-crisis,seed-3,VAP,12,64.968504512512,5106.4,0.9953996101364522,0.28,1429792.0000000002,1.2941176470588236,1,3.882352941176471,true,true,true,53649955.67965907,750000,true,500000,500000,true
global-disease-crisis,seed-3,MASS,13,59.11786163103743,3060.81,0.8949736842105263,0.25,765202.5,0.7083333333333334,1,2.125,true,true,true,22004871.289575767,750000,true,0,500000,false
global-disease-crisis,seed-3,BAL,13,75.13212219457593,4070.4,0.952140350877193,0.3,1221120,1,1,3,true,true,true,48823856.0814002,750000,true,500000,500000,true
global-disease-crisis,seed-3,JPQ,13,69.10423269517446,4255.34,0.9954011695906433,0.33,1404262.2,1.411764705882353,1,4.235294117647059,true,true,true,67758538.83538513,750000,true,500000,500000,true
global-disease-crisis,seed-3,CONSV,13,75.83117135593183,3616.67,0.9952996216030272,0.35,1265834.5,1.105263157894737,1.05,3.1578947368421053,true,true,true,53522388.575716786,750000,true,500000,500000,true
global-disease-crisis,seed-3,VAP,13,67.77102415151104,5106.4,0.9953996101364522,0.28,1429792.0000000002,1.2941176470588236,1,3.882352941176471,true,true,true,63601131.03455476,750000,true,500000,500000,true
global-disease-crisis,seed-3,MASS,14,58.57078993317518,3163.4,0.9249707602339181,0.25,790850,0.7083333333333334,1,2.125,true,true,true,47816736.52355705,750000,true,500000,500000,true
global-disease-crisis,seed-3,BAL,14,77.12155241900986,4058.79,0.9494245614035087,0.3,1217637,1,1,3,true,true,true,69477350.95399226,750000,true,500000,500000,true
global-disease-crisis,seed-3,JPQ,14,71.5758940795605,4255.34,0.9954011695906433,0.33,1404262.2,1.411764705882353,1,4.235294117647059,true,true,true,85848495.7595282,750000,true,500000,500000,true
global-disease-crisis,seed-3,CONSV,14,77.76467764745729,3501.91,0.9637179222566219,0.35,1225668.5,1.105263157894737,1.05,3.1578947368421053,true,true,true,59937992.131577216,750000,true,500000,500000,true
global-disease-crisis,seed-3,VAP,14,70.34934221939017,5106.4,0.9953996101364522,0.28,1429792.0000000002,1.2941176470588236,1,3.882352941176471,true,true,true,80318650.95475547,750000,true,500000,500000,true
global-disease-crisis,seed-3,MASS,15,61.885126738521166,3134.34,0.9164736842105263,0.25,783585,0.7083333333333334,1,2.125,true,true,true,22835237.770283062,750000,true,0,500000,false
global-disease-crisis,seed-3,BAL,15,78.95182822548907,3798.49,0.8885356725146198,0.3,1139547,1,1,3,true,true,true,80586772.88896954,750000,true,500000,500000,true
global-disease-crisis,seed-3,JPQ,15,73.84982255319566,4255.34,0.9480011138958507,0.33,1404262.2,1.411764705882353,1,4.235294117647059,true,true,true,104956548.8312801,750000,true,500000,500000,true
global-disease-crisis,seed-3,CONSV,15,79.54350343566071,3616.31,0.9952005503955969,0.35,1265708.5,1.105263157894737,1.05,3.1578947368421053,true,true,true,74221320.13923231,750000,true,500000,500000,true
global-disease-crisis,seed-3,VAP,15,72.72139484183896,5106.4,0.9953996101364522,0.28,1429792.0000000002,1.2941176470588236,1,3.882352941176471,true,true,true,97205453.2682161,750000,true,500000,500000,true
global-disease-crisis,seed-3,MASS,16,61.1720191342099,3150.19,0.9211081871345029,0.25,787547.5,0.7083333333333334,1,2.125,true,true,true,28960318.899054207,750000,true,0,500000,false
global-disease-crisis,seed-3,BAL,16,80.63568196744994,3839.59,0.8981497076023393,0.3,1151877,1,1,3,true,true,true,86517608.41116747,750000,true,500000,500000,true
global-disease-crisis,seed-3,JPQ,16,75.94183674894,4467.2,0.9951991088833194,0.33,1474176,1.411764705882353,1,4.235294117647059,true,true,true,109983952.30422828,750000,true,500000,500000,true
global-disease-crisis,seed-3,CONSV,16,81.18002316080785,3587.6,0.9872996216030272,0.35,1255660,1.105263157894737,1.05,3.1578947368421053,true,true,true,78530725.58932832,750000,true,500000,500000,true
global-disease-crisis,seed-3,VAP,16,74.90368325449184,5106.4,0.9555836257309941,0.28,1429792.0000000002,1.2941176470588236,1,3.882352941176471,true,true,true,105334242.18243651,750000,true,500000,500000,true
global-disease-crisis,seed-3,MASS,17,60.5016979861573,2944.43,0.8609444444444444,0.25,736107.5,0.7083333333333334,1,2.125,true,true,true,37899561.67114519,750000,true,0,500000,false
global-disease-crisis,seed-3,BAL,17,82.18482741005394,3933.53,0.9201239766081872,0.3,1180059,1,1,3,true,true,true,123075598.18021685,750000,true,500000,500000,true
global-disease-crisis,seed-3,JPQ,17,77.8664898090248,4468.1,0.9953996101364523,0.33,1474473,1.411764705882353,1,4.235294117647059,true,true,true,133022359.38295728,750000,true,500000,500000,true
global-disease-crisis,seed-3,CONSV,17,82.68562130794322,3453.24,0.8975282651072124,0.35,1208634,1.105263157894737,1.05,3.1578947368421053,true,true,true,103982793.18737687,750000,true,500000,500000,true
global-disease-crisis,seed-3,VAP,17,76.91138859413249,5319.17,0.9954002339181287,0.28,1489367.6,1.2941176470588236,1,3.882352941176471,true,true,true,120862836.83782819,750000,true,500000,500000,true
global-disease-crisis,seed-3,MASS,18,59.871596106987866,2865.56,0.47879030910609854,0.25,716390,0.7083333333333334,1,2.125,true,true,true,40462810.585429415,750000,true,0,500000,false
global-disease-crisis,seed-3,BAL,18,83.61004121724963,3933.92,0.9202152046783626,0.3,1180176,1,1,3,true,true,true,146838300.11939922,750000,true,500000,500000,true
global-disease-crisis,seed-3,JPQ,18,79.63717062430281,4468.55,0.9954998607630187,0.33,1474621.5,1.411764705882353,1,4.235294117647059,true,true,true,149572600.53109866,750000,true,500000,500000,true
global-disease-crisis,seed-3,CONSV,18,84.07077160330776,3576.11,0.9294632878492528,0.35,1251638.5,1.105263157894737,1.05,3.1578947368421053,true,true,true,124476822.95589942,750000,true,500000,500000,true
global-disease-crisis,seed-3,VAP,18,78.75847750660189,5319.17,0.9954002339181287,0.28,1489367.6,1.2941176470588236,1,3.882352941176471,true,true,true,139771694.3017447,750000,true,500000,500000,true
global-disease-crisis,seed-3,MASS,19,59.2793003405686,1939,0.2668042655658755,0.25,484750,0.7083333333333334,1,2.125,true,true,true,67121946.78930569,750000,true,0,500000,false
global-disease-crisis,seed-3,BAL,19,84.92123791986965,3933.92,0.9202152046783626,0.3,1180176,1,1,3,true,true,true,181638218.25559384,750000,true,500000,500000,true
global-disease-crisis,seed-3,JPQ,19,81.26619697435859,4468.55,0.9954998607630187,0.33,1474621.5,1.411764705882353,1,4.235294117647059,true,true,true,176950659.56292564,750000,true,500000,500000,true
global-disease-crisis,seed-3,CONSV,19,85.34510987504314,3683.15,0.957283950617284,0.35,1289102.5,1.105263157894737,1.05,3.1578947368421053,true,true,true,149335743.57286015,750000,true,500000,500000,true
global-disease-crisis,seed-3,VAP,19,80.45779930607374,5319.17,0.9954002339181287,0.28,1489367.6,1.2941176470588236,1,3.882352941176471,true,true,true,160879937.82819656,750000,true,500000,500000,true
global-disease-crisis,seed-3,MASS,20,58.72254232013448,4529.9400000000005,0.5298175438596492,0.25,1132485.0000000002,0.7083333333333334,1,2.125,true,true,true,63013865.285453394,750000,true,500000,500000,true
global-disease-crisis,seed-3,BAL,20,86.12753888628008,3933.92,0.9202152046783626,0.3,1180176,1,1,3,true,true,true,206200372.8115986,750000,true,500000,500000,true
global-disease-crisis,seed-3,JPQ,20,82.76490121640991,4468.1,0.9953996101364523,0.33,1474473,1.411764705882353,1,4.235294117647059,true,true,true,199604970.6072732,750000,true,500000,500000,true
global-disease-crisis,seed-3,CONSV,20,86.51750108503968,3653.05,0.9494606887589344,0.35,1278567.5,1.105263157894737,1.05,3.1578947368421053,true,true,true,171545634.68662518,750000,true,500000,500000,true
global-disease-crisis,seed-3,VAP,20,82.02117536158784,5319.17,0.9954002339181287,0.28,1489367.6,1.2941176470588236,1,3.882352941176471,true,true,true,181323872.96462324,750000,true,500000,500000,true
global-disease-crisis,seed-3,MASS,21,62.024738934523725,3354.39,0.3923263157894737,0.25,838597.5,0.7083333333333334,1,2.125,true,true,true,65004329.65742359,750000,true,0,500000,false
global-disease-crisis,seed-3,BAL,21,87.23733577537767,3933.92,0.9202152046783626,0.3,1180176,1,1,3,true,true,true,232375032.43177295,750000,true,500000,500000,true
global-disease-crisis,seed-3,JPQ,21,84.14370911909711,4468.1,0.9501541733120681,0.33,1474473,1.411764705882353,1,4.235294117647059,true,true,true,225170375.80266756,750000,true,500000,500000,true
global-disease-crisis,seed-3,CONSV,21,87.59610099823651,3635.42,0.9448784925276154,0.35,1272397,1.105263157894737,1.05,3.1578947368421053,true,true,true,195651059.2838346,750000,true,500000,500000,true
global-disease-crisis,seed-3,VAP,21,83.45948133266081,5319.17,0.9954002339181287,0.28,1489367.6,1.2941176470588236,1,3.882352941176471,true,true,true,203515910.88739416,750000,true,500000,500000,true
global-disease-crisis,seed-3,MASS,22,61.3032545984523,4056.27,0.4744175438596491,0.25,1014067.5,0.7083333333333334,1,2.125,true,true,true,85638177.81092998,750000,true,0,500000,false
global-disease-crisis,seed-3,BAL,22,88.25834891334746,3933.92,0.9202152046783626,0.3,1180176,1,1,3,true,true,true,258419228.8559424,750000,true,500000,500000,true
global-disease-crisis,seed-3,JPQ,22,85.41221238956935,4679.93,0.9952004253056885,0.33,1544376.9000000001,1.411764705882353,1,4.235294117647059,true,true,true,246529530.49492955,750000,true,500000,500000,true
global-disease-crisis,seed-3,CONSV,22,88.58841291837759,3620.9,0.9411046133853151,0.35,1267315,1.105263157894737,1.05,3.1578947368421053,true,true,true,217972699.88399404,750000,true,500000,500000,true
global-disease-crisis,seed-3,VAP,22,84.78272282604794,5319.17,0.9571156095366622,0.28,1489367.6,1.2941176470588236,1,3.882352941176471,true,true,true,227682859.92546394,750000,true,500000,500000,true
global-disease-crisis,seed-3,MASS,23,60.62505932254516,4074.2299999999996,0.47651812865497073,0.25,1018557.4999999999,0.7083333333333334,1,2.125,true,true,true,81229078.14931694,750000,true,0,500000,false
global-disease-crisis,seed-3,BAL,23,89.19768100027966,3933.92,0.9202152046783626,0.3,1180176,1,1,3,true,true,true,287416864.63569707,750000,true,500000,500000,true
global-disease-crisis,seed-3,JPQ,23,86.5792353984038,4680.87,0.9954003189792663,0.33,1544687.1,1.411764705882353,1,4.235294117647059,true,true,true,269301419.4895967,750000,true,500000,500000,true
global-disease-crisis,seed-3,CONSV,23,89.50133988490738,3602.6,0.9363482781026641,0.35,1260910,1.105263157894737,1.05,3.1578947368421053,true,true,true,241094747.59483886,750000,true,500000,500000,true
global-disease-crisis,seed-3,VAP,23,86.00010499996411,5530.82,0.9951992802519117,0.28,1548629.6,1.2941176470588236,1,3.882352941176471,true,true,true,247224746.29628968,750000,true,500000,500000,true
global-disease-crisis,seed-3,MASS,24,59.987555763192454,3892.9,0.45530994152046783,0.25,973225,0.7083333333333334,1,2.125,true,true,true,93163320.41224283,750000,true,0,500000,false
global-disease-crisis,seed-3,BAL,24,90.06186652025728,3891.82,0.9103672514619884,0.3,1167546,1,1,3,true,true,true,309461320.60282254,750000,true,0,500000,false
global-disease-crisis,seed-3,JPQ,24,87.6528965665315,4681.34,0.9955002658160553,0.33,1544842.2000000002,1.411764705882353,1,4.235294117647059,true,true,true,288417349.3564151,750000,true,500000,500000,true
global-disease-crisis,seed-3,CONSV,24,90.3412326941148,3779.85,0.9824171539961013,0.35,1322947.5,1.105263157894737,1.05,3.1578947368421053,true,true,true,258558021.9019364,750000,true,0,500000,false
global-disease-crisis,seed-3,VAP,24,87.12009659996698,5531.94,0.9954008097165992,0.28,1548943.2000000002,1.2941176470588236,1,3.882352941176471,true,true,true,265529527.0672847,750000,true,500000,500000,true
global-disease-crisis,seed-3,MASS,25,59.38830241740091,3953.3999999999996,0.4623859649122807,0.25,988349.9999999999,0.7083333333333334,1,2.125,true,true,true,88171880.39118862,750000,true,0,500000,false
global-disease-crisis,seed-3,BAL,25,87.65815452904184,3891.82,0.9103672514619884,0.3,1167546,1,1,3,true,true,true,332469825.9761413,750000,true,500000,500000,true
global-disease-crisis,seed-3,JPQ,25,88.64066484120897,4680.87,0.9954003189792663,0.33,1544687.1,1.411764705882353,1,4.235294117647059,true,true,true,310355334.8205739,750000,true,500000,500000,true
global-disease-crisis,seed-3,CONSV,25,87.9207587324679,3829.42,0.9953008447043535,0.35,1340297,1.105263157894737,1.05,3.1578947368421053,true,true,true,281540173.97437984,750000,true,500000,500000,true
global-disease-crisis,seed-3,VAP,25,88.15048887196963,5531.94,0.9954008097165992,0.28,1548943.2000000002,1.2941176470588236,1,3.882352941176471,true,true,true,286240527.60567194,750000,true,500000,500000,true
global-disease-crisis,seed-3,MASS,26,58.82500427235685,4847.01,0.5669017543859649,0.25,1211752.5,0.7083333333333334,1,2.125,true,true,true,93647670.34976119,750000,true,500000,500000,true
global-disease-crisis,seed-3,BAL,26,88.64550216671849,3891.82,0.8670164299637985,0.3,1167546,1,1,3,true,true,true,363225257.16809756,750000,true,500000,500000,true
global-disease-crisis,seed-3,JPQ,26,89.54941165391226,4680.87,0.9954003189792663,0.33,1544687.1,1.411764705882353,1,4.235294117647059,true,true,true,333356552.78711915,750000,true,500000,500000,true
global-disease-crisis,seed-3,CONSV,26,88.88709803387047,3807.35,0.9895646523716699,0.35,1332572.5,1.105263157894737,1.05,3.1578947368421053,true,true,true,302595895.8417656,750000,true,500000,500000,true
global-disease-crisis,seed-3,VAP,26,89.09844976221206,5531.94,0.9954008097165992,0.28,1548943.2000000002,1.2941176470588236,1,3.882352941176471,true,true,true,309281310.0206484,750000,true,500000,500000,true
global-disease-crisis,seed-3,MASS,27,62.119003930568304,3706.42,0.4334994152046784,0.25,926605,0.7083333333333334,1,2.125,true,true,true,103533706.4731905,750000,true,0,500000,false
global-disease-crisis,seed-3,BAL,27,89.553861993381,4059.9,0.9044611528822055,0.3,1217970,1,1,3,true,true,true,381842140.76630205,750000,true,500000,500000,true
global-disease-crisis,seed-3,JPQ,27,90.38545872159928,4681.34,0.9522176455631833,0.33,1544842.2000000002,1.411764705882353,1,4.235294117647059,true,true,true,353539632.7167309,750000,true,0,500000,false
global-disease-crisis,seed-3,CONSV,27,89.77613019116083,3741.77,0.9725198180636777,0.35,1309619.5,1.105263157894737,1.05,3.1578947368421053,true,true,true,322663690.7278076,750000,true,500000,500000,true
global-disease-crisis,seed-3,VAP,27,89.97057378123509,5531.94,0.9954008097165992,0.28,1548943.2000000002,1.2941176470588236,1,3.882352941176471,true,true,true,328769578.80217576,750000,true,500000,500000,true
global-disease-crisis,seed-3,MASS,28,61.391863694734205,5237.01,0.6125157894736842,0.25,1309252.5,0.7083333333333334,1,2.125,true,true,true,108084308.73050587,750000,true,500000,500000,true
global-disease-crisis,seed-3,BAL,28,90.38955303391053,4060.31,0.5756243133085238,0.3,1218093,1,1,3,true,true,true,405255593.4927837,750000,true,0,500000,false
global-disease-crisis,seed-3,JPQ,28,87.96233119830332,4892.65,0.9951995931858632,0.33,1614574.5,1.411764705882353,1,4.235294117647059,true,true,true,370537944.18511045,750000,true,500000,500000,true
global-disease-crisis,seed-3,CONSV,28,90.59403977586797,3758.46,0.9768576998050682,0.35,1315461,1.105263157894737,1.05,3.1578947368421053,true,true,true,342916693.6407116,750000,true,0,500000,false
global-disease-crisis,seed-3,VAP,28,90.77292787873628,5531.94,0.9585341130604288,0.28,1548943.2000000002,1.2941176470588236,1,3.882352941176471,true,true,true,348672818.6683513,750000,true,0,500000,false
global-disease-crisis,seed-3,MASS,29,64.48051459915547,5819.76,0.6806736842105263,0.25,1454940,0.7083333333333334,1,2.125,true,true,true,120885356.04369538,750000,true,500000,500000,true
global-disease-crisis,seed-3,BAL,29,87.96617985187589,5382.69,0.6456968061178587,0.3,1614807,1,1,3,true,true,true,394331269.6308968,750000,true,500000,500000,true
global-disease-crisis,seed-3,JPQ,29,88.92534470243905,4893.64,0.995400966183575,0.33,1614901.2000000002,1.411764705882353,1,4.235294117647059,true,true,true,382040621.98325944,750000,true,500000,500000,true
global-disease-crisis,seed-3,CONSV,29,88.1583973893159,3799.84,0.9876127355425601,0.35,1329944,1.105263157894737,1.05,3.1578947368421053,true,true,true,361805306.75372607,750000,true,500000,500000,true
global-disease-crisis,seed-3,VAP,29,88.32655220601211,5743.55,0.9952003465453758,0.28,1608194.0000000002,1.2941176470588236,1,3.882352941176471,true,true,true,365810179.91279966,750000,true,500000,500000,true
global-disease-crisis,seed-3,MASS,30,67.32207343122303,5047.12,0.590306432748538,0.25,1261780,0.7083333333333334,1,2.125,true,true,true,133474205.8977878,750000,true,500000,500000,true
global-disease-crisis,seed-3,BAL,30,88.92888546372582,6402.13,0.6655885640025991,0.3,1920639,1,1,3,true,true,true,393290104.95221215,750000,true,500000,500000,true
global-disease-crisis,seed-3,JPQ,30,89.81131712624392,4894.13,0.9955006356470888,0.33,1615062.9000000001,1.411764705882353,1,4.235294117647059,true,true,true,392939091.77057916,750000,true,500000,500000,true
global-disease-crisis,seed-3,CONSV,30,89.10572559817062,3800.14,0.9876907082521117,0.35,1330049,1.105263157894737,1.05,3.1578947368421053,true,true,true,377257649.941341,750000,true,500000,500000,true
global-disease-crisis,seed-3,VAP,30,89.26042802953114,5744.7,0.9953996101364522,0.28,1608516.0000000002,1.2941176470588236,1,3.882352941176471,true,true,true,383077641.7524471,750000,true,500000,500000,true
global-disease-crisis,seed-3,MASS,31,69.93630755672518,4927.83,0.5763543859649123,0.25,1231957.5,0.7083333333333334,1,2.125,true,true,true,152455349.77301764,750000,true,500000,500000,true
global-disease-crisis,seed-3,BAL,31,89.81457462662776,7243.38,0.7530479532163743,0.3,2173014,1,1,3,true,true,true,398404882.11651015,750000,true,500000,500000,true
global-disease-crisis,seed-3,JPQ,31,90.6264117561444,4894.13,0.9955006356470888,0.33,1615062.9000000001,1.411764705882353,1,4.235294117647059,true,true,true,404098942.747475,750000,true,0,500000,false
global-disease-crisis,seed-3,CONSV,31,89.97726755031697,3777.65,0.9818453541260559,0.35,1322177.5,1.105263157894737,1.05,3.1578947368421053,true,true,true,393699097.81807166,750000,true,500000,500000,true
global-disease-crisis,seed-3,VAP,31,90.11959378716865,5744.7,0.9953996101364522,0.28,1608516.0000000002,1.2941176470588236,1,3.882352941176471,true,true,true,397719175.77776444,750000,true,0,500000,false
global-disease-crisis,seed-3,MASS,32,72.34140295218717,5011.98,0.45092037786774625,0.25,1252995,0.7083333333333334,1,2.125,true,true,true,185755313.79996356,750000,true,0,500000,false
global-disease-crisis,seed-3,BAL,32,90.62940865649753,7411.33,0.7705086419753087,0.3,2223399,1,1,3,true,true,true,405292314.08745974,750000,true,0,500000,false
global-disease-crisis,seed-3,JPQ,32,88.18882705077574,4894.13,0.6541861319966583,0.33,1615062.9000000001,1.411764705882353,1,4.235294117647059,true,true,true,423538232.67944604,750000,true,500000,500000,true
global-disease-crisis,seed-3,CONSV,32,90.7790861462916,3774.57,0.9810448343079923,0.35,1321099.5,1.105263157894737,1.05,3.1578947368421053,true,true,true,412872141.5456928,750000,true,0,500000,false
global-disease-crisis,seed-3,VAP,32,87.71241815993852,5744.7,0.9953996101364522,0.28,1608516.0000000002,1.2941176470588236,1,3.882352941176471,true,true,true,415109973.925225,750000,true,500000,500000,true
global-disease-crisis,seed-4,MASS,1,50,0,0,0.25,0,0.7083333333333334,1,2.125,false,false,false,30000000,750000,true,0,0,true
global-disease-crisis,seed-4,BAL,1,50,0,0,0.3,0,1,1,3,false,false,false,30000000,750000,true,0,0,true
global-disease-crisis,seed-4,JPQ,1,50,0,0,0.33,0,1.411764705882353,1,4.235294117647059,false,false,false,25000000,750000,true,0,0,true
global-disease-crisis,seed-4,CONSV,1,50,0,0,0.35,0,1.105263157894737,1.05,3.1578947368421053,false,false,false,35000000,750000,true,0,0,true
global-disease-crisis,seed-4,VAP,1,50,0,0,0.28,0,1.2941176470588236,1,3.882352941176471,false,false,false,22000000,750000,true,0,0,true
global-disease-crisis,seed-4,MASS,2,50,2676.59,0.7826286549707603,0.25,669147.5,0.7083333333333334,1,2.125,true,true,true,14530663.532499146,750000,true,0,500000,false
global-disease-crisis,seed-4,BAL,2,50,3935.21,0.9205169590643275,0.3,1180563,1,1,3,true,true,true,41575441.369690195,750000,true,500000,500000,true
global-disease-crisis,seed-4,JPQ,2,50,2509.76,0.5870783625730994,0.33,828220.8,1.411764705882353,1,4.235294117647059,true,true,true,14494279.701722093,750000,true,0,500000,false
global-disease-crisis,seed-4,CONSV,2,50,2128.14,0.6222631578947369,0.35,744849,1.105263157894737,1.05,3.1578947368421053,true,true,true,10878104.155727632,750000,true,0,500000,false
global-disease-crisis,seed-4,VAP,2,50,5093.06,0.9927992202729046,0.28,1426056.8,1.2941176470588236,1,3.882352941176471,true,true,true,20033387.12761445,750000,true,0,500000,false
global-disease-crisis,seed-4,MASS,3,50,0,0,0.25,0,0.7083333333333334,1,2.125,false,false,false,40060061.36574036,750000,true,0,0,true
global-disease-crisis,seed-4,BAL,3,54,3739.1,0.8746432748538011,0.3,1121730,1,1,3,true,true,true,37936588.00837321,750000,true,500000,500000,true
global-disease-crisis,seed-4,JPQ,3,50,3797.33,0.8882643274853801,0.33,1253118.9000000001,1.411764705882353,1,4.235294117647059,true,true,true,31358001.38952228,750000,true,500000,500000,true
global-disease-crisis,seed-4,CONSV,3,50,2959.32,0.8652982456140351,0.35,1035761.9999999999,1.105263157894737,1.05,3.1578947368421053,true,true,true,35656900.42442234,750000,true,500000,500000,true
global-disease-crisis,seed-4,VAP,3,50,0,0,0.28,0,1.2941176470588236,1,3.882352941176471,false,false,false,22066757.188114405,750000,true,0,0,true
global-disease-crisis,seed-4,MASS,4,50,3394.35,0.9924999999999999,0.25,848587.5,0.7083333333333334,1,2.125,true,true,true,6359165.882584214,750000,true,0,500000,false
global-disease-crisis,seed-4,BAL,4,57.68,3574.97,0.8362502923976608,0.3,1072491,1,1,3,true,true,true,29094741.40785345,750000,true,500000,500000,true
global-disease-crisis,seed-4,JPQ,4,54,4070.5,0.9521637426900584,0.33,1343265,1.411764705882353,1,4.235294117647059,true,true,true,24715373.118263993,750000,true,0,500000,false
global-disease-crisis,seed-4,CONSV,4,54,3188.75,0.9323830409356725,0.35,1116062.5,1.105263157894737,1.05,3.1578947368421053,true,true,true,32846029.93890848,750000,true,500000,500000,true
global-disease-crisis,seed-4,VAP,4,50,4397.71,0.8572534113060429,0.28,1231358.8,1.2941176470588236,1,3.882352941176471,true,true,true,15992411.559206728,750000,true,0,500000,false
global-disease-crisis,seed-4,MASS,5,50,1948.31,0.5696812865497076,0.25,487077.5,0.7083333333333334,1,2.125,true,true,true,38176343.75639357,750000,true,500000,500000,true
global-disease-crisis,seed-4,BAL,5,61.0656,4014.51,0.9390666666666667,0.3,1204353,1,1,3,true,true,true,33627497.161717005,750000,true,500000,500000,true
global-disease-crisis,seed-4,JPQ,5,53.76,4086.28,0.955854970760234,0.33,1348472.4000000001,1.411764705882353,1,4.235294117647059,true,true,true,22695618.831547715,750000,true,0,500000,false
global-disease-crisis,seed-4,CONSV,5,57.68,3390.59,0.9914005847953217,0.35,1186706.5,1.105263157894737,1.05,3.1578947368421053,true,true,true,34886192.540476315,750000,true,500000,500000,true
global-disease-crisis,seed-4,VAP,5,50,5088.96,0.992,0.28,1424908.8,1.2941176470588236,1,3.882352941176471,true,true,true,26258442.623548254,750000,true,250000,500000,true
global-disease-crisis,seed-4,MASS,6,54,3387.85,0.9905994152046783,0.25,846962.5,0.7083333333333334,1,2.125,true,true,true,0,750000,false,0,500000,false
global-disease-crisis,seed-4,BAL,6,64.180352,3812.68,0.8918549707602339,0.3,1143804,1,1,3,true,true,true,7676624.81523807,750000,true,0,500000,false
global-disease-crisis,seed-4,JPQ,6,53.5344,4239.95,0.9918011695906432,0.33,1399183.5,1.411764705882353,1,4.235294117647059,true,true,true,23929658.22787044,750000,true,0,500000,false
global-disease-crisis,seed-4,CONSV,6,61.0656,3188.75,0.9323830409356725,0.35,1116062.5,1.105263157894737,1.05,3.1578947368421053,true,true,true,34104550.55342435,750000,true,500000,500000,true
global-disease-crisis,seed-4,VAP,6,52,5090.5,0.9923001949317739,0.28,1425340.0000000002,1.2941176470588236,1,3.882352941176471,true,true,true,17117358.547002375,750000,true,0,500000,false
global-disease-crisis,seed-4,MASS,7,53.76,1991.6,0.5823391812865497,0.25,497900,0.7083333333333334,1,2.125,true,true,true,34175925.61432095,750000,true,500000,500000,true
global-disease-crisis,seed-4,BAL,7,63.32953088,4021.96,0.9408093567251462,0.3,1206588,1,1,3,true,true,true,38329908.0351623,750000,true,500000,500000,true
global-disease-crisis,seed-4,JPQ,7,53.322336,4247.21,0.9934994152046783,0.33,1401579.3,1.411764705882353,1,4.235294117647059,true,true,true,12306917.331850307,750000,true,0,500000,false
global-disease-crisis,seed-4,CONSV,7,64.180352,3194.86,0.9341695906432749,0.35,1118201,1.105263157894737,1.05,3.1578947368421053,true,true,true,15133014.737615626,750000,true,0,500000,false
global-disease-crisis,seed-4,VAP,7,51.88,5089.99,0.9922007797270955,0.28,1425197.2000000002,1.2941176470588236,1,3.882352941176471,true,true,true,28512499.103244253,750000,true,500000,500000,true
global-disease-crisis,seed-4,MASS,8,57.459199999999996,3388.19,0.9906988304093567,0.25,847047.5,0.7083333333333334,1,2.125,true,true,true,0,750000,false,0,500000,false
global-disease-crisis,seed-4,BAL,8,66.2631684096,4216.1,0.9862222222222223,0.3,1264830,1,1,3,true,true,true,32600995.823775772,750000,true,500000,500000,true
global-disease-crisis,seed-4,JPQ,8,53.12299584,4254.05,0.9950994152046784,0.33,1403836.5,1.411764705882353,1,4.235294117647059,true,true,true,33852231.27078139,750000,true,500000,500000,true
global-disease-crisis,seed-4,CONSV,8,63.32953088,3402.56,0.9949005847953216,0.35,1190896,1.105263157894737,1.05,3.1578947368421053,true,true,true,29876381.997381013,750000,true,500000,500000,true
global-disease-crisis,seed-4,VAP,8,55.729600000000005,5089.99,0.9922007797270955,0.28,1425197.2000000002,1.2941176470588236,1,3.882352941176471,true,true,true,32813681.623435877,750000,true,500000,500000,true
global-disease-crisis,seed-4,MASS,9,57.011647999999994,935.41,0.27351169590643276,0.25,233852.5,0.7083333333333334,1,2.125,true,true,false,34961834.95164792,750000,true,0,250000,false
global-disease-crisis,seed-4,BAL,9,68.962114936832,4216.95,0.9864210526315789,0.3,1265085,1,1,3,true,true,true,38130938.805686645,750000,true,500000,500000,true
global-disease-crisis,seed-4,JPQ,9,56.8731561728,4254.05,0.9950994152046784,0.33,1403836.5,1.411764705882353,1,4.235294117647059,true,true,true,42944539.47378537,750000,true,500000,500000,true
global-disease-crisis,seed-4,CONSV,9,66.2631684096,3178.37,0.9293479532163742,0.35,1112429.5,1.105263157894737,1.05,3.1578947368421053,true,true,true,35870870.66853475,750000,true,500000,500000,true
global-disease-crisis,seed-4,VAP,9,59.271232000000005,5089.99,0.9922007797270955,0.28,1425197.2000000002,1.2941176470588236,1,3.882352941176471,true,true,true,29854647.314416952,750000,true,500000,500000,true
global-disease-crisis,seed-4,MASS,10,56.59094911999999,3385.46,0.9899005847953216,0.25,846365,0.7083333333333334,1,2.125,true,true,true,0,750000,false,0,500000,false
global-disease-crisis,seed-4,BAL,10,71.44514574188544,3927.35,0.9186783625730994,0.3,1178205,1,1,3,true,true,true,39043571.97085775,750000,true,500000,500000,true
global-disease-crisis,seed-4,JPQ,10,60.323303678976,4254.91,0.9953005847953216,0.33,1404120.3,1.411764705882353,1,4.235294117647059,true,true,true,49724426.25974937,750000,true,500000,500000,true
global-disease-crisis,seed-4,CONSV,10,68.962114936832,3389.09,0.932670106639147,0.35,1186181.5,1.105263157894737,1.05,3.1578947368421053,true,true,true,47022166.929734126,750000,true,500000,500000,true
global-disease-crisis,seed-4,VAP,10,62.52953344,4617,0.9,0.28,1292760.0000000002,1.2941176470588236,1,3.882352941176471,true,true,true,41966104.61907715,750000,true,500000,500000,true
global-disease-crisis,seed-4,MASS,11,56.19549217279999,376.1,0.10997076023391814,0.25,94025,0.7083333333333334,1,2.125,true,false,false,43055380.04046608,750000,true,0,100000,false
global-disease-crisis,seed-4,BAL,11,73.7295340825346,3959.67,0.9262385964912281,0.3,1187901,1,1,3,true,true,true,34400821.06943155,750000,true,500000,500000,true
global-disease-crisis,seed-4,JPQ,11,63.49743938465792,4255.34,0.9954011695906433,0.33,1404262.2,1.411764705882353,1,4.235294117647059,true,true,true,57836111.68259744,750000,true,500000,500000,true
global-disease-crisis,seed-4,CONSV,11,71.44514574188544,3616.31,0.9952005503955969,0.35,1265708.5,1.105263157894737,1.05,3.1578947368421053,true,true,true,52362366.162331104,750000,true,500000,500000,true
global-disease-crisis,seed-4,VAP,11,65.5271707648,5098.71,0.9939005847953216,0.28,1427638.8,1.2941176470588236,1,3.882352941176471,true,true,true,44232098.517954804,750000,true,500000,500000,true
global-disease-crisis,seed-4,MASS,12,55.82376264243199,3385.12,0.9898011695906432,0.25,846280,0.7083333333333334,1,2.125,true,true,true,19914561.838297803,750000,true,0,500000,false
global-disease-crisis,seed-4,BAL,12,75.83117135593183,4012.71,0.9386456140350877,0.3,1203813,1,1,3,true,true,true,50281517.02437642,750000,true,500000,500000,true
global-disease-crisis,seed-4,JPQ,12,66.41764423388528,4255.34,0.9954011695906433,0.33,1404262.2,1.411764705882353,1,4.235294117647059,true,true,true,55565337.863042355,750000,true,500000,500000,true
global-disease-crisis,seed-4,CONSV,12,73.7295340825346,3617.03,0.9953986928104576,0.35,1265960.5,1.105263157894737,1.05,3.1578947368421053,true,true,true,50942468.512008764,750000,true,500000,500000,true
global-disease-crisis,seed-4,VAP,12,68.284997103616,4617,0.9,0.28,1292760.0000000002,1.2941176470588236,1,3.882352941176471,true,true,true,55458656.25715812,750000,true,500000,500000,true
global-disease-crisis,seed-4,MASS,13,55.47433688388607,3393.67,0.9923011695906433,0.25,848417.5,0.7083333333333334,1,2.125,true,true,true,27592298.941905707,750000,true,0,500000,false
global-disease-crisis,seed-4,BAL,13,77.76467764745729,4020.23,0.8956235032024505,0.3,1206069,1,1,3,true,true,true,57933110.885361046,750000,true,500000,500000,true
global-disease-crisis,seed-4,JPQ,13,69.10423269517446,4255.34,0.9954011695906433,0.33,1404262.2,1.411764705882353,1,4.235294117647059,true,true,true,70679558.81422383,750000,true,500000,500000,true
global-disease-crisis,seed-4,CONSV,13,75.83117135593183,3543.42,0.975141382868937,0.35,1240197,1.105263157894737,1.05,3.1578947368421053,true,true,true,54760464.3336932,750000,true,500000,500000,true
global-disease-crisis,seed-4,VAP,13,70.82219733532672,5106.4,0.9953996101364522,0.28,1429792.0000000002,1.2941176470588236,1,3.882352941176471,true,true,true,62703260.69170657,750000,true,500000,500000,true
global-disease-crisis,seed-4,MASS,14,55.1458766708529,3393.32,0.9921988304093567,0.25,848330,0.7083333333333334,1,2.125,true,true,true,46571476.75805792,750000,true,500000,500000,true
global-disease-crisis,seed-4,BAL,14,79.54350343566071,4202.33,0.9361915900863269,0.3,1260699,1,1,3,true,true,true,72883211.82372147,750000,true,500000,500000,true
global-disease-crisis,seed-4,JPQ,14,71.5758940795605,4255.34,0.9954011695906433,0.33,1404262.2,1.411764705882353,1,4.235294117647059,true,true,true,87464910.8060662,750000,true,500000,500000,true
global-disease-crisis,seed-4,CONSV,14,77.76467764745729,3616.31,0.9952005503955969,0.35,1265708.5,1.105263157894737,1.05,3.1578947368421053,true,true,true,62445816.89719048,750000,true,500000,500000,true
global-disease-crisis,seed-4,VAP,14,73.15642154850059,5106.4,0.9953996101364522,0.28,1429792.0000000002,1.2941176470588236,1,3.882352941176471,true,true,true,78329808.16408047,750000,true,500000,500000,true
global-disease-crisis,seed-4,MASS,15,58.73420653718467,2964.31,0.8667573099415204,0.25,741077.5,0.7083333333333334,1,2.125,true,true,true,23862847.633409616,750000,true,0,500000,false
global-disease-crisis,seed-4,BAL,15,81.18002316080785,4062.88,0.9051250348092453,0.3,1218864,1,1,3,true,true,true,85911564.1933591,750000,true,500000,500000,true
global-disease-crisis,seed-4,JPQ,15,73.84982255319566,4255.34,0.9480011138958507,0.33,1404262.2,1.411764705882353,1,4.235294117647059,true,true,true,106953518.9231128,750000,true,500000,500000,true
global-disease-crisis,seed-4,CONSV,15,79.54350343566071,3617.03,0.9953986928104576,0.35,1265960.5,1.105263157894737,1.05,3.1578947368421053,true,true,true,77251179.58670345,750000,true,500000,500000,true
global-disease-crisis,seed-4,VAP,15,75.30390782462054,5106.4,0.9953996101364522,0.28,1429792.0000000002,1.2941176470588236,1,3.882352941176471,true,true,true,93885980.8283239,750000,true,500000,500000,true
global-disease-crisis,seed-4,MASS,16,58.21015414495359,2948.16,0.8620350877192982,0.25,737040,0.7083333333333334,1,2.125,true,true,true,29974880.998883262,750000,true,0,500000,false
global-disease-crisis,seed-4,BAL,16,82.68562130794322,3985.97,0.887991088833194,0.3,1195791,1,1,3,true,true,true,89514999.75581793,750000,true,500000,500000,true
global-disease-crisis,seed-4,JPQ,16,75.94183674894,4467.2,0.9951991088833194,0.33,1474176,1.411764705882353,1,4.235294117647059,true,true,true,112366377.89575444,750000,true,500000,500000,true
global-disease-crisis,seed-4,CONSV,16,81.18002316080785,3586.05,0.932046783625731,0.35,1255117.5,1.105263157894737,1.05,3.1578947368421053,true,true,true,82553558.72094871,750000,true,500000,500000,true
global-disease-crisis,seed-4,VAP,16,77.2795951986509,5106.4,0.9953996101364522,0.28,1429792.0000000002,1.2941176470588236,1,3.882352941176471,true,true,true,102712584.70375246,750000,true,500000,500000,true
global-disease-crisis,seed-4,MASS,17,57.71754489625638,2684.55,0.7849561403508772,0.25,671137.5,0.7083333333333334,1,2.125,true,true,true,37687902.62869487,750000,true,0,500000,false
global-disease-crisis,seed-4,BAL,17,84.07077160330776,4055.4,0.9034586466165414,0.3,1216620,1,1,3,true,true,true,120601740.85336033,750000,true,500000,500000,true
global-disease-crisis,seed-4,JPQ,17,77.8664898090248,4468.1,0.9953996101364523,0.33,1474473,1.411764705882353,1,4.235294117647059,true,true,true,131234077.65219617,750000,true,500000,500000,true
global-disease-crisis,seed-4,CONSV,17,82.68562130794322,3655.06,0.9499831059129304,0.35,1279271,1.105263157894737,1.05,3.1578947368421053,true,true,true,100866475.70276141,750000,true,500000,500000,true
global-disease-crisis,seed-4,VAP,17,79.09722758275882,5106.4,0.9555836257309941,0.28,1429792.0000000002,1.2941176470588236,1,3.882352941176471,true,true,true,116891751.27580218,750000,true,500000,500000,true
global-disease-crisis,seed-4,MASS,18,57.254492202480996,2596.26,0.759140350877193,0.25,649065,0.7083333333333334,1,2.125,true,true,true,54272545.951827645,750000,true,500000,500000,true
global-disease-crisis,seed-4,BAL,18,85.34510987504314,4055.4,0.9034586466165414,0.3,1216620,1,1,3,true,true,true,155582176.115182,750000,true,500000,500000,true
global-disease-crisis,seed-4,JPQ,18,79.63717062430281,4468.55,0.9954998607630187,0.33,1474621.5,1.411764705882353,1,4.235294117647059,true,true,true,151747333.35898498,750000,true,500000,500000,true
global-disease-crisis,seed-4,CONSV,18,84.07077160330776,3637.72,0.9454762833008447,0.35,1273202,1.105263157894737,1.05,3.1578947368421053,true,true,true,128186904.41257417,750000,true,500000,500000,true
global-disease-crisis,seed-4,VAP,18,80.76944937613811,5319.17,0.9954002339181287,0.28,1489367.6,1.2941176470588236,1,3.882352941176471,true,true,true,136078176.84808657,750000,true,500000,500000,true
global-disease-crisis,seed-4,MASS,19,60.674132826282516,2656.22,0.776672514619883,0.25,664055,0.7083333333333334,1,2.125,true,true,true,59555028.41081576,750000,true,500000,500000,true
global-disease-crisis,seed-4,BAL,19,86.51750108503968,4055.4,0.9034586466165414,0.3,1216620,1,1,3,true,true,true,187587959.35311478,750000,true,500000,500000,true
global-disease-crisis,seed-4,JPQ,19,81.26619697435859,4468.55,0.9954998607630187,0.33,1474621.5,1.411764705882353,1,4.235294117647059,true,true,true,175772942.12169662,750000,true,500000,500000,true
global-disease-crisis,seed-4,CONSV,19,85.34510987504314,3586.49,0.93216114359974,0.35,1255271.5,1.105263157894737,1.05,3.1578947368421053,true,true,true,150348121.2183603,750000,true,500000,500000,true
global-disease-crisis,seed-4,VAP,19,82.30789342604706,5319.17,0.9954002339181287,0.28,1489367.6,1.2941176470588236,1,3.882352941176471,true,true,true,155923692.11541426,750000,true,500000,500000,true
global-disease-crisis,seed-4,MASS,20,63.820202200179914,2708.42,0.7919356725146199,0.25,677105,0.7083333333333334,1,2.125,true,true,true,62359972.41165194,750000,true,500000,500000,true
global-disease-crisis,seed-4,BAL,20,87.59610099823651,4055.4,0.9034586466165414,0.3,1216620,1,1,3,true,true,true,220089010.71652728,750000,true,500000,500000,true
global-disease-crisis,seed-4,JPQ,20,82.76490121640991,4468.1,0.9953996101364523,0.33,1474473,1.411764705882353,1,4.235294117647059,true,true,true,201838439.61394155,750000,true,500000,500000,true
global-disease-crisis,seed-4,CONSV,20,86.51750108503968,3622.43,0.9415022742040285,0.35,1267850.5,1.105263157894737,1.05,3.1578947368421053,true,true,true,173853559.0931885,750000,true,500000,500000,true
global-disease-crisis,seed-4,VAP,20,83.7232619519633,5319.17,0.9954002339181287,0.28,1489367.6,1.2941176470588236,1,3.882352941176471,true,true,true,177342917.8776062,750000,true,500000,500000,true
global-disease-crisis,seed-4,MASS,21,66.71458602416553,2394.47,0.7001374269005848,0.25,598617.5,0.7083333333333334,1,2.125,true,true,true,39077488.13822453,750000,true,0,500000,false
global-disease-crisis,seed-4,BAL,21,88.58841291837759,4055.4,0.9034586466165414,0.3,1216620,1,1,3,true,true,true,245331489.64477304,750000,true,500000,500000,true
global-disease-crisis,seed-4,JPQ,21,84.14370911909711,4468.1,0.9501541733120681,0.33,1474473,1.411764705882353,1,4.235294117647059,true,true,true,222665198.28699738,750000,true,500000,500000,true
global-disease-crisis,seed-4,CONSV,21,87.59610099823651,3678.96,0.9561949317738792,0.35,1287636,1.105263157894737,1.05,3.1578947368421053,true,true,true,193456156.75808772,750000,true,500000,500000,true
global-disease-crisis,seed-4,VAP,21,85.02540099580624,5319.17,0.9954002339181287,0.28,1489367.6,1.2941176470588236,1,3.882352941176471,true,true,true,195626525.52093214,750000,true,500000,500000,true
global-disease-crisis,seed-4,MASS,22,65.71171086271559,2264.59,0.3783776106934002,0.25,566147.5,0.7083333333333334,1,2.125,true,true,true,63375351.96264522,750000,true,0,500000,false
global-disease-crisis,seed-4,BAL,22,89.50133988490738,4055.4,0.9034586466165414,0.3,1216620,1,1,3,true,true,true,280357204.810201,750000,true,500000,500000,true
global-disease-crisis,seed-4,JPQ,22,85.41221238956935,4679.93,0.9952004253056885,0.33,1544376.9000000001,1.411764705882353,1,4.235294117647059,true,true,true,245394541.73784748,750000,true,500000,500000,true
global-disease-crisis,seed-4,CONSV,22,88.58841291837759,3688.75,0.9587394411955815,0.35,1291062.5,1.105263157894737,1.05,3.1578947368421053,true,true,true,218438516.16238457,750000,true,500000,500000,true
global-disease-crisis,seed-4,VAP,22,86.22336891614174,5319.17,0.9954002339181287,0.28,1489367.6,1.2941176470588236,1,3.882352941176471,true,true,true,219787478.6555652,750000,true,500000,500000,true
global-disease-crisis,seed-4,MASS,23,64.76900821095265,2033.27,0.2797757137942896,0.25,508317.5,0.7083333333333334,1,2.125,true,true,true,64364022.60415807,750000,true,0,500000,false
global-disease-crisis,seed-4,BAL,23,90.3412326941148,4055.4,0.9034586466165414,0.3,1216620,1,1,3,true,true,true,311833755.3692136,750000,true,0,500000,false
global-disease-crisis,seed-4,JPQ,23,86.5792353984038,4680.87,0.9954003189792663,0.33,1544687.1,1.411764705882353,1,4.235294117647059,true,true,true,266432623.9389289,750000,true,500000,500000,true
global-disease-crisis,seed-4,CONSV,23,89.50133988490738,3619.27,0.9406809616634177,0.35,1266744.5,1.105263157894737,1.05,3.1578947368421053,true,true,true,239311039.01533058,750000,true,500000,500000,true
global-disease-crisis,seed-4,VAP,23,87.3254994028504,5318.63,0.9570184435447594,0.28,1489216.4000000001,1.2941176470588236,1,3.882352941176471,true,true,true,240927832.08852434,750000,true,500000,500000,true
global-disease-crisis,seed-4,MASS,24,63.882867718295486,3819.08,0.44667602339181284,0.25,954770,0.7083333333333334,1,2.125,true,true,true,82426280.77250358,750000,true,0,500000,false
global-disease-crisis,seed-4,BAL,24,87.9207587324679,4055.4,0.9034586466165414,0.3,1216620,1,1,3,true,true,true,338222901.7940364,750000,true,500000,500000,true
global-disease-crisis,seed-4,JPQ,24,87.6528965665315,4680.87,0.9954003189792663,0.33,1544687.1,1.411764705882353,1,4.235294117647059,true,true,true,285906825.88637054,750000,true,500000,500000,true
global-disease-crisis,seed-4,CONSV,24,90.3412326941148,3734.8,0.9707082521117609,0.35,1307180,1.105263157894737,1.05,3.1578947368421053,true,true,true,257158193.97157046,750000,true,0,500000,false
global-disease-crisis,seed-4,VAP,24,88.33945945062237,5530.82,0.9951992802519117,0.28,1548629.6,1.2941176470588236,1,3.882352941176471,true,true,true,258859949.59180322,750000,true,500000,500000,true
global-disease-crisis,seed-4,MASS,25,63.04989565519776,3097.72,0.36230643274853797,0.25,774430,0.7083333333333334,1,2.125,true,true,true,77400947.50109781,750000,true,0,500000,false
global-disease-crisis,seed-4,BAL,25,88.88709803387047,4055.4,0.9034586466165414,0.3,1216620,1,1,3,true,true,true,360359807.4427125,750000,true,500000,500000,true
global-disease-crisis,seed-4,JPQ,25,88.64066484120897,4680.87,0.9954003189792663,0.33,1544687.1,1.411764705882353,1,4.235294117647059,true,true,true,308838830.9119749,750000,true,500000,500000,true
global-disease-crisis,seed-4,CONSV,25,87.9207587324679,3829.42,0.9953008447043535,0.35,1340297,1.105263157894737,1.05,3.1578947368421053,true,true,true,279851532.3911304,750000,true,500000,500000,true
global-disease-crisis,seed-4,VAP,25,89.27230269457259,5531.94,0.9954008097165992,0.28,1548943.2000000002,1.2941176470588236,1,3.882352941176471,true,true,true,279526038.3588713,750000,true,500000,500000,true
global-disease-crisis,seed-4,MASS,26,62.266901915885896,5317.88,0.621974269005848,0.25,1329470,0.7083333333333334,1,2.125,true,true,true,91337308.87542643,750000,true,500000,500000,true
global-disease-crisis,seed-4,BAL,26,89.77613019116083,4055.4,0.9034586466165414,0.3,1216620,1,1,3,true,true,true,371759690.19731826,750000,true,500000,500000,true
global-disease-crisis,seed-4,JPQ,26,89.54941165391226,4680.87,0.9954003189792663,0.33,1544687.1,1.411764705882353,1,4.235294117647059,true,true,true,329283412.6405494,750000,true,500000,500000,true
global-disease-crisis,seed-4,CONSV,26,88.88709803387047,3800.79,0.987859649122807,0.35,1330276.5,1.105263157894737,1.05,3.1578947368421053,true,true,true,300799289.89053077,750000,true,500000,500000,true
global-disease-crisis,seed-4,VAP,26,90.13051847900678,5531.94,0.9954008097165992,0.28,1548943.2000000002,1.2941176470588236,1,3.882352941176471,true,true,true,300464959.2821538,750000,true,0,500000,false
global-disease-crisis,seed-4,MASS,27,65.28554976261502,4687.28,0.5482198830409356,0.25,1171820,0.7083333333333334,1,2.125,true,true,true,94291550.88003655,750000,true,500000,500000,true
global-disease-crisis,seed-4,BAL,27,90.59403977586797,4055.4,0.9034586466165414,0.3,1216620,1,1,3,true,true,true,386754167.230632,750000,true,0,500000,false
global-disease-crisis,seed-4,JPQ,27,90.38545872159928,4681.34,0.9522176455631833,0.33,1544842.2000000002,1.411764705882353,1,4.235294117647059,true,true,true,349277336.08771616,750000,true,0,500000,false
global-disease-crisis,seed-4,CONSV,27,89.77613019116083,3746.07,0.9736374269005849,0.35,1311124.5,1.105263157894737,1.05,3.1578947368421053,true,true,true,318618770.284594,750000,true,500000,500000,true
global-disease-crisis,seed-4,VAP,27,87.72268737026637,5531.94,0.9954008097165992,0.28,1548943.2000000002,1.2941176470588236,1,3.882352941176471,true,true,true,318136500.0109559,750000,true,500000,500000,true
global-disease-crisis,seed-4,MASS,28,68.06270578160581,4734.06,0.5536912280701755,0.25,1183515,0.7083333333333334,1,2.125,true,true,true,103311607.6690016,750000,true,500000,500000,true
global-disease-crisis,seed-4,BAL,28,88.1583973893159,4055.4,0.5749282296650717,0.3,1216620,1,1,3,true,true,true,410733423.67395973,750000,true,500000,500000,true
global-disease-crisis,seed-4,JPQ,28,87.96233119830332,4892.65,0.9951995931858632,0.33,1614574.5,1.411764705882353,1,4.235294117647059,true,true,true,366238482.2695766,750000,true,500000,500000,true
global-disease-crisis,seed-4,CONSV,28,90.59403977586797,3763.22,0.9780948667966212,0.35,1317127,1.105263157894737,1.05,3.1578947368421053,true,true,true,337787447.0556347,750000,true,0,500000,false
global-disease-crisis,seed-4,VAP,28,88.70487238064506,5531.94,0.9954008097165992,0.28,1548943.2000000002,1.2941176470588236,1,3.882352941176471,true,true,true,337644649.16229016,750000,true,500000,500000,true
global-disease-crisis,seed-4,MASS,29,70.61768931907734,5081.9,0.5943742690058479,0.25,1270475,0.7083333333333334,1,2.125,true,true,true,110275139.73857364,750000,true,500000,500000,true
global-disease-crisis,seed-4,BAL,29,89.10572559817062,5382.69,0.6456968061178587,0.3,1614807,1,1,3,true,true,true,401798718.4888456,750000,true,500000,500000,true
global-disease-crisis,seed-4,JPQ,29,88.92534470243905,4893.64,0.995400966183575,0.33,1614901.2000000002,1.411764705882353,1,4.235294117647059,true,true,true,378905715.26091933,750000,true,500000,500000,true
global-disease-crisis,seed-4,CONSV,29,88.1583973893159,3794.2,0.986146848602989,0.35,1327970,1.105263157894737,1.05,3.1578947368421053,true,true,true,358820456.22984034,750000,true,500000,500000,true
global-disease-crisis,seed-4,VAP,29,89.60848259019345,5531.94,0.9585341130604288,0.28,1548943.2000000002,1.2941176470588236,1,3.882352941176471,true,true,true,357534111.4650543,750000,true,500000,500000,true
global-disease-crisis,seed-4,MASS,30,72.96827417355115,4690.57,0.5486046783625731,0.25,1172642.5,0.7083333333333334,1,2.125,true,true,true,127222604.25618863,750000,true,500000,500000,true
global-disease-crisis,seed-4,BAL,30,89.97726755031697,6402.13,0.6655885640025991,0.3,1920639,1,1,3,true,true,true,403280705.44630754,750000,true,500000,500000,true
global-disease-crisis,seed-4,JPQ,30,89.81131712624392,4894.13,0.9955006356470888,0.33,1615062.9000000001,1.411764705882353,1,4.235294117647059,true,true,true,390075606.35096604,750000,true,500000,500000,true
global-disease-crisis,seed-4,CONSV,30,89.10572559817062,3784.17,0.9835399610136453,0.35,1324459.5,1.105263157894737,1.05,3.1578947368421053,true,true,true,379608868.05546373,750000,true,500000,500000,true
global-disease-crisis,seed-4,VAP,30,90.43980398297796,5743.55,0.9952003465453758,0.28,1608194.0000000002,1.2941176470588236,1,3.882352941176471,true,true,true,375498988.4972936,750000,true,0,500000,false
global-disease-crisis,seed-4,MASS,31,75.13081223966707,5027.24,0.5879812865497076,0.25,1256810,0.7083333333333334,1,2.125,true,true,true,146291013.58670726,750000,true,500000,500000,true
global-disease-crisis,seed-4,BAL,31,90.7790861462916,6910.79,0.7184706952566602,0.3,2073237,1,1,3,true,true,true,411641754.84633327,750000,true,0,500000,false
global-disease-crisis,seed-4,JPQ,31,90.6264117561444,4894.13,0.9955006356470888,0.33,1615062.9000000001,1.411764705882353,1,4.235294117647059,true,true,true,402826384.89395285,750000,true,0,500000,false
global-disease-crisis,seed-4,CONSV,31,89.97726755031697,3766.54,0.9789577647823262,0.35,1318289,1.105263157894737,1.05,3.1578947368421053,true,true,true,397366813.30363894,750000,true,500000,500000,true
global-disease-crisis,seed-4,VAP,31,88.01341574399927,5744.13,0.9953008447043535,0.28,1608356.4000000001,1.2941176470588236,1,3.882352941176471,true,true,true,391615375.0389277,750000,true,500000,500000,true
global-disease-crisis,seed-4,MASS,32,77.1203472604937,5331.36,0.6235508771929824,0.25,1332840,0.7083333333333334,1,2.125,true,true,true,169627999.37911147,750000,true,500000,500000,true
global-disease-crisis,seed-4,BAL,32,88.33234097751411,6931.110000000001,0.7205832358674464,0.3,2079333.0000000002,1,1,3,true,true,true,433385033.38091147,750000,true,500000,500000,true
global-disease-crisis,seed-4,JPQ,32,88.18882705077574,4894.13,0.6541861319966583,0.33,1615062.9000000001,1.411764705882353,1,4.235294117647059,true,true,true,421021732.26560855,750000,true,500000,500000,true
global-disease-crisis,seed-4,CONSV,32,90.7790861462916,3777.09,0.9816998050682262,0.35,1321981.5,1.105263157894737,1.05,3.1578947368421053,true,true,true,414041731.9957874,750000,true,0,500000,false
global-disease-crisis,seed-4,VAP,32,88.97234248447933,5744.7,0.9953996101364522,0.28,1608516.0000000002,1.2941176470588236,1,3.882352941176471,true,true,true,407652099.7021538,750000,true,500000,500000,true
global-disease-crisis,seed-5,MASS,1,50,0,0,0.25,0,0.7083333333333334,1,2.125,false,false,false,30000000,750000,true,0,0,true
global-disease-crisis,seed-5,BAL,1,50,0,0,0.3,0,1,1,3,false,false,false,30000000,750000,true,0,0,true
global-disease-crisis,seed-5,JPQ,1,50,0,0,0.33,0,1.411764705882353,1,4.235294117647059,false,false,false,25000000,750000,true,0,0,true
global-disease-crisis,seed-5,CONSV,1,50,0,0,0.35,0,1.105263157894737,1.05,3.1578947368421053,false,false,false,35000000,750000,true,0,0,true
global-disease-crisis,seed-5,VAP,1,50,0,0,0.28,0,1.2941176470588236,1,3.882352941176471,false,false,false,22000000,750000,true,0,0,true
global-disease-crisis,seed-5,MASS,2,50,2676.59,0.7826286549707603,0.25,669147.5,0.7083333333333334,1,2.125,true,true,true,14530663.532499146,750000,true,0,500000,false
global-disease-crisis,seed-5,BAL,2,50,3935.21,0.9205169590643275,0.3,1180563,1,1,3,true,true,true,41575441.369690195,750000,true,500000,500000,true
global-disease-crisis,seed-5,JPQ,2,50,2509.76,0.5870783625730994,0.33,828220.8,1.411764705882353,1,4.235294117647059,true,true,true,14494279.701722093,750000,true,0,500000,false
global-disease-crisis,seed-5,CONSV,2,50,2128.14,0.6222631578947369,0.35,744849,1.105263157894737,1.05,3.1578947368421053,true,true,true,10878104.155727632,750000,true,0,500000,false
global-disease-crisis,seed-5,VAP,2,50,5093.06,0.9927992202729046,0.28,1426056.8,1.2941176470588236,1,3.882352941176471,true,true,true,20033387.12761445,750000,true,0,500000,false
global-disease-crisis,seed-5,MASS,3,50,0,0,0.25,0,0.7083333333333334,1,2.125,false,false,false,39783065.70867136,750000,true,0,0,true
global-disease-crisis,seed-5,BAL,3,54,3739.1,0.8746432748538011,0.3,1121730,1,1,3,true,true,true,37163219.56796392,750000,true,500000,500000,true
global-disease-crisis,seed-5,JPQ,3,50,3797.33,0.8882643274853801,0.33,1253118.9000000001,1.411764705882353,1,4.235294117647059,true,true,true,30548227.50670083,750000,true,500000,500000,true
global-disease-crisis,seed-5,CONSV,3,50,2959.32,0.8652982456140351,0.35,1035761.9999999999,1.105263157894737,1.05,3.1578947368421053,true,true,true,34909183.70691529,750000,true,500000,500000,true
global-disease-crisis,seed-5,VAP,3,50,0,0,0.28,0,1.2941176470588236,1,3.882352941176471,false,false,false,21574317.37611035,750000,true,0,0,true
global-disease-crisis,seed-5,MASS,4,50,3394.35,0.9924999999999999,0.25,848587.5,0.7083333333333334,1,2.125,true,true,true,5890961.725263432,750000,true,0,500000,false
global-disease-crisis,seed-5,BAL,4,57.68,3584.59,0.8385005847953216,0.3,1075377,1,1,3,true,true,true,36980572.90316485,750000,true,500000,500000,true
global-disease-crisis,seed-5,JPQ,4,54,4070.74,0.9522198830409356,0.33,1343344.2,1.411764705882353,1,4.235294117647059,true,true,true,25600795.336247873,750000,true,0,500000,false
global-disease-crisis,seed-5,CONSV,4,54,3188.75,0.9323830409356725,0.35,1116062.5,1.105263157894737,1.05,3.1578947368421053,true,true,true,32699856.266310584,750000,true,500000,500000,true
global-disease-crisis,seed-5,VAP,4,50,4335.88,0.8452007797270955,0.28,1214046.4000000001,1.2941176470588236,1,3.882352941176471,true,true,true,16903187.634751376,750000,true,0,500000,false
global-disease-crisis,seed-5,MASS,5,50,1906.41,0.5574298245614036,0.25,476602.5,0.7083333333333334,1,2.125,true,true,true,39475117.89497675,750000,true,500000,500000,true
global-disease-crisis,seed-5,BAL,5,61.0656,4017.56,0.9397801169590643,0.3,1205268,1,1,3,true,true,true,42758699.32657854,750000,true,500000,500000,true
global-disease-crisis,seed-5,JPQ,5,53.76,4087.3,0.956093567251462,0.33,1348809,1.411764705882353,1,4.235294117647059,true,true,true,25553355.488790736,750000,true,0,500000,false
global-disease-crisis,seed-5,CONSV,5,57.68,3390.59,0.9914005847953217,0.35,1186706.5,1.105263157894737,1.05,3.1578947368421053,true,true,true,36338294.896707185,750000,true,500000,500000,true
global-disease-crisis,seed-5,VAP,5,50,5088.96,0.992,0.28,1424908.8,1.2941176470588236,1,3.882352941176471,true,true,true,27847954.964103304,750000,true,500000,500000,true
global-disease-crisis,seed-5,MASS,6,54,3378.3,0.9878070175438597,0.25,844575,0.7083333333333334,1,2.125,true,true,true,0,750000,false,0,500000,false
global-disease-crisis,seed-5,BAL,6,64.180352,4188.27,0.9797122807017545,0.3,1256481,1,1,3,true,true,true,17789616.377177194,750000,true,0,500000,false
global-disease-crisis,seed-5,JPQ,6,53.5344,4239.95,0.9918011695906432,0.33,1399183.5,1.411764705882353,1,4.235294117647059,true,true,true,22204044.69152335,750000,true,0,500000,false
global-disease-crisis,seed-5,CONSV,6,61.0656,3188.75,0.9323830409356725,0.35,1116062.5,1.105263157894737,1.05,3.1578947368421053,true,true,true,34775649.302686326,750000,true,500000,500000,true
global-disease-crisis,seed-5,VAP,6,54,5090.5,0.9923001949317739,0.28,1425340.0000000002,1.2941176470588236,1,3.882352941176471,true,true,true,16701727.569992747,750000,true,0,500000,false
global-disease-crisis,seed-5,MASS,7,53.76,1991.04,0.5821754385964912,0.25,497760,0.7083333333333334,1,2.125,true,true,true,34426236.06459956,750000,true,500000,500000,true
global-disease-crisis,seed-5,BAL,7,63.32953088,3755.61,0.8785052631578948,0.3,1126683,1,1,3,true,true,true,32868300.830211163,750000,true,500000,500000,true
global-disease-crisis,seed-5,JPQ,7,53.322336,4247.21,0.9934994152046783,0.33,1401579.3,1.411764705882353,1,4.235294117647059,true,true,true,13822135.563197777,750000,true,0,500000,false
global-disease-crisis,seed-5,CONSV,7,64.180352,3194.86,0.9341695906432749,0.35,1118201,1.105263157894737,1.05,3.1578947368421053,true,true,true,17401858.829036996,750000,true,0,500000,false
global-disease-crisis,seed-5,VAP,7,53.76,5089.99,0.9922007797270955,0.28,1425197.2000000002,1.2941176470588236,1,3.882352941176471,true,true,true,29096732.59385165,750000,true,500000,500000,true
global-disease-crisis,seed-5,MASS,8,57.459199999999996,3388.19,0.9906988304093567,0.25,847047.5,0.7083333333333334,1,2.125,true,true,true,0,750000,false,0,500000,false
global-disease-crisis,seed-5,BAL,8,66.2631684096,4022.77,0.9409988304093567,0.3,1206831,1,1,3,true,true,true,23895359.88527151,750000,true,0,500000,false
global-disease-crisis,seed-5,JPQ,8,53.12299584,4254.05,0.9950994152046784,0.33,1403836.5,1.411764705882353,1,4.235294117647059,true,true,true,34144603.36172597,750000,true,500000,500000,true
global-disease-crisis,seed-5,CONSV,8,63.32953088,3402.56,0.9949005847953216,0.35,1190896,1.105263157894737,1.05,3.1578947368421053,true,true,true,29575753.50427039,750000,true,500000,500000,true
global-disease-crisis,seed-5,VAP,8,57.459199999999996,5089.99,0.9922007797270955,0.28,1425197.2000000002,1.2941176470588236,1,3.882352941176471,true,true,true,34066870.96058598,750000,true,500000,500000,true
global-disease-crisis,seed-5,MASS,9,57.011647999999994,1108.14,0.32401754385964915,0.25,277035,0.7083333333333334,1,2.125,true,true,true,34495385.83995399,750000,true,0,500000,false
global-disease-crisis,seed-5,BAL,9,65.28737830502399,4216.53,0.9863228070175438,0.3,1264959,1,1,3,true,true,true,37293780.78518855,750000,true,500000,500000,true
global-disease-crisis,seed-5,JPQ,9,56.8731561728,4254.05,0.9950994152046784,0.33,1403836.5,1.411764705882353,1,4.235294117647059,true,true,true,42670817.20785915,750000,true,500000,500000,true
global-disease-crisis,seed-5,CONSV,9,66.2631684096,3257.09,0.9523654970760235,0.35,1139981.5,1.105263157894737,1.05,3.1578947368421053,true,true,true,33457421.15642317,750000,true,500000,500000,true
global-disease-crisis,seed-5,VAP,9,60.862463999999996,5098.71,0.9939005847953216,0.28,1427638.8,1.2941176470588236,1,3.882352941176471,true,true,true,29523689.180399943,750000,true,500000,500000,true
global-disease-crisis,seed-5,MASS,10,56.59094911999999,3385.46,0.9899005847953216,0.25,846365,0.7083333333333334,1,2.125,true,true,true,748467.7604513168,750000,false,0,500000,false
global-disease-crisis,seed-5,BAL,10,68.06438804062208,4118.46,0.9633824561403509,0.3,1235538,1,1,3,true,true,true,49621949.16563678,750000,true,500000,500000,true
global-disease-crisis,seed-5,JPQ,10,60.323303678976,4254.05,0.9950994152046784,0.33,1403836.5,1.411764705882353,1,4.235294117647059,true,true,true,53781948.12327703,750000,true,500000,500000,true
global-disease-crisis,seed-5,CONSV,10,68.962114936832,3403.24,0.9950994152046783,0.35,1191134,1.105263157894737,1.05,3.1578947368421053,true,true,true,44662345.90185836,750000,true,500000,500000,true
global-disease-crisis,seed-5,VAP,10,63.99346688,5106.4,0.9953996101364522,0.28,1429792.0000000002,1.2941176470588236,1,3.882352941176471,true,true,true,39120100.316668235,750000,true,500000,500000,true
global-disease-crisis,seed-5,MASS,11,56.19549217279999,672.52,0.19664327485380118,0.25,168130,0.7083333333333334,1,2.125,true,true,false,39824077.6524964,750000,true,0,250000,false
global-disease-crisis,seed-5,BAL,11,70.61923699737231,3977.06,0.930306432748538,0.3,1193118,1,1,3,true,true,true,48099737.57384213,750000,true,500000,500000,true
global-disease-crisis,seed-5,JPQ,11,63.49743938465792,4253.63,0.9950011695906433,0.33,1403697.9000000001,1.411764705882353,1,4.235294117647059,true,true,true,59715294.167887434,750000,true,500000,500000,true
global-disease-crisis,seed-5,CONSV,11,71.44514574188544,3403.93,0.9367540419676642,0.35,1191375.5,1.105263157894737,1.05,3.1578947368421053,true,true,true,50178315.008785054,750000,true,500000,500000,true
global-disease-crisis,seed-5,VAP,11,66.8739895296,5106.4,0.9953996101364522,0.28,1429792.0000000002,1.2941176470588236,1,3.882352941176471,true,true,true,41705582.51283996,750000,true,500000,500000,true
global-disease-crisis,seed-5,MASS,12,55.82376264243199,3385.12,0.9898011695906432,0.25,846280,0.7083333333333334,1,2.125,true,true,true,21370570.891000032,750000,true,0,500000,false
global-disease-crisis,seed-5,BAL,12,72.96969803758253,3956.75,0.9255555555555556,0.3,1187025,1,1,3,true,true,true,59535664.00035257,750000,true,500000,500000,true
global-disease-crisis,seed-5,JPQ,12,66.41764423388528,4253.63,0.9950011695906433,0.33,1403697.9000000001,1.411764705882353,1,4.235294117647059,true,true,true,60537064.83661937,750000,true,500000,500000,true
global-disease-crisis,seed-5,CONSV,12,73.7295340825346,3616.31,0.9952005503955969,0.35,1265708.5,1.105263157894737,1.05,3.1578947368421053,true,true,true,49943864.88667143,750000,true,500000,500000,true
global-disease-crisis,seed-5,VAP,12,69.524070367232,5106.4,0.9953996101364522,0.28,1429792.0000000002,1.2941176470588236,1,3.882352941176471,true,true,true,52008312.03083174,750000,true,500000,500000,true
global-disease-crisis,seed-5,MASS,13,55.47433688388607,3393.67,0.9923011695906433,0.25,848417.5,0.7083333333333334,1,2.125,true,true,true,23058412.220577717,750000,true,0,500000,false
global-disease-crisis,seed-5,BAL,13,75.13212219457593,3994.69,0.9344304093567252,0.3,1198407,1,1,3,true,true,true,55402889.73038131,750000,true,500000,500000,true
global-disease-crisis,seed-5,JPQ,13,69.10423269517446,4253.63,0.9950011695906433,0.33,1403697.9000000001,1.411764705882353,1,4.235294117647059,true,true,true,74745028.26211126,750000,true,500000,500000,true
global-disease-crisis,seed-5,CONSV,13,75.83117135593183,3616.67,0.9952996216030272,0.35,1265834.5,1.105263157894737,1.05,3.1578947368421053,true,true,true,54259420.45877715,750000,true,500000,500000,true
global-disease-crisis,seed-5,VAP,13,71.96214473785344,5106.4,0.9953996101364522,0.28,1429792.0000000002,1.2941176470588236,1,3.882352941176471,true,true,true,62570282.602107525,750000,true,500000,500000,true
global-disease-crisis,seed-5,MASS,14,55.1458766708529,3393.67,0.9923011695906433,0.25,848417.5,0.7083333333333334,1,2.125,true,true,true,42894412.26693629,750000,true,500000,500000,true
global-disease-crisis,seed-5,BAL,14,77.12155241900986,4012.88,0.9386853801169591,0.3,1203864,1,1,3,true,true,true,72130840.94442424,750000,true,500000,500000,true
global-disease-crisis,seed-5,JPQ,14,71.5758940795605,4253.63,0.9950011695906433,0.33,1403697.9000000001,1.411764705882353,1,4.235294117647059,true,true,true,77044589.52753419,750000,true,500000,500000,true
global-disease-crisis,seed-5,CONSV,14,77.76467764745729,3501.41,0.9635803233574131,0.35,1225493.5,1.105263157894737,1.05,3.1578947368421053,true,true,true,58854668.7674807,750000,true,500000,500000,true
global-disease-crisis,seed-5,VAP,14,74.20517315882516,5106.4,0.9953996101364522,0.28,1429792.0000000002,1.2941176470588236,1,3.882352941176471,true,true,true,77082835.74282843,750000,true,500000,500000,true
global-disease-crisis,seed-5,MASS,15,58.73420653718467,2931.4,0.8571345029239766,0.25,732850,0.7083333333333334,1,2.125,true,true,true,27989232.988506082,750000,true,0,500000,false
global-disease-crisis,seed-5,BAL,15,78.95182822548907,4009.33,0.9378549707602339,0.3,1202799,1,1,3,true,true,true,90204242.40924165,750000,true,500000,500000,true
global-disease-crisis,seed-5,JPQ,15,73.84982255319566,4254.48,0.9478095238095237,0.33,1403978.4000000001,1.411764705882353,1,4.235294117647059,true,true,true,95251950.84123342,750000,true,500000,500000,true
global-disease-crisis,seed-5,CONSV,15,79.54350343566071,3616.31,0.9952005503955969,0.35,1265708.5,1.105263157894737,1.05,3.1578947368421053,true,true,true,71891723.5309405,750000,true,500000,500000,true
global-disease-crisis,seed-5,VAP,15,76.26875930611915,5106.4,0.9953996101364522,0.28,1429792.0000000002,1.2941176470588236,1,3.882352941176471,true,true,true,93309326.30757286,750000,true,500000,500000,true
global-disease-crisis,seed-5,MASS,16,58.21015414495359,2897.85,0.8473245614035088,0.25,724462.5,0.7083333333333334,1,2.125,true,true,true,31279343.922356863,750000,true,0,500000,false
global-disease-crisis,seed-5,BAL,16,80.63568196744994,3997.6,0.9351111111111111,0.3,1199280,1,1,3,true,true,true,100594538.42393155,750000,true,500000,500000,true
global-disease-crisis,seed-5,JPQ,16,75.94183674894,4466.76,0.9951010860484545,0.33,1474030.8,1.411764705882353,1,4.235294117647059,true,true,true,85046775.45829266,750000,true,500000,500000,true
global-disease-crisis,seed-5,CONSV,16,81.18002316080785,3617.4,0.9955005159958721,0.35,1266090,1.105263157894737,1.05,3.1578947368421053,true,true,true,78636842.72480182,750000,true,500000,500000,true
global-disease-crisis,seed-5,VAP,16,78.16725856162962,5106.4,0.9555836257309941,0.28,1429792.0000000002,1.2941176470588236,1,3.882352941176471,true,true,true,104187537.78898028,750000,true,500000,500000,true
global-disease-crisis,seed-5,MASS,17,57.71754489625638,3046.17,0.8906929824561404,0.25,761542.5,0.7083333333333334,1,2.125,true,true,true,43612739.93073347,750000,true,500000,500000,true
global-disease-crisis,seed-5,BAL,17,82.18482741005394,3995.9,0.9347134502923977,0.3,1198770,1,1,3,true,true,true,128539029.94829306,750000,true,500000,500000,true
global-disease-crisis,seed-5,JPQ,17,77.8664898090248,4467.65,0.9952993595098858,0.33,1474324.5,1.411764705882353,1,4.235294117647059,true,true,true,96798973.50846304,750000,true,500000,500000,true
global-disease-crisis,seed-5,CONSV,17,82.68562130794322,3507.52,0.9116361273554257,0.35,1227632,1.105263157894737,1.05,3.1578947368421053,true,true,true,99687253.54417598,750000,true,500000,500000,true
global-disease-crisis,seed-5,VAP,17,79.91387787669925,5319.17,0.9954002339181287,0.28,1489367.6,1.2941176470588236,1,3.882352941176471,true,true,true,115984018.44987325,750000,true,500000,500000,true
global-disease-crisis,seed-5,MASS,18,61.10014130455587,3111.07,0.9096695906432749,0.25,777767.5,0.7083333333333334,1,2.125,true,true,true,47766787.85332969,750000,true,500000,500000,true
global-disease-crisis,seed-5,BAL,18,83.61004121724963,3975.26,0.9298853801169591,0.3,1192578,1,1,3,true,true,true,158826741.53855926,750000,true,500000,500000,true
global-disease-crisis,seed-5,JPQ,18,79.63717062430281,4468.1,0.9953996101364523,0.33,1474473,1.411764705882353,1,4.235294117647059,true,true,true,119532899.49813443,750000,true,500000,500000,true
global-disease-crisis,seed-5,CONSV,18,84.07077160330776,3594.74,0.9343053931124106,0.35,1258159,1.105263157894737,1.05,3.1578947368421053,true,true,true,123418991.51524436,750000,true,500000,500000,true
global-disease-crisis,seed-5,VAP,18,81.5207676465633,5319.17,0.9954002339181287,0.28,1489367.6,1.2941176470588236,1,3.882352941176471,true,true,true,135422642.1381544,750000,true,500000,500000,true
global-disease-crisis,seed-5,MASS,19,64.2121300001914,3082.31,0.9012602339181286,0.25,770577.5,0.7083333333333334,1,2.125,true,true,true,65962958.576047525,750000,true,500000,500000,true
global-disease-crisis,seed-5,BAL,19,84.92123791986965,3951.11,0.9242362573099415,0.3,1185333,1,1,3,true,true,true,185178713.67971832,750000,true,500000,500000,true
global-disease-crisis,seed-5,JPQ,19,81.26619697435859,4468.1,0.9953996101364523,0.33,1474473,1.411764705882353,1,4.235294117647059,true,true,true,148494115.82233438,750000,true,500000,500000,true
global-disease-crisis,seed-5,CONSV,19,85.34510987504314,3632.79,0.9441949317738791,0.35,1271476.5,1.105263157894737,1.05,3.1578947368421053,true,true,true,147667751.2422742,750000,true,500000,500000,true
global-disease-crisis,seed-5,VAP,19,82.99910623483824,5319.17,0.9954002339181287,0.28,1489367.6,1.2941176470588236,1,3.882352941176471,true,true,true,157944938.5360811,750000,true,500000,500000,true
global-disease-crisis,seed-5,MASS,20,67.07515960017608,3049.58,0.8916900584795321,0.25,762395,0.7083333333333334,1,2.125,true,true,true,62981853.77550696,750000,true,500000,500000,true
global-disease-crisis,seed-5,BAL,20,86.12753888628008,3985.62,0.9323087719298245,0.3,1195686,1,1,3,true,true,true,210899169.96837038,750000,true,500000,500000,true
global-disease-crisis,seed-5,JPQ,20,82.76490121640991,4468.55,0.9954998607630187,0.33,1474621.5,1.411764705882353,1,4.235294117647059,true,true,true,171679720.27990633,750000,true,500000,500000,true
global-disease-crisis,seed-5,CONSV,20,86.51750108503968,3646.57,0.9477764782326187,0.35,1276299.5,1.105263157894737,1.05,3.1578947368421053,true,true,true,170476607.5446218,750000,true,500000,500000,true
global-disease-crisis,seed-5,VAP,20,84.35917773605118,5319.17,0.9954002339181287,0.28,1489367.6,1.2941176470588236,1,3.882352941176471,true,true,true,180981084.33668184,750000,true,500000,500000,true
global-disease-crisis,seed-5,MASS,21,69.70914683216199,3047.93,0.8912076023391813,0.25,761982.5,0.7083333333333334,1,2.125,true,true,true,60954058.970956385,750000,true,500000,500000,true
global-disease-crisis,seed-5,BAL,21,87.23733577537767,4250.27,0.9942152046783627,0.3,1275081,1,1,3,true,true,true,228664628.8226115,750000,true,500000,500000,true
global-disease-crisis,seed-5,JPQ,21,84.14370911909711,4468.55,0.9502498670919723,0.33,1474621.5,1.411764705882353,1,4.235294117647059,true,true,true,188062300.7458239,750000,true,500000,500000,true
global-disease-crisis,seed-5,CONSV,21,87.59610099823651,3671.73,0.9543157894736842,0.35,1285105.5,1.105263157894737,1.05,3.1578947368421053,true,true,true,192983571.89320838,750000,true,500000,500000,true
global-disease-crisis,seed-5,VAP,21,85.61044351716708,5318.63,0.9952991812865497,0.28,1489216.4000000001,1.2941176470588236,1,3.882352941176471,true,true,true,199658294.50438398,750000,true,500000,500000,true
global-disease-crisis,seed-5,MASS,22,72.13241508558903,2661.31,0.7781608187134503,0.25,665327.5,0.7083333333333334,1,2.125,true,true,true,61048558.804627106,750000,true,500000,500000,true
global-disease-crisis,seed-5,BAL,22,88.25834891334746,4255.34,0.9954011695906433,0.3,1276602,1,1,3,true,true,true,258343371.56233323,750000,true,500000,500000,true
global-disease-crisis,seed-5,JPQ,22,85.41221238956935,4680.4,0.9953003721424774,0.33,1544532,1.411764705882353,1,4.235294117647059,true,true,true,209299907.19784635,750000,true,500000,500000,true
global-disease-crisis,seed-5,CONSV,22,88.58841291837759,3677.25,0.9557504873294347,0.35,1287037.5,1.105263157894737,1.05,3.1578947368421053,true,true,true,216026992.32283467,750000,true,500000,500000,true
global-disease-crisis,seed-5,VAP,22,86.76160803579371,5318.63,0.9570184435447594,0.28,1489216.4000000001,1.2941176470588236,1,3.882352941176471,true,true,true,222991659.04346028,750000,true,500000,500000,true
global-disease-crisis,seed-5,MASS,23,74.3618218787419,2495.89,0.4170242272347535,0.25,623972.5,0.7083333333333334,1,2.125,true,true,true,73957905.0193214,750000,true,0,500000,false
global-disease-crisis,seed-5,BAL,23,89.19768100027966,4255.76,0.9954994152046784,0.3,1276728,1,1,3,true,true,true,286184398.28543794,750000,true,500000,500000,true
global-disease-crisis,seed-5,JPQ,23,86.5792353984038,4681.34,0.9955002658160553,0.33,1544842.2000000002,1.411764705882353,1,4.235294117647059,true,true,true,232916431.80923316,750000,true,500000,500000,true
global-disease-crisis,seed-5,CONSV,23,89.50133988490738,3644.87,0.9473346328784925,0.35,1275704.5,1.105263157894737,1.05,3.1578947368421053,true,true,true,239765268.6909418,750000,true,500000,500000,true
global-disease-crisis,seed-5,VAP,23,87.82067939293022,5530.82,0.9951992802519117,0.28,1548629.6,1.2941176470588236,1,3.882352941176471,true,true,true,244313860.76913983,750000,true,500000,500000,true
global-disease-crisis,seed-5,MASS,24,72.90011256601738,2665.8900000000003,0.36682352941176477,0.25,666472.5000000001,0.7083333333333334,1,2.125,true,true,true,69718077.30861872,750000,true,0,500000,false
global-disease-crisis,seed-5,BAL,24,90.06186652025728,4255.76,0.9954994152046784,0.3,1276728,1,1,3,true,true,true,313301324.72748196,750000,true,0,500000,false
global-disease-crisis,seed-5,JPQ,24,87.6528965665315,4681.34,0.9955002658160553,0.33,1544842.2000000002,1.411764705882353,1,4.235294117647059,true,true,true,255281048.33303034,750000,true,500000,500000,true
global-disease-crisis,seed-5,CONSV,24,90.3412326941148,3769.74,0.9797894736842104,0.35,1319409,1.105263157894737,1.05,3.1578947368421053,true,true,true,260742624.2498573,750000,true,0,500000,false
global-disease-crisis,seed-5,VAP,24,88.7950250414958,5531.94,0.9954008097165992,0.28,1548943.2000000002,1.2941176470588236,1,3.882352941176471,true,true,true,266837737.76411903,750000,true,500000,500000,true
global-disease-crisis,seed-5,MASS,25,71.52610581205634,5129.02,0.5998853801169591,0.25,1282255,0.7083333333333334,1,2.125,true,true,true,72298097.24364331,750000,true,500000,500000,true
global-disease-crisis,seed-5,BAL,25,87.65815452904184,4255.76,0.9954994152046784,0.3,1276728,1,1,3,true,true,true,335572742.7374929,750000,true,500000,500000,true
global-disease-crisis,seed-5,JPQ,25,88.64066484120897,4681.34,0.9955002658160553,0.33,1544842.2000000002,1.411764705882353,1,4.235294117647059,true,true,true,275465455.88603634,750000,true,500000,500000,true
global-disease-crisis,seed-5,CONSV,25,87.9207587324679,3829.42,0.9953008447043535,0.35,1340297,1.105263157894737,1.05,3.1578947368421053,true,true,true,281041542.98037887,750000,true,500000,500000,true
global-disease-crisis,seed-5,VAP,25,89.69142303817614,5531.94,0.9954008097165992,0.28,1548943.2000000002,1.2941176470588236,1,3.882352941176471,true,true,true,285123113.8561761,750000,true,500000,500000,true
global-disease-crisis,seed-5,MASS,26,73.80401734709184,4082.26,0.47745730994152047,0.25,1020565,0.7083333333333334,1,2.125,true,true,true,84655313.28196108,750000,true,0,500000,false
global-disease-crisis,seed-5,BAL,26,88.64550216671849,4255.76,0.9954994152046784,0.3,1276728,1,1,3,true,true,true,355097448.29850274,750000,true,500000,500000,true
global-disease-crisis,seed-5,JPQ,26,89.54941165391226,4681.34,0.9955002658160553,0.33,1544842.2000000002,1.411764705882353,1,4.235294117647059,true,true,true,299442568.0237003,750000,true,500000,500000,true
global-disease-crisis,seed-5,CONSV,26,88.88709803387047,3825.96,0.9944015594541911,0.35,1339086,1.105263157894737,1.05,3.1578947368421053,true,true,true,300680310.3559726,750000,true,500000,500000,true
global-disease-crisis,seed-5,VAP,26,90.51610919512206,5531.94,0.9954008097165992,0.28,1548943.2000000002,1.2941176470588236,1,3.882352941176471,true,true,true,305444858.45836747,750000,true,0,500000,false
global-disease-crisis,seed-5,MASS,27,72.37577630626633,6082.91,0.7114514619883041,0.25,1520727.5,0.7083333333333334,1,2.125,true,true,true,121095271.02039564,750000,true,500000,500000,true
global-disease-crisis,seed-5,BAL,27,89.553861993381,4255.76,0.9954994152046784,0.3,1276728,1,1,3,true,true,true,369122566.0466601,750000,true,500000,500000,true
global-disease-crisis,seed-5,JPQ,27,90.38545872159928,4681.34,0.9522176455631833,0.33,1544842.2000000002,1.411764705882353,1,4.235294117647059,true,true,true,325512838.03943074,750000,true,0,500000,false
global-disease-crisis,seed-5,CONSV,27,89.77613019116083,3745.47,0.9734814814814814,0.35,1310914.5,1.105263157894737,1.05,3.1578947368421053,true,true,true,322934533.967368,750000,true,500000,500000,true
global-disease-crisis,seed-5,VAP,27,88.08514264341473,5531.94,0.9954008097165992,0.28,1548943.2000000002,1.2941176470588236,1,3.882352941176471,true,true,true,328625810.9354912,750000,true,500000,500000,true
global-disease-crisis,seed-5,MASS,28,74.58571420176503,5501.3,0.6434269005847953,0.25,1375325,0.7083333333333334,1,2.125,true,true,true,141239795.89216816,750000,true,500000,500000,true
global-disease-crisis,seed-5,BAL,28,90.38955303391053,4255.76,0.9954994152046784,0.3,1276728,1,1,3,true,true,true,381395972.74779063,750000,true,0,500000,false
global-disease-crisis,seed-5,JPQ,28,87.96233119830332,4892.65,0.9951995931858632,0.33,1614574.5,1.411764705882353,1,4.235294117647059,true,true,true,341156898.3900091,750000,true,500000,500000,true
global-disease-crisis,seed-5,CONSV,28,90.59403977586797,3734.52,0.970635477582846,0.35,1307082,1.105263157894737,1.05,3.1578947368421053,true,true,true,340873996.14994174,750000,true,0,500000,false
global-disease-crisis,seed-5,VAP,28,89.03833123194156,5531.94,0.9585341130604288,0.28,1548943.2000000002,1.2941176470588236,1,3.882352941176471,true,true,true,347702613.51187223,750000,true,500000,500000,true
global-disease-crisis,seed-5,MASS,29,76.61885706562383,4316.92,0.5049029239766082,0.25,1079230,0.7083333333333334,1,2.125,true,true,true,150559674.30947503,750000,true,500000,500000,true
global-disease-crisis,seed-5,BAL,29,87.96617985187589,3946.61,0.5769897660818714,0.3,1183983,1,1,3,true,true,true,401727811.5716995,750000,true,500000,500000,true
global-disease-crisis,seed-5,JPQ,29,88.92534470243905,4893.64,0.995400966183575,0.33,1614901.2000000002,1.411764705882353,1,4.235294117647059,true,true,true,361699334.68952346,750000,true,500000,500000,true
global-disease-crisis,seed-5,CONSV,29,88.1583973893159,3790.47,0.9851773879142299,0.35,1326664.5,1.105263157894737,1.05,3.1578947368421053,true,true,true,363487010.3884994,750000,true,500000,500000,true
global-disease-crisis,seed-5,VAP,29,89.91526473338624,5743.55,0.9952003465453758,0.28,1608194.0000000002,1.2941176470588236,1,3.882352941176471,true,true,true,364249261.2624211,750000,true,500000,500000,true
global-disease-crisis,seed-5,MASS,30,78.48934850037392,4647.48,0.5435649122807017,0.25,1161870,0.7083333333333334,1,2.125,true,true,true,140837658.1355897,750000,true,500000,500000,true
global-disease-crisis,seed-5,BAL,30,88.92888546372582,4991.33,0.6145066174207449,0.3,1497399,1,1,3,true,true,true,397415359.3567898,750000,true,500000,500000,true
global-disease-crisis,seed-5,JPQ,30,89.81131712624392,4894.13,0.9955006356470888,0.33,1615062.9000000001,1.411764705882353,1,4.235294117647059,true,true,true,379204396.27019054,750000,true,500000,500000,true
global-disease-crisis,seed-5,CONSV,30,89.10572559817062,3790.86,0.9852787524366472,0.35,1326801,1.105263157894737,1.05,3.1578947368421053,true,true,true,378489482.2089513,750000,true,500000,500000,true
global-disease-crisis,seed-5,VAP,30,90.72204355471534,5744.13,0.9953008447043535,0.28,1608356.4000000001,1.2941176470588236,1,3.882352941176471,true,true,true,380086871.89073396,750000,true,0,500000,false
global-disease-crisis,seed-5,MASS,31,80.21020062034401,6247.42,0.7306923976608187,0.25,1561855,0.7083333333333334,1,2.125,true,true,true,161408490.64716065,750000,true,500000,500000,true
global-disease-crisis,seed-5,BAL,31,89.81457462662776,6064.65,0.6448325358851674,0.3,1819395,1,1,3,true,true,true,402178851.51191604,750000,true,500000,500000,true
global-disease-crisis,seed-5,JPQ,31,90.6264117561444,4894.13,0.9955006356470888,0.33,1615062.9000000001,1.411764705882353,1,4.235294117647059,true,true,true,400326395.18119484,750000,true,0,500000,false
global-disease-crisis,seed-5,CONSV,31,89.97726755031697,3768.33,0.9794230019493178,0.35,1318915.5,1.105263157894737,1.05,3.1578947368421053,true,true,true,397796831.7650308,750000,true,500000,500000,true
global-disease-crisis,seed-5,VAP,31,88.27872094143243,5744.7,0.9953996101364522,0.28,1608516.0000000002,1.2941176470588236,1,3.882352941176471,true,true,true,397289987.8801599,750000,true,500000,500000,true
global-disease-crisis,seed-5,MASS,32,81.79338457071648,2078.67,0.1870148448043185,0.25,519667.5,0.7083333333333334,1,2.125,true,true,true,192706952.61821118,750000,true,0,500000,false
global-disease-crisis,seed-5,BAL,32,90.62940865649753,6186.66,0.657805422647528,0.3,1855998,1,1,3,true,true,true,416274301.9506293,750000,true,0,500000,false
global-disease-crisis,seed-5,JPQ,32,88.18882705077574,4894.13,0.9955006356470888,0.33,1615062.9000000001,1.411764705882353,1,4.235294117647059,true,true,true,423954765.9025422,750000,true,500000,500000,true
global-disease-crisis,seed-5,CONSV,32,90.7790861462916,3767.83,0.9792930474333983,0.35,1318740.5,1.105263157894737,1.05,3.1578947368421053,true,true,true,416316053.4611229,750000,true,0,500000,false
global-disease-crisis,seed-5,VAP,32,89.21642326611783,5744.7,0.9953996101364522,0.28,1608516.0000000002,1.2941176470588236,1,3.882352941176471,true,true,true,416628301.60925925,750000,true,500000,500000,true
