scenario,seed,companyId,turn,outstandingTotalTons,overdueTotalTons,healthyForwardTotalTons,outstanding_hoso,outstanding_pd,outstanding_vap,overdue_hoso,overdue_pd,overdue_vap,avgUnitPriceOverdue,avgUnitPriceForward,onTimeDeliveryRate,productionRequirement_hoso,productionRequirement_pd,productionRequirement_vap,actualProduction_hoso,actualProduction_pd,actualProduction_vap,effectiveCapacity_hoso,effectiveCapacity_pd,effectiveCapacity_vap,utilization_hoso,utilization_pd,utilization_vap,commonProcessingCapacity,commonProcessingUtilization,regularWorkers,laborShortfall,forwardCapacityGapTons,forwardCapacityGapRatio,forecastCompletionTurn,newFactoryStatus,lineCapexCodes,cashUsd,severeDistress
baseline,seed-1,JPQ,1,1900,0,1900,0,1900,0,0,0,0,-1,7.005263157894737,-1,4771.23,7232.55,4209.91,4015.62,6783.23,2509.76,8000,8000,5000,0.5019525,0.84790375,0.5019520000000001,30000,0.4436203333333333,5500,2790.77,-1,-1,-1,NOT_CONSIDERED,CAPEX_DEFERRED|CAPEX_DEFERRED,25000000,false
baseline,seed-1,CONSV,1,1400,0,1400,1100,300,0,0,0,0,-1,5.582142857142857,-1,6997.600000000001,6546.8,3259.2,6782.54,5934.73,2128.14,8000,7000,4000,0.8478175,0.8478185714285714,0.5320349999999999,30000,0.494847,4500,1273.83,-1,-1,-1,NOT_CONSIDERED,CAPEX_DEFERRED|CAPEX_DEFERRED|CAPEX_DEFERRED,35000000,false
baseline,seed-1,VAP,1,1650,0,1650,0,450,1200,0,0,0,-1,8.374242424242425,-1,4414.389999999999,5357.759999999999,5698.780000000001,1032.51,5093.06,5093.06,8000,6000,6000,0.12906375,0.8488433333333334,0.8488433333333334,30000,0.3739543333333334,6500,0,-1,-1,-1,NOT_CONSIDERED,CAPEX_DEFERRED|CAPEX_DEFERRED,22000000,false
baseline,seed-1,JPQ,2,1284.48,0,1284.48,755.61,449.32,79.55,0,0,0,-1,5.452158441225616,100,4986.64,5178.117192023859,3812.8128079761404,5694.11,6019.51,3450.73,8000,8000,5000,0.7117637499999999,0.75243875,0.690146,30000,0.5054783333333333,5500,1854.94,-1,-1,-1,NOT_CONSIDERED,CAPEX_DEFERRED|CAPEX_DEFERRED,14494279.701722093,false
baseline,seed-1,CONSV,2,1115.09,0,1115.09,215.06,612.0699999999999,287.96,0,0,0,-1,6.219324203933475,100,5789.861007556675,6516.957909319899,3368.7710831234253,5924.61,5067.59,2959.32,8000,7000,4000,0.7405762499999999,0.7239414285714286,0.73983,30000,0.46505066666666667,4500,2169.45,-1,-1,-1,NOT_CONSIDERED,CAPEX_DEFERRED|CAPEX_DEFERRED|CAPEX_DEFERRED,10878104.155727632,false
baseline,seed-1,VAP,2,3646.58,0,3646.58,3381.8799999999997,264.7,0,0,0,0,-1,4.656061477439135,100,7176.263401131473,4483.168523492993,3866.9294798685764,6507.15,4892.68,0,8000,6000,6000,0.8133937499999999,0.8154466666666668,0,30000,0.3799943333333333,6500,275.74,-1,-1,-1,NOT_CONSIDERED,CAPEX_DEFERRED|CAPEX_DEFERRED,20033387.12761445,false
baseline,seed-1,JPQ,3,0,0,0,0,0,0,0,0,0,-1,-1,100,4355.45753806321,4867.864307247119,3843.059897482761,5574.29,5959.44,3828.41,8000,8000,5000,0.6967862499999999,0.74493,0.765682,30000,0.5120713333333333,5500,1698.95,-1,-1,-1,NOT_CONSIDERED,CAPEX_DEFERRED,31399431.048429664,false
baseline,seed-1,CONSV,3,2314.6099999999997,0,2314.6099999999997,188.05,1791.28,335.28,0,0,0,-1,4.922385692045508,100,5875.901486146095,7815.91216624685,3478.566347607052,6377.51,5519.62,3188.75,8000,7000,4000,0.79718875,0.7885171428571428,0.7971875,30000,0.5028626666666667,5038,1029.79,-1,-1,-1,NOT_CONSIDERED,CAPEX_DEFERRED|CAPEX_DEFERRED|CAPEX_DEFERRED,35401753.643779255,false
baseline,seed-1,VAP,3,3555.04,0,3555.04,1289.11,279.78,1986.15,0,0,0,-1,5.375770006545967,100,5205.483278018656,4633.882650871776,5977.401891425501,6121.9,4599.62,4377.73,8000,6000,6000,0.7652374999999999,0.7666033333333333,0.7296216666666666,30000,0.5033083333333334,6500,0,-1,-1,-1,NOT_CONSIDERED,CAPEX_DEFERRED|CAPEX_DEFERRED|CAPEX_DEFERRED,21896932.056760814,false
baseline,seed-1,JPQ,4,315.76,0,315.76,0,0,315.76,0,0,0,-1,6.576129835886322,100,5273.714059996205,5894.141596262785,4969.037111761358,5537.99,5917.42,4238.66,8000,8000,5000,0.69224875,0.7396775,0.8477319999999999,30000,0.5231356666666667,6029,1544.26,-1,-1,-1,NOT_CONSIDERED,CAPEX_DEFERRED,26427345.465533257,false
baseline,seed-1,CONSV,4,2924.1899999999996,0,2924.1899999999996,0,2518.46,405.73,0,0,0,-1,5.126954684447332,100,5757.777420330312,8617.148110831233,3587.654231738035,4687.66,5933.53,3390.59,8000,7000,4000,0.5859575,0.8476471428571428,0.8476475,30000,0.46705933333333327,5038,2112.63,-1,-1,-1,NOT_CONSIDERED,CAPEX_DEFERRED|CAPEX_PROPOSED|CAPEX_PROPOSED,33315180.779720627,false
baseline,seed-1,VAP,4,2695.1099999999997,0,2695.1099999999997,0,587.92,2107.19,0,0,0,-1,6.175967206417038,100,4082.3904809980045,5126.565630113777,6267.605142362723,5762.51,5089.99,5088.96,8000,6000,6000,0.72031375,0.8483316666666666,0.84816,30000,0.531382,6500,0,-1,-1,-1,NOT_CONSIDERED,CAPEX_DEFERRED|CAPEX_DEFERRED,16480261.547245102,false
baseline,seed-1,JPQ,5,866.62,0,866.62,0,0,866.62,0,0,0,-1,6.565466501672349,100,5351.921443653157,5981.5592605535285,5588.913178297338,5594.19,5843.77,4239.52,8000,8000,5000,0.6992737499999999,0.73047125,0.8479040000000001,30000,0.5225826666666666,6029,1691.4,-1,-1,-1,NOT_CONSIDERED,CAPEX_DEFERRED|CAPEX_DEFERRED,21740648.50750528,false
baseline,seed-1,CONSV,5,4024.1600000000003,0,4024.1600000000003,918.09,2831.73,274.34,0,0,0,-1,4.8354356499280735,100,6710.8255822688225,8967.455923327025,3475.5733610351863,6371.72,5519.62,3188.75,8000,7000,4000,0.796465,0.7885171428571428,0.7971875,30000,0.5026696666666667,5038,1029.79,-1,-1,-1,NOT_CONSIDERED,CAPEX_DEFERRED|CAPEX_DEFERRED|CAPEX_DEFERRED,35544280.65273447,false
baseline,seed-1,VAP,5,1921.21,0,1921.21,0,405.68,1515.53,0,0,0,-1,6.206122329186991,100,4165.273704930844,5036.472029108066,5760.421907043042,4381.61,5090.5,5090.5,8000,6000,6000,0.5477012499999999,0.8484166666666667,0.8484166666666667,30000,0.48542033333333334,6500,0,-1,-1,-1,NOT_CONSIDERED,CAPEX_DEFERRED|CAPEX_DEFERRED,26593052.415835768,false
baseline,seed-1,JPQ,6,1474.2,0,1474.2,0,0,1474.2,0,0,0,-1,6.557000900198202,100,5499.153852678769,6146.113129464505,6326.404390202448,5679.75,5759.78,4246.79,8000,8000,5000,0.70996875,0.7199725,0.849358,30000,0.5228773333333333,6029,1885.46,-1,-1,-1,NOT_CONSIDERED,CAPEX_DEFERRED|CAPEX_DEFERRED,22323262.898848854,false
baseline,seed-1,CONSV,6,4347.679999999999,0,4347.679999999999,443.98,3558.92,344.78,0,0,0,-1,4.982697235354061,100,6317.405499030909,9780.124073114705,3590.620407359187,6389.73,5530.2,3194.86,8000,7000,4000,0.7987162499999999,0.7900285714285714,0.7987150000000001,30000,0.5038263333333334,5038,1029.79,-1,-1,-1,NOT_CONSIDERED,CAPEX_DEFERRED|CAPEX_DEFERRED|CAPEX_DEFERRED,34367608.563269556,false
baseline,seed-1,VAP,6,1146.73,0,1146.73,0,222.93,923.8,0,0,0,-1,6.27844676389193,100,5200.517359254449,6004.685164080218,6223.7414181738795,4959.82,5089.99,5089.99,8000,6000,6000,0.6199775,0.8483316666666666,0.8483316666666666,30000,0.50466,6500,0,-1,-1,-1,NOT_CONSIDERED,CAPEX_DEFERRED|CAPEX_DEFERRED,16734917.983662155,false
baseline,seed-1,JPQ,7,2472.76,0,2472.76,0,401.68,2071.08,0,0,0,-1,6.348877491737959,100,5570.120403666961,6627.118627414337,6985.892120882612,5413.94,6804.43,4254.05,8000,8000,5000,0.6767424999999999,0.85055375,0.8508100000000001,30000,0.5490806666666667,6029,1144.76,-1,-1,-1,NOT_CONSIDERED,CAPEX_DEFERRED|CAPEX_DEFERRED,12900562.509121316,false
baseline,seed-1,CONSV,7,4684.65,0,4684.65,0,4275.53,409.12,0,0,0,-1,5.1744491990346315,100,5897.6,10522.34,3668.31,4703.73,5954.48,3402.56,8000,7000,4000,0.5879662499999999,0.85064,0.85064,30000,0.46869233333333327,5038,2112.63,-1,-1,-1,NOT_CONSIDERED,CAPEX_DEFERRED|CAPEX_DEFERRED|CAPEX_DEFERRED,15595740.196779896,false
baseline,seed-1,VAP,7,2188.08,0,2188.08,0,1040.65,1147.43,0,0,0,-1,5.922195664817736,100,5304.3676378989,6937.852326469207,6553.207117788875,5614.68,5089.99,5089.99,8000,6000,6000,0.701835,0.8483316666666666,0.8483316666666666,30000,0.5264886666666667,6500,0,-1,-1,-1,NOT_CONSIDERED,CAPEX_DEFERRED|CAPEX_DEFERRED,28706354.156752154,false
baseline,seed-1,JPQ,8,2321.16,0,2321.16,0,0,2321.16,0,0,0,-1,6.592750666438476,100,5537.233352955052,6188.672570949765,7206.9541349603405,6156.02,6238.62,4254.05,8000,8000,5000,0.7695025000000001,0.7798275,0.8508100000000001,30000,0.5549563333333333,6029,1031.78,-1,-1,-1,NOT_CONSIDERED,CAPEX_PROPOSED|CAPEX_PROPOSED,35689316.05345653,false
baseline,seed-1,CONSV,8,5908.72,0,5908.72,1145.72,4567.859999999999,195.14,0,0,0,-1,4.8634807143876815,100,7036.571352032311,11119.493228660886,3450.6049640352126,6352.91,5765.37,3178.37,8000,7350,4000,0.79411375,0.7844040816326531,0.7945924999999999,30000,0.5098883333333333,5038,1166.88,-1,-1,-1,NOT_CONSIDERED,CAPEX_DEFERRED|CAPEX_PROPOSED|CAPEX_DEFERRED,33025358.645258438,false
baseline,seed-1,VAP,8,2922.18,0,2922.18,0,1858.3600000000001,1063.82,0,0,0,-1,5.573738459773249,100,5381.620354621573,7841.4594204312725,6548.327802062001,5621.92,5089.99,5089.99,8000,6000,6000,0.70274,0.8483316666666666,0.8483316666666666,30000,0.52673,6500,0,-1,-1,-1,NOT_CONSIDERED,CAPEX_PROPOSED|CAPEX_PROPOSED,36423577.55622792,false
baseline,seed-1,JPQ,9,2793.1500000000005,0,2793.1500000000005,0,0,2793.1500000000005,0,0,0,-1,6.797917172921082,100,5531.953237954843,6182.750358782917,7674.276498640733,6319.85,6806.48,4254.91,8000,8000,5000,0.7899812500000001,0.85081,0.850982,30000,0.5793746666666666,6308,0,-1,-1,-1,NOT_CONSIDERED,CAPEX_DEFERRED|CAPEX_DEFERRED,43160915.71541606,false
baseline,seed-1,CONSV,9,6328.03,0,6328.03,690.42,5361.639999999999,275.97,0,0,0,-1,5.071493180909356,100,6581.295453107687,11913.29116500648,3531.453803033195,6778.18,6222.29,3389.09,8000,7350,4000,0.8472725,0.8465700680272109,0.8472725,30000,0.5463186666666667,5360,73.98,-1,-1,-1,NOT_CONSIDERED,CAPEX_PROPOSED|CAPEX_DEFERRED|CAPEX_DEFERRED,37611047.02243879,false
baseline,seed-1,VAP,9,4128.47,0,4128.47,0,2802.21,1326.26,0,0,0,-1,5.628854134087613,100,5378.266231525464,8781.569883111766,6807.338244114317,5427.97,5089.99,5089.99,8000,6000,6000,0.67849625,0.8483316666666666,0.8483316666666666,30000,0.520265,6500,0,-1,-1,-1,NOT_CONSIDERED,CAPEX_DEFERRED|CAPEX_DEFERRED,31023394.20276156,false
baseline,seed-1,JPQ,10,3144.82,0,3144.82,0,0,3144.82,0,0,0,-1,6.791534058944043,100,5842.612944707802,6529.977437545378,8300.058614811293,5974.08,6808.54,4255.34,8000,8000,5000,0.74676,0.8510675,0.851068,30000,0.567932,6308,0,-1,-1,-1,MONITORING,CAPEX_DEFERRED|CAPEX_DEFERRED,44952597.27191592,false
baseline,seed-1,CONSV,10,5801.25,0,5801.25,0,5698.48,102.77,0,0,0,-1,5.13791553676738,100,5799.744909042706,12148.791953180555,3508.2053951519215,6807.85,6254.71,3616.31,8000,7350,4250,0.85098125,0.8509809523809524,0.8508964705882353,30000,0.5559623333333334,5603,0,-1,-1,-1,NOT_CONSIDERED,CAPEX_DEFERRED|CAPEX_DEFERRED|CAPEX_PROPOSED,37144144.60149951,false
baseline,seed-1,VAP,10,5235.48,0,5235.48,0,3756.6,1478.88,0,0,0,-1,5.60720376971638,100,5360.167019975105,9715.844510442912,6941.530654487534,5360.54,5098.71,5098.71,8000,6000,6000,0.6700675,0.849785,0.849785,30000,0.5185986666666667,6500,0,-1,-1,-1,NOT_CONSIDERED,CAPEX_DEFERRED|CAPEX_DEFERRED,36744642.15866664,false
baseline,seed-1,JPQ,11,3740.7999999999997,0,3740.7999999999997,0,0,3740.7999999999997,0,0,0,-1,6.743675788242114,100,5818.90445764845,6503.478571158544,8875.110749888237,5795.49,6808.54,4255.34,8000,8000,5000,0.72443625,0.8510675,0.851068,30000,0.561979,6308,0,-1,-1,-1,MONITORING,CAPEX_DEFERRED|CAPEX_DEFERRED,48411022.90623592,false
baseline,seed-1,CONSV,11,5905.91,0,5905.91,0,5905.91,0,0,0,0,-1,5.10003411781779,100,7741.991913334824,11646.179032079333,3030.5922952752967,8312.01,6253.46,3430.95,12000,7350,4250,0.6926675,0.8508108843537415,0.8072823529411765,30000,0.5998806666666667,5603,767.56,-1,-1,-1,NOT_CONSIDERED,CAPEX_DEFERRED|CAPEX_DEFERRED,46675485.52781099,false
baseline,seed-1,VAP,11,6325.8,0,6325.8,0,4705.89,1619.91,0,0,0,-1,5.551945198998025,100,5344.36775237745,10647.568344351635,7066.439476817245,5408.51,5106.4,5106.4,8000,6000,6000,0.6760637500000001,0.8510666666666666,0.8510666666666666,30000,0.5207103333333333,6500,0,-1,-1,-1,NOT_CONSIDERED,CAPEX_DEFERRED|CAPEX_DEFERRED,34889625.41474759,false
baseline,seed-1,JPQ,12,4575.46,0,4575.46,0,0,4575.46,0,0,0,-1,6.686258303649357,91.21,5845.444963155295,6818.980458216051,9733.225818344643,5902.94,7106.41,4255.34,8000,8350,5000,0.7378674999999999,0.8510670658682634,0.851068,30000,0.5754896666666667,6308,0,-1,-1,-1,MONITORING,CAPEX_PROPOSED|CAPEX_DEFERRED,47294855.45445902,false
baseline,seed-1,CONSV,12,5411.58,0,5411.58,0,5411.58,0,0,0,0,-1,5.074645194337823,100,8827.764872368229,12268.585082879003,3455.595349393562,9953.73,6551.9,3615.94,12000,7700,4250,0.8294775,0.8508961038961038,0.8508094117647059,30000,0.6707189999999998,6093,0,-1,-1,-1,NOT_CONSIDERED,CAPEX_PROPOSED|CAPEX_DEFERRED|CAPEX_DEFERRED,38463147.882094085,false
baseline,seed-1,VAP,12,7621.16,0,7621.16,0,5647.5,1973.66,0,0,0,-1,5.531297936472313,87.44,5358.555609627551,11952.458969604846,7434.647695210021,5470.69,5403.73,5106.4,8000,6350,6000,0.6838362499999999,0.8509811023622047,0.8510666666666666,30000,0.5326939999999999,6500,0,-1,-1,-1,NOT_CONSIDERED,CAPEX_PROPOSED|CAPEX_DEFERRED|CAPEX_DEFERRED,45673795.30471742,false
baseline,seed-1,JPQ,13,5450.33,320.12,5130.21,0,0,5450.33,0,0,320.12,6.833713543355277,6.8829052791304335,91.07,5856.245320633559,6831.556567789482,10617.598322915623,5987.39,7106.41,4255.34,8000,8350,5000,0.74842375,0.8510670658682634,0.851068,30000,0.5783046666666667,6308,0,-1,-1,-1,MONITORING,CAPEX_DEFERRED|CAPEX_DEFERRED,55945110.951911435,false
baseline,seed-1,CONSV,13,5731.16,0,5731.16,0,5731.16,0,0,0,0,-1,5.24205023641562,100,8828.726437373198,12588.911982714006,3455.981730419114,9429.4,6553.22,3617.03,12000,7700,4250,0.7857833333333333,0.8510675324675325,0.8510658823529412,30000,0.6533216666666666,6296,0,-1,-1,-1,NOT_CONSIDERED,CAPEX_DEFERRED|CAPEX_DEFERRED,35119543.11178687,false
baseline,seed-1,VAP,13,8974.92,243.77,8731.15,0,6629.85,2345.0699999999997,0,243.77,0,5.105496202839992,5.718615988642832,86.61,5361.259888783785,12937.993708848677,7808.820024484633,5452.05,5404.28,5106.4,8000,6350,6000,0.68150625,0.851067716535433,0.8510666666666666,30000,0.532091,6500,0,-1,-1,-1,NOT_CONSIDERED,CAPEX_DEFERRED|CAPEX_DEFERRED|CAPEX_DEFERRED,53354901.59734471,false
baseline,seed-1,JPQ,14,6076.62,1194.99,4881.63,0,0,6076.62,0,0,1194.99,7.059052194117971,6.924854420698648,90.42,5855.95414274845,6831.238257602655,11501.998993839275,5968.16,7105.7,4467.2,8000,8350,5250,0.74602,0.8509820359281437,0.850895238095238,30000,0.584702,6308,0,-1,-1,-1,MONITORING,CAPEX_DEFERRED|CAPEX_PROPOSED|CAPEX_DEFERRED,66748194.039318815,false
baseline,seed-1,CONSV,14,6049.419999999999,0,6049.419999999999,0,6049.419999999999,0,0,0,0,-1,5.277089650700639,100,8824.453397752188,12903.862855638472,3454.3090603043115,8662.16,6553.22,3617.03,12000,7700,4250,0.7218466666666666,0.8510675324675325,0.8510658823529412,30000,0.6277469999999999,6296,0,-1,-1,-1,NOT_CONSIDERED,CAPEX_DEFERRED,43511805.45995732,false
baseline,seed-1,VAP,14,9959.62,1225.57,8734.050000000001,0,7602.639999999999,2356.98,0,1225.57,0,5.272010875117034,5.759053987112689,85.61,5353.792047056548,13901.997984618476,8040.459844706515,5406.07,5404.28,5319.17,8000,6350,6250,0.67575875,0.851067716535433,0.8510672,30000,0.5376506666666666,6500,0,-1,-1,-1,NOT_CONSIDERED,CAPEX_DEFERRED|CAPEX_PROPOSED|CAPEX_DEFERRED,63271723.11975295,false
baseline,seed-1,JPQ,15,6817.770000000001,1609.42,5208.350000000001,0,0,6817.770000000001,0,0,1609.42,7.110824133735294,6.973566262383626,85.77,5864.391768583852,6841.059742084946,12250.947198577855,5941.82,7106.41,4468.1,8000,8350,5250,0.7427275,0.8510670658682634,0.8510666666666667,30000,0.5838776666666667,6505,0,-1,-1,-1,MONITORING,CAPEX_DEFERRED|CAPEX_DEFERRED|CAPEX_DEFERRED,75558742.57339133,false
baseline,seed-1,CONSV,15,6367.6900000000005,0,6367.6900000000005,0,6367.6900000000005,0,0,0,0,-1,5.317847891140094,100,8828.509345716371,13225.255624226062,3455.8928439085707,8582.3,6553.22,3511.27,12000,7700,4250,0.7151916666666666,0.8510675324675325,0.8261811764705882,30000,0.6215596666666667,6296,0,-1,-1,-1,NOT_CONSIDERED,CAPEX_DEFERRED,56097980.665844455,false
baseline,seed-1,VAP,15,11052.100000000002,2198.36,8853.740000000002,0,8576.29,2475.81,0,2198.36,0,5.307690126747129,5.826262028479769,79.48,5353.673089648413,14875.529464780398,8159.182996351768,5404.37,5404.28,5319.17,8000,6350,6250,0.67554625,0.851067716535433,0.8510672,30000,0.537594,6500,0,-1,-1,-1,NOT_CONSIDERED,CAPEX_DEFERRED|CAPEX_DEFERRED|CAPEX_DEFERRED,72102947.51567732,false
baseline,seed-1,JPQ,16,7662.54,2349.67,5312.87,0,0,7662.54,0,0,2349.67,7.104881416669471,6.976175849008961,70.78,5861.761120275837,7124.626652240192,13093.289128059994,5928.21,7404.28,4468.55,8000,8700,5250,0.74102625,0.8510666666666666,0.851152380952381,30000,0.593368,6505,0,-1,-1,-1,MONITORING,CAPEX_PROPOSED|CAPEX_DEFERRED|CAPEX_DEFERRED,87164953.25386968,false
baseline,seed-1,CONSV,16,6685.939999999999,0,6685.939999999999,0,6685.939999999999,0,0,0,0,-1,5.331517044579961,100,8825.986017805326,13853.190694851826,3658.143076767473,8814.85,6851.09,3600.72,12000,8050,4500,0.7345708333333334,0.8510670807453417,0.80016,30000,0.642222,6296,0,-1,-1,-1,NOT_CONSIDERED,CAPEX_PROPOSED|CAPEX_DEFERRED,71821858.00459935,false
baseline,seed-1,VAP,16,12316.520000000002,3172.01,9144.510000000002,0,9550.35,2766.17,0,3172.01,0,5.330191863481509,5.885902285716483,63.36,5336.619596147682,16175.607795873533,8431.41769814384,5403.25,5702.15,5319.17,8000,6700,6250,0.67540625,0.8510671641791044,0.8510672,30000,0.5474856666666666,6500,0,-1,-1,-1,NOT_CONSIDERED,CAPEX_PROPOSED|CAPEX_DEFERRED|CAPEX_DEFERRED,83584593.94449484,false
baseline,seed-1,JPQ,17,8483.6,3193.9900000000002,5289.610000000001,0,0,8483.6,0,0,3193.9900000000002,7.0634137579234935,6.77947467147343,71.33,5854.063084976091,7115.248305982061,13907.217849687888,5926.94,7405.03,4468.55,8000,8700,5250,0.7408674999999999,0.8511528735632183,0.851152380952381,30000,0.5933506666666667,6505,0,-1,-1,-1,MONITORING,CAPEX_DEFERRED|CAPEX_DEFERRED,99467450.36831863,false
baseline,seed-1,CONSV,17,7018.67,0,7018.67,0,7018.67,0,0,0,0,-1,5.181691584327359,88.71,8820.32093233536,14181.312195710052,3655.790912744261,8921.63,6851.78,3644.61,12000,8050,4500,0.7434691666666666,0.8511527950310559,0.8099133333333334,30000,0.6472673333333333,6296,0,-1,-1,-1,NOT_CONSIDERED,CAPEX_DEFERRED|CAPEX_DEFERRED,86721083.60640658,false
baseline,seed-1,VAP,17,13596.309999999998,3848.1999999999994,9748.109999999999,0,10561.999999999998,3034.31,0,3848.1999999999994,0,5.346349285918307,5.72795188752326,62.09,5334.717328305014,17184.901818886945,8697.548076935935,5405.63,5702.15,5319.17,8000,6700,6250,0.67570375,0.8510671641791044,0.8510672,30000,0.5475649999999999,6500,0,-1,-1,-1,NOT_CONSIDERED,CAPEX_DEFERRED|CAPEX_DEFERRED|CAPEX_DEFERRED,95333385.00599043,false
baseline,seed-1,JPQ,18,9265.7,4015.0500000000006,5250.65,0,0,9265.7,0,0,4015.0500000000006,6.81962842960454,6.767138944586001,71.48,6062.393674200038,7368.496908895303,14882.330885190735,6145.67,7405.03,4468.55,8000,8700,5250,0.76820875,0.8511528735632183,0.851152380952381,30000,0.6006416666666666,6505,0,-1,-1,-1,DEFERRED,CAPEX_DEFERRED|CAPEX_DEFERRED|CAPEX_DEFERRED,111243715.8213116,false
baseline,seed-1,CONSV,18,7350.710000000001,166.89,7183.820000000001,0,7350.710000000001,0,0,166.89,0,5.217998251672548,5.173285276069561,88.16,8823.562455089821,14515.984511227547,3657.124464438392,8888.06,6851.78,3626.38,12000,8050,4500,0.7406716666666666,0.8511527950310559,0.8058622222222223,30000,0.6455406666666667,6296,0,-1,-1,-1,NOT_CONSIDERED,CAPEX_DEFERRED|CAPEX_DEFERRED,100894202.07886752,false
baseline,seed-1,VAP,18,14379.480000000001,4859.85,9519.630000000001,0,11580.31,2799.1699999999996,0,4859.85,0,5.190725940278274,5.679619684503388,60.97,5329.677585928408,18196.94942043589,8457.049366752028,5409.08,5702.15,5319.17,8000,6700,6250,0.676135,0.8510671641791044,0.8510672,30000,0.5476800000000001,6500,0,-1,-1,-1,NOT_CONSIDERED,CAPEX_DEFERRED|CAPEX_DEFERRED|CAPEX_DEFERRED,107388293.10305898,false
baseline,seed-1,JPQ,19,10362.8,4797.15,5565.65,0,0,10362.8,0,0,4797.15,6.7793264794734425,6.832191162713316,70.97,6077.330928241007,7386.640268834039,15993.260646816881,6231.57,7403.54,4467.65,8000,8700,5250,0.77894625,0.8509816091954023,0.8509809523809523,30000,0.6034253333333334,6505,0,-1,-1,-1,DEFERRED,CAPEX_DEFERRED|CAPEX_DEFERRED|CAPEX_DEFERRED,122990877.72078648,false
baseline,seed-1,CONSV,19,7682.750000000001,498.93,7183.820000000001,0,7682.750000000001,0,0,498.93,0,5.2097974065539505,5.2270915752800535,88.22,8828.370669065844,14851.919096597701,3659.137296403454,8839.68,6851.78,3637.4,12000,8050,4500,0.7366400000000001,0.8511527950310559,0.8083111111111111,30000,0.6442953333333333,6296,0,-1,-1,-1,NOT_CONSIDERED,CAPEX_DEFERRED|CAPEX_DEFERRED,113948561.19623473,false
baseline,seed-1,VAP,19,15715.82,5878.16,9837.66,0,12616.329999999998,3099.49,0,5878.16,0,5.1781887277632475,5.781319009296152,62.11,5333.316151640781,19237.48378777906,8761.24604873819,5432.31,5702.15,5319.17,8000,6700,6250,0.67903875,0.8510671641791044,0.8510672,30000,0.5484543333333333,6500,0,-1,-1,-1,NOT_CONSIDERED,CAPEX_DEFERRED|CAPEX_DEFERRED|CAPEX_DEFERRED,119856239.88957876,false
baseline,seed-1,JPQ,20,11492.899999999998,5895.15,5597.749999999998,0,0,11492.899999999998,0,0,5895.15,6.840063885818391,6.83464553938692,70.85,6086.035417617991,7694.807101317163,17399.92534004499,6132.45,7626.29,4679.93,8000,9050,5500,0.7665562499999999,0.8426839779005525,0.8508963636363637,30000,0.6146223333333333,6505,121.95,-1,-1,-1,DEFERRED,CAPEX_PROPOSED|CAPEX_PROPOSED|CAPEX_DEFERRED,137534127.02008533,false
baseline,seed-1,CONSV,20,8014.78,830.97,7183.8099999999995,0,8014.78,0,0,830.97,0,5.26435890183809,5.238183715899799,89.76,8830.73203089307,15497.66498136755,3660.1019017287836,8831.87,7148.96,3664.19,12000,8400,4500,0.7359891666666667,0.8510666666666666,0.8142644444444445,30000,0.654834,6296,0,-1,-1,-1,NOT_CONSIDERED,CAPEX_PROPOSED|CAPEX_DEFERRED,129036202.52400675,false
baseline,seed-1,VAP,20,17102.239999999998,6914.179999999999,10188.059999999998,0,13639.56,3462.6799999999994,0,6914.179999999999,0,5.22875059085042,5.8205109107710555,62.27,5315.05599442962,20582.748307912105,9330.73364219172,5406.71,5998.82,5530.82,8000,7050,6500,0.67583875,0.8508964539007092,0.8508953846153846,30000,0.564545,6500,0,-1,-1,-1,NOT_CONSIDERED,CAPEX_PROPOSED|CAPEX_PROPOSED|CAPEX_DEFERRED,133067969.59268458,false
baseline,seed-1,JPQ,21,12623.22,6812.969999999999,5810.25,0,0,12623.22,0,0,6812.969999999999,6.872240122316762,7.129523805907797,70.52,6091.534303252824,7701.762174562428,18535.602032403873,6159.68,7701.38,4680.4,8000,9050,5500,0.7699600000000001,0.8509812154696133,0.8509818181818181,30000,0.6180486666666667,6783,0,-1,-1,-1,DEFERRED,CAPEX_DEFERRED|CAPEX_DEFERRED|CAPEX_DEFERRED,145182845.78566378,false
baseline,seed-1,CONSV,21,8361.99,865.82,7496.17,0,8361.99,0,0,865.82,0,5.2781459465503335,5.464067826351588,89,8833.562035321784,15847.271514141092,3661.2690159941335,8846.44,7149.68,3651.67,12000,8400,4500,0.7372033333333333,0.851152380952381,0.8114822222222222,30000,0.6549263333333334,6296,0,-1,-1,-1,NOT_CONSIDERED,CAPEX_DEFERRED|CAPEX_DEFERRED,140000741.21666977,false
baseline,seed-1,VAP,21,18473.47,7640.74,10832.730000000001,0,14685.029999999999,3788.44,0,7640.74,0,5.2431701833987665,6.0848172092498105,61.49,5316.3339175589235,21629.874512123653,9657.89710248596,5385.41,6000.02,5531.94,8000,7050,6500,0.67317625,0.8510666666666667,0.8510676923076922,30000,0.5639123333333333,6715,0,-1,-1,-1,NOT_CONSIDERED,CAPEX_DEFERRED|CAPEX_DEFERRED|CAPEX_DEFERRED,139884351.87565476,false
baseline,seed-1,JPQ,22,13271.480000000001,7942.82,5328.660000000002,0,0,13271.480000000001,0,0,7942.82,7.097676433208606,6.904799252093954,72.26,6060.585716713431,7662.6300721332855,19153.804197540197,6121.1,7702.93,4681.34,8000,9050,5500,0.7651375,0.8511524861878453,0.8511527272727273,30000,0.6168456666666667,6783,0,-1,-1,-1,DEFERRED,CAPEX_DEFERRED|CAPEX_DEFERRED|CAPEX_DEFERRED,161001305.66569385,false
baseline,seed-1,CONSV,22,8688.88,1212.31,7476.57,0,8688.88,0,0,1212.31,0,5.505278161749255,5.301428292490188,88.55,8832.48294327454,16173.247125616846,3660.8417304937443,8850.4,7149.68,3614.03,12000,8400,4500,0.7375333333333333,0.851152380952381,0.8031177777777778,30000,0.6538036666666667,6296,0,-1,-1,-1,NOT_CONSIDERED,CAPEX_DEFERRED|CAPEX_DEFERRED,157236260.3559495,false
baseline,seed-1,VAP,22,18866.88,8685.01,10181.87,0,15724.61,3142.2699999999995,0,8685.01,0,5.430794026928998,5.8187408149288915,59.34,5308.567048706337,22659.32060244124,9003.170158673478,5373.71,6000.02,5531.94,8000,7050,6500,0.67171375,0.8510666666666667,0.8510676923076922,30000,0.5635223333333332,6715,0,-1,-1,-1,NOT_CONSIDERED,CAPEX_DEFERRED|CAPEX_DEFERRED|CAPEX_DEFERRED,153316806.30317056,false
baseline,seed-1,JPQ,23,14451.03,8590.140000000001,5860.889999999999,0,0,14451.03,0,0,8590.140000000001,7.024254323680039,7.024627831302661,70.35,6063.05119285766,7665.759750512404,20335.766611440322,6130.04,7702.93,4681.34,8000,9050,5500,0.766255,0.8511524861878453,0.8511527272727273,30000,0.6171436666666668,6783,0,-1,-1,-1,DEFERRED,CAPEX_DEFERRED|CAPEX_DEFERRED|CAPEX_DEFERRED,174660698.7065022,false
baseline,seed-1,CONSV,23,9035.36,1539.2,7496.160000000001,0,9035.36,0,0,1539.2,0,5.341381677438281,5.381135408797862,88.77,9143.37430591067,16783.164441219444,3789.688691672755,9154.53,7148.24,3770.85,12000,8400,4500,0.7628775000000001,0.8509809523809524,0.8379666666666666,30000,0.6691206666666666,6296,0,-1,-1,-1,MONITORING,CAPEX_DEFERRED|CAPEX_DEFERRED,173189398.94358152,false
baseline,seed-1,VAP,23,19881.390000000003,9724.59,10156.800000000003,0,16792.850000000002,3088.54,0,9724.59,0,5.3546269879750445,5.915088729520314,60.64,5301.818694162495,23718.74129429536,8941.971787764443,5399.84,6000.02,5531.94,8000,7050,6500,0.67498,0.8510666666666667,0.8510676923076922,30000,0.5643933333333333,6715,0,-1,-1,-1,NOT_CONSIDERED,CAPEX_DEFERRED|CAPEX_DEFERRED|CAPEX_DEFERRED,167030236.29881862,false
baseline,seed-1,JPQ,24,15680.18,9769.689999999999,5910.490000000002,0,0,15680.18,0,0,9769.689999999999,6.990853744939385,7.02949191877429,70.17,6066.842593014633,7967.192543406075,21568.58662728369,6146.7,7999.23,4680.4,8000,9400,5500,0.7683375,0.850981914893617,0.8509818181818181,30000,0.6275443333333334,6783,0,-1,-1,-1,DEFERRED,CAPEX_PROPOSED|CAPEX_DEFERRED|CAPEX_DEFERRED,192080087.92488265,false
baseline,seed-1,CONSV,24,9645.64,1887.12,7758.5199999999995,0,9645.64,0,0,1887.12,0,5.421796334553961,5.397430569789395,88.87,9143.781053819583,17716.618173176426,3789.8531388136066,9263.29,7446.09,3829.42,12000,8750,4500,0.7719408333333334,0.8509817142857143,0.8509822222222222,30000,0.6846266666666667,6578,0,-1,-1,-1,MONITORING,CAPEX_PROPOSED|CAPEX_DEFERRED,188795742.14130992,false
baseline,seed-1,VAP,24,21397.22,10792.83,10604.390000000001,0,17886.050000000003,3511.1700000000005,0,10792.83,0,5.3618254260409834,5.9752407281600215,61.61,5288.227496835464,25137.124402493064,9349.590986818928,5425.34,6297.9,5531.94,8000,7400,6500,0.6781675,0.8510675675675675,0.8510676923076922,30000,0.5751726666666667,6715,0,-1,-1,-1,NOT_CONSIDERED,CAPEX_PROPOSED|CAPEX_DEFERRED|CAPEX_DEFERRED,183030987.75154543,false
baseline,seed-1,JPQ,25,16871.26,10999.78,5871.479999999998,0,0,16871.26,0,0,10999.78,7.035166085788921,7.097140181563672,70.75,6071.645963784331,7973.4974030836065,22764.319126805614,6151.71,7999.23,4680.4,8000,9400,5500,0.7689637500000001,0.850981914893617,0.8509818181818181,30000,0.6277113333333332,6783,0,-1,-1,-1,DEFERRED,CAPEX_DEFERRED|CAPEX_DEFERRED|CAPEX_DEFERRED,207948717.61759856,false
baseline,seed-1,CONSV,25,10281.34,2199.55,8081.79,0,10281.34,0,0,2199.55,0,5.426600111483841,5.445107861012546,61.54,9144.52456568902,18352.974451802787,3790.161304634239,9197.01,7447.58,3811.61,12000,8750,4500,0.7664175,0.851152,0.8470244444444445,30000,0.6818733333333333,6578,0,-1,-1,-1,MONITORING,CAPEX_DEFERRED|CAPEX_DEFERRED,203059189.64958987,false
baseline,seed-1,VAP,25,22902.189999999995,11588.15,11314.039999999995,0,19009.98,3892.2100000000005,0,11588.15,0,5.397573589498563,6.046435483892663,60.41,5289.06789653411,26262.217308392257,9731.568304129543,5422.54,6297.9,5531.94,8000,7400,6500,0.6778175,0.8510675675675675,0.8510676923076922,30000,0.5750793333333333,6715,0,-1,-1,-1,NOT_CONSIDERED,CAPEX_DEFERRED|CAPEX_DEFERRED|CAPEX_DEFERRED,197561544.35144016,false
baseline,seed-1,JPQ,26,17722.320000000007,12190.860000000002,5531.460000000005,0,0,17722.320000000007,0,0,12190.860000000002,7.069834639784591,6.990887374424779,71.96,6088.589921224921,7995.738884925011,23900.437656420458,6159.77,7999.23,4892.65,8000,9400,5750,0.7699712500000001,0.850981914893617,0.8508956521739129,30000,0.635055,6783,0,-1,-1,-1,DEFERRED,CAPEX_DEFERRED|CAPEX_PROPOSED|CAPEX_DEFERRED,225559785.4877914,false
baseline,seed-1,CONSV,26,10904.16,2833.7599999999998,8070.4,0,10904.16,0,0,2833.7599999999998,0,5.471832293168131,5.369348606348484,61.56,9148.172849338049,18979.02351624961,3791.677561990738,9136.75,7447.58,3766.09,12000,8750,4500,0.7613958333333334,0.851152,0.8369088888888889,30000,0.6783473333333334,6578,0,-1,-1,-1,MONITORING,CAPEX_DEFERRED|CAPEX_DEFERRED,220492348.5394413,false
baseline,seed-1,VAP,26,23586.659999999996,12712.08,10874.579999999996,0,20130.629999999997,3456.03,0,12712.08,0,5.429791866177375,5.902930211669894,58.61,5288.644512644822,27382.28474596187,9519.478616669721,5408.47,6297.26,5743.55,8000,7400,6750,0.67605875,0.8509810810810811,0.8508962962962964,30000,0.5816426666666666,6715,0,-1,-1,-1,NOT_CONSIDERED,CAPEX_DEFERRED|CAPEX_PROPOSED|CAPEX_DEFERRED,213927923.27564117,false
baseline,seed-1,JPQ,27,18848.97,12829.670000000002,6019.299999999999,0,0,18848.97,0,0,12829.670000000002,7.072465354332502,7.131298234281608,70.24,6080.3925977486915,7984.973886966664,25018.77969913634,6136.46,8000.03,4893.64,8000,9400,5750,0.7670575000000001,0.8510670212765957,0.8510678260869565,30000,0.6343376666666667,7032,0,-1,-1,-1,DEFERRED,CAPEX_DEFERRED|CAPEX_DEFERRED|CAPEX_DEFERRED,239308035.07555658,false
baseline,seed-1,CONSV,27,11538.369999999999,3456.5799999999995,8081.789999999999,0,11538.369999999999,0,0,3456.5799999999995,0,5.388755331655224,5.471601362129069,61.55,9147.925801646412,19613.026616787407,3791.5710261370946,9134.69,7447.58,3766.08,12000,8750,4500,0.7612241666666667,0.851152,0.8369066666666667,30000,0.6782783333333333,6578,0,-1,-1,-1,MONITORING,CAPEX_DEFERRED|CAPEX_DEFERRED,236868349.86502263,false
baseline,seed-1,VAP,27,24470.58,13833.37,10637.210000000001,0,21231.460000000003,3239.12,0,13833.37,0,5.408143340791274,6.003147627319052,59.62,5285.70464451509,28479.081531410964,9299.218929340776,5388.22,6297.9,5744.7,8000,7400,6750,0.6735275000000001,0.8510675675675675,0.8510666666666666,30000,0.5810273333333333,6930,0,-1,-1,-1,NOT_CONSIDERED,CAPEX_DEFERRED|CAPEX_DEFERRED|CAPEX_DEFERRED,227331282.12834004,false
baseline,seed-1,JPQ,28,20157.280000000002,13955.33,6201.950000000003,0,0,20157.280000000002,0,0,13955.33,7.094168644083294,7.050188353435816,69.61,6082.372220651477,8284.99141454063,26329.09843399842,6135.56,8297.9,4894.13,8000,9750,5750,0.7669450000000001,0.8510666666666666,0.8511530434782609,30000,0.644253,7032,0,-1,-1,-1,DEFERRED,CAPEX_PROPOSED|CAPEX_DEFERRED|CAPEX_DEFERRED,256272466.62424245,false
baseline,seed-1,CONSV,28,12172.6,4090.7899999999995,8081.810000000001,0,12172.6,0,0,4090.7899999999995,0,5.486009712041785,5.4180469365785795,61.57,9148.146309869568,20570.422923606882,3791.672412298389,9153.59,7743.93,3790.87,12000,9100,4500,0.7627991666666667,0.8509813186813188,0.8424155555555556,30000,0.689613,6578,0,-1,-1,-1,MONITORING,CAPEX_PROPOSED|CAPEX_DEFERRED,255865979.65501362,false
baseline,seed-1,VAP,28,26008.90000000001,14933.56,11075.34000000001,0,22342.960000000003,3665.94,0,14933.56,0,5.423424948492358,5.9917334129278546,60.97,5272.536050195924,29914.491052865218,9710.952853259287,5383.45,6595.77,5744.7,8000,7750,6750,0.67293125,0.8510670967741936,0.8510666666666666,30000,0.5907973333333334,6930,0,-1,-1,-1,NOT_CONSIDERED,CAPEX_PROPOSED|CAPEX_DEFERRED|CAPEX_DEFERRED,242818679.54277194,false
baseline,seed-1,JPQ,29,21437.08,15263.150000000001,6173.93,0,0,21437.08,0,0,15263.150000000001,7.084679467539573,7.044003322944874,70.15,6085.669006561761,8289.495569179648,27612.25375728601,6144.06,8298.74,4894.13,8000,9750,5750,0.7680075000000001,0.8511528205128205,0.8511530434782609,30000,0.6445643333333333,7032,0,-1,-1,-1,DEFERRED,CAPEX_DEFERRED|CAPEX_DEFERRED|CAPEX_DEFERRED,270921654.1141745,false
baseline,seed-1,CONSV,29,12833.73,4428.67,8405.06,0,12833.73,0,0,4428.67,0,5.427921829065001,5.431989337821711,60.63,9149.825229044023,21233.103312818093,3792.3624300139177,9164.27,7743.93,3798.94,12000,9100,4500,0.7636891666666668,0.8509813186813188,0.8442088888888889,30000,0.690238,6578,0,-1,-1,-1,MONITORING,CAPEX_DEFERRED|CAPEX_DEFERRED,271153524.74581605,false
baseline,seed-1,VAP,29,27521.26,15747.19,11774.069999999998,0,23484.889999999996,4036.3699999999994,0,15747.19,0,5.445030951776053,6.013654294754531,59.79,5272.745221911302,31056.694906887802,10081.607966643485,5386.78,6595.77,5744.7,8000,7750,6750,0.6733475,0.8510670967741936,0.8510666666666666,30000,0.5909083333333334,6930,0,-1,-1,-1,NOT_CONSIDERED,CAPEX_DEFERRED|CAPEX_DEFERRED|CAPEX_DEFERRED,256850008.1700688,false
baseline,seed-1,JPQ,30,22359.640000000003,16542.95,5816.690000000002,0,0,22359.640000000003,0,0,16542.95,7.078928390256841,7.347338009646706,71.37,6220.940609198452,8473.740333058407,28672.05701212102,6277.47,8297.07,4893.14,8000,9750,5750,0.78468375,0.8509815384615385,0.8509808695652175,30000,0.6489226666666666,7032,0,-1,-1,-1,READY_TO_BUILD,CAPEX_DEFERRED|CAPEX_DEFERRED|CAPEX_DEFERRED,284725374.1125624,false
baseline,seed-1,CONSV,30,13487.29,5089.8,8397.490000000002,0,13487.29,0,0,5089.8,0,5.440231996798439,5.680305640614429,60.64,9151.63193862526,21888.321839386725,3793.111263720171,9161.59,7743.93,3786.92,12000,9100,4500,0.7634658333333334,0.8509813186813188,0.8415377777777778,30000,0.689748,6578,0,-1,-1,-1,MONITORING,CAPEX_DEFERRED|CAPEX_DEFERRED,284796215.1749221,false
baseline,seed-1,VAP,30,28244.390000000003,16889.12,11355.270000000004,0,24625.96,3618.43,0,16889.12,0,5.436438060341901,6.227680070250187,58.07,5273.464123733468,32198.80480294288,9664.48391695353,5389.54,6595.77,5744.7,8000,7750,6750,0.6736925,0.8510670967741936,0.8510666666666666,30000,0.5910003333333333,6930,0,-1,-1,-1,NOT_CONSIDERED,CAPEX_DEFERRED|CAPEX_DEFERRED|CAPEX_DEFERRED,269626462.77339303,false
baseline,seed-1,JPQ,31,23317.23,17466.5,5850.73,0,0,23317.23,0,0,17466.5,7.150320448456676,7.190859917389074,71.68,6197.09440591077,8441.281989818053,29605.470055183912,6298.34,8297.07,4893.14,8000,9750,5750,0.7872925000000001,0.8509815384615385,0.8509808695652175,30000,0.6496183333333333,7032,0,-1,-1,-1,APPROVED,CAPEX_DEFERRED|CAPEX_DEFERRED|CAPEX_DEFERRED,297225108.7056856,false
baseline,seed-1,CONSV,31,14130.65,5743.360000000001,8387.289999999999,0,14130.65,0,0,5743.360000000001,0,5.686638020388528,5.563310677321603,60.67,9149.595019064443,22529.812803844892,3792.2628721944143,9153.08,7743.93,3775.7,12000,9100,4500,0.7627566666666666,0.8509813186813188,0.8390444444444444,30000,0.6890903333333335,6578,0,-1,-1,-1,MONITORING,CAPEX_DEFERRED|CAPEX_DEFERRED,303417681.2232524,false
baseline,seed-1,VAP,31,28885.530000000002,18030.190000000002,10855.34,0,25755.48,3130.0499999999997,0,18030.190000000002,0,5.542782045405569,6.051886203306737,57.94,5268.584284459168,33321.33146869675,9170.524332865069,5381.8,6595.77,5744.7,8000,7750,6750,0.672725,0.8510670967741936,0.8510666666666666,30000,0.5907423333333334,6930,0,-1,-1,-1,NOT_CONSIDERED,CAPEX_DEFERRED|CAPEX_DEFERRED|CAPEX_DEFERRED,287046610.68142056,false
baseline,seed-1,JPQ,32,24774.09,18424.09,6350,0,0,24774.09,0,0,18424.09,7.195202168691376,7.4339058782424345,70.01,6198.667824717254,8746.514510943096,31337.39347818237,6283.89,8594.05,5105.38,8000,10100,6000,0.78548625,0.8508960396039603,0.8508966666666666,30000,0.6661106666666666,7032,0,-1,-1,-1,APPROVED,CAPEX_PROPOSED|CAPEX_PROPOSED|CAPEX_DEFERRED,308260562.5949348,false
baseline,seed-1,CONSV,32,14791.79,6386.72,8405.07,0,14791.79,0,0,6386.72,0,5.56758656060148,5.742467794630544,60.64,9149.95094445852,23514.363951542706,3792.4186777487103,9153.41,8040.97,3791.09,12000,9450,4500,0.7627841666666667,0.8508962962962964,0.8424644444444445,30000,0.6995156666666668,6578,0,-1,-1,-1,MONITORING,CAPEX_PROPOSED|CAPEX_DEFERRED,320243745.2047186,false
baseline,seed-1,VAP,32,30479.000000000004,19159.71,11319.290000000005,0,26913.46,3565.5400000000004,0,19159.71,0,5.59087869086558,6.30772820195531,59.89,5252.179050615335,34796.35016006977,9810.21278654856,5379.25,6892.26,5956.27,8000,8100,7000,0.67240625,0.8508962962962964,0.8508957142857143,30000,0.6075926666666667,6930,0,-1,-1,-1,NOT_CONSIDERED,CAPEX_PROPOSED|CAPEX_PROPOSED|CAPEX_DEFERRED,304262216.9332199,false
baseline,seed-2,JPQ,1,1900,0,1900,0,1900,0,0,0,0,-1,7.005263157894737,-1,4771.23,7232.55,4209.91,4015.62,6783.23,2509.76,8000,8000,5000,0.5019525,0.84790375,0.5019520000000001,30000,0.4436203333333333,5500,2790.77,-1,-1,-1,NOT_CONSIDERED,CAPEX_DEFERRED|CAPEX_DEFERRED,25000000,false
baseline,seed-2,CONSV,1,1400,0,1400,1100,300,0,0,0,0,-1,5.582142857142857,-1,6997.600000000001,6546.8,3259.2,6782.54,5934.73,2128.14,8000,7000,4000,0.8478175,0.8478185714285714,0.5320349999999999,30000,0.494847,4500,1273.83,-1,-1,-1,NOT_CONSIDERED,CAPEX_DEFERRED|CAPEX_DEFERRED|CAPEX_DEFERRED,35000000,false
baseline,seed-2,VAP,1,1650,0,1650,0,450,1200,0,0,0,-1,8.374242424242425,-1,4414.389999999999,5357.759999999999,5698.780000000001,1032.51,5093.06,5093.06,8000,6000,6000,0.12906375,0.8488433333333334,0.8488433333333334,30000,0.3739543333333334,6500,0,-1,-1,-1,NOT_CONSIDERED,CAPEX_DEFERRED|CAPEX_DEFERRED,22000000,false
baseline,seed-2,JPQ,2,1284.48,0,1284.48,755.61,449.32,79.55,0,0,0,-1,5.452158441225616,100,4986.64,5178.117192023859,3812.8128079761404,5694.11,6019.51,3797.33,8000,8000,5000,0.7117637499999999,0.75243875,0.759466,30000,0.5170316666666667,5500,1854.94,-1,-1,-1,NOT_CONSIDERED,CAPEX_DEFERRED|CAPEX_DEFERRED,14494279.701722093,false
baseline,seed-2,CONSV,2,1115.09,0,1115.09,215.06,612.0699999999999,287.96,0,0,0,-1,6.219324203933475,100,5789.861007556675,6516.957909319899,3368.7710831234253,5924.61,5067.59,2959.32,8000,7000,4000,0.7405762499999999,0.7239414285714286,0.73983,30000,0.46505066666666667,4500,2169.45,-1,-1,-1,NOT_CONSIDERED,CAPEX_DEFERRED|CAPEX_DEFERRED|CAPEX_DEFERRED,10878104.155727632,false
baseline,seed-2,VAP,2,3646.58,0,3646.58,3381.8799999999997,264.7,0,0,0,0,-1,4.656061477439135,100,7176.263401131473,4483.168523492993,3866.9294798685764,6507.15,4892.68,0,8000,6000,6000,0.8133937499999999,0.8154466666666668,0,30000,0.3799943333333333,6500,275.74,-1,-1,-1,NOT_CONSIDERED,CAPEX_DEFERRED|CAPEX_DEFERRED,20033387.12761445,false
baseline,seed-2,JPQ,3,0,0,0,0,0,0,0,0,0,-1,-1,100,4361.72,4874.844170496916,3848.5775460835052,5916.97,6399.12,4070.67,8000,8000,5000,0.73962125,0.79989,0.814134,30000,0.5462253333333335,6009,684.17,-1,-1,-1,NOT_CONSIDERED,CAPEX_DEFERRED,30169095.107990433,false
baseline,seed-2,CONSV,3,2330.69,0,2330.69,188.05,1791.28,351.36,0,0,0,-1,5.025022494164529,100,5878.970123730815,7819.163070834089,3496.337856728297,6377.51,5519.62,3188.75,8000,7000,4000,0.79718875,0.7885171428571428,0.7971875,30000,0.5028626666666667,5038,1029.79,-1,-1,-1,NOT_CONSIDERED,CAPEX_DEFERRED|CAPEX_DEFERRED|CAPEX_DEFERRED,34549978.19227211,false
baseline,seed-2,VAP,3,3592.77,0,3592.77,1289.11,279.78,2023.88,0,0,0,-1,5.489695045203081,100,5211.517598890812,4640.581543485694,6021.272529338667,6033.38,4533.08,4311.72,8000,6000,6000,0.7541725,0.7555133333333334,0.71862,30000,0.49593933333333334,6500,0,-1,-1,-1,NOT_CONSIDERED,CAPEX_DEFERRED|CAPEX_DEFERRED|CAPEX_DEFERRED,21336942.761358146,false
baseline,seed-2,JPQ,4,0,0,0,0,0,0,0,0,0,-1,-1,100,5274.662692225739,5895.211244252296,4654.114140199182,5790.04,6508.35,4087.23,8000,8000,5000,0.723755,0.81354375,0.817446,30000,0.5461873333333332,6009,618.17,-1,-1,-1,NOT_CONSIDERED,CAPEX_DEFERRED,25231048.941229116,false
baseline,seed-2,CONSV,4,2940.25,0,2940.25,0,2518.45,421.8,0,0,0,-1,5.2774258642281175,100,5759.819759419721,8619.311718859046,3604.858288100372,4687.66,5933.53,3341,8000,7000,4000,0.5859575,0.8476471428571428,0.83525,30000,0.4654063333333333,5038,2112.63,-1,-1,-1,NOT_CONSIDERED,CAPEX_DEFERRED|CAPEX_PROPOSED|CAPEX_DEFERRED,32460339.571586482,false
baseline,seed-2,VAP,4,2865.3900000000003,0,2865.3900000000003,0,654.46,2210.9300000000003,0,0,0,-1,6.341935415900885,100,4086.3982806064996,5197.571640059657,6375.4482319700855,5823.59,5089.47,5088.96,8000,6000,6000,0.72794875,0.848245,0.84816,30000,0.5334006666666666,6500,0,-1,-1,-1,NOT_CONSIDERED,CAPEX_DEFERRED|CAPEX_DEFERRED,17024937.343622975,false
baseline,seed-2,JPQ,5,438.1,0,438.1,0,0,438.1,0,0,0,-1,6.6578654966964095,100,5352.7570333042395,5982.483601833619,5161.120911739035,4869.86,6021.8,4239.95,8000,8000,5000,0.6087325,0.752725,0.8479899999999999,30000,0.504387,6009,1107.1,-1,-1,-1,NOT_CONSIDERED,CAPEX_DEFERRED,25828833.022373367,false
baseline,seed-2,CONSV,5,4089.790000000001,0,4089.790000000001,918.07,2831.7200000000003,340,0,0,0,-1,4.933004090780355,100,6712.3250115516885,8969.0663069086,3542.0937253436173,6371.72,5519.62,3188.75,8000,7000,4000,0.796465,0.7885171428571428,0.7971875,30000,0.5026696666666667,5038,1029.79,-1,-1,-1,NOT_CONSIDERED,CAPEX_DEFERRED|CAPEX_DEFERRED|CAPEX_PROPOSED,36481250.53076267,false
baseline,seed-2,VAP,5,2091.51,0,2091.51,0,472.74,1618.77,0,0,0,-1,6.249573356576375,100,4168.2268752810505,5106.836246386364,5866.6907723204295,4432.98,5090.5,5090.5,8000,6000,6000,0.5541225,0.8484166666666667,0.8484166666666667,30000,0.48713266666666666,6500,0,-1,-1,-1,NOT_CONSIDERED,CAPEX_DEFERRED|CAPEX_DEFERRED,27971598.764597107,false
baseline,seed-2,JPQ,6,982.55,0,982.55,0,0,982.55,0,0,0,-1,6.634864247612918,100,5494.3127629081455,6140.712305390419,5830.473026095422,5589.28,5785.97,4247.21,8000,8000,5000,0.69866,0.72324625,0.849442,30000,0.5207486666666666,6009,1822.02,-1,-1,-1,NOT_CONSIDERED,CAPEX_DEFERRED,24843576.610146172,false
baseline,seed-2,CONSV,6,4413.29,0,4413.29,443.94,3558.9,410.45,0,0,0,-1,5.033899593974477,100,6318.894658446503,9781.72436730658,3657.1409742469114,6389.73,5530.2,3194.86,8000,7000,4000,0.7987162499999999,0.7900285714285714,0.7987150000000001,30000,0.5038263333333334,5038,1029.79,-1,-1,-1,NOT_CONSIDERED,CAPEX_PROPOSED|CAPEX_DEFERRED|CAPEX_DEFERRED,36018792.971406125,false
baseline,seed-2,VAP,6,1317.03,0,1317.03,0,289.99,1027.04,0,0,0,-1,6.269447486669945,100,5204.094890452182,6075.722539415836,6330.6371385321745,4957.45,5089.99,5089.99,8000,6000,6000,0.61968125,0.8483316666666666,0.8483316666666666,30000,0.504581,6500,0,-1,-1,-1,NOT_CONSIDERED,CAPEX_DEFERRED|CAPEX_DEFERRED,18205202.60521823,false
baseline,seed-2,JPQ,7,1626.5900000000001,0,1626.5900000000001,0,0,1626.5900000000001,0,0,0,-1,6.705188931425068,100,5566.347408330266,6221.20070636786,6538.064241869363,5740.19,5619.2,4253.63,8000,8000,5000,0.7175237499999999,0.7024,0.850726,30000,0.5204340000000001,6009,2193.53,-1,-1,-1,NOT_CONSIDERED,CAPEX_DEFERRED|CAPEX_DEFERRED,12487847.447787575,false
baseline,seed-2,CONSV,7,4750.29,0,4750.29,0,4275.5,474.79,0,0,0,-1,5.211817986526383,100,5897.599999999999,10522.29,3734,4703.73,5954.48,3402.56,8000,7000,4000,0.5879662499999999,0.85064,0.85064,30000,0.46869233333333327,5038,2112.63,-1,-1,-1,NOT_CONSIDERED,CAPEX_DEFERRED|CAPEX_DEFERRED|CAPEX_DEFERRED,10723966.63008459,false
baseline,seed-2,VAP,7,2396.06,0,2396.06,0,1107.71,1288.35,0,0,0,-1,5.962617394657145,100,5307.766302909328,7008.700826800446,6697.590758848204,5595.82,5089.99,5089.99,8000,6000,6000,0.6994775,0.8483316666666666,0.8483316666666666,30000,0.52586,6500,0,-1,-1,-1,NOT_CONSIDERED,CAPEX_DEFERRED|CAPEX_DEFERRED,28760662.795019012,false
baseline,seed-2,JPQ,8,1900.37,0,1900.37,0,0,1900.37,0,0,0,-1,6.573039369929887,100,5538.041792625672,6189.597051421946,6786.88618501984,5693.64,5676.28,4253.63,8000,8000,5000,0.711705,0.7095349999999999,0.850726,30000,0.5207849999999999,6009,2070.49,-1,-1,-1,NOT_CONSIDERED,CAPEX_DEFERRED|CAPEX_PROPOSED,37607882.899332106,false
baseline,seed-2,CONSV,8,5997.870000000001,0,5997.870000000001,1145.67,4567.8099999999995,284.39,0,0,0,-1,4.919529362380235,100,9086.181829079507,10455.280771272872,3209.8343637086004,8842.66,5510.01,3057.83,12000,7350,4000,0.7368883333333334,0.749661224489796,0.7644575,30000,0.58035,5038,2446.69,-1,-1,-1,NOT_CONSIDERED,CAPEX_PROPOSED|CAPEX_DEFERRED,32819569.27156429,false
baseline,seed-2,VAP,8,3167.92,0,3167.92,0,1925.43,1242.49,0,0,0,-1,5.651924184579033,100,5383.379976799062,7910.4690666961715,6728.76588293417,5624.04,5098.71,5098.71,8000,6000,6000,0.703005,0.849785,0.849785,30000,0.527382,6500,0,-1,-1,-1,NOT_CONSIDERED,CAPEX_PROPOSED|CAPEX_PROPOSED,36965431.38744816,false
baseline,seed-2,JPQ,9,2735.29,0,2735.29,0,396.18,2339.1099999999997,0,0,0,-1,6.4953290450306005,100,5529.819177580193,6576.566139648452,7218.362215511936,5009.7,6804.43,4254.05,8000,8000,5000,0.6262125,0.85055375,0.8508100000000001,30000,0.535606,6009,1508.2,-1,-1,-1,NOT_CONSIDERED,CAPEX_DEFERRED|CAPEX_DEFERRED,44545962.32661135,false
baseline,seed-2,CONSV,9,5353.599999999999,0,5353.599999999999,249.59,4949.7699999999995,154.24,0,0,0,-1,5.080731446342688,100,8190.243118279194,10837.338120830125,3079.7327360444706,10088.38,6188.21,3373.48,12000,7350,4000,0.8406983333333332,0.8419333333333333,0.84337,30000,0.6550023333333334,5709,213.46,-1,-1,-1,NOT_CONSIDERED,CAPEX_DEFERRED|CAPEX_DEFERRED,26619482.523348294,false
baseline,seed-2,VAP,9,4330.21,0,4330.21,0,2855.04,1475.17,0,0,0,-1,5.6475334485787805,100,5379.573623989643,8835.883327676096,6957.602290775343,5437.77,5106.4,5106.4,8000,6000,6000,0.67972125,0.8510666666666666,0.8510666666666666,30000,0.5216856666666666,6500,0,-1,-1,-1,NOT_CONSIDERED,CAPEX_DEFERRED|CAPEX_DEFERRED,31229549.460255444,false
baseline,seed-2,JPQ,10,2708.75,0,2708.75,0,0,2708.75,0,0,0,-1,6.674163924514915,100,5847.400479862554,6535.339214092181,7868.221590769087,5767.75,5584.44,4253.63,8000,8000,5000,0.72096875,0.698055,0.850726,30000,0.520194,6009,2269.6,-1,-1,-1,MONITORING,CAPEX_DEFERRED|CAPEX_PROPOSED|CAPEX_DEFERRED,51233764.79606596,false
baseline,seed-2,CONSV,10,4653.530000000001,0,4653.530000000001,0,4653.530000000001,0,0,0,0,-1,5.001654992585486,100,7940.768862841368,10541.191348252389,2925.5490528066216,9534.48,6254.71,3403.93,12000,7350,4000,0.7945399999999999,0.8509809523809524,0.8509825,30000,0.6397706666666666,5991,0,-1,-1,-1,NOT_CONSIDERED,CAPEX_DEFERRED|CAPEX_DEFERRED,32512010.001751885,false
baseline,seed-2,VAP,10,5418.97,0,5418.97,0,3788.8699999999994,1630.1,0,0,0,-1,5.5174989762484765,100,5366.765193013672,9755.450126350494,7099.455250444093,5355.36,5106.4,5106.4,8000,6000,6000,0.6694199999999999,0.8510666666666666,0.8510666666666666,30000,0.5189386666666665,6500,0,-1,-1,-1,NOT_CONSIDERED,CAPEX_DEFERRED|CAPEX_DEFERRED,37303290.42703396,false
baseline,seed-2,JPQ,11,4324.509999999999,0,4324.509999999999,0,907.85,3416.6600000000003,0,0,0,-1,6.440511849022776,100,5829.071686161554,7422.693093781762,8559.960278541346,5038.85,6803.75,4253.63,8000,8000,5000,0.62985625,0.85046875,0.850726,30000,0.5365409999999999,6009,1775.83,-1,-1,-1,MONITORING,CAPEX_DEFERRED|CAPEX_DEFERRED|CAPEX_DEFERRED|CAPEX_DEFERRED,59329045.7963748,false
baseline,seed-2,CONSV,11,4290.79,0,4290.79,0,4290.79,0,0,0,0,-1,5.105658985012172,100,8840.065015430968,10845.232942362303,3460.4301798003767,8657.02,6255.34,3616.67,12000,7350,4250,0.7214183333333334,0.8510666666666666,0.8509811764705882,30000,0.6176343333333333,5991,0,-1,-1,-1,NOT_CONSIDERED,CAPEX_DEFERRED,38116491.99211888,false
baseline,seed-2,VAP,11,6618.67,0,6618.67,0,4730.469999999999,1888.2,0,0,0,-1,5.60024287786379,100,5357.915441712275,10687.201436088497,7348.556027207219,5402.1,5106.4,5106.4,8000,6000,6000,0.6752625000000001,0.8510666666666666,0.8510666666666666,30000,0.5204966666666666,6500,0,-1,-1,-1,NOT_CONSIDERED,CAPEX_DEFERRED|CAPEX_DEFERRED|CAPEX_DEFERRED,37386379.9280809,false
baseline,seed-2,JPQ,12,5615.610000000001,0,5615.610000000001,685.65,742.24,4187.72,0,0,0,-1,6.316878779498248,91.04,6533.545077186628,7278.1099915270315,9347.630316910481,6537.43,6483.55,4068.48,8000,8000,5000,0.8171787500000001,0.81044375,0.813696,30000,0.5696486666666667,6009,777.03,-1,-1,-1,MONITORING,CAPEX_DEFERRED|CAPEX_DEFERRED|CAPEX_DEFERRED|CAPEX_DEFERRED,52288428.79188442,false
baseline,seed-2,CONSV,12,4594.589999999999,0,4594.589999999999,0,4594.589999999999,0,0,0,0,-1,5.180919137170104,100,8846.4,11466.06,3462.9000000000005,8545.29,6551.9,3616.67,12000,7700,4250,0.7121075000000001,0.8508961038961038,0.8509811764705882,30000,0.6237953333333334,5991,0,-1,-1,-1,NOT_CONSIDERED,CAPEX_PROPOSED,31750442.06511966,false
baseline,seed-2,VAP,12,7857.72,0,7857.72,0,5672.06,2185.66,0,0,0,-1,5.669254068303392,87.19,5360.114541225611,11978.859102051327,7648.251316404574,5458.3,5403.73,5106.4,8000,6350,6000,0.6822875,0.8509811023622047,0.8510666666666666,30000,0.532281,6500,0,-1,-1,-1,NOT_CONSIDERED,CAPEX_PROPOSED|CAPEX_DEFERRED|CAPEX_DEFERRED,47265925.86008651,false
baseline,seed-2,JPQ,13,6017.660000000001,119.24,5898.420000000001,87.62,896.83,5033.21,0,0,119.24,6.965416743482471,6.617229405728639,90.62,5930.474776516775,7427.067882617456,10188.671832949994,6807.17,6807.17,4254.48,8000,8000,5000,0.85089625,0.85089625,0.8508959999999999,30000,0.5956273333333333,6370,0,-1,-1,-1,MONITORING,CAPEX_PROPOSED|CAPEX_DEFERRED|CAPEX_DEFERRED|CAPEX_DEFERRED,62931715.253098026,false
baseline,seed-2,CONSV,13,4914.16,0,4914.16,0,4914.16,0,0,0,0,-1,5.259994029039226,100,8838.920656424758,11779.830387073791,3459.9722306399544,8798.61,6553.22,3573.45,12000,7700,4250,0.7332175000000001,0.8510675324675325,0.8408117647058823,30000,0.6308426666666668,6163,0,-1,-1,-1,NOT_CONSIDERED,CAPEX_DEFERRED,43830111.91643289,false
baseline,seed-2,VAP,13,9005.129999999997,268.33,8736.799999999997,0,6649.179999999999,2355.95,0,268.33,0,5.20296882365699,5.736093948791162,86.17,5359.044327416929,12954.732795057535,7817.442622244873,5441.72,5404.28,5106.4,8000,6350,6000,0.680215,0.851067716535433,0.8510666666666666,30000,0.5317466666666667,6500,0,-1,-1,-1,NOT_CONSIDERED,CAPEX_DEFERRED|CAPEX_DEFERRED|CAPEX_DEFERRED,55848570.639946185,false
baseline,seed-2,JPQ,14,6367.95,778.73,5589.219999999999,0,727.79,5640.16,0,0,778.73,7.077522424014595,6.785584931282512,90.07,5839.312485958503,7539.60517255352,11050.111129174758,6807.85,7105.7,4467.2,8000,8350,5250,0.85098125,0.8509820359281437,0.850895238095238,30000,0.6126916666666666,6664,0,-1,-1,-1,MONITORING,CAPEX_DEFERRED|CAPEX_PROPOSED|CAPEX_PROPOSED|CAPEX_DEFERRED,67748643.21353263,false
baseline,seed-2,CONSV,14,5232.42,0,5232.42,0,5232.42,0,0,0,0,-1,5.330085635808276,100,8828.499475973373,12089.98570968606,3455.8829072112308,8924.95,6553.22,3355.47,12000,7700,4250,0.7437458333333334,0.8510675324675325,0.7895223529411765,30000,0.6277880000000001,6163,0,-1,-1,-1,NOT_CONSIDERED,CAPEX_DEFERRED,55999525.10259782,false
baseline,seed-2,VAP,14,10102.06,1244.9,8857.16,0,7629.34,2472.72,0,1244.9,0,5.282515203981535,5.83295166088228,85.45,5353.188643928993,13927.988920827345,8155.561489960643,5414.56,5404.28,5319.17,8000,6350,6250,0.6768200000000001,0.851067716535433,0.8510672,30000,0.5379336666666666,6500,0,-1,-1,-1,NOT_CONSIDERED,CAPEX_DEFERRED|CAPEX_PROPOSED|CAPEX_DEFERRED,65921979.93803567,false
baseline,seed-2,JPQ,15,6928.23,1172.96,5755.2699999999995,0,550.65,6377.58,0,0,1172.96,7.183408986686559,6.778862451449451,87.65,8262.051493390753,6976.015046208055,11480.611804741347,7511.44,7104.27,4466.76,12000,8350,5250,0.6259533333333333,0.8508107784431138,0.8508114285714287,30000,0.6360823333333334,6664,1446.24,-1,-1,-1,NOT_CONSIDERED,CAPEX_DEFERRED|CAPEX_DEFERRED|CAPEX_DEFERRED,75961660.3765363,false
baseline,seed-2,CONSV,15,5550.67,0,5550.67,0,5550.67,0,0,0,0,-1,5.287853884133153,100,8822.028358309744,12403.219220423929,3453.359784996249,8884.33,6553.22,3323.44,12000,7700,4250,0.7403608333333334,0.8510675324675325,0.7819858823529412,30000,0.6253663333333332,6163,0,-1,-1,-1,NOT_CONSIDERED,CAPEX_DEFERRED,70393800.27560674,false
baseline,seed-2,VAP,15,11139.95,2225.06,8914.890000000001,0,8605.05,2534.9,0,2225.06,0,5.35601934464841,5.793578725088714,79.34,5349.267066792643,14899.117896604057,8213.589624657387,5408.91,5404.28,5319.17,8000,6350,6250,0.67611375,0.851067716535433,0.8510672,30000,0.5377453333333333,6500,0,-1,-1,-1,NOT_CONSIDERED,CAPEX_DEFERRED|CAPEX_DEFERRED|CAPEX_DEFERRED,75695651.759386,false
baseline,seed-2,JPQ,16,6989.7699999999995,1910.82,5078.95,0,0,6989.7699999999995,0,0,1910.82,7.108828600364524,6.830007022390784,74.63,8278.26323225116,6437.972851944345,12102.81493756689,10098.2,7104.98,4467.2,12000,8350,5250,0.8415166666666667,0.8508958083832335,0.850895238095238,30000,0.722346,7295,0,-1,-1,-1,NOT_CONSIDERED,CAPEX_DEFERRED|CAPEX_DEFERRED|CAPEX_DEFERRED,78279554.3717516,false
baseline,seed-2,CONSV,16,5868.93,0,5868.93,0,5868.93,0,0,0,0,-1,5.222224847712464,100,8822.127572181991,13033.029325637175,3453.388649443083,8833.41,6851.09,3451.13,12000,8050,4250,0.7361175,0.8510670807453417,0.8120305882352942,30000,0.6378543333333334,6163,0,-1,-1,-1,NOT_CONSIDERED,CAPEX_PROPOSED,86734770.62944476,false
baseline,seed-2,VAP,16,12486.79,3200.77,9286.02,0,9593.76,2893.0299999999997,0,3200.77,0,5.296899784344308,5.777931308002862,63.48,5334.5427654958285,16216.444378868578,8556.072131405355,5416.61,5702.15,5319.17,8000,6700,6250,0.6770762499999999,0.8510671641791044,0.8510672,30000,0.5479310000000001,6500,0,-1,-1,-1,NOT_CONSIDERED,CAPEX_PROPOSED|CAPEX_DEFERRED|CAPEX_DEFERRED,88183523.3312043,false
baseline,seed-2,JPQ,17,7649.06,2522.57,5126.49,0,0,7649.06,0,0,2522.57,6.9676543609736035,6.82499452403739,74.45,8310.882775902859,6463.348633190826,12782.258410224042,9353.37,7106.41,4468.1,12000,8350,5250,0.7794475000000001,0.8510670658682634,0.8510666666666667,30000,0.6975959999999999,7500,0,-1,-1,-1,NOT_CONSIDERED,CAPEX_DEFERRED|CAPEX_DEFERRED|CAPEX_DEFERRED,87505578.93211551,false
baseline,seed-2,CONSV,17,6201.650000000001,0,6201.650000000001,0,6201.650000000001,0,0,0,0,-1,5.217409911573306,100,8829.175825250255,13371.482912478443,3456.1576421209884,8835.62,6851.78,3510.08,12000,8050,4250,0.7363016666666667,0.8511527950310559,0.8259011764705882,30000,0.6399160000000002,6163,0,-1,-1,-1,NOT_CONSIDERED,CAPEX_DEFERRED,100035505.31295702,false
baseline,seed-2,VAP,17,13881.279999999999,3891.61,9989.669999999998,0,10612.69,3268.59,0,3891.61,0,5.233924862772897,5.789874058073765,62.3,5338.702190913225,17240.537562792702,8936.07402076754,5420.64,5702.15,5319.17,8000,6700,6250,0.6775800000000001,0.8510671641791044,0.8510672,30000,0.5480653333333333,6500,0,-1,-1,-1,NOT_CONSIDERED,CAPEX_DEFERRED|CAPEX_DEFERRED|CAPEX_DEFERRED,98440379.93028617,false
baseline,seed-2,JPQ,18,8162.209999999999,3180.9599999999996,4981.25,0,0,8162.209999999999,0,0,3180.9599999999996,6.908754852111231,6.784316920403908,75,8331.71232378734,6751.13748589239,13308.287437832108,8170.39,7404.28,4468.1,12000,8700,5250,0.6808658333333334,0.8510666666666666,0.8510666666666667,30000,0.6680923333333334,7500,0,-1,-1,-1,NOT_CONSIDERED,CAPEX_PROPOSED|CAPEX_DEFERRED|CAPEX_DEFERRED,96627037.93796736,false
baseline,seed-2,CONSV,18,6533.69,0,6533.69,0,6533.69,0,0,0,0,-1,5.185291766648858,100,8834.531334831156,13707.863805395267,3458.2601196078585,8852.45,6851.78,3443.22,12000,8050,4250,0.7377041666666667,0.8511527950310559,0.8101694117647058,30000,0.6382483333333333,6163,0,-1,-1,-1,NOT_CONSIDERED,CAPEX_DEFERRED|CAPEX_DEFERRED,113733748.4892563,false
baseline,seed-2,VAP,18,14866.219999999998,4910.54,9955.679999999997,0,11616.970000000001,3249.25,0,4910.54,0,5.2238627990957305,5.744494191575529,61.48,5336.256658065027,18241.768620970855,8914.109029249985,5401.05,5702.15,5319.17,8000,6700,6250,0.6751312500000001,0.8510671641791044,0.8510672,30000,0.5474123333333334,6500,0,-1,-1,-1,NOT_CONSIDERED,CAPEX_DEFERRED|CAPEX_DEFERRED|CAPEX_DEFERRED,109970600.71134852,false
baseline,seed-2,JPQ,19,8766.190000000002,3694.11,5072.080000000002,0,0,8766.190000000002,0,0,3694.11,6.831647425144576,6.972848556254625,75,8352.163065787612,6767.698664463956,13924.878952398234,8011.94,7404.28,4468.1,12000,8700,5250,0.6676616666666666,0.8510666666666666,0.8510666666666667,30000,0.6628106666666667,7500,0,-1,-1,-1,NOT_CONSIDERED,CAPEX_DEFERRED|CAPEX_DEFERRED,107020368.83197185,false
baseline,seed-2,CONSV,19,6865.7300000000005,0,6865.7300000000005,0,6865.7300000000005,0,0,0,0,-1,5.326789642927204,87.54,8839.613399531601,14044.05697043168,3460.2473145812005,8857.36,6851.78,3425.16,12000,8050,4250,0.7381133333333334,0.8511527950310559,0.80592,30000,0.63781,6163,0,-1,-1,-1,NOT_CONSIDERED,CAPEX_DEFERRED|CAPEX_DEFERRED,126046558.02676609,false
baseline,seed-2,VAP,19,16194.050000000001,5914.82,10279.230000000001,0,12629.89,3564.16,0,5914.82,0,5.1881716504570825,5.941158555776569,62.19,5341.679347094839,19261.420038492375,9234.779003606493,5407.51,5702.15,5319.17,8000,6700,6250,0.67593875,0.8510671641791044,0.8510672,30000,0.5476276666666667,6500,0,-1,-1,-1,NOT_CONSIDERED,CAPEX_DEFERRED|CAPEX_DEFERRED|CAPEX_DEFERRED,121619418.91645162,false
baseline,seed-2,JPQ,20,9398.099999999999,4298.09,5100.009999999998,0,0,9398.099999999999,0,0,4298.09,6.997868849114383,6.995510966652163,74.9,8842.477681448656,7165.012343053827,15119.708468092493,8834.97,7379.43,4680.87,12000,8700,5500,0.7362474999999999,0.8482103448275863,0.8510672727272727,30000,0.696509,7500,0,-1,-1,-1,MONITORING,CAPEX_PROPOSED|CAPEX_DEFERRED,120711108.03666504,false
baseline,seed-2,CONSV,20,7197.78,13.95,7183.83,0,7197.78,0,0,13.95,0,5.36224976009128,5.3538102818469895,89.15,8839.303363853502,14687.926534633756,3460.122040455811,8847.84,7148.96,3452.92,12000,8400,4250,0.73732,0.8510666666666666,0.8124517647058823,30000,0.648324,6163,0,-1,-1,-1,NOT_CONSIDERED,CAPEX_PROPOSED|CAPEX_DEFERRED,140963422.41816926,false
baseline,seed-2,VAP,20,17510.6,6927.74,10582.859999999999,0,13623.789999999999,3886.81,0,6927.74,0,5.324643859739219,5.992051189934832,62.24,5321.920309428732,20575.95407082384,9762.452572245622,5375.75,5998.82,5530.82,8000,7050,6500,0.67196875,0.8508964539007092,0.8508953846153846,30000,0.5635129999999999,6500,0,-1,-1,-1,NOT_CONSIDERED,CAPEX_PROPOSED|CAPEX_PROPOSED|CAPEX_DEFERRED,134987378.4605276,false
baseline,seed-2,JPQ,21,10316.949999999999,4717.23,5599.719999999999,0,0,10316.949999999999,0,0,4717.23,7.005263286980831,7.114646658831018,74.2,8847.052879349254,7168.711708487026,16041.518300927864,9187.58,7203.93,4681.34,12000,8700,5500,0.7656316666666667,0.8280379310344828,0.8511527272727273,30000,0.7024283333333334,7500,0,-1,-1,-1,MONITORING,CAPEX_DEFERRED|CAPEX_DEFERRED,128742714.46748126,false
baseline,seed-2,CONSV,21,7544.98,48.82,7496.16,0,7544.98,0,0,48.82,0,5.393352070582603,5.446385470511043,88.36,8837.253559693037,15033.39958497967,3459.319650011419,8841.06,7149.68,3453.77,12000,8400,4250,0.7367549999999999,0.851152380952381,0.8126517647058823,30000,0.6481503333333333,6163,0,-1,-1,-1,NOT_CONSIDERED,CAPEX_DEFERRED|CAPEX_DEFERRED,154010605.00436187,false
baseline,seed-2,VAP,21,18820.969999999998,7624.97,11195.999999999996,0,14643.899999999998,4177.07,0,7624.97,0,5.356707218761801,6.102614529455508,61.46,5320.855821737673,21594.65552073579,10051.522227903295,5361.46,6000.02,5531.94,8000,7050,6500,0.6701825,0.8510666666666667,0.8510676923076922,30000,0.5631139999999999,6711,0,-1,-1,-1,NOT_CONSIDERED,CAPEX_DEFERRED|CAPEX_DEFERRED|CAPEX_DEFERRED,143501762.55946147,false
baseline,seed-2,JPQ,22,11020.789999999999,5635.61,5385.179999999999,0,0,11020.789999999999,0,0,5635.61,7.115334494936094,7.053213915716296,74.96,8830.181713901326,7442.888843009849,16734.43174412055,9017.33,7427.15,4681.34,12000,9050,5500,0.7514441666666667,0.8206795580110496,0.8511527272727273,30000,0.704194,7500,0,-1,-1,-1,MONITORING,CAPEX_DEFERRED|CAPEX_DEFERRED,145589645.09410122,false
baseline,seed-2,CONSV,22,7891.47,395.3,7496.17,0,7891.47,0,0,395.3,0,5.486172362813786,5.401336328419534,87.87,8837.780642081481,15380.316238033447,3459.535965281965,8844.53,7149.68,3424.83,12000,8400,4250,0.7370441666666667,0.851152380952381,0.8058423529411765,30000,0.6473013333333334,6163,0,-1,-1,-1,NOT_CONSIDERED,CAPEX_DEFERRED|CAPEX_DEFERRED,170127201.90969914,false
baseline,seed-2,VAP,22,19357.239999999998,8643.88,10713.359999999999,0,15666.749999999998,3690.4900000000002,0,8643.88,0,5.438243192956701,5.990260781484537,59.74,5312.009890077321,22605.955584815245,9555.192514113227,5362.21,6000.02,5531.94,8000,7050,6500,0.67027625,0.8510666666666667,0.8510676923076922,30000,0.563139,6711,0,-1,-1,-1,NOT_CONSIDERED,CAPEX_DEFERRED|CAPEX_DEFERRED|CAPEX_DEFERRED,156847566.503803,false
baseline,seed-2,JPQ,23,11986.810000000001,6339.450000000001,5647.360000000001,0,0,11986.810000000001,0,0,6339.450000000001,7.097112688315022,6.861815877741075,74.41,8832.001187808788,7444.414106894223,17701.62263509909,8852.08,7588.31,4681.34,12000,9050,5500,0.7376733333333333,0.8384872928176796,0.8511527272727273,30000,0.7040576666666667,7500,0,-1,-1,-1,MONITORING,CAPEX_DEFERRED|CAPEX_DEFERRED,163621905.94397748,false
baseline,seed-2,CONSV,23,8237.939999999999,741.79,7496.149999999999,0,8237.939999999999,0,0,741.79,0,5.440534015640274,5.250749778500514,88.02,9148.028883372863,15989.698573322781,3580.9718983681423,9153.69,7148.24,3563.8,12000,8400,4250,0.7628075000000001,0.8509809523809524,0.8385411764705882,30000,0.662191,6163,0,-1,-1,-1,MONITORING,CAPEX_DEFERRED|CAPEX_DEFERRED,188162853.07412392,false
baseline,seed-2,VAP,23,20225.41,9666.73,10558.68,0,16722.289999999997,3503.1199999999994,0,9666.73,0,5.423739336396849,5.811423018681859,60.36,5302.13789400239,23648.594064604906,9356.897984561867,5391.34,6000.02,5531.94,8000,7050,6500,0.6739175000000001,0.8510666666666667,0.8510676923076922,30000,0.56411,6711,0,-1,-1,-1,NOT_CONSIDERED,CAPEX_DEFERRED|CAPEX_DEFERRED|CAPEX_DEFERRED,172760502.1988808,false
baseline,seed-2,JPQ,24,13052.8,7305.47,5747.329999999999,0,0,13052.8,0,0,7305.47,6.957920460381385,6.998230837331414,74.07,8841.009325210463,7452.015349124932,18773.45776270461,8860.23,7574.23,4681.34,12000,9050,5500,0.7383525,0.8369314917127071,0.8511527272727273,30000,0.7038599999999999,7500,0,-1,-1,-1,MONITORING,CAPEX_DEFERRED|CAPEX_DEFERRED,180706929.049219,false
baseline,seed-2,CONSV,24,8848.23,1089.7,7758.53,0,8848.23,0,0,1089.7,0,5.289177914179038,5.364642579947479,89.96,9148.480021590429,16923.374641284045,3581.1584870044494,9265.08,7446.09,3616.67,12000,8750,4250,0.7720899999999999,0.8509817142857143,0.8509811764705882,30000,0.6775946666666666,6433,0,-1,-1,-1,MONITORING,CAPEX_PROPOSED|CAPEX_DEFERRED,202666225.58495465,false
baseline,seed-2,VAP,24,21766.95,10722.27,11044.68,0,17814.309999999998,3952.6400000000003,0,10722.27,0,5.310954075719273,5.983643748691693,61.67,5289.419678552047,25067.027182510985,9792.389622572493,5426.32,6297.9,5531.94,8000,7400,6500,0.67829,0.8510675675675675,0.8510676923076922,30000,0.5752053333333333,6711,0,-1,-1,-1,NOT_CONSIDERED,CAPEX_PROPOSED|CAPEX_DEFERRED|CAPEX_DEFERRED,188713664.05338413,false
baseline,seed-2,JPQ,25,14045.76,8371.460000000001,5674.299999999999,0,0,14045.76,0,0,8371.460000000001,6.99818037147181,6.956479332111191,74.31,8847.481668566774,7457.469274843041,19770.602247997198,8918.15,7506.21,4681.34,12000,9050,5500,0.7431791666666666,0.8294154696132596,0.8511527272727273,30000,0.7035233333333334,7500,0,-1,-1,-1,MONITORING,CAPEX_DEFERRED|CAPEX_DEFERRED,201027135.7368216,false
baseline,seed-2,CONSV,25,9483.94,1402.14,8081.8,0,9483.94,0,0,1402.14,0,5.406974953535675,5.331250972272103,89.12,9148.661833313134,17559.235130182304,3581.2096729975774,9197.36,7447.58,3602.21,12000,8750,4250,0.7664466666666667,0.851152,0.8475788235294117,30000,0.6749050000000001,6433,0,-1,-1,-1,MONITORING,CAPEX_DEFERRED|CAPEX_DEFERRED,217092884.11067498,false
baseline,seed-2,VAP,25,23254.219999999998,11516.409999999998,11737.81,0,18933.6,4320.62,0,11516.409999999998,0,5.3276432520747425,5.958334502252174,60.39,5290.3750942320985,26187.629348441595,10161.415555996446,5422.59,6297.9,5531.94,8000,7400,6500,0.6778237500000001,0.8510675675675675,0.8510676923076922,30000,0.5750810000000001,6711,0,-1,-1,-1,NOT_CONSIDERED,CAPEX_DEFERRED|CAPEX_DEFERRED|CAPEX_DEFERRED,203878259.85334173,false
baseline,seed-2,JPQ,26,14885.089999999998,9364.42,5520.669999999998,0,0,14885.089999999998,0,0,9364.42,6.995649774982578,7.0772733282521925,74.83,8861.402298339417,7469.204421456066,20879.560711764174,8941.36,7494.08,4892.65,12000,9050,5750,0.7451133333333334,0.828075138121547,0.8508956521739129,30000,0.7109363333333335,7500,0,-1,-1,-1,MONITORING,CAPEX_PROPOSED|CAPEX_DEFERRED,218809322.590316,false
baseline,seed-2,CONSV,26,10118.150000000001,2036.36,8081.790000000002,0,10118.150000000001,0,0,2036.36,0,5.3724340245783,5.420810478243682,87.14,9150.525132604917,18195.099811892767,3581.9490485788892,9134.47,7447.58,3557.11,12000,8750,4250,0.7612058333333332,0.851152,0.8369670588235294,30000,0.6713053333333333,6433,0,-1,-1,-1,MONITORING,CAPEX_DEFERRED|CAPEX_DEFERRED,231491777.5226751,false
baseline,seed-2,VAP,26,24016.6,12635.699999999999,11380.9,0,20049.19,3967.4100000000003,0,12635.699999999999,0,5.349825888244313,6.013770760469329,58.81,5288.255393518509,27300.340555938215,10030.459422202668,5402.79,6297.26,5743.55,8000,7400,6750,0.6753487499999999,0.8509810810810811,0.8508962962962964,30000,0.5814533333333333,6711,0,-1,-1,-1,NOT_CONSIDERED,CAPEX_DEFERRED|CAPEX_PROPOSED|CAPEX_DEFERRED,218857310.7134306,false
baseline,seed-2,JPQ,27,15849.119999999999,9992.439999999999,5856.68,0,0,15849.119999999999,0,0,9992.439999999999,7.03572005232361,7.18470619587529,73.71,9157.042009079405,7718.402899909082,22043.59251811482,9211.58,7701.38,4893.64,12000,9050,5750,0.7676316666666667,0.8509812154696133,0.8510678260869565,30000,0.7268866666666666,7809,0,-1,-1,-1,DEFERRED,CAPEX_DEFERRED|CAPEX_DEFERRED,234461608.2989139,false
baseline,seed-2,CONSV,27,10752.369999999999,2670.5699999999997,8081.799999999999,0,10752.369999999999,0,0,2670.5699999999997,0,5.447010846862304,5.504051432592469,61.17,9150.649842038274,18829.429889928695,3581.9978657592906,9134.13,7447.58,3560.18,12000,8750,4250,0.7611775,0.851152,0.8376894117647058,30000,0.6713963333333333,6433,0,-1,-1,-1,MONITORING,CAPEX_DEFERRED|CAPEX_DEFERRED,247078514.263682,false
baseline,seed-2,VAP,27,24842.050000000003,13751.930000000002,11090.12,0,21151.380000000005,3690.67,0,13751.930000000002,0,5.383315527785692,6.085056507306471,59.48,5286.548374867985,28400.161754989957,9751.734987594209,5388.38,6297.9,5744.7,8000,7400,6750,0.6735475,0.8510675675675675,0.8510666666666666,30000,0.5810326666666666,6928,0,-1,-1,-1,NOT_CONSIDERED,CAPEX_DEFERRED|CAPEX_DEFERRED|CAPEX_DEFERRED,231132278.53238714,false
baseline,seed-2,JPQ,28,17126.14,10955.48,6170.66,0,0,17126.14,0,0,10955.48,7.138878480839168,7.076872711378939,73.34,9153.233338382262,7715.184224127523,23318.01940483415,9303.87,7702.93,4894.13,12000,9050,5750,0.7753225,0.8511524861878453,0.8511530434782609,30000,0.7300310000000001,7809,0,-1,-1,-1,DEFERRED,CAPEX_DEFERRED|CAPEX_DEFERRED,250957500.5988097,false
baseline,seed-2,CONSV,28,11386.59,3304.7900000000004,8081.799999999999,0,11386.59,0,0,3304.7900000000004,0,5.527501201415642,5.438677569136552,61.17,9149.947329882081,19786.075399168927,3581.722869219417,9153.27,7743.93,3577.52,12000,9100,4250,0.7627725000000001,0.8509813186813188,0.8417694117647059,30000,0.6824906666666667,6433,0,-1,-1,-1,MONITORING,CAPEX_PROPOSED|CAPEX_DEFERRED,265904599.5380252,false
baseline,seed-2,VAP,28,26355.81,14853.480000000001,11502.33,0,22259.620000000003,4096.1900000000005,0,14853.480000000001,0,5.464651699594614,6.05372224530472,60.93,5272.496722052044,29831.073984517097,10141.147477909872,5382.25,6595.77,5744.7,8000,7750,6750,0.67278125,0.8510670967741936,0.8510666666666666,30000,0.5907573333333334,6928,0,-1,-1,-1,NOT_CONSIDERED,CAPEX_PROPOSED|CAPEX_DEFERRED|CAPEX_DEFERRED,246860369.56498677,false
baseline,seed-2,JPQ,29,18404.440000000002,12232.01,6172.430000000002,0,0,18404.440000000002,0,0,12232.01,7.132604583243733,7.289446029764175,73.34,9157.468664106791,7718.752583101275,24599.191196657466,9248.45,7702.93,4894.13,12000,9050,5750,0.7707041666666667,0.8511524861878453,0.8511530434782609,30000,0.7281836666666668,7809,0,-1,-1,-1,DEFERRED,CAPEX_DEFERRED|CAPEX_DEFERRED,266493428.423716,false
baseline,seed-2,CONSV,29,12047.720000000001,3642.6600000000003,8405.060000000001,0,12047.720000000001,0,0,3642.6600000000003,0,5.455400295403754,5.611514252033934,60.25,9151.910324620274,20449.018207985275,3582.4973611461273,9164.62,7743.93,3590.87,12000,9100,4250,0.7637183333333334,0.8509813186813188,0.8449105882352941,30000,0.6833140000000001,6433,0,-1,-1,-1,MONITORING,CAPEX_DEFERRED|CAPEX_DEFERRED,279320560.46519804,false
baseline,seed-2,VAP,29,27889.57,15663.849999999999,12225.720000000001,0,23401.73,4487.84,0,15663.849999999999,0,5.47313195471044,6.255456666574154,59.83,5273.283004569745,30974.306864391016,10533.692868877293,5387.01,6595.77,5744.7,8000,7750,6750,0.67337625,0.8510670967741936,0.8510666666666666,30000,0.590916,6928,0,-1,-1,-1,NOT_CONSIDERED,CAPEX_DEFERRED|CAPEX_DEFERRED|CAPEX_DEFERRED,258883246.91544473,false
baseline,seed-2,JPQ,30,19232.309999999998,13510.31,5721.999999999998,0,0,19232.309999999998,0,0,13510.31,7.2050179909069945,7.124856166767688,74.79,9131.571445031355,7696.925594453477,25409.555629697083,9166.74,7702.93,4894.13,12000,9050,5750,0.763895,0.8511524861878453,0.8511530434782609,30000,0.72546,7809,0,-1,-1,-1,DEFERRED,CAPEX_DEFERRED|CAPEX_DEFERRED,287740160.69870925,false
baseline,seed-2,CONSV,30,12708.869999999999,4303.79,8405.079999999998,0,12708.869999999999,0,0,4303.79,0,5.625215816147181,5.5035762516014435,60.23,9153.277766383539,21111.413499300164,3583.012649556367,9161.39,7743.93,3578.89,12000,9100,4250,0.7634491666666666,0.8509813186813188,0.8420917647058823,30000,0.6828069999999999,6433,0,-1,-1,-1,MONITORING,CAPEX_DEFERRED|CAPEX_DEFERRED,297305879.36851,false
baseline,seed-2,VAP,30,28489.509999999995,16805.96,11683.549999999996,0,24540.659999999996,3948.85,0,16805.96,0,5.53103210448905,6.064630687923521,57.8,5270.126321505992,32108.722693392432,9991.089663114413,5384.7,6595.77,5744.7,8000,7750,6750,0.6730875,0.8510670967741936,0.8510666666666666,30000,0.5908390000000001,6928,0,-1,-1,-1,NOT_CONSIDERED,CAPEX_DEFERRED|CAPEX_DEFERRED|CAPEX_DEFERRED,274850335.61954594,false
baseline,seed-2,JPQ,31,20226.899999999998,14338.179999999998,5888.719999999999,0,0,20226.899999999998,0,0,14338.179999999998,7.211368589808581,7.330549078051266,74.25,9115.08600431671,7683.038494186372,26392.99050149693,9166.59,7702.93,4894.13,12000,9050,5750,0.7638825,0.8511524861878453,0.8511530434782609,30000,0.7254550000000001,7809,0,-1,-1,-1,DEFERRED,CAPEX_DEFERRED|CAPEX_DEFERRED,306483046.0471817,false
baseline,seed-2,CONSV,31,13370.01,4964.9400000000005,8405.07,0,13370.01,0,0,4964.9400000000005,0,5.513752685403674,5.66108661472278,60.24,9339.106900084038,21943.166955412045,3655.7797044714457,9339.89,7743.93,3616.67,12000,9100,4250,0.7783241666666666,0.8509813186813188,0.8509811764705882,30000,0.6900163333333332,6433,0,-1,-1,-1,DEFERRED,CAPEX_DEFERRED|CAPEX_DEFERRED,312549117.93676484,false
baseline,seed-2,VAP,31,29266.099999999995,17944.89,11321.209999999995,0,25692.389999999996,3573.71,0,17944.89,0,5.54804591117132,6.207467160391113,58.15,5268.502669161105,33258.108217254885,9614.078576383454,5392.61,6595.77,5744.7,8000,7750,6750,0.6740762499999999,0.8510670967741936,0.8510666666666666,30000,0.5911026666666668,6928,0,-1,-1,-1,NOT_CONSIDERED,CAPEX_DEFERRED|CAPEX_DEFERRED|CAPEX_DEFERRED,291338982.2410449,false
baseline,seed-2,JPQ,32,21534.97,15332.769999999999,6202.200000000003,0,0,21534.97,0,0,15332.769999999999,7.259252153474556,7.21388454130448,73.24,9118.22566163899,7685.676544671731,27971.369242831635,9212.68,7701.38,5105.38,12000,9050,6000,0.7677233333333333,0.8509812154696133,0.8508966666666666,30000,0.7339813333333334,7809,0,-1,-1,-1,DEFERRED,CAPEX_PROPOSED|CAPEX_PROPOSED|CAPEX_DEFERRED,329043281.1892747,false
baseline,seed-2,CONSV,32,14201.7,5626.08,8575.62,0,14201.7,0,0,5626.08,0,5.668756830578417,5.568990475102295,60.25,9339.84614120508,23105.257411078223,3656.0551677494227,9405.64,8041.78,3617.03,12000,9450,4250,0.7838033333333333,0.8509820105820105,0.8510658823529412,30000,0.7021483333333333,6667,0,-1,-1,-1,DEFERRED,CAPEX_PROPOSED|CAPEX_DEFERRED,331926062.9372086,false
baseline,seed-2,VAP,32,30825.849999999995,19096.619999999995,11729.23,0,26850.769999999997,3975.0800000000004,0,19096.619999999995,0,5.594076186597026,6.155562291040544,59.82,5251.781287384487,34733.08175345654,10219.305145651726,5384.71,6892.26,5956.27,8000,8100,7000,0.67308875,0.8508962962962964,0.8508957142857143,30000,0.6077746666666667,6928,0,-1,-1,-1,NOT_CONSIDERED,CAPEX_PROPOSED|CAPEX_PROPOSED|CAPEX_DEFERRED,309807931.9836824,false
baseline,seed-3,JPQ,1,1900,0,1900,0,1900,0,0,0,0,-1,7.005263157894737,-1,4771.23,7232.55,4209.91,4015.62,6783.23,2509.76,8000,8000,5000,0.5019525,0.84790375,0.5019520000000001,30000,0.4436203333333333,5500,2790.77,-1,-1,-1,NOT_CONSIDERED,CAPEX_DEFERRED|CAPEX_DEFERRED,25000000,false
baseline,seed-3,CONSV,1,1400,0,1400,1100,300,0,0,0,0,-1,5.582142857142857,-1,6997.600000000001,6546.8,3259.2,6782.54,5934.73,2128.14,8000,7000,4000,0.8478175,0.8478185714285714,0.5320349999999999,30000,0.494847,4500,1273.83,-1,-1,-1,NOT_CONSIDERED,CAPEX_DEFERRED|CAPEX_DEFERRED|CAPEX_DEFERRED,35000000,false
baseline,seed-3,VAP,1,1650,0,1650,0,450,1200,0,0,0,-1,8.374242424242425,-1,4414.389999999999,5357.759999999999,5698.780000000001,1032.51,5093.06,5093.06,8000,6000,6000,0.12906375,0.8488433333333334,0.8488433333333334,30000,0.3739543333333334,6500,0,-1,-1,-1,NOT_CONSIDERED,CAPEX_DEFERRED|CAPEX_DEFERRED,22000000,false
baseline,seed-3,JPQ,2,1284.48,0,1284.48,755.61,449.32,79.55,0,0,0,-1,5.452158441225616,100,4986.64,5178.117192023859,3812.8128079761404,5694.11,6019.51,3797.33,8000,8000,5000,0.7117637499999999,0.75243875,0.759466,30000,0.5170316666666667,5500,1854.94,-1,-1,-1,NOT_CONSIDERED,CAPEX_DEFERRED|CAPEX_DEFERRED,14494279.701722093,false
baseline,seed-3,CONSV,2,1115.09,0,1115.09,215.06,612.0699999999999,287.96,0,0,0,-1,6.219324203933475,100,5789.861007556675,6516.957909319899,3368.7710831234253,5924.61,5067.59,2959.32,8000,7000,4000,0.7405762499999999,0.7239414285714286,0.73983,30000,0.46505066666666667,4500,2169.45,-1,-1,-1,NOT_CONSIDERED,CAPEX_DEFERRED|CAPEX_DEFERRED|CAPEX_DEFERRED,10878104.155727632,false
baseline,seed-3,VAP,2,3646.58,0,3646.58,3381.8799999999997,264.7,0,0,0,0,-1,4.656061477439135,100,7176.263401131473,4483.168523492993,3866.9294798685764,6507.15,4892.68,0,8000,6000,6000,0.8133937499999999,0.8154466666666668,0,30000,0.3799943333333333,6500,275.74,-1,-1,-1,NOT_CONSIDERED,CAPEX_DEFERRED|CAPEX_DEFERRED,20033387.12761445,false
baseline,seed-3,JPQ,3,0,0,0,0,0,0,0,0,0,-1,-1,100,4359.737470868798,4872.636474015436,3846.8110551157665,5914.99,6396.94,4070.61,8000,8000,5000,0.7393737499999999,0.7996175,0.814122,30000,0.5460846666666667,6008,684.25,-1,-1,-1,NOT_CONSIDERED,CAPEX_DEFERRED,31258479.689132646,false
baseline,seed-3,CONSV,3,2325.5699999999997,0,2325.5699999999997,188.05,1791.28,346.24,0,0,0,-1,4.913186012092142,100,5878.009270073228,7818.124886098053,3490.6858438287145,6377.51,5519.62,3188.75,8000,7000,4000,0.79718875,0.7885171428571428,0.7971875,30000,0.5028626666666667,5038,1029.79,-1,-1,-1,NOT_CONSIDERED,CAPEX_DEFERRED|CAPEX_DEFERRED|CAPEX_DEFERRED,35555848.40216327,false
baseline,seed-3,VAP,3,3580.76,0,3580.76,1289.11,279.78,2011.87,0,0,0,-1,5.366960089536369,100,5209.608493255698,4638.431427556406,6007.298995063646,6138.97,4612.46,4390.46,8000,6000,6000,0.7673712500000001,0.7687433333333333,0.7317433333333333,30000,0.5047296666666666,6500,0,-1,-1,-1,NOT_CONSIDERED,CAPEX_DEFERRED|CAPEX_DEFERRED|CAPEX_DEFERRED,21999394.844236642,false
baseline,seed-3,JPQ,4,0,0,0,0,0,0,0,0,0,-1,-1,100,5275.867229205046,5896.56690727548,4655.176966945629,5791.24,6509.36,4085.87,8000,8000,5000,0.723905,0.81367,0.817174,30000,0.5462156666666665,6008,622.2,-1,-1,-1,NOT_CONSIDERED,CAPEX_DEFERRED,24520627.94174087,false
baseline,seed-3,CONSV,4,2935.14,0,2935.14,0,2518.45,416.69,0,0,0,-1,5.195383730879689,100,5759.166414777498,8618.60992406537,3599.3774639478215,4687.66,5933.53,3390.59,8000,7000,4000,0.5859575,0.8476471428571428,0.8476475,30000,0.46705933333333327,5038,2112.63,-1,-1,-1,NOT_CONSIDERED,CAPEX_DEFERRED|CAPEX_PROPOSED|CAPEX_PROPOSED,32778967.196846355,false
baseline,seed-3,VAP,4,2695.2299999999996,0,2695.2299999999996,0,575.06,2120.17,0,0,0,-1,6.261028190215616,100,4085.128717564253,5116.759150938893,6283.394221693984,5754.23,5089.99,5088.96,8000,6000,6000,0.71927875,0.8483316666666666,0.84816,30000,0.531106,6500,0,-1,-1,-1,NOT_CONSIDERED,CAPEX_DEFERRED|CAPEX_DEFERRED,15776882.371266536,false
baseline,seed-3,JPQ,5,387.73,0,387.73,0,0,387.73,0,0,0,-1,6.497778260348856,100,5347.9014202348835,5977.066293203692,5106.4665472660745,5364.35,6019.86,4239.95,8000,8000,5000,0.67054375,0.7524824999999999,0.8479899999999999,30000,0.5208053333333333,6008,1103.81,-1,-1,-1,NOT_CONSIDERED,CAPEX_DEFERRED,24176780.363808237,false
baseline,seed-3,CONSV,5,4035.09,0,4035.09,918.09,2831.71,285.29,0,0,0,-1,4.790284458083378,100,6711.864777381515,8968.537231305418,3487.1129032897843,6371.72,5519.62,3188.75,8000,7000,4000,0.796465,0.7885171428571428,0.7971875,30000,0.5026696666666667,5038,1029.79,-1,-1,-1,NOT_CONSIDERED,CAPEX_DEFERRED|CAPEX_DEFERRED|CAPEX_DEFERRED,36122497.95410156,false
baseline,seed-3,VAP,5,1909.7299999999998,0,1909.7299999999998,0,392.83,1516.8999999999999,0,0,0,-1,6.150651554073011,100,4166.380002295434,5024.882392541957,5762.938588275706,4371.13,5090.5,5090.5,8000,6000,6000,0.54639125,0.8484166666666667,0.8484166666666667,30000,0.48507100000000003,6500,0,-1,-1,-1,NOT_CONSIDERED,CAPEX_DEFERRED|CAPEX_DEFERRED,28167233.361677855,false
baseline,seed-3,JPQ,6,1002.91,0,1002.91,0,0,1002.91,0,0,0,-1,6.4848648991851,100,5496.028448128645,6142.609067581052,5852.338211248199,5448.67,5961.68,4247.21,8000,8000,5000,0.68108375,0.74521,0.849442,30000,0.5219186666666668,6008,1468.34,-1,-1,-1,NOT_CONSIDERED,CAPEX_DEFERRED,22223564.667173196,false
baseline,seed-3,CONSV,6,4358.599999999999,0,4358.599999999999,443.97,3558.89,355.74,0,0,0,-1,4.900259793975717,100,6318.444551687448,9781.185320933198,3602.1701077735434,6389.73,5530.2,3194.86,8000,7000,4000,0.7987162499999999,0.7900285714285714,0.7987150000000001,30000,0.5038263333333334,5038,1029.79,-1,-1,-1,NOT_CONSIDERED,CAPEX_DEFERRED|CAPEX_DEFERRED|CAPEX_DEFERRED,34790979.60312808,false
baseline,seed-3,VAP,6,1135.26,0,1135.26,0,210.09,925.17,0,0,0,-1,6.184631445852422,100,5201.87169691793,5993.350869808862,6226.491648212744,4499.73,5089.99,5089.99,8000,6000,6000,0.56246625,0.8483316666666666,0.8483316666666666,30000,0.48932366666666666,6500,0,-1,-1,-1,NOT_CONSIDERED,CAPEX_DEFERRED|CAPEX_DEFERRED,17506688.096133836,false
baseline,seed-3,JPQ,7,1699.6999999999998,0,1699.6999999999998,0,0,1699.6999999999998,0,0,0,-1,6.6768050176587135,100,5573.577062983811,6229.282064438032,6617.55216726537,5752.94,6049.39,4254.05,8000,8000,5000,0.7191175,0.7561737500000001,0.8508100000000001,30000,0.5352126666666667,6008,1353.91,-1,-1,-1,NOT_CONSIDERED,CAPEX_DEFERRED|CAPEX_DEFERRED,10586084.83958386,false
baseline,seed-3,CONSV,7,4695.570000000001,0,4695.570000000001,0,4275.4800000000005,420.09,0,0,0,-1,5.184699724469268,100,5897.61,10522.279999999999,3679.2900000000004,4703.73,5954.48,3402.56,8000,7000,4000,0.5879662499999999,0.85064,0.85064,30000,0.46869233333333327,5038,2112.63,-1,-1,-1,NOT_CONSIDERED,CAPEX_DEFERRED|CAPEX_DEFERRED|CAPEX_DEFERRED,14666878.81230219,false
baseline,seed-3,VAP,7,2278.39,0,2278.39,0,1027.81,1250.58,0,0,0,-1,5.970747669403529,100,5312.612784786619,6934.178979825005,6664.749898548424,5920.58,5089.99,5089.99,8000,6000,6000,0.7400725,0.8483316666666666,0.8483316666666666,30000,0.5366853333333333,6500,0,-1,-1,-1,NOT_CONSIDERED,CAPEX_DEFERRED|CAPEX_DEFERRED,26636744.366517924,false
baseline,seed-3,JPQ,8,1964.73,0,1964.73,0,0,1964.73,0,0,0,-1,6.566624416283075,100,5542.564166666668,6194.630539215687,6855.237685901213,5920.25,6348.35,4254.05,8000,8000,5000,0.74003125,0.79354375,0.8508100000000001,30000,0.550755,6008,811.67,-1,-1,-1,NOT_CONSIDERED,CAPEX_DEFERRED|CAPEX_PROPOSED,37654583.61818843,false
baseline,seed-3,CONSV,8,5934.039999999999,0,5934.039999999999,1145.72,4567.8,220.52,0,0,0,-1,4.886953605803502,100,7037.929705982647,11120.956182593061,3476.7466745804036,6352.91,5765.37,3178.37,8000,7350,4000,0.79411375,0.7844040816326531,0.7945924999999999,30000,0.5098883333333333,5038,1166.88,-1,-1,-1,NOT_CONSIDERED,CAPEX_DEFERRED|CAPEX_PROPOSED|CAPEX_DEFERRED,32776625.522839345,false
baseline,seed-3,VAP,8,3035.94,0,3035.94,0,1845.5200000000002,1190.42,0,0,0,-1,5.639330136076424,100,5404.408968302892,7853.950036780369,6698.148361595091,5915.54,5098.71,5098.71,8000,6000,6000,0.7394425,0.849785,0.849785,30000,0.5370986666666666,6500,0,-1,-1,-1,NOT_CONSIDERED,CAPEX_PROPOSED|CAPEX_DEFERRED,34181181.040798806,false
baseline,seed-3,JPQ,9,2422.6800000000003,0,2422.6800000000003,0,0,2422.6800000000003,0,0,0,-1,6.684050511521894,100,5541.050833333333,6192.949055749394,7311.852389082726,6012.29,6807.17,4254.91,8000,8000,5000,0.75153625,0.85089625,0.850982,30000,0.5691456666666667,6252,0,-1,-1,-1,NOT_CONSIDERED,CAPEX_PROPOSED|CAPEX_DEFERRED,44289482.6206536,false
baseline,seed-3,CONSV,9,6353.320000000001,0,6353.320000000001,690.4,5361.57,301.35,0,0,0,-1,5.018966267802947,100,6582.636843449211,11914.766355072137,3557.581680703683,6778.18,6222.29,3389.09,8000,7350,4000,0.8472725,0.8465700680272109,0.8472725,30000,0.5463186666666667,5360,73.98,-1,-1,-1,NOT_CONSIDERED,CAPEX_PROPOSED|CAPEX_DEFERRED|CAPEX_DEFERRED,38106312.61784923,false
baseline,seed-3,VAP,9,4249.67,0,4249.67,0,2794.82,1454.85,0,0,0,-1,5.5988178773883295,100,5391.948614267838,8789.40807694449,6949.879984834723,5436.97,5106.4,5106.4,8000,6000,6000,0.6796212500000001,0.8510666666666666,0.8510666666666666,30000,0.521659,6500,0,-1,-1,-1,NOT_CONSIDERED,CAPEX_DEFERRED|CAPEX_DEFERRED,28448329.64439179,false
baseline,seed-3,JPQ,10,2759.9500000000003,0,2759.9500000000003,0,0,2759.9500000000003,0,0,0,-1,6.84945155362186,100,5850.283806509732,6538.550751397788,7921.95701164751,5945.56,6808.54,4255.34,8000,8000,5000,0.743195,0.8510675,0.851068,30000,0.5669813333333334,6252,0,-1,-1,-1,MONITORING,CAPEX_DEFERRED|CAPEX_DEFERRED,48800734.486081794,false
baseline,seed-3,CONSV,10,5813.28,0,5813.28,0,5698.43,114.85,0,0,0,-1,5.158817229912827,100,5799.838547012351,12148.85719623542,3520.3462376012367,6807.85,6254.71,3616.31,8000,7350,4250,0.85098125,0.8509809523809524,0.8508964705882353,30000,0.5559623333333334,5603,0,-1,-1,-1,NOT_CONSIDERED,CAPEX_DEFERRED|CAPEX_DEFERRED|CAPEX_PROPOSED,36764912.2021651,false
baseline,seed-3,VAP,10,5313.45,0,5313.45,0,3736.4300000000003,1577.02,0,0,0,-1,5.649559217992031,100,5368.7574865016495,9705.21521889469,7048.415497273005,4747,5106.4,5106.4,8000,6000,6000,0.593375,0.8510666666666666,0.8510666666666666,30000,0.49866,6500,0,-1,-1,-1,NOT_CONSIDERED,CAPEX_DEFERRED|CAPEX_DEFERRED,34715858.57917845,false
baseline,seed-3,JPQ,11,3292.12,0,3292.12,0,0,3292.12,0,0,0,-1,6.730333947663595,100,5812.166534118657,6495.949105344896,8420.494177095334,5878.23,6808.54,4255.34,8000,8000,5000,0.7347787499999999,0.8510675,0.851068,30000,0.564737,6252,0,-1,-1,-1,MONITORING,CAPEX_DEFERRED|CAPEX_DEFERRED,52533331.79935397,false
baseline,seed-3,CONSV,11,5905.860000000001,0,5905.860000000001,0,5905.860000000001,0,0,0,0,-1,5.069480263170821,100,7737.684484758875,11642.942692413875,3028.9000959506184,8309.69,6253.46,3431.48,12000,7350,4250,0.6924741666666667,0.8508108843537415,0.8074070588235294,30000,0.599821,5603,765,-1,-1,-1,NOT_CONSIDERED,CAPEX_DEFERRED|CAPEX_DEFERRED,46576937.516741,false
baseline,seed-3,VAP,11,6331.43,0,6331.43,0,4678.02,1653.41,0,0,0,-1,5.527516266772047,100,5340.152470908907,10615.023954797172,7095.663625230742,5670.56,5106.4,5106.4,8000,6000,6000,0.70882,0.8510666666666666,0.8510666666666666,30000,0.5294453333333333,6500,0,-1,-1,-1,NOT_CONSIDERED,CAPEX_DEFERRED|CAPEX_PROPOSED|CAPEX_DEFERRED,38570943.016446576,false
baseline,seed-3,JPQ,12,4107.110000000001,0,4107.110000000001,0,0,4107.110000000001,0,0,0,-1,6.815768921031084,100,5835.854789155528,6522.434032557681,9256.385545753375,5939.23,6808.54,4255.34,8000,8000,5000,0.7424037499999999,0.8510675,0.851068,30000,0.5667703333333334,6252,0,-1,-1,-1,MONITORING,CAPEX_DEFERRED,46460105.73734292,false
baseline,seed-3,CONSV,12,5411.53,0,5411.53,0,5411.53,0,0,0,0,-1,5.156736372165929,100,8820.96090839742,12263.240102779166,3452.9419345371475,9948.41,6551.9,3615.94,12000,7700,4250,0.8290341666666666,0.8508961038961038,0.8508094117647059,30000,0.6705416666666666,6092,0,-1,-1,-1,NOT_CONSIDERED,CAPEX_PROPOSED|CAPEX_DEFERRED|CAPEX_DEFERRED,36379770.34569058,false
baseline,seed-3,VAP,12,7603.5199999999995,0,7603.5199999999995,0,5619.62,1983.9,0,0,0,-1,5.624640862370107,87.16,5356.478717479237,11922.121664777573,7442.76817080549,5779.63,5404.28,5106.4,8000,6350,6000,0.72245375,0.851067716535433,0.8510666666666666,30000,0.5430103333333333,6500,0,-1,-1,-1,NOT_CONSIDERED,CAPEX_PROPOSED|CAPEX_DEFERRED|CAPEX_DEFERRED,47535006.74389462,false
baseline,seed-3,JPQ,13,4887.15,0,4887.15,0,0,4887.15,0,0,0,-1,6.925639540158778,90.68,5839.602926698995,6812.153984468032,10039.742552732825,5964.37,7106.41,4255.34,8000,8350,5000,0.74554625,0.8510670658682634,0.851068,30000,0.5775373333333333,6252,0,-1,-1,-1,MONITORING,CAPEX_DEFERRED,57640908.633064546,false
baseline,seed-3,CONSV,13,5731.1,0,5731.1,0,5731.1,0,0,0,0,-1,5.275705536451168,100,8821.966601646094,12583.601250664578,3453.325638132376,9428.39,6553.22,3617.03,12000,7700,4250,0.7856991666666666,0.8510675324675325,0.8510658823529412,30000,0.653288,6295,0,-1,-1,-1,NOT_CONSIDERED,CAPEX_DEFERRED|CAPEX_DEFERRED,33331463.163012587,false
baseline,seed-3,VAP,13,8875.100000000002,215.34,8659.760000000002,0,6608.360000000001,2266.74,0,215.34,0,5.188011281910803,5.748975395011685,86.27,5360.6414952375635,12915.77746127539,7729.867350037666,5477.15,5404.28,5106.4,8000,6350,6000,0.68464375,0.851067716535433,0.8510666666666666,30000,0.5329276666666667,6500,0,-1,-1,-1,NOT_CONSIDERED,CAPEX_DEFERRED|CAPEX_DEFERRED|CAPEX_DEFERRED,52156304.73229301,false
baseline,seed-3,JPQ,14,5474.94,631.81,4843.129999999999,0,0,5474.94,0,0,631.81,7.104241296086636,6.810395469884186,90.21,5837.622982283601,6809.844292112636,10883.32585375308,5945.69,7105.7,4467.2,8000,8350,5250,0.74321125,0.8509820359281437,0.850895238095238,30000,0.583953,6252,0,-1,-1,-1,MONITORING,CAPEX_PROPOSED,70277221.26734318,false
baseline,seed-3,CONSV,14,6049.359999999999,0,6049.359999999999,0,6049.359999999999,0,0,0,0,-1,5.187148951449921,100,8817.867396430276,12898.67717503422,3451.7309874184307,8663.82,6553.22,3617.03,12000,7700,4250,0.721985,0.8510675324675325,0.8510658823529412,30000,0.6278023333333334,6295,0,-1,-1,-1,NOT_CONSIDERED,CAPEX_DEFERRED,43331444.53646999,false
baseline,seed-3,VAP,14,9786.249999999998,1204.08,8582.169999999998,0,7598.530000000001,2187.72,0,1204.08,0,5.305746001972243,5.641860467721061,85.26,5350.844263230382,13894.41795066956,7640.859815321552,5319.68,5404.28,5106.4,8000,6350,6000,0.66496,0.851067716535433,0.8510666666666666,30000,0.5276786666666666,6500,0,-1,-1,-1,NOT_CONSIDERED,CAPEX_DEFERRED|CAPEX_DEFERRED|CAPEX_DEFERRED,61732803.972265884,false
baseline,seed-3,JPQ,15,6313.880000000001,1007.74,5306.140000000001,0,0,6313.880000000001,0,0,1007.74,6.99199052437013,6.823785184586472,89.82,5859.525318828644,6835.395975298803,11742.566863975502,5955.32,7000.43,4468.1,8000,8350,5250,0.7444149999999999,0.8383748502994013,0.8510666666666667,30000,0.580795,6467,0,-1,-1,-1,MONITORING,CAPEX_DEFERRED,80866441.05382168,false
baseline,seed-3,CONSV,15,6367.620000000001,0,6367.620000000001,0,6367.620000000001,0,0,0,0,-1,5.1994714247866005,100,8832.426176752726,13228.253526786953,3457.4239077426214,8593.69,6553.22,3521.57,12000,7700,4250,0.7161408333333333,0.8510675324675325,0.828604705882353,30000,0.6222826666666667,6295,0,-1,-1,-1,NOT_CONSIDERED,CAPEX_DEFERRED,56265168.79504596,false
baseline,seed-3,VAP,15,11099.83,2194.25,8905.58,0,8595.04,2504.79,0,2194.25,0,5.217050147537428,5.700688388293358,79.58,5358.368020139397,14899.803150045449,7965.607077271159,5392.07,5404.28,5106.4,8000,6350,6000,0.6740087499999999,0.851067716535433,0.8510666666666666,30000,0.5300916666666666,6500,0,-1,-1,-1,NOT_CONSIDERED,CAPEX_DEFERRED|CAPEX_DEFERRED|CAPEX_DEFERRED,73187863.8304811,false
baseline,seed-3,JPQ,16,7192.780000000001,1845.78,5347.000000000001,0,0,7192.780000000001,0,0,1845.78,7.009858533545987,6.918653651301809,70.64,5861.338017897291,6837.508925543274,12623.127267575073,5944.61,6894.31,4468.1,8000,8350,5250,0.74307625,0.8256658682634731,0.8510666666666667,30000,0.5769006666666667,6467,0,-1,-1,-1,MONITORING,CAPEX_DEFERRED|CAPEX_DEFERRED,91689796.51606868,false
baseline,seed-3,CONSV,16,6685.879999999999,0,6685.879999999999,0,6685.879999999999,0,0,0,0,-1,5.2905459192118025,100,8832.362254927722,13858.308596771662,3660.795846389379,8820.73,6851.09,3627.69,12000,8050,4500,0.7350608333333333,0.8510670807453417,0.8061533333333334,30000,0.6433169999999999,6295,0,-1,-1,-1,NOT_CONSIDERED,CAPEX_PROPOSED|CAPEX_DEFERRED,70956756.09695259,false
baseline,seed-3,VAP,16,12409.650000000003,3190.7599999999998,9218.890000000003,0,9577.430000000002,2832.22,0,3190.7599999999998,0,5.212170361009978,5.844903322366724,62.97,5342.388157770662,16209.850745425549,8276.74125041767,5437.12,5702.15,5106.4,8000,6700,6000,0.67964,0.8510671641791044,0.8510666666666666,30000,0.5415223333333333,6500,0,-1,-1,-1,NOT_CONSIDERED,CAPEX_PROPOSED|CAPEX_DEFERRED|CAPEX_DEFERRED,85724076.99608745,false
baseline,seed-3,JPQ,17,7965.839999999999,2724.6800000000003,5241.159999999999,0,0,7965.839999999999,0,0,2724.6800000000003,7.0445930525660225,6.7563091767911105,71.03,6054.790241100774,7063.174273790015,13575.427251190307,6128.24,7098.16,4468.55,8000,8350,5250,0.76603,0.8500790419161677,0.851152380952381,30000,0.5898316666666666,6467,0,-1,-1,-1,DEFERRED,CAPEX_DEFERRED|CAPEX_DEFERRED,105956655.56642656,false
baseline,seed-3,CONSV,17,7018.609999999999,0,7018.609999999999,0,7018.609999999999,0,0,0,0,-1,5.1692699191821445,88.46,8823.48889450205,14183.824775513396,3657.1139237961393,8916.53,6851.78,3619.76,12000,8050,4500,0.7430441666666667,0.8511527950310559,0.8043911111111112,30000,0.646269,6295,0,-1,-1,-1,NOT_CONSIDERED,CAPEX_DEFERRED|CAPEX_DEFERRED,84735714.32384433,false
baseline,seed-3,VAP,17,13658.960000000001,3875.28,9783.68,0,10592.57,3066.3900000000003,0,3875.28,0,5.30493311618758,5.7116209914914835,61.55,5336.964513730803,17218.245535651913,8732.002375940981,5421.18,5702.15,5319.17,8000,6700,6250,0.6776475000000001,0.8510671641791044,0.8510672,30000,0.5480833333333334,6500,0,-1,-1,-1,NOT_CONSIDERED,CAPEX_DEFERRED|CAPEX_PROPOSED|CAPEX_DEFERRED,97313963.15914117,false
baseline,seed-3,JPQ,18,8871.04,3497.2900000000004,5373.75,0,0,8871.04,0,0,3497.2900000000004,6.820104802885564,6.954765152554123,71.23,6062.592588960975,7072.285921633997,14487.846027659973,6212.8,7107.12,4468.55,8000,8350,5250,0.7766000000000001,0.8511520958083832,0.851152380952381,30000,0.5929490000000001,6467,0,-1,-1,-1,DEFERRED,CAPEX_DEFERRED|CAPEX_DEFERRED,116502271.9633066,false
baseline,seed-3,CONSV,18,7350.650000000001,166.83,7183.820000000001,0,7350.650000000001,0,0,166.83,0,5.2048160585331615,5.319472976787056,87.91,8828.295386893144,14519.777922004949,3659.1060938388805,8885.78,6851.78,3607.89,12000,8050,4500,0.7404816666666667,0.8511527950310559,0.8017533333333333,30000,0.6448483333333334,6295,0,-1,-1,-1,NOT_CONSIDERED,CAPEX_DEFERRED|CAPEX_DEFERRED,96953735.79991432,false
baseline,seed-3,VAP,18,14338.300000000001,4890.42,9447.880000000001,0,11603.03,2735.27,0,4890.42,0,5.178330208798327,5.830776163040533,60.76,5332.169600948157,18222.779767701722,8395.812383791772,5396.72,5702.15,5319.17,8000,6700,6250,0.67459,0.8510671641791044,0.8510672,30000,0.547268,6500,0,-1,-1,-1,NOT_CONSIDERED,CAPEX_DEFERRED|CAPEX_DEFERRED|CAPEX_DEFERRED,105615496.32029654,false
baseline,seed-3,JPQ,19,9855.08,4402.49,5452.59,0,0,9855.08,0,0,4402.49,6.9840948728119665,6.842962117009637,70.93,6059.925711926179,7069.165022267407,15469.425115711445,6168.24,7106.41,4468.1,8000,8350,5250,0.77103,0.8510670658682634,0.8510666666666667,30000,0.591425,6467,0,-1,-1,-1,DEFERRED,CAPEX_DEFERRED|CAPEX_DEFERRED,132402276.97694352,false
baseline,seed-3,CONSV,19,7682.7,498.87,7183.83,0,7682.7,0,0,498.87,0,5.356870517482721,5.236618834193581,88.02,8825.0457548078,14849.187142699266,3657.7433861858603,8832.63,6851.78,3615.21,12000,8050,4500,0.7360524999999999,0.8511527950310559,0.80338,30000,0.6433206666666667,6295,0,-1,-1,-1,NOT_CONSIDERED,CAPEX_DEFERRED|CAPEX_DEFERRED,111678076.18561943,false
baseline,seed-3,VAP,19,15096.369999999999,5900.88,9195.489999999998,0,12630.24,2466.1299999999997,0,5900.88,0,5.324452161768971,5.708739725641475,60.88,5307.161403137822,19218.934544824562,8100.111085132521,5386.94,5702.15,5319.17,8000,6700,6250,0.6733674999999999,0.8510671641791044,0.8510672,30000,0.546942,6500,0,-1,-1,-1,NOT_CONSIDERED,CAPEX_DEFERRED|CAPEX_DEFERRED|CAPEX_DEFERRED,116645398.13076718,false
baseline,seed-3,JPQ,20,11010.490000000003,5386.980000000001,5623.510000000002,0,0,11010.490000000003,0,0,5386.980000000001,6.844486565854056,7.0591568120559804,70.29,6067.911527217518,7078.479175069536,16899.934703568735,6133.05,7105.7,4679.93,8000,8350,5500,0.76663125,0.8509820359281437,0.8508963636363637,30000,0.5972893333333333,6467,0,-1,-1,-1,DEFERRED,CAPEX_PROPOSED|CAPEX_DEFERRED,145586380.6172878,false
baseline,seed-3,CONSV,20,8014.74,830.92,7183.82,0,8014.74,0,0,830.92,0,5.27388957033512,5.409080498991703,89.6,8825.721011193555,15493.377277906118,3658.0191266992433,8828.48,7148.96,3669.18,12000,8400,4500,0.7357066666666666,0.8510666666666666,0.8153733333333333,30000,0.6548873333333333,6295,0,-1,-1,-1,NOT_CONSIDERED,CAPEX_PROPOSED|CAPEX_DEFERRED,126354684.40433714,false
baseline,seed-3,VAP,20,16558.469999999998,6928.089999999999,9630.379999999997,0,13681.699999999999,2876.77,0,6928.089999999999,0,5.242192973344803,5.953787005201795,62.32,5306.567823369078,20613.785006084803,8510.115037352283,5435.21,5998.82,5318.63,8000,7050,6250,0.67940125,0.8508964539007092,0.8509808,30000,0.558422,6500,0,-1,-1,-1,NOT_CONSIDERED,CAPEX_PROPOSED|CAPEX_DEFERRED|CAPEX_DEFERRED,127894692.30265385,false
baseline,seed-3,JPQ,21,12150.77,6330.5599999999995,5820.210000000001,0,0,12150.77,0,0,6330.5599999999995,7.05884940505276,7.00238870951773,69.57,6079.97122210853,7092.558875942436,18051.909512230435,6141.44,7106.41,4680.87,8000,8350,5500,0.7676799999999999,0.8510670658682634,0.8510672727272727,30000,0.5976239999999999,6694,0,-1,-1,-1,DEFERRED,CAPEX_DEFERRED|CAPEX_DEFERRED,159922881.38046667,false
baseline,seed-3,CONSV,21,8361.94,865.78,7496.160000000001,0,8361.94,0,0,865.78,0,5.450239306857894,5.366878409956611,89.08,8833.084482378046,15846.806865909093,3661.081068354059,8852.21,7149.68,3673.3,12000,8400,4500,0.7376841666666666,0.851152380952381,0.816288888888889,30000,0.6558396666666666,6295,0,-1,-1,-1,NOT_CONSIDERED,CAPEX_DEFERRED|CAPEX_DEFERRED,140998894.30932277,false
baseline,seed-3,VAP,21,18022.989999999994,7682.88,10340.109999999993,0,14781.550000000001,3241.44,0,7682.88,0,5.394659748584696,5.922522358792335,61.03,5308.638068663111,21716.340558675776,8876.994590609149,5452.97,5999.42,5318.63,8000,7050,6250,0.6816212500000001,0.850981560283688,0.8509808,30000,0.559034,6500,0,-1,-1,-1,NOT_CONSIDERED,CAPEX_DEFERRED|CAPEX_DEFERRED|CAPEX_DEFERRED,139596236.42907327,false
baseline,seed-3,JPQ,22,13084.79,7469.900000000001,5614.89,0,0,13084.79,0,0,7469.900000000001,7.064080783929247,6.893991700170057,70.32,6077.787804320567,7090.013469531188,18983.81992165844,6141.86,7106.41,4680.87,8000,8350,5500,0.7677324999999999,0.8510670658682634,0.8510672727272727,30000,0.597638,6694,0,-1,-1,-1,DEFERRED,CAPEX_PROPOSED|CAPEX_DEFERRED|CAPEX_DEFERRED,174973980.55454144,false
baseline,seed-3,CONSV,22,8708.409999999998,1212.26,7496.149999999998,0,8708.409999999998,0,0,1212.26,0,5.407723652474401,5.283266348668637,88.38,8836.26827320929,16195.974706119756,3662.410654416703,8857.86,7149.68,3639.66,12000,8400,4500,0.738155,0.851152380952381,0.8088133333333333,30000,0.6549066666666666,6295,0,-1,-1,-1,NOT_CONSIDERED,CAPEX_DEFERRED|CAPEX_DEFERRED,157863134.03569564,false
baseline,seed-3,VAP,22,18837.94,8782.130000000001,10055.809999999998,0,15873.12,2964.82,0,8782.130000000001,0,5.384684527172144,5.788099143964655,59.62,5309.447778306987,22808.959960442127,8601.215593919444,5435.32,5999.42,5318.63,8000,7050,6250,0.679415,0.850981560283688,0.8509808,30000,0.5584456666666666,6500,0,-1,-1,-1,NOT_CONSIDERED,CAPEX_DEFERRED|CAPEX_DEFERRED|CAPEX_DEFERRED,154698029.00873846,false
baseline,seed-3,JPQ,23,14290.13,8403.92,5886.209999999999,0,0,14290.13,0,0,8403.92,6.970554194966065,6.803049162952564,69.33,6091.0217509456825,7105.44154642161,20202.014554280868,6154.42,7106.41,4680.87,8000,8350,5500,0.7693025,0.8510670658682634,0.8510672727272727,30000,0.5980566666666667,6694,0,-1,-1,-1,DEFERRED,CAPEX_DEFERRED|CAPEX_DEFERRED|CAPEX_DEFERRED,189953672.15649265,false
baseline,seed-3,CONSV,23,9054.88,1558.73,7496.15,0,9054.88,0,0,1558.73,0,5.322458979891734,5.209984283536392,88.55,9150.342815125536,16808.58086576909,3792.5628199095236,9158.32,7148.24,3779.15,12000,8400,4500,0.7631933333333333,0.8509809523809524,0.8398111111111112,30000,0.6695236666666666,6295,0,-1,-1,-1,MONITORING,CAPEX_DEFERRED|CAPEX_DEFERRED,174864729.679738,false
baseline,seed-3,VAP,23,20124.790000000005,9873.7,10251.090000000004,0,16961.690000000002,3163.1,0,9873.7,0,5.315537284414557,5.739753778666946,60.69,5314.106577533791,23903.625056789682,9030.112340694695,5424.45,5999.42,5530.82,8000,7050,6500,0.67805625,0.850981560283688,0.8508953846153846,30000,0.5651563333333333,6500,0,-1,-1,-1,NOT_CONSIDERED,CAPEX_DEFERRED|CAPEX_PROPOSED|CAPEX_DEFERRED,171022757.31350744,false
baseline,seed-3,JPQ,24,15524.639999999998,9609.259999999998,5915.379999999999,0,0,15524.639999999998,0,0,9609.259999999998,6.860188175591915,7.028524660057724,69.22,6092.876441190696,7107.613392288561,21438.315068343138,6147.38,7106.41,4680.87,8000,8350,5500,0.7684225,0.8510670658682634,0.8510672727272727,30000,0.597822,6694,0,-1,-1,-1,DEFERRED,CAPEX_DEFERRED|CAPEX_DEFERRED|CAPEX_DEFERRED,202400434.19863886,false
baseline,seed-3,CONSV,24,9665.159999999998,1906.64,7758.519999999998,0,9665.159999999998,0,0,1906.64,0,5.248972874288828,5.391622900921598,89.1,9150.414148547636,17742.003027571147,3792.602379497214,9261.7,7446.09,3829.42,12000,8750,4500,0.7718083333333334,0.8509817142857143,0.8509822222222222,30000,0.6845736666666666,6577,0,-1,-1,-1,MONITORING,CAPEX_PROPOSED|CAPEX_DEFERRED,187795595.31249285,false
baseline,seed-3,VAP,24,21563.040000000008,10962.27,10600.770000000008,0,18010.100000000006,3552.9399999999996,0,10962.27,0,5.243803056190221,5.978777318849788,61.62,5299.921994534826,25277.240916323888,9404.292928635943,5377.41,6297.26,5531.38,8000,7400,6500,0.67217625,0.8509810810810811,0.8509815384615385,30000,0.573535,6762,0,-1,-1,-1,NOT_CONSIDERED,CAPEX_PROPOSED|CAPEX_DEFERRED|CAPEX_DEFERRED,183421875.2523466,false
baseline,seed-3,JPQ,25,16698.33,10843.770000000002,5854.5599999999995,0,0,16698.33,0,0,10843.770000000002,6.935928185084974,7.03139917043793,69.44,6095.614599889571,7110.80757710852,22614.652767439406,6141.42,7106.41,4680.87,8000,8350,5500,0.7676775,0.8510670658682634,0.8510672727272727,30000,0.5976233333333334,6694,0,-1,-1,-1,DEFERRED,CAPEX_DEFERRED|CAPEX_DEFERRED|CAPEX_DEFERRED,218598927.3188249,false
baseline,seed-3,CONSV,25,10300.87,2219.0699999999997,8081.800000000001,0,10300.87,0,0,2219.0699999999997,0,5.420570867610222,5.397144838226674,61.54,9150.035478508336,18377.39759938963,3792.439579435263,9194.01,7447.58,3808.23,12000,8750,4500,0.7661675,0.851152,0.8462733333333333,30000,0.6816606666666667,6577,0,-1,-1,-1,MONITORING,CAPEX_DEFERRED|CAPEX_DEFERRED,201702742.7228439,false
baseline,seed-3,VAP,25,22971.920000000002,11712.84,11259.080000000002,0,19089.22,3882.7,0,11712.84,0,5.325413567988611,5.994231364962113,60.38,5300.187767973654,26356.70545962325,9734.339290958655,5363.99,6297.9,5531.94,8000,7400,6500,0.6704987499999999,0.8510675675675675,0.8510676923076922,30000,0.5731276666666666,6762,0,-1,-1,-1,NOT_CONSIDERED,CAPEX_DEFERRED|CAPEX_DEFERRED|CAPEX_DEFERRED,195220407.74108353,false
baseline,seed-3,JPQ,26,17354.55,12017.46,5337.09,0,0,17354.55,0,0,12017.46,7.029941098634855,6.938585382935161,71.36,6072.876462714039,7381.226126536022,23516.733033244076,6115.78,7402.8,4892.65,8000,8700,5750,0.7644725,0.8508965517241379,0.8508956521739129,30000,0.6137076666666667,6694,0,-1,-1,-1,DEFERRED,CAPEX_PROPOSED|CAPEX_PROPOSED|CAPEX_DEFERRED,236122850.66006023,false
baseline,seed-3,CONSV,26,10910.569999999998,2853.29,8057.279999999998,0,10910.569999999998,0,0,2853.29,0,5.424765371305221,5.34507007178383,61.59,9147.187429448442,18984.55489251806,3791.2649905730736,9129.77,7447.58,3754.72,12000,8750,4500,0.7608141666666667,0.851152,0.8343822222222221,30000,0.6777356666666666,6577,0,-1,-1,-1,MONITORING,CAPEX_DEFERRED|CAPEX_DEFERRED,218221304.47630686,false
baseline,seed-3,VAP,26,23368.010000000002,12791.320000000002,10576.69,0,20160.83,3207.1800000000003,0,12791.320000000002,0,5.399261102640109,5.846743007734944,58.14,5293.218862384213,27418.77848528576,9051.138510549874,5367.22,6297.9,5531.94,8000,7400,6500,0.6709025000000001,0.8510675675675675,0.8510676923076922,30000,0.5732353333333332,6762,0,-1,-1,-1,NOT_CONSIDERED,CAPEX_DEFERRED|CAPEX_DEFERRED|CAPEX_DEFERRED,209470676.84900725,false
baseline,seed-3,JPQ,27,18298.599999999995,12461.9,5836.699999999995,0,0,18298.599999999995,0,0,12461.9,7.016825931193517,7.094889090327292,69.98,6180.471265949868,7511.998781448737,24569.95258363025,6239.15,7404.28,4893.64,8000,8700,5750,0.7798937499999999,0.8510666666666666,0.8510678260869565,30000,0.6179023333333333,6936,0,-1,-1,-1,DEFERRED,CAPEX_DEFERRED|CAPEX_DEFERRED|CAPEX_DEFERRED,246177821.19925165,false
baseline,seed-3,CONSV,27,11544.78,3462.9900000000002,8081.790000000001,0,11544.78,0,0,3462.9900000000002,0,5.365613031307973,5.459907113385361,61.54,9145.905606833641,19617.652266913807,3790.737849474028,8628.63,7447.58,3758.97,12000,8750,4500,0.7190525,0.851152,0.8353266666666667,30000,0.6611726666666666,6577,0,-1,-1,-1,MONITORING,CAPEX_DEFERRED|CAPEX_DEFERRED,233831787.6853504,false
baseline,seed-3,VAP,27,24123.79,13862.93,10260.86,0,21265.32,2858.47,0,13862.93,0,5.373077464713209,5.943730842354018,58.84,5283.104472325651,28509.39680128404,8691.25415908528,5389.46,6297.9,5531.94,8000,7400,6500,0.6736825,0.8510675675675675,0.8510676923076922,30000,0.5739766666666667,6762,0,-1,-1,-1,NOT_CONSIDERED,CAPEX_DEFERRED|CAPEX_DEFERRED|CAPEX_DEFERRED,223259259.8748452,false
baseline,seed-3,JPQ,28,19718.050000000007,13404.960000000003,6313.090000000004,0,0,19718.050000000007,0,0,13404.960000000003,7.049966023990291,7.145300593006856,68.77,6180.906087711764,7512.529403597795,25989.86364237537,6319.47,7405.03,4894.13,8000,8700,5750,0.78993375,0.8511528735632183,0.8511530434782609,30000,0.6206210000000001,6936,0,-1,-1,-1,READY_TO_BUILD,CAPEX_DEFERRED|CAPEX_DEFERRED|CAPEX_DEFERRED,259419088.20891857,false
baseline,seed-3,CONSV,28,12178.999999999998,4097.200000000001,8081.799999999997,0,12178.999999999998,0,0,4097.200000000001,0,5.475231801147898,5.503940375022606,61.56,9145.251415371098,20574.175454186276,3790.4525761951513,9479.15,7743.15,3788.77,12000,9100,4500,0.7899291666666667,0.8508956043956044,0.8419488888888889,30000,0.700369,6577,0,-1,-1,-1,MONITORING,CAPEX_PROPOSED|CAPEX_DEFERRED,252176150.4963985,false
baseline,seed-3,VAP,28,25698.530000000006,14967.420000000002,10731.110000000004,0,22409.050000000003,3289.48,0,14967.420000000002,0,5.40563577490734,6.0445390827500365,60.48,5269.575859558403,29976.325530066206,9107.331826601183,5420.75,6594.44,5531.38,8000,7750,6500,0.67759375,0.8508954838709677,0.8509815384615385,30000,0.5848856666666666,6762,0,-1,-1,-1,NOT_CONSIDERED,CAPEX_PROPOSED|CAPEX_DEFERRED|CAPEX_DEFERRED,240070505.03711894,false
baseline,seed-3,JPQ,29,21102.389999999996,14823.919999999998,6278.4699999999975,0,0,21102.389999999996,0,0,14823.919999999998,7.103732136201508,7.151015617239382,68.88,6183.026484565313,7515.116474323524,27376.35522561002,6306.5,7405.03,4894.13,8000,8700,5750,0.7883125,0.8511528735632183,0.8511530434782609,30000,0.6201886666666666,6936,0,-1,-1,-1,APPROVED,CAPEX_DEFERRED|CAPEX_DEFERRED|CAPEX_DEFERRED,268470490.6962595,false
baseline,seed-3,CONSV,29,12840.920000000002,4435.85,8405.070000000002,0,12840.920000000002,0,0,4435.85,0,5.514682719665119,5.517087318511789,60.62,9146.04614953631,21236.83499487711,3790.791960517804,9456.53,7744.71,3793.48,12000,9100,4500,0.7880441666666668,0.851067032967033,0.8429955555555556,30000,0.699824,6771,0,-1,-1,-1,MONITORING,CAPEX_DEFERRED|CAPEX_DEFERRED,266201909.5010537,false
baseline,seed-3,VAP,29,26932.689999999995,15814.609999999999,11118.079999999996,0,23585.969999999998,3346.72,0,15814.609999999999,0,5.47835829252683,6.035333626701758,58.6,5259.953601793702,31139.42412358233,9377.293113171863,5413.77,6595.77,5744.13,8000,7750,6750,0.67672125,0.8510670967741936,0.8509822222222222,30000,0.591789,7007,0,-1,-1,-1,NOT_CONSIDERED,CAPEX_DEFERRED|CAPEX_PROPOSED|CAPEX_DEFERRED,254613952.2591016,false
baseline,seed-3,JPQ,30,22008.849999999995,16208.259999999997,5800.589999999998,0,0,22008.849999999995,0,0,16208.259999999997,7.149143250251892,7.15103518427744,70.55,6188.822554970627,7824.746855879161,28288.686536699548,6276.98,7702.16,4894.13,8000,9050,5750,0.7846225,0.8510674033149171,0.8511530434782609,30000,0.629109,6936,0,-1,-1,-1,APPROVED,CAPEX_PROPOSED|CAPEX_DEFERRED|CAPEX_DEFERRED,278205146.5603643,false
baseline,seed-3,CONSV,30,13484.370000000003,5096.21,8388.160000000003,0,13484.370000000003,0,0,5096.21,0,5.52604229543184,5.536471032836747,60.66,9148.59199652243,21882.612047285864,3791.847146128056,9152.99,7745.49,3781.83,12000,9100,4500,0.7627491666666667,0.8511527472527473,0.8404066666666666,30000,0.6893436666666666,6771,0,-1,-1,-1,MONITORING,CAPEX_DEFERRED|CAPEX_DEFERRED,281448138.5036162,false
baseline,seed-3,VAP,30,27594.06,16990.199999999997,10603.860000000004,0,24773.01,2821.05,0,16990.199999999997,0,5.511833151315854,5.988142593233967,57.76,5261.938585990702,32329.306630076768,8853.909048785103,5423.34,6595.77,5744.7,8000,7750,6750,0.6779175000000001,0.8510670967741936,0.8510666666666666,30000,0.5921270000000001,7007,0,-1,-1,-1,NOT_CONSIDERED,CAPEX_DEFERRED|CAPEX_DEFERRED|CAPEX_DEFERRED,267258890.172648,false
baseline,seed-3,JPQ,31,23056.54,17114.719999999998,5941.820000000003,0,0,23056.54,0,0,17114.719999999998,7.155876160384682,7.306560023787133,70.51,6187.074644445244,7822.559234901797,29334.603066062984,6263.57,7702.93,4894.13,8000,9050,5750,0.78294625,0.8511524861878453,0.8511530434782609,30000,0.6286876666666668,6936,0,-1,-1,-1,APPROVED,CAPEX_DEFERRED|CAPEX_DEFERRED|CAPEX_DEFERRED,285596923.72795075,false
baseline,seed-3,CONSV,31,14142.76,5738.88,8403.880000000001,0,14142.76,0,0,5738.88,0,5.543027532832451,5.648752488927215,60.63,9149.106251026427,22541.48329651035,3792.054440045479,9050.76,7745.49,3780.18,12000,9100,4500,0.7542300000000001,0.8511527472527473,0.84004,30000,0.685881,6771,0,-1,-1,-1,MONITORING,CAPEX_DEFERRED|CAPEX_DEFERRED,297477532.44337285,false
baseline,seed-3,VAP,31,28390.69,18177.239999999998,10213.45,0,25957.989999999998,2432.7,0,18177.239999999998,0,5.530041482941895,6.071989132049892,58.07,5260.818811254883,33512.66376118282,8464.256946734647,5420.48,6595.77,5744.7,8000,7750,6750,0.6775599999999999,0.8510670967741936,0.8510666666666666,30000,0.5920316666666667,7007,0,-1,-1,-1,NOT_CONSIDERED,CAPEX_DEFERRED|CAPEX_DEFERRED|CAPEX_DEFERRED,280840786.10270995,false
baseline,seed-3,JPQ,32,24201.56,18162.41,6039.1500000000015,0,0,24201.56,0,0,18162.41,7.20394135688588,7.320438397589266,70.17,8270.378085278995,9278.924111368264,32284.82421400975,5135.25,7702.93,7645.24,13000,13050,9000,0.3950192307692308,0.5902628352490422,0.8494711111111111,41000,0.4995956097560975,8660,6644.04,-1,-1,-1,NOT_CONSIDERED,CAPEX_DEFERRED|CAPEX_DEFERRED,304020797.3832303,false
baseline,seed-3,CONSV,32,14802.340000000002,6397.270000000001,8405.07,0,14802.340000000002,0,0,6397.270000000001,0,5.653274717899986,5.660095081704124,60.63,9149.29640402884,23524.260472233247,3792.1332532669353,9120.11,8042.58,3789.46,12000,9450,4500,0.7600091666666667,0.8510666666666666,0.8421022222222222,30000,0.698405,6771,0,-1,-1,-1,MONITORING,CAPEX_PROPOSED|CAPEX_DEFERRED,316993366.56757915,false
baseline,seed-3,VAP,32,29785.189999999995,19362.219999999998,10422.969999999998,0,27147.549999999996,2637.64,0,19362.219999999998,0,5.5836572676133365,6.113511584348765,59.36,5243.528888958635,35017.472938908104,8649.393139608055,5403.23,6893.64,5744.7,8000,8100,6750,0.67540375,0.8510666666666667,0.8510666666666666,30000,0.6013856666666667,7007,0,-1,-1,-1,NOT_CONSIDERED,CAPEX_PROPOSED|CAPEX_DEFERRED|CAPEX_DEFERRED,297307491.01093054,false
baseline,seed-4,JPQ,1,1900,0,1900,0,1900,0,0,0,0,-1,7.005263157894737,-1,4771.23,7232.55,4209.91,4015.62,6783.23,2509.76,8000,8000,5000,0.5019525,0.84790375,0.5019520000000001,30000,0.4436203333333333,5500,2790.77,-1,-1,-1,NOT_CONSIDERED,CAPEX_DEFERRED|CAPEX_DEFERRED,25000000,false
baseline,seed-4,CONSV,1,1400,0,1400,1100,300,0,0,0,0,-1,5.582142857142857,-1,6997.600000000001,6546.8,3259.2,6782.54,5934.73,2128.14,8000,7000,4000,0.8478175,0.8478185714285714,0.5320349999999999,30000,0.494847,4500,1273.83,-1,-1,-1,NOT_CONSIDERED,CAPEX_DEFERRED|CAPEX_DEFERRED|CAPEX_DEFERRED,35000000,false
baseline,seed-4,VAP,1,1650,0,1650,0,450,1200,0,0,0,-1,8.374242424242425,-1,4414.389999999999,5357.759999999999,5698.780000000001,1032.51,5093.06,5093.06,8000,6000,6000,0.12906375,0.8488433333333334,0.8488433333333334,30000,0.3739543333333334,6500,0,-1,-1,-1,NOT_CONSIDERED,CAPEX_DEFERRED|CAPEX_DEFERRED,22000000,false
baseline,seed-4,JPQ,2,1284.48,0,1284.48,755.61,449.32,79.55,0,0,0,-1,5.452158441225616,100,4986.64,5178.117192023859,3812.8128079761404,5694.11,6019.51,3797.33,8000,8000,5000,0.7117637499999999,0.75243875,0.759466,30000,0.5170316666666667,5500,1854.94,-1,-1,-1,NOT_CONSIDERED,CAPEX_DEFERRED|CAPEX_DEFERRED,14494279.701722093,false
baseline,seed-4,CONSV,2,1115.09,0,1115.09,215.06,612.0699999999999,287.96,0,0,0,-1,6.219324203933475,100,5789.861007556675,6516.957909319899,3368.7710831234253,5924.61,5067.59,2959.32,8000,7000,4000,0.7405762499999999,0.7239414285714286,0.73983,30000,0.46505066666666667,4500,2169.45,-1,-1,-1,NOT_CONSIDERED,CAPEX_DEFERRED|CAPEX_DEFERRED|CAPEX_DEFERRED,10878104.155727632,false
baseline,seed-4,VAP,2,3646.58,0,3646.58,3381.8799999999997,264.7,0,0,0,0,-1,4.656061477439135,100,7176.263401131473,4483.168523492993,3866.9294798685764,6507.15,4892.68,0,8000,6000,6000,0.8133937499999999,0.8154466666666668,0,30000,0.3799943333333333,6500,275.74,-1,-1,-1,NOT_CONSIDERED,CAPEX_DEFERRED|CAPEX_DEFERRED,20033387.12761445,false
baseline,seed-4,JPQ,3,0,0,0,0,0,0,0,0,0,-1,-1,100,4362.8941891434015,4876.185002644322,3849.612519832413,5917.85,6400.08,4070.5,8000,8000,5000,0.7397312500000001,0.80001,0.8141,30000,0.546281,6009,685.01,-1,-1,-1,NOT_CONSIDERED,CAPEX_DEFERRED,31358001.38952228,false
baseline,seed-4,CONSV,3,2333.73,0,2333.73,188.05,1791.28,354.4,0,0,0,-1,4.907168293883325,100,5879.552087479548,7819.789143576823,3499.7187689436228,6377.51,5519.62,3188.75,8000,7000,4000,0.79718875,0.7885171428571428,0.7971875,30000,0.5028626666666667,5038,1029.79,-1,-1,-1,NOT_CONSIDERED,CAPEX_DEFERRED|CAPEX_DEFERRED|CAPEX_DEFERRED,35656900.42442234,false
baseline,seed-4,VAP,3,3599.92,0,3599.92,1289.11,279.78,2031.03,0,0,0,-1,5.3612732581466025,100,5212.659447826394,4641.851012931479,6029.595095187189,6148.69,4496.05,4397.71,8000,6000,6000,0.7685862499999999,0.7493416666666667,0.7329516666666667,30000,0.501415,6500,0,-1,-1,-1,NOT_CONSIDERED,CAPEX_DEFERRED|CAPEX_DEFERRED|CAPEX_DEFERRED,22066757.188114405,false
baseline,seed-4,JPQ,4,0,0,0,0,0,0,0,0,0,-1,-1,100,5278.063153835315,5899.011760168881,4657.114547501748,5792.06,6510.43,4086.28,8000,8000,5000,0.7240075,0.81380375,0.8172560000000001,30000,0.5462923333333334,6009,620.6,-1,-1,-1,NOT_CONSIDERED,CAPEX_DEFERRED,24915373.118263993,false
baseline,seed-4,CONSV,4,2943.32,0,2943.32,0,2518.46,424.86,0,0,0,-1,5.167195199016697,100,5760.2078253568425,8619.73276238455,3608.1229785547957,4687.66,5933.53,3390.59,8000,7000,4000,0.5859575,0.8476471428571428,0.8476475,30000,0.46705933333333327,5038,2112.63,-1,-1,-1,NOT_CONSIDERED,CAPEX_DEFERRED|CAPEX_PROPOSED|CAPEX_PROPOSED,33046029.93890848,false
baseline,seed-4,VAP,4,2823.59,0,2823.59,0,691.49,2132.1,0,0,0,-1,6.172887721419748,100,4087.1595924247226,5235.448039344694,6297.403356577479,5749.97,5089.99,5088.96,8000,6000,6000,0.71874625,0.8483316666666666,0.84816,30000,0.530964,6500,0,-1,-1,-1,NOT_CONSIDERED,CAPEX_DEFERRED|CAPEX_DEFERRED,15992411.559206728,false
baseline,seed-4,JPQ,5,479.31,0,479.31,0,0,479.31,0,0,0,-1,6.61351438433301,100,5356.527026117705,5986.705551573076,5205.6585006623345,5366.67,6021.68,4239.95,8000,8000,5000,0.67083375,0.75271,0.8479899999999999,30000,0.5209433333333333,6009,1110.64,-1,-1,-1,NOT_CONSIDERED,CAPEX_DEFERRED,22695618.831547715,false
baseline,seed-4,CONSV,5,4043.26,0,4043.26,918.07,2831.73,293.46,0,0,0,-1,4.87916374286776,100,6712.625852293595,8969.374728796309,3495.714549951724,6371.72,5519.62,3188.75,8000,7000,4000,0.796465,0.7885171428571428,0.7971875,30000,0.5026696666666667,5038,1029.79,-1,-1,-1,NOT_CONSIDERED,CAPEX_DEFERRED|CAPEX_DEFERRED|CAPEX_DEFERRED,35286192.540476315,false
baseline,seed-4,VAP,5,2051.17,0,2051.17,0,509.25,1541.9199999999998,0,0,0,-1,6.185647238834362,100,4168.964635129209,5144.165407758673,5790.573569002642,4366.77,5090.5,5090.5,8000,6000,6000,0.5458462500000001,0.8484166666666667,0.8484166666666667,30000,0.4849256666666667,6500,0,-1,-1,-1,NOT_CONSIDERED,CAPEX_DEFERRED|CAPEX_DEFERRED,26258442.623548254,false
baseline,seed-4,JPQ,6,1128.98,0,1128.98,0,0,1128.98,0,0,0,-1,6.5583788934126,100,5507.393083412279,6155.321681460784,5988.444485363776,5453.01,5960.17,4247.21,8000,8000,5000,0.68162625,0.74502125,0.849442,30000,0.522013,6009,1471.66,-1,-1,-1,NOT_CONSIDERED,CAPEX_DEFERRED,23932058.22787044,false
baseline,seed-4,CONSV,6,4366.76,0,4366.76,443.95,3558.8999999999996,363.91,0,0,0,-1,4.958782856577416,100,6319.205609875488,9782.032586776011,3610.7617844048755,6389.73,5530.2,3194.86,8000,7000,4000,0.7987162499999999,0.7900285714285714,0.7987150000000001,30000,0.5038263333333334,5038,1029.79,-1,-1,-1,NOT_CONSIDERED,CAPEX_DEFERRED|CAPEX_DEFERRED|CAPEX_DEFERRED,34704550.55342435,false
baseline,seed-4,VAP,6,1276.69,0,1276.69,0,326.51,950.18,0,0,0,-1,6.138748923974863,100,5204.97155540924,6113.217185165958,6254.660770137283,4959.66,5089.99,5089.99,8000,6000,6000,0.6199574999999999,0.8483316666666666,0.8483316666666666,30000,0.5046546666666667,6500,0,-1,-1,-1,NOT_CONSIDERED,CAPEX_DEFERRED|CAPEX_DEFERRED,17117358.547002375,false
baseline,seed-4,JPQ,7,1825.6000000000001,0,1825.6000000000001,0,0,1825.6000000000001,0,0,0,-1,6.558031451035911,100,5582.8396258779,6239.655423624357,6751.643755492914,5755.07,6051.58,4254.05,8000,8000,5000,0.71938375,0.7564474999999999,0.8508100000000001,30000,0.5353566666666667,6009,1349.99,-1,-1,-1,NOT_CONSIDERED,CAPEX_DEFERRED|CAPEX_DEFERRED,12307789.8058409,false
baseline,seed-4,CONSV,7,4703.75,0,4703.75,0,4275.5,428.25,0,0,0,-1,5.114696453157378,100,5897.59,10522.3,3687.46,4703.73,5954.48,3402.56,8000,7000,4000,0.5879662499999999,0.85064,0.85064,30000,0.46869233333333327,5038,2112.63,-1,-1,-1,NOT_CONSIDERED,CAPEX_DEFERRED|CAPEX_DEFERRED|CAPEX_DEFERRED,15931645.012325358,false
baseline,seed-4,VAP,7,2409.45,0,2409.45,0,1144.23,1265.22,0,0,0,-1,5.84754907620475,100,5312.8615569422545,7050.8955520575455,6679.65342450428,5623.79,5089.99,5089.99,8000,6000,6000,0.70297375,0.8483316666666666,0.8483316666666666,30000,0.5267923333333333,6500,0,-1,-1,-1,NOT_CONSIDERED,CAPEX_DEFERRED|CAPEX_DEFERRED,28511096.147132445,false
baseline,seed-4,JPQ,8,2092.3500000000004,0,2092.3500000000004,0,0,2092.3500000000004,0,0,0,-1,6.693998514112038,100,5551.810106980505,6204.975311198569,6991.014719367292,5920.92,6352.27,4254.05,8000,8000,5000,0.740115,0.7940337500000001,0.8508100000000001,30000,0.5509080000000001,6009,804.54,-1,-1,-1,NOT_CONSIDERED,CAPEX_DEFERRED|CAPEX_DEFERRED,35801370.017962575,false
baseline,seed-4,CONSV,8,5952.34,0,5952.34,1145.68,4567.82,238.84,0,0,0,-1,4.971261512271431,100,7038.881225350318,11122.04670424664,3495.5935835108635,6352.91,5765.37,3178.37,8000,7350,4000,0.79411375,0.7844040816326531,0.7945924999999999,30000,0.5098883333333333,5038,1166.88,-1,-1,-1,NOT_CONSIDERED,CAPEX_DEFERRED|CAPEX_PROPOSED|CAPEX_DEFERRED,31514385.30631896,false
baseline,seed-4,VAP,8,3174.67,0,3174.67,0,1961.96,1212.71,0,0,0,-1,5.707336238451427,100,5384.517703201444,7948.277091309527,6700.1673337004,5619.65,5089.99,5089.99,8000,6000,6000,0.70245625,0.8483316666666666,0.8483316666666666,30000,0.5266543333333333,6500,0,-1,-1,-1,NOT_CONSIDERED,CAPEX_PROPOSED|CAPEX_DEFERRED,34909255.37945564,false
baseline,seed-4,JPQ,9,2329.77,0,2329.77,0,0,2329.77,0,0,0,-1,6.76027704540164,100,5525.675844863078,6175.755356023441,7205.366333702716,5984.1,6807.17,4254.91,8000,8000,5000,0.7480125000000001,0.85089625,0.850982,30000,0.568206,6249,0,-1,-1,-1,NOT_CONSIDERED,CAPEX_PROPOSED|CAPEX_PROPOSED,44955088.013000205,false
baseline,seed-4,CONSV,9,6317.469999999999,0,6317.469999999999,690.38,5361.58,265.51,0,0,0,-1,5.074263945870606,100,6578.436486376157,11910.105980407166,3519.43595299735,6778.18,6222.29,3389.09,8000,7350,4000,0.8472725,0.8465700680272109,0.8472725,30000,0.5463186666666667,5360,73.98,-1,-1,-1,NOT_CONSIDERED,CAPEX_PROPOSED|CAPEX_DEFERRED|CAPEX_DEFERRED,36845692.34991864,false
baseline,seed-4,VAP,9,4141.5599999999995,0,4141.5599999999995,0,2896.69,1244.87,0,0,0,-1,5.600339433108377,100,5373.025919810419,8870.219600683347,6720.5955904253415,5407.79,5089.99,4617,8000,6000,6000,0.67597375,0.8483316666666666,0.7695,30000,0.503826,6500,0,-1,-1,-1,NOT_CONSIDERED,CAPEX_DEFERRED|CAPEX_DEFERRED,30644496.981309008,false
baseline,seed-4,JPQ,10,2589.91,0,2589.91,0,0,2589.91,0,0,0,-1,6.839309357709379,100,5824.128254528142,6509.3278893617,7728.8582315680405,5924.64,6808.54,4255.34,8000,8000,5000,0.74058,0.8510675,0.851068,30000,0.566284,6249,0,-1,-1,-1,MONITORING,CAPEX_DEFERRED|CAPEX_DEFERRED,49500577.48035127,false
baseline,seed-4,CONSV,10,5741.92,0,5741.92,0,5698.43,43.49,0,0,0,-1,5.137152466714117,100,5792.41397067951,12140.589809503901,3444.6267426666236,6807.85,6254.71,3616.31,8000,7350,4250,0.85098125,0.8509809523809524,0.8508964705882353,30000,0.5559623333333334,5603,0,-1,-1,-1,NOT_CONSIDERED,CAPEX_DEFERRED|CAPEX_DEFERRED|CAPEX_PROPOSED,36808055.1693668,false
baseline,seed-4,VAP,10,5639.759999999999,0,5639.759999999999,0,3854.7000000000003,1785.06,0,0,0,-1,5.685081229387933,100,5344.934646940071,9797.019520963238,7232.187046320261,5347.46,5098.71,5098.71,8000,6000,6000,0.6684325,0.849785,0.849785,30000,0.5181626666666667,6500,0,-1,-1,-1,NOT_CONSIDERED,CAPEX_DEFERRED|CAPEX_DEFERRED,38837007.172927074,false
baseline,seed-4,JPQ,11,3159.2799999999997,0,3159.2799999999997,0,0,3159.2799999999997,0,0,0,-1,6.672897487971477,100,5789.648066815272,6470.781413284719,8267.804468229137,5884.29,6808.54,4255.34,8000,8000,5000,0.73553625,0.8510675,0.851068,30000,0.564939,6249,0,-1,-1,-1,MONITORING,CAPEX_DEFERRED|CAPEX_DEFERRED,54711313.25367444,false
baseline,seed-4,CONSV,11,5905.850000000001,0,5905.850000000001,0,5905.850000000001,0,0,0,0,-1,5.020698225874153,100,7730.5916378674565,11637.683675185324,3026.123616155882,8305.21,6253.46,3432.12,12000,7350,4250,0.6921008333333333,0.8508108843537415,0.8075576470588235,30000,0.5996929999999999,5603,761.77,-1,-1,-1,NOT_CONSIDERED,CAPEX_DEFERRED|CAPEX_DEFERRED,47324479.320998564,false
baseline,seed-4,VAP,11,6655.13,0,6655.13,0,4804.000000000001,1851.13,0,0,0,-1,5.503109502610836,100,5315.845644841631,10713.958705958663,7268.582375371654,5397.68,5106.4,4617,8000,6000,6000,0.67471,0.8510666666666666,0.7695,30000,0.504036,6500,0,-1,-1,-1,NOT_CONSIDERED,CAPEX_DEFERRED|CAPEX_PROPOSED|CAPEX_DEFERRED,38318278.05996611,false
baseline,seed-4,JPQ,12,3952.7600000000007,0,3952.7600000000007,0,0,3952.7600000000007,0,0,0,-1,6.83226376883812,100,5811.680991591147,6495.395504179018,9080.706909077051,5947.01,6808.54,4255.34,8000,8000,5000,0.7433762500000001,0.8510675,0.851068,30000,0.5670296666666667,6249,0,-1,-1,-1,MONITORING,CAPEX_DEFERRED,49408173.930378005,false
baseline,seed-4,CONSV,12,5411.530000000001,0,5411.530000000001,0,5411.530000000001,0,0,0,0,-1,5.1689533155646945,100,8811.61045997568,12255.994809206208,3449.275664507803,9942,6551.9,3616.31,12000,7700,4250,0.8285,0.8508961038961038,0.8508964705882353,30000,0.6703403333333334,6092,0,-1,-1,-1,NOT_CONSIDERED,CAPEX_PROPOSED|CAPEX_DEFERRED,37937163.98188679,false
baseline,seed-4,VAP,12,8385.949999999999,0,8385.949999999999,0,5745.599999999999,2640.3500000000004,0,0,0,-1,5.715623752243822,87.28,5335.76076417896,12023.75835165229,8078.107959380251,5477.13,5403.73,5106.4,8000,6350,6000,0.68464125,0.8509811023622047,0.8510666666666666,30000,0.5329086666666667,6500,0,-1,-1,-1,NOT_CONSIDERED,CAPEX_PROPOSED|CAPEX_DEFERRED|CAPEX_DEFERRED,48052545.66398949,false
baseline,seed-4,JPQ,13,4690.85,0,4690.85,0,0,4690.85,0,0,0,-1,6.798178990393031,90.76,5830.860102424922,6801.94527765582,9835.728293422751,5980.37,7106.41,4255.34,8000,8350,5000,0.74754625,0.8510670658682634,0.851068,30000,0.5780706666666666,6249,0,-1,-1,-1,MONITORING,CAPEX_DEFERRED,60696152.96231407,false
baseline,seed-4,CONSV,13,5731.110000000001,0,5731.110000000001,0,5731.110000000001,0,0,0,0,-1,5.178639279908699,100,8815.515056744824,12578.599984866265,3450.8101702389276,9430.56,6553.22,3617.03,12000,7700,4250,0.7858799999999999,0.8510675324675325,0.8510658823529412,30000,0.6533603333333332,6296,0,-1,-1,-1,NOT_CONSIDERED,CAPEX_DEFERRED,36024464.34957742,false
baseline,seed-4,VAP,13,9619.68,341.87,9277.81,0,6742.69,2876.99,0,341.87,0,5.200844539109606,5.722243338178445,86.37,5352.239780902251,13040.22977749984,8331.561850683804,5484.27,5404.28,5106.4,8000,6350,6000,0.68553375,0.851067716535433,0.8510666666666666,30000,0.533165,6500,0,-1,-1,-1,NOT_CONSIDERED,CAPEX_DEFERRED|CAPEX_DEFERRED|CAPEX_DEFERRED,51174900.6525007,false
baseline,seed-4,JPQ,14,5321.060000000001,435.51,4885.550000000001,0,0,5321.060000000001,0,0,435.51,6.975477109292112,6.812774313344276,90.26,5838.96010464327,6811.39427332203,10473.08535661031,5959.27,7106.41,4255.34,8000,8350,5000,0.74490875,0.8510670658682634,0.851068,30000,0.5773673333333333,6249,0,-1,-1,-1,MONITORING,CAPEX_DEFERRED,72219252.07163742,false
baseline,seed-4,CONSV,14,6049.370000000001,0,6049.370000000001,0,6049.370000000001,0,0,0,0,-1,5.1907821971215276,100,8818.104176323788,12898.861126840708,3451.82367428464,8673.48,6553.22,3614.94,12000,7700,4250,0.7227899999999999,0.8510675324675325,0.8505741176470588,30000,0.6280546666666666,6296,0,-1,-1,-1,NOT_CONSIDERED,CAPEX_DEFERRED,44561795.78714165,false
baseline,seed-4,VAP,14,10599.249999999998,1338.41,9260.839999999998,0,7739.21,2860.04,0,1338.41,0,5.20861532097615,5.738175354325034,85.36,5347.334452359502,14030.97808137182,8309.593075466277,5437.8,5404.28,5106.4,8000,6350,6000,0.679725,0.851067716535433,0.8510666666666666,30000,0.531616,6500,0,-1,-1,-1,NOT_CONSIDERED,CAPEX_DEFERRED|CAPEX_DEFERRED|CAPEX_DEFERRED,60123895.028869465,false
baseline,seed-4,JPQ,15,6078.400000000001,1065.72,5012.68,0,0,6078.400000000001,0,0,1065.72,6.999030528470165,6.7149422285967955,90.21,5854.904353018472,6830.013629883405,11502.78667728178,5947.41,6983.31,4467.2,8000,8350,5250,0.74342625,0.8363245508982037,0.850895238095238,30000,0.5799306666666667,6249,0,-1,-1,-1,MONITORING,CAPEX_PROPOSED,85768975.69778952,false
baseline,seed-4,CONSV,15,6367.62,0,6367.62,0,6367.62,0,0,0,0,-1,5.1205608169465195,100,8825.140726181735,13222.569040993578,3454.5841841042857,8588.85,6553.22,3409.47,12000,7700,4250,0.7157375,0.8510675324675325,0.8022282352941176,30000,0.6183846666666667,6296,0,-1,-1,-1,NOT_CONSIDERED,CAPEX_DEFERRED,57929515.299316585,false
baseline,seed-4,VAP,15,11748.869999999999,2334.93,9413.939999999999,0,8735.73,3013.1400000000003,0,2334.93,0,5.221870400807426,5.6772268037278595,79.83,5354.429253453318,15035.834489709909,8469.9294623411,5430.86,5404.28,5106.4,8000,6350,6000,0.6788575,0.851067716535433,0.8510666666666666,30000,0.5313846666666666,6500,0,-1,-1,-1,NOT_CONSIDERED,CAPEX_DEFERRED|CAPEX_DEFERRED|CAPEX_DEFERRED,71017446.26174904,false
baseline,seed-4,JPQ,16,6974.439999999999,1611.2,5363.239999999999,0,0,6974.439999999999,0,0,1611.2,6.905453189509323,6.688610179121574,70.58,5859.857965173033,6835.780735723965,12403.426636326623,5940.82,6892.38,4468.1,8000,8350,5250,0.7426024999999999,0.8254347305389221,0.8510666666666667,30000,0.5767100000000001,6452,0,-1,-1,-1,MONITORING,CAPEX_DEFERRED,96328298.49732445,false
baseline,seed-4,CONSV,16,6685.870000000001,0,6685.870000000001,0,6685.870000000001,0,0,0,0,-1,5.117074602737181,100,8825.855319818931,13852.9964814013,3658.0747939382004,8816.45,6851.09,3593.64,12000,8050,4500,0.7347041666666667,0.8510670807453417,0.7985866666666667,30000,0.6420393333333333,6296,0,-1,-1,-1,NOT_CONSIDERED,CAPEX_PROPOSED|CAPEX_DEFERRED,73281404.34965704,false
baseline,seed-4,VAP,16,13087.759999999998,3331.45,9756.309999999998,0,9731.249999999998,3356.5099999999998,0,3331.45,0,5.137400105691658,5.699642642041143,62.98,5339.217131542229,16359.728436880589,8797.787535476678,5421.57,5702.15,5106.4,8000,6700,6000,0.67769625,0.8510671641791044,0.8510666666666666,30000,0.5410039999999999,6500,0,-1,-1,-1,NOT_CONSIDERED,CAPEX_PROPOSED|CAPEX_DEFERRED|CAPEX_DEFERRED,83747943.82167907,false
baseline,seed-4,JPQ,17,7851.240000000002,2506.34,5344.9000000000015,0,0,7851.240000000002,0,0,2506.34,6.828842056861091,6.900362383184492,70.65,6067.007077838707,7077.437266078777,13472.164827776585,6143.3,7106.41,4468.55,8000,8350,5250,0.7679125,0.8510670658682634,0.851152380952381,30000,0.5906086666666666,6452,0,-1,-1,-1,DEFERRED,CAPEX_DEFERRED|CAPEX_DEFERRED,106606487.14841746,false
baseline,seed-4,CONSV,17,7018.59,0,7018.59,0,7018.59,0,0,0,0,-1,5.284985420825773,88.79,8825.259571559189,14185.232697906788,3657.8378487383475,8924.97,6851.78,3685.78,12000,8050,4500,0.7437474999999999,0.8511527950310559,0.8190622222222222,30000,0.648751,6296,0,-1,-1,-1,NOT_CONSIDERED,CAPEX_DEFERRED|CAPEX_DEFERRED,83509076.56037599,false
baseline,seed-4,VAP,17,14412.72,4029.1000000000004,10383.619999999999,0,10757.570000000002,3655.15,0,4029.1000000000004,0,5.129532547945021,5.889628359358044,61.67,5336.009912430366,17382.05338830067,9319.763753741769,5413.33,5702.15,5319.17,8000,6700,6250,0.67666625,0.8510671641791044,0.8510672,30000,0.5478216666666668,6500,0,-1,-1,-1,NOT_CONSIDERED,CAPEX_DEFERRED|CAPEX_PROPOSED|CAPEX_DEFERRED,93021372.04485953,false
baseline,seed-4,JPQ,18,8564.4,3382.6899999999996,5181.71,0,0,8564.4,0,0,3382.6899999999996,6.971294500171113,6.764937855710315,71.92,6052.688053852164,7060.733479075393,14172.048767106075,6196.78,7105.7,4467.65,8000,8350,5250,0.7745974999999999,0.8509820359281437,0.8509809523809523,30000,0.5923376666666665,6452,0,-1,-1,-1,DEFERRED,CAPEX_DEFERRED|CAPEX_DEFERRED,118798623.88661732,false
baseline,seed-4,CONSV,18,7318.85,166.81,7152.04,0,7318.85,0,0,166.81,0,5.323055319581489,5.183149131983397,88.05,8821.834242018891,14482.721096095604,3656.418139784145,8882.04,6851.78,3614.99,12000,8050,4500,0.7401700000000001,0.8511527950310559,0.8033311111111111,30000,0.6449603333333332,6296,0,-1,-1,-1,NOT_CONSIDERED,CAPEX_DEFERRED|CAPEX_DEFERRED,97538734.0177711,false
baseline,seed-4,VAP,18,14882.089999999998,5055.42,9826.669999999998,0,11771.349999999999,3110.74,0,5055.42,0,5.293001089377143,5.709159134513958,60.26,5325.65739650552,18382.995428182072,8764.35205519971,5396.51,5702.15,5319.17,8000,6700,6250,0.67456375,0.8510671641791044,0.8510672,30000,0.5472610000000001,6500,0,-1,-1,-1,NOT_CONSIDERED,CAPEX_DEFERRED|CAPEX_DEFERRED|CAPEX_DEFERRED,102186028.2888191,false
baseline,seed-4,JPQ,19,9655.2,4096.75,5558.450000000001,0,0,9655.2,0,0,4096.75,6.79616536768603,6.80802872854176,70.53,6061.704896802286,7071.240518254029,15271.183608110172,6169.59,7106.41,4468.1,8000,8350,5250,0.77119875,0.8510670658682634,0.8510666666666667,30000,0.5914699999999999,6452,0,-1,-1,-1,DEFERRED,CAPEX_DEFERRED|CAPEX_DEFERRED,131684235.25391567,false
baseline,seed-4,CONSV,19,7650.89,467.07,7183.820000000001,0,7650.89,0,0,467.07,0,5.220600420647138,5.2105082955556945,88.14,8826.400883497152,14818.477591648629,3658.305050469381,8836.15,6851.78,3625.94,12000,8050,4500,0.7363458333333333,0.8511527950310559,0.8057644444444445,30000,0.6437956666666667,6296,0,-1,-1,-1,NOT_CONSIDERED,CAPEX_DEFERRED|CAPEX_DEFERRED,111336892.71470903,false
baseline,seed-4,VAP,19,16018.89,6069.2,9949.689999999999,0,12821.470000000001,3197.42,0,6069.2,0,5.187715671155822,5.761807342572998,61.63,5321.213277635894,19427.61192155533,8846.318888824157,5428.45,5702.15,5319.17,8000,6700,6250,0.67855625,0.8510671641791044,0.8510672,30000,0.5483256666666666,6500,0,-1,-1,-1,NOT_CONSIDERED,CAPEX_DEFERRED|CAPEX_DEFERRED|CAPEX_DEFERRED,112420177.542546,false
baseline,seed-4,JPQ,20,10803.03,5187.1,5615.93,0,0,10803.03,0,0,5187.1,6.816834784262892,6.821159029600923,70.32,6067.714937883398,7078.263016732302,16424.60076126164,6137.75,7106.41,4468.1,8000,8350,5250,0.76721875,0.8510670658682634,0.8510666666666667,30000,0.5904086666666667,6452,0,-1,-1,-1,DEFERRED,CAPEX_DEFERRED|CAPEX_DEFERRED,146360386.22772866,false
baseline,seed-4,CONSV,20,7982.929999999999,799.11,7183.82,0,7982.929999999999,0,0,799.11,0,5.248392352004226,5.232407518165572,89.85,8825.742329055098,15461.585341988794,3658.0279623677584,8829.7,7148.96,3662.86,12000,8400,4500,0.7358083333333334,0.8510666666666666,0.813968888888889,30000,0.6547173333333334,6296,0,-1,-1,-1,NOT_CONSIDERED,CAPEX_PROPOSED|CAPEX_DEFERRED,126306623.39858332,false
baseline,seed-4,VAP,20,17468.110000000004,7119.32,10348.790000000005,0,13872.92,3595.1899999999996,0,7119.32,0,5.213159509841197,5.82144301536039,62.29,5309.880356600002,20809.34746220565,9232.061423692709,5439.24,5998.82,5318.63,8000,7050,6250,0.679905,0.8508964539007092,0.8509808,30000,0.5585563333333333,6500,0,-1,-1,-1,NOT_CONSIDERED,CAPEX_PROPOSED|CAPEX_DEFERRED|CAPEX_DEFERRED,124465273.00876641,false
baseline,seed-4,JPQ,21,11905.88,6334.930000000001,5570.949999999998,0,0,11905.88,0,0,6334.930000000001,6.843945954988503,7.014596235553166,70.48,6070.938938174708,7082.032197729793,17798.262782852118,6132.58,7105.7,4679.93,8000,8350,5500,0.7665725,0.8509820359281437,0.8508963636363637,30000,0.5972736666666666,6452,0,-1,-1,-1,DEFERRED,CAPEX_PROPOSED|CAPEX_DEFERRED,160079491.0468482,false
baseline,seed-4,CONSV,21,8330.130000000001,833.97,7496.160000000001,0,8330.130000000001,0,0,833.97,0,5.273233821238716,5.378064043643801,89.1,8827.413131447724,15810.191148636944,3658.7304426395167,8845.74,7149.68,3650.24,12000,8400,4500,0.7371449999999999,0.851152380952381,0.8111644444444444,30000,0.6548553333333333,6296,0,-1,-1,-1,NOT_CONSIDERED,CAPEX_DEFERRED|CAPEX_DEFERRED,138229362.67509478,false
baseline,seed-4,VAP,21,18908.770000000008,7874.1,11034.670000000007,0,14960.48,3948.29,0,7874.1,0,5.236547414971623,5.99619708043606,61.03,5310.761445585604,21898.048347488886,9586.089643561152,5429.38,5999.42,5318.63,8000,7050,6250,0.6786725,0.850981560283688,0.8509808,30000,0.5582476666666667,6500,0,-1,-1,-1,NOT_CONSIDERED,CAPEX_DEFERRED|CAPEX_DEFERRED|CAPEX_DEFERRED,133769946.58372857,false
baseline,seed-4,JPQ,22,12770.339999999998,7225.95,5544.3899999999985,0,0,12770.339999999998,0,0,7225.95,7.018843873008856,6.819768332400768,70.58,6080.717796941289,7093.419887279953,18672.214029530587,6149.62,7106.41,4680.87,8000,8350,5500,0.7687025,0.8510670658682634,0.8510672727272727,30000,0.5978966666666666,6688,0,-1,-1,-1,DEFERRED,CAPEX_PROPOSED|CAPEX_DEFERRED|CAPEX_DEFERRED,175040207.76893798,false
baseline,seed-4,CONSV,22,8676.599999999999,1180.45,7496.149999999999,0,8676.599999999999,0,0,1180.45,0,5.419257537353189,5.234785294133891,88.67,8836.932171447312,16164.718807176556,3662.6716939220214,8861.46,7149.68,3635.98,12000,8400,4500,0.738455,0.851152380952381,0.8079955555555556,30000,0.6549039999999999,6296,0,-1,-1,-1,NOT_CONSIDERED,CAPEX_DEFERRED|CAPEX_DEFERRED,154464707.21138322,false
baseline,seed-4,VAP,22,19622.909999999993,8961.06,10661.849999999993,0,16044.189999999999,3578.7200000000003,0,8961.06,0,5.35794636821752,5.785553185846182,59.42,5314.116614815763,22986.142141506432,9220.084532692614,5422.67,6000.02,5319.17,8000,7050,6250,0.67783375,0.8510666666666667,0.8510672,30000,0.5580620000000001,6500,0,-1,-1,-1,NOT_CONSIDERED,CAPEX_DEFERRED|CAPEX_DEFERRED|CAPEX_DEFERRED,148411608.98767602,false
baseline,seed-4,JPQ,23,13966.74,8089.47,5877.2699999999995,0,0,13966.74,0,0,8089.47,6.921974755943244,6.813799884410809,69.36,6084.775041325138,7098.152838053366,19872.551943780207,6151.12,7106.41,4680.87,8000,8350,5500,0.76889,0.8510670658682634,0.8510672727272727,30000,0.5979466666666666,6688,0,-1,-1,-1,DEFERRED,CAPEX_DEFERRED|CAPEX_DEFERRED|CAPEX_DEFERRED,187510684.70608702,false
baseline,seed-4,CONSV,23,9023.069999999998,1526.92,7496.149999999998,0,9023.069999999998,0,0,1526.92,0,5.2747144835799356,5.223908083156612,88.87,9147.332695667546,16774.230179610324,3791.315209041766,9158.2,7148.24,3780.46,12000,8400,4500,0.7631833333333334,0.8509809523809524,0.8401022222222222,30000,0.6695633333333334,6296,0,-1,-1,-1,MONITORING,CAPEX_DEFERRED|CAPEX_DEFERRED,170500603.40899366,false
baseline,seed-4,VAP,23,20651.28,10044.169999999998,10607.11,0,17114.929999999997,3536.35,0,10044.169999999998,0,5.286747254518029,5.77824258896081,60.19,5307.637459916079,24048.43053945253,9396.210476847771,5403.43,5999.42,5530.82,8000,7050,6500,0.67542875,0.850981560283688,0.8508953846153846,30000,0.5644556666666666,6500,0,-1,-1,-1,NOT_CONSIDERED,CAPEX_DEFERRED|CAPEX_PROPOSED|CAPEX_DEFERRED,163779357.70098698,false
baseline,seed-4,JPQ,24,15230.48,9285.869999999999,5944.610000000001,0,0,15230.48,0,0,9285.869999999999,6.83901830204524,6.971359417625207,69.12,6089.591377585333,7103.771302279594,21140.95670767497,6146.48,7106.41,4680.87,8000,8350,5500,0.7683099999999999,0.8510670658682634,0.8510672727272727,30000,0.597792,6688,0,-1,-1,-1,DEFERRED,CAPEX_DEFERRED|CAPEX_DEFERRED|CAPEX_DEFERRED,199838297.5948375,false
baseline,seed-4,CONSV,24,9633.359999999999,1874.83,7758.529999999999,0,9633.359999999999,0,0,1874.83,0,5.264003460841346,5.3551158205452225,89.18,9148.259225742268,17708.28212004443,3791.70508031268,9261.26,7446.09,3829.42,12000,8750,4500,0.7717716666666666,0.8509817142857143,0.8509822222222222,30000,0.6845589999999999,6577,0,-1,-1,-1,MONITORING,CAPEX_PROPOSED|CAPEX_DEFERRED,183943535.9934664,false
baseline,seed-4,VAP,24,22155.149999999998,11115.509999999998,11039.64,0,18187.21,3967.94,0,11115.509999999998,0,5.235109614631228,5.967442969766839,61.67,5294.240852675065,25446.533336130284,9812.999724912423,5393.35,6297.26,5531.38,8000,7400,6500,0.6741687500000001,0.8509810810810811,0.8509815384615385,30000,0.5740663333333333,6765,0,-1,-1,-1,NOT_CONSIDERED,CAPEX_PROPOSED|CAPEX_DEFERRED|CAPEX_DEFERRED,176483667.05748034,false
baseline,seed-4,JPQ,25,16434.48,10549.61,5884.869999999999,0,0,16434.48,0,0,10549.61,6.915397009370648,6.872779081272454,69.33,6093.71479905956,7108.591374309662,22348.96876874808,6143.62,7106.41,4680.87,8000,8350,5500,0.7679525,0.8510670658682634,0.8510672727272727,30000,0.5976966666666665,6688,0,-1,-1,-1,DEFERRED,CAPEX_DEFERRED|CAPEX_DEFERRED|CAPEX_DEFERRED,215992304.24832588,false
baseline,seed-4,CONSV,25,10269.060000000001,2187.27,8081.790000000001,0,10269.060000000001,0,0,2187.27,0,5.385403835636195,5.274752145576825,61.55,9150.379275623756,18345.861079743227,3792.592067780855,9196.39,7447.58,3818.22,12000,8750,4500,0.7663658333333333,0.851152,0.8484933333333333,30000,0.682073,6577,0,-1,-1,-1,MONITORING,CAPEX_DEFERRED|CAPEX_DEFERRED,198918689.17656127,false
baseline,seed-4,VAP,25,23623.77,11889.95,11733.82,0,19288.46,4335.3099999999995,0,11889.95,0,5.30758442785939,5.891928509009531,60.42,5294.957438882311,26548.77772096156,10181.176970898909,5393.49,6297.9,5531.94,8000,7400,6500,0.67418625,0.8510675675675675,0.8510676923076922,30000,0.5741109999999999,6765,0,-1,-1,-1,NOT_CONSIDERED,CAPEX_DEFERRED|CAPEX_DEFERRED|CAPEX_DEFERRED,189215929.37567866,false
baseline,seed-4,JPQ,26,17435.76,11753.61,5682.149999999998,0,0,17435.76,0,0,11753.61,6.922591567873653,6.98686598232325,70.07,6104.965138198029,7420.220235239525,23361.177865948765,6151.94,7404.28,4681.34,8000,8700,5500,0.7689925,0.8510666666666666,0.8511527272727273,30000,0.6079186666666666,6688,0,-1,-1,-1,DEFERRED,CAPEX_PROPOSED|CAPEX_DEFERRED|CAPEX_DEFERRED,231366593.0722488,false
baseline,seed-4,CONSV,26,10903.26,2821.4799999999996,8081.780000000001,0,10903.26,0,0,2821.4799999999996,0,5.2998298042171434,5.364513626025172,61.55,9152.21310840858,18981.68975194521,3793.362139185372,9135.42,7447.58,3777.7,12000,8750,4500,0.761285,0.851152,0.8394888888888888,30000,0.67869,6577,0,-1,-1,-1,MONITORING,CAPEX_DEFERRED|CAPEX_DEFERRED,213310507.7663664,false
baseline,seed-4,VAP,26,24384.62,12990.560000000001,11394.059999999998,0,20386.23,3998.3900000000003,0,12990.560000000001,0,5.313339956166459,5.947952245036748,58.88,5296.044783245395,27648.027239823638,9845.443981925917,5394.8,6297.9,5531.94,8000,7400,6500,0.67435,0.8510675675675675,0.8510676923076922,30000,0.5741546666666667,6765,0,-1,-1,-1,NOT_CONSIDERED,CAPEX_DEFERRED|CAPEX_DEFERRED|CAPEX_DEFERRED,202170517.18303424,false
baseline,seed-4,JPQ,27,18468.91,12754.42,5714.49,0,0,18468.91,0,0,12754.42,6.95660699727107,7.221082312286339,70.42,6225.582606354993,7566.843153408113,24786.05740040025,6262.24,7403.54,4892.65,8000,8700,5750,0.7827799999999999,0.8509816091954023,0.8508956521739129,30000,0.6186143333333334,6688,0,-1,-1,-1,DEFERRED,CAPEX_DEFERRED|CAPEX_PROPOSED|CAPEX_DEFERRED,243484562.94224554,false
baseline,seed-4,CONSV,27,11537.47,3455.6800000000003,8081.789999999999,0,11537.47,0,0,3455.6800000000003,0,5.383988651613959,5.556957598017202,61.56,9151.949496193189,19615.668240758725,3793.2487356510824,9134.43,7447.58,3769.75,12000,8750,4500,0.7612025,0.851152,0.8377222222222223,30000,0.6783920000000001,6577,0,-1,-1,-1,MONITORING,CAPEX_DEFERRED|CAPEX_DEFERRED,227320499.82352817,false
baseline,seed-4,VAP,27,25174.370000000003,14088.330000000002,11086.04,0,21479.82,3694.5499999999997,0,14088.330000000002,0,5.325027528975359,6.128904979724431,58.96,5291.344594377338,28735.18305275323,9536.422931219127,5386.42,6297.9,5531.94,8000,7400,6500,0.6733025,0.8510675675675675,0.8510676923076922,30000,0.5738753333333333,6765,0,-1,-1,-1,NOT_CONSIDERED,CAPEX_DEFERRED|CAPEX_DEFERRED|CAPEX_DEFERRED,214740746.24629387,false
baseline,seed-4,JPQ,28,19885.66,13576.26,6309.4,0,0,19885.66,0,0,13576.26,7.092502874153441,7.3188220160366235,68.78,6222.71959220449,7563.349133498986,26199.882154349027,6311.7,7404.28,4893.64,8000,8700,5750,0.7889625,0.8510666666666666,0.8510678260869565,30000,0.6203206666666666,6944,0,-1,-1,-1,READY_TO_BUILD,CAPEX_DEFERRED|CAPEX_DEFERRED|CAPEX_DEFERRED,255624458.78453308,false
baseline,seed-4,CONSV,28,12171.689999999999,4089.89,8081.799999999999,0,12171.689999999999,0,0,4089.89,0,5.571407073736303,5.638264869540594,61.56,9150.966111240079,20572.111441672932,3792.831153297696,9152.77,7743.93,3781.74,12000,9100,4500,0.7627308333333334,0.8509813186813188,0.8403866666666666,30000,0.6892813333333334,6577,0,-1,-1,-1,MONITORING,CAPEX_PROPOSED|CAPEX_DEFERRED,244539789.78496408,false
baseline,seed-4,VAP,28,26630.480000000003,15181.920000000002,11448.560000000001,0,22591.630000000005,4038.8499999999995,0,15181.920000000002,0,5.4593986310942935,6.2582674230412625,60.35,5276.109136029766,30168.268361088914,9863.913492036616,5385.21,6594.44,5531.38,8000,7750,6500,0.67315125,0.8508954838709677,0.8509815384615385,30000,0.5837009999999999,6765,0,-1,-1,-1,NOT_CONSIDERED,CAPEX_PROPOSED|CAPEX_DEFERRED|CAPEX_DEFERRED,231073346.6925115,false
baseline,seed-4,JPQ,29,21289.82,14992.019999999999,6297.800000000001,0,0,21289.82,0,0,14992.019999999999,7.232778542132316,7.238506796780241,68.82,6223.596145800628,7564.416669329189,27604.951577467087,6295.13,7405.03,4894.13,8000,8700,5750,0.78689125,0.8511528735632183,0.8511530434782609,30000,0.6198096666666667,6944,0,-1,-1,-1,APPROVED,CAPEX_DEFERRED|CAPEX_DEFERRED|CAPEX_DEFERRED,265316491.50224257,false
baseline,seed-4,CONSV,29,12832.83,4427.76,8405.07,0,12832.83,0,0,4427.76,0,5.64874625031726,5.57810930032485,60.63,9151.247619009953,21233.519035750465,3792.9419785379723,9162.68,7743.93,3789.55,12000,9100,4500,0.7635566666666667,0.8509813186813188,0.8421222222222222,30000,0.689872,6577,0,-1,-1,-1,MONITORING,CAPEX_DEFERRED|CAPEX_DEFERRED,261920671.28018764,false
baseline,seed-4,VAP,29,27837.129999999997,15997.190000000004,11839.939999999993,0,23742.290000000005,4094.84,0,15997.190000000004,0,5.58564249762272,6.170169722467524,58.64,5266.402176809069,31304.997846991657,10132.808675985056,5383.3,6595.11,5743.55,8000,7750,6750,0.6729125,0.8509819354838709,0.8508962962962964,30000,0.5907319999999999,6765,0,-1,-1,-1,NOT_CONSIDERED,CAPEX_DEFERRED|CAPEX_PROPOSED|CAPEX_DEFERRED,246427448.107551,false
baseline,seed-4,JPQ,30,22227.649999999998,16395.69,5831.959999999999,0,0,22227.649999999998,0,0,16395.69,7.276295956642888,7.165826677871165,70.45,6204.131772187728,7844.122611972795,28523.011007994635,6250.53,7702.16,4894.13,8000,9050,5750,0.7813162499999999,0.8510674033149171,0.8511530434782609,30000,0.6282273333333334,6944,0,-1,-1,-1,APPROVED,CAPEX_PROPOSED|CAPEX_DEFERRED|CAPEX_DEFERRED,275184906.2469993,false
baseline,seed-4,CONSV,30,13493.97,5088.900000000001,8405.07,0,13493.97,0,0,5088.900000000001,0,5.586451682396142,5.53730208171518,60.63,9151.839300128478,21895.20218891296,3793.1872141873396,9160.09,7743.93,3788.96,12000,9100,4500,0.7633408333333334,0.8509813186813188,0.8419911111111111,30000,0.689766,6577,0,-1,-1,-1,MONITORING,CAPEX_DEFERRED|CAPEX_DEFERRED,280274494.0986632,false
baseline,seed-4,VAP,30,28503.82,17147.18,11356.64,0,24909.780000000002,3594.04,0,17147.18,0,5.608836034019237,6.067123666896358,57.84,5263.007648363096,32467.612969862814,9628.118830825424,5401.44,6595.77,5744.7,8000,7750,6750,0.67518,0.8510670967741936,0.8510666666666666,30000,0.591397,7006,0,-1,-1,-1,NOT_CONSIDERED,CAPEX_DEFERRED|CAPEX_DEFERRED|CAPEX_DEFERRED,260451253.51939425,false
baseline,seed-4,JPQ,31,23440.050000000003,17333.52,6106.5300000000025,0,0,23440.050000000003,0,0,17333.52,7.243607155113854,7.176354034109499,69.94,6203.827781487165,7843.740877990346,29735.122463927877,6259.62,7702.93,4894.13,8000,9050,5750,0.7824525,0.8511524861878453,0.8511530434782609,30000,0.628556,6944,0,-1,-1,-1,APPROVED,CAPEX_DEFERRED|CAPEX_DEFERRED|CAPEX_DEFERRED,283544057.6643005,false
baseline,seed-4,CONSV,31,14155.11,5750.04,8405.07,0,14155.11,0,0,5750.04,0,5.543460358132757,5.530812056784755,60.63,9152.525468107122,22556.96208321612,3793.4816082406724,9155.82,7743.93,3790.3,12000,9100,4500,0.762985,0.8509813186813188,0.842288888888889,30000,0.6896683333333333,6577,0,-1,-1,-1,MONITORING,CAPEX_DEFERRED|CAPEX_DEFERRED,298787774.84872156,false
baseline,seed-4,VAP,31,29460.489999999998,18314.010000000002,11146.479999999996,0,26090.41,3370.08,0,18314.010000000002,0,5.576193562338119,6.048441671109238,58.44,5264.041597802523,33649.704179790344,9405.336424792291,5423.05,6595.77,5744.7,8000,7750,6750,0.67788125,0.8510670967741936,0.8510666666666666,30000,0.5921173333333334,7006,0,-1,-1,-1,NOT_CONSIDERED,CAPEX_DEFERRED|CAPEX_DEFERRED|CAPEX_DEFERRED,275991581.23108256,false
baseline,seed-4,JPQ,32,24895.100000000002,18545.920000000002,6349.18,0,0,24895.100000000002,0,0,18545.920000000002,7.201171444145917,7.331598558829669,69.12,8226.200325016604,9229.34940838684,32711.856766057128,5102.74,7702.93,7432.45,13000,13050,8750,0.39251846153846154,0.5902628352490422,0.8494228571428571,41000,0.49361268292682925,8665,6623.63,-1,-1,-1,NOT_CONSIDERED,CAPEX_DEFERRED|CAPEX_DEFERRED,300749121.7407629,false
baseline,seed-4,CONSV,32,14816.24,6411.18,8405.06,0,14816.24,0,0,6411.18,0,5.534937192107821,5.6636428092008515,60.64,9153.368288821672,23542.052150918604,3793.840932411781,9155.38,8040.97,3794.3,12000,9450,4500,0.7629483333333332,0.8508962962962964,0.8431777777777778,30000,0.6996883333333332,6577,0,-1,-1,-1,MONITORING,CAPEX_PROPOSED|CAPEX_DEFERRED,316377666.7855916,false
baseline,seed-4,VAP,32,31085.329999999994,19494.639999999996,11590.689999999999,0,27266.879999999994,3818.4499999999994,0,19494.639999999996,0,5.548358065186015,6.242731183385911,59.89,5252.62211434106,35150.45344329996,9840.626863143276,5408.54,6893.64,5744.7,8000,8100,6750,0.6760675,0.8510666666666667,0.8510666666666666,30000,0.6015626666666667,7006,0,-1,-1,-1,NOT_CONSIDERED,CAPEX_PROPOSED|CAPEX_DEFERRED|CAPEX_DEFERRED,292169585.0388709,false
baseline,seed-5,JPQ,1,1900,0,1900,0,1900,0,0,0,0,-1,7.005263157894737,-1,4771.23,7232.55,4209.91,4015.62,6783.23,2509.76,8000,8000,5000,0.5019525,0.84790375,0.5019520000000001,30000,0.4436203333333333,5500,2790.77,-1,-1,-1,NOT_CONSIDERED,CAPEX_DEFERRED|CAPEX_DEFERRED,25000000,false
baseline,seed-5,CONSV,1,1400,0,1400,1100,300,0,0,0,0,-1,5.582142857142857,-1,6997.600000000001,6546.8,3259.2,6782.54,5934.73,2128.14,8000,7000,4000,0.8478175,0.8478185714285714,0.5320349999999999,30000,0.494847,4500,1273.83,-1,-1,-1,NOT_CONSIDERED,CAPEX_DEFERRED|CAPEX_DEFERRED|CAPEX_DEFERRED,35000000,false
baseline,seed-5,VAP,1,1650,0,1650,0,450,1200,0,0,0,-1,8.374242424242425,-1,4414.389999999999,5357.759999999999,5698.780000000001,1032.51,5093.06,5093.06,8000,6000,6000,0.12906375,0.8488433333333334,0.8488433333333334,30000,0.3739543333333334,6500,0,-1,-1,-1,NOT_CONSIDERED,CAPEX_DEFERRED|CAPEX_DEFERRED,22000000,false
baseline,seed-5,JPQ,2,1284.48,0,1284.48,755.61,449.32,79.55,0,0,0,-1,5.452158441225616,100,4986.64,5178.117192023859,3812.8128079761404,5694.11,6019.51,3797.33,8000,8000,5000,0.7117637499999999,0.75243875,0.759466,30000,0.5170316666666667,5500,1854.94,-1,-1,-1,NOT_CONSIDERED,CAPEX_DEFERRED|CAPEX_DEFERRED,14494279.701722093,false
baseline,seed-5,CONSV,2,1115.09,0,1115.09,215.06,612.0699999999999,287.96,0,0,0,-1,6.219324203933475,100,5789.861007556675,6516.957909319899,3368.7710831234253,5924.61,5067.59,2959.32,8000,7000,4000,0.7405762499999999,0.7239414285714286,0.73983,30000,0.46505066666666667,4500,2169.45,-1,-1,-1,NOT_CONSIDERED,CAPEX_DEFERRED|CAPEX_DEFERRED|CAPEX_DEFERRED,10878104.155727632,false
baseline,seed-5,VAP,2,3646.58,0,3646.58,3381.8799999999997,264.7,0,0,0,0,-1,4.656061477439135,100,7176.263401131473,4483.168523492993,3866.9294798685764,6507.15,4892.68,0,8000,6000,6000,0.8133937499999999,0.8154466666666668,0,30000,0.3799943333333333,6500,275.74,-1,-1,-1,NOT_CONSIDERED,CAPEX_DEFERRED|CAPEX_DEFERRED,20033387.12761445,false
baseline,seed-5,JPQ,3,0,0,0,0,0,0,0,0,0,-1,-1,100,4364.328333333334,4877.777649351777,3850.8698701383087,5919.56,6402.01,4070.74,8000,8000,5000,0.7399450000000001,0.8002512500000001,0.814148,30000,0.5464103333333332,6010,684.13,-1,-1,-1,NOT_CONSIDERED,CAPEX_DEFERRED,30548227.50670083,false
baseline,seed-5,CONSV,3,2337.4,0,2337.4,188.05,1791.28,358.07,0,0,0,-1,4.990267533006492,100,5880.2739590517795,7820.533312342568,3503.7770320996387,6377.51,5519.62,3188.75,8000,7000,4000,0.79718875,0.7885171428571428,0.7971875,30000,0.5028626666666667,5038,1029.79,-1,-1,-1,NOT_CONSIDERED,CAPEX_DEFERRED|CAPEX_DEFERRED|CAPEX_DEFERRED,34909183.70691529,false
baseline,seed-5,VAP,3,3608.52,0,3608.52,1289.11,279.78,2039.6299999999999,0,0,0,-1,5.45245138586004,100,5214.032860532128,4643.377927229907,6039.594766627414,6065.78,4557.43,4335.88,8000,6000,6000,0.7582225,0.7595716666666668,0.7226466666666667,30000,0.49863633333333335,6500,0,-1,-1,-1,NOT_CONSIDERED,CAPEX_DEFERRED|CAPEX_DEFERRED|CAPEX_DEFERRED,21574317.37611035,false
baseline,seed-5,JPQ,4,0,0,0,0,0,0,0,0,0,-1,-1,100,5277.121121835373,5897.949482825997,4656.29276084475,5791.4,6510.01,4087.3,8000,8000,5000,0.7239249999999999,0.81375125,0.8174600000000001,30000,0.5462903333333333,6010,616.31,-1,-1,-1,NOT_CONSIDERED,CAPEX_DEFERRED,25800795.336247873,false
baseline,seed-5,CONSV,4,2946.99,0,2946.99,0,2518.46,428.53,0,0,0,-1,5.23335009022053,100,5760.676264130347,8620.228937664382,3612.061619650981,4687.66,5933.53,3390.59,8000,7000,4000,0.5859575,0.8476471428571428,0.8476475,30000,0.46705933333333327,5038,2112.63,-1,-1,-1,NOT_CONSIDERED,CAPEX_DEFERRED|CAPEX_PROPOSED|CAPEX_PROPOSED,32899856.266310584,false
baseline,seed-5,VAP,4,2832.6400000000003,0,2832.6400000000003,0,630.11,2202.53,0,0,0,-1,6.293868927225406,100,4088.075201005626,5175.095241072895,6368.766470983488,5804.36,5089.47,5088.96,8000,6000,6000,0.725545,0.848245,0.84816,30000,0.5327596666666667,6500,0,-1,-1,-1,NOT_CONSIDERED,CAPEX_DEFERRED|CAPEX_DEFERRED,16903187.634751376,false
baseline,seed-5,JPQ,5,463.86,0,463.86,0,0,463.86,0,0,0,-1,6.546395394241102,100,5355.19544057254,5985.207751813956,5189.024014589965,5367.86,6023.67,4239.95,8000,8000,5000,0.6709824999999999,0.75295875,0.8479899999999999,30000,0.5210493333333334,6010,1101.67,-1,-1,-1,NOT_CONSIDERED,CAPEX_DEFERRED,25553355.488790736,false
baseline,seed-5,CONSV,5,4046.9599999999996,0,4046.9599999999996,918.09,2831.73,297.14,0,0,0,-1,4.831221074183557,100,6712.987361112869,8969.746865605486,3499.5887085977593,6371.72,5519.62,3188.75,8000,7000,4000,0.796465,0.7885171428571428,0.7971875,30000,0.5026696666666667,5038,1029.79,-1,-1,-1,NOT_CONSIDERED,CAPEX_DEFERRED|CAPEX_DEFERRED|CAPEX_DEFERRED,36238294.896707185,false
baseline,seed-5,VAP,5,2060.75,0,2060.75,0,448.4,1612.35,0,0,0,-1,6.159237807363655,100,4169.651385998293,5084.088360009976,5861.712892589116,4414.65,5090.5,5090.5,8000,6000,6000,0.55183125,0.8484166666666667,0.8484166666666667,30000,0.48652166666666663,6500,0,-1,-1,-1,NOT_CONSIDERED,CAPEX_DEFERRED|CAPEX_DEFERRED,27847954.964103304,false
baseline,seed-5,JPQ,6,1066.75,0,1066.75,0,0,1066.75,0,0,0,-1,6.620840060434952,100,5501.904780889167,6149.187696287893,5921.371865490442,5451.49,5966.64,4247.21,8000,8000,5000,0.68143625,0.74583,0.849442,30000,0.522178,6010,1459.37,-1,-1,-1,NOT_CONSIDERED,CAPEX_DEFERRED,22206444.69152335,false
baseline,seed-5,CONSV,6,4370.45,0,4370.45,443.96,3558.9,367.59,0,0,0,-1,5.007300466166798,100,6319.55693905483,9782.404678841309,3614.6359193954654,6389.73,5530.2,3194.86,8000,7000,4000,0.7987162499999999,0.7900285714285714,0.7987150000000001,30000,0.5038263333333334,5038,1029.79,-1,-1,-1,NOT_CONSIDERED,CAPEX_DEFERRED|CAPEX_DEFERRED|CAPEX_DEFERRED,34775649.302686326,false
baseline,seed-5,VAP,6,1286.29,0,1286.29,0,265.67,1020.62,0,0,0,-1,6.2787194142386555,100,5205.7982375540105,6053.286465021864,6325.943256881596,4957.9,5089.99,5089.99,8000,6000,6000,0.6197374999999999,0.8483316666666666,0.8483316666666666,30000,0.5045959999999999,6500,0,-1,-1,-1,NOT_CONSIDERED,CAPEX_DEFERRED|CAPEX_DEFERRED,16901727.569992747,false
baseline,seed-5,JPQ,7,1536.4799999999998,0,1536.4799999999998,0,0,1536.4799999999998,0,0,0,-1,6.594814820528593,100,5557.196502760397,6210.97440871675,6439.878761008419,5564.69,5843.33,4254.05,8000,8000,5000,0.69558625,0.73041625,0.8508100000000001,30000,0.522069,6010,1724.29,-1,-1,-1,NOT_CONSIDERED,CAPEX_DEFERRED|CAPEX_DEFERRED,13823035.310001362,false
baseline,seed-5,CONSV,7,4707.43,0,4707.43,0,4275.5,431.93,0,0,0,-1,5.094539566146808,100,5897.5999999999985,10522.3,3691.119999999999,4703.73,5954.48,3402.56,8000,7000,4000,0.5879662499999999,0.85064,0.85064,30000,0.46869233333333327,5038,2112.63,-1,-1,-1,NOT_CONSIDERED,CAPEX_DEFERRED|CAPEX_DEFERRED|CAPEX_DEFERRED,16700513.001747377,false
baseline,seed-5,VAP,7,2244.01,0,2244.01,0,1083.38,1160.63,0,0,0,-1,5.810489238747124,100,5296.85327074491,6972.238095436686,6558.749090142853,5589.84,5089.99,5089.99,8000,6000,6000,0.6987300000000001,0.8483316666666666,0.8483316666666666,30000,0.5256606666666667,6500,0,-1,-1,-1,NOT_CONSIDERED,CAPEX_DEFERRED|CAPEX_DEFERRED,29095352.302282926,false
baseline,seed-5,JPQ,8,1864.4099999999999,0,1864.4099999999999,0,0,1864.4099999999999,0,0,0,-1,6.519386955344625,100,5533.522613973952,6184.52643628439,6746.9386673282925,5588.1,5813.42,4254.05,8000,8000,5000,0.6985125000000001,0.7266775,0.8508100000000001,30000,0.5218523333333334,6010,1785.26,-1,-1,-1,NOT_CONSIDERED,CAPEX_DEFERRED|CAPEX_PROPOSED,36097103.98040091,false
baseline,seed-5,CONSV,8,5986.900000000001,0,5986.900000000001,1145.69,4567.82,273.39,0,0,0,-1,4.882888112924622,100,7041.83795875507,11125.355079298071,3531.7775586162047,6352.91,5765.37,3178.37,8000,7350,4000,0.79411375,0.7844040816326531,0.7945924999999999,30000,0.5098883333333333,5038,1166.88,-1,-1,-1,NOT_CONSIDERED,CAPEX_DEFERRED|CAPEX_PROPOSED|CAPEX_DEFERRED,31799066.41501951,false
baseline,seed-5,VAP,8,3066.9100000000003,0,3066.9100000000003,0,1901.1000000000001,1165.81,0,0,0,-1,5.593869801952237,100,5381.774726811674,7884.3603127175675,6650.473550820339,5631,5098.71,5098.71,8000,6000,6000,0.703875,0.849785,0.849785,30000,0.5276139999999999,6500,0,-1,-1,-1,NOT_CONSIDERED,CAPEX_PROPOSED|CAPEX_PROPOSED,36145603.766558245,false
baseline,seed-5,JPQ,9,2323.1000000000004,0,2323.1000000000004,0,0,2323.1000000000004,0,0,0,-1,6.679482693621823,100,5526.409132404607,6176.574912687501,7199.343352121712,5595.32,5804.99,4254.05,8000,8000,5000,0.699415,0.72562375,0.8508100000000001,30000,0.521812,6010,1802.66,-1,-1,-1,NOT_CONSIDERED,CAPEX_DEFERRED|CAPEX_DEFERRED,43218395.94143714,false
baseline,seed-5,CONSV,9,6406.19,0,6406.19,690.38,5361.599999999999,354.21,0,0,0,-1,5.038246262433769,100,6586.535282422605,11919.13322693119,3612.6116034440706,6778.18,6222.29,3389.09,8000,7350,4000,0.8472725,0.8465700680272109,0.8472725,30000,0.5463186666666667,5360,73.98,-1,-1,-1,NOT_CONSIDERED,CAPEX_PROPOSED|CAPEX_DEFERRED|CAPEX_DEFERRED,36397899.442849696,false
baseline,seed-5,VAP,9,4252.4400000000005,0,4252.4400000000005,0,2835.73,1416.71,0,0,0,-1,5.591226862184089,100,5378.324441157344,8815.164607482073,6897.850970544345,5447.16,5106.4,5106.4,8000,6000,6000,0.680895,0.8510666666666666,0.8510666666666666,30000,0.5219986666666666,6500,0,-1,-1,-1,NOT_CONSIDERED,CAPEX_DEFERRED|CAPEX_DEFERRED,30081256.97581109,false
baseline,seed-5,JPQ,10,2914.2299999999996,0,2914.2299999999996,0,305.21,2609.0199999999995,0,0,0,-1,6.490187179851687,100,5831.247989986669,6822.48427765936,7754.241702313977,5031.05,6804.43,4253.63,8000,8000,5000,0.6288812500000001,0.85055375,0.850726,30000,0.5363036666666667,6010,1678.02,-1,-1,-1,MONITORING,CAPEX_DEFERRED|CAPEX_DEFERRED,51276242.64546717,false
baseline,seed-5,CONSV,10,5834.24,0,5834.24,0,5698.45,135.79,0,0,0,-1,5.035087584846367,100,5800.698998937323,12149.823064927394,3541.785607979941,6807.85,6254.71,3616.31,8000,7350,4250,0.85098125,0.8509809523809524,0.8508964705882353,30000,0.5559623333333334,5603,0,-1,-1,-1,NOT_CONSIDERED,CAPEX_DEFERRED|CAPEX_DEFERRED|CAPEX_PROPOSED,35895547.62539068,false
baseline,seed-5,VAP,10,5259.86,0,5259.86,0,3773.5199999999995,1486.34,0,0,0,-1,5.483314911852529,100,5355.022713552424,9727.035408334177,6943.747991573856,5349.38,5106.4,5106.4,8000,6000,6000,0.6686725,0.8510666666666666,0.8510666666666666,30000,0.5187393333333333,6500,0,-1,-1,-1,NOT_CONSIDERED,CAPEX_DEFERRED|CAPEX_DEFERRED,35162625.67519884,false
baseline,seed-5,JPQ,11,3437.629999999999,0,3437.629999999999,0,138.93,3298.7,0,0,0,-1,6.544774461933115,100,5826.720192149217,6651.154764414413,8439.925430184729,5042.29,6805.8,4253.63,8000,8000,5000,0.63028625,0.8507250000000001,0.850726,30000,0.5367240000000001,6010,1772.37,-1,-1,-1,MONITORING,CAPEX_DEFERRED|CAPEX_PROPOSED|CAPEX_DEFERRED,55013272.80765489,false
baseline,seed-5,CONSV,11,5905.879999999999,0,5905.879999999999,0,5905.879999999999,0,0,0,0,-1,4.967445452648681,100,7750.394202570164,11652.386274135803,3033.8653098120953,8317.16,6253.46,3430.15,12000,7350,4250,0.6930966666666667,0.8508108843537415,0.8070941176470589,30000,0.6000256666666667,5603,771.54,-1,-1,-1,NOT_CONSIDERED,CAPEX_DEFERRED|CAPEX_DEFERRED,45216635.9635898,false
baseline,seed-5,VAP,11,6426.75,0,6426.75,0,4715.110000000001,1711.64,0,0,0,-1,5.425614098639591,100,5353.365662923269,10666.782061146934,7167.33938938469,5403.87,5106.4,5106.4,8000,6000,6000,0.6754837499999999,0.8510666666666666,0.8510666666666666,30000,0.5205556666666666,6500,0,-1,-1,-1,NOT_CONSIDERED,CAPEX_DEFERRED|CAPEX_DEFERRED,34870619.4433116,false
baseline,seed-5,JPQ,12,4948.22,0,4948.22,750.19,0,4198.03,0,0,0,-1,6.460728512020608,100,6602.077725656973,6540.353219113384,9361.471937549853,6802.38,4406.17,4253.63,8000,8000,5000,0.8502975,0.55077125,0.850726,30000,0.515406,6010,2411.69,-1,-1,-1,MONITORING,CAPEX_DEFERRED|CAPEX_DEFERRED|CAPEX_DEFERRED|CAPEX_DEFERRED,53228954.97266437,false
baseline,seed-5,CONSV,12,5411.55,0,5411.55,0,5411.55,0,0,0,0,-1,5.165689889027381,100,8829.460727814072,12269.880098713696,3456.273073462435,9952.04,6551.9,3615.94,12000,7700,4250,0.8293366666666667,0.8508961038961038,0.8508094117647059,30000,0.6706626666666667,6093,0,-1,-1,-1,NOT_CONSIDERED,CAPEX_PROPOSED|CAPEX_DEFERRED|CAPEX_DEFERRED,36800737.1500402,false
baseline,seed-5,VAP,12,7780.200000000001,0,7780.200000000001,0,5656.710000000001,2123.49,0,0,0,-1,5.657505141113006,87.29,5360.250341920794,11963.677665609026,7586.217198841001,5465.67,5403.73,5106.4,8000,6350,6000,0.68320875,0.8509811023622047,0.8510666666666666,30000,0.5325266666666666,6500,0,-1,-1,-1,NOT_CONSIDERED,CAPEX_PROPOSED|CAPEX_DEFERRED|CAPEX_DEFERRED,43493920.763163336,false
baseline,seed-5,JPQ,13,7097.440000000001,0,7097.440000000001,0,2203.26,4894.18,0,0,0,-1,6.229442357023106,90.65,5848.114827941466,8739.37559483304,10054.264522132687,5559.34,6800.33,4253.63,8000,8000,5000,0.6949175,0.85004125,0.850726,30000,0.5537766666666667,6010,1252.72,-1,-1,-1,MONITORING,CAPEX_PROPOSED|CAPEX_DEFERRED|CAPEX_DEFERRED|CAPEX_DEFERRED,64325232.08244712,false
baseline,seed-5,CONSV,13,5731.13,0,5731.13,0,5731.13,0,0,0,0,-1,5.122339249823003,100,8822.771566148145,12584.266483662432,3453.6407384584413,9419.4,6553.22,3617.03,12000,7700,4250,0.7849499999999999,0.8510675324675325,0.8510658823529412,30000,0.6529883333333333,6295,0,-1,-1,-1,NOT_CONSIDERED,CAPEX_DEFERRED|CAPEX_DEFERRED|CAPEX_DEFERRED,34864288.35261362,false
baseline,seed-5,VAP,13,8953.35,252.98,8700.37,0,6633.379999999999,2319.9700000000003,0,252.98,0,5.197635447135867,5.587940464868494,86.22,5359.46368004752,12939.396159904907,7781.871815809653,5443.61,5404.28,5106.4,8000,6350,6000,0.68045125,0.851067716535433,0.8510666666666666,30000,0.5318096666666666,6500,0,-1,-1,-1,NOT_CONSIDERED,CAPEX_DEFERRED|CAPEX_DEFERRED|CAPEX_DEFERRED,51811509.60412965,false
baseline,seed-5,JPQ,14,7871.82,640.55,7231.2699999999995,267.26,2041.07,5563.49,0,0,640.55,6.899796085674132,6.251580145617956,90.03,6123.8517363693345,8586.670788778434,10989.449846039315,6805.12,6807.17,4466.76,8000,8000,5250,0.85064,0.85089625,0.8508114285714287,30000,0.6026350000000001,6450,0,-1,-1,-1,MONITORING,CAPEX_DEFERRED|CAPEX_DEFERRED|CAPEX_PROPOSED|CAPEX_DEFERRED,62092682.6907459,false
baseline,seed-5,CONSV,14,6049.400000000001,0,6049.400000000001,0,6049.400000000001,0,0,0,0,-1,5.169347350586307,100,8828.184280234906,12906.748590757514,3455.7634314316524,8668.85,6553.22,3617.03,12000,7700,4250,0.7224041666666667,0.8510675324675325,0.8510658823529412,30000,0.6279699999999999,6295,0,-1,-1,-1,NOT_CONSIDERED,CAPEX_DEFERRED,42525082.59220106,false
baseline,seed-5,VAP,14,10103.65,1229.1,8874.55,0,7612.180000000001,2491.4700000000003,0,1229.1,0,5.150547199210802,5.663034808301644,85.41,5356.587603543081,13914.830746267035,8177.913463142567,5414.5,5404.28,5319.17,8000,6350,6250,0.6768125,0.851067716535433,0.8510672,30000,0.5379316666666666,6500,0,-1,-1,-1,NOT_CONSIDERED,CAPEX_DEFERRED|CAPEX_PROPOSED|CAPEX_DEFERRED,61948076.12075941,false
baseline,seed-5,JPQ,15,8239.85,1096.73,7143.120000000001,0,1872.04,6367.81,0,0,1096.73,6.967297086611224,6.476043901952602,87.37,8295.777004276524,8323.64091985796,11491.668493410336,9578.42,7104.27,4467.2,12000,8350,5250,0.7982016666666667,0.8508107784431138,0.850895238095238,30000,0.7049963333333334,7177,448.68,-1,-1,-1,NOT_CONSIDERED,CAPEX_PROPOSED|CAPEX_DEFERRED|CAPEX_DEFERRED,71547832.88747934,false
baseline,seed-5,CONSV,15,6367.670000000001,0,6367.670000000001,0,6367.670000000001,0,0,0,0,-1,5.2609743065084995,100,8829.24780046796,13225.826953784543,3456.1858166305497,8585.16,6553.22,3608.66,12000,7700,4250,0.71543,0.8510675324675325,0.8490964705882352,30000,0.6249013333333333,6295,0,-1,-1,-1,NOT_CONSIDERED,CAPEX_DEFERRED,54204155.71458649,false
baseline,seed-5,VAP,15,11229.659999999998,2207.9,9021.759999999998,0,8576.55,2653.1099999999997,0,2207.9,0,5.199198365185246,5.781506914513173,79.68,5355.594475005637,14878.052756580279,8338.528277895355,5401.56,5404.28,5319.17,8000,6350,6250,0.6751950000000001,0.851067716535433,0.8510672,30000,0.5375003333333334,6500,0,-1,-1,-1,NOT_CONSIDERED,CAPEX_DEFERRED|CAPEX_DEFERRED|CAPEX_DEFERRED,69767524.02581522,false
baseline,seed-5,JPQ,16,8204.15,1900.61,6303.54,0,1304.15,6900,0,0,1900.61,7.075531883919913,6.40150378498372,74.93,8287.362870380499,7749.191936545583,12018.65921213201,9821.33,7106.41,4468.1,12000,8350,5250,0.8184441666666666,0.8510670658682634,0.8510666666666667,30000,0.7131946666666665,7510,0,-1,-1,-1,NOT_CONSIDERED,CAPEX_DEFERRED|CAPEX_DEFERRED|CAPEX_DEFERRED,70482189.63767801,false
baseline,seed-5,CONSV,16,6685.93,0,6685.93,0,6685.93,0,0,0,0,-1,5.142599187397964,100,8824.640026693398,13852.079565536325,3657.5910390977433,8811.45,6851.09,3616.31,12000,8050,4500,0.7342875000000001,0.8510670807453417,0.8036244444444445,30000,0.6426283333333334,6295,0,-1,-1,-1,NOT_CONSIDERED,CAPEX_PROPOSED|CAPEX_DEFERRED,70417257.25840332,false
baseline,seed-5,VAP,16,12454.36,3172.27,9282.09,0,9544.199999999999,2910.1600000000003,0,3172.27,0,5.273751177791232,5.689889699183777,63.3,5336.765634720565,16169.63539478277,8575.559862867694,5392.13,5702.15,5319.17,8000,6700,6250,0.67401625,0.8510671641791044,0.8510672,30000,0.5471149999999999,6500,0,-1,-1,-1,NOT_CONSIDERED,CAPEX_PROPOSED|CAPEX_DEFERRED|CAPEX_DEFERRED,81490408.86604786,false
baseline,seed-5,JPQ,17,8225.259999999998,2431.8999999999996,5793.359999999999,0,734.12,7491.139999999999,0,0,2431.8999999999996,6.855528742088881,6.730590654804154,74.7,8308.457746793985,7195.57500749444,12622.834490666872,8517.94,7106.41,4468.1,12000,8350,5250,0.7098283333333334,0.8510670658682634,0.8510666666666667,30000,0.6697483333333334,7510,0,-1,-1,-1,NOT_CONSIDERED,CAPEX_DEFERRED|CAPEX_DEFERRED|CAPEX_DEFERRED,76656740.97821891,false
baseline,seed-5,CONSV,17,7018.66,0,7018.66,0,7018.66,0,0,0,0,-1,5.301904722073626,88.63,8828.341648666299,14187.805530284122,3659.0953294183946,8928.76,6851.78,3644.23,12000,8050,4500,0.7440633333333333,0.8511527950310559,0.8098288888888889,30000,0.6474923333333333,6295,0,-1,-1,-1,NOT_CONSIDERED,CAPEX_DEFERRED|CAPEX_DEFERRED,80919125.18105997,false
baseline,seed-5,VAP,17,13767.87,3842.0499999999997,9925.820000000002,0,10555.300000000001,3212.5700000000006,0,3842.0499999999997,0,5.157154964577921,5.877484714221021,62.16,5339.040042948073,17183.539807739908,8880.37728527635,5406.42,5702.15,5319.17,8000,6700,6250,0.6758025,0.8510671641791044,0.8510672,30000,0.5475913333333333,6500,0,-1,-1,-1,NOT_CONSIDERED,CAPEX_DEFERRED|CAPEX_DEFERRED|CAPEX_DEFERRED,90020545.40110478,false
baseline,seed-5,JPQ,18,8145.389999999999,3023.04,5122.349999999999,0,164.09,7981.299999999999,0,0,3023.04,7.02199592087464,6.786450253162359,75.08,8320.395166002712,6634.813293914302,13120.345474120993,7963.11,7106.41,4468.1,12000,8350,5250,0.6635924999999999,0.8510670658682634,0.8510666666666667,30000,0.6512540000000001,7510,0,-1,-1,-1,NOT_CONSIDERED,CAPEX_DEFERRED|CAPEX_DEFERRED|CAPEX_DEFERRED,90510446.98161419,false
baseline,seed-5,CONSV,18,7350.69,166.88,7183.8099999999995,0,7350.69,0,0,166.88,0,5.338816664733738,5.227583413463066,88.1,8827.334004619888,14519.027241032334,3658.697646651665,8887.54,6851.78,3612.06,12000,8050,4500,0.7406283333333334,0.8511527950310559,0.80268,30000,0.645046,6295,0,-1,-1,-1,NOT_CONSIDERED,CAPEX_DEFERRED|CAPEX_DEFERRED,95003721.33481726,false
baseline,seed-5,VAP,18,14422.97,4853.15,9569.82,0,11558.460000000001,2864.5099999999998,0,4853.15,0,5.311273944368782,5.742985869034047,60.74,5328.815316667664,18174.008072274104,8521.460913223533,5395.93,5702.15,5319.17,8000,6700,6250,0.67449125,0.8510671641791044,0.8510672,30000,0.5472416666666666,6500,0,-1,-1,-1,NOT_CONSIDERED,CAPEX_DEFERRED|CAPEX_DEFERRED|CAPEX_DEFERRED,101372541.75192007,false
baseline,seed-5,JPQ,19,8576.37,3513.2,5063.170000000001,0,0,8576.37,0,0,3513.2,6.890592623680559,6.895189426536965,74.69,8333.346249772754,6752.463327435704,13723.440592349241,8222.38,7404.28,4468.55,12000,8700,5250,0.6851983333333332,0.8510666666666666,0.851152380952381,30000,0.6698403333333333,7510,0,-1,-1,-1,NOT_CONSIDERED,CAPEX_PROPOSED|CAPEX_DEFERRED|CAPEX_DEFERRED,108303202.86810215,false
baseline,seed-5,CONSV,19,7682.73,498.91,7183.82,0,7682.73,0,0,498.91,0,5.264392789644945,5.270484520863952,87.9,8827.269831031124,14851.015128137775,3658.681026763093,8832.16,6851.78,3621.52,12000,8050,4500,0.7360133333333333,0.8511527950310559,0.8047822222222222,30000,0.6435153333333333,6295,0,-1,-1,-1,NOT_CONSIDERED,CAPEX_DEFERRED|CAPEX_DEFERRED,109394083.3508545,false
baseline,seed-5,VAP,19,15513.17,5856.3099999999995,9656.86,0,12597.550000000001,2915.62,0,5856.3099999999995,0,5.23259662417708,5.805612485841533,61.57,5326.335906844476,19210.038628027727,8569.972020879977,5423.79,5702.15,5319.17,8000,6700,6250,0.67797375,0.8510671641791044,0.8510672,30000,0.5481703333333333,6500,0,-1,-1,-1,NOT_CONSIDERED,CAPEX_DEFERRED|CAPEX_DEFERRED|CAPEX_DEFERRED,114036646.65367267,false
baseline,seed-5,JPQ,20,9230.77,4107.82,5122.950000000001,0,0,9230.77,0,0,4107.82,6.925926703856134,7.0300527903915855,74.81,8847.206511590144,7168.85417294537,14955.444135761361,9004.9,7405.03,4680.87,12000,8700,5500,0.7504083333333333,0.8511528735632183,0.8510672727272727,30000,0.7030266666666667,7510,0,-1,-1,-1,MONITORING,CAPEX_DEFERRED|CAPEX_PROPOSED|CAPEX_DEFERRED,120298584.40713684,false
baseline,seed-5,CONSV,20,8014.7699999999995,830.95,7183.82,0,8014.7699999999995,0,0,830.95,0,5.307398559654931,5.38463050170593,89.59,8831.67869408345,15498.455630249657,3660.4984061003765,8831.42,7148.96,3664.66,12000,8400,4500,0.7359516666666667,0.8510666666666666,0.8143688888888888,30000,0.6548346666666667,6295,0,-1,-1,-1,NOT_CONSIDERED,CAPEX_PROPOSED|CAPEX_DEFERRED,123983545.28937016,false
baseline,seed-5,VAP,20,16944.7,6895.4,10049.300000000001,0,13645.249999999998,3299.45,0,6895.4,0,5.27246356975684,5.968467333878324,62.27,5308.731422219897,20580.169413222153,9160.530556597285,5428.56,5998.82,5530.82,8000,7050,6500,0.67857,0.8508964539007092,0.8508953846153846,30000,0.5652733333333334,6500,0,-1,-1,-1,NOT_CONSIDERED,CAPEX_PROPOSED|CAPEX_PROPOSED|CAPEX_DEFERRED,127258210.61728223,false
baseline,seed-5,JPQ,21,10147.780000000002,4549.900000000001,5597.880000000002,0,0,10147.780000000002,0,0,4549.900000000001,7.044520686749184,7.1116736625097285,74.22,8843.563188379816,7165.89207703266,15870.086760299957,9180.34,7405.03,4681.34,12000,8700,5500,0.7650283333333333,0.8511528735632183,0.8511527272727273,30000,0.7088903333333333,7510,0,-1,-1,-1,MONITORING,CAPEX_DEFERRED|CAPEX_DEFERRED|CAPEX_DEFERRED,127031017.23416361,false
baseline,seed-5,CONSV,21,8361.970000000001,865.81,7496.160000000002,0,8361.970000000001,0,0,865.81,0,5.425464091943883,5.449759577409969,88.83,8830.131852253362,15844.326445639423,3659.8531437579954,8844.54,7149.68,3640.66,12000,8400,4500,0.7370450000000001,0.851152380952381,0.8090355555555555,30000,0.6544960000000001,6295,0,-1,-1,-1,NOT_CONSIDERED,CAPEX_DEFERRED|CAPEX_DEFERRED,137149030.28725716,false
baseline,seed-5,VAP,21,18325.54,7646.429999999999,10679.11,0,14714.07,3611.47,0,7646.429999999999,0,5.3774990028052505,6.052794982721682,61.42,5308.729305828176,21648.97763145569,9472.545157275545,5412.62,6000.02,5531.94,8000,7050,6500,0.6765774999999999,0.8510666666666667,0.8510676923076922,30000,0.5648193333333332,6720,0,-1,-1,-1,NOT_CONSIDERED,CAPEX_DEFERRED|CAPEX_DEFERRED|CAPEX_DEFERRED,135704079.0690447,false
baseline,seed-5,JPQ,22,10766.089999999998,5466.44,5299.649999999999,0,0,10766.089999999998,0,0,5466.44,7.114484733867243,6.960387401600117,75.26,8819.84663278637,7146.658635008267,16473.047838893926,8947.82,7405.03,4681.34,12000,8700,5500,0.7456516666666666,0.8511528735632183,0.8511527272727273,30000,0.7011396666666666,7510,0,-1,-1,-1,MONITORING,CAPEX_DEFERRED|CAPEX_DEFERRED|CAPEX_DEFERRED,141987219.007882,false
baseline,seed-5,CONSV,22,8708.44,1212.29,7496.150000000001,0,8708.44,0,0,1212.29,0,5.490319382670343,5.338498901097966,88.35,8832.754758155477,16193.037452963326,3660.9543909161303,8853.58,7149.68,3618.07,12000,8400,4500,0.7377983333333333,0.851152380952381,0.8040155555555556,30000,0.6540443333333333,6295,0,-1,-1,-1,NOT_CONSIDERED,CAPEX_DEFERRED|CAPEX_DEFERRED,154176876.77412003,false
baseline,seed-5,VAP,22,18835.030000000002,8714.050000000001,10120.980000000001,0,15781.72,3053.31,0,8714.050000000001,0,5.447003428159346,5.852492372746244,59.5,5304.280573049128,22710.822488750207,8909.46486723748,5400.38,6000.02,5531.94,8000,7050,6500,0.6750475,0.8510666666666667,0.8510676923076922,30000,0.5644113333333334,6720,0,-1,-1,-1,NOT_CONSIDERED,CAPEX_DEFERRED|CAPEX_DEFERRED|CAPEX_DEFERRED,149144476.14582705,false
baseline,seed-5,JPQ,23,11695.719999999998,6084.749999999999,5610.969999999998,0,0,11695.719999999998,0,0,6084.749999999999,7.010337696924762,6.919987498785842,74.19,8819.0001112834,7433.463960479865,17402.12659612995,8827.42,7702.16,4681.34,12000,9050,5500,0.7356183333333334,0.8510674033149171,0.8511527272727273,30000,0.7070306666666667,7510,0,-1,-1,-1,MONITORING,CAPEX_PROPOSED|CAPEX_DEFERRED|CAPEX_DEFERRED,159042212.02406368,false
baseline,seed-5,CONSV,23,9054.920000000002,1558.76,7496.160000000002,0,9054.920000000002,0,0,1558.76,0,5.378160578146825,5.301171018866077,88.52,9143.459291957584,16802.80644197279,3789.723916158833,9156.13,7148.24,3765.39,12000,8400,4500,0.7630108333333333,0.8509809523809524,0.8367533333333333,30000,0.6689919999999999,6295,0,-1,-1,-1,MONITORING,CAPEX_DEFERRED|CAPEX_DEFERRED,171383825.5401012,false
baseline,seed-5,VAP,23,19668.91,9781.699999999999,9887.210000000001,0,16865.81,2803.1,0,9781.699999999999,0,5.377640774080275,5.792853787596499,60.18,5298.389786757288,23787.226693909837,8652.748925739323,5412.71,6000.02,5531.94,8000,7050,6500,0.67658875,0.8510666666666667,0.8510676923076922,30000,0.5648223333333333,6720,0,-1,-1,-1,NOT_CONSIDERED,CAPEX_DEFERRED|CAPEX_DEFERRED|CAPEX_DEFERRED,164380067.96399292,false
baseline,seed-5,JPQ,24,12745.220000000001,7014.38,5730.840000000001,0,0,12745.220000000001,0,0,7014.38,6.975896267656559,6.839154866014029,74.13,8824.300203474739,7437.929809247551,18455.072378244768,8872.05,7702.93,4681.34,12000,9050,5500,0.7393375,0.8511524861878453,0.8511527272727273,30000,0.708544,7510,0,-1,-1,-1,MONITORING,CAPEX_DEFERRED|CAPEX_DEFERRED|CAPEX_DEFERRED,175317849.66222006,false
baseline,seed-5,CONSV,24,9665.210000000001,1906.68,7758.530000000001,0,9665.210000000001,0,0,1906.68,0,5.340853689221757,5.248393163440054,88.6,9144.38707849452,17736.740726496173,3790.1225861114167,9263.26,7446.09,3829.42,12000,8750,4500,0.7719383333333334,0.8509817142857143,0.8509822222222222,30000,0.6846256666666666,6577,0,-1,-1,-1,MONITORING,CAPEX_PROPOSED|CAPEX_DEFERRED,187528403.93884674,false
baseline,seed-5,VAP,24,21218.969999999998,10865.789999999999,10353.179999999998,0,17971.66,3247.31,0,10865.789999999999,0,5.322335168317563,5.788070057622042,61.63,5285.040222968275,25218.383052143312,9082.215642937837,5430.47,6297.9,5531.94,8000,7400,6500,0.6788087500000001,0.8510675675675675,0.8510676923076922,30000,0.5753436666666666,6720,0,-1,-1,-1,NOT_CONSIDERED,CAPEX_PROPOSED|CAPEX_DEFERRED|CAPEX_DEFERRED,181216269.82026738,false
baseline,seed-5,JPQ,25,13782.94,8063.880000000001,5719.0599999999995,0,0,13782.94,0,0,8063.880000000001,6.907953106109715,7.074153609471318,74.17,8837.96032361859,7449.445370310711,19501.624877711118,8938.06,7702.93,4681.34,12000,9050,5500,0.7448383333333333,0.8511524861878453,0.8511527272727273,30000,0.7107443333333333,7510,0,-1,-1,-1,MONITORING,CAPEX_DEFERRED|CAPEX_DEFERRED|CAPEX_DEFERRED,189830843.2948327,false
baseline,seed-5,CONSV,25,10300.91,2219.12,8081.79,0,10300.91,0,0,2219.12,0,5.275504188105562,5.429358082075718,61.57,9148.725158766665,18376.262198291228,3791.9123303451365,9200,7447.58,3830.19,12000,8750,4500,0.7666666666666667,0.851152,0.8511533333333333,30000,0.6825923333333334,6577,0,-1,-1,-1,MONITORING,CAPEX_DEFERRED|CAPEX_DEFERRED,199584877.1699467,false
baseline,seed-5,VAP,25,22768.85,11673.76,11095.089999999998,0,19107.95,3660.9,0,11673.76,0,5.275377128045211,6.008719032571564,60.46,5286.970206934999,26357.326974696232,9497.947348715981,5429.91,6297.9,5531.94,8000,7400,6500,0.67873875,0.8510675675675675,0.8510676923076922,30000,0.575325,6720,0,-1,-1,-1,NOT_CONSIDERED,CAPEX_DEFERRED|CAPEX_DEFERRED|CAPEX_DEFERRED,194412411.12620622,false
baseline,seed-5,JPQ,26,14366.73,9101.599999999999,5265.130000000001,0,0,14366.73,0,0,9101.599999999999,7.01107292323769,7.087814295549187,75.71,8834.672273828968,7446.683816171348,20343.128574891038,8927.14,6963.98,4892.65,12000,9050,5750,0.7439283333333333,0.7695005524861878,0.8508956521739129,30000,0.6927923333333332,7510,0,-1,-1,-1,MONITORING,CAPEX_PROPOSED|CAPEX_DEFERRED,206815038.28097826,false
baseline,seed-5,CONSV,26,10919.039999999999,2853.3300000000004,8065.709999999999,0,10919.039999999999,0,0,2853.3300000000004,0,5.456075979897295,5.460220688812343,61.57,9148.640693929849,18994.316470977054,3791.881463236444,9134.1,7447.58,3772.35,12000,8750,4500,0.761175,0.851152,0.8382999999999999,30000,0.6784676666666666,6577,0,-1,-1,-1,MONITORING,CAPEX_DEFERRED|CAPEX_DEFERRED,214541426.60426193,false
baseline,seed-5,VAP,26,23308.289999999997,12810.05,10498.239999999998,0,20236.719999999998,3071.5699999999997,0,12810.05,0,5.357817180772903,5.9563533746823,58.24,5282.216833369142,27479.56297420618,9127.676864116132,5410.87,6297.26,5743.55,8000,7400,6750,0.67635875,0.8509810810810811,0.8508962962962964,30000,0.5817226666666667,6720,0,-1,-1,-1,NOT_CONSIDERED,CAPEX_DEFERRED|CAPEX_PROPOSED|CAPEX_DEFERRED,209163340.38462967,false
baseline,seed-5,JPQ,27,15021.1,9474.080000000002,5547.019999999999,0,0,15021.1,0,0,9474.080000000002,7.09777157380807,7.0180120376699335,74.74,8802.14565396342,7706.2011648948965,20975.485383592593,8873,7998.42,4893.14,12000,9400,5750,0.7394166666666667,0.850895744680851,0.8509808695652175,30000,0.7254853333333332,7510,0,-1,-1,-1,MONITORING,CAPEX_DEFERRED|CAPEX_DEFERRED|CAPEX_DEFERRED,223901495.15609914,false
baseline,seed-5,CONSV,27,11550.69,3471.46,8079.2300000000005,0,11550.69,0,0,3471.46,0,5.480597301442821,5.405963976348705,61.54,9148.257925795393,19625.62978336607,3791.708682730257,9132.58,7447.58,3752.48,12000,8750,4500,0.7610483333333333,0.851152,0.8338844444444444,30000,0.6777546666666666,6577,0,-1,-1,-1,MONITORING,CAPEX_DEFERRED|CAPEX_DEFERRED,232030509.3683314,false
baseline,seed-5,VAP,27,23870.410000000003,13939.46,9930.950000000004,0,21362.37,2508.04,0,13939.46,0,5.449438846993469,5.84161585543012,58.8,5276.324227400541,28597.12370199788,8557.370450360131,5401.57,6297.9,5744.7,8000,7400,6750,0.6751962499999999,0.8510675675675675,0.8510666666666666,30000,0.5814723333333333,6935,0,-1,-1,-1,NOT_CONSIDERED,CAPEX_DEFERRED|CAPEX_DEFERRED|CAPEX_DEFERRED,223045680.31368822,false
baseline,seed-5,JPQ,28,16123.95,10127.960000000001,5995.99,0,0,16123.95,0,0,10127.960000000001,7.0556402626242285,7.302192540737299,73.59,9102.086766977935,7968.789685179684,22281.23701456784,9188.6,8000.03,4893.64,12000,9400,5750,0.7657166666666667,0.8510670212765957,0.8510678260869565,30000,0.7360756666666667,7843,0,-1,-1,-1,DEFERRED,CAPEX_PROPOSED|CAPEX_DEFERRED|CAPEX_DEFERRED,236536288.81513742,false
baseline,seed-5,CONSV,28,12184.91,4103.11,8081.8,0,12184.91,0,0,4103.11,0,5.421064553566758,5.6244223513488825,61.57,9147.75452062034,20582.383259549213,3791.5000347244104,9153.06,7743.93,3781.97,12000,9100,4500,0.762755,0.8509813186813188,0.8404377777777777,30000,0.6892986666666666,6577,0,-1,-1,-1,MONITORING,CAPEX_PROPOSED|CAPEX_DEFERRED,248292712.1667358,false
baseline,seed-5,VAP,28,25472.639999999996,15064.470000000001,10408.169999999995,0,22510.309999999998,2962.33,0,15064.470000000001,0,5.436214147956522,6.147037266531906,60.97,5263.008445869653,30068.14535855617,8996.406897385028,5413.64,6595.77,5744.7,8000,7750,6750,0.676705,0.8510670967741936,0.8510666666666666,30000,0.5918036666666667,6935,0,-1,-1,-1,NOT_CONSIDERED,CAPEX_PROPOSED|CAPEX_DEFERRED|CAPEX_DEFERRED,235898876.50251988,false
baseline,seed-5,JPQ,29,17390.68,11230.310000000001,6160.369999999999,0,0,17390.68,0,0,11230.310000000001,7.172235067123403,7.145128716070017,73.71,9100.883890740459,7967.727928956682,23547.15650148539,9322.16,8000.83,4894.13,12000,9400,5750,0.7768466666666667,0.8511521276595745,0.8511530434782609,30000,0.7405706666666666,7843,0,-1,-1,-1,DEFERRED,CAPEX_DEFERRED|CAPEX_DEFERRED|CAPEX_DEFERRED,254487768.32114023,false
baseline,seed-5,CONSV,29,12846.050000000001,4440.98,8405.070000000002,0,12846.050000000001,0,0,4440.98,0,5.635345923753051,5.5001944305698345,60.62,9146.994311024506,21242.84374244488,3791.203219598857,9162.39,7743.93,3794.16,12000,9100,4500,0.7635325,0.8509813186813188,0.8431466666666666,30000,0.690016,6577,0,-1,-1,-1,MONITORING,CAPEX_DEFERRED|CAPEX_DEFERRED,266072725.30218711,false
baseline,seed-5,VAP,29,26844.640000000003,15914.539999999999,10930.100000000004,0,23690.97,3153.6700000000005,0,15914.539999999999,0,5.516802328128481,6.008731765000278,59.34,5258.894586566689,31242.90941998789,9183.04051964133,5415.33,6595.77,5744.7,8000,7750,6750,0.67691625,0.8510670967741936,0.8510666666666666,30000,0.5918599999999999,6935,0,-1,-1,-1,NOT_CONSIDERED,CAPEX_DEFERRED|CAPEX_DEFERRED|CAPEX_DEFERRED,250831274.9977842,false
baseline,seed-5,JPQ,30,18230.95,12496.550000000001,5734.4,0,0,18230.95,0,0,12496.550000000001,7.224052542911754,7.364517880217958,75.08,9103.148109150361,7969.728762276094,24388.96486271983,9260.96,8000.83,4894.13,12000,9400,5750,0.7717466666666666,0.8511521276595745,0.8511530434782609,30000,0.7385306666666668,7843,0,-1,-1,-1,DEFERRED,CAPEX_DEFERRED|CAPEX_DEFERRED|CAPEX_DEFERRED,270374517.2475084,false
baseline,seed-5,CONSV,30,13507.19,5102.12,8405.07,0,13507.19,0,0,5102.12,0,5.508846621601643,5.683478733782992,60.62,9150.333499218425,21907.059057330735,3792.577236830123,9162.61,7743.93,3788.37,12000,9100,4500,0.7635508333333334,0.8509813186813188,0.8418599999999999,30000,0.6898303333333333,6577,0,-1,-1,-1,MONITORING,CAPEX_DEFERRED|CAPEX_DEFERRED,281071672.5626653,false
baseline,seed-5,VAP,30,27547.95,17095.2,10452.75,0,24888.299999999996,2659.65,0,17095.2,0,5.550632572836825,6.1362183597009246,57.81,5260.499755076041,32442.54956067998,8690.854734592105,5428.97,6595.77,5744.7,8000,7750,6750,0.6786212500000001,0.8510670967741936,0.8510666666666666,30000,0.5923146666666668,6935,0,-1,-1,-1,NOT_CONSIDERED,CAPEX_DEFERRED|CAPEX_DEFERRED|CAPEX_DEFERRED,265654392.0926056,false
baseline,seed-5,JPQ,31,19110.109999999997,13336.82,5773.289999999997,0,0,19110.109999999997,0,0,13336.82,7.285738586934781,7.314213292938029,74.95,9106.832109553749,7972.944187102033,25270.616981816023,9194.23,8000.83,4894.13,12000,9400,5750,0.7661858333333333,0.8511521276595745,0.8511530434782609,30000,0.7363063333333333,7843,0,-1,-1,-1,DEFERRED,CAPEX_DEFERRED|CAPEX_DEFERRED|CAPEX_DEFERRED,290718769.3258018,false
baseline,seed-5,CONSV,31,14168.339999999998,5763.26,8405.079999999998,0,14168.339999999998,0,0,5763.26,0,5.690278963587901,5.652370782527359,60.63,9152.051308024844,22569.757632701112,3793.270942739336,9157.82,7743.93,3784.51,12000,9100,4500,0.7631516666666667,0.8509813186813188,0.8410022222222223,30000,0.6895420000000001,6577,0,-1,-1,-1,MONITORING,CAPEX_DEFERRED|CAPEX_DEFERRED,299935632.55681705,false
baseline,seed-5,VAP,31,28282.849999999995,18292.529999999995,9990.32,0,26079.129999999997,2203.72,0,18292.529999999995,0,5.603284514490434,6.048266828426505,57.9,5262.553206426549,33636.33039561249,8237.292772310588,5429.12,6595.77,5744.7,8000,7750,6750,0.67864,0.8510670967741936,0.8510666666666666,30000,0.5923196666666667,6935,0,-1,-1,-1,NOT_CONSIDERED,CAPEX_DEFERRED|CAPEX_DEFERRED|CAPEX_DEFERRED,282537204.96270424,false
baseline,seed-5,JPQ,32,20182.56,14215.98,5966.580000000002,0,0,20182.56,0,0,14215.98,7.324117688063295,7.362496359103511,74.33,9084.769441296134,8249.753359461178,26595.33320796467,9164.52,8296.24,5105.38,12000,9750,6000,0.76371,0.8508964102564103,0.8508966666666666,30000,0.7522046666666667,7843,0,-1,-1,-1,DEFERRED,CAPEX_PROPOSED|CAPEX_PROPOSED|CAPEX_DEFERRED,312275960.2553529,false
baseline,seed-5,CONSV,32,14829.48,6424.409999999999,8405.07,0,14829.48,0,0,6424.409999999999,0,5.656851209156366,5.69111634839942,60.64,9152.311464246211,23554.274694935586,3793.3929092566286,9154.64,8040.97,3791.14,12000,9450,4500,0.7628866666666666,0.8508962962962964,0.8424755555555555,30000,0.6995583333333333,6577,0,-1,-1,-1,MONITORING,CAPEX_PROPOSED|CAPEX_DEFERRED,318712518.0446543,false
baseline,seed-5,VAP,32,29735.39000000001,19483.360000000004,10252.030000000006,0,27261.590000000007,2473.7999999999997,0,19483.360000000004,0,5.639985116235276,6.1337661654509725,59.51,5242.789423879378,35130.40847011392,8707.328655933985,5395.83,6892.26,5956.27,8000,8100,7000,0.67447875,0.8508962962962964,0.8508957142857143,30000,0.6081453333333333,6935,0,-1,-1,-1,NOT_CONSIDERED,CAPEX_PROPOSED|CAPEX_PROPOSED|CAPEX_DEFERRED,301359761.4240337,false
ecuador-early-expansion,seed-1,JPQ,1,1900,0,1900,0,1900,0,0,0,0,-1,7.005263157894737,-1,4771.23,7232.55,4209.91,4015.62,6783.23,2509.76,8000,8000,5000,0.5019525,0.84790375,0.5019520000000001,30000,0.4436203333333333,5500,2790.77,-1,-1,-1,NOT_CONSIDERED,CAPEX_DEFERRED|CAPEX_DEFERRED,25000000,false
ecuador-early-expansion,seed-1,CONSV,1,1400,0,1400,1100,300,0,0,0,0,-1,5.582142857142857,-1,6997.600000000001,6546.8,3259.2,6782.54,5934.73,2128.14,8000,7000,4000,0.8478175,0.8478185714285714,0.5320349999999999,30000,0.494847,4500,1273.83,-1,-1,-1,NOT_CONSIDERED,CAPEX_DEFERRED|CAPEX_DEFERRED|CAPEX_DEFERRED,35000000,false
ecuador-early-expansion,seed-1,VAP,1,1650,0,1650,0,450,1200,0,0,0,-1,8.374242424242425,-1,4414.389999999999,5357.759999999999,5698.780000000001,1032.51,5093.06,5093.06,8000,6000,6000,0.12906375,0.8488433333333334,0.8488433333333334,30000,0.3739543333333334,6500,0,-1,-1,-1,NOT_CONSIDERED,CAPEX_DEFERRED|CAPEX_DEFERRED,22000000,false
ecuador-early-expansion,seed-1,JPQ,2,1284.48,0,1284.48,755.61,449.32,79.55,0,0,0,-1,5.452158441225616,100,4986.64,5178.117192023859,3812.8128079761404,5694.11,6019.51,3450.73,8000,8000,5000,0.7117637499999999,0.75243875,0.690146,30000,0.5054783333333333,5500,1854.94,-1,-1,-1,NOT_CONSIDERED,CAPEX_DEFERRED|CAPEX_DEFERRED,14494279.701722093,false
ecuador-early-expansion,seed-1,CONSV,2,1115.09,0,1115.09,215.06,612.0699999999999,287.96,0,0,0,-1,6.219324203933475,100,5789.861007556675,6516.957909319899,3368.7710831234253,5924.61,5067.59,2959.32,8000,7000,4000,0.7405762499999999,0.7239414285714286,0.73983,30000,0.46505066666666667,4500,2169.45,-1,-1,-1,NOT_CONSIDERED,CAPEX_DEFERRED|CAPEX_DEFERRED|CAPEX_DEFERRED,10878104.155727632,false
ecuador-early-expansion,seed-1,VAP,2,3646.58,0,3646.58,3381.8799999999997,264.7,0,0,0,0,-1,4.656061477439135,100,7176.263401131473,4483.168523492993,3866.9294798685764,6507.15,4892.68,0,8000,6000,6000,0.8133937499999999,0.8154466666666668,0,30000,0.3799943333333333,6500,275.74,-1,-1,-1,NOT_CONSIDERED,CAPEX_DEFERRED|CAPEX_DEFERRED,20033387.12761445,false
ecuador-early-expansion,seed-1,JPQ,3,0,0,0,0,0,0,0,0,0,-1,-1,100,4355.466666666667,4867.88256445403,3843.0507688793036,5574.29,5959.45,3828.4,8000,8000,5000,0.6967862499999999,0.7449312499999999,0.76568,30000,0.5120713333333333,5500,1698.98,-1,-1,-1,NOT_CONSIDERED,CAPEX_DEFERRED,31376932.87610506,false
ecuador-early-expansion,seed-1,CONSV,3,2314.6099999999997,0,2314.6099999999997,188.05,1791.28,335.28,0,0,0,-1,4.925051225626797,100,5875.901486146095,7815.91216624685,3478.556703257679,6377.51,5519.62,3188.75,8000,7000,4000,0.79718875,0.7885171428571428,0.7971875,30000,0.5028626666666667,5038,1029.79,-1,-1,-1,NOT_CONSIDERED,CAPEX_DEFERRED|CAPEX_DEFERRED|CAPEX_DEFERRED,35380932.33182596,false
ecuador-early-expansion,seed-1,VAP,3,3555.04,0,3555.04,1289.11,279.78,1986.15,0,0,0,-1,5.37896663884547,100,5205.483278018656,4633.882650871776,5977.401891425501,6120.2,4598.34,4376.45,8000,6000,6000,0.765025,0.76639,0.7294083333333333,30000,0.5031663333333334,6500,0,-1,-1,-1,NOT_CONSIDERED,CAPEX_DEFERRED|CAPEX_DEFERRED|CAPEX_DEFERRED,21883189.90483663,false
ecuador-early-expansion,seed-1,JPQ,4,317.23,0,317.23,0,0,317.23,0,0,0,-1,6.587027178602292,100,5273.896615275306,5894.365560243376,4970.685907239851,5538.06,5917.29,4238.66,8000,8000,5000,0.6922575000000001,0.73966125,0.8477319999999999,30000,0.5231336666666667,6029,1544.51,-1,-1,-1,NOT_CONSIDERED,CAPEX_DEFERRED,26378717.61322356,false
ecuador-early-expansion,seed-1,CONSV,4,2924.18,0,2924.18,0,2518.46,405.72,0,0,0,-1,5.134188074783408,100,5757.767627171055,8617.148078779868,3587.6442150155826,4687.66,5933.53,3390.59,8000,7000,4000,0.5859575,0.8476471428571428,0.8476475,30000,0.46705933333333327,5038,2112.63,-1,-1,-1,NOT_CONSIDERED,CAPEX_DEFERRED|CAPEX_PROPOSED|CAPEX_PROPOSED,33272755.24183698,false
ecuador-early-expansion,seed-1,VAP,4,2697.67,0,2697.67,0,589.2,2108.47,0,0,0,-1,6.185608917194257,100,4082.3904809980045,5127.845630113777,6268.885142362724,5763.6,5089.99,5088.96,8000,6000,6000,0.72045,0.8483316666666666,0.84816,30000,0.5314183333333333,6500,0,-1,-1,-1,NOT_CONSIDERED,CAPEX_DEFERRED|CAPEX_DEFERRED,16471418.703513343,false
ecuador-early-expansion,seed-1,JPQ,5,869.16,0,869.16,0,0,869.16,0,0,0,-1,6.582416743509956,100,5352.149272024901,5981.824567992292,5591.653079993915,5594.25,5843.66,4239.52,8000,8000,5000,0.69928125,0.7304575,0.8479040000000001,30000,0.522581,6029,1691.63,-1,-1,-1,NOT_CONSIDERED,CAPEX_DEFERRED|CAPEX_DEFERRED,21818750.76120808,false
ecuador-early-expansion,seed-1,CONSV,5,4024.14,0,4024.14,918.08,2831.73,274.33,0,0,0,-1,4.845713974338776,100,6710.7959038773215,8967.45588726919,3475.5731643971467,6371.72,5519.62,3188.75,8000,7000,4000,0.796465,0.7885171428571428,0.7971875,30000,0.5026696666666667,5038,1029.79,-1,-1,-1,NOT_CONSIDERED,CAPEX_DEFERRED|CAPEX_DEFERRED|CAPEX_DEFERRED,35509279.28709209,false
ecuador-early-expansion,seed-1,VAP,5,1924.78,0,1924.78,0,406.96,1517.82,0,0,0,-1,6.2207592192876255,100,4165.3449174032485,5037.851126689357,5762.794096943673,4382.66,5090.5,5090.5,8000,6000,6000,0.5478325,0.8484166666666667,0.8484166666666667,30000,0.48545533333333335,6500,0,-1,-1,-1,NOT_CONSIDERED,CAPEX_DEFERRED|CAPEX_DEFERRED,26614703.891650453,false
ecuador-early-expansion,seed-1,JPQ,6,1479.49,0,1479.49,0,0,1479.49,0,0,0,-1,6.5795786581203615,100,5499.630055117896,6146.635540560706,6332.104754515789,5679.89,5759.56,4246.79,8000,8000,5000,0.70998625,0.7199450000000001,0.849358,30000,0.5228746666666667,6029,1885.9,-1,-1,-1,NOT_CONSIDERED,CAPEX_DEFERRED|CAPEX_DEFERRED,22422535.395997394,false
ecuador-early-expansion,seed-1,CONSV,6,4347.650000000001,0,4347.650000000001,443.95,3558.92,344.78,0,0,0,-1,4.9981203207280025,100,6317.375487260361,9780.11410163762,3590.620400854411,6389.73,5530.2,3194.86,8000,7000,4000,0.7987162499999999,0.7900285714285714,0.7987150000000001,30000,0.5038263333333334,5038,1029.79,-1,-1,-1,NOT_CONSIDERED,CAPEX_DEFERRED|CAPEX_DEFERRED|CAPEX_DEFERRED,34364845.52431846,false
ecuador-early-expansion,seed-1,VAP,6,1150.31,0,1150.31,0,224.22,926.09,0,0,0,-1,6.299949944782584,100,5200.61443949502,6006.083094530878,6226.130354405093,4959.84,5089.99,5089.99,8000,6000,6000,0.61998,0.8483316666666666,0.8483316666666666,30000,0.5046606666666666,6500,0,-1,-1,-1,NOT_CONSIDERED,CAPEX_DEFERRED|CAPEX_DEFERRED,16785609.257025417,false
ecuador-early-expansion,seed-1,JPQ,7,2489.2400000000002,0,2489.2400000000002,0,402.15,2087.09,0,0,0,-1,6.339419140399302,100,5571.506865030019,6629.1183174784655,7003.125469144135,5413.92,6804.43,4254.05,8000,8000,5000,0.67674,0.85055375,0.8508100000000001,30000,0.54908,6029,1145.94,-1,-1,-1,NOT_CONSIDERED,CAPEX_DEFERRED|CAPEX_DEFERRED,13239850.82282836,false
ecuador-early-expansion,seed-1,CONSV,7,4684.639999999999,0,4684.639999999999,0,4275.5199999999995,409.12,0,0,0,-1,5.170079467310264,100,5897.6,10522.32,3668.3099999999995,4703.73,5954.48,3402.56,8000,7000,4000,0.5879662499999999,0.85064,0.85064,30000,0.46869233333333327,5038,2112.63,-1,-1,-1,NOT_CONSIDERED,CAPEX_DEFERRED|CAPEX_DEFERRED|CAPEX_DEFERRED,15804650.698480941,false
ecuador-early-expansion,seed-1,VAP,7,2198.24,0,2198.24,0,1041.94,1156.3,0,0,0,-1,5.917688580646422,100,5305.061821629501,6939.914094602667,6562.774589462963,5614.92,5089.99,5089.99,8000,6000,6000,0.701865,0.8483316666666666,0.8483316666666666,30000,0.5264966666666666,6500,0,-1,-1,-1,NOT_CONSIDERED,CAPEX_DEFERRED|CAPEX_DEFERRED,29023543.874452636,false
ecuador-early-expansion,seed-1,JPQ,8,2331.38,0,2331.38,0,0,2331.38,0,0,0,-1,6.526362861294898,100,5537.953420654009,6189.488398841316,7217.818209611564,6156.18,6238.29,4254.05,8000,8000,5000,0.7695225,0.77978625,0.8508100000000001,30000,0.5549506666666667,6029,1032.41,-1,-1,-1,NOT_CONSIDERED,CAPEX_PROPOSED|CAPEX_PROPOSED,35957528.58969383,false
ecuador-early-expansion,seed-1,CONSV,8,5904.670000000001,0,5904.670000000001,1145.69,4567.84,191.14,0,0,0,-1,4.823527723439001,100,7036.14848750592,11119.02742864126,3446.3933746743237,6352.91,5765.37,3178.37,8000,7350,4000,0.79411375,0.7844040816326531,0.7945924999999999,30000,0.5098883333333333,5038,1166.88,-1,-1,-1,NOT_CONSIDERED,CAPEX_DEFERRED|CAPEX_PROPOSED|CAPEX_DEFERRED,33295818.201812316,false
ecuador-early-expansion,seed-1,VAP,8,2926.65,0,2926.65,0,1859.65,1067,0,0,0,-1,5.524296861264134,100,5381.671523370933,7842.799775123398,6551.542391606228,5621.35,5089.99,5089.99,8000,6000,6000,0.7026687500000001,0.8483316666666666,0.8483316666666666,30000,0.526711,6500,0,-1,-1,-1,NOT_CONSIDERED,CAPEX_PROPOSED|CAPEX_PROPOSED,36987153.7133231,false
ecuador-early-expansion,seed-1,JPQ,9,2700.05,0,2700.05,0,0,2700.05,0,0,0,-1,6.659424994338933,100,5523.974952869167,6173.854359089068,7574.145546649264,6311.54,6806.48,4254.91,8000,8000,5000,0.7889425,0.85081,0.850982,30000,0.5790976666666666,6307,0,-1,-1,-1,NOT_CONSIDERED,CAPEX_DEFERRED|CAPEX_DEFERRED,43497032.78257896,false
ecuador-early-expansion,seed-1,CONSV,9,6323.95,0,6323.95,690.38,5361.599999999999,271.97,0,0,0,-1,4.991001335040285,100,6580.874506022599,11912.827487331797,3527.2332916921787,6778.18,6222.29,3389.09,8000,7350,4000,0.8472725,0.8465700680272109,0.8472725,30000,0.5463186666666667,5360,73.98,-1,-1,-1,NOT_CONSIDERED,CAPEX_PROPOSED|CAPEX_DEFERRED|CAPEX_DEFERRED,38014755.76402461,false
ecuador-early-expansion,seed-1,VAP,9,4029.9299999999994,0,4029.9299999999994,0,2803.3599999999997,1226.57,0,0,0,-1,5.504563941680892,100,5372.837022490713,8776.690572063206,6702.113147852627,5422.12,5089.99,5089.99,8000,6000,6000,0.677765,0.8483316666666666,0.8483316666666666,30000,0.52007,6500,0,-1,-1,-1,NOT_CONSIDERED,CAPEX_DEFERRED|CAPEX_DEFERRED,31582708.24571871,false
ecuador-early-expansion,seed-1,JPQ,10,2952.4599999999996,0,2952.4599999999996,0,0,2952.4599999999996,0,0,0,-1,6.613354929694836,100,5825.154670831551,6510.465254282637,8092.294279715585,5961.64,6808.54,4255.34,8000,8000,5000,0.745205,0.8510675,0.851068,30000,0.5675173333333333,6307,0,-1,-1,-1,MONITORING,CAPEX_DEFERRED|CAPEX_DEFERRED,45071566.16702696,false
ecuador-early-expansion,seed-1,CONSV,10,5729.61,0,5729.61,0,5698.44,31.17,0,0,0,-1,5.003680560051895,100,5793.051581549135,12141.30894236961,3432.6910993887423,6807.85,6254.71,3616.31,8000,7350,4250,0.85098125,0.8509809523809524,0.8508964705882353,30000,0.5559623333333334,5603,0,-1,-1,-1,NOT_CONSIDERED,CAPEX_DEFERRED|CAPEX_DEFERRED|CAPEX_PROPOSED,37385586.45092249,false
ecuador-early-expansion,seed-1,VAP,10,5044.929999999999,0,5044.929999999999,0,3761.3700000000003,1283.56,0,0,0,-1,5.428516039874822,100,5343.949354456248,9702.584282307242,6729.67309211497,5351.17,5098.71,5098.71,8000,6000,6000,0.66889625,0.849785,0.849785,30000,0.5182863333333333,6500,0,-1,-1,-1,NOT_CONSIDERED,CAPEX_DEFERRED|CAPEX_DEFERRED,36972817.31585199,false
ecuador-early-expansion,seed-1,JPQ,11,3592.91,0,3592.91,0,0,3592.91,0,0,0,-1,6.5368789581350875,100,5804.630729629782,6487.526737861067,8714.634948289256,5797.16,6808.54,4255.34,8000,8000,5000,0.724645,0.8510675,0.851068,30000,0.5620346666666667,6307,0,-1,-1,-1,MONITORING,CAPEX_DEFERRED|CAPEX_DEFERRED,47968415.92705032,false
ecuador-early-expansion,seed-1,CONSV,11,5905.86,0,5905.86,0,5905.86,0,0,0,0,-1,4.959681070812207,100,7736.17996889617,11641.822364185458,3028.3033589738143,8308.88,6253.46,3431.66,12000,7350,4250,0.6924066666666666,0.8508108843537415,0.8074494117647059,30000,0.5998,5603,764.13,-1,-1,-1,NOT_CONSIDERED,CAPEX_DEFERRED|CAPEX_DEFERRED,46386382.19089235,false
ecuador-early-expansion,seed-1,VAP,11,6179.539999999999,0,6179.539999999999,0,4710.659999999999,1468.88,0,0,0,-1,5.360140014844971,100,5331.268485585061,10637.766339730439,6902.069794868303,5410.33,5106.4,5106.4,8000,6000,6000,0.67629125,0.8510666666666666,0.8510666666666666,30000,0.520771,6500,0,-1,-1,-1,NOT_CONSIDERED,CAPEX_DEFERRED|CAPEX_DEFERRED,34477682.87903371,false
ecuador-early-expansion,seed-1,JPQ,12,4464.16,0,4464.16,0,0,4464.16,0,0,0,-1,6.400350582914396,91.07,5835.042967671453,6806.8231309710945,9612.720389618096,5911.71,7106.41,4255.34,8000,8350,5000,0.73896375,0.8510670658682634,0.851068,30000,0.575782,6307,0,-1,-1,-1,MONITORING,CAPEX_PROPOSED|CAPEX_DEFERRED,46283279.91391355,false
ecuador-early-expansion,seed-1,CONSV,12,5411.540000000001,0,5411.540000000001,0,5411.540000000001,0,0,0,0,-1,4.892599502527304,100,8821.812451266553,12263.911541475018,3453.275268752368,9949.8,6551.9,3616.31,12000,7700,4250,0.8291499999999999,0.8508961038961038,0.8508964705882353,30000,0.6706003333333332,6093,0,-1,-1,-1,NOT_CONSIDERED,CAPEX_PROPOSED|CAPEX_DEFERRED|CAPEX_DEFERRED,37713160.840675175,false
ecuador-early-expansion,seed-1,VAP,12,7503.32,0,7503.32,0,5652.25,1851.07,0,0,0,-1,5.299470964825058,87.26,5355.836233099372,11954.026185550401,7309.299712404738,5484.92,5403.73,5106.4,8000,6350,6000,0.685615,0.8509811023622047,0.8510666666666666,30000,0.5331683333333334,6500,0,-1,-1,-1,NOT_CONSIDERED,CAPEX_PROPOSED|CAPEX_DEFERRED|CAPEX_DEFERRED,44435653.20141474,false
ecuador-early-expansion,seed-1,JPQ,13,5230.12,208.82,5021.3,0,0,5230.12,0,0,208.82,6.537296065824469,6.52250800508227,90.83,5845.545813762181,6819.084984823085,10387.957436254972,5989.63,7106.41,4255.34,8000,8350,5000,0.74870375,0.8510670658682634,0.851068,30000,0.5783793333333334,6307,0,-1,-1,-1,MONITORING,CAPEX_DEFERRED|CAPEX_DEFERRED,54301330.202068664,false
ecuador-early-expansion,seed-1,CONSV,13,5731.110000000001,0,5731.110000000001,0,5731.110000000001,0,0,0,0,-1,5.0139415730025325,100,8821.231472925481,12583.050207756005,3453.0478463096465,9427.57,6553.22,3617.03,12000,7700,4250,0.7856308333333333,0.8510675324675325,0.8510658823529412,30000,0.6532606666666667,6296,0,-1,-1,-1,NOT_CONSIDERED,CAPEX_DEFERRED,34343006.71485123,false
ecuador-early-expansion,seed-1,VAP,13,8767.34,248.52,8518.82,0,6643.629999999999,2123.71,0,248.52,0,4.923070340502716,5.43026126822573,86.27,5358.497990135735,12948.522892971214,7584.645827335648,5464.03,5404.28,5106.4,8000,6350,6000,0.68300375,0.851067716535433,0.8510666666666666,30000,0.5324903333333333,6500,0,-1,-1,-1,NOT_CONSIDERED,CAPEX_DEFERRED|CAPEX_DEFERRED|CAPEX_DEFERRED,51432504.89194551,false
ecuador-early-expansion,seed-1,JPQ,14,5815.71,974.78,4840.93,0,0,5815.71,0,0,974.78,6.691673874508559,6.512787484363898,90.16,5850.277983910048,6824.608549279548,11235.829465958115,5970.89,7105.7,4467.2,8000,8350,5250,0.7463612500000001,0.8509820359281437,0.850895238095238,30000,0.584793,6307,0,-1,-1,-1,MONITORING,CAPEX_DEFERRED|CAPEX_PROPOSED,63917339.95381236,false
ecuador-early-expansion,seed-1,CONSV,14,6049.38,0,6049.38,0,6049.38,0,0,0,0,-1,5.010398758231059,100,8824.048793238399,12903.51632478895,3454.1446087745758,8669.94,6553.22,3617.03,12000,7700,4250,0.722495,0.8510675324675325,0.8510658823529412,30000,0.6280063333333333,6296,0,-1,-1,-1,NOT_CONSIDERED,CAPEX_DEFERRED,41684779.79868974,false
ecuador-early-expansion,seed-1,VAP,14,9504.899999999998,1239.35,8265.549999999997,0,7625.62,1879.28,0,1239.35,0,5.041911575525418,5.3898443728743475,85.05,5347.58958561287,13917.701853181832,7556.194985838637,5409.69,5404.28,5319.17,8000,6350,6250,0.6762112499999999,0.851067716535433,0.8510672,30000,0.5377713333333333,6500,0,-1,-1,-1,NOT_CONSIDERED,CAPEX_DEFERRED|CAPEX_PROPOSED|CAPEX_DEFERRED,60037844.941850595,false
ecuador-early-expansion,seed-1,JPQ,15,6508.99,1348.51,5160.48,0,0,6508.99,0,0,1348.51,6.683396690216475,6.518226807517078,87.61,5851.1850385714015,6825.6650280322165,11929.95055117547,5934.51,7106.41,4468.1,8000,8350,5250,0.74181375,0.8510670658682634,0.8510666666666667,30000,0.583634,6504,0,-1,-1,-1,MONITORING,CAPEX_DEFERRED|CAPEX_DEFERRED|CAPEX_DEFERRED,71183755.60572587,false
ecuador-early-expansion,seed-1,CONSV,15,6367.65,0,6367.65,0,6367.65,0,0,0,0,-1,5.0225149834705505,100,8823.466752377737,13221.326473401168,3453.9228405689173,8581.05,6553.22,3419.61,12000,7700,4250,0.7150875,0.8510675324675325,0.8046141176470588,30000,0.6184626666666667,6296,0,-1,-1,-1,NOT_CONSIDERED,CAPEX_DEFERRED,52685335.92222943,false
ecuador-early-expansion,seed-1,VAP,15,10306.880000000003,2221.34,8085.540000000003,0,8619.93,1686.95,0,2221.34,0,5.03939743245503,5.3712091883694,79.02,5319.920391665422,14879.4307073465,7334.455622721998,5391.5,5404.28,5319.17,8000,6350,6250,0.6739375,0.851067716535433,0.8510672,30000,0.537165,6500,0,-1,-1,-1,NOT_CONSIDERED,CAPEX_DEFERRED|CAPEX_DEFERRED|CAPEX_DEFERRED,67309278.0485347,false
ecuador-early-expansion,seed-1,JPQ,16,7327.390000000001,2040.89,5286.500000000001,0,0,7327.390000000001,0,0,2040.89,6.660137173007557,6.488490914266027,70.88,5843.450927233239,7102.349890589779,12741.156319703887,5919.58,7404.28,4468.55,8000,8700,5250,0.7399475,0.8510666666666666,0.851152380952381,30000,0.5930803333333333,6504,0,-1,-1,-1,MONITORING,CAPEX_PROPOSED|CAPEX_DEFERRED|CAPEX_DEFERRED,80674384.30298062,false
ecuador-early-expansion,seed-1,CONSV,16,6685.92,0,6685.92,0,6685.92,0,0,0,0,-1,5.014252009319219,100,8818.784949934257,13847.304914901792,3655.1542884595938,8809.55,6851.09,3547.07,12000,8050,4500,0.7341291666666666,0.8510670807453417,0.7882377777777778,30000,0.640257,6296,0,-1,-1,-1,NOT_CONSIDERED,CAPEX_PROPOSED|CAPEX_DEFERRED,66569735.233670674,false
ecuador-early-expansion,seed-1,VAP,16,11596.14,3215.65,8380.49,0,9616.449999999999,1979.69,0,3215.65,0,5.033607549541633,5.409494585860254,63.32,5312.528614234731,16211.819913250174,7619.369415204703,5426.09,5702.15,5319.17,8000,6700,6250,0.67826125,0.8510671641791044,0.8510672,30000,0.548247,6500,0,-1,-1,-1,NOT_CONSIDERED,CAPEX_PROPOSED|CAPEX_DEFERRED|CAPEX_DEFERRED,76772511.76247172,false
ecuador-early-expansion,seed-1,JPQ,17,8155.37,2858.8399999999997,5296.530000000001,0,0,8155.37,0,0,2858.8399999999997,6.587249461903113,6.28125219620333,71.3,5845.229455330967,7104.533383637905,13570.803027123333,5935.28,7405.03,4468.55,8000,8700,5250,0.74191,0.8511528735632183,0.851152380952381,30000,0.5936286666666667,6504,0,-1,-1,-1,MONITORING,CAPEX_DEFERRED|CAPEX_DEFERRED,90388361.22027695,false
ecuador-early-expansion,seed-1,CONSV,17,7018.639999999999,0,7018.639999999999,0,7018.639999999999,0,0,0,0,-1,4.85532761634542,88.52,8816.1702717637,14177.91160446074,3654.0805389934326,8923.23,6851.78,3671.08,12000,8050,4500,0.7436024999999999,0.8511527950310559,0.8157955555555555,30000,0.6482029999999999,6296,0,-1,-1,-1,NOT_CONSIDERED,CAPEX_DEFERRED|CAPEX_DEFERRED,79048374.80382296,false
ecuador-early-expansion,seed-1,VAP,17,12949.749999999998,3914.2999999999997,9035.449999999999,0,10667.909999999998,2281.84,0,3914.2999999999997,0,5.027150621943097,5.263059908976173,62.09,5314.111680768705,17265.22335427197,7923.199366992513,5453.56,5702.15,5319.17,8000,6700,6250,0.681695,0.8510671641791044,0.8510672,30000,0.5491626666666666,6500,0,-1,-1,-1,NOT_CONSIDERED,CAPEX_DEFERRED|CAPEX_DEFERRED|CAPEX_DEFERRED,85995112.64534076,false
ecuador-early-expansion,seed-1,JPQ,18,8873.84,3686.82,5187.02,0,0,8873.84,0,0,3686.82,6.330848696336866,6.241754682616119,71.73,6051.448482252345,7355.181669647453,14480.331208703908,6149.5,7403.54,4467.65,8000,8700,5250,0.7686875,0.8509816091954023,0.8509809523809523,30000,0.6006896666666668,6504,0,-1,-1,-1,DEFERRED,CAPEX_DEFERRED|CAPEX_DEFERRED|CAPEX_DEFERRED,99508615.5590337,false
ecuador-early-expansion,seed-1,CONSV,18,7350.68,166.86,7183.820000000001,0,7350.68,0,0,166.86,0,4.88885359105498,4.826585096854314,88.07,8822.30299401197,14514.931751497003,3656.612425149698,8893.36,6851.78,3666.88,12000,8050,4500,0.7411133333333334,0.8511527950310559,0.8148622222222223,30000,0.6470673333333333,6296,0,-1,-1,-1,NOT_CONSIDERED,CAPEX_DEFERRED|CAPEX_DEFERRED,90697964.94032879,false
ecuador-early-expansion,seed-1,VAP,18,13614.369999999999,4965.76,8648.609999999999,0,11719.359999999999,1895.01,0,4965.76,0,4.8630228226246635,5.170183166323593,60.57,5301.983010357954,18301.613613244015,7523.483455897542,5437.56,5702.15,5319.17,8000,6700,6250,0.679695,0.8510671641791044,0.8510672,30000,0.5486293333333332,6500,0,-1,-1,-1,NOT_CONSIDERED,CAPEX_DEFERRED|CAPEX_DEFERRED|CAPEX_DEFERRED,95103787.45030968,false
ecuador-early-expansion,seed-1,JPQ,19,9895.739999999998,4406.19,5489.549999999998,0,0,9895.739999999998,0,0,4406.19,6.261529817346436,6.280425114206536,71.25,6064.1974137659945,7370.6673754356225,15514.042723362136,6228.46,7403.54,4467.65,8000,8700,5250,0.7785575,0.8509816091954023,0.8509809523809523,30000,0.6033216666666668,6504,0,-1,-1,-1,DEFERRED,CAPEX_DEFERRED|CAPEX_DEFERRED|CAPEX_DEFERRED,108299119.25737011,false
ecuador-early-expansion,seed-1,CONSV,19,7682.72,498.9,7183.820000000001,0,7682.72,0,0,498.9,0,4.860162811989962,4.857896029086352,87.92,8826.440059786957,14850.333178080073,3658.32299466279,8840.33,6851.78,3622.27,12000,8050,4500,0.7366941666666666,0.8511527950310559,0.8049488888888889,30000,0.6438126666666667,6296,0,-1,-1,-1,NOT_CONSIDERED,CAPEX_DEFERRED|CAPEX_DEFERRED,100994682.24636374,false
ecuador-early-expansion,seed-1,VAP,19,14539.89,6017.21,8522.68,0,12770.82,1769.07,0,6017.21,0,4.8306100276659905,5.193593331191031,61.16,5307.564234082539,19360.01464833496,7403.4884793141555,5439.98,5702.15,5319.17,8000,6700,6250,0.6799974999999999,0.8510671641791044,0.8510672,30000,0.54871,6500,0,-1,-1,-1,NOT_CONSIDERED,CAPEX_DEFERRED|CAPEX_DEFERRED|CAPEX_DEFERRED,104747419.31598932,false
ecuador-early-expansion,seed-1,JPQ,20,11007.609999999999,5428.09,5579.519999999999,0,0,11007.609999999999,0,0,5428.09,6.281701177452436,6.2610412989174336,70.92,6073.801023109475,7679.351193739253,16902.770398336383,6130.46,7625.54,4679.93,8000,9050,5500,0.7663075,0.8426011049723757,0.8508963636363637,30000,0.614531,6504,123.16,-1,-1,-1,DEFERRED,CAPEX_PROPOSED|CAPEX_PROPOSED|CAPEX_DEFERRED,119787777.3905544,false
ecuador-early-expansion,seed-1,CONSV,20,8014.7699999999995,830.94,7183.83,0,8014.7699999999995,0,0,830.94,0,4.891224283763371,4.856478306230704,89.6,8828.924420864783,15496.121746101213,3659.3568323321147,8830.37,7148.96,3625.67,12000,8400,4500,0.7358641666666668,0.8510666666666666,0.8057044444444444,30000,0.6535,6296,0,-1,-1,-1,NOT_CONSIDERED,CAPEX_PROPOSED|CAPEX_DEFERRED,112988928.75115599,false
ecuador-early-expansion,seed-1,VAP,20,15959.19,7068.67,8890.52,0,13822.28,2136.91,0,7068.67,0,4.859858190833783,5.242526530539132,62.23,5302.409566784739,20748.934921366334,7991.007567891667,5435.16,5998.82,5530.82,8000,7050,6500,0.679395,0.8508964539007092,0.8508953846153846,30000,0.5654933333333333,6500,0,-1,-1,-1,NOT_CONSIDERED,CAPEX_PROPOSED|CAPEX_PROPOSED|CAPEX_DEFERRED,114983244.10140203,false
ecuador-early-expansion,seed-1,JPQ,21,12111.07,6327.68,5783.389999999999,0,0,12111.07,0,0,6327.68,6.285477754000584,6.50635328541412,70.6,6075.814461441626,7681.861953332814,18008.175306406356,6157.05,7701.38,4680.4,8000,9050,5500,0.76963125,0.8509812154696133,0.8509818181818181,30000,0.6179610000000001,6782,0,-1,-1,-1,DEFERRED,CAPEX_DEFERRED|CAPEX_DEFERRED|CAPEX_DEFERRED,124671657.89933914,false
ecuador-early-expansion,seed-1,CONSV,21,8361.97,865.81,7496.16,0,8361.97,0,0,865.81,0,4.892252988630489,5.048888727683004,88.95,8829.379187413602,15843.708624291008,3659.5411843415254,8843.32,7149.68,3632.83,12000,8400,4500,0.7369433333333333,0.851152380952381,0.8072955555555555,30000,0.6541943333333334,6296,0,-1,-1,-1,NOT_CONSIDERED,CAPEX_DEFERRED|CAPEX_DEFERRED,121071255.31738108,false
ecuador-early-expansion,seed-1,VAP,21,17384.109999999993,7823.459999999999,9560.649999999994,0,14914.49,2469.6200000000003,0,7823.459999999999,0,4.862867722973279,5.473799622197109,61.43,5303.133892764147,21842.107885594396,8324.523523928332,5427.87,6000.02,5531.94,8000,7050,6500,0.6784837499999999,0.8510666666666667,0.8510676923076922,30000,0.5653276666666666,6722,0,-1,-1,-1,NOT_CONSIDERED,CAPEX_DEFERRED|CAPEX_DEFERRED|CAPEX_DEFERRED,118710075.45521128,false
ecuador-early-expansion,seed-1,JPQ,22,12667.789999999999,7430.67,5237.119999999999,0,0,12667.789999999999,0,0,7430.67,6.495105178400667,6.355032886858542,72.57,6040.9227491074935,7637.772031208202,18531.03912924398,6116.95,7702.93,4681.34,8000,9050,5500,0.76461875,0.8511524861878453,0.8511527272727273,30000,0.6167073333333334,6782,0,-1,-1,-1,DEFERRED,CAPEX_DEFERRED|CAPEX_DEFERRED|CAPEX_DEFERRED,136192408.17496687,false
ecuador-early-expansion,seed-1,CONSV,22,8673.06,1212.29,7460.7699999999995,0,8673.06,0,0,1212.29,0,5.085785497112417,4.948227923925623,88.63,8825.08379325039,16151.158842180022,3657.7708344028606,8846.63,7149.68,3617.59,12000,8400,4500,0.7372191666666666,0.851152380952381,0.8039088888888889,30000,0.6537966666666667,6296,0,-1,-1,-1,NOT_CONSIDERED,CAPEX_DEFERRED|CAPEX_DEFERRED,134085758.34998584,false
ecuador-early-expansion,seed-1,VAP,22,17738.71,8914.470000000001,8824.239999999998,0,15987.850000000002,1750.86,0,8914.470000000001,0,5.018475992596769,5.26058229354659,59.14,5291.480891922731,22900.235994551418,7592.888352369103,5412.03,6000.02,5531.94,8000,7050,6500,0.67650375,0.8510666666666667,0.8510676923076922,30000,0.5647996666666666,6722,0,-1,-1,-1,NOT_CONSIDERED,CAPEX_DEFERRED|CAPEX_DEFERRED|CAPEX_DEFERRED,128432410.73493463,false
ecuador-early-expansion,seed-1,JPQ,23,13675.630000000001,7986.45,5689.180000000001,0,0,13675.630000000001,0,0,7986.45,6.4451382187247575,6.465064200549178,70.97,6036.098743080653,7631.68268302505,19534.19700528527,6122.22,7702.93,4681.34,8000,9050,5500,0.7652775,0.8511524861878453,0.8511527272727273,30000,0.6168830000000001,6782,0,-1,-1,-1,DEFERRED,CAPEX_DEFERRED|CAPEX_DEFERRED|CAPEX_DEFERRED,146075816.4741243,false
ecuador-early-expansion,seed-1,CONSV,23,9019.550000000001,1523.38,7496.170000000001,0,9019.550000000001,0,0,1523.38,0,4.984563870234552,5.0283368587860515,88.82,9136.974741267943,16761.93317691943,3787.0221247781565,9155.29,7148.24,3769.44,12000,8400,4500,0.7629408333333334,0.8509809523809524,0.8376533333333334,30000,0.669099,6296,0,-1,-1,-1,MONITORING,CAPEX_DEFERRED|CAPEX_DEFERRED,146314347.4535025,false
ecuador-early-expansion,seed-1,VAP,23,18577.52,9987.830000000002,8589.689999999999,0,17094.23,1483.29,0,9987.830000000002,0,4.986345867097374,5.315369266529306,60.1,5280.834283742141,23992.708079776683,7313.554319818467,5423.75,6000.02,5531.94,8000,7050,6500,0.67796875,0.8510666666666667,0.8510676923076922,30000,0.5651903333333334,6722,0,-1,-1,-1,NOT_CONSIDERED,CAPEX_DEFERRED|CAPEX_DEFERRED|CAPEX_DEFERRED,138035616.04154676,false
ecuador-early-expansion,seed-1,JPQ,24,14873.87,8994.29,5879.58,0,0,14873.87,0,0,8994.29,6.441811620626813,6.4616224326790235,70.28,6038.844837952594,7930.421819757835,20735.092788668448,6144.35,7999.23,4680.4,8000,9400,5500,0.76804375,0.850981914893617,0.8509818181818181,30000,0.627466,6782,0,-1,-1,-1,DEFERRED,CAPEX_PROPOSED|CAPEX_DEFERRED|CAPEX_DEFERRED,159894910.8337469,false
ecuador-early-expansion,seed-1,CONSV,24,9629.839999999998,1871.31,7758.529999999999,0,9629.839999999998,0,0,1871.31,0,5.06502875583483,5.036124811282247,88.84,9138.283381713047,17695.974330363482,3787.5786371987274,9265.77,7446.09,3829.42,12000,8750,4500,0.7721475,0.8509817142857143,0.8509822222222222,30000,0.6847093333333333,6578,0,-1,-1,-1,MONITORING,CAPEX_PROPOSED|CAPEX_DEFERRED,158573631.54400346,false
ecuador-early-expansion,seed-1,VAP,24,20026.729999999996,11094.21,8932.519999999997,0,18200.609999999997,1826.12,0,11094.21,0,5.006231699573467,5.375318763663891,61.42,5278.673227018049,25438.59553230269,7654.004254417361,5441.86,6297.9,5531.94,8000,7400,6500,0.6802324999999999,0.8510675675675675,0.8510676923076922,30000,0.5757233333333333,6722,0,-1,-1,-1,NOT_CONSIDERED,CAPEX_PROPOSED|CAPEX_DEFERRED|CAPEX_DEFERRED,150431019.16840884,false
ecuador-early-expansion,seed-1,JPQ,25,16035.34,10193.47,5841.870000000001,0,0,16035.34,0,0,10193.47,6.475546537191071,6.502357767736792,70.83,6043.510516059929,7936.548951098225,21901.091234022006,6153.47,7999.23,4680.4,8000,9400,5500,0.76918375,0.850981914893617,0.8509818181818181,30000,0.6277699999999999,6782,0,-1,-1,-1,DEFERRED,CAPEX_DEFERRED|CAPEX_DEFERRED|CAPEX_DEFERRED,172128233.85729247,false
ecuador-early-expansion,seed-1,CONSV,25,10249.289999999999,2183.75,8065.539999999999,0,10249.289999999999,0,0,2183.75,0,5.06112834739534,5.06624546469268,61.57,9137.547853635844,18314.776268995858,3787.279623557023,9196.14,7447.58,3791.55,12000,8750,4500,0.7663449999999999,0.851152,0.8425666666666667,30000,0.6811756666666667,6578,0,-1,-1,-1,MONITORING,CAPEX_DEFERRED|CAPEX_DEFERRED,169705392.70070928,false
ecuador-early-expansion,seed-1,VAP,25,21310.56,11902.71,9407.850000000002,0,19356.97,1953.5900000000001,0,11902.71,0,5.038229822011841,5.408288340385624,59.82,5263.599031219898,26574.293142219758,7764.835548071087,5431.06,6297.9,5531.94,8000,7400,6500,0.6788825,0.8510675675675675,0.8510676923076922,30000,0.5753633333333332,6722,0,-1,-1,-1,NOT_CONSIDERED,CAPEX_DEFERRED|CAPEX_DEFERRED|CAPEX_DEFERRED,161426479.22255924,false
ecuador-early-expansion,seed-1,JPQ,26,16723.93,11354.94,5368.99,0,0,16723.93,0,0,11354.94,6.485202093238613,6.351420785762449,72.54,6055.800733732054,7952.691982761433,22868.78633684279,6156.59,7999.23,4892.65,8000,9400,5750,0.7695737500000001,0.850981914893617,0.8508956521739129,30000,0.634949,6782,0,-1,-1,-1,DEFERRED,CAPEX_DEFERRED|CAPEX_PROPOSED|CAPEX_DEFERRED,186328685.54042408,false
ecuador-early-expansion,seed-1,CONSV,26,10858.740000000002,2801.7100000000005,8057.030000000001,0,10858.740000000002,0,0,2801.7100000000005,0,5.0893350846223955,4.962193054557696,61.59,9141.128670125136,18927.385795327078,3788.757934573972,9135.51,7447.58,3753.29,12000,8750,4500,0.7612925,0.851152,0.8340644444444444,30000,0.6778793333333334,6578,0,-1,-1,-1,MONITORING,CAPEX_DEFERRED|CAPEX_DEFERRED,184018272.90055242,false
ecuador-early-expansion,seed-1,VAP,26,21876.870000000003,13059.07,8817.800000000003,0,20504.56,1372.31,0,13059.07,0,5.0570399214203565,5.209856494109911,58.26,5273.040038347813,27734.816955984777,7417.8894899465795,5445.05,6297.26,5743.55,8000,7400,6750,0.68063125,0.8509810810810811,0.8508962962962964,30000,0.582862,6722,0,-1,-1,-1,NOT_CONSIDERED,CAPEX_DEFERRED|CAPEX_PROPOSED|CAPEX_DEFERRED,174570391.31694737,false
ecuador-early-expansion,seed-1,JPQ,27,17608.460000000003,11831.280000000002,5777.18,0,0,17608.460000000003,0,0,11831.280000000002,6.443568544038398,6.408023253267697,71.08,6042.219648823737,7934.8537391875025,23739.525547087862,6129.35,8000.03,4893.64,8000,9400,5750,0.7661687500000001,0.8510670212765957,0.8510678260869565,30000,0.6341006666666666,7030,0,-1,-1,-1,DEFERRED,CAPEX_DEFERRED|CAPEX_DEFERRED|CAPEX_DEFERRED,196878378.34152168,false
ecuador-early-expansion,seed-1,CONSV,27,11488.130000000001,3411.16,8076.970000000001,0,11488.130000000001,0,0,3411.16,0,4.978731107835251,5.006242247461883,61.56,9141.04411940044,19556.692352212616,3788.7287361965296,9134.72,7447.58,3764.49,12000,8750,4500,0.7612266666666666,0.851152,0.8365533333333333,30000,0.6782263333333334,6578,0,-1,-1,-1,MONITORING,CAPEX_DEFERRED|CAPEX_DEFERRED,197432589.1225217,false
ecuador-early-expansion,seed-1,VAP,27,22606.69,14207.300000000001,8399.389999999998,0,21665.829999999998,940.86,0,14207.300000000001,0,5.014633336939225,5.191532771286533,59.04,5261.613252750695,28880.443551664248,6973.359043847253,5433.59,6297.9,5744.7,8000,7400,6750,0.6791987500000001,0.8510675675675675,0.8510666666666666,30000,0.5825396666666667,6942,0,-1,-1,-1,NOT_CONSIDERED,CAPEX_DEFERRED|CAPEX_DEFERRED|CAPEX_DEFERRED,184457503.3049396,false
ecuador-early-expansion,seed-1,JPQ,28,18897.81,12714.82,6182.990000000002,0,0,18897.81,0,0,12714.82,6.422992494896447,6.287367975017474,69.67,6045.360884506623,8234.590512920795,25032.07296092287,6135.31,8297.9,4894.13,8000,9750,5750,0.7669137500000001,0.8510666666666666,0.8511530434782609,30000,0.6442446666666667,7030,0,-1,-1,-1,DEFERRED,CAPEX_PROPOSED|CAPEX_DEFERRED|CAPEX_DEFERRED,210586340.31013235,false
ecuador-early-expansion,seed-1,CONSV,28,12122.34,4040.55,8081.79,0,12122.34,0,0,4040.55,0,5.018544354388572,4.9110412201524785,61.56,9141.806736519624,20514.362466849023,3789.0389752993565,9154.58,7743.93,3788.06,12000,9100,4500,0.7628816666666667,0.8509813186813188,0.841791111111111,30000,0.6895523333333334,6578,0,-1,-1,-1,MONITORING,CAPEX_PROPOSED|CAPEX_DEFERRED,213254823.30916768,false
ecuador-early-expansion,seed-1,VAP,28,24070.269999999997,15367.929999999997,8702.34,0,22827.129999999997,1243.14,0,15367.929999999997,0,4.990025642446733,5.142339368240052,60.63,5255.470859538788,30374.12678817175,7268.559086123833,5429.86,6595.77,5744.7,8000,7750,6750,0.6787325,0.8510670967741936,0.8510666666666666,30000,0.5923443333333334,6942,0,-1,-1,-1,NOT_CONSIDERED,CAPEX_PROPOSED|CAPEX_DEFERRED|CAPEX_DEFERRED,196914481.9433017,false
ecuador-early-expansion,seed-1,JPQ,29,20171.12,14003.679999999998,6167.4400000000005,0,0,20171.12,0,0,14003.679999999998,6.36218771580554,6.2537241862457,70.16,6051.227730756874,8242.578374277378,26311.335939136898,6148.99,8298.74,4894.13,8000,9750,5750,0.7686237499999999,0.8511528205128205,0.8511530434782609,30000,0.6447286666666667,7030,0,-1,-1,-1,DEFERRED,CAPEX_DEFERRED|CAPEX_DEFERRED|CAPEX_DEFERRED,221509171.70668167,false
ecuador-early-expansion,seed-1,CONSV,29,12776.05,4378.41,8397.64,0,12776.05,0,0,4378.41,0,4.919577502648305,4.891403197480436,60.64,9144.646526762584,21170.670177379976,3790.2118542432836,9165.76,7743.93,3793.6,12000,9100,4500,0.7638133333333333,0.8509813186813188,0.8430222222222222,30000,0.6901096666666667,6578,0,-1,-1,-1,MONITORING,CAPEX_DEFERRED|CAPEX_DEFERRED,225156582.76923305,false
ecuador-early-expansion,seed-1,VAP,29,25311.23,16231.359999999997,9079.870000000003,0,24037.16,1274.07,0,16231.359999999997,0,4.9638757535059925,5.115980980591376,58.96,5252.49061153584,31579.88134786983,7296.089107380336,5432.27,6595.77,5744.7,8000,7750,6750,0.6790337500000001,0.8510670967741936,0.8510666666666666,30000,0.5924246666666667,6942,0,-1,-1,-1,NOT_CONSIDERED,CAPEX_DEFERRED|CAPEX_DEFERRED|CAPEX_DEFERRED,207137734.33679983,false
ecuador-early-expansion,seed-1,JPQ,30,21069.99,15276.99,5793.000000000002,0,0,21069.99,0,0,15276.99,6.309870411348444,6.5022868801160465,71.45,6197.583990250821,8441.925542264911,27358.716819285262,6290.35,8297.07,4893.14,8000,9750,5750,0.78629375,0.8509815384615385,0.8509808695652175,30000,0.649352,7030,0,-1,-1,-1,READY_TO_BUILD,CAPEX_DEFERRED|CAPEX_DEFERRED|CAPEX_DEFERRED,231284026.11291853,false
ecuador-early-expansion,seed-1,CONSV,30,13428.889999999998,5032.12,8396.769999999997,0,13428.889999999998,0,0,5032.12,0,4.898336813730455,5.099782292587558,60.65,9148.737796514524,21827.25589700693,3791.917568368041,9164.04,7743.93,3789.56,12000,9100,4500,0.7636700000000001,0.8509813186813188,0.8421244444444445,30000,0.6899176666666668,6578,0,-1,-1,-1,MONITORING,CAPEX_DEFERRED|CAPEX_DEFERRED,235002909.46611875,false
ecuador-early-expansion,seed-1,VAP,30,26124.510000000006,17441.390000000003,8683.120000000003,0,25250.910000000007,873.6,0,17441.390000000003,0,4.920600357224564,5.26776540679949,58,5257.427821754179,32800.73933163354,6901.27968545,5445.71,6595.77,5744.7,8000,7750,6750,0.68071375,0.8510670967741936,0.8510666666666666,30000,0.5928726666666667,6942,0,-1,-1,-1,NOT_CONSIDERED,CAPEX_DEFERRED|CAPEX_DEFERRED|CAPEX_DEFERRED,215897651.78534725,false
ecuador-early-expansion,seed-1,JPQ,31,21972.309999999998,16176.850000000002,5795.4599999999955,0,0,21972.309999999998,0,0,16176.850000000002,6.359684365736788,6.34841297054993,71.88,6188.7991111492465,8429.96295130532,28252.1228931372,6316.15,8297.07,4893.14,8000,9750,5750,0.7895187499999999,0.8509815384615385,0.8509808695652175,30000,0.650212,7030,0,-1,-1,-1,APPROVED,CAPEX_DEFERRED|CAPEX_DEFERRED|CAPEX_DEFERRED,239015391.75508338,false
ecuador-early-expansion,seed-1,CONSV,31,14078.269999999999,5684.96,8393.309999999998,0,14078.269999999999,0,0,5684.96,0,5.105052708766559,4.9869712598977305,60.66,9148.80315552819,22476.695895328412,3791.9346658987133,9155.54,7743.93,3783.88,12000,9100,4500,0.7629616666666668,0.8509813186813188,0.8408622222222223,30000,0.6894450000000001,6578,0,-1,-1,-1,MONITORING,CAPEX_DEFERRED|CAPEX_DEFERRED,248802817.0998498,false
ecuador-early-expansion,seed-1,VAP,31,26813.79,18655.140000000003,8158.649999999998,0,26447.600000000002,366.19,0,18655.140000000003,0,4.986728336497168,5.061190754241039,57.79,5256.285609913021,33995.7683217825,6392.552766527503,5434.61,6595.77,5744.7,8000,7750,6750,0.6793262499999999,0.8510670967741936,0.8510666666666666,30000,0.5925026666666667,6942,0,-1,-1,-1,NOT_CONSIDERED,CAPEX_DEFERRED|CAPEX_DEFERRED|CAPEX_DEFERRED,229403795.5929049,false
ecuador-early-expansion,seed-1,JPQ,32,23379.879999999997,17079.17,6300.709999999999,0,0,23379.879999999997,0,0,17079.17,6.372916710044017,6.526454134619436,70.17,6188.372685500972,8731.977885915194,29932.29259006858,6283.71,8594.05,5105.38,8000,10100,6000,0.78546375,0.8508960396039603,0.8508966666666666,30000,0.6661046666666667,7030,0,-1,-1,-1,APPROVED,CAPEX_PROPOSED|CAPEX_PROPOSED|CAPEX_DEFERRED,245024501.0753708,false
ecuador-early-expansion,seed-1,CONSV,32,14739.4,6334.340000000001,8405.059999999998,0,14739.4,0,0,6334.340000000001,0,4.990493581691887,5.125326700442359,60.64,9149.666532300604,23461.683771154745,3792.292512521642,9153.92,8040.97,3790.83,12000,9450,4500,0.7628266666666667,0.8508962962962964,0.8424066666666666,30000,0.699524,6578,0,-1,-1,-1,MONITORING,CAPEX_PROPOSED|CAPEX_DEFERRED,261024233.51294205,false
ecuador-early-expansion,seed-1,VAP,32,28187.66,19851.829999999998,8335.830000000002,0,27655.56,532.1,0,19851.829999999998,0,5.015207571725259,5.232202276317673,59.25,5237.271985233682,35516.10828687555,6759.076022301997,5410.37,6892.26,5956.27,8000,8100,7000,0.6762962499999999,0.8508962962962964,0.8508957142857143,30000,0.60863,6942,0,-1,-1,-1,NOT_CONSIDERED,CAPEX_PROPOSED|CAPEX_PROPOSED|CAPEX_DEFERRED,241600014.08525732,false
ecuador-early-expansion,seed-2,JPQ,1,1900,0,1900,0,1900,0,0,0,0,-1,7.005263157894737,-1,4771.23,7232.55,4209.91,4015.62,6783.23,2509.76,8000,8000,5000,0.5019525,0.84790375,0.5019520000000001,30000,0.4436203333333333,5500,2790.77,-1,-1,-1,NOT_CONSIDERED,CAPEX_DEFERRED|CAPEX_DEFERRED,25000000,false
ecuador-early-expansion,seed-2,CONSV,1,1400,0,1400,1100,300,0,0,0,0,-1,5.582142857142857,-1,6997.600000000001,6546.8,3259.2,6782.54,5934.73,2128.14,8000,7000,4000,0.8478175,0.8478185714285714,0.5320349999999999,30000,0.494847,4500,1273.83,-1,-1,-1,NOT_CONSIDERED,CAPEX_DEFERRED|CAPEX_DEFERRED|CAPEX_DEFERRED,35000000,false
ecuador-early-expansion,seed-2,VAP,1,1650,0,1650,0,450,1200,0,0,0,-1,8.374242424242425,-1,4414.389999999999,5357.759999999999,5698.780000000001,1032.51,5093.06,5093.06,8000,6000,6000,0.12906375,0.8488433333333334,0.8488433333333334,30000,0.3739543333333334,6500,0,-1,-1,-1,NOT_CONSIDERED,CAPEX_DEFERRED|CAPEX_DEFERRED,22000000,false
ecuador-early-expansion,seed-2,JPQ,2,1284.48,0,1284.48,755.61,449.32,79.55,0,0,0,-1,5.452158441225616,100,4986.64,5178.117192023859,3812.8128079761404,5694.11,6019.51,3797.33,8000,8000,5000,0.7117637499999999,0.75243875,0.759466,30000,0.5170316666666667,5500,1854.94,-1,-1,-1,NOT_CONSIDERED,CAPEX_DEFERRED|CAPEX_DEFERRED,14494279.701722093,false
ecuador-early-expansion,seed-2,CONSV,2,1115.09,0,1115.09,215.06,612.0699999999999,287.96,0,0,0,-1,6.219324203933475,100,5789.861007556675,6516.957909319899,3368.7710831234253,5924.61,5067.59,2959.32,8000,7000,4000,0.7405762499999999,0.7239414285714286,0.73983,30000,0.46505066666666667,4500,2169.45,-1,-1,-1,NOT_CONSIDERED,CAPEX_DEFERRED|CAPEX_DEFERRED|CAPEX_DEFERRED,10878104.155727632,false
ecuador-early-expansion,seed-2,VAP,2,3646.58,0,3646.58,3381.8799999999997,264.7,0,0,0,0,-1,4.656061477439135,100,7176.263401131473,4483.168523492993,3866.9294798685764,6507.15,4892.68,0,8000,6000,6000,0.8133937499999999,0.8154466666666668,0,30000,0.3799943333333333,6500,275.74,-1,-1,-1,NOT_CONSIDERED,CAPEX_DEFERRED|CAPEX_DEFERRED,20033387.12761445,false
ecuador-early-expansion,seed-2,JPQ,3,0,0,0,0,0,0,0,0,0,-1,-1,100,4361.72,4874.862453916496,3848.5775460835052,5916.96,6399.14,4070.66,8000,8000,5000,0.73962,0.7998925,0.814132,30000,0.5462253333333335,6009,684.19,-1,-1,-1,NOT_CONSIDERED,CAPEX_DEFERRED,30146795.45155792,false
ecuador-early-expansion,seed-2,CONSV,3,2330.69,0,2330.69,188.05,1791.28,351.36,0,0,0,-1,5.027674904783716,100,5878.970123730815,7819.172720403021,3496.3475062972293,6377.51,5519.62,3188.75,8000,7000,4000,0.79718875,0.7885171428571428,0.7971875,30000,0.5028626666666667,5038,1029.79,-1,-1,-1,NOT_CONSIDERED,CAPEX_DEFERRED|CAPEX_DEFERRED|CAPEX_DEFERRED,34529457.26683727,false
ecuador-early-expansion,seed-2,VAP,3,3592.77,0,3592.77,1289.11,279.78,2023.88,0,0,0,-1,5.492884015227777,100,5211.517598890812,4640.572657962474,6021.281414861885,6031.8,4531.89,4310.54,8000,6000,6000,0.7539750000000001,0.7553150000000001,0.7184233333333333,30000,0.49580766666666665,6500,0,-1,-1,-1,NOT_CONSIDERED,CAPEX_DEFERRED|CAPEX_DEFERRED|CAPEX_DEFERRED,21323399.50368401,false
ecuador-early-expansion,seed-2,JPQ,4,0,0,0,0,0,0,0,0,0,-1,-1,100,5274.869292819207,5895.431629253766,4654.278714345031,5790.16,6508.44,4087.15,8000,8000,5000,0.72377,0.8135549999999999,0.81743,30000,0.5461916666666666,6009,618.49,-1,-1,-1,NOT_CONSIDERED,CAPEX_DEFERRED,25178933.85577305,false
ecuador-early-expansion,seed-2,CONSV,4,2940.27,0,2940.27,0,2518.46,421.81,0,0,0,-1,5.284991950469352,100,5759.810052671681,8619.321782021038,3604.858554675217,4687.66,5933.53,3341,8000,7000,4000,0.5859575,0.8476471428571428,0.83525,30000,0.4654063333333333,5038,2112.63,-1,-1,-1,NOT_CONSIDERED,CAPEX_DEFERRED|CAPEX_PROPOSED|CAPEX_DEFERRED,32415877.759686016,false
ecuador-early-expansion,seed-2,VAP,4,2867.76,0,2867.76,0,655.64,2212.12,0,0,0,-1,6.351956333322372,100,4086.4075376217106,5198.742383044447,6376.647488985296,5824.62,5089.47,5088.96,8000,6000,6000,0.7280774999999999,0.848245,0.84816,30000,0.533435,6500,0,-1,-1,-1,NOT_CONSIDERED,CAPEX_DEFERRED|CAPEX_DEFERRED,17014398.220779255,false
ecuador-early-expansion,seed-2,JPQ,5,440.86,0,440.86,0,0,440.86,0,0,0,-1,6.675321093118921,100,5352.9988842786215,5982.774136323494,5164.093185718252,4869.87,6021.79,4239.95,8000,8000,5000,0.60873375,0.75272375,0.8479899999999999,30000,0.504387,6009,1107.51,-1,-1,-1,NOT_CONSIDERED,CAPEX_DEFERRED,25885510.2379424,false
ecuador-early-expansion,seed-2,CONSV,5,4089.79,0,4089.79,918.06,2831.7300000000005,340,0,0,0,-1,4.943747788178241,100,6712.315011551687,8969.086131692979,3542.0937253436164,6371.72,5519.62,3188.75,8000,7000,4000,0.796465,0.7885171428571428,0.7971875,30000,0.5026696666666667,5038,1029.79,-1,-1,-1,NOT_CONSIDERED,CAPEX_DEFERRED|CAPEX_DEFERRED|CAPEX_PROPOSED,36444950.67657287,false
ecuador-early-expansion,seed-2,VAP,5,2094.9900000000002,0,2094.9900000000002,0,473.91,1621.08,0,0,0,-1,6.2647244078278845,100,4168.324995287035,5108.10483497568,5869.081702571482,4433.99,5090.5,5090.5,8000,6000,6000,0.55424875,0.8484166666666667,0.8484166666666667,30000,0.4871663333333333,6500,0,-1,-1,-1,NOT_CONSIDERED,CAPEX_DEFERRED|CAPEX_DEFERRED,27994032.355384283,false
ecuador-early-expansion,seed-2,JPQ,6,996.72,0,996.72,0,0,996.72,0,0,0,-1,6.65934964869409,100,5495.591817028927,6142.12106898759,5845.762949200729,5589.71,5785.26,4247.21,8000,8000,5000,0.69871375,0.7231575,0.849442,30000,0.5207393333333333,6009,1823.46,-1,-1,-1,NOT_CONSIDERED,CAPEX_DEFERRED,24939073.09321215,false
ecuador-early-expansion,seed-2,CONSV,6,4413.299999999999,0,4413.299999999999,443.93,3558.92,410.45,0,0,0,-1,5.049728071979206,100,6318.894623739558,9781.744371197821,3657.1409762771236,6389.73,5530.2,3194.86,8000,7000,4000,0.7987162499999999,0.7900285714285714,0.7987150000000001,30000,0.5038263333333334,5038,1029.79,-1,-1,-1,NOT_CONSIDERED,CAPEX_PROPOSED|CAPEX_DEFERRED|CAPEX_DEFERRED,36016609.368288614,false
ecuador-early-expansion,seed-2,VAP,6,1320.5,0,1320.5,0,291.16,1029.34,0,0,0,-1,6.291424963847055,100,5204.201602443618,6077.0111781136675,6333.026303397591,4957.47,5089.99,5089.99,8000,6000,6000,0.61968375,0.8483316666666666,0.8483316666666666,30000,0.5045816666666666,6500,0,-1,-1,-1,NOT_CONSIDERED,CAPEX_DEFERRED|CAPEX_DEFERRED,18258707.47188436,false
ecuador-early-expansion,seed-2,JPQ,7,1647.6599999999999,0,1647.6599999999999,0,0,1647.6599999999999,0,0,0,-1,6.689694733853792,100,5568.164882400242,6223.231997291425,6560.737892598493,5740.69,5618.39,4253.63,8000,8000,5000,0.71758625,0.7022987500000001,0.850726,30000,0.5204236666666666,6009,2195.27,-1,-1,-1,NOT_CONSIDERED,CAPEX_DEFERRED|CAPEX_DEFERRED,12838890.456052927,false
ecuador-early-expansion,seed-2,CONSV,7,4750.31,0,4750.31,0,4275.52,474.79,0,0,0,-1,5.207067930136298,100,5897.599999999999,10522.329999999998,3733.979999999999,4703.73,5954.48,3402.56,8000,7000,4000,0.5879662499999999,0.85064,0.85064,30000,0.46869233333333327,5038,2112.63,-1,-1,-1,NOT_CONSIDERED,CAPEX_DEFERRED|CAPEX_DEFERRED|CAPEX_DEFERRED,10938925.070242427,false
ecuador-early-expansion,seed-2,VAP,7,2406.42,0,2406.42,0,1108.88,1297.54,0,0,0,-1,5.957505871007222,100,5308.499813657989,7010.686318657505,6707.538282942297,5596.1,5089.99,5089.99,8000,6000,6000,0.6995125000000001,0.8483316666666666,0.8483316666666666,30000,0.5258693333333333,6500,0,-1,-1,-1,NOT_CONSIDERED,CAPEX_DEFERRED|CAPEX_DEFERRED,29084020.459104493,false
ecuador-early-expansion,seed-2,JPQ,8,1915.52,0,1915.52,0,0,1915.52,0,0,0,-1,6.511004275357879,100,5539.182500000001,6190.851029411765,6803.033970588236,5693.74,5676.12,4253.63,8000,8000,5000,0.7117175,0.709515,0.850726,30000,0.5207830000000001,6009,2070.82,-1,-1,-1,NOT_CONSIDERED,CAPEX_DEFERRED|CAPEX_PROPOSED,37865947.92598576,false
ecuador-early-expansion,seed-2,CONSV,8,5993.75,0,5993.75,1145.67,4567.85,280.23,0,0,0,-1,4.880241809539432,100,9085.637889935759,10454.914885703629,3205.4876384133063,8842.66,5510.01,3057.83,12000,7350,4000,0.7368883333333334,0.749661224489796,0.7644575,30000,0.58035,5038,2446.69,-1,-1,-1,NOT_CONSIDERED,CAPEX_PROPOSED|CAPEX_DEFERRED,33080879.389302664,false
ecuador-early-expansion,seed-2,VAP,8,3172.3999999999996,0,3172.3999999999996,0,1926.6,1245.8,0,0,0,-1,5.6029115245697385,100,5383.420647098182,7911.690998423392,6732.1400342572115,5623.45,5098.71,5098.71,8000,6000,6000,0.70293125,0.849785,0.849785,30000,0.5273623333333333,6500,0,-1,-1,-1,NOT_CONSIDERED,CAPEX_PROPOSED|CAPEX_PROPOSED,37525616.7974639,false
ecuador-early-expansion,seed-2,JPQ,9,2646.52,0,2646.52,0,397.77,2248.75,0,0,0,-1,6.35640793753782,100,5522.0599999999995,6569.484117647058,7121.15588235294,5008.69,6804.43,4254.05,8000,8000,5000,0.62608625,0.85055375,0.8508100000000001,30000,0.5355723333333333,6009,1500.37,-1,-1,-1,NOT_CONSIDERED,CAPEX_DEFERRED|CAPEX_DEFERRED,44750593.218946815,false
ecuador-early-expansion,seed-2,CONSV,9,5349.469999999999,0,5349.469999999999,249.58,4949.799999999999,150.09,0,0,0,-1,5.000630801880479,100,8189.700732314743,10836.980793646635,3075.390275789488,10088.38,6188.21,3373.48,12000,7350,4000,0.8406983333333332,0.8419333333333333,0.84337,30000,0.6550023333333334,5709,213.46,-1,-1,-1,NOT_CONSIDERED,CAPEX_DEFERRED|CAPEX_DEFERRED,27175188.87342334,false
ecuador-early-expansion,seed-2,VAP,9,4228.03,0,4228.03,0,2856.05,1371.98,0,0,0,-1,5.524752262324447,100,5377.24326918926,8834.276199759737,6852.019859343256,5434.94,5106.4,5106.4,8000,6000,6000,0.6793674999999999,0.8510666666666666,0.8510666666666666,30000,0.5215913333333333,6500,0,-1,-1,-1,NOT_CONSIDERED,CAPEX_DEFERRED|CAPEX_DEFERRED,31792612.018184163,false
ecuador-early-expansion,seed-2,JPQ,10,2511.9900000000002,0,2511.9900000000002,0,0,2511.9900000000002,0,0,0,-1,6.481711334016214,100,5828.788000580619,6514.524878953133,7655.041122208106,5767.75,5584.44,4253.63,8000,8000,5000,0.72096875,0.698055,0.850726,30000,0.520194,6009,2269.6,-1,-1,-1,MONITORING,CAPEX_DEFERRED|CAPEX_PROPOSED|CAPEX_DEFERRED,51154035.80079982,false
ecuador-early-expansion,seed-2,CONSV,10,4653.56,0,4653.56,0,4653.56,0,0,0,0,-1,4.893174975785381,100,7934.124032443448,10536.2945569334,2923.0909708709955,9527.85,6254.71,3403.93,12000,7350,4000,0.7939875000000001,0.8509809523809524,0.8509825,30000,0.6395496666666667,5991,0,-1,-1,-1,NOT_CONSIDERED,CAPEX_DEFERRED,33018330.884931743,false
ecuador-early-expansion,seed-2,VAP,10,5223.7,0,5223.7,0,3797.28,1426.42,0,0,0,-1,5.34383094235264,100,5349.595222658902,9744.771159309013,6878.277062218515,5346.45,5106.4,5106.4,8000,6000,6000,0.66830625,0.8510666666666666,0.8510666666666666,30000,0.5186416666666666,6500,0,-1,-1,-1,NOT_CONSIDERED,CAPEX_DEFERRED|CAPEX_DEFERRED,37531923.30252853,false
ecuador-early-expansion,seed-2,JPQ,11,4018.38,0,4018.38,0,909.45,3108.9300000000003,0,0,0,-1,6.212367415182825,100,5800.465038072732,7392.310051155357,8227.000024990108,5038.85,6803.75,4253.63,8000,8000,5000,0.62985625,0.85046875,0.850726,30000,0.5365409999999999,6009,1775.83,-1,-1,-1,MONITORING,CAPEX_DEFERRED|CAPEX_DEFERRED|CAPEX_DEFERRED,58677373.65511808,false
ecuador-early-expansion,seed-2,CONSV,11,4290.82,0,4290.82,0,4290.82,0,0,0,0,-1,4.964949059356219,100,8830.800177528083,10838.383570314454,3456.793490545532,8652.08,6255.34,3616.67,12000,7350,4250,0.7210066666666667,0.8510666666666666,0.8509811764705882,30000,0.6174696666666667,5991,0,-1,-1,-1,NOT_CONSIDERED,CAPEX_DEFERRED,37896651.03216537,false
ecuador-early-expansion,seed-2,VAP,11,6309.9,0,6309.9,0,4738.88,1571.02,0,0,0,-1,5.376689922498204,100,5331.1694866217,10665.895876246861,7004.108903277705,5390.41,5106.4,5106.4,8000,6000,6000,0.67380125,0.8510666666666666,0.8510666666666666,30000,0.520107,6500,0,-1,-1,-1,NOT_CONSIDERED,CAPEX_DEFERRED|CAPEX_DEFERRED,37024127.53983419,false
ecuador-early-expansion,seed-2,JPQ,12,5213.89,0,5213.89,685.56,743.84,3784.4900000000002,0,0,0,-1,6.02056257101799,100,6497.56145804816,7239.604608609271,8912.7380930062,6537.43,6483.55,4068.48,8000,8000,5000,0.8171787500000001,0.81044375,0.813696,30000,0.5696486666666667,6009,777.03,-1,-1,-1,MONITORING,CAPEX_DEFERRED|CAPEX_DEFERRED|CAPEX_DEFERRED|CAPEX_DEFERRED,51168388.66990265,false
ecuador-early-expansion,seed-2,CONSV,12,4594.610000000001,0,4594.610000000001,0,4594.610000000001,0,0,0,0,-1,4.99675410936,100,8830.582987966385,11453.811820194596,3456.7123797423355,8539.32,6551.9,3616.67,12000,7700,4250,0.71161,0.8508961038961038,0.8509811764705882,30000,0.6235963333333333,5991,0,-1,-1,-1,NOT_CONSIDERED,CAPEX_PROPOSED,31158327.421102963,false
ecuador-early-expansion,seed-2,VAP,12,7451.85,0,7451.85,0,5680.49,1771.36,0,0,0,-1,5.389305840739828,86.9,5342.98144146341,11967.13625193364,7216.496496560214,5466.84,5403.73,5106.4,8000,6350,6000,0.683355,0.8509811023622047,0.8510666666666666,30000,0.5325656666666666,6500,0,-1,-1,-1,NOT_CONSIDERED,CAPEX_PROPOSED|CAPEX_DEFERRED|CAPEX_DEFERRED,46138374.55507322,false
ecuador-early-expansion,seed-2,JPQ,13,5549.5599999999995,0,5549.5599999999995,87.52,875.59,4586.45,0,0,0,-1,6.2749591205572495,90.35,5898.304772847277,7370.015502304306,9713.613610364486,6807.17,6807.17,4254.48,8000,8000,5000,0.85089625,0.85089625,0.8508959999999999,30000,0.5956273333333333,6370,0,-1,-1,-1,MONITORING,CAPEX_PROPOSED|CAPEX_DEFERRED|CAPEX_DEFERRED|CAPEX_DEFERRED,61104930.830407925,false
ecuador-early-expansion,seed-2,CONSV,13,4914.19,0,4914.19,0,4914.19,0,0,0,0,-1,5.032568967683655,100,8818.275823388281,11763.834390673534,3451.890865076334,8794.3,6553.22,3394.97,12000,7700,4250,0.7328583333333333,0.8510675324675325,0.7988164705882352,30000,0.6247496666666668,5991,0,-1,-1,-1,NOT_CONSIDERED,CAPEX_DEFERRED,42238592.98250108,false
ecuador-early-expansion,seed-2,VAP,13,8619.439999999999,276.76,8342.679999999998,0,6677.5599999999995,1941.88,0,276.76,0,5.019585697479765,5.418239062479742,85.86,5346.248657085151,12968.040687827952,7390.336352000014,5470,5404.28,5106.4,8000,6350,6000,0.68375,0.851067716535433,0.8510666666666666,30000,0.5326893333333332,6500,0,-1,-1,-1,NOT_CONSIDERED,CAPEX_DEFERRED|CAPEX_DEFERRED|CAPEX_DEFERRED,53997684.136949256,false
ecuador-early-expansion,seed-2,JPQ,14,5881.23,331.97,5549.259999999999,0,706.57,5174.66,0,0,331.97,6.711375543345158,6.383770396094123,89.82,5815.011771372898,7490.037318809406,10562.087441852242,6807.85,7105.7,4467.2,8000,8350,5250,0.85098125,0.8509820359281437,0.850895238095238,30000,0.6126916666666666,6664,0,-1,-1,-1,MONITORING,CAPEX_DEFERRED|CAPEX_PROPOSED|CAPEX_PROPOSED|CAPEX_DEFERRED,64754741.218841165,false
ecuador-early-expansion,seed-2,CONSV,14,5232.46,0,5232.46,0,5232.46,0,0,0,0,-1,5.060328869656013,100,8813.567419741172,12078.43714928141,3450.0577357451507,8930.3,6553.22,3287.25,12000,7700,4250,0.7441916666666666,0.8510675324675325,0.7734705882352941,30000,0.6256923333333333,5991,0,-1,-1,-1,NOT_CONSIDERED,CAPEX_DEFERRED,53965422.84354636,false
ecuador-early-expansion,seed-2,VAP,14,9379.849999999999,1273.28,8106.569999999999,0,7674.07,1705.78,0,1273.28,0,5.056312630509961,5.4119259541954925,84.82,5323.75177276214,13938.078769670627,7357.362715418051,5418.85,5404.28,5319.17,8000,6350,6250,0.67735625,0.851067716535433,0.8510672,30000,0.5380766666666666,6500,0,-1,-1,-1,NOT_CONSIDERED,CAPEX_DEFERRED|CAPEX_PROPOSED|CAPEX_DEFERRED,62831551.44322026,false
ecuador-early-expansion,seed-2,JPQ,15,6396.610000000001,707.46,5689.150000000001,0,529.43,5867.18,0,0,707.46,6.747770910517354,6.341144347308232,89.55,8235.672694000643,6934.2825356717,10953.922763467952,7509.17,7104.27,4466.76,12000,8350,5250,0.6257641666666667,0.8508107784431138,0.8508114285714287,30000,0.6360066666666667,6664,1422.03,-1,-1,-1,NOT_CONSIDERED,CAPEX_DEFERRED|CAPEX_DEFERRED|CAPEX_DEFERRED,71565984.05653812,false
ecuador-early-expansion,seed-2,CONSV,15,5550.72,0,5550.72,0,5550.72,0,0,0,0,-1,4.993577444668275,100,8807.521388746458,12391.983178750434,3447.6771726711863,8888.16,6553.22,3346.27,12000,7700,4250,0.74068,0.8510675324675325,0.7873576470588235,30000,0.626255,5991,0,-1,-1,-1,NOT_CONSIDERED,CAPEX_DEFERRED,67172367.48920229,false
ecuador-early-expansion,seed-2,VAP,15,9997.31,2269.79,7727.5199999999995,0,8670.59,1326.72,0,2269.79,0,5.087165705420366,5.276564200729693,79.17,5282.252944577889,14885.782030818778,6934.249031692623,5380.78,5404.28,5319.17,8000,6350,6250,0.6725975,0.851067716535433,0.8510672,30000,0.5368076666666667,6500,0,-1,-1,-1,NOT_CONSIDERED,CAPEX_DEFERRED|CAPEX_DEFERRED|CAPEX_DEFERRED,71053199.62245469,false
ecuador-early-expansion,seed-2,JPQ,16,6445.99,1400.42,5045.57,0,0,6445.99,0,0,1400.42,6.654615258755715,6.349754518010063,89.27,8259.74169445218,6423.578552041723,11547.5853368103,10081.15,7104.98,4467.2,12000,8350,5250,0.8400958333333333,0.8508958083832335,0.850895238095238,30000,0.7217776666666667,7292,0,-1,-1,-1,NOT_CONSIDERED,CAPEX_DEFERRED|CAPEX_DEFERRED|CAPEX_DEFERRED,72364685.34693407,false
ecuador-early-expansion,seed-2,CONSV,16,5868.969999999999,0,5868.969999999999,0,5868.969999999999,0,0,0,0,-1,4.90952344293568,100,8811.276428164492,13024.267502959017,3449.1509702354433,8834.76,6849.71,3456.19,12000,8050,4250,0.73623,0.850895652173913,0.8132211764705882,30000,0.638022,5991,0,-1,-1,-1,NOT_CONSIDERED,CAPEX_PROPOSED,81387400.74019124,false
ecuador-early-expansion,seed-2,VAP,16,11320.509999999998,3266.3099999999995,8054.199999999999,0,9667.109999999999,1653.4,0,3266.3099999999995,0,5.003778884710179,5.243981370034655,63.4,5291.970811928939,16236.926388921904,7271.255043913534,5436.14,5702.15,5319.17,8000,6700,6250,0.6795175,0.8510671641791044,0.8510672,30000,0.548582,6500,0,-1,-1,-1,NOT_CONSIDERED,CAPEX_PROPOSED|CAPEX_DEFERRED|CAPEX_DEFERRED,81412501.61689064,false
ecuador-early-expansion,seed-2,JPQ,17,7060.7,1978.79,5081.91,0,0,7060.7,0,0,1978.79,6.480939223205707,6.319352231778822,74.62,8295.328317582593,6451.254171635695,12184.275267579429,9351.08,7106.41,4468.1,12000,8350,5250,0.7792566666666667,0.8510670658682634,0.8510666666666667,30000,0.6975196666666665,7498,0,-1,-1,-1,NOT_CONSIDERED,CAPEX_DEFERRED|CAPEX_DEFERRED|CAPEX_DEFERRED,78988647.3701204,false
ecuador-early-expansion,seed-2,CONSV,17,6203.08,0,6203.08,0,6203.08,0,0,0,0,-1,4.88710238026618,100,8821.811444596698,13366.942555393958,3453.2848468991183,8839.12,6851.09,3492.55,12000,8050,4250,0.7365933333333334,0.8510670807453417,0.8217764705882353,30000,0.6394253333333334,6177,0,-1,-1,-1,NOT_CONSIDERED,CAPEX_DEFERRED,92044493.70015074,false
ecuador-early-expansion,seed-2,VAP,17,12727.97,3964.9599999999996,8763.01,0,10718.55,2009.42,0,3964.9599999999996,0,4.919247434624698,5.258993967945667,62.2,5306.087408397652,17305.90145613132,7642.260952848611,5473.33,5702.15,5319.17,8000,6700,6250,0.68416625,0.8510671641791044,0.8510672,30000,0.5498216666666668,6500,0,-1,-1,-1,NOT_CONSIDERED,CAPEX_DEFERRED|CAPEX_DEFERRED|CAPEX_DEFERRED,89087983.8566838,false
ecuador-early-expansion,seed-2,JPQ,18,7557.27,2592.6,4964.67,0,0,7557.27,0,0,2592.6,6.426306090723055,6.259238846811732,75.06,8316.825850442912,6739.073186904598,12694.13913710149,8176.2,7404.28,4468.1,12000,8700,5250,0.68135,0.8510666666666666,0.8510666666666667,30000,0.668286,7498,0,-1,-1,-1,NOT_CONSIDERED,CAPEX_PROPOSED|CAPEX_DEFERRED|CAPEX_DEFERRED,85631027.0330104,false
ecuador-early-expansion,seed-2,CONSV,18,6535.82,0,6535.82,0,6535.82,0,0,0,0,-1,4.839357588783197,100,8827.653340604387,13704.416561460095,3455.5616695129006,8854.59,6851.78,3432.03,12000,8050,4250,0.7378825,0.8511527950310559,0.8075364705882353,30000,0.6379466666666666,6177,0,-1,-1,-1,NOT_CONSIDERED,CAPEX_DEFERRED|CAPEX_DEFERRED,103025920.52361369,false
ecuador-early-expansion,seed-2,VAP,18,13379.929999999998,5016.4,8363.529999999999,0,11769.999999999998,1609.93,0,5016.4,0,4.892447628648353,5.148616847277014,60.54,5293.303247111549,18341.470565562515,7229.199531630366,5440.38,5702.15,5319.17,8000,6700,6250,0.6800475,0.8510671641791044,0.8510672,30000,0.5487233333333332,6500,0,-1,-1,-1,NOT_CONSIDERED,CAPEX_DEFERRED|CAPEX_DEFERRED|CAPEX_DEFERRED,97707507.74100108,false
ecuador-early-expansion,seed-2,JPQ,19,8151.3899999999985,3089.1699999999996,5062.219999999999,0,0,8151.3899999999985,0,0,3089.1699999999996,6.328567470496719,6.404482846234999,75.04,8341.297066193045,6758.9219124676665,13303.37372951868,8018.78,7404.28,4468.1,12000,8700,5250,0.6682316666666667,0.8510666666666666,0.8510666666666667,30000,0.6630386666666667,7498,0,-1,-1,-1,NOT_CONSIDERED,CAPEX_DEFERRED|CAPEX_DEFERRED,93262806.73220192,false
ecuador-early-expansion,seed-2,CONSV,19,6867.859999999999,0,6867.859999999999,0,6867.859999999999,0,0,0,0,-1,4.95428321064261,87.57,8833.046399824567,14040.844165064813,3457.66669200527,8857.19,6851.78,3414.4,12000,8050,4250,0.7380991666666668,0.8511527950310559,0.8033882352941176,30000,0.6374456666666668,6177,0,-1,-1,-1,NOT_CONSIDERED,CAPEX_DEFERRED|CAPEX_DEFERRED,112732243.68781194,false
ecuador-early-expansion,seed-2,VAP,19,14474.940000000002,6067.85,8407.090000000002,0,12821.440000000002,1653.5,0,6067.85,0,4.841722478229198,5.278190505491176,61.53,5325.516495557914,19432.913844335355,7306.957942424921,5460.59,5702.15,5319.17,8000,6700,6250,0.68257375,0.8510671641791044,0.8510672,30000,0.549397,6500,0,-1,-1,-1,NOT_CONSIDERED,CAPEX_DEFERRED|CAPEX_DEFERRED|CAPEX_DEFERRED,106292124.16136456,false
ecuador-early-expansion,seed-2,JPQ,20,8793.84,3683.29,5110.55,0,0,8793.84,0,0,3683.29,6.447414182971857,6.39884321385949,74.86,8676.296889071264,7030.354581644514,14407.926727473947,8680.76,7224.29,4680.87,12000,8700,5500,0.7233966666666667,0.8303781609195402,0.8510672727272727,30000,0.6861973333333333,7498,0,-1,-1,-1,MONITORING,CAPEX_PROPOSED|CAPEX_DEFERRED,103803749.02111113,false
ecuador-early-expansion,seed-2,CONSV,20,7199.9,16.08,7183.82,0,7199.9,0,0,16.08,0,4.987934118490185,4.9627287645129,89.33,8834.147949840766,14685.67799960191,3458.103967207404,8848.44,7148.96,3438.2,12000,8400,4250,0.7373700000000001,0.8510666666666666,0.8089882352941176,30000,0.6478533333333334,6177,0,-1,-1,-1,NOT_CONSIDERED,CAPEX_PROPOSED|CAPEX_DEFERRED,124726471.87546565,false
ecuador-early-expansion,seed-2,VAP,20,15903.12,7119.289999999999,8783.830000000002,0,13872.060000000001,2031.06,0,7119.289999999999,0,4.951289132454571,5.344834454924467,62.25,5306.840700187665,20804.508458340475,7890.042526082421,5427.33,5998.82,5530.82,8000,7050,6500,0.6784162499999999,0.8508964539007092,0.8508953846153846,30000,0.5652323333333333,6500,0,-1,-1,-1,NOT_CONSIDERED,CAPEX_PROPOSED|CAPEX_PROPOSED|CAPEX_DEFERRED,116802752.4817245,false
ecuador-early-expansion,seed-2,JPQ,21,9611.64,4112.97,5498.669999999999,0,0,9611.64,0,0,4112.97,6.422231671024338,6.481619182503117,74.18,8844.096105055905,7166.3238965725395,15334.301515866602,9133.33,7139.82,4681.34,12000,8700,5500,0.7611108333333333,0.8206689655172413,0.8511527272727273,30000,0.698483,7498,0,-1,-1,-1,MONITORING,CAPEX_DEFERRED|CAPEX_DEFERRED,110208285.62393866,false
ecuador-early-expansion,seed-2,CONSV,21,7547.099999999999,50.94,7496.16,0,7547.099999999999,0,0,50.94,0,4.999640302806724,5.029072052583902,88.66,8832.721961331714,15031.661201397666,3457.541859341314,8841.95,7149.68,3444.37,12000,8400,4250,0.7368291666666668,0.851152380952381,0.8104399999999999,30000,0.6478666666666667,6177,0,-1,-1,-1,NOT_CONSIDERED,CAPEX_DEFERRED|CAPEX_DEFERRED,134797642.2552719,false
ecuador-early-expansion,seed-2,VAP,21,17303.170000000002,7873.24,9429.930000000002,0,14947.920000000002,2355.25,0,7873.24,0,4.968027297056566,5.441452966347807,61.44,5306.544754484949,21879.999496881166,8213.913436410681,5404.43,6000.02,5531.94,8000,7050,6500,0.6755537500000001,0.8510666666666667,0.8510676923076922,30000,0.5645463333333333,6718,0,-1,-1,-1,NOT_CONSIDERED,CAPEX_DEFERRED|CAPEX_DEFERRED|CAPEX_DEFERRED,122042631.38318162,false
ecuador-early-expansion,seed-2,JPQ,22,10224.629999999997,4930.3,5294.329999999997,0,0,10224.629999999997,0,0,4930.3,6.493133868375744,6.48207344967154,75.27,8817.90611938894,7432.541843548477,15930.338617322599,9042.62,7437.02,4681.34,12000,9050,5500,0.7535516666666667,0.8217701657458564,0.8511527272727273,30000,0.7053659999999999,7498,0,-1,-1,-1,MONITORING,CAPEX_DEFERRED|CAPEX_DEFERRED,121673572.25535464,false
ecuador-early-expansion,seed-2,CONSV,22,7875.95,397.42,7478.53,0,7875.95,0,0,397.42,0,5.06609042383621,5.039501110454828,88.32,8832.310527900823,15360.171026273854,3457.374729151122,8843.71,7149.68,3432.02,12000,8400,4250,0.7369758333333333,0.851152380952381,0.8075341176470588,30000,0.6475136666666667,6177,0,-1,-1,-1,NOT_CONSIDERED,CAPEX_DEFERRED|CAPEX_DEFERRED,146764892.38456175,false
ecuador-early-expansion,seed-2,VAP,22,17822.58,8947.900000000001,8874.68,0,16023.630000000001,1798.9499999999998,0,8947.900000000001,0,5.024562383537147,5.369238071261675,59.49,5303.810009698555,22952.130092237778,7654.596709415489,5405.76,6000.02,5531.94,8000,7050,6500,0.67572,0.8510666666666667,0.8510676923076922,30000,0.5645906666666667,6718,0,-1,-1,-1,NOT_CONSIDERED,CAPEX_DEFERRED|CAPEX_DEFERRED|CAPEX_DEFERRED,131406236.153579,false
ecuador-early-expansion,seed-2,JPQ,23,10911.650000000001,5543.290000000001,5368.360000000001,0,0,10911.650000000001,0,0,5543.290000000001,6.491459671654224,6.304485064675481,75.35,8791.308259555519,7410.122722332609,16600.138355585106,8851.62,7582.92,4681.34,12000,9050,5500,0.737635,0.8378917127071823,0.8511527272727273,30000,0.7038626666666667,7498,0,-1,-1,-1,MONITORING,CAPEX_DEFERRED|CAPEX_DEFERRED,135697135.1115174,false
ecuador-early-expansion,seed-2,CONSV,23,8216.15,726.27,7489.879999999999,0,8216.15,0,0,726.27,0,5.076479602532,4.905930693311295,88.48,9141.227088048225,15962.134957128088,3578.3193372824144,9151.78,7148.24,3552.36,12000,8400,4250,0.7626483333333334,0.8509809523809524,0.835849411764706,30000,0.6617460000000001,6177,0,-1,-1,-1,MONITORING,CAPEX_DEFERRED|CAPEX_DEFERRED,160959328.35786736,false
ecuador-early-expansion,seed-2,VAP,23,18426.979999999996,10023.61,8403.369999999995,0,17109.469999999998,1317.51,0,10023.61,0,5.045256944212213,5.160610031134271,59.65,5281.091666263664,24008.284304620604,7148.058481004209,5402.04,6000.02,5531.94,8000,7050,6500,0.675255,0.8510666666666667,0.8510676923076922,30000,0.5644666666666667,6718,0,-1,-1,-1,NOT_CONSIDERED,CAPEX_DEFERRED|CAPEX_DEFERRED|CAPEX_DEFERRED,143258050.61330315,false
ecuador-early-expansion,seed-2,JPQ,24,11947.549999999997,6230.309999999999,5717.239999999999,0,0,11947.549999999997,0,0,6230.309999999999,6.359248584751847,6.418949590295829,74.17,8797.064598756557,7414.974694149737,17639.76304223573,8848,7566.16,4681.34,12000,9050,5500,0.7373333333333333,0.8360397790055248,0.8511527272727273,30000,0.7031833333333334,7498,0,-1,-1,-1,MONITORING,CAPEX_DEFERRED|CAPEX_DEFERRED,149166414.12674618,false
ecuador-early-expansion,seed-2,CONSV,24,8826.429999999998,1067.91,7758.519999999999,0,8826.429999999998,0,0,1067.91,0,4.941847042686418,5.001308425181243,90.22,9142.696429129788,16896.469602462763,3578.8945085974437,9265.7,7446.09,3616.67,12000,8750,4250,0.7721416666666667,0.8509817142857143,0.8509811764705882,30000,0.6776153333333333,6441,0,-1,-1,-1,MONITORING,CAPEX_PROPOSED|CAPEX_DEFERRED,172326824.28128636,false
ecuador-early-expansion,seed-2,VAP,24,19967.78,11109.449999999999,8858.33,0,18215.85,1751.93,0,11109.449999999999,0,4.961099448184924,5.327590667687424,61.61,5280.328994827352,25456.119989720653,7581.65104150308,5437.76,6297.9,5531.94,8000,7400,6500,0.67972,0.8510675675675675,0.8510676923076922,30000,0.5755866666666666,6718,0,-1,-1,-1,NOT_CONSIDERED,CAPEX_PROPOSED|CAPEX_DEFERRED|CAPEX_DEFERRED,155186858.84471798,false
ecuador-early-expansion,seed-2,JPQ,25,12947.729999999998,7266.21,5681.519999999998,0,0,12947.729999999998,0,0,7266.21,6.436697054209103,6.369860776260487,74.28,8805.505944996938,7422.099720445011,18645.405084786864,8915.97,7503.93,4681.34,12000,9050,5500,0.7429975,0.8291635359116022,0.8511527272727273,30000,0.7033746666666667,7498,0,-1,-1,-1,MONITORING,CAPEX_DEFERRED|CAPEX_DEFERRED,165949585.9271799,false
ecuador-early-expansion,seed-2,CONSV,25,9462.140000000001,1380.34,8081.800000000001,0,9462.140000000001,0,0,1380.34,0,5.039997102554806,4.962822395946961,89.87,9144.199673648702,17533.497665111852,3579.4690548550307,9199.55,7447.58,3596,12000,8750,4250,0.7666291666666666,0.851152,0.8461176470588235,30000,0.6747709999999999,6441,0,-1,-1,-1,MONITORING,CAPEX_DEFERRED|CAPEX_DEFERRED,183505808.4804354,false
ecuador-early-expansion,seed-2,VAP,25,21421.870000000003,11917.95,9503.920000000002,0,19369.4,2052.47,0,11917.95,0,4.967952779013827,5.311449543098289,60.19,5279.690518418667,26608.789141668738,7881.467332568849,5446.88,6297.9,5531.94,8000,7400,6500,0.68086,0.8510675675675675,0.8510676923076922,30000,0.5758906666666666,6718,0,-1,-1,-1,NOT_CONSIDERED,CAPEX_DEFERRED|CAPEX_DEFERRED|CAPEX_DEFERRED,166915259.87143373,false
ecuador-early-expansion,seed-2,JPQ,26,13559.320000000002,8266.39,5292.930000000002,0,0,13559.320000000002,0,0,8266.39,6.416028983590308,6.411839552725951,75.61,8805.905226650171,7422.4263879932505,19516.248620836628,8931.39,7472.07,4892.65,12000,9050,5750,0.7442825,0.8256430939226519,0.8508956521739129,30000,0.7098703333333334,7498,0,-1,-1,-1,MONITORING,CAPEX_PROPOSED|CAPEX_DEFERRED,180406719.9272684,false
ecuador-early-expansion,seed-2,CONSV,26,10079.18,2014.56,8064.620000000001,0,10079.18,0,0,2014.56,0,5.001096250276835,5.003994222168646,61.2,9146.054895675257,18152.192857769736,3580.2130854093266,9135.04,7447.58,3559.87,12000,8750,4250,0.7612533333333334,0.851152,0.8376164705882353,30000,0.6714163333333334,6441,0,-1,-1,-1,MONITORING,CAPEX_DEFERRED|CAPEX_DEFERRED,195014112.22062856,false
ecuador-early-expansion,seed-2,VAP,26,22036.64,13071.5,8965.14,0,20518.260000000002,1518.3800000000003,0,13071.5,0,4.982991530719918,5.274240029212212,58.35,5275.577041820049,27752.016334357293,7566.868628158142,5435.45,6297.26,5743.55,8000,7400,6750,0.6794312499999999,0.8509810810810811,0.8508962962962964,30000,0.5825419999999999,6718,0,-1,-1,-1,NOT_CONSIDERED,CAPEX_DEFERRED|CAPEX_PROPOSED|CAPEX_DEFERRED,178409189.80523905,false
ecuador-early-expansion,seed-2,JPQ,27,14251.020000000002,8666.670000000002,5584.35,0,0,14251.020000000002,0,0,8666.670000000002,6.417124526918426,6.4485970331180305,74.62,9101.07946352146,7671.232484671013,20407.625604177996,9208.37,7701.38,4893.64,12000,9050,5750,0.7673641666666667,0.8509812154696133,0.8510678260869565,30000,0.7267796666666666,7807,0,-1,-1,-1,DEFERRED,CAPEX_DEFERRED|CAPEX_DEFERRED,193322126.84687412,false
ecuador-early-expansion,seed-2,CONSV,27,10713.400000000001,2631.6000000000004,8081.800000000001,0,10713.400000000001,0,0,2631.6000000000004,0,5.0295651672703405,5.036514806412712,61.17,9148.612524355316,18788.67041793694,3581.2142663307627,9135.98,7447.58,3562.71,12000,8750,4250,0.7613316666666666,0.851152,0.8382847058823529,30000,0.6715423333333332,6441,0,-1,-1,-1,MONITORING,CAPEX_DEFERRED|CAPEX_DEFERRED,207854834.73720023,false
ecuador-early-expansion,seed-2,VAP,27,22694.41,14221,8473.41,0,21669.72,1024.69,0,14221,0,4.987198832137996,5.237719762415933,58.92,5275.143096940366,28902.874960347417,7072.680908834247,5428.49,6297.9,5744.7,8000,7400,6750,0.67856125,0.8510675675675675,0.8510666666666666,30000,0.5823696666666667,6939,0,-1,-1,-1,NOT_CONSIDERED,CAPEX_DEFERRED|CAPEX_DEFERRED|CAPEX_DEFERRED,187738816.0091901,false
ecuador-early-expansion,seed-2,JPQ,28,15531.660000000002,9357.380000000001,6174.280000000001,0,0,15531.660000000002,0,0,9357.380000000001,6.445498371289182,6.306997222561068,73.33,9100.971644139601,7671.141604512463,21688.192667619947,9309.89,7702.93,4894.13,12000,9050,5750,0.7758241666666666,0.8511524861878453,0.8511530434782609,30000,0.7302316666666667,7807,0,-1,-1,-1,DEFERRED,CAPEX_DEFERRED|CAPEX_DEFERRED,206355515.09263358,false
ecuador-early-expansion,seed-2,CONSV,28,11347.62,3265.8199999999997,8081.800000000001,0,11347.62,0,0,3265.8199999999997,0,5.054848371771269,4.925000236886629,61.17,9148.577573879455,19745.857979917804,3581.1866818269677,9156.21,7744.71,3577.05,12000,9100,4250,0.7630174999999999,0.851067032967033,0.8416588235294118,30000,0.682599,6441,0,-1,-1,-1,MONITORING,CAPEX_PROPOSED|CAPEX_DEFERRED,223250852.54402655,false
ecuador-early-expansion,seed-2,VAP,28,23967.23,15371.82,8595.41,0,22821.86,1145.37,0,15371.82,0,5.021821117033807,5.141637283577623,60.26,5255.602920457852,30369.05193232993,7170.945977679959,5411.68,6595.77,5744.7,8000,7750,6750,0.6764600000000001,0.8510670967741936,0.8510666666666666,30000,0.5917383333333334,6939,0,-1,-1,-1,NOT_CONSIDERED,CAPEX_PROPOSED|CAPEX_DEFERRED|CAPEX_DEFERRED,200111562.26079807,false
ecuador-early-expansion,seed-2,JPQ,29,16811.73,10637.53,6174.199999999999,0,0,16811.73,0,0,10637.53,6.373866260224015,6.446378421499767,73.33,9105.267525816247,7674.762571365934,22971.17858643522,9251.75,7702.93,4894.13,12000,9050,5750,0.7709791666666667,0.8511524861878453,0.8511530434782609,30000,0.7282936666666667,7807,0,-1,-1,-1,DEFERRED,CAPEX_DEFERRED|CAPEX_DEFERRED,218202610.1744631,false
ecuador-early-expansion,seed-2,CONSV,29,12007.98,3602.91,8405.07,0,12007.98,0,0,3602.91,0,4.937582968359842,5.0488693868715675,60.24,9149.618333915794,20407.164206456906,3581.600165876579,9162.26,7743.93,3583.03,12000,9100,4250,0.7635216666666667,0.8509813186813188,0.8430658823529412,30000,0.6829740000000001,6441,0,-1,-1,-1,MONITORING,CAPEX_DEFERRED|CAPEX_DEFERRED,233444837.09869573,false
ecuador-early-expansion,seed-2,VAP,29,25163.910000000003,16226.09,8937.820000000003,0,24032.130000000005,1131.78,0,16226.09,0,4.987656137615656,5.2571650306011675,58.86,5237.013916919605,31552.64021212113,7136.056373612527,5411.72,6595.77,5744.7,8000,7750,6750,0.676465,0.8510670967741936,0.8510666666666666,30000,0.5917396666666668,6939,0,-1,-1,-1,NOT_CONSIDERED,CAPEX_DEFERRED|CAPEX_DEFERRED|CAPEX_DEFERRED,208209830.883471,false
ecuador-early-expansion,seed-2,JPQ,30,17629.029999999995,11917.599999999999,5711.429999999997,0,0,17629.029999999995,0,0,11917.599999999999,6.381677855508242,6.287048369479718,74.82,9102.333035105881,7672.279229559836,23786.493488841257,9188.66,7702.93,4894.13,12000,9050,5750,0.7657216666666666,0.8511524861878453,0.8511530434782609,30000,0.7261906666666667,7807,0,-1,-1,-1,DEFERRED,CAPEX_DEFERRED|CAPEX_DEFERRED,234609656.56053206,false
ecuador-early-expansion,seed-2,CONSV,30,12656.919999999996,4264.049999999999,8392.869999999997,0,12656.919999999996,0,0,4264.049999999999,0,5.05900608283865,4.941103049930743,60.27,9151.208409597803,21057.563867184595,3582.20260841821,9161.6,7745.49,3579,12000,9100,4250,0.7634666666666667,0.8511527472527473,0.8421176470588235,30000,0.6828696666666667,6441,0,-1,-1,-1,MONITORING,CAPEX_DEFERRED|CAPEX_DEFERRED,246931602.69467333,false
ecuador-early-expansion,seed-2,VAP,30,25887.190000000006,17436.360000000004,8450.830000000002,0,25240.700000000004,646.49,0,17436.360000000004,0,5.000897851189747,5.064582351120181,57.82,5240.542125627792,32766.258792245666,6654.79903574452,5443.38,6595.77,5744.7,8000,7750,6750,0.6804225,0.8510670967741936,0.8510666666666666,30000,0.5927950000000001,6939,0,-1,-1,-1,NOT_CONSIDERED,CAPEX_DEFERRED|CAPEX_DEFERRED|CAPEX_DEFERRED,220355431.09013203,false
ecuador-early-expansion,seed-2,JPQ,31,18573.19,12734.900000000001,5838.289999999997,0,0,18573.19,0,0,12734.900000000001,6.3810478057435045,6.4405007310148985,74.41,9108.175495277663,7677.213677290923,24734.605743175838,9195.39,7702.93,4894.13,12000,9050,5750,0.7662825,0.8511524861878453,0.8511530434782609,30000,0.726415,7807,0,-1,-1,-1,DEFERRED,CAPEX_DEFERRED|CAPEX_DEFERRED,248893531.97244516,false
ecuador-early-expansion,seed-2,CONSV,31,13312.44,4911.430000000001,8401.009999999998,0,13312.44,0,0,4911.430000000001,0,4.9484991852094025,5.061108505534774,60.25,9336.934935936271,21883.573960972735,3654.915585051113,9338.83,7743.93,3616.67,12000,9100,4250,0.7782358333333333,0.8509813186813188,0.8509811764705882,30000,0.689981,6441,0,-1,-1,-1,DEFERRED,CAPEX_DEFERRED|CAPEX_DEFERRED,257993577.99273828,false
ecuador-early-expansion,seed-2,VAP,31,26738.359999999997,18644.93,8093.429999999997,0,26456.929999999997,281.43,0,18644.93,0,4.98845526816826,5.119602658451417,58.07,5249.995728849912,33996.07827826755,6300.588706036195,5460.48,6595.77,5744.7,8000,7750,6750,0.68256,0.8510670967741936,0.8510666666666666,30000,0.593365,6939,0,-1,-1,-1,NOT_CONSIDERED,CAPEX_DEFERRED|CAPEX_DEFERRED|CAPEX_DEFERRED,231609129.1041284,false
ecuador-early-expansion,seed-2,JPQ,32,19735.16,13679.060000000001,6056.0999999999985,0,0,19735.16,0,0,13679.060000000001,6.39797583589039,6.3426343108178616,73.71,9096.737098993577,7667.572337766451,26156.38793021463,9200.69,7701.38,5105.38,12000,9050,6000,0.7667241666666668,0.8509812154696133,0.8508966666666666,30000,0.7335816666666667,7807,0,-1,-1,-1,DEFERRED,CAPEX_PROPOSED|CAPEX_PROPOSED|CAPEX_DEFERRED,265622342.14707077,false
ecuador-early-expansion,seed-2,CONSV,32,14144.11,5568.51,8575.6,0,14144.11,0,0,5568.51,0,5.066644860951557,4.980424368319701,60.25,9337.620745738639,23045.575489368817,3655.1879559947265,9405.16,8041.78,3617.03,12000,9450,4250,0.7837633333333334,0.8509820105820105,0.8510658823529412,30000,0.7021323333333332,6672,0,-1,-1,-1,DEFERRED,CAPEX_PROPOSED|CAPEX_DEFERRED,272339018.3007722,false
ecuador-early-expansion,seed-2,VAP,32,28062.589999999997,19861.159999999996,8201.43,0,27673.159999999996,389.43,0,19861.159999999996,0,5.015625010543896,5.058143530062714,59.11,5236.210752949201,35532.093599223575,6615.1302739513385,5431.23,6892.26,5956.27,8000,8100,7000,0.6789037499999999,0.8508962962962964,0.8508957142857143,30000,0.6093253333333334,6939,0,-1,-1,-1,NOT_CONSIDERED,CAPEX_PROPOSED|CAPEX_PROPOSED|CAPEX_DEFERRED,245899196.22390294,false
ecuador-early-expansion,seed-3,JPQ,1,1900,0,1900,0,1900,0,0,0,0,-1,7.005263157894737,-1,4771.23,7232.55,4209.91,4015.62,6783.23,2509.76,8000,8000,5000,0.5019525,0.84790375,0.5019520000000001,30000,0.4436203333333333,5500,2790.77,-1,-1,-1,NOT_CONSIDERED,CAPEX_DEFERRED|CAPEX_DEFERRED,25000000,false
ecuador-early-expansion,seed-3,CONSV,1,1400,0,1400,1100,300,0,0,0,0,-1,5.582142857142857,-1,6997.600000000001,6546.8,3259.2,6782.54,5934.73,2128.14,8000,7000,4000,0.8478175,0.8478185714285714,0.5320349999999999,30000,0.494847,4500,1273.83,-1,-1,-1,NOT_CONSIDERED,CAPEX_DEFERRED|CAPEX_DEFERRED|CAPEX_DEFERRED,35000000,false
ecuador-early-expansion,seed-3,VAP,1,1650,0,1650,0,450,1200,0,0,0,-1,8.374242424242425,-1,4414.389999999999,5357.759999999999,5698.780000000001,1032.51,5093.06,5093.06,8000,6000,6000,0.12906375,0.8488433333333334,0.8488433333333334,30000,0.3739543333333334,6500,0,-1,-1,-1,NOT_CONSIDERED,CAPEX_DEFERRED|CAPEX_DEFERRED,22000000,false
ecuador-early-expansion,seed-3,JPQ,2,1284.48,0,1284.48,755.61,449.32,79.55,0,0,0,-1,5.452158441225616,100,4986.64,5178.117192023859,3812.8128079761404,5694.11,6019.51,3797.33,8000,8000,5000,0.7117637499999999,0.75243875,0.759466,30000,0.5170316666666667,5500,1854.94,-1,-1,-1,NOT_CONSIDERED,CAPEX_DEFERRED|CAPEX_DEFERRED,14494279.701722093,false
ecuador-early-expansion,seed-3,CONSV,2,1115.09,0,1115.09,215.06,612.0699999999999,287.96,0,0,0,-1,6.219324203933475,100,5789.861007556675,6516.957909319899,3368.7710831234253,5924.61,5067.59,2959.32,8000,7000,4000,0.7405762499999999,0.7239414285714286,0.73983,30000,0.46505066666666667,4500,2169.45,-1,-1,-1,NOT_CONSIDERED,CAPEX_DEFERRED|CAPEX_DEFERRED|CAPEX_DEFERRED,10878104.155727632,false
ecuador-early-expansion,seed-3,VAP,2,3646.58,0,3646.58,3381.8799999999997,264.7,0,0,0,0,-1,4.656061477439135,100,7176.263401131473,4483.168523492993,3866.9294798685764,6507.15,4892.68,0,8000,6000,6000,0.8133937499999999,0.8154466666666668,0,30000,0.3799943333333333,6500,275.74,-1,-1,-1,NOT_CONSIDERED,CAPEX_DEFERRED|CAPEX_DEFERRED,20033387.12761445,false
ecuador-early-expansion,seed-3,JPQ,3,0,0,0,0,0,0,0,0,0,-1,-1,100,4359.737470868798,4872.636474015436,3846.8110551157665,5914.99,6396.94,4070.61,8000,8000,5000,0.7393737499999999,0.7996175,0.814122,30000,0.5460846666666667,6008,684.25,-1,-1,-1,NOT_CONSIDERED,CAPEX_DEFERRED,31236110.354378168,false
ecuador-early-expansion,seed-3,CONSV,3,2325.5699999999997,0,2325.5699999999997,188.05,1791.28,346.24,0,0,0,-1,4.915833691097471,100,5877.999622166247,7818.134534005036,3490.6858438287145,6377.51,5519.62,3188.75,8000,7000,4000,0.79718875,0.7885171428571428,0.7971875,30000,0.5028626666666667,5038,1029.79,-1,-1,-1,NOT_CONSIDERED,CAPEX_DEFERRED|CAPEX_DEFERRED|CAPEX_DEFERRED,35535252.75656626,false
ecuador-early-expansion,seed-3,VAP,3,3580.76,0,3580.76,1289.11,279.78,2011.87,0,0,0,-1,5.370137194079584,100,5209.608493255698,4638.458071091481,6007.325638598721,6137.27,4611.18,4389.18,8000,6000,6000,0.76715875,0.76853,0.73153,30000,0.5045876666666667,6500,0,-1,-1,-1,NOT_CONSIDERED,CAPEX_DEFERRED|CAPEX_DEFERRED|CAPEX_DEFERRED,21985802.322121654,false
ecuador-early-expansion,seed-3,JPQ,4,0,0,0,0,0,0,0,0,0,-1,-1,100,5276.0642627675525,5896.7777054460885,4655.350820089017,5791.35,6509.44,4085.81,8000,8000,5000,0.72391875,0.81368,0.8171619999999999,30000,0.54622,6008,622.48,-1,-1,-1,NOT_CONSIDERED,CAPEX_DEFERRED,24469338.761885382,false
ecuador-early-expansion,seed-3,CONSV,4,2935.15,0,2935.15,0,2518.46,416.69,0,0,0,-1,5.202807229239007,100,5759.166414777496,8618.61992406537,3599.387229219143,4687.66,5933.53,3390.59,8000,7000,4000,0.5859575,0.8476471428571428,0.8476475,30000,0.46705933333333327,5038,2112.63,-1,-1,-1,NOT_CONSIDERED,CAPEX_DEFERRED|CAPEX_PROPOSED|CAPEX_PROPOSED,32735211.586471416,false
ecuador-early-expansion,seed-3,VAP,4,2697.83,0,2697.83,0,576.36,2121.47,0,0,0,-1,6.270894632978445,100,4085.126000043414,5118.046875584862,6284.682198110113,5755.31,5089.99,5088.96,8000,6000,6000,0.7194137500000001,0.8483316666666666,0.84816,30000,0.5311419999999999,6500,0,-1,-1,-1,NOT_CONSIDERED,CAPEX_DEFERRED|CAPEX_DEFERRED,15766766.983454593,false
ecuador-early-expansion,seed-3,JPQ,5,395.83,0,395.83,0,0,395.83,0,0,0,-1,6.515016500038614,100,5348.655339396195,5977.908908736924,5115.24131577102,5364.4,6019.78,4239.95,8000,8000,5000,0.67055,0.7524725,0.8479899999999999,30000,0.5208043333333333,6008,1105.3,-1,-1,-1,NOT_CONSIDERED,CAPEX_DEFERRED,24231724.601588275,false
ecuador-early-expansion,seed-3,CONSV,5,4035.1000000000004,0,4035.1000000000004,918.08,2831.72,285.3,0,0,0,-1,4.800824750465194,100,6711.854794232321,8968.557073107435,3487.11308864861,6371.72,5519.62,3188.75,8000,7000,4000,0.796465,0.7885171428571428,0.7971875,30000,0.5026696666666667,5038,1029.79,-1,-1,-1,NOT_CONSIDERED,CAPEX_DEFERRED|CAPEX_DEFERRED|CAPEX_DEFERRED,36085911.47566257,false
ecuador-early-expansion,seed-3,VAP,5,1913.3500000000001,0,1913.3500000000001,0,394.12,1519.23,0,0,0,-1,6.165579746476905,100,4166.479706408995,5026.252815435144,5765.350960948534,4372.21,5090.5,5090.5,8000,6000,6000,0.54652625,0.8484166666666667,0.8484166666666667,30000,0.48510699999999995,6500,0,-1,-1,-1,NOT_CONSIDERED,CAPEX_DEFERRED|CAPEX_DEFERRED,28189158.613107532,false
ecuador-early-expansion,seed-3,JPQ,6,1013.87,0,1013.87,0,0,1013.87,0,0,0,-1,6.508882821501278,100,5496.998915571121,6143.704670344193,5864.163160798047,5449,5961.14,4247.21,8000,8000,5000,0.681125,0.7451425,0.849442,30000,0.5219116666666667,6008,1469.38,-1,-1,-1,NOT_CONSIDERED,CAPEX_DEFERRED,22316699.39166236,false
ecuador-early-expansion,seed-3,CONSV,6,4358.610000000001,0,4358.610000000001,443.96,3558.91,355.74,0,0,0,-1,4.915686394243727,100,6318.4245946523215,9781.205324908678,3602.1501882709545,6389.73,5530.2,3194.86,8000,7000,4000,0.7987162499999999,0.7900285714285714,0.7987150000000001,30000,0.5038263333333334,5038,1029.79,-1,-1,-1,NOT_CONSIDERED,CAPEX_DEFERRED|CAPEX_DEFERRED|CAPEX_DEFERRED,34788599.32157553,false
ecuador-early-expansion,seed-3,VAP,6,1138.87,0,1138.87,0,211.37,927.5,0,0,0,-1,6.20612944105317,100,5201.988457347911,5994.729123169964,6228.920687511996,4499.77,5089.99,5089.99,8000,6000,6000,0.5624712500000001,0.8483316666666666,0.8483316666666666,30000,0.489325,6500,0,-1,-1,-1,NOT_CONSIDERED,CAPEX_DEFERRED|CAPEX_DEFERRED,17560137.169263214,false
ecuador-early-expansion,seed-3,JPQ,7,1710.6599999999999,0,1710.6599999999999,0,0,1710.6599999999999,0,0,0,-1,6.6647709738650525,100,5574.519543607367,6230.3453722670565,6629.343766133529,5753.13,6048.99,4254.05,8000,8000,5000,0.7191412500000001,0.75612375,0.8508100000000001,30000,0.5352056666666666,6008,1354.68,-1,-1,-1,NOT_CONSIDERED,CAPEX_DEFERRED|CAPEX_DEFERRED,10927077.090155873,false
ecuador-early-expansion,seed-3,CONSV,7,4695.57,0,4695.57,0,4275.5,420.07,0,0,0,-1,5.1806183157649865,100,5897.609999999999,10522.3,3679.269999999999,4703.73,5954.48,3402.56,8000,7000,4000,0.5879662499999999,0.85064,0.85064,30000,0.46869233333333327,5038,2112.63,-1,-1,-1,NOT_CONSIDERED,CAPEX_DEFERRED|CAPEX_DEFERRED|CAPEX_DEFERRED,14874535.604767837,false
ecuador-early-expansion,seed-3,VAP,7,2281.99,0,2281.99,0,1029.08,1252.91,0,0,0,-1,5.963995152762171,100,5312.70516082183,6935.561678049975,6667.174040464927,5920.21,5089.99,5089.99,8000,6000,6000,0.74002625,0.8483316666666666,0.8483316666666666,30000,0.5366730000000001,6500,0,-1,-1,-1,NOT_CONSIDERED,CAPEX_DEFERRED|CAPEX_DEFERRED,26952658.312861543,false
ecuador-early-expansion,seed-3,JPQ,8,1969.3200000000002,0,1969.3200000000002,0,0,1969.3200000000002,0,0,0,-1,6.500740671507979,100,5542.824892231226,6194.910882352941,6860.029225415836,5920.08,6348.58,4254.05,8000,8000,5000,0.74001,0.7935725,0.8508100000000001,30000,0.5507569999999999,6008,811.25,-1,-1,-1,NOT_CONSIDERED,CAPEX_DEFERRED|CAPEX_PROPOSED,37922049.23580575,false
ecuador-early-expansion,seed-3,CONSV,8,5929.59,0,5929.59,1145.7,4567.82,216.07,0,0,0,-1,4.846750212384148,100,7037.495664680169,11120.504586277517,3472.0623410074622,6352.91,5765.37,3178.37,8000,7350,4000,0.79411375,0.7844040816326531,0.7945924999999999,30000,0.5098883333333333,5038,1166.88,-1,-1,-1,NOT_CONSIDERED,CAPEX_DEFERRED|CAPEX_PROPOSED|CAPEX_DEFERRED,33053539.036817156,false
ecuador-early-expansion,seed-3,VAP,8,3033.24,0,3033.24,0,1846.8,1186.44,0,0,0,-1,5.5866293451744395,100,5403.918474865085,7854.686944056751,6693.678804602954,5914.83,5098.71,5098.71,8000,6000,6000,0.73935375,0.849785,0.849785,30000,0.537075,6500,0,-1,-1,-1,NOT_CONSIDERED,CAPEX_PROPOSED|CAPEX_PROPOSED,34753916.205602035,false
ecuador-early-expansion,seed-3,JPQ,9,2405.65,0,2405.65,0,0,2405.65,0,0,0,-1,6.555170530047984,100,5538.967385346765,6190.599558823528,7292.9654411764695,6009.65,6807.17,4254.91,8000,8000,5000,0.75120625,0.85089625,0.850982,30000,0.5690576666666667,6252,0,-1,-1,-1,NOT_CONSIDERED,CAPEX_PROPOSED|CAPEX_DEFERRED,44502643.67582548,false
ecuador-early-expansion,seed-3,CONSV,9,6348.879999999999,0,6348.879999999999,690.39,5361.589999999999,296.9,0,0,0,-1,4.9399074891008246,100,6582.214940962483,11914.307146511233,3552.908520005582,6778.18,6222.29,3389.09,8000,7350,4000,0.8472725,0.8465700680272109,0.8472725,30000,0.5463186666666667,5360,73.98,-1,-1,-1,NOT_CONSIDERED,CAPEX_PROPOSED|CAPEX_DEFERRED|CAPEX_DEFERRED,38506763.81335039,false
ecuador-early-expansion,seed-3,VAP,9,4225.29,0,4225.29,0,2796.08,1429.21,0,0,0,-1,5.497151605545685,100,5389.576696020519,8788.021150281636,6921.8128137813965,5434.95,5106.4,5106.4,8000,6000,6000,0.67936875,0.8510666666666666,0.8510666666666666,30000,0.5215916666666666,6500,0,-1,-1,-1,NOT_CONSIDERED,CAPEX_DEFERRED|CAPEX_DEFERRED,27514837.278506342,false
ecuador-early-expansion,seed-3,JPQ,10,2723.9700000000003,0,2723.9700000000003,0,0,2723.9700000000003,0,0,0,-1,6.6648397377399995,100,5846.140064733843,6533.919511820625,7882.340460644513,5942.65,6808.54,4255.34,8000,8000,5000,0.7428312499999999,0.8510675,0.851068,30000,0.5668843333333333,6252,0,-1,-1,-1,MONITORING,CAPEX_DEFERRED|CAPEX_DEFERRED,48748572.215585314,false
ecuador-early-expansion,seed-3,CONSV,10,5796.19,0,5796.19,0,5698.44,97.75,0,0,0,-1,5.038932328628857,100,5798.253075814449,12147.072820277172,3502.309435647004,6807.85,6254.71,3616.31,8000,7350,4250,0.85098125,0.8509809523809524,0.8508964705882353,30000,0.5559623333333334,5603,0,-1,-1,-1,NOT_CONSIDERED,CAPEX_DEFERRED|CAPEX_DEFERRED|CAPEX_PROPOSED,37030046.58819464,false
ecuador-early-expansion,seed-3,VAP,10,5270.619999999999,0,5270.619999999999,0,3737.6799999999994,1532.94,0,0,0,-1,5.505383424353795,100,5365.009738213941,9702.308473661382,7000.525963006521,4745.33,5106.4,5106.4,8000,6000,6000,0.59316625,0.8510666666666666,0.8510666666666666,30000,0.4986043333333333,6500,0,-1,-1,-1,NOT_CONSIDERED,CAPEX_DEFERRED|CAPEX_DEFERRED,31395251.85289079,false
ecuador-early-expansion,seed-3,JPQ,11,3234.42,0,3234.42,0,0,3234.42,0,0,0,-1,6.514269980246753,100,5806.201864522063,6489.271785863638,8357.532391704364,5876.3,6808.54,4255.34,8000,8000,5000,0.7345375000000001,0.8510675,0.851068,30000,0.5646726666666667,6252,0,-1,-1,-1,MONITORING,CAPEX_DEFERRED|CAPEX_DEFERRED,51902737.56885788,false
ecuador-early-expansion,seed-3,CONSV,11,5905.849999999999,0,5905.849999999999,0,5905.849999999999,0,0,0,0,-1,4.931181599202252,100,7733.589551662704,11639.906473135576,3027.307099565626,8306.83,6253.46,3431.75,12000,7350,4250,0.6922358333333333,0.8508108843537415,0.8074705882352942,30000,0.5997346666666667,5603,763.53,-1,-1,-1,NOT_CONSIDERED,CAPEX_DEFERRED|CAPEX_DEFERRED,46308826.71113061,false
ecuador-early-expansion,seed-3,VAP,11,6267.25,0,6267.25,0,4679.280000000001,1587.97,0,0,0,-1,5.354886732355997,100,5334.729857541884,10610.233468543865,7024.687152635892,5668.85,5106.4,5106.4,8000,6000,6000,0.70860625,0.8510666666666666,0.8510666666666666,30000,0.5293883333333333,6500,0,-1,-1,-1,NOT_CONSIDERED,CAPEX_DEFERRED|CAPEX_DEFERRED,33060249.503452905,false
ecuador-early-expansion,seed-3,JPQ,12,3955.63,0,3955.63,0,0,3955.63,0,0,0,-1,6.519555456785796,100,5822.460379882801,6507.464945182024,9093.115224018802,5932.19,6808.54,4255.34,8000,8000,5000,0.7415237499999999,0.8510675,0.851068,30000,0.5665356666666667,6252,0,-1,-1,-1,MONITORING,CAPEX_DEFERRED,45381154.575812966,false
ecuador-early-expansion,seed-3,CONSV,12,5411.530000000001,0,5411.530000000001,0,5411.530000000001,0,0,0,0,-1,4.975013997861084,100,8816.99635241148,12260.160621010233,3451.390019529493,9946.32,6551.9,3615.94,12000,7700,4250,0.8288599999999999,0.8508961038961038,0.8508094117647059,30000,0.670472,6092,0,-1,-1,-1,NOT_CONSIDERED,CAPEX_PROPOSED|CAPEX_DEFERRED|CAPEX_DEFERRED,35758777.351112984,false
ecuador-early-expansion,seed-3,VAP,12,7446.929999999999,0,7446.929999999999,0,5620.879999999999,1826.05,0,0,0,-1,5.386061618737339,87.07,5350.698750808772,11916.595001291687,7279.031497181776,5779.27,5404.28,5106.4,8000,6350,6000,0.72240875,0.851067716535433,0.8510666666666666,30000,0.5429983333333332,6500,0,-1,-1,-1,NOT_CONSIDERED,CAPEX_PROPOSED|CAPEX_DEFERRED|CAPEX_DEFERRED,41855579.97324836,false
ecuador-early-expansion,seed-3,JPQ,13,4651.43,0,4651.43,0,0,4651.43,0,0,0,-1,6.567573095895703,90.63,5821.123640793152,6790.595451373912,9787.718448012027,5957.48,7106.41,4255.34,8000,8350,5000,0.7446849999999999,0.8510670658682634,0.851068,30000,0.5773076666666667,6252,0,-1,-1,-1,MONITORING,CAPEX_DEFERRED,55976931.40401248,false
ecuador-early-expansion,seed-3,CONSV,13,5731.1,0,5731.1,0,5731.1,0,0,0,0,-1,5.047026934398825,100,8808.85083179097,12573.415741882112,3448.197579064157,9419.53,6553.22,3617.03,12000,7700,4250,0.7849608333333334,0.8510675324675325,0.8510658823529412,30000,0.6529926666666667,6294,0,-1,-1,-1,NOT_CONSIDERED,CAPEX_DEFERRED,32726279.80657523,false
ecuador-early-expansion,seed-3,VAP,13,8648.7,216.6,8432.1,0,6617.4,2031.3,0,216.6,0,5.004730254960048,5.452017228246561,86.2,5348.779423380235,12910.878092089419,7482.325668276799,5478.12,5404.28,5106.4,8000,6350,6000,0.684765,0.851067716535433,0.8510666666666666,30000,0.53296,6500,0,-1,-1,-1,NOT_CONSIDERED,CAPEX_DEFERRED|CAPEX_DEFERRED|CAPEX_DEFERRED,48029114.01107336,false
ecuador-early-expansion,seed-3,JPQ,14,5196.410000000001,396.09,4800.320000000001,0,0,5196.410000000001,0,0,396.09,6.736149143485996,6.401085871734793,90.11,5814.827650695922,6783.262324208756,10583.696230607511,5941.43,7093.19,4467.2,8000,8350,5250,0.74267875,0.8494838323353293,0.850895238095238,30000,0.583394,6252,0,-1,-1,-1,MONITORING,CAPEX_PROPOSED,67495612.92451365,false
ecuador-early-expansion,seed-3,CONSV,14,6049.370000000001,0,6049.370000000001,0,6049.370000000001,0,0,0,0,-1,4.923740162431689,100,8803.104311139643,12887.21215426482,3445.9481212204123,8659.8,6553.22,3544.62,12000,7700,4250,0.7216499999999999,0.8510675324675325,0.8340282352941176,30000,0.6252546666666666,6294,0,-1,-1,-1,NOT_CONSIDERED,CAPEX_DEFERRED,41325580.616039954,false
ecuador-early-expansion,seed-3,VAP,14,9325.519999999999,1213.12,8112.399999999999,0,7613.93,1711.59,0,1213.12,0,5.0754272790393715,5.2704544519143735,84.97,5315.782039130868,13868.572955159718,7354.712815838304,5302.42,5404.28,5319.17,8000,6350,6250,0.6628025,0.851067716535433,0.8510672,30000,0.5341956666666667,6500,0,-1,-1,-1,NOT_CONSIDERED,CAPEX_DEFERRED|CAPEX_PROPOSED|CAPEX_DEFERRED,57940440.581616625,false
ecuador-early-expansion,seed-3,JPQ,15,5975.820000000001,729.21,5246.610000000001,0,0,5975.820000000001,0,0,729.21,6.571428019415119,6.3746205221741175,89.66,5833.790648860817,6805.385164456744,11380.654587425026,5953.28,6947.45,4468.1,8000,8350,5250,0.7441599999999999,0.8320299401197605,0.8510666666666667,30000,0.5789610000000001,6461,0,-1,-1,-1,MONITORING,CAPEX_DEFERRED,76479846.74830362,false
ecuador-early-expansion,seed-3,CONSV,15,6367.63,0,6367.63,0,6367.63,0,0,0,0,-1,4.9086406049247815,100,8816.518268124162,13215.899233705215,3451.20287469334,8594.22,6553.22,3396.43,12000,7700,4250,0.716185,0.8510675324675325,0.79916,30000,0.6181289999999999,6294,0,-1,-1,-1,NOT_CONSIDERED,CAPEX_DEFERRED,52863646.65055494,false
ecuador-early-expansion,seed-3,VAP,15,10332.529999999999,2209.65,8122.879999999999,0,8610.45,1722.08,0,2209.65,0,4.952327543899535,5.256633572075283,79.72,5311.899413301446,14860.536078220714,7361.101231990472,5374.29,5404.28,5319.17,8000,6350,6250,0.67178625,0.851067716535433,0.8510672,30000,0.5365913333333333,6500,0,-1,-1,-1,NOT_CONSIDERED,CAPEX_DEFERRED|CAPEX_DEFERRED|CAPEX_DEFERRED,66365645.9523434,false
ecuador-early-expansion,seed-3,JPQ,16,6871.530000000001,1507.72,5363.81,0,0,6871.530000000001,0,0,1507.72,6.549168964047972,6.443586817465224,70.58,5844.849263417592,6818.262587558438,12286.601673288562,5954.58,6890.7,4468.1,8000,8350,5250,0.7443225,0.8252335329341317,0.8510666666666667,30000,0.5771126666666666,6461,0,-1,-1,-1,MONITORING,CAPEX_DEFERRED,85332948.59237511,false
ecuador-early-expansion,seed-3,CONSV,16,6685.889999999999,0,6685.889999999999,0,6685.889999999999,0,0,0,0,-1,4.9781903700000365,100,8816.855197351151,13845.735866210634,3654.3585876959664,8822.73,6851.09,3607.39,12000,8050,4500,0.7352274999999999,0.8510670807453417,0.8016422222222221,30000,0.6427069999999999,6294,0,-1,-1,-1,NOT_CONSIDERED,CAPEX_PROPOSED|CAPEX_DEFERRED,65770363.52933883,false
ecuador-early-expansion,seed-3,VAP,16,11679.100000000002,3206.17,8472.930000000002,0,9606.970000000001,2072.13,0,3206.17,0,4.920914448166982,5.38508584325277,63.44,5320.262972672321,16211.939562040301,7720.019460879165,5473.05,5702.15,5319.17,8000,6700,6250,0.68413125,0.8510671641791044,0.8510672,30000,0.5498123333333335,6500,0,-1,-1,-1,NOT_CONSIDERED,CAPEX_PROPOSED|CAPEX_DEFERRED|CAPEX_DEFERRED,75080817.55513969,false
ecuador-early-expansion,seed-3,JPQ,17,7677.070000000001,2403.4300000000003,5273.64,0,0,7677.070000000001,0,0,2403.4300000000003,6.58513449218098,6.272807190342538,70.92,6048.576083910928,7055.923550754229,13280.881040692157,6142.71,7106.41,4468.55,8000,8350,5250,0.76783875,0.8510670658682634,0.851152380952381,30000,0.5905889999999999,6461,0,-1,-1,-1,DEFERRED,CAPEX_DEFERRED|CAPEX_DEFERRED,96915210.20124887,false
ecuador-early-expansion,seed-3,CONSV,17,7018.629999999999,0,7018.629999999999,0,7018.629999999999,0,0,0,0,-1,4.8510769125675575,88.36,8819.088572420294,14180.261474660725,3655.290101117062,8928.11,6851.78,3685.28,12000,8050,4500,0.7440091666666667,0.8511527950310559,0.8189511111111112,30000,0.6488389999999999,6294,0,-1,-1,-1,NOT_CONSIDERED,CAPEX_DEFERRED|CAPEX_DEFERRED,77132259.32972112,false
ecuador-early-expansion,seed-3,VAP,17,13005.28,3904.8199999999997,9100.460000000001,0,10658.44,2346.84,0,3904.8199999999997,0,4.990745348140191,5.264812707236538,62.03,5325.201626407875,17269.52119560813,7999.972241269389,5479.48,5702.15,5319.17,8000,6700,6250,0.684935,0.8510671641791044,0.8510672,30000,0.5500266666666667,6500,0,-1,-1,-1,NOT_CONSIDERED,CAPEX_DEFERRED|CAPEX_DEFERRED|CAPEX_DEFERRED,83170022.68807828,false
ecuador-early-expansion,seed-3,JPQ,18,8370.44,3208.5200000000004,5161.92,0,0,8370.44,0,0,3208.5200000000004,6.345097987533973,6.415461407158933,72.03,6044.198267771097,7050.818279519064,13970.21409562436,6202.32,7107.12,4468.55,8000,8350,5250,0.7752899999999999,0.8511520958083832,0.851152380952381,30000,0.5925996666666666,6461,0,-1,-1,-1,DEFERRED,CAPEX_DEFERRED|CAPEX_DEFERRED,105003366.18305752,false
ecuador-early-expansion,seed-3,CONSV,18,7350.66,166.85,7183.8099999999995,0,7350.66,0,0,166.85,0,4.884641983371625,4.966438924598601,87.71,8825.907308024758,14517.838675792913,3658.10631845763,8891.18,6851.78,3625.82,12000,8050,4500,0.7409316666666667,0.8511527950310559,0.8057377777777778,30000,0.6456259999999999,6294,0,-1,-1,-1,NOT_CONSIDERED,CAPEX_DEFERRED|CAPEX_DEFERRED,86832834.1927103,false
ecuador-early-expansion,seed-3,VAP,18,13524.580000000002,4956.290000000001,8568.29,0,11709.890000000001,1814.6899999999998,0,4956.290000000001,0,4.85883187263182,5.308800755174682,60.23,5308.510605771067,18300.24002610835,7450.11313114595,5425.81,5702.15,5319.17,8000,6700,6250,0.67822625,0.8510671641791044,0.8510672,30000,0.5482376666666666,6500,0,-1,-1,-1,NOT_CONSIDERED,CAPEX_DEFERRED|CAPEX_DEFERRED|CAPEX_DEFERRED,90652488.72007608,false
ecuador-early-expansion,seed-3,JPQ,19,9054.99,3901.89,5153.1,0,0,9054.99,0,0,3901.89,6.4512918887568675,6.284185199849431,72.06,6020.663239876399,7023.363653191904,14632.959576032861,6138.73,7106.41,4468.1,8000,8350,5250,0.76734125,0.8510670658682634,0.8510666666666667,30000,0.5904413333333333,6461,0,-1,-1,-1,DEFERRED,CAPEX_DEFERRED|CAPEX_DEFERRED,117984078.84474012,false
ecuador-early-expansion,seed-3,CONSV,19,7671.030000000001,498.88,7172.150000000001,0,7671.030000000001,0,0,498.88,0,5.000664597124927,4.871119429668361,87.77,8822.459803484648,14835.417189064588,3656.681552074554,8830.29,6851.78,3577.59,12000,8050,4500,0.7358575,0.8511527950310559,0.7950200000000001,30000,0.6419886666666667,6294,0,-1,-1,-1,NOT_CONSIDERED,CAPEX_DEFERRED|CAPEX_DEFERRED,98614906.02055565,false
ecuador-early-expansion,seed-3,VAP,19,14023.740000000002,6007.74,8016.000000000002,0,12761.330000000002,1262.41,0,6007.74,0,4.970677385337817,5.126819738635796,60.18,5266.352902290649,19299.35223546142,6853.0598799999025,5379.27,5702.15,5319.17,8000,6700,6250,0.67240875,0.8510671641791044,0.8510672,30000,0.5466863333333334,6500,0,-1,-1,-1,NOT_CONSIDERED,CAPEX_DEFERRED|CAPEX_DEFERRED|CAPEX_DEFERRED,101227423.52907912,false
ecuador-early-expansion,seed-3,JPQ,20,10185.46,4586.889999999999,5598.57,0,0,10185.46,0,0,4586.889999999999,6.296690355936715,6.46131294878919,70.38,6025.560973277421,7029.086882541211,16033.799457461326,6123.21,7105.7,4679.93,8000,8350,5500,0.76540125,0.8509820359281437,0.8508963636363637,30000,0.5969613333333333,6461,0,-1,-1,-1,DEFERRED,CAPEX_PROPOSED|CAPEX_DEFERRED,128504374.3227519,false
ecuador-early-expansion,seed-3,CONSV,20,8003.07,819.25,7183.82,0,8003.07,0,0,819.25,0,4.905055092273395,5.0129607941256635,89.52,8821.312810762453,15477.971908067131,3656.1920486088693,8823.96,7148.96,3631.09,12000,8400,4500,0.7353299999999999,0.8510666666666666,0.8069088888888889,30000,0.6534669999999999,6294,0,-1,-1,-1,NOT_CONSIDERED,CAPEX_PROPOSED|CAPEX_DEFERRED,110466299.48404534,false
ecuador-early-expansion,seed-3,VAP,20,15459.17,7059.179999999999,8399.990000000002,0,13812.78,1646.39,0,7059.179999999999,0,4.878775302588701,5.340018677529076,62.26,5269.774096232582,20696.809896593237,7464.4434051896915,5425.82,5998.82,5530.82,8000,7050,6500,0.6782275,0.8508964539007092,0.8508953846153846,30000,0.565182,6500,0,-1,-1,-1,NOT_CONSIDERED,CAPEX_PROPOSED|CAPEX_PROPOSED|CAPEX_DEFERRED,111133906.41600011,false
ecuador-early-expansion,seed-3,JPQ,21,11306.75,5505.530000000001,5801.219999999999,0,0,11306.75,0,0,5505.530000000001,6.4629501945445265,6.389428830998396,69.63,6032.860741705706,7037.623673103855,17162.184062680863,6143.49,7106.41,4680.87,8000,8350,5500,0.76793625,0.8510670658682634,0.8510672727272727,30000,0.5976923333333334,6692,0,-1,-1,-1,DEFERRED,CAPEX_DEFERRED|CAPEX_DEFERRED,139576717.40155458,false
ecuador-early-expansion,seed-3,CONSV,21,8350.27,854.11,7496.160000000001,0,8350.27,0,0,854.11,0,5.05019461601616,4.960891504905791,89.11,8825.223333619893,15828.485561646332,3657.82282906614,8847.99,7149.68,3665.13,12000,8400,4500,0.7373325,0.851152380952381,0.8144733333333334,30000,0.6554266666666666,6294,0,-1,-1,-1,NOT_CONSIDERED,CAPEX_DEFERRED|CAPEX_DEFERRED,122031985.19858144,false
ecuador-early-expansion,seed-3,VAP,21,16684.019999999997,7813.959999999999,8870.059999999998,0,14920.359999999999,1763.66,0,7813.959999999999,0,5.000051833085227,5.28816916568352,60.94,5257.873294636991,21788.843599450054,7568.584082277529,5444.85,6000.02,5531.94,8000,7050,6500,0.6806062500000001,0.8510666666666667,0.8510676923076922,30000,0.5658936666666667,6725,0,-1,-1,-1,NOT_CONSIDERED,CAPEX_DEFERRED|CAPEX_DEFERRED|CAPEX_DEFERRED,118395208.38127996,false
ecuador-early-expansion,seed-3,JPQ,22,11947.69,6625.88,5321.81,0,0,11947.69,0,0,6625.88,6.424772286963411,6.3231545515152705,71.42,6024.726716762043,7028.123495417673,17795.21973778242,6140.09,7106.41,4680.87,8000,8350,5500,0.76751125,0.8510670658682634,0.8510672727272727,30000,0.597579,6692,0,-1,-1,-1,DEFERRED,CAPEX_DEFERRED|CAPEX_DEFERRED,150863193.38744918,false
ecuador-early-expansion,seed-3,CONSV,22,8696.75,1200.59,7496.16,0,8696.75,0,0,1200.59,0,4.997930553806495,4.9226482934411875,88.52,8829.324736729766,16178.432503804845,3659.5086353047163,8858.86,7149.68,3645.14,12000,8400,4500,0.7382383333333333,0.851152380952381,0.810031111111111,30000,0.6551226666666666,6294,0,-1,-1,-1,NOT_CONSIDERED,CAPEX_DEFERRED|CAPEX_DEFERRED,134897960.93763012,false
ecuador-early-expansion,seed-3,VAP,22,17144.890000000003,8920.34,8224.550000000003,0,16026.739999999998,1118.15,0,8920.34,0,4.980690641903597,5.144557966529163,59.24,5249.518799387694,22884.322531579783,6913.861004822158,5438.89,6000.02,5531.94,8000,7050,6500,0.6798612500000001,0.8510666666666667,0.8510676923076922,30000,0.565695,6725,0,-1,-1,-1,NOT_CONSIDERED,CAPEX_DEFERRED|CAPEX_DEFERRED|CAPEX_DEFERRED,127669801.10036021,false
ecuador-early-expansion,seed-3,JPQ,23,12917.890000000001,7266.820000000001,5651.070000000001,0,0,12917.890000000001,0,0,7266.820000000001,6.388466341225773,6.257156937407268,70.19,6044.552660305589,7051.24317574757,18784.662278695716,6159.64,7106.41,4680.87,8000,8350,5500,0.7699550000000001,0.8510670658682634,0.8510672727272727,30000,0.5982306666666666,6692,0,-1,-1,-1,DEFERRED,CAPEX_PROPOSED|CAPEX_DEFERRED|CAPEX_DEFERRED,163479261.41281667,false
ecuador-early-expansion,seed-3,CONSV,23,9043.230000000001,1547.07,7496.160000000002,0,9043.230000000001,0,0,1547.07,0,4.958515845660379,4.869459801657931,88.67,9145.494357962216,16792.850882875333,3790.5773861137413,9162.25,7148.24,3772.01,12000,8400,4500,0.7635208333333333,0.8509809523809524,0.8382244444444444,30000,0.6694166666666667,6294,0,-1,-1,-1,MONITORING,CAPEX_DEFERRED|CAPEX_DEFERRED,147955728.8438764,false
ecuador-early-expansion,seed-3,VAP,23,17925.079999999998,10026.719999999998,7898.360000000001,0,17133.12,791.96,0,10026.719999999998,0,4.94232154767832,5.031476866919107,59.97,5266.387973095565,24012.739170624634,6606.285670181789,5454.69,6000.02,5531.94,8000,7050,6500,0.6818362499999999,0.8510666666666667,0.8510676923076922,30000,0.5662216666666666,6725,0,-1,-1,-1,NOT_CONSIDERED,CAPEX_DEFERRED|CAPEX_DEFERRED|CAPEX_DEFERRED,138765226.35519248,false
ecuador-early-expansion,seed-3,JPQ,24,14149.02,8237.019999999999,5912.000000000002,0,0,14149.02,0,0,8237.019999999999,6.305487623016909,6.449577845985019,69.24,6048.289562357014,7055.590951323546,20019.429410746427,6151.72,7106.41,4680.87,8000,8350,5500,0.768965,0.8510670658682634,0.8510672727272727,30000,0.5979666666666666,6692,0,-1,-1,-1,DEFERRED,CAPEX_DEFERRED|CAPEX_DEFERRED|CAPEX_DEFERRED,172784015.68246585,false
ecuador-early-expansion,seed-3,CONSV,24,9653.53,1894.99,7758.540000000001,0,9653.53,0,0,1894.99,0,4.905022865486024,5.028085082903916,88.78,9146.613010129067,17727.026674893797,3791.0410393008315,9263.76,7446.09,3829.42,12000,8750,4500,0.77198,0.8509817142857143,0.8509822222222222,30000,0.6846423333333332,6577,0,-1,-1,-1,MONITORING,CAPEX_PROPOSED|CAPEX_DEFERRED,157784559.30730465,false
ecuador-early-expansion,seed-3,VAP,24,19464.639999999996,11133.099999999999,8331.539999999997,0,18239.499999999996,1225.14,0,11133.099999999999,0,4.895286346352807,5.271906517415769,61.61,5270.033629090376,25465.646111417445,7043.489627999412,5449.2,6297.9,5531.94,8000,7400,6500,0.6811499999999999,0.8510675675675675,0.8510676923076922,30000,0.5759679999999999,6725,0,-1,-1,-1,NOT_CONSIDERED,CAPEX_PROPOSED|CAPEX_DEFERRED|CAPEX_DEFERRED,149413320.68037987,false
ecuador-early-expansion,seed-3,JPQ,25,15323.150000000005,9468.150000000001,5855.000000000004,0,0,15323.150000000005,0,0,9468.150000000001,6.3968516722188555,6.436591575733191,69.43,6052.293218721575,7060.261389358427,21197.425608859896,6142.39,7106.41,4680.87,8000,8350,5500,0.7677987500000001,0.8510670658682634,0.8510672727272727,30000,0.5976556666666666,6692,0,-1,-1,-1,DEFERRED,CAPEX_DEFERRED|CAPEX_DEFERRED|CAPEX_DEFERRED,185190166.9572828,false
ecuador-early-expansion,seed-3,CONSV,25,10289.240000000002,2207.44,8081.800000000001,0,10289.240000000002,0,0,2207.44,0,5.053214328273592,5.017048634228801,61.54,9146.99945913055,18363.078956272082,3791.197072031534,9194.13,7447.58,3798.42,12000,8750,4500,0.7661775,0.851152,0.8440933333333334,30000,0.6813376666666666,6577,0,-1,-1,-1,MONITORING,CAPEX_DEFERRED|CAPEX_DEFERRED,168597284.32354465,false
ecuador-early-expansion,seed-3,VAP,25,20757.55,11941.6,8815.949999999999,0,19400.25,1357.3,0,11941.6,0,4.968933885172161,5.271393763957271,59.82,5271.97477484018,26629.034785458134,7177.782039130465,5440.05,6297.9,5531.94,8000,7400,6500,0.68000625,0.8510675675675675,0.8510676923076922,30000,0.575663,6725,0,-1,-1,-1,NOT_CONSIDERED,CAPEX_DEFERRED|CAPEX_DEFERRED|CAPEX_DEFERRED,160419039.5440501,false
ecuador-early-expansion,seed-3,JPQ,26,15968.750000000002,10642.280000000002,5326.469999999999,0,0,15968.750000000002,0,0,10642.280000000002,6.451031531468876,6.318110724325247,71.4,6052.725915808175,7060.766149194644,22110.48615621368,6137.68,7105.7,4892.65,8000,8350,5750,0.7672100000000001,0.8509820359281437,0.8508956521739129,30000,0.6045343333333333,6692,0,-1,-1,-1,DEFERRED,CAPEX_DEFERRED|CAPEX_PROPOSED|CAPEX_DEFERRED,198089260.7476341,false
ecuador-early-expansion,seed-3,CONSV,26,10910.1,2841.6600000000003,8068.4400000000005,0,10910.1,0,0,2841.6600000000003,0,5.039694333802729,4.939223299429167,61.57,9146.71513309786,18983.68681639733,3791.0833667028237,9131.65,7447.58,3758.52,12000,8750,4500,0.7609708333333333,0.851152,0.8352266666666667,30000,0.677925,6577,0,-1,-1,-1,MONITORING,CAPEX_DEFERRED|CAPEX_DEFERRED,181926843.35750636,false
ecuador-early-expansion,seed-3,VAP,26,21285.35,13102.35,8182.999999999998,0,20560.71,724.64,0,13102.35,0,5.02541657683017,5.084019694297322,58.09,5273.076685156024,27791.001118334243,6770.245205681306,5437.37,6297.26,5743.55,8000,7400,6750,0.67967125,0.8509810810810811,0.8508962962962964,30000,0.582606,6725,0,-1,-1,-1,NOT_CONSIDERED,CAPEX_DEFERRED|CAPEX_PROPOSED|CAPEX_DEFERRED,172669071.74566975,false
ecuador-early-expansion,seed-3,JPQ,27,16861.15,11076.1,5785.050000000001,0,0,16861.15,0,0,11076.1,6.380415142017456,6.3933080098369555,69.7,6174.4634658209,7504.708612834217,23126.426263665126,6260.62,7403.54,4893.64,8000,8700,5750,0.7825775,0.8509816091954023,0.8510678260869565,30000,0.6185933333333333,6938,0,-1,-1,-1,DEFERRED,CAPEX_PROPOSED|CAPEX_DEFERRED|CAPEX_DEFERRED,207846421.33457303,false
ecuador-early-expansion,seed-3,CONSV,27,11544.320000000002,3462.52,8081.800000000001,0,11544.320000000002,0,0,3462.52,0,4.955910686266867,5.0027488130335085,61.55,9147.376281177882,19618.48157758586,3791.343264573225,8631.03,7447.58,3769.16,12000,8750,4500,0.7192525000000001,0.851152,0.8375911111111111,30000,0.6615923333333333,6577,0,-1,-1,-1,MONITORING,CAPEX_DEFERRED|CAPEX_DEFERRED,194581582.20267597,false
ecuador-early-expansion,seed-3,VAP,27,22012.360000000004,14263.449999999999,7748.910000000005,0,21721.840000000004,290.52,0,14263.449999999999,0,4.979183395600431,5.065608557652616,59.04,5265.766022761457,28942.16101533136,6327.791339531292,5431.77,6297.9,5744.7,8000,7400,6750,0.67897125,0.8510675675675675,0.8510666666666666,30000,0.582479,6943,0,-1,-1,-1,NOT_CONSIDERED,CAPEX_DEFERRED|CAPEX_DEFERRED|CAPEX_DEFERRED,181174191.8555898,false
ecuador-early-expansion,seed-3,JPQ,28,18269.519999999997,11967.51,6302.009999999997,0,0,18269.519999999997,0,0,11967.51,6.378746393682408,6.37674634090123,68.8,6174.04796278607,7504.193754353705,24534.364811282227,6318.55,7405.03,4894.13,8000,8700,5750,0.78981875,0.8511528735632183,0.8511530434782609,30000,0.6205903333333334,6938,0,-1,-1,-1,READY_TO_BUILD,CAPEX_DEFERRED|CAPEX_DEFERRED|CAPEX_DEFERRED,217258843.04777178,false
ecuador-early-expansion,seed-3,CONSV,28,12178.540000000003,4096.740000000001,8081.800000000002,0,12178.540000000003,0,0,4096.740000000001,0,5.015054511236245,4.987672334562193,61.55,9146.91761758261,20575.25498773937,3791.16315080542,9479.7,7743.15,3784.29,12000,9100,4500,0.7899750000000001,0.8508956043956044,0.8409533333333333,30000,0.700238,6577,0,-1,-1,-1,MONITORING,CAPEX_PROPOSED|CAPEX_DEFERRED,209779904.00682443,false
ecuador-early-expansion,seed-3,VAP,28,23342.04,15423.94,7918.1,0,22882.89,459.15,0,15423.94,0,4.9759031865816015,5.08347766020362,60.35,5246.882593413263,30417.56772421772,6474.739473367375,5419.19,6595.77,5744.7,8000,7750,6750,0.6773987499999999,0.8510670967741936,0.8510666666666666,30000,0.5919886666666666,6943,0,-1,-1,-1,NOT_CONSIDERED,CAPEX_PROPOSED|CAPEX_DEFERRED|CAPEX_DEFERRED,193095500.7309379,false
ecuador-early-expansion,seed-3,JPQ,29,19096.82,13375.390000000001,5721.4299999999985,0,0,19096.82,0,0,13375.390000000001,6.3984649097369,6.340662502611287,70.84,6132.722918794847,7453.977461075181,25319.732176212987,6255.46,7405.03,4894.13,8000,8700,5750,0.7819325,0.8511528735632183,0.8511530434782609,30000,0.6184873333333333,6938,0,-1,-1,-1,APPROVED,CAPEX_DEFERRED|CAPEX_DEFERRED|CAPEX_DEFERRED,222069254.23894313,false
ecuador-early-expansion,seed-3,CONSV,29,12838.45,4435.39,8403.060000000001,0,12838.45,0,0,4435.39,0,4.996344182595819,4.967270522738557,60.63,9147.527944272852,21235.72443786377,3791.410265766061,9455.69,7744.71,3788.92,12000,9100,4500,0.7879741666666668,0.851067032967033,0.8419822222222222,30000,0.699644,6769,0,-1,-1,-1,MONITORING,CAPEX_DEFERRED|CAPEX_DEFERRED,220349067.17268756,false
ecuador-early-expansion,seed-3,VAP,29,24419.94,16287.12,8132.819999999998,0,24097.94,322,0,16287.12,0,4.995513703706003,5.032490203525343,58.58,5227.904363607999,31605.364428034132,6315.830793349833,5416.63,6595.77,5744.7,8000,7750,6750,0.6770787500000001,0.8510670967741936,0.8510666666666666,30000,0.5919033333333334,6943,0,-1,-1,-1,NOT_CONSIDERED,CAPEX_DEFERRED|CAPEX_DEFERRED|CAPEX_DEFERRED,202951494.44791085,false
ecuador-early-expansion,seed-3,JPQ,30,19983.229999999992,14202.689999999997,5780.539999999995,0,0,19983.229999999992,0,0,14202.689999999997,6.382952755648262,6.3131069064835295,70.63,6138.419343080331,7460.889253468132,26211.922229598043,6259.17,7405.03,4894.13,8000,8700,5750,0.78239625,0.8511528735632183,0.8511530434782609,30000,0.618611,6938,0,-1,-1,-1,APPROVED,CAPEX_DEFERRED|CAPEX_DEFERRED|CAPEX_DEFERRED,226250673.97444317,false
ecuador-early-expansion,seed-3,CONSV,30,13493.35,5093.74,8399.61,0,13493.35,0,0,5093.74,0,4.974323155173227,4.968671470562462,60.64,9150.181494314711,21893.060351486754,3792.5100926188156,9152.6,7745.49,3788.75,12000,9100,4500,0.7627166666666667,0.8511527472527473,0.8419444444444445,30000,0.6895613333333334,6769,0,-1,-1,-1,MONITORING,CAPEX_DEFERRED|CAPEX_DEFERRED,231457111.65270048,false
ecuador-early-expansion,seed-3,VAP,30,25314.17,17502.17,7812,0,25314.17,0,0,17502.17,0,4.987024202780191,4.970778269456951,57.73,5236.452304347255,32833.869522345725,6003.631070259895,5447.51,6595.77,5744.7,8000,7750,6750,0.68093875,0.8510670967741936,0.8510666666666666,30000,0.5929326666666667,6943,0,-1,-1,-1,NOT_CONSIDERED,CAPEX_DEFERRED|CAPEX_DEFERRED|CAPEX_DEFERRED,213597737.9698234,false
ecuador-early-expansion,seed-3,JPQ,31,20914.82,15089.099999999997,5825.720000000003,0,0,20914.82,0,0,15089.099999999997,6.351271105265338,6.435110609239458,70.46,6131.578068770488,7752.402525235498,27136.580116604717,6269.99,7702.16,4894.13,8000,9050,5750,0.78374875,0.8510674033149171,0.8511530434782609,30000,0.628876,6938,0,-1,-1,-1,APPROVED,CAPEX_PROPOSED|CAPEX_DEFERRED|CAPEX_DEFERRED,231926801.8957702,false
ecuador-early-expansion,seed-3,CONSV,31,14136.99,5747.86,8389.130000000001,0,14136.99,0,0,5747.86,0,4.973769764499664,5.063573528983525,60.67,9148.53494771909,22535.188849830527,3791.8276422667936,9048.76,7745.49,3782.62,12000,9100,4500,0.7540633333333333,0.8511527472527473,0.8405822222222222,30000,0.6858956666666667,6769,0,-1,-1,-1,MONITORING,CAPEX_DEFERRED|CAPEX_DEFERRED,242846187.35762465,false
ecuador-early-expansion,seed-3,VAP,31,26520.920000000002,18718.4,7802.52,0,26520.920000000002,0,0,18718.4,0,4.9761830006970715,5.065739261882968,57.85,5233.92800429338,34037.00836956316,6000.7575936826815,5448.28,6595.77,5744.7,8000,7750,6750,0.681035,0.8510670967741936,0.8510666666666666,30000,0.5929583333333334,6943,0,-1,-1,-1,NOT_CONSIDERED,CAPEX_DEFERRED|CAPEX_DEFERRED|CAPEX_DEFERRED,223469502.63040838,false
ecuador-early-expansion,seed-3,JPQ,32,21596.179999999993,16020.689999999995,5575.489999999998,0,0,21596.179999999993,0,0,16020.689999999995,6.370977377731213,6.4376224220025415,71.81,8039.933382364109,9020.37150138111,29454.20795318797,5033.29,7627.07,7645.24,13000,13050,9000,0.38717615384615384,0.5844498084291188,0.8494711111111111,41000,0.49525853658536584,8649,6546.34,-1,-1,-1,NOT_CONSIDERED,CAPEX_DEFERRED|CAPEX_DEFERRED,244634889.32438627,false
ecuador-early-expansion,seed-3,CONSV,32,14787.39,6391.5,8395.89,0,14787.39,0,0,6391.5,0,5.06710490287092,5.0616307550012785,60.65,9148.170982379568,23508.247611969273,3791.676788185445,9119,8042.58,3784.79,12000,9450,4500,0.7599166666666667,0.8510666666666666,0.8410644444444444,30000,0.6982123333333334,6769,0,-1,-1,-1,MONITORING,CAPEX_PROPOSED|CAPEX_DEFERRED,257554607.75564462,false
ecuador-early-expansion,seed-3,VAP,32,27732.270000000004,19925.15,7807.120000000003,0,27732.270000000004,0,0,19925.15,0,5.009899836298559,5.063534187966826,58.26,5202.742839550514,35540.965350906925,6185.908214377339,5408.17,6892.26,5956.27,8000,8100,7000,0.67602125,0.8508962962962964,0.8508957142857143,30000,0.6085566666666667,6943,0,-1,-1,-1,NOT_CONSIDERED,CAPEX_PROPOSED|CAPEX_PROPOSED|CAPEX_DEFERRED,234385568.48583162,false
ecuador-early-expansion,seed-4,JPQ,1,1900,0,1900,0,1900,0,0,0,0,-1,7.005263157894737,-1,4771.23,7232.55,4209.91,4015.62,6783.23,2509.76,8000,8000,5000,0.5019525,0.84790375,0.5019520000000001,30000,0.4436203333333333,5500,2790.77,-1,-1,-1,NOT_CONSIDERED,CAPEX_DEFERRED|CAPEX_DEFERRED,25000000,false
ecuador-early-expansion,seed-4,CONSV,1,1400,0,1400,1100,300,0,0,0,0,-1,5.582142857142857,-1,6997.600000000001,6546.8,3259.2,6782.54,5934.73,2128.14,8000,7000,4000,0.8478175,0.8478185714285714,0.5320349999999999,30000,0.494847,4500,1273.83,-1,-1,-1,NOT_CONSIDERED,CAPEX_DEFERRED|CAPEX_DEFERRED|CAPEX_DEFERRED,35000000,false
ecuador-early-expansion,seed-4,VAP,1,1650,0,1650,0,450,1200,0,0,0,-1,8.374242424242425,-1,4414.389999999999,5357.759999999999,5698.780000000001,1032.51,5093.06,5093.06,8000,6000,6000,0.12906375,0.8488433333333334,0.8488433333333334,30000,0.3739543333333334,6500,0,-1,-1,-1,NOT_CONSIDERED,CAPEX_DEFERRED|CAPEX_DEFERRED,22000000,false
ecuador-early-expansion,seed-4,JPQ,2,1284.48,0,1284.48,755.61,449.32,79.55,0,0,0,-1,5.452158441225616,100,4986.64,5178.117192023859,3812.8128079761404,5694.11,6019.51,3797.33,8000,8000,5000,0.7117637499999999,0.75243875,0.759466,30000,0.5170316666666667,5500,1854.94,-1,-1,-1,NOT_CONSIDERED,CAPEX_DEFERRED|CAPEX_DEFERRED,14494279.701722093,false
ecuador-early-expansion,seed-4,CONSV,2,1115.09,0,1115.09,215.06,612.0699999999999,287.96,0,0,0,-1,6.219324203933475,100,5789.861007556675,6516.957909319899,3368.7710831234253,5924.61,5067.59,2959.32,8000,7000,4000,0.7405762499999999,0.7239414285714286,0.73983,30000,0.46505066666666667,4500,2169.45,-1,-1,-1,NOT_CONSIDERED,CAPEX_DEFERRED|CAPEX_DEFERRED|CAPEX_DEFERRED,10878104.155727632,false
ecuador-early-expansion,seed-4,VAP,2,3646.58,0,3646.58,3381.8799999999997,264.7,0,0,0,0,-1,4.656061477439135,100,7176.263401131473,4483.168523492993,3866.9294798685764,6507.15,4892.68,0,8000,6000,6000,0.8133937499999999,0.8154466666666668,0,30000,0.3799943333333333,6500,275.74,-1,-1,-1,NOT_CONSIDERED,CAPEX_DEFERRED|CAPEX_DEFERRED,20033387.12761445,false
ecuador-early-expansion,seed-4,JPQ,3,0,0,0,0,0,0,0,0,0,-1,-1,100,4362.8941891434015,4876.175858454389,3849.612519832413,5917.85,6400.08,4070.5,8000,8000,5000,0.7397312500000001,0.80001,0.8141,30000,0.546281,6009,685,-1,-1,-1,NOT_CONSIDERED,CAPEX_DEFERRED,31335799.39962873,false
ecuador-early-expansion,seed-4,CONSV,3,2333.73,0,2333.73,188.05,1791.28,354.4,0,0,0,-1,4.909802666379178,100,5879.552087479548,7819.789143576823,3499.7091183879083,6377.51,5519.62,3188.75,8000,7000,4000,0.79718875,0.7885171428571428,0.7971875,30000,0.5028626666666667,5038,1029.79,-1,-1,-1,NOT_CONSIDERED,CAPEX_DEFERRED|CAPEX_DEFERRED|CAPEX_DEFERRED,35636469.49230743,false
ecuador-early-expansion,seed-4,VAP,3,3599.92,0,3599.92,1289.11,279.78,2031.03,0,0,0,-1,5.36443582195422,100,5212.659447826394,4641.842124821602,6029.586207077313,6147,4494.81,4396.44,8000,6000,6000,0.768375,0.7491350000000001,0.73274,30000,0.501275,6500,0,-1,-1,-1,NOT_CONSIDERED,CAPEX_DEFERRED|CAPEX_DEFERRED|CAPEX_DEFERRED,22053273.937445663,false
ecuador-early-expansion,seed-4,JPQ,4,0,0,0,0,0,0,0,0,0,-1,-1,100,5278.2734464838295,5899.226844706135,4657.291787995818,5792.17,6510.5,4086.21,8000,8000,5000,0.7240212500000001,0.8138125,0.817242,30000,0.546296,6009,620.9,-1,-1,-1,NOT_CONSIDERED,CAPEX_DEFERRED,24863901.274827436,false
ecuador-early-expansion,seed-4,CONSV,4,2943.31,0,2943.31,0,2518.46,424.85,0,0,0,-1,5.17463813897929,100,5760.207795625221,8619.72296385541,3608.1324961983983,4687.66,5933.53,3390.59,8000,7000,4000,0.5859575,0.8476471428571428,0.8476475,30000,0.46705933333333327,5038,2112.63,-1,-1,-1,NOT_CONSIDERED,CAPEX_DEFERRED|CAPEX_PROPOSED|CAPEX_PROPOSED,33002062.994555224,false
ecuador-early-expansion,seed-4,VAP,4,2826.08,0,2826.08,0,692.72,2133.36,0,0,0,-1,6.182715102540413,100,4087.150175846995,5236.668605126289,6298.653936981991,5751.05,5089.99,5088.96,8000,6000,6000,0.71888125,0.8483316666666666,0.84816,30000,0.531,6500,0,-1,-1,-1,NOT_CONSIDERED,CAPEX_DEFERRED|CAPEX_DEFERRED,15981905.313414183,false
ecuador-early-expansion,seed-4,JPQ,5,482.69,0,482.69,0,0,482.69,0,0,0,-1,6.63087351039172,100,5356.827824973924,5987.052423507095,5209.302786741698,5366.68,6021.65,4239.95,8000,8000,5000,0.6708350000000001,0.7527062499999999,0.8479899999999999,30000,0.5209426666666667,6009,1111.18,-1,-1,-1,NOT_CONSIDERED,CAPEX_DEFERRED,22750915.034870375,false
ecuador-early-expansion,seed-4,CONSV,5,4043.26,0,4043.26,918.07,2831.72,293.47,0,0,0,-1,4.88976641360534,100,6712.625852293595,8969.384379351966,3495.724549951724,6371.72,5519.62,3188.75,8000,7000,4000,0.796465,0.7885171428571428,0.7971875,30000,0.5026696666666667,5038,1029.79,-1,-1,-1,NOT_CONSIDERED,CAPEX_DEFERRED|CAPEX_DEFERRED|CAPEX_DEFERRED,35249251.437229864,false
ecuador-early-expansion,seed-4,VAP,5,2053.64,0,2053.64,0,510.47,1543.1699999999998,0,0,0,-1,6.200601204399512,100,4168.973857223195,5145.375716936461,5791.832786853902,4367.76,5090.5,5090.5,8000,6000,6000,0.5459700000000001,0.8484166666666667,0.8484166666666667,30000,0.48495866666666665,6500,0,-1,-1,-1,NOT_CONSIDERED,CAPEX_DEFERRED|CAPEX_DEFERRED,26280079.99066875,false
ecuador-early-expansion,seed-4,JPQ,6,869.87,0,869.87,0,0,869.87,0,0,0,-1,6.5823714744296185,100,5484.053746285737,6129.2572661782415,5708.759375904466,5442.64,5973.91,4247.21,8000,8000,5000,0.68033,0.74673875,0.849442,30000,0.5221253333333333,6009,1444.81,-1,-1,-1,NOT_CONSIDERED,CAPEX_DEFERRED,24040679.58047066,false
ecuador-early-expansion,seed-4,CONSV,6,4366.78,0,4366.78,443.95,3558.9100000000003,363.92,0,0,0,-1,4.974177540657526,100,6319.215579241218,9782.04259445844,3610.7817505258517,6389.73,5530.2,3194.86,8000,7000,4000,0.7987162499999999,0.7900285714285714,0.7987150000000001,30000,0.5038263333333334,5038,1029.79,-1,-1,-1,NOT_CONSIDERED,CAPEX_DEFERRED|CAPEX_DEFERRED|CAPEX_DEFERRED,34703532.95566338,false
ecuador-early-expansion,seed-4,VAP,6,1232.01,0,1232.01,0,327.72,904.29,0,0,0,-1,6.143542557259155,100,5200.439461809748,6109.388560397919,6204.142244828077,4955.14,5089.99,5089.99,8000,6000,6000,0.6193925,0.8483316666666666,0.8483316666666666,30000,0.5045040000000001,6500,0,-1,-1,-1,NOT_CONSIDERED,CAPEX_DEFERRED|CAPEX_DEFERRED,17173090.61572403,false
ecuador-early-expansion,seed-4,JPQ,7,1453.25,0,1453.25,0,0,1453.25,0,0,0,-1,6.626156940765058,100,5550.61813733425,6203.632035844164,6350.854238824339,5744.15,6066.94,4254.05,8000,8000,5000,0.7180187499999999,0.7583675,0.8508100000000001,30000,0.5355046666666666,6009,1319.92,-1,-1,-1,NOT_CONSIDERED,CAPEX_DEFERRED|CAPEX_DEFERRED,12681300.4115323,false
ecuador-early-expansion,seed-4,CONSV,7,4703.78,0,4703.78,0,4275.51,428.27,0,0,0,-1,5.110050863426935,100,5897.599999999999,10522.320000000002,3687.47,4703.73,5954.48,3402.56,8000,7000,4000,0.5879662499999999,0.85064,0.85064,30000,0.46869233333333327,5038,2112.63,-1,-1,-1,NOT_CONSIDERED,CAPEX_DEFERRED|CAPEX_DEFERRED|CAPEX_DEFERRED,16144299.22342161,false
ecuador-early-expansion,seed-4,VAP,7,2251.02,0,2251.02,0,1145.44,1105.58,0,0,0,-1,5.783855881223267,100,5298.146499724608,7035.735862646212,6505.027013738474,5611.73,5089.99,5089.99,8000,6000,6000,0.70146625,0.8483316666666666,0.8483316666666666,30000,0.5263903333333333,6500,0,-1,-1,-1,NOT_CONSIDERED,CAPEX_DEFERRED|CAPEX_DEFERRED,28837950.399067707,false
ecuador-early-expansion,seed-4,JPQ,8,1753.67,0,1753.67,0,0,1753.67,0,0,0,-1,6.574509636121268,100,5523.462523717838,6173.271786462264,6627.313403280446,5917.25,6360.9,4254.05,8000,8000,5000,0.73965625,0.7951125,0.8508100000000001,30000,0.5510733333333333,6009,788.57,-1,-1,-1,NOT_CONSIDERED,CAPEX_DEFERRED|CAPEX_PROPOSED,35903471.358974904,false
ecuador-early-expansion,seed-4,CONSV,8,5952.969999999999,0,5952.969999999999,1145.7,4567.84,239.43,0,0,0,-1,4.930919601197579,100,7038.946753455845,11122.128452590008,3496.2342511073703,6352.91,5765.37,3178.37,8000,7350,4000,0.79411375,0.7844040816326531,0.7945924999999999,30000,0.5098883333333333,5038,1166.88,-1,-1,-1,NOT_CONSIDERED,CAPEX_DEFERRED|CAPEX_PROPOSED|CAPEX_DEFERRED,31788489.946238153,false
ecuador-early-expansion,seed-4,VAP,8,3046.45,0,3046.45,0,1963.1599999999999,1083.29,0,0,0,-1,5.614583827725748,100,5381.468687898327,7946.070681071507,6567.634705787332,5628.51,5089.99,5089.99,8000,6000,6000,0.70356375,0.8483316666666666,0.8483316666666666,30000,0.5269496666666666,6500,0,-1,-1,-1,NOT_CONSIDERED,CAPEX_PROPOSED|CAPEX_PROPOSED,35507044.09732166,false
ecuador-early-expansion,seed-4,JPQ,9,2004.38,0,2004.38,0,0,2004.38,0,0,0,-1,6.585176058064196,100,5498.278348937756,6145.134625283374,6855.792259845226,5980.29,6807.17,4254.91,8000,8000,5000,0.74753625,0.85089625,0.850982,30000,0.568079,6248,0,-1,-1,-1,NOT_CONSIDERED,CAPEX_PROPOSED|CAPEX_DEFERRED,43700534.283876866,false
ecuador-early-expansion,seed-4,CONSV,9,6309.37,0,6309.37,690.39,5361.599999999999,257.38,0,0,0,-1,4.9912618386616385,100,6577.659395113067,11909.261702536445,3510.8764981547556,6778.18,6222.29,3389.09,8000,7350,4000,0.8472725,0.8465700680272109,0.8472725,30000,0.5463186666666667,5360,73.98,-1,-1,-1,NOT_CONSIDERED,CAPEX_PROPOSED|CAPEX_DEFERRED|CAPEX_DEFERRED,37229601.82362548,false
ecuador-early-expansion,seed-4,VAP,9,4046.96,0,4046.96,0,2907.49,1139.47,0,0,0,-1,5.47254806227341,100,5363.252749759902,8870.144296227467,6605.245475535687,5417.03,5089.99,4617,8000,6000,6000,0.67712875,0.8483316666666666,0.7695,30000,0.504134,6500,0,-1,-1,-1,NOT_CONSIDERED,CAPEX_DEFERRED|CAPEX_DEFERRED,30658289.88177459,false
ecuador-early-expansion,seed-4,JPQ,10,2241.96,0,2241.96,0,0,2241.96,0,0,0,-1,6.623943497466544,100,5816.290532536547,6500.547334015583,7373.974145609376,5944.04,6808.54,4255.34,8000,8000,5000,0.743005,0.8510675,0.851068,30000,0.5669306666666666,6248,0,-1,-1,-1,MONITORING,CAPEX_DEFERRED|CAPEX_DEFERRED,47269779.53554576,false
ecuador-early-expansion,seed-4,CONSV,10,5723,0,5723,0,5698.45,24.55,0,0,0,-1,5.017255520325279,100,5790.652989201323,12138.640211502094,3424.6668259663147,6807.85,6254.71,3616.31,8000,7350,4250,0.85098125,0.8509809523809524,0.8508964705882353,30000,0.5559623333333334,5603,0,-1,-1,-1,NOT_CONSIDERED,CAPEX_DEFERRED|CAPEX_DEFERRED|CAPEX_PROPOSED,37003401.931304954,false
ecuador-early-expansion,seed-4,VAP,10,5528.77,0,5528.77,0,3865.49,1663.28,0,0,0,-1,5.524078433593926,100,5338.135315893143,9800.23934271718,7103.457902487602,5350.63,5098.71,5098.71,8000,6000,6000,0.66882875,0.849785,0.849785,30000,0.5182683333333333,6500,0,-1,-1,-1,NOT_CONSIDERED,CAPEX_DEFERRED|CAPEX_DEFERRED,36860926.56694293,false
ecuador-early-expansion,seed-4,JPQ,11,2784.27,0,2784.27,0,0,2784.27,0,0,0,-1,6.481261551923642,100,5789.418291203007,6470.534352812198,7892.581977090262,5900.04,6808.54,4255.34,8000,8000,5000,0.737505,0.8510675,0.851068,30000,0.565464,6248,0,-1,-1,-1,MONITORING,CAPEX_DEFERRED|CAPEX_DEFERRED,52444159.40385391,false
ecuador-early-expansion,seed-4,CONSV,11,5905.87,0,5905.87,0,5905.87,0,0,0,0,-1,4.881518544043825,100,7726.898027381456,11634.947730527776,3024.673866153208,8303.24,6253.46,3432.58,12000,7350,4250,0.6919366666666666,0.8508108843537415,0.8076658823529411,30000,0.5996426666666667,5603,759.61,-1,-1,-1,NOT_CONSIDERED,CAPEX_DEFERRED,46961177.59909355,false
ecuador-early-expansion,seed-4,VAP,11,6378.040000000001,0,6378.040000000001,0,4814.790000000001,1563.25,0,0,0,-1,5.287351217657672,100,5304.871214700763,10712.558585755556,6969.547621877423,5391.42,5106.4,4617,8000,6000,6000,0.6739275,0.8510666666666666,0.7695,30000,0.5038273333333333,6500,0,-1,-1,-1,NOT_CONSIDERED,CAPEX_DEFERRED|CAPEX_DEFERRED,32686470.555118375,false
ecuador-early-expansion,seed-4,JPQ,12,3548.98,0,3548.98,0,0,3548.98,0,0,0,-1,6.5513906700690345,100,5806.100509331093,6489.168282320807,8672.002960773967,5940.49,6808.54,4255.34,8000,8000,5000,0.74256125,0.8510675,0.851068,30000,0.5668123333333333,6248,0,-1,-1,-1,MONITORING,CAPEX_DEFERRED,47006124.35716551,false
ecuador-early-expansion,seed-4,CONSV,12,5411.54,0,5411.54,0,5411.54,0,0,0,0,-1,4.985974184624721,100,8807.39888127446,12252.7257099724,3447.6331147094106,9939.1,6551.9,3616.31,12000,7700,4250,0.8282583333333333,0.8508961038961038,0.8508964705882353,30000,0.6702436666666667,6091,0,-1,-1,-1,NOT_CONSIDERED,CAPEX_PROPOSED|CAPEX_DEFERRED,37248942.43700003,false
ecuador-early-expansion,seed-4,VAP,12,8081.970000000001,0,8081.970000000001,0,5756.390000000001,2325.58,0,0,0,-1,5.460125125550274,87.1,5320.278427535042,12016.323485104098,7747.5696327673295,5469.33,5403.73,5106.4,8000,6350,6000,0.68366625,0.8509811023622047,0.8510666666666666,30000,0.5326486666666667,6500,0,-1,-1,-1,NOT_CONSIDERED,CAPEX_PROPOSED|CAPEX_DEFERRED|CAPEX_DEFERRED,42193500.91920024,false
ecuador-early-expansion,seed-4,JPQ,13,4253.12,0,4253.12,0,0,4253.12,0,0,0,-1,6.458831989814173,100,5821.3687766476605,6790.871611800842,9389.605141927304,5968.7,7106.41,4255.34,8000,8350,5000,0.7460875,0.8510670658682634,0.851068,30000,0.5776816666666666,6248,0,-1,-1,-1,MONITORING,CAPEX_DEFERRED,58535457.78759729,false
ecuador-early-expansion,seed-4,CONSV,13,5731.12,0,5731.12,0,5731.12,0,0,0,0,-1,4.955900917224838,100,8807.56486214783,12572.432413685463,3447.7019847792967,9426.51,6553.22,3617.03,12000,7700,4250,0.7855425,0.8510675324675325,0.8510658823529412,30000,0.6532253333333333,6295,0,-1,-1,-1,NOT_CONSIDERED,CAPEX_DEFERRED,35240767.11774043,false
ecuador-early-expansion,seed-4,VAP,13,9289.49,352.66,8936.83,0,6753.459999999999,2536.0299999999997,0,352.66,0,5.017045564663119,5.410555961677988,86.22,5333.535487302065,13028.98043969093,7971.510340339039,5480.47,5404.28,5106.4,8000,6350,6000,0.68505875,0.851067716535433,0.8510666666666666,30000,0.5330383333333333,6500,0,-1,-1,-1,NOT_CONSIDERED,CAPEX_DEFERRED|CAPEX_DEFERRED|CAPEX_DEFERRED,46840835.046496,false
ecuador-early-expansion,seed-4,JPQ,14,4877.35,0,4877.35,0,0,4877.35,0,0,0,-1,6.411140984744189,90.18,5830.997710623095,6802.117255999388,10279.616647746312,5950.21,7082.89,4467.2,8000,8350,5250,0.74377625,0.8482502994011977,0.850895238095238,30000,0.5833433333333333,6248,20.22,-1,-1,-1,MONITORING,CAPEX_PROPOSED,68924288.10830814,false
ecuador-early-expansion,seed-4,CONSV,14,6049.370000000001,0,6049.370000000001,0,6049.370000000001,0,0,0,0,-1,4.930937889425023,100,8812.180996208197,12894.277976228124,3449.508960352118,8675.07,6553.22,3546.38,12000,7700,4250,0.7229225,0.8510675324675325,0.8344423529411765,30000,0.6258223333333334,6295,0,-1,-1,-1,NOT_CONSIDERED,CAPEX_DEFERRED,42644855.23920531,false
ecuador-early-expansion,seed-4,VAP,14,10024.94,1349.18,8675.76,0,7749.9800000000005,2274.96,0,1349.18,0,4.984996639036279,5.349953480786635,85.05,5310.720076799669,13998.676723305163,7912.709142705391,5421.37,5404.28,5319.17,8000,6350,6250,0.67767125,0.851067716535433,0.8510672,30000,0.5381606666666666,6500,0,-1,-1,-1,NOT_CONSIDERED,CAPEX_DEFERRED|CAPEX_PROPOSED|CAPEX_DEFERRED,56229966.96035889,false
ecuador-early-expansion,seed-4,JPQ,15,5685.19,410.15,5275.04,0,0,5685.19,0,0,410.15,6.5838642086383485,6.277663415068915,89.72,5849.583705460557,6823.795362181844,11104.647987090722,5960.23,6955.36,4468.1,8000,8350,5250,0.7450287499999999,0.832977245508982,0.8510666666666667,30000,0.5794563333333335,6461,0,-1,-1,-1,MONITORING,CAPEX_DEFERRED,78463920.75582372,false
ecuador-early-expansion,seed-4,CONSV,15,6367.63,0,6367.63,0,6367.63,0,0,0,0,-1,4.835576092910954,100,8824.193699990323,13221.861159071432,3454.207402298844,8595.77,6553.22,3415.58,12000,7700,4250,0.7163141666666667,0.8510675324675325,0.8036658823529411,30000,0.618819,6295,0,-1,-1,-1,NOT_CONSIDERED,CAPEX_DEFERRED,54827601.75914742,false
ecuador-early-expansion,seed-4,VAP,15,10844.1,2345.7,8498.400000000001,0,8746.51,2097.59,0,2345.7,0,4.960719998136637,5.229548764909492,79.98,5304.9309695838565,14988.37392122668,7729.183195607558,5413.56,5404.28,5319.17,8000,6350,6250,0.676695,0.851067716535433,0.8510672,30000,0.5379003333333333,6500,0,-1,-1,-1,NOT_CONSIDERED,CAPEX_DEFERRED|CAPEX_DEFERRED|CAPEX_DEFERRED,64193904.09392823,false
ecuador-early-expansion,seed-4,JPQ,16,6578.05,1217.09,5360.96,0,0,6578.05,0,0,1217.09,6.4519417328333475,6.222884531764271,87.81,5856.703799653024,6832.102905874838,12004.123530156245,5950.06,6892.53,4468.1,8000,8350,5250,0.7437575000000001,0.8254526946107784,0.8510666666666667,30000,0.5770230000000001,6461,0,-1,-1,-1,MONITORING,CAPEX_DEFERRED,87721953.10726668,false
ecuador-early-expansion,seed-4,CONSV,16,6685.89,0,6685.89,0,6685.89,0,0,0,0,-1,4.811032679706947,100,8823.673784984418,13851.254917938004,3657.1706076241203,8817.09,6851.09,3608.12,12000,8050,4500,0.7347575000000001,0.8510670807453417,0.8018044444444444,30000,0.6425433333333334,6295,0,-1,-1,-1,NOT_CONSIDERED,CAPEX_PROPOSED|CAPEX_DEFERRED,68400402.29473433,false
ecuador-early-expansion,seed-4,VAP,16,12184.3,3342.23,8842.07,0,9743.029999999999,2441.27,0,3342.23,0,4.85176232331728,5.242759751338913,63.43,5310.121013631194,16335.401176722684,8078.413074698719,5442.34,5702.15,5319.17,8000,6700,6250,0.6802925,0.8510671641791044,0.8510672,30000,0.5487886666666667,6500,0,-1,-1,-1,NOT_CONSIDERED,CAPEX_PROPOSED|CAPEX_DEFERRED|CAPEX_DEFERRED,73048982.01510386,false
ecuador-early-expansion,seed-4,JPQ,17,7438.0199999999995,2109.95,5328.07,0,0,7438.0199999999995,0,0,2109.95,6.363358314416653,6.401139346209001,70.72,6065.20462309925,7075.323100104383,13057.255873547383,6143.45,7106.41,4468.55,8000,8350,5250,0.76793125,0.8510670658682634,0.851152380952381,30000,0.5906136666666667,6461,0,-1,-1,-1,DEFERRED,CAPEX_DEFERRED|CAPEX_DEFERRED,96095553.23005085,false
ecuador-early-expansion,seed-4,CONSV,17,7018.62,0,7018.62,0,7018.62,0,0,0,0,-1,4.9528878829023695,88.57,8828.39923390634,14187.830376721018,3659.1333128031483,8928.08,6851.78,3698.72,12000,8050,4500,0.7440066666666667,0.8511527950310559,0.8219377777777778,30000,0.649286,6295,0,-1,-1,-1,NOT_CONSIDERED,CAPEX_DEFERRED|CAPEX_DEFERRED,76279807.12356454,false
ecuador-early-expansion,seed-4,VAP,17,13556.29,4040.88,9515.41,0,10794.480000000001,2761.8100000000004,0,4040.88,0,4.822081880434905,5.422331998397026,62.13,5318.283805341078,17396.97292421903,8407.598414677339,5458.15,5702.15,5319.17,8000,6700,6250,0.68226875,0.8510671641791044,0.8510672,30000,0.5493156666666668,6500,0,-1,-1,-1,NOT_CONSIDERED,CAPEX_DEFERRED|CAPEX_DEFERRED|CAPEX_DEFERRED,78677499.15711442,false
ecuador-early-expansion,seed-4,JPQ,18,8076.150000000001,2969.4700000000003,5106.68,0,0,8076.150000000001,0,0,2969.4700000000003,6.490215086000682,6.247784169624383,72.24,6046.162245222481,7053.129034804275,13677.743663674486,6189.54,7107.12,4468.55,8000,8350,5250,0.7736925,0.8511520958083832,0.851152380952381,30000,0.5921736666666666,6461,0,-1,-1,-1,DEFERRED,CAPEX_DEFERRED|CAPEX_DEFERRED,106155599.65284371,false
ecuador-early-expansion,seed-4,CONSV,18,7350.660000000001,166.84,7183.820000000001,0,7350.660000000001,0,0,166.84,0,4.987536947449298,4.841343549384286,87.93,8829.554841633657,14520.790716096526,3659.6281061089694,8887.48,6851.78,3627.2,12000,8050,4500,0.7406233333333333,0.8511527950310559,0.8060444444444445,30000,0.6455486666666667,6295,0,-1,-1,-1,NOT_CONSIDERED,CAPEX_DEFERRED|CAPEX_DEFERRED,87693617.62132,false
ecuador-early-expansion,seed-4,VAP,18,13996.15,5092.33,8903.82,0,11845.93,2150.22,0,5092.33,0,4.960069399265897,5.215231742486997,60.04,5291.094974202181,18414.66879003159,7767.1452713267645,5418.53,5702.15,5319.17,8000,6700,6250,0.67731625,0.8510671641791044,0.8510672,30000,0.5479949999999999,6500,0,-1,-1,-1,NOT_CONSIDERED,CAPEX_DEFERRED|CAPEX_DEFERRED|CAPEX_DEFERRED,87141971.94794841,false
ecuador-early-expansion,seed-4,JPQ,19,9092.639999999998,3607.5999999999995,5485.039999999998,0,0,9092.639999999998,0,0,3607.5999999999995,6.290500544222161,6.259528856758953,70.81,6048.854927124007,7056.260323512383,14696.72835522693,6160.06,7106.41,4468.1,8000,8350,5250,0.7700075000000001,0.8510670658682634,0.8510666666666667,30000,0.5911523333333333,6461,0,-1,-1,-1,DEFERRED,CAPEX_DEFERRED|CAPEX_DEFERRED,117438137.86064881,false
ecuador-early-expansion,seed-4,CONSV,19,7682.6900000000005,498.88,7183.81,0,7682.6900000000005,0,0,498.88,0,4.875106917160924,4.84536022124869,87.87,8828.948211226068,14852.338075914504,3659.3766730832444,8831.84,6851.78,3607.17,12000,8050,4500,0.7359866666666667,0.8511527950310559,0.8015933333333334,30000,0.6430263333333334,6295,0,-1,-1,-1,NOT_CONSIDERED,CAPEX_DEFERRED|CAPEX_DEFERRED,98883440.4677746,false
ecuador-early-expansion,seed-4,VAP,19,14802.530000000002,6143.780000000001,8658.750000000002,0,12897.380000000001,1905.1499999999999,0,6143.780000000001,0,4.845010147237182,5.195358101846426,60.89,5286.689121306014,19460.646706594933,7517.387785508156,5421.7,5702.15,5319.17,8000,6700,6250,0.6777124999999999,0.8510671641791044,0.8510672,30000,0.5481006666666666,6500,0,-1,-1,-1,NOT_CONSIDERED,CAPEX_DEFERRED|CAPEX_DEFERRED|CAPEX_DEFERRED,96660568.2427457,false
ecuador-early-expansion,seed-4,JPQ,20,10209.72,4624.54,5585.179999999999,0,0,10209.72,0,0,4624.54,6.280115901052501,6.242389302826306,70.43,6052.6511787651625,7060.700318596371,16084.352606211618,6134.09,7105.7,4679.93,8000,8350,5500,0.7667612500000001,0.8509820359281437,0.8508963636363637,30000,0.5973240000000001,6461,0,-1,-1,-1,DEFERRED,CAPEX_PROPOSED|CAPEX_DEFERRED,129152355.58607985,false
ecuador-early-expansion,seed-4,CONSV,20,8014.73,830.91,7183.82,0,8014.73,0,0,830.91,0,4.879083380463462,4.84526362771815,89.52,8827.764664213477,15495.09748183653,3658.8802797305043,8825.76,7148.96,3636.07,12000,8400,4500,0.73548,0.8510666666666666,0.8080155555555556,30000,0.6536930000000001,6295,0,-1,-1,-1,NOT_CONSIDERED,CAPEX_PROPOSED|CAPEX_DEFERRED,111013648.74012753,false
ecuador-early-expansion,seed-4,VAP,20,16233.780000000002,7195.2300000000005,9038.550000000003,0,13948.840000000002,2284.94,0,7195.2300000000005,0,4.84907377493875,5.243804368360404,62.25,5290.17407511045,20859.515890137274,8125.524557170689,5443.96,5998.82,5530.82,8000,7050,6500,0.680495,0.8508964539007092,0.8508953846153846,30000,0.5657866666666667,6500,0,-1,-1,-1,NOT_CONSIDERED,CAPEX_PROPOSED|CAPEX_PROPOSED|CAPEX_DEFERRED,107340180.91903058,false
ecuador-early-expansion,seed-4,JPQ,21,11313.589999999997,5529.79,5783.7999999999965,0,0,11313.589999999997,0,0,5529.79,6.24331843588102,6.3935314702721655,69.67,6052.0747341339475,7060.004876369052,17187.64398547996,6132.07,7106.41,4680.87,8000,8350,5500,0.76650875,0.8510670658682634,0.8510672727272727,30000,0.5973116666666666,6690,0,-1,-1,-1,DEFERRED,CAPEX_DEFERRED|CAPEX_DEFERRED,137125366.60931832,false
ecuador-early-expansion,seed-4,CONSV,21,8361.920000000002,865.77,7496.1500000000015,0,8361.920000000002,0,0,865.77,0,4.8813644868573665,4.96507494339596,88.88,8827.435501599948,15842.010082934696,3658.7397144789265,8843.85,7149.68,3636.43,12000,8400,4500,0.7369875,0.851152380952381,0.8080955555555556,30000,0.654332,6295,0,-1,-1,-1,NOT_CONSIDERED,CAPEX_DEFERRED|CAPEX_DEFERRED,120029724.07532825,false
ecuador-early-expansion,seed-4,VAP,21,17680.040000000005,7950.0199999999995,9730.020000000004,0,15055.42,2624.62,0,7950.0199999999995,0,4.852016980619925,5.3988434937358205,61.42,5291.280051615931,21967.55335875073,8466.426615809794,5449.44,6000.02,5531.94,8000,7050,6500,0.6811799999999999,0.8510666666666667,0.8510676923076922,30000,0.5660466666666666,6726,0,-1,-1,-1,NOT_CONSIDERED,CAPEX_DEFERRED|CAPEX_DEFERRED|CAPEX_DEFERRED,111949691.31669536,false
ecuador-early-expansion,seed-4,JPQ,22,12040.91,6632.72,5408.19,0,0,12040.91,0,0,6632.72,6.400487475895965,6.273761733286536,71.08,6055.1736115959175,7063.632994236154,17917.990850083086,6143.46,7106.41,4680.87,8000,8350,5500,0.7679325,0.8510670658682634,0.8510672727272727,30000,0.5976913333333332,6690,0,-1,-1,-1,DEFERRED,CAPEX_DEFERRED|CAPEX_DEFERRED,148843976.60136375,false
ecuador-early-expansion,seed-4,CONSV,22,8692.22,1212.24,7479.98,0,8692.22,0,0,1212.24,0,5.001514650357927,4.885132249129383,88.58,8829.72688918859,16174.243274713692,3659.6852974143067,8854.97,7149.68,3631.41,12000,8400,4500,0.7379141666666666,0.851152380952381,0.8069799999999999,30000,0.6545353333333332,6295,0,-1,-1,-1,NOT_CONSIDERED,CAPEX_DEFERRED|CAPEX_DEFERRED,132136485.8330635,false
ecuador-early-expansion,seed-4,VAP,22,18218.129999999997,9055.4,9162.729999999998,0,16161.230000000001,2056.9,0,9055.4,0,4.948649967812162,5.228263060970033,59.42,5294.344881050729,23077.344577491385,7902.079577903474,5445,6000.02,5531.94,8000,7050,6500,0.680625,0.8510666666666667,0.8510676923076922,30000,0.5658986666666667,6726,0,-1,-1,-1,NOT_CONSIDERED,CAPEX_DEFERRED|CAPEX_DEFERRED|CAPEX_DEFERRED,120890093.87122896,false
ecuador-early-expansion,seed-4,JPQ,23,13005.539999999999,7360.04,5645.499999999999,0,0,13005.539999999999,0,0,7360.04,6.350036193110146,6.266891664097628,70.21,6046.652903182329,7053.68171772217,18874.35103951716,6136.59,7106.41,4680.87,8000,8350,5500,0.76707375,0.8510670658682634,0.8510672727272727,30000,0.5974623333333333,6690,0,-1,-1,-1,DEFERRED,CAPEX_PROPOSED|CAPEX_DEFERRED|CAPEX_DEFERRED,159878875.806975,false
ecuador-early-expansion,seed-4,CONSV,23,9038.699999999999,1542.54,7496.159999999999,0,9038.699999999999,0,0,1542.54,0,4.9210694782912645,4.879955548800683,88.77,9141.029146639108,16784.537195131223,3788.726668328227,9157.47,7148.24,3777.06,12000,8400,4500,0.7631224999999999,0.8509809523809524,0.8393466666666667,30000,0.6694256666666667,6295,0,-1,-1,-1,MONITORING,CAPEX_DEFERRED|CAPEX_DEFERRED,144501770.72381014,false
ecuador-early-expansion,seed-4,VAP,23,18987.460000000003,10161.210000000001,8826.250000000002,0,17267.61,1719.8500000000001,0,10161.210000000001,0,4.917762085713966,5.187229906343557,59.94,5287.347091450329,24174.595913728423,7557.304734885985,5431.52,6000.02,5531.94,8000,7050,6500,0.6789400000000001,0.8510666666666667,0.8510676923076922,30000,0.5654493333333334,6726,0,-1,-1,-1,NOT_CONSIDERED,CAPEX_DEFERRED|CAPEX_DEFERRED|CAPEX_DEFERRED,130843571.75374289,false
ecuador-early-expansion,seed-4,JPQ,24,14250.210000000001,8324.67,5925.540000000001,0,0,14250.210000000001,0,0,8324.67,6.296467197383744,6.404943156449711,69.19,6052.5179002635,7060.533345818538,20124.723393266137,6144.53,7106.41,4680.87,8000,8350,5500,0.76806625,0.8510670658682634,0.8510672727272727,30000,0.5977269999999999,6690,0,-1,-1,-1,DEFERRED,CAPEX_DEFERRED|CAPEX_DEFERRED|CAPEX_DEFERRED,169897945.47259665,false
ecuador-early-expansion,seed-4,CONSV,24,9649,1890.46,7758.54,0,9649,0,0,1890.46,0,4.915780643364549,4.99573487435548,88.92,9143.589398240978,17719.818990185042,3789.783689105499,9264.87,7446.09,3829.42,12000,8750,4500,0.7720725,0.8509817142857143,0.8509822222222222,30000,0.6846793333333332,6577,0,-1,-1,-1,MONITORING,CAPEX_PROPOSED|CAPEX_DEFERRED,154865631.37049395,false
ecuador-early-expansion,seed-4,VAP,24,20538.539999999997,11267.589999999998,9270.949999999999,0,18373.989999999998,2164.55,0,11267.589999999998,0,4.888194712921474,5.3728784534182,61.63,5282.135691090805,25616.752153380607,7996.27240095761,5430.08,6297.9,5531.94,8000,7400,6500,0.67876,0.8510675675675675,0.8510676923076922,30000,0.5753306666666667,6726,0,-1,-1,-1,NOT_CONSIDERED,CAPEX_PROPOSED|CAPEX_DEFERRED|CAPEX_DEFERRED,141717075.58889112,false
ecuador-early-expansion,seed-4,JPQ,25,15433.490000000003,9569.340000000002,5864.1500000000015,0,0,15433.490000000003,0,0,9569.340000000002,6.370574595117355,6.291221110458049,69.4,6059.89648950733,7069.140800808286,21315.15511050015,6151.24,7106.41,4680.87,8000,8350,5500,0.768905,0.8510670658682634,0.8510672727272727,30000,0.5979506666666666,6690,0,-1,-1,-1,DEFERRED,CAPEX_DEFERRED|CAPEX_DEFERRED|CAPEX_DEFERRED,182959398.48440197,false
ecuador-early-expansion,seed-4,CONSV,25,10284.710000000001,2202.9100000000003,8081.800000000001,0,10284.710000000001,0,0,2202.9100000000003,0,5.021273554650198,4.905748263407814,61.54,9146.339954002291,18357.95566534981,3790.9178749764546,9198.54,7447.58,3813.98,12000,8750,4500,0.766545,0.851152,0.8475511111111111,30000,0.6820033333333334,6577,0,-1,-1,-1,MONITORING,CAPEX_DEFERRED|CAPEX_DEFERRED,166682074.97571936,false
ecuador-early-expansion,seed-4,VAP,25,21837.01,12076.09,9760.919999999998,0,19520.98,2316.0299999999997,0,12076.09,0,4.952937815772295,5.2726455550958296,59.88,5278.907069330689,26759.29460258796,8144.181849625322,5426.17,6297.9,5531.94,8000,7400,6500,0.67827125,0.8510675675675675,0.8510676923076922,30000,0.5752003333333333,6726,0,-1,-1,-1,NOT_CONSIDERED,CAPEX_DEFERRED|CAPEX_DEFERRED|CAPEX_DEFERRED,153221575.38175297,false
ecuador-early-expansion,seed-4,JPQ,26,16270.230000000003,10752.620000000003,5517.610000000001,0,0,16270.230000000003,0,0,10752.620000000003,6.350657162729837,6.3393128926561415,70.68,6069.534273415822,7080.363940713109,22429.02169434334,6152.48,7105.7,4892.65,8000,8350,5750,0.76906,0.8509820359281437,0.8508956521739129,30000,0.6050276666666667,6690,0,-1,-1,-1,DEFERRED,CAPEX_DEFERRED|CAPEX_PROPOSED|CAPEX_DEFERRED,194162499.2057696,false
ecuador-early-expansion,seed-4,CONSV,26,10918.919999999998,2837.1299999999997,8081.789999999999,0,10918.919999999998,0,0,2837.1299999999997,0,4.927750415208875,4.95062663017717,61.54,9150.333998300155,18995.701102210587,3792.5733015184774,9137.08,7447.58,3773.93,12000,8750,4500,0.7614233333333333,0.851152,0.8386511111111111,30000,0.6786196666666666,6577,0,-1,-1,-1,MONITORING,CAPEX_DEFERRED|CAPEX_DEFERRED,178317361.92143488,false
ecuador-early-expansion,seed-4,VAP,26,22542.21,13223.080000000002,9319.129999999997,0,20681.02,1861.19,0,13223.080000000002,0,4.948486208162729,5.257764871035445,58.51,5277.129821647288,27916.896340904026,7911.466254885519,5435.34,6297.26,5743.55,8000,7400,6750,0.6794175,0.8509810810810811,0.8508962962962964,30000,0.5825383333333334,6726,0,-1,-1,-1,NOT_CONSIDERED,CAPEX_DEFERRED|CAPEX_PROPOSED|CAPEX_DEFERRED,164238521.62894726,false
ecuador-early-expansion,seed-4,JPQ,27,17124.210000000003,11377.580000000002,5746.630000000001,0,0,17124.210000000003,0,0,11377.580000000002,6.314573382372386,6.506810636001343,69.83,6188.712005981158,7522.005053998411,23403.914638831917,6260.21,7403.54,4893.64,8000,8700,5750,0.78252625,0.8509816091954023,0.8510678260869565,30000,0.6185796666666666,6937,0,-1,-1,-1,DEFERRED,CAPEX_PROPOSED|CAPEX_DEFERRED|CAPEX_DEFERRED,203245580.42258525,false
ecuador-early-expansion,seed-4,CONSV,27,11548.289999999999,3471.3399999999997,8076.949999999999,0,11548.289999999999,0,0,3471.3399999999997,0,4.967391492301483,5.084642179442436,61.56,9149.78306301708,19624.56599088915,3792.340811392645,9133.97,7447.58,3764.78,12000,8750,4500,0.7611641666666666,0.851152,0.8366177777777778,30000,0.6782109999999999,6577,0,-1,-1,-1,MONITORING,CAPEX_DEFERRED|CAPEX_DEFERRED,189639524.76752123,false
ecuador-early-expansion,seed-4,VAP,27,23201.660000000003,14383.759999999997,8817.900000000007,0,21826.41,1375.25,0,14383.759999999997,0,4.9316220085013125,5.341872595031261,58.94,5274.451712423716,29058.620470642054,7422.455257387966,5429.04,6297.9,5744.7,8000,7400,6750,0.67863,0.8510675675675675,0.8510666666666666,30000,0.582388,6943,0,-1,-1,-1,NOT_CONSIDERED,CAPEX_DEFERRED|CAPEX_DEFERRED|CAPEX_DEFERRED,171987616.8431784,false
ecuador-early-expansion,seed-4,JPQ,28,18529.709999999995,12230.57,6299.139999999996,0,0,18529.709999999995,0,0,12230.57,6.431325571017247,6.550380052968054,68.81,6186.730755628049,7519.60894636488,24807.424119944477,6311.7,7405.03,4894.13,8000,8700,5750,0.7889625,0.8511528735632183,0.8511530434782609,30000,0.620362,6937,0,-1,-1,-1,READY_TO_BUILD,CAPEX_DEFERRED|CAPEX_DEFERRED|CAPEX_DEFERRED,212408063.75122735,false
ecuador-early-expansion,seed-4,CONSV,28,12177.27,4100.71,8076.56,0,12177.27,0,0,4100.71,0,5.096986502819053,5.1168223615198345,61.57,9147.976730539667,20574.94806369613,3791.587993720746,9151.22,7743.93,3776.77,12000,9100,4500,0.7626016666666666,0.8509813186813188,0.8392822222222223,30000,0.689064,6577,0,-1,-1,-1,MONITORING,CAPEX_PROPOSED|CAPEX_DEFERRED,203918272.8217064,false
ecuador-early-expansion,seed-4,VAP,28,24380.63,15528.51,8852.12,0,22980.34,1400.29,0,15528.51,0,5.016684295058252,5.3831882868531045,60.06,5248.94348821919,30517.977229773587,7418.242304416009,5407.9,6595.77,5744.7,8000,7750,6750,0.6759875,0.8510670967741936,0.8510666666666666,30000,0.5916123333333333,6943,0,-1,-1,-1,NOT_CONSIDERED,CAPEX_PROPOSED|CAPEX_DEFERRED|CAPEX_DEFERRED,183313037.59952822,false
ecuador-early-expansion,seed-4,JPQ,29,19816.079999999998,13635.580000000002,6180.499999999996,0,0,19816.079999999998,0,0,13635.580000000002,6.528626654725465,6.446095591564229,69.22,6180.860540570379,7512.471921820903,26087.827582375823,6288.48,7405.03,4894.13,8000,8700,5750,0.78606,0.8511528735632183,0.8511530434782609,30000,0.619588,6937,0,-1,-1,-1,APPROVED,CAPEX_DEFERRED|CAPEX_DEFERRED|CAPEX_DEFERRED,218177405.35624304,false
ecuador-early-expansion,seed-4,CONSV,29,12832.769999999997,4433.339999999999,8399.429999999997,0,12832.769999999997,0,0,4433.339999999999,0,5.125599935420339,5.040634599659631,60.64,9148.125533012,21230.583842216893,3791.6538094559787,9162.16,7743.93,3788.72,12000,9100,4500,0.7635133333333333,0.8509813186813188,0.8419377777777778,30000,0.6898270000000001,6577,0,-1,-1,-1,MONITORING,CAPEX_DEFERRED|CAPEX_DEFERRED,217497906.4279555,false
ecuador-early-expansion,seed-4,VAP,29,25482.1,16384.57,9097.529999999999,0,24195.39,1286.71,0,16384.57,0,5.092441707297716,5.275020254090912,58.63,5229.526713467679,31705.153783249385,7282.400829392999,5413.15,6595.77,5744.7,8000,7750,6750,0.67664375,0.8510670967741936,0.8510666666666666,30000,0.5917873333333333,6943,0,-1,-1,-1,NOT_CONSIDERED,CAPEX_DEFERRED|CAPEX_DEFERRED|CAPEX_DEFERRED,193964479.19630015,false
ecuador-early-expansion,seed-4,JPQ,30,20676.28,14921.949999999999,5754.33,0,0,20676.28,0,0,14921.949999999999,6.515760936416456,6.332965660168935,70.72,6168.5048194364745,7497.456388211711,26935.500149300133,6255.25,7405.03,4894.13,8000,8700,5750,0.78190625,0.8511528735632183,0.8511530434782609,30000,0.6184803333333333,6937,0,-1,-1,-1,APPROVED,CAPEX_DEFERRED|CAPEX_DEFERRED|CAPEX_DEFERRED,223338688.02829513,false
ecuador-early-expansion,seed-4,CONSV,30,13482.17,5088.84,8393.33,0,13482.17,0,0,5088.84,0,5.047455987764551,4.971400384932317,60.65,9147.276280502463,21879.223405270594,3791.3059577378835,9159.03,7743.93,3785.04,12000,9100,4500,0.7632525,0.8509813186813188,0.84112,30000,0.6896,6577,0,-1,-1,-1,MONITORING,CAPEX_DEFERRED|CAPEX_DEFERRED,231785454.99797967,false
ecuador-early-expansion,seed-4,VAP,30,26153.389999999996,17599.620000000003,8553.769999999993,0,25405.129999999997,748.26,0,17599.620000000003,0,5.085620803224799,5.114246912259355,57.7,5223.420258373323,32906.11512103169,6736.94013185144,5435.63,6595.77,5744.7,8000,7750,6750,0.67945375,0.8510670967741936,0.8510666666666666,30000,0.5925366666666667,6943,0,-1,-1,-1,NOT_CONSIDERED,CAPEX_DEFERRED|CAPEX_DEFERRED|CAPEX_DEFERRED,205742277.90085393,false
ecuador-early-expansion,seed-4,JPQ,31,21720.32,15782.15,5938.17,0,0,21720.32,0,0,15782.15,6.441378751028319,6.310078575392493,70.07,6173.886307822905,7805.872269215885,27984.990796370737,6269.27,7702.16,4894.13,8000,9050,5750,0.7836587500000001,0.8510674033149171,0.8511530434782609,30000,0.6288520000000001,6937,0,-1,-1,-1,APPROVED,CAPEX_PROPOSED|CAPEX_DEFERRED|CAPEX_DEFERRED,230748441.85666406,false
ecuador-early-expansion,seed-4,CONSV,31,14140.749999999998,5738.24,8402.509999999998,0,14140.749999999998,0,0,5738.24,0,4.976324027461131,4.94854391475712,60.64,9148.469318566229,22538.89859514228,3791.8004407053,9156.13,7743.93,3786.68,12000,9100,4500,0.7630108333333333,0.8509813186813188,0.8414844444444444,30000,0.6895579999999999,6577,0,-1,-1,-1,MONITORING,CAPEX_DEFERRED|CAPEX_DEFERRED,245790441.15739456,false
ecuador-early-expansion,seed-4,VAP,31,27013.139999999992,18809.359999999997,8203.779999999995,0,26621.359999999993,391.78,0,18809.359999999997,0,5.029779524328183,5.027150344021322,58.09,5232.712210304194,34135.68863729712,6391.123024938835,5457.06,6595.77,5744.7,8000,7750,6750,0.6821325,0.8510670967741936,0.8510666666666666,30000,0.5932510000000001,6943,0,-1,-1,-1,NOT_CONSIDERED,CAPEX_DEFERRED|CAPEX_DEFERRED|CAPEX_DEFERRED,218781257.9315794,false
ecuador-early-expansion,seed-4,JPQ,32,22682.57,16826.19,5856.380000000001,0,0,22682.57,0,0,16826.19,6.363529229610102,6.441908069881849,70.81,8262.93900265987,9270.583943525022,30758.572872120276,5144.67,7702.93,7645.24,13000,13050,9000,0.39574384615384617,0.5902628352490422,0.8494711111111111,41000,0.49982536585365855,8662,6649.96,-1,-1,-1,NOT_CONSIDERED,CAPEX_DEFERRED|CAPEX_DEFERRED,242281266.42346555,false
ecuador-early-expansion,seed-4,CONSV,32,14801.9,6396.820000000001,8405.079999999998,0,14801.9,0,0,6396.820000000001,0,4.951847571740807,5.054728080528267,60.64,9150.221744093646,23524.703055237078,3792.522632987583,9156.76,8040.97,3793.57,12000,9450,4500,0.7630633333333333,0.8508962962962964,0.8430155555555556,30000,0.6997099999999999,6577,0,-1,-1,-1,MONITORING,CAPEX_PROPOSED|CAPEX_DEFERRED,258799544.54899457,false
ecuador-early-expansion,seed-4,VAP,32,28347.449999999997,20025.589999999997,8321.86,0,27837.589999999997,509.86,0,20025.589999999997,0,4.981906075102896,5.156121404287229,59.13,5233.63114674945,35692.650539111804,6732.485882395198,5447.37,6892.26,5956.27,8000,8100,7000,0.68092125,0.8508962962962964,0.8508957142857143,30000,0.6098633333333334,6943,0,-1,-1,-1,NOT_CONSIDERED,CAPEX_PROPOSED|CAPEX_PROPOSED|CAPEX_DEFERRED,231759843.7470913,false
ecuador-early-expansion,seed-5,JPQ,1,1900,0,1900,0,1900,0,0,0,0,-1,7.005263157894737,-1,4771.23,7232.55,4209.91,4015.62,6783.23,2509.76,8000,8000,5000,0.5019525,0.84790375,0.5019520000000001,30000,0.4436203333333333,5500,2790.77,-1,-1,-1,NOT_CONSIDERED,CAPEX_DEFERRED|CAPEX_DEFERRED,25000000,false
ecuador-early-expansion,seed-5,CONSV,1,1400,0,1400,1100,300,0,0,0,0,-1,5.582142857142857,-1,6997.600000000001,6546.8,3259.2,6782.54,5934.73,2128.14,8000,7000,4000,0.8478175,0.8478185714285714,0.5320349999999999,30000,0.494847,4500,1273.83,-1,-1,-1,NOT_CONSIDERED,CAPEX_DEFERRED|CAPEX_DEFERRED|CAPEX_DEFERRED,35000000,false
ecuador-early-expansion,seed-5,VAP,1,1650,0,1650,0,450,1200,0,0,0,-1,8.374242424242425,-1,4414.389999999999,5357.759999999999,5698.780000000001,1032.51,5093.06,5093.06,8000,6000,6000,0.12906375,0.8488433333333334,0.8488433333333334,30000,0.3739543333333334,6500,0,-1,-1,-1,NOT_CONSIDERED,CAPEX_DEFERRED|CAPEX_DEFERRED,22000000,false
ecuador-early-expansion,seed-5,JPQ,2,1284.48,0,1284.48,755.61,449.32,79.55,0,0,0,-1,5.452158441225616,100,4986.64,5178.117192023859,3812.8128079761404,5694.11,6019.51,3797.33,8000,8000,5000,0.7117637499999999,0.75243875,0.759466,30000,0.5170316666666667,5500,1854.94,-1,-1,-1,NOT_CONSIDERED,CAPEX_DEFERRED|CAPEX_DEFERRED,14494279.701722093,false
ecuador-early-expansion,seed-5,CONSV,2,1115.09,0,1115.09,215.06,612.0699999999999,287.96,0,0,0,-1,6.219324203933475,100,5789.861007556675,6516.957909319899,3368.7710831234253,5924.61,5067.59,2959.32,8000,7000,4000,0.7405762499999999,0.7239414285714286,0.73983,30000,0.46505066666666667,4500,2169.45,-1,-1,-1,NOT_CONSIDERED,CAPEX_DEFERRED|CAPEX_DEFERRED|CAPEX_DEFERRED,10878104.155727632,false
ecuador-early-expansion,seed-5,VAP,2,3646.58,0,3646.58,3381.8799999999997,264.7,0,0,0,0,-1,4.656061477439135,100,7176.263401131473,4483.168523492993,3866.9294798685764,6507.15,4892.68,0,8000,6000,6000,0.8133937499999999,0.8154466666666668,0,30000,0.3799943333333333,6500,275.74,-1,-1,-1,NOT_CONSIDERED,CAPEX_DEFERRED|CAPEX_DEFERRED,20033387.12761445,false
ecuador-early-expansion,seed-5,JPQ,3,0,0,0,0,0,0,0,0,0,-1,-1,100,4364.31918615675,4877.768502175192,3850.8698701383087,5919.56,6402.01,4070.74,8000,8000,5000,0.7399450000000001,0.8002512500000001,0.814148,30000,0.5464103333333332,6010,684.11,-1,-1,-1,NOT_CONSIDERED,CAPEX_DEFERRED,30526074.35917525,false
ecuador-early-expansion,seed-5,CONSV,3,2337.4,0,2337.4,188.05,1791.28,358.07,0,0,0,-1,4.992905654667217,100,5880.2739590517795,7820.523660595573,3503.767380352644,6377.51,5519.62,3188.75,8000,7000,4000,0.79718875,0.7885171428571428,0.7971875,30000,0.5028626666666667,5038,1029.79,-1,-1,-1,NOT_CONSIDERED,CAPEX_DEFERRED|CAPEX_DEFERRED|CAPEX_DEFERRED,34888805.44228814,false
ecuador-early-expansion,seed-5,VAP,3,3608.52,0,3608.52,1289.11,279.78,2039.6299999999999,0,0,0,-1,5.455622997986564,100,5214.032860532128,4643.369036008806,6039.585875406313,6064.18,4556.23,4334.68,8000,6000,6000,0.7580225,0.7593716666666666,0.7224466666666667,30000,0.49850300000000003,6500,0,-1,-1,-1,NOT_CONSIDERED,CAPEX_DEFERRED|CAPEX_DEFERRED|CAPEX_DEFERRED,21560868.84110887,false
ecuador-early-expansion,seed-5,JPQ,4,0,0,0,0,0,0,0,0,0,-1,-1,100,5277.31930852164,5898.180403641833,4656.448794998912,5791.5,6510.11,4087.23,8000,8000,5000,0.7239375,0.81376375,0.817446,30000,0.5462946666666667,6010,616.59,-1,-1,-1,NOT_CONSIDERED,CAPEX_DEFERRED,25749346.22103695,false
ecuador-early-expansion,seed-5,CONSV,4,2946.97,0,2946.97,0,2518.45,428.52,0,0,0,-1,5.2408363704664405,100,5760.685972701187,8620.218874895045,3612.051586901763,4687.66,5933.53,3390.59,8000,7000,4000,0.5859575,0.8476471428571428,0.8476475,30000,0.46705933333333327,5038,2112.63,-1,-1,-1,NOT_CONSIDERED,CAPEX_DEFERRED|CAPEX_PROPOSED|CAPEX_PROPOSED,32855852.643408414,false
ecuador-early-expansion,seed-5,VAP,4,2835.0199999999995,0,2835.0199999999995,0,631.3,2203.72,0,0,0,-1,6.303796974931485,100,4088.0750436090225,5176.275805270996,6369.947049763943,5805.39,5089.47,5088.96,8000,6000,6000,0.72567375,0.848245,0.84816,30000,0.532794,6500,0,-1,-1,-1,NOT_CONSIDERED,CAPEX_DEFERRED|CAPEX_DEFERRED,16892699.76211352,false
ecuador-early-expansion,seed-5,JPQ,5,467.31,0,467.31,0,0,467.31,0,0,0,-1,6.5637513516876105,100,5355.514156434838,5985.563963024326,5192.755233966573,5367.88,6023.65,4239.95,8000,8000,5000,0.670985,0.75295625,0.8479899999999999,30000,0.5210493333333334,6010,1102.2,-1,-1,-1,NOT_CONSIDERED,CAPEX_DEFERRED,25608667.341933887,false
ecuador-early-expansion,seed-5,CONSV,5,4046.9500000000003,0,4046.9500000000003,918.1,2831.72,297.13,0,0,0,-1,4.841839480696105,100,6712.9973444458865,8969.756499698691,3499.578699387043,6371.72,5519.62,3188.75,8000,7000,4000,0.796465,0.7885171428571428,0.7971875,30000,0.5026696666666667,5038,1029.79,-1,-1,-1,NOT_CONSIDERED,CAPEX_DEFERRED|CAPEX_DEFERRED|CAPEX_DEFERRED,36201444.814183995,false
ecuador-early-expansion,seed-5,VAP,5,2063.1099999999997,0,2063.1099999999997,0,449.58,1613.53,0,0,0,-1,6.174340703977418,100,4169.651208927051,5085.258717537644,5862.892712132791,4415.58,5090.5,5090.5,8000,6000,6000,0.5519475,0.8484166666666667,0.8484166666666667,30000,0.4865526666666667,6500,0,-1,-1,-1,NOT_CONSIDERED,CAPEX_DEFERRED|CAPEX_DEFERRED,27869790.974906344,false
ecuador-early-expansion,seed-5,JPQ,6,1073,0,1073,0,0,1073,0,0,0,-1,6.645383780916923,100,5502.462832719242,6149.821221489383,5928.114264164038,5451.66,5966.36,4247.21,8000,8000,5000,0.6814574999999999,0.745795,0.849442,30000,0.5221743333333333,6010,1459.91,-1,-1,-1,NOT_CONSIDERED,CAPEX_DEFERRED,22299521.24274289,false
ecuador-early-expansion,seed-5,CONSV,6,4370.46,0,4370.46,443.97,3558.91,367.58,0,0,0,-1,5.023083273186853,100,6319.576905332698,9782.414682622133,3614.625921368069,6389.73,5530.2,3194.86,8000,7000,4000,0.7987162499999999,0.7900285714285714,0.7987150000000001,30000,0.5038263333333334,5038,1029.79,-1,-1,-1,NOT_CONSIDERED,CAPEX_DEFERRED|CAPEX_DEFERRED|CAPEX_DEFERRED,34772075.99297209,false
ecuador-early-expansion,seed-5,VAP,6,1288.6399999999999,0,1288.6399999999999,0,266.84,1021.8,0,0,0,-1,6.300504465822106,100,5205.798139865272,6054.46615314877,6327.132954058914,4957.86,5089.99,5089.99,8000,6000,6000,0.6197324999999999,0.8483316666666666,0.8483316666666666,30000,0.5045946666666666,6500,0,-1,-1,-1,NOT_CONSIDERED,CAPEX_DEFERRED|CAPEX_DEFERRED,16952713.915775318,false
ecuador-early-expansion,seed-5,JPQ,7,1553.19,0,1553.19,0,0,1553.19,0,0,0,-1,6.579860760895858,100,5558.638344443762,6212.595796731262,6457.870892156261,5565.15,5842.59,4254.05,8000,8000,5000,0.69564375,0.73032375,0.8508100000000001,30000,0.5220596666666667,6010,1725.77,-1,-1,-1,NOT_CONSIDERED,CAPEX_DEFERRED|CAPEX_DEFERRED,14173888.86926585,false
ecuador-early-expansion,seed-5,CONSV,7,4707.43,0,4707.43,0,4275.51,431.92,0,0,0,-1,5.089769876064669,100,5897.609999999997,10522.3,3691.119999999999,4703.73,5954.48,3402.56,8000,7000,4000,0.5879662499999999,0.85064,0.85064,30000,0.46869233333333327,5038,2112.63,-1,-1,-1,NOT_CONSIDERED,CAPEX_DEFERRED|CAPEX_DEFERRED|CAPEX_DEFERRED,16915520.649795033,false
ecuador-early-expansion,seed-5,VAP,7,2252.7200000000003,0,2252.7200000000003,0,1084.56,1168.16,0,0,0,-1,5.805156940878903,100,5297.42315105567,6974.062752027381,6566.870025260054,5590.07,5089.99,5089.99,8000,6000,6000,0.69875875,0.8483316666666666,0.8483316666666666,30000,0.5256683333333333,6500,0,-1,-1,-1,NOT_CONSIDERED,CAPEX_DEFERRED|CAPEX_DEFERRED,29420903.554772396,false
ecuador-early-expansion,seed-5,JPQ,8,1874.2300000000002,0,1874.2300000000002,0,0,1874.2300000000002,0,0,0,-1,6.456240848918452,100,5534.209300035502,6185.303785975903,6757.364567875714,5588.13,5813.37,4254.05,8000,8000,5000,0.6985162500000001,0.72667125,0.8508100000000001,30000,0.5218516666666666,6010,1785.37,-1,-1,-1,NOT_CONSIDERED,CAPEX_DEFERRED|CAPEX_PROPOSED,36355515.68105398,false
ecuador-early-expansion,seed-5,CONSV,8,5982.54,0,5982.54,1145.72,4567.820000000001,269,0,0,0,-1,4.843322416181318,100,7041.447758490261,11124.867750363916,3527.1653402183015,6352.91,5765.37,3178.37,8000,7350,4000,0.79411375,0.7844040816326531,0.7945924999999999,30000,0.5098883333333333,5038,1166.88,-1,-1,-1,NOT_CONSIDERED,CAPEX_DEFERRED|CAPEX_PROPOSED|CAPEX_DEFERRED,32061719.075233467,false
ecuador-early-expansion,seed-5,VAP,8,3068.7900000000004,0,3068.7900000000004,0,1902.2800000000002,1166.51,0,0,0,-1,5.5441119336147855,100,5381.76080991502,7885.531432290387,6651.16871599991,5630.51,5098.71,5098.71,8000,6000,6000,0.70381375,0.849785,0.849785,30000,0.5275976666666666,6500,0,-1,-1,-1,NOT_CONSIDERED,CAPEX_PROPOSED|CAPEX_PROPOSED,35712313.93950193,false
ecuador-early-expansion,seed-5,JPQ,9,2393.85,0,2393.85,0,0,2393.85,0,0,0,-1,6.559064270801277,100,5532.016677253375,6182.842168694947,7275.0411858118005,5597.12,5802.04,4254.05,8000,8000,5000,0.69964,0.725255,0.8508100000000001,30000,0.5217736666666667,6010,1808.64,-1,-1,-1,NOT_CONSIDERED,CAPEX_DEFERRED|CAPEX_DEFERRED,43432940.73563683,false
ecuador-early-expansion,seed-5,CONSV,9,6401.82,0,6401.82,690.41,5361.58,349.83,0,0,0,-1,4.9571496302333795,100,6586.137204073264,11918.648248780451,3607.9905615587963,6778.18,6222.29,3389.09,8000,7350,4000,0.8472725,0.8465700680272109,0.8472725,30000,0.5463186666666667,5360,73.98,-1,-1,-1,NOT_CONSIDERED,CAPEX_PROPOSED|CAPEX_DEFERRED|CAPEX_DEFERRED,36799086.33983452,false
ecuador-early-expansion,seed-5,VAP,9,4315.77,0,4315.77,0,2836.95,1478.82,0,0,0,-1,5.510923383727069,100,5379.696566282685,8817.898266366901,6961.352610048531,5448.32,5106.4,5106.4,8000,6000,6000,0.68104,0.8510666666666666,0.8510666666666666,30000,0.5220373333333334,6500,0,-1,-1,-1,NOT_CONSIDERED,CAPEX_DEFERRED|CAPEX_DEFERRED,29141926.77904512,false
ecuador-early-expansion,seed-5,JPQ,10,3012.16,0,3012.16,0,309.18,2702.98,0,0,0,-1,6.331637468923733,100,5838.985067143179,6835.102751933418,7855.027382352941,5032.07,6804.43,4253.63,8000,8000,5000,0.62900875,0.85055375,0.850726,30000,0.5363376666666667,6010,1682.77,-1,-1,-1,MONITORING,CAPEX_DEFERRED|CAPEX_DEFERRED,51160212.329216294,false
ecuador-early-expansion,seed-5,CONSV,10,5844.75,0,5844.75,0,5698.429999999999,146.32,0,0,0,-1,4.925366066392116,100,5801.692019611482,12150.906354346665,3552.9028019097327,6807.85,6254.71,3616.31,8000,7350,4250,0.85098125,0.8509809523809524,0.8508964705882353,30000,0.5559623333333334,5603,0,-1,-1,-1,NOT_CONSIDERED,CAPEX_DEFERRED|CAPEX_DEFERRED|CAPEX_PROPOSED,36140705.676900886,false
ecuador-early-expansion,seed-5,VAP,10,5341.2300000000005,0,5341.2300000000005,0,3770.47,1570.76,0,0,0,-1,5.371964294140638,100,5362.050898468398,9731.808940061925,7035.320695056765,5351.77,5106.4,5106.4,8000,6000,6000,0.66897125,0.8510666666666666,0.8510666666666666,30000,0.518819,6500,0,-1,-1,-1,NOT_CONSIDERED,CAPEX_DEFERRED|CAPEX_DEFERRED,35387046.793828115,false
ecuador-early-expansion,seed-5,JPQ,11,3452.1400000000003,0,3452.1400000000003,0,142.89,3309.25,0,0,0,-1,6.3255879194779965,100,5826.18410025003,6654.505792738603,8450.002407761458,5042.29,6805.8,4253.63,8000,8000,5000,0.63028625,0.8507250000000001,0.850726,30000,0.5367240000000001,6010,1772.37,-1,-1,-1,MONITORING,CAPEX_DEFERRED|CAPEX_PROPOSED|CAPEX_DEFERRED,54289312.64706238,false
ecuador-early-expansion,seed-5,CONSV,11,5905.87,0,5905.87,0,5905.87,0,0,0,0,-1,4.831446139050951,100,7745.576193627351,11648.80397601843,3031.9793166855625,8313.92,6253.46,3430.52,12000,7350,4250,0.6928266666666667,0.8508108843537415,0.8071811764705882,30000,0.5999300000000001,5603,769.64,-1,-1,-1,NOT_CONSIDERED,CAPEX_DEFERRED|CAPEX_DEFERRED,44944484.80922477,false
ecuador-early-expansion,seed-5,VAP,11,6436.129999999999,0,6436.129999999999,0,4712.07,1724.06,0,0,0,-1,5.270255175778602,100,5354.055446334363,10664.51877858399,7180.46235853936,5397.99,5106.4,5106.4,8000,6000,6000,0.67474875,0.8510666666666666,0.8510666666666666,30000,0.5203596666666667,6500,0,-1,-1,-1,NOT_CONSIDERED,CAPEX_DEFERRED|CAPEX_DEFERRED,34380125.16551523,false
ecuador-early-expansion,seed-5,JPQ,12,4848.3099999999995,0,4848.3099999999995,746.57,0,4101.74,0,0,0,-1,6.179916370970183,100,6589.368334342398,6530.173642982734,9257.13351363855,6802.38,4406.17,4253.63,8000,8000,5000,0.8502975,0.55077125,0.850726,30000,0.515406,6010,2411.69,-1,-1,-1,MONITORING,CAPEX_DEFERRED|CAPEX_DEFERRED|CAPEX_DEFERRED|CAPEX_DEFERRED,52177980.01647809,false
ecuador-early-expansion,seed-5,CONSV,12,5411.539999999999,0,5411.539999999999,0,5411.539999999999,0,0,0,0,-1,4.980861800444158,100,8824.69350076221,12266.159381513102,3454.4030479957337,9949.43,6551.9,3615.94,12000,7700,4250,0.8291191666666667,0.8508961038961038,0.8508094117647059,30000,0.6705756666666667,6093,0,-1,-1,-1,NOT_CONSIDERED,CAPEX_PROPOSED|CAPEX_DEFERRED|CAPEX_DEFERRED,36201451.13126795,false
ecuador-early-expansion,seed-5,VAP,12,7687.7300000000005,0,7687.7300000000005,0,5653.68,2034.05,0,0,0,-1,5.425959026126283,87.13,5358.441434230168,11958.521427031072,7494.925548091348,5460.3,5403.73,5106.4,8000,6350,6000,0.6825375,0.8509811023622047,0.8510666666666666,30000,0.5323476666666667,6500,0,-1,-1,-1,NOT_CONSIDERED,CAPEX_PROPOSED|CAPEX_DEFERRED|CAPEX_DEFERRED,42280948.04277292,false
ecuador-early-expansion,seed-5,JPQ,13,6956.5199999999995,0,6956.5199999999995,0,2207.2000000000003,4749.320000000001,0,0,0,-1,5.913938504786279,90.49,5829.882034340149,8722.958592423643,9893.325476256656,5559.34,6800.33,4253.63,8000,8000,5000,0.6949175,0.85004125,0.850726,30000,0.5537766666666667,6010,1252.72,-1,-1,-1,MONITORING,CAPEX_PROPOSED|CAPEX_DEFERRED|CAPEX_DEFERRED|CAPEX_DEFERRED,62624732.97329865,false
ecuador-early-expansion,seed-5,CONSV,13,5731.12,0,5731.12,0,5731.12,0,0,0,0,-1,4.8989716981073865,100,8815.742414768509,12578.778845591998,3450.8853027021946,9417.35,6553.22,3617.03,12000,7700,4250,0.7847791666666667,0.8510675324675325,0.8510658823529412,30000,0.65292,6295,0,-1,-1,-1,NOT_CONSIDERED,CAPEX_DEFERRED|CAPEX_DEFERRED,34182852.563058145,false
ecuador-early-expansion,seed-5,VAP,13,8855.119999999999,249.95,8605.169999999998,0,6636.4,2218.72,0,249.95,0,5.010573446823375,5.320254148916394,86.03,5356.010173200223,12938.352507578295,7677.115934492249,5447.24,5404.28,5106.4,8000,6350,6000,0.680905,0.851067716535433,0.8510666666666666,30000,0.5319306666666667,6500,0,-1,-1,-1,NOT_CONSIDERED,CAPEX_DEFERRED|CAPEX_DEFERRED|CAPEX_DEFERRED,49987112.697920434,false
ecuador-early-expansion,seed-5,JPQ,14,7669.76,495.69,7174.070000000001,263.64,2045.02,5361.1,0,0,495.69,6.540519923766411,5.890547191663149,89.89,6095.538333333334,8563.022286839783,10764.182135014427,6805.12,6807.17,4466.76,8000,8000,5250,0.85064,0.85089625,0.8508114285714287,30000,0.6026350000000001,6450,0,-1,-1,-1,MONITORING,CAPEX_DEFERRED|CAPEX_DEFERRED|CAPEX_PROPOSED|CAPEX_DEFERRED,59419485.57066399,false
ecuador-early-expansion,seed-5,CONSV,14,6049.38,0,6049.38,0,6049.38,0,0,0,0,-1,4.907633290808562,100,8817.262257519065,12898.21938877998,3451.4802387567606,8665.18,6553.22,3617.03,12000,7700,4250,0.7220983333333334,0.8510675324675325,0.8510658823529412,30000,0.6278476666666667,6295,0,-1,-1,-1,NOT_CONSIDERED,CAPEX_DEFERRED,40841731.903372616,false
ecuador-early-expansion,seed-5,VAP,14,9730.34,1232.12,8498.220000000001,0,7626.66,2103.6800000000003,0,1232.12,0,4.925691088292428,5.3111521549120555,85,5345.114724752191,13915.816310697395,7777.941780201592,5419.36,5404.28,5319.17,8000,6350,6250,0.6774199999999999,0.851067716535433,0.8510672,30000,0.5380936666666667,6500,0,-1,-1,-1,NOT_CONSIDERED,CAPEX_DEFERRED|CAPEX_PROPOSED|CAPEX_DEFERRED,58930806.38906046,false
ecuador-early-expansion,seed-5,JPQ,15,7941.509999999999,894.34,7047.169999999999,0,1875.99,6065.5199999999995,0,0,894.34,6.547379395692131,6.0639904511583875,89.39,8259.032789648552,8298.997585579087,11166.697137820229,9546.37,7104.27,4467.2,12000,8350,5250,0.7955308333333334,0.8508107784431138,0.850895238095238,30000,0.703928,7171,440.53,-1,-1,-1,NOT_CONSIDERED,CAPEX_PROPOSED|CAPEX_DEFERRED|CAPEX_DEFERRED,67496312.28504016,false
ecuador-early-expansion,seed-5,CONSV,15,6367.639999999999,0,6367.639999999999,0,6367.639999999999,0,0,0,0,-1,4.969483360301433,100,8820.049969037675,13218.660242295784,3452.589252540366,8586.3,6553.22,3489.5,12000,7700,4250,0.715525,0.8510675324675325,0.8210588235294117,30000,0.6209673333333333,6295,0,-1,-1,-1,NOT_CONSIDERED,CAPEX_DEFERRED,50971701.56960071,false
ecuador-early-expansion,seed-5,VAP,15,10530.699999999999,2222.38,8308.32,0,8623.18,1907.52,0,2222.38,0,4.935600801528335,5.349298364269411,79.05,5317.076295261992,14879.34579976341,7552.036319099439,5402.27,5404.28,5319.17,8000,6350,6250,0.6752837500000001,0.851067716535433,0.8510672,30000,0.537524,6500,0,-1,-1,-1,NOT_CONSIDERED,CAPEX_DEFERRED|CAPEX_DEFERRED|CAPEX_DEFERRED,65295989.78847331,false
ecuador-early-expansion,seed-5,JPQ,16,7829.75,1598.32,6231.43,0,1282.52,6547.23,0,0,1598.32,6.623410562011727,5.970125770542007,89.34,8255.252691792919,7702.597644867386,11646.062544930921,9806.51,7106.41,4468.1,12000,8350,5250,0.8172091666666667,0.8510670658682634,0.8510666666666667,30000,0.7127006666666665,7505,0,-1,-1,-1,NOT_CONSIDERED,CAPEX_DEFERRED|CAPEX_DEFERRED|CAPEX_DEFERRED,65137768.775991976,false
ecuador-early-expansion,seed-5,CONSV,16,6685.900000000001,0,6685.900000000001,0,6685.900000000001,0,0,0,0,-1,4.835135943281693,100,8811.444025036266,13841.351650941942,3652.115796635461,8809.15,6851.09,3535.16,12000,8050,4500,0.7340958333333333,0.8510670807453417,0.7855911111111111,30000,0.6398466666666667,6295,0,-1,-1,-1,NOT_CONSIDERED,CAPEX_PROPOSED|CAPEX_DEFERRED,65300577.147451304,false
ecuador-early-expansion,seed-5,VAP,16,11763.899999999998,3218.9,8544.999999999998,0,9619.699999999999,2144.2,0,3218.9,0,4.980660488929638,5.239599519836983,63.21,5310.972188188934,16213.118124009585,7782.2271428935,5427.81,5702.15,5319.17,8000,6700,6250,0.67847625,0.8510671641791044,0.8510672,30000,0.5483043333333333,6500,0,-1,-1,-1,NOT_CONSIDERED,CAPEX_PROPOSED|CAPEX_DEFERRED|CAPEX_DEFERRED,74999778.98358308,false
ecuador-early-expansion,seed-5,JPQ,17,7821.949999999998,2079.1299999999997,5742.819999999998,0,712.49,7109.459999999998,0,0,2079.1299999999997,6.401625027249566,6.240970170201896,74.81,8279.49028075921,7151.424783777926,12223.26890485987,8527.85,7107.12,4468.55,12000,8350,5250,0.7106541666666667,0.8511520958083832,0.851152380952381,30000,0.6701173333333333,7505,0,-1,-1,-1,NOT_CONSIDERED,CAPEX_DEFERRED|CAPEX_DEFERRED|CAPEX_DEFERRED,69285113.75926876,false
ecuador-early-expansion,seed-5,CONSV,17,7018.639999999999,0,7018.639999999999,0,7018.639999999999,0,0,0,0,-1,4.96099757277286,88.55,8815.121149313529,14177.059652611402,3653.635739518107,8927.51,6851.78,3637.09,12000,8050,4500,0.7439591666666667,0.8511527950310559,0.8082422222222223,30000,0.6472126666666667,6295,0,-1,-1,-1,NOT_CONSIDERED,CAPEX_DEFERRED|CAPEX_DEFERRED,73808948.57416317,false
ecuador-early-expansion,seed-5,VAP,17,13126.179999999998,3917.55,9208.629999999997,0,10671.14,2455.04,0,3917.55,0,4.847752338789211,5.393062054278855,62.11,5319.48327853985,17275.122034916676,8102.101752494051,5457.3,5702.15,5319.17,8000,6700,6250,0.6821625,0.8510671641791044,0.8510672,30000,0.5492873333333335,6500,0,-1,-1,-1,NOT_CONSIDERED,CAPEX_DEFERRED|CAPEX_DEFERRED|CAPEX_DEFERRED,81109305.98045899,false
ecuador-early-expansion,seed-5,JPQ,18,7627.660000000001,2640.9100000000003,4986.75,0,139.49,7488.170000000001,0,0,2640.9100000000003,6.5213789262621304,6.26704893534378,75.5,8286.30306765024,6583.725259418233,12606.180718254562,7965.81,7106.41,4468.1,12000,8350,5250,0.6638175000000001,0.8510670658682634,0.8510666666666667,30000,0.651344,7505,0,-1,-1,-1,NOT_CONSIDERED,CAPEX_DEFERRED|CAPEX_DEFERRED|CAPEX_DEFERRED,80273059.77508223,false
ecuador-early-expansion,seed-5,CONSV,18,7350.68,166.86,7183.820000000001,0,7350.68,0,0,166.86,0,4.995249905065677,4.879241023638345,88.12,8815.496847307553,14509.396650214603,3653.787326196489,8889.29,6851.78,3630.73,12000,8050,4500,0.7407741666666667,0.8511527950310559,0.8068288888888889,30000,0.6457266666666667,6295,0,-1,-1,-1,NOT_CONSIDERED,CAPEX_DEFERRED|CAPEX_DEFERRED,85179001.47043188,false
ecuador-early-expansion,seed-5,VAP,18,13630.91,4968.99,8661.92,0,11722.59,1908.3200000000002,0,4968.99,0,4.968836800276555,5.23119577443817,60.19,5285.696858327045,18284.627187940725,7519.524451067513,5416.72,5702.15,5319.17,8000,6700,6250,0.6770900000000001,0.8510671641791044,0.8510672,30000,0.5479346666666667,6500,0,-1,-1,-1,NOT_CONSIDERED,CAPEX_DEFERRED|CAPEX_DEFERRED|CAPEX_DEFERRED,89939458.82539436,false
ecuador-early-expansion,seed-5,JPQ,19,8046.259999999999,3020.0699999999997,5026.19,0,0,8046.259999999999,0,0,3020.0699999999997,6.372585961028003,6.332098947817119,74.83,8306.688305608925,6730.868679525223,13176.85782162243,8227.26,7404.28,4468.55,12000,8700,5250,0.685605,0.8510666666666666,0.851152380952381,30000,0.670003,7505,0,-1,-1,-1,NOT_CONSIDERED,CAPEX_PROPOSED|CAPEX_DEFERRED|CAPEX_DEFERRED,95134416.90158394,false
ecuador-early-expansion,seed-5,CONSV,19,7682.72,498.9,7183.820000000001,0,7682.72,0,0,498.9,0,4.913266818514307,4.899255347833888,88,8818.92785883295,14844.248998848108,3655.21765230754,8836.7,6851.78,3623.91,12000,8050,4500,0.7363916666666668,0.8511527950310559,0.8053133333333333,30000,0.6437463333333333,6295,0,-1,-1,-1,NOT_CONSIDERED,CAPEX_DEFERRED|CAPEX_DEFERRED,96687430.8479289,false
ecuador-early-expansion,seed-5,VAP,19,14377.02,6020.4400000000005,8356.58,0,12774.04,1602.98,0,6020.4400000000005,0,4.883288588899855,5.212067338274445,60.75,5278.161891216345,19326.710702538912,7206.165457705849,5418.25,5702.15,5319.17,8000,6700,6250,0.67728125,0.8510671641791044,0.8510672,30000,0.5479856666666667,6500,0,-1,-1,-1,NOT_CONSIDERED,CAPEX_DEFERRED|CAPEX_DEFERRED|CAPEX_DEFERRED,99680759.11729436,false
ecuador-early-expansion,seed-5,JPQ,20,8689.519999999999,3577.71,5111.809999999999,0,0,8689.519999999999,0,0,3577.71,6.377768178038936,6.429224633398602,74.85,8826.246733210004,7151.854497600847,14400.609172075263,9011.33,7405.03,4680.87,12000,8700,5500,0.7509441666666666,0.8511528735632183,0.8510672727272727,30000,0.703241,7505,0,-1,-1,-1,MONITORING,CAPEX_DEFERRED|CAPEX_PROPOSED|CAPEX_DEFERRED,104046603.77580349,false
ecuador-early-expansion,seed-5,CONSV,20,8014.77,830.94,7183.83,0,8014.77,0,0,830.94,0,4.933229174987232,4.987732732188662,89.62,8825.832170442718,15493.501470743568,3658.075175907179,8834.89,7148.96,3643.99,12000,8400,4500,0.7362408333333332,0.8510666666666666,0.8097755555555555,30000,0.6542613333333333,6295,0,-1,-1,-1,NOT_CONSIDERED,CAPEX_PROPOSED|CAPEX_DEFERRED,108347545.76903775,false
ecuador-early-expansion,seed-5,VAP,20,15804.47,7071.89,8732.579999999998,0,13825.49,1978.98,0,7071.89,0,4.901783717695703,5.363800960006936,62.25,5289.492182124957,20735.27809614941,7818.812729015164,5450.63,5998.82,5530.82,8000,7050,6500,0.68132875,0.8508964539007092,0.8508953846153846,30000,0.566009,6500,0,-1,-1,-1,NOT_CONSIDERED,CAPEX_PROPOSED|CAPEX_PROPOSED|CAPEX_DEFERRED,110123849.00569168,false
ecuador-early-expansion,seed-5,JPQ,21,9587.38,4008.65,5578.73,0,0,9587.38,0,0,4008.65,6.455721515949578,6.4833506910663585,74.27,8822.991198188456,7149.214678479902,15296.378965114167,9179.47,7403.54,4680.4,12000,8700,5500,0.7649558333333333,0.8509816091954023,0.8509818181818181,30000,0.7087803333333332,7505,0,-1,-1,-1,MONITORING,CAPEX_DEFERRED|CAPEX_DEFERRED|CAPEX_DEFERRED,107893822.14525802,false
ecuador-early-expansion,seed-5,CONSV,21,8361.97,865.81,7496.16,0,8361.97,0,0,865.81,0,5.024809521059498,5.033345949503176,88.98,8825.953559772654,15840.795878138744,3658.131330313428,8845.84,7149.68,3627.86,12000,8400,4500,0.7371533333333333,0.851152380952381,0.8061911111111112,30000,0.6541126666666667,6295,0,-1,-1,-1,NOT_CONSIDERED,CAPEX_DEFERRED|CAPEX_DEFERRED,118456412.47698666,false
ecuador-early-expansion,seed-5,VAP,21,17116.65,7826.67,9289.980000000001,0,14929.98,2186.67,0,7826.67,0,4.981967361648384,5.422666842664315,61.15,5281.284837535341,21829.043674939847,8017.440448415653,5444.26,6000.02,5531.94,8000,7050,6500,0.6805325,0.8510666666666667,0.8510676923076922,30000,0.565874,6725,0,-1,-1,-1,NOT_CONSIDERED,CAPEX_DEFERRED|CAPEX_DEFERRED|CAPEX_DEFERRED,115595553.83190703,false
ecuador-early-expansion,seed-5,JPQ,22,10109,4906.9800000000005,5202.0199999999995,0,0,10109,0,0,4906.9800000000005,6.496871704564588,6.398698559391806,75.59,8799.76338670585,7130.4112086765035,15802.965706374081,8947.61,7405.03,4681.34,12000,8700,5500,0.7456341666666667,0.8511528735632183,0.8511527272727273,30000,0.7011326666666666,7505,0,-1,-1,-1,MONITORING,CAPEX_DEFERRED|CAPEX_DEFERRED|CAPEX_DEFERRED,118321208.07351278,false
ecuador-early-expansion,seed-5,CONSV,22,8683.789999999999,1212.29,7471.499999999999,0,8683.789999999999,0,0,1212.29,0,5.070189505802259,4.980588578653066,88.65,8826.643423694584,16163.218878797772,3658.4014413642067,8850.91,7149.68,3619.39,12000,8400,4500,0.7375758333333333,0.851152380952381,0.8043088888888889,30000,0.6539993333333333,6295,0,-1,-1,-1,NOT_CONSIDERED,CAPEX_DEFERRED|CAPEX_DEFERRED,131299268.02597378,false
ecuador-early-expansion,seed-5,VAP,22,17583.4,8929.96,8653.440000000002,0,16031.09,1552.31,0,8929.96,0,5.033199692386115,5.272002347916829,59.28,5274.264892620072,22920.986329580017,7375.331129609587,5430.82,6000.02,5531.94,8000,7050,6500,0.6788525,0.8510666666666667,0.8510676923076922,30000,0.565426,6725,0,-1,-1,-1,NOT_CONSIDERED,CAPEX_DEFERRED|CAPEX_DEFERRED|CAPEX_DEFERRED,125078967.01243843,false
ecuador-early-expansion,seed-5,JPQ,23,10841.539999999999,5427.66,5413.879999999999,0,0,10841.539999999999,0,0,5427.66,6.410961870910744,6.359636460016916,74.87,8782.641201633089,7402.827187283498,16524.430122500307,8811.42,7702.16,4681.34,12000,9050,5500,0.734285,0.8510674033149171,0.8511527272727273,30000,0.7064973333333334,7505,0,-1,-1,-1,MONITORING,CAPEX_PROPOSED|CAPEX_DEFERRED|CAPEX_DEFERRED,131609916.23430234,false
ecuador-early-expansion,seed-5,CONSV,23,9030.279999999999,1534.11,7496.169999999999,0,9030.279999999999,0,0,1534.11,0,5.017246605979013,4.950895387180767,88.82,9137.592957800078,16773.195490669597,3787.2924746062436,9154.97,7148.24,3765.7,12000,8400,4500,0.7629141666666666,0.8509809523809524,0.8368222222222221,30000,0.6689636666666666,6295,0,-1,-1,-1,MONITORING,CAPEX_DEFERRED|CAPEX_DEFERRED,144792101.17732406,false
ecuador-early-expansion,seed-5,VAP,23,18261.859999999997,10031.07,8230.789999999997,0,17137.469999999998,1124.39,0,10031.07,0,5.004907224036414,5.1746360073014355,59.74,5265.175726348247,24015.48325918454,6937.376289052862,5426.22,6000.02,5531.94,8000,7050,6500,0.6782775,0.8510666666666667,0.8510676923076922,30000,0.5652726666666666,6725,0,-1,-1,-1,NOT_CONSIDERED,CAPEX_DEFERRED|CAPEX_DEFERRED|CAPEX_DEFERRED,136230452.31616074,false
ecuador-early-expansion,seed-5,JPQ,24,11882.029999999999,6160.2,5721.829999999999,0,0,11882.029999999999,0,0,6160.2,6.391076666737227,6.27039046330368,74.16,8788.89951213813,7408.09240859056,17568.959755746397,8867.44,7702.93,4681.34,12000,9050,5500,0.7389533333333334,0.8511524861878453,0.8511527272727273,30000,0.7083903333333335,7505,0,-1,-1,-1,MONITORING,CAPEX_DEFERRED|CAPEX_DEFERRED|CAPEX_DEFERRED,144436675.48045242,false
ecuador-early-expansion,seed-5,CONSV,24,9640.57,1882.04,7758.53,0,9640.57,0,0,1882.04,0,4.987160091356815,4.888249411406339,88.92,9139.422876062494,17707.71130466609,3788.0368086197923,9264.68,7446.09,3829.42,12000,8750,4500,0.7720566666666667,0.8509817142857143,0.8509822222222222,30000,0.6846730000000001,6577,0,-1,-1,-1,MONITORING,CAPEX_PROPOSED|CAPEX_DEFERRED,157704901.7406867,false
ecuador-early-expansion,seed-5,VAP,24,19803.800000000003,11137.45,8666.350000000002,0,18243.840000000004,1559.96,0,11137.45,0,4.968297877836071,5.178167257713608,61.62,5269.591156087309,25469.366120629646,7377.810423705173,5442.74,6297.9,5531.94,8000,7400,6500,0.6803425,0.8510675675675675,0.8510676923076922,30000,0.5757526666666666,6725,0,-1,-1,-1,NOT_CONSIDERED,CAPEX_PROPOSED|CAPEX_DEFERRED|CAPEX_DEFERRED,149438504.34531918,false
ecuador-early-expansion,seed-5,JPQ,25,12904.63,7200.69,5703.94,0,0,12904.63,0,0,7200.69,6.33297968692398,6.4786951591358095,74.22,8804.077470200038,7420.89411642057,18601.397054874,8943.52,7702.93,4681.34,12000,9050,5500,0.7452933333333334,0.8511524861878453,0.8511527272727273,30000,0.7109263333333333,7505,0,-1,-1,-1,MONITORING,CAPEX_DEFERRED|CAPEX_DEFERRED,155808344.24582067,false
ecuador-early-expansion,seed-5,CONSV,25,10276.28,2194.4800000000005,8081.8,0,10276.28,0,0,2194.4800000000005,0,4.913142138067487,5.049060653246601,61.56,9143.644360834323,18347.137517826748,3789.796483220456,9200.81,7447.58,3818.3,12000,8750,4500,0.7667341666666666,0.851152,0.8485111111111111,30000,0.6822229999999999,6577,0,-1,-1,-1,MONITORING,CAPEX_DEFERRED|CAPEX_DEFERRED,166903910.50251934,false
ecuador-early-expansion,seed-5,VAP,25,21385.890000000003,11945.94,9439.950000000003,0,19405.140000000003,1980.75,0,11945.94,0,4.918692834140269,5.397606789725968,60.43,5280.625932062569,26645.805558037744,7810.785616567219,5456.75,6297.9,5531.94,8000,7400,6500,0.68209375,0.8510675675675675,0.8510676923076922,30000,0.5762196666666667,6725,0,-1,-1,-1,NOT_CONSIDERED,CAPEX_DEFERRED|CAPEX_DEFERRED|CAPEX_DEFERRED,159198900.79529676,false
ecuador-early-expansion,seed-5,JPQ,26,13495.859999999999,8223.289999999999,5272.57,0,0,13495.859999999999,0,0,8223.289999999999,6.44536886748568,6.4634047460000215,75.68,8812.250875847274,7427.766747156,19457.094352068394,8942.08,6963.98,4892.65,12000,9050,5750,0.7451733333333334,0.7695005524861878,0.8508956521739129,30000,0.6932903333333333,7505,0,-1,-1,-1,MONITORING,CAPEX_PROPOSED|CAPEX_DEFERRED,169703864.73825616,false
ecuador-early-expansion,seed-5,CONSV,26,10889.32,2828.7,8060.62,0,10889.32,0,0,2828.7,0,5.071747121091991,5.046763080166047,61.59,9146.075886808756,18962.323762684497,3790.8042858233484,9136.4,7447.58,3767.51,12000,8750,4500,0.7613666666666666,0.851152,0.8372244444444444,30000,0.678383,6577,0,-1,-1,-1,MONITORING,CAPEX_DEFERRED|CAPEX_DEFERRED,179074657.68284282,false
ecuador-early-expansion,seed-5,VAP,26,21963.63,13107.239999999998,8856.390000000003,0,20549.039999999997,1414.5900000000001,0,13107.239999999998,0,4.9832962323675405,5.305923142325479,58.29,5277.98277100905,27786.079464568436,7465.823439640242,5436.04,6297.26,5743.55,8000,7400,6750,0.679505,0.8509810810810811,0.8508962962962964,30000,0.5825616666666666,6725,0,-1,-1,-1,NOT_CONSIDERED,CAPEX_DEFERRED|CAPEX_PROPOSED|CAPEX_DEFERRED,171174791.0467172,false
ecuador-early-expansion,seed-5,JPQ,27,14224.750000000002,8603.210000000001,5621.540000000001,0,0,14224.750000000002,0,0,8603.210000000001,6.492460987682646,6.349709254814599,74.49,8807.416372994208,7710.795861333085,20182.700865645696,8903.94,7998.42,4893.14,12000,9400,5750,0.7419950000000001,0.850895744680851,0.8509808695652175,30000,0.7265166666666667,7505,0,-1,-1,-1,MONITORING,CAPEX_DEFERRED|CAPEX_DEFERRED|CAPEX_DEFERRED,183491483.5125925,false
ecuador-early-expansion,seed-5,CONSV,27,11523.529999999999,3441.7400000000002,8081.789999999999,0,11523.529999999999,0,0,3441.7400000000002,0,5.063750947579432,4.958696368240448,61.55,9147.338812823109,19597.666151455236,3791.3360165559884,9134.76,7447.58,3763.31,12000,8750,4500,0.7612300000000001,0.851152,0.8362911111111111,30000,0.6781883333333334,6577,0,-1,-1,-1,MONITORING,CAPEX_DEFERRED|CAPEX_DEFERRED,193743789.85509312,false
ecuador-early-expansion,seed-5,VAP,27,22629.559999999998,14251.779999999999,8377.779999999999,0,21691.159999999996,938.4,0,14251.779999999999,0,5.050713631256755,5.141887872325759,58.97,5277.276427972086,28927.235876984752,6988.833259390902,5418.22,6297.9,5744.7,8000,7400,6750,0.6772775,0.8510675675675675,0.8510666666666666,30000,0.5820273333333333,6941,0,-1,-1,-1,NOT_CONSIDERED,CAPEX_DEFERRED|CAPEX_DEFERRED|CAPEX_DEFERRED,182121681.46195418,false
ecuador-early-expansion,seed-5,JPQ,28,15329.650000000001,9331.61,5998.040000000001,0,0,15329.650000000001,0,0,9331.61,6.40711401511818,6.535068064519093,73.58,9108.631695559412,7974.518476222495,21491.371150285333,9195.59,8000.03,4893.64,12000,9400,5750,0.7662991666666666,0.8510670212765957,0.8510678260869565,30000,0.7363086666666666,7842,0,-1,-1,-1,DEFERRED,CAPEX_PROPOSED|CAPEX_DEFERRED|CAPEX_DEFERRED,193126287.37795934,false
ecuador-early-expansion,seed-5,CONSV,28,12157.740000000003,4075.9500000000003,8081.790000000003,0,12157.740000000003,0,0,4075.9500000000003,0,4.971192240097449,5.107879327226045,61.57,9148.014425463725,20555.461019289214,3791.6118994524973,9154.17,7743.93,3790.05,12000,9100,4500,0.7628475,0.8509813186813188,0.8422333333333334,30000,0.6896049999999999,6577,0,-1,-1,-1,MONITORING,CAPEX_PROPOSED|CAPEX_DEFERRED,207019145.47148925,false
ecuador-early-expansion,seed-5,VAP,28,24226.57,15393.26,8833.31,0,22835.36,1391.21,0,15393.26,0,5.007723956721516,5.371581990634149,60.97,5264.159539365197,30394.84005226675,7426.604312870458,5408.23,6595.77,5744.7,8000,7750,6750,0.67602875,0.8510670967741936,0.8510666666666666,30000,0.5916233333333334,6941,0,-1,-1,-1,NOT_CONSIDERED,CAPEX_PROPOSED|CAPEX_DEFERRED|CAPEX_DEFERRED,191819719.0793866,false
ecuador-early-expansion,seed-5,JPQ,29,16512.15,10436.01,6076.140000000001,0,0,16512.15,0,0,10436.01,6.4646270789334865,6.350091929936816,73.98,9100.104565480351,7967.064165673326,22668.10599397129,9306.55,8000.83,4894.13,12000,9400,5750,0.7755458333333333,0.8511521276595745,0.8511530434782609,30000,0.7400503333333333,7842,0,-1,-1,-1,DEFERRED,CAPEX_DEFERRED|CAPEX_DEFERRED|CAPEX_DEFERRED,206881222.02739778,false
ecuador-early-expansion,seed-5,CONSV,29,12812.789999999997,4413.8099999999995,8398.979999999998,0,12812.789999999997,0,0,4413.8099999999995,0,5.116907159245136,4.966693778916965,60.64,9147.13764394806,21209.716139129767,3791.248496524452,9161.91,7743.93,3791.22,12000,9100,4500,0.7634925,0.8509813186813188,0.8424933333333333,30000,0.689902,6577,0,-1,-1,-1,MONITORING,CAPEX_DEFERRED|CAPEX_DEFERRED,220847311.07685146,false
ecuador-early-expansion,seed-5,VAP,29,25290.100000000002,16239.59,9050.510000000002,0,24010.24,1279.86,0,16239.59,0,5.039542890103291,5.196208637015391,58.7,5254.549920858168,31555.936024412913,7304.2501595982285,5398.9,6595.77,5744.7,8000,7750,6750,0.6748624999999999,0.8510670967741936,0.8510666666666666,30000,0.5913123333333333,6941,0,-1,-1,-1,NOT_CONSIDERED,CAPEX_DEFERRED|CAPEX_DEFERRED|CAPEX_DEFERRED,203434685.79084817,false
ecuador-early-expansion,seed-5,JPQ,30,17233.229999999996,11618.019999999999,5615.209999999997,0,0,17233.229999999996,0,0,11618.019999999999,6.44118936975735,6.49783186566782,75.46,9089.658768323643,7957.909091529112,23382.119716088877,9240.35,8000.83,4894.13,12000,9400,5750,0.7700291666666667,0.8511521276595745,0.8511530434782609,30000,0.7378436666666667,7842,0,-1,-1,-1,DEFERRED,CAPEX_DEFERRED|CAPEX_DEFERRED|CAPEX_DEFERRED,218719951.13741678,false
ecuador-early-expansion,seed-5,CONSV,30,13459.8,5068.86,8390.939999999999,0,13459.8,0,0,5068.86,0,4.973906080018682,5.101343972814457,60.65,9148.909243685206,21858.33245490167,3791.9827781217487,9160.5,7743.93,3780.41,12000,9100,4500,0.763375,0.8509813186813188,0.8400911111111111,30000,0.6894946666666667,6577,0,-1,-1,-1,MONITORING,CAPEX_DEFERRED|CAPEX_DEFERRED,231955313.75564873,false
ecuador-early-expansion,seed-5,VAP,30,25905.240000000005,17414.470000000005,8490.77,0,25218.460000000006,686.78,0,17414.470000000005,0,5.032512211204622,5.236402426288755,57.57,5253.463744246748,32762.602318286547,6709.935540268348,5434.6,6595.77,5744.7,8000,7750,6750,0.6793250000000001,0.8510670967741936,0.8510666666666666,30000,0.5925023333333334,6941,0,-1,-1,-1,NOT_CONSIDERED,CAPEX_DEFERRED|CAPEX_DEFERRED|CAPEX_DEFERRED,213912896.26365232,false
ecuador-early-expansion,seed-5,JPQ,31,17989.96,12339.1,5650.859999999999,0,0,17989.96,0,0,12339.1,6.439440758935427,6.45510994553972,75.34,9072.883109251316,7943.2209365325625,24127.50813357551,9172.03,8000.83,4894.13,12000,9400,5750,0.7643358333333334,0.8511521276595745,0.8511530434782609,30000,0.7355663333333334,7842,0,-1,-1,-1,DEFERRED,CAPEX_DEFERRED|CAPEX_DEFERRED|CAPEX_DEFERRED,234571503.6453214,false
ecuador-early-expansion,seed-5,CONSV,31,14107.369999999999,5715.869999999999,8391.5,0,14107.369999999999,0,0,5715.869999999999,0,5.106884519286837,5.070886725928998,60.66,9147.840677020748,22504.93070174672,3791.5440263222017,9154.49,7743.93,3779.79,12000,9100,4500,0.7628741666666666,0.8509813186813188,0.8399533333333333,30000,0.6892736666666667,6577,0,-1,-1,-1,MONITORING,CAPEX_DEFERRED|CAPEX_DEFERRED,246141787.47025537,false
ecuador-early-expansion,seed-5,VAP,31,26560.370000000003,18622.690000000002,7937.68,0,26427.250000000004,133.12,0,18622.690000000002,0,5.051402464586722,5.100422117773407,57.67,5247.397510810368,33962.676806695905,6149.30947590062,5446.36,6595.77,5744.7,8000,7750,6750,0.6807949999999999,0.8510670967741936,0.8510666666666666,30000,0.5928943333333334,6941,0,-1,-1,-1,NOT_CONSIDERED,CAPEX_DEFERRED|CAPEX_DEFERRED|CAPEX_DEFERRED,226783522.97860885,false
ecuador-early-expansion,seed-5,JPQ,32,18763.790000000005,13095.830000000002,5667.960000000003,0,0,18763.790000000005,0,0,13095.830000000002,6.482278879821623,6.502629702434036,75.29,9021.44543720188,8192.268394859748,25131.870860408406,9134.62,8296.24,5105.38,12000,9750,6000,0.7612183333333334,0.8508964102564103,0.8508966666666666,30000,0.7512080000000001,7842,0,-1,-1,-1,DEFERRED,CAPEX_PROPOSED|CAPEX_PROPOSED|CAPEX_DEFERRED,251804924.15825617,false
ecuador-early-expansion,seed-5,CONSV,32,14768.500000000002,6363.440000000001,8405.060000000001,0,14768.500000000002,0,0,6363.440000000001,0,5.074574175660274,5.0990647478038165,60.63,9147.556474041388,23488.79132233354,3791.4262315172095,9153.62,8040.97,3788.81,12000,9450,4500,0.7628016666666667,0.8508962962962964,0.8419577777777778,30000,0.6994466666666667,6577,0,-1,-1,-1,MONITORING,CAPEX_PROPOSED|CAPEX_DEFERRED,260482811.80543408,false
ecuador-early-expansion,seed-5,VAP,32,27643.27,19831.48,7811.790000000001,0,27643.27,0,0,19831.48,0,5.06520607092623,5.100972831597282,58.39,5200.012493115821,35447.89133272158,6182.673277979028,5395.87,6892.26,5956.27,8000,8100,7000,0.6744837499999999,0.8508962962962964,0.8508957142857143,30000,0.6081466666666667,6941,0,-1,-1,-1,NOT_CONSIDERED,CAPEX_PROPOSED|CAPEX_PROPOSED|CAPEX_DEFERRED,241060668.25026733,false
ecuador-delayed-expansion,seed-1,JPQ,1,1900,0,1900,0,1900,0,0,0,0,-1,7.005263157894737,-1,4771.23,7232.55,4209.91,4015.62,6783.23,2509.76,8000,8000,5000,0.5019525,0.84790375,0.5019520000000001,30000,0.4436203333333333,5500,2790.77,-1,-1,-1,NOT_CONSIDERED,CAPEX_DEFERRED|CAPEX_DEFERRED,25000000,false
ecuador-delayed-expansion,seed-1,CONSV,1,1400,0,1400,1100,300,0,0,0,0,-1,5.582142857142857,-1,6997.600000000001,6546.8,3259.2,6782.54,5934.73,2128.14,8000,7000,4000,0.8478175,0.8478185714285714,0.5320349999999999,30000,0.494847,4500,1273.83,-1,-1,-1,NOT_CONSIDERED,CAPEX_DEFERRED|CAPEX_DEFERRED|CAPEX_DEFERRED,35000000,false
ecuador-delayed-expansion,seed-1,VAP,1,1650,0,1650,0,450,1200,0,0,0,-1,8.374242424242425,-1,4414.389999999999,5357.759999999999,5698.780000000001,1032.51,5093.06,5093.06,8000,6000,6000,0.12906375,0.8488433333333334,0.8488433333333334,30000,0.3739543333333334,6500,0,-1,-1,-1,NOT_CONSIDERED,CAPEX_DEFERRED|CAPEX_DEFERRED,22000000,false
ecuador-delayed-expansion,seed-1,JPQ,2,1284.48,0,1284.48,755.61,449.32,79.55,0,0,0,-1,5.452158441225616,100,4986.64,5178.117192023859,3812.8128079761404,5694.11,6019.51,3450.73,8000,8000,5000,0.7117637499999999,0.75243875,0.690146,30000,0.5054783333333333,5500,1854.94,-1,-1,-1,NOT_CONSIDERED,CAPEX_DEFERRED|CAPEX_DEFERRED,14494279.701722093,false
ecuador-delayed-expansion,seed-1,CONSV,2,1115.09,0,1115.09,215.06,612.0699999999999,287.96,0,0,0,-1,6.219324203933475,100,5789.861007556675,6516.957909319899,3368.7710831234253,5924.61,5067.59,2959.32,8000,7000,4000,0.7405762499999999,0.7239414285714286,0.73983,30000,0.46505066666666667,4500,2169.45,-1,-1,-1,NOT_CONSIDERED,CAPEX_DEFERRED|CAPEX_DEFERRED|CAPEX_DEFERRED,10878104.155727632,false
ecuador-delayed-expansion,seed-1,VAP,2,3646.58,0,3646.58,3381.8799999999997,264.7,0,0,0,0,-1,4.656061477439135,100,7176.263401131473,4483.168523492993,3866.9294798685764,6507.15,4892.68,0,8000,6000,6000,0.8133937499999999,0.8154466666666668,0,30000,0.3799943333333333,6500,275.74,-1,-1,-1,NOT_CONSIDERED,CAPEX_DEFERRED|CAPEX_DEFERRED,20033387.12761445,false
ecuador-delayed-expansion,seed-1,JPQ,3,0,0,0,0,0,0,0,0,0,-1,-1,100,4355.466666666667,4867.88256445403,3843.0507688793036,5574.29,5959.45,3828.4,8000,8000,5000,0.6967862499999999,0.7449312499999999,0.76568,30000,0.5120713333333333,5500,1698.98,-1,-1,-1,NOT_CONSIDERED,CAPEX_DEFERRED,31376932.87610506,false
ecuador-delayed-expansion,seed-1,CONSV,3,2314.6099999999997,0,2314.6099999999997,188.05,1791.28,335.28,0,0,0,-1,4.925051225626797,100,5875.901486146095,7815.91216624685,3478.556703257679,6377.51,5519.62,3188.75,8000,7000,4000,0.79718875,0.7885171428571428,0.7971875,30000,0.5028626666666667,5038,1029.79,-1,-1,-1,NOT_CONSIDERED,CAPEX_DEFERRED|CAPEX_DEFERRED|CAPEX_DEFERRED,35380932.33182596,false
ecuador-delayed-expansion,seed-1,VAP,3,3555.04,0,3555.04,1289.11,279.78,1986.15,0,0,0,-1,5.37896663884547,100,5205.483278018656,4633.882650871776,5977.401891425501,6120.2,4598.34,4376.45,8000,6000,6000,0.765025,0.76639,0.7294083333333333,30000,0.5031663333333334,6500,0,-1,-1,-1,NOT_CONSIDERED,CAPEX_DEFERRED|CAPEX_DEFERRED|CAPEX_DEFERRED,21883189.90483663,false
ecuador-delayed-expansion,seed-1,JPQ,4,317.23,0,317.23,0,0,317.23,0,0,0,-1,6.587027178602292,100,5273.896615275306,5894.365560243376,4970.685907239851,5538.06,5917.29,4238.66,8000,8000,5000,0.6922575000000001,0.73966125,0.8477319999999999,30000,0.5231336666666667,6029,1544.51,-1,-1,-1,NOT_CONSIDERED,CAPEX_DEFERRED,26378717.61322356,false
ecuador-delayed-expansion,seed-1,CONSV,4,2924.18,0,2924.18,0,2518.46,405.72,0,0,0,-1,5.134188074783408,100,5757.767627171055,8617.148078779868,3587.6442150155826,4687.66,5933.53,3390.59,8000,7000,4000,0.5859575,0.8476471428571428,0.8476475,30000,0.46705933333333327,5038,2112.63,-1,-1,-1,NOT_CONSIDERED,CAPEX_DEFERRED|CAPEX_PROPOSED|CAPEX_PROPOSED,33272755.24183698,false
ecuador-delayed-expansion,seed-1,VAP,4,2697.67,0,2697.67,0,589.2,2108.47,0,0,0,-1,6.185608917194257,100,4082.3904809980045,5127.845630113777,6268.885142362724,5763.6,5089.99,5088.96,8000,6000,6000,0.72045,0.8483316666666666,0.84816,30000,0.5314183333333333,6500,0,-1,-1,-1,NOT_CONSIDERED,CAPEX_DEFERRED|CAPEX_DEFERRED,16471418.703513343,false
ecuador-delayed-expansion,seed-1,JPQ,5,869.16,0,869.16,0,0,869.16,0,0,0,-1,6.582416743509956,100,5352.149272024901,5981.824567992292,5591.653079993915,5594.25,5843.66,4239.52,8000,8000,5000,0.69928125,0.7304575,0.8479040000000001,30000,0.522581,6029,1691.63,-1,-1,-1,NOT_CONSIDERED,CAPEX_DEFERRED|CAPEX_DEFERRED,21818750.76120808,false
ecuador-delayed-expansion,seed-1,CONSV,5,4024.14,0,4024.14,918.08,2831.73,274.33,0,0,0,-1,4.845713974338776,100,6710.7959038773215,8967.45588726919,3475.5731643971467,6371.72,5519.62,3188.75,8000,7000,4000,0.796465,0.7885171428571428,0.7971875,30000,0.5026696666666667,5038,1029.79,-1,-1,-1,NOT_CONSIDERED,CAPEX_DEFERRED|CAPEX_DEFERRED|CAPEX_DEFERRED,35509279.28709209,false
ecuador-delayed-expansion,seed-1,VAP,5,1924.78,0,1924.78,0,406.96,1517.82,0,0,0,-1,6.2207592192876255,100,4165.3449174032485,5037.851126689357,5762.794096943673,4382.66,5090.5,5090.5,8000,6000,6000,0.5478325,0.8484166666666667,0.8484166666666667,30000,0.48545533333333335,6500,0,-1,-1,-1,NOT_CONSIDERED,CAPEX_DEFERRED|CAPEX_DEFERRED,26614703.891650453,false
ecuador-delayed-expansion,seed-1,JPQ,6,1479.49,0,1479.49,0,0,1479.49,0,0,0,-1,6.5795786581203615,100,5499.630055117896,6146.635540560706,6332.104754515789,5679.89,5759.56,4246.79,8000,8000,5000,0.70998625,0.7199450000000001,0.849358,30000,0.5228746666666667,6029,1885.9,-1,-1,-1,NOT_CONSIDERED,CAPEX_DEFERRED|CAPEX_DEFERRED,22422535.395997394,false
ecuador-delayed-expansion,seed-1,CONSV,6,4347.650000000001,0,4347.650000000001,443.95,3558.92,344.78,0,0,0,-1,4.9981203207280025,100,6317.375487260361,9780.11410163762,3590.620400854411,6389.73,5530.2,3194.86,8000,7000,4000,0.7987162499999999,0.7900285714285714,0.7987150000000001,30000,0.5038263333333334,5038,1029.79,-1,-1,-1,NOT_CONSIDERED,CAPEX_DEFERRED|CAPEX_DEFERRED|CAPEX_DEFERRED,34364845.52431846,false
ecuador-delayed-expansion,seed-1,VAP,6,1150.31,0,1150.31,0,224.22,926.09,0,0,0,-1,6.299949944782584,100,5200.61443949502,6006.083094530878,6226.130354405093,4959.84,5089.99,5089.99,8000,6000,6000,0.61998,0.8483316666666666,0.8483316666666666,30000,0.5046606666666666,6500,0,-1,-1,-1,NOT_CONSIDERED,CAPEX_DEFERRED|CAPEX_DEFERRED,16785609.257025417,false
ecuador-delayed-expansion,seed-1,JPQ,7,2489.2400000000002,0,2489.2400000000002,0,402.15,2087.09,0,0,0,-1,6.375574844626063,100,5571.506865030019,6629.138204353341,7003.135412581573,5413.92,6804.43,4254.05,8000,8000,5000,0.67674,0.85055375,0.8508100000000001,30000,0.54908,6029,1145.94,-1,-1,-1,NOT_CONSIDERED,CAPEX_DEFERRED|CAPEX_DEFERRED,13073427.386130556,false
ecuador-delayed-expansion,seed-1,CONSV,7,4684.639999999999,0,4684.639999999999,0,4275.5199999999995,409.12,0,0,0,-1,5.194153073355853,100,5897.6,10522.32,3668.3199999999997,4703.73,5954.48,3402.56,8000,7000,4000,0.5879662499999999,0.85064,0.85064,30000,0.46869233333333327,5038,2112.63,-1,-1,-1,NOT_CONSIDERED,CAPEX_DEFERRED|CAPEX_DEFERRED|CAPEX_DEFERRED,15664088.055430543,false
ecuador-delayed-expansion,seed-1,VAP,7,2198.24,0,2198.24,0,1041.94,1156.3,0,0,0,-1,5.94933258147882,100,5305.0518380926005,6939.914094602669,6562.794556536764,5614.91,5089.99,5089.99,8000,6000,6000,0.70186375,0.8483316666666666,0.8483316666666666,30000,0.5264963333333333,6500,0,-1,-1,-1,NOT_CONSIDERED,CAPEX_DEFERRED|CAPEX_DEFERRED,28859387.12760917,false
ecuador-delayed-expansion,seed-1,JPQ,8,2342.7999999999997,0,2342.7999999999997,0,0,2342.7999999999997,0,0,0,-1,6.651011178193081,100,5538.914166666669,6190.561012720412,7230.077205882355,6156.52,6237.63,4254.05,8000,8000,5000,0.769565,0.77970375,0.8508100000000001,30000,0.55494,6029,1033.7,-1,-1,-1,NOT_CONSIDERED,CAPEX_PROPOSED|CAPEX_PROPOSED,35806486.13011404,false
ecuador-delayed-expansion,seed-1,CONSV,8,5912.6,0,5912.6,1145.69,4567.84,199.07,0,0,0,-1,4.899385763885557,100,7036.906574307304,11119.880538727959,3454.7323282041207,6352.91,5765.37,3178.37,8000,7350,4000,0.79411375,0.7844040816326531,0.7945924999999999,30000,0.5098883333333333,5038,1166.88,-1,-1,-1,NOT_CONSIDERED,CAPEX_DEFERRED|CAPEX_PROPOSED|CAPEX_DEFERRED,33126124.384276256,false
ecuador-delayed-expansion,seed-1,VAP,8,2937.87,0,2937.87,0,1859.65,1078.22,0,0,0,-1,5.621898810390422,100,5381.935432936436,7843.08594561758,6563.035456977881,5621.61,5089.99,5089.99,8000,6000,6000,0.7027012499999999,0.8483316666666666,0.8483316666666666,30000,0.5267196666666666,6500,0,-1,-1,-1,NOT_CONSIDERED,CAPEX_PROPOSED|CAPEX_PROPOSED,36579869.65535621,false
ecuador-delayed-expansion,seed-1,JPQ,9,2853.3099999999995,0,2853.3099999999995,0,0,2853.3099999999995,0,0,0,-1,6.904647317003357,100,5536.755724616331,6188.127707124544,7738.67397930885,6324.05,6806.48,4254.91,8000,8000,5000,0.7905062500000001,0.85081,0.850982,30000,0.5795146666666666,6309,0,-1,-1,-1,NOT_CONSIDERED,CAPEX_DEFERRED|CAPEX_DEFERRED,43277669.77754293,false
ecuador-delayed-expansion,seed-1,CONSV,9,6331.880000000001,0,6331.880000000001,690.38,5361.610000000001,279.89,0,0,0,-1,5.138771715958018,100,6581.618780145504,11913.686345151764,3535.570120161359,6778.18,6222.29,3389.09,8000,7350,4000,0.8472725,0.8465700680272109,0.8472725,30000,0.5463186666666667,5360,73.98,-1,-1,-1,NOT_CONSIDERED,CAPEX_PROPOSED|CAPEX_DEFERRED|CAPEX_DEFERRED,37679964.14517621,false
ecuador-delayed-expansion,seed-1,VAP,9,4180.88,0,4180.88,0,2802.53,1378.35,0,0,0,-1,5.721380765922363,100,5379.3952166089775,8783.152614376973,6860.579971262781,5427.73,5089.99,5089.99,8000,6000,6000,0.6784662499999999,0.8483316666666666,0.8483316666666666,30000,0.520257,6500,0,-1,-1,-1,NOT_CONSIDERED,CAPEX_DEFERRED|CAPEX_DEFERRED,31140131.495572064,false
ecuador-delayed-expansion,seed-1,JPQ,10,3248.3,0,3248.3,0,0,3248.3,0,0,0,-1,6.906105700668105,100,5851.286402310405,6539.681151009921,8411.211356935313,5979.24,6808.54,4255.34,8000,8000,5000,0.747405,0.8510675,0.851068,30000,0.5681039999999999,6309,0,-1,-1,-1,MONITORING,CAPEX_DEFERRED|CAPEX_DEFERRED,45423016.02666166,false
ecuador-delayed-expansion,seed-1,CONSV,10,5823.4,0,5823.4,0,5698.46,124.94,0,0,0,-1,5.224678626289971,100,5801.8155334601015,12151.07484298684,3531.601188657282,6807.85,6254.71,3616.31,8000,7350,4250,0.85098125,0.8509809523809524,0.8508964705882353,30000,0.5559623333333334,5603,0,-1,-1,-1,NOT_CONSIDERED,CAPEX_DEFERRED|CAPEX_DEFERRED|CAPEX_PROPOSED,37444253.8113555,false
ecuador-delayed-expansion,seed-1,VAP,10,5319.7699999999995,0,5319.7699999999995,0,3753.37,1566.4,0,0,0,-1,5.719395508120236,100,5367.388425830504,9720.632045368096,7036.380341749384,5363.43,5098.71,5098.71,8000,6000,6000,0.67042875,0.849785,0.849785,30000,0.5186949999999999,6500,0,-1,-1,-1,NOT_CONSIDERED,CAPEX_DEFERRED|CAPEX_DEFERRED,37226520.587709874,false
ecuador-delayed-expansion,seed-1,JPQ,11,3865.8500000000004,0,3865.8500000000004,0,0,3865.8500000000004,0,0,0,-1,6.861965613117685,100,5828.391481827122,6514.071898032779,9008.541439425277,5796.66,6808.54,4255.34,8000,8000,5000,0.7245825,0.8510675,0.851068,30000,0.562018,6309,0,-1,-1,-1,MONITORING,CAPEX_DEFERRED|CAPEX_DEFERRED,49474165.30570234,false
ecuador-delayed-expansion,seed-1,CONSV,11,5905.889999999999,0,5905.889999999999,0,5905.889999999999,0,0,0,0,-1,5.182313239029902,100,7746.717948923585,11649.680500367402,3032.4262528922886,8314.52,6253.46,3430.38,12000,7350,4250,0.6928766666666667,0.8508108843537415,0.8071482352941177,30000,0.5999453333333333,5603,770.29,-1,-1,-1,NOT_CONSIDERED,CAPEX_DEFERRED|CAPEX_DEFERRED,47501345.13566423,false
ecuador-delayed-expansion,seed-1,VAP,11,6431.67,0,6431.67,0,4702.66,1729.01,0,0,0,-1,5.667787226049988,100,5352.731833892394,10653.638332974486,7184.073471893279,5410.77,5106.4,5106.4,8000,6000,6000,0.67634625,0.8510666666666666,0.8510666666666666,30000,0.5207856666666667,6500,0,-1,-1,-1,NOT_CONSIDERED,CAPEX_DEFERRED|CAPEX_DEFERRED,35908914.337785125,false
ecuador-delayed-expansion,seed-1,JPQ,12,4743.789999999999,0,4743.789999999999,0,0,4743.789999999999,0,0,0,-1,6.780502225889355,91.24,5858.022636200198,6833.662755455553,9912.634082707258,5904.62,7106.41,4255.34,8000,8350,5000,0.7380774999999999,0.8510670658682634,0.851068,30000,0.5755456666666666,6309,0,-1,-1,-1,MONITORING,CAPEX_PROPOSED|CAPEX_DEFERRED,49378408.446979,false
ecuador-delayed-expansion,seed-1,CONSV,12,5411.570000000001,0,5411.570000000001,0,5411.570000000001,0,0,0,0,-1,5.145587571321704,100,8832.517062111405,12272.266367104956,3457.455576190876,9956.78,6551.9,3615.94,12000,7700,4250,0.8297316666666668,0.8508961038961038,0.8508094117647059,30000,0.6708206666666666,6093,0,-1,-1,-1,NOT_CONSIDERED,CAPEX_PROPOSED|CAPEX_DEFERRED|CAPEX_DEFERRED,40058253.05438034,false
ecuador-delayed-expansion,seed-1,VAP,12,7770.45,0,7770.45,0,5644.26,2126.1899999999996,0,0,0,-1,5.6337179177571866,87.48,5361.539233605426,11952.740068452014,7590.229568460828,5465.12,5403.73,5106.4,8000,6350,6000,0.68314,0.8509811023622047,0.8510666666666666,30000,0.5325083333333333,6500,0,-1,-1,-1,NOT_CONSIDERED,CAPEX_PROPOSED|CAPEX_DEFERRED|CAPEX_DEFERRED,47416899.186560914,false
ecuador-delayed-expansion,seed-1,JPQ,13,5645.219999999999,488.45,5156.7699999999995,0,0,5645.219999999999,0,0,488.45,6.930807778090159,6.9648154758182175,91.08,5867.566551083304,6844.786308196099,10822.485185019934,5986.34,7106.41,4255.34,8000,8350,5000,0.7482925,0.8510670658682634,0.851068,30000,0.5782696666666667,6309,0,-1,-1,-1,MONITORING,CAPEX_DEFERRED|CAPEX_DEFERRED,59015266.02307781,false
ecuador-delayed-expansion,seed-1,CONSV,13,5731.150000000001,0,5731.150000000001,0,5731.150000000001,0,0,0,0,-1,5.300505837197671,100,8833.243407591202,12592.402803159111,3457.7459778766274,9429.38,6553.22,3617.03,12000,7700,4250,0.7857816666666666,0.8510675324675325,0.8510658823529412,30000,0.6533209999999999,6296,0,-1,-1,-1,NOT_CONSIDERED,CAPEX_DEFERRED|CAPEX_DEFERRED|CAPEX_DEFERRED,37716682.122734085,false
ecuador-delayed-expansion,seed-1,VAP,13,9133.769999999999,240.53,8893.239999999998,0,6616.69,2517.0800000000004,0,240.53,0,5.176791488056786,5.800909668538522,86.62,5364.000660060985,12928.075399984322,7983.621172669753,5440.66,5404.28,5106.4,8000,6350,6000,0.6800825,0.851067716535433,0.8510666666666666,30000,0.5317113333333333,6500,0,-1,-1,-1,NOT_CONSIDERED,CAPEX_DEFERRED|CAPEX_DEFERRED|CAPEX_DEFERRED,56198776.670777544,false
ecuador-delayed-expansion,seed-1,JPQ,14,6288.66,1389.88,4898.78,0,0,6288.66,0,0,1389.88,7.13979320714779,6.995839591208982,88.28,5864.937542183039,6841.696409951801,11722.342840900485,5964.85,7105.7,4467.2,8000,8350,5250,0.74560625,0.8509820359281437,0.850895238095238,30000,0.5845916666666666,6309,0,-1,-1,-1,MONITORING,CAPEX_DEFERRED|CAPEX_PROPOSED|CAPEX_DEFERRED,70697450.59786782,false
ecuador-delayed-expansion,seed-1,CONSV,14,6049.410000000001,0,6049.410000000001,0,6049.410000000001,0,0,0,0,-1,5.3297017636946205,100,8827.311041303241,12906.06256760879,3455.4376557740325,8659.44,6553.22,3617.03,12000,7700,4250,0.72162,0.8510675324675325,0.8510658823529412,30000,0.6276563333333333,6296,0,-1,-1,-1,NOT_CONSIDERED,CAPEX_DEFERRED,47015485.10011767,false
ecuador-delayed-expansion,seed-1,VAP,14,10223.949999999999,1212.41,9011.539999999999,0,7580.39,2643.56,0,1212.41,0,5.330634033307428,5.854455997540236,85.69,5358.251444155234,13885.00379668631,8331.78092953269,5397.98,5404.28,5319.17,8000,6350,6250,0.6747475,0.851067716535433,0.8510672,30000,0.537381,6500,0,-1,-1,-1,NOT_CONSIDERED,CAPEX_DEFERRED|CAPEX_PROPOSED|CAPEX_DEFERRED,67007557.99737514,false
ecuador-delayed-expansion,seed-1,JPQ,15,7054.0199999999995,1821.46,5232.5599999999995,0,0,7054.0199999999995,0,0,1821.46,7.152930733474203,7.060347896290954,85.51,5873.505931061477,6851.703332112442,12495.660238599145,5941.15,7106.41,4468.1,8000,8350,5250,0.7426437499999999,0.8510670658682634,0.8510666666666667,30000,0.5838553333333333,6506,0,-1,-1,-1,MONITORING,CAPEX_DEFERRED|CAPEX_DEFERRED|CAPEX_DEFERRED,80205736.77132705,false
ecuador-delayed-expansion,seed-1,CONSV,15,6367.669999999999,0,6367.669999999999,0,6367.669999999999,0,0,0,0,-1,5.37812981774878,100,8830.084589277694,13226.486914719633,3456.52335696505,8580.07,6553.22,3563.61,12000,7700,4250,0.7150058333333333,0.8510675324675325,0.8384964705882353,30000,0.6232300000000001,6296,0,-1,-1,-1,NOT_CONSIDERED,CAPEX_DEFERRED,60392573.09687527,false
ecuador-delayed-expansion,seed-1,VAP,15,11399.43,2176.11,9223.32,0,8539.2,2860.2300000000005,0,2176.11,0,5.360384488280182,5.943338403632292,79.45,5359.937159949588,14845.807854689454,8550.25347747187,5394.72,5404.28,5319.17,8000,6350,6250,0.67434,0.851067716535433,0.8510672,30000,0.5372723333333334,6500,0,-1,-1,-1,NOT_CONSIDERED,CAPEX_DEFERRED|CAPEX_DEFERRED|CAPEX_DEFERRED,76472573.07512257,false
ecuador-delayed-expansion,seed-1,JPQ,16,7905.5,2585.92,5319.58,0,0,7905.5,0,0,2585.92,7.212204320193366,7.183887809115444,70.75,5867.848859452938,7132.013933968678,13341.880086110701,5926.11,7404.28,4468.55,8000,8700,5250,0.7407637499999999,0.8510666666666666,0.851152380952381,30000,0.593298,6506,0,-1,-1,-1,MONITORING,CAPEX_PROPOSED|CAPEX_DEFERRED|CAPEX_DEFERRED,91935484.24403743,false
ecuador-delayed-expansion,seed-1,CONSV,16,6685.9400000000005,0,6685.9400000000005,0,6685.9400000000005,0,0,0,0,-1,5.463363107447614,100,8828.89125798406,13855.551806592925,3659.3430871907626,8816.34,6851.09,3631.56,12000,8050,4500,0.734695,0.8510670807453417,0.8070133333333334,30000,0.6432996666666667,6296,0,-1,-1,-1,NOT_CONSIDERED,CAPEX_PROPOSED|CAPEX_DEFERRED,75943175.44291958,false
ecuador-delayed-expansion,seed-1,VAP,16,12633.92,3134.92,9499,0,9492.420000000002,3141.5,0,3134.92,0,5.389326140328466,6.086160684319466,63.38,5342.137627747022,16124.505769817286,8812.59382135604,5384.3,5702.15,5319.17,8000,6700,6250,0.6730375000000001,0.8510671641791044,0.8510672,30000,0.5468540000000001,6500,0,-1,-1,-1,NOT_CONSIDERED,CAPEX_PROPOSED|CAPEX_DEFERRED|CAPEX_DEFERRED,88043140.90380564,false
ecuador-delayed-expansion,seed-1,JPQ,17,8768.19,3436.95,5331.240000000001,0,0,8768.19,0,0,3436.95,7.260517866897089,7.043450849385985,71.17,5861.3014090172765,7124.0679001829385,14198.513219111239,5927.59,7405.03,4468.55,8000,8700,5250,0.74094875,0.8511528735632183,0.851152380952381,30000,0.5933723333333333,6506,0,-1,-1,-1,MONITORING,CAPEX_DEFERRED|CAPEX_DEFERRED|CAPEX_DEFERRED,104399156.78864993,false
ecuador-delayed-expansion,seed-1,CONSV,17,7018.68,0,7018.68,0,7018.68,0,0,0,0,-1,5.356299026700078,88.65,8824.9575570646,14185.095520635175,3657.716806373341,8924.66,6851.78,3653.37,12000,8050,4500,0.7437216666666666,0.8511527950310559,0.81186,30000,0.6476603333333333,6296,0,-1,-1,-1,NOT_CONSIDERED,CAPEX_DEFERRED|CAPEX_DEFERRED,90899669.24358876,false
ecuador-delayed-expansion,seed-1,VAP,17,13900.289999999997,3790.27,10110.019999999997,0,10484.73,3415.5600000000004,0,3790.27,0,5.479407150010774,5.9720526422911115,62.14,5340.069902977316,17114.253034624555,9084.492485513918,5386.65,5702.15,5319.17,8000,6700,6250,0.6733312499999999,0.8510671641791044,0.8510672,30000,0.5469323333333334,6500,0,-1,-1,-1,NOT_CONSIDERED,CAPEX_DEFERRED|CAPEX_DEFERRED|CAPEX_DEFERRED,99896666.2743688,false
ecuador-delayed-expansion,seed-1,JPQ,18,9579.02,4299.64,5279.38,0,0,9579.02,0,0,4299.64,7.075900102386134,7.0477052290114655,71.37,6070.792311743932,7378.704978200418,15203.44186338047,6147.78,7405.03,4468.55,8000,8700,5250,0.7684725,0.8511528735632183,0.851152380952381,30000,0.600712,6506,0,-1,-1,-1,DEFERRED,CAPEX_DEFERRED|CAPEX_DEFERRED|CAPEX_DEFERRED,117214018.7255181,false
ecuador-delayed-expansion,seed-1,CONSV,18,7350.719999999999,166.9,7183.82,0,7350.719999999999,0,0,166.9,0,5.394043467858349,5.360569310099429,88.07,8828.642402060927,14520.119740094651,3659.239942959463,8889.04,6851.78,3629.8,12000,8050,4500,0.7407533333333334,0.8511527950310559,0.8066222222222222,30000,0.6456873333333333,6296,0,-1,-1,-1,NOT_CONSIDERED,CAPEX_DEFERRED|CAPEX_DEFERRED,106211750.72593123,false
ecuador-delayed-expansion,seed-1,VAP,18,14942.160000000003,4782.58,10159.580000000004,0,11484.220000000001,3457.9399999999996,0,4782.58,0,5.366274726542039,5.972799150734387,61.62,5338.445713090897,18111.73818124108,9125.125871111413,5397.31,5702.15,5319.17,8000,6700,6250,0.67466375,0.8510671641791044,0.8510672,30000,0.5472876666666666,6500,0,-1,-1,-1,NOT_CONSIDERED,CAPEX_DEFERRED|CAPEX_DEFERRED|CAPEX_DEFERRED,112892836.32038555,false
ecuador-delayed-expansion,seed-1,JPQ,19,10656.289999999999,5110.469999999999,5545.82,0,0,10656.289999999999,0,0,5110.469999999999,7.052278049038903,7.123933783296562,71.04,6082.007887950453,7392.3368772572085,16291.092882038802,6228.38,7403.54,4467.65,8000,8700,5250,0.7785475000000001,0.8509816091954023,0.8509809523809523,30000,0.6033189999999999,6506,0,-1,-1,-1,DEFERRED,CAPEX_DEFERRED|CAPEX_DEFERRED|CAPEX_DEFERRED,130343803.40741554,false
ecuador-delayed-expansion,seed-1,CONSV,19,7682.76,498.94,7183.820000000001,0,7682.76,0,0,498.94,0,5.398606125758077,5.423981843949678,88.08,8831.303607684353,14854.320802468239,3660.3429426586463,8836.83,6851.78,3622.79,12000,8050,4500,0.7364025,0.8511527950310559,0.8050644444444445,30000,0.6437133333333334,6296,0,-1,-1,-1,NOT_CONSIDERED,CAPEX_DEFERRED|CAPEX_DEFERRED,120746953.0452686,false
ecuador-delayed-expansion,seed-1,VAP,19,16257.67,5782.070000000001,10475.599999999999,0,12489.420000000002,3768.2500000000005,0,5782.070000000001,0,5.36610539944889,6.076710055138472,62.19,5340.516946013777,19119.49983917046,9437.644175207459,5408.51,5702.15,5319.17,8000,6700,6250,0.6760637500000001,0.8510671641791044,0.8510672,30000,0.5476610000000001,6500,0,-1,-1,-1,NOT_CONSIDERED,CAPEX_DEFERRED|CAPEX_DEFERRED|CAPEX_DEFERRED,126688442.0673459,false
ecuador-delayed-expansion,seed-1,JPQ,20,11767.45,6188.640000000001,5578.8099999999995,0,0,11767.45,0,0,6188.640000000001,7.13838931512615,7.136418231601491,70.92,6088.590986967494,7698.02829080411,17676.965656275475,6132.81,7633.07,4679.93,8000,9050,5500,0.76660125,0.8434331491712707,0.8508963636363637,30000,0.6148603333333333,6506,110.77,-1,-1,-1,DEFERRED,CAPEX_PROPOSED|CAPEX_PROPOSED|CAPEX_DEFERRED,146568603.0996366,false
ecuador-delayed-expansion,seed-1,CONSV,20,8014.8,830.98,7183.82,0,8014.8,0,0,830.98,0,5.462820280539054,5.440712635374479,89.58,8831.292323105963,15498.159755391987,3660.334127843987,8828.15,7148.96,3647.42,12000,8400,4500,0.7356791666666667,0.8510666666666666,0.8105377777777778,30000,0.6541509999999999,6296,0,-1,-1,-1,NOT_CONSIDERED,CAPEX_PROPOSED|CAPEX_DEFERRED,137350774.5277816,false
ecuador-delayed-expansion,seed-1,VAP,20,17582.019999999997,6787.2699999999995,10794.749999999996,0,13487.36,4094.6600000000003,0,6787.2699999999995,0,5.425915380842173,6.116912771255759,62.24,5321.694010366626,20439.21942652918,9970.05507521159,5381.58,5998.82,5530.82,8000,7050,6500,0.6726975,0.8508964539007092,0.8508953846153846,30000,0.5637073333333333,6500,0,-1,-1,-1,NOT_CONSIDERED,CAPEX_PROPOSED|CAPEX_PROPOSED|CAPEX_DEFERRED,141501354.86950076,false
ecuador-delayed-expansion,seed-1,JPQ,21,12950.530000000002,7087.52,5863.010000000002,0,0,12950.530000000002,0,0,7087.52,7.181522528431229,7.433012874951668,70.34,6095.290625701047,7706.521363569757,18866.55788125659,6157.77,7701.38,4680.4,8000,9050,5500,0.76972125,0.8509812154696133,0.8509818181818181,30000,0.6179850000000001,6783,0,-1,-1,-1,DEFERRED,CAPEX_DEFERRED|CAPEX_DEFERRED|CAPEX_DEFERRED,155753902.09647533,false
ecuador-delayed-expansion,seed-1,CONSV,21,8362.01,865.84,7496.17,0,8362.01,0,0,865.84,0,5.482407677876568,5.670928870242578,89.01,8834.335959144184,15847.947312748493,3661.5997725400234,8846.34,7149.68,3667.89,12000,8400,4500,0.737195,0.851152380952381,0.8150866666666666,30000,0.6554636666666667,6296,0,-1,-1,-1,NOT_CONSIDERED,CAPEX_DEFERRED|CAPEX_DEFERRED,149883665.39865187,false
ecuador-delayed-expansion,seed-1,VAP,21,18935.510000000002,7488.540000000001,11446.970000000001,0,14508.310000000001,4427.2,0,7488.540000000001,0,5.445026067299674,6.384603509215365,61.55,5323.000432101768,21461.885481225065,10304.044414445809,5366.17,6000.02,5531.94,8000,7050,6500,0.67077125,0.8510666666666667,0.8510676923076922,30000,0.5632710000000001,6711,0,-1,-1,-1,NOT_CONSIDERED,CAPEX_DEFERRED|CAPEX_DEFERRED|CAPEX_DEFERRED,149983514.25825363,false
ecuador-delayed-expansion,seed-1,JPQ,22,13745.970000000001,8270.130000000001,5475.84,0,0,13745.970000000001,0,0,8270.130000000001,7.391490999054328,7.263598365178895,71.74,6075.03411721325,7680.887844496204,19642.327516036745,6130.95,7702.93,4681.34,8000,9050,5500,0.7663687499999999,0.8511524861878453,0.8511527272727273,30000,0.617174,6783,0,-1,-1,-1,DEFERRED,CAPEX_DEFERRED|CAPEX_DEFERRED|CAPEX_DEFERRED,172932955.97702438,false
ecuador-delayed-expansion,seed-1,CONSV,22,8708.49,1212.33,7496.16,0,8708.49,0,0,1212.33,0,5.714508765550756,5.551515373116849,88.48,8835.352580101893,16195.298752756196,3662.021135173811,8853.75,7149.68,3636.96,12000,8400,4500,0.7378125,0.851152380952381,0.8082133333333333,30000,0.6546796666666667,6296,0,-1,-1,-1,NOT_CONSIDERED,CAPEX_DEFERRED|CAPEX_DEFERRED,168335087.60219935,false
ecuador-delayed-expansion,seed-1,VAP,22,19445.469999999998,8508.289999999999,10937.179999999998,0,15523.21,3922.26,0,8508.289999999999,0,5.639945458632943,6.182812297515683,59.71,5312.638493142599,22463.229062690065,9787.640936141388,5354.27,6000.02,5531.94,8000,7050,6500,0.6692837500000001,0.8510666666666667,0.8510676923076922,30000,0.5628743333333334,6711,0,-1,-1,-1,NOT_CONSIDERED,CAPEX_DEFERRED|CAPEX_DEFERRED|CAPEX_DEFERRED,164627514.37839714,false
ecuador-delayed-expansion,seed-1,JPQ,23,14958.369999999999,9064.630000000001,5893.739999999998,0,0,14958.369999999999,0,0,9064.630000000001,7.361001318550365,7.395622680249331,70.23,6081.505514055132,7689.079771173326,20860.998675665363,6138.16,7702.93,4681.34,8000,9050,5500,0.76727,0.8511524861878453,0.8511527272727273,30000,0.6174143333333334,6783,0,-1,-1,-1,DEFERRED,CAPEX_DEFERRED|CAPEX_DEFERRED|CAPEX_DEFERRED,188488893.98925886,false
ecuador-delayed-expansion,seed-1,CONSV,23,9054.98,1558.81,7496.17,0,9054.98,0,0,1558.81,0,5.59359681559578,5.648398115898267,88.62,9148.588659912226,16807.211385691167,3791.854045939301,9158.08,7148.24,3781.67,12000,8400,4500,0.7631733333333334,0.8509809523809524,0.8403711111111112,30000,0.6695996666666666,6296,0,-1,-1,-1,MONITORING,CAPEX_DEFERRED|CAPEX_DEFERRED,185677716.82585615,false
ecuador-delayed-expansion,seed-1,VAP,23,20709.880000000005,9523.19,11186.690000000004,0,16576.43,4133.45,0,9523.19,0,5.59418881411059,6.325015064444888,61.24,5310.619197467773,23513.81510407358,9996.608380908317,5392.94,6000.02,5531.94,8000,7050,6500,0.6741174999999999,0.8510666666666667,0.8510676923076922,30000,0.5641633333333332,6711,0,-1,-1,-1,NOT_CONSIDERED,CAPEX_DEFERRED|CAPEX_DEFERRED|CAPEX_DEFERRED,179980536.97410098,false
ecuador-delayed-expansion,seed-1,JPQ,24,16193.069999999996,10277.029999999999,5916.039999999997,0,0,16193.069999999996,0,0,10277.029999999999,7.351053703241232,7.393140877006257,70.15,6087.057741493897,7993.726775518309,22101.097506036684,6147.9,7999.23,4680.4,8000,9400,5500,0.7684875,0.850981914893617,0.8509818181818181,30000,0.6275843333333333,6783,0,-1,-1,-1,DEFERRED,CAPEX_PROPOSED|CAPEX_DEFERRED|CAPEX_DEFERRED,207852063.49530458,false
ecuador-delayed-expansion,seed-1,CONSV,24,9665.260000000002,1906.74,7758.520000000002,0,9665.260000000002,0,0,1906.74,0,5.691302241120486,5.659096260576223,88.63,9150.533439783534,17742.22713844847,3792.6559647792083,9264.89,7446.09,3829.42,12000,8750,4500,0.7720741666666666,0.8509817142857143,0.8509822222222222,30000,0.6846800000000001,6578,0,-1,-1,-1,MONITORING,CAPEX_PROPOSED|CAPEX_DEFERRED,203137208.2536287,false
ecuador-delayed-expansion,seed-1,VAP,24,22172.22,10576.410000000002,11595.81,0,17637.100000000002,4535.12,0,10576.410000000002,0,5.625211488320264,6.365133735167175,61.63,5297.330479062141,24900.668506411384,10383.60405647296,5405.2,6297.9,5531.94,8000,7400,6500,0.67565,0.8510675675675675,0.8510676923076922,30000,0.5745013333333332,6711,0,-1,-1,-1,NOT_CONSIDERED,CAPEX_PROPOSED|CAPEX_DEFERRED|CAPEX_DEFERRED,197812732.09880438,false
ecuador-delayed-expansion,seed-1,JPQ,25,17405.539999999994,11512.669999999996,5892.869999999997,0,0,17405.539999999994,0,0,11512.669999999996,7.397479525661246,7.470642434291887,70.68,6089.331689597112,7996.748958853822,23315.78390608341,6146.8,7999.23,4680.4,8000,9400,5500,0.76835,0.850981914893617,0.8509818181818181,30000,0.6275476666666667,6783,0,-1,-1,-1,DEFERRED,CAPEX_DEFERRED|CAPEX_DEFERRED|CAPEX_DEFERRED,225672497.99401325,false
ecuador-delayed-expansion,seed-1,CONSV,25,10300.980000000001,2219.17,8081.810000000001,0,10300.980000000001,0,0,2219.17,0,5.6885885025611795,5.714181587208737,61.55,9149.973801718557,18377.424350989568,3792.4298608778936,9195.04,7447.58,3815.16,12000,8750,4500,0.7662533333333335,0.851152,0.8478133333333333,30000,0.681926,6578,0,-1,-1,-1,MONITORING,CAPEX_DEFERRED|CAPEX_DEFERRED,219338354.00435412,false
ecuador-delayed-expansion,seed-1,VAP,25,23625.91999999999,11339.199999999997,12286.719999999994,0,18725.679999999997,4900.24,0,11339.199999999997,0,5.66241984963541,6.438832700676886,60.44,5297.820410597233,25989.929776622343,10749.28036820212,5391.81,6297.9,5531.94,8000,7400,6500,0.67397625,0.8510675675675675,0.8510676923076922,30000,0.574055,6711,0,-1,-1,-1,NOT_CONSIDERED,CAPEX_DEFERRED|CAPEX_DEFERRED|CAPEX_DEFERRED,214325429.2601557,false
ecuador-delayed-expansion,seed-1,JPQ,26,18361.620000000003,12725.14,5636.480000000003,0,0,18361.620000000003,0,0,12725.14,7.4471718694160245,7.2631312032116915,71.59,6102.066441664776,8013.446636426112,24553.43221091678,6153.41,7999.23,4892.65,8000,9400,5750,0.76917625,0.850981914893617,0.8508956521739129,30000,0.634843,6783,0,-1,-1,-1,DEFERRED,CAPEX_DEFERRED|CAPEX_PROPOSED|CAPEX_DEFERRED,246249452.07863253,false
ecuador-delayed-expansion,seed-1,CONSV,26,10935.19,2853.3999999999996,8081.790000000001,0,10935.19,0,0,2853.3999999999996,0,5.7428146456163605,5.567367825549183,61.54,9151.855909039352,19013.295638264088,3793.209946172063,9133.73,7447.58,3769.55,12000,8750,4500,0.7611441666666666,0.851152,0.8376777777777779,30000,0.6783619999999999,6578,0,-1,-1,-1,MONITORING,CAPEX_DEFERRED|CAPEX_DEFERRED,239653053.60126472,false
ecuador-delayed-expansion,seed-1,VAP,26,24364.019999999997,12427.78,11936.239999999996,0,19812.35,4551.669999999999,0,12427.78,0,5.697044252681193,6.224547767065643,58.87,5296.397801186401,27074.66244653568,10624.044719560767,5378.98,6297.26,5743.55,8000,7400,6750,0.6723724999999999,0.8509810810810811,0.8508962962962964,30000,0.5806596666666667,6711,0,-1,-1,-1,NOT_CONSIDERED,CAPEX_DEFERRED|CAPEX_PROPOSED|CAPEX_DEFERRED,233218402.95487642,false
ecuador-delayed-expansion,seed-1,JPQ,27,19516.4,13468.969999999998,6047.430000000004,0,0,19516.4,0,0,13468.969999999998,7.402459223775702,7.219060837890085,70.14,6093.413442415033,8002.0832157889,25699.422025877062,6135.48,8000.03,4893.64,8000,9400,5750,0.7669349999999999,0.8510670212765957,0.8510678260869565,30000,0.6343049999999999,7031,0,-1,-1,-1,DEFERRED,CAPEX_DEFERRED|CAPEX_DEFERRED|CAPEX_DEFERRED,262879493.00862128,false
ecuador-delayed-expansion,seed-1,CONSV,27,11569.4,3487.6099999999997,8081.79,0,11569.4,0,0,3487.6099999999997,0,5.5880286035721785,5.549063094932621,61.55,9150.834050475532,19646.613664561293,3792.776417636368,9133.55,7447.58,3766.59,12000,8750,4500,0.7611291666666666,0.851152,0.83702,30000,0.6782573333333333,6578,0,-1,-1,-1,MONITORING,CAPEX_DEFERRED|CAPEX_DEFERRED,259179955.7943545,false
ecuador-delayed-expansion,seed-1,VAP,27,25230.239999999994,13515.090000000002,11715.149999999992,0,20883,4347.240000000001,0,13515.090000000002,0,5.6381762673598,6.184817366219529,59.7,5288.84617963511,28134.955751385343,10410.945996617453,5361.99,6297.9,5744.7,8000,7400,6750,0.67024875,0.8510675675675675,0.8510666666666666,30000,0.580153,6924,0,-1,-1,-1,NOT_CONSIDERED,CAPEX_DEFERRED|CAPEX_DEFERRED|CAPEX_DEFERRED,249938393.51582986,false
ecuador-delayed-expansion,seed-1,JPQ,28,20827.239999999998,14622.759999999997,6204.480000000001,0,0,20827.239999999998,0,0,14622.759999999997,7.308153609675314,6.930194760358963,69.6,6095.082269638708,8302.300579755889,27011.945323568343,6137.11,8297.9,4894.13,8000,9750,5750,0.76713875,0.8510666666666666,0.8511530434782609,30000,0.6443046666666666,7031,0,-1,-1,-1,DEFERRED,CAPEX_PROPOSED|CAPEX_DEFERRED|CAPEX_DEFERRED,283009002.036647,false
ecuador-delayed-expansion,seed-1,CONSV,28,12203.619999999999,4121.820000000001,8081.799999999998,0,12203.619999999999,0,0,4121.820000000001,0,5.563862538030928,5.350845774289604,61.57,9150.730839518921,20603.84463522619,3792.737781788981,9153.92,7743.93,3791.93,12000,9100,4500,0.7628266666666667,0.8509813186813188,0.8426511111111111,30000,0.6896593333333333,6578,0,-1,-1,-1,MONITORING,CAPEX_PROPOSED|CAPEX_DEFERRED,281249927.44504404,false
ecuador-delayed-expansion,seed-1,VAP,28,26749.650000000005,14585.1,12164.550000000005,0,21982.31,4767.34,0,14585.1,0,5.560875532479145,5.992928276344508,60.98,5275.625647437931,29558.25608141553,10815.881472540399,5375.55,6595.77,5744.7,8000,7750,6750,0.6719437500000001,0.8510670967741936,0.8510666666666666,30000,0.590534,6924,0,-1,-1,-1,NOT_CONSIDERED,CAPEX_PROPOSED|CAPEX_DEFERRED|CAPEX_DEFERRED,268593844.01610196,false
ecuador-delayed-expansion,seed-1,JPQ,29,22106.419999999995,15933.109999999997,6173.309999999998,0,0,22106.419999999995,0,0,15933.109999999997,7.129000847161952,6.809216146219013,70.15,6096.311583529136,8303.978661222682,28292.382786505223,6142.89,8298.74,4894.13,8000,9750,5750,0.76786125,0.8511528205128205,0.8511530434782609,30000,0.6445253333333334,7031,0,-1,-1,-1,DEFERRED,CAPEX_DEFERRED|CAPEX_DEFERRED|CAPEX_DEFERRED,299688362.08278906,false
ecuador-delayed-expansion,seed-1,CONSV,29,12864.77,4459.69,8405.080000000002,0,12864.77,0,0,4459.69,0,5.360679753698025,5.280569463026888,60.63,9151.662845891464,21265.850202177957,3793.1240739708833,9164.04,7743.93,3798.36,12000,9100,4500,0.7636700000000001,0.8509813186813188,0.84408,30000,0.690211,6578,0,-1,-1,-1,MONITORING,CAPEX_DEFERRED|CAPEX_DEFERRED,298063131.1013956,false
ecuador-delayed-expansion,seed-1,VAP,29,28261.55,15386.54,12875.009999999998,0,23111.71,5149.84,0,15386.54,0,5.458540010487575,5.911263340770611,59.83,5276.014460094226,30688.209787854077,11198.817137839755,5384.64,6595.77,5744.7,8000,7750,6750,0.67308,0.8510670967741936,0.8510666666666666,30000,0.5908370000000001,6924,0,-1,-1,-1,NOT_CONSIDERED,CAPEX_DEFERRED|CAPEX_DEFERRED|CAPEX_DEFERRED,285113165.64385885,false
ecuador-delayed-expansion,seed-1,JPQ,30,22924.619999999995,17212.289999999997,5712.329999999998,0,0,22924.619999999995,0,0,17212.289999999997,6.9750368033297825,6.995932476478345,71.74,6215.097132827255,8465.807728842366,29231.12770833831,6260.13,8297.07,4893.14,8000,9750,5750,0.78251625,0.8509815384615385,0.8509808695652175,30000,0.6483446666666667,7031,0,-1,-1,-1,READY_TO_BUILD,CAPEX_DEFERRED|CAPEX_DEFERRED|CAPEX_DEFERRED,315229606.2945306,false
ecuador-delayed-expansion,seed-1,CONSV,30,13516.089999999998,5120.84,8395.249999999998,0,13516.089999999998,0,0,5120.84,0,5.288637211449208,5.446396099164609,60.65,9151.49208952178,21916.98510496643,3793.045014579326,9159.42,7743.93,3783.69,12000,9100,4500,0.763285,0.8509813186813188,0.84082,30000,0.689568,6578,0,-1,-1,-1,MONITORING,CAPEX_DEFERRED|CAPEX_DEFERRED,312312463.540107,false
ecuador-delayed-expansion,seed-1,VAP,30,28852.090000000004,16515.940000000002,12336.150000000001,0,24239.54,4612.55,0,16515.940000000002,0,5.340364487215818,6.033894769541388,57.82,5272.537124077467,31811.064061659254,10657.541646794034,5378.18,6595.77,5744.7,8000,7750,6750,0.6722725,0.8510670967741936,0.8510666666666666,30000,0.5906216666666667,6924,0,-1,-1,-1,NOT_CONSIDERED,CAPEX_DEFERRED|CAPEX_DEFERRED|CAPEX_DEFERRED,299497148.6772794,false
ecuador-delayed-expansion,seed-1,JPQ,31,23752.96,18031.48,5721.48,0,0,23752.96,0,0,18031.48,6.909868561611561,6.749647568921298,72.13,6179.556862514956,8417.383633228019,30023.40457303894,6280.96,8297.07,4893.14,8000,9750,5750,0.78512,0.8509815384615385,0.8509808695652175,30000,0.6490389999999999,7031,0,-1,-1,-1,APPROVED,CAPEX_DEFERRED|CAPEX_DEFERRED|CAPEX_DEFERRED,328506498.50962156,false
ecuador-delayed-expansion,seed-1,CONSV,31,14161.13,5772.16,8388.97,0,14161.13,0,0,5772.16,0,5.4526476130065475,5.269147270826077,60.66,9149.555523452998,22560.24737426978,3792.2423605202125,9152.51,7743.93,3775.01,12000,9100,4500,0.7627091666666667,0.8509813186813188,0.8388911111111111,30000,0.6890483333333335,6578,0,-1,-1,-1,MONITORING,CAPEX_DEFERRED|CAPEX_DEFERRED,330344817.74956363,false
ecuador-delayed-expansion,seed-1,VAP,31,29367.19,17643.77,11723.419999999998,0,25375.76,3991.4300000000003,0,17643.77,0,5.3680296652410915,5.7845923540386055,57.62,5264.50625109995,32935.73532024814,10027.225299972612,5377.98,6595.77,5744.7,8000,7750,6750,0.6722475,0.8510670967741936,0.8510666666666666,30000,0.590615,6924,0,-1,-1,-1,NOT_CONSIDERED,CAPEX_DEFERRED|CAPEX_DEFERRED|CAPEX_DEFERRED,317184030.42636085,false
ecuador-delayed-expansion,seed-1,JPQ,32,25190.329999999998,18859.82,6330.509999999998,0,0,25190.329999999998,0,0,18859.82,6.872943743610448,6.8932209887614775,70.07,6179.640152922177,8719.646175640964,31733.486506606256,6282.32,8594.05,5105.38,8000,10100,6000,0.7852899999999999,0.8508960396039603,0.8508966666666666,30000,0.6660583333333333,7031,0,-1,-1,-1,APPROVED,CAPEX_PROPOSED|CAPEX_PROPOSED|CAPEX_DEFERRED,339876258.03771,false
ecuador-delayed-expansion,seed-1,CONSV,32,14822.269999999999,6417.2,8405.07,0,14822.269999999999,0,0,6417.2,0,5.273271243855979,5.3794150474813875,60.64,9149.324274770572,23544.227033782252,3792.1547976145853,9153.39,8040.97,3788.51,12000,9450,4500,0.7627824999999999,0.8508962962962964,0.8418911111111111,30000,0.6994290000000001,6578,0,-1,-1,-1,MONITORING,CAPEX_PROPOSED|CAPEX_DEFERRED,346145162.522601,false
ecuador-delayed-expansion,seed-1,VAP,32,30897.730000000003,18779.989999999998,12117.740000000005,0,26550.32,4347.409999999999,0,18779.989999999998,0,5.349986981933999,5.944953495400565,59.7,5246.353951002459,34424.48736950047,10585.18515181163,5391.62,6892.26,5956.27,8000,8100,7000,0.6739525,0.8508962962962964,0.8508957142857143,30000,0.608005,6924,0,-1,-1,-1,NOT_CONSIDERED,CAPEX_PROPOSED|CAPEX_PROPOSED|CAPEX_DEFERRED,334213362.14320815,false
ecuador-delayed-expansion,seed-2,JPQ,1,1900,0,1900,0,1900,0,0,0,0,-1,7.005263157894737,-1,4771.23,7232.55,4209.91,4015.62,6783.23,2509.76,8000,8000,5000,0.5019525,0.84790375,0.5019520000000001,30000,0.4436203333333333,5500,2790.77,-1,-1,-1,NOT_CONSIDERED,CAPEX_DEFERRED|CAPEX_DEFERRED,25000000,false
ecuador-delayed-expansion,seed-2,CONSV,1,1400,0,1400,1100,300,0,0,0,0,-1,5.582142857142857,-1,6997.600000000001,6546.8,3259.2,6782.54,5934.73,2128.14,8000,7000,4000,0.8478175,0.8478185714285714,0.5320349999999999,30000,0.494847,4500,1273.83,-1,-1,-1,NOT_CONSIDERED,CAPEX_DEFERRED|CAPEX_DEFERRED|CAPEX_DEFERRED,35000000,false
ecuador-delayed-expansion,seed-2,VAP,1,1650,0,1650,0,450,1200,0,0,0,-1,8.374242424242425,-1,4414.389999999999,5357.759999999999,5698.780000000001,1032.51,5093.06,5093.06,8000,6000,6000,0.12906375,0.8488433333333334,0.8488433333333334,30000,0.3739543333333334,6500,0,-1,-1,-1,NOT_CONSIDERED,CAPEX_DEFERRED|CAPEX_DEFERRED,22000000,false
ecuador-delayed-expansion,seed-2,JPQ,2,1284.48,0,1284.48,755.61,449.32,79.55,0,0,0,-1,5.452158441225616,100,4986.64,5178.117192023859,3812.8128079761404,5694.11,6019.51,3797.33,8000,8000,5000,0.7117637499999999,0.75243875,0.759466,30000,0.5170316666666667,5500,1854.94,-1,-1,-1,NOT_CONSIDERED,CAPEX_DEFERRED|CAPEX_DEFERRED,14494279.701722093,false
ecuador-delayed-expansion,seed-2,CONSV,2,1115.09,0,1115.09,215.06,612.0699999999999,287.96,0,0,0,-1,6.219324203933475,100,5789.861007556675,6516.957909319899,3368.7710831234253,5924.61,5067.59,2959.32,8000,7000,4000,0.7405762499999999,0.7239414285714286,0.73983,30000,0.46505066666666667,4500,2169.45,-1,-1,-1,NOT_CONSIDERED,CAPEX_DEFERRED|CAPEX_DEFERRED|CAPEX_DEFERRED,10878104.155727632,false
ecuador-delayed-expansion,seed-2,VAP,2,3646.58,0,3646.58,3381.8799999999997,264.7,0,0,0,0,-1,4.656061477439135,100,7176.263401131473,4483.168523492993,3866.9294798685764,6507.15,4892.68,0,8000,6000,6000,0.8133937499999999,0.8154466666666668,0,30000,0.3799943333333333,6500,275.74,-1,-1,-1,NOT_CONSIDERED,CAPEX_DEFERRED|CAPEX_DEFERRED,20033387.12761445,false
ecuador-delayed-expansion,seed-2,JPQ,3,0,0,0,0,0,0,0,0,0,-1,-1,100,4361.72,4874.862453916496,3848.5775460835052,5916.96,6399.14,4070.66,8000,8000,5000,0.73962,0.7998925,0.814132,30000,0.5462253333333335,6009,684.19,-1,-1,-1,NOT_CONSIDERED,CAPEX_DEFERRED,30146795.45155792,false
ecuador-delayed-expansion,seed-2,CONSV,3,2330.69,0,2330.69,188.05,1791.28,351.36,0,0,0,-1,5.027674904783716,100,5878.970123730815,7819.172720403021,3496.3475062972293,6377.51,5519.62,3188.75,8000,7000,4000,0.79718875,0.7885171428571428,0.7971875,30000,0.5028626666666667,5038,1029.79,-1,-1,-1,NOT_CONSIDERED,CAPEX_DEFERRED|CAPEX_DEFERRED|CAPEX_DEFERRED,34529457.26683727,false
ecuador-delayed-expansion,seed-2,VAP,3,3592.77,0,3592.77,1289.11,279.78,2023.88,0,0,0,-1,5.492884015227777,100,5211.517598890812,4640.572657962474,6021.281414861885,6031.8,4531.89,4310.54,8000,6000,6000,0.7539750000000001,0.7553150000000001,0.7184233333333333,30000,0.49580766666666665,6500,0,-1,-1,-1,NOT_CONSIDERED,CAPEX_DEFERRED|CAPEX_DEFERRED|CAPEX_DEFERRED,21323399.50368401,false
ecuador-delayed-expansion,seed-2,JPQ,4,0,0,0,0,0,0,0,0,0,-1,-1,100,5274.869292819207,5895.431629253766,4654.278714345031,5790.16,6508.44,4087.15,8000,8000,5000,0.72377,0.8135549999999999,0.81743,30000,0.5461916666666666,6009,618.49,-1,-1,-1,NOT_CONSIDERED,CAPEX_DEFERRED,25178933.85577305,false
ecuador-delayed-expansion,seed-2,CONSV,4,2940.27,0,2940.27,0,2518.46,421.81,0,0,0,-1,5.284991950469352,100,5759.810052671681,8619.321782021038,3604.858554675217,4687.66,5933.53,3341,8000,7000,4000,0.5859575,0.8476471428571428,0.83525,30000,0.4654063333333333,5038,2112.63,-1,-1,-1,NOT_CONSIDERED,CAPEX_DEFERRED|CAPEX_PROPOSED|CAPEX_DEFERRED,32415877.759686016,false
ecuador-delayed-expansion,seed-2,VAP,4,2867.76,0,2867.76,0,655.64,2212.12,0,0,0,-1,6.351956333322372,100,4086.4075376217106,5198.742383044447,6376.647488985296,5824.62,5089.47,5088.96,8000,6000,6000,0.7280774999999999,0.848245,0.84816,30000,0.533435,6500,0,-1,-1,-1,NOT_CONSIDERED,CAPEX_DEFERRED|CAPEX_DEFERRED,17014398.220779255,false
ecuador-delayed-expansion,seed-2,JPQ,5,440.86,0,440.86,0,0,440.86,0,0,0,-1,6.675321093118921,100,5352.9988842786215,5982.774136323494,5164.093185718252,4869.87,6021.79,4239.95,8000,8000,5000,0.60873375,0.75272375,0.8479899999999999,30000,0.504387,6009,1107.51,-1,-1,-1,NOT_CONSIDERED,CAPEX_DEFERRED,25885510.2379424,false
ecuador-delayed-expansion,seed-2,CONSV,5,4089.79,0,4089.79,918.06,2831.7300000000005,340,0,0,0,-1,4.943747788178241,100,6712.315011551687,8969.086131692979,3542.0937253436164,6371.72,5519.62,3188.75,8000,7000,4000,0.796465,0.7885171428571428,0.7971875,30000,0.5026696666666667,5038,1029.79,-1,-1,-1,NOT_CONSIDERED,CAPEX_DEFERRED|CAPEX_DEFERRED|CAPEX_PROPOSED,36444950.67657287,false
ecuador-delayed-expansion,seed-2,VAP,5,2094.9900000000002,0,2094.9900000000002,0,473.91,1621.08,0,0,0,-1,6.2647244078278845,100,4168.324995287035,5108.10483497568,5869.081702571482,4433.99,5090.5,5090.5,8000,6000,6000,0.55424875,0.8484166666666667,0.8484166666666667,30000,0.4871663333333333,6500,0,-1,-1,-1,NOT_CONSIDERED,CAPEX_DEFERRED|CAPEX_DEFERRED,27994032.355384283,false
ecuador-delayed-expansion,seed-2,JPQ,6,996.72,0,996.72,0,0,996.72,0,0,0,-1,6.65934964869409,100,5495.591817028927,6142.12106898759,5845.762949200729,5589.71,5785.26,4247.21,8000,8000,5000,0.69871375,0.7231575,0.849442,30000,0.5207393333333333,6009,1823.46,-1,-1,-1,NOT_CONSIDERED,CAPEX_DEFERRED,24939073.09321215,false
ecuador-delayed-expansion,seed-2,CONSV,6,4413.299999999999,0,4413.299999999999,443.93,3558.92,410.45,0,0,0,-1,5.049728071979206,100,6318.894623739558,9781.744371197821,3657.1409762771236,6389.73,5530.2,3194.86,8000,7000,4000,0.7987162499999999,0.7900285714285714,0.7987150000000001,30000,0.5038263333333334,5038,1029.79,-1,-1,-1,NOT_CONSIDERED,CAPEX_PROPOSED|CAPEX_DEFERRED|CAPEX_DEFERRED,36016609.368288614,false
ecuador-delayed-expansion,seed-2,VAP,6,1320.5,0,1320.5,0,291.16,1029.34,0,0,0,-1,6.291424963847055,100,5204.201602443618,6077.0111781136675,6333.026303397591,4957.47,5089.99,5089.99,8000,6000,6000,0.61968375,0.8483316666666666,0.8483316666666666,30000,0.5045816666666666,6500,0,-1,-1,-1,NOT_CONSIDERED,CAPEX_DEFERRED|CAPEX_DEFERRED,18258707.47188436,false
ecuador-delayed-expansion,seed-2,JPQ,7,1647.6599999999999,0,1647.6599999999999,0,0,1647.6599999999999,0,0,0,-1,6.730248190388294,100,5568.1549449449585,6223.241934746709,6560.737892598493,5740.69,5618.4,4253.63,8000,8000,5000,0.71758625,0.7022999999999999,0.850726,30000,0.520424,6009,2195.25,-1,-1,-1,NOT_CONSIDERED,CAPEX_DEFERRED|CAPEX_DEFERRED,12655314.110543126,false
ecuador-delayed-expansion,seed-2,CONSV,7,4750.31,0,4750.31,0,4275.52,474.79,0,0,0,-1,5.232211514012495,100,5897.599999999999,10522.319999999998,3733.999999999999,4703.73,5954.48,3402.56,8000,7000,4000,0.5879662499999999,0.85064,0.85064,30000,0.46869233333333327,5038,2112.63,-1,-1,-1,NOT_CONSIDERED,CAPEX_DEFERRED|CAPEX_DEFERRED|CAPEX_DEFERRED,10793240.781646706,false
ecuador-delayed-expansion,seed-2,VAP,7,2406.42,0,2406.42,0,1108.88,1297.54,0,0,0,-1,5.990358878663248,100,5308.499813657989,7010.686318657505,6707.528292935477,5596.1,5089.99,5089.99,8000,6000,6000,0.6995125000000001,0.8483316666666666,0.8483316666666666,30000,0.5258693333333333,6500,0,-1,-1,-1,NOT_CONSIDERED,CAPEX_DEFERRED|CAPEX_DEFERRED,28914426.0026889,false
ecuador-delayed-expansion,seed-2,JPQ,8,1927.8300000000002,0,1927.8300000000002,0,0,1927.8300000000002,0,0,0,-1,6.633793301772746,100,5540.198445754212,6191.997549019607,6816.2491176470585,5694.1,5675.53,4253.63,8000,8000,5000,0.7117625000000001,0.70944125,0.850726,30000,0.5207753333333334,6009,2072.06,-1,-1,-1,NOT_CONSIDERED,CAPEX_DEFERRED|CAPEX_PROPOSED,37737645.95513769,false
ecuador-delayed-expansion,seed-2,CONSV,8,6001.98,0,6001.98,1145.67,4567.84,288.47,0,0,0,-1,4.955617214363818,100,9086.718032087956,10455.7109212507,3214.1182230823024,8842.66,5510.01,3057.83,12000,7350,4000,0.7368883333333334,0.749661224489796,0.7644575,30000,0.58035,5038,2446.69,-1,-1,-1,NOT_CONSIDERED,CAPEX_PROPOSED|CAPEX_DEFERRED,32931134.774527766,false
ecuador-delayed-expansion,seed-2,VAP,8,3184.6600000000003,0,3184.6600000000003,0,1926.6,1258.06,0,0,0,-1,5.700327045552448,100,5383.71836004651,7912.011469220624,6744.688835213556,5623.73,5098.71,5098.71,8000,6000,6000,0.7029662499999999,0.849785,0.849785,30000,0.5273716666666666,6500,0,-1,-1,-1,NOT_CONSIDERED,CAPEX_PROPOSED|CAPEX_PROPOSED,37132736.52652442,false
ecuador-delayed-expansion,seed-2,JPQ,9,2805.23,0,2805.23,0,398.36,2406.87,0,0,0,-1,6.602078722171799,100,5535.236656558848,6584.800969095183,7290.91222272871,5009.7,6804.43,4254.05,8000,8000,5000,0.6262125,0.85055375,0.8508100000000001,30000,0.535606,6009,1512.27,-1,-1,-1,NOT_CONSIDERED,CAPEX_DEFERRED|CAPEX_DEFERRED,44595392.33158534,false
ecuador-delayed-expansion,seed-2,CONSV,9,5357.74,0,5357.74,249.6,4949.8099999999995,158.33,0,0,0,-1,5.148083618511628,100,8190.767947619666,10837.759839155744,3084.0224024728363,10088.38,6188.21,3373.48,12000,7350,4000,0.8406983333333332,0.8419333333333333,0.84337,30000,0.6550023333333334,5709,213.46,-1,-1,-1,NOT_CONSIDERED,CAPEX_DEFERRED|CAPEX_DEFERRED,26561783.02252336,false
ecuador-delayed-expansion,seed-2,VAP,9,4385.84,0,4385.84,0,2855.15,1530.69,0,0,0,-1,5.739905020066645,100,5380.787930826352,8837.314748197743,7014.355058541403,5437.49,5106.4,5106.4,8000,6000,6000,0.6796862499999999,0.8510666666666666,0.8510666666666666,30000,0.5216763333333333,6500,0,-1,-1,-1,NOT_CONSIDERED,CAPEX_DEFERRED|CAPEX_DEFERRED,31354573.4617138,false
ecuador-delayed-expansion,seed-2,JPQ,10,2812.99,0,2812.99,0,0,2812.99,0,0,0,-1,6.7989564604955035,100,5855.375478483879,6544.240282267191,7979.490816170279,5767.75,5584.44,4253.63,8000,8000,5000,0.72096875,0.698055,0.850726,30000,0.520194,6009,2269.6,-1,-1,-1,MONITORING,CAPEX_DEFERRED|CAPEX_PROPOSED|CAPEX_DEFERRED,51622534.7981047,false
ecuador-delayed-expansion,seed-2,CONSV,10,4653.57,0,4653.57,0,4653.57,0,0,0,0,-1,5.078375635470029,100,7941.262794545886,10541.60498208416,2925.724716240605,9534.98,6254.71,3403.93,12000,7350,4000,0.7945816666666666,0.8509809523809524,0.8509825,30000,0.6397873333333333,5991,0,-1,-1,-1,NOT_CONSIDERED,CAPEX_DEFERRED|CAPEX_DEFERRED,32643192.807235036,false
ecuador-delayed-expansion,seed-2,VAP,10,5504.459999999999,0,5504.459999999999,0,3785.16,1719.3,0,0,0,-1,5.626079266647589,100,5374.131054420119,9759.950093078007,7196.171984028389,5358.11,5106.4,5106.4,8000,6000,6000,0.66976375,0.8510666666666666,0.8510666666666666,30000,0.5190303333333333,6500,0,-1,-1,-1,NOT_CONSIDERED,CAPEX_DEFERRED|CAPEX_DEFERRED,37791040.7725809,false
ecuador-delayed-expansion,seed-2,JPQ,11,4472.719999999999,0,4472.719999999999,0,910.04,3562.68,0,0,0,-1,6.563593678713375,100,5839.944140708017,7437.044489962928,8715.563791453103,5038.85,6803.75,4253.63,8000,8000,5000,0.62985625,0.85046875,0.850726,30000,0.5365409999999999,6009,1775.83,-1,-1,-1,MONITORING,CAPEX_DEFERRED|CAPEX_DEFERRED|CAPEX_DEFERRED|CAPEX_DEFERRED,60317168.87784998,false
ecuador-delayed-expansion,seed-2,CONSV,11,4290.83,0,4290.83,0,4290.83,0,0,0,0,-1,5.188683465281044,100,8840.624357697156,10845.680255589072,3460.6352281060317,8657.26,6255.34,3616.67,12000,7350,4250,0.7214383333333334,0.8510666666666666,0.8509811764705882,30000,0.6176423333333333,5991,0,-1,-1,-1,NOT_CONSIDERED,CAPEX_DEFERRED,38734039.68580326,false
ecuador-delayed-expansion,seed-2,VAP,11,6749.36,0,6749.36,0,4726.7699999999995,2022.59,0,0,0,-1,5.72079001537982,100,5368.315078275449,10695.084205248524,7493.54468814448,5406.17,5106.4,5106.4,8000,6000,6000,0.67577125,0.8510666666666666,0.8510666666666666,30000,0.5206323333333334,6500,0,-1,-1,-1,NOT_CONSIDERED,CAPEX_DEFERRED|CAPEX_DEFERRED|CAPEX_DEFERRED,38395248.07186751,false
ecuador-delayed-expansion,seed-2,JPQ,12,5806.3,0,5806.3,684.16,744.44,4377.7,0,0,0,-1,6.418380466118878,91.07,6545.992088947081,7295.886621362964,9549.887948327902,6537.43,6483.55,4068.48,8000,8000,5000,0.8171787500000001,0.81044375,0.813696,30000,0.5696486666666667,6009,777.03,-1,-1,-1,MONITORING,CAPEX_DEFERRED|CAPEX_DEFERRED|CAPEX_DEFERRED|CAPEX_DEFERRED,54075877.02024774,false
ecuador-delayed-expansion,seed-2,CONSV,12,4594.63,0,4594.63,0,4594.63,0,0,0,0,-1,5.2519532372865285,100,8846.39,11466.11,3462.9,8544.63,6551.9,3616.67,12000,7700,4250,0.7120525,0.8508961038961038,0.8509811764705882,30000,0.6237733333333333,5991,0,-1,-1,-1,NOT_CONSIDERED,CAPEX_PROPOSED,32972817.721173447,false
ecuador-delayed-expansion,seed-2,VAP,12,8032.740000000001,0,8032.740000000001,0,5668.37,2364.37,0,0,0,-1,5.766304526877111,87.23,5363.630752318923,11979.308350834846,7830.544409418879,5451.92,5403.73,5106.4,8000,6350,6000,0.68149,0.8509811023622047,0.8510666666666666,30000,0.5320683333333333,6500,0,-1,-1,-1,NOT_CONSIDERED,CAPEX_PROPOSED|CAPEX_DEFERRED|CAPEX_DEFERRED,48945664.79675507,false
ecuador-delayed-expansion,seed-2,JPQ,13,6221.110000000001,309.22,5911.89,86.13,899.03,5235.950000000001,0,0,309.22,7.060264977691052,6.691096664868579,90.63,5940.395449900902,7442.040678918151,10401.470220883653,6807.17,6807.17,4254.48,8000,8000,5000,0.85089625,0.85089625,0.8508959999999999,30000,0.5956273333333333,6370,0,-1,-1,-1,MONITORING,CAPEX_PROPOSED|CAPEX_DEFERRED|CAPEX_DEFERRED|CAPEX_DEFERRED,65949895.18261011,false
ecuador-delayed-expansion,seed-2,CONSV,13,4914.209999999999,0,4914.209999999999,0,4914.209999999999,0,0,0,0,-1,5.316214297637485,100,8840.370197213842,11781.01408649754,3460.5435613772192,8799.75,6553.22,3589.83,12000,7700,4250,0.7333125,0.8510675324675325,0.8446658823529412,30000,0.6314266666666668,6168,0,-1,-1,-1,NOT_CONSIDERED,CAPEX_DEFERRED,46227084.8363009,false
ecuador-delayed-expansion,seed-2,VAP,13,9173.4,264.64,8908.76,0,6633.819999999999,2539.58,0,264.64,0,5.274202480185806,5.816687635798415,86.18,5361.986539029046,12942.849272591659,8004.090503925483,5427.61,5404.28,5106.4,8000,6350,6000,0.67845125,0.851067716535433,0.8510666666666666,30000,0.5312763333333334,6500,0,-1,-1,-1,NOT_CONSIDERED,CAPEX_DEFERRED|CAPEX_DEFERRED|CAPEX_DEFERRED,58726429.89794678,false
ecuador-delayed-expansion,seed-2,JPQ,14,6593.72,981.47,5612.25,0,730.01,5863.71,0,0,981.47,7.153987008713571,6.855389591688535,90.07,5849.267373538535,7553.426498906313,11282.874915370121,6807.85,7105.7,4467.2,8000,8350,5250,0.85098125,0.8509820359281437,0.850895238095238,30000,0.6126916666666666,6664,0,-1,-1,-1,MONITORING,CAPEX_DEFERRED|CAPEX_PROPOSED|CAPEX_PROPOSED|CAPEX_DEFERRED,71618281.47067755,false
ecuador-delayed-expansion,seed-2,CONSV,14,5232.47,0,5232.47,0,5232.47,0,0,0,0,-1,5.383232412256963,100,8830.721941677826,12091.771999434837,3456.772847605304,8926.33,6553.22,3368.32,12000,7700,4250,0.7438608333333333,0.8510675324675325,0.7925458823529412,30000,0.6282623333333333,6168,0,-1,-1,-1,NOT_CONSIDERED,CAPEX_DEFERRED,59283058.90854931,false
ecuador-delayed-expansion,seed-2,VAP,14,10307.73,1229.54,9078.189999999999,0,7604.17,2703.56,0,1229.54,0,5.338776974908095,5.917084156191238,85.47,5356.490246867165,13906.72187535902,8389.924459870692,5403.84,5404.28,5319.17,8000,6350,6250,0.67548,0.851067716535433,0.8510672,30000,0.5375763333333333,6500,0,-1,-1,-1,NOT_CONSIDERED,CAPEX_DEFERRED|CAPEX_PROPOSED|CAPEX_DEFERRED,69673436.22188993,false
ecuador-delayed-expansion,seed-2,JPQ,15,7186.050000000001,1396.51,5789.540000000001,0,552.87,6633.18,0,0,1396.51,7.255704819187351,6.863338275222026,87.5,8274.878954304857,6988.210912257185,11744.134648247118,7512.57,7104.27,4466.76,12000,8350,5250,0.6260475,0.8508107784431138,0.8508114285714287,30000,0.6361199999999999,6664,1456.45,-1,-1,-1,NOT_CONSIDERED,CAPEX_DEFERRED|CAPEX_DEFERRED|CAPEX_DEFERRED,80514347.28251433,false
ecuador-delayed-expansion,seed-2,CONSV,15,5550.73,0,5550.73,0,5550.73,0,0,0,0,-1,5.347502289344983,100,8824.98639652677,12405.576889582855,3454.517701271993,8885.16,6553.22,3329.49,12000,7700,4250,0.74043,0.8510675324675325,0.7834094117647058,30000,0.6255956666666668,6168,0,-1,-1,-1,NOT_CONSIDERED,CAPEX_DEFERRED,74372002.48939697,false
ecuador-delayed-expansion,seed-2,VAP,15,11460.93,2199.89,9261.04,0,8568.849999999999,2892.0799999999995,0,2199.89,0,5.409160703684287,5.912918002144657,79.41,5354.455491854528,14868.995264332982,8576.258140103932,5402.58,5404.28,5319.17,8000,6350,6250,0.6753224999999999,0.851067716535433,0.8510672,30000,0.5375343333333333,6500,0,-1,-1,-1,NOT_CONSIDERED,CAPEX_DEFERRED|CAPEX_DEFERRED|CAPEX_DEFERRED,80149317.35547449,false
ecuador-delayed-expansion,seed-2,JPQ,16,7263.120000000001,2166.42,5096.700000000001,0,0,7263.120000000001,0,0,2166.42,7.145954807940167,7.035019899702453,74.56,8287.717864912489,6445.3256826880715,12382.00456362242,10105.41,7104.98,4467.2,12000,8350,5250,0.8421175,0.8508958083832335,0.850895238095238,30000,0.7225863333333333,7296,0,-1,-1,-1,NOT_CONSIDERED,CAPEX_DEFERRED|CAPEX_DEFERRED|CAPEX_DEFERRED,82563906.25025955,false
ecuador-delayed-expansion,seed-2,CONSV,16,5868.99,0,5868.99,0,5868.99,0,0,0,0,-1,5.351571145592191,100,8825.073568576663,13035.501604059064,3454.551824541523,8833.21,6851.09,3448.79,12000,8050,4250,0.7361008333333333,0.8510670807453417,0.81148,30000,0.6377696666666667,6168,0,-1,-1,-1,NOT_CONSIDERED,CAPEX_PROPOSED,90693663.18702655,false
ecuador-delayed-expansion,seed-2,VAP,16,12794.91,3164.5699999999997,9630.34,0,9540.33,3254.58,0,3164.5699999999997,0,5.3555926920662875,5.970999015429376,63.52,5339.145973463315,16168.723163382681,8922.520436358334,5402.97,5702.15,5319.17,8000,6700,6250,0.67537125,0.8510671641791044,0.8510672,30000,0.5474763333333333,6500,0,-1,-1,-1,NOT_CONSIDERED,CAPEX_PROPOSED|CAPEX_DEFERRED|CAPEX_DEFERRED,92654072.75821964,false
ecuador-delayed-expansion,seed-2,JPQ,17,7872.929999999999,2795.92,5077.009999999999,0,0,7872.929999999999,0,0,2795.92,7.154275865857311,7.083326062256404,74.64,8313.216680871365,6465.156011863932,13007.553941268396,9348.43,7106.41,4468.1,12000,8350,5250,0.7790358333333334,0.8510670658682634,0.8510666666666667,30000,0.6974313333333334,7500,0,-1,-1,-1,NOT_CONSIDERED,CAPEX_DEFERRED|CAPEX_DEFERRED|CAPEX_DEFERRED,92012173.28833763,false
ecuador-delayed-expansion,seed-2,CONSV,17,6201.7300000000005,0,6201.7300000000005,0,6201.7300000000005,0,0,0,0,-1,5.391457138741663,100,8830.763657315263,13372.844223362306,3456.7852695673837,8833.91,6851.78,3506.62,12000,8050,4250,0.7361591666666667,0.8511527950310559,0.8250870588235294,30000,0.6397436666666666,6168,0,-1,-1,-1,NOT_CONSIDERED,CAPEX_DEFERRED,104221482.5614242,false
ecuador-delayed-expansion,seed-2,VAP,17,14112.220000000001,3838.1800000000003,10274.04,0,10543.090000000002,3569.13,0,3838.1800000000003,0,5.364237954479138,6.02134642306149,62.2,5342.005810023122,17175.03942353179,9240.105211035341,5403.78,5702.15,5319.17,8000,6700,6250,0.6754724999999999,0.8510671641791044,0.8510672,30000,0.5475033333333332,6500,0,-1,-1,-1,NOT_CONSIDERED,CAPEX_DEFERRED|CAPEX_DEFERRED|CAPEX_DEFERRED,103136935.7668301,false
ecuador-delayed-expansion,seed-2,JPQ,18,8335.630000000001,3404.83,4930.800000000001,0,0,8335.630000000001,0,0,3404.83,7.152863331006952,7.059814655332085,75.19,8326.354444219312,6746.813961595457,13478.384452024537,8158.49,7404.28,4468.1,12000,8700,5250,0.6798741666666667,0.8510666666666666,0.8510666666666667,30000,0.6676956666666668,7500,0,-1,-1,-1,NOT_CONSIDERED,CAPEX_PROPOSED|CAPEX_DEFERRED|CAPEX_DEFERRED,101957556.37892832,false
ecuador-delayed-expansion,seed-2,CONSV,18,6533.77,0,6533.77,0,6533.77,0,0,0,0,-1,5.371657805706247,100,8831.817924685423,13705.7465831638,3457.1957930176213,8847.65,6851.78,3410.76,12000,8050,4250,0.7373041666666666,0.8511527950310559,0.8025317647058824,30000,0.6370063333333335,6168,0,-1,-1,-1,NOT_CONSIDERED,CAPEX_DEFERRED|CAPEX_DEFERRED,119072520.23056698,false
ecuador-delayed-expansion,seed-2,VAP,18,15046.609999999999,4840.94,10205.669999999998,0,11535.8,3510.81,0,4840.94,0,5.398621572056655,5.986831560919398,61.41,5337.828473304602,18162.53232543369,9177.35088168891,5388.85,5702.15,5319.17,8000,6700,6250,0.6736062500000001,0.8510671641791044,0.8510672,30000,0.5470056666666666,6500,0,-1,-1,-1,NOT_CONSIDERED,CAPEX_DEFERRED|CAPEX_DEFERRED|CAPEX_DEFERRED,115514891.21549876,false
ecuador-delayed-expansion,seed-2,JPQ,19,8986.64,3867.53,5119.109999999999,0,0,8986.64,0,0,3867.53,7.098894749152601,7.264070126730808,74.83,8348.51003509873,6764.738639531534,14143.072668737452,8011.15,7404.28,4468.1,12000,8700,5250,0.6675958333333333,0.8510666666666666,0.8510666666666667,30000,0.6627843333333333,7500,0,-1,-1,-1,NOT_CONSIDERED,CAPEX_DEFERRED|CAPEX_DEFERRED,113715452.44350253,false
ecuador-delayed-expansion,seed-2,CONSV,19,6865.8,0,6865.8,0,6865.8,0,0,0,0,-1,5.5228331600735405,87.73,8838.017237721022,14042.812682298452,3459.618589765795,8857.34,6851.78,3431.33,12000,8050,4250,0.7381116666666667,0.8511527950310559,0.8073717647058823,30000,0.6380149999999999,6168,0,-1,-1,-1,NOT_CONSIDERED,CAPEX_DEFERRED|CAPEX_DEFERRED,132713584.32812767,false
ecuador-delayed-expansion,seed-2,VAP,19,16409.01,5833.65,10575.359999999999,0,12543.189999999999,3865.82,0,5833.65,0,5.374991065497982,6.200298438014197,62.28,5341.415338227471,19174.398361558895,9536.164344062403,5402.82,5702.15,5319.17,8000,6700,6250,0.6753524999999999,0.8510671641791044,0.8510672,30000,0.5474713333333333,6500,0,-1,-1,-1,NOT_CONSIDERED,CAPEX_DEFERRED|CAPEX_DEFERRED|CAPEX_DEFERRED,128472606.35585679,false
ecuador-delayed-expansion,seed-2,JPQ,20,9679.130000000001,4518.540000000001,5160.59,0,0,9679.130000000001,0,0,4518.540000000001,7.283489445692614,7.3021069071239255,74.67,8856.654656398958,7176.4839132404995,15409.904788058237,8856.58,7393.07,4680.87,12000,8700,5500,0.7380483333333333,0.8497781609195402,0.8510672727272727,30000,0.697684,7500,0,-1,-1,-1,MONITORING,CAPEX_PROPOSED|CAPEX_DEFERRED,128998442.35071623,false
ecuador-delayed-expansion,seed-2,CONSV,20,7197.84,14.02,7183.82,0,7197.84,0,0,14.02,0,5.560870638477553,5.560432289233393,89.44,8838.040826591532,14686.925166114357,3459.6317343463056,8849.86,7148.96,3469.94,12000,8400,4250,0.7374883333333334,0.8510666666666666,0.8164564705882353,30000,0.6489586666666666,6168,0,-1,-1,-1,NOT_CONSIDERED,CAPEX_PROPOSED|CAPEX_DEFERRED,149264713.41772786,false
ecuador-delayed-expansion,seed-2,VAP,20,17781.66,6841.039999999999,10940.62,0,13537.990000000002,4243.67,0,6841.039999999999,0,5.521921025142016,6.268100803634955,62.35,5322.369660885127,20490.71806532805,10119.786855451583,5379.79,5998.82,5530.82,8000,7050,6500,0.67247375,0.8508964539007092,0.8508953846153846,30000,0.5636476666666667,6500,0,-1,-1,-1,NOT_CONSIDERED,CAPEX_PROPOSED|CAPEX_PROPOSED|CAPEX_DEFERRED,143255583.53174058,false
ecuador-delayed-expansion,seed-2,JPQ,21,10648.36,4998.26,5650.1,0,0,10648.36,0,0,4998.26,7.306221587459347,7.414071853205962,74.06,8857.704131499278,7177.3504078098595,16379.816784185787,9205.33,7216.72,4681.34,12000,8700,5500,0.7671108333333333,0.8295080459770116,0.8511527272727273,30000,0.7034463333333333,7500,0,-1,-1,-1,MONITORING,CAPEX_DEFERRED|CAPEX_DEFERRED,138426696.43970868,false
ecuador-delayed-expansion,seed-2,CONSV,21,7545.039999999999,48.88,7496.159999999999,0,7545.039999999999,0,0,48.88,0,5.603037106441368,5.652271470498215,88.62,8837.287457017523,15033.478318841164,3459.332919029886,8843.05,7149.68,3469.42,12000,8400,4250,0.7369208333333332,0.851152380952381,0.8163341176470589,30000,0.6487383333333334,6168,0,-1,-1,-1,NOT_CONSIDERED,CAPEX_DEFERRED|CAPEX_DEFERRED,163878630.35515478,false
ecuador-delayed-expansion,seed-2,VAP,21,19110.57,7539.17,11571.4,0,14556.470000000001,4554.1,0,7539.17,0,5.562501423902657,6.376338888081442,61.51,5322.651846947274,21509.567864469216,10430.533666762763,5364.63,6000.02,5531.94,8000,7050,6500,0.67057875,0.8510666666666667,0.8510676923076922,30000,0.5632196666666667,6711,0,-1,-1,-1,NOT_CONSIDERED,CAPEX_DEFERRED|CAPEX_DEFERRED|CAPEX_DEFERRED,153296558.67431083,false
ecuador-delayed-expansion,seed-2,JPQ,22,11511.639999999998,5967.0199999999995,5544.619999999998,0,0,11511.639999999998,0,0,5967.0199999999995,7.420949790420253,7.417672483149486,74.42,8863.028214862808,7470.564945062699,17246.535342871117,9038.14,7448.68,4681.34,12000,9050,5500,0.7531783333333333,0.8230585635359117,0.8511527272727273,30000,0.7056053333333333,7500,0,-1,-1,-1,MONITORING,CAPEX_DEFERRED|CAPEX_DEFERRED,156408805.8697734,false
ecuador-delayed-expansion,seed-2,CONSV,22,7891.52,395.36,7496.160000000001,0,7891.52,0,0,395.36,0,5.694559326645782,5.656711554841728,88.05,8842.054165798416,15383.999002898705,3461.194922091938,8848.75,7149.68,3433.09,12000,8400,4250,0.7373958333333334,0.851152380952381,0.8077858823529412,30000,0.6477173333333334,6168,0,-1,-1,-1,NOT_CONSIDERED,CAPEX_DEFERRED|CAPEX_DEFERRED,181147091.3031423,false
ecuador-delayed-expansion,seed-2,VAP,22,19801.049999999996,8556.45,11244.599999999995,0,15572.68,4228.37,0,8556.45,0,5.645353894239937,6.3353289321531285,60.12,5317.66420564575,22519.25114619806,10099.295953042132,5360.7,6000.02,5531.94,8000,7050,6500,0.6700875,0.8510666666666667,0.8510676923076922,30000,0.5630886666666667,6711,0,-1,-1,-1,NOT_CONSIDERED,CAPEX_DEFERRED|CAPEX_DEFERRED|CAPEX_DEFERRED,167891623.38122112,false
ecuador-delayed-expansion,seed-2,JPQ,23,12482.379999999997,6830.299999999999,5652.079999999998,0,0,12482.379999999997,0,0,6830.299999999999,7.463328769034777,7.219655473094555,74.39,8859.785371113983,7467.849908839447,18215.18346891719,8848.19,7587.22,4681.34,12000,9050,5500,0.7373491666666667,0.8383668508287293,0.8511527272727273,30000,0.7038916666666667,7500,0,-1,-1,-1,MONITORING,CAPEX_DEFERRED|CAPEX_DEFERRED,176024282.18658838,false
ecuador-delayed-expansion,seed-2,CONSV,23,8238.01,741.84,7496.17,0,8238.01,0,0,741.84,0,5.698527140043041,5.5087304729187085,88.13,9149.818095197905,15991.274703217647,3581.66228741504,9152.03,7148.24,3554.28,12000,8400,4250,0.7626691666666667,0.8509809523809524,0.8363011764705883,30000,0.6618183333333333,6168,0,-1,-1,-1,MONITORING,CAPEX_DEFERRED|CAPEX_DEFERRED,200717909.21542847,false
ecuador-delayed-expansion,seed-2,VAP,23,20840.510000000002,9572.66,11267.850000000002,0,16607.35,4233.16,0,9572.66,0,5.6666923142137575,6.175445818227316,60.82,5311.02765291566,23545.25506218906,10096.766945493455,5377.03,6000.02,5531.94,8000,7050,6500,0.6721287499999999,0.8510666666666667,0.8510676923076922,30000,0.5636329999999999,6711,0,-1,-1,-1,NOT_CONSIDERED,CAPEX_DEFERRED|CAPEX_DEFERRED|CAPEX_DEFERRED,185293945.15830493,false
ecuador-delayed-expansion,seed-2,JPQ,24,13533.4,7801.039999999999,5732.360000000001,0,0,13533.4,0,0,7801.039999999999,7.330535788973136,7.362718833471565,74.12,8860.61407907554,7468.549983393439,19266.733256443338,8843.45,7559.48,4681.34,12000,9050,5500,0.7369541666666667,0.8353016574585634,0.8511527272727273,30000,0.702809,7500,0,-1,-1,-1,MONITORING,CAPEX_DEFERRED|CAPEX_DEFERRED,194949422.37026548,false
ecuador-delayed-expansion,seed-2,CONSV,24,8848.289999999999,1089.77,7758.519999999999,0,8848.289999999999,0,0,1089.77,0,5.549595504535868,5.629808049946011,90.01,9149.896129055594,16924.69459880633,3581.7028267902588,9262.65,7446.09,3616.67,12000,8750,4250,0.7718875,0.8509817142857143,0.8509811764705882,30000,0.6775136666666666,6436,0,-1,-1,-1,MONITORING,CAPEX_PROPOSED|CAPEX_DEFERRED,217084124.91667324,false
ecuador-delayed-expansion,seed-2,VAP,24,22308.42,10607.33,11701.089999999998,0,17666.53,4641.8899999999985,0,10607.33,0,5.567953106653628,6.344643476394931,61.64,5296.835401042064,24929.43714387617,10489.843609629148,5395.33,6297.9,5531.94,8000,7400,6500,0.6744162499999999,0.8510675675675675,0.8510676923076922,30000,0.5741723333333333,6711,0,-1,-1,-1,NOT_CONSIDERED,CAPEX_PROPOSED|CAPEX_DEFERRED|CAPEX_DEFERRED,203221153.43341163,false
ecuador-delayed-expansion,seed-2,JPQ,25,14556.860000000002,8852.060000000001,5704.800000000001,0,0,14556.860000000002,0,0,8852.060000000001,7.347573638357318,7.31515870389357,74.21,8866.284375898325,7473.309533243814,20293.86226866505,8912.79,7504.71,4681.34,12000,9050,5500,0.7427325,0.8292497237569061,0.8511527272727273,30000,0.7032946666666666,7500,0,-1,-1,-1,MONITORING,CAPEX_DEFERRED|CAPEX_DEFERRED,217705549.72727808,false
ecuador-delayed-expansion,seed-2,CONSV,25,9484.009999999998,1402.2,8081.809999999999,0,9484.009999999998,0,0,1402.2,0,5.674713349400207,5.592292877066045,89.36,9149.731881342863,17560.26080039663,3581.6346206730386,9196.74,7447.58,3607.31,12000,8750,4250,0.7663949999999999,0.851152,0.8487788235294117,30000,0.6750543333333333,6436,0,-1,-1,-1,MONITORING,CAPEX_DEFERRED|CAPEX_DEFERRED,233539490.78494242,false
ecuador-delayed-expansion,seed-2,VAP,25,23763.219999999998,11368.630000000001,12394.589999999997,0,18757.02,5006.2,0,11368.630000000001,0,5.591247340215367,6.310765452060648,60.43,5297.675768576627,26021.08278697956,10855.069248524524,5395.59,6297.9,5531.94,8000,7400,6500,0.67444875,0.8510675675675675,0.8510676923076922,30000,0.574181,6711,0,-1,-1,-1,NOT_CONSIDERED,CAPEX_DEFERRED|CAPEX_DEFERRED|CAPEX_DEFERRED,220314383.47611538,false
ecuador-delayed-expansion,seed-2,JPQ,26,15469.550000000001,9875.52,5594.030000000001,0,0,15469.550000000001,0,0,9875.52,7.3522996207155975,7.34943976801108,74.59,8871.395379101335,7477.6191152668125,21470.78395034798,8936.56,7493.07,4892.65,12000,9050,5750,0.7447133333333333,0.8279635359116022,0.8508956521739129,30000,0.7107426666666666,7500,0,-1,-1,-1,MONITORING,CAPEX_PROPOSED|CAPEX_DEFERRED,238331518.43047,false
ecuador-delayed-expansion,seed-2,CONSV,26,10118.239999999998,2036.43,8081.809999999998,0,10118.239999999998,0,0,2036.43,0,5.63646803223517,5.624424751674246,86.53,9151.315003169084,18195.868194693754,3582.264323730738,9134.82,7447.58,3563.47,12000,8750,4250,0.761235,0.851152,0.8384635294117646,30000,0.671529,6436,0,-1,-1,-1,MONITORING,CAPEX_DEFERRED|CAPEX_DEFERRED,250350583.7787307,false
ecuador-delayed-expansion,seed-2,VAP,26,24559,12459.12,12099.88,0,19844.249999999996,4714.75,0,12459.12,0,5.612812357261184,6.305593461387288,59,5293.947285994873,27103.18185150811,10784.292900375674,5381.85,6297.26,5743.55,8000,7400,6750,0.67273125,0.8509810810810811,0.8508962962962964,30000,0.5807553333333333,6711,0,-1,-1,-1,NOT_CONSIDERED,CAPEX_DEFERRED|CAPEX_PROPOSED|CAPEX_DEFERRED,237676474.37695235,false
ecuador-delayed-expansion,seed-2,JPQ,27,16452.41,10576.9,5875.51,0,0,16452.41,0,0,10576.9,7.340591282328633,7.254903879379498,73.65,9168.803214369827,7728.307943052853,22654.83189810191,9213.52,7701.38,4893.64,12000,9050,5750,0.7677933333333333,0.8509812154696133,0.8510678260869565,30000,0.7269513333333334,7809,0,-1,-1,-1,DEFERRED,CAPEX_DEFERRED|CAPEX_DEFERRED,257325075.35687673,false
ecuador-delayed-expansion,seed-2,CONSV,27,10752.450000000003,2670.6600000000003,8081.790000000003,0,10752.450000000003,0,0,2670.6600000000003,0,5.6528239408242476,5.582744135967918,61.17,9152.20378724714,18830.88269296975,3582.6022406951997,9135.25,7447.58,3561.9,12000,8750,4250,0.7612708333333333,0.851152,0.8380941176470589,30000,0.6714910000000001,6436,0,-1,-1,-1,MONITORING,CAPEX_DEFERRED|CAPEX_DEFERRED,269200223.69922286,false
ecuador-delayed-expansion,seed-2,VAP,27,25375.32,13546.990000000002,11828.329999999998,0,20924.45,4450.87,0,13546.990000000002,0,5.61396205613911,6.225631933767997,59.55,5288.774741907902,28176.289090264458,10514.489032337116,5371,6297.9,5744.7,8000,7400,6750,0.671375,0.8510675675675675,0.8510666666666666,30000,0.5804533333333333,6925,0,-1,-1,-1,NOT_CONSIDERED,CAPEX_DEFERRED|CAPEX_DEFERRED|CAPEX_DEFERRED,253098037.84008974,false
ecuador-delayed-expansion,seed-2,JPQ,28,17698.93,11558.77,6140.16,0,0,17698.93,0,0,11558.77,7.303136469445348,6.94457373745627,73.44,9163.251768200429,7723.627112438851,23897.593292053967,9304.5,7702.93,4894.13,12000,9050,5750,0.775375,0.8511524861878453,0.8511530434782609,30000,0.730052,7809,0,-1,-1,-1,DEFERRED,CAPEX_DEFERRED|CAPEX_DEFERRED,277117941.36157787,false
ecuador-delayed-expansion,seed-2,CONSV,28,11386.68,3304.8700000000003,8081.8099999999995,0,11386.68,0,0,3304.8700000000003,0,5.606014046058234,5.364198662134894,61.18,9152.06803247393,19788.112985442996,3582.539104230707,9154.11,7743.93,3581.3,12000,9100,4250,0.7628425000000001,0.8509813186813188,0.8426588235294118,30000,0.6826446666666667,6436,0,-1,-1,-1,MONITORING,CAPEX_PROPOSED|CAPEX_DEFERRED,290898631.40252876,false
ecuador-delayed-expansion,seed-2,VAP,28,26877.52,14626.549999999997,12250.970000000003,0,22024.07,4853.45,0,14626.549999999997,0,5.606153898975272,6.013352867860126,60.94,5275.052499012246,29599.186784409336,10901.336960201148,5377.47,6595.77,5744.7,8000,7750,6750,0.6721837500000001,0.8510670967741936,0.8510666666666666,30000,0.5905980000000001,6925,0,-1,-1,-1,NOT_CONSIDERED,CAPEX_PROPOSED|CAPEX_DEFERRED|CAPEX_DEFERRED,272081493.8475693,false
ecuador-delayed-expansion,seed-2,JPQ,29,18975.72,12804.800000000001,6170.92,0,0,18975.72,0,0,12804.800000000001,7.127591178295121,7.03659674079057,73.34,9163.746645870735,7724.035855561273,25174.72128033373,9244.27,7702.93,4894.13,12000,9050,5750,0.7703558333333334,0.8511524861878453,0.8511530434782609,30000,0.7280443333333334,7809,0,-1,-1,-1,DEFERRED,CAPEX_DEFERRED|CAPEX_DEFERRED,294653453.31306386,false
ecuador-delayed-expansion,seed-2,CONSV,29,12047.82,3642.75,8405.07,0,12047.82,0,0,3642.75,0,5.380269981873666,5.455159915406637,60.25,9153.083012565332,20450.193895690758,3582.9503239765104,9163.6,7743.93,3591.2,12000,9100,4250,0.7636333333333334,0.8509813186813188,0.8449882352941176,30000,0.683291,6436,0,-1,-1,-1,MONITORING,CAPEX_DEFERRED|CAPEX_DEFERRED,305768426.73395205,false
ecuador-delayed-expansion,seed-2,VAP,29,28392.260000000002,15428.3,12963.960000000003,0,23155.790000000005,5236.47,0,15428.3,0,5.4838601817610195,6.113640138127028,59.83,5275.451771374243,30731.50971571583,11284.816115176907,5383.8,6595.77,5744.7,8000,7750,6750,0.672975,0.8510670967741936,0.8510666666666666,30000,0.590809,6925,0,-1,-1,-1,NOT_CONSIDERED,CAPEX_DEFERRED|CAPEX_DEFERRED|CAPEX_DEFERRED,286613229.8199964,false
ecuador-delayed-expansion,seed-2,JPQ,30,19671.91,14081.59,5590.32,0,0,19671.91,0,0,14081.59,7.052543537261663,6.769808794599718,75.2,9114.994779813875,7682.961601728464,25837.928895712605,9142.3,7702.93,4894.13,12000,9050,5750,0.7618583333333333,0.8511524861878453,0.8511530434782609,30000,0.7246453333333334,7809,0,-1,-1,-1,DEFERRED,CAPEX_DEFERRED|CAPEX_DEFERRED,317254917.17045146,false
ecuador-delayed-expansion,seed-2,CONSV,30,12677.81,4303.889999999999,8373.92,0,12677.81,0,0,4303.889999999999,0,5.4681635885248765,5.272718984361397,60.3,9149.557767659806,21076.937788127016,3581.570376109872,9157.69,7745.49,3567.56,12000,9100,4250,0.7631408333333334,0.8511527472527473,0.8394258823529411,30000,0.682358,6436,0,-1,-1,-1,MONITORING,CAPEX_DEFERRED|CAPEX_DEFERRED,324192899.1457968,false
ecuador-delayed-expansion,seed-2,VAP,30,28828,16560.02,12267.98,0,24268.29,4559.709999999999,0,16560.02,0,5.43138399890151,5.83622982971743,57.54,5267.959237935881,31833.220887400435,10599.461231301013,5374.75,6595.77,5744.7,8000,7750,6750,0.67184375,0.8510670967741936,0.8510666666666666,30000,0.5905073333333334,6925,0,-1,-1,-1,NOT_CONSIDERED,CAPEX_DEFERRED|CAPEX_DEFERRED|CAPEX_DEFERRED,304012281.1672727,false
ecuador-delayed-expansion,seed-2,JPQ,31,20540.27,14777.78,5762.49,0,0,20540.27,0,0,14777.78,6.93577971336968,6.879794696881602,74.65,9083.457886127613,7656.371075968276,26684.94846831188,9144.42,7702.93,4894.13,12000,9050,5750,0.762035,0.8511524861878453,0.8511530434782609,30000,0.724716,7809,0,-1,-1,-1,DEFERRED,CAPEX_DEFERRED|CAPEX_DEFERRED,336314268.89525765,false
ecuador-delayed-expansion,seed-2,CONSV,31,13318.749999999998,4932.319999999999,8386.43,0,13318.749999999998,0,0,4932.319999999999,0,5.282393399874864,5.3598213256010965,60.28,9332.419106123496,21885.757673118715,3653.1517873613643,9334.13,7743.93,3616.67,12000,9100,4250,0.7778441666666666,0.8509813186813188,0.8509811764705882,30000,0.6898243333333332,6436,0,-1,-1,-1,DEFERRED,CAPEX_DEFERRED|CAPEX_DEFERRED,338980898.87967384,false
ecuador-delayed-expansion,seed-2,VAP,31,29484.019999999997,17672.52,11811.499999999996,0,25423.29,4060.7300000000005,0,17672.52,0,5.371106549044929,5.895022362176476,57.87,5263.2109297694415,32981.41894748788,10095.043881664173,5393.25,6595.77,5744.7,8000,7750,6750,0.67415625,0.8510670967741936,0.8510666666666666,30000,0.5911240000000001,6925,0,-1,-1,-1,NOT_CONSIDERED,CAPEX_DEFERRED|CAPEX_DEFERRED|CAPEX_DEFERRED,321339128.98819196,false
ecuador-delayed-expansion,seed-2,JPQ,32,21555.1,15646.139999999998,5908.960000000001,0,0,21555.1,0,0,15646.139999999998,6.894537151649001,6.698392895648436,74.18,9060.241745775209,7636.810674793345,27950.5664974219,9187.16,7701.38,5105.38,12000,9050,6000,0.7655966666666667,0.8509812154696133,0.8508966666666666,30000,0.7331306666666667,7809,0,-1,-1,-1,DEFERRED,CAPEX_PROPOSED|CAPEX_DEFERRED,358446241.60183036,false
ecuador-delayed-expansion,seed-2,CONSV,32,14150.43,5574.820000000001,8575.61,0,14150.43,0,0,5574.820000000001,0,5.3670828653869265,5.220372866373853,60.24,9331.974556614543,23046.513030710114,3652.9777695836874,9403.72,8041.78,3617.03,12000,9450,4250,0.7836433333333332,0.8509820105820105,0.8510658823529412,30000,0.7020843333333333,6669,0,-1,-1,-1,DEFERRED,CAPEX_PROPOSED|CAPEX_DEFERRED,357017568.20561314,false
ecuador-delayed-expansion,seed-2,VAP,32,30757.050000000003,18827.519999999997,11929.530000000006,0,26603.12,4153.93,0,18827.519999999997,0,5.3474194365792,5.750733927921735,59.14,5240.408903059837,34468.38890619306,10384.635706162324,5397.22,6892.26,5956.27,8000,8100,7000,0.6746525,0.8508962962962964,0.8508957142857143,30000,0.6081916666666667,6925,0,-1,-1,-1,NOT_CONSIDERED,CAPEX_PROPOSED|CAPEX_PROPOSED|CAPEX_DEFERRED,339116272.8750073,false
ecuador-delayed-expansion,seed-3,JPQ,1,1900,0,1900,0,1900,0,0,0,0,-1,7.005263157894737,-1,4771.23,7232.55,4209.91,4015.62,6783.23,2509.76,8000,8000,5000,0.5019525,0.84790375,0.5019520000000001,30000,0.4436203333333333,5500,2790.77,-1,-1,-1,NOT_CONSIDERED,CAPEX_DEFERRED|CAPEX_DEFERRED,25000000,false
ecuador-delayed-expansion,seed-3,CONSV,1,1400,0,1400,1100,300,0,0,0,0,-1,5.582142857142857,-1,6997.600000000001,6546.8,3259.2,6782.54,5934.73,2128.14,8000,7000,4000,0.8478175,0.8478185714285714,0.5320349999999999,30000,0.494847,4500,1273.83,-1,-1,-1,NOT_CONSIDERED,CAPEX_DEFERRED|CAPEX_DEFERRED|CAPEX_DEFERRED,35000000,false
ecuador-delayed-expansion,seed-3,VAP,1,1650,0,1650,0,450,1200,0,0,0,-1,8.374242424242425,-1,4414.389999999999,5357.759999999999,5698.780000000001,1032.51,5093.06,5093.06,8000,6000,6000,0.12906375,0.8488433333333334,0.8488433333333334,30000,0.3739543333333334,6500,0,-1,-1,-1,NOT_CONSIDERED,CAPEX_DEFERRED|CAPEX_DEFERRED,22000000,false
ecuador-delayed-expansion,seed-3,JPQ,2,1284.48,0,1284.48,755.61,449.32,79.55,0,0,0,-1,5.452158441225616,100,4986.64,5178.117192023859,3812.8128079761404,5694.11,6019.51,3797.33,8000,8000,5000,0.7117637499999999,0.75243875,0.759466,30000,0.5170316666666667,5500,1854.94,-1,-1,-1,NOT_CONSIDERED,CAPEX_DEFERRED|CAPEX_DEFERRED,14494279.701722093,false
ecuador-delayed-expansion,seed-3,CONSV,2,1115.09,0,1115.09,215.06,612.0699999999999,287.96,0,0,0,-1,6.219324203933475,100,5789.861007556675,6516.957909319899,3368.7710831234253,5924.61,5067.59,2959.32,8000,7000,4000,0.7405762499999999,0.7239414285714286,0.73983,30000,0.46505066666666667,4500,2169.45,-1,-1,-1,NOT_CONSIDERED,CAPEX_DEFERRED|CAPEX_DEFERRED|CAPEX_DEFERRED,10878104.155727632,false
ecuador-delayed-expansion,seed-3,VAP,2,3646.58,0,3646.58,3381.8799999999997,264.7,0,0,0,0,-1,4.656061477439135,100,7176.263401131473,4483.168523492993,3866.9294798685764,6507.15,4892.68,0,8000,6000,6000,0.8133937499999999,0.8154466666666668,0,30000,0.3799943333333333,6500,275.74,-1,-1,-1,NOT_CONSIDERED,CAPEX_DEFERRED|CAPEX_DEFERRED,20033387.12761445,false
ecuador-delayed-expansion,seed-3,JPQ,3,0,0,0,0,0,0,0,0,0,-1,-1,100,4359.737470868798,4872.636474015436,3846.8110551157665,5914.99,6396.94,4070.61,8000,8000,5000,0.7393737499999999,0.7996175,0.814122,30000,0.5460846666666667,6008,684.25,-1,-1,-1,NOT_CONSIDERED,CAPEX_DEFERRED,31236110.354378168,false
ecuador-delayed-expansion,seed-3,CONSV,3,2325.5699999999997,0,2325.5699999999997,188.05,1791.28,346.24,0,0,0,-1,4.915833691097471,100,5877.999622166247,7818.134534005036,3490.6858438287145,6377.51,5519.62,3188.75,8000,7000,4000,0.79718875,0.7885171428571428,0.7971875,30000,0.5028626666666667,5038,1029.79,-1,-1,-1,NOT_CONSIDERED,CAPEX_DEFERRED|CAPEX_DEFERRED|CAPEX_DEFERRED,35535252.75656626,false
ecuador-delayed-expansion,seed-3,VAP,3,3580.76,0,3580.76,1289.11,279.78,2011.87,0,0,0,-1,5.370137194079584,100,5209.608493255698,4638.458071091481,6007.325638598721,6137.27,4611.18,4389.18,8000,6000,6000,0.76715875,0.76853,0.73153,30000,0.5045876666666667,6500,0,-1,-1,-1,NOT_CONSIDERED,CAPEX_DEFERRED|CAPEX_DEFERRED|CAPEX_DEFERRED,21985802.322121654,false
ecuador-delayed-expansion,seed-3,JPQ,4,0,0,0,0,0,0,0,0,0,-1,-1,100,5276.0642627675525,5896.7777054460885,4655.350820089017,5791.35,6509.44,4085.81,8000,8000,5000,0.72391875,0.81368,0.8171619999999999,30000,0.54622,6008,622.48,-1,-1,-1,NOT_CONSIDERED,CAPEX_DEFERRED,24469338.761885382,false
ecuador-delayed-expansion,seed-3,CONSV,4,2935.15,0,2935.15,0,2518.46,416.69,0,0,0,-1,5.202807229239007,100,5759.166414777496,8618.61992406537,3599.387229219143,4687.66,5933.53,3390.59,8000,7000,4000,0.5859575,0.8476471428571428,0.8476475,30000,0.46705933333333327,5038,2112.63,-1,-1,-1,NOT_CONSIDERED,CAPEX_DEFERRED|CAPEX_PROPOSED|CAPEX_PROPOSED,32735211.586471416,false
ecuador-delayed-expansion,seed-3,VAP,4,2697.83,0,2697.83,0,576.36,2121.47,0,0,0,-1,6.270894632978445,100,4085.126000043414,5118.046875584862,6284.682198110113,5755.31,5089.99,5088.96,8000,6000,6000,0.7194137500000001,0.8483316666666666,0.84816,30000,0.5311419999999999,6500,0,-1,-1,-1,NOT_CONSIDERED,CAPEX_DEFERRED|CAPEX_DEFERRED,15766766.983454593,false
ecuador-delayed-expansion,seed-3,JPQ,5,395.83,0,395.83,0,0,395.83,0,0,0,-1,6.515016500038614,100,5348.655339396195,5977.908908736924,5115.24131577102,5364.4,6019.78,4239.95,8000,8000,5000,0.67055,0.7524725,0.8479899999999999,30000,0.5208043333333333,6008,1105.3,-1,-1,-1,NOT_CONSIDERED,CAPEX_DEFERRED,24231724.601588275,false
ecuador-delayed-expansion,seed-3,CONSV,5,4035.1000000000004,0,4035.1000000000004,918.08,2831.72,285.3,0,0,0,-1,4.800824750465194,100,6711.854794232321,8968.557073107435,3487.11308864861,6371.72,5519.62,3188.75,8000,7000,4000,0.796465,0.7885171428571428,0.7971875,30000,0.5026696666666667,5038,1029.79,-1,-1,-1,NOT_CONSIDERED,CAPEX_DEFERRED|CAPEX_DEFERRED|CAPEX_DEFERRED,36085911.47566257,false
ecuador-delayed-expansion,seed-3,VAP,5,1913.3500000000001,0,1913.3500000000001,0,394.12,1519.23,0,0,0,-1,6.165579746476905,100,4166.479706408995,5026.252815435144,5765.350960948534,4372.21,5090.5,5090.5,8000,6000,6000,0.54652625,0.8484166666666667,0.8484166666666667,30000,0.48510699999999995,6500,0,-1,-1,-1,NOT_CONSIDERED,CAPEX_DEFERRED|CAPEX_DEFERRED,28189158.613107532,false
ecuador-delayed-expansion,seed-3,JPQ,6,1013.87,0,1013.87,0,0,1013.87,0,0,0,-1,6.508882821501278,100,5496.998915571121,6143.704670344193,5864.163160798047,5449,5961.14,4247.21,8000,8000,5000,0.681125,0.7451425,0.849442,30000,0.5219116666666667,6008,1469.38,-1,-1,-1,NOT_CONSIDERED,CAPEX_DEFERRED,22316699.39166236,false
ecuador-delayed-expansion,seed-3,CONSV,6,4358.610000000001,0,4358.610000000001,443.96,3558.91,355.74,0,0,0,-1,4.915686394243727,100,6318.4245946523215,9781.205324908678,3602.1501882709545,6389.73,5530.2,3194.86,8000,7000,4000,0.7987162499999999,0.7900285714285714,0.7987150000000001,30000,0.5038263333333334,5038,1029.79,-1,-1,-1,NOT_CONSIDERED,CAPEX_DEFERRED|CAPEX_DEFERRED|CAPEX_DEFERRED,34788599.32157553,false
ecuador-delayed-expansion,seed-3,VAP,6,1138.87,0,1138.87,0,211.37,927.5,0,0,0,-1,6.20612944105317,100,5201.988457347911,5994.729123169964,6228.920687511996,4499.77,5089.99,5089.99,8000,6000,6000,0.5624712500000001,0.8483316666666666,0.8483316666666666,30000,0.489325,6500,0,-1,-1,-1,NOT_CONSIDERED,CAPEX_DEFERRED|CAPEX_DEFERRED,17560137.169263214,false
ecuador-delayed-expansion,seed-3,JPQ,7,1710.6599999999999,0,1710.6599999999999,0,0,1710.6599999999999,0,0,0,-1,6.704219382092059,100,5574.50959479322,6230.3453722670565,6629.343766133528,5753.13,6049,4254.05,8000,8000,5000,0.7191412500000001,0.756125,0.8508100000000001,30000,0.535206,6008,1354.66,-1,-1,-1,NOT_CONSIDERED,CAPEX_DEFERRED|CAPEX_DEFERRED,10753545.32059839,false
ecuador-delayed-expansion,seed-3,CONSV,7,4695.57,0,4695.57,0,4275.5,420.07,0,0,0,-1,5.204824189694639,100,5897.599999999999,10522.289999999997,3679.2599999999993,4703.73,5954.48,3402.56,8000,7000,4000,0.5879662499999999,0.85064,0.85064,30000,0.46869233333333327,5038,2112.63,-1,-1,-1,NOT_CONSIDERED,CAPEX_DEFERRED|CAPEX_DEFERRED|CAPEX_DEFERRED,14733126.023460235,false
ecuador-delayed-expansion,seed-3,VAP,7,2281.99,0,2281.99,0,1029.08,1252.91,0,0,0,-1,5.996143718751123,100,5312.70516082183,6935.561678049975,6667.184038385742,5920.21,5089.99,5089.99,8000,6000,6000,0.74002625,0.8483316666666666,0.8483316666666666,30000,0.5366730000000001,6500,0,-1,-1,-1,NOT_CONSIDERED,CAPEX_DEFERRED|CAPEX_DEFERRED,26788453.385062896,false
ecuador-delayed-expansion,seed-3,JPQ,8,1981.37,0,1981.37,0,0,1981.37,0,0,0,-1,6.625409874773917,100,5543.829051858618,6196.0232823807955,6872.975139266422,5920.45,6347.85,4254.05,8000,8000,5000,0.74005625,0.79348125,0.8508100000000001,30000,0.5507449999999999,6008,812.6,-1,-1,-1,NOT_CONSIDERED,CAPEX_DEFERRED|CAPEX_PROPOSED,37779710.09246349,false
ecuador-delayed-expansion,seed-3,CONSV,8,5937.99,0,5937.99,1145.69,4567.81,224.49,0,0,0,-1,4.923129171113569,100,7038.292564403026,11121.391996791654,3480.928259275356,6352.91,5765.37,3178.37,8000,7350,4000,0.79411375,0.7844040816326531,0.7945924999999999,30000,0.5098883333333333,5038,1166.88,-1,-1,-1,NOT_CONSIDERED,CAPEX_DEFERRED|CAPEX_PROPOSED|CAPEX_DEFERRED,32882927.415099766,false
ecuador-delayed-expansion,seed-3,VAP,8,3045.1800000000003,0,3045.1800000000003,0,1846.8000000000002,1198.38,0,0,0,-1,5.685691955634933,100,5404.993808653831,7855.881351973967,6706.704572642803,5915.9,5098.71,5098.71,8000,6000,6000,0.7394875,0.849785,0.849785,30000,0.5371106666666666,6500,0,-1,-1,-1,NOT_CONSIDERED,CAPEX_PROPOSED|CAPEX_DEFERRED,34335944.23873484,false
ecuador-delayed-expansion,seed-3,JPQ,9,2477.95,0,2477.95,0,0,2477.95,0,0,0,-1,6.789094884774642,100,5544.98165800817,6197.332441303251,7370.58087471309,6015.38,6807.17,4254.91,8000,8000,5000,0.7519225,0.85089625,0.850982,30000,0.5692486666666666,6253,0,-1,-1,-1,NOT_CONSIDERED,CAPEX_PROPOSED|CAPEX_DEFERRED,44348734.33768281,false
ecuador-delayed-expansion,seed-3,CONSV,9,6357.28,0,6357.28,690.38,5361.580000000001,305.32,0,0,0,-1,5.084892102808039,100,6583.017762373543,11915.190030621692,3561.7721891287915,6778.18,6222.29,3389.09,8000,7350,4000,0.8472725,0.8465700680272109,0.8472725,30000,0.5463186666666667,5360,73.98,-1,-1,-1,NOT_CONSIDERED,CAPEX_PROPOSED|CAPEX_DEFERRED|CAPEX_DEFERRED,38193225.71183368,false
ecuador-delayed-expansion,seed-3,VAP,9,4297.87,0,4297.87,0,2796.0899999999997,1501.78,0,0,0,-1,5.68787410818261,100,5395.732128053874,8794.874542365777,7000.655911876726,5440.4,5106.4,5106.4,8000,6000,6000,0.6800499999999999,0.8510666666666666,0.8510666666666666,30000,0.5217733333333333,6500,0,-1,-1,-1,NOT_CONSIDERED,CAPEX_DEFERRED|CAPEX_DEFERRED,28559504.87723244,false
ecuador-delayed-expansion,seed-3,JPQ,10,2888.86,0,2888.86,0,0,2888.86,0,0,0,-1,6.976613251851925,100,5860.694568905439,6550.197334677011,8060.071538172098,5953.04,6808.54,4255.34,8000,8000,5000,0.74413,0.8510675,0.851068,30000,0.5672306666666667,6253,0,-1,-1,-1,MONITORING,CAPEX_DEFERRED|CAPEX_DEFERRED,49176820.09883055,false
ecuador-delayed-expansion,seed-3,CONSV,10,5871.14,0,5871.14,0,5698.43,172.71,0,0,0,-1,5.257876945844422,100,5805.241970645756,12154.866741238297,3581.3789705496742,6807.85,6254.71,3616.31,8000,7350,4250,0.85098125,0.8509809523809524,0.8508964705882353,30000,0.5559623333333334,5603,0,-1,-1,-1,NOT_CONSIDERED,CAPEX_DEFERRED|CAPEX_DEFERRED|CAPEX_PROPOSED,37053234.501322135,false
ecuador-delayed-expansion,seed-3,VAP,10,5434.51,0,5434.51,0,3737.6899999999996,1696.82,0,0,0,-1,5.770334195963807,100,5377.417818771734,9716.107291490192,7177.047384766129,4752.36,5106.4,5106.4,8000,6000,6000,0.5940449999999999,0.8510666666666666,0.8510666666666666,30000,0.4988386666666666,6500,0,-1,-1,-1,NOT_CONSIDERED,CAPEX_DEFERRED|CAPEX_DEFERRED,35145205.01853521,false
ecuador-delayed-expansion,seed-3,JPQ,11,3477.4700000000003,0,3477.4700000000003,0,0,3477.4700000000003,0,0,0,-1,6.84745990105558,100,5827.344149397762,6512.902506560736,8619.23616953229,5884.53,6808.54,4255.34,8000,8000,5000,0.73556625,0.8510675,0.851068,30000,0.564947,6253,0,-1,-1,-1,MONITORING,CAPEX_DEFERRED|CAPEX_DEFERRED,53483711.943348885,false
ecuador-delayed-expansion,seed-3,CONSV,11,5905.860000000001,0,5905.860000000001,0,5905.860000000001,0,0,0,0,-1,5.150708975833193,100,7750.083600748948,11652.145957038156,3033.7537034718357,8317,6253.46,3430.19,12000,7350,4250,0.6930833333333334,0.8508108843537415,0.8071035294117647,30000,0.6000216666666666,5603,771.36,-1,-1,-1,NOT_CONSIDERED,CAPEX_DEFERRED|CAPEX_DEFERRED,47392290.83644132,false
ecuador-delayed-expansion,seed-3,VAP,11,6507.03,0,6507.03,0,4678.349999999999,1828.68,0,0,0,-1,5.654792249573415,100,5354.10790845542,10630.869146237103,7285.155884050679,5676.27,5106.4,5106.4,8000,6000,6000,0.7095337500000001,0.8510666666666666,0.8510666666666666,30000,0.5296356666666666,6500,0,-1,-1,-1,NOT_CONSIDERED,CAPEX_DEFERRED|CAPEX_PROPOSED|CAPEX_DEFERRED,39584523.32347064,false
ecuador-delayed-expansion,seed-3,JPQ,12,4321.18,0,4321.18,0,0,4321.18,0,0,0,-1,6.9076394588691565,91.11,5852.78729055782,6541.358616426331,9485.405818878526,5940.59,6808.54,4255.34,8000,8000,5000,0.74257375,0.8510675,0.851068,30000,0.5668156666666667,6253,0,-1,-1,-1,MONITORING,CAPEX_DEFERRED,48237990.781454876,false
ecuador-delayed-expansion,seed-3,CONSV,12,5411.54,0,5411.54,0,5411.54,0,0,0,0,-1,5.229015650832026,100,8834.26875730766,12273.59700403152,3458.1512569724064,9956.93,6551.9,3615.94,12000,7700,4250,0.8297441666666667,0.8508961038961038,0.8508094117647059,30000,0.6708256666666667,6093,0,-1,-1,-1,NOT_CONSIDERED,CAPEX_PROPOSED|CAPEX_DEFERRED|CAPEX_DEFERRED,38331982.63964054,false
ecuador-delayed-expansion,seed-3,VAP,12,7807.19,0,7807.19,0,5619.95,2187.2400000000002,0,0,0,-1,5.7340890286132185,87.29,5360.5894537818895,11927.309244155076,7650.3104095054205,5769.98,5404.28,5106.4,8000,6350,6000,0.7212474999999999,0.851067716535433,0.8510666666666666,30000,0.5426886666666666,6500,0,-1,-1,-1,NOT_CONSIDERED,CAPEX_PROPOSED|CAPEX_DEFERRED|CAPEX_DEFERRED,49251087.48985661,false
ecuador-delayed-expansion,seed-3,JPQ,13,5111.88,65.84,5046.04,0,0,5111.88,0,0,65.84,7.040234338072702,7.0035557752975555,90.74,5853.936282046775,6828.872833232452,10277.110938671518,5960.07,7106.41,4255.34,8000,8350,5000,0.74500875,0.8510670658682634,0.851068,30000,0.577394,6253,0,-1,-1,-1,MONITORING,CAPEX_DEFERRED,60553781.0106685,false
ecuador-delayed-expansion,seed-3,CONSV,13,5731.12,0,5731.12,0,5731.12,0,0,0,0,-1,5.335795655564495,100,8834.904716816673,12593.663230927734,3458.406279260358,9428.48,6553.22,3617.03,12000,7700,4250,0.7857066666666667,0.8510675324675325,0.8510658823529412,30000,0.653291,6296,0,-1,-1,-1,NOT_CONSIDERED,CAPEX_DEFERRED|CAPEX_DEFERRED|CAPEX_DEFERRED,36241575.92650097,false
ecuador-delayed-expansion,seed-3,VAP,13,9064.399999999998,215.67,8848.729999999998,0,6594.9800000000005,2469.42,0,215.67,0,5.259953805067093,5.834877989423261,86.35,5360.96839708219,12902.815985757923,7932.891967905776,5456.36,5404.28,5106.4,8000,6350,6000,0.682045,0.851067716535433,0.8510666666666666,30000,0.5322346666666666,6500,0,-1,-1,-1,NOT_CONSIDERED,CAPEX_DEFERRED|CAPEX_DEFERRED|CAPEX_DEFERRED,55009847.49476249,false
ecuador-delayed-expansion,seed-3,JPQ,14,5707.93,856.54,4851.39,0,0,5707.93,0,0,856.54,7.1838254822336225,6.883451966941908,90.26,5846.249642516884,6819.909310510585,11124.317319954,5938.03,7105.7,4467.2,8000,8350,5250,0.7422537499999999,0.8509820359281437,0.850895238095238,30000,0.5836976666666667,6253,0,-1,-1,-1,MONITORING,CAPEX_PROPOSED,74081783.65221986,false
ecuador-delayed-expansion,seed-3,CONSV,14,6049.380000000001,0,6049.380000000001,0,6049.380000000001,0,0,0,0,-1,5.240357628465608,100,8823.894602945611,12903.37108635579,3454.086417037008,8654.02,6553.22,3617.03,12000,7700,4250,0.7211683333333334,0.8510675324675325,0.8510658823529412,30000,0.6274756666666667,6296,0,-1,-1,-1,NOT_CONSIDERED,CAPEX_DEFERRED,47168577.62802371,false
ecuador-delayed-expansion,seed-3,VAP,14,10056.21,1190.7,8865.509999999998,0,7569.7,2486.51,0,1190.7,0,5.36535678073687,5.73568166666443,85.41,5357.515981026108,13873.451560395246,7946.452374088535,5308.92,5404.28,5106.4,8000,6350,6000,0.663615,0.851067716535433,0.8510666666666666,30000,0.52732,6500,0,-1,-1,-1,NOT_CONSIDERED,CAPEX_DEFERRED|CAPEX_DEFERRED|CAPEX_DEFERRED,65575275.87670717,false
ecuador-delayed-expansion,seed-3,JPQ,15,6548.5599999999995,1240.73,5307.83,0,0,6548.5599999999995,0,0,1240.73,7.0636256251788065,6.913042399438123,87.6,5863.607020595005,6840.14430053772,11981.020026280048,5949.58,7006.55,4468.1,8000,8350,5250,0.7436975,0.8391077844311378,0.8510666666666667,30000,0.5808076666666667,6468,0,-1,-1,-1,MONITORING,CAPEX_DEFERRED,85330971.55357465,false
ecuador-delayed-expansion,seed-3,CONSV,15,6367.64,0,6367.64,0,6367.64,0,0,0,0,-1,5.25889615161607,100,8834.436802745991,13229.817547586024,3458.217037917017,8586.2,6553.22,3617.03,12000,7700,4250,0.7155166666666667,0.8510675324675325,0.8510658823529412,30000,0.6252150000000001,6296,0,-1,-1,-1,NOT_CONSIDERED,CAPEX_DEFERRED,60905683.24651724,false
ecuador-delayed-expansion,seed-3,VAP,15,11353.06,2165.42,9187.64,0,8554.94,2798.12,0,2165.42,0,5.269808436198771,5.805004728073715,79.41,5361.519424124196,14863.388023253807,8262.138434540899,5382.47,5404.28,5106.4,8000,6350,6000,0.6728087500000001,0.851067716535433,0.8510666666666666,30000,0.5297716666666666,6500,0,-1,-1,-1,NOT_CONSIDERED,CAPEX_DEFERRED|CAPEX_DEFERRED|CAPEX_DEFERRED,77800058.25949232,false
ecuador-delayed-expansion,seed-3,JPQ,16,7435.169999999999,2080.46,5354.709999999999,0,0,7435.169999999999,0,0,2080.46,7.046688518150359,7.1207768897443025,70.62,5863.66099339696,6840.2171345624765,12867.660285538223,5943.51,6894.45,4468.1,8000,8350,5250,0.74293875,0.8256826347305389,0.8510666666666667,30000,0.5768686666666666,6468,0,-1,-1,-1,MONITORING,CAPEX_DEFERRED|CAPEX_DEFERRED,96202418.44343492,false
ecuador-delayed-expansion,seed-3,CONSV,16,6685.89,0,6685.89,0,6685.89,0,0,0,0,-1,5.4173202953851085,100,8834.844344066207,13860.326097823941,3661.8004977742034,8821.98,6851.09,3688.89,12000,8050,4500,0.735165,0.8510670807453417,0.8197533333333333,30000,0.6453986666666667,6296,0,-1,-1,-1,NOT_CONSIDERED,CAPEX_PROPOSED|CAPEX_DEFERRED,75328226.3787762,false
ecuador-delayed-expansion,seed-3,VAP,16,12653.95,3150.66,9503.29,0,9526.869999999999,3127.0800000000004,0,3150.66,0,5.270503295145487,6.029184509052614,63,5345.140204368778,16162.715884843372,8574.414549906749,5428.25,5702.15,5106.4,8000,6700,6000,0.67853125,0.8510671641791044,0.8510666666666666,30000,0.5412266666666666,6500,0,-1,-1,-1,NOT_CONSIDERED,CAPEX_PROPOSED|CAPEX_DEFERRED|CAPEX_DEFERRED,90438734.70865263,false
ecuador-delayed-expansion,seed-3,JPQ,17,8252.6,2967.0699999999997,5285.530000000001,0,0,8252.6,0,0,2967.0699999999997,7.234006012481033,7.012125415310349,70.88,6061.500030208763,7071.001532526148,13868.39380549677,6134.24,7106.41,4468.55,8000,8350,5250,0.76678,0.8510670658682634,0.851152380952381,30000,0.5903066666666666,6468,0,-1,-1,-1,DEFERRED,CAPEX_DEFERRED|CAPEX_DEFERRED,110797239.99987519,false
ecuador-delayed-expansion,seed-3,CONSV,17,7018.62,0,7018.62,0,7018.62,0,0,0,0,-1,5.338705277178966,88.49,8826.8954347179,14186.609198061034,3658.5299845350482,8920.53,6851.78,3619.17,12000,8050,4500,0.7433775,0.8511527950310559,0.80426,30000,0.6463826666666668,6296,0,-1,-1,-1,NOT_CONSIDERED,CAPEX_DEFERRED|CAPEX_DEFERRED,88987243.25807878,false
ecuador-delayed-expansion,seed-3,VAP,17,13899.300000000001,3824.7200000000003,10074.580000000002,0,10532.36,3366.94,0,3824.7200000000003,0,5.4329754277414315,5.940992745541748,61.58,5339.743513952454,17161.493098865856,9035.508912958381,5413.67,5702.15,5319.17,8000,6700,6250,0.67670875,0.8510671641791044,0.8510672,30000,0.5478329999999999,6500,0,-1,-1,-1,NOT_CONSIDERED,CAPEX_DEFERRED|CAPEX_PROPOSED|CAPEX_DEFERRED,102124697.31252617,false
ecuador-delayed-expansion,seed-3,JPQ,18,9232.32,3784.05,5448.2699999999995,0,0,9232.32,0,0,3784.05,7.066457916642838,7.244036871857351,70.95,6074.703951318641,7086.4259078622035,14860.365889704528,6220.67,7107.12,4468.55,8000,8350,5250,0.77758375,0.8511520958083832,0.851152380952381,30000,0.5932113333333333,6468,0,-1,-1,-1,DEFERRED,CAPEX_DEFERRED|CAPEX_DEFERRED,122085423.9063127,false
ecuador-delayed-expansion,seed-3,CONSV,18,7350.66,166.84,7183.82,0,7350.66,0,0,166.84,0,5.37532464681319,5.510768867304888,87.92,8833.697303755544,14524.16463065938,3661.335066688153,8888.72,6851.78,3608.51,12000,8050,4500,0.7407266666666666,0.8511527950310559,0.8018911111111111,30000,0.6449670000000001,6296,0,-1,-1,-1,NOT_CONSIDERED,CAPEX_DEFERRED|CAPEX_DEFERRED,102134603.92893963,false
ecuador-delayed-expansion,seed-3,VAP,18,14824.059999999998,4830.21,9993.849999999999,0,11533.02,3291.0399999999995,0,4830.21,0,5.348688018294204,6.1202580740268715,61.36,5338.092947979355,18160.11104618002,8957.870187600167,5392.44,5702.15,5319.17,8000,6700,6250,0.674055,0.8510671641791044,0.8510672,30000,0.5471253333333334,6500,0,-1,-1,-1,NOT_CONSIDERED,CAPEX_DEFERRED|CAPEX_DEFERRED|CAPEX_DEFERRED,111195114.47847189,false
ecuador-delayed-expansion,seed-3,JPQ,19,10292.04,4763.77,5528.27,0,0,10292.04,0,0,4763.77,7.26500221330717,7.13477707712467,70.65,6078.025235315403,7090.2788978733415,15923.153798293975,6174.88,7106.41,4468.1,8000,8350,5250,0.77186,0.8510670658682634,0.8510666666666667,30000,0.5916463333333333,6468,0,-1,-1,-1,DEFERRED,CAPEX_DEFERRED|CAPEX_DEFERRED,139454601.08821926,false
ecuador-delayed-expansion,seed-3,CONSV,19,7682.7,498.88,7183.82,0,7682.7,0,0,498.88,0,5.549499476214373,5.4305369913323105,87.98,8831.544337650543,14854.456289982445,3660.4427188946324,8833.37,6851.78,3636.58,12000,8050,4500,0.7361141666666667,0.8511527950310559,0.8081288888888889,30000,0.6440576666666668,6296,0,-1,-1,-1,NOT_CONSIDERED,CAPEX_DEFERRED|CAPEX_DEFERRED,118459518.98407583,false
ecuador-delayed-expansion,seed-3,VAP,19,15861.419999999996,5830.869999999999,10030.549999999997,0,12539.46,3321.96,0,5830.869999999999,0,5.516302611382492,6.033867726210769,61.58,5332.755679320756,19159.914102759343,8983.113270361922,5390.98,5702.15,5319.17,8000,6700,6250,0.6738725,0.8510671641791044,0.8510672,30000,0.5470766666666667,6500,0,-1,-1,-1,NOT_CONSIDERED,CAPEX_DEFERRED|CAPEX_DEFERRED|CAPEX_DEFERRED,123429802.99701118,false
ecuador-delayed-expansion,seed-3,JPQ,20,11461.9,5823.9400000000005,5637.959999999999,0,0,11461.9,0,0,5823.9400000000005,7.1513370613684595,7.376915045226137,70.24,6086.401371222112,7100.0599330203595,17369.29044067859,6133.04,7105.7,4679.93,8000,8350,5500,0.76663,0.8509820359281437,0.8508963636363637,30000,0.597289,6468,0,-1,-1,-1,DEFERRED,CAPEX_PROPOSED|CAPEX_DEFERRED,154098030.0217536,false
ecuador-delayed-expansion,seed-3,CONSV,20,8014.739999999999,830.92,7183.819999999999,0,8014.739999999999,0,0,830.92,0,5.469191683433422,5.619582339064991,89.53,8831.641640990983,15498.394232629202,3660.493031885733,8827.15,7148.96,3676.3,12000,8400,4500,0.7355958333333333,0.8510666666666666,0.8169555555555555,30000,0.6550803333333334,6296,0,-1,-1,-1,NOT_CONSIDERED,CAPEX_PROPOSED|CAPEX_DEFERRED,134672929.99777266,false
ecuador-delayed-expansion,seed-3,VAP,20,17290.4,6837.31,10453.09,0,13564.660000000002,3725.74,0,6837.31,0,5.434996213807462,6.287531845793204,62.35,5318.781998840698,20512.71608460466,9372.06125292617,5404.31,6000.02,5319.17,8000,7050,6250,0.6755387500000001,0.8510666666666667,0.8510672,30000,0.55745,6500,0,-1,-1,-1,NOT_CONSIDERED,CAPEX_PROPOSED|CAPEX_DEFERRED|CAPEX_DEFERRED,136258650.6330091,false
ecuador-delayed-expansion,seed-3,JPQ,21,12630.140000000001,6781.97,5848.170000000001,0,0,12630.140000000001,0,0,6781.97,7.373209745917478,7.3020938123004,69.47,6095.494759504668,7110.6462734440465,18546.346743896876,6136.16,7106.41,4680.87,8000,8350,5500,0.76702,0.8510670658682634,0.8510672727272727,30000,0.597448,6694,0,-1,-1,-1,DEFERRED,CAPEX_DEFERRED|CAPEX_DEFERRED,170229209.08768582,false
ecuador-delayed-expansion,seed-3,CONSV,21,8361.939999999999,865.78,7496.159999999999,0,8361.939999999999,0,0,865.78,0,5.662140272367165,5.568595196663389,88.93,8839.102524651506,15851.916349836272,3663.585380257783,8851.58,7149.68,3680.15,12000,8400,4500,0.7376316666666667,0.851152380952381,0.8178111111111112,30000,0.656047,6296,0,-1,-1,-1,NOT_CONSIDERED,CAPEX_DEFERRED|CAPEX_DEFERRED,150980375.63637504,false
ecuador-delayed-expansion,seed-3,VAP,21,18692.440000000002,7564.639999999999,11127.800000000003,0,14618.139999999996,4074.2999999999993,0,7564.639999999999,0,5.604950672766999,6.237456758629487,61.07,5320.852435927272,21568.892854871592,9722.819440014162,5406.23,6000.02,5319.17,8000,7050,6250,0.67577875,0.8510666666666667,0.8510672,30000,0.557514,6500,0,-1,-1,-1,NOT_CONSIDERED,CAPEX_DEFERRED|CAPEX_DEFERRED|CAPEX_DEFERRED,149734804.92153406,false
ecuador-delayed-expansion,seed-3,JPQ,22,13724.910000000002,7949.27,5775.640000000001,0,0,13724.910000000002,0,0,7949.27,7.377177927769445,7.2646818044119845,69.73,6100.165240086127,7116.1177571600865,19645.659199692003,6146.83,7106.41,4680.87,8000,8350,5500,0.76835375,0.8510670658682634,0.8510672727272727,30000,0.5978036666666667,6694,0,-1,-1,-1,DEFERRED,CAPEX_PROPOSED|CAPEX_DEFERRED|CAPEX_DEFERRED,186500654.1492613,false
ecuador-delayed-expansion,seed-3,CONSV,22,8708.42,1212.26,7496.16,0,8708.42,0,0,1212.26,0,5.610689059785214,5.538791115294234,88.16,8840.738712521714,16199.79279736886,3664.2435517210374,8856.56,7149.68,3646.66,12000,8400,4500,0.7380466666666666,0.851152380952381,0.8103688888888888,30000,0.6550966666666667,6296,0,-1,-1,-1,NOT_CONSIDERED,CAPEX_DEFERRED|CAPEX_DEFERRED,168952531.76132396,false
ecuador-delayed-expansion,seed-3,VAP,22,19631.92,8618.119999999999,11013.8,0,15663.969999999998,3967.9500000000003,0,8618.119999999999,0,5.587489471929272,6.183236267015863,60.09,5320.455605749014,22614.19840588627,9616.038717161506,5393.98,6000.02,5319.17,8000,7050,6250,0.6742475,0.8510666666666667,0.8510672,30000,0.5571056666666666,6500,0,-1,-1,-1,NOT_CONSIDERED,CAPEX_DEFERRED|CAPEX_DEFERRED|CAPEX_DEFERRED,166283904.09347942,false
ecuador-delayed-expansion,seed-3,JPQ,23,14939.369999999999,9044.039999999999,5895.33,0,0,14939.369999999999,0,0,9044.039999999999,7.313401033232064,7.1676928328588785,69.3,6107.998129115476,7125.25517533121,20867.72171038254,6152.65,7106.41,4680.87,8000,8350,5500,0.7690812499999999,0.8510670658682634,0.8510672727272727,30000,0.5979976666666666,6694,0,-1,-1,-1,DEFERRED,CAPEX_DEFERRED|CAPEX_DEFERRED|CAPEX_DEFERRED,203292191.66928202,false
ecuador-delayed-expansion,seed-3,CONSV,23,9054.91,1558.74,7496.17,0,9054.91,0,0,1558.74,0,5.579392935261586,5.469373163861288,88.24,9153.053188186495,16810.91754389627,3793.696190974098,9156.33,7148.24,3782.56,12000,8400,4500,0.7630275,0.8509809523809524,0.8405688888888889,30000,0.669571,6296,0,-1,-1,-1,MONITORING,CAPEX_DEFERRED|CAPEX_DEFERRED,187558609.0649653,false
ecuador-delayed-expansion,seed-3,VAP,23,21052.119999999995,9663.949999999999,11388.169999999996,0,16711.27,4340.85,0,9663.949999999999,0,5.55652856292146,6.14809475610482,61.14,5322.835753007842,23664.626418443047,10217.51368895817,5392.34,5999.42,5530.82,8000,7050,6500,0.6740425,0.850981560283688,0.8508953846153846,30000,0.5640860000000001,6500,0,-1,-1,-1,NOT_CONSIDERED,CAPEX_DEFERRED|CAPEX_PROPOSED|CAPEX_DEFERRED,184367256.93562567,false
ecuador-delayed-expansion,seed-3,JPQ,24,16176.49,10258.5,5917.99,0,0,16176.49,0,0,10258.5,7.226859709131066,7.407530664682248,69.21,6108.840478999599,7126.247761914909,22105.659285350754,6144.02,7106.41,4680.87,8000,8350,5500,0.7680025,0.8510670658682634,0.8510672727272727,30000,0.59771,6694,0,-1,-1,-1,DEFERRED,CAPEX_DEFERRED|CAPEX_DEFERRED|CAPEX_DEFERRED,217690466.2589552,false
ecuador-delayed-expansion,seed-3,CONSV,24,9665.2,1906.67,7758.530000000001,0,9665.2,0,0,1906.67,0,5.509681331000498,5.66156270662428,88.67,9153.090525818463,17744.40539923522,3793.7216632153363,9261.42,7446.09,3829.42,12000,8750,4500,0.771785,0.8509817142857143,0.8509822222222222,30000,0.6845643333333333,6577,0,-1,-1,-1,MONITORING,CAPEX_PROPOSED|CAPEX_DEFERRED,202231760.48958004,false
ecuador-delayed-expansion,seed-3,VAP,24,22438.25,10711.85,11726.4,0,17727.38,4710.870000000001,0,10711.85,0,5.502223182420399,6.390192093529094,61.64,5308.4303227245,25006.187913986454,10571.619802669258,5355.62,6297.26,5531.38,8000,7400,6500,0.6694525,0.8509810810810811,0.8509815384615385,30000,0.5728086666666667,6758,0,-1,-1,-1,NOT_CONSIDERED,CAPEX_PROPOSED|CAPEX_DEFERRED|CAPEX_DEFERRED,198577140.32582846,false
ecuador-delayed-expansion,seed-3,JPQ,25,17353.58,11495.62,5857.960000000001,0,0,17353.58,0,0,11495.62,7.294630876562003,7.407254265068018,69.43,6109.641335446963,7127.148838284944,23283.517223750438,6138.9,7106.41,4680.87,8000,8350,5500,0.7673625,0.8510670658682634,0.8510672727272727,30000,0.5975393333333333,6694,0,-1,-1,-1,DEFERRED,CAPEX_DEFERRED|CAPEX_DEFERRED|CAPEX_DEFERRED,235973236.47465852,false
ecuador-delayed-expansion,seed-3,CONSV,25,10300.91,2219.11,8081.799999999999,0,10300.91,0,0,2219.11,0,5.697156064027145,5.666124367811461,61.55,9151.790382005558,18378.97544459745,3793.181077170553,9193.68,7447.58,3809.36,12000,8750,4500,0.76614,0.851152,0.8465244444444445,30000,0.6816873333333334,6577,0,-1,-1,-1,MONITORING,CAPEX_DEFERRED|CAPEX_DEFERRED,218142479.07427707,false
ecuador-delayed-expansion,seed-3,VAP,25,23799.500000000004,11430.12,12369.380000000003,0,18773.510000000002,5025.990000000001,0,11430.12,0,5.5944979035912255,6.396430058188552,60.4,5308.4912259403745,26052.36770406257,10886.794437334724,5343.34,6297.9,5531.94,8000,7400,6500,0.6679175,0.8510675675675675,0.8510676923076922,30000,0.5724393333333333,6758,0,-1,-1,-1,NOT_CONSIDERED,CAPEX_DEFERRED|CAPEX_DEFERRED|CAPEX_DEFERRED,211965515.62105942,false
ecuador-delayed-expansion,seed-3,JPQ,26,18147.969999999998,12672.71,5475.259999999998,0,0,18147.969999999998,0,0,12672.71,7.406957640075309,7.222878424010335,70.84,6085.485909269755,7396.5521712744,24322.94791193151,6114.67,7402.8,4892.65,8000,8700,5750,0.76433375,0.8508965517241379,0.8508956521739129,30000,0.6136706666666668,6694,0,-1,-1,-1,DEFERRED,CAPEX_PROPOSED|CAPEX_PROPOSED|CAPEX_DEFERRED,256501684.05877253,false
ecuador-delayed-expansion,seed-3,CONSV,26,10935.12,2853.3300000000004,8081.790000000001,0,10935.12,0,0,2853.3300000000004,0,5.697410822887579,5.546667440292136,61.51,9150.530946003555,19012.04730635756,3792.6366527022387,9131.32,7447.58,3753.36,12000,8750,4500,0.7609433333333333,0.851152,0.83408,30000,0.6777420000000001,6577,0,-1,-1,-1,MONITORING,CAPEX_DEFERRED|CAPEX_DEFERRED,237492320.26342216,false
ecuador-delayed-expansion,seed-3,VAP,26,24299.299999999992,12475.61,11823.689999999991,0,19818.869999999995,4480.429999999999,0,12475.61,0,5.669531682550175,6.191870655031538,58.48,5300.6178789932765,27086.96518408418,10332.553037501977,5343.29,6297.9,5531.94,8000,7400,6500,0.66791125,0.8510675675675675,0.8510676923076922,30000,0.5724376666666666,6758,0,-1,-1,-1,NOT_CONSIDERED,CAPEX_DEFERRED|CAPEX_DEFERRED|CAPEX_DEFERRED,228723789.1206287,false
ecuador-delayed-expansion,seed-3,JPQ,27,19268.09,13255.32,6012.77,0,0,19268.09,0,0,13255.32,7.363391799598089,7.21141979359685,69.35,6206.757681547609,7543.938480967135,25566.115530284256,6253.24,7404.28,4893.64,8000,8700,5750,0.781655,0.8510666666666666,0.8510678260869565,30000,0.618372,6938,0,-1,-1,-1,DEFERRED,CAPEX_DEFERRED|CAPEX_DEFERRED|CAPEX_DEFERRED,269375158.0315563,false
ecuador-delayed-expansion,seed-3,CONSV,27,11569.329999999996,3487.54,8081.789999999996,0,11569.329999999996,0,0,3487.54,0,5.56980714998724,5.542080205389076,61.54,9148.738627601706,19644.694086896987,3791.8979287593274,8628.78,7447.58,3757.63,12000,8750,4500,0.7190650000000001,0.851152,0.8350288888888889,30000,0.6611330000000001,6577,0,-1,-1,-1,MONITORING,CAPEX_DEFERRED|CAPEX_DEFERRED,256375433.4437192,false
ecuador-delayed-expansion,seed-3,VAP,27,25199.339999999993,13520.969999999998,11678.369999999995,0,20894.689999999995,4304.650000000001,0,13520.969999999998,0,5.605454439561022,6.174662756873088,59.28,5290.260988186739,28148.578613304686,10145.33999606072,5367.16,6297.9,5531.94,8000,7400,6500,0.670895,0.8510675675675675,0.8510676923076922,30000,0.5732333333333334,6758,0,-1,-1,-1,NOT_CONSIDERED,CAPEX_DEFERRED|CAPEX_DEFERRED|CAPEX_DEFERRED,245915623.7000775,false
ecuador-delayed-expansion,seed-3,JPQ,28,20671.509999999995,14374.449999999997,6297.059999999998,0,0,20671.509999999995,0,0,14374.449999999997,7.279065672635672,7.045233815783615,68.83,6205.377874215606,7542.261408627231,26968.135433446303,6323.02,7405.03,4894.13,8000,8700,5750,0.7903775000000001,0.8511528735632183,0.8511530434782609,30000,0.6207393333333333,6938,0,-1,-1,-1,READY_TO_BUILD,CAPEX_DEFERRED|CAPEX_DEFERRED|CAPEX_DEFERRED,285541076.0021041,false
ecuador-delayed-expansion,seed-3,CONSV,28,12203.55,4121.75,8081.799999999999,0,12203.55,0,0,4121.75,0,5.5585180783122015,5.436587823491452,61.55,9147.358375148277,20600.659605168126,3791.3358430019834,9477.97,7743.15,3782.05,12000,9100,4500,0.7898308333333333,0.8508956043956044,0.8404555555555556,30000,0.7001056666666666,6577,0,-1,-1,-1,MONITORING,CAPEX_PROPOSED|CAPEX_DEFERRED,278027317.1353958,false
ecuador-delayed-expansion,seed-3,VAP,28,26711.820000000007,14596.79,12115.030000000006,0,22010.680000000004,4701.14,0,14596.79,0,5.5470665492534925,6.084089527296588,60.46,5276.30691579537,29587.602197468743,10526.399567039414,5400.65,6594.44,5531.38,8000,7750,6500,0.67508125,0.8508954838709677,0.8509815384615385,30000,0.5842156666666667,6758,0,-1,-1,-1,NOT_CONSIDERED,CAPEX_PROPOSED|CAPEX_DEFERRED|CAPEX_DEFERRED,265988064.21279258,false
ecuador-delayed-expansion,seed-3,JPQ,29,22041.670000000002,15777.380000000001,6264.290000000001,0,0,22041.670000000002,0,0,15777.380000000001,7.161003554202775,6.922891119926178,68.93,6205.841685424028,7542.813123803352,28338.76591939862,6301.22,7405.03,4894.13,8000,8700,5750,0.7876525,0.8511528735632183,0.8511530434782609,30000,0.6200126666666667,6938,0,-1,-1,-1,APPROVED,CAPEX_DEFERRED|CAPEX_DEFERRED|CAPEX_DEFERRED,296684960.26175714,false
ecuador-delayed-expansion,seed-3,CONSV,29,12865.470000000001,4460.4,8405.070000000002,0,12865.470000000001,0,0,4460.4,0,5.447765610402799,5.364311987308408,60.61,9147.262554212184,21262.491643281224,3791.2961277820673,9455.17,7744.71,3787.04,12000,9100,4500,0.7879308333333334,0.851067032967033,0.8415644444444444,30000,0.6995640000000001,6769,0,-1,-1,-1,MONITORING,CAPEX_DEFERRED|CAPEX_DEFERRED,293756345.5924345,false
ecuador-delayed-expansion,seed-3,VAP,29,28017.33,15416.239999999998,12601.090000000004,0,23160.55,4856.78,0,15416.239999999998,0,5.49554763609925,5.980792849561081,58.86,5268.715274001912,30726.582363106783,10897.405760397418,5397.01,6595.11,5743.55,8000,7750,6750,0.67462625,0.8509819354838709,0.8508962962962964,30000,0.591189,6758,0,-1,-1,-1,NOT_CONSIDERED,CAPEX_DEFERRED|CAPEX_PROPOSED|CAPEX_DEFERRED,283048671.25445753,false
ecuador-delayed-expansion,seed-3,JPQ,30,22956.67,17147.54,5809.129999999997,0,0,22956.67,0,0,17147.54,7.054202195073866,6.8131927997479,70.53,6201.149107494133,7840.364007619849,29249.02439252304,6263.45,7702.16,4894.13,8000,9050,5750,0.78293125,0.8510674033149171,0.8511530434782609,30000,0.628658,6938,0,-1,-1,-1,APPROVED,CAPEX_PROPOSED|CAPEX_DEFERRED|CAPEX_DEFERRED,308020552.99717,false
ecuador-delayed-expansion,seed-3,CONSV,30,13525.83,5120.76,8405.07,0,13525.83,0,0,5120.76,0,5.373452268948335,5.307381687154346,60.61,9149.340440897333,21924.75910569024,3792.167349034344,9152.45,7745.49,3782.63,12000,9100,4500,0.7627041666666667,0.8511527472527473,0.8405844444444445,30000,0.6893523333333335,6769,0,-1,-1,-1,MONITORING,CAPEX_DEFERRED|CAPEX_DEFERRED,309629977.1575604,false
ecuador-delayed-expansion,seed-3,VAP,30,28642.609999999997,16565.440000000002,12077.169999999995,0,24318.68,4323.930000000001,0,16565.440000000002,0,5.417373935224673,5.857321932367451,57.78,5268.046596046707,31883.743873051637,10363.780955722144,5397.69,6595.77,5744.7,8000,7750,6750,0.67471125,0.8510670967741936,0.8510666666666666,30000,0.591272,7002,0,-1,-1,-1,NOT_CONSIDERED,CAPEX_DEFERRED|CAPEX_DEFERRED|CAPEX_DEFERRED,297275566.12068725,false
ecuador-delayed-expansion,seed-3,JPQ,31,23969.619999999995,18062.539999999997,5907.079999999998,0,0,23969.619999999995,0,0,18062.539999999997,6.929739607212421,6.865625558433511,70.64,6183.156231092992,7817.605032420606,30243.726733148924,6244.44,7702.93,4894.13,8000,9050,5750,0.780555,0.8511524861878453,0.8511530434782609,30000,0.62805,6938,0,-1,-1,-1,APPROVED,CAPEX_DEFERRED|CAPEX_DEFERRED|CAPEX_DEFERRED,316194104.53306377,false
ecuador-delayed-expansion,seed-3,CONSV,31,14185.410000000002,5780.340000000001,8405.07,0,14185.410000000002,0,0,5780.340000000001,0,5.313978665966033,5.356049889399933,60.62,9149.922861682344,22584.89292448783,3792.3929028393954,9051.12,7745.49,3781.96,12000,9100,4500,0.75426,0.8511527472527473,0.8404355555555556,30000,0.6859523333333333,6769,0,-1,-1,-1,MONITORING,CAPEX_DEFERRED|CAPEX_DEFERRED,325125556.0873672,false
ecuador-delayed-expansion,seed-3,VAP,31,29361.920000000002,17722.909999999996,11639.010000000006,0,25478.87,3883.0499999999997,0,17722.909999999996,0,5.355872644148673,5.875275250683983,57.99,5262.568926685739,33036.06930230067,9916.610224739492,5395.74,6595.77,5744.7,8000,7750,6750,0.6744675,0.8510670967741936,0.8510666666666666,30000,0.5912069999999999,7002,0,-1,-1,-1,NOT_CONSIDERED,CAPEX_DEFERRED|CAPEX_DEFERRED|CAPEX_DEFERRED,311302300.7802558,false
ecuador-delayed-expansion,seed-3,JPQ,32,24831.28,19075.489999999998,5755.790000000001,0,0,24831.28,0,0,19075.489999999998,6.893372116070768,6.803124892417868,71.17,8503.007112003968,9539.905491462463,33141.91041124875,5278.92,7702.93,7645.24,13000,13050,9000,0.40607076923076924,0.5902628352490422,0.8494711111111111,41000,0.503099756097561,8674,6734.24,-1,-1,-1,NOT_CONSIDERED,CAPEX_DEFERRED|CAPEX_DEFERRED,334769000.52728987,false
ecuador-delayed-expansion,seed-3,CONSV,32,14844.999999999998,6439.919999999999,8405.079999999998,0,14844.999999999998,0,0,6439.919999999999,0,5.360580428498868,5.303885230184353,60.63,9150.37429019345,23567.938948723142,3792.581717105192,9120.69,8042.58,3785.74,12000,9450,4500,0.7600575,0.8510666666666666,0.8412755555555556,30000,0.6983003333333334,6769,0,-1,-1,-1,MONITORING,CAPEX_PROPOSED|CAPEX_DEFERRED,343377886.9468713,false
ecuador-delayed-expansion,seed-3,VAP,32,30447.260000000002,18883.100000000002,11564.16,0,26661.320000000003,3785.9400000000005,0,18883.100000000002,0,5.343795782959255,5.810588928778184,58.72,5239.939030393024,34525.85599212878,9793.571928725214,5393.19,6893.64,5744.7,8000,8100,6750,0.67414875,0.8510666666666667,0.8510666666666666,30000,0.601051,7002,0,-1,-1,-1,NOT_CONSIDERED,CAPEX_PROPOSED|CAPEX_DEFERRED|CAPEX_DEFERRED,327053227.8979425,false
ecuador-delayed-expansion,seed-4,JPQ,1,1900,0,1900,0,1900,0,0,0,0,-1,7.005263157894737,-1,4771.23,7232.55,4209.91,4015.62,6783.23,2509.76,8000,8000,5000,0.5019525,0.84790375,0.5019520000000001,30000,0.4436203333333333,5500,2790.77,-1,-1,-1,NOT_CONSIDERED,CAPEX_DEFERRED|CAPEX_DEFERRED,25000000,false
ecuador-delayed-expansion,seed-4,CONSV,1,1400,0,1400,1100,300,0,0,0,0,-1,5.582142857142857,-1,6997.600000000001,6546.8,3259.2,6782.54,5934.73,2128.14,8000,7000,4000,0.8478175,0.8478185714285714,0.5320349999999999,30000,0.494847,4500,1273.83,-1,-1,-1,NOT_CONSIDERED,CAPEX_DEFERRED|CAPEX_DEFERRED|CAPEX_DEFERRED,35000000,false
ecuador-delayed-expansion,seed-4,VAP,1,1650,0,1650,0,450,1200,0,0,0,-1,8.374242424242425,-1,4414.389999999999,5357.759999999999,5698.780000000001,1032.51,5093.06,5093.06,8000,6000,6000,0.12906375,0.8488433333333334,0.8488433333333334,30000,0.3739543333333334,6500,0,-1,-1,-1,NOT_CONSIDERED,CAPEX_DEFERRED|CAPEX_DEFERRED,22000000,false
ecuador-delayed-expansion,seed-4,JPQ,2,1284.48,0,1284.48,755.61,449.32,79.55,0,0,0,-1,5.452158441225616,100,4986.64,5178.117192023859,3812.8128079761404,5694.11,6019.51,3797.33,8000,8000,5000,0.7117637499999999,0.75243875,0.759466,30000,0.5170316666666667,5500,1854.94,-1,-1,-1,NOT_CONSIDERED,CAPEX_DEFERRED|CAPEX_DEFERRED,14494279.701722093,false
ecuador-delayed-expansion,seed-4,CONSV,2,1115.09,0,1115.09,215.06,612.0699999999999,287.96,0,0,0,-1,6.219324203933475,100,5789.861007556675,6516.957909319899,3368.7710831234253,5924.61,5067.59,2959.32,8000,7000,4000,0.7405762499999999,0.7239414285714286,0.73983,30000,0.46505066666666667,4500,2169.45,-1,-1,-1,NOT_CONSIDERED,CAPEX_DEFERRED|CAPEX_DEFERRED|CAPEX_DEFERRED,10878104.155727632,false
ecuador-delayed-expansion,seed-4,VAP,2,3646.58,0,3646.58,3381.8799999999997,264.7,0,0,0,0,-1,4.656061477439135,100,7176.263401131473,4483.168523492993,3866.9294798685764,6507.15,4892.68,0,8000,6000,6000,0.8133937499999999,0.8154466666666668,0,30000,0.3799943333333333,6500,275.74,-1,-1,-1,NOT_CONSIDERED,CAPEX_DEFERRED|CAPEX_DEFERRED,20033387.12761445,false
ecuador-delayed-expansion,seed-4,JPQ,3,0,0,0,0,0,0,0,0,0,-1,-1,100,4362.8941891434015,4876.175858454389,3849.612519832413,5917.85,6400.08,4070.5,8000,8000,5000,0.7397312500000001,0.80001,0.8141,30000,0.546281,6009,685,-1,-1,-1,NOT_CONSIDERED,CAPEX_DEFERRED,31335799.39962873,false
ecuador-delayed-expansion,seed-4,CONSV,3,2333.73,0,2333.73,188.05,1791.28,354.4,0,0,0,-1,4.909802666379178,100,5879.552087479548,7819.789143576823,3499.7091183879083,6377.51,5519.62,3188.75,8000,7000,4000,0.79718875,0.7885171428571428,0.7971875,30000,0.5028626666666667,5038,1029.79,-1,-1,-1,NOT_CONSIDERED,CAPEX_DEFERRED|CAPEX_DEFERRED|CAPEX_DEFERRED,35636469.49230743,false
ecuador-delayed-expansion,seed-4,VAP,3,3599.92,0,3599.92,1289.11,279.78,2031.03,0,0,0,-1,5.36443582195422,100,5212.659447826394,4641.842124821602,6029.586207077313,6147,4494.81,4396.44,8000,6000,6000,0.768375,0.7491350000000001,0.73274,30000,0.501275,6500,0,-1,-1,-1,NOT_CONSIDERED,CAPEX_DEFERRED|CAPEX_DEFERRED|CAPEX_DEFERRED,22053273.937445663,false
ecuador-delayed-expansion,seed-4,JPQ,4,0,0,0,0,0,0,0,0,0,-1,-1,100,5278.2734464838295,5899.226844706135,4657.291787995818,5792.17,6510.5,4086.21,8000,8000,5000,0.7240212500000001,0.8138125,0.817242,30000,0.546296,6009,620.9,-1,-1,-1,NOT_CONSIDERED,CAPEX_DEFERRED,24863901.274827436,false
ecuador-delayed-expansion,seed-4,CONSV,4,2943.31,0,2943.31,0,2518.46,424.85,0,0,0,-1,5.17463813897929,100,5760.207795625221,8619.72296385541,3608.1324961983983,4687.66,5933.53,3390.59,8000,7000,4000,0.5859575,0.8476471428571428,0.8476475,30000,0.46705933333333327,5038,2112.63,-1,-1,-1,NOT_CONSIDERED,CAPEX_DEFERRED|CAPEX_PROPOSED|CAPEX_PROPOSED,33002062.994555224,false
ecuador-delayed-expansion,seed-4,VAP,4,2826.08,0,2826.08,0,692.72,2133.36,0,0,0,-1,6.182715102540413,100,4087.150175846995,5236.668605126289,6298.653936981991,5751.05,5089.99,5088.96,8000,6000,6000,0.71888125,0.8483316666666666,0.84816,30000,0.531,6500,0,-1,-1,-1,NOT_CONSIDERED,CAPEX_DEFERRED|CAPEX_DEFERRED,15981905.313414183,false
ecuador-delayed-expansion,seed-4,JPQ,5,482.69,0,482.69,0,0,482.69,0,0,0,-1,6.63087351039172,100,5356.827824973924,5987.052423507095,5209.302786741698,5366.68,6021.65,4239.95,8000,8000,5000,0.6708350000000001,0.7527062499999999,0.8479899999999999,30000,0.5209426666666667,6009,1111.18,-1,-1,-1,NOT_CONSIDERED,CAPEX_DEFERRED,22750915.034870375,false
ecuador-delayed-expansion,seed-4,CONSV,5,4043.26,0,4043.26,918.07,2831.72,293.47,0,0,0,-1,4.88976641360534,100,6712.625852293595,8969.384379351966,3495.724549951724,6371.72,5519.62,3188.75,8000,7000,4000,0.796465,0.7885171428571428,0.7971875,30000,0.5026696666666667,5038,1029.79,-1,-1,-1,NOT_CONSIDERED,CAPEX_DEFERRED|CAPEX_DEFERRED|CAPEX_DEFERRED,35249251.437229864,false
ecuador-delayed-expansion,seed-4,VAP,5,2053.64,0,2053.64,0,510.47,1543.1699999999998,0,0,0,-1,6.200601204399512,100,4168.973857223195,5145.375716936461,5791.832786853902,4367.76,5090.5,5090.5,8000,6000,6000,0.5459700000000001,0.8484166666666667,0.8484166666666667,30000,0.48495866666666665,6500,0,-1,-1,-1,NOT_CONSIDERED,CAPEX_DEFERRED|CAPEX_DEFERRED,26280079.99066875,false
ecuador-delayed-expansion,seed-4,JPQ,6,869.87,0,869.87,0,0,869.87,0,0,0,-1,6.5823714744296185,100,5484.053746285737,6129.2572661782415,5708.759375904466,5442.64,5973.91,4247.21,8000,8000,5000,0.68033,0.74673875,0.849442,30000,0.5221253333333333,6009,1444.81,-1,-1,-1,NOT_CONSIDERED,CAPEX_DEFERRED,24040679.58047066,false
ecuador-delayed-expansion,seed-4,CONSV,6,4366.78,0,4366.78,443.95,3558.9100000000003,363.92,0,0,0,-1,4.974177540657526,100,6319.215579241218,9782.04259445844,3610.7817505258517,6389.73,5530.2,3194.86,8000,7000,4000,0.7987162499999999,0.7900285714285714,0.7987150000000001,30000,0.5038263333333334,5038,1029.79,-1,-1,-1,NOT_CONSIDERED,CAPEX_DEFERRED|CAPEX_DEFERRED|CAPEX_DEFERRED,34703532.95566338,false
ecuador-delayed-expansion,seed-4,VAP,6,1232.01,0,1232.01,0,327.72,904.29,0,0,0,-1,6.143542557259155,100,5200.439461809748,6109.388560397919,6204.142244828077,4955.14,5089.99,5089.99,8000,6000,6000,0.6193925,0.8483316666666666,0.8483316666666666,30000,0.5045040000000001,6500,0,-1,-1,-1,NOT_CONSIDERED,CAPEX_DEFERRED|CAPEX_DEFERRED,17173090.61572403,false
ecuador-delayed-expansion,seed-4,JPQ,7,1453.25,0,1453.25,0,0,1453.25,0,0,0,-1,6.6662922021784565,100,5550.618137334251,6203.6122235292805,6350.854238824338,5744.15,6066.94,4254.05,8000,8000,5000,0.7180187499999999,0.7583675,0.8508100000000001,30000,0.5355046666666666,6009,1319.92,-1,-1,-1,NOT_CONSIDERED,CAPEX_DEFERRED|CAPEX_DEFERRED,12504676.820942571,false
ecuador-delayed-expansion,seed-4,CONSV,7,4703.78,0,4703.78,0,4275.51,428.27,0,0,0,-1,5.1345360344183755,100,5897.599999999999,10522.32,3687.47,4703.73,5954.48,3402.56,8000,7000,4000,0.5879662499999999,0.85064,0.85064,30000,0.46869233333333327,5038,2112.63,-1,-1,-1,NOT_CONSIDERED,CAPEX_DEFERRED|CAPEX_DEFERRED|CAPEX_DEFERRED,16000922.873730738,false
ecuador-delayed-expansion,seed-4,VAP,7,2251.02,0,2251.02,0,1145.44,1105.58,0,0,0,-1,5.815238451451137,100,5298.156470247641,7035.735862646212,6505.017043215442,5611.74,5089.99,5089.99,8000,6000,6000,0.7014675,0.8483316666666666,0.8483316666666666,30000,0.5263906666666667,6500,0,-1,-1,-1,NOT_CONSIDERED,CAPEX_DEFERRED|CAPEX_DEFERRED,28670934.696387276,false
ecuador-delayed-expansion,seed-4,JPQ,8,1764.9699999999998,0,1764.9699999999998,0,0,1764.9699999999998,0,0,0,-1,6.694507538569148,100,5524.404166666667,6174.3340686274505,6639.444264705882,5917.6,6360.2,4254.05,8000,8000,5000,0.7397,0.795025,0.8508100000000001,30000,0.5510616666666667,6009,789.86,-1,-1,-1,NOT_CONSIDERED,CAPEX_DEFERRED|CAPEX_DEFERRED,35763442.01756897,false
ecuador-delayed-expansion,seed-4,CONSV,8,5960.889999999999,0,5960.889999999999,1145.7,4567.84,247.35,0,0,0,-1,5.007453388287609,100,7039.704838606014,11122.981565568072,3504.5632002822717,6352.91,5765.37,3178.37,8000,7350,4000,0.79411375,0.7844040816326531,0.7945924999999999,30000,0.5098883333333333,5038,1166.88,-1,-1,-1,NOT_CONSIDERED,CAPEX_DEFERRED|CAPEX_PROPOSED|CAPEX_DEFERRED,31619713.59317521,false
ecuador-delayed-expansion,seed-4,VAP,8,3057.6,0,3057.6,0,1963.1599999999999,1094.44,0,0,0,-1,5.712169808231694,100,5381.729236082758,7946.363029665784,6579.054346603652,5628.78,5089.99,5089.99,8000,6000,6000,0.7035975,0.8483316666666666,0.8483316666666666,30000,0.5269586666666667,6500,0,-1,-1,-1,NOT_CONSIDERED,CAPEX_PROPOSED|CAPEX_DEFERRED,35095465.17950879,false
ecuador-delayed-expansion,seed-4,JPQ,9,2047.8799999999999,0,2047.8799999999999,0,0,2047.8799999999999,0,0,0,-1,6.808237257889758,100,5501.903333333335,6149.195897647773,6902.510407451695,5983.66,6807.17,4254.91,8000,8000,5000,0.7479574999999999,0.85089625,0.850982,30000,0.5681913333333333,6248,0,-1,-1,-1,NOT_CONSIDERED,CAPEX_PROPOSED|CAPEX_PROPOSED,45056323.93257858,false
ecuador-delayed-expansion,seed-4,CONSV,9,6340.070000000001,0,6340.070000000001,690.39,5361.61,288.07,0,0,0,-1,5.145038529776883,100,6580.593093653504,11912.5233748824,3543.18223596641,6778.18,6222.29,3389.09,8000,7350,4000,0.8472725,0.8465700680272109,0.8472725,30000,0.5463186666666667,5360,73.98,-1,-1,-1,NOT_CONSIDERED,CAPEX_PROPOSED|CAPEX_DEFERRED|CAPEX_DEFERRED,36904080.29711242,false
ecuador-delayed-expansion,seed-4,VAP,9,4088.95,0,4088.95,0,2906.67,1182.28,0,0,0,-1,5.655796600880844,100,5366.938607750781,8873.433057038721,6651.821845840133,5419.78,5089.99,4617,8000,6000,6000,0.6774724999999999,0.8483316666666666,0.7695,30000,0.5042256666666667,6500,0,-1,-1,-1,NOT_CONSIDERED,CAPEX_DEFERRED|CAPEX_DEFERRED,30727295.49900514,false
ecuador-delayed-expansion,seed-4,JPQ,10,2368.82,0,2368.82,0,0,2368.82,0,0,0,-1,6.924445168328485,100,5827.47515940368,6513.069706710792,7510.720235273262,5952.65,6808.54,4255.34,8000,8000,5000,0.7440812499999999,0.8510675,0.851068,30000,0.5672176666666666,6248,0,-1,-1,-1,MONITORING,CAPEX_DEFERRED|CAPEX_DEFERRED,49921469.76819682,false
ecuador-delayed-expansion,seed-4,CONSV,10,5780.21,0,5780.21,0,5698.46,81.75,0,0,0,-1,5.227571542749542,100,5795.993875937493,12144.600160445738,3484.992876816522,6807.85,6254.71,3616.31,8000,7350,4250,0.85098125,0.8509809523809524,0.8508964705882353,30000,0.5559623333333334,5603,0,-1,-1,-1,NOT_CONSIDERED,CAPEX_DEFERRED|CAPEX_DEFERRED|CAPEX_PROPOSED,37064752.07132256,false
ecuador-delayed-expansion,seed-4,VAP,10,5645.2,0,5645.2,0,3864.67,1780.53,0,0,0,-1,5.7752478494111585,100,5347.651578818795,9810.001383362891,7230.426112487597,5357.29,5098.71,5098.71,8000,6000,6000,0.66966125,0.849785,0.849785,30000,0.5184903333333333,6500,0,-1,-1,-1,NOT_CONSIDERED,CAPEX_DEFERRED|CAPEX_DEFERRED,39222589.14493972,false
ecuador-delayed-expansion,seed-4,JPQ,11,2997.7200000000003,0,2997.7200000000003,0,0,2997.7200000000003,0,0,0,-1,6.807550918304518,100,5807.992657119087,6491.284185232574,8122.421129005601,5909.24,6808.54,4255.34,8000,8000,5000,0.738655,0.8510675,0.851068,30000,0.5657706666666666,6248,0,-1,-1,-1,MONITORING,CAPEX_DEFERRED|CAPEX_DEFERRED,55635136.2082068,false
ecuador-delayed-expansion,seed-4,CONSV,11,5905.89,0,5905.89,0,5905.89,0,0,0,0,-1,5.100414418541165,100,7737.345351889085,11642.723818892286,3028.7634437945158,8309.51,6253.46,3431.52,12000,7350,4250,0.6924591666666667,0.8508108843537415,0.8074164705882353,30000,0.5998163333333334,5603,764.81,-1,-1,-1,NOT_CONSIDERED,CAPEX_DEFERRED|CAPEX_DEFERRED,48091029.662055165,false
ecuador-delayed-expansion,seed-4,VAP,11,6757.06,0,6757.06,0,4813.95,1943.11,0,0,0,-1,5.611712942667512,100,5335.4546092460705,10745.720124397103,7380.56594736401,5413.79,5106.4,4617,8000,6000,6000,0.67672375,0.8510666666666666,0.7695,30000,0.5045729999999999,6500,0,-1,-1,-1,NOT_CONSIDERED,CAPEX_DEFERRED|CAPEX_PROPOSED|CAPEX_DEFERRED,39143970.79648615,false
ecuador-delayed-expansion,seed-4,JPQ,12,3833.31,0,3833.31,0,0,3833.31,0,0,0,-1,6.934960345553966,100,5829.514039755661,6515.3363341421755,8976.98211539292,5945.55,6808.54,4255.34,8000,8000,5000,0.74319375,0.8510675,0.851068,30000,0.566981,6248,0,-1,-1,-1,MONITORING,CAPEX_DEFERRED,50835185.86490959,false
ecuador-delayed-expansion,seed-4,CONSV,12,5411.570000000001,0,5411.570000000001,0,5411.570000000001,0,0,0,0,-1,5.239641445210884,100,8817.969899720805,12260.974537504399,3451.775013959726,9945.58,6551.9,3615.94,12000,7700,4250,0.8287983333333333,0.8508961038961038,0.8508094117647059,30000,0.6704473333333333,6092,0,-1,-1,-1,NOT_CONSIDERED,CAPEX_PROPOSED|CAPEX_DEFERRED|CAPEX_DEFERRED,39519447.34970144,false
ecuador-delayed-expansion,seed-4,VAP,12,8530.35,0,8530.35,0,5755.55,2774.8,0,0,0,-1,5.817145149429653,87.2,5354.439882277362,12055.689010791459,8231.611456080704,5478.46,5403.73,5106.4,8000,6350,6000,0.6848075,0.8509811023622047,0.8510666666666666,30000,0.5329529999999999,6500,0,-1,-1,-1,NOT_CONSIDERED,CAPEX_PROPOSED|CAPEX_DEFERRED|CAPEX_DEFERRED,49498257.43174821,false
ecuador-delayed-expansion,seed-4,JPQ,13,4596.88,0,4596.88,0,0,4596.88,0,0,0,-1,6.873838330082865,90.68,5846.736696991766,6820.4873251600775,9755.775743953564,5969.22,7106.41,4255.34,8000,8350,5000,0.7461525,0.8510670658682634,0.851068,30000,0.5776990000000001,6248,0,-1,-1,-1,MONITORING,CAPEX_DEFERRED,63276371.66213541,false
ecuador-delayed-expansion,seed-4,CONSV,13,5731.149999999999,0,5731.149999999999,0,5731.149999999999,0,0,0,0,-1,5.233447820585911,100,8820.566173214613,12582.563461738191,3452.787416488615,9429.02,6553.22,3617.03,12000,7700,4250,0.7857516666666667,0.8510675324675325,0.8510658823529412,30000,0.653309,6295,0,-1,-1,-1,NOT_CONSIDERED,CAPEX_DEFERRED|CAPEX_DEFERRED,38599726.10039276,false
ecuador-delayed-expansion,seed-4,VAP,13,9785.74,351.82,9433.92,0,6751.5599999999995,3034.1800000000007,0,351.82,0,5.272786705238204,5.805956488958961,86.27,5358.248629152947,13056.171007769222,8494.858927282796,5465.59,5404.28,5106.4,8000,6350,6000,0.68319875,0.851067716535433,0.8510666666666666,30000,0.5325423333333333,6500,0,-1,-1,-1,NOT_CONSIDERED,CAPEX_DEFERRED|CAPEX_DEFERRED|CAPEX_DEFERRED,53574040.02188629,false
ecuador-delayed-expansion,seed-4,JPQ,14,5311.17,341.54,4969.63,0,0,5311.17,0,0,341.54,7.0504712434751005,6.8802400433888256,90.21,5856.491115846171,6831.854800847755,10478.683621966295,5957.48,7106.41,4255.34,8000,8350,5000,0.7446849999999999,0.8510670658682634,0.851068,30000,0.5773076666666667,6248,0,-1,-1,-1,MONITORING,CAPEX_DEFERRED,75641573.3425834,false
ecuador-delayed-expansion,seed-4,CONSV,14,6049.410000000001,0,6049.410000000001,0,6049.410000000001,0,0,0,0,-1,5.240798907139542,100,8825.839000737404,12904.919153642955,3454.861427704326,8674.36,6553.22,3617.03,12000,7700,4250,0.7228633333333334,0.8510675324675325,0.8510658823529412,30000,0.6281536666666667,6295,0,-1,-1,-1,NOT_CONSIDERED,CAPEX_DEFERRED,48044097.51418382,false
ecuador-delayed-expansion,seed-4,VAP,14,10913.659999999998,1347.28,9566.379999999997,0,7734.35,3179.31,0,1347.28,0,5.264475296329688,5.830852846342794,85.38,5359.329244786454,14040.236414014487,8641.108849424341,5425.1,5404.28,5106.4,8000,6350,6000,0.6781375000000001,0.851067716535433,0.8510666666666666,30000,0.5311926666666666,6500,0,-1,-1,-1,NOT_CONSIDERED,CAPEX_DEFERRED|CAPEX_DEFERRED|CAPEX_DEFERRED,63402254.39906351,false
ecuador-delayed-expansion,seed-4,JPQ,15,6117.07,1055.83,5061.24,0,0,6117.07,0,0,1055.83,7.066229701165534,6.798217991112322,90.16,5871.465208144233,6849.321092566905,11556.810406699515,5949.68,6965.63,4467.2,8000,8350,5250,0.74371,0.8342071856287425,0.850895238095238,30000,0.5794170000000001,6248,0,-1,-1,-1,MONITORING,CAPEX_PROPOSED,89811725.3992572,false
ecuador-delayed-expansion,seed-4,CONSV,15,6367.67,0,6367.67,0,6367.67,0,0,0,0,-1,5.177903972167663,100,8832.442136974436,13228.298184454208,3457.436231249862,8589.27,6553.22,3526.98,12000,7700,4250,0.7157725,0.8510675324675325,0.8298776470588235,30000,0.6223156666666667,6295,0,-1,-1,-1,NOT_CONSIDERED,CAPEX_DEFERRED,62345374.45130704,false
ecuador-delayed-expansion,seed-4,VAP,15,12177.419999999998,2330.07,9847.349999999999,0,8713.52,3463.9000000000005,0,2330.07,0,5.27276057433058,5.791113192756942,80.06,5362.410060578222,15023.020980982528,8928.824292183876,5414.21,5404.28,5106.4,8000,6350,6000,0.67677625,0.851067716535433,0.8510666666666666,30000,0.5308296666666666,6500,0,-1,-1,-1,NOT_CONSIDERED,CAPEX_DEFERRED|CAPEX_DEFERRED|CAPEX_DEFERRED,74916209.1386518,false
ecuador-delayed-expansion,seed-4,JPQ,16,6991.13,1649.87,5341.26,0,0,6991.13,0,0,1649.87,6.992257402207598,6.884990182135246,70.67,5871.013125780148,6848.785480095437,12430.450838812849,5936.88,6879.87,4468.1,8000,8350,5250,0.74211,0.8239365269461078,0.8510666666666667,30000,0.5761616666666666,6449,0,-1,-1,-1,MONITORING,CAPEX_DEFERRED,100341031.70141071,false
ecuador-delayed-expansion,seed-4,CONSV,16,6685.92,0,6685.92,0,6685.92,0,0,0,0,-1,5.241401937240857,100,8831.372173819595,13857.52837557028,3660.3572408248306,8814.51,6851.09,3620.38,12000,8050,4500,0.7345425,0.8510670807453417,0.804528888888889,30000,0.6428659999999999,6295,0,-1,-1,-1,NOT_CONSIDERED,CAPEX_PROPOSED|CAPEX_DEFERRED,77333906.80103368,false
ecuador-delayed-expansion,seed-4,VAP,16,13451.88,3309.2400000000002,10142.64,0,9682.49,3769.39,0,3309.2400000000002,0,5.194845453031374,5.8889275053623535,62.95,5345.9376234828005,16319.312069816438,9217.529736082828,5396.38,5702.15,5106.4,8000,6700,6000,0.6745475,0.8510671641791044,0.8510666666666666,30000,0.5401643333333332,6500,0,-1,-1,-1,NOT_CONSIDERED,CAPEX_PROPOSED|CAPEX_DEFERRED|CAPEX_DEFERRED,87703222.38917127,false
ecuador-delayed-expansion,seed-4,JPQ,17,7882.46,2523.03,5359.43,0,0,7882.46,0,0,2523.03,7.0299958041631925,7.166027303553813,70.6,6077.552033103772,7089.726887059688,13513.12549368853,6140.51,7106.41,4468.55,8000,8350,5250,0.76756375,0.8510670658682634,0.851152380952381,30000,0.5905156666666667,6449,0,-1,-1,-1,DEFERRED,CAPEX_DEFERRED|CAPEX_DEFERRED,110732959.46790802,false
ecuador-delayed-expansion,seed-4,CONSV,17,7018.65,0,7018.65,0,7018.65,0,0,0,0,-1,5.459693878089672,88.63,8831.477550610336,14190.352054804842,3660.415037424021,8924.84,6851.78,3667.64,12000,8050,4500,0.7437366666666667,0.8511527950310559,0.815031111111111,30000,0.648142,6295,0,-1,-1,-1,NOT_CONSIDERED,CAPEX_DEFERRED|CAPEX_DEFERRED,87348163.68397179,false
ecuador-delayed-expansion,seed-4,VAP,17,14749.64,3980.3400000000006,10769.3,0,10685.21,4064.4300000000003,0,3980.3400000000006,0,5.254860550044737,6.1357214147852375,61.7,5342.511949848845,17317.77082646623,9735.949898356117,5391.11,5702.15,5319.17,8000,6700,6250,0.6738887499999999,0.8510671641791044,0.8510672,30000,0.547081,6500,0,-1,-1,-1,NOT_CONSIDERED,CAPEX_DEFERRED|CAPEX_PROPOSED|CAPEX_DEFERRED,96912890.38512987,false
ecuador-delayed-expansion,seed-4,JPQ,18,8717,3413.91,5303.09,0,0,8717,0,0,3413.91,7.240920159378105,7.045674725770778,71.48,6067.777938516665,7078.336509811172,14338.619249008727,6201.7,7105.7,4467.65,8000,8350,5250,0.7752125,0.8509820359281437,0.8509809523809523,30000,0.5925016666666666,6449,0,-1,-1,-1,DEFERRED,CAPEX_DEFERRED|CAPEX_DEFERRED,123759925.91228868,false
ecuador-delayed-expansion,seed-4,CONSV,18,7350.69,166.87,7183.82,0,7350.69,0,0,166.87,0,5.499499209854227,5.367711425812289,87.88,8828.263272900074,14519.763780493136,3659.088647151573,8882.89,6851.78,3608.78,12000,8050,4500,0.7402408333333332,0.8511527950310559,0.8019511111111112,30000,0.6447816666666666,6295,0,-1,-1,-1,NOT_CONSIDERED,CAPEX_DEFERRED|CAPEX_DEFERRED,102569533.37250969,false
ecuador-delayed-expansion,seed-4,VAP,18,15302.639999999998,4983.0599999999995,10319.579999999998,0,11676.14,3626.4999999999995,0,4983.0599999999995,0,5.4684788733586585,5.9786934334771935,60.55,5331.174191538731,18294.636436600416,9285.968003435102,5378.14,5702.15,5319.17,8000,6700,6250,0.6722675,0.8510671641791044,0.8510672,30000,0.5466486666666667,6500,0,-1,-1,-1,NOT_CONSIDERED,CAPEX_DEFERRED|CAPEX_DEFERRED|CAPEX_DEFERRED,106599279.17561188,false
ecuador-delayed-expansion,seed-4,JPQ,19,9853.470000000001,4249.35,5604.120000000001,0,0,9853.470000000001,0,0,4249.35,7.078111504549012,7.097116240632165,70.36,6076.38084893934,7088.3606501578815,15483.060322090196,6171.89,7106.41,4468.1,8000,8350,5250,0.77148625,0.8510670658682634,0.8510666666666667,30000,0.5915466666666667,6449,0,-1,-1,-1,DEFERRED,CAPEX_DEFERRED|CAPEX_DEFERRED,137896240.6189669,false
ecuador-delayed-expansion,seed-4,CONSV,19,7682.719999999999,498.91,7183.8099999999995,0,7682.719999999999,0,0,498.91,0,5.406549686926277,5.4048956769951,87.99,8832.337758389927,14855.110612237648,3660.7715709116146,8836.01,6851.78,3641.39,12000,8050,4500,0.7363341666666667,0.8511527950310559,0.8091977777777778,30000,0.644306,6295,0,-1,-1,-1,NOT_CONSIDERED,CAPEX_DEFERRED|CAPEX_DEFERRED,117846312.23008797,false
ecuador-delayed-expansion,seed-4,VAP,19,16685.600000000002,5973.99,10711.610000000002,0,12706.919999999998,3978.6800000000003,0,5973.99,0,5.372466400016144,6.070895126513068,62.23,5332.426675175441,19326.958785229104,9639.476246532282,5419.87,5702.15,5319.17,8000,6700,6250,0.6774837499999999,0.8510671641791044,0.8510672,30000,0.5480396666666667,6500,0,-1,-1,-1,NOT_CONSIDERED,CAPEX_DEFERRED|CAPEX_DEFERRED|CAPEX_DEFERRED,118036722.47333796,false
ecuador-delayed-expansion,seed-4,JPQ,20,11015.68,5385.37,5630.31,0,0,11015.68,0,0,5385.37,7.102459162042162,7.129067780144828,70.27,6085.253184730245,7098.708962701479,16653.471193981222,6139.69,7106.41,4468.1,8000,8350,5250,0.76746125,0.8510670658682634,0.8510666666666667,30000,0.5904733333333332,6449,0,-1,-1,-1,DEFERRED,CAPEX_DEFERRED|CAPEX_DEFERRED,153963847.9678324,false
ecuador-delayed-expansion,seed-4,CONSV,20,8014.75,830.94,7183.8099999999995,0,8014.75,0,0,830.94,0,5.444618820713807,5.438685035240694,89.74,8833.944548409338,15500.355643652123,3661.437543090713,8831.62,7148.96,3678.51,12000,8400,4500,0.7359683333333334,0.8510666666666666,0.8174466666666668,30000,0.6553030000000001,6295,0,-1,-1,-1,NOT_CONSIDERED,CAPEX_PROPOSED|CAPEX_DEFERRED,134327448.32980695,false
ecuador-delayed-expansion,seed-4,VAP,20,18103.33,7004.77,11098.560000000001,0,13733.28,4370.049999999999,0,7004.77,0,5.407251836947554,6.1335700859604385,62.32,5318.605073159527,20681.10486463448,10016.183259513291,5420.58,6000.02,5319.17,8000,7050,6250,0.6775725,0.8510666666666667,0.8510672,30000,0.5579923333333333,6500,0,-1,-1,-1,NOT_CONSIDERED,CAPEX_PROPOSED|CAPEX_DEFERRED|CAPEX_DEFERRED,131440360.5934445,false
ecuador-delayed-expansion,seed-4,JPQ,21,12144.18,6547.58,5596.6,0,0,12144.18,0,0,6547.58,7.156082343042489,7.31884905266985,70.39,6089.7569486697075,7103.976016001443,18054.82703349674,6133.77,7105.7,4679.93,8000,8350,5500,0.76672125,0.8509820359281437,0.8508963636363637,30000,0.5973133333333334,6449,0,-1,-1,-1,DEFERRED,CAPEX_PROPOSED|CAPEX_DEFERRED,169290664.19759926,false
ecuador-delayed-expansion,seed-4,CONSV,21,8361.95,865.79,7496.160000000001,0,8361.95,0,0,865.79,0,5.481673265214937,5.583486490071796,88.92,8835.09989430164,15848.54311014642,3661.9105557687885,8845.95,7149.68,3659.03,12000,8400,4500,0.7371625,0.851152380952381,0.8131177777777778,30000,0.6551553333333333,6295,0,-1,-1,-1,NOT_CONSIDERED,CAPEX_DEFERRED|CAPEX_DEFERRED,147796742.9838175,false
ecuador-delayed-expansion,seed-4,VAP,21,19497.14,7733.260000000001,11763.879999999997,0,14787.4,4709.740000000001,0,7733.260000000001,0,5.441468121244451,6.303465764653754,61.05,5319.362094029599,21736.207159134286,10356.66637563879,5401.09,6000.02,5319.17,8000,7050,6250,0.67513625,0.8510666666666667,0.8510672,30000,0.5573426666666667,6500,0,-1,-1,-1,NOT_CONSIDERED,CAPEX_DEFERRED|CAPEX_DEFERRED|CAPEX_DEFERRED,142415933.4668949,false
ecuador-delayed-expansion,seed-4,JPQ,22,13181.65,7464.25,5717.4,0,0,13181.65,0,0,7464.25,7.318688812651925,7.186782529053489,69.94,6102.383612138957,7118.7155251225395,19104.56226267576,6152.18,7106.41,4680.87,8000,8350,5500,0.7690225,0.8510670658682634,0.8510672727272727,30000,0.597982,6687,0,-1,-1,-1,DEFERRED,CAPEX_PROPOSED|CAPEX_DEFERRED|CAPEX_DEFERRED,185358335.04716605,false
ecuador-delayed-expansion,seed-4,CONSV,22,8708.429999999998,1212.27,7496.159999999998,0,8708.429999999998,0,0,1212.27,0,5.6266119971138,5.48683506459244,88.39,8840.47800372211,16199.563419362375,3664.151339721709,8856.73,7149.68,3636.14,12000,8400,4500,0.7380608333333333,0.851152380952381,0.808031111111111,30000,0.6547516666666666,6295,0,-1,-1,-1,NOT_CONSIDERED,CAPEX_DEFERRED|CAPEX_DEFERRED,165178576.17110726,false
ecuador-delayed-expansion,seed-4,VAP,22,20346.940000000002,8787.38,11559.560000000003,0,15838.77,4508.17,0,8787.38,0,5.565357726768114,6.162541912365482,59.86,5323.975117235408,22793.61292214549,10160.009362634759,5395.71,6000.02,5319.17,8000,7050,6250,0.67446375,0.8510666666666667,0.8510672,30000,0.5571633333333333,6500,0,-1,-1,-1,NOT_CONSIDERED,CAPEX_DEFERRED|CAPEX_DEFERRED|CAPEX_DEFERRED,158244145.02278334,false
ecuador-delayed-expansion,seed-4,JPQ,23,14409.85,8500.78,5909.07,0,0,14409.85,0,0,8500.78,7.26904650777891,7.182843672247841,69.25,6105.260111363026,7122.059498460596,20335.544514701447,6150.43,7106.41,4680.87,8000,8350,5500,0.76880375,0.8510670658682634,0.8510672727272727,30000,0.5979236666666666,6687,0,-1,-1,-1,DEFERRED,CAPEX_DEFERRED|CAPEX_DEFERRED|CAPEX_DEFERRED,199728625.26863086,false
ecuador-delayed-expansion,seed-4,CONSV,23,9054.910000000002,1558.75,7496.160000000002,0,9054.910000000002,0,0,1558.75,0,5.5288167400856985,5.487140463609795,88.56,9150.570212698041,16808.803555025705,3792.6570698842233,9156.16,7148.24,3785.22,12000,8400,4500,0.7630133333333333,0.8509809523809524,0.8411599999999999,30000,0.669654,6295,0,-1,-1,-1,MONITORING,CAPEX_DEFERRED|CAPEX_DEFERRED,182847402.12570393,false
ecuador-delayed-expansion,seed-4,VAP,23,21657.170000000002,9838.75,11818.420000000002,0,16873.050000000003,4784.120000000001,0,9838.75,0,5.523402719041468,6.195527039295493,60.95,5318.757735120905,23821.06820659194,10656.248959107008,5377.24,5999.42,5530.82,8000,7050,6500,0.672155,0.850981560283688,0.8508953846153846,30000,0.5635826666666667,6500,0,-1,-1,-1,NOT_CONSIDERED,CAPEX_DEFERRED|CAPEX_PROPOSED|CAPEX_DEFERRED,175111157.58890498,false
ecuador-delayed-expansion,seed-4,JPQ,24,15657.78,9728.98,5928.800000000001,0,0,15657.78,0,0,9728.98,7.207152319671927,7.343937947018738,69.18,6107.590622450952,7124.768198657523,21585.73648168046,6142.86,7106.41,4680.87,8000,8350,5500,0.7678575,0.8510670658682634,0.8510672727272727,30000,0.5976713333333333,6687,0,-1,-1,-1,DEFERRED,CAPEX_DEFERRED|CAPEX_DEFERRED|CAPEX_DEFERRED,213815200.0185086,false
ecuador-delayed-expansion,seed-4,CONSV,24,9665.19,1906.67,7758.52,0,9665.19,0,0,1906.67,0,5.529211743832313,5.621614307683158,88.71,9150.628699104935,17742.241221678552,3792.705441379691,9261.31,7446.09,3829.42,12000,8750,4500,0.7717758333333333,0.8509817142857143,0.8509822222222222,30000,0.6845606666666667,6577,0,-1,-1,-1,MONITORING,CAPEX_PROPOSED|CAPEX_DEFERRED,198052275.68111637,false
ecuador-delayed-expansion,seed-4,VAP,24,23075.28,10873.63,12201.65,0,17904.249999999996,5171.030000000001,0,10873.63,0,5.495278544740383,6.372383696359155,61.64,5304.741864076528,25178.000421230616,11027.687409387716,5361.58,6297.26,5531.38,8000,7400,6500,0.6701975,0.8509810810810811,0.8509815384615385,30000,0.5730073333333334,6759,0,-1,-1,-1,NOT_CONSIDERED,CAPEX_PROPOSED|CAPEX_DEFERRED|CAPEX_DEFERRED,189375973.6842812,false
ecuador-delayed-expansion,seed-4,JPQ,25,16842.640000000003,10976.910000000002,5865.730000000001,0,0,16842.640000000003,0,0,10976.910000000002,7.278956968213253,7.227114043200048,69.4,6107.2390858462195,7124.368060873688,22770.255284337123,6138.13,7106.41,4680.87,8000,8350,5500,0.76726625,0.8510670658682634,0.8510672727272727,30000,0.5975136666666666,6687,0,-1,-1,-1,DEFERRED,CAPEX_DEFERRED|CAPEX_DEFERRED|CAPEX_DEFERRED,231984333.70497382,false
ecuador-delayed-expansion,seed-4,CONSV,25,10300.909999999998,2219.1,8081.809999999998,0,10300.909999999998,0,0,2219.1,0,5.6511069180862155,5.534853230334466,61.54,9150.933605919528,18378.23035596869,3792.831817585397,9195.29,7447.58,3809.92,12000,8750,4500,0.7662741666666667,0.851152,0.8466488888888889,30000,0.6817596666666667,6577,0,-1,-1,-1,MONITORING,CAPEX_DEFERRED|CAPEX_DEFERRED,214966130.5287313,false
ecuador-delayed-expansion,seed-4,VAP,25,24460.749999999996,11606.99,12853.759999999997,0,18964.75,5496,0,11606.99,0,5.5751233609331745,6.27533244904674,60.4,5304.942954075209,26238.77261111846,11352.902622340853,5361.27,6297.9,5531.94,8000,7400,6500,0.67015875,0.8510675675675675,0.8510676923076922,30000,0.573037,6759,0,-1,-1,-1,NOT_CONSIDERED,CAPEX_DEFERRED|CAPEX_DEFERRED|CAPEX_DEFERRED,203531341.04372984,false
ecuador-delayed-expansion,seed-4,JPQ,26,17909.65,12161.77,5747.880000000001,0,0,17909.65,0,0,12161.77,7.290101772548753,7.251481477704921,69.83,6109.6672719904445,7425.943203248304,23839.62205359069,6142.48,7404.28,4681.34,8000,8700,5500,0.76781,0.8510666666666666,0.8511527272727273,30000,0.6076033333333333,6687,0,-1,-1,-1,DEFERRED,CAPEX_PROPOSED|CAPEX_DEFERRED|CAPEX_DEFERRED,249891960.6195814,false
ecuador-delayed-expansion,seed-4,CONSV,26,10935.140000000001,2853.33,8081.810000000001,0,10935.140000000001,0,0,2853.33,0,5.562020977131295,5.571567656610228,61.56,9152.65772746946,19013.97220240483,3793.536426275355,9134.92,7447.58,3778.01,12000,8750,4500,0.7612433333333334,0.851152,0.8395577777777778,30000,0.6786836666666667,6577,0,-1,-1,-1,MONITORING,CAPEX_DEFERRED|CAPEX_DEFERRED,231857518.20651585,false
ecuador-delayed-expansion,seed-4,VAP,26,25243.64,12666.85,12576.789999999999,0,20023.77,5219.87,0,12666.85,0,5.575917901832732,6.273837379930874,59.08,5304.002250040317,27296.483367382672,11075.72119095306,5364.34,6297.9,5531.94,8000,7400,6500,0.6705425,0.8510675675675675,0.8510676923076922,30000,0.5731393333333333,6759,0,-1,-1,-1,NOT_CONSIDERED,CAPEX_DEFERRED|CAPEX_DEFERRED|CAPEX_DEFERRED,218799706.26723182,false
ecuador-delayed-expansion,seed-4,JPQ,27,18985.42,13228.31,5757.109999999999,0,0,18985.42,0,0,13228.31,7.281322361979543,7.316475133133163,70.27,6231.246586201864,7573.71533163681,25308.30460968982,6261.78,7403.54,4892.65,8000,8700,5750,0.7827225,0.8509816091954023,0.8508956521739129,30000,0.618599,6687,0,-1,-1,-1,DEFERRED,CAPEX_DEFERRED|CAPEX_PROPOSED|CAPEX_DEFERRED,264942720.45805722,false
ecuador-delayed-expansion,seed-4,CONSV,27,11569.359999999999,3487.56,8081.799999999999,0,11569.359999999999,0,0,3487.56,0,5.591786029863743,5.634954409416292,61.55,9151.397621282325,19647.07993679344,3793.014145330933,9133.63,7447.58,3771.29,12000,8750,4500,0.7611358333333332,0.851152,0.8380644444444444,30000,0.6784166666666667,6577,0,-1,-1,-1,MONITORING,CAPEX_DEFERRED|CAPEX_DEFERRED,249125495.84226838,false
ecuador-delayed-expansion,seed-4,VAP,27,26044.379999999994,13725.869999999999,12318.509999999995,0,21086.499999999996,4957.880000000001,0,13725.869999999999,0,5.558302604579293,6.319091081043473,59.1,5293.854815145836,28345.32228844134,10802.538987518568,5359.06,6297.9,5531.94,8000,7400,6500,0.6698825,0.8510675675675675,0.8510676923076922,30000,0.5729633333333333,6759,0,-1,-1,-1,NOT_CONSIDERED,CAPEX_DEFERRED|CAPEX_DEFERRED|CAPEX_DEFERRED,234226005.99278307,false
ecuador-delayed-expansion,seed-4,JPQ,28,20297.039999999997,14092.769999999999,6204.269999999999,0,0,20297.039999999997,0,0,14092.769999999999,7.297397401065387,7.205401456334855,69.14,6220.980813349777,7561.237885885728,26609.51777921941,6307.48,7404.28,4893.64,8000,8700,5750,0.788435,0.8510666666666666,0.8510678260869565,30000,0.62018,6942,0,-1,-1,-1,READY_TO_BUILD,CAPEX_DEFERRED|CAPEX_DEFERRED|CAPEX_DEFERRED,279994139.3460969,false
ecuador-delayed-expansion,seed-4,CONSV,28,12203.579999999998,4121.78,8081.799999999998,0,12203.579999999998,0,0,4121.78,0,5.649598960988645,5.5699415595138655,61.55,9150.120101798337,20603.243168129145,3792.498782670463,9152.36,7743.93,3779.45,12000,9100,4500,0.7626966666666667,0.8509813186813188,0.8398777777777777,30000,0.6891913333333334,6577,0,-1,-1,-1,MONITORING,CAPEX_PROPOSED|CAPEX_DEFERRED,269576176.05935633,false
ecuador-delayed-expansion,seed-4,VAP,28,27390.72,14788.6,12602.12,0,22188.510000000002,5202.21,0,14788.6,0,5.605726390087339,6.258790100569176,60.16,5277.065947543885,29766.536774323053,11028.334832259436,5377.5,6594.44,5531.38,8000,7750,6500,0.6721875,0.8508954838709677,0.8509815384615385,30000,0.583444,6759,0,-1,-1,-1,NOT_CONSIDERED,CAPEX_PROPOSED|CAPEX_DEFERRED|CAPEX_DEFERRED,253415619.68566296,false
ecuador-delayed-expansion,seed-4,JPQ,29,21361.129999999994,15403.4,5957.729999999994,0,0,21361.129999999994,0,0,15403.4,7.272455922865007,6.992309107321341,70,6197.059101418803,7532.16244585872,27649.324356561738,6269.11,7405.03,4894.13,8000,8700,5750,0.7836387499999999,0.8511528735632183,0.8511530434782609,30000,0.6189423333333334,6942,0,-1,-1,-1,APPROVED,CAPEX_DEFERRED|CAPEX_DEFERRED|CAPEX_DEFERRED,291555022.92453176,false
ecuador-delayed-expansion,seed-4,CONSV,29,12864.72,4459.65,8405.07,0,12864.72,0,0,4459.65,0,5.5803758026563495,5.424544746043505,60.63,9151.68476564423,21265.79115816852,3793.1290163625786,9164.08,7743.93,3793.03,12000,9100,4500,0.7636733333333333,0.8509813186813188,0.8428955555555556,30000,0.6900346666666667,6577,0,-1,-1,-1,MONITORING,CAPEX_DEFERRED|CAPEX_DEFERRED,288380861.6889926,false
ecuador-delayed-expansion,seed-4,VAP,29,28571.460000000003,15594.07,12977.390000000003,0,23335.25,5236.209999999999,0,15594.07,0,5.605387805595602,6.063282565533273,58.6,5267.215334104341,30899.12960705193,11275.105153693718,5387.23,6595.11,5743.55,8000,7750,6750,0.67340375,0.8509819354838709,0.8508962962962964,30000,0.590863,6759,0,-1,-1,-1,NOT_CONSIDERED,CAPEX_DEFERRED|CAPEX_PROPOSED|CAPEX_DEFERRED,270778366.99817103,false
ecuador-delayed-expansion,seed-4,JPQ,30,22247.310000000005,16467,5780.310000000005,0,0,22247.310000000005,0,0,16467,7.166030253236848,6.792170433532072,70.63,6168.76722512818,7799.402622453748,28506.796413985165,6234.02,7702.16,4894.13,8000,9050,5750,0.7792525,0.8510674033149171,0.8511530434782609,30000,0.627677,6942,0,-1,-1,-1,APPROVED,CAPEX_PROPOSED|CAPEX_DEFERRED|CAPEX_DEFERRED,302786221.8266681,false
ecuador-delayed-expansion,seed-4,CONSV,30,13525.85,5120.79,8405.060000000001,0,13525.85,0,0,5120.79,0,5.432684490064187,5.2992882808622355,60.63,9151.952424188054,21927.195210628895,3793.2482394759254,9160.41,7743.93,3791.37,12000,9100,4500,0.7633675,0.8509813186813188,0.8425266666666666,30000,0.6898569999999999,6577,0,-1,-1,-1,MONITORING,CAPEX_DEFERRED|CAPEX_DEFERRED,307121969.01604843,false
ecuador-delayed-expansion,seed-4,VAP,30,29181.949999999993,16740.14,12441.809999999994,0,24499.469999999998,4682.479999999999,0,16740.14,0,5.515212650255824,5.868040321765957,57.72,5261.140787925645,32054.625408765467,10714.413582930398,5400.59,6595.77,5744.7,8000,7750,6750,0.67507375,0.8510670967741936,0.8510666666666666,30000,0.5913686666666668,7003,0,-1,-1,-1,NOT_CONSIDERED,CAPEX_DEFERRED|CAPEX_DEFERRED|CAPEX_DEFERRED,286207697.14022017,false
ecuador-delayed-expansion,seed-4,JPQ,31,23206.150000000005,17353.180000000004,5852.970000000001,0,0,23206.150000000005,0,0,17353.180000000004,6.997584986135672,6.696835789132056,70.83,6145.986834366084,7770.622700058212,29442.54074105191,6240.48,7702.93,4894.13,8000,9050,5750,0.78006,0.8511524861878453,0.8511530434782609,30000,0.627918,6942,0,-1,-1,-1,APPROVED,CAPEX_DEFERRED|CAPEX_DEFERRED|CAPEX_DEFERRED,311575997.59768146,false
ecuador-delayed-expansion,seed-4,CONSV,31,14185.230000000001,5781.92,8403.310000000001,0,14185.230000000001,0,0,5781.92,0,5.305172927018013,5.231431153885787,60.63,9152.096182017089,22586.70799781436,3793.313676137004,9154.9,7743.93,3785.32,12000,9100,4500,0.7629083333333333,0.8509813186813188,0.8411822222222223,30000,0.6894716666666667,6577,0,-1,-1,-1,MONITORING,CAPEX_DEFERRED|CAPEX_DEFERRED,324789996.3163437,false
ecuador-delayed-expansion,seed-4,VAP,31,29891.459999999995,17903.699999999997,11987.759999999998,0,25687.7,4203.759999999999,0,17903.699999999997,0,5.396346650775706,5.755824485493908,57.86,5256.037247147332,33235.52050656092,10229.846634705158,5420.52,6595.77,5744.7,8000,7750,6750,0.6775650000000001,0.8510670967741936,0.8510666666666666,30000,0.592033,7003,0,-1,-1,-1,NOT_CONSIDERED,CAPEX_DEFERRED|CAPEX_DEFERRED|CAPEX_DEFERRED,302067251.2483965,false
ecuador-delayed-expansion,seed-4,JPQ,32,24215.2,18312.02,5903.18,0,0,24215.2,0,0,18312.02,6.853511547408525,6.790523280674988,70.65,8396.871251985362,9420.840195875244,32194.132909004293,5242.1,7702.93,7432.45,13000,13050,8750,0.40323846153846155,0.5902628352490422,0.8494228571428571,41000,0.49701170731707317,8675,6711.13,-1,-1,-1,NOT_CONSIDERED,CAPEX_DEFERRED|CAPEX_DEFERRED,328601491.66590714,false
ecuador-delayed-expansion,seed-4,CONSV,32,14846.380000000001,6441.3,8405.080000000002,0,14846.380000000001,0,0,6441.3,0,5.235426593922772,5.301153837017116,60.64,9153.002073714804,23571.83351206668,3793.675005390167,9155,8040.97,3789.57,12000,9450,4500,0.7629166666666667,0.8508962962962964,0.8421266666666667,30000,0.6995180000000001,6577,0,-1,-1,-1,MONITORING,CAPEX_PROPOSED|CAPEX_DEFERRED,341056350.8833935,false
ecuador-delayed-expansion,seed-4,VAP,32,31292.710000000006,19091.930000000004,12200.780000000002,0,26896.660000000003,4396.05,0,19091.930000000004,0,5.300543593113181,5.852861549758277,59.3,5241.21940900948,34763.1111193697,10405.150239703296,5426.52,6892.26,5744.13,8000,8100,6750,0.678315,0.8508962962962964,0.8509822222222222,30000,0.602097,7003,0,-1,-1,-1,NOT_CONSIDERED,CAPEX_PROPOSED|CAPEX_DEFERRED|CAPEX_DEFERRED,317625076.87398255,false
ecuador-delayed-expansion,seed-5,JPQ,1,1900,0,1900,0,1900,0,0,0,0,-1,7.005263157894737,-1,4771.23,7232.55,4209.91,4015.62,6783.23,2509.76,8000,8000,5000,0.5019525,0.84790375,0.5019520000000001,30000,0.4436203333333333,5500,2790.77,-1,-1,-1,NOT_CONSIDERED,CAPEX_DEFERRED|CAPEX_DEFERRED,25000000,false
ecuador-delayed-expansion,seed-5,CONSV,1,1400,0,1400,1100,300,0,0,0,0,-1,5.582142857142857,-1,6997.600000000001,6546.8,3259.2,6782.54,5934.73,2128.14,8000,7000,4000,0.8478175,0.8478185714285714,0.5320349999999999,30000,0.494847,4500,1273.83,-1,-1,-1,NOT_CONSIDERED,CAPEX_DEFERRED|CAPEX_DEFERRED|CAPEX_DEFERRED,35000000,false
ecuador-delayed-expansion,seed-5,VAP,1,1650,0,1650,0,450,1200,0,0,0,-1,8.374242424242425,-1,4414.389999999999,5357.759999999999,5698.780000000001,1032.51,5093.06,5093.06,8000,6000,6000,0.12906375,0.8488433333333334,0.8488433333333334,30000,0.3739543333333334,6500,0,-1,-1,-1,NOT_CONSIDERED,CAPEX_DEFERRED|CAPEX_DEFERRED,22000000,false
ecuador-delayed-expansion,seed-5,JPQ,2,1284.48,0,1284.48,755.61,449.32,79.55,0,0,0,-1,5.452158441225616,100,4986.64,5178.117192023859,3812.8128079761404,5694.11,6019.51,3797.33,8000,8000,5000,0.7117637499999999,0.75243875,0.759466,30000,0.5170316666666667,5500,1854.94,-1,-1,-1,NOT_CONSIDERED,CAPEX_DEFERRED|CAPEX_DEFERRED,14494279.701722093,false
ecuador-delayed-expansion,seed-5,CONSV,2,1115.09,0,1115.09,215.06,612.0699999999999,287.96,0,0,0,-1,6.219324203933475,100,5789.861007556675,6516.957909319899,3368.7710831234253,5924.61,5067.59,2959.32,8000,7000,4000,0.7405762499999999,0.7239414285714286,0.73983,30000,0.46505066666666667,4500,2169.45,-1,-1,-1,NOT_CONSIDERED,CAPEX_DEFERRED|CAPEX_DEFERRED|CAPEX_DEFERRED,10878104.155727632,false
ecuador-delayed-expansion,seed-5,VAP,2,3646.58,0,3646.58,3381.8799999999997,264.7,0,0,0,0,-1,4.656061477439135,100,7176.263401131473,4483.168523492993,3866.9294798685764,6507.15,4892.68,0,8000,6000,6000,0.8133937499999999,0.8154466666666668,0,30000,0.3799943333333333,6500,275.74,-1,-1,-1,NOT_CONSIDERED,CAPEX_DEFERRED|CAPEX_DEFERRED,20033387.12761445,false
ecuador-delayed-expansion,seed-5,JPQ,3,0,0,0,0,0,0,0,0,0,-1,-1,100,4364.31918615675,4877.768502175192,3850.8698701383087,5919.56,6402.01,4070.74,8000,8000,5000,0.7399450000000001,0.8002512500000001,0.814148,30000,0.5464103333333332,6010,684.11,-1,-1,-1,NOT_CONSIDERED,CAPEX_DEFERRED,30526074.35917525,false
ecuador-delayed-expansion,seed-5,CONSV,3,2337.4,0,2337.4,188.05,1791.28,358.07,0,0,0,-1,4.992905654667217,100,5880.2739590517795,7820.523660595573,3503.767380352644,6377.51,5519.62,3188.75,8000,7000,4000,0.79718875,0.7885171428571428,0.7971875,30000,0.5028626666666667,5038,1029.79,-1,-1,-1,NOT_CONSIDERED,CAPEX_DEFERRED|CAPEX_DEFERRED|CAPEX_DEFERRED,34888805.44228814,false
ecuador-delayed-expansion,seed-5,VAP,3,3608.52,0,3608.52,1289.11,279.78,2039.6299999999999,0,0,0,-1,5.455622997986564,100,5214.032860532128,4643.369036008806,6039.585875406313,6064.18,4556.23,4334.68,8000,6000,6000,0.7580225,0.7593716666666666,0.7224466666666667,30000,0.49850300000000003,6500,0,-1,-1,-1,NOT_CONSIDERED,CAPEX_DEFERRED|CAPEX_DEFERRED|CAPEX_DEFERRED,21560868.84110887,false
ecuador-delayed-expansion,seed-5,JPQ,4,0,0,0,0,0,0,0,0,0,-1,-1,100,5277.31930852164,5898.180403641833,4656.448794998912,5791.5,6510.11,4087.23,8000,8000,5000,0.7239375,0.81376375,0.817446,30000,0.5462946666666667,6010,616.59,-1,-1,-1,NOT_CONSIDERED,CAPEX_DEFERRED,25749346.22103695,false
ecuador-delayed-expansion,seed-5,CONSV,4,2946.97,0,2946.97,0,2518.45,428.52,0,0,0,-1,5.2408363704664405,100,5760.685972701187,8620.218874895045,3612.051586901763,4687.66,5933.53,3390.59,8000,7000,4000,0.5859575,0.8476471428571428,0.8476475,30000,0.46705933333333327,5038,2112.63,-1,-1,-1,NOT_CONSIDERED,CAPEX_DEFERRED|CAPEX_PROPOSED|CAPEX_PROPOSED,32855852.643408414,false
ecuador-delayed-expansion,seed-5,VAP,4,2835.0199999999995,0,2835.0199999999995,0,631.3,2203.72,0,0,0,-1,6.303796974931485,100,4088.0750436090225,5176.275805270996,6369.947049763943,5805.39,5089.47,5088.96,8000,6000,6000,0.72567375,0.848245,0.84816,30000,0.532794,6500,0,-1,-1,-1,NOT_CONSIDERED,CAPEX_DEFERRED|CAPEX_DEFERRED,16892699.76211352,false
ecuador-delayed-expansion,seed-5,JPQ,5,467.31,0,467.31,0,0,467.31,0,0,0,-1,6.5637513516876105,100,5355.514156434838,5985.563963024326,5192.755233966573,5367.88,6023.65,4239.95,8000,8000,5000,0.670985,0.75295625,0.8479899999999999,30000,0.5210493333333334,6010,1102.2,-1,-1,-1,NOT_CONSIDERED,CAPEX_DEFERRED,25608667.341933887,false
ecuador-delayed-expansion,seed-5,CONSV,5,4046.9500000000003,0,4046.9500000000003,918.1,2831.72,297.13,0,0,0,-1,4.841839480696105,100,6712.9973444458865,8969.756499698691,3499.578699387043,6371.72,5519.62,3188.75,8000,7000,4000,0.796465,0.7885171428571428,0.7971875,30000,0.5026696666666667,5038,1029.79,-1,-1,-1,NOT_CONSIDERED,CAPEX_DEFERRED|CAPEX_DEFERRED|CAPEX_DEFERRED,36201444.814183995,false
ecuador-delayed-expansion,seed-5,VAP,5,2063.1099999999997,0,2063.1099999999997,0,449.58,1613.53,0,0,0,-1,6.174340703977418,100,4169.651208927051,5085.258717537644,5862.892712132791,4415.58,5090.5,5090.5,8000,6000,6000,0.5519475,0.8484166666666667,0.8484166666666667,30000,0.4865526666666667,6500,0,-1,-1,-1,NOT_CONSIDERED,CAPEX_DEFERRED|CAPEX_DEFERRED,27869790.974906344,false
ecuador-delayed-expansion,seed-5,JPQ,6,1073,0,1073,0,0,1073,0,0,0,-1,6.645383780916923,100,5502.462832719242,6149.821221489383,5928.114264164038,5451.66,5966.36,4247.21,8000,8000,5000,0.6814574999999999,0.745795,0.849442,30000,0.5221743333333333,6010,1459.91,-1,-1,-1,NOT_CONSIDERED,CAPEX_DEFERRED,22299521.24274289,false
ecuador-delayed-expansion,seed-5,CONSV,6,4370.46,0,4370.46,443.97,3558.91,367.58,0,0,0,-1,5.023083273186853,100,6319.576905332698,9782.414682622133,3614.625921368069,6389.73,5530.2,3194.86,8000,7000,4000,0.7987162499999999,0.7900285714285714,0.7987150000000001,30000,0.5038263333333334,5038,1029.79,-1,-1,-1,NOT_CONSIDERED,CAPEX_DEFERRED|CAPEX_DEFERRED|CAPEX_DEFERRED,34772075.99297209,false
ecuador-delayed-expansion,seed-5,VAP,6,1288.6399999999999,0,1288.6399999999999,0,266.84,1021.8,0,0,0,-1,6.300504465822106,100,5205.798139865272,6054.46615314877,6327.132954058914,4957.86,5089.99,5089.99,8000,6000,6000,0.6197324999999999,0.8483316666666666,0.8483316666666666,30000,0.5045946666666666,6500,0,-1,-1,-1,NOT_CONSIDERED,CAPEX_DEFERRED|CAPEX_DEFERRED,16952713.915775318,false
ecuador-delayed-expansion,seed-5,JPQ,7,1553.19,0,1553.19,0,0,1553.19,0,0,0,-1,6.619953729076972,100,5558.648264914822,6212.585876260202,6457.870892156261,5565.15,5842.58,4254.05,8000,8000,5000,0.69564375,0.7303225,0.8508100000000001,30000,0.5220593333333333,6010,1725.79,-1,-1,-1,NOT_CONSIDERED,CAPEX_DEFERRED|CAPEX_DEFERRED,13997980.592920575,false
ecuador-delayed-expansion,seed-5,CONSV,7,4707.43,0,4707.43,0,4275.51,431.92,0,0,0,-1,5.114376026679714,100,5897.5999999999985,10522.309999999998,3691.129999999999,4703.73,5954.48,3402.56,8000,7000,4000,0.5879662499999999,0.85064,0.85064,30000,0.46869233333333327,5038,2112.63,-1,-1,-1,NOT_CONSIDERED,CAPEX_DEFERRED|CAPEX_DEFERRED|CAPEX_DEFERRED,16771657.057568867,false
ecuador-delayed-expansion,seed-5,VAP,7,2252.7200000000003,0,2252.7200000000003,0,1084.56,1168.16,0,0,0,-1,5.837127748907443,100,5297.433120236203,6974.062752027381,6566.860056079522,5590.08,5089.99,5089.99,8000,6000,6000,0.6987599999999999,0.8483316666666666,0.8483316666666666,30000,0.5256686666666667,6500,0,-1,-1,-1,NOT_CONSIDERED,CAPEX_DEFERRED|CAPEX_DEFERRED,29253781.906869907,false
ecuador-delayed-expansion,seed-5,JPQ,8,1887.6799999999998,0,1887.6799999999998,0,0,1887.6799999999998,0,0,0,-1,6.579207506261905,100,5535.3400100924455,6186.566360758679,6771.803538316863,5588.56,5812.68,4254.05,8000,8000,5000,0.69857,0.726585,0.8508100000000001,30000,0.5218430000000001,6010,1786.78,-1,-1,-1,NOT_CONSIDERED,CAPEX_DEFERRED|CAPEX_PROPOSED,36220317.66812995,false
ecuador-delayed-expansion,seed-5,CONSV,8,5990.960000000001,0,5990.960000000001,1145.71,4567.83,277.42,0,0,0,-1,4.918895062389276,100,7042.242745938368,11125.793029117207,3536.0501980834997,6352.91,5765.37,3178.37,8000,7350,4000,0.79411375,0.7844040816326531,0.7945924999999999,30000,0.5098883333333333,5038,1166.88,-1,-1,-1,NOT_CONSIDERED,CAPEX_DEFERRED|CAPEX_PROPOSED|CAPEX_DEFERRED,31902434.314947594,false
ecuador-delayed-expansion,seed-5,VAP,8,3082.1299999999997,0,3082.1299999999997,0,1902.2800000000002,1179.85,0,0,0,-1,5.641675677002518,100,5382.0871717268055,7885.871689216152,6664.818140962132,5630.84,5098.71,5098.71,8000,6000,6000,0.703855,0.849785,0.849785,30000,0.5276086666666666,6500,0,-1,-1,-1,NOT_CONSIDERED,CAPEX_PROPOSED|CAPEX_PROPOSED,36309232.54743443,false
ecuador-delayed-expansion,seed-5,JPQ,9,2380.1400000000003,0,2380.1400000000003,0,0,2380.1400000000003,0,0,0,-1,6.787222569411223,100,5530.864328015988,6181.555410243814,7260.323116708703,5596.59,5802.9,4254.05,8000,8000,5000,0.69957375,0.7253624999999999,0.8508100000000001,30000,0.5217846666666667,6010,1806.9,-1,-1,-1,NOT_CONSIDERED,CAPEX_DEFERRED|CAPEX_DEFERRED,43252809.84535877,false
ecuador-delayed-expansion,seed-5,CONSV,9,6410.28,0,6410.28,690.4,5361.610000000001,358.27,0,0,0,-1,5.106066809456739,100,6586.928130991148,11919.569018024189,3616.8731784584957,6778.18,6222.29,3389.09,8000,7350,4000,0.8472725,0.8465700680272109,0.8472725,30000,0.5463186666666667,5360,73.98,-1,-1,-1,NOT_CONSIDERED,CAPEX_PROPOSED|CAPEX_DEFERRED|CAPEX_DEFERRED,36467229.93911879,false
ecuador-delayed-expansion,seed-5,VAP,9,4300.04,0,4300.04,0,2835.96,1464.08,0,0,0,-1,5.682249984181461,100,5379.36417453383,8816.563477314201,6946.30727935662,5446.91,5106.4,5106.4,8000,6000,6000,0.68086375,0.8510666666666666,0.8510666666666666,30000,0.5219903333333333,6500,0,-1,-1,-1,NOT_CONSIDERED,CAPEX_DEFERRED|CAPEX_DEFERRED,30197585.44334135,false
ecuador-delayed-expansion,seed-5,JPQ,10,2997.5,0,2997.5,0,309.01,2688.49,0,0,0,-1,6.613444293515121,100,5837.705117574185,6833.512049238235,7839.408014705884,5032.07,6804.43,4253.63,8000,8000,5000,0.62900875,0.85055375,0.850726,30000,0.5363376666666667,6010,1681.41,-1,-1,-1,MONITORING,CAPEX_DEFERRED|CAPEX_DEFERRED,51679651.068374634,false
ecuador-delayed-expansion,seed-5,CONSV,10,5853.99,0,5853.99,0,5698.46,155.53,0,0,0,-1,5.120220439307337,100,5802.529061164124,12151.879514989774,3562.6160156380806,6807.85,6254.71,3616.31,8000,7350,4250,0.85098125,0.8509809523809524,0.8508964705882353,30000,0.5559623333333334,5603,0,-1,-1,-1,NOT_CONSIDERED,CAPEX_DEFERRED|CAPEX_DEFERRED|CAPEX_PROPOSED,36192940.071201235,false
ecuador-delayed-expansion,seed-5,VAP,10,5326.409999999999,0,5326.409999999999,0,3770.45,1555.96,0,0,0,-1,5.589705452717647,100,5360.855678310809,9730.460136474958,7019.29277058793,5351.14,5106.4,5106.4,8000,6000,6000,0.6688925,0.8510666666666666,0.8510666666666666,30000,0.518798,6500,0,-1,-1,-1,NOT_CONSIDERED,CAPEX_DEFERRED|CAPEX_DEFERRED,35612532.88492882,false
ecuador-delayed-expansion,seed-5,JPQ,11,3547.9700000000003,0,3547.9700000000003,0,142.73,3405.24,0,0,0,-1,6.660762659481586,100,5834.537924282938,6663.692240580057,8553.363431449045,5042.29,6805.8,4253.63,8000,8000,5000,0.63028625,0.8507250000000001,0.850726,30000,0.5367240000000001,6010,1772.37,-1,-1,-1,MONITORING,CAPEX_DEFERRED|CAPEX_PROPOSED|CAPEX_DEFERRED,55957055.841198444,false
ecuador-delayed-expansion,seed-5,CONSV,11,5905.89,0,5905.89,0,5905.89,0,0,0,0,-1,5.048126980687918,100,7755.449472986916,11656.151892106009,3035.8580711711675,8319.87,6253.46,3429.53,12000,7350,4250,0.6933225000000001,0.8508108843537415,0.8069482352941177,30000,0.6000953333333333,5603,774.5,-1,-1,-1,NOT_CONSIDERED,CAPEX_DEFERRED|CAPEX_DEFERRED,46042170.62782675,false
ecuador-delayed-expansion,seed-5,VAP,11,6523.84,0,6523.84,0,4712.049999999999,1811.79,0,0,0,-1,5.537159801781247,100,5361.0908213576295,10672.33251661693,7275.382306898854,5406.47,5106.4,5106.4,8000,6000,6000,0.6758087500000001,0.8510666666666666,0.8510666666666666,30000,0.5206423333333333,6500,0,-1,-1,-1,NOT_CONSIDERED,CAPEX_DEFERRED|CAPEX_DEFERRED|CAPEX_DEFERRED,35856846.81419258,false
ecuador-delayed-expansion,seed-5,JPQ,12,5070.23,0,5070.23,746.68,0,4323.549999999999,0,0,0,-1,6.560860638625903,91.11,6607.347448312803,6550.154834161301,9494.720195024078,6802.38,4406.17,4253.63,8000,8000,5000,0.8502975,0.55077125,0.850726,30000,0.515406,6010,2411.69,-1,-1,-1,MONITORING,CAPEX_DEFERRED|CAPEX_DEFERRED|CAPEX_DEFERRED|CAPEX_DEFERRED,55028655.92582739,false
ecuador-delayed-expansion,seed-5,CONSV,12,5411.56,0,5411.56,0,5411.56,0,0,0,0,-1,5.239502223714539,100,8834.57575243192,12273.855463840759,3458.2714294059156,9955.37,6551.9,3615.94,12000,7700,4250,0.8296141666666668,0.8508961038961038,0.8508094117647059,30000,0.6707736666666666,6093,0,-1,-1,-1,NOT_CONSIDERED,CAPEX_PROPOSED|CAPEX_DEFERRED|CAPEX_DEFERRED,38368693.7319067,false
ecuador-delayed-expansion,seed-5,VAP,12,7886.9400000000005,0,7886.9400000000005,0,5653.650000000001,2233.29,0,0,0,-1,5.751003586370123,87.31,5362.348444689276,11963.07670969772,7698.148091849406,5460.36,5403.73,5106.4,8000,6350,6000,0.682545,0.8509811023622047,0.8510666666666666,30000,0.5323496666666666,6500,0,-1,-1,-1,NOT_CONSIDERED,CAPEX_PROPOSED|CAPEX_DEFERRED|CAPEX_DEFERRED,45140163.66677667,false
ecuador-delayed-expansion,seed-5,JPQ,13,7236.82,69.92,7166.9,0,2207.06,5029.76,0,0,69.92,7.062347522052905,6.302796406674931,90.66,5854.745565202332,8750.587564065763,10195.713708852585,5559.34,6800.33,4253.63,8000,8000,5000,0.6949175,0.85004125,0.850726,30000,0.5537766666666667,6010,1252.72,-1,-1,-1,MONITORING,CAPEX_PROPOSED|CAPEX_DEFERRED|CAPEX_DEFERRED|CAPEX_DEFERRED,67341501.91851538,false
ecuador-delayed-expansion,seed-5,CONSV,13,5731.14,0,5731.14,0,5731.14,0,0,0,0,-1,5.179551015128374,100,8828.8384125926,12588.988940105122,3456.025562824077,9420.59,6553.22,3617.03,12000,7700,4250,0.7850491666666667,0.8510675324675325,0.8510658823529412,30000,0.653028,6295,0,-1,-1,-1,NOT_CONSIDERED,CAPEX_DEFERRED|CAPEX_DEFERRED|CAPEX_DEFERRED,37432040.87292875,false
ecuador-delayed-expansion,seed-5,VAP,13,9058.65,249.92,8808.73,0,6623.38,2435.27,0,249.92,0,5.27185082714327,5.662135621077368,86.23,5361.052306314844,12931.286943949466,7898.817288346385,5434.46,5404.28,5106.4,8000,6350,6000,0.6793075,0.851067716535433,0.8510666666666666,30000,0.5315046666666666,6500,0,-1,-1,-1,NOT_CONSIDERED,CAPEX_DEFERRED|CAPEX_DEFERRED|CAPEX_DEFERRED,54574877.193385854,false
ecuador-delayed-expansion,seed-5,JPQ,14,8029.830000000001,776.13,7253.700000000001,263.75,2044.86,5721.220000000001,0,0,776.13,6.9767401637273565,6.318863545265311,90.04,6126.864198772573,8597.750597761751,11153.22271545729,6805.12,6807.17,4466.76,8000,8000,5250,0.85064,0.85089625,0.8508114285714287,30000,0.6026350000000001,6450,0,-1,-1,-1,MONITORING,CAPEX_DEFERRED|CAPEX_DEFERRED|CAPEX_PROPOSED|CAPEX_DEFERRED,65888132.80134648,false
ecuador-delayed-expansion,seed-5,CONSV,14,6049.41,0,6049.41,0,6049.41,0,0,0,0,-1,5.222427233299081,100,8832.746951411822,12910.28493462734,3457.565534625781,8666.61,6553.22,3617.03,12000,7700,4250,0.7222175000000001,0.8510675324675325,0.8510658823529412,30000,0.6278953333333334,6295,0,-1,-1,-1,NOT_CONSIDERED,CAPEX_DEFERRED,46057571.14662205,false
ecuador-delayed-expansion,seed-5,VAP,14,10252.24,1219.1,9033.14,0,7596.860000000001,2655.38,0,1219.1,0,5.2079378402132,5.738826706037,85.44,5358.751325404573,13902.059254881888,8344.137753495213,5409.16,5404.28,5319.17,8000,6350,6250,0.676145,0.851067716535433,0.8510672,30000,0.5377536666666666,6500,0,-1,-1,-1,NOT_CONSIDERED,CAPEX_DEFERRED|CAPEX_PROPOSED|CAPEX_DEFERRED,65616463.590655595,false
ecuador-delayed-expansion,seed-5,JPQ,15,8399.109999999999,1254.46,7144.649999999999,0,1875.83,6523.280000000001,0,0,1254.46,7.039165330015743,6.553665106152461,87.27,8301.535771282006,8331.901814283774,11650.689275714049,9578.42,7104.27,4467.2,12000,8350,5250,0.7982016666666667,0.8508107784431138,0.850895238095238,30000,0.7049963333333334,7177,450.93,-1,-1,-1,NOT_CONSIDERED,CAPEX_PROPOSED|CAPEX_DEFERRED|CAPEX_DEFERRED,76074868.33727229,false
ecuador-delayed-expansion,seed-5,CONSV,15,6367.670000000001,0,6367.670000000001,0,6367.670000000001,0,0,0,0,-1,5.320669067667817,100,8829.706188253478,13226.183008507418,3456.365251322907,8579.87,6553.22,3617.03,12000,7700,4250,0.7149891666666668,0.8510675324675325,0.8510658823529412,30000,0.625004,6295,0,-1,-1,-1,NOT_CONSIDERED,CAPEX_DEFERRED,58532422.33962744,false
ecuador-delayed-expansion,seed-5,VAP,15,11458.71,2192.58,9266.13,0,8554.019999999999,2904.6899999999996,0,2192.58,0,5.252400675394142,5.8865509233259905,79.72,5359.06676325741,14859.572451526088,8593.775638705458,5398.06,5404.28,5319.17,8000,6350,6250,0.6747575,0.851067716535433,0.8510672,30000,0.5373836666666667,6500,0,-1,-1,-1,NOT_CONSIDERED,CAPEX_DEFERRED|CAPEX_DEFERRED|CAPEX_DEFERRED,74142412.8414005,false
ecuador-delayed-expansion,seed-5,JPQ,16,8352.050000000001,2056.08,6295.970000000001,0,1307.94,7044.110000000001,0,0,2056.08,7.130595008855711,6.586168845407972,74.97,8289.45888893703,7754.6273404892,12164.07599370715,9819.94,7106.41,4468.1,12000,8350,5250,0.8183283333333333,0.8510670658682634,0.8510666666666667,30000,0.7131483333333333,7509,0,-1,-1,-1,NOT_CONSIDERED,CAPEX_DEFERRED|CAPEX_DEFERRED|CAPEX_DEFERRED,74755511.99598567,false
ecuador-delayed-expansion,seed-5,CONSV,16,6685.93,0,6685.93,0,6685.93,0,0,0,0,-1,5.2710006509248055,100,8824.246855173027,13851.760286119677,3657.4181044467155,8809.52,6851.09,3648.61,12000,8050,4500,0.7341266666666667,0.8510670807453417,0.8108022222222222,30000,0.6436406666666667,6295,0,-1,-1,-1,NOT_CONSIDERED,CAPEX_PROPOSED|CAPEX_DEFERRED,74662575.92209145,false
ecuador-delayed-expansion,seed-5,VAP,16,12651.719999999998,3149.7400000000002,9501.979999999998,0,9510.15,3141.5699999999997,0,3149.7400000000002,0,5.332933846864886,5.866882488233623,63.28,5339.7991093970195,16139.345992668528,8810.196568421687,5382.62,5702.15,5319.17,8000,6700,6250,0.6728275,0.8510671641791044,0.8510672,30000,0.5467980000000001,6500,0,-1,-1,-1,NOT_CONSIDERED,CAPEX_PROPOSED|CAPEX_DEFERRED|CAPEX_DEFERRED,85853204.29127967,false
ecuador-delayed-expansion,seed-5,JPQ,17,8435.43,2576.01,5859.42,0,737.91,7697.52,0,0,2576.01,7.047042548556759,6.992967103382543,74.47,8316.269585665501,7205.430349283315,12834.02955530303,8523.11,7106.41,4468.1,12000,8350,5250,0.7102591666666667,0.8510670658682634,0.8510666666666667,30000,0.6699206666666667,7509,0,-1,-1,-1,NOT_CONSIDERED,CAPEX_DEFERRED|CAPEX_DEFERRED|CAPEX_DEFERRED,80929478.33695112,false
ecuador-delayed-expansion,seed-5,CONSV,17,7018.66,0,7018.66,0,7018.66,0,0,0,0,-1,5.479948720217664,88.55,8829.923021247769,14189.101557392249,3659.7665888995725,8931.89,6851.78,3679.85,12000,8050,4500,0.7443241666666666,0.8511527950310559,0.8177444444444444,30000,0.6487839999999999,6295,0,-1,-1,-1,NOT_CONSIDERED,CAPEX_DEFERRED|CAPEX_DEFERRED,85052745.13899347,false
ecuador-delayed-expansion,seed-5,VAP,17,14005.82,3808,10197.82,0,10510.63,3495.1900000000005,0,3808,0,5.286560805575601,6.118058215743465,62.29,5343.014869412292,17143.815651946632,9167.220822575728,5396.69,5702.15,5319.17,8000,6700,6250,0.6745862499999999,0.8510671641791044,0.8510672,30000,0.5472670000000001,6500,0,-1,-1,-1,NOT_CONSIDERED,CAPEX_DEFERRED|CAPEX_DEFERRED|CAPEX_DEFERRED,94546452.60316397,false
ecuador-delayed-expansion,seed-5,JPQ,18,8400.130000000001,3229.4199999999996,5170.710000000001,0,167.87,8232.26,0,0,3229.4199999999996,7.290666863482742,7.062985962452314,74.92,8330.351286008821,6646.359235167367,13377.483092537586,7967.56,7106.41,4468.1,12000,8350,5250,0.6639633333333333,0.8510670658682634,0.8510666666666667,30000,0.6514023333333333,7509,0,-1,-1,-1,NOT_CONSIDERED,CAPEX_DEFERRED|CAPEX_DEFERRED|CAPEX_DEFERRED,95808168.6264316,false
ecuador-delayed-expansion,seed-5,CONSV,18,7350.710000000001,166.88,7183.830000000001,0,7350.710000000001,0,0,166.88,0,5.518733555035044,5.414308490419028,88,8830.643401434218,14521.726568313154,3660.065167191968,8891.04,6851.78,3635.26,12000,8050,4500,0.74092,0.8511527950310559,0.8078355555555556,30000,0.6459360000000001,6295,0,-1,-1,-1,NOT_CONSIDERED,CAPEX_DEFERRED|CAPEX_DEFERRED,100296948.95853385,false
ecuador-delayed-expansion,seed-5,VAP,18,14862.5,4808.48,10054.02,0,11499.81,3362.69,0,4808.48,0,5.490033644109314,6.0180820190235425,61.25,5336.297754770475,18124.675644171606,9027.611635605204,5388.1,5702.15,5319.17,8000,6700,6250,0.6735125000000001,0.8510671641791044,0.8510672,30000,0.5469806666666666,6500,0,-1,-1,-1,NOT_CONSIDERED,CAPEX_DEFERRED|CAPEX_DEFERRED|CAPEX_DEFERRED,106689942.87952864,false
ecuador-delayed-expansion,seed-5,JPQ,19,8852.29,3764.16,5088.130000000001,0,0,8852.29,0,0,3764.16,7.163236593681857,7.188380859440604,74.6,8345.907566012787,6762.639807166244,14007.11526136084,8224.71,7404.28,4468.55,12000,8700,5250,0.6853925,0.8510666666666666,0.851152380952381,30000,0.6699179999999999,7509,0,-1,-1,-1,NOT_CONSIDERED,CAPEX_PROPOSED|CAPEX_DEFERRED|CAPEX_DEFERRED,115057477.46886161,false
ecuador-delayed-expansion,seed-5,CONSV,19,7682.75,498.93,7183.82,0,7682.75,0,0,498.93,0,5.452967871629623,5.466887617538296,87.82,8832.98858512453,14855.661014491016,3661.0271981890687,8834.71,6851.78,3628.67,12000,8050,4500,0.7362258333333332,0.8511527950310559,0.8063711111111111,30000,0.6438386666666666,6295,0,-1,-1,-1,NOT_CONSIDERED,CAPEX_DEFERRED|CAPEX_DEFERRED,116211216.68611626,false
ecuador-delayed-expansion,seed-5,VAP,19,16188.85,5797.66,10391.19,0,12512.559999999998,3676.29,0,5797.66,0,5.41981010432702,6.1192756801182355,62.18,5337.634437843773,19139.090214414955,9342.633991533701,5407.06,5702.15,5319.17,8000,6700,6250,0.6758825,0.8510671641791044,0.8510672,30000,0.5476126666666665,6500,0,-1,-1,-1,NOT_CONSIDERED,CAPEX_DEFERRED|CAPEX_DEFERRED|CAPEX_DEFERRED,120737620.36020617,false
ecuador-delayed-expansion,seed-5,JPQ,20,9522.039999999999,4383.74,5138.299999999999,0,0,9522.039999999999,0,0,4383.74,7.211287603522683,7.345102824597579,74.75,8863.442791936137,7181.992352320061,15257.20359837809,9007.81,7405.03,4680.87,12000,8700,5500,0.7506508333333333,0.8511528735632183,0.8510672727272727,30000,0.7031236666666666,7509,0,-1,-1,-1,MONITORING,CAPEX_DEFERRED|CAPEX_PROPOSED|CAPEX_DEFERRED,128700052.88620608,false
ecuador-delayed-expansion,seed-5,CONSV,20,8014.780000000001,830.97,7183.81,0,8014.780000000001,0,0,830.97,0,5.505294797473578,5.594667272402382,89.54,8838.936611763573,15504.615760494396,3663.496630417593,8832.66,7148.96,3666.21,12000,8400,4500,0.736055,0.8510666666666666,0.8147133333333333,30000,0.6549276666666666,6295,0,-1,-1,-1,NOT_CONSIDERED,CAPEX_PROPOSED|CAPEX_DEFERRED,132367001.24509455,false
ecuador-delayed-expansion,seed-5,VAP,20,17563.82,6810.410000000002,10753.409999999998,0,13520.61,4043.2099999999996,0,6810.410000000002,0,5.46891650237582,6.287798219117695,62.31,5320.419562090392,20470.788919365907,9917.19247883811,5393.97,5998.82,5530.82,8000,7050,6500,0.67424625,0.8508964539007092,0.8508953846153846,30000,0.5641203333333333,6500,0,-1,-1,-1,NOT_CONSIDERED,CAPEX_PROPOSED|CAPEX_PROPOSED|CAPEX_DEFERRED,135519674.6569116,false
ecuador-delayed-expansion,seed-5,JPQ,21,10474.63,4841.169999999999,5633.46,0,0,10474.63,0,0,4841.169999999999,7.352815812952622,7.416486822285119,74.11,8857.764544487145,7177.409302532612,16206.135817351565,9178.55,7405.03,4681.34,12000,8700,5500,0.7648791666666666,0.8511528735632183,0.8511527272727273,30000,0.7088306666666666,7509,0,-1,-1,-1,MONITORING,CAPEX_DEFERRED|CAPEX_DEFERRED|CAPEX_DEFERRED,137108512.48111337,false
ecuador-delayed-expansion,seed-5,CONSV,21,8361.98,865.82,7496.16,0,8361.98,0,0,865.82,0,5.637430873672098,5.656206144041309,88.71,8835.811111632256,15849.167310383124,3662.2011963962423,8842.51,7149.68,3650.66,12000,8400,4500,0.7368758333333334,0.851152380952381,0.8112577777777777,30000,0.6547616666666666,6295,0,-1,-1,-1,NOT_CONSIDERED,CAPEX_DEFERRED|CAPEX_DEFERRED,147307496.4801541,false
ecuador-delayed-expansion,seed-5,VAP,21,18889.980000000003,7521.79,11368.190000000002,0,14546.26,4343.72,0,7521.79,0,5.587064951227974,6.361976442405019,61.47,5319.601090784457,21495.38199150267,10216.78862118132,5372.53,6000.02,5531.94,8000,7050,6500,0.6715662499999999,0.8510666666666667,0.8510676923076922,30000,0.563483,6713,0,-1,-1,-1,NOT_CONSIDERED,CAPEX_DEFERRED|CAPEX_DEFERRED|CAPEX_DEFERRED,145614828.39304754,false
ecuador-delayed-expansion,seed-5,JPQ,22,11255.619999999999,5793.29,5462.329999999999,0,0,11255.619999999999,0,0,5793.29,7.421269005985086,7.328803084547824,74.7,8846.798209627166,7168.505351201337,16980.023514502584,8958.86,7405.03,4681.34,12000,8700,5500,0.7465716666666667,0.8511528735632183,0.8511527272727273,30000,0.7015076666666666,7509,0,-1,-1,-1,MONITORING,CAPEX_DEFERRED|CAPEX_DEFERRED|CAPEX_DEFERRED,153192869.36848834,false
ecuador-delayed-expansion,seed-5,CONSV,22,8708.46,1212.3,7496.159999999999,0,8708.46,0,0,1212.3,0,5.698477241895889,5.592515977245117,88.14,8836.612458729756,16196.317882308376,3662.5391815638804,8850.61,7149.68,3625.18,12000,8400,4500,0.7375508333333334,0.851152380952381,0.8055955555555555,30000,0.6541823333333334,6295,0,-1,-1,-1,NOT_CONSIDERED,CAPEX_DEFERRED|CAPEX_DEFERRED,165529512.22821844,false
ecuador-delayed-expansion,seed-5,VAP,22,19507.91,8546.24,10961.67,0,15573.74,3934.17,0,8546.24,0,5.654810174327049,6.234144810358542,59.91,5314.191655354857,22515.795695296743,9801.2733662207,5366.72,6000.02,5531.94,8000,7050,6500,0.67084,0.8510666666666667,0.8510676923076922,30000,0.5632893333333333,6713,0,-1,-1,-1,NOT_CONSIDERED,CAPEX_DEFERRED|CAPEX_DEFERRED|CAPEX_DEFERRED,160363768.64585924,false
ecuador-delayed-expansion,seed-5,JPQ,23,12250.019999999999,6574.279999999999,5675.74,0,0,12250.019999999999,0,0,6574.279999999999,7.38544929666221,7.289861587668107,73.97,8849.531300257922,7459.208386206655,17976.182053205976,8835.49,7702.16,4681.34,12000,9050,5500,0.7362908333333333,0.8510674033149171,0.8511527272727273,30000,0.7072996666666668,7509,0,-1,-1,-1,MONITORING,CAPEX_PROPOSED|CAPEX_DEFERRED|CAPEX_DEFERRED,172150420.22888747,false
ecuador-delayed-expansion,seed-5,CONSV,23,9054.939999999999,1558.78,7496.159999999999,0,9054.939999999999,0,0,1558.78,0,5.634031706678872,5.564161328288905,88.23,9147.635088650537,16806.34490209131,3791.454674298722,9156.12,7148.24,3776.4,12000,8400,4500,0.7630100000000001,0.8509809523809524,0.8392000000000001,30000,0.6693586666666668,6295,0,-1,-1,-1,MONITORING,CAPEX_DEFERRED|CAPEX_DEFERRED,184426977.70723003,false
ecuador-delayed-expansion,seed-5,VAP,23,20549.499999999993,9573.72,10975.779999999993,0,16621.219999999998,3928.2799999999997,0,9573.72,0,5.620848217390295,6.2091743422419405,60.78,5308.051828696916,23555.260271106352,9788.599654939098,5386.64,6000.02,5531.94,8000,7050,6500,0.6733300000000001,0.8510666666666667,0.8510676923076922,30000,0.5639533333333333,6713,0,-1,-1,-1,NOT_CONSIDERED,CAPEX_DEFERRED|CAPEX_DEFERRED|CAPEX_DEFERRED,177317358.7671963,false
ecuador-delayed-expansion,seed-5,JPQ,24,13314.319999999998,7568.679999999999,5745.6399999999985,0,0,13314.319999999998,0,0,7568.679999999999,7.350230950078281,7.199166490530606,74.08,8854.157177895719,7463.105944911271,19043.481696091563,8870.38,7702.93,4681.34,12000,9050,5500,0.7391983333333333,0.8511524861878453,0.8511527272727273,30000,0.7084883333333333,7509,0,-1,-1,-1,MONITORING,CAPEX_DEFERRED|CAPEX_DEFERRED|CAPEX_DEFERRED,190029542.49899945,false
ecuador-delayed-expansion,seed-5,CONSV,24,9665.210000000001,1906.7,7758.510000000001,0,9665.210000000001,0,0,1906.7,0,5.605579877195659,5.505814843649186,89.03,9147.740257133877,17739.701668880647,3791.4982638750307,9263.47,7446.09,3829.42,12000,8750,4500,0.7719558333333333,0.8509817142857143,0.8509822222222222,30000,0.6846326666666666,6577,0,-1,-1,-1,MONITORING,CAPEX_PROPOSED|CAPEX_DEFERRED,202368224.2191993,false
ecuador-delayed-expansion,seed-5,VAP,24,22052.38,10621.2,11431.18,0,17691.370000000003,4361.01,0,10621.2,0,5.582991070509954,6.1821909687111845,61.67,5294.620396748116,24951.242637654155,10206.505998048446,5405.71,6297.9,5531.94,8000,7400,6500,0.67571375,0.8510675675675675,0.8510676923076922,30000,0.5745183333333334,6713,0,-1,-1,-1,NOT_CONSIDERED,CAPEX_PROPOSED|CAPEX_DEFERRED|CAPEX_DEFERRED,195844717.59513876,false
ecuador-delayed-expansion,seed-5,JPQ,25,14350.350000000002,8632.98,5717.370000000003,0,0,14350.350000000002,0,0,8632.98,7.269930422670057,7.4438035352271505,74.17,8862.82843324832,7470.396550977776,20085.116072533405,8929.69,7702.93,4681.34,12000,9050,5500,0.7441408333333334,0.8511524861878453,0.8511527272727273,30000,0.7104653333333334,7509,0,-1,-1,-1,MONITORING,CAPEX_DEFERRED|CAPEX_DEFERRED|CAPEX_DEFERRED,206622353.3079384,false
ecuador-delayed-expansion,seed-5,CONSV,25,10300.92,2219.1200000000003,8081.799999999999,0,10300.92,0,0,2219.1200000000003,0,5.536423088954558,5.703781068845805,61.57,9150.980469598226,18378.254083206164,3792.8329620111313,9198.99,7447.58,3830.19,12000,8750,4500,0.7665825,0.851152,0.8511533333333333,30000,0.6825586666666666,6577,0,-1,-1,-1,MONITORING,CAPEX_DEFERRED|CAPEX_DEFERRED,216342645.4383768,false
ecuador-delayed-expansion,seed-5,VAP,25,23535.540000000005,11393.470000000001,12142.070000000003,0,18790.460000000003,4745.079999999999,0,11393.470000000001,0,5.535283544914663,6.410115140651955,60.46,5296.035278833701,26052.25403214454,10592.133313179718,5402.72,6297.9,5531.94,8000,7400,6500,0.67534,0.8510675675675675,0.8510676923076922,30000,0.5744186666666666,6713,0,-1,-1,-1,NOT_CONSIDERED,CAPEX_DEFERRED|CAPEX_DEFERRED|CAPEX_DEFERRED,211066672.0805254,false
ecuador-delayed-expansion,seed-5,JPQ,26,15044.849999999999,9669.01,5375.839999999998,0,0,15044.849999999999,0,0,9669.01,7.363431254407923,7.374341775374819,75.33,8854.158244225559,7463.096905360034,21034.436989543694,8919.43,6963.98,4892.65,12000,9050,5750,0.7432858333333333,0.7695005524861878,0.8508956521739129,30000,0.6925353333333333,7509,0,-1,-1,-1,MONITORING,CAPEX_PROPOSED|CAPEX_DEFERRED,226808858.17627132,false
ecuador-delayed-expansion,seed-5,CONSV,26,10935.139999999998,2853.34,8081.799999999997,0,10935.139999999998,0,0,2853.34,0,5.733702027325927,5.665276006929201,61.53,9152.087024047478,19013.468456135623,3793.2998846844475,9134.87,7447.58,3772.76,12000,8750,4500,0.7612391666666667,0.851152,0.8383911111111112,30000,0.678507,6577,0,-1,-1,-1,MONITORING,CAPEX_DEFERRED|CAPEX_DEFERRED,234219339.3020001,false
ecuador-delayed-expansion,seed-5,VAP,26,24128.18999999999,12492.56,11635.629999999992,0,19884.059999999994,4244.13,0,12492.56,0,5.628184545409569,6.300027215190954,58.51,5289.968558021003,27137.545264945467,10309.138409463532,5383.07,6297.26,5743.55,8000,7400,6750,0.67288375,0.8509810810810811,0.8508962962962964,30000,0.580796,6713,0,-1,-1,-1,NOT_CONSIDERED,CAPEX_DEFERRED|CAPEX_PROPOSED|CAPEX_DEFERRED,228168108.15706182,false
ecuador-delayed-expansion,seed-5,JPQ,27,15885.4,10152.199999999999,5733.200000000001,0,0,15885.4,0,0,10152.199999999999,7.417435066673059,7.118782940623575,74.12,8834.020093747082,7734.105722208169,21861.354186020144,8885.51,7998.42,4893.14,12000,9400,5750,0.7404591666666667,0.850895744680851,0.8509808695652175,30000,0.7259023333333333,7509,0,-1,-1,-1,MONITORING,CAPEX_DEFERRED|CAPEX_DEFERRED|CAPEX_DEFERRED,247546504.66859394,false
ecuador-delayed-expansion,seed-5,CONSV,27,11569.36,3487.56,8081.800000000001,0,11569.36,0,0,3487.56,0,5.687878223243548,5.482300389652966,61.55,9151.521072471476,19647.188904207283,3793.0653126089915,9133.03,7447.58,3760.64,12000,8750,4500,0.7610858333333334,0.851152,0.8356977777777778,30000,0.6780416666666667,6577,0,-1,-1,-1,MONITORING,CAPEX_DEFERRED|CAPEX_DEFERRED,255267216.98942506,false
ecuador-delayed-expansion,seed-5,VAP,27,24820.580000000005,13586.800000000001,11233.780000000004,0,20979.640000000003,3840.9399999999996,0,13586.800000000001,0,5.687059684118214,6.060638156173552,59.21,5282.320077666483,28222.627266317693,9897.15218527493,5377.64,6297.9,5744.7,8000,7400,6750,0.672205,0.8510675675675675,0.8510666666666666,30000,0.5806746666666667,6928,0,-1,-1,-1,NOT_CONSIDERED,CAPEX_DEFERRED|CAPEX_DEFERRED|CAPEX_DEFERRED,245337057.74229568,false
ecuador-delayed-expansion,seed-5,JPQ,28,16992.61,10992.26,6000.35,0,0,16992.61,0,0,10992.26,7.242176763383403,7.195199860673814,73.58,9133.776605515299,7996.533834947377,23171.344149451907,9195.51,8000.03,4893.64,12000,9400,5750,0.7662925,0.8510670212765957,0.8510678260869565,30000,0.736306,7844,0,-1,-1,-1,DEFERRED,CAPEX_PROPOSED|CAPEX_DEFERRED|CAPEX_DEFERRED,263229059.10538357,false
ecuador-delayed-expansion,seed-5,CONSV,28,12203.58,4121.780000000001,8081.799999999999,0,12203.58,0,0,4121.780000000001,0,5.498393168707433,5.561340197838084,61.58,9151.538360485822,20604.535931460236,3793.082473142485,9153.45,7743.93,3789.81,12000,9100,4500,0.7627875000000001,0.8509813186813188,0.84218,30000,0.6895730000000001,6577,0,-1,-1,-1,MONITORING,CAPEX_PROPOSED|CAPEX_DEFERRED,274666027.59600043,false
ecuador-delayed-expansion,seed-5,VAP,28,26384.080000000005,14681.74,11702.340000000006,0,22104.31,4279.77,0,14681.74,0,5.57585580186473,6.189354080870271,60.97,5268.674969810965,29670.299237341227,10320.357630552557,5397.66,6595.77,5744.7,8000,7750,6750,0.6747075,0.8510670967741936,0.8510666666666666,30000,0.591271,6928,0,-1,-1,-1,NOT_CONSIDERED,CAPEX_PROPOSED|CAPEX_DEFERRED|CAPEX_DEFERRED,261756683.83525807,false
ecuador-delayed-expansion,seed-5,JPQ,29,18227.97,12098.970000000001,6129,0,0,18227.97,0,0,12098.970000000001,7.172255769217659,6.913331052824404,73.8,9128.496986426597,7991.892993496774,24403.125937105695,9316.19,8000.83,4894.13,12000,9400,5750,0.7763491666666668,0.8511521276595745,0.8511530434782609,30000,0.7403716666666668,7844,0,-1,-1,-1,DEFERRED,CAPEX_DEFERRED|CAPEX_DEFERRED|CAPEX_DEFERRED,283264009.3753525,false
ecuador-delayed-expansion,seed-5,CONSV,29,12864.72,4459.650000000001,8405.07,0,12864.72,0,0,4459.650000000001,0,5.572610488682093,5.348298982236254,60.61,9149.479389437836,21263.77583834334,3792.2190885733457,9161.07,7743.93,3784.78,12000,9100,4500,0.7634225,0.8509813186813188,0.8410622222222223,30000,0.6896593333333333,6577,0,-1,-1,-1,MONITORING,CAPEX_DEFERRED|CAPEX_DEFERRED,294017863.4794031,false
ecuador-delayed-expansion,seed-5,VAP,29,27571.23,15508.54,12062.689999999999,0,23261.519999999997,4309.71,0,15508.54,0,5.532571602394545,5.926614329132342,59.04,5261.829762374851,30817.66928166878,10342.440443214875,5399.31,6595.77,5744.7,8000,7750,6750,0.6749137500000001,0.8510670967741936,0.8510666666666666,30000,0.5913260000000001,6928,0,-1,-1,-1,NOT_CONSIDERED,CAPEX_DEFERRED|CAPEX_DEFERRED|CAPEX_DEFERRED,278722866.89108205,false
ecuador-delayed-expansion,seed-5,JPQ,30,18912.670000000006,13333.84,5578.830000000005,0,0,18912.670000000006,0,0,13333.84,7.080828719361665,7.001929323575804,75.56,9100.747019489041,7967.608099618598,25069.044032581958,9226.55,8000.83,4894.13,12000,9400,5750,0.7688791666666666,0.8511521276595745,0.8511530434782609,30000,0.7373836666666667,7844,0,-1,-1,-1,DEFERRED,CAPEX_DEFERRED|CAPEX_DEFERRED|CAPEX_DEFERRED,300723925.0143415,false
ecuador-delayed-expansion,seed-5,CONSV,30,13493.830000000002,5120.79,8373.04,0,13493.830000000002,0,0,5120.79,0,5.35736239975997,5.446101628462826,60.69,9146.335861047632,21890.000955710675,3790.90204879264,9157.41,7745.49,3768.49,12000,9100,4500,0.7631175,0.8511527472527473,0.8374422222222222,30000,0.6890463333333333,6577,0,-1,-1,-1,MONITORING,CAPEX_DEFERRED|CAPEX_DEFERRED,309681611.01911616,false
ecuador-delayed-expansion,seed-5,VAP,30,28078.059999999998,16665.75,11412.309999999998,0,24430.35,3647.71,0,16665.75,0,5.4609563255858085,5.958171875569459,57.49,5257.938900753679,31980.91120841993,9675.986265134068,5415.16,6595.77,5744.7,8000,7750,6750,0.676895,0.8510670967741936,0.8510666666666666,30000,0.5918543333333334,6928,0,-1,-1,-1,NOT_CONSIDERED,CAPEX_DEFERRED|CAPEX_DEFERRED|CAPEX_DEFERRED,295459292.944633,false
ecuador-delayed-expansion,seed-5,JPQ,31,19646.970000000005,14018.54,5628.430000000004,0,0,19646.970000000005,0,0,14018.54,7.019759599965529,6.867674623136945,75.41,9069.82404934728,7940.543985259118,25782.432259716836,9149.73,8000.83,4894.13,12000,9400,5750,0.7624774999999999,0.8511521276595745,0.8511530434782609,30000,0.734823,7844,0,-1,-1,-1,DEFERRED,CAPEX_DEFERRED|CAPEX_DEFERRED|CAPEX_DEFERRED,321325411.4564028,false
ecuador-delayed-expansion,seed-5,CONSV,31,14131.679999999998,5748.34,8383.339999999998,0,14131.679999999998,0,0,5748.34,0,5.452931706973642,5.357115339773431,60.67,9143.67616714342,22525.41857223686,3789.8138052317026,9152.11,7745.49,3770.87,12000,9100,4500,0.7626758333333333,0.8511527472527473,0.8379711111111111,30000,0.6889489999999999,6577,0,-1,-1,-1,MONITORING,CAPEX_DEFERRED|CAPEX_DEFERRED,328173917.9774542,false
ecuador-delayed-expansion,seed-5,VAP,31,28661.73,17834.58,10827.149999999998,0,25622.059999999998,3039.67,0,17834.58,0,5.425505417125729,5.80054883467462,57.57,5251.060769209457,33162.73770754858,9060.049782639593,5428.16,6595.77,5744.7,8000,7750,6750,0.67852,0.8510670967741936,0.8510666666666666,30000,0.5922876666666667,6928,0,-1,-1,-1,NOT_CONSIDERED,CAPEX_DEFERRED|CAPEX_DEFERRED|CAPEX_DEFERRED,312621043.9357124,false
ecuador-delayed-expansion,seed-5,JPQ,32,20474.17,14752.839999999998,5721.33,0,0,20474.17,0,0,14752.839999999998,6.945940548941381,6.851438715324269,75.12,9023.400856119122,8194.035192471774,26843.624241932914,9136.57,8296.24,5105.38,12000,9750,6000,0.7613808333333333,0.8508964102564103,0.8508966666666666,30000,0.751273,7844,0,-1,-1,-1,DEFERRED,CAPEX_PROPOSED|CAPEX_PROPOSED|CAPEX_DEFERRED,342570947.47547764,false
ecuador-delayed-expansion,seed-5,CONSV,32,14791.26,6386.19,8405.07,0,14791.26,0,0,6386.19,0,5.361614754984239,5.339467687796846,60.63,9142.926509227844,23507.108123779617,3789.493106000088,9151.57,8040.97,3787.18,12000,9450,4500,0.7626308333333333,0.8508962962962964,0.8415955555555555,30000,0.6993240000000001,6577,0,-1,-1,-1,MONITORING,CAPEX_PROPOSED|CAPEX_DEFERRED,345977528.2379022,false
ecuador-delayed-expansion,seed-5,VAP,32,29784.879999999994,19026.289999999997,10758.589999999997,0,26838.289999999994,2946.59,0,19026.289999999997,0,5.398077211876596,5.778604394840596,58.67,5212.769447305975,34662.0197092596,9144.40816305026,5405.27,6892.26,5956.27,8000,8100,7000,0.6756587500000001,0.8508962962962964,0.8508957142857143,30000,0.6084600000000001,6928,0,-1,-1,-1,NOT_CONSIDERED,CAPEX_PROPOSED|CAPEX_PROPOSED|CAPEX_DEFERRED,331098863.7221594,false
global-demand-boom,seed-1,JPQ,1,1900,0,1900,0,1900,0,0,0,0,-1,7.005263157894737,-1,4771.23,7232.55,4209.91,4015.62,6783.23,2509.76,8000,8000,5000,0.5019525,0.84790375,0.5019520000000001,30000,0.4436203333333333,5500,2790.77,-1,-1,-1,NOT_CONSIDERED,CAPEX_DEFERRED|CAPEX_DEFERRED,25000000,false
global-demand-boom,seed-1,CONSV,1,1400,0,1400,1100,300,0,0,0,0,-1,5.582142857142857,-1,6997.600000000001,6546.8,3259.2,6782.54,5934.73,2128.14,8000,7000,4000,0.8478175,0.8478185714285714,0.5320349999999999,30000,0.494847,4500,1273.83,-1,-1,-1,NOT_CONSIDERED,CAPEX_DEFERRED|CAPEX_DEFERRED|CAPEX_DEFERRED,35000000,false
global-demand-boom,seed-1,VAP,1,1650,0,1650,0,450,1200,0,0,0,-1,8.374242424242425,-1,4414.389999999999,5357.759999999999,5698.780000000001,1032.51,5093.06,5093.06,8000,6000,6000,0.12906375,0.8488433333333334,0.8488433333333334,30000,0.3739543333333334,6500,0,-1,-1,-1,NOT_CONSIDERED,CAPEX_DEFERRED|CAPEX_DEFERRED,22000000,false
global-demand-boom,seed-1,JPQ,2,1284.48,0,1284.48,755.61,449.32,79.55,0,0,0,-1,5.452158441225616,100,4986.64,5178.117192023859,3812.8128079761404,5694.11,6019.51,3450.73,8000,8000,5000,0.7117637499999999,0.75243875,0.690146,30000,0.5054783333333333,5500,1854.94,-1,-1,-1,NOT_CONSIDERED,CAPEX_DEFERRED|CAPEX_DEFERRED,14494279.701722093,false
global-demand-boom,seed-1,CONSV,2,1115.09,0,1115.09,215.06,612.0699999999999,287.96,0,0,0,-1,6.219324203933475,100,5789.861007556675,6516.957909319899,3368.7710831234253,5924.61,5067.59,2959.32,8000,7000,4000,0.7405762499999999,0.7239414285714286,0.73983,30000,0.46505066666666667,4500,2169.45,-1,-1,-1,NOT_CONSIDERED,CAPEX_DEFERRED|CAPEX_DEFERRED|CAPEX_DEFERRED,10878104.155727632,false
global-demand-boom,seed-1,VAP,2,3646.58,0,3646.58,3381.8799999999997,264.7,0,0,0,0,-1,4.656061477439135,100,7176.263401131473,4483.168523492993,3866.9294798685764,6507.15,4892.68,0,8000,6000,6000,0.8133937499999999,0.8154466666666668,0,30000,0.3799943333333333,6500,275.74,-1,-1,-1,NOT_CONSIDERED,CAPEX_DEFERRED|CAPEX_DEFERRED,20033387.12761445,false
global-demand-boom,seed-1,JPQ,3,0,0,0,0,0,0,0,0,0,-1,-1,100,4359.2266666666665,4872.0757878646245,3846.368408984686,5576.95,5962.13,3827.9,8000,8000,5000,0.69711875,0.74526625,0.76558,30000,0.5122326666666667,5500,1702.05,-1,-1,-1,NOT_CONSIDERED,CAPEX_DEFERRED,31114341.7962787,false
global-demand-boom,seed-1,CONSV,3,2324.23,0,2324.23,188.05,1791.28,344.9,0,0,0,-1,4.954645234938222,100,5877.743098236774,7817.862821158688,3489.204080604533,6377.51,5519.62,3188.75,8000,7000,4000,0.79718875,0.7885171428571428,0.7971875,30000,0.5028626666666667,5038,1029.79,-1,-1,-1,NOT_CONSIDERED,CAPEX_DEFERRED|CAPEX_DEFERRED|CAPEX_DEFERRED,35146953.880332366,false
global-demand-boom,seed-1,VAP,3,3577.7299999999996,0,3577.7299999999996,1289.11,279.78,2008.84,0,0,0,-1,5.414150011030383,100,5209.12460372949,4637.911218945187,6003.775857202033,6092.8,4577.75,4356.02,8000,6000,6000,0.7616,0.7629583333333333,0.7260033333333334,30000,0.5008856666666667,6500,0,-1,-1,-1,NOT_CONSIDERED,CAPEX_DEFERRED|CAPEX_DEFERRED|CAPEX_DEFERRED,21730445.849545855,false
global-demand-boom,seed-1,JPQ,4,355.32,0,355.32,0,0,355.32,0,0,0,-1,6.667757828884024,100,5278.810913377545,5899.856912486556,5013.094335333128,5541.23,5917.72,4238.66,8000,8000,5000,0.69265375,0.739715,0.8477319999999999,30000,0.5232536666666667,6030,1544.06,-1,-1,-1,NOT_CONSIDERED,CAPEX_DEFERRED,26003755.35318448,false
global-demand-boom,seed-1,CONSV,4,2933.8099999999995,0,2933.8099999999995,0,2518.46,415.35,0,0,0,-1,5.1946252292764585,100,5758.995398824518,8618.438782457783,3597.952720403023,4687.66,5933.53,3390.59,8000,7000,4000,0.5859575,0.8476471428571428,0.8476475,30000,0.46705933333333327,5038,2112.63,-1,-1,-1,NOT_CONSIDERED,CAPEX_DEFERRED|CAPEX_PROPOSED|CAPEX_PROPOSED,32839802.865283746,false
global-demand-boom,seed-1,VAP,4,2761.37,0,2761.37,0,609.79,2151.58,0,0,0,-1,6.260989777709288,100,4084.8062832527326,5151.121426682643,6314.466370010101,5783.7,5089.47,5088.96,8000,6000,6000,0.7229625,0.848245,0.84816,30000,0.5320710000000001,6500,0,-1,-1,-1,NOT_CONSIDERED,CAPEX_DEFERRED|CAPEX_DEFERRED,16460799.046748282,false
global-demand-boom,seed-1,JPQ,5,929.68,0,929.68,0,0,929.68,0,0,0,-1,6.7137547817117325,100,5357.7882185421495,5988.106682238037,5657.149754846262,5596.56,5845.5,4239.52,8000,8000,5000,0.69957,0.7306875,0.8479040000000001,30000,0.5227193333333334,6030,1688.38,-1,-1,-1,NOT_CONSIDERED,CAPEX_DEFERRED|CAPEX_DEFERRED,21681026.607666053,false
global-demand-boom,seed-1,CONSV,5,4033.7599999999998,0,4033.7599999999998,918.08,2831.72,283.96,0,0,0,-1,4.933732570474869,100,6711.716708510788,8968.411392708747,3485.7120309784777,6371.72,5519.62,3188.75,8000,7000,4000,0.796465,0.7885171428571428,0.7971875,30000,0.5026696666666667,5038,1029.79,-1,-1,-1,NOT_CONSIDERED,CAPEX_DEFERRED|CAPEX_DEFERRED|CAPEX_DEFERRED,35013352.775794074,false
global-demand-boom,seed-1,VAP,5,1989.46,0,1989.46,0,428.07,1561.39,0,0,0,-1,6.327063662584596,100,4167.202167726926,5061.015460342992,5808.237791899491,4398.76,5090.5,5090.5,8000,6000,6000,0.549845,0.8484166666666667,0.8484166666666667,30000,0.485992,6500,0,-1,-1,-1,NOT_CONSIDERED,CAPEX_DEFERRED|CAPEX_DEFERRED,26632070.025031246,false
global-demand-boom,seed-1,JPQ,6,1547.3100000000002,0,1547.3100000000002,0,0,1547.3100000000002,0,0,0,-1,6.8510142693361695,100,5505.689961697492,6153.428018459808,6405.271730909552,5680.82,5761.98,4246.79,8000,8000,5000,0.7101025,0.7202474999999999,0.849358,30000,0.5229863333333333,6030,1881.29,-1,-1,-1,NOT_CONSIDERED,CAPEX_DEFERRED|CAPEX_DEFERRED,22766063.30722539,false
global-demand-boom,seed-1,CONSV,6,4357.26,0,4357.26,443.95,3558.9000000000005,354.41,0,0,0,-1,5.187697203139839,100,6318.296289681077,9781.069425254298,3600.7692259209607,6389.73,5530.2,3194.86,8000,7000,4000,0.7987162499999999,0.7900285714285714,0.7987150000000001,30000,0.5038263333333334,5038,1029.79,-1,-1,-1,NOT_CONSIDERED,CAPEX_DEFERRED|CAPEX_DEFERRED|CAPEX_DEFERRED,33553048.607297502,false
global-demand-boom,seed-1,VAP,6,1214.98,0,1214.98,0,245.33,969.65,0,0,0,-1,6.5566344046267355,100,5202.828883295513,6029.665921964271,6271.957112536889,4958.91,5089.99,5089.99,8000,6000,6000,0.6198637499999999,0.8483316666666666,0.8483316666666666,30000,0.5046296666666666,6500,0,-1,-1,-1,NOT_CONSIDERED,CAPEX_DEFERRED|CAPEX_DEFERRED,16376614.570189917,false
global-demand-boom,seed-1,JPQ,7,2567.62,0,2567.62,0,394.79,2172.83,0,0,0,-1,6.854282767866929,100,5576.931578731128,6627.831176228909,7093.651981233347,5416.48,6804.43,4254.05,8000,8000,5000,0.67706,0.85055375,0.8508100000000001,30000,0.5491653333333333,6030,1140.07,-1,-1,-1,NOT_CONSIDERED,CAPEX_DEFERRED|CAPEX_DEFERRED,14558873.280437551,false
global-demand-boom,seed-1,CONSV,7,4694.259999999999,0,4694.259999999999,0,4275.5,418.76,0,0,0,-1,5.527938353491,100,5897.589999999998,10522.299999999997,3677.959999999999,4703.73,5954.48,3402.56,8000,7000,4000,0.5879662499999999,0.85064,0.85064,30000,0.46869233333333327,5038,2112.63,-1,-1,-1,NOT_CONSIDERED,CAPEX_DEFERRED|CAPEX_DEFERRED|CAPEX_DEFERRED,14802729.41879291,false
global-demand-boom,seed-1,VAP,7,2275.59,0,2275.59,0,1063.05,1212.54,0,0,0,-1,6.373867949732106,100,5306.2626967602555,6962.3691695370235,6620.238420795722,5607.99,5089.99,5089.99,8000,6000,6000,0.70099875,0.8483316666666666,0.8483316666666666,30000,0.5262656666666666,6500,0,-1,-1,-1,NOT_CONSIDERED,CAPEX_DEFERRED|CAPEX_DEFERRED,29945063.12858463,false
global-demand-boom,seed-1,JPQ,8,2611.85,0,2611.85,0,0,2611.85,0,0,0,-1,7.37548029904267,100,5558.151760442915,6212.072973808726,7516.110305938184,6162.27,6235.03,4254.05,8000,8000,5000,0.77028375,0.77937875,0.8508100000000001,30000,0.5550449999999999,6030,1039.05,-1,-1,-1,NOT_CONSIDERED,CAPEX_PROPOSED|CAPEX_PROPOSED,38767465.8555036,false
global-demand-boom,seed-1,CONSV,8,5988.9,0,5988.9,1145.68,4567.820000000001,275.4,0,0,0,-1,5.350475367173558,100,7043.289999999999,11126.96,3534.599999999999,6352.91,5765.37,3178.37,8000,7350,4000,0.79411375,0.7844040816326531,0.7945924999999999,30000,0.5098883333333333,5038,1166.88,-1,-1,-1,NOT_CONSIDERED,CAPEX_DEFERRED|CAPEX_PROPOSED|CAPEX_DEFERRED,35477959.93964745,false
global-demand-boom,seed-1,VAP,8,3217.2400000000002,0,3217.2400000000002,0,1880.77,1336.47,0,0,0,-1,6.251742759689014,100,5386.948302554157,7869.788292601048,6826.395969849453,5623.26,5089.99,5089.99,8000,6000,6000,0.7029075,0.8483316666666666,0.8483316666666666,30000,0.5267746666666666,6500,0,-1,-1,-1,NOT_CONSIDERED,CAPEX_PROPOSED|CAPEX_PROPOSED,38612781.96127268,false
global-demand-boom,seed-1,JPQ,9,3164.6299999999997,0,3164.6299999999997,0,0,3164.6299999999997,0,0,0,-1,7.816701763383423,100,5557.645840108357,6211.486527179928,8068.425234337041,6329.55,6806.48,4254.91,8000,8000,5000,0.79119375,0.85081,0.850982,30000,0.5796979999999999,6310,0,-1,-1,-1,NOT_CONSIDERED,CAPEX_DEFERRED|CAPEX_DEFERRED,47633011.94241226,false
global-demand-boom,seed-1,CONSV,9,6408.200000000001,0,6408.200000000001,690.38,5361.59,356.23,0,0,0,-1,5.740600639359083,100,6587.98,11920.73,3615.4300000000003,6778.18,6222.29,3389.09,8000,7350,4000,0.8472725,0.8465700680272109,0.8472725,30000,0.5463186666666667,5360,73.98,-1,-1,-1,NOT_CONSIDERED,CAPEX_PROPOSED|CAPEX_DEFERRED|CAPEX_DEFERRED,41276635.95217104,false
global-demand-boom,seed-1,VAP,9,4491.87,0,4491.87,0,2807.85,1684.02,0,0,0,-1,6.508346271622896,100,5385.536186579496,8795.303499802156,7172.520698728382,5417.74,5089.99,5089.99,8000,6000,6000,0.6772175,0.8483316666666666,0.8483316666666666,30000,0.5199239999999999,6500,0,-1,-1,-1,NOT_CONSIDERED,CAPEX_DEFERRED|CAPEX_DEFERRED,34542357.11458968,false
global-demand-boom,seed-1,JPQ,10,3591.19,0,3591.19,0,0,3591.19,0,0,0,-1,7.899032042169998,100,5875.585971485043,6566.8296341465575,8775.53230882353,5982.57,6808.54,4255.34,8000,8000,5000,0.74782125,0.8510675,0.851068,30000,0.568215,6310,0,-1,-1,-1,MONITORING,CAPEX_DEFERRED|CAPEX_DEFERRED,52547334.7169123,false
global-demand-boom,seed-1,CONSV,10,5918.9,0,5918.9,0,5698.44,220.46,0,0,0,-1,5.916261689745234,100,5809.821068844353,12159.979492327087,3631.807684561261,6807.85,6254.71,3616.31,8000,7350,4250,0.85098125,0.8509809523809524,0.8508964705882353,30000,0.5559623333333334,5603,0,-1,-1,-1,NOT_CONSIDERED,CAPEX_DEFERRED|CAPEX_DEFERRED|CAPEX_PROPOSED,43793864.5865902,false
global-demand-boom,seed-1,VAP,10,5636.599999999999,0,5636.599999999999,0,3739.3599999999997,1897.24,0,0,0,-1,6.573756208251144,100,5381.337665045354,9722.132480583863,7381.453890292496,5349.79,5098.71,5098.71,8000,6000,6000,0.66872375,0.849785,0.849785,30000,0.5182403333333333,6500,0,-1,-1,-1,NOT_CONSIDERED,CAPEX_DEFERRED|CAPEX_DEFERRED,44137510.8507488,false
global-demand-boom,seed-1,JPQ,11,4419.45,0,4419.45,0,0,4419.45,0,0,0,-1,7.953427066448453,90.17,5869.10104167277,6559.58177334199,9598.060428347282,5812.25,6808.54,4255.34,8000,8000,5000,0.72653125,0.8510675,0.851068,30000,0.5625376666666667,6310,0,-1,-1,-1,MONITORING,CAPEX_DEFERRED|CAPEX_DEFERRED,60031160.48084951,false
global-demand-boom,seed-1,CONSV,11,5921.700000000001,0,5921.700000000001,0,5905.880000000001,15.82,0,0,0,-1,5.9015493898778955,100,7766.689471038473,11664.478350576706,3056.074035995391,7607.43,6253.46,3615.94,12000,7350,4250,0.6339525,0.8508108843537415,0.8508094117647059,30000,0.5825609999999999,5603,1315.33,-1,-1,-1,NOT_CONSIDERED,CAPEX_DEFERRED|CAPEX_DEFERRED,57821965.948259294,false
global-demand-boom,seed-1,VAP,11,6934.2699999999995,0,6934.2699999999995,0,4675.400000000001,2258.87,0,0,0,-1,6.618837465227225,100,5381.626633675813,10658.508617788379,7743.384580313551,5412.41,5106.4,5106.4,8000,6000,6000,0.6765512499999999,0.8510666666666666,0.8510666666666666,30000,0.5208403333333333,6500,0,-1,-1,-1,NOT_CONSIDERED,CAPEX_DEFERRED|CAPEX_DEFERRED|CAPEX_DEFERRED,45701704.638931096,false
global-demand-boom,seed-1,JPQ,12,5352.59,164.11,5188.4800000000005,0,0,5352.59,0,0,164.11,8.099215369988771,7.928672021772518,91.13,5887.182041460375,6867.6455542951635,10547.165304842125,5897.47,7106.41,4255.34,8000,8350,5000,0.73718375,0.8510670658682634,0.851068,30000,0.5753073333333334,6310,0,-1,-1,-1,MONITORING,CAPEX_PROPOSED|CAPEX_DEFERRED,64719894.29550627,false
global-demand-boom,seed-1,CONSV,12,5411.5599999999995,0,5411.5599999999995,0,5411.5599999999995,0,0,0,0,-1,5.906978081707336,100,8845.59319262951,12282.405542009677,3462.580263265747,10205.62,6551.24,3616.31,12000,7700,4250,0.8504683333333334,0.8508103896103896,0.8508964705882353,30000,0.6791056666666667,6119,0,-1,-1,-1,NOT_CONSIDERED,CAPEX_PROPOSED|CAPEX_DEFERRED|CAPEX_DEFERRED,52296666.052676894,false
global-demand-boom,seed-1,VAP,12,8286.22,0,8286.22,0,5602.82,2683.3999999999996,0,0,0,-1,6.612865886733586,87.34,5368.953078687836,11920.02054040845,8154.996423016565,5436.38,5403.73,5106.4,8000,6350,6000,0.6795475,0.8509811023622047,0.8510666666666666,30000,0.5315503333333333,6500,0,-1,-1,-1,NOT_CONSIDERED,CAPEX_PROPOSED|CAPEX_DEFERRED|CAPEX_DEFERRED,62270150.49025373,false
global-demand-boom,seed-1,JPQ,13,6285.200000000001,1097.25,5187.950000000001,0,0,6285.200000000001,0,0,1097.25,8.133175799754445,8.246382792472321,88.67,5895.254276770039,6877.062156422841,11486.897869406828,5976.93,7106.41,4255.34,8000,8350,5000,0.74711625,0.8510670658682634,0.851068,30000,0.577956,6310,0,-1,-1,-1,MONITORING,CAPEX_DEFERRED|CAPEX_DEFERRED|CAPEX_DEFERRED,79585881.40066878,false
global-demand-boom,seed-1,CONSV,13,5731.8,0,5731.8,0,5731.8,0,0,0,0,-1,6.140653206015392,100,8845.625340791881,12602.688279186788,3462.6067608158814,9983.55,6552.56,3616.67,12000,7700,4250,0.8319624999999999,0.8509818181818183,0.8509811764705882,30000,0.6717593333333333,6367,0,-1,-1,-1,NOT_CONSIDERED,CAPEX_DEFERRED|CAPEX_DEFERRED|CAPEX_DEFERRED,52895383.56674209,false
global-demand-boom,seed-1,VAP,13,9619.73,199.09,9420.64,0,6550.55,3069.1800000000003,0,199.09,0,5.944741803778751,6.890396143560464,86.32,5370.4342776655085,12869.482817622953,8542.274944704834,5408.07,5404.28,5106.4,8000,6350,6000,0.6760087499999999,0.851067716535433,0.8510666666666666,30000,0.5306249999999999,6500,0,-1,-1,-1,NOT_CONSIDERED,CAPEX_DEFERRED|CAPEX_DEFERRED|CAPEX_DEFERRED,76420458.04471828,false
global-demand-boom,seed-1,JPQ,14,7063.1,2029.86,5033.240000000001,0,0,7063.1,0,0,2029.86,8.35914977105353,8.314562503607899,71.88,5900.587886958959,6883.307215579465,12529.840123348115,5971.96,7105.7,4467.2,8000,8350,5250,0.746495,0.8509820359281437,0.850895238095238,30000,0.5848286666666667,6310,0,-1,-1,-1,MONITORING,CAPEX_DEFERRED|CAPEX_PROPOSED|CAPEX_DEFERRED,97371911.52690473,false
global-demand-boom,seed-1,CONSV,14,6050.73,0,6050.73,0,6050.73,0,0,0,0,-1,6.192330308867455,100,8843.101370741428,12919.637778984514,3461.6087602573352,8772.75,6553.22,3617.03,12000,7700,4250,0.7310625,0.8510675324675325,0.8510658823529412,30000,0.6314333333333333,6367,0,-1,-1,-1,NOT_CONSIDERED,CAPEX_DEFERRED,65930742.47889918,false
global-demand-boom,seed-1,VAP,14,10823.03,1146.27,9676.76,0,7492.860000000001,3330.17,0,1146.27,0,6.176137920934062,6.983270530926381,85.4,5366.9132704219355,13807.682537697623,9027.594885936705,5380.63,5404.28,5319.17,8000,6350,6250,0.67257875,0.851067716535433,0.8510672,30000,0.5368026666666667,6500,0,-1,-1,-1,NOT_CONSIDERED,CAPEX_DEFERRED|CAPEX_PROPOSED|CAPEX_DEFERRED,93033957.21869117,false
global-demand-boom,seed-1,JPQ,15,7995.279999999999,2595.8999999999996,5399.379999999999,0,0,7995.279999999999,0,0,2595.8999999999996,8.507975966241979,8.486439587734134,70.44,5905.311981548491,6888.794892224402,13466.368507510426,5943.11,7106.41,4468.1,8000,8350,5250,0.74288875,0.8510670658682634,0.8510666666666667,30000,0.5839206666666668,6506,0,-1,-1,-1,MONITORING,CAPEX_DEFERRED|CAPEX_DEFERRED|CAPEX_DEFERRED,112823344.23479387,false
global-demand-boom,seed-1,CONSV,15,6368.9800000000005,0,6368.9800000000005,0,6368.9800000000005,0,0,0,0,-1,6.312992250539375,100,8843.257004328463,13238.018664327066,3461.6696826154184,8424.39,6553.22,3617.03,12000,7700,4250,0.7020325,0.8510675324675325,0.8510658823529412,30000,0.6198213333333333,6367,0,-1,-1,-1,NOT_CONSIDERED,CAPEX_DEFERRED,85073419.3825516,false
global-demand-boom,seed-1,VAP,15,12106.709999999997,2088.58,10018.129999999997,0,8422.859999999999,3683.8500000000004,0,2088.58,0,6.229416458707556,7.174499070226294,82.62,5367.548952500354,14738.41315924464,9381.938746458402,5374.51,5404.28,5319.17,8000,6350,6250,0.67181375,0.851067716535433,0.8510672,30000,0.5365986666666667,6500,0,-1,-1,-1,NOT_CONSIDERED,CAPEX_DEFERRED|CAPEX_DEFERRED|CAPEX_DEFERRED,108813277.22061892,false
global-demand-boom,seed-1,JPQ,16,8997.69,3527.1799999999994,5470.510000000001,0,0,8997.69,0,0,3527.1799999999994,8.599472312353845,8.568488541053792,70.17,5907.187508605924,7179.849707251263,14470.52533965282,5931.83,7404.28,4468.55,8000,8700,5250,0.74147875,0.8510666666666666,0.851152380952381,30000,0.5934886666666667,6506,0,-1,-1,-1,MONITORING,CAPEX_PROPOSED|CAPEX_DEFERRED|CAPEX_DEFERRED,131476769.7247831,false
global-demand-boom,seed-1,CONSV,16,6687.24,0,6687.24,0,6687.24,0,0,0,0,-1,6.379572696505837,100,8843.36407482801,13868.604638912066,3665.3416889089776,8723.2,6851.09,3712.8,12000,8050,4500,0.7269333333333334,0.8510670807453417,0.8250666666666667,30000,0.642903,6367,0,-1,-1,-1,NOT_CONSIDERED,CAPEX_PROPOSED|CAPEX_DEFERRED,108628976.22637951,false
global-demand-boom,seed-1,VAP,16,13428.529999999999,3018.5799999999995,10409.949999999999,0,9350.76,4077.7699999999995,0,3018.5799999999995,0,6.32995796703591,7.286260716708237,63.66,5351.584995809544,15994.605587203332,9758.913163671245,5363.62,5702.15,5319.17,8000,6700,6250,0.6704525,0.8510671641791044,0.8510672,30000,0.5461646666666667,6500,0,-1,-1,-1,NOT_CONSIDERED,CAPEX_PROPOSED|CAPEX_DEFERRED|CAPEX_DEFERRED,127518141.37591717,false
global-demand-boom,seed-1,JPQ,17,9998.789999999999,4529.139999999999,5469.65,0,0,9998.789999999999,0,0,4529.139999999999,8.608091856308084,8.442208457121309,70.64,5909.019578696551,7182.066535152402,15473.322698662008,5937.24,7405.03,4468.55,8000,8700,5250,0.742155,0.8511528735632183,0.851152380952381,30000,0.5936939999999999,6506,0,-1,-1,-1,MONITORING,CAPEX_DEFERRED|CAPEX_DEFERRED|CAPEX_DEFERRED,151148356.2790381,false
global-demand-boom,seed-1,CONSV,17,7019.9800000000005,0,7019.9800000000005,0,7019.9800000000005,0,0,0,0,-1,6.276025181744386,88.26,8843.374361451015,14201.351113559207,3665.350095767459,8949.94,6851.78,3700.56,12000,8050,4500,0.7458283333333334,0.8511527950310559,0.8223466666666667,30000,0.6500760000000001,6367,0,-1,-1,-1,NOT_CONSIDERED,CAPEX_DEFERRED|CAPEX_DEFERRED,130708308.6335247,false
global-demand-boom,seed-1,VAP,17,14761.9,3648.6099999999997,11113.29,0,10309.829999999998,4452.07,0,3648.6099999999997,0,6.402237461846577,7.183724513265607,62.41,5351.754806471038,16953.870276006717,10133.379945276458,5361.95,5702.15,5319.17,8000,6700,6250,0.67024375,0.8510671641791044,0.8510672,30000,0.546109,6500,0,-1,-1,-1,NOT_CONSIDERED,CAPEX_DEFERRED|CAPEX_DEFERRED|CAPEX_DEFERRED,146931393.72866273,false
global-demand-boom,seed-1,JPQ,18,10989.959999999997,5530.24,5459.7199999999975,0,0,10989.959999999997,0,0,5530.24,8.446489804705957,8.507672737829456,70.68,6123.58883003656,7442.851923037769,16663.277906802472,6154.25,7405.03,4468.55,8000,8700,5250,0.76928125,0.8511528735632183,0.851152380952381,30000,0.6009276666666666,6506,0,-1,-1,-1,DEFERRED,CAPEX_DEFERRED|CAPEX_DEFERRED|CAPEX_DEFERRED,171062253.24952793,false
global-demand-boom,seed-1,CONSV,18,7352.0199999999995,168.2,7183.82,0,7352.0199999999995,0,0,168.2,0,6.320788586120701,6.317906806050396,87.4,8846.4,14535.83,3666.6,8929.77,6851.78,3663.74,12000,8050,4500,0.7441475000000001,0.8511527950310559,0.8141644444444444,30000,0.6481763333333334,6367,0,-1,-1,-1,NOT_CONSIDERED,CAPEX_DEFERRED|CAPEX_DEFERRED,152754123.5728779,false
global-demand-boom,seed-1,VAP,18,16088.580000000002,4607.68,11480.900000000001,0,11268.35,4820.2300000000005,0,4607.68,0,6.290930788974036,7.271536169296542,62.4,5354.1912637309415,17915.418444320443,10504.133173540667,5366.98,5702.15,5319.17,8000,6700,6250,0.6708725,0.8510671641791044,0.8510672,30000,0.5462766666666666,6500,0,-1,-1,-1,NOT_CONSIDERED,CAPEX_DEFERRED|CAPEX_DEFERRED|CAPEX_DEFERRED,167420726.31072342,false
global-demand-boom,seed-1,JPQ,19,12175.120000000003,6521.410000000001,5653.710000000002,0,0,12175.120000000003,0,0,6521.410000000001,8.539009889745394,8.64352921806764,70.64,6129.318750654107,7449.828426112275,17853.745769247595,6221.87,7403.54,4467.65,8000,8700,5250,0.77773375,0.8509816091954023,0.8509809523809523,30000,0.6031019999999999,6506,0,-1,-1,-1,DEFERRED,CAPEX_DEFERRED|CAPEX_DEFERRED|CAPEX_DEFERRED,191636457.96939617,false
global-demand-boom,seed-1,CONSV,19,7684.050000000001,500.24,7183.810000000001,0,7684.050000000001,0,0,500.24,0,6.362298981873822,6.416045144941932,87.08,8846.389999999998,14867.869999999999,3666.599999999999,8839.74,6851.78,3653.75,12000,8050,4500,0.736645,0.8511527950310559,0.8119444444444445,30000,0.6448423333333333,6367,0,-1,-1,-1,NOT_CONSIDERED,CAPEX_DEFERRED|CAPEX_DEFERRED,174380289.54427522,false
global-demand-boom,seed-1,VAP,19,17407.510000000002,5566.200000000001,11841.310000000001,0,12218.27,5189.24,0,5566.200000000001,0,6.326751318049063,7.420194131585092,62.41,5355.025652354127,18866.389009499424,10874.045502184585,5360.85,5702.15,5319.17,8000,6700,6250,0.67010625,0.8510671641791044,0.8510672,30000,0.5460723333333334,6500,0,-1,-1,-1,NOT_CONSIDERED,CAPEX_DEFERRED|CAPEX_DEFERRED|CAPEX_DEFERRED,188687559.10270846,false
global-demand-boom,seed-1,JPQ,20,13378.069999999998,7707.47,5670.599999999998,0,0,13378.069999999998,0,0,7707.47,8.661740079145684,8.639488998714484,70.58,6130.53096638926,7751.064523623812,19328.282130143223,6128.07,7641.11,4679.93,8000,9050,5500,0.76600875,0.8443215469613259,0.8508963636363637,30000,0.6149703333333334,6506,97.53,-1,-1,-1,DEFERRED,CAPEX_PROPOSED|CAPEX_PROPOSED|CAPEX_DEFERRED,215740637.52464154,false
global-demand-boom,seed-1,CONSV,20,8016.089999999999,832.27,7183.82,0,8016.089999999999,0,0,832.27,0,6.460669585072342,6.415545600652745,88.34,8846.399999999998,15512.259999999998,3666.599999999999,8815,7148.96,3663.06,12000,8400,4500,0.7345833333333334,0.8510666666666666,0.8140133333333334,30000,0.654234,6367,0,-1,-1,-1,NOT_CONSIDERED,CAPEX_PROPOSED|CAPEX_DEFERRED,199086672.22973788,false
global-demand-boom,seed-1,VAP,20,18720.990000000005,6516.12,12204.870000000006,0,13165.25,5555.74,0,6516.12,0,6.419737161163045,7.44795722980044,49.54,5335.061709020593,20134.564110858373,11445.887610475644,5333.32,5998.82,5530.82,8000,7050,6500,0.666665,0.8508964539007092,0.8508953846153846,30000,0.5620986666666666,6500,0,-1,-1,-1,NOT_CONSIDERED,CAPEX_PROPOSED|CAPEX_PROPOSED|CAPEX_DEFERRED,211492817.52330273,false
global-demand-boom,seed-1,JPQ,21,14638.97,8698.14,5940.83,0,0,14638.97,0,0,8698.14,8.702099367803308,9.040228188817439,70.07,6131.7509892211465,7752.60968446017,20590.375959230896,6147.77,7701.38,4680.4,8000,9050,5500,0.76847125,0.8509812154696133,0.8509818181818181,30000,0.6176516666666667,6781,0,-1,-1,-1,DEFERRED,CAPEX_DEFERRED|CAPEX_DEFERRED|CAPEX_DEFERRED,232063325.48750332,false
global-demand-boom,seed-1,CONSV,21,8363.3,867.13,7496.169999999999,0,8363.3,0,0,867.13,0,6.463013575182725,6.7148797960754525,87.39,8846.409999999996,15859.459999999995,3666.5999999999985,8837.65,7149.68,3669.83,12000,8400,4500,0.7364708333333333,0.851152380952381,0.8155177777777778,30000,0.6552386666666666,6367,0,-1,-1,-1,NOT_CONSIDERED,CAPEX_DEFERRED|CAPEX_DEFERRED,218847470.81309706,false
global-demand-boom,seed-1,VAP,21,20052.759999999995,7191.35,12861.409999999994,0,14136.800000000003,5915.96,0,7166.43,24.92,6.4302657424799445,7.7993458395314015,48.12,5335.116420239937,21106.188466281506,11806.16258102697,5326.85,6000.02,5531.94,8000,7050,6500,0.66585625,0.8510666666666667,0.8510676923076922,30000,0.5619603333333334,6704,0,-1,-1,-1,NOT_CONSIDERED,CAPEX_DEFERRED|CAPEX_DEFERRED|CAPEX_DEFERRED,227609050.0322006,false
global-demand-boom,seed-1,JPQ,22,15783.65,9958.57,5825.08,0,0,15783.65,0,0,9958.57,8.909153520416925,8.744211758919679,70.48,6124.66588789569,7743.6364712972245,21728.15988280387,6142.18,7702.93,4681.34,8000,9050,5500,0.7677725000000001,0.8511524861878453,0.8511527272727273,30000,0.6175483333333334,6781,0,-1,-1,-1,DEFERRED,CAPEX_DEFERRED|CAPEX_DEFERRED|CAPEX_DEFERRED,259173651.73203528,false
global-demand-boom,seed-1,CONSV,22,8709.779999999999,1213.62,7496.159999999999,0,8709.779999999999,0,0,1213.62,0,6.763897571984475,6.504019240891957,86.5,8845.929896907215,16205.541649484534,3666.4051546391747,8853.79,7149.68,3664.58,12000,8400,4500,0.7378158333333334,0.851152380952381,0.8143511111111111,30000,0.6556016666666667,6367,0,-1,-1,-1,NOT_CONSIDERED,CAPEX_DEFERRED|CAPEX_DEFERRED,246745017.9522376,false
global-demand-boom,seed-1,VAP,22,21316.550000000003,8520.800000000001,12795.750000000002,0,15106.97,6209.58,0,8136.779999999999,384.02,6.8009396445100245,7.543556607842143,47.11,5334.011829328009,22074.903667807186,12098.566363443864,5332.34,6000.02,5531.94,8000,7050,6500,0.6665425,0.8510666666666667,0.8510676923076922,30000,0.5621433333333333,6704,0,-1,-1,-1,NOT_CONSIDERED,CAPEX_DEFERRED|CAPEX_DEFERRED|CAPEX_DEFERRED,251208209.59755456,false
global-demand-boom,seed-1,JPQ,23,17062.79,11102.310000000001,5960.48,0,0,17062.79,0,0,11102.310000000001,8.896597858928619,8.955079288894279,70,6127.555670915886,7747.315359379614,23010.124032238644,6142.05,7702.93,4681.34,8000,9050,5500,0.76775625,0.8511524861878453,0.8511527272727273,30000,0.617544,6781,0,-1,-1,-1,DEFERRED,CAPEX_DEFERRED|CAPEX_DEFERRED|CAPEX_DEFERRED,283189835.6913544,false
global-demand-boom,seed-1,CONSV,23,9056.26,1560.1,7496.16,0,9056.26,0,0,1560.1,0,6.54978153789529,6.6609862069003976,86.19,9155.535349779755,16814.379322295794,3794.739124673514,9157.5,7148.24,3791.37,12000,8400,4500,0.763125,0.8509809523809524,0.8425266666666666,30000,0.6699036666666667,6367,0,-1,-1,-1,MONITORING,CAPEX_DEFERRED|CAPEX_DEFERRED,272096839.0341271,false
global-demand-boom,seed-1,VAP,23,22653.219999999994,9784.589999999998,12868.629999999996,0,16081.230000000001,6571.99,0,9106.949999999999,677.64,6.737370727293582,7.730724740945675,47,5334.016064190587,23049.1783812366,12460.974166470474,5340.76,6000.02,5531.94,8000,7050,6500,0.667595,0.8510666666666667,0.8510676923076922,30000,0.562424,6704,0,-1,-1,-1,NOT_CONSIDERED,CAPEX_DEFERRED|CAPEX_DEFERRED|CAPEX_DEFERRED,275413043.3417585,false
global-demand-boom,seed-1,JPQ,24,18338.59,12381.45,5957.139999999999,0,0,18338.59,0,0,12381.45,8.87387558225098,8.824395944745572,70.01,6128.879353005948,8048.635201230492,24287.189409554754,6141.14,7999.23,4680.4,8000,9400,5500,0.7676425,0.850981914893617,0.8509818181818181,30000,0.6273589999999999,6781,0,-1,-1,-1,DEFERRED,CAPEX_PROPOSED|CAPEX_DEFERRED|CAPEX_DEFERRED,312056939.1353323,false
global-demand-boom,seed-1,CONSV,24,9666.550000000001,1908.02,7758.530000000001,0,9666.550000000001,0,0,1908.02,0,6.707109530925546,6.586647388626723,87.98,9155.541428723063,17747.927576573016,3794.731644765304,9262.76,7446.09,3829.42,12000,8750,4500,0.7718966666666667,0.8509817142857143,0.8509822222222222,30000,0.6846089999999999,6615,0,-1,-1,-1,MONITORING,CAPEX_PROPOSED|CAPEX_DEFERRED,298542342.04949754,false
global-demand-boom,seed-1,VAP,24,23989.82,11121.26,12868.56,0,17055.46,6934.36,0,10081.210000000001,1040.05,6.868234749537256,7.630051430604764,48.66,5319.4933733201615,24349.430396278043,12807.326383520278,5327.32,6297.9,5531.94,8000,7400,6500,0.6659149999999999,0.8510675675675675,0.8510676923076922,30000,0.5719053333333334,6704,0,-1,-1,-1,NOT_CONSIDERED,CAPEX_PROPOSED|CAPEX_DEFERRED|CAPEX_DEFERRED,302783377.4223711,false
global-demand-boom,seed-1,JPQ,25,19617.449999999997,13658.189999999999,5959.259999999998,0,0,19617.449999999997,0,0,13658.189999999999,8.906314870138068,8.900133627245623,70.45,6130.334391193161,8050.569094405298,25567.491301769034,6142.25,7999.23,4680.4,8000,9400,5500,0.76778125,0.850981914893617,0.8509818181818181,30000,0.627396,6781,0,-1,-1,-1,DEFERRED,CAPEX_DEFERRED|CAPEX_DEFERRED|CAPEX_DEFERRED,339082971.2727522,false
global-demand-boom,seed-1,CONSV,25,10302.259999999998,2220.46,8081.799999999998,0,10302.259999999998,0,0,2220.46,0,6.635985004229631,6.635905262207619,85.86,9155.53742058672,18383.642864992253,3794.7341280216115,9195.03,7447.58,3819.17,12000,8750,4500,0.7662525,0.851152,0.8487044444444445,30000,0.6820593333333332,6615,0,-1,-1,-1,MONITORING,CAPEX_DEFERRED|CAPEX_DEFERRED,323158638.2062223,false
global-demand-boom,seed-1,VAP,25,25338.740000000005,12159.980000000001,13178.760000000004,0,18058.08,7280.659999999999,0,10757.560000000001,1402.42,6.9136209744691115,7.664188976626323,46.86,5319.50335707456,25352.067794239276,13153.618463446423,5319.62,6297.9,5531.94,8000,7400,6500,0.6649525,0.8510675675675675,0.8510676923076922,30000,0.5716486666666666,6704,0,-1,-1,-1,NOT_CONSIDERED,CAPEX_DEFERRED|CAPEX_DEFERRED|CAPEX_DEFERRED,328251664.1952706,false
global-demand-boom,seed-1,JPQ,26,20861.02,14937.050000000001,5923.969999999999,0,0,20861.02,0,0,14937.050000000001,8.921167010565577,8.622670079215165,70.57,6137.968316164302,8060.5911003888095,27089.231978438685,6149.1,7999.23,4892.65,8000,9400,5750,0.7686375000000001,0.850981914893617,0.8508956521739129,30000,0.6346993333333333,6781,0,-1,-1,-1,DEFERRED,CAPEX_DEFERRED|CAPEX_PROPOSED|CAPEX_DEFERRED,368863109.23093003,false
global-demand-boom,seed-1,CONSV,26,10936.479999999998,2854.68,8081.799999999997,0,10936.479999999998,0,0,2854.68,0,6.679218267827751,6.433067409113248,61.58,9156.03,19018.28,3794.9200000000005,9133.08,7447.58,3791.65,12000,8750,4500,0.76109,0.851152,0.8425888888888889,30000,0.679077,6615,0,-1,-1,-1,MONITORING,CAPEX_DEFERRED|CAPEX_DEFERRED,352602593.19862235,false
global-demand-boom,seed-1,VAP,26,26678.71,13508.899999999998,13169.810000000001,0,19060.69,7618.02,0,11760.179999999998,1748.72,6.9576429643484055,7.42846596140621,45.88,5316.364753855546,26350.345255975444,13713.250223106745,5317.89,6297.26,5743.55,8000,7400,6750,0.66473625,0.8509810810810811,0.8508962962962964,30000,0.5786233333333334,6704,0,-1,-1,-1,NOT_CONSIDERED,CAPEX_DEFERRED|CAPEX_PROPOSED|CAPEX_DEFERRED,356493946.73780936,false
global-demand-boom,seed-1,JPQ,27,22154.829999999994,15968.37,6186.459999999994,0,0,22154.829999999994,0,0,15968.37,8.798167964243856,8.699946922827783,69.66,6134.557323421124,8056.1247857332055,28379.600961000997,6140.76,8000.03,4893.64,8000,9400,5750,0.767595,0.8510670212765957,0.8510678260869565,30000,0.634481,7031,0,-1,-1,-1,DEFERRED,CAPEX_DEFERRED|CAPEX_DEFERRED|CAPEX_DEFERRED,393157047.07261974,false
global-demand-boom,seed-1,CONSV,27,11570.699999999999,3488.9,8081.799999999999,0,11570.699999999999,0,0,3488.9,0,6.470186496548637,6.498376129847606,61.58,9156.02,19652.489999999998,3794.93,9134.33,7447.58,3785.33,12000,8750,4500,0.7611941666666666,0.851152,0.8411844444444444,30000,0.678908,6615,0,-1,-1,-1,MONITORING,CAPEX_DEFERRED|CAPEX_DEFERRED,379501607.53297496,false
global-demand-boom,seed-1,VAP,27,28009.359999999993,14637.899999999998,13371.459999999995,0,20053.97,7955.39,0,12763.429999999998,1874.47,6.830299676829767,7.519697603257795,45.36,5316.076247566018,27343.246431945972,14050.30370736447,5316.66,6297.9,5744.7,8000,7400,6750,0.6645825,0.8510675675675675,0.8510666666666666,30000,0.578642,6912,0,-1,-1,-1,NOT_CONSIDERED,CAPEX_DEFERRED|CAPEX_DEFERRED|CAPEX_DEFERRED,381368155.5192128,false
global-demand-boom,seed-1,JPQ,28,23485.02999999999,17261.189999999995,6223.8399999999965,0,0,23485.02999999999,0,0,17261.189999999995,8.742026360278544,8.434026301503058,69.54,6134.282776750228,8355.700423460197,29709.522376898778,6138.55,8297.9,4894.13,8000,9750,5750,0.76731875,0.8510666666666666,0.8511530434782609,30000,0.6443526666666667,7031,0,-1,-1,-1,DEFERRED,CAPEX_PROPOSED|CAPEX_DEFERRED|CAPEX_DEFERRED,422704085.84179676,false
global-demand-boom,seed-1,CONSV,28,12204.91,4123.12,8081.79,0,12204.91,0,0,4123.12,0,6.527106958016386,6.328209985666484,61.58,9156.029999999999,20609.97,3794.93,9156.37,7744.71,3792.69,12000,9100,4500,0.7630308333333334,0.851067032967033,0.84282,30000,0.6897923333333333,6615,0,-1,-1,-1,MONITORING,CAPEX_PROPOSED|CAPEX_DEFERRED,409530550.9245073,false
global-demand-boom,seed-1,VAP,28,29355.290000000005,15966.760000000002,13388.530000000002,0,21047.710000000003,8307.579999999998,0,13756.070000000002,2210.69,6.817387800852011,7.3054546605621375,47.13,5302.332235036996,28661.987608120104,14386.732038409555,5303.68,6595.77,5744.7,8000,7750,6750,0.66296,0.8510670967741936,0.8510666666666666,30000,0.5881383333333334,6912,0,-1,-1,-1,NOT_CONSIDERED,CAPEX_PROPOSED|CAPEX_DEFERRED|CAPEX_DEFERRED,408766744.0902297,false
global-demand-boom,seed-1,JPQ,29,24809.86,18590.899999999998,6218.960000000003,0,0,24809.86,0,0,18590.899999999998,8.592964652951368,8.406203415572662,69.99,6133.476414499773,8354.615656362965,31033.53430331342,6139.53,8298.74,4894.13,8000,9750,5750,0.76744125,0.8511528205128205,0.8511530434782609,30000,0.6444133333333334,7031,0,-1,-1,-1,DEFERRED,CAPEX_DEFERRED|CAPEX_DEFERRED|CAPEX_DEFERRED,447768660.97492915,false
global-demand-boom,seed-1,CONSV,29,12865.259999999998,4460.200000000001,8405.059999999998,0,12865.259999999998,0,0,4460.200000000001,0,6.3485926281087925,6.305218518908524,60.64,9156.029999999999,21270.319999999996,3794.929999999999,9163.71,7745.49,3797.47,12000,9100,4500,0.7636424999999999,0.8511527472527473,0.8438822222222222,30000,0.6902223333333333,6615,0,-1,-1,-1,MONITORING,CAPEX_DEFERRED|CAPEX_DEFERRED,434510017.57836634,false
global-demand-boom,seed-1,VAP,29,30712.660000000007,17014.820000000003,13697.840000000004,0,22068.670000000002,8643.99,0,14451.940000000002,2562.88,6.761573158830826,7.25633653397869,44.2,5302.323613279688,29682.963938366713,14723.155076291427,5299.51,6595.77,5744.7,8000,7750,6750,0.6624387500000001,0.8510670967741936,0.8510666666666666,30000,0.5879993333333333,6912,0,-1,-1,-1,NOT_CONSIDERED,CAPEX_DEFERRED|CAPEX_DEFERRED|CAPEX_DEFERRED,433899677.2871311,false
global-demand-boom,seed-1,JPQ,30,26111.690000000002,19915.730000000003,6195.959999999999,0,0,26111.690000000002,0,0,19915.730000000003,8.537387626955672,8.570273256367537,70.07,6267.935796873717,8537.743979571958,32471.793244928085,6274.02,8297.07,4893.14,8000,9750,5750,0.7842525,0.8509815384615385,0.8509808695652175,30000,0.6488076666666667,7031,0,-1,-1,-1,READY_TO_BUILD,CAPEX_DEFERRED|CAPEX_DEFERRED|CAPEX_DEFERRED,473321592.6036194,false
global-demand-boom,seed-1,CONSV,30,13524.83,5119.7699999999995,8405.060000000001,0,13524.83,0,0,5119.7699999999995,0,6.322399138091024,6.463056203161188,60.64,9156.019999999999,21929.909999999996,3794.919999999999,9158.61,7745.49,3796.6,12000,9100,4500,0.7632175,0.8511527472527473,0.8436888888888888,30000,0.6900233333333332,6615,0,-1,-1,-1,MONITORING,CAPEX_DEFERRED|CAPEX_DEFERRED,458391621.1228081,false
global-demand-boom,seed-1,VAP,30,32062.01,18372.190000000002,13689.819999999996,0,23089.629999999997,8972.38,0,15472.899999999998,2899.2899999999995,6.695400693291927,7.416900173568965,27.92,5302.337449512749,30703.959964442747,15051.559730613542,5302.57,6595.77,5744.7,8000,7750,6750,0.6628212499999999,0.8510670967741936,0.8510666666666666,30000,0.5881013333333334,6912,0,-1,-1,-1,NOT_CONSIDERED,CAPEX_DEFERRED|CAPEX_DEFERRED|CAPEX_DEFERRED,457581051.80658567,false
global-demand-boom,seed-1,JPQ,31,27521.929999999997,21218.55,6303.379999999997,0,0,27521.929999999997,0,0,21218.55,8.526372062956884,8.096283313617866,70.16,6266.519729464057,8535.838698735426,33880.596501656415,6321.03,8297.07,4893.14,8000,9750,5750,0.7901287499999999,0.8509815384615385,0.8509808695652175,30000,0.6503746666666665,7031,0,-1,-1,-1,APPROVED,CAPEX_DEFERRED|CAPEX_DEFERRED|CAPEX_DEFERRED,496858957.9357601,false
global-demand-boom,seed-1,CONSV,31,14184.419999999998,5779.34,8405.079999999998,0,14184.419999999998,0,0,5779.34,0,6.4760738446849535,6.136136235788573,60.64,9156.02,22589.5,3794.92,9154.25,7745.49,3794.63,12000,9100,4500,0.7628541666666667,0.8511527472527473,0.8432511111111112,30000,0.6898123333333332,6615,0,-1,-1,-1,MONITORING,CAPEX_DEFERRED|CAPEX_DEFERRED,487785106.39589,false
global-demand-boom,seed-1,VAP,31,33393.88999999999,19721.539999999994,13672.349999999999,0,24110.52,9283.369999999997,0,16493.86,3227.68,6.782557105763754,7.022161429728435,27.95,5302.152042178935,31724.56262541617,15362.329512751854,5304.83,6595.77,5744.7,8000,7750,6750,0.66310375,0.8510670967741936,0.8510666666666666,30000,0.5881766666666667,6912,0,-1,-1,-1,NOT_CONSIDERED,CAPEX_DEFERRED|CAPEX_DEFERRED|CAPEX_DEFERRED,485971324.57085836,false
global-demand-boom,seed-1,JPQ,32,28984.909999999993,22628.789999999997,6356.119999999995,0,0,28984.909999999993,0,0,22628.789999999997,8.386676247791096,8.137088842024326,69.99,6266.299901876132,8841.931401367714,35619.813428999085,6291.32,8594.05,5105.38,8000,10100,6000,0.786415,0.8508960396039603,0.8508966666666666,30000,0.6663583333333334,7031,0,-1,-1,-1,APPROVED,CAPEX_PROPOSED|CAPEX_PROPOSED|CAPEX_DEFERRED,516720955.1086884,false
global-demand-boom,seed-1,CONSV,32,14844.01,6438.930000000001,8405.079999999998,0,14844.01,0,0,6438.930000000001,0,6.144667611503044,6.199933432335195,60.64,9156.03,23572.35,3794.93,9152.67,8040.97,3793.48,12000,9450,4500,0.7627225,0.8508962962962964,0.8429955555555556,30000,0.6995706666666667,6615,0,-1,-1,-1,MONITORING,CAPEX_PROPOSED|CAPEX_DEFERRED,513073197.9685954,false
global-demand-boom,seed-1,VAP,32,34751.88,21053.42,13698.46,0,25132.15,9619.73,0,17514.75,3538.67,6.640928782790639,7.077268235920607,27.91,5285.228255393153,33064.63530836312,15903.701959142174,5287.9,6892.26,5956.27,8000,8100,7000,0.6609875,0.8508962962962964,0.8508957142857143,30000,0.6045476666666667,6912,0,-1,-1,-1,NOT_CONSIDERED,CAPEX_PROPOSED|CAPEX_PROPOSED|CAPEX_DEFERRED,512592528.6021274,false
global-demand-boom,seed-2,JPQ,1,1900,0,1900,0,1900,0,0,0,0,-1,7.005263157894737,-1,4771.23,7232.55,4209.91,4015.62,6783.23,2509.76,8000,8000,5000,0.5019525,0.84790375,0.5019520000000001,30000,0.4436203333333333,5500,2790.77,-1,-1,-1,NOT_CONSIDERED,CAPEX_DEFERRED|CAPEX_DEFERRED,25000000,false
global-demand-boom,seed-2,CONSV,1,1400,0,1400,1100,300,0,0,0,0,-1,5.582142857142857,-1,6997.600000000001,6546.8,3259.2,6782.54,5934.73,2128.14,8000,7000,4000,0.8478175,0.8478185714285714,0.5320349999999999,30000,0.494847,4500,1273.83,-1,-1,-1,NOT_CONSIDERED,CAPEX_DEFERRED|CAPEX_DEFERRED|CAPEX_DEFERRED,35000000,false
global-demand-boom,seed-2,VAP,1,1650,0,1650,0,450,1200,0,0,0,-1,8.374242424242425,-1,4414.389999999999,5357.759999999999,5698.780000000001,1032.51,5093.06,5093.06,8000,6000,6000,0.12906375,0.8488433333333334,0.8488433333333334,30000,0.3739543333333334,6500,0,-1,-1,-1,NOT_CONSIDERED,CAPEX_DEFERRED|CAPEX_DEFERRED,22000000,false
global-demand-boom,seed-2,JPQ,2,1284.48,0,1284.48,755.61,449.32,79.55,0,0,0,-1,5.452158441225616,100,4986.64,5178.117192023859,3812.8128079761404,5694.11,6019.51,3797.33,8000,8000,5000,0.7117637499999999,0.75243875,0.759466,30000,0.5170316666666667,5500,1854.94,-1,-1,-1,NOT_CONSIDERED,CAPEX_DEFERRED|CAPEX_DEFERRED,14494279.701722093,false
global-demand-boom,seed-2,CONSV,2,1115.09,0,1115.09,215.06,612.0699999999999,287.96,0,0,0,-1,6.219324203933475,100,5789.861007556675,6516.957909319899,3368.7710831234253,5924.61,5067.59,2959.32,8000,7000,4000,0.7405762499999999,0.7239414285714286,0.73983,30000,0.46505066666666667,4500,2169.45,-1,-1,-1,NOT_CONSIDERED,CAPEX_DEFERRED|CAPEX_DEFERRED|CAPEX_DEFERRED,10878104.155727632,false
global-demand-boom,seed-2,VAP,2,3646.58,0,3646.58,3381.8799999999997,264.7,0,0,0,0,-1,4.656061477439135,100,7176.263401131473,4483.168523492993,3866.9294798685764,6507.15,4892.68,0,8000,6000,6000,0.8133937499999999,0.8154466666666668,0,30000,0.3799943333333333,6500,275.74,-1,-1,-1,NOT_CONSIDERED,CAPEX_DEFERRED|CAPEX_DEFERRED,20033387.12761445,false
global-demand-boom,seed-2,JPQ,3,0,0,0,0,0,0,0,0,0,-1,-1,100,4365.520000000001,4879.109511803037,3851.921338522771,5920.73,6403.3,4070.77,8000,8000,5000,0.74009125,0.8004125,0.814154,30000,0.5464933333333333,6010,684.14,-1,-1,-1,NOT_CONSIDERED,CAPEX_DEFERRED,29879945.505055007,false
global-demand-boom,seed-2,CONSV,3,2340.41,0,2340.41,188.05,1791.28,361.08,0,0,0,-1,5.057603577280249,100,5880.840528967254,7821.133999668906,3507.095818639798,6377.51,5519.62,3188.75,8000,7000,4000,0.79718875,0.7885171428571428,0.7971875,30000,0.5028626666666667,5038,1029.79,-1,-1,-1,NOT_CONSIDERED,CAPEX_DEFERRED|CAPEX_DEFERRED|CAPEX_DEFERRED,34293478.54417775,false
global-demand-boom,seed-2,VAP,3,3615.71,0,3615.71,1289.11,279.78,2046.82,0,0,0,-1,5.528440387188359,100,5215.181097433782,4644.645604780433,6047.954957052441,6005.42,4512.06,4290.88,8000,6000,6000,0.7506775,0.7520100000000001,0.7151466666666667,30000,0.493612,6500,0,-1,-1,-1,NOT_CONSIDERED,CAPEX_DEFERRED|CAPEX_DEFERRED|CAPEX_DEFERRED,21169387.6887502,false
global-demand-boom,seed-2,JPQ,4,0,0,0,0,0,0,0,0,0,-1,-1,100,5279.769984252832,5900.919394164931,4658.611151564492,5792.38,6510.89,4087.05,8000,8000,5000,0.7240475000000001,0.8138612500000001,0.8174100000000001,30000,0.5463439999999999,6010,619.11,-1,-1,-1,NOT_CONSIDERED,CAPEX_DEFERRED,24777941.510842517,false
global-demand-boom,seed-2,CONSV,4,2949.98,0,2949.98,0,2518.45,431.53,0,0,0,-1,5.346079083022378,100,5761.060323097703,8620.615968482689,3615.283631247162,4687.66,5933.53,3341,8000,7000,4000,0.5859575,0.8476471428571428,0.83525,30000,0.4654063333333333,5038,2112.63,-1,-1,-1,NOT_CONSIDERED,CAPEX_DEFERRED|CAPEX_PROPOSED|CAPEX_DEFERRED,31980740.518735398,false
global-demand-boom,seed-2,VAP,4,2930.1899999999996,0,2930.1899999999996,0,675.47,2254.7200000000003,0,0,0,-1,6.426932659400365,100,4088.831351304158,5221.287676372726,6421.727255464904,5844.05,5089.47,5088.96,8000,6000,6000,0.73050625,0.848245,0.84816,30000,0.5340826666666667,6500,0,-1,-1,-1,NOT_CONSIDERED,CAPEX_DEFERRED|CAPEX_DEFERRED,17007898.81583811,false
global-demand-boom,seed-2,JPQ,5,499.96,0,499.96,0,0,499.96,0,0,0,-1,6.806626374034106,100,5358.552413940266,5988.970344992063,5228.0944828884685,4871.59,6024.3,4239.95,8000,8000,5000,0.60894875,0.7530375,0.8479899999999999,30000,0.504528,6010,1103.85,-1,-1,-1,NOT_CONSIDERED,CAPEX_DEFERRED,26271759.73400696,false
global-demand-boom,seed-2,CONSV,5,4099.53,0,4099.53,918.08,2831.71,349.74,0,0,0,-1,5.032339964804799,100,6713.2752478633665,8970.04180859212,3552.3380737730267,6371.72,5519.62,3188.75,8000,7000,4000,0.796465,0.7885171428571428,0.7971875,30000,0.5026696666666667,5038,1029.79,-1,-1,-1,NOT_CONSIDERED,CAPEX_DEFERRED|CAPEX_DEFERRED|CAPEX_PROPOSED,35953588.14724589,false
global-demand-boom,seed-2,VAP,5,2158.27,0,2158.27,0,493.74,1664.53,0,0,0,-1,6.372933846094812,100,4170.225283733127,5130.047507790733,5914.4777615656285,4449.5,5090.5,5090.5,8000,6000,6000,0.5561875,0.8484166666666667,0.8484166666666667,30000,0.48768333333333336,6500,0,-1,-1,-1,NOT_CONSIDERED,CAPEX_DEFERRED|CAPEX_DEFERRED,28012826.049302563,false
global-demand-boom,seed-2,JPQ,6,1182.87,0,1182.87,0,0,1182.87,0,0,0,-1,6.947415378449835,100,5512.339428492111,6160.840111649542,6046.69890749304,5595.84,5782.52,4247.21,8000,8000,5000,0.69948,0.7228150000000001,0.849442,30000,0.5208523333333334,6010,1829.69,-1,-1,-1,NOT_CONSIDERED,CAPEX_DEFERRED,24949039.50043605,false
global-demand-boom,seed-2,CONSV,6,4423.03,0,4423.03,443.96,3558.8900000000003,420.18,0,0,0,-1,5.239129508673212,100,6319.845042352125,9782.709804600809,3667.3751714486125,6389.73,5530.2,3194.86,8000,7000,4000,0.7987162499999999,0.7900285714285714,0.7987150000000001,30000,0.5038263333333334,5038,1029.79,-1,-1,-1,NOT_CONSIDERED,CAPEX_DEFERRED|CAPEX_DEFERRED|CAPEX_DEFERRED,35217471.59642716,false
global-demand-boom,seed-2,VAP,6,1383.79,0,1383.79,0,310.99,1072.8,0,0,0,-1,6.54820428912197,100,5206.49899504392,6099.3844465583925,6378.817628141506,4957.11,5089.99,5089.99,8000,6000,6000,0.6196387499999999,0.8483316666666666,0.8483316666666666,30000,0.5045696666666666,6500,0,-1,-1,-1,NOT_CONSIDERED,CAPEX_DEFERRED|CAPEX_DEFERRED,18579697.035571054,false
global-demand-boom,seed-2,JPQ,7,1879.6599999999999,0,1879.6599999999999,0,0,1879.6599999999999,0,0,0,-1,7.172990935033267,100,5586.271189500676,6243.468422052543,6808.70404764045,5745.56,5617.74,4253.63,8000,8000,5000,0.718195,0.7022174999999999,0.850726,30000,0.5205643333333333,6010,2197.44,-1,-1,-1,NOT_CONSIDERED,CAPEX_DEFERRED|CAPEX_DEFERRED,13856190.914801931,false
global-demand-boom,seed-2,CONSV,7,4760.01,0,4760.01,0,4275.5,484.51,0,0,0,-1,5.565897771233338,100,5897.6,10522.29,3743.71,4703.73,5954.48,3402.56,8000,7000,4000,0.5879662499999999,0.85064,0.85064,30000,0.46869233333333327,5038,2112.63,-1,-1,-1,NOT_CONSIDERED,CAPEX_DEFERRED|CAPEX_DEFERRED|CAPEX_DEFERRED,17878186.327179454,false
global-demand-boom,seed-2,VAP,7,2526.91,0,2526.91,0,1128.71,1398.2,0,0,0,-1,6.428456426552289,100,5313.8099999999995,7036.409999999999,6813.599999999999,5593.11,5089.99,5089.99,8000,6000,6000,0.6991387499999999,0.8483316666666666,0.8483316666666666,30000,0.5257696666666666,6500,0,-1,-1,-1,NOT_CONSIDERED,CAPEX_DEFERRED|CAPEX_DEFERRED,30386299.90809462,false
global-demand-boom,seed-2,JPQ,8,2255.25,0,2255.25,0,0,2255.25,0,0,0,-1,7.379440660274212,100,5564.359155113491,6218.999574631333,7164.978666276611,5699.26,5674.41,4253.63,8000,8000,5000,0.7124075000000001,0.70930125,0.850726,30000,0.52091,6010,2075.16,-1,-1,-1,NOT_CONSIDERED,CAPEX_DEFERRED|CAPEX_PROPOSED,40750980.976112716,false
global-demand-boom,seed-2,CONSV,8,6054.650000000001,0,6054.650000000001,1145.69,4567.81,341.15,0,0,0,-1,5.401814866314484,100,7043.280000000001,11126.960000000001,3600.36,6510.26,5934.59,3257.09,8000,7350,4000,0.8137825000000001,0.8074272108843538,0.8142725000000001,30000,0.523398,5038,759.46,-1,-1,-1,NOT_CONSIDERED,CAPEX_DEFERRED|CAPEX_PROPOSED|CAPEX_DEFERRED,35343993.28999435,false
global-demand-boom,seed-2,VAP,8,3403.5099999999998,0,3403.5099999999998,0,1946.42,1457.09,0,0,0,-1,6.3021665007284335,100,5387.365438080649,7935.889515795704,6947.442863957203,5611.52,5089.99,5089.99,8000,6000,6000,0.7014400000000001,0.8483316666666666,0.8483316666666666,30000,0.5263833333333333,6500,0,-1,-1,-1,NOT_CONSIDERED,CAPEX_PROPOSED|CAPEX_PROPOSED,38839141.70456669,false
global-demand-boom,seed-2,JPQ,9,3163.01,0,3163.01,0,393.75,2769.26,0,0,0,-1,7.536447897774202,100,5560.510833333334,6608.438578431373,7675.593088235294,5013.14,6804.43,4254.05,8000,8000,5000,0.6266425,0.85055375,0.8508100000000001,30000,0.5357206666666666,6010,1512.03,-1,-1,-1,NOT_CONSIDERED,CAPEX_DEFERRED|CAPEX_DEFERRED,48667200.40570135,false
global-demand-boom,seed-2,CONSV,9,6068.66,0,6068.66,533.02,5192.37,343.27,0,0,0,-1,5.742350412318041,100,6430.620000000001,11751.509999999998,3602.47,6806.48,6253.46,3403.24,8000,7350,4000,0.85081,0.8508108843537415,0.85081,30000,0.5487726666666667,5360,0,-1,-1,-1,NOT_CONSIDERED,CAPEX_PROPOSED|CAPEX_DEFERRED|CAPEX_DEFERRED,40598937.17780129,false
global-demand-boom,seed-2,VAP,9,4633.25,0,4633.25,0,2872.2200000000003,1761.03,0,0,0,-1,6.4956105040532846,100,5384.992118934902,8859.052134885294,7248.966083347754,5416.64,5089.99,5089.99,8000,6000,6000,0.67708,0.8483316666666666,0.8483316666666666,30000,0.5198873333333334,6500,0,-1,-1,-1,NOT_CONSIDERED,CAPEX_DEFERRED|CAPEX_DEFERRED,35143098.522581905,false
global-demand-boom,seed-2,JPQ,10,3206.0599999999995,0,3206.0599999999995,0,0,3206.0599999999995,0,0,0,-1,7.785375147200384,100,5873.655178112509,6564.670525741247,8388.689941176472,5769.77,5586.74,4253.63,8000,8000,5000,0.72122125,0.6983425,0.850726,30000,0.520338,6010,2265.26,-1,-1,-1,MONITORING,CAPEX_DEFERRED|CAPEX_PROPOSED|CAPEX_DEFERRED,58829345.8592834,false
global-demand-boom,seed-2,CONSV,10,5697.28,0,5697.28,0,5498.049999999999,199.23,0,0,0,-1,5.791397029295841,100,5897.589999999999,12057.189999999999,3458.4299999999994,6807.85,6254.71,3403.93,8000,7350,4000,0.85098125,0.8509809523809524,0.8509825,30000,0.548883,5529,0,-1,-1,-1,NOT_CONSIDERED,CAPEX_DEFERRED|CAPEX_DEFERRED|CAPEX_DEFERRED,45720157.459184214,false
global-demand-boom,seed-2,VAP,10,5788.6,0,5788.6,0,3805.4700000000003,1983.13,0,0,0,-1,6.450119031929932,100,5380.949083934888,9787.823006957846,7466.947808156699,5355.2,5098.71,5098.71,8000,6000,6000,0.6694,0.849785,0.849785,30000,0.5184206666666666,6500,0,-1,-1,-1,NOT_CONSIDERED,CAPEX_DEFERRED|CAPEX_DEFERRED,45487591.344970174,false
global-demand-boom,seed-2,JPQ,11,4922.79,0,4922.79,0,903.13,4019.6600000000003,0,0,0,-1,7.620922200618855,100,5859.52540801647,7452.019462928774,9189.831218638183,5042.29,6803.75,4253.63,8000,8000,5000,0.63028625,0.85046875,0.850726,30000,0.5366556666666668,6010,1772.37,-1,-1,-1,MONITORING,CAPEX_DEFERRED|CAPEX_DEFERRED|CAPEX_DEFERRED|CAPEX_DEFERRED,70719381.43682185,false
global-demand-boom,seed-2,CONSV,11,5856.98,0,5856.98,0,5802.48,54.5,0,0,0,-1,5.923601086010828,100,7767.4299999999985,11561.619999999999,3095.0499999999993,7289.65,6253.46,3615.58,12000,7350,4250,0.6074708333333333,0.8508108843537415,0.8507247058823529,30000,0.5719563333333334,5529,1537.04,-1,-1,-1,NOT_CONSIDERED,CAPEX_DEFERRED|CAPEX_PROPOSED,60168983.48361569,false
global-demand-boom,seed-2,VAP,11,7079.12,0,7079.12,0,4742.69,2336.43,0,0,0,-1,6.632724781765677,100,5379.305278233114,10723.225668361649,7818.573671380966,5413.85,5106.4,5106.4,8000,6000,6000,0.67673125,0.8510666666666666,0.8510666666666666,30000,0.5208883333333333,6500,0,-1,-1,-1,NOT_CONSIDERED,CAPEX_DEFERRED|CAPEX_DEFERRED|CAPEX_DEFERRED,47681285.4707141,false
global-demand-boom,seed-2,JPQ,12,6334.750000000001,0,6334.750000000001,651.4,737.53,4945.820000000001,0,0,0,-1,7.544330569228651,91.18,6533.864783283887,7312.057620034369,10136.231850689863,6538.49,6484.82,4069.21,8000,8000,5000,0.8173112499999999,0.8106025,0.813842,30000,0.5697506666666666,6010,773.94,-1,-1,-1,MONITORING,CAPEX_DEFERRED|CAPEX_DEFERRED|CAPEX_DEFERRED|CAPEX_DEFERRED,68510046.45228633,false
global-demand-boom,seed-2,CONSV,12,5308.15,0,5308.15,0,5308.15,0,0,0,0,-1,6.02075107988853,100,8846.397223131653,12179.627843055332,3462.888913005332,10131.26,6551.24,3597.33,12000,7700,4250,0.8442716666666666,0.8508103896103896,0.846430588235294,30000,0.6759943333333334,6080,92.8,-1,-1,-1,NOT_CONSIDERED,CAPEX_PROPOSED|CAPEX_DEFERRED|CAPEX_DEFERRED,55914556.92495544,false
global-demand-boom,seed-2,VAP,12,8440.84,0,8440.84,0,5677.400000000001,2763.4400000000005,0,0,0,-1,6.749765087416891,87.39,5367.930761350686,11993.412449608086,8234.009790133634,5442.81,5403.73,5106.4,8000,6350,6000,0.6803512500000001,0.8509811023622047,0.8510666666666666,30000,0.5317646666666667,6500,0,-1,-1,-1,NOT_CONSIDERED,CAPEX_PROPOSED|CAPEX_DEFERRED|CAPEX_DEFERRED,63003471.755061,false
global-demand-boom,seed-2,JPQ,13,6977.48,876.61,6100.87,52.3,890.86,6034.32,0,0,876.61,8.287425565711942,7.912190976126494,88.51,5943.479473115379,7475.117660747336,11232.431204312583,6807.17,6807.17,4254.48,8000,8000,5000,0.85089625,0.85089625,0.8508959999999999,30000,0.5956273333333333,6370,0,-1,-1,-1,MONITORING,CAPEX_PROPOSED|CAPEX_DEFERRED|CAPEX_DEFERRED|CAPEX_DEFERRED,86178201.58092079,false
global-demand-boom,seed-2,CONSV,13,5628.390000000001,0,5628.390000000001,0,5628.390000000001,0,0,0,0,-1,6.136342585177963,100,8846.397366349624,12499.877954297543,3462.8989690644903,10211.78,6552.56,3616.67,12000,7700,4250,0.8509816666666667,0.8509818181818183,0.8509811764705882,30000,0.679367,6369,0,-1,-1,-1,NOT_CONSIDERED,CAPEX_DEFERRED|CAPEX_DEFERRED|CAPEX_DEFERRED,57965227.947422214,false
global-demand-boom,seed-2,VAP,13,9773.369999999999,273.67,9499.699999999999,0,6628.509999999999,3144.86,0,273.67,0,6.057221355113299,6.898382669118358,86.39,5370.138719960756,12947.109002789417,8617.668948309778,5413.4,5404.28,5106.4,8000,6350,6000,0.6766749999999999,0.851067716535433,0.8510666666666666,30000,0.5308026666666666,6500,0,-1,-1,-1,NOT_CONSIDERED,CAPEX_DEFERRED|CAPEX_DEFERRED|CAPEX_DEFERRED,78155425.98338586,false
global-demand-boom,seed-2,JPQ,14,7582.71,1779.84,5802.87,0,721.83,6860.88,0,0,1779.84,8.40937536336923,8.153984384471098,85.16,5899.656694540813,7604.0393493654565,12326.738262102488,6807.85,7105.7,4467.2,8000,8350,5250,0.85098125,0.8509820359281437,0.850895238095238,30000,0.6126916666666666,6664,0,-1,-1,-1,MONITORING,CAPEX_DEFERRED|CAPEX_PROPOSED|CAPEX_PROPOSED|CAPEX_DEFERRED,97584124.69045345,false
global-demand-boom,seed-2,CONSV,14,5947.319999999999,0,5947.319999999999,0,5947.319999999999,0,0,0,0,-1,6.265222862734395,100,8846.40749551735,12818.798054634313,3462.889019630797,8920.72,6553.22,3617.03,12000,7700,4250,0.7433933333333332,0.8510675324675325,0.8510658823529412,30000,0.6363656666666666,6369,0,-1,-1,-1,NOT_CONSIDERED,CAPEX_DEFERRED,68936263.62101844,false
global-demand-boom,seed-2,VAP,14,11014.330000000002,1224.23,9790.100000000002,0,7571.739999999999,3442.5899999999997,0,1224.23,0,6.169792805505303,7.082205643859645,85.5,5367.22773010049,13886.918005507467,9140.332949302305,5381.66,5404.28,5319.17,8000,6350,6250,0.6727075,0.851067716535433,0.8510672,30000,0.536837,6500,0,-1,-1,-1,NOT_CONSIDERED,CAPEX_DEFERRED|CAPEX_PROPOSED|CAPEX_DEFERRED,94804675.71617244,false
global-demand-boom,seed-2,JPQ,15,8319.37,2393.6800000000003,5925.6900000000005,0,544.69,7774.68,0,0,2393.6800000000003,8.59108965780302,8.22194822094746,70.51,8355.06054535764,7042.387821181323,12935.14863131248,7517.11,7104.27,4466.76,12000,8350,5250,0.6264258333333333,0.8508107784431138,0.8508114285714287,30000,0.6362713333333333,6664,1498.23,-1,-1,-1,NOT_CONSIDERED,CAPEX_DEFERRED|CAPEX_DEFERRED|CAPEX_DEFERRED,112391897.57198022,false
global-demand-boom,seed-2,CONSV,15,6265.58,0,6265.58,0,6265.58,0,0,0,0,-1,6.258746597410809,100,8846.397612612482,13137.058145586274,3462.8890654661373,8396.95,6553.22,3617.03,12000,7700,4250,0.6997458333333334,0.8510675324675325,0.8510658823529412,30000,0.6189066666666667,6369,0,-1,-1,-1,NOT_CONSIDERED,CAPEX_DEFERRED,88434589.56046636,false
global-demand-boom,seed-2,VAP,15,12283.5,2167.46,10116.04,0,8500.69,3782.8099999999995,0,2167.46,0,6.301074098300408,7.124775185850666,79.91,5367.789494703118,14816.529808953674,9481.167176195098,5372.06,5404.28,5319.17,8000,6350,6250,0.6715075,0.851067716535433,0.8510672,30000,0.536517,6500,0,-1,-1,-1,NOT_CONSIDERED,CAPEX_DEFERRED|CAPEX_DEFERRED|CAPEX_DEFERRED,111653037.19660401,false
global-demand-boom,seed-2,JPQ,16,8499.109999999999,3307.92,5191.189999999999,0,0,8499.109999999999,0,0,3307.92,8.55233171319647,8.414726640404856,74.21,8363.511369765181,6504.269994182578,13664.81814984755,10139.89,7102.24,4467.2,12000,8350,5250,0.8449908333333332,0.8505676646706587,0.850895238095238,30000,0.7236443333333332,7302,7.08,-1,-1,-1,NOT_CONSIDERED,CAPEX_DEFERRED|CAPEX_DEFERRED|CAPEX_DEFERRED,119499497.66027367,false
global-demand-boom,seed-2,CONSV,16,6583.840000000001,0,6583.840000000001,0,6583.840000000001,0,0,0,0,-1,6.257217447632127,100,8846.390000000001,13767.650000000001,3462.9,8661.84,6851.09,3595.23,12000,8050,4250,0.72182,0.8510670807453417,0.8459364705882353,30000,0.6369386666666667,6369,0,-1,-1,-1,NOT_CONSIDERED,CAPEX_PROPOSED|CAPEX_DEFERRED,113143597.32843244,false
global-demand-boom,seed-2,VAP,16,13603.769999999997,3096.41,10507.359999999997,0,9427.769999999999,4176,0,3096.41,0,6.275730762647582,7.159398925815445,63.66,5351.917161447328,16072.020135039405,9857.492447384506,5361.8,5702.15,5319.17,8000,6700,6250,0.6702250000000001,0.8510671641791044,0.8510672,30000,0.546104,6500,0,-1,-1,-1,NOT_CONSIDERED,CAPEX_PROPOSED|CAPEX_DEFERRED|CAPEX_DEFERRED,131489368.0243923,false
global-demand-boom,seed-2,JPQ,17,9214.49,4031.9100000000003,5182.58,0,0,9214.49,0,0,4031.9100000000003,8.471544065468331,8.54874649816363,74.25,8372.91924514045,6511.5942094390375,14386.00509857749,9347.34,7106.41,4468.1,12000,8350,5250,0.778945,0.8510670658682634,0.8510666666666667,30000,0.697395,7502,0,-1,-1,-1,NOT_CONSIDERED,CAPEX_DEFERRED|CAPEX_DEFERRED|CAPEX_DEFERRED,135336116.2658493,false
global-demand-boom,seed-2,CONSV,17,6916.56,0,6916.56,0,6916.56,0,0,0,0,-1,6.345468698975898,88.11,8846.41,14100.380000000001,3666.6000000000004,8937.85,6851.78,3658.67,12000,8050,4500,0.7448208333333334,0.8511527950310559,0.8130377777777777,30000,0.6482766666666667,6369,0,-1,-1,-1,NOT_CONSIDERED,CAPEX_DEFERRED|CAPEX_DEFERRED,133523843.74685618,false
global-demand-boom,seed-2,VAP,17,14937.539999999995,3725.62,11211.919999999995,0,10385.689999999999,4551.85,0,3725.62,0,6.2785216873887695,7.277182236917285,62.41,5352.271855045561,17030.369556447924,10233.719946225956,5361.42,5702.15,5319.17,8000,6700,6250,0.6701775,0.8510671641791044,0.8510672,30000,0.5460913333333334,6500,0,-1,-1,-1,NOT_CONSIDERED,CAPEX_DEFERRED|CAPEX_DEFERRED|CAPEX_DEFERRED,149242400.10081214,false
global-demand-boom,seed-2,JPQ,18,9783.99,4746.39,5037.599999999999,0,0,9783.99,0,0,4746.39,8.5674701120255,8.507513943666142,74.79,8374.506856930659,6785.823608323201,14956.4795292807,8134.6,7404.28,4468.1,12000,8700,5250,0.6778833333333334,0.8510666666666666,0.8510666666666667,30000,0.6668993333333334,7502,0,-1,-1,-1,NOT_CONSIDERED,CAPEX_PROPOSED|CAPEX_DEFERRED|CAPEX_DEFERRED,152656501.53527108,false
global-demand-boom,seed-2,CONSV,18,7248.6,64.78,7183.820000000001,0,7248.6,0,0,64.78,0,6.389357783058584,6.314716415048857,87.23,8842.422332932916,14429.189890098813,3664.951361676143,8939.92,6851.78,3652.69,12000,8050,4500,0.7449933333333333,0.8511527950310559,0.8117088888888889,30000,0.6481463333333333,6369,0,-1,-1,-1,NOT_CONSIDERED,CAPEX_DEFERRED|CAPEX_DEFERRED,154455029.132411,false
global-demand-boom,seed-2,VAP,18,16150.22,4683.54,11466.68,0,11342.369999999999,4807.85,0,4683.54,0,6.359686597750031,7.26640714065909,62.16,5351.791973613882,17986.465372069582,10489.206772364785,5363.06,5702.15,5319.17,8000,6700,6250,0.6703825000000001,0.8510671641791044,0.8510672,30000,0.5461459999999999,6500,0,-1,-1,-1,NOT_CONSIDERED,CAPEX_DEFERRED|CAPEX_DEFERRED|CAPEX_DEFERRED,169190448.49511534,false
global-demand-boom,seed-2,JPQ,19,10507.090000000002,5315.889999999999,5191.200000000003,0,0,10507.090000000002,0,0,5315.889999999999,8.522848579717204,8.818093471072483,74.56,8387.925598470361,6796.686771701721,15687.857595602914,7994.41,7404.28,4468.1,12000,8700,5250,0.6662008333333334,0.8510666666666666,0.8510666666666667,30000,0.6622263333333334,7502,0,-1,-1,-1,NOT_CONSIDERED,CAPEX_DEFERRED|CAPEX_DEFERRED,171250008.96006003,false
global-demand-boom,seed-2,CONSV,19,7580.639999999999,396.82,7183.82,0,7580.639999999999,0,0,396.82,0,6.357022451671096,6.5342632853878335,86.9,8842.448626009898,14761.25124169181,3664.96225946463,8847.57,6851.78,3664.09,12000,8050,4500,0.7372974999999999,0.8511527950310559,0.8142422222222222,30000,0.6454479999999999,6369,0,-1,-1,-1,NOT_CONSIDERED,CAPEX_DEFERRED|CAPEX_DEFERRED,175161196.64643836,false
global-demand-boom,seed-2,VAP,19,17484.840000000007,5640.22,11844.620000000006,0,12300.750000000002,5184.090000000001,0,5640.22,0,6.3232290426832805,7.560787276285149,62.41,5352.885094206177,18946.21581722734,10866.60933447801,5366.68,5702.15,5319.17,8000,6700,6250,0.6708350000000001,0.8510671641791044,0.8510672,30000,0.5462666666666667,6500,0,-1,-1,-1,NOT_CONSIDERED,CAPEX_DEFERRED|CAPEX_DEFERRED|CAPEX_DEFERRED,189757969.30704105,false
global-demand-boom,seed-2,JPQ,20,11230.180000000002,6038.99,5191.190000000002,0,0,11230.180000000002,0,0,6038.99,8.809877756162651,8.789249687705542,74.56,8717.591775391882,7063.807509095001,16870.96058879605,8681.35,7275.5,4680.87,12000,8700,5500,0.7234458333333333,0.8362643678160919,0.8510672727272727,30000,0.6879240000000001,7502,0,-1,-1,-1,MONITORING,CAPEX_PROPOSED|CAPEX_DEFERRED,195589781.63626707,false
global-demand-boom,seed-2,CONSV,20,7912.679999999999,728.86,7183.82,0,7912.679999999999,0,0,728.86,0,6.5784216792278505,6.529622699692587,88.64,8842.474574265334,15405.50372263057,3664.9830098963444,8814.25,7148.96,3670.95,12000,8400,4500,0.7345208333333333,0.8510666666666666,0.8157666666666666,30000,0.6544719999999999,6369,0,-1,-1,-1,NOT_CONSIDERED,CAPEX_PROPOSED|CAPEX_DEFERRED,200050192.0804685,false
global-demand-boom,seed-2,VAP,20,18812.289999999997,6598.5999999999985,12213.689999999999,0,13255.269999999999,5557.02,0,6598.5999999999985,0,6.537565667207417,7.576708876913235,49.84,5332.925090758336,20221.811963753105,11444.823353597336,5342.78,5998.82,5530.82,8000,7050,6500,0.6678474999999999,0.8508964539007092,0.8508953846153846,30000,0.562414,6500,0,-1,-1,-1,NOT_CONSIDERED,CAPEX_PROPOSED|CAPEX_PROPOSED|CAPEX_DEFERRED,212598957.31252295,false
global-demand-boom,seed-2,JPQ,21,12201.399999999998,6549.309999999999,5652.089999999999,0,0,12201.399999999998,0,0,6549.309999999999,8.847140276998948,8.999532378911631,73.67,8892.474842435804,7205.524929403174,17955.365465450763,9149.09,7175.07,4681.34,12000,8700,5500,0.7624241666666667,0.8247206896551724,0.8511527272727273,30000,0.7001833333333334,7502,0,-1,-1,-1,MONITORING,CAPEX_DEFERRED|CAPEX_DEFERRED,212998928.5033984,false
global-demand-boom,seed-2,CONSV,21,8259.869999999999,763.72,7496.149999999999,0,8259.869999999999,0,0,763.72,0,6.578116379616341,6.678026933729505,87.5,8842.500184438286,15752.715423853439,3664.9836290763947,8834.67,7149.68,3669.02,12000,8400,4500,0.7362225,0.851152380952381,0.8153377777777778,30000,0.6551123333333333,6369,0,-1,-1,-1,NOT_CONSIDERED,CAPEX_DEFERRED|CAPEX_DEFERRED,222495301.90414846,false
global-demand-boom,seed-2,VAP,21,20158.58,7282.65,12875.930000000002,0,14234.689999999999,5923.889999999999,0,7256.45,26.2,6.545541045807829,7.758608682204948,48.25,5332.947653301791,21201.243720411123,11811.702451990746,5334.12,6000.02,5531.94,8000,7050,6500,0.6667649999999999,0.8510666666666667,0.8510676923076922,30000,0.5622026666666666,6706,0,-1,-1,-1,NOT_CONSIDERED,CAPEX_DEFERRED|CAPEX_DEFERRED|CAPEX_DEFERRED,230420159.60831133,false
global-demand-boom,seed-2,JPQ,22,13267.470000000001,7520.06,5747.410000000001,0,0,13267.470000000001,0,0,7520.06,9.00713833946999,8.942526386634503,73.73,8907.248873129367,7507.856556218786,19030.9951509042,9088.76,7484,4681.34,12000,9050,5500,0.7573966666666667,0.8269613259668508,0.8511527272727273,30000,0.70847,7502,0,-1,-1,-1,MONITORING,CAPEX_DEFERRED|CAPEX_DEFERRED,238717761.61071226,false
global-demand-boom,seed-2,CONSV,22,8606.34,1110.19,7496.15,0,8606.34,0,0,1110.19,0,6.725380952931077,6.638343506068409,86.56,8846.399999999996,16102.489999999998,3666.5899999999983,8857.34,7149.68,3667.54,12000,8400,4500,0.7381116666666667,0.851152380952381,0.8150088888888889,30000,0.6558186666666667,6369,0,-1,-1,-1,NOT_CONSIDERED,CAPEX_DEFERRED|CAPEX_DEFERRED,248837590.3673972,false
global-demand-boom,seed-2,VAP,22,21502.420000000002,8626.619999999999,12875.800000000003,0,15212.84,6289.58,0,8234.67,391.95,6.783983013757597,7.712366661977765,47.36,5335.28,22182.43,12179.970000000001,5341.11,6000.02,5531.94,8000,7050,6500,0.66763875,0.8510666666666667,0.8510676923076922,30000,0.5624356666666667,6706,0,-1,-1,-1,NOT_CONSIDERED,CAPEX_DEFERRED|CAPEX_DEFERRED|CAPEX_DEFERRED,253829999.72983965,false
global-demand-boom,seed-2,JPQ,23,14350.84,8586.13,5764.710000000001,0,0,14350.84,0,0,8586.13,9.028994351730717,8.71176488881343,74.01,8907.296726611052,7507.868468370901,20114.389645683455,8888.91,7616.93,4681.34,12000,9050,5500,0.7407425,0.841649723756906,0.8511527272727273,30000,0.7062393333333333,7502,0,-1,-1,-1,MONITORING,CAPEX_DEFERRED|CAPEX_DEFERRED,266813883.41420314,false
global-demand-boom,seed-2,CONSV,23,8952.81,1456.66,7496.15,0,8952.81,0,0,1456.66,0,6.68372969466939,6.466701258983653,85.97,9156.03,16711.33,3794.9399999999996,9159.83,7148.24,3792.71,12000,8400,4500,0.7633191666666667,0.8509809523809524,0.8428244444444445,30000,0.670026,6369,0,-1,-1,-1,MONITORING,CAPEX_DEFERRED|CAPEX_DEFERRED,277660255.91519517,false
global-demand-boom,seed-2,VAP,23,22830.44,9970.46,12859.98,0,16182.409999999998,6648.030000000001,0,9212.82,757.64,6.855417229319356,7.512369664724845,46.81,5335.279999999999,23151.999999999996,12538.41,5337.74,6000.02,5531.94,8000,7050,6500,0.6672175,0.8510666666666667,0.8510676923076922,30000,0.5623233333333334,6706,0,-1,-1,-1,NOT_CONSIDERED,CAPEX_DEFERRED|CAPEX_DEFERRED|CAPEX_DEFERRED,280320905.46602815,false
global-demand-boom,seed-2,JPQ,24,15434.21,9669.5,5764.709999999999,0,0,15434.21,0,0,9669.5,8.84514208474894,8.832085071010189,74.01,8907.333048850678,7507.919080067581,21197.78314832828,8839.4,7556.99,4681.34,12000,9050,5500,0.7366166666666666,0.8350265193370165,0.8511527272727273,30000,0.702591,7502,0,-1,-1,-1,MONITORING,CAPEX_DEFERRED|CAPEX_DEFERRED,294102045.1322654,false
global-demand-boom,seed-2,CONSV,24,9563.089999999998,1804.57,7758.519999999999,0,9563.089999999998,0,0,1804.57,0,6.509080831488092,6.583826633779915,87.71,9156.029999999999,17644.89,3794.9300000000003,9262.34,7446.09,3829.42,12000,8750,4500,0.7718616666666667,0.8509817142857143,0.8509822222222222,30000,0.684595,6616,0,-1,-1,-1,MONITORING,CAPEX_PROPOSED|CAPEX_DEFERRED,302159577.517501,false
global-demand-boom,seed-2,VAP,24,24158.45,11298.479999999998,12859.970000000003,0,17151.98,7006.47,0,10182.389999999998,1116.09,6.7731363327754455,7.631072373244517,48.42,5320.740000000001,24447.66,12880.810000000001,5319.65,6297.9,5531.94,8000,7400,6500,0.6649562499999999,0.8510675675675675,0.8510676923076922,30000,0.5716496666666666,6706,0,-1,-1,-1,NOT_CONSIDERED,CAPEX_PROPOSED|CAPEX_DEFERRED|CAPEX_DEFERRED,307631030.84546983,false
global-demand-boom,seed-2,JPQ,25,16488.28,10752.869999999999,5735.41,0,0,16488.28,0,0,10752.869999999999,8.791796155268653,8.689859297215762,74.11,8904.395827570821,7505.443319975478,22249.962586562047,8888.61,7486.27,4681.34,12000,9050,5500,0.7407175,0.8272121546961326,0.8511527272727273,30000,0.701874,7502,0,-1,-1,-1,MONITORING,CAPEX_DEFERRED|CAPEX_DEFERRED,326963613.88636494,false
global-demand-boom,seed-2,CONSV,25,10198.800000000001,2117,8081.800000000001,0,10198.800000000001,0,0,2117,0,6.6309024470422955,6.482727313194597,86.41,9156.039999999994,18280.6,3794.9299999999976,9194.1,7447.58,3818.13,12000,8750,4500,0.766175,0.851152,0.8484733333333334,30000,0.6819936666666667,6616,0,-1,-1,-1,MONITORING,CAPEX_DEFERRED|CAPEX_DEFERRED,327668856.2337863,false
global-demand-boom,seed-2,VAP,25,25497.460000000003,12328.61,13168.850000000002,0,18149.760000000002,7347.7,0,10854.08,1474.53,6.8606454803573245,7.485414598980566,46.64,5320.714836814937,25445.413226016637,13222.005976053539,5314.4,6297.9,5531.94,8000,7400,6500,0.6643,0.8510675675675675,0.8510676923076922,30000,0.5714746666666666,6706,0,-1,-1,-1,NOT_CONSIDERED,CAPEX_DEFERRED|CAPEX_DEFERRED|CAPEX_DEFERRED,333861411.34044814,false
global-demand-boom,seed-2,JPQ,26,17528.55,11806.940000000002,5721.609999999997,0,0,17528.55,0,0,11806.940000000002,8.766308503210658,8.749041676288357,74.16,8901.819775772832,7503.271986722381,23550.36191314078,8921.78,7480.99,4892.65,12000,9050,5750,0.7434816666666667,0.8266287292817679,0.8508956521739129,30000,0.7098473333333333,7502,0,-1,-1,-1,MONITORING,CAPEX_PROPOSED|CAPEX_DEFERRED,357155228.5559373,false
global-demand-boom,seed-2,CONSV,26,10833.019999999999,2751.22,8081.799999999999,0,10833.019999999999,0,0,2751.22,0,6.526565265461173,6.5335121749126035,82.46,9156.03,18914.829999999998,3794.9300000000003,9132.43,7447.58,3791.1,12000,8750,4500,0.7610358333333334,0.851152,0.8424666666666667,30000,0.679037,6616,0,-1,-1,-1,MONITORING,CAPEX_DEFERRED|CAPEX_DEFERRED,352855386.62789845,false
global-demand-boom,seed-2,VAP,26,26822.559999999998,13667.62,13154.939999999997,0,19147.63,7674.93,0,11851.86,1815.76,6.8526851273871,7.5389443007889225,45.51,5316.21146657101,26437.100309533962,13770.007337281784,5313.93,6297.26,5743.55,8000,7400,6750,0.66424125,0.8509810810810811,0.8508962962962964,30000,0.5784913333333334,6706,0,-1,-1,-1,NOT_CONSIDERED,CAPEX_DEFERRED|CAPEX_PROPOSED|CAPEX_DEFERRED,359854887.0496893,false
global-demand-boom,seed-2,JPQ,27,18640.170000000002,12635.9,6004.270000000002,0,0,18640.170000000002,0,0,12635.9,8.756020118721596,8.741848558485803,73.22,9201.840211810104,7756.162973252036,24864.937209631666,9219.31,7701.38,4893.64,12000,9050,5750,0.7682758333333333,0.8509812154696133,0.8510678260869565,30000,0.7271443333333333,7811,0,-1,-1,-1,DEFERRED,CAPEX_DEFERRED|CAPEX_DEFERRED,384916527.21219283,false
global-demand-boom,seed-2,CONSV,27,11467.25,3385.4399999999996,8081.81,0,11467.25,0,0,3385.4399999999996,0,6.5652188605641015,6.534571537022653,61.58,9156.029999999995,19549.039999999997,3794.929999999999,9134.43,7447.58,3785.49,12000,8750,4500,0.7612025,0.851152,0.84122,30000,0.6789166666666666,6616,0,-1,-1,-1,MONITORING,CAPEX_DEFERRED|CAPEX_DEFERRED,380161037.3166342,false
global-demand-boom,seed-2,VAP,27,28168.339999999997,14781.75,13386.589999999997,0,20141.47,8026.870000000001,0,12850.369999999999,1931.38,6.843150806921179,7.558750848723105,45.3,5316.2012809967555,27430.92778408168,14121.918338126565,5317.75,6297.9,5744.7,8000,7400,6750,0.66471875,0.8510675675675675,0.8510666666666666,30000,0.5786783333333333,6914,0,-1,-1,-1,NOT_CONSIDERED,CAPEX_DEFERRED|CAPEX_DEFERRED|CAPEX_DEFERRED,383764233.1690982,false
global-demand-boom,seed-2,JPQ,28,19927.65,13746.53,6181.120000000001,0,0,19927.65,0,0,13746.53,8.775755836235868,8.46082822521612,73.31,9196.80577493631,7751.929467566565,26149.021548890603,9312.21,7702.93,4894.13,12000,9050,5750,0.7760174999999999,0.8511524861878453,0.8511530434782609,30000,0.730309,7811,0,-1,-1,-1,DEFERRED,CAPEX_DEFERRED|CAPEX_DEFERRED,413204973.90486073,false
global-demand-boom,seed-2,CONSV,28,12101.460000000003,4019.6699999999996,8081.790000000003,0,12101.460000000003,0,0,4019.6699999999996,0,6.566296511381459,6.343854076630451,61.58,9156.03,20506.530000000002,3794.92,9156.63,7744.71,3792.92,12000,9100,4500,0.7630524999999999,0.851067032967033,0.8428711111111111,30000,0.6898086666666667,6616,0,-1,-1,-1,MONITORING,CAPEX_PROPOSED|CAPEX_DEFERRED,410264948.94373983,false
global-demand-boom,seed-2,VAP,28,29500.580000000005,16125.74,13374.840000000006,0,21134.740000000005,8365.840000000002,0,13843.57,2282.17,6.886176560373136,7.325739688778366,46.57,5302.209500050879,28748.861821649094,14444.874431026445,5304.84,6595.77,5744.7,8000,7750,6750,0.663105,0.8510670967741936,0.8510666666666666,30000,0.5881770000000001,6914,0,-1,-1,-1,NOT_CONSIDERED,CAPEX_PROPOSED|CAPEX_DEFERRED|CAPEX_DEFERRED,411189634.9531837,false
global-demand-boom,seed-2,JPQ,29,21251.020000000004,15033.520000000002,6217.500000000002,0,0,21251.020000000004,0,0,15033.520000000002,8.667598611370229,8.662206309676767,73.19,9198.519042480475,7753.372001128691,27473.567265352478,9246.18,7702.93,4894.13,12000,9050,5750,0.7705150000000001,0.8511524861878453,0.8511530434782609,30000,0.7281080000000001,7811,0,-1,-1,-1,DEFERRED,CAPEX_DEFERRED|CAPEX_DEFERRED,438806050.25531894,false
global-demand-boom,seed-2,CONSV,29,12761.82,4356.75,8405.07,0,12761.82,0,0,4356.75,0,6.367599266617956,6.513077238731389,60.64,9156.029999999999,21166.89,3794.94,9163.77,7745.49,3797.52,12000,9100,4500,0.7636475,0.8511527472527473,0.8438933333333334,30000,0.6902260000000001,6616,0,-1,-1,-1,MONITORING,CAPEX_DEFERRED|CAPEX_DEFERRED,433058759.9339906,false
global-demand-boom,seed-2,VAP,29,30858.82000000001,17160.110000000004,13698.710000000006,0,22156.180000000004,8702.64,0,14538.97,2621.14,6.79053053560459,7.4854963608105285,43.57,5302.227093440038,29770.341962738217,14781.686325994524,5299.89,6595.77,5744.7,8000,7750,6750,0.66248625,0.8510670967741936,0.8510666666666666,30000,0.588012,6914,0,-1,-1,-1,NOT_CONSIDERED,CAPEX_DEFERRED|CAPEX_DEFERRED|CAPEX_DEFERRED,434012996.84400284,false
global-demand-boom,seed-2,JPQ,30,22477.83,16356.890000000001,6120.9400000000005,0,0,22477.83,0,0,16356.890000000001,8.631432632797255,8.228596976524132,73.5,9191.93354536408,7747.82269605067,28695.905627330216,9182.25,7702.93,4894.13,12000,9050,5750,0.7651875,0.8511524861878453,0.8511530434782609,30000,0.7259770000000001,7811,0,-1,-1,-1,DEFERRED,CAPEX_DEFERRED|CAPEX_DEFERRED,472225022.2537377,false
global-demand-boom,seed-2,CONSV,30,13421.399999999998,5016.33,8405.069999999998,0,13421.399999999998,0,0,5016.33,0,6.532923925456536,6.219724768203891,60.62,9154.938915116474,21825.467583719656,3794.4819186877003,9157.47,7745.49,3786.14,12000,9100,4500,0.7631224999999999,0.8511527472527473,0.8413644444444445,30000,0.6896366666666666,6616,0,-1,-1,-1,MONITORING,CAPEX_DEFERRED|CAPEX_DEFERRED,462396140.5877965,false
global-demand-boom,seed-2,VAP,30,32158.520000000008,18518.350000000006,13640.170000000002,0,23177.52,8981,0,15560.41,2957.94,6.833273455305706,7.124728192960696,28,5301.446798035957,30790.55473161495,15059.133550219516,5301.76,6595.77,5744.7,8000,7750,6750,0.66272,0.8510670967741936,0.8510666666666666,30000,0.5880743333333334,6914,0,-1,-1,-1,NOT_CONSIDERED,CAPEX_DEFERRED|CAPEX_DEFERRED|CAPEX_DEFERRED,461436541.14068174,false
global-demand-boom,seed-2,JPQ,31,23735.83,17583.7,6152.130000000001,0,0,23735.83,0,0,17583.7,8.460822749943219,8.264092009491687,73.4,9186.446243507899,7743.195917228995,29950.210346103297,9183.79,7702.93,4894.13,12000,9050,5750,0.7653158333333334,0.8511524861878453,0.8511530434782609,30000,0.7260283333333334,7811,0,-1,-1,-1,DEFERRED,CAPEX_DEFERRED|CAPEX_DEFERRED,501993714.87797976,false
global-demand-boom,seed-2,CONSV,31,14080.97,5675.91,8405.06,0,14080.97,0,0,5675.91,0,6.233814510673571,6.271246026035343,60.64,9154.808849128596,22484.919005578322,3794.423865564397,9153.69,7745.49,3789.53,12000,9100,4500,0.7628075000000001,0.8511527472527473,0.8421177777777779,30000,0.6896236666666666,6616,0,-1,-1,-1,MONITORING,CAPEX_DEFERRED|CAPEX_DEFERRED,487235630.08246905,false
global-demand-boom,seed-2,VAP,31,33484.719999999994,19818.05,13666.669999999995,0,24202.069999999996,9282.65,0,16581.75,3236.2999999999997,6.711514366744451,7.17079001664396,27.97,5300.776186498593,31814.141977470143,15360.029241235177,5306.48,6595.77,5744.7,8000,7750,6750,0.66331,0.8510670967741936,0.8510666666666666,30000,0.5882316666666667,6914,0,-1,-1,-1,NOT_CONSIDERED,CAPEX_DEFERRED|CAPEX_DEFERRED|CAPEX_DEFERRED,488631691.87973243,false
global-demand-boom,seed-2,JPQ,32,25037.789999999997,18841.7,6196.0899999999965,0,0,25037.789999999997,0,0,18841.7,8.392458530971568,7.8714777501006905,73.26,9187.939728165757,7744.436384274067,31523.396274161074,9211.7,7701.38,5105.38,12000,9050,6000,0.7676416666666668,0.8509812154696133,0.8508966666666666,30000,0.7339486666666668,7811,0,-1,-1,-1,DEFERRED,CAPEX_PROPOSED|CAPEX_PROPOSED|CAPEX_DEFERRED,536922457.2738332,false
global-demand-boom,seed-2,CONSV,32,14740.55,6335.48,8405.07,0,14740.55,0,0,6335.48,0,6.281128739740803,5.99418543191574,60.64,9154.8234691381,23467.73029613423,3794.4157823143573,9152.88,8040.97,3795.32,12000,9450,4500,0.76274,0.8508962962962964,0.8434044444444445,30000,0.6996389999999999,6616,0,-1,-1,-1,MONITORING,CAPEX_PROPOSED|CAPEX_DEFERRED,518116992.3929998,false
global-demand-boom,seed-2,VAP,32,34838.94999999999,21144.249999999996,13694.699999999993,0,25229.319999999992,9609.629999999997,0,17606.299999999996,3537.95,6.653205441402088,6.843366112055677,27.93,5283.81824827752,33159.72057838848,15891.94660552312,5292.63,6892.26,5956.27,8000,8100,7000,0.66157875,0.8508962962962964,0.8508957142857143,30000,0.6047053333333333,6914,0,-1,-1,-1,NOT_CONSIDERED,CAPEX_PROPOSED|CAPEX_PROPOSED|CAPEX_DEFERRED,518356151.6747844,false
global-demand-boom,seed-3,JPQ,1,1900,0,1900,0,1900,0,0,0,0,-1,7.005263157894737,-1,4771.23,7232.55,4209.91,4015.62,6783.23,2509.76,8000,8000,5000,0.5019525,0.84790375,0.5019520000000001,30000,0.4436203333333333,5500,2790.77,-1,-1,-1,NOT_CONSIDERED,CAPEX_DEFERRED|CAPEX_DEFERRED,25000000,false
global-demand-boom,seed-3,CONSV,1,1400,0,1400,1100,300,0,0,0,0,-1,5.582142857142857,-1,6997.600000000001,6546.8,3259.2,6782.54,5934.73,2128.14,8000,7000,4000,0.8478175,0.8478185714285714,0.5320349999999999,30000,0.494847,4500,1273.83,-1,-1,-1,NOT_CONSIDERED,CAPEX_DEFERRED|CAPEX_DEFERRED|CAPEX_DEFERRED,35000000,false
global-demand-boom,seed-3,VAP,1,1650,0,1650,0,450,1200,0,0,0,-1,8.374242424242425,-1,4414.389999999999,5357.759999999999,5698.780000000001,1032.51,5093.06,5093.06,8000,6000,6000,0.12906375,0.8488433333333334,0.8488433333333334,30000,0.3739543333333334,6500,0,-1,-1,-1,NOT_CONSIDERED,CAPEX_DEFERRED|CAPEX_DEFERRED,22000000,false
global-demand-boom,seed-3,JPQ,2,1284.48,0,1284.48,755.61,449.32,79.55,0,0,0,-1,5.452158441225616,100,4986.64,5178.117192023859,3812.8128079761404,5694.11,6019.51,3797.33,8000,8000,5000,0.7117637499999999,0.75243875,0.759466,30000,0.5170316666666667,5500,1854.94,-1,-1,-1,NOT_CONSIDERED,CAPEX_DEFERRED|CAPEX_DEFERRED,14494279.701722093,false
global-demand-boom,seed-3,CONSV,2,1115.09,0,1115.09,215.06,612.0699999999999,287.96,0,0,0,-1,6.219324203933475,100,5789.861007556675,6516.957909319899,3368.7710831234253,5924.61,5067.59,2959.32,8000,7000,4000,0.7405762499999999,0.7239414285714286,0.73983,30000,0.46505066666666667,4500,2169.45,-1,-1,-1,NOT_CONSIDERED,CAPEX_DEFERRED|CAPEX_DEFERRED|CAPEX_DEFERRED,10878104.155727632,false
global-demand-boom,seed-3,VAP,2,3646.58,0,3646.58,3381.8799999999997,264.7,0,0,0,0,-1,4.656061477439135,100,7176.263401131473,4483.168523492993,3866.9294798685764,6507.15,4892.68,0,8000,6000,6000,0.8133937499999999,0.8154466666666668,0,30000,0.3799943333333333,6500,275.74,-1,-1,-1,NOT_CONSIDERED,CAPEX_DEFERRED|CAPEX_DEFERRED,20033387.12761445,false
global-demand-boom,seed-3,JPQ,3,0,0,0,0,0,0,0,0,0,-1,-1,100,4363.515,4876.859484472558,3850.152224583599,5918.17,6400.36,4070.28,8000,8000,5000,0.73977125,0.800045,0.814056,30000,0.5462936666666666,6009,685.92,-1,-1,-1,NOT_CONSIDERED,CAPEX_DEFERRED,30971333.970406875,false
global-demand-boom,seed-3,CONSV,3,2335.2599999999998,0,2335.2599999999998,188.05,1791.28,355.93,0,0,0,-1,4.945513223617844,100,5879.844983708353,7820.0993828715345,3501.4009823677575,6377.51,5519.62,3188.75,8000,7000,4000,0.79718875,0.7885171428571428,0.7971875,30000,0.5028626666666667,5038,1029.79,-1,-1,-1,NOT_CONSIDERED,CAPEX_DEFERRED|CAPEX_DEFERRED|CAPEX_DEFERRED,35300826.02516468,false
global-demand-boom,seed-3,VAP,3,3603.6,0,3603.6,1289.11,279.78,2034.71,0,0,0,-1,5.405366193570011,100,5213.247140705128,4642.504390212668,6033.882913802804,6109.59,4590.37,4368.55,8000,6000,6000,0.76369875,0.7650616666666666,0.7280916666666667,30000,0.5022836666666666,6500,0,-1,-1,-1,NOT_CONSIDERED,CAPEX_DEFERRED|CAPEX_DEFERRED|CAPEX_DEFERRED,21832769.40858244,false
global-demand-boom,seed-3,JPQ,4,0,0,0,0,0,0,0,0,0,-1,-1,100,5280.983427466259,5902.275595403466,4659.691259529052,5793.77,6512.1,4085.56,8000,8000,5000,0.72422125,0.8140125,0.817112,30000,0.546381,6009,623.71,-1,-1,-1,NOT_CONSIDERED,CAPEX_DEFERRED,24067184.88277883,false
global-demand-boom,seed-3,CONSV,4,2944.84,0,2944.84,0,2518.46,426.38,0,0,0,-1,5.263647466257007,100,5760.403060151104,8619.929789765552,3609.7606385045574,4687.66,5933.53,3390.59,8000,7000,4000,0.5859575,0.8476471428571428,0.8476475,30000,0.46705933333333327,5038,2112.63,-1,-1,-1,NOT_CONSIDERED,CAPEX_DEFERRED|CAPEX_PROPOSED|CAPEX_DEFERRED,32300154.17273796,false
global-demand-boom,seed-3,VAP,4,2762.12,0,2762.12,0,597.17,2164.95,0,0,0,-1,6.346615977762001,100,4087.5514665490355,5141.5637109981535,6330.643463446012,5775.58,5089.47,5088.96,8000,6000,6000,0.7219475,0.848245,0.84816,30000,0.5318003333333333,6500,0,-1,-1,-1,NOT_CONSIDERED,CAPEX_DEFERRED|CAPEX_DEFERRED,15758864.875764677,false
global-demand-boom,seed-3,JPQ,5,492.3,0,492.3,0,0,492.3,0,0,0,-1,6.643944960472828,100,5357.637910054534,5987.958939091039,5219.626442781793,5366.58,6021.82,4239.95,8000,8000,5000,0.6708225,0.7527275,0.8479899999999999,30000,0.520945,6009,1110.15,-1,-1,-1,NOT_CONSIDERED,CAPEX_DEFERRED,24631250.72029173,false
global-demand-boom,seed-3,CONSV,5,4044.7799999999997,0,4044.7799999999997,918.07,2831.72,294.99,0,0,0,-1,4.88729208494036,100,6712.762458453691,8969.519830531442,3497.3254727256844,6371.72,5519.62,3188.75,8000,7000,4000,0.796465,0.7885171428571428,0.7971875,30000,0.5026696666666667,5038,1029.79,-1,-1,-1,NOT_CONSIDERED,CAPEX_DEFERRED|CAPEX_DEFERRED|CAPEX_PROPOSED,36104095.881759204,false
global-demand-boom,seed-3,VAP,5,1990.21,0,1990.21,0,415.45,1574.76,0,0,0,-1,6.269259740129959,100,4169.249036954487,5050.6826517970585,5823.722477087272,4389.34,5090.5,5090.5,8000,6000,6000,0.5486675,0.8484166666666667,0.8484166666666667,30000,0.485678,6500,0,-1,-1,-1,NOT_CONSIDERED,CAPEX_DEFERRED|CAPEX_DEFERRED,28219611.17764381,false
global-demand-boom,seed-3,JPQ,6,1196.34,0,1196.34,0,0,1196.34,0,0,0,-1,6.796330845999458,100,5513.363846303746,6162.00588434313,6061.081487639313,5454.57,5957.58,4247.21,8000,8000,5000,0.6818212499999999,0.7446975,0.849442,30000,0.5219786666666667,6009,1476.68,-1,-1,-1,NOT_CONSIDERED,CAPEX_DEFERRED,22333438.45945012,false
global-demand-boom,seed-3,CONSV,6,4368.27,0,4368.27,443.94,3558.89,365.44,0,0,0,-1,5.104006960692665,100,6319.352013441347,9782.167736480587,3612.3727124391135,6389.73,5530.2,3194.86,8000,7000,4000,0.7987162499999999,0.7900285714285714,0.7987150000000001,30000,0.5038263333333334,5038,1029.79,-1,-1,-1,NOT_CONSIDERED,CAPEX_DEFERRED|CAPEX_DEFERRED|CAPEX_DEFERRED,34636272.73512684,false
global-demand-boom,seed-3,VAP,6,1215.73,0,1215.73,0,232.7,983.03,0,0,0,-1,6.463648826847232,100,5205.315457918474,6019.800414750187,6287.861434690264,4499.38,5089.99,5089.99,8000,6000,6000,0.5624225,0.8483316666666666,0.8483316666666666,30000,0.48931199999999997,6500,0,-1,-1,-1,NOT_CONSIDERED,CAPEX_DEFERRED|CAPEX_DEFERRED,17227532.95668778,false
global-demand-boom,seed-3,JPQ,7,1893.1299999999999,0,1893.1299999999999,0,0,1893.1299999999999,0,0,0,-1,7.1661609368043555,100,5588.296776704742,6245.743456317064,6823.990070494719,5755.92,6049.83,4254.05,8000,8000,5000,0.71949,0.75622875,0.8508100000000001,30000,0.5353266666666666,6009,1353.39,-1,-1,-1,NOT_CONSIDERED,CAPEX_DEFERRED|CAPEX_DEFERRED,11953488.05765294,false
global-demand-boom,seed-3,CONSV,7,4705.26,0,4705.26,0,4275.4800000000005,429.78,0,0,0,-1,5.542577605526788,100,5897.599999999999,10522.28,3688.9799999999996,4703.73,5954.48,3402.56,8000,7000,4000,0.5879662499999999,0.85064,0.85064,30000,0.46869233333333327,5038,2112.63,-1,-1,-1,NOT_CONSIDERED,CAPEX_DEFERRED|CAPEX_DEFERRED|CAPEX_DEFERRED,15352472.983581647,false
global-demand-boom,seed-3,VAP,7,2344.9300000000003,0,2344.9300000000003,0,1050.42,1294.51,0,0,0,-1,6.422323522449904,100,5312.536872306566,6956.7045831005435,6708.6025349081465,5910.6,5089.99,5089.99,8000,6000,6000,0.7388250000000001,0.8483316666666666,0.8483316666666666,30000,0.5363526666666667,6500,0,-1,-1,-1,NOT_CONSIDERED,CAPEX_DEFERRED|CAPEX_DEFERRED,27735611.8822964,false
global-demand-boom,seed-3,JPQ,8,2177.17,0,2177.17,0,0,2177.17,0,0,0,-1,7.350440810659031,100,5556.955737025491,6210.694233839364,7080.3475704099355,5921.2,6351.32,4254.05,8000,8000,5000,0.74015,0.7939149999999999,0.8508100000000001,30000,0.5508856666666666,6009,806.31,-1,-1,-1,NOT_CONSIDERED,CAPEX_DEFERRED|CAPEX_PROPOSED,40886491.88145746,false
global-demand-boom,seed-3,CONSV,8,5966.2699999999995,0,5966.2699999999995,1145.69,4567.8,252.78,0,0,0,-1,5.3588872061167185,100,7040.060054269807,11123.35886349564,3510.2005532897597,6510.26,5934.59,3257.09,8000,7350,4000,0.8137825000000001,0.8074272108843538,0.8142725000000001,30000,0.523398,5038,759.46,-1,-1,-1,NOT_CONSIDERED,CAPEX_DEFERRED|CAPEX_PROPOSED|CAPEX_DEFERRED,34719231.24885602,false
global-demand-boom,seed-3,VAP,8,3124.37,0,3124.37,0,1868.13,1256.24,0,0,0,-1,6.240054612545166,100,5280.881875395117,7739.220602257979,6638.072223901961,5789.42,5098.71,5098.71,8000,6000,6000,0.7236775,0.849785,0.849785,30000,0.5328946666666666,6500,0,-1,-1,-1,NOT_CONSIDERED,CAPEX_PROPOSED|CAPEX_DEFERRED,36778662.10082765,false
global-demand-boom,seed-3,JPQ,9,2736.73,0,2736.73,0,0,2736.73,0,0,0,-1,7.729678548586291,100,5558.508313393082,6212.4504679099155,7641.296158876248,6012.28,6807.17,4254.91,8000,8000,5000,0.751535,0.85089625,0.850982,30000,0.5691453333333334,6253,0,-1,-1,-1,NOT_CONSIDERED,CAPEX_PROPOSED|CAPEX_DEFERRED,48485724.35110101,false
global-demand-boom,seed-3,CONSV,9,5980.259999999999,0,5980.259999999999,533.02,5192.349999999999,254.89,0,0,0,-1,5.66467570958159,100,6427.426283858775,11747.926925688445,3512.3095337246236,6806.48,6253.46,3403.24,8000,7350,4000,0.85081,0.8508108843537415,0.85081,30000,0.5487726666666667,5360,0,-1,-1,-1,NOT_CONSIDERED,CAPEX_PROPOSED|CAPEX_DEFERRED|CAPEX_DEFERRED,40033344.593374446,false
global-demand-boom,seed-3,VAP,9,4193.75,0,4193.75,0,2677.13,1516.62,0,0,0,-1,6.405053713244697,100,5383.903838521603,8662.759067881849,7003.438368960338,5385.07,5106.4,5106.4,8000,6000,6000,0.67313375,0.8510666666666666,0.8510666666666666,30000,0.519929,6500,0,-1,-1,-1,NOT_CONSIDERED,CAPEX_DEFERRED|CAPEX_DEFERRED,32876245.477891505,false
global-demand-boom,seed-3,JPQ,10,3200.9500000000003,0,3200.9500000000003,0,0,3200.9500000000003,0,0,0,-1,7.985636319580923,100,5872.163216103185,6563.003039528465,8382.26350588258,5949.63,6808.54,4255.34,8000,8000,5000,0.74370375,0.8510675,0.851068,30000,0.5671170000000001,6253,0,-1,-1,-1,MONITORING,CAPEX_DEFERRED|CAPEX_DEFERRED,56450750.352775775,false
global-demand-boom,seed-3,CONSV,10,5608.87,0,5608.87,0,5498.03,110.84,0,0,0,-1,5.907965969293002,100,5894.412367794055,12053.624807734112,3368.2784137809253,6807.85,6254.71,3403.93,8000,7350,4000,0.85098125,0.8509809523809524,0.8509825,30000,0.548883,5529,0,-1,-1,-1,NOT_CONSIDERED,CAPEX_DEFERRED|CAPEX_DEFERRED|CAPEX_DEFERRED,43157777.459422015,false
global-demand-boom,seed-3,VAP,10,5348.9,0,5348.9,0,3597.3900000000003,1751.51,0,0,0,-1,6.584240629446729,100,5380.449300132187,9579.189753164612,7234.821486529463,4770.65,5106.4,5106.4,8000,6000,6000,0.59633125,0.8510666666666666,0.8510666666666666,30000,0.49944833333333327,6500,0,-1,-1,-1,NOT_CONSIDERED,CAPEX_DEFERRED|CAPEX_PROPOSED,42550975.53218649,false
global-demand-boom,seed-3,JPQ,11,4011.4100000000003,0,4011.4100000000003,0,0,4011.4100000000003,0,0,0,-1,7.93341730560475,100,5857.931045782387,6547.09766360685,9180.174427957922,5903.45,6808.54,4255.34,8000,8000,5000,0.7379312499999999,0.8510675,0.851068,30000,0.5655776666666668,6253,0,-1,-1,-1,MONITORING,CAPEX_DEFERRED|CAPEX_DEFERRED,64179288.90304396,false
global-demand-boom,seed-3,CONSV,11,5802.46,0,5802.46,0,5802.46,0,0,0,0,-1,5.857320307010897,100,7763.242699939137,11558.50274816187,3038.8948101745427,8105.91,6253.46,3385.98,12000,7350,4250,0.6754924999999999,0.8508108843537415,0.7967011764705882,30000,0.5915116666666667,5529,942.71,-1,-1,-1,NOT_CONSIDERED,CAPEX_DEFERRED|CAPEX_PROPOSED,59476612.89568873,false
global-demand-boom,seed-3,VAP,11,6614.58,0,6614.58,0,4528.49,2086.09,0,0,0,-1,6.55520729290069,100,5378.836668565604,10508.49501645919,7567.770336812241,5716.96,5106.4,5106.4,8000,6000,6000,0.71462,0.8510666666666666,0.8510666666666666,30000,0.530992,6500,0,-1,-1,-1,NOT_CONSIDERED,CAPEX_DEFERRED|CAPEX_DEFERRED|CAPEX_DEFERRED,48753406.32019491,false
global-demand-boom,seed-3,JPQ,12,4979.12,0,4979.12,0,0,4979.12,0,0,0,-1,8.066071444239451,91.18,5892.430614990422,6585.644907329446,10178.31648081345,5957.48,6808.54,4255.34,8000,8000,5000,0.7446849999999999,0.8510675,0.851068,30000,0.5673786666666667,6253,0,-1,-1,-1,MONITORING,CAPEX_DEFERRED|CAPEX_DEFERRED,63149167.32506727,false
global-demand-boom,seed-3,CONSV,12,5308.14,0,5308.14,0,5308.14,0,0,0,0,-1,5.9957441465888275,100,8846.389999999998,12179.619999999999,3462.9099999999994,9957.59,6551.24,3602.65,12000,7700,4250,0.8297991666666666,0.8508103896103896,0.8476823529411764,30000,0.6703826666666668,6060,63.6,-1,-1,-1,NOT_CONSIDERED,CAPEX_PROPOSED|CAPEX_DEFERRED|CAPEX_DEFERRED,52619303.74919092,false
global-demand-boom,seed-3,VAP,12,7983.42,0,7983.42,0,5464.679999999999,2518.7400000000002,0,0,0,-1,6.685893460561387,87.39,5369.622005973263,11782.681349366725,7991.014290762911,5757.52,5404.28,5106.4,8000,6350,6000,0.71969,0.851067716535433,0.8510666666666666,30000,0.5422733333333333,6500,0,-1,-1,-1,NOT_CONSIDERED,CAPEX_PROPOSED|CAPEX_DEFERRED|CAPEX_DEFERRED,62065882.44325002,false
global-demand-boom,seed-3,JPQ,13,5921.660000000001,723.78,5197.880000000001,0,0,5921.660000000001,0,0,723.78,8.257446424683668,8.287521432639549,88.53,5900.501375398604,6883.2046413092085,11127.986496150099,5966.34,7106.41,4255.34,8000,8350,5000,0.7457925,0.8510670658682634,0.851068,30000,0.577603,6253,0,-1,-1,-1,MONITORING,CAPEX_DEFERRED,80813232.04758057,false
global-demand-boom,seed-3,CONSV,13,5628.379999999999,0,5628.379999999999,0,5628.379999999999,0,0,0,0,-1,6.171258046814262,100,8846.41,12499.859999999997,3462.8999999999987,9551.64,6553.22,3616.67,12000,7700,4250,0.79597,0.8510675324675325,0.8509811764705882,30000,0.6573843333333333,6291,0,-1,-1,-1,NOT_CONSIDERED,CAPEX_DEFERRED|CAPEX_DEFERRED|CAPEX_DEFERRED,52989408.62407412,false
global-demand-boom,seed-3,VAP,13,9321.33,60.4,9260.93,0,6409.65,2911.68,0,60.4,0,6.033213677129364,6.892309815652349,86.38,5370.855712587193,12729.085891179504,8385.207934051097,5413.2,5404.28,5106.4,8000,6350,6000,0.67665,0.851067716535433,0.8510666666666666,30000,0.5307959999999999,6500,0,-1,-1,-1,NOT_CONSIDERED,CAPEX_DEFERRED|CAPEX_DEFERRED|CAPEX_DEFERRED,73584058.40867,false
global-demand-boom,seed-3,JPQ,14,6681.16,1666.32,5014.84,0,0,6681.16,0,0,1666.32,8.494570348686013,8.189115901395253,87.44,5901.140024180047,6883.947999584703,12148.38331832421,5942.64,7105.7,4467.2,8000,8350,5250,0.74283,0.8509820359281437,0.850895238095238,30000,0.5838513333333334,6253,0,-1,-1,-1,MONITORING,CAPEX_PROPOSED,100106564.5573464,false
global-demand-boom,seed-3,CONSV,14,5946.639999999999,0,5946.639999999999,0,5946.639999999999,0,0,0,0,-1,6.094795750168624,100,8842.932547201062,12815.426640830296,3461.532678646351,8704.76,6553.22,3617.03,12000,7700,4250,0.7253966666666667,0.8510675324675325,0.8510658823529412,30000,0.6291669999999999,6291,0,-1,-1,-1,NOT_CONSIDERED,CAPEX_DEFERRED|CAPEX_DEFERRED,68433043.02858496,false
global-demand-boom,seed-3,VAP,14,10502.26,1005.37,9496.89,0,7350.5199999999995,3151.74,0,1005.37,0,6.2060628867935375,6.854926979774403,85.38,5371.567477472937,13670.803625860282,8625.992306734159,5273.56,5404.28,5106.4,8000,6350,6000,0.6591950000000001,0.851067716535433,0.8510666666666666,30000,0.5261413333333333,6500,0,-1,-1,-1,NOT_CONSIDERED,CAPEX_DEFERRED|CAPEX_DEFERRED|CAPEX_DEFERRED,90656968.96307185,false
global-demand-boom,seed-3,JPQ,15,7713.14,2213.96,5499.18,0,0,7713.14,0,0,2213.96,8.32980746482719,8.338588347060698,70.06,5915.535453693791,6900.722661365916,13193.72938471565,5946.08,7058.06,4468.1,8000,8350,5250,0.74326,0.8452766467065869,0.8510666666666667,30000,0.5824079999999999,6473,0,-1,-1,-1,MONITORING,CAPEX_DEFERRED|CAPEX_DEFERRED,117079217.63395047,false
global-demand-boom,seed-3,CONSV,15,6264.9,0,6264.9,0,6264.9,0,0,0,0,-1,6.183878954731485,100,8843.084664375368,13133.802566890608,3461.6161298690317,8550.85,6553.22,3617.03,12000,7700,4250,0.7125708333333334,0.8510675324675325,0.8510658823529412,30000,0.6240366666666666,6291,0,-1,-1,-1,NOT_CONSIDERED,CAPEX_DEFERRED,87345201.79903838,false
global-demand-boom,seed-3,VAP,15,11828.06,1946.24,9881.82,0,8289,3539.06,0,1946.24,0,6.1288309286359395,7.015259761858583,82.98,5373.507442369184,14611.550592684911,9015.283744262235,5343.41,5404.28,5106.4,8000,6350,6000,0.6679262499999999,0.851067716535433,0.8510666666666666,30000,0.5284696666666666,6500,0,-1,-1,-1,NOT_CONSIDERED,CAPEX_DEFERRED|CAPEX_DEFERRED|CAPEX_DEFERRED,110218924.43423639,false
global-demand-boom,seed-3,JPQ,16,8747.73,3245.04,5502.69,0,0,8747.73,0,0,3245.04,8.49799522041398,8.558099024830868,70.05,5917.144531914022,6902.631266139485,14229.799458668636,5942.22,6914.45,4468.1,8000,8350,5250,0.7427775,0.8280778443113772,0.8510666666666667,30000,0.5774923333333334,6473,0,-1,-1,-1,MONITORING,CAPEX_DEFERRED|CAPEX_DEFERRED,135014615.56266135,false
global-demand-boom,seed-3,CONSV,16,6583.15,0,6583.15,0,6583.15,0,0,0,0,-1,6.3576872305729,100,8843.20726164515,13764.377300410524,3461.6502109729377,8791.53,6851.09,3617.4,12000,8050,4250,0.7326275000000001,0.8510670807453417,0.8511529411764706,30000,0.6420006666666667,6291,0,-1,-1,-1,NOT_CONSIDERED,CAPEX_PROPOSED|CAPEX_DEFERRED,108691674.30479364,false
global-demand-boom,seed-3,VAP,16,13141.85,2884.7200000000003,10257.130000000001,0,9221.039999999999,3920.81,0,2884.7200000000003,0,6.198230933045672,7.245710139263152,63.18,5352.216509562614,15865.64979929264,9602.630703095369,5388.16,5702.15,5319.17,8000,6700,6250,0.67352,0.8510671641791044,0.8510672,30000,0.5469826666666666,6500,0,-1,-1,-1,NOT_CONSIDERED,CAPEX_PROPOSED|CAPEX_PROPOSED|CAPEX_DEFERRED,129740683.28467529,false
global-demand-boom,seed-3,JPQ,17,9714.13,4279.629999999999,5434.5,0,0,9714.13,0,0,4279.629999999999,8.616348410321093,8.44258236331442,70.31,6116.161596470937,7134.776569337826,15380.576028945448,6136.15,7106.41,4468.55,8000,8350,5250,0.76701875,0.8510670658682634,0.851152380952381,30000,0.5903703333333333,6473,0,-1,-1,-1,DEFERRED,CAPEX_DEFERRED|CAPEX_DEFERRED,156980156.84999588,false
global-demand-boom,seed-3,CONSV,17,6915.88,0,6915.88,0,6915.88,0,0,0,0,-1,6.26438739378098,87.93,8843.2202065932,14097.107816097654,3665.2820593116553,8930.02,6851.78,3750.74,12000,8050,4500,0.7441683333333333,0.8511527950310559,0.8334977777777778,30000,0.6510846666666666,6291,0,-1,-1,-1,NOT_CONSIDERED,CAPEX_DEFERRED|CAPEX_DEFERRED,129909295.06642434,false
global-demand-boom,seed-3,VAP,17,14466.399999999998,3518.89,10947.509999999998,0,10177.929999999998,4288.47,0,3518.89,0,6.382494074168701,7.162828817055279,62.4,5352.068226016978,16822.38354750918,9970.142329247054,5379.39,5702.15,5319.17,8000,6700,6250,0.67242375,0.8510671641791044,0.8510672,30000,0.5466903333333333,6500,0,-1,-1,-1,NOT_CONSIDERED,CAPEX_DEFERRED|CAPEX_DEFERRED|CAPEX_DEFERRED,146186914.1102101,false
global-demand-boom,seed-3,JPQ,18,10908.34,5245.580000000001,5662.759999999999,0,0,10908.34,0,0,5245.580000000001,8.449981191732016,8.774758876039499,70.15,6132.9407546711545,7154.351872492884,16590.350670654178,6225.35,7107.12,4468.55,8000,8350,5250,0.7781687500000001,0.8511520958083832,0.851152380952381,30000,0.5933673333333334,6473,0,-1,-1,-1,DEFERRED,CAPEX_DEFERRED|CAPEX_DEFERRED,175114625.9666707,false
global-demand-boom,seed-3,CONSV,18,7247.91,64.1,7183.8099999999995,0,7247.91,0,0,64.1,0,6.306108516820153,6.5030498831815615,87.22,8846.41,14431.73,3666.6,8899.1,6851.78,3715.13,12000,8050,4500,0.7415916666666666,0.8511527950310559,0.8255844444444445,30000,0.6488670000000001,6291,0,-1,-1,-1,NOT_CONSIDERED,CAPEX_DEFERRED|CAPEX_DEFERRED,147952328.6964557,false
global-demand-boom,seed-3,VAP,18,15799.1,4475.780000000001,11323.32,0,11135.270000000002,4663.829999999999,0,4475.780000000001,0,6.280897791743752,7.477447548224396,62.41,5355.098159084165,17783.46249148623,10348.703560033357,5364.21,5702.15,5319.17,8000,6700,6250,0.67052625,0.8510671641791044,0.8510672,30000,0.5461843333333333,6500,0,-1,-1,-1,NOT_CONSIDERED,CAPEX_DEFERRED|CAPEX_DEFERRED|CAPEX_DEFERRED,163419682.59753108,false
global-demand-boom,seed-3,JPQ,19,12126.57,6439.79,5686.78,0,0,12126.57,0,0,6439.79,8.7641480847504,8.61831148986399,70.06,6133.076383217311,7154.4984391158905,17808.69707436631,6172.7,7106.41,4468.1,8000,8350,5250,0.7715875,0.8510670658682634,0.8510666666666667,30000,0.5915736666666667,6473,0,-1,-1,-1,DEFERRED,CAPEX_DEFERRED|CAPEX_DEFERRED,201291601.19948778,false
global-demand-boom,seed-3,CONSV,19,7579.949999999999,396.13,7183.819999999999,0,7579.949999999999,0,0,396.13,0,6.5466041540281195,6.385047188980523,86.92,8846.400000000001,14763.77,3666.6,8835.87,6851.78,3654.41,12000,8050,4500,0.7363225000000001,0.8511527950310559,0.8120911111111111,30000,0.6447353333333333,6291,0,-1,-1,-1,NOT_CONSIDERED,CAPEX_DEFERRED|CAPEX_DEFERRED,171932652.05627912,false
global-demand-boom,seed-3,VAP,19,17112.139999999992,5433.119999999999,11679.019999999993,0,12082.009999999997,5030.13,0,5433.119999999999,0,6.513329434771021,7.376271812749123,62.41,5355.1018565253635,18730.197082789862,10715.007485168824,5350.42,5702.15,5319.17,8000,6700,6250,0.6688025,0.8510671641791044,0.8510672,30000,0.5457246666666666,6500,0,-1,-1,-1,NOT_CONSIDERED,CAPEX_DEFERRED|CAPEX_DEFERRED|CAPEX_DEFERRED,184089449.0223957,false
global-demand-boom,seed-3,JPQ,20,13348.039999999999,7658.469999999999,5689.57,0,0,13348.039999999999,0,0,7658.469999999999,8.721004597954801,8.954232933325533,70.05,6133.132913122629,7154.566046962708,19300.797225470727,6122.36,7105.7,4679.93,8000,8350,5500,0.765295,0.8509820359281437,0.8508963636363637,30000,0.5969329999999999,6473,0,-1,-1,-1,DEFERRED,CAPEX_PROPOSED|CAPEX_DEFERRED,222931317.4271714,false
global-demand-boom,seed-3,CONSV,20,7911.99,728.17,7183.82,0,7911.99,0,0,728.17,0,6.427669015431625,6.641949550967305,88.22,8846.39,15408.15,3666.59,8824.3,7148.96,3645.37,12000,8400,4500,0.7353583333333332,0.8510666666666666,0.8100822222222221,30000,0.6539543333333332,6291,0,-1,-1,-1,NOT_CONSIDERED,CAPEX_PROPOSED|CAPEX_DEFERRED,195491888.44025633,false
global-demand-boom,seed-3,VAP,20,18425.170000000002,6379.860000000001,12045.310000000001,0,13028.740000000002,5396.43,0,6379.860000000001,0,6.389308193404579,7.699710122465101,49.44,5339.727234298482,20004.1379105467,11064.963196481498,5335.52,6000.02,5319.17,8000,7050,6250,0.6669400000000001,0.8510666666666667,0.8510672,30000,0.555157,6500,0,-1,-1,-1,NOT_CONSIDERED,CAPEX_PROPOSED|CAPEX_DEFERRED|CAPEX_DEFERRED,205725601.806167,false
global-demand-boom,seed-3,JPQ,21,14614.090000000002,8668.11,5945.980000000001,0,0,14614.090000000002,0,0,8668.11,8.90683183233001,8.822957434730752,69.11,6137.558181204522,7159.736644217,20571.142640169215,6128.49,7106.41,4680.87,8000,8350,5500,0.76606125,0.8510670658682634,0.8510672727272727,30000,0.5971923333333333,6696,0,-1,-1,-1,DEFERRED,CAPEX_DEFERRED|CAPEX_DEFERRED,247556506.6389848,false
global-demand-boom,seed-3,CONSV,21,8259.19,763.03,7496.160000000001,0,8259.19,0,0,763.03,0,6.688928320347197,6.541438902439197,87.24,8846.400000000001,15755.349999999999,3666.6,8842.28,7149.68,3662.99,12000,8400,4500,0.7368566666666667,0.851152380952381,0.8139977777777777,30000,0.655165,6291,0,-1,-1,-1,NOT_CONSIDERED,CAPEX_DEFERRED|CAPEX_DEFERRED,220249911.77006042,false
global-demand-boom,seed-3,VAP,21,19751.219999999998,7105.98,12645.239999999998,0,14004.839999999998,5746.38,0,7028.719999999999,77.26,6.661359672994196,7.581507359543632,47.88,5339.869999999999,20980.439999999995,11415.079999999998,5335.21,6000.02,5319.17,8000,7050,6250,0.66690125,0.8510666666666667,0.8510672,30000,0.5551466666666667,6500,0,-1,-1,-1,NOT_CONSIDERED,CAPEX_DEFERRED|CAPEX_DEFERRED|CAPEX_DEFERRED,228133603.13057584,false
global-demand-boom,seed-3,JPQ,22,15890.720000000001,9933.220000000001,5957.5,0,0,15890.720000000001,0,0,9933.220000000001,8.911269768608365,8.815711860263907,69.07,6139.48082482848,7161.979494158589,21849.62874151121,6145.1,7106.41,4680.87,8000,8350,5500,0.7681375,0.8510670658682634,0.8510672727272727,30000,0.597746,6696,0,-1,-1,-1,DEFERRED,CAPEX_PROPOSED|CAPEX_DEFERRED|CAPEX_DEFERRED,272446322.61257756,false
global-demand-boom,seed-3,CONSV,22,8605.67,1109.51,7496.16,0,8605.67,0,0,1109.51,0,6.58679266236892,6.532244479057525,86.17,8846.400000000001,16101.84,3666.6,8852.64,7149.68,3673.1,12000,8400,4500,0.7377199999999999,0.851152380952381,0.8162444444444444,30000,0.6558473333333332,6291,0,-1,-1,-1,NOT_CONSIDERED,CAPEX_DEFERRED|CAPEX_DEFERRED,246513037.27573785,false
global-demand-boom,seed-3,VAP,22,21076.33,8432.029999999999,12644.300000000003,0,14980.42,6095.91,0,8004.819999999999,427.21,6.6909378649682765,7.57266061563958,46.92,5335.269999999998,21950.01,11986.299999999997,5334.63,5999.42,5530.82,8000,7050,6500,0.66682875,0.850981560283688,0.8508953846153846,30000,0.5621623333333333,6500,0,-1,-1,-1,NOT_CONSIDERED,CAPEX_DEFERRED|CAPEX_PROPOSED|CAPEX_DEFERRED,253295015.81963667,false
global-demand-boom,seed-3,JPQ,23,17170.34,11209.85,5960.49,0,0,17170.34,0,0,11209.85,8.831957146636794,8.677712962636543,69.06,6139.709694259625,7162.236482885944,23129.4608818016,6147.14,7106.41,4680.87,8000,8350,5500,0.7683925,0.8510670658682634,0.8510672727272727,30000,0.597814,6696,0,-1,-1,-1,DEFERRED,CAPEX_DEFERRED|CAPEX_DEFERRED|CAPEX_DEFERRED,298120525.43888795,false
global-demand-boom,seed-3,CONSV,23,8952.159999999998,1455.99,7496.169999999998,0,8952.159999999998,0,0,1455.99,0,6.5748021575233135,6.438783388204557,85.8,9156.019999999999,16710.679999999997,3794.93,9155.5,7148.24,3796.75,12000,8400,4500,0.7629583333333333,0.8509809523809524,0.8437222222222223,30000,0.6700163333333332,6291,0,-1,-1,-1,MONITORING,CAPEX_DEFERRED|CAPEX_DEFERRED,273758602.27356964,false
global-demand-boom,seed-3,VAP,23,22406.070000000007,9546.090000000002,12859.980000000005,0,15950.590000000002,6455.4800000000005,0,8981.000000000002,565.09,6.695685358924347,7.481384119035122,46.66,5335.28,22920.190000000002,12345.86,5335.61,6000.02,5531.94,8000,7050,6500,0.66695125,0.8510666666666667,0.8510676923076922,30000,0.5622523333333334,6706,0,-1,-1,-1,NOT_CONSIDERED,CAPEX_DEFERRED|CAPEX_DEFERRED|CAPEX_DEFERRED,277560031.7447679,false
global-demand-boom,seed-3,JPQ,24,18449.949999999997,12489.470000000001,5960.479999999996,0,0,18449.949999999997,0,0,12489.470000000001,8.762284527642715,8.913749923529542,69.06,6139.704619287773,7162.262220948932,24409.065662035493,6141.85,7106.41,4680.87,8000,8350,5500,0.7677312500000001,0.8510670658682634,0.8510672727272727,30000,0.5976376666666667,6696,0,-1,-1,-1,DEFERRED,CAPEX_DEFERRED|CAPEX_DEFERRED|CAPEX_DEFERRED,321647654.16019535,false
global-demand-boom,seed-3,CONSV,24,9562.439999999999,1803.92,7758.519999999999,0,9562.439999999999,0,0,1803.92,0,6.480257718537738,6.634606054179083,87.11,9156.02,17644.239999999998,3794.94,9262.45,7446.09,3829.42,12000,8750,4500,0.7718708333333334,0.8509817142857143,0.8509822222222222,30000,0.6845986666666667,6575,0,-1,-1,-1,MONITORING,CAPEX_PROPOSED|CAPEX_DEFERRED,296245083.7978165,false
global-demand-boom,seed-3,VAP,24,23734.09,10874.11,12859.98,0,16920.170000000002,6813.92,0,9950.57,923.54,6.6881081052277915,7.6957715462303895,47.87,5320.75,24215.86,12688.260000000002,5321.16,6297.9,5531.94,8000,7400,6500,0.665145,0.8510675675675675,0.8510676923076922,30000,0.5717,6706,0,-1,-1,-1,NOT_CONSIDERED,CAPEX_PROPOSED|CAPEX_DEFERRED|CAPEX_DEFERRED,301540857.32290804,false
global-demand-boom,seed-3,JPQ,25,19707.870000000003,13769.080000000002,5938.790000000001,0,0,19707.870000000003,0,0,13769.080000000002,8.831441341073461,8.807987884898342,69.14,6139.143235431937,7161.585681000039,25666.441084368686,6138.7,7106.41,4680.87,8000,8350,5500,0.7673375,0.8510670658682634,0.8510672727272727,30000,0.5975326666666666,6696,0,-1,-1,-1,DEFERRED,CAPEX_DEFERRED|CAPEX_DEFERRED|CAPEX_DEFERRED,349518530.99324834,false
global-demand-boom,seed-3,CONSV,25,10198.150000000001,2116.35,8081.800000000001,0,10198.150000000001,0,0,2116.35,0,6.6796778551409,6.57022931768555,85.82,9156.03,18279.95,3794.92,9195.63,7447.58,3816.22,12000,8750,4500,0.7663024999999999,0.851152,0.8480488888888889,30000,0.6819810000000001,6575,0,-1,-1,-1,MONITORING,CAPEX_DEFERRED|CAPEX_DEFERRED,321171262.04799145,false
global-demand-boom,seed-3,VAP,25,25074.280000000002,11904.250000000002,13170.03,0,17917.960000000003,7156.320000000001,0,10622.270000000002,1281.98,6.861121515477713,7.586332251763891,46.12,5320.74,25213.65,13030.660000000002,5315.71,6297.9,5531.94,8000,7400,6500,0.66446375,0.8510675675675675,0.8510676923076922,30000,0.5715183333333334,6706,0,-1,-1,-1,NOT_CONSIDERED,CAPEX_DEFERRED|CAPEX_DEFERRED|CAPEX_DEFERRED,324751511.16289806,false
global-demand-boom,seed-3,JPQ,26,20947.74,15027.000000000002,5920.74,0,0,20947.74,0,0,15027.000000000002,8.864078104588895,8.61103951664192,69.2,6136.205408654114,7458.210900825534,27174.203413663596,6136.46,7402.8,4892.65,8000,8700,5750,0.7670575000000001,0.8508965517241379,0.8508956521739129,30000,0.614397,6696,0,-1,-1,-1,DEFERRED,CAPEX_PROPOSED|CAPEX_PROPOSED|CAPEX_DEFERRED,378737158.9875277,false
global-demand-boom,seed-3,CONSV,26,10832.37,2750.57,8081.800000000001,0,10832.37,0,0,2750.57,0,6.612866948053416,6.424335454551262,83.72,9156.01,18914.16,3794.9300000000003,9132.91,7447.58,3790.43,12000,8750,4500,0.7610758333333333,0.851152,0.8423177777777777,30000,0.6790306666666666,6575,0,-1,-1,-1,MONITORING,CAPEX_DEFERRED|CAPEX_DEFERRED,349291056.8458183,false
global-demand-boom,seed-3,VAP,26,26414.47000000001,13244.440000000004,13170.030000000004,0,18915.750000000004,7498.720000000001,0,11620.060000000003,1624.38,6.906002807199714,7.4176605417016885,45.1,5320.74,26211.420000000006,13373.05,5318.82,6297.9,5531.94,8000,7400,6500,0.6648525,0.8510675675675675,0.8510676923076922,30000,0.571622,6706,0,-1,-1,-1,NOT_CONSIDERED,CAPEX_DEFERRED|CAPEX_DEFERRED|CAPEX_DEFERRED,351139788.85671055,false
global-demand-boom,seed-3,JPQ,27,22286.52,16055.09,6231.43,0,0,22286.52,0,0,16055.09,8.785646096720832,8.703592912830882,68.59,6270.60503520149,7621.5653664133915,28649.342019268075,6274.07,7404.28,4893.64,8000,8700,5750,0.78425875,0.8510666666666666,0.8510678260869565,30000,0.6190663333333333,6942,0,-1,-1,-1,DEFERRED,CAPEX_DEFERRED|CAPEX_DEFERRED|CAPEX_DEFERRED,399513025.1804546,false
global-demand-boom,seed-3,CONSV,27,11466.58,3384.79,8081.79,0,11466.58,0,0,3384.79,0,6.454458870107072,6.501321548101409,61.58,9156.02,19548.37,3794.9199999999996,8630.33,7447.58,3785.91,12000,8750,4500,0.7191941666666667,0.851152,0.8413133333333332,30000,0.6621273333333333,6575,0,-1,-1,-1,MONITORING,CAPEX_DEFERRED|CAPEX_DEFERRED,375740874.63185525,false
global-demand-boom,seed-3,VAP,27,27754.629999999994,14584.630000000001,13169.999999999993,0,19913.519999999997,7841.11,0,12617.85,1966.78,6.811315062578529,7.500894187711606,44.78,5320.75,27209.199999999997,13715.45,5321.83,6297.9,5531.94,8000,7400,6500,0.66522875,0.8510675675675675,0.8510676923076922,30000,0.5717223333333332,6706,0,-1,-1,-1,NOT_CONSIDERED,CAPEX_DEFERRED|CAPEX_DEFERRED|CAPEX_DEFERRED,377731514.8933286,false
global-demand-boom,seed-3,JPQ,28,23716.850000000002,17392.88,6323.970000000001,0,0,23716.850000000002,0,0,17392.88,8.71200171711616,8.591140190758486,68.74,6267.165986493918,7617.37541082661,30076.19238171434,6320.71,7405.03,4894.13,8000,8700,5750,0.79008875,0.8511528735632183,0.8511530434782609,30000,0.6206623333333333,6942,0,-1,-1,-1,READY_TO_BUILD,CAPEX_DEFERRED|CAPEX_DEFERRED|CAPEX_DEFERRED,424269119.5361598,false
global-demand-boom,seed-3,CONSV,28,12100.789999999999,4019,8081.789999999999,0,12100.789999999999,0,0,4019,0,6.53479760754427,6.438566444937012,61.58,9156.019999999999,20505.86,3794.94,9479.42,7743.15,3792.56,12000,9100,4500,0.7899516666666667,0.8508956043956044,0.842791111111111,30000,0.7005043333333334,6575,0,-1,-1,-1,MONITORING,CAPEX_PROPOSED|CAPEX_DEFERRED,405124132.0353373,false
global-demand-boom,seed-3,VAP,28,29094.809999999994,15924.79,13170.019999999993,0,20911.299999999996,8183.51,0,13615.62,2309.17,6.828716467825502,7.4174711238879105,46.01,5302.77,28526.229999999996,14263.17,5302.83,6594.44,5743.55,8000,7750,6750,0.66285375,0.8508954838709677,0.8508962962962964,30000,0.5880273333333333,6706,0,-1,-1,-1,NOT_CONSIDERED,CAPEX_PROPOSED|CAPEX_PROPOSED|CAPEX_DEFERRED,406353005.1342496,false
global-demand-boom,seed-3,JPQ,29,25150.72,18822.72,6328,0,0,25150.72,0,0,18822.72,8.64326076386827,8.499516562586821,68.72,6265.85878077279,7615.772291724368,31508.725671643213,6291.36,7405.03,4894.13,8000,8700,5750,0.78642,0.8511528735632183,0.8511530434782609,30000,0.619684,6942,0,-1,-1,-1,APPROVED,CAPEX_DEFERRED|CAPEX_DEFERRED|CAPEX_DEFERRED,444743268.3832836,false
global-demand-boom,seed-3,CONSV,29,12762.710000000001,4357.639999999999,8405.070000000002,0,12762.710000000001,0,0,4357.639999999999,0,6.464254335547929,6.387847415880888,60.64,9156.04,21167.78,3794.93,9455.24,7744.71,3797.62,12000,9100,4500,0.7879366666666666,0.851067032967033,0.8439155555555555,30000,0.699919,6771,0,-1,-1,-1,MONITORING,CAPEX_DEFERRED|CAPEX_DEFERRED,428581384.54113716,false
global-demand-boom,seed-3,VAP,29,30450.71999999999,16756.819999999996,13693.899999999994,0,21931.789999999997,8518.929999999998,0,14316.86,2439.96,6.8182137040519395,7.343585451915506,44.41,5302.740866888843,29546.69944324425,14598.57366841306,5296.66,6595.11,5744.13,8000,7750,6750,0.6620825,0.8509819354838709,0.8509822222222222,30000,0.5878633333333334,6958,0,-1,-1,-1,NOT_CONSIDERED,CAPEX_DEFERRED|CAPEX_DEFERRED|CAPEX_DEFERRED,428651127.7628902,false
global-demand-boom,seed-3,JPQ,30,26606.829999999994,20256.589999999997,6350.239999999998,0,0,26606.829999999994,0,0,20256.589999999997,8.614250373090211,8.339584012706316,68.65,6267.699779959833,7924.5040785162355,32966.693757481415,6267.27,7702.16,4894.13,8000,9050,5750,0.7834087500000001,0.8510674033149171,0.8511530434782609,30000,0.6287853333333334,6942,0,-1,-1,-1,APPROVED,CAPEX_PROPOSED|CAPEX_DEFERRED|CAPEX_DEFERRED,466136461.47208047,false
global-demand-boom,seed-3,CONSV,30,13423.07,5018.000000000001,8405.07,0,13423.07,0,0,5018.000000000001,0,6.409102713923478,6.287532838192426,60.64,9156.019999999997,21828.14,3794.929999999999,9149.89,7745.49,3797.09,12000,9100,4500,0.7624908333333333,0.8511527472527473,0.8437977777777778,30000,0.689749,6771,0,-1,-1,-1,MONITORING,CAPEX_DEFERRED|CAPEX_DEFERRED,453794809.65716225,false
global-demand-boom,seed-3,VAP,30,31806.159999999996,18111.48,13694.679999999997,0,22951.659999999996,8854.5,0,15336.68,2774.8,6.7739462025177,7.215368797844275,43.53,5302.741198936889,30566.579919984084,14934.144049109356,5301.14,6595.77,5744.7,8000,7750,6750,0.6626425,0.8510670967741936,0.8510666666666666,30000,0.5880536666666667,6958,0,-1,-1,-1,NOT_CONSIDERED,CAPEX_DEFERRED|CAPEX_DEFERRED|CAPEX_DEFERRED,452937975.590538,false
global-demand-boom,seed-3,JPQ,31,28020.939999999995,21712.7,6308.239999999994,0,0,28020.939999999995,0,0,21712.7,8.530624269812055,8.25215753366013,69.26,6263.153956850553,7918.761888477451,34376.22132404697,6262.63,7702.93,4894.13,8000,9050,5750,0.78282875,0.8511524861878453,0.8511530434782609,30000,0.6286563333333334,6942,0,-1,-1,-1,APPROVED,CAPEX_DEFERRED|CAPEX_DEFERRED|CAPEX_DEFERRED,483872051.8397929,false
global-demand-boom,seed-3,CONSV,31,14082.65,5677.58,8405.07,0,14082.65,0,0,5677.58,0,6.302781415810907,6.255921138087469,60.64,9156.019999999995,22487.709999999992,3794.929999999997,9049.6,7745.49,3794.75,12000,9100,4500,0.7541333333333333,0.8511527472527473,0.8432777777777778,30000,0.686328,6771,0,-1,-1,-1,MONITORING,CAPEX_DEFERRED|CAPEX_DEFERRED,479435569.01724577,false
global-demand-boom,seed-3,VAP,31,33148.810000000005,19465.69,13683.120000000006,0,23970.879999999997,9177.93,0,16355.890000000001,3109.8,6.702967296799762,7.159158279000327,41.47,5302.538619091853,31585.48303141843,15257.322421607598,5304.15,6595.77,5744.7,8000,7750,6750,0.66301875,0.8510670967741936,0.8510666666666666,30000,0.588154,6958,0,-1,-1,-1,NOT_CONSIDERED,CAPEX_DEFERRED|CAPEX_DEFERRED|CAPEX_DEFERRED,478347008.0747835,false
global-demand-boom,seed-3,JPQ,32,29445.039999999997,23126.809999999998,6318.23,0,0,29445.039999999997,0,0,23126.809999999998,8.423064358284659,7.99983777388617,69.22,7902.014683217874,8865.64336785439,37168.28040549854,4864.85,7497.44,7645.24,13000,13050,9000,0.3742192307692308,0.5745164750957854,0.8494711111111111,41000,0.48798853658536584,8633,6383.04,-1,-1,-1,NOT_CONSIDERED,CAPEX_DEFERRED|CAPEX_DEFERRED,512731097.1769836,false
global-demand-boom,seed-3,CONSV,32,14742.220000000001,6337.160000000001,8405.060000000001,0,14742.220000000001,0,0,6337.160000000001,0,6.266517853199139,6.09391143986098,60.64,9156.029999999999,23470.56,3794.9199999999996,9120.61,8042.58,3794.1,12000,9450,4500,0.7600508333333333,0.8510666666666666,0.8431333333333333,30000,0.6985763333333334,6771,0,-1,-1,-1,MONITORING,CAPEX_PROPOSED|CAPEX_DEFERRED,508545121.136682,false
global-demand-boom,seed-3,VAP,32,34502.71,20808.339999999997,13694.370000000003,0,24990.949999999997,9511.76,0,17375.109999999997,3433.23,6.651160073976674,6.9574192514296005,27.92,5289.247722733192,32929.48571791373,15575.913813300966,5291.22,6893.64,5744.7,8000,8100,6750,0.6614025,0.8510666666666667,0.8510666666666666,30000,0.5976520000000001,6958,0,-1,-1,-1,NOT_CONSIDERED,CAPEX_PROPOSED|CAPEX_DEFERRED|CAPEX_DEFERRED,506380145.3607995,false
global-demand-boom,seed-4,JPQ,1,1900,0,1900,0,1900,0,0,0,0,-1,7.005263157894737,-1,4771.23,7232.55,4209.91,4015.62,6783.23,2509.76,8000,8000,5000,0.5019525,0.84790375,0.5019520000000001,30000,0.4436203333333333,5500,2790.77,-1,-1,-1,NOT_CONSIDERED,CAPEX_DEFERRED|CAPEX_DEFERRED,25000000,false
global-demand-boom,seed-4,CONSV,1,1400,0,1400,1100,300,0,0,0,0,-1,5.582142857142857,-1,6997.600000000001,6546.8,3259.2,6782.54,5934.73,2128.14,8000,7000,4000,0.8478175,0.8478185714285714,0.5320349999999999,30000,0.494847,4500,1273.83,-1,-1,-1,NOT_CONSIDERED,CAPEX_DEFERRED|CAPEX_DEFERRED|CAPEX_DEFERRED,35000000,false
global-demand-boom,seed-4,VAP,1,1650,0,1650,0,450,1200,0,0,0,-1,8.374242424242425,-1,4414.389999999999,5357.759999999999,5698.780000000001,1032.51,5093.06,5093.06,8000,6000,6000,0.12906375,0.8488433333333334,0.8488433333333334,30000,0.3739543333333334,6500,0,-1,-1,-1,NOT_CONSIDERED,CAPEX_DEFERRED|CAPEX_DEFERRED,22000000,false
global-demand-boom,seed-4,JPQ,2,1284.48,0,1284.48,755.61,449.32,79.55,0,0,0,-1,5.452158441225616,100,4986.64,5178.117192023859,3812.8128079761404,5694.11,6019.51,3797.33,8000,8000,5000,0.7117637499999999,0.75243875,0.759466,30000,0.5170316666666667,5500,1854.94,-1,-1,-1,NOT_CONSIDERED,CAPEX_DEFERRED|CAPEX_DEFERRED,14494279.701722093,false
global-demand-boom,seed-4,CONSV,2,1115.09,0,1115.09,215.06,612.0699999999999,287.96,0,0,0,-1,6.219324203933475,100,5789.861007556675,6516.957909319899,3368.7710831234253,5924.61,5067.59,2959.32,8000,7000,4000,0.7405762499999999,0.7239414285714286,0.73983,30000,0.46505066666666667,4500,2169.45,-1,-1,-1,NOT_CONSIDERED,CAPEX_DEFERRED|CAPEX_DEFERRED|CAPEX_DEFERRED,10878104.155727632,false
global-demand-boom,seed-4,VAP,2,3646.58,0,3646.58,3381.8799999999997,264.7,0,0,0,0,-1,4.656061477439135,100,7176.263401131473,4483.168523492993,3866.9294798685764,6507.15,4892.68,0,8000,6000,6000,0.8133937499999999,0.8154466666666668,0,30000,0.3799943333333333,6500,275.74,-1,-1,-1,NOT_CONSIDERED,CAPEX_DEFERRED|CAPEX_DEFERRED,20033387.12761445,false
global-demand-boom,seed-4,JPQ,3,0,0,0,0,0,0,0,0,0,-1,-1,100,4366.70084783169,4880.43951150961,3852.9713363220803,5921.33,6403.86,4070.37,8000,8000,5000,0.74016625,0.8004825,0.814074,30000,0.5465186666666666,6010,685.88,-1,-1,-1,NOT_CONSIDERED,CAPEX_DEFERRED,31070519.6259339,false
global-demand-boom,seed-4,CONSV,3,2343.47,0,2343.47,188.05,1791.28,364.14,0,0,0,-1,4.9395460332418235,100,5881.426322418135,7821.764130982366,3510.4795465994957,6377.51,5519.62,3188.75,8000,7000,4000,0.79718875,0.7885171428571428,0.7971875,30000,0.5028626666666667,5038,1029.79,-1,-1,-1,NOT_CONSIDERED,CAPEX_DEFERRED|CAPEX_DEFERRED|CAPEX_DEFERRED,35401662.15391566,false
global-demand-boom,seed-4,VAP,3,3622.9,0,3622.9,1289.11,279.78,2054.01,0,0,0,-1,5.399711073268226,100,5216.329334335437,4645.913277128702,6056.306251054109,6119.14,4474.43,4375.66,8000,6000,6000,0.7648925000000001,0.7457383333333334,0.7292766666666667,30000,0.4989743333333333,6500,0,-1,-1,-1,NOT_CONSIDERED,CAPEX_DEFERRED|CAPEX_DEFERRED|CAPEX_DEFERRED,21899996.419740282,false
global-demand-boom,seed-4,JPQ,4,0,0,0,0,0,0,0,0,0,-1,-1,100,5283.184429111539,5904.73664769958,4661.641639410309,5794.49,6513.09,4086.03,8000,8000,5000,0.72431125,0.81413625,0.817206,30000,0.5464536666666667,6010,621.85,-1,-1,-1,NOT_CONSIDERED,CAPEX_DEFERRED,24463932.2027174,false
global-demand-boom,seed-4,CONSV,4,2953.0499999999997,0,2953.0499999999997,0,2518.46,434.59,0,0,0,-1,5.23533548292538,100,5761.4508816120915,8621.039651510036,3618.549697732998,4687.66,5933.53,3390.59,8000,7000,4000,0.5859575,0.8476471428571428,0.8476475,30000,0.46705933333333327,5038,2112.63,-1,-1,-1,NOT_CONSIDERED,CAPEX_DEFERRED|CAPEX_PROPOSED|CAPEX_DEFERRED,32568639.29060161,false
global-demand-boom,seed-4,VAP,4,2890.21,0,2890.21,0,713.09,2177.12,0,0,0,-1,6.2584729976314994,100,4089.605948738556,5259.767810909267,6344.916485591644,5771.45,5089.99,5088.96,8000,6000,6000,0.72143125,0.8483316666666666,0.84816,30000,0.5316799999999999,6500,0,-1,-1,-1,NOT_CONSIDERED,CAPEX_DEFERRED|CAPEX_DEFERRED,15975499.944647517,false
global-demand-boom,seed-4,JPQ,5,543.62,0,543.62,0,0,543.62,0,0,0,-1,6.762749474251733,100,5362.5125101442445,5993.396334867097,5275.258255867762,5368.58,6024.16,4239.95,8000,8000,5000,0.6710725,0.75302,0.8479899999999999,30000,0.5210896666666667,6010,1108.29,-1,-1,-1,NOT_CONSIDERED,CAPEX_DEFERRED,23127773.761095054,false
global-demand-boom,seed-4,CONSV,5,4052.9999999999995,0,4052.9999999999995,918.08,2831.72,303.2,0,0,0,-1,4.978347479753615,100,6713.568144636344,8970.352221078552,3505.9795909997656,6371.72,5519.62,3188.75,8000,7000,4000,0.796465,0.7885171428571428,0.7971875,30000,0.5026696666666667,5038,1029.79,-1,-1,-1,NOT_CONSIDERED,CAPEX_DEFERRED|CAPEX_DEFERRED|CAPEX_PROPOSED,35250276.964271195,false
global-demand-boom,seed-4,VAP,5,2117.79,0,2117.79,0,530.85,1586.94,0,0,0,-1,6.308889852667971,100,4170.799446867203,5167.795841853786,5837.4823492262185,4384.07,5090.5,5090.5,8000,6000,6000,0.5480087499999999,0.8484166666666667,0.8484166666666667,30000,0.4855023333333333,6500,0,-1,-1,-1,NOT_CONSIDERED,CAPEX_DEFERRED|CAPEX_DEFERRED,26288743.023823194,false
global-demand-boom,seed-4,JPQ,6,1124.41,0,1124.41,0,0,1124.41,0,0,0,-1,6.870306454798216,100,5506.9474414887245,6154.813782857041,5983.491100120407,5451.36,5966.85,4247.21,8000,8000,5000,0.6814199999999999,0.74585625,0.849442,30000,0.5221806666666666,6010,1458.97,-1,-1,-1,NOT_CONSIDERED,CAPEX_DEFERRED,24116078.802920002,false
global-demand-boom,seed-4,CONSV,6,4376.51,0,4376.51,443.96,3558.89,373.66,0,0,0,-1,5.1627422809173575,100,6320.1578695382705,9783.010084480266,3621.0369642919463,6389.73,5530.2,3194.86,8000,7000,4000,0.7987162499999999,0.7900285714285714,0.7987150000000001,30000,0.5038263333333334,5038,1029.79,-1,-1,-1,NOT_CONSIDERED,CAPEX_DEFERRED|CAPEX_DEFERRED|CAPEX_DEFERRED,34560913.99980302,false
global-demand-boom,seed-4,VAP,6,1343.3200000000002,0,1343.3200000000002,0,348.1,995.22,0,0,0,-1,6.41499742243891,100,4781.791207610643,5664.327329594675,5868.439001407832,4537.68,5089.99,5089.99,8000,6000,6000,0.56721,0.8483316666666666,0.8483316666666666,30000,0.4905886666666667,6500,0,-1,-1,-1,NOT_CONSIDERED,CAPEX_DEFERRED|CAPEX_DEFERRED,17030089.869429834,false
global-demand-boom,seed-4,JPQ,7,1761.79,0,1761.79,0,0,1761.79,0,0,0,-1,7.091377615027462,100,5575.306664176801,6231.2362161091805,6681.187012717774,5750.78,6062.4,4254.05,8000,8000,5000,0.7188475,0.7577999999999999,0.8508100000000001,30000,0.5355743333333333,6010,1329.13,-1,-1,-1,NOT_CONSIDERED,CAPEX_DEFERRED|CAPEX_DEFERRED,13719506.521268088,false
global-demand-boom,seed-4,CONSV,7,4713.5,0,4713.5,0,4275.49,438.01,0,0,0,-1,5.467369738835442,100,5897.6,10522.29,3697.21,4703.73,5954.48,3402.56,8000,7000,4000,0.5879662499999999,0.85064,0.85064,30000,0.46869233333333327,5038,2112.63,-1,-1,-1,NOT_CONSIDERED,CAPEX_DEFERRED|CAPEX_DEFERRED|CAPEX_DEFERRED,16675676.351015333,false
global-demand-boom,seed-4,VAP,7,1556.3400000000001,0,1556.3400000000001,0,683.2,873.14,0,0,0,-1,6.348413735976487,100,4879.291395930103,6107.812376516815,5845.703011657277,5026.06,5089.99,5089.99,8000,6000,6000,0.6282575,0.8483316666666666,0.8483316666666666,30000,0.506868,6500,0,-1,-1,-1,NOT_CONSIDERED,CAPEX_DEFERRED|CAPEX_DEFERRED,31147940.989206426,false
global-demand-boom,seed-4,JPQ,8,2159.9,0,2159.9,0,0,2159.9,0,0,0,-1,7.45783774798896,100,5554.130072964281,6207.568218984455,7060.611751829832,5923.32,6356.69,4254.05,8000,8000,5000,0.7404149999999999,0.7945862499999999,0.8508100000000001,30000,0.5511353333333333,6010,796.61,-1,-1,-1,NOT_CONSIDERED,CAPEX_DEFERRED|CAPEX_DEFERRED,38781840.77094623,false
global-demand-boom,seed-4,CONSV,8,6008.17,0,6008.17,1145.71,4567.81,294.65,0,0,0,-1,5.457327719687559,100,7043.320000000001,11126.96,3553.85,6510.26,5934.59,3257.09,8000,7350,4000,0.8137825000000001,0.8074272108843538,0.8142725000000001,30000,0.523398,5038,759.46,-1,-1,-1,NOT_CONSIDERED,CAPEX_DEFERRED|CAPEX_PROPOSED|CAPEX_DEFERRED,33321098.06856081,false
global-demand-boom,seed-4,VAP,8,1620.55,0,1620.55,0,1018.31,602.24,0,0,0,-1,6.286493951105421,100,5389.682766321286,7010.372301952302,6094.970425240135,5557.27,5089.99,5089.99,8000,6000,6000,0.6946587500000001,0.8483316666666666,0.8483316666666666,30000,0.524575,6500,0,-1,-1,-1,NOT_CONSIDERED,CAPEX_PROPOSED|CAPEX_PROPOSED,38899657.77615637,false
global-demand-boom,seed-4,JPQ,9,2642.61,0,2642.61,0,0,2642.61,0,0,0,-1,7.804087292356093,100,5546.38582488367,6198.901804281749,7536.4897440896475,6001.27,6807.17,4254.91,8000,8000,5000,0.7501587500000001,0.85089625,0.850982,30000,0.5687783333333333,6252,0,-1,-1,-1,NOT_CONSIDERED,CAPEX_PROPOSED|CAPEX_PROPOSED,49124555.82814608,false
global-demand-boom,seed-4,CONSV,9,6022.1900000000005,0,6022.1900000000005,533.06,5192.37,296.76,0,0,0,-1,5.7410367061568355,100,6430.66,11751.51,3555.96,6806.48,6253.46,3403.24,8000,7350,4000,0.85081,0.8508108843537415,0.85081,30000,0.5487726666666667,5360,0,-1,-1,-1,NOT_CONSIDERED,CAPEX_DEFERRED|CAPEX_DEFERRED|CAPEX_DEFERRED,38668097.22709431,false
global-demand-boom,seed-4,VAP,9,2798.97,0,2798.97,0,1936.8,862.17,0,0,0,-1,6.387881150057597,100,5386.240805662307,7925.012704068224,6351.365807754571,5587.83,5089.99,4617,8000,6000,6000,0.69847875,0.8483316666666666,0.7695,30000,0.5098273333333333,6500,0,-1,-1,-1,NOT_CONSIDERED,CAPEX_DEFERRED|CAPEX_DEFERRED,34309279.13246068,false
global-demand-boom,seed-4,JPQ,10,3096.53,0,3096.53,0,0,3096.53,0,0,0,-1,7.981326728185702,100,5869.281613181098,6559.783588503529,8275.319519818959,5954.2,6808.54,4255.34,8000,8000,5000,0.744275,0.8510675,0.851068,30000,0.5672693333333334,6252,0,-1,-1,-1,MONITORING,CAPEX_DEFERRED|CAPEX_DEFERRED,57054697.72537035,false
global-demand-boom,seed-4,CONSV,10,5650.7699999999995,0,5650.7699999999995,0,5498.049999999999,152.72,0,0,0,-1,5.916921685694873,100,5897.599999999999,12057.189999999999,3411.93,6807.85,6254.71,3403.93,8000,7350,4000,0.85098125,0.8509809523809524,0.8509825,30000,0.548883,5529,0,-1,-1,-1,NOT_CONSIDERED,CAPEX_PROPOSED|CAPEX_DEFERRED|CAPEX_DEFERRED,51222010.144327894,false
global-demand-boom,seed-4,VAP,10,4434.25,0,4434.25,0,2866.1400000000003,1568.11,0,0,0,-1,6.6218846478672875,100,5382.293679737452,8849.978197475493,7053.299974644422,5431.56,5098.71,5098.71,8000,6000,6000,0.678945,0.849785,0.849785,30000,0.520966,6500,0,-1,-1,-1,NOT_CONSIDERED,CAPEX_DEFERRED|CAPEX_DEFERRED,44233336.35798958,false
global-demand-boom,seed-4,JPQ,11,3882.4900000000002,0,3882.4900000000002,0,0,3882.4900000000002,0,0,0,-1,7.8462960402178705,100,5858.139888853673,6547.34093959043,9051.44856451942,5911.97,6808.54,4255.34,8000,8000,5000,0.73899625,0.8510675,0.851068,30000,0.5658616666666666,6252,0,-1,-1,-1,MONITORING,CAPEX_DEFERRED|CAPEX_DEFERRED,66153667.12314725,false
global-demand-boom,seed-4,CONSV,11,5810.48,0,5810.48,0,5802.48,8,0,0,0,-1,5.797291218265,100,5810.38,12264.619999999999,3419.6899999999996,6807.85,6254.71,3616.31,8000,7350,4250,0.85098125,0.8509809523809524,0.8508964705882353,30000,0.5559623333333334,5529,0,-1,-1,-1,NOT_CONSIDERED,CAPEX_DEFERRED|CAPEX_PROPOSED,60128175.82916238,false
global-demand-boom,seed-4,VAP,11,5675.540000000001,0,5675.540000000001,0,3799.17,1876.37,0,0,0,-1,6.521697894338544,100,5380.056296655151,9780.525482729918,7359.269287562531,5376.94,5106.4,4617,8000,6000,6000,0.6721174999999999,0.8510666666666666,0.7695,30000,0.5033446666666667,6500,0,-1,-1,-1,NOT_CONSIDERED,CAPEX_DEFERRED|CAPEX_DEFERRED,43937300.0856473,false
global-demand-boom,seed-4,JPQ,12,4861.79,0,4861.79,0,0,4861.79,0,0,0,-1,8.11205375013629,91.17,5883.8360849257315,6576.050346717239,10053.411823134225,5950.13,6808.54,4255.34,8000,8000,5000,0.74376625,0.8510675,0.851068,30000,0.5671336666666668,6252,0,-1,-1,-1,MONITORING,CAPEX_DEFERRED,65687924.38567598,false
global-demand-boom,seed-4,CONSV,12,6009.91,0,6009.91,0,6009.91,0,0,0,0,-1,6.027472743792273,100,7661.49,11961.01,2999.06,7722.67,6551.9,3616.67,12000,7700,4250,0.6435558333333333,0.8508961038961038,0.8509811764705882,30000,0.5963746666666666,5825,0,-1,-1,-1,NOT_CONSIDERED,CAPEX_PROPOSED|CAPEX_DEFERRED,61967402.42010101,false
global-demand-boom,seed-4,VAP,12,7526.42,0,7526.42,0,4731.530000000001,2794.8900000000003,0,0,0,-1,6.861443777614965,100,5366.680809388693,11046.063027264161,8264.158064507668,5399.1,5403.73,5106.4,8000,6350,6000,0.6748875000000001,0.8509811023622047,0.8510666666666666,30000,0.5303076666666666,6500,0,-1,-1,-1,NOT_CONSIDERED,CAPEX_PROPOSED|CAPEX_DEFERRED|CAPEX_DEFERRED,59526822.052167594,false
global-demand-boom,seed-4,JPQ,13,5805.62,606.45,5199.17,0,0,5805.62,0,0,606.45,8.298630983022075,8.11615980726202,90.73,5898.655890891727,6881.040213818851,11010.309363916022,5967.48,7106.41,4255.34,8000,8350,5000,0.7459349999999999,0.8510670658682634,0.851068,30000,0.577641,6252,0,-1,-1,-1,MONITORING,CAPEX_DEFERRED,83785854.5826481,false
global-demand-boom,seed-4,CONSV,13,5409.110000000001,0,5409.110000000001,0,5409.110000000001,0,0,0,0,-1,6.041092456967695,100,8846.4,12280.59,3462.9,9159.51,6552.56,3616.67,12000,7700,4250,0.7632925,0.8509818181818183,0.8509811764705882,30000,0.6442913333333332,6128,0,-1,-1,-1,NOT_CONSIDERED,CAPEX_DEFERRED,66366157.002125114,false
global-demand-boom,seed-4,VAP,13,8881.17,0,8881.17,0,5686.820000000001,3194.35,0,0,0,-1,6.861886328429059,86.35,5369.971765308046,12005.21780697233,8666.979667601361,5415.46,5404.28,5106.4,8000,6350,6000,0.6769325,0.851067716535433,0.8510666666666666,30000,0.5308713333333334,6500,0,-1,-1,-1,NOT_CONSIDERED,CAPEX_DEFERRED|CAPEX_DEFERRED|CAPEX_DEFERRED,71072732.9772813,false
global-demand-boom,seed-4,JPQ,14,6611.41,1550.28,5061.13,0,0,6611.41,0,0,1550.28,8.327820878603998,8.228124822225436,85.32,5904.005873775817,6887.282858476742,11820.828701641836,5950.9,7106.41,4255.34,8000,8350,5000,0.7438625,0.8510670658682634,0.851068,30000,0.5770883333333334,6252,0,-1,-1,-1,MONITORING,CAPEX_DEFERRED,101608485.1539785,false
global-demand-boom,seed-4,CONSV,14,5728.030000000001,0,5728.030000000001,0,5728.030000000001,0,0,0,0,-1,6.119332929705251,100,8845.396770804637,12598.730737322374,3462.5172874374985,9349.25,6552.56,3616.67,12000,7700,4250,0.7791041666666667,0.8509818181818183,0.8509811764705882,30000,0.6506160000000001,6128,0,-1,-1,-1,NOT_CONSIDERED,CAPEX_DEFERRED,72138687.90283799,false
global-demand-boom,seed-4,VAP,14,10092.470000000001,282.54,9809.93,0,6630.61,3461.8599999999997,0,282.54,0,6.078782042883047,6.9199344088703185,85.37,5366.144406028809,12944.494133894284,9158.441441057885,5397.18,5404.28,5319.17,8000,6350,6250,0.6746475000000001,0.851067716535433,0.8510672,30000,0.5373543333333333,6500,0,-1,-1,-1,NOT_CONSIDERED,CAPEX_DEFERRED|CAPEX_PROPOSED|CAPEX_DEFERRED,88454191.00626828,false
global-demand-boom,seed-4,JPQ,15,7492.450000000001,2356.0699999999997,5136.380000000001,0,0,7492.450000000001,0,0,2356.0699999999997,8.389246191047134,8.201087837993661,71.47,5912.008991494646,6896.618847745332,12969.75230162152,5941.04,7018.91,4467.2,8000,8350,5250,0.74263,0.8405880239520958,0.850895238095238,30000,0.580905,6252,0,-1,-1,-1,MONITORING,CAPEX_PROPOSED|CAPEX_DEFERRED,122007301.25805746,false
global-demand-boom,seed-4,CONSV,15,6046.950000000001,0,6046.950000000001,0,6046.950000000001,0,0,0,0,-1,6.087294967164856,100,8845.435967397905,12917.66895231117,3462.5365449479254,8916.68,6553.87,3582.79,12000,7700,4250,0.7430566666666667,0.851151948051948,0.8430094117647059,30000,0.6351113333333334,6128,0,-1,-1,-1,NOT_CONSIDERED,CAPEX_DEFERRED,88484381.78262636,false
global-demand-boom,seed-4,VAP,15,11348.509999999998,1226.33,10122.179999999998,0,7563.200000000001,3785.3100000000004,0,1226.33,0,6.152548553250284,6.933029011889524,85.26,5367.145487449455,13878.273572794402,9482.969005625688,5380.36,5404.28,5319.17,8000,6350,6250,0.672545,0.851067716535433,0.8510672,30000,0.5367936666666666,6500,0,-1,-1,-1,NOT_CONSIDERED,CAPEX_DEFERRED|CAPEX_DEFERRED|CAPEX_DEFERRED,104775004.20192292,false
global-demand-boom,seed-4,JPQ,16,8527.92,3025.25,5502.67,0,0,8527.92,0,0,3025.25,8.350344463563735,8.307668462227753,70.05,5912.710892323965,6897.447601054831,14005.872592078364,5937.25,6900.02,4468.1,8000,8350,5250,0.74215625,0.8263497005988024,0.8510666666666667,30000,0.5768456666666667,6454,0,-1,-1,-1,MONITORING,CAPEX_DEFERRED|CAPEX_DEFERRED,138942344.2157693,false
global-demand-boom,seed-4,CONSV,16,6364.540000000001,0,6364.540000000001,0,6364.540000000001,0,0,0,0,-1,6.17351621003715,100,8845.47095350512,13547.631795730988,3462.544155337311,8695.16,6851.09,3451.31,12000,8050,4250,0.7245966666666667,0.8510670807453417,0.8120729411764706,30000,0.633252,6128,0,-1,-1,-1,NOT_CONSIDERED,CAPEX_PROPOSED,107956081.79023294,false
global-demand-boom,seed-4,VAP,16,12672.92,2158.92,10514,0,8492.460000000001,4180.46,0,2158.92,0,6.122682741516054,7.065814839570049,82.49,5351.188215916558,15135.79294605185,9861.18051922886,5361.08,5702.15,5319.17,8000,6700,6250,0.670135,0.8510671641791044,0.8510672,30000,0.54608,6500,0,-1,-1,-1,NOT_CONSIDERED,CAPEX_PROPOSED|CAPEX_DEFERRED|CAPEX_DEFERRED,122894814.5120705,false
global-demand-boom,seed-4,JPQ,17,9545.11,4059.82,5485.290000000001,0,0,9545.11,0,0,4059.82,8.3773555165126,8.665580712906316,70.11,6115.761390257055,7134.29975213289,15211.175290792224,6140.18,7106.41,4468.55,8000,8350,5250,0.7675225,0.8510670658682634,0.851152380952381,30000,0.5905046666666667,6454,0,-1,-1,-1,DEFERRED,CAPEX_DEFERRED|CAPEX_DEFERRED,156594471.69915164,false
global-demand-boom,seed-4,CONSV,17,6697.280000000001,0,6697.280000000001,0,6697.280000000001,0,0,0,0,-1,6.4351527035289005,100,8845.51495480262,13880.38940876563,3666.237316383213,8767.67,6850.4,3619.07,12000,8050,4500,0.7306391666666666,0.8509813664596273,0.8042377777777778,30000,0.641238,6128,0,-1,-1,-1,NOT_CONSIDERED,CAPEX_DEFERRED|CAPEX_DEFERRED,125449322.11198382,false
global-demand-boom,seed-4,VAP,17,14011.469999999998,2790.31,11221.159999999998,0,9452.949999999999,4558.5199999999995,0,2790.31,0,6.197807252348216,7.378777455746498,62.41,5351.24922313924,16096.374518401455,10239.306978915865,5360.06,5702.15,5319.17,8000,6700,6250,0.6700075000000001,0.8510671641791044,0.8510672,30000,0.5460459999999999,6500,0,-1,-1,-1,NOT_CONSIDERED,CAPEX_DEFERRED|CAPEX_DEFERRED|CAPEX_DEFERRED,138006574.42775998,false
global-demand-boom,seed-4,JPQ,18,10553.079999999998,5076.5599999999995,5476.519999999999,0,0,10553.079999999998,0,0,5076.5599999999995,8.682074138328995,8.499427885047579,70.84,6113.277881130275,7131.4026314937755,16216.844395782642,6208.71,7105.7,4467.65,8000,8350,5250,0.77608875,0.8509820359281437,0.8509809523809523,30000,0.5927353333333333,6454,0,-1,-1,-1,DEFERRED,CAPEX_DEFERRED|CAPEX_DEFERRED,177683311.45722196,false
global-demand-boom,seed-4,CONSV,18,7030.7,0,7030.7,0,7030.7,0,0,0,0,-1,6.311720225382675,87.24,8843.904119109542,14212.493191461104,3665.565523051981,8869.68,6850.4,3702.36,12000,8050,4500,0.73914,0.8509813664596273,0.8227466666666667,30000,0.6474146666666666,6128,0,-1,-1,-1,NOT_CONSIDERED,CAPEX_DEFERRED|CAPEX_DEFERRED,147925346.45098713,false
global-demand-boom,seed-4,VAP,18,15238.500000000002,3750.8,11487.7,0,10413.22,4825.28,0,3750.8,0,6.459366641207424,7.262525799304699,62.18,5351.543297865655,17057.000050680304,10506.3902464479,5366.45,5702.15,5319.17,8000,6700,6250,0.6708062499999999,0.8510671641791044,0.8510672,30000,0.5462589999999999,6500,0,-1,-1,-1,NOT_CONSIDERED,CAPEX_DEFERRED|CAPEX_DEFERRED|CAPEX_DEFERRED,157610096.99839565,false
global-demand-boom,seed-4,JPQ,19,11774.979999999998,6085.43,5689.549999999997,0,0,11774.979999999998,0,0,6085.43,8.541742405132384,8.627394723175861,70.05,6122.165636540246,7141.792180602489,17446.99783378123,6174.76,7106.41,4468.1,8000,8350,5250,0.771845,0.8510670658682634,0.8510666666666667,30000,0.5916423333333334,6454,0,-1,-1,-1,DEFERRED,CAPEX_DEFERRED|CAPEX_DEFERRED,198905905.96184784,false
global-demand-boom,seed-4,CONSV,19,7364.120000000001,180.3,7183.820000000001,0,7364.120000000001,0,0,180.3,0,6.353627665898634,6.3959865027056555,87.01,8843.920617004514,14545.926588764853,3665.5723609952925,8882.95,6851.09,3696.54,12000,8050,4500,0.7402458333333334,0.8510670807453417,0.8214533333333334,30000,0.6476860000000001,6325,0,-1,-1,-1,NOT_CONSIDERED,CAPEX_DEFERRED|CAPEX_DEFERRED,170463439.12783545,false
global-demand-boom,seed-4,VAP,19,16574.719999999998,4711.07,11863.649999999998,0,11372.449999999999,5202.27,0,4711.07,0,6.327068800812164,7.4003543753394725,62.41,5353.0536528017155,18018.086557925133,10884.964143413283,5369.46,5702.15,5319.17,8000,6700,6250,0.6711825,0.8510671641791044,0.8510672,30000,0.5463593333333333,6500,0,-1,-1,-1,NOT_CONSIDERED,CAPEX_DEFERRED|CAPEX_DEFERRED|CAPEX_DEFERRED,179471612.58025295,false
global-demand-boom,seed-4,JPQ,20,12996.44,7306.879999999999,5689.560000000001,0,0,12996.44,0,0,7306.879999999999,8.654878335395743,8.636416406347708,70.05,6122.332379220117,7141.965094506305,18668.59311046241,6129.6,7106.41,4468.1,8000,8350,5250,0.7662,0.8510670658682634,0.8510666666666667,30000,0.590137,6454,0,-1,-1,-1,DEFERRED,CAPEX_DEFERRED|CAPEX_DEFERRED,223389278.16008922,false
global-demand-boom,seed-4,CONSV,20,7696.849999999999,513.03,7183.82,0,7696.849999999999,0,0,513.03,0,6.439184008832433,6.416059658990541,88.72,8843.936899168222,15190.922846137284,3665.569112307968,8852.1,7148.96,3665.07,12000,8400,4500,0.7376750000000001,0.8510666666666666,0.8144600000000001,30000,0.6555376666666667,6325,0,-1,-1,-1,NOT_CONSIDERED,CAPEX_PROPOSED|CAPEX_DEFERRED,194032355.85313654,false
global-demand-boom,seed-4,VAP,20,17901.16,5670.300000000001,12230.859999999999,0,12326.410000000002,5574.75,0,5670.300000000001,0,6.404603809003808,7.446356758148452,49.91,5333.0881977656245,19293.14372540528,11462.717157059196,5342.16,5998.82,5530.82,8000,7050,6500,0.66777,0.8508964539007092,0.8508953846153846,30000,0.5623933333333333,6500,0,-1,-1,-1,NOT_CONSIDERED,CAPEX_PROPOSED|CAPEX_PROPOSED|CAPEX_DEFERRED,202525953.65357155,false
global-demand-boom,seed-4,JPQ,21,14181.320000000002,8528.34,5652.980000000001,0,0,14181.320000000002,0,0,8528.34,8.705114357831441,8.9118692987502,70.18,6120.9354964158765,7140.335570395057,20122.228861269687,6123.32,7105.7,4679.93,8000,8350,5500,0.765415,0.8509820359281437,0.8508963636363637,30000,0.5969650000000001,6454,0,-1,-1,-1,DEFERRED,CAPEX_PROPOSED|CAPEX_DEFERRED,246197173.96232548,false
global-demand-boom,seed-4,CONSV,21,8044.050000000001,547.89,7496.160000000001,0,8044.050000000001,0,0,547.89,0,6.4636861053236885,6.6164466044385115,87.57,8843.942971023875,15538.136462576298,3665.585769738406,8835.68,7149.68,3655.64,12000,8400,4500,0.7363066666666667,0.851152380952381,0.8123644444444444,30000,0.6547,6325,0,-1,-1,-1,NOT_CONSIDERED,CAPEX_DEFERRED|CAPEX_DEFERRED,214655140.60375115,false
global-demand-boom,seed-4,VAP,21,19240.960000000003,6371.52,12869.440000000002,0,13305.26,5935.7,0,6327.59,43.93,6.437683564861471,7.686029318351905,48.3,5332.988119906381,20271.86640519735,11823.560648980698,5332.39,6000.02,5531.94,8000,7050,6500,0.66654875,0.8510666666666667,0.8510676923076922,30000,0.562145,6705,0,-1,-1,-1,NOT_CONSIDERED,CAPEX_DEFERRED|CAPEX_DEFERRED|CAPEX_DEFERRED,219516501.47452003,false
global-demand-boom,seed-4,JPQ,22,15356.910000000002,9501.390000000001,5855.52,0,0,15356.910000000002,0,0,9501.390000000001,8.83613815681093,8.687092596994153,69.44,6129.710350018699,7150.57181603789,21306.33563220378,6148.19,7106.41,4680.87,8000,8350,5500,0.76852375,0.8510670658682634,0.8510672727272727,30000,0.597849,6689,0,-1,-1,-1,DEFERRED,CAPEX_PROPOSED|CAPEX_DEFERRED|CAPEX_DEFERRED,271179277.3704423,false
global-demand-boom,seed-4,CONSV,22,8390.53,894.37,7496.160000000001,0,8390.53,0,0,894.37,0,6.663292647848111,6.4580080968540985,86.63,8846.4,15886.69,3666.6,8843.07,7149.68,3664.27,12000,8400,4500,0.7369224999999999,0.851152380952381,0.8142822222222222,30000,0.655234,6325,0,-1,-1,-1,NOT_CONSIDERED,CAPEX_DEFERRED|CAPEX_DEFERRED,241119534.91077188,false
global-demand-boom,seed-4,VAP,22,20539.479999999996,7709.000000000001,12830.479999999996,0,14283.240000000002,6256.239999999999,0,7305.240000000001,403.76,6.747470713140495,7.494090737872523,47.29,5334.302686456265,21251.564796367693,12145.532809442013,5339.57,6000.02,5531.94,8000,7050,6500,0.66744625,0.8510666666666667,0.8510676923076922,30000,0.5623843333333333,6705,0,-1,-1,-1,NOT_CONSIDERED,CAPEX_DEFERRED|CAPEX_DEFERRED|CAPEX_DEFERRED,242288404.3694901,false
global-demand-boom,seed-4,JPQ,23,16636.53,10676.039999999999,5960.49,0,0,16636.53,0,0,10676.039999999999,8.804188637634951,8.698451694313194,69.06,6129.760695096619,7150.618901891156,22585.984827117773,6149.86,7106.41,4680.87,8000,8350,5500,0.7687324999999999,0.8510670658682634,0.8510672727272727,30000,0.5979046666666666,6689,0,-1,-1,-1,DEFERRED,CAPEX_DEFERRED|CAPEX_DEFERRED|CAPEX_DEFERRED,294240922.3968443,false
global-demand-boom,seed-4,CONSV,23,8737.010000000002,1240.85,7496.160000000002,0,8737.010000000002,0,0,1240.85,0,6.502554993173671,6.467064301754814,86.34,9156.029999999999,16495.54,3794.9300000000003,9154.43,7148.24,3796.2,12000,8400,4500,0.7628691666666667,0.8509809523809524,0.8435999999999999,30000,0.6699623333333333,6325,0,-1,-1,-1,MONITORING,CAPEX_DEFERRED|CAPEX_DEFERRED,267066721.33091453,false
global-demand-boom,seed-4,VAP,23,21874.17,9007.52,12866.649999999998,0,15256.440000000002,6617.73,0,8283.220000000001,724.3,6.6910094519553045,7.506954534301241,47.15,5334.297644062012,22224.767392665595,12507.030354530612,5340.56,6000.02,5531.94,8000,7050,6500,0.66757,0.8510666666666667,0.8510676923076922,30000,0.5624173333333333,6705,0,-1,-1,-1,NOT_CONSIDERED,CAPEX_DEFERRED|CAPEX_DEFERRED|CAPEX_DEFERRED,266742024.8800723,false
global-demand-boom,seed-4,JPQ,24,17915.03,11955.66,5959.369999999999,0,0,17915.03,0,0,11955.66,8.698614594540445,8.80557581466673,69.07,6129.702022164333,7150.5521198125725,23864.43756786152,6141.68,7106.41,4680.87,8000,8350,5500,0.76771,0.8510670658682634,0.8510672727272727,30000,0.5976319999999999,6689,0,-1,-1,-1,DEFERRED,CAPEX_DEFERRED|CAPEX_DEFERRED|CAPEX_DEFERRED,316862596.52670217,false
global-demand-boom,seed-4,CONSV,24,9347.300000000001,1588.77,7758.530000000001,0,9347.300000000001,0,0,1588.77,0,6.51110336423667,6.584362372964164,88.14,9156.019999999995,17429.099999999995,3794.929999999998,9265.4,7446.09,3829.42,12000,8750,4500,0.7721166666666667,0.8509817142857143,0.8509822222222222,30000,0.6846969999999999,6593,0,-1,-1,-1,MONITORING,CAPEX_PROPOSED|CAPEX_DEFERRED,290316226.1258447,false
global-demand-boom,seed-4,VAP,24,23208.809999999998,10342.210000000001,12866.599999999997,0,16229.610000000002,6979.199999999999,0,9256.420000000002,1085.79,6.738621152449237,7.6194329522846305,48.82,5319.78303518972,23523.964525317926,12852.479425238107,5323.93,6297.9,5531.94,8000,7400,6500,0.6654912500000001,0.8510675675675675,0.8510676923076922,30000,0.5717923333333333,6705,0,-1,-1,-1,NOT_CONSIDERED,CAPEX_PROPOSED|CAPEX_DEFERRED|CAPEX_DEFERRED,292488757.38121426,false
global-demand-boom,seed-4,JPQ,25,19116.760000000002,13234.16,5882.600000000002,0,0,19116.760000000002,0,0,13234.16,8.772172393137753,8.564282067324097,69.34,6126.450107342333,7146.768602172329,25063.021278549466,6135.03,7106.41,4680.87,8000,8350,5500,0.7668787499999999,0.8510670658682634,0.8510672727272727,30000,0.5974103333333333,6689,0,-1,-1,-1,DEFERRED,CAPEX_DEFERRED|CAPEX_DEFERRED|CAPEX_DEFERRED,345229016.86273676,false
global-demand-boom,seed-4,CONSV,25,9983.01,1901.21,8081.8,0,9983.01,0,0,1901.21,0,6.633099618901683,6.41082831754394,86.89,9156.019999999997,18064.809999999998,3794.9399999999987,9197.04,7447.58,3819.31,12000,8750,4500,0.7664200000000001,0.851152,0.8487355555555556,30000,0.6821310000000002,6593,0,-1,-1,-1,MONITORING,CAPEX_DEFERRED|CAPEX_DEFERRED,316105785.601288,false
global-demand-boom,seed-4,VAP,25,24516.220000000005,11378.970000000001,13137.250000000004,0,17231.120000000003,7285.1,0,9931.710000000001,1447.26,6.8858572103490925,7.386579209440977,46.94,5319.135022364594,24524.600430644055,13157.664627483104,5317.03,6297.9,5531.94,8000,7400,6500,0.66462875,0.8510675675675675,0.8510676923076922,30000,0.5715623333333333,6705,0,-1,-1,-1,NOT_CONSIDERED,CAPEX_DEFERRED|CAPEX_DEFERRED|CAPEX_DEFERRED,317937618.6744668,false
global-demand-boom,seed-4,JPQ,26,20359.64,14435.890000000001,5923.749999999998,0,0,20359.64,0,0,14435.890000000001,8.733686569859643,8.663431270201624,69.19,6131.887400645401,7452.940484949361,26311.1686672603,6144.79,7404.28,4681.34,8000,8700,5500,0.7680987499999999,0.8510666666666666,0.8511527272727273,30000,0.6076803333333334,6689,0,-1,-1,-1,DEFERRED,CAPEX_PROPOSED|CAPEX_DEFERRED|CAPEX_DEFERRED,370960514.346699,false
global-demand-boom,seed-4,CONSV,26,10617.23,2535.43,8081.799999999999,0,10617.23,0,0,2535.43,0,6.4558290596922685,6.487216810091658,84.9,9156.029999999997,18699.03,3794.9399999999987,9132.39,7447.58,3791.52,12000,8750,4500,0.7610325,0.851152,0.84256,30000,0.6790496666666668,6593,0,-1,-1,-1,MONITORING,CAPEX_DEFERRED|CAPEX_DEFERRED,340932605.81242734,false
global-demand-boom,seed-4,VAP,26,25858.369999999995,12686.38,13171.989999999996,0,18235.139999999996,7623.2300000000005,0,10933.22,1753.16,6.806508069767961,7.476088969846613,46.13,5315.604345541549,25523.762000187417,13717.606348240686,5318.79,6297.26,5743.55,8000,7400,6750,0.66484875,0.8509810810810811,0.8508962962962964,30000,0.5786533333333332,6705,0,-1,-1,-1,NOT_CONSIDERED,CAPEX_DEFERRED|CAPEX_PROPOSED|CAPEX_DEFERRED,343278872.6063207,false
global-demand-boom,seed-4,JPQ,27,21584.6,15678.300000000001,5906.299999999997,0,0,21584.6,0,0,15678.300000000001,8.684771771244904,8.794668886326921,69.73,6261.8069578720215,7610.847546105568,27938.494261877222,6271.97,7403.54,4892.65,8000,8700,5750,0.7839962500000001,0.8509816091954023,0.8508956521739129,30000,0.6189386666666666,6689,0,-1,-1,-1,DEFERRED,CAPEX_DEFERRED|CAPEX_PROPOSED|CAPEX_DEFERRED,393823852.92352474,false
global-demand-boom,seed-4,CONSV,27,11251.45,3169.65,8081.800000000001,0,11251.45,0,0,3169.65,0,6.5209882325886745,6.59724220770734,61.58,9156.020000000002,19333.25,3794.93,9133.39,7447.58,3785.23,12000,8750,4500,0.7611158333333333,0.851152,0.8411622222222223,30000,0.6788733333333333,6593,0,-1,-1,-1,MONITORING,CAPEX_DEFERRED|CAPEX_DEFERRED,365848744.16606236,false
global-demand-boom,seed-4,VAP,27,27178.749999999996,13817.560000000001,13361.189999999995,0,19231.35,7947.400000000001,0,11937.880000000001,1879.68,6.8023376875911685,7.6150247961518875,45.89,5315.027073131765,26519.182865085924,14041.128610431795,5319.72,6297.9,5744.7,8000,7400,6750,0.664965,0.8510675675675675,0.8510666666666666,30000,0.578744,6913,0,-1,-1,-1,NOT_CONSIDERED,CAPEX_DEFERRED|CAPEX_DEFERRED|CAPEX_DEFERRED,365523598.2790445,false
global-demand-boom,seed-4,JPQ,28,23013.01,16691.95,6321.059999999998,0,0,23013.01,0,0,16691.95,8.691745279498686,8.746399578787768,68.75,6258.323419536335,7606.623488483082,29363.349549003142,6317.04,7404.28,4893.64,8000,8700,5750,0.7896299999999999,0.8510666666666666,0.8510678260869565,30000,0.6204986666666666,6945,0,-1,-1,-1,READY_TO_BUILD,CAPEX_DEFERRED|CAPEX_DEFERRED|CAPEX_DEFERRED,417208431.44281536,false
global-demand-boom,seed-4,CONSV,28,11885.67,3803.87,8081.8,0,11885.67,0,0,3803.87,0,6.630314395364189,6.578623373689986,61.58,9156.019999999999,20290.73,3794.94,9156.27,7744.71,3792.71,12000,9100,4500,0.7630225,0.851067032967033,0.8428244444444445,30000,0.6897896666666666,6593,0,-1,-1,-1,MONITORING,CAPEX_PROPOSED|CAPEX_DEFERRED,394106844.93440694,false
global-demand-boom,seed-4,VAP,28,28516.52,15136.150000000001,13380.369999999999,0,20229.13,8287.39,0,12933.45,2202.7,6.921575511482559,7.584002557500583,47.25,5300.997895614619,27841.520696317682,14365.024265917606,5307.1,6595.77,5744.7,8000,7750,6750,0.6633875,0.8510670967741936,0.8510666666666666,30000,0.5882523333333334,6913,0,-1,-1,-1,NOT_CONSIDERED,CAPEX_PROPOSED|CAPEX_DEFERRED|CAPEX_DEFERRED,390797292.3187777,false
global-demand-boom,seed-4,JPQ,29,24475.69,18119.37,6356.32,0,0,24475.69,0,0,18119.37,8.735485168660984,8.523213801201507,68.63,6263.787295525174,7613.254526721444,30831.583741553524,6298.19,7405.03,4894.13,8000,8700,5750,0.78727375,0.8511528735632183,0.8511530434782609,30000,0.6199116666666666,6945,0,-1,-1,-1,APPROVED,CAPEX_DEFERRED|CAPEX_DEFERRED|CAPEX_DEFERRED,438251243.00928104,false
global-demand-boom,seed-4,CONSV,29,12546.02,4140.96,8405.060000000001,0,12546.02,0,0,4140.96,0,6.6037045410753885,6.424948251315531,60.64,9156.029999999995,20951.079999999994,3794.9299999999976,9162.15,7743.93,3796.76,12000,9100,4500,0.7635124999999999,0.8509813186813188,0.8437244444444445,30000,0.6900946666666667,6593,0,-1,-1,-1,MONITORING,CAPEX_DEFERRED|CAPEX_DEFERRED,421576061.03844804,false
global-demand-boom,seed-4,VAP,29,29883.59,16176.05,13707.54,0,21255.489999999998,8628.100000000002,0,13633.359999999999,2542.69,6.976433098783778,7.374687310891733,44.59,5301.7240950825,28868.947905347122,14706.57744731964,5304.11,6595.77,5744.7,8000,7750,6750,0.66301375,0.8510670967741936,0.8510666666666666,30000,0.5881526666666668,6913,0,-1,-1,-1,NOT_CONSIDERED,CAPEX_DEFERRED|CAPEX_DEFERRED|CAPEX_DEFERRED,415229725.5767599,false
global-demand-boom,seed-4,JPQ,30,25900.56,19581.559999999998,6319.000000000004,0,0,25900.56,0,0,19581.559999999998,8.69776797744049,8.281718335102964,68.75,6262.977924209738,7918.52670518505,32255.65257535028,6268.32,7702.16,4894.13,8000,9050,5750,0.78354,0.8510674033149171,0.8511530434782609,30000,0.6288203333333333,6945,0,-1,-1,-1,APPROVED,CAPEX_PROPOSED|CAPEX_DEFERRED|CAPEX_DEFERRED,458345371.44086945,false
global-demand-boom,seed-4,CONSV,30,13207.15,4802.089999999999,8405.060000000001,0,13207.15,0,0,4802.089999999999,0,6.4448613407405695,6.270203868087099,60.64,9156.02,21612.22,3794.94,9158.1,7743.93,3796.36,12000,9100,4500,0.763175,0.8509813186813188,0.8436355555555556,30000,0.6899463333333333,6593,0,-1,-1,-1,MONITORING,CAPEX_DEFERRED|CAPEX_DEFERRED,449891704.43819696,false
global-demand-boom,seed-4,VAP,30,31236.809999999994,17543.119999999995,13693.689999999999,0,22278.82999999999,8957.98,0,14659.719999999996,2883.4000000000005,6.877857038015508,7.180402957211819,27.93,5301.76215709726,29892.31438587562,15036.488420454963,5304.65,6595.77,5744.7,8000,7750,6750,0.66308125,0.8510670967741936,0.8510666666666666,30000,0.5881706666666666,6913,0,-1,-1,-1,NOT_CONSIDERED,CAPEX_DEFERRED|CAPEX_DEFERRED|CAPEX_DEFERRED,442114110.5637673,false
global-demand-boom,seed-4,JPQ,31,27334.600000000006,21006.430000000004,6328.170000000002,0,0,27334.600000000006,0,0,21006.430000000004,8.569386960522872,8.052286255594266,69.19,6264.250338502571,7920.135468089819,33690.983704063015,6266.4,7702.93,4894.13,8000,9050,5750,0.7833,0.8511524861878453,0.8511530434782609,30000,0.628782,6945,0,-1,-1,-1,APPROVED,CAPEX_DEFERRED|CAPEX_DEFERRED|CAPEX_DEFERRED,476363370.6740887,false
global-demand-boom,seed-4,CONSV,31,13868.289999999999,5463.219999999998,8405.07,0,13868.289999999999,0,0,5463.219999999998,0,6.284872732118189,6.111616045874459,60.64,9156.019999999999,22273.359999999997,3794.929999999999,9156.47,7745.49,3795.56,12000,9100,4500,0.7630391666666666,0.8511527472527473,0.8434577777777778,30000,0.6899173333333334,6593,0,-1,-1,-1,MONITORING,CAPEX_DEFERRED|CAPEX_DEFERRED,478095873.7332683,false
global-demand-boom,seed-4,VAP,31,32585.739999999998,18896.339999999997,13689.400000000001,0,23302.07,9283.669999999998,0,15683.06,3213.2799999999997,6.723811950092428,6.989964359821032,27.93,5302.101068209131,30916.045297614415,15362.556171527609,5306.13,6595.77,5744.7,8000,7750,6750,0.6632662500000001,0.8510670967741936,0.8510666666666666,30000,0.5882200000000001,6913,0,-1,-1,-1,NOT_CONSIDERED,CAPEX_DEFERRED|CAPEX_DEFERRED|CAPEX_DEFERRED,471113238.9701777,false
global-demand-boom,seed-4,JPQ,32,28785.170000000006,22440.470000000005,6344.700000000001,0,0,28785.170000000006,0,0,22440.470000000005,8.378466604946269,8.014162240836212,69.13,9091.458271809972,10200.122527127975,37424.1122492312,5616.42,7725.3,7425.27,13000,13050,8750,0.4320323076923077,0.5919770114942529,0.8486022857142858,41000,0.5065119512195122,8709,6885.77,-1,-1,-1,NOT_CONSIDERED,CAPEX_DEFERRED|CAPEX_DEFERRED|CAPEX_DEFERRED,502803264.9847105,false
global-demand-boom,seed-4,CONSV,32,14527.869999999999,6122.799999999999,8405.07,0,14527.869999999999,0,0,6122.799999999999,0,6.121907411264214,6.1118945359838985,60.64,9156.02,23256.22,3794.93,9153.6,8040.97,3793.89,12000,9450,4500,0.7628,0.8508962962962964,0.8430866666666667,30000,0.6996153333333333,6593,0,-1,-1,-1,MONITORING,CAPEX_PROPOSED|CAPEX_DEFERRED,504845125.7945989,false
global-demand-boom,seed-4,VAP,32,33941.23,20245.270000000004,13695.96,0,24323.950000000004,9617.28,0,16706.300000000003,3538.9700000000003,6.5715797357837635,6.9732175052625776,27.92,5285.389864857845,32256.698297193063,15901.448590769352,5288.02,6892.26,5956.27,8000,8100,7000,0.6610025,0.8508962962962964,0.8508957142857143,30000,0.6045516666666667,6913,0,-1,-1,-1,NOT_CONSIDERED,CAPEX_PROPOSED|CAPEX_PROPOSED|CAPEX_DEFERRED,499752742.806893,false
global-demand-boom,seed-5,JPQ,1,1900,0,1900,0,1900,0,0,0,0,-1,7.005263157894737,-1,4771.23,7232.55,4209.91,4015.62,6783.23,2509.76,8000,8000,5000,0.5019525,0.84790375,0.5019520000000001,30000,0.4436203333333333,5500,2790.77,-1,-1,-1,NOT_CONSIDERED,CAPEX_DEFERRED|CAPEX_DEFERRED,25000000,false
global-demand-boom,seed-5,CONSV,1,1400,0,1400,1100,300,0,0,0,0,-1,5.582142857142857,-1,6997.600000000001,6546.8,3259.2,6782.54,5934.73,2128.14,8000,7000,4000,0.8478175,0.8478185714285714,0.5320349999999999,30000,0.494847,4500,1273.83,-1,-1,-1,NOT_CONSIDERED,CAPEX_DEFERRED|CAPEX_DEFERRED|CAPEX_DEFERRED,35000000,false
global-demand-boom,seed-5,VAP,1,1650,0,1650,0,450,1200,0,0,0,-1,8.374242424242425,-1,4414.389999999999,5357.759999999999,5698.780000000001,1032.51,5093.06,5093.06,8000,6000,6000,0.12906375,0.8488433333333334,0.8488433333333334,30000,0.3739543333333334,6500,0,-1,-1,-1,NOT_CONSIDERED,CAPEX_DEFERRED|CAPEX_DEFERRED,22000000,false
global-demand-boom,seed-5,JPQ,2,1284.48,0,1284.48,755.61,449.32,79.55,0,0,0,-1,5.452158441225616,100,4986.64,5178.117192023859,3812.8128079761404,5694.11,6019.51,3797.33,8000,8000,5000,0.7117637499999999,0.75243875,0.759466,30000,0.5170316666666667,5500,1854.94,-1,-1,-1,NOT_CONSIDERED,CAPEX_DEFERRED|CAPEX_DEFERRED,14494279.701722093,false
global-demand-boom,seed-5,CONSV,2,1115.09,0,1115.09,215.06,612.0699999999999,287.96,0,0,0,-1,6.219324203933475,100,5789.861007556675,6516.957909319899,3368.7710831234253,5924.61,5067.59,2959.32,8000,7000,4000,0.7405762499999999,0.7239414285714286,0.73983,30000,0.46505066666666667,4500,2169.45,-1,-1,-1,NOT_CONSIDERED,CAPEX_DEFERRED|CAPEX_DEFERRED|CAPEX_DEFERRED,10878104.155727632,false
global-demand-boom,seed-5,VAP,2,3646.58,0,3646.58,3381.8799999999997,264.7,0,0,0,0,-1,4.656061477439135,100,7176.263401131473,4483.168523492993,3866.9294798685764,6507.15,4892.68,0,8000,6000,6000,0.8133937499999999,0.8154466666666668,0,30000,0.3799943333333333,6500,275.74,-1,-1,-1,NOT_CONSIDERED,CAPEX_DEFERRED|CAPEX_DEFERRED,20033387.12761445,false
global-demand-boom,seed-5,JPQ,3,0,0,0,0,0,0,0,0,0,-1,-1,100,4368.1449999999995,4882.034179509265,3854.2558204907327,5923.04,6405.79,4070.61,8000,8000,5000,0.74038,0.80072375,0.814122,30000,0.5466479999999999,6011,685,-1,-1,-1,NOT_CONSIDERED,CAPEX_DEFERRED,30259262.045062274,false
global-demand-boom,seed-5,CONSV,3,2347.17,0,2347.17,188.05,1791.28,367.84,0,0,0,-1,5.022838036789923,100,5882.124979842374,7822.514382871535,3514.570982367758,6377.51,5519.62,3188.75,8000,7000,4000,0.79718875,0.7885171428571428,0.7971875,30000,0.5028626666666667,5038,1029.79,-1,-1,-1,NOT_CONSIDERED,CAPEX_DEFERRED|CAPEX_DEFERRED|CAPEX_DEFERRED,34652852.13102111,false
global-demand-boom,seed-5,VAP,3,3631.55,0,3631.55,1289.11,279.78,2062.66,0,0,0,-1,5.491132981385985,100,5217.701832446092,4647.457962129886,6066.372956542345,6037.32,4536.04,4314.66,8000,6000,6000,0.7546649999999999,0.7560066666666667,0.71911,30000,0.49626733333333334,6500,0,-1,-1,-1,NOT_CONSIDERED,CAPEX_DEFERRED|CAPEX_DEFERRED|CAPEX_DEFERRED,21406869.196103297,false
global-demand-boom,seed-5,JPQ,4,0,0,0,0,0,0,0,0,0,-1,-1,100,5282.250887867955,5903.681632525691,4660.791861648999,5793.83,6512.66,4087.46,8000,8000,5000,0.72422875,0.8140824999999999,0.817492,30000,0.546465,6011,617.56,-1,-1,-1,NOT_CONSIDERED,CAPEX_DEFERRED,25351760.46623193,false
global-demand-boom,seed-5,CONSV,4,2956.75,0,2956.75,0,2518.46,438.29,0,0,0,-1,5.301721342322408,100,5761.913290534524,8621.549557482136,3622.520408631836,4687.66,5933.53,3390.59,8000,7000,4000,0.5859575,0.8476471428571428,0.8476475,30000,0.46705933333333327,5038,2112.63,-1,-1,-1,NOT_CONSIDERED,CAPEX_DEFERRED|CAPEX_PROPOSED|CAPEX_DEFERRED,32422372.41811409,false
global-demand-boom,seed-5,VAP,4,2898.2699999999995,0,2898.2699999999995,0,651.49,2246.78,0,0,0,-1,6.3783471889169725,100,4090.5269593984967,5199.201024030002,6415.515105360837,5825.14,5089.47,5088.96,8000,6000,6000,0.7281425,0.848245,0.84816,30000,0.5334523333333333,6500,0,-1,-1,-1,NOT_CONSIDERED,CAPEX_DEFERRED|CAPEX_DEFERRED,16886947.15978374,false
global-demand-boom,seed-5,JPQ,5,527.31,0,527.31,0,0,527.31,0,0,0,-1,6.694212342466088,100,5361.138847681541,5991.8610650558385,5257.736198302044,5369.77,6026.16,4239.95,8000,8000,5000,0.6712212500000001,0.75327,0.8479899999999999,30000,0.521196,6011,1099.27,-1,-1,-1,NOT_CONSIDERED,CAPEX_DEFERRED,25992826.97835704,false
global-demand-boom,seed-5,CONSV,5,4056.7,0,4056.7,918.06,2831.73,306.91,0,0,0,-1,4.929531798345589,100,6713.902300865106,8970.747173942644,3509.865654597894,6371.72,5519.62,3188.75,8000,7000,4000,0.796465,0.7885171428571428,0.7971875,30000,0.5026696666666667,5038,1029.79,-1,-1,-1,NOT_CONSIDERED,CAPEX_DEFERRED|CAPEX_DEFERRED|CAPEX_PROPOSED,36210257.73860853,false
global-demand-boom,seed-5,VAP,5,2126.38,0,2126.38,0,469.78,1656.6000000000001,0,0,0,-1,6.281546555793605,100,4171.49023419393,5107.503284304387,5907.836894169652,4431.3,5090.5,5090.5,8000,6000,6000,0.5539125,0.8484166666666667,0.8484166666666667,30000,0.48707666666666666,6500,0,-1,-1,-1,NOT_CONSIDERED,CAPEX_DEFERRED|CAPEX_DEFERRED,27889406.011981007,false
global-demand-boom,seed-5,JPQ,6,1186.45,0,1186.45,0,0,1186.45,0,0,0,-1,6.9356290945748205,100,5512.681533751489,6161.222463975939,6050.580765074843,5454.83,5966.79,4247.21,8000,8000,5000,0.68185375,0.74584875,0.849442,30000,0.5222943333333333,6011,1459.48,-1,-1,-1,NOT_CONSIDERED,CAPEX_DEFERRED,22285009.446283296,false
global-demand-boom,seed-5,CONSV,6,4380.200000000001,0,4380.200000000001,443.94,3558.9100000000003,377.35,0,0,0,-1,5.213214968011593,100,6320.492022949836,9783.415171159719,3624.9127166255666,6389.73,5530.2,3194.86,8000,7000,4000,0.7987162499999999,0.7900285714285714,0.7987150000000001,30000,0.5038263333333334,5038,1029.79,-1,-1,-1,NOT_CONSIDERED,CAPEX_DEFERRED|CAPEX_DEFERRED|CAPEX_DEFERRED,34556888.746932656,false
global-demand-boom,seed-5,VAP,6,1351.9099999999999,0,1351.9099999999999,0,287.04,1064.87,0,0,0,-1,6.559020890883664,100,5208.02160076261,6077.127223699952,6372.449138316661,4956.98,5089.99,5089.99,8000,6000,6000,0.6196225,0.8483316666666666,0.8483316666666666,30000,0.5045653333333333,6500,0,-1,-1,-1,NOT_CONSIDERED,CAPEX_DEFERRED|CAPEX_DEFERRED,16538476.085146084,false
global-demand-boom,seed-5,JPQ,7,1883.24,0,1883.24,0,0,1883.24,0,0,0,-1,7.037075898767346,100,5585.22700353354,6242.3025654373205,6811.381473706064,5574.04,5835.34,4254.05,8000,8000,5000,0.696755,0.7294175,0.8508100000000001,30000,0.5221143333333333,6011,1740.96,-1,-1,-1,NOT_CONSIDERED,CAPEX_DEFERRED|CAPEX_DEFERRED,15289879.669804506,false
global-demand-boom,seed-5,CONSV,7,4717.209999999999,0,4717.209999999999,0,4275.52,441.69,0,0,0,-1,5.445206364870736,100,5897.61,10522.32,3700.89,4703.73,5954.48,3402.56,8000,7000,4000,0.5879662499999999,0.85064,0.85064,30000,0.46869233333333327,5038,2112.63,-1,-1,-1,NOT_CONSIDERED,CAPEX_DEFERRED|CAPEX_DEFERRED|CAPEX_DEFERRED,17372676.24308415,false
global-demand-boom,seed-5,VAP,7,2495.04,0,2495.04,0,1104.76,1390.28,0,0,0,-1,6.314161812578156,100,5313.8099999999995,7012.47,6805.679999999999,5598.35,5089.99,5089.99,8000,6000,6000,0.69979375,0.8483316666666666,0.8483316666666666,30000,0.5259443333333333,6500,0,-1,-1,-1,NOT_CONSIDERED,CAPEX_DEFERRED|CAPEX_DEFERRED,30285011.948197275,false
global-demand-boom,seed-5,JPQ,8,2333.79,0,2333.79,0,0,2333.79,0,0,0,-1,7.347772075794096,100,5569.388267941872,6224.599308103601,7247.947348502843,5598.2,5805.88,4254.05,8000,8000,5000,0.6997749999999999,0.725735,0.8508100000000001,30000,0.5219376666666667,6011,1801.32,-1,-1,-1,NOT_CONSIDERED,CAPEX_DEFERRED|CAPEX_PROPOSED,39303702.41896897,false
global-demand-boom,seed-5,CONSV,8,6011.870000000001,0,6011.870000000001,1145.7,4567.84,298.33,0,0,0,-1,5.358991347096571,100,7043.31,11126.99,3557.53,6510.26,5934.59,3257.09,8000,7350,4000,0.8137825000000001,0.8074272108843538,0.8142725000000001,30000,0.523398,5038,759.46,-1,-1,-1,NOT_CONSIDERED,CAPEX_DEFERRED|CAPEX_PROPOSED|CAPEX_DEFERRED,33641673.95757912,false
global-demand-boom,seed-5,VAP,8,3438.6899999999996,0,3438.6899999999996,0,1922.48,1516.21,0,0,0,-1,6.294962423683695,100,5388.924959977466,7913.696162735114,7008.14652071191,5624.61,5098.71,5098.71,8000,6000,6000,0.70307625,0.849785,0.849785,30000,0.527401,6500,0,-1,-1,-1,NOT_CONSIDERED,CAPEX_PROPOSED|CAPEX_PROPOSED,38200766.82691911,false
global-demand-boom,seed-5,JPQ,9,2877.9500000000003,0,2877.9500000000003,0,0,2877.9500000000003,0,0,0,-1,7.756657242914455,100,5567.357499999999,6222.350671326206,7790.324264705881,5603.06,5799.63,4254.05,8000,8000,5000,0.7003825,0.7249537500000001,0.8508100000000001,30000,0.5218913333333334,6011,1814.16,-1,-1,-1,NOT_CONSIDERED,CAPEX_DEFERRED|CAPEX_DEFERRED,47203571.877172574,false
global-demand-boom,seed-5,CONSV,9,6025.89,0,6025.89,533.05,5192.400000000001,300.44,0,0,0,-1,5.690918425792973,100,6430.660000000001,11751.550000000001,3559.64,6806.48,6253.46,3403.24,8000,7350,4000,0.85081,0.8508108843537415,0.85081,30000,0.5487726666666667,5360,0,-1,-1,-1,NOT_CONSIDERED,CAPEX_DEFERRED|CAPEX_DEFERRED|CAPEX_DEFERRED,38182739.328515954,false
global-demand-boom,seed-5,VAP,9,4671.88,0,4671.88,0,2834.67,1837.21,0,0,0,-1,6.482453347983003,100,5387.138213118652,8823.900892300444,7327.339977065792,5423.49,5106.4,5106.4,8000,6000,6000,0.67793625,0.8510666666666666,0.8510666666666666,30000,0.5212096666666667,6500,0,-1,-1,-1,NOT_CONSIDERED,CAPEX_DEFERRED|CAPEX_DEFERRED,33517965.746614043,false
global-demand-boom,seed-5,JPQ,10,3654.4300000000003,0,3654.4300000000003,0,317.04,3337.3900000000003,0,0,0,-1,7.6006614280467995,100,5885.003184980607,6894.404660744456,8530.041617647059,5036.53,6804.43,4253.63,8000,8000,5000,0.62956625,0.85055375,0.850726,30000,0.5364863333333333,6011,1690.64,-1,-1,-1,MONITORING,CAPEX_DEFERRED|CAPEX_DEFERRED,58867480.74639702,false
global-demand-boom,seed-5,CONSV,10,5654.490000000001,0,5654.490000000001,0,5498.090000000001,156.4,0,0,0,-1,5.779200619346149,100,5897.59,12057.230000000001,3415.6,6807.85,6254.71,3403.93,8000,7350,4000,0.85098125,0.8509809523809524,0.8509825,30000,0.548883,5529,0,-1,-1,-1,NOT_CONSIDERED,CAPEX_PROPOSED|CAPEX_DEFERRED|CAPEX_DEFERRED,50349662.32153192,false
global-demand-boom,seed-5,VAP,10,5807.469999999999,0,5807.469999999999,0,3744.73,2062.74,0,0,0,-1,6.480379975657001,100,5383.5736557105,9729.995780115552,7549.223702204228,5338.07,5106.4,5106.4,8000,6000,6000,0.66725875,0.8510666666666666,0.8510666666666666,30000,0.5183623333333333,6500,0,-1,-1,-1,NOT_CONSIDERED,CAPEX_DEFERRED|CAPEX_DEFERRED,42418958.94056836,false
global-demand-boom,seed-5,JPQ,11,4315.04,0,4315.04,0,150.76,4164.28,0,0,0,-1,7.711774898068815,100,5871.862153548456,6713.438770504018,9345.33542291462,5044.72,6805.8,4253.63,8000,8000,5000,0.63059,0.8507250000000001,0.850726,30000,0.5368050000000001,6011,1769.93,-1,-1,-1,MONITORING,CAPEX_DEFERRED|CAPEX_PROPOSED|CAPEX_DEFERRED|CAPEX_DEFERRED,66259848.247592464,false
global-demand-boom,seed-5,CONSV,11,5814.1900000000005,0,5814.1900000000005,0,5802.52,11.67,0,0,0,-1,5.757955882578661,100,5810.38,12264.650000000001,3423.35,6807.85,6254.71,3616.31,8000,7350,4250,0.85098125,0.8509809523809524,0.8508964705882353,30000,0.5559623333333334,5529,0,-1,-1,-1,NOT_CONSIDERED,CAPEX_DEFERRED|CAPEX_PROPOSED,57982625.348776706,false
global-demand-boom,seed-5,VAP,11,7079.969999999999,0,7079.969999999999,0,4666.05,2413.92,0,0,0,-1,6.4814778711800605,100,5382.194684564841,10649.775746124662,7898.993667388384,5390.24,5106.4,5106.4,8000,6000,6000,0.6737799999999999,0.8510666666666666,0.8510666666666666,30000,0.5201013333333333,6500,0,-1,-1,-1,NOT_CONSIDERED,CAPEX_DEFERRED|CAPEX_DEFERRED|CAPEX_DEFERRED,45584632.25234328,false
global-demand-boom,seed-5,JPQ,12,5788.889999999999,0,5788.889999999999,703.93,0,5084.96,0,0,0,-1,7.728761431248554,91.19,6591.628721415105,6580.35749691252,10279.990032948983,6802.38,4410.14,4253.63,8000,8000,5000,0.8502975,0.5512675,0.850726,30000,0.5155383333333334,6011,2407.7,-1,-1,-1,MONITORING,CAPEX_DEFERRED|CAPEX_DEFERRED|CAPEX_DEFERRED|CAPEX_DEFERRED,69982197.99477899,false
global-demand-boom,seed-5,CONSV,12,6009.9400000000005,0,6009.9400000000005,0,6009.9400000000005,0,0,0,0,-1,6.030945822135626,100,7661.48,11961.03,2999.07,7722.65,6551.9,3616.67,12000,7700,4250,0.6435541666666666,0.8508961038961038,0.8509811764705882,30000,0.5963740000000001,5825,0,-1,-1,-1,NOT_CONSIDERED,CAPEX_PROPOSED|CAPEX_DEFERRED,59688597.16010961,false
global-demand-boom,seed-5,VAP,12,8416.08,0,8416.08,0,5591.71,2824.3700000000003,0,0,0,-1,6.78308147007937,87.42,5369.2002278989985,11909.208467081056,8296.222042496329,5430.74,5403.73,5106.4,8000,6350,6000,0.6788425,0.8509811023622047,0.8510666666666666,30000,0.5313623333333333,6500,0,-1,-1,-1,NOT_CONSIDERED,CAPEX_PROPOSED|CAPEX_DEFERRED|CAPEX_DEFERRED,59780850.48884278,false
global-demand-boom,seed-5,JPQ,13,8164.210000000001,831.33,7332.880000000001,0,2211.09,5953.120000000001,0,0,831.33,8.302537578153837,7.418169919714288,88.54,5890.71790767974,8794.841711684916,11150.814021726601,5562.24,6800.33,4253.63,8000,8000,5000,0.69528,0.85004125,0.850726,30000,0.5538733333333333,6011,1249.81,-1,-1,-1,MONITORING,CAPEX_PROPOSED|CAPEX_DEFERRED|CAPEX_DEFERRED|CAPEX_DEFERRED,88517089.7437037,false
global-demand-boom,seed-5,CONSV,13,5409.13,0,5409.13,0,5409.13,0,0,0,0,-1,5.98026673144117,100,8846.399999999998,12280.629999999997,3462.899999999999,9159.51,6552.56,3616.67,12000,7700,4250,0.7632925,0.8509818181818183,0.8509811764705882,30000,0.6442913333333332,6128,0,-1,-1,-1,NOT_CONSIDERED,CAPEX_DEFERRED,64165923.60115007,false
global-demand-boom,seed-5,VAP,13,9712,187.98,9524.02,0,6538.6,3173.4,0,187.98,0,6.068182004900761,6.730092741553484,86.4,5370.181612006868,12857.247142654662,8646.244608895662,5412.6,5404.28,5106.4,8000,6350,6000,0.676575,0.851067716535433,0.8510666666666666,30000,0.530776,6500,0,-1,-1,-1,NOT_CONSIDERED,CAPEX_DEFERRED|CAPEX_DEFERRED|CAPEX_DEFERRED,74614932.74668285,false
global-demand-boom,seed-5,JPQ,14,9177.97,1699.49,7478.48,218.09,2048.91,6910.97,0,0,1699.49,8.223437586876138,7.550199835640975,84.74,6126.285776417524,8652.184706742428,12384.720306607005,6805.12,6807.17,4466.76,8000,8000,5250,0.85064,0.85089625,0.8508114285714287,30000,0.6026350000000001,6451,0,-1,-1,-1,MONITORING,CAPEX_DEFERRED|CAPEX_DEFERRED|CAPEX_PROPOSED|CAPEX_DEFERRED,91532687.52481174,false
global-demand-boom,seed-5,CONSV,14,5728.07,0,5728.07,0,5728.07,0,0,0,0,-1,6.102818022836599,100,8846.4,12599.560000000001,3462.89,9350.25,6552.56,3616.67,12000,7700,4250,0.7791875,0.8509818181818183,0.8509811764705882,30000,0.6506493333333334,6128,0,-1,-1,-1,NOT_CONSIDERED,CAPEX_DEFERRED,69268081.90565687,false
global-demand-boom,seed-5,VAP,14,11046.450000000003,1134.32,9912.130000000003,0,7481.71,3564.74,0,1134.32,0,6.0167235388346425,6.9165167647360395,85.65,5368.65192112986,13798.580773376398,9264.014821493685,5386.85,5404.28,5319.17,8000,6350,6250,0.6733562500000001,0.851067716535433,0.8510672,30000,0.53701,6500,0,-1,-1,-1,NOT_CONSIDERED,CAPEX_DEFERRED|CAPEX_PROPOSED|CAPEX_DEFERRED,91520332.16180834,false
global-demand-boom,seed-5,JPQ,15,9814.64,2444.21,7370.429999999999,0,1879.89,7934.750000000001,0,0,2444.21,8.379897471597685,7.880069428342637,69.61,8241.976372830253,8289.644865925213,13025.373963160539,9504.88,7104.27,4467.2,12000,8350,5250,0.7920733333333333,0.8508107784431138,0.850895238095238,30000,0.7025450000000001,7163,419.66,-1,-1,-1,NOT_CONSIDERED,CAPEX_PROPOSED|CAPEX_DEFERRED|CAPEX_DEFERRED,108288700.72103548,false
global-demand-boom,seed-5,CONSV,15,6047,0,6047,0,6047,0,0,0,0,-1,6.2583741522192575,100,8846.399999999998,12918.479999999998,3462.909999999999,8917,6553.87,3594.38,12000,7700,4250,0.7430833333333333,0.851151948051948,0.8457364705882353,30000,0.6355083333333333,6128,0,-1,-1,-1,NOT_CONSIDERED,CAPEX_DEFERRED,83484887.83771127,false
global-demand-boom,seed-5,VAP,15,12361.209999999997,2077.43,10283.779999999997,0,8405.9,3955.31,0,2077.43,0,6.1369479909840425,7.1436455067336615,80.26,5370.063261936643,14724.409060431912,9656.07634059532,5370.98,5404.28,5319.17,8000,6350,6250,0.6713724999999999,0.851067716535433,0.8510672,30000,0.536481,6500,0,-1,-1,-1,NOT_CONSIDERED,CAPEX_DEFERRED|CAPEX_DEFERRED|CAPEX_DEFERRED,106013625.1708433,false
global-demand-boom,seed-5,JPQ,16,9741.929999999998,3467.55,6274.379999999998,0,1205.73,8536.2,0,0,3467.55,8.552347955492362,7.893222831310633,74.36,8382.134284128746,7724.472988619671,13713.390614223577,9778.3,7106.41,4468.1,12000,8350,5250,0.8148583333333332,0.8510670658682634,0.8510666666666667,30000,0.7117603333333332,7496,0,-1,-1,-1,NOT_CONSIDERED,CAPEX_DEFERRED|CAPEX_DEFERRED|CAPEX_DEFERRED,112406346.38137612,false
global-demand-boom,seed-5,CONSV,16,6364.61,0,6364.61,0,6364.61,0,0,0,0,-1,6.166113664373892,100,8846.4,13548.42,3462.8999999999996,8694.89,6851.09,3455.38,12000,8050,4250,0.7245741666666666,0.8510670807453417,0.8130305882352942,30000,0.6333786666666666,6128,0,-1,-1,-1,NOT_CONSIDERED,CAPEX_PROPOSED,105101851.26053226,false
global-demand-boom,seed-5,VAP,16,13658.070000000002,3001.6200000000003,10656.45,0,9325.420000000002,4332.65,0,3001.6200000000003,0,6.273361064452711,7.0732295844284145,63.65,5354.1643731242475,15972.433686030374,10016.526620028575,5353.19,5702.15,5319.17,8000,6700,6250,0.66914875,0.8510671641791044,0.8510672,30000,0.545817,6500,0,-1,-1,-1,NOT_CONSIDERED,CAPEX_PROPOSED|CAPEX_DEFERRED|CAPEX_DEFERRED,125011313.5491215,false
global-demand-boom,seed-5,JPQ,17,9894.980000000001,4068.100000000001,5826.880000000001,0,635.69,9259.29,0,0,4068.100000000001,8.342927543111678,8.479483700577829,74.21,8395.997966976021,7165.22469343503,14445.043460663699,8522.02,7107.12,4468.55,12000,8350,5250,0.7101683333333334,0.8511520958083832,0.851152380952381,30000,0.6699229999999999,7496,0,-1,-1,-1,NOT_CONSIDERED,CAPEX_DEFERRED|CAPEX_DEFERRED|CAPEX_DEFERRED,123825039.06693873,false
global-demand-boom,seed-5,CONSV,17,6697.330000000001,0,6697.330000000001,0,6697.330000000001,0,0,0,0,-1,6.468160177332902,100,8846.4,13881.150000000001,3666.61,8767.44,6850.4,3616.49,12000,8050,4500,0.73062,0.8509813664596273,0.8036644444444444,30000,0.6411443333333334,6128,0,-1,-1,-1,NOT_CONSIDERED,CAPEX_DEFERRED|CAPEX_DEFERRED,122789961.21100384,false
global-demand-boom,seed-5,VAP,17,14977.280000000002,3623.2700000000004,11354.010000000002,0,10275.48,4701.799999999999,0,3623.2700000000004,0,6.188140404247006,7.434728068375453,62.41,5355.066722481497,16923.629317453862,10386.634030154284,5353.02,5702.15,5319.17,8000,6700,6250,0.6691275000000001,0.8510671641791044,0.8510672,30000,0.5458113333333333,6500,0,-1,-1,-1,NOT_CONSIDERED,CAPEX_DEFERRED|CAPEX_DEFERRED|CAPEX_DEFERRED,140920410.89083648,false
global-demand-boom,seed-5,JPQ,18,9996.050000000001,4790.740000000001,5205.31,0,64.95,9931.1,0,0,4790.740000000001,8.738421992714347,8.533476091590869,74.4,8393.928069856442,6592.874942562373,15115.594971387714,7964.75,7106.41,4468.1,12000,8350,5250,0.6637291666666667,0.8510670658682634,0.8510666666666667,30000,0.6513086666666668,7496,0,-1,-1,-1,NOT_CONSIDERED,CAPEX_DEFERRED|CAPEX_DEFERRED|CAPEX_DEFERRED,147844690.08976802,false
global-demand-boom,seed-5,CONSV,18,7030.75,0,7030.75,0,7030.75,0,0,0,0,-1,6.349631745810583,87.27,8846.390000000001,14214.57,3666.6,8870.4,6850.4,3722.48,12000,8050,4500,0.7392,0.8509813664596273,0.8272177777777778,30000,0.6481093333333333,6128,0,-1,-1,-1,NOT_CONSIDERED,CAPEX_DEFERRED|CAPEX_DEFERRED,145143589.30611768,false
global-demand-boom,seed-5,VAP,18,16261.140000000001,4573.33,11687.810000000001,0,11222.34,5038.799999999999,0,4573.33,0,6.482944184568023,7.3314364989009215,62.35,5354.487567016247,17869.76947582134,10723.00699322488,5355.11,5702.15,5319.17,8000,6700,6250,0.66938875,0.8510671641791044,0.8510672,30000,0.545881,6500,0,-1,-1,-1,NOT_CONSIDERED,CAPEX_DEFERRED|CAPEX_DEFERRED|CAPEX_DEFERRED,160586478.68730235,false
global-demand-boom,seed-5,JPQ,19,10654.21,5463.000000000001,5191.209999999998,0,0,10654.21,0,0,5463.000000000001,8.584777767721832,8.713654874302497,74.21,8395.476373768935,6802.80512050983,15839.661278587597,8210.17,7404.28,4468.55,12000,8700,5250,0.6841808333333333,0.8510666666666666,0.851152380952381,30000,0.6694333333333333,7496,0,-1,-1,-1,NOT_CONSIDERED,CAPEX_PROPOSED|CAPEX_DEFERRED|CAPEX_DEFERRED,174441189.3912241,false
global-demand-boom,seed-5,CONSV,19,7364.169999999998,180.35,7183.819999999998,0,7364.169999999998,0,0,180.35,0,6.392138002106618,6.452978060029569,86.79,8846.4,14547.989999999996,3666.599999999999,8884.16,6851.09,3704.53,12000,8050,4500,0.7403466666666667,0.8510670807453417,0.8232288888888889,30000,0.6479926666666667,6328,0,-1,-1,-1,NOT_CONSIDERED,CAPEX_DEFERRED|CAPEX_DEFERRED,168369475.2205847,false
global-demand-boom,seed-5,VAP,19,17578.209999999995,5520.19,12058.019999999997,0,12171.259999999998,5406.950000000001,0,5520.19,0,6.35827690155888,7.488355791877411,48.1,5354.48918298235,18818.703889912926,11091.16931869302,5358.15,5702.15,5319.17,8000,6700,6250,0.6697687499999999,0.8510671641791044,0.8510672,30000,0.5459823333333333,6500,0,-1,-1,-1,NOT_CONSIDERED,CAPEX_DEFERRED|CAPEX_DEFERRED|CAPEX_DEFERRED,182677499.5222311,false
global-demand-boom,seed-5,JPQ,20,11376.869999999999,6185.66,5191.209999999999,0,0,11376.869999999999,0,0,6185.66,8.728800117466218,8.888751523000712,74.56,8903.48567468311,7214.438850188277,17137.943675184077,8994.18,7405.03,4680.87,12000,8700,5500,0.749515,0.8511528735632183,0.8510672727272727,30000,0.7026693333333333,7496,0,-1,-1,-1,MONITORING,CAPEX_DEFERRED|CAPEX_PROPOSED|CAPEX_DEFERRED,195461858.51431003,false
global-demand-boom,seed-5,CONSV,20,7696.9,513.08,7183.82,0,7696.9,0,0,513.08,0,6.49521203461148,6.5983839852690895,88.48,8846.389999999998,15193.06,3666.5899999999992,8852.25,7148.96,3660.88,12000,8400,4500,0.7376875,0.8510666666666666,0.813528888888889,30000,0.655403,6328,0,-1,-1,-1,NOT_CONSIDERED,CAPEX_PROPOSED|CAPEX_DEFERRED,191221972.39100796,false
global-demand-boom,seed-5,VAP,20,18895.28,6556.89,12338.39,0,13120.18,5775.100000000001,0,6469.110000000001,87.78,6.490182960759079,7.670746224261399,49.69,5334.703221134875,20089.014175494976,11664.842580465644,5338.24,5998.82,5530.82,8000,7050,6500,0.66728,0.8508964539007092,0.8508953846153846,30000,0.5622626666666666,6500,0,-1,-1,-1,NOT_CONSIDERED,CAPEX_PROPOSED|CAPEX_PROPOSED|CAPEX_DEFERRED,205361089.66208583,false
global-demand-boom,seed-5,JPQ,21,12406.74,6695.999999999999,5710.740000000001,0,0,12406.74,0,0,6695.999999999999,8.903043542361724,8.990641938585608,73.85,8897.772606657392,7209.817679491887,18164.123449873372,9176.91,7403.54,4680.4,12000,8700,5500,0.7647425,0.8509816091954023,0.8509818181818181,30000,0.708695,7496,0,-1,-1,-1,MONITORING,CAPEX_DEFERRED|CAPEX_DEFERRED|CAPEX_DEFERRED,211005140.29235682,false
global-demand-boom,seed-5,CONSV,21,8044.1,547.94,7496.16,0,8044.1,0,0,547.94,0,6.646154881368732,6.670315324165258,87.34,8846.4,15540.26,3666.6,8835.31,7149.68,3651.36,12000,8400,4500,0.7362758333333332,0.851152380952381,0.8114133333333333,30000,0.6545449999999999,6328,0,-1,-1,-1,NOT_CONSIDERED,CAPEX_DEFERRED|CAPEX_DEFERRED,213693639.49848536,false
global-demand-boom,seed-5,VAP,21,20220.350000000002,7365.64,12854.710000000003,0,14093.09,6127.260000000001,0,7121.360000000001,244.28,6.679650312683767,7.751529681505478,48.07,5334.529010657408,21061.70343657003,12016.808224097287,5330.35,6000.02,5531.94,8000,7050,6500,0.66629375,0.8510666666666667,0.8510676923076922,30000,0.562077,6705,0,-1,-1,-1,NOT_CONSIDERED,CAPEX_DEFERRED|CAPEX_DEFERRED|CAPEX_DEFERRED,222966275.19396645,false
global-demand-boom,seed-5,JPQ,22,13374.58,7726.339999999999,5648.240000000001,0,0,13374.58,0,0,7726.339999999999,9.031380271469263,8.835669054824416,74.06,8891.084664671356,7204.390389205771,19127.639479394373,8969.14,7405.03,4681.34,12000,8700,5500,0.7474283333333333,0.8511528735632183,0.8511527272727273,30000,0.7018503333333332,7496,0,-1,-1,-1,MONITORING,CAPEX_DEFERRED|CAPEX_DEFERRED|CAPEX_DEFERRED,235469438.71114084,false
global-demand-boom,seed-5,CONSV,22,8390.58,894.42,7496.16,0,8390.58,0,0,894.42,0,6.716335604578972,6.565495519883405,86.35,8846.41,15886.73,3666.6,8840.46,7149.68,3663.22,12000,8400,4500,0.7367049999999999,0.851152380952381,0.8140488888888888,30000,0.655112,6328,0,-1,-1,-1,NOT_CONSIDERED,CAPEX_DEFERRED|CAPEX_DEFERRED,240691324.03706264,false
global-demand-boom,seed-5,VAP,22,21501.3,8688.39,12812.91,0,15065.460000000001,6435.840000000001,0,8093.070000000001,595.32,6.84734229956326,7.619459094805,47.02,5334.08208761752,22033.502823535062,12324.906819036143,5334.19,6000.02,5531.94,8000,7050,6500,0.6667737499999999,0.8510666666666667,0.8510676923076922,30000,0.562205,6705,0,-1,-1,-1,NOT_CONSIDERED,CAPEX_DEFERRED|CAPEX_DEFERRED|CAPEX_DEFERRED,246360547.7011212,false
global-demand-boom,seed-5,JPQ,23,14437.939999999999,8693.24,5744.699999999999,0,0,14437.939999999999,0,0,8693.24,8.953695830361491,8.762377240185769,73.74,8889.381986812288,7492.798252749502,20189.89774576266,8835.27,7702.16,4681.34,12000,9050,5500,0.7362725,0.8510674033149171,0.8511527272727273,30000,0.7072923333333333,7496,0,-1,-1,-1,MONITORING,CAPEX_PROPOSED|CAPEX_DEFERRED|CAPEX_DEFERRED,262511396.09333688,false
global-demand-boom,seed-5,CONSV,23,8737.05,1240.9,7496.15,0,8737.05,0,0,1240.9,0,6.609477238497331,6.53072422287586,86,9156.03,16495.57,3794.93,9153.64,7148.24,3797.32,12000,8400,4500,0.7628033333333333,0.8509809523809524,0.8438488888888889,30000,0.6699733333333333,6328,0,-1,-1,-1,MONITORING,CAPEX_DEFERRED|CAPEX_DEFERRED,268026818.76654023,false
global-demand-boom,seed-5,VAP,23,22837.460000000003,9969.34,12868.120000000003,0,16039.449999999999,6798.009999999999,0,9065.44,903.9,6.829165016866653,7.571439880839435,46.84,5334.084392885455,23007.505016894873,12687.072491350642,5339.97,6000.02,5531.94,8000,7050,6500,0.66749625,0.8510666666666667,0.8510676923076922,30000,0.5623976666666667,6705,0,-1,-1,-1,NOT_CONSIDERED,CAPEX_DEFERRED|CAPEX_DEFERRED|CAPEX_DEFERRED,272286394.08956015,false
global-demand-boom,seed-5,JPQ,24,15521.310000000001,9756.6,5764.710000000001,0,0,15521.310000000001,0,0,9756.6,8.827074367260781,8.60364020480345,74.01,8889.760589007565,7493.1341952301755,21273.515658666045,8862.5,7702.93,4681.34,12000,9050,5500,0.7385416666666667,0.8511524861878453,0.8511527272727273,30000,0.7082256666666666,7496,0,-1,-1,-1,MONITORING,CAPEX_DEFERRED|CAPEX_DEFERRED|CAPEX_DEFERRED,289625886.119663,false
global-demand-boom,seed-5,CONSV,24,9347.330000000002,1588.81,7758.520000000002,0,9347.330000000002,0,0,1588.81,0,6.573814441510013,6.435084777642276,87.74,9156.029999999995,17429.129999999997,3794.929999999999,9266.03,7446.09,3829.42,12000,8750,4500,0.7721691666666667,0.8509817142857143,0.8509822222222222,30000,0.684718,6595,0,-1,-1,-1,MONITORING,CAPEX_PROPOSED|CAPEX_DEFERRED,294021847.22798234,false
global-demand-boom,seed-5,VAP,24,24173.550000000003,11305.499999999998,12868.050000000005,0,17013.41,7160.14,0,10039.429999999998,1266.07,6.829428603888971,7.445411483350216,48.45,5319.568497063109,24307.471361748372,13033.191171741477,5326.2,6297.9,5531.94,8000,7400,6500,0.665775,0.8510675675675675,0.8510676923076922,30000,0.5718679999999999,6705,0,-1,-1,-1,NOT_CONSIDERED,CAPEX_PROPOSED|CAPEX_DEFERRED|CAPEX_DEFERRED,300273089.5513269,false
global-demand-boom,seed-5,JPQ,25,16604.480000000003,10839.970000000001,5764.510000000002,0,0,16604.480000000003,0,0,10839.970000000001,8.690863644163734,8.87407061430413,74.01,8895.278433544223,7497.768326691201,22360.2530967626,8922.04,7701.38,4680.4,12000,9050,5500,0.7435033333333334,0.8509812154696133,0.8509818181818181,30000,0.7101273333333333,7496,0,-1,-1,-1,MONITORING,CAPEX_DEFERRED|CAPEX_DEFERRED|CAPEX_DEFERRED,315640066.97360873,false
global-demand-boom,seed-5,CONSV,25,9983.039999999999,1901.24,8081.799999999999,0,9983.039999999999,0,0,1901.24,0,6.481190551234741,6.638963950962447,86.41,9156.019999999999,18064.84,3794.9300000000003,9197.54,7447.58,3819.66,12000,8750,4500,0.7664616666666667,0.851152,0.8488133333333333,30000,0.6821593333333335,6595,0,-1,-1,-1,MONITORING,CAPEX_DEFERRED|CAPEX_DEFERRED,315816853.411044,false
global-demand-boom,seed-5,VAP,25,25521.940000000002,12343.710000000001,13178.230000000001,0,18015.73,7506.209999999999,0,10715.51,1628.2,6.7977333333627294,7.653425708296182,46.63,5319.747998899864,25310.046783050693,13379.442425951485,5319.45,6297.9,5531.94,8000,7400,6500,0.66493125,0.8510675675675675,0.8510676923076922,30000,0.5716429999999999,6705,0,-1,-1,-1,NOT_CONSIDERED,CAPEX_DEFERRED|CAPEX_DEFERRED|CAPEX_DEFERRED,324436146.26413023,false
global-demand-boom,seed-5,JPQ,26,17588,11924.08,5663.92,0,0,17588,0,0,11924.08,8.748004431393033,8.758324982539751,74.35,8896.902281859668,7499.127070822832,23606.495363519163,8931.51,6963.98,4892.65,12000,9050,5750,0.7442925,0.7695005524861878,0.8508956521739129,30000,0.6929379999999999,7496,0,-1,-1,-1,MONITORING,CAPEX_PROPOSED|CAPEX_DEFERRED,345604961.35015696,false
global-demand-boom,seed-5,CONSV,26,10617.26,2535.46,8081.8,0,10617.26,0,0,2535.46,0,6.684289549136933,6.551966175547292,84.31,9156.02,18699.05,3794.92,9132.35,7447.58,3791.63,12000,8750,4500,0.7610291666666666,0.851152,0.8425844444444445,30000,0.679052,6595,0,-1,-1,-1,MONITORING,CAPEX_DEFERRED|CAPEX_DEFERRED,342408869.8292855,false
global-demand-boom,seed-5,VAP,26,26820.170000000002,13692.100000000002,13128.07,0,19017.360000000004,7802.8099999999995,0,11717.830000000002,1974.27,6.942221843991787,7.550589094537685,45.41,5315.587837316377,26305.983060483624,13897.178878881568,5316.5,6297.26,5743.55,8000,7400,6750,0.6645625,0.8509810810810811,0.8508962962962964,30000,0.578577,6705,0,-1,-1,-1,NOT_CONSIDERED,CAPEX_DEFERRED|CAPEX_PROPOSED|CAPEX_DEFERRED,350394257.96022433,false
global-demand-boom,seed-5,JPQ,27,18705.64,12695.349999999999,6010.290000000001,0,0,18705.64,0,0,12695.349999999999,8.822652974049797,8.570043224758981,73.2,8897.334323420808,7789.528021661481,24724.417640251682,8912.92,7998.42,4893.14,12000,9400,5750,0.7427433333333333,0.850895744680851,0.8509808695652175,30000,0.726816,7496,0,-1,-1,-1,MONITORING,CAPEX_DEFERRED|CAPEX_DEFERRED|CAPEX_DEFERRED,374653110.02812487,false
global-demand-boom,seed-5,CONSV,27,11251.470000000001,3169.68,8081.790000000001,0,11251.470000000001,0,0,3169.68,0,6.590830915468343,6.40844486517702,61.58,9156.029999999997,19333.269999999997,3794.9299999999994,9133.2,7447.58,3785.15,12000,8750,4500,0.7611000000000001,0.851152,0.8411444444444445,30000,0.6788643333333333,6595,0,-1,-1,-1,MONITORING,CAPEX_DEFERRED|CAPEX_DEFERRED,371361478.21869946,false
global-demand-boom,seed-5,VAP,27,28171.27,14779.360000000002,13391.909999999998,0,20013.580000000005,8157.69,0,12720.100000000002,2059.26,6.933964432202506,7.411255605429329,45.12,5315.6120011969615,27302.2162067199,14252.066596213961,5318.65,6297.9,5744.7,8000,7400,6750,0.66483125,0.8510675675675675,0.8510666666666666,30000,0.5787083333333334,6913,0,-1,-1,-1,NOT_CONSIDERED,CAPEX_DEFERRED|CAPEX_DEFERRED|CAPEX_DEFERRED,375189435.9772832,false
global-demand-boom,seed-5,JPQ,28,19839.23,13812.500000000002,6026.729999999998,0,0,19839.23,0,0,13812.500000000002,8.730632775027267,8.767224613105698,73.49,9199.580063285019,8054.144131239753,26062.478274247587,9203.46,8000.03,4893.64,12000,9400,5750,0.7669549999999999,0.8510670212765957,0.8510678260869565,30000,0.7365709999999999,7839,0,-1,-1,-1,DEFERRED,CAPEX_PROPOSED|CAPEX_DEFERRED|CAPEX_DEFERRED,397161268.33830005,false
global-demand-boom,seed-5,CONSV,28,11885.689999999999,3803.89,8081.799999999999,0,11885.689999999999,0,0,3803.89,0,6.443593901513571,6.584795465004307,61.58,9156.03,20290.769999999997,3794.93,9156.23,7744.71,3792.63,12000,9100,4500,0.7630191666666666,0.851067032967033,0.8428066666666667,30000,0.6897856666666666,6595,0,-1,-1,-1,MONITORING,CAPEX_PROPOSED|CAPEX_DEFERRED,397791970.5445996,false
global-demand-boom,seed-5,VAP,28,29520.540000000005,16128.67,13391.870000000004,0,21009.140000000003,8511.400000000001,0,13715.68,2412.99,6.8294689703962685,7.596657467488371,46.16,5301.864892588282,28622.765288929077,14590.014307125151,5306.19,6595.77,5744.7,8000,7750,6750,0.66327375,0.8510670967741936,0.8510666666666666,30000,0.588222,6913,0,-1,-1,-1,NOT_CONSIDERED,CAPEX_PROPOSED|CAPEX_DEFERRED|CAPEX_DEFERRED,400138424.1287983,false
global-demand-boom,seed-5,JPQ,29,21103.96,14945.59,6158.369999999999,0,0,21103.96,0,0,14945.59,8.72342535136391,8.408547648337473,73.72,9192.370349764962,8047.822117126879,27322.32113374016,9307.53,8000.83,4894.13,12000,9400,5750,0.7756275,0.8511521276595745,0.8511530434782609,30000,0.740083,7839,0,-1,-1,-1,DEFERRED,CAPEX_DEFERRED|CAPEX_DEFERRED|CAPEX_DEFERRED,425990443.65152943,false
global-demand-boom,seed-5,CONSV,29,12546.060000000001,4140.9800000000005,8405.080000000002,0,12546.060000000001,0,0,4140.9800000000005,0,6.611173500486075,6.335979711243978,60.64,9156.029999999999,20951.129999999997,3794.929999999999,9162.21,7743.93,3796.76,12000,9100,4500,0.7635175,0.8509813186813188,0.8437244444444445,30000,0.6900966666666667,6595,0,-1,-1,-1,MONITORING,CAPEX_DEFERRED|CAPEX_DEFERRED,425550487.8458571,false
global-demand-boom,seed-5,VAP,29,30853.390000000003,17180.070000000003,13673.32,0,22032,8821.39,0,14413.37,2766.7,6.9072343733711135,7.272266286581461,43.62,5301.349999755769,29644.907985833015,14899.432993318755,5300.51,6595.77,5744.7,8000,7750,6750,0.66256375,0.8510670967741936,0.8510666666666666,30000,0.5880326666666666,6913,0,-1,-1,-1,NOT_CONSIDERED,CAPEX_DEFERRED|CAPEX_DEFERRED|CAPEX_DEFERRED,425894575.5994146,false
global-demand-boom,seed-5,JPQ,30,22341.129999999997,16209.829999999998,6131.299999999999,0,0,22341.129999999997,0,0,16209.829999999998,8.607423008368757,8.541076317426157,73.81,9192.715421845416,8048.12422404984,28559.724564588978,9248.69,8000.83,4894.13,12000,9400,5750,0.7707241666666667,0.8511521276595745,0.8511530434782609,30000,0.7381216666666667,7839,0,-1,-1,-1,DEFERRED,CAPEX_DEFERRED|CAPEX_DEFERRED|CAPEX_DEFERRED,452671537.7883555,false
global-demand-boom,seed-5,CONSV,30,13207.2,4802.129999999999,8405.070000000002,0,13207.2,0,0,4802.129999999999,0,6.35751461794975,6.448234867983694,60.64,9156.029999999997,21612.26,3794.919999999999,9159.98,7745.49,3797.14,12000,9100,4500,0.7633316666666666,0.8511527472527473,0.8438088888888888,30000,0.690087,6595,0,-1,-1,-1,MONITORING,CAPEX_DEFERRED|CAPEX_DEFERRED,449834932.52671564,false
global-demand-boom,seed-5,VAP,30,32174.579999999994,18512.92,13661.659999999996,0,23056.949999999997,9117.63,0,15436.229999999998,3076.6899999999996,6.825820827946785,7.392285549504819,27.98,5301.457580236167,30669.992024400184,15195.793220931168,5304.88,6595.77,5744.7,8000,7750,6750,0.66311,0.8510670967741936,0.8510666666666666,30000,0.5881783333333334,6913,0,-1,-1,-1,NOT_CONSIDERED,CAPEX_DEFERRED|CAPEX_DEFERRED|CAPEX_DEFERRED,451250218.43034613,false
global-demand-boom,seed-5,JPQ,31,23583.62,17446.999999999996,6136.620000000003,0,0,23583.62,0,0,17446.999999999996,8.570343892624386,8.192348904115612,73.79,9185.193232213516,8041.548598591024,29797.136001576255,9183.84,8000.83,4894.13,12000,9400,5750,0.76532,0.8511521276595745,0.8511530434782609,30000,0.73596,7839,0,-1,-1,-1,DEFERRED,CAPEX_DEFERRED|CAPEX_DEFERRED|CAPEX_DEFERRED,485903999.6118237,false
global-demand-boom,seed-5,CONSV,31,13866.769999999999,5461.709999999999,8405.06,0,13866.769999999999,0,0,5461.709999999999,0,6.464938471947396,6.231764814625654,60.63,9155.521097597864,22271.372836795737,3794.719073540286,9154.77,7745.49,3790.15,12000,9100,4500,0.7628975,0.8511527472527473,0.8422555555555555,30000,0.6896803333333335,6595,0,-1,-1,-1,MONITORING,CAPEX_DEFERRED|CAPEX_DEFERRED,479290066.0660696,false
global-demand-boom,seed-5,VAP,31,33494.149999999994,19834.11,13660.039999999994,0,24081.420000000002,9412.73,0,16461.18,3372.93,6.8128116305402635,7.116310550881824,27.98,5300.653528732507,31693.31758451677,15489.978785154477,5307.18,6595.77,5744.7,8000,7750,6750,0.6633975000000001,0.8510670967741936,0.8510666666666666,30000,0.5882550000000001,6913,0,-1,-1,-1,NOT_CONSIDERED,CAPEX_DEFERRED|CAPEX_DEFERRED|CAPEX_DEFERRED,479188033.2174735,false
global-demand-boom,seed-5,JPQ,32,24872.160000000003,18689.490000000005,6182.669999999998,0,0,24872.160000000003,0,0,18689.490000000005,8.38990928509976,8.038124427396664,73.64,9180.644796344102,8336.836374714509,31352.609874073663,9182.57,8296.24,5105.38,12000,9750,6000,0.7652141666666666,0.8508964102564103,0.8508966666666666,30000,0.7528063333333332,7839,0,-1,-1,-1,DEFERRED,CAPEX_PROPOSED|CAPEX_PROPOSED|CAPEX_DEFERRED,518302690.93523103,false
global-demand-boom,seed-5,CONSV,32,14526.349999999999,6121.28,8405.07,0,14526.349999999999,0,0,6121.28,0,6.24289864568204,6.133282498092655,60.64,9155.513023988193,23254.206704965378,3794.729871194444,9152.36,8040.97,3791.71,12000,9450,4500,0.7626966666666667,0.8508962962962964,0.8426022222222223,30000,0.6995013333333333,6595,0,-1,-1,-1,MONITORING,CAPEX_PROPOSED|CAPEX_DEFERRED,507521021.6040185,false
global-demand-boom,seed-5,VAP,32,34842.450000000004,21153.680000000004,13688.77,0,25109.159999999996,9733.289999999997,0,17485.65,3668.0299999999997,6.698483684184847,6.994506014511287,27.94,5283.340686373839,33038.857594364694,16015.04367520178,5291.77,6892.26,5956.27,8000,8100,7000,0.6614712500000001,0.8508962962962964,0.8508957142857143,30000,0.6046766666666668,6913,0,-1,-1,-1,NOT_CONSIDERED,CAPEX_PROPOSED|CAPEX_PROPOSED|CAPEX_DEFERRED,508875844.3498988,false
global-disease-crisis,seed-1,JPQ,1,1900,0,1900,0,1900,0,0,0,0,-1,7.005263157894737,-1,4771.23,7232.55,4209.91,4015.62,6783.23,2509.76,8000,8000,5000,0.5019525,0.84790375,0.5019520000000001,30000,0.4436203333333333,5500,2790.77,-1,-1,-1,NOT_CONSIDERED,CAPEX_DEFERRED|CAPEX_DEFERRED,25000000,false
global-disease-crisis,seed-1,CONSV,1,1400,0,1400,1100,300,0,0,0,0,-1,5.582142857142857,-1,6997.600000000001,6546.8,3259.2,6782.54,5934.73,2128.14,8000,7000,4000,0.8478175,0.8478185714285714,0.5320349999999999,30000,0.494847,4500,1273.83,-1,-1,-1,NOT_CONSIDERED,CAPEX_DEFERRED|CAPEX_DEFERRED|CAPEX_DEFERRED,35000000,false
global-disease-crisis,seed-1,VAP,1,1650,0,1650,0,450,1200,0,0,0,-1,8.374242424242425,-1,4414.389999999999,5357.759999999999,5698.780000000001,1032.51,5093.06,5093.06,8000,6000,6000,0.12906375,0.8488433333333334,0.8488433333333334,30000,0.3739543333333334,6500,0,-1,-1,-1,NOT_CONSIDERED,CAPEX_DEFERRED|CAPEX_DEFERRED,22000000,false
global-disease-crisis,seed-1,JPQ,2,1284.48,0,1284.48,755.61,449.32,79.55,0,0,0,-1,5.452158441225616,100,4986.64,5178.117192023859,3812.8128079761404,5694.11,6019.51,3450.73,8000,8000,5000,0.7117637499999999,0.75243875,0.690146,30000,0.5054783333333333,5500,1854.94,-1,-1,-1,NOT_CONSIDERED,CAPEX_DEFERRED|CAPEX_DEFERRED,14494279.701722093,false
global-disease-crisis,seed-1,CONSV,2,1115.09,0,1115.09,215.06,612.0699999999999,287.96,0,0,0,-1,6.219324203933475,100,5789.861007556675,6516.957909319899,3368.7710831234253,5924.61,5067.59,2959.32,8000,7000,4000,0.7405762499999999,0.7239414285714286,0.73983,30000,0.46505066666666667,4500,2169.45,-1,-1,-1,NOT_CONSIDERED,CAPEX_DEFERRED|CAPEX_DEFERRED|CAPEX_DEFERRED,10878104.155727632,false
global-disease-crisis,seed-1,VAP,2,3646.58,0,3646.58,3381.8799999999997,264.7,0,0,0,0,-1,4.656061477439135,100,7176.263401131473,4483.168523492993,3866.9294798685764,6507.15,4892.68,0,8000,6000,6000,0.8133937499999999,0.8154466666666668,0,30000,0.3799943333333333,6500,275.74,-1,-1,-1,NOT_CONSIDERED,CAPEX_DEFERRED|CAPEX_DEFERRED,20033387.12761445,false
global-disease-crisis,seed-1,JPQ,3,0,0,0,0,0,0,0,0,0,-1,-1,100,4355.45753806321,4867.864307247119,3843.059897482761,5574.29,5959.44,3828.41,8000,8000,5000,0.6967862499999999,0.74493,0.765682,30000,0.5120713333333333,5500,1698.95,-1,-1,-1,NOT_CONSIDERED,CAPEX_DEFERRED,31399431.048429664,false
global-disease-crisis,seed-1,CONSV,3,2314.6099999999997,0,2314.6099999999997,188.05,1791.28,335.28,0,0,0,-1,4.922385692045508,100,5875.901486146095,7815.91216624685,3478.566347607052,6377.51,5519.62,3188.75,8000,7000,4000,0.79718875,0.7885171428571428,0.7971875,30000,0.5028626666666667,5038,1029.79,-1,-1,-1,NOT_CONSIDERED,CAPEX_DEFERRED|CAPEX_DEFERRED|CAPEX_DEFERRED,35401753.643779255,false
global-disease-crisis,seed-1,VAP,3,3555.04,0,3555.04,1289.11,279.78,1986.15,0,0,0,-1,5.375770006545967,100,5205.483278018656,4633.882650871776,5977.401891425501,6121.9,4599.62,4377.73,8000,6000,6000,0.7652374999999999,0.7666033333333333,0.7296216666666666,30000,0.5033083333333334,6500,0,-1,-1,-1,NOT_CONSIDERED,CAPEX_DEFERRED|CAPEX_DEFERRED|CAPEX_DEFERRED,21896932.056760814,false
global-disease-crisis,seed-1,JPQ,4,315.76,0,315.76,0,0,315.76,0,0,0,-1,6.576129835886322,100,5273.714059996205,5894.141596262785,4969.037111761358,5537.99,5917.42,4238.66,8000,8000,5000,0.69224875,0.7396775,0.8477319999999999,30000,0.5231356666666667,6029,1544.26,-1,-1,-1,NOT_CONSIDERED,CAPEX_DEFERRED,26427345.465533257,false
global-disease-crisis,seed-1,CONSV,4,2924.1899999999996,0,2924.1899999999996,0,2518.46,405.73,0,0,0,-1,5.126954684447332,100,5757.777420330312,8617.148110831233,3587.654231738035,4687.66,5933.53,3390.59,8000,7000,4000,0.5859575,0.8476471428571428,0.8476475,30000,0.46705933333333327,5038,2112.63,-1,-1,-1,NOT_CONSIDERED,CAPEX_DEFERRED|CAPEX_PROPOSED|CAPEX_PROPOSED,33315180.779720627,false
global-disease-crisis,seed-1,VAP,4,2695.1099999999997,0,2695.1099999999997,0,587.92,2107.19,0,0,0,-1,6.175967206417038,100,4082.3904809980045,5126.565630113777,6267.605142362723,5762.51,5089.99,5088.96,8000,6000,6000,0.72031375,0.8483316666666666,0.84816,30000,0.531382,6500,0,-1,-1,-1,NOT_CONSIDERED,CAPEX_DEFERRED|CAPEX_DEFERRED,16480261.547245102,false
global-disease-crisis,seed-1,JPQ,5,866.62,0,866.62,0,0,866.62,0,0,0,-1,6.565466501672349,100,5351.921443653157,5981.5592605535285,5588.913178297338,5594.19,5843.77,4239.52,8000,8000,5000,0.6992737499999999,0.73047125,0.8479040000000001,30000,0.5225826666666666,6029,1691.4,-1,-1,-1,NOT_CONSIDERED,CAPEX_DEFERRED|CAPEX_DEFERRED,21740648.50750528,false
global-disease-crisis,seed-1,CONSV,5,4024.1600000000003,0,4024.1600000000003,918.09,2831.73,274.34,0,0,0,-1,4.8354356499280735,100,6710.8255822688225,8967.455923327025,3475.5733610351863,6371.72,5519.62,3188.75,8000,7000,4000,0.796465,0.7885171428571428,0.7971875,30000,0.5026696666666667,5038,1029.79,-1,-1,-1,NOT_CONSIDERED,CAPEX_DEFERRED|CAPEX_DEFERRED|CAPEX_DEFERRED,35544280.65273447,false
global-disease-crisis,seed-1,VAP,5,1921.21,0,1921.21,0,405.68,1515.53,0,0,0,-1,6.206122329186991,100,4165.273704930844,5036.472029108066,5760.421907043042,4381.61,5090.5,5090.5,8000,6000,6000,0.5477012499999999,0.8484166666666667,0.8484166666666667,30000,0.48542033333333334,6500,0,-1,-1,-1,NOT_CONSIDERED,CAPEX_DEFERRED|CAPEX_DEFERRED,26593052.415835768,false
global-disease-crisis,seed-1,JPQ,6,1474.2,0,1474.2,0,0,1474.2,0,0,0,-1,6.557000900198202,100,5499.153852678769,6146.113129464505,6326.404390202448,5679.75,5759.78,4246.79,8000,8000,5000,0.70996875,0.7199725,0.849358,30000,0.5228773333333333,6029,1885.46,-1,-1,-1,NOT_CONSIDERED,CAPEX_DEFERRED|CAPEX_DEFERRED,22323262.898848854,false
global-disease-crisis,seed-1,CONSV,6,4347.679999999999,0,4347.679999999999,443.98,3558.92,344.78,0,0,0,-1,4.982697235354061,100,6317.405499030909,9780.124073114705,3590.620407359187,6389.73,5530.2,3194.86,8000,7000,4000,0.7987162499999999,0.7900285714285714,0.7987150000000001,30000,0.5038263333333334,5038,1029.79,-1,-1,-1,NOT_CONSIDERED,CAPEX_DEFERRED|CAPEX_DEFERRED|CAPEX_DEFERRED,34367608.563269556,false
global-disease-crisis,seed-1,VAP,6,1146.73,0,1146.73,0,222.93,923.8,0,0,0,-1,6.27844676389193,100,5200.517359254449,6004.685164080218,6223.7414181738795,4959.82,5089.99,5089.99,8000,6000,6000,0.6199775,0.8483316666666666,0.8483316666666666,30000,0.50466,6500,0,-1,-1,-1,NOT_CONSIDERED,CAPEX_DEFERRED|CAPEX_DEFERRED,16734917.983662155,false
global-disease-crisis,seed-1,JPQ,7,2472.76,0,2472.76,0,401.68,2071.08,0,0,0,-1,6.348877491737959,100,5570.120403666961,6627.118627414337,6985.892120882612,5413.94,6804.43,4254.05,8000,8000,5000,0.6767424999999999,0.85055375,0.8508100000000001,30000,0.5490806666666667,6029,1144.76,-1,-1,-1,NOT_CONSIDERED,CAPEX_DEFERRED|CAPEX_DEFERRED,12900562.509121316,false
global-disease-crisis,seed-1,CONSV,7,4684.65,0,4684.65,0,4275.53,409.12,0,0,0,-1,5.1744491990346315,100,5897.6,10522.34,3668.31,4703.73,5954.48,3402.56,8000,7000,4000,0.5879662499999999,0.85064,0.85064,30000,0.46869233333333327,5038,2112.63,-1,-1,-1,NOT_CONSIDERED,CAPEX_DEFERRED|CAPEX_DEFERRED|CAPEX_DEFERRED,15595740.196779896,false
global-disease-crisis,seed-1,VAP,7,2188.08,0,2188.08,0,1040.65,1147.43,0,0,0,-1,5.922195664817736,100,5304.3676378989,6937.852326469207,6553.207117788875,5614.68,5089.99,5089.99,8000,6000,6000,0.701835,0.8483316666666666,0.8483316666666666,30000,0.5264886666666667,6500,0,-1,-1,-1,NOT_CONSIDERED,CAPEX_DEFERRED|CAPEX_DEFERRED,28706354.156752154,false
global-disease-crisis,seed-1,JPQ,8,2321.16,0,2321.16,0,0,2321.16,0,0,0,-1,7.005538405107749,100,5537.2234706853615,6188.672570949764,7206.9541349603405,6156.02,6238.62,4254.05,8000,8000,5000,0.7695025000000001,0.7798275,0.8508100000000001,30000,0.5549563333333333,6029,1031.77,-1,-1,-1,NOT_CONSIDERED,CAPEX_PROPOSED|CAPEX_DEFERRED,33775088.72431658,false
global-disease-crisis,seed-1,CONSV,8,5908.72,0,5908.72,1145.72,4567.859999999999,195.14,0,0,0,-1,5.111907533832568,100,7036.561363492289,11119.473251580841,3450.6049640352126,6352.91,5765.37,3178.37,8000,7350,4000,0.79411375,0.7844040816326531,0.7945924999999999,30000,0.5098883333333333,5038,1166.88,-1,-1,-1,NOT_CONSIDERED,CAPEX_DEFERRED|CAPEX_PROPOSED|CAPEX_DEFERRED,31364675.43874593,false
global-disease-crisis,seed-1,VAP,8,2922.18,0,2922.18,0,1858.3600000000001,1063.82,0,0,0,-1,5.888248147571437,100,5381.610438714919,7841.439588617965,6548.327802062,5621.91,5089.99,5089.99,8000,6000,6000,0.70273875,0.8483316666666666,0.8483316666666666,30000,0.5267296666666667,6500,0,-1,-1,-1,NOT_CONSIDERED,CAPEX_PROPOSED|CAPEX_DEFERRED,34486924.1508662,false
global-disease-crisis,seed-1,JPQ,9,2795.03,0,2795.03,0,0,2795.03,0,0,0,-1,7.4023722538766075,100,5532.109894256883,6182.935317754342,7676.304597651162,6320,6806.48,4254.91,8000,8000,5000,0.79,0.85081,0.850982,30000,0.5793796666666666,6308,0,-1,-1,-1,NOT_CONSIDERED,CAPEX_DEFERRED|CAPEX_PROPOSED,42925833.13551059,false
global-disease-crisis,seed-1,CONSV,9,6328,0,6328,690.41,5361.619999999999,275.97,0,0,0,-1,5.464821967440225,100,6581.295438447844,11913.271161383407,3531.4538012329085,6778.18,6222.29,3389.09,8000,7350,4000,0.8472725,0.8465700680272109,0.8472725,30000,0.5463186666666667,5360,73.98,-1,-1,-1,NOT_CONSIDERED,CAPEX_DEFERRED|CAPEX_DEFERRED|CAPEX_DEFERRED,35594127.490899034,false
global-disease-crisis,seed-1,VAP,9,4130.1,0,4130.1,0,2802.19,1327.91,0,0,0,-1,6.090398671215593,100,5378.3072535886095,8781.596653665038,6809.031941469099,5428.01,5089.99,5089.99,8000,6000,6000,0.6785012500000001,0.8483316666666666,0.8483316666666666,30000,0.5202663333333333,6500,0,-1,-1,-1,NOT_CONSIDERED,CAPEX_DEFERRED|CAPEX_DEFERRED,29930845.377357334,false
global-disease-crisis,seed-1,JPQ,10,3158.3199999999997,0,3158.3199999999997,0,0,3158.3199999999997,0,0,0,-1,7.44189272099157,100,5843.814413899907,6531.30925909781,8314.629729636756,5975.17,6808.54,4255.34,8000,8000,5000,0.74689625,0.8510675,0.851068,30000,0.5679683333333333,6308,0,-1,-1,-1,MONITORING,CAPEX_DEFERRED|CAPEX_DEFERRED,47841051.85768322,false
global-disease-crisis,seed-1,CONSV,10,5795.459999999999,0,5795.459999999999,0,5698.459999999999,97,0,0,0,-1,5.573743459500418,100,5799.206242576206,12148.172863599524,3502.1390679778674,6807.85,6254.71,3616.31,8000,7350,4250,0.85098125,0.8509809523809524,0.8508964705882353,30000,0.5559623333333334,5603,0,-1,-1,-1,NOT_CONSIDERED,CAPEX_PROPOSED|CAPEX_DEFERRED|CAPEX_PROPOSED,45030846.24621773,false
global-disease-crisis,seed-1,VAP,10,5243.29,0,5243.29,0,3756.47,1486.82,0,0,0,-1,6.108099207364606,100,5360.81662813049,9716.446576305052,6950.112973931829,5361.06,5098.71,5098.71,8000,6000,6000,0.6701325,0.849785,0.849785,30000,0.518616,6500,0,-1,-1,-1,NOT_CONSIDERED,CAPEX_DEFERRED|CAPEX_PROPOSED,39864218.808566324,false
global-disease-crisis,seed-1,JPQ,11,3908.1299999999997,0,3908.1299999999997,0,0,3908.1299999999997,0,0,0,-1,7.424804638341897,100,5833.454489105091,6519.751340937866,9055.287637272313,5809.11,6808.54,4255.34,8000,8000,5000,0.7261387499999999,0.8510675,0.851068,30000,0.562433,6308,0,-1,-1,-1,MONITORING,CAPEX_DEFERRED|CAPEX_DEFERRED,53939647.24721897,false
global-disease-crisis,seed-1,CONSV,11,5905.880000000001,0,5905.880000000001,0,5905.880000000001,0,0,0,0,-1,5.556593002673675,100,5798.992211085818,12355.333743556628,3404.9875734188686,6808.54,6255.34,3617.03,8000,7350,4250,0.8510675,0.8510666666666666,0.8510658823529412,30000,0.5560303333333333,5603,0,-1,-1,-1,NOT_CONSIDERED,CAPEX_DEFERRED|CAPEX_DEFERRED,49697191.078016475,false
global-disease-crisis,seed-1,VAP,11,6480.4800000000005,0,6480.4800000000005,0,4705.77,1774.71,0,0,0,-1,6.105127529670094,100,5356.809172238024,10661.271526765413,7233.9287593543395,5420.41,5106.4,5106.4,8000,6000,6000,0.6775512499999999,0.8510666666666666,0.8510666666666666,30000,0.521107,6500,0,-1,-1,-1,NOT_CONSIDERED,CAPEX_DEFERRED|CAPEX_DEFERRED,42899003.02199579,false
global-disease-crisis,seed-1,JPQ,12,4774.03,0,4774.03,0,0,4774.03,0,0,0,-1,7.551656965559129,91.33,5862.4915992460965,6838.8431146029125,9946.809737797263,5909.85,7106.41,4255.34,8000,8350,5000,0.7387312500000001,0.8510670658682634,0.851068,30000,0.5757199999999999,6308,0,-1,-1,-1,MONITORING,CAPEX_PROPOSED|CAPEX_DEFERRED,55530462.84659911,false
global-disease-crisis,seed-1,CONSV,12,6112.67,0,6112.67,0,6112.67,0,0,0,0,-1,5.626859029864308,100,7655.142460447237,12058.829525750596,2996.5952641428885,7610.21,6551.24,3522.4,12000,7700,4250,0.6341841666666667,0.8508103896103896,0.8288,30000,0.5894616666666668,5603,298.26,-1,-1,-1,NOT_CONSIDERED,CAPEX_PROPOSED,51274265.99917826,false
global-disease-crisis,seed-1,VAP,12,7801.010000000001,0,7801.010000000001,0,5647.36,2153.65,0,0,0,-1,6.207442413124807,87.61,5362.332045544215,11956.770320021657,7618.500521665135,5466.09,5403.73,5106.4,8000,6350,6000,0.68326125,0.8509811023622047,0.8510666666666666,30000,0.5325406666666667,6500,0,-1,-1,-1,NOT_CONSIDERED,CAPEX_PROPOSED|CAPEX_DEFERRED|CAPEX_DEFERRED,55690291.88485129,false
global-disease-crisis,seed-1,JPQ,13,5698.540000000001,518.69,5179.85,0,0,5698.540000000001,0,0,518.69,7.741846942880392,7.877019180301604,91.14,5876.990053330344,6855.75452339593,10884.103743382784,5988.79,7106.41,4255.34,8000,8350,5000,0.74859875,0.8510670658682634,0.851068,30000,0.5783513333333333,6308,0,-1,-1,-1,MONITORING,CAPEX_DEFERRED|CAPEX_DEFERRED,67065225.272482,false
global-disease-crisis,seed-1,CONSV,13,5512.5199999999995,0,5512.5199999999995,0,5512.5199999999995,0,0,0,0,-1,5.88740623274763,100,8839.16245052988,12378.385962903178,3460.070791581642,9320.45,6552.56,3616.31,12000,7700,4250,0.7767041666666668,0.8509818181818183,0.8508964705882353,30000,0.6496440000000001,6028,0,-1,-1,-1,NOT_CONSIDERED,CAPEX_DEFERRED,53247014.77549246,false
global-disease-crisis,seed-1,VAP,13,9167.869999999999,243.63,8924.24,0,6617.139999999999,2550.73,0,243.63,0,5.664104224075139,6.492377662070339,86.71,5365.725092132341,12930.549868030645,8019.042135338555,5436.33,5404.28,5106.4,8000,6350,6000,0.67954125,0.851067716535433,0.8510666666666666,30000,0.531567,6500,0,-1,-1,-1,NOT_CONSIDERED,CAPEX_DEFERRED|CAPEX_DEFERRED|CAPEX_DEFERRED,65647008.93712294,false
global-disease-crisis,seed-1,JPQ,14,6468.8,1443.2,5025.6,0,0,6468.8,0,0,1443.2,8.087710650127494,7.854969844825026,86.01,5887.264833345813,6867.7322222915,11663.438444325253,5977.37,7106.41,4255.34,8000,8350,5000,0.74717125,0.8510670658682634,0.851068,30000,0.5779706666666666,6308,0,-1,-1,-1,MONITORING,CAPEX_DEFERRED|CAPEX_DEFERRED|CAPEX_DEFERRED,83585516.26475781,false
global-disease-crisis,seed-1,CONSV,14,5831.4400000000005,0,5831.4400000000005,0,5831.4400000000005,0,0,0,0,-1,5.893071417514888,100,8840.05243268958,12697.989499251426,3460.4252543051493,9449.02,6553.22,3617.03,12000,7700,4250,0.7874183333333333,0.8510675324675325,0.8510658823529412,30000,0.6539756666666667,6264,0,-1,-1,-1,NOT_CONSIDERED,CAPEX_DEFERRED,58665159.56557673,false
global-disease-crisis,seed-1,VAP,14,10370.81,1212.86,9157.949999999999,0,7575.07,2795.74,0,1212.86,0,5.926100882170179,6.542409399720378,85.87,5368.492603413577,13891.756043399524,8266.882964917026,5399.72,5404.28,5106.4,8000,6350,6000,0.674965,0.851067716535433,0.8510666666666666,30000,0.5303466666666666,6500,0,-1,-1,-1,NOT_CONSIDERED,CAPEX_DEFERRED|CAPEX_DEFERRED|CAPEX_DEFERRED,80217498.08264351,false
global-disease-crisis,seed-1,JPQ,15,7318.79,2213.46,5105.33,0,0,7318.79,0,0,2213.46,7.995265918886216,7.856305523058814,71.59,5895.7131114127615,6877.618912437324,12780.99464841973,5943.4,7105.7,4467.2,8000,8350,5250,0.742925,0.8509820359281437,0.850895238095238,30000,0.5838766666666666,6308,0,-1,-1,-1,MONITORING,CAPEX_DEFERRED|CAPEX_PROPOSED|CAPEX_DEFERRED,100987394.50003499,false
global-disease-crisis,seed-1,CONSV,15,6149.700000000001,0,6149.700000000001,0,6149.700000000001,0,0,0,0,-1,5.89559148941108,100,8840.24635668837,13016.410123611931,3460.491172519461,8896,6553.87,3514.67,12000,7700,4250,0.7413333333333333,0.851151948051948,0.8269811764705882,30000,0.6321513333333334,6264,0,-1,-1,-1,NOT_CONSIDERED,CAPEX_DEFERRED,73968493.9884398,false
global-disease-crisis,seed-1,VAP,15,11630.660000000002,2170.79,9459.870000000003,0,8523.76,3106.9,0,2170.79,0,5.929255168074891,6.601480747813258,80.21,5370.01609550225,14842.20295944803,8579.577318934445,5388.09,5404.28,5106.4,8000,6350,6000,0.67351125,0.851067716535433,0.8510666666666666,30000,0.529959,6500,0,-1,-1,-1,NOT_CONSIDERED,CAPEX_DEFERRED|CAPEX_DEFERRED|CAPEX_DEFERRED,97523381.78230318,false
global-disease-crisis,seed-1,JPQ,16,8277.04,2851.59,5425.450000000001,0,0,8277.04,0,0,2851.59,7.998510360753474,8.976864777354901,70.34,5899.500310496634,7170.484350518401,13742.744174421747,5931.95,7403.54,4468.1,8000,8700,5250,0.74149375,0.8509816091954023,0.8510666666666667,30000,0.593453,6537,0,-1,-1,-1,MONITORING,CAPEX_PROPOSED|CAPEX_DEFERRED|CAPEX_DEFERRED,107315221.38167536,false
global-disease-crisis,seed-1,CONSV,16,6467.32,0,6467.32,0,6467.32,0,0,0,0,-1,6.767551345836865,100,8840.536519926569,13646.388487514028,3664.1697418116705,8654.23,6851.09,3629.87,12000,8050,4500,0.7211858333333333,0.8510670807453417,0.8066377777777778,30000,0.6378396666666666,6264,0,-1,-1,-1,NOT_CONSIDERED,CAPEX_PROPOSED|CAPEX_DEFERRED,82095797.38634215,false
global-disease-crisis,seed-1,VAP,16,12946.79,3119.4800000000005,9827.310000000001,0,9467.39,3479.3999999999996,0,3119.4800000000005,0,5.911873612375448,7.60703643992373,63.14,5349.561770134692,16108.698201482133,9158.36950960329,5370.61,5702.15,5319.17,8000,6700,6250,0.67132625,0.8510671641791044,0.8510672,30000,0.5463976666666667,6500,0,-1,-1,-1,NOT_CONSIDERED,CAPEX_PROPOSED|CAPEX_PROPOSED|CAPEX_DEFERRED,107964432.8470032,false
global-disease-crisis,seed-1,JPQ,17,9076.449999999999,3808.9399999999996,5267.509999999999,0,0,9076.449999999999,0,0,3808.9399999999996,9.052118539595478,8.428119352245695,71.41,5885.6525039819735,7153.665227101738,14529.32388226088,5922.19,7405.03,4468.55,8000,8700,5250,0.74027375,0.8511528735632183,0.851152380952381,30000,0.5931923333333333,6537,0,-1,-1,-1,MONITORING,CAPEX_DEFERRED|CAPEX_DEFERRED|CAPEX_DEFERRED,128193967.8474525,false
global-disease-crisis,seed-1,CONSV,17,6800.06,0,6800.06,0,6800.06,0,0,0,0,-1,6.372358344014075,100,8835.168938458433,13974.749701097291,3661.9350332409012,8755.07,6851.78,3655.65,12000,8050,4500,0.7295891666666666,0.8511527950310559,0.8123666666666667,30000,0.6420833333333333,6264,0,-1,-1,-1,NOT_CONSIDERED,CAPEX_DEFERRED|CAPEX_DEFERRED,105626639.12287503,false
global-disease-crisis,seed-1,VAP,17,14055.22,3765.2400000000002,10289.98,0,10433.610000000002,3621.61,0,3765.2400000000002,0,6.7863954018991866,7.141345766656164,61.9,5345.049363652828,17069.319869065323,9295.804646340574,5360.78,5702.15,5319.17,8000,6700,6250,0.6700975,0.8510671641791044,0.8510672,30000,0.54607,6500,0,-1,-1,-1,NOT_CONSIDERED,CAPEX_DEFERRED|CAPEX_DEFERRED|CAPEX_DEFERRED,123986507.62892422,false
global-disease-crisis,seed-1,JPQ,18,9940.010000000002,4607.900000000001,5332.1100000000015,0,0,9940.010000000002,0,0,4607.900000000001,8.450966969007785,8.402016101852446,71.16,6089.665379832062,7401.622157048724,15581.917970241719,6138.38,7405.03,4468.55,8000,8700,5250,0.7672975,0.8511528735632183,0.851152380952381,30000,0.6003986666666666,6537,0,-1,-1,-1,DEFERRED,CAPEX_DEFERRED|CAPEX_DEFERRED|CAPEX_DEFERRED,146437851.08279517,false
global-disease-crisis,seed-1,CONSV,18,7132.089999999999,0,7132.089999999999,0,7132.089999999999,0,0,0,0,-1,6.359144888692902,88.18,8838.91491114229,14309.841639775652,3663.4876361056718,8884.84,6851.78,3664.54,12000,8050,4500,0.7404033333333333,0.8511527950310559,0.8143422222222222,30000,0.6467053333333334,6264,0,-1,-1,-1,NOT_CONSIDERED,CAPEX_DEFERRED|CAPEX_DEFERRED,130626972.37396143,false
global-disease-crisis,seed-1,VAP,18,14854.500000000002,4731.46,10123.04,0,11415.65,3438.85,0,4731.46,0,6.38363198044428,7.089205550687002,61.15,5336.605151716992,18040.88781736036,9104.08919387985,5372.16,5702.15,5319.17,8000,6700,6250,0.67152,0.8510671641791044,0.8510672,30000,0.5464493333333333,6500,0,-1,-1,-1,NOT_CONSIDERED,CAPEX_DEFERRED|CAPEX_DEFERRED|CAPEX_DEFERRED,143851283.92339844,false
global-disease-crisis,seed-1,JPQ,19,11075.98,5471.460000000001,5604.519999999999,0,0,11075.98,0,0,5471.460000000001,8.40962681040171,8.322581210153118,70.82,6094.585312653273,7407.62402619955,16722.435499113584,6221.32,7405.03,4468.55,8000,8700,5250,0.7776649999999999,0.8511528735632183,0.851152380952381,30000,0.6031633333333333,6537,0,-1,-1,-1,DEFERRED,CAPEX_DEFERRED|CAPEX_DEFERRED|CAPEX_DEFERRED,168679875.05453953,false
global-disease-crisis,seed-1,CONSV,19,7464.140000000001,280.31,7183.830000000001,0,7464.140000000001,0,0,280.31,0,6.405337920673366,6.316817660747217,87.84,8839.396184478486,14642.28058593169,3663.701244237347,8893.16,6851.78,3669.88,12000,8050,4500,0.7410966666666666,0.8511527950310559,0.8155288888888889,30000,0.6471606666666666,6264,0,-1,-1,-1,NOT_CONSIDERED,CAPEX_DEFERRED|CAPEX_DEFERRED,153854159.09138456,false
global-disease-crisis,seed-1,VAP,19,15904.51,5713.5,10191.01,0,12427.360000000002,3477.1499999999996,0,5713.5,0,6.365832871591035,7.044655923433198,61.59,5330.712925645286,19045.27486329712,9136.129489966135,5405.93,5702.15,5319.17,8000,6700,6250,0.6757412500000001,0.8510671641791044,0.8510672,30000,0.547575,6500,0,-1,-1,-1,NOT_CONSIDERED,CAPEX_DEFERRED|CAPEX_DEFERRED|CAPEX_DEFERRED,165816821.56209683,false
global-disease-crisis,seed-1,JPQ,20,12203.94,6607.43,5596.51,0,0,12203.94,0,0,6607.43,8.373880180672971,8.187522023706208,70.85,6093.8717962391065,7704.7175572573005,17849.734446970775,6169.03,7700.61,4467.65,8000,9050,5250,0.7711287499999999,0.8508961325966851,0.8509809523809523,30000,0.611243,6537,0,-1,-1,-1,DEFERRED,CAPEX_PROPOSED|CAPEX_DEFERRED|CAPEX_DEFERRED,194308216.48727107,false
global-disease-crisis,seed-1,CONSV,20,7796.1799999999985,612.36,7183.819999999999,0,7796.1799999999985,0,0,612.36,0,6.362040559323564,6.1918772244854265,88.99,8839.451982871338,15286.462461842177,3663.720229742726,8847.78,7148.24,3667.76,12000,8400,4500,0.737315,0.8509809523809524,0.8150577777777779,30000,0.6554593333333333,6264,0,-1,-1,-1,NOT_CONSIDERED,CAPEX_PROPOSED|CAPEX_DEFERRED,179414786.49249405,false
global-disease-crisis,seed-1,VAP,20,17318.29,6725.21,10593.080000000002,0,13459.72,3858.57,0,6725.21,0,6.319615049457704,6.9648302444551025,62.29,5314.871420728018,20402.64775371996,9500.726538821791,5420.54,6000.02,5319.17,8000,7050,6250,0.6775675,0.8510666666666667,0.8510672,30000,0.5579910000000001,6500,0,-1,-1,-1,NOT_CONSIDERED,CAPEX_PROPOSED|CAPEX_DEFERRED|CAPEX_DEFERRED,188963872.93859288,false
global-disease-crisis,seed-1,JPQ,21,13352.710000000001,7736.29,5616.420000000001,0,0,13352.710000000001,0,0,7736.29,8.276179105446907,8.453726664260946,71.23,6107.414294968819,7721.824658763824,19280.475742547897,6137.11,7702.16,4680.4,8000,9050,5500,0.76713875,0.8510674033149171,0.8509818181818181,30000,0.6173223333333333,6795,0,-1,-1,-1,DEFERRED,CAPEX_DEFERRED|CAPEX_PROPOSED|CAPEX_DEFERRED,211671070.1220948,false
global-disease-crisis,seed-1,CONSV,21,8144.110000000001,647.94,7496.17,0,8144.110000000001,0,0,647.94,0,6.2385347806257965,6.393824838685094,87.85,8844.950569863815,15639.041798674076,3666.0092477130092,8836.06,7148.24,3668.15,12000,8400,4500,0.7363383333333333,0.8509809523809524,0.8151444444444444,30000,0.6550816666666667,6264,0,-1,-1,-1,NOT_CONSIDERED,CAPEX_DEFERRED|CAPEX_DEFERRED,196840092.37784967,false
global-disease-crisis,seed-1,VAP,21,18774.090000000004,7459.700000000001,11314.390000000003,0,14527.68,4246.41,0,7459.700000000001,0,6.210722603990274,7.207975100078883,61.13,5319.081208319225,21476.136374092297,9893.053018285069,5419.92,6000.02,5319.17,8000,7050,6250,0.67749,0.8510666666666667,0.8510672,30000,0.5579703333333333,6500,0,-1,-1,-1,NOT_CONSIDERED,CAPEX_DEFERRED|CAPEX_DEFERRED|CAPEX_DEFERRED,206385309.95171013,false
global-disease-crisis,seed-1,JPQ,22,14000.970000000001,8672.31,5328.660000000002,0,0,14000.970000000001,0,0,8672.31,8.404414123267067,8.046589252455929,72.3,6071.621663799302,7676.595742011992,19894.025024484068,6094.97,7702.93,4681.34,8000,9050,5500,0.76187125,0.8511524861878453,0.8511527272727273,30000,0.6159746666666667,6795,0,-1,-1,-1,DEFERRED,CAPEX_DEFERRED|CAPEX_DEFERRED|CAPEX_DEFERRED,235436419.86563253,false
global-disease-crisis,seed-1,CONSV,22,8492.03,995.87,7496.160000000001,0,8492.03,0,0,995.87,0,6.440582428933385,6.103994715296881,86.89,8841.14865947791,15983.740179873388,3664.423457546765,8840.27,7149.68,3618.98,12000,8400,4500,0.7366891666666667,0.851152380952381,0.8042177777777778,30000,0.653631,6264,0,-1,-1,-1,NOT_CONSIDERED,CAPEX_DEFERRED|CAPEX_DEFERRED,222131044.1912916,false
global-disease-crisis,seed-1,VAP,22,19293.779999999995,8527.659999999998,10766.119999999997,0,15580.019999999999,3713.7599999999998,0,8527.659999999998,0,6.369501382216586,6.7976726833991945,59.09,5307.392582996687,22513.199313074398,9573.358170595016,5386.32,5999.42,5530.82,8000,7050,6500,0.6732899999999999,0.850981560283688,0.8508953846153846,30000,0.5638853333333332,6500,0,-1,-1,-1,NOT_CONSIDERED,CAPEX_DEFERRED|CAPEX_PROPOSED|CAPEX_DEFERRED,230683220.67252842,false
global-disease-crisis,seed-1,JPQ,23,15149.970000000001,9319.630000000001,5830.34,0,0,15149.970000000001,0,0,9319.630000000001,8.250053479028287,8.085111211503342,70.46,6068.613590149621,7672.780019231266,21040.0958270819,6122.6,7702.93,4681.34,8000,9050,5500,0.765325,0.8511524861878453,0.8511527272727273,30000,0.6168956666666667,6795,0,-1,-1,-1,DEFERRED,CAPEX_DEFERRED|CAPEX_DEFERRED|CAPEX_DEFERRED,256161035.03066063,false
global-disease-crisis,seed-1,CONSV,23,8838.51,1342.35,7496.16,0,8838.51,0,0,1342.35,0,6.147155069194428,6.128722376655657,86.47,9149.164497201671,16591.22239024709,3792.0944248774304,9151.71,7148.24,3762.63,12000,8400,4500,0.7626424999999999,0.8509809523809524,0.83614,30000,0.6687526666666666,6264,0,-1,-1,-1,MONITORING,CAPEX_DEFERRED|CAPEX_DEFERRED,244777885.42930967,false
global-disease-crisis,seed-1,VAP,23,20492.02,9580.6,10911.42,0,16653.2,3838.8200000000006,0,9580.6,0,6.194793184675138,6.860047653353622,61.02,5308.84307079936,23588.28595475885,9700.028075627873,5403.74,6000.02,5531.94,8000,7050,6500,0.6754675,0.8510666666666667,0.8510676923076922,30000,0.5645233333333334,6718,0,-1,-1,-1,NOT_CONSIDERED,CAPEX_DEFERRED|CAPEX_DEFERRED|CAPEX_DEFERRED,250763099.97244608,false
global-disease-crisis,seed-1,JPQ,24,16330.07,10468.630000000001,5861.439999999999,0,0,16330.07,0,0,10468.630000000001,8.077859001380007,7.883818646230463,70.35,6068.670464397253,7969.589873432298,22220.260910607336,6151.32,8000.03,4681.34,8000,9400,5500,0.768915,0.8510670212765957,0.8511527272727273,30000,0.6277563333333332,6795,0,-1,-1,-1,DEFERRED,CAPEX_PROPOSED|CAPEX_DEFERRED|CAPEX_DEFERRED,280637531.2611878,false
global-disease-crisis,seed-1,CONSV,24,9448.8,1690.27,7758.529999999999,0,9448.8,0,0,1690.27,0,6.171109279284878,5.994419600424142,88.12,9148.215433365125,17523.72108705798,3791.7052034284166,9264.47,7446.09,3829.42,12000,8750,4500,0.7720391666666666,0.8509817142857143,0.8509822222222222,30000,0.6846659999999999,6561,0,-1,-1,-1,MONITORING,CAPEX_PROPOSED|CAPEX_DEFERRED,267174272.08591914,false
global-disease-crisis,seed-1,VAP,24,21930.5,10653.18,11277.32,0,17720.41,4210.09,0,10653.18,0,6.13151358622875,6.739819181152251,61.55,5294.36616254464,24979.925809697364,10055.297429287131,5402.18,6297.9,5531.94,8000,7400,6500,0.6752725,0.8510675675675675,0.8510676923076922,30000,0.5744006666666667,6718,0,-1,-1,-1,NOT_CONSIDERED,CAPEX_PROPOSED|CAPEX_DEFERRED|CAPEX_DEFERRED,273210250.63963574,false
global-disease-crisis,seed-1,JPQ,25,17506.6,11648.729999999998,5857.870000000001,0,0,17506.6,0,0,11648.729999999998,7.984439849542074,7.8095259524173315,70.8,6066.9081544231985,7967.288520157605,23395.08013960983,6149.41,8000.83,4681.34,8000,9400,5500,0.76867625,0.8511521276595745,0.8511527272727273,30000,0.6277193333333334,6795,0,-1,-1,-1,DEFERRED,CAPEX_DEFERRED|CAPEX_DEFERRED|CAPEX_DEFERRED,302960888.64050174,false
global-disease-crisis,seed-1,CONSV,25,10084.52,2002.71,8081.81,0,10084.52,0,0,2002.71,0,6.038954670557885,5.936026495138111,86.97,9146.986111630786,18158.346002671213,3791.185690355747,9196.44,7447.58,3813.22,12000,8750,4500,0.76637,0.851152,0.8473822222222221,30000,0.6819080000000001,6561,0,-1,-1,-1,MONITORING,CAPEX_DEFERRED|CAPEX_DEFERRED,287503833.5821483,false
global-disease-crisis,seed-1,VAP,25,23383.750000000004,11422.51,11961.240000000003,0,18820.52,4563.230000000001,0,11422.51,0,6.054638433320219,6.6851656988162045,60.39,5293.884198058052,26079.356790485337,10407.912638822218,5394.37,6297.9,5531.94,8000,7400,6500,0.67429625,0.8510675675675675,0.8510676923076922,30000,0.5741403333333333,6718,0,-1,-1,-1,NOT_CONSIDERED,CAPEX_DEFERRED|CAPEX_DEFERRED|CAPEX_DEFERRED,293463956.3634656,false
global-disease-crisis,seed-1,JPQ,26,18633.25,12825.260000000002,5807.989999999998,0,0,18633.25,0,0,12825.260000000002,7.88813135565469,7.500117491461553,70.98,6103.970940825238,8015.934638289452,24557.683613588306,6176.75,8000.83,4681.34,8000,9400,5500,0.77209375,0.8511521276595745,0.8511527272727273,30000,0.6286306666666666,6795,0,-1,-1,-1,DEFERRED,CAPEX_DEFERRED|CAPEX_DEFERRED|CAPEX_DEFERRED,327770265.4183844,false
global-disease-crisis,seed-1,CONSV,26,10718.74,2636.94,8081.799999999999,0,10718.74,0,0,2636.94,0,5.97875493368406,5.699194681343685,84.25,9150.4579113304,18795.62165589126,3792.6205180023526,9135.95,7447.58,3774.03,12000,8750,4500,0.7613291666666667,0.851152,0.8386733333333334,30000,0.6785853333333333,6561,0,-1,-1,-1,MONITORING,CAPEX_DEFERRED|CAPEX_DEFERRED,311141487.90008795,false
global-disease-crisis,seed-1,VAP,26,24306.459999999995,12522.62,11783.839999999995,0,19922.49,4383.97,0,12522.62,0,5.966144615670616,6.3888747805602,59.23,5300.591412567882,27190.533442122884,10236.038578183165,5400.68,6297.9,5531.94,8000,7400,6500,0.675085,0.8510675675675675,0.8510676923076922,30000,0.5743506666666667,6718,0,-1,-1,-1,NOT_CONSIDERED,CAPEX_DEFERRED|CAPEX_DEFERRED|CAPEX_DEFERRED,315997422.0931966,false
global-disease-crisis,seed-1,JPQ,27,19819.25,13951.91,5867.34,0,0,19819.25,0,0,13951.91,7.727893894545896,7.444921121133812,70.77,6106.917234851337,8019.829926601141,26015.984493103402,6153.12,7999.23,4892.65,8000,9400,5750,0.7691399999999999,0.850981914893617,0.8508956521739129,30000,0.6348333333333334,6795,0,-1,-1,-1,DEFERRED,CAPEX_DEFERRED|CAPEX_PROPOSED|CAPEX_DEFERRED,350044153.19891423,false
global-disease-crisis,seed-1,CONSV,27,11352.960000000001,3271.16,8081.800000000001,0,11352.960000000001,0,0,3271.16,0,5.720422595393021,5.663288608348863,61.55,9150.666738286109,19430.03480384279,3792.7212076635356,9135.08,7447.58,3770.07,12000,8750,4500,0.7612566666666667,0.851152,0.8377933333333334,30000,0.6784243333333333,6561,0,-1,-1,-1,MONITORING,CAPEX_DEFERRED|CAPEX_DEFERRED,332579263.5081885,false
global-disease-crisis,seed-1,VAP,27,25467.740000000005,13624.590000000002,11843.150000000003,0,20998.500000000004,4469.240000000001,0,13624.590000000002,0,5.812172068574018,6.362983845925064,59.86,5300.662334262497,28266.65075969846,10321.414568065604,5380.18,6297.9,5531.94,8000,7400,6500,0.6725225,0.8510675675675675,0.8510676923076922,30000,0.5736673333333333,6718,0,-1,-1,-1,NOT_CONSIDERED,CAPEX_DEFERRED|CAPEX_DEFERRED|CAPEX_DEFERRED,338617862.09203815,false
global-disease-crisis,seed-1,JPQ,28,21100.820000000003,14926.6,6174.220000000003,0,0,21100.820000000003,0,0,14926.6,7.571499345664085,7.260718947087808,69.7,6110.343828927745,8323.08247622047,27301.021387445748,6136.96,8297.07,4893.64,8000,9750,5750,0.76712,0.8509815384615385,0.8510678260869565,30000,0.6442556666666666,7071,0,-1,-1,-1,DEFERRED,CAPEX_PROPOSED|CAPEX_DEFERRED|CAPEX_DEFERRED,370579641.2167217,false
global-disease-crisis,seed-1,CONSV,28,11987.18,3905.3799999999997,8081.800000000001,0,11987.18,0,0,3905.3799999999997,0,5.68635632043003,5.54189884610958,61.58,9151.671134715558,20388.257815935714,3793.137504721207,9154.78,7743.93,3793.1,12000,9100,4500,0.7628983333333333,0.8509813186813188,0.842911111111111,30000,0.6897269999999999,6561,0,-1,-1,-1,MONITORING,CAPEX_PROPOSED|CAPEX_DEFERRED,354854867.9372211,false
global-disease-crisis,seed-1,VAP,28,26918.959999999995,14700.6,12218.359999999995,0,22074.149999999998,4844.81,0,14700.6,0,5.684063219987219,6.251324752352748,60.48,5283.580920756884,29661.530560507854,10902.478567228824,5352.31,6594.44,5743.55,8000,7750,6750,0.66903875,0.8508954838709677,0.8508962962962964,30000,0.5896766666666666,6718,0,-1,-1,-1,NOT_CONSIDERED,CAPEX_PROPOSED|CAPEX_PROPOSED|CAPEX_DEFERRED,360571850.25086766,false
global-disease-crisis,seed-1,JPQ,29,22349.909999999996,16207.179999999998,6142.729999999998,0,0,22349.909999999996,0,0,16207.179999999998,7.4040290646635745,7.200499917174983,70.25,6111.599779234767,8324.82670357047,28551.39590583431,6137.33,8298.74,4894.13,8000,9750,5750,0.7671662499999999,0.8511528205128205,0.8511530434782609,30000,0.64434,7071,0,-1,-1,-1,DEFERRED,CAPEX_DEFERRED|CAPEX_DEFERRED|CAPEX_DEFERRED,388080930.93386173,false
global-disease-crisis,seed-1,CONSV,29,12648.32,4243.25,8405.07,0,12648.32,0,0,4243.25,0,5.558735109583055,5.513041005257199,60.63,9152.492450592805,21050.142593602694,3793.463780211309,9163.7,7743.93,3798.78,12000,9100,4500,0.7636416666666668,0.8509813186813188,0.8441733333333333,30000,0.6902136666666666,6561,0,-1,-1,-1,MONITORING,CAPEX_DEFERRED|CAPEX_DEFERRED,372271070.524612,false
global-disease-crisis,seed-1,VAP,29,28367.750000000007,15479.710000000003,12888.040000000005,0,23172.580000000005,5195.17,0,15479.710000000003,0,5.611652326949175,6.2183412061259355,59.82,5284.14529846945,30760.755796411737,11253.475781607645,5348.41,6595.11,5744.13,8000,7750,6750,0.6685512499999999,0.8509819354838709,0.8509822222222222,30000,0.5895883333333334,6974,0,-1,-1,-1,NOT_CONSIDERED,CAPEX_DEFERRED|CAPEX_DEFERRED|CAPEX_DEFERRED,376905783.7655562,false
global-disease-crisis,seed-1,JPQ,30,23370.780000000002,17455.78,5915.000000000004,0,0,23370.780000000002,0,0,17455.78,7.29999855282459,7.491223452212289,71.03,6233.120484535435,8490.330927211005,29695.555987573865,6261.55,8298.74,4894.13,8000,9750,5750,0.7826937500000001,0.8511528205128205,0.8511530434782609,30000,0.6484806666666667,7071,0,-1,-1,-1,READY_TO_BUILD,CAPEX_DEFERRED|CAPEX_DEFERRED|CAPEX_DEFERRED,404434365.09825945,false
global-disease-crisis,seed-1,CONSV,30,13309.460000000001,4904.389999999999,8405.070000000002,0,13309.460000000001,0,0,4904.389999999999,0,5.526804126691938,5.737550468445119,60.61,9152.371743519927,21711.18096285362,3793.417893433618,9159.97,7744.71,3779.34,12000,9100,4500,0.7633308333333333,0.851067032967033,0.8398533333333333,30000,0.6894673333333333,6727,0,-1,-1,-1,MONITORING,CAPEX_DEFERRED|CAPEX_DEFERRED,387386564.86061925,false
global-disease-crisis,seed-1,VAP,30,29083.270000000004,16577.47,12505.800000000003,0,24268.070000000003,4815.200000000001,0,16577.47,0,5.545555427373241,6.426378665163269,58.23,5281.063237989684,31851.830629423053,10869.969088947026,5351.56,6595.77,5744.7,8000,7750,6750,0.668945,0.8510670967741936,0.8510666666666666,30000,0.5897343333333334,6974,0,-1,-1,-1,NOT_CONSIDERED,CAPEX_DEFERRED|CAPEX_DEFERRED|CAPEX_DEFERRED,390908569.477863,false
global-disease-crisis,seed-1,JPQ,31,24253.780000000002,18476.650000000005,5777.129999999997,0,0,24253.780000000002,0,0,18476.650000000005,7.319888992464685,7.287772883699759,71.95,6195.935309255529,8439.679821637796,30540.814146334596,6282.42,8298.74,4894.13,8000,9750,5750,0.7853025,0.8511528205128205,0.8511530434782609,30000,0.6491763333333334,7071,0,-1,-1,-1,APPROVED,CAPEX_DEFERRED|CAPEX_DEFERRED|CAPEX_DEFERRED,418743978.9648318,false
global-disease-crisis,seed-1,CONSV,31,13969.82,5564.75,8405.07,0,13969.82,0,0,5564.75,0,5.748360164440602,5.593944442285309,60.6,9151.351659384325,22370.59454813607,3792.9851004290904,9154.64,7745.49,3767.26,12000,9100,4500,0.7628866666666666,0.8511527472527473,0.837168888888889,30000,0.688913,6727,0,-1,-1,-1,MONITORING,CAPEX_DEFERRED|CAPEX_DEFERRED,407230506.64503586,false
global-disease-crisis,seed-1,VAP,31,29597.109999999997,17672.3,11924.809999999998,0,25375.39,4221.72,0,17672.3,0,5.622156461647787,6.211669910686272,57.72,5268.520611694349,32941.133244164914,10262.122012958007,5352.71,6595.77,5744.7,8000,7750,6750,0.66908875,0.8510670967741936,0.8510666666666666,30000,0.5897726666666667,6974,0,-1,-1,-1,NOT_CONSIDERED,CAPEX_DEFERRED|CAPEX_DEFERRED|CAPEX_DEFERRED,408242716.2457516,false
global-disease-crisis,seed-1,JPQ,32,25686.329999999998,19359.649999999998,6326.68,0,0,25686.329999999998,0,0,19359.649999999998,7.338469149973609,7.514211521540566,70.09,6197.850750131888,8745.327905333661,31975.307749938227,6283.54,8594.91,4893.14,8000,10100,5750,0.7854425,0.8509811881188118,0.8509808695652175,30000,0.659053,7071,0,-1,-1,-1,APPROVED,CAPEX_PROPOSED|CAPEX_DEFERRED|CAPEX_DEFERRED,431935841.04106164,false
global-disease-crisis,seed-1,CONSV,32,14629.39,6224.330000000001,8405.059999999998,0,14629.39,0,0,6224.330000000001,0,5.601331439763067,5.76243027272242,60.64,9151.359329206705,23353.296558368555,3793.002416902822,9154.16,8042.58,3790.61,12000,9450,4500,0.7628466666666667,0.8510666666666666,0.8423577777777778,30000,0.6995783333333333,6727,0,-1,-1,-1,MONITORING,CAPEX_PROPOSED|CAPEX_DEFERRED,425142093.76645106,false
global-disease-crisis,seed-1,VAP,32,31177.78,18779.620000000003,12398.159999999996,0,26533.64,4644.14,0,18779.620000000003,0,5.645017171832089,6.451966103114,59.87,5255.756622423745,34421.9011878446,10669.884907350068,5386.57,6892.26,5744.13,8000,8100,6750,0.67332125,0.8508962962962964,0.8509822222222222,30000,0.6007653333333333,6974,0,-1,-1,-1,NOT_CONSIDERED,CAPEX_PROPOSED|CAPEX_DEFERRED|CAPEX_DEFERRED,426115229.4573244,false
global-disease-crisis,seed-2,JPQ,1,1900,0,1900,0,1900,0,0,0,0,-1,7.005263157894737,-1,4771.23,7232.55,4209.91,4015.62,6783.23,2509.76,8000,8000,5000,0.5019525,0.84790375,0.5019520000000001,30000,0.4436203333333333,5500,2790.77,-1,-1,-1,NOT_CONSIDERED,CAPEX_DEFERRED|CAPEX_DEFERRED,25000000,false
global-disease-crisis,seed-2,CONSV,1,1400,0,1400,1100,300,0,0,0,0,-1,5.582142857142857,-1,6997.600000000001,6546.8,3259.2,6782.54,5934.73,2128.14,8000,7000,4000,0.8478175,0.8478185714285714,0.5320349999999999,30000,0.494847,4500,1273.83,-1,-1,-1,NOT_CONSIDERED,CAPEX_DEFERRED|CAPEX_DEFERRED|CAPEX_DEFERRED,35000000,false
global-disease-crisis,seed-2,VAP,1,1650,0,1650,0,450,1200,0,0,0,-1,8.374242424242425,-1,4414.389999999999,5357.759999999999,5698.780000000001,1032.51,5093.06,5093.06,8000,6000,6000,0.12906375,0.8488433333333334,0.8488433333333334,30000,0.3739543333333334,6500,0,-1,-1,-1,NOT_CONSIDERED,CAPEX_DEFERRED|CAPEX_DEFERRED,22000000,false
global-disease-crisis,seed-2,JPQ,2,1284.48,0,1284.48,755.61,449.32,79.55,0,0,0,-1,5.452158441225616,100,4986.64,5178.117192023859,3812.8128079761404,5694.11,6019.51,3797.33,8000,8000,5000,0.7117637499999999,0.75243875,0.759466,30000,0.5170316666666667,5500,1854.94,-1,-1,-1,NOT_CONSIDERED,CAPEX_DEFERRED|CAPEX_DEFERRED,14494279.701722093,false
global-disease-crisis,seed-2,CONSV,2,1115.09,0,1115.09,215.06,612.0699999999999,287.96,0,0,0,-1,6.219324203933475,100,5789.861007556675,6516.957909319899,3368.7710831234253,5924.61,5067.59,2959.32,8000,7000,4000,0.7405762499999999,0.7239414285714286,0.73983,30000,0.46505066666666667,4500,2169.45,-1,-1,-1,NOT_CONSIDERED,CAPEX_DEFERRED|CAPEX_DEFERRED|CAPEX_DEFERRED,10878104.155727632,false
global-disease-crisis,seed-2,VAP,2,3646.58,0,3646.58,3381.8799999999997,264.7,0,0,0,0,-1,4.656061477439135,100,7176.263401131473,4483.168523492993,3866.9294798685764,6507.15,4892.68,0,8000,6000,6000,0.8133937499999999,0.8154466666666668,0,30000,0.3799943333333333,6500,275.74,-1,-1,-1,NOT_CONSIDERED,CAPEX_DEFERRED|CAPEX_DEFERRED,20033387.12761445,false
global-disease-crisis,seed-2,JPQ,3,0,0,0,0,0,0,0,0,0,-1,-1,100,4361.72,4874.844170496916,3848.5775460835052,5916.97,6399.12,4070.67,8000,8000,5000,0.73962125,0.79989,0.814134,30000,0.5462253333333335,6009,684.17,-1,-1,-1,NOT_CONSIDERED,CAPEX_DEFERRED,30169095.107990433,false
global-disease-crisis,seed-2,CONSV,3,2330.69,0,2330.69,188.05,1791.28,351.36,0,0,0,-1,5.025022494164529,100,5878.970123730815,7819.163070834089,3496.337856728297,6377.51,5519.62,3188.75,8000,7000,4000,0.79718875,0.7885171428571428,0.7971875,30000,0.5028626666666667,5038,1029.79,-1,-1,-1,NOT_CONSIDERED,CAPEX_DEFERRED|CAPEX_DEFERRED|CAPEX_DEFERRED,34549978.19227211,false
global-disease-crisis,seed-2,VAP,3,3592.77,0,3592.77,1289.11,279.78,2023.88,0,0,0,-1,5.489695045203081,100,5211.517598890812,4640.581543485694,6021.272529338667,6033.38,4533.08,4311.72,8000,6000,6000,0.7541725,0.7555133333333334,0.71862,30000,0.49593933333333334,6500,0,-1,-1,-1,NOT_CONSIDERED,CAPEX_DEFERRED|CAPEX_DEFERRED|CAPEX_DEFERRED,21336942.761358146,false
global-disease-crisis,seed-2,JPQ,4,0,0,0,0,0,0,0,0,0,-1,-1,100,5274.662692225739,5895.211244252296,4654.114140199182,5790.04,6508.35,4087.23,8000,8000,5000,0.723755,0.81354375,0.817446,30000,0.5461873333333332,6009,618.17,-1,-1,-1,NOT_CONSIDERED,CAPEX_DEFERRED,25231048.941229116,false
global-disease-crisis,seed-2,CONSV,4,2940.25,0,2940.25,0,2518.45,421.8,0,0,0,-1,5.2774258642281175,100,5759.819759419721,8619.311718859046,3604.858288100372,4687.66,5933.53,3341,8000,7000,4000,0.5859575,0.8476471428571428,0.83525,30000,0.4654063333333333,5038,2112.63,-1,-1,-1,NOT_CONSIDERED,CAPEX_DEFERRED|CAPEX_PROPOSED|CAPEX_DEFERRED,32460339.571586482,false
global-disease-crisis,seed-2,VAP,4,2865.3900000000003,0,2865.3900000000003,0,654.46,2210.9300000000003,0,0,0,-1,6.341935415900885,100,4086.3982806064996,5197.571640059657,6375.4482319700855,5823.59,5089.47,5088.96,8000,6000,6000,0.72794875,0.848245,0.84816,30000,0.5334006666666666,6500,0,-1,-1,-1,NOT_CONSIDERED,CAPEX_DEFERRED|CAPEX_DEFERRED,17024937.343622975,false
global-disease-crisis,seed-2,JPQ,5,438.1,0,438.1,0,0,438.1,0,0,0,-1,6.6578654966964095,100,5352.7570333042395,5982.483601833619,5161.120911739035,4869.86,6021.8,4239.95,8000,8000,5000,0.6087325,0.752725,0.8479899999999999,30000,0.504387,6009,1107.1,-1,-1,-1,NOT_CONSIDERED,CAPEX_DEFERRED,25828833.022373367,false
global-disease-crisis,seed-2,CONSV,5,4089.790000000001,0,4089.790000000001,918.07,2831.7200000000003,340,0,0,0,-1,4.933004090780355,100,6712.3250115516885,8969.0663069086,3542.0937253436173,6371.72,5519.62,3188.75,8000,7000,4000,0.796465,0.7885171428571428,0.7971875,30000,0.5026696666666667,5038,1029.79,-1,-1,-1,NOT_CONSIDERED,CAPEX_DEFERRED|CAPEX_DEFERRED|CAPEX_PROPOSED,36481250.53076267,false
global-disease-crisis,seed-2,VAP,5,2091.51,0,2091.51,0,472.74,1618.77,0,0,0,-1,6.249573356576375,100,4168.2268752810505,5106.836246386364,5866.6907723204295,4432.98,5090.5,5090.5,8000,6000,6000,0.5541225,0.8484166666666667,0.8484166666666667,30000,0.48713266666666666,6500,0,-1,-1,-1,NOT_CONSIDERED,CAPEX_DEFERRED|CAPEX_DEFERRED,27971598.764597107,false
global-disease-crisis,seed-2,JPQ,6,982.55,0,982.55,0,0,982.55,0,0,0,-1,6.634864247612918,100,5494.3127629081455,6140.712305390419,5830.473026095422,5589.28,5785.97,4247.21,8000,8000,5000,0.69866,0.72324625,0.849442,30000,0.5207486666666666,6009,1822.02,-1,-1,-1,NOT_CONSIDERED,CAPEX_DEFERRED,24843576.610146172,false
global-disease-crisis,seed-2,CONSV,6,4413.29,0,4413.29,443.94,3558.9,410.45,0,0,0,-1,5.033899593974477,100,6318.894658446503,9781.72436730658,3657.1409742469114,6389.73,5530.2,3194.86,8000,7000,4000,0.7987162499999999,0.7900285714285714,0.7987150000000001,30000,0.5038263333333334,5038,1029.79,-1,-1,-1,NOT_CONSIDERED,CAPEX_PROPOSED|CAPEX_DEFERRED|CAPEX_DEFERRED,36018792.971406125,false
global-disease-crisis,seed-2,VAP,6,1317.03,0,1317.03,0,289.99,1027.04,0,0,0,-1,6.269447486669945,100,5204.094890452182,6075.722539415836,6330.6371385321745,4957.45,5089.99,5089.99,8000,6000,6000,0.61968125,0.8483316666666666,0.8483316666666666,30000,0.504581,6500,0,-1,-1,-1,NOT_CONSIDERED,CAPEX_DEFERRED|CAPEX_DEFERRED,18205202.60521823,false
global-disease-crisis,seed-2,JPQ,7,1626.5900000000001,0,1626.5900000000001,0,0,1626.5900000000001,0,0,0,-1,6.705188931425068,100,5566.347408330266,6221.20070636786,6538.064241869363,5740.19,5619.2,4253.63,8000,8000,5000,0.7175237499999999,0.7024,0.850726,30000,0.5204340000000001,6009,2193.53,-1,-1,-1,NOT_CONSIDERED,CAPEX_DEFERRED|CAPEX_DEFERRED,12487847.447787575,false
global-disease-crisis,seed-2,CONSV,7,4750.29,0,4750.29,0,4275.5,474.79,0,0,0,-1,5.211817986526383,100,5897.599999999999,10522.29,3734,4703.73,5954.48,3402.56,8000,7000,4000,0.5879662499999999,0.85064,0.85064,30000,0.46869233333333327,5038,2112.63,-1,-1,-1,NOT_CONSIDERED,CAPEX_DEFERRED|CAPEX_DEFERRED|CAPEX_DEFERRED,10723966.63008459,false
global-disease-crisis,seed-2,VAP,7,2396.06,0,2396.06,0,1107.71,1288.35,0,0,0,-1,5.962617394657145,100,5307.766302909328,7008.700826800446,6697.590758848204,5595.82,5089.99,5089.99,8000,6000,6000,0.6994775,0.8483316666666666,0.8483316666666666,30000,0.52586,6500,0,-1,-1,-1,NOT_CONSIDERED,CAPEX_DEFERRED|CAPEX_DEFERRED,28760662.795019012,false
global-disease-crisis,seed-2,JPQ,8,1900.37,0,1900.37,0,0,1900.37,0,0,0,-1,6.972575606297887,100,5538.061560085967,6189.5871676918,6786.8960687499875,5693.65,5676.27,4253.63,8000,8000,5000,0.71170625,0.7095337500000001,0.850726,30000,0.5207849999999999,6009,2070.51,-1,-1,-1,NOT_CONSIDERED,CAPEX_DEFERRED|CAPEX_DEFERRED,35622316.507555895,false
global-disease-crisis,seed-2,CONSV,8,5997.870000000001,0,5997.870000000001,1145.67,4567.8099999999995,284.39,0,0,0,-1,5.16411631353826,100,9086.171836715712,10455.280771272872,3209.844356072396,8842.66,5510.01,3057.83,12000,7350,4000,0.7368883333333334,0.749661224489796,0.7644575,30000,0.58035,5038,2446.69,-1,-1,-1,NOT_CONSIDERED,CAPEX_PROPOSED|CAPEX_DEFERRED,31208240.78248925,false
global-disease-crisis,seed-2,VAP,8,3167.92,0,3167.92,0,1925.43,1242.49,0,0,0,-1,5.963684358985771,100,5383.370048595072,7910.488923104149,6728.785739342145,5624.03,5098.71,5098.71,8000,6000,6000,0.7030037499999999,0.849785,0.849785,30000,0.5273816666666666,6500,0,-1,-1,-1,NOT_CONSIDERED,CAPEX_PROPOSED|CAPEX_DEFERRED,35095906.03254989,false
global-disease-crisis,seed-2,JPQ,9,2756.05,0,2756.05,0,396.18,2359.87,0,0,0,-1,7.065888605323472,100,5531.558237426124,6578.49876122033,7240.64796938447,5009.7,6804.43,4254.05,8000,8000,5000,0.6262125,0.85055375,0.8508100000000001,30000,0.535606,6009,1509.96,-1,-1,-1,NOT_CONSIDERED,CAPEX_DEFERRED|CAPEX_PROPOSED,44419857.81735195,false
global-disease-crisis,seed-2,CONSV,9,5353.599999999999,0,5353.599999999999,249.58,4949.7699999999995,154.25,0,0,0,-1,5.473670999634517,100,8190.223125750174,10837.328128301106,3079.7427360444713,10088.38,6188.21,3373.48,12000,7350,4000,0.8406983333333332,0.8419333333333333,0.84337,30000,0.6550023333333334,5709,213.46,-1,-1,-1,NOT_CONSIDERED,CAPEX_DEFERRED|CAPEX_DEFERRED,23781048.089998085,false
global-disease-crisis,seed-2,VAP,9,4350.9800000000005,0,4350.9800000000005,0,2855.0600000000004,1495.92,0,0,0,-1,6.115726130007154,100,5380.063639355188,8836.411527130302,6978.826391945855,5438.25,5106.4,5106.4,8000,6000,6000,0.67978125,0.8510666666666666,0.8510666666666666,30000,0.5217016666666666,6500,0,-1,-1,-1,NOT_CONSIDERED,CAPEX_DEFERRED|CAPEX_DEFERRED,31090675.465977527,false
global-disease-crisis,seed-2,JPQ,10,2715.53,0,2715.53,0,0,2715.53,0,0,0,-1,7.306412098938713,100,5848.02807434437,6536.0076306280125,7875.539133488355,5767.75,5584.44,4253.63,8000,8000,5000,0.72096875,0.698055,0.850726,30000,0.520194,6009,2269.6,-1,-1,-1,MONITORING,CAPEX_DEFERRED|CAPEX_PROPOSED|CAPEX_DEFERRED,54308021.8198768,false
global-disease-crisis,seed-2,CONSV,10,4653.5199999999995,0,4653.5199999999995,0,4653.5199999999995,0,0,0,0,-1,5.418072838503387,100,7940.758868347727,10541.18134691304,2925.539059453862,9534.45,6254.71,3403.93,12000,7350,4000,0.7945375,0.8509809523809524,0.8509825,30000,0.6397696666666667,5991,0,-1,-1,-1,NOT_CONSIDERED,CAPEX_DEFERRED|CAPEX_DEFERRED,35738395.672915936,false
global-disease-crisis,seed-2,VAP,10,5422.84,0,5422.84,0,3787.43,1635.41,0,0,0,-1,6.001489385707063,100,5367.306114982525,9754.610401594016,7105.316323970566,5354.32,5106.4,5106.4,8000,6000,6000,0.6692899999999999,0.8510666666666666,0.8510666666666666,30000,0.5189039999999999,6500,0,-1,-1,-1,NOT_CONSIDERED,CAPEX_DEFERRED|CAPEX_PROPOSED,41894095.84001413,false
global-disease-crisis,seed-2,JPQ,11,4569.750000000001,0,4569.750000000001,0,907.85,3661.9,0,0,0,-1,7.111072076681498,100,5850.4226106542665,7446.554726557333,8824.030644559918,5038.85,6803.75,4253.63,8000,8000,5000,0.62985625,0.85046875,0.850726,30000,0.5365409999999999,6009,1775.83,-1,-1,-1,MONITORING,CAPEX_DEFERRED|CAPEX_DEFERRED|CAPEX_DEFERRED|CAPEX_DEFERRED,64923939.988171846,false
global-disease-crisis,seed-2,CONSV,11,4290.78,0,4290.78,0,4290.78,0,0,0,0,-1,5.566597457088223,100,8840.06501157418,10845.212946663789,3460.4201854517346,8657.01,6255.34,3616.67,12000,7350,4250,0.7214175,0.8510666666666666,0.8509811764705882,30000,0.617634,5991,0,-1,-1,-1,NOT_CONSIDERED,CAPEX_DEFERRED,43877872.07489889,false
global-disease-crisis,seed-2,VAP,11,6802.050000000001,0,6802.050000000001,0,4729.040000000001,2073.01,0,0,0,-1,6.16792480881889,100,5372.866182289635,10702.413971365335,7548.592930474489,5415.91,5106.4,5106.4,8000,6000,6000,0.67698875,0.8510666666666666,0.8510666666666666,30000,0.520957,6500,0,-1,-1,-1,NOT_CONSIDERED,CAPEX_DEFERRED|CAPEX_DEFERRED|CAPEX_DEFERRED,45073050.80118644,false
global-disease-crisis,seed-2,JPQ,12,6013.340000000001,0,6013.340000000001,685.71,742.25,4585.380000000001,0,0,0,-1,7.139977766555825,91.21,6567.687219067162,7316.243763111751,9775.370385079274,6537.43,6483.55,4068.48,8000,8000,5000,0.8171787500000001,0.81044375,0.813696,30000,0.5696486666666667,6009,777.03,-1,-1,-1,MONITORING,CAPEX_DEFERRED|CAPEX_DEFERRED|CAPEX_DEFERRED|CAPEX_DEFERRED,60336434.53048234,false
global-disease-crisis,seed-2,CONSV,12,4594.57,0,4594.57,0,4594.57,0,0,0,0,-1,5.739668035649158,100,8846.4,11466.060000000001,3462.9,8545.29,6551.9,3616.67,12000,7700,4250,0.7121075000000001,0.8508961038961038,0.8509811764705882,30000,0.6237953333333334,5991,0,-1,-1,-1,NOT_CONSIDERED,CAPEX_PROPOSED,39873483.38546221,false
global-disease-crisis,seed-2,VAP,12,8172.62,0,8172.62,0,5670.639999999999,2501.98,0,0,0,-1,6.3653778905276095,87.43,5366.765841273846,11985.263764500904,7971.3390879092785,5455.26,5403.73,5106.4,8000,6350,6000,0.6819075,0.8509811023622047,0.8510666666666666,30000,0.5321796666666666,6500,0,-1,-1,-1,NOT_CONSIDERED,CAPEX_PROPOSED|CAPEX_DEFERRED|CAPEX_DEFERRED,56861194.449366376,false
global-disease-crisis,seed-2,JPQ,13,6578.3099999999995,516.9,6061.41,87.66,896.85,5593.8,0,0,516.9,7.88126614868876,7.561754551499163,90.76,5976.146372062227,7478.097725076338,10789.51510475326,6807.17,6807.17,4254.48,8000,8000,5000,0.85089625,0.85089625,0.8508959999999999,30000,0.5956273333333333,6370,0,-1,-1,-1,MONITORING,CAPEX_PROPOSED|CAPEX_DEFERRED|CAPEX_DEFERRED|CAPEX_DEFERRED,74173881.91614443,false
global-disease-crisis,seed-2,CONSV,13,4914.16,0,4914.16,0,4914.16,0,0,0,0,-1,5.901789175955891,100,8846.409999999998,11785.639999999998,3462.909999999999,8806.08,6553.22,3617.03,12000,7700,4250,0.73384,0.8510675324675325,0.8510658823529412,30000,0.6325443333333333,6179,0,-1,-1,-1,NOT_CONSIDERED,CAPEX_DEFERRED,55871957.33712802,false
global-disease-crisis,seed-2,VAP,13,9444.13,266.91,9177.22,0,6625.65,2818.48,0,266.91,0,5.7666583831396,6.55324839557087,86.38,5368.657721004458,12942.504650252507,8289.779337545959,5420.09,5404.28,5106.4,8000,6350,6000,0.67751125,0.851067716535433,0.8510666666666666,30000,0.5310256666666666,6500,0,-1,-1,-1,NOT_CONSIDERED,CAPEX_DEFERRED|CAPEX_DEFERRED|CAPEX_DEFERRED,67920771.37345776,false
global-disease-crisis,seed-2,JPQ,14,7087.429999999999,1339.32,5748.11,0,727.82,6359.61,0,0,1339.32,8.09806982604958,7.709020394478901,87.6,5898.702517126122,7608.916259390167,11564.359199223662,6807.85,7105.7,4254.91,8000,8350,5000,0.85098125,0.8509820359281437,0.850982,30000,0.6056153333333333,6583,0,-1,-1,-1,MONITORING,CAPEX_DEFERRED|CAPEX_PROPOSED|CAPEX_DEFERRED|CAPEX_DEFERRED,84492773.59145066,false
global-disease-crisis,seed-2,CONSV,14,5232.42,0,5232.42,0,5232.42,0,0,0,0,-1,5.956639272151949,100,8843.71801536267,12101.824521867597,3461.854057462919,8935.29,6553.22,3460.01,12000,7700,4250,0.7446075000000001,0.8510675324675325,0.8141200000000001,30000,0.6316173333333335,6179,0,-1,-1,-1,NOT_CONSIDERED,CAPEX_DEFERRED,69641356.71314211,false
global-disease-crisis,seed-2,VAP,14,10640.07,1221.37,9418.7,0,7573.82,3066.25,0,1221.37,0,5.92879286461559,6.662167501462984,85.57,5371.599373325329,13894.140585103296,8540.546872548954,5389.68,5404.28,5106.4,8000,6350,6000,0.67371,0.851067716535433,0.8510666666666666,30000,0.5300119999999999,6500,0,-1,-1,-1,NOT_CONSIDERED,CAPEX_DEFERRED|CAPEX_DEFERRED|CAPEX_DEFERRED,82378156.41475517,false
global-disease-crisis,seed-2,JPQ,15,7740.160000000001,2104.7000000000003,5635.460000000001,0,550.68,7189.4800000000005,0,0,2104.7000000000003,8.079264142425329,7.6269534945879895,71.68,8333.923706400728,7031.939784414096,12336.903465718096,7271.21,7103.55,4466.31,12000,8350,5250,0.6059341666666667,0.8507245508982036,0.8507257142857143,30000,0.6280356666666667,6583,1759.61,-1,-1,-1,NOT_CONSIDERED,CAPEX_DEFERRED|CAPEX_PROPOSED|CAPEX_DEFERRED,101491890.55827709,false
global-disease-crisis,seed-2,CONSV,15,5550.679999999999,0,5550.679999999999,0,5550.679999999999,0,0,0,0,-1,5.852597990005646,100,8843.802448994438,12420.15010613553,3461.8971058982634,8891.89,6553.22,3408.23,12000,7700,4250,0.7409908333333333,0.8510675324675325,0.8019364705882353,30000,0.6284446666666667,6179,0,-1,-1,-1,NOT_CONSIDERED,CAPEX_DEFERRED,90355126.28806934,false
global-disease-crisis,seed-2,VAP,15,11870.289999999999,2169.54,9700.75,0,8512.17,3358.1200000000003,0,2169.54,0,5.986852407124253,6.587426206802294,79.18,5369.663458805504,14830.209603440395,8830.438628662525,5378.04,5404.28,5106.4,8000,6350,6000,0.672255,0.851067716535433,0.8510666666666666,30000,0.529624,6500,0,-1,-1,-1,NOT_CONSIDERED,CAPEX_DEFERRED|CAPEX_DEFERRED|CAPEX_DEFERRED,100872990.53152972,false
global-disease-crisis,seed-2,JPQ,16,7880.130000000001,2723.1700000000005,5156.960000000001,0,0,7880.130000000001,0,0,2723.1700000000005,7.982756179457672,8.830377229138133,74.34,8339.476125700841,6485.567956851705,13030.982901168169,10064.97,7017.01,4467.2,12000,8350,5250,0.8387475,0.8403604790419162,0.850895238095238,30000,0.718306,7270,228.78,-1,-1,-1,NOT_CONSIDERED,CAPEX_DEFERRED|CAPEX_DEFERRED|CAPEX_DEFERRED,94951082.05217734,false
global-disease-crisis,seed-2,CONSV,16,5868.94,0,5868.94,0,5868.94,0,0,0,0,-1,6.646226907232777,100,8843.832977428972,13050.66730179969,3461.881235349597,8832.39,6851.09,3444.6,12000,8050,4250,0.7360325,0.8510670807453417,0.8104941176470588,30000,0.6376026666666667,6179,0,-1,-1,-1,NOT_CONSIDERED,CAPEX_PROPOSED,100742073.79241118,false
global-disease-crisis,seed-2,VAP,16,13206.11,3107.8899999999994,10098.220000000001,0,9457,3749.1099999999997,0,3107.8899999999994,0,5.8603375374476,7.507169095014509,63.18,5348.529471018886,16097.055897258479,9427.017373994278,5370.89,5702.15,5319.17,8000,6700,6250,0.67136125,0.8510671641791044,0.8510672,30000,0.546407,6500,0,-1,-1,-1,NOT_CONSIDERED,CAPEX_PROPOSED|CAPEX_PROPOSED|CAPEX_DEFERRED,112662056.41625728,false
global-disease-crisis,seed-2,JPQ,17,8450.7,3412.9300000000003,5037.77,0,0,8450.7,0,0,3412.9300000000003,8.929845634574312,8.53804898561435,74.78,8342.587623577743,6488.005398231377,13603.470913448233,9645.6,7105.7,4468.1,12000,8350,5250,0.8038000000000001,0.8509820359281437,0.8510666666666667,30000,0.7073133333333333,7530,0,-1,-1,-1,NOT_CONSIDERED,CAPEX_DEFERRED|CAPEX_DEFERRED|CAPEX_DEFERRED,112558585.0577014,false
global-disease-crisis,seed-2,CONSV,17,6201.669999999999,0,6201.669999999999,0,6201.669999999999,0,0,0,0,-1,6.456891611969323,100,8841.638923784074,13381.633708383946,3461.0362892444236,8823.45,6851.78,3455.62,12000,8050,4250,0.7352875000000001,0.8511527950310559,0.8130870588235294,30000,0.6376949999999999,6179,0,-1,-1,-1,NOT_CONSIDERED,CAPEX_DEFERRED,122198017.92787144,false
global-disease-crisis,seed-2,VAP,17,14430.35,3754.85,10675.5,0,10426.8,4003.55,0,3754.85,0,6.6632806732154926,7.279380530960774,62.13,5347.635434689301,17065.735446457384,9680.500057127592,5370.83,5702.15,5319.17,8000,6700,6250,0.67135375,0.8510671641791044,0.8510672,30000,0.546405,6500,0,-1,-1,-1,NOT_CONSIDERED,CAPEX_DEFERRED|CAPEX_DEFERRED|CAPEX_DEFERRED,126586263.20634407,false
global-disease-crisis,seed-2,JPQ,18,8968.83,3982.5999999999995,4986.2300000000005,0,0,8968.83,0,0,3982.5999999999995,8.584279277671511,8.400425785416806,74.98,8346.07773890587,6762.787627392963,14123.750438015271,8267.86,7404.28,4468.1,12000,8700,5250,0.6889883333333334,0.8510666666666666,0.8510666666666667,30000,0.6713413333333332,7530,0,-1,-1,-1,NOT_CONSIDERED,CAPEX_PROPOSED|CAPEX_DEFERRED|CAPEX_DEFERRED,127877023.44833158,false
global-disease-crisis,seed-2,CONSV,18,6533.72,0,6533.72,0,6533.72,0,0,0,0,-1,6.35919797426122,100,8841.987539503387,13713.956811136193,3461.1727539503395,8842.64,6851.78,3447.8,12000,8050,4250,0.7368866666666666,0.8511527950310559,0.8112470588235294,30000,0.6380739999999999,6179,0,-1,-1,-1,NOT_CONSIDERED,CAPEX_DEFERRED|CAPEX_DEFERRED,146719726.39786038,false
global-disease-crisis,seed-2,VAP,18,15065.570000000002,4724.65,10340.920000000002,0,11399.779999999999,3665.79,0,4724.65,0,6.46644988838855,7.110413243391938,60.81,5335.956973918723,18024.20615855217,9330.33965872986,5365.12,5702.15,5319.17,8000,6700,6250,0.67064,0.8510671641791044,0.8510672,30000,0.5462146666666667,6500,0,-1,-1,-1,NOT_CONSIDERED,CAPEX_DEFERRED|CAPEX_DEFERRED|CAPEX_DEFERRED,146195406.42792934,false
global-disease-crisis,seed-2,JPQ,19,9632.510000000002,4500.7300000000005,5131.780000000002,0,0,9632.510000000002,0,0,4500.7300000000005,8.420231187083614,8.496359343113523,74.78,8357.790852030243,6772.2607063137275,14794.66879610121,7935.84,7404.28,4468.1,12000,8700,5250,0.66132,0.8510666666666666,0.8510666666666667,30000,0.660274,7530,0,-1,-1,-1,NOT_CONSIDERED,CAPEX_DEFERRED|CAPEX_DEFERRED,147836072.36008874,false
global-disease-crisis,seed-2,CONSV,19,6865.76,0,6865.76,0,6865.76,0,0,0,0,-1,6.4441716594761695,87.14,8842.005286469319,14046.011222762256,3461.179700953451,8853.97,6851.78,3459.77,12000,8050,4250,0.7378308333333333,0.8511527950310559,0.8140635294117647,30000,0.6388506666666667,6179,0,-1,-1,-1,NOT_CONSIDERED,CAPEX_DEFERRED|CAPEX_DEFERRED,168807842.4922169,false
global-disease-crisis,seed-2,VAP,19,16259.28,5697.630000000001,10561.65,0,12413.730000000001,3845.55,0,5697.630000000001,0,6.363860863241519,7.234548670339708,61.89,5333.115926162652,19034.656890310747,9507.100738958281,5404.77,5702.15,5319.17,8000,6700,6250,0.67559625,0.8510671641791044,0.8510672,30000,0.5475363333333333,6500,0,-1,-1,-1,NOT_CONSIDERED,CAPEX_DEFERRED|CAPEX_DEFERRED|CAPEX_DEFERRED,167300646.2360123,false
global-disease-crisis,seed-2,JPQ,20,10148.12,5164.41,4983.710000000001,0,0,10148.12,0,0,5164.41,8.49727910405327,8.340242099999474,75.33,8840.380831186616,7163.305389520093,15608.361931797073,8766.46,7405.03,4468.55,12000,8700,5250,0.7305383333333333,0.8511528735632183,0.851152380952381,30000,0.6880013333333332,7530,0,-1,-1,-1,MONITORING,CAPEX_DEFERRED|CAPEX_DEFERRED,174001440.3462477,false
global-disease-crisis,seed-2,CONSV,20,7197.799999999999,13.98,7183.82,0,7197.799999999999,0,0,13.98,0,6.486918974239224,6.30414164832159,88.32,8840.923507867969,14689.329387318528,3460.766235376093,8849.3,7148.96,3457.35,12000,8400,4250,0.7374416666666666,0.8510666666666666,0.8134941176470588,30000,0.6485203333333333,6179,0,-1,-1,-1,NOT_CONSIDERED,CAPEX_PROPOSED|CAPEX_DEFERRED,194577489.8307827,false
global-disease-crisis,seed-2,VAP,20,17573.31,6711.58,10861.730000000001,0,13437.64,4135.67,0,6711.58,0,6.44560442858331,7.119718113382128,62.11,5315.21550543021,20381.008400670806,9778.18051287318,5413.74,6000.02,5319.17,8000,7050,6250,0.6767175,0.8510666666666667,0.8510672,30000,0.5577643333333333,6500,0,-1,-1,-1,NOT_CONSIDERED,CAPEX_PROPOSED|CAPEX_DEFERRED|CAPEX_DEFERRED,190799511.7201018,false
global-disease-crisis,seed-2,JPQ,21,11074.27,5679.570000000001,5394.7,0,0,11074.27,0,0,5679.570000000001,8.38869410387756,8.412820640657655,74.93,8846.521254643001,7168.2889823464075,16798.50073334767,9204.81,7286.78,4680.87,12000,8700,5500,0.7670674999999999,0.8375609195402298,0.8510672727272727,30000,0.7057486666666667,7530,0,-1,-1,-1,MONITORING,CAPEX_PROPOSED|CAPEX_DEFERRED,191610553.53686175,false
global-disease-crisis,seed-2,CONSV,21,7545.01,48.84,7496.17,0,7545.01,0,0,48.84,0,6.349514813191414,6.3606998257581004,87.14,8843.104841051623,15038.377786364797,3461.6001224259876,8846.96,7149.68,3462.87,12000,8400,4250,0.7372466666666666,0.851152380952381,0.8147929411764706,30000,0.6486503333333333,6179,0,-1,-1,-1,NOT_CONSIDERED,CAPEX_DEFERRED|CAPEX_DEFERRED,214476244.68408105,false
global-disease-crisis,seed-2,VAP,21,18988.11999999999,7437.619999999999,11550.499999999993,0,14504.349999999999,4483.7699999999995,0,7437.619999999999,0,6.323898128258249,7.193924115574553,61.05,5316.480137390196,21449.395001812718,10127.646757547867,5414.05,6000.02,5319.17,8000,7050,6250,0.6767562500000001,0.8510666666666667,0.8510672,30000,0.5577746666666666,6500,0,-1,-1,-1,NOT_CONSIDERED,CAPEX_DEFERRED|CAPEX_DEFERRED|CAPEX_DEFERRED,209907934.65125316,false
global-disease-crisis,seed-2,JPQ,22,11734.99,6393.400000000001,5341.589999999999,0,0,11734.99,0,0,6393.400000000001,8.44175291109536,8.221607181036852,75.12,8824.791091523515,7438.345130949029,17445.153602928753,9042.44,7446.18,4681.34,12000,9050,5500,0.7535366666666667,0.822782320441989,0.8511527272727273,30000,0.7056653333333335,7530,0,-1,-1,-1,MONITORING,CAPEX_DEFERRED|CAPEX_DEFERRED,214851913.1829801,false
global-disease-crisis,seed-2,CONSV,22,7891.490000000002,395.33,7496.160000000002,0,7891.490000000002,0,0,395.33,0,6.405014987340334,6.230879114100507,86.24,8840.14539251222,15382.35004312878,3460.4516503584023,8842.64,7149.68,3418,12000,8400,4250,0.7368866666666666,0.851152380952381,0.804235294117647,30000,0.6470106666666666,6179,0,-1,-1,-1,NOT_CONSIDERED,CAPEX_DEFERRED|CAPEX_DEFERRED,237457708.04859513,false
global-disease-crisis,seed-2,VAP,22,19645.149999999998,8504.33,11140.819999999998,0,15566.33,4078.82,0,8504.33,0,6.360969196116017,6.98015050683438,59.37,5310.102460671264,22503.05182354064,9941.418897545956,5399.26,5999.42,5530.82,8000,7050,6500,0.6749075,0.850981560283688,0.8508953846153846,30000,0.5643166666666667,6500,0,-1,-1,-1,NOT_CONSIDERED,CAPEX_DEFERRED|CAPEX_PROPOSED|CAPEX_DEFERRED,233427815.1241012,false
global-disease-crisis,seed-2,JPQ,23,12600.25,7053.649999999999,5546.600000000001,0,0,12600.25,0,0,7053.649999999999,8.328595224703884,7.839301748959285,74.75,8810.111709904964,7425.971998751875,18300.915171774697,8838.51,7552.32,4681.34,12000,9050,5500,0.7365425,0.834510497237569,0.8511527272727273,30000,0.7024056666666667,7530,0,-1,-1,-1,MONITORING,CAPEX_DEFERRED|CAPEX_DEFERRED,239582601.0538013,false
global-disease-crisis,seed-2,CONSV,23,8237.970000000001,741.81,7496.160000000002,0,8237.970000000001,0,0,741.81,0,6.273118213498566,5.952733083012596,85.7,9145.719394525451,15987.753130550425,3580.0539562151635,9146.32,7148.24,3531.92,12000,8400,4250,0.7621933333333333,0.8509809523809524,0.83104,30000,0.6608826666666666,6179,0,-1,-1,-1,MONITORING,CAPEX_DEFERRED|CAPEX_DEFERRED,262487502.38183224,false
global-disease-crisis,seed-2,VAP,23,20391.440000000002,9566.91,10824.530000000002,0,16629.48,3761.96,0,9566.91,0,6.2784257770146565,6.6376035345622535,60.06,5300.214343860958,23553.271813973046,9613.617208867312,5391.96,6000.02,5531.94,8000,7050,6500,0.673995,0.8510666666666667,0.8510676923076922,30000,0.5641306666666666,6716,0,-1,-1,-1,NOT_CONSIDERED,CAPEX_DEFERRED|CAPEX_DEFERRED|CAPEX_DEFERRED,255700475.79378486,false
global-disease-crisis,seed-2,JPQ,24,13632.25,7918.910000000001,5713.339999999999,0,0,13632.25,0,0,7918.910000000001,8.01721344385713,7.8547803059955354,74.18,8827.938040000492,7440.997668401565,19344.43995645917,8855.46,7562.3,4681.34,12000,9050,5500,0.7379549999999999,0.8356132596685083,0.8511527272727273,30000,0.7033033333333333,7530,0,-1,-1,-1,MONITORING,CAPEX_DEFERRED|CAPEX_DEFERRED,263110948.16204554,false
global-disease-crisis,seed-2,CONSV,24,8848.25,1089.73,7758.52,0,8848.25,0,0,1089.73,0,5.992013056195635,5.974791871096337,87.39,9146.959329625477,16922.05353491202,3580.5493137648828,9263.92,7446.09,3616.67,12000,8750,4250,0.7719933333333333,0.8509817142857143,0.8509811764705882,30000,0.677556,6441,0,-1,-1,-1,MONITORING,CAPEX_PROPOSED|CAPEX_DEFERRED,282818779.9378021,false
global-disease-crisis,seed-2,VAP,24,21931.96,10629.46,11302.5,0,17728.62,4203.34,0,10629.46,0,6.0560106203474975,6.716570965041657,61.64,5288.357664383254,24979.887304020987,10041.915030891363,5419.91,6297.9,5531.94,8000,7400,6500,0.67748875,0.8510675675675675,0.8510676923076922,30000,0.5749916666666667,6716,0,-1,-1,-1,NOT_CONSIDERED,CAPEX_PROPOSED|CAPEX_DEFERRED|CAPEX_DEFERRED,277625239.9952825,false
global-disease-crisis,seed-2,JPQ,25,14565.55,8950.91,5614.639999999999,0,0,14565.55,0,0,8950.91,7.893194896533408,7.636064022459428,74.52,8824.206084878328,7437.852033573048,20275.325164186026,8911.04,7509.98,4681.34,12000,9050,5500,0.7425866666666667,0.829832044198895,0.8511527272727273,30000,0.703412,7530,0,-1,-1,-1,MONITORING,CAPEX_DEFERRED|CAPEX_DEFERRED,290102382.3521884,false
global-disease-crisis,seed-2,CONSV,25,9483.970000000001,1402.16,8081.810000000001,0,9483.970000000001,0,0,1402.16,0,6.017757215812616,5.80846545638488,86.17,9144.582062050262,17555.675177341975,3579.6187396278024,9196.99,7447.58,3599.36,12000,8750,4250,0.7664158333333333,0.851152,0.8469082352941176,30000,0.6747976666666666,6441,0,-1,-1,-1,MONITORING,CAPEX_DEFERRED|CAPEX_DEFERRED,303088225.3892404,false
global-disease-crisis,seed-2,VAP,25,23395.65,11430.720000000001,11964.93,0,18852.030000000002,4543.620000000001,0,11430.720000000001,0,5.97560473805217,6.536597513163131,60.33,5288.076431037867,26102.921924474875,10381.893179091188,5421.86,6297.9,5531.94,8000,7400,6500,0.6777325,0.8510675675675675,0.8510676923076922,30000,0.5750566666666665,6716,0,-1,-1,-1,NOT_CONSIDERED,CAPEX_DEFERRED|CAPEX_DEFERRED|CAPEX_DEFERRED,298127114.19519585,false
global-disease-crisis,seed-2,JPQ,26,15383.89,9884.21,5499.68,0,0,15383.89,0,0,9884.21,7.7529896523873125,7.582059135447066,74.91,8840.347792975717,7451.476035690529,21104.106287056486,8944.53,7504.74,4681.34,12000,9050,5500,0.7453775,0.8292530386740331,0.8511527272727273,30000,0.7043536666666667,7530,0,-1,-1,-1,MONITORING,CAPEX_DEFERRED|CAPEX_DEFERRED,314611302.4041197,false
global-disease-crisis,seed-2,CONSV,26,10118.200000000003,2036.39,8081.810000000002,0,10118.200000000003,0,0,2036.39,0,5.848865580966372,5.767081620557819,85.1,9145.681587524183,18190.865713639316,3580.0591342166094,9133.99,7447.58,3541.44,12000,8750,4250,0.7611658333333333,0.851152,0.83328,30000,0.670767,6441,0,-1,-1,-1,MONITORING,CAPEX_DEFERRED|CAPEX_DEFERRED,322759768.08642304,false
global-disease-crisis,seed-2,VAP,26,24130.84,12554.13,11576.710000000001,0,19976.52,4154.320000000001,0,12554.13,0,5.882845953653443,6.437854178323238,58.71,5288.162692045703,27227.524273216095,9992.697337240068,5413.96,6297.9,5531.94,8000,7400,6500,0.676745,0.8510675675675675,0.8510676923076922,30000,0.5747933333333333,6716,0,-1,-1,-1,NOT_CONSIDERED,CAPEX_DEFERRED|CAPEX_DEFERRED|CAPEX_DEFERRED,318779617.08058554,false
global-disease-crisis,seed-2,JPQ,27,16354.490000000002,10702.550000000001,5651.9400000000005,0,0,16354.490000000002,0,0,10702.550000000001,7.614144503373962,7.482373739085535,74.39,9147.090387996499,7710.012496908698,22542.22440123355,9223.49,7700.61,4892.65,12000,9050,5750,0.7686241666666667,0.8508961325966851,0.8508956521739129,30000,0.727225,7530,0,-1,-1,-1,DEFERRED,CAPEX_PROPOSED|CAPEX_DEFERRED,339204951.6186888,false
global-disease-crisis,seed-2,CONSV,27,10752.42,2670.62,8081.8,0,10752.42,0,0,2670.62,0,5.805708140692197,5.697404019674764,83.32,9148.556302501094,18827.62198077225,3581.18834705005,9136.84,7447.58,3556.59,12000,8750,4250,0.7614033333333333,0.851152,0.8368447058823529,30000,0.6713669999999999,6441,0,-1,-1,-1,MONITORING,CAPEX_DEFERRED|CAPEX_DEFERRED,343441036.695396,false
global-disease-crisis,seed-2,VAP,27,25242.39,13678.619999999999,11563.77,0,21100.620000000003,4141.77,0,13678.619999999999,0,5.790759074137681,6.365949654119407,59.56,5294.0482821949145,28359.69231500788,9986.631695887001,5415.98,6297.9,5531.94,8000,7400,6500,0.6769974999999999,0.8510675675675675,0.8510676923076922,30000,0.5748606666666667,6716,0,-1,-1,-1,NOT_CONSIDERED,CAPEX_DEFERRED|CAPEX_DEFERRED|CAPEX_DEFERRED,340045404.3189964,false
global-disease-crisis,seed-2,JPQ,28,17613.97,11461.84,6152.130000000001,0,0,17613.97,0,0,11461.84,7.540630494798427,7.274387190935111,73.39,9149.675057694616,7712.1666740720275,23803.445551475885,9308.88,7702.16,4893.64,12000,9050,5750,0.77574,0.8510674033149171,0.8510678260869565,30000,0.730156,7838,0,-1,-1,-1,DEFERRED,CAPEX_DEFERRED|CAPEX_DEFERRED,359325291.70828474,false
global-disease-crisis,seed-2,CONSV,28,11386.630000000001,3304.8399999999997,8081.790000000001,0,11386.630000000001,0,0,3304.8399999999997,0,5.72603213831942,5.5593679004701535,61.19,9148.585272720808,19784.87504732269,3581.1896955182106,9155.12,7743.93,3588.55,12000,9100,4250,0.7629266666666668,0.8509813186813188,0.844364705882353,30000,0.6829200000000001,6441,0,-1,-1,-1,MONITORING,CAPEX_PROPOSED|CAPEX_DEFERRED,365327026.0630446,false
global-disease-crisis,seed-2,VAP,28,26726.879999999997,14802.720000000001,11924.159999999996,0,22201.969999999998,4524.91,0,14802.720000000001,0,5.7349526202060455,6.24304633009291,60.45,5275.937595686977,29778.345041776807,10573.803758763355,5377.97,6594.44,5743.55,8000,7750,6750,0.67224625,0.8508954838709677,0.8508962962962964,30000,0.590532,6716,0,-1,-1,-1,NOT_CONSIDERED,CAPEX_PROPOSED|CAPEX_PROPOSED|CAPEX_DEFERRED,362353442.9258597,false
global-disease-crisis,seed-2,JPQ,29,18823.510000000002,12720.330000000002,6103.18,0,0,18823.510000000002,0,0,12720.330000000002,7.404733876269527,7.431761083035672,73.56,9152.569282752098,7714.632872009137,25014.946913024825,9245.69,7702.93,4894.13,12000,9050,5750,0.7704741666666667,0.8511524861878453,0.8511530434782609,30000,0.7280916666666668,7838,0,-1,-1,-1,DEFERRED,CAPEX_DEFERRED|CAPEX_DEFERRED,377306962.57915574,false
global-disease-crisis,seed-2,CONSV,29,12047.77,3642.7000000000003,8405.07,0,12047.77,0,0,3642.7000000000003,0,5.5830561616790435,5.6944865711936465,60.25,9151.035363190893,20448.245019166738,3582.144864664322,9164.82,7743.93,3596.21,12000,9100,4250,0.7637349999999999,0.8509813186813188,0.8461670588235294,30000,0.6834986666666666,6441,0,-1,-1,-1,MONITORING,CAPEX_DEFERRED|CAPEX_DEFERRED,380758606.383409,false
global-disease-crisis,seed-2,VAP,29,28213.64,15607.529999999997,12606.110000000002,0,23331.459999999995,4882.18,0,15607.529999999997,0,5.639998644515949,6.397652596688821,59.78,5276.787078064618,30909.095495146365,10932.060783464589,5366.84,6595.11,5744.13,8000,7750,6750,0.670855,0.8509819354838709,0.8509822222222222,30000,0.5902026666666668,6976,0,-1,-1,-1,NOT_CONSIDERED,CAPEX_DEFERRED|CAPEX_DEFERRED|CAPEX_DEFERRED,376394163.4461121,false
global-disease-crisis,seed-2,JPQ,30,19446.829999999998,13929.38,5517.449999999999,0,0,19446.829999999998,0,0,13929.38,7.394316792454359,7.233781267764826,75.46,9107.529003490083,7676.66720083465,25607.805211567756,9144.95,7702.93,4894.13,12000,9050,5750,0.7620791666666668,0.8511524861878453,0.8511530434782609,30000,0.7247336666666667,7838,0,-1,-1,-1,DEFERRED,CAPEX_DEFERRED|CAPEX_DEFERRED,400733171.1382121,false
global-disease-crisis,seed-2,CONSV,30,12698.58,4303.84,8394.74,0,12698.58,0,0,4303.84,0,5.714270416320101,5.555336367138883,60.24,9151.47130626905,21099.465201575662,3582.315513251803,9161.73,7745.49,3564.65,12000,9100,4250,0.7634774999999999,0.8511527472527473,0.8387411764705882,30000,0.6823956666666667,6441,0,-1,-1,-1,MONITORING,CAPEX_DEFERRED|CAPEX_DEFERRED,400306854.56411874,false
global-disease-crisis,seed-2,VAP,30,28563.86,16736.35,11827.510000000002,0,24456.760000000002,4107.1,0,16736.35,0,5.6411726611332,6.154454043060798,57.26,5270.167232646464,32024.887972423585,10149.39540479933,5366.23,6595.77,5744.7,8000,7750,6750,0.67077875,0.8510670967741936,0.8510666666666666,30000,0.5902233333333333,6976,0,-1,-1,-1,NOT_CONSIDERED,CAPEX_DEFERRED|CAPEX_DEFERRED|CAPEX_DEFERRED,393680289.9094615,false
global-disease-crisis,seed-2,JPQ,31,20323.43,14552.7,5770.73,0,0,20323.43,0,0,14552.7,7.3546947194996655,7.4100217242680255,74.63,9074.158139600626,7648.540700095388,26461.833991709434,9143.03,7702.93,4894.13,12000,9050,5750,0.7619191666666667,0.8511524861878453,0.8511530434782609,30000,0.7246696666666667,7838,0,-1,-1,-1,DEFERRED,CAPEX_DEFERRED|CAPEX_DEFERRED,420593610.2811861,false
global-disease-crisis,seed-2,CONSV,31,13358.16,4953.089999999999,8405.07,0,13358.16,0,0,4953.089999999999,0,5.570145202022496,5.691423404302167,60.23,9336.973740569087,21929.32958290953,3654.9407698436335,9337.77,7743.93,3616.67,12000,9100,4250,0.7781475,0.8509813186813188,0.8509811764705882,30000,0.6899456666666668,6441,0,-1,-1,-1,DEFERRED,CAPEX_DEFERRED|CAPEX_DEFERRED,416741606.50030774,false
global-disease-crisis,seed-2,VAP,31,29189.590000000007,17860.99,11328.600000000006,0,25608.310000000005,3581.2799999999997,0,17860.99,0,5.623881788268643,6.26256742805659,57.81,5260.803293066111,33162.994818889536,9612.839984132763,5385.28,6595.77,5744.7,8000,7750,6750,0.67316,0.8510670967741936,0.8510666666666666,30000,0.5908583333333334,6976,0,-1,-1,-1,NOT_CONSIDERED,CAPEX_DEFERRED|CAPEX_DEFERRED|CAPEX_DEFERRED,410548657.3219347,false
global-disease-crisis,seed-2,JPQ,32,21500.090000000004,15429.300000000005,6070.789999999999,0,0,21500.090000000004,0,0,15429.300000000005,7.371014531111202,7.260512134960537,73.66,9065.802675952453,7641.488099999947,27632.841763632576,9202.36,7702.93,4894.13,12000,9050,5750,0.7668633333333333,0.8511524861878453,0.8511530434782609,30000,0.7266473333333334,7838,0,-1,-1,-1,DEFERRED,CAPEX_DEFERRED|CAPEX_DEFERRED,444894444.7659536,false
global-disease-crisis,seed-2,CONSV,32,14189.83,5614.2300000000005,8575.599999999999,0,14189.83,0,0,5614.2300000000005,0,5.702500422006471,5.58196257908708,60.25,9337.006456563076,23090.69989843173,3654.9474940551004,9404.08,8041.78,3617.03,12000,9450,4250,0.7836733333333333,0.8509820105820105,0.8510658823529412,30000,0.7020963333333333,6671,0,-1,-1,-1,DEFERRED,CAPEX_PROPOSED|CAPEX_DEFERRED,437100038.0579888,false
global-disease-crisis,seed-2,VAP,32,30814.94,19012.54,11802.399999999998,0,26797.89,4017.05,0,19012.54,0,5.643687604269751,6.192812154070845,59.84,5248.162288485214,34674.7443728049,10034.103534011543,5414.78,6892.26,5744.13,8000,8100,6750,0.6768474999999999,0.8508962962962964,0.8509822222222222,30000,0.6017056666666667,6976,0,-1,-1,-1,NOT_CONSIDERED,CAPEX_PROPOSED|CAPEX_DEFERRED|CAPEX_DEFERRED,429460300.1252277,false
global-disease-crisis,seed-3,JPQ,1,1900,0,1900,0,1900,0,0,0,0,-1,7.005263157894737,-1,4771.23,7232.55,4209.91,4015.62,6783.23,2509.76,8000,8000,5000,0.5019525,0.84790375,0.5019520000000001,30000,0.4436203333333333,5500,2790.77,-1,-1,-1,NOT_CONSIDERED,CAPEX_DEFERRED|CAPEX_DEFERRED,25000000,false
global-disease-crisis,seed-3,CONSV,1,1400,0,1400,1100,300,0,0,0,0,-1,5.582142857142857,-1,6997.600000000001,6546.8,3259.2,6782.54,5934.73,2128.14,8000,7000,4000,0.8478175,0.8478185714285714,0.5320349999999999,30000,0.494847,4500,1273.83,-1,-1,-1,NOT_CONSIDERED,CAPEX_DEFERRED|CAPEX_DEFERRED|CAPEX_DEFERRED,35000000,false
global-disease-crisis,seed-3,VAP,1,1650,0,1650,0,450,1200,0,0,0,-1,8.374242424242425,-1,4414.389999999999,5357.759999999999,5698.780000000001,1032.51,5093.06,5093.06,8000,6000,6000,0.12906375,0.8488433333333334,0.8488433333333334,30000,0.3739543333333334,6500,0,-1,-1,-1,NOT_CONSIDERED,CAPEX_DEFERRED|CAPEX_DEFERRED,22000000,false
global-disease-crisis,seed-3,JPQ,2,1284.48,0,1284.48,755.61,449.32,79.55,0,0,0,-1,5.452158441225616,100,4986.64,5178.117192023859,3812.8128079761404,5694.11,6019.51,3797.33,8000,8000,5000,0.7117637499999999,0.75243875,0.759466,30000,0.5170316666666667,5500,1854.94,-1,-1,-1,NOT_CONSIDERED,CAPEX_DEFERRED|CAPEX_DEFERRED,14494279.701722093,false
global-disease-crisis,seed-3,CONSV,2,1115.09,0,1115.09,215.06,612.0699999999999,287.96,0,0,0,-1,6.219324203933475,100,5789.861007556675,6516.957909319899,3368.7710831234253,5924.61,5067.59,2959.32,8000,7000,4000,0.7405762499999999,0.7239414285714286,0.73983,30000,0.46505066666666667,4500,2169.45,-1,-1,-1,NOT_CONSIDERED,CAPEX_DEFERRED|CAPEX_DEFERRED|CAPEX_DEFERRED,10878104.155727632,false
global-disease-crisis,seed-3,VAP,2,3646.58,0,3646.58,3381.8799999999997,264.7,0,0,0,0,-1,4.656061477439135,100,7176.263401131473,4483.168523492993,3866.9294798685764,6507.15,4892.68,0,8000,6000,6000,0.8133937499999999,0.8154466666666668,0,30000,0.3799943333333333,6500,275.74,-1,-1,-1,NOT_CONSIDERED,CAPEX_DEFERRED|CAPEX_DEFERRED,20033387.12761445,false
global-disease-crisis,seed-3,JPQ,3,0,0,0,0,0,0,0,0,0,-1,-1,100,4359.737470868798,4872.636474015436,3846.8110551157665,5914.99,6396.94,4070.61,8000,8000,5000,0.7393737499999999,0.7996175,0.814122,30000,0.5460846666666667,6008,684.25,-1,-1,-1,NOT_CONSIDERED,CAPEX_DEFERRED,31258479.689132646,false
global-disease-crisis,seed-3,CONSV,3,2325.5699999999997,0,2325.5699999999997,188.05,1791.28,346.24,0,0,0,-1,4.913186012092142,100,5878.009270073228,7818.124886098053,3490.6858438287145,6377.51,5519.62,3188.75,8000,7000,4000,0.79718875,0.7885171428571428,0.7971875,30000,0.5028626666666667,5038,1029.79,-1,-1,-1,NOT_CONSIDERED,CAPEX_DEFERRED|CAPEX_DEFERRED|CAPEX_DEFERRED,35555848.40216327,false
global-disease-crisis,seed-3,VAP,3,3580.76,0,3580.76,1289.11,279.78,2011.87,0,0,0,-1,5.366960089536369,100,5209.608493255698,4638.431427556406,6007.298995063646,6138.97,4612.46,4390.46,8000,6000,6000,0.7673712500000001,0.7687433333333333,0.7317433333333333,30000,0.5047296666666666,6500,0,-1,-1,-1,NOT_CONSIDERED,CAPEX_DEFERRED|CAPEX_DEFERRED|CAPEX_DEFERRED,21999394.844236642,false
global-disease-crisis,seed-3,JPQ,4,0,0,0,0,0,0,0,0,0,-1,-1,100,5275.867229205046,5896.56690727548,4655.176966945629,5791.24,6509.36,4085.87,8000,8000,5000,0.723905,0.81367,0.817174,30000,0.5462156666666665,6008,622.2,-1,-1,-1,NOT_CONSIDERED,CAPEX_DEFERRED,24520627.94174087,false
global-disease-crisis,seed-3,CONSV,4,2935.14,0,2935.14,0,2518.45,416.69,0,0,0,-1,5.195383730879689,100,5759.166414777498,8618.60992406537,3599.3774639478215,4687.66,5933.53,3390.59,8000,7000,4000,0.5859575,0.8476471428571428,0.8476475,30000,0.46705933333333327,5038,2112.63,-1,-1,-1,NOT_CONSIDERED,CAPEX_DEFERRED|CAPEX_PROPOSED|CAPEX_PROPOSED,32778967.196846355,false
global-disease-crisis,seed-3,VAP,4,2695.2299999999996,0,2695.2299999999996,0,575.06,2120.17,0,0,0,-1,6.261028190215616,100,4085.128717564253,5116.759150938893,6283.394221693984,5754.23,5089.99,5088.96,8000,6000,6000,0.71927875,0.8483316666666666,0.84816,30000,0.531106,6500,0,-1,-1,-1,NOT_CONSIDERED,CAPEX_DEFERRED|CAPEX_DEFERRED,15776882.371266536,false
global-disease-crisis,seed-3,JPQ,5,387.73,0,387.73,0,0,387.73,0,0,0,-1,6.497778260348856,100,5347.9014202348835,5977.066293203692,5106.4665472660745,5364.35,6019.86,4239.95,8000,8000,5000,0.67054375,0.7524824999999999,0.8479899999999999,30000,0.5208053333333333,6008,1103.81,-1,-1,-1,NOT_CONSIDERED,CAPEX_DEFERRED,24176780.363808237,false
global-disease-crisis,seed-3,CONSV,5,4035.09,0,4035.09,918.09,2831.71,285.29,0,0,0,-1,4.790284458083378,100,6711.864777381515,8968.537231305418,3487.1129032897843,6371.72,5519.62,3188.75,8000,7000,4000,0.796465,0.7885171428571428,0.7971875,30000,0.5026696666666667,5038,1029.79,-1,-1,-1,NOT_CONSIDERED,CAPEX_DEFERRED|CAPEX_DEFERRED|CAPEX_DEFERRED,36122497.95410156,false
global-disease-crisis,seed-3,VAP,5,1909.7299999999998,0,1909.7299999999998,0,392.83,1516.8999999999999,0,0,0,-1,6.150651554073011,100,4166.380002295434,5024.882392541957,5762.938588275706,4371.13,5090.5,5090.5,8000,6000,6000,0.54639125,0.8484166666666667,0.8484166666666667,30000,0.48507100000000003,6500,0,-1,-1,-1,NOT_CONSIDERED,CAPEX_DEFERRED|CAPEX_DEFERRED,28167233.361677855,false
global-disease-crisis,seed-3,JPQ,6,1002.91,0,1002.91,0,0,1002.91,0,0,0,-1,6.4848648991851,100,5496.028448128645,6142.609067581052,5852.338211248199,5448.67,5961.68,4247.21,8000,8000,5000,0.68108375,0.74521,0.849442,30000,0.5219186666666668,6008,1468.34,-1,-1,-1,NOT_CONSIDERED,CAPEX_DEFERRED,22223564.667173196,false
global-disease-crisis,seed-3,CONSV,6,4358.599999999999,0,4358.599999999999,443.97,3558.89,355.74,0,0,0,-1,4.900259793975717,100,6318.444551687448,9781.185320933198,3602.1701077735434,6389.73,5530.2,3194.86,8000,7000,4000,0.7987162499999999,0.7900285714285714,0.7987150000000001,30000,0.5038263333333334,5038,1029.79,-1,-1,-1,NOT_CONSIDERED,CAPEX_DEFERRED|CAPEX_DEFERRED|CAPEX_DEFERRED,34790979.60312808,false
global-disease-crisis,seed-3,VAP,6,1135.26,0,1135.26,0,210.09,925.17,0,0,0,-1,6.184631445852422,100,5201.87169691793,5993.350869808862,6226.491648212744,4499.73,5089.99,5089.99,8000,6000,6000,0.56246625,0.8483316666666666,0.8483316666666666,30000,0.48932366666666666,6500,0,-1,-1,-1,NOT_CONSIDERED,CAPEX_DEFERRED|CAPEX_DEFERRED,17506688.096133836,false
global-disease-crisis,seed-3,JPQ,7,1699.6999999999998,0,1699.6999999999998,0,0,1699.6999999999998,0,0,0,-1,6.6768050176587135,100,5573.577062983811,6229.282064438032,6617.55216726537,5752.94,6049.39,4254.05,8000,8000,5000,0.7191175,0.7561737500000001,0.8508100000000001,30000,0.5352126666666667,6008,1353.91,-1,-1,-1,NOT_CONSIDERED,CAPEX_DEFERRED|CAPEX_DEFERRED,10586084.83958386,false
global-disease-crisis,seed-3,CONSV,7,4695.570000000001,0,4695.570000000001,0,4275.4800000000005,420.09,0,0,0,-1,5.184699724469268,100,5897.61,10522.279999999999,3679.2900000000004,4703.73,5954.48,3402.56,8000,7000,4000,0.5879662499999999,0.85064,0.85064,30000,0.46869233333333327,5038,2112.63,-1,-1,-1,NOT_CONSIDERED,CAPEX_DEFERRED|CAPEX_DEFERRED|CAPEX_DEFERRED,14666878.81230219,false
global-disease-crisis,seed-3,VAP,7,2278.39,0,2278.39,0,1027.81,1250.58,0,0,0,-1,5.970747669403529,100,5312.612784786619,6934.178979825005,6664.749898548424,5920.58,5089.99,5089.99,8000,6000,6000,0.7400725,0.8483316666666666,0.8483316666666666,30000,0.5366853333333333,6500,0,-1,-1,-1,NOT_CONSIDERED,CAPEX_DEFERRED|CAPEX_DEFERRED,26636744.366517924,false
global-disease-crisis,seed-3,JPQ,8,1964.73,0,1964.73,0,0,1964.73,0,0,0,-1,6.974724737356966,100,5542.564166666668,6194.620647432123,6855.227794117647,5920.25,6348.35,4254.05,8000,8000,5000,0.74003125,0.79354375,0.8508100000000001,30000,0.550755,6008,811.67,-1,-1,-1,NOT_CONSIDERED,CAPEX_DEFERRED|CAPEX_DEFERRED,35673960.267343596,false
global-disease-crisis,seed-3,CONSV,8,5934.039999999999,0,5934.039999999999,1145.72,4567.8,220.52,0,0,0,-1,5.13558147378227,100,7037.9396968597775,11120.966173470193,3476.746674580403,6352.91,5765.37,3178.37,8000,7350,4000,0.79411375,0.7844040816326531,0.7945924999999999,30000,0.5098883333333333,5038,1166.88,-1,-1,-1,NOT_CONSIDERED,CAPEX_DEFERRED|CAPEX_PROPOSED|CAPEX_DEFERRED,31119434.41517237,false
global-disease-crisis,seed-3,VAP,8,3035.94,0,3035.94,0,1845.5200000000002,1190.42,0,0,0,-1,5.95782301127536,100,5404.399033745844,7853.940102223322,6698.148361595093,5915.53,5098.71,5098.71,8000,6000,6000,0.7394412499999999,0.849785,0.849785,30000,0.5370983333333333,6500,0,-1,-1,-1,NOT_CONSIDERED,CAPEX_DEFERRED|CAPEX_DEFERRED,32219736.320185564,false
global-disease-crisis,seed-3,JPQ,9,2399.21,0,2399.21,0,0,2399.21,0,0,0,-1,7.258924364286002,100,5539.105699859217,6190.754145355673,7286.647483175531,6010.35,6807.17,4254.91,8000,8000,5000,0.7512937500000001,0.85089625,0.850982,30000,0.5690810000000001,6252,0,-1,-1,-1,NOT_CONSIDERED,CAPEX_PROPOSED|CAPEX_PROPOSED,44293362.23873228,false
global-disease-crisis,seed-3,CONSV,9,6353.34,0,6353.34,690.41,5361.58,301.35,0,0,0,-1,5.396774536132998,100,6582.656836101226,11914.766366071792,3557.5816816591087,6778.18,6222.29,3389.09,8000,7350,4000,0.8472725,0.8465700680272109,0.8472725,30000,0.5463186666666667,5360,73.98,-1,-1,-1,NOT_CONSIDERED,CAPEX_DEFERRED|CAPEX_DEFERRED|CAPEX_DEFERRED,36194894.94682608,false
global-disease-crisis,seed-3,VAP,9,4225.78,0,4225.78,0,2794.81,1430.97,0,0,0,-1,6.038603544972564,100,5389.9228106594555,8787.126040375051,6923.945360574287,5434.95,5106.4,5106.4,8000,6000,6000,0.67936875,0.8510666666666666,0.8510666666666666,30000,0.5215916666666666,6500,0,-1,-1,-1,NOT_CONSIDERED,CAPEX_DEFERRED|CAPEX_DEFERRED,28050582.318001248,false
global-disease-crisis,seed-3,JPQ,10,2777.4800000000005,0,2777.4800000000005,0,0,2777.4800000000005,0,0,0,-1,7.520450006807154,100,5851.834016461428,6540.283338530264,7940.864694392593,5948.37,6808.54,4255.34,8000,8000,5000,0.74354625,0.8510675,0.851068,30000,0.567075,6252,0,-1,-1,-1,MONITORING,CAPEX_DEFERRED|CAPEX_DEFERRED,51720137.36931501,false
global-disease-crisis,seed-3,CONSV,10,5841.4400000000005,0,5841.4400000000005,0,5698.43,143.01,0,0,0,-1,5.614230015007974,100,5802.477431581984,12151.78098732324,3550.069822821959,6807.85,6254.71,3616.31,8000,7350,4250,0.85098125,0.8509809523809524,0.8508964705882353,30000,0.5559623333333334,5603,0,-1,-1,-1,NOT_CONSIDERED,CAPEX_PROPOSED|CAPEX_DEFERRED|CAPEX_PROPOSED,44529699.512474746,false
global-disease-crisis,seed-3,VAP,10,5329.73,0,5329.73,0,3736.4,1593.33,0,0,0,-1,6.164309148174026,100,5370.07427771284,9706.668921387874,7066.057590973751,4749.36,5106.4,5106.4,8000,6000,6000,0.5936699999999999,0.8510666666666666,0.8510666666666666,30000,0.4987386666666666,6500,0,-1,-1,-1,NOT_CONSIDERED,CAPEX_PROPOSED|CAPEX_PROPOSED,38431200.2772057,false
global-disease-crisis,seed-3,JPQ,11,3514.71,0,3514.71,0,0,3514.71,0,0,0,-1,7.406646519187479,100,5831.52909307156,6517.610398589242,8660.197061209328,5897.63,6808.54,4255.34,8000,8000,5000,0.73720375,0.8510675,0.851068,30000,0.5653836666666667,6252,0,-1,-1,-1,MONITORING,CAPEX_DEFERRED|CAPEX_DEFERRED,58106012.36914567,false
global-disease-crisis,seed-3,CONSV,11,5905.849999999999,0,5905.849999999999,0,5905.849999999999,0,0,0,0,-1,5.517718972552779,100,5802.229445142981,12358.90521188758,3406.9042258337417,6808.54,6255.34,3617.03,8000,7350,4250,0.8510675,0.8510666666666666,0.8510658823529412,30000,0.5560303333333333,5603,0,-1,-1,-1,NOT_CONSIDERED,CAPEX_DEFERRED|CAPEX_DEFERRED,49417315.42267942,false
global-disease-crisis,seed-3,VAP,11,6538.869999999999,0,6538.869999999999,0,4678.009999999999,1860.86,0,0,0,-1,6.083566571003809,100,5356.833547722961,10633.537525984046,7320.0837183829835,5687.65,5106.4,5106.4,8000,6000,6000,0.71095625,0.8510666666666666,0.8510666666666666,30000,0.530015,6500,0,-1,-1,-1,NOT_CONSIDERED,CAPEX_DEFERRED|CAPEX_DEFERRED|CAPEX_DEFERRED,44267598.96968593,false
global-disease-crisis,seed-3,JPQ,12,4438.360000000001,0,4438.360000000001,0,0,4438.360000000001,0,0,0,-1,7.705636503883414,91.23,5864.271967835071,6554.183413018886,9612.720522651256,5954.09,6808.54,4255.34,8000,8000,5000,0.74426125,0.8510675,0.851068,30000,0.5672656666666667,6252,0,-1,-1,-1,MONITORING,CAPEX_DEFERRED,54592142.72599167,false
global-disease-crisis,seed-3,CONSV,12,6112.629999999999,0,6112.629999999999,0,6112.629999999999,0,0,0,0,-1,5.715674896501363,100,7657.628302926628,12060.73594014773,2997.566173914166,7611.68,6551.24,3521.97,12000,7700,4250,0.6343066666666667,0.8508103896103896,0.8286988235294117,30000,0.5894963333333333,5603,299.68,-1,-1,-1,NOT_CONSIDERED,CAPEX_PROPOSED,49570706.0875601,false
global-disease-crisis,seed-3,VAP,12,7908.41,0,7908.41,0,5619.61,2288.8,0,0,0,-1,6.32808417412671,87.47,5379.805862566656,11600.676689970831,7771.460145819608,5791.48,5106.4,5106.4,8000,6000,6000,0.723935,0.8510666666666666,0.8510666666666666,30000,0.533476,6500,0,-1,-1,-1,NOT_CONSIDERED,CAPEX_DEFERRED|CAPEX_DEFERRED|CAPEX_DEFERRED,54135509.71879653,false
global-disease-crisis,seed-3,JPQ,13,5370.79,183.02,5187.7699999999995,0,0,5370.79,0,0,183.02,7.867228123348966,7.937372504431181,90.86,5882.455435991833,6862.14497321963,10561.192437884405,5977.25,7106.41,4255.34,8000,8350,5000,0.74715625,0.8510670658682634,0.851068,30000,0.5779666666666666,6252,0,-1,-1,-1,MONITORING,CAPEX_DEFERRED,68772786.93969363,false
global-disease-crisis,seed-3,CONSV,13,5512.48,0,5512.48,0,5512.48,0,0,0,0,-1,5.925892348103949,100,8842.016523607379,12380.572874246202,3461.18801224002,9322.3,6552.56,3616.31,12000,7700,4250,0.7768583333333333,0.8509818181818183,0.8508964705882353,30000,0.6497056666666667,6028,0,-1,-1,-1,NOT_CONSIDERED,CAPEX_DEFERRED,51709527.646109946,false
global-disease-crisis,seed-3,VAP,13,9260.57,513.21,8747.36,0,6552.759999999999,2707.81,0,513.21,0,5.752650250835805,6.591902037908479,87,5385.291950526421,12539.936820413357,8196.05293581177,5475.7,5106.4,5106.4,8000,6000,6000,0.6844625,0.8510666666666666,0.8510666666666666,30000,0.5229499999999999,6500,0,-1,-1,-1,NOT_CONSIDERED,CAPEX_DEFERRED|CAPEX_DEFERRED|CAPEX_DEFERRED,64260717.93890576,false
global-disease-crisis,seed-3,JPQ,14,6104.08,1115.45,4988.63,0,0,6104.08,0,0,1115.45,8.143207737473535,7.738217148654574,87.84,5888.370445750614,6869.055008369539,11299.721392960706,5953.51,7106.41,4255.34,8000,8350,5000,0.7441887500000001,0.8510670658682634,0.851068,30000,0.5771753333333334,6252,0,-1,-1,-1,MONITORING,CAPEX_DEFERRED,87055788.52913208,false
global-disease-crisis,seed-3,CONSV,14,5831.41,0,5831.41,0,5831.41,0,0,0,0,-1,5.7974342908339125,100,8838.87749053689,12697.046857781066,3459.9553334667426,9445.16,6553.22,3617.03,12000,7700,4250,0.7870966666666667,0.8510675324675325,0.8510658823529412,30000,0.653847,6264,0,-1,-1,-1,NOT_CONSIDERED,CAPEX_DEFERRED,58845772.309809454,false
global-disease-crisis,seed-3,VAP,14,10413.189999999999,1446.36,8966.829999999998,0,7474.770000000001,2938.42,0,1446.36,0,5.964062806941225,6.485507902628383,86.1,5368.703609384172,13791.674561744132,8409.747925899344,5296.1,5403.73,5106.4,8000,6350,6000,0.6620125,0.8509811023622047,0.8510666666666666,30000,0.5268743333333333,6500,0,-1,-1,-1,NOT_CONSIDERED,CAPEX_PROPOSED|CAPEX_DEFERRED|CAPEX_DEFERRED,81350648.26865561,false
global-disease-crisis,seed-3,JPQ,15,7031.990000000001,1848.74,5183.250000000001,0,0,7031.990000000001,0,0,1848.74,7.916236619945803,7.704452892641928,85.07,5904.347254061145,6887.691034613054,12502.183986424887,5946.48,7051.29,4467.2,8000,8350,5250,0.7433099999999999,0.844465868263473,0.850895238095238,30000,0.5821656666666667,6252,0,-1,-1,-1,MONITORING,CAPEX_PROPOSED|CAPEX_DEFERRED,106372535.0816946,false
global-disease-crisis,seed-3,CONSV,15,6149.67,0,6149.67,0,6149.67,0,0,0,0,-1,5.766625880867628,100,8839.631614531985,13015.902619250814,3460.260525669081,8894.55,6553.87,3555.67,12000,7700,4250,0.7412124999999999,0.851151948051948,0.8366282352941177,30000,0.6334696666666666,6264,0,-1,-1,-1,NOT_CONSIDERED,CAPEX_DEFERRED,74670860.77655134,false
global-disease-crisis,seed-3,VAP,15,11745.41,2071.04,9674.369999999999,0,8423.380000000001,3322.0300000000007,0,2071.04,0,5.830570289891311,6.491753094980475,82.22,5371.990105515963,14744.151105118428,8796.725720987653,5339.05,5404.28,5106.4,8000,6350,6000,0.66738125,0.851067716535433,0.8510666666666666,30000,0.5283243333333333,6500,0,-1,-1,-1,NOT_CONSIDERED,CAPEX_DEFERRED|CAPEX_DEFERRED|CAPEX_DEFERRED,98437395.65674543,false
global-disease-crisis,seed-3,JPQ,16,8052.75,2564.79,5487.96,0,0,8052.75,0,0,2564.79,7.871904076688018,8.940822152452492,70.1,5908.466704003827,6892.496561323604,13526.780424469143,5941.66,6915.43,4468.1,8000,8350,5250,0.7427075,0.8281952095808384,0.8510666666666667,30000,0.5775063333333335,6456,0,-1,-1,-1,MONITORING,CAPEX_DEFERRED|CAPEX_DEFERRED,111590093.30570818,false
global-disease-crisis,seed-3,CONSV,16,6467.290000000001,0,6467.290000000001,0,6467.290000000001,0,0,0,0,-1,6.728583906720427,100,8839.960759377886,13645.87282652896,3663.9269625006027,8655.1,6851.09,3644.33,12000,8050,4500,0.7212583333333333,0.8510670807453417,0.8098511111111111,30000,0.6383506666666667,6264,0,-1,-1,-1,NOT_CONSIDERED,CAPEX_PROPOSED|CAPEX_DEFERRED,81254589.22361527,false
global-disease-crisis,seed-3,VAP,16,13068.599999999999,3019.1000000000004,10049.499999999998,0,9360.45,3708.15,0,3019.1000000000004,0,5.7758824791804955,7.596896978540861,63.18,5366.887017954154,15675.234010115746,9405.530908452462,5399.12,5404.28,5319.17,8000,6350,6250,0.67489,0.851067716535433,0.8510672,30000,0.537419,6500,0,-1,-1,-1,NOT_CONSIDERED,CAPEX_DEFERRED|CAPEX_PROPOSED|CAPEX_DEFERRED,106752687.34245989,false
global-disease-crisis,seed-3,JPQ,17,8806.550000000001,3584.65,5221.9000000000015,0,0,8806.550000000001,0,0,3584.65,9.045196885817157,8.423641228490954,71.13,6090.195587024169,7104.476138680928,14448.929358479716,6118.62,7092.19,4468.55,8000,8350,5250,0.7648275,0.8493640718562874,0.851152380952381,30000,0.5893120000000001,6456,0,-1,-1,-1,DEFERRED,CAPEX_DEFERRED|CAPEX_DEFERRED,134828458.8763295,false
global-disease-crisis,seed-3,CONSV,17,6800.02,0,6800.02,0,6800.02,0,0,0,0,-1,6.366202574745077,100,8833.623573674193,13973.45664842938,3661.3103543097745,8754.93,6851.78,3637.84,12000,8050,4500,0.7295775,0.8511527950310559,0.808408888888889,30000,0.641485,6264,0,-1,-1,-1,NOT_CONSIDERED,CAPEX_DEFERRED|CAPEX_DEFERRED,103349025.87127039,false
global-disease-crisis,seed-3,VAP,17,14156.389999999998,3956.17,10200.219999999998,0,10290.56,3865.83,0,3956.17,0,6.745984753995434,7.191081179614488,63.16,5362.247722627858,16599.869941545767,9558.288591139291,5399.94,5404.28,5319.17,8000,6350,6250,0.6749925,0.851067716535433,0.8510672,30000,0.5374463333333334,6500,0,-1,-1,-1,NOT_CONSIDERED,CAPEX_DEFERRED|CAPEX_DEFERRED|CAPEX_DEFERRED,122466435.36803417,false
global-disease-crisis,seed-3,JPQ,18,9683.01,4338,5345.01,0,0,9683.01,0,0,4338,8.459222956585734,8.646975112550956,71.34,6083.110556627328,7096.211144777707,15318.835200747842,6195.61,7106.41,4468.55,8000,8350,5250,0.7744512499999999,0.8510670658682634,0.851152380952381,30000,0.5923523333333334,6456,0,-1,-1,-1,DEFERRED,CAPEX_DEFERRED|CAPEX_DEFERRED,151607716.5028058,false
global-disease-crisis,seed-3,CONSV,18,7132.0599999999995,0,7132.0599999999995,0,7132.0599999999995,0,0,0,0,-1,6.543570412971587,87.58,8836.544785611257,14307.878838061733,3662.51113286884,8883.68,6851.78,3636.41,12000,8050,4500,0.7403066666666667,0.8511527950310559,0.8080911111111111,30000,0.645729,6264,0,-1,-1,-1,NOT_CONSIDERED,CAPEX_DEFERRED|CAPEX_DEFERRED,126098775.00128177,false
global-disease-crisis,seed-3,VAP,18,14771.149999999998,4886.280000000001,9884.869999999997,0,11236.08,3535.0700000000006,0,4886.280000000001,0,6.375130083979716,7.33154205476654,62.06,5335.062239297002,17859.399565926295,9198.662894878275,5369.89,5702.15,5319.17,8000,6700,6250,0.6712362500000001,0.8510671641791044,0.8510672,30000,0.5463736666666666,6500,0,-1,-1,-1,NOT_CONSIDERED,CAPEX_PROPOSED|CAPEX_DEFERRED|CAPEX_DEFERRED,141575201.8465646,false
global-disease-crisis,seed-3,JPQ,19,10370.46,5214.459999999999,5156,0,0,10370.46,0,0,5214.459999999999,8.651667512526616,8.267741162132008,72.07,6044.668784314213,7051.367157384424,15970.660172573836,6129.91,7106.41,4468.1,8000,8350,5250,0.76623875,0.8510670658682634,0.8510666666666667,30000,0.5901473333333332,6456,0,-1,-1,-1,DEFERRED,CAPEX_DEFERRED|CAPEX_DEFERRED,179199056.908062,false
global-disease-crisis,seed-3,CONSV,19,7464.110000000001,280.28,7183.830000000001,0,7464.110000000001,0,0,280.28,0,6.58800796535556,6.2841622575249465,87.25,8830.987155012484,14635.423806044644,3660.211781353858,8886.8,6851.78,3614.24,12000,8050,4500,0.7405666666666666,0.8511527950310559,0.8031644444444443,30000,0.645094,6264,0,-1,-1,-1,NOT_CONSIDERED,CAPEX_DEFERRED|CAPEX_DEFERRED,151627374.90551648,false
global-disease-crisis,seed-3,VAP,19,15253.6,5533.929999999999,9719.670000000002,0,12253.199999999997,3000.4,0,5533.929999999999,0,6.5500805321272235,6.9342583792495995,60.28,5289.268203267092,18819.64911404622,8615.375684579156,5356.11,5702.15,5319.17,8000,6700,6250,0.6695137499999999,0.8510671641791044,0.8510672,30000,0.5459143333333333,6500,0,-1,-1,-1,NOT_CONSIDERED,CAPEX_DEFERRED|CAPEX_DEFERRED|CAPEX_DEFERRED,162886365.95424014,false
global-disease-crisis,seed-3,JPQ,20,11397.539999999997,5902.36,5495.179999999998,0,0,11397.539999999997,0,0,5902.36,8.347376924464154,8.46174110553973,70.77,6030.8149838549225,7035.22737726769,16984.914149808952,6104.38,7106.41,4468.1,8000,8350,5250,0.7630475,0.8510670658682634,0.8510666666666667,30000,0.5892963333333333,6456,0,-1,-1,-1,DEFERRED,CAPEX_DEFERRED|CAPEX_DEFERRED,202061052.20862478,false
global-disease-crisis,seed-3,CONSV,20,7796.16,612.33,7183.83,0,7796.16,0,0,612.33,0,6.326531977592104,6.410069373778669,88.45,8828.473056102668,15277.129273855418,3659.1697535162375,8845.16,7148.96,3634.05,12000,8400,4500,0.7370966666666666,0.8510666666666666,0.8075666666666667,30000,0.6542723333333332,6264,0,-1,-1,-1,NOT_CONSIDERED,CAPEX_PROPOSED|CAPEX_DEFERRED,175665710.43877783,false
global-disease-crisis,seed-3,VAP,20,16641.7,6551.05,10090.650000000001,0,13304.640000000001,3337.06,0,6551.05,0,6.287348420575873,7.147862818310259,62.16,5281.68375302031,19861.685326757433,8944.004207817981,5427.27,5702.15,5319.17,8000,6700,6250,0.67840875,0.8510671641791044,0.8510672,30000,0.5482863333333333,6500,0,-1,-1,-1,NOT_CONSIDERED,CAPEX_DEFERRED|CAPEX_DEFERRED|CAPEX_DEFERRED,183506091.11239603,false
global-disease-crisis,seed-3,JPQ,21,12373.77,6929.44,5444.330000000001,0,0,12373.77,0,0,6929.44,8.47354023926323,8.230597672352546,70.96,6034.594798318936,7039.636707394615,18230.877294048958,6135.19,7105.7,4679.93,8000,8350,5500,0.76689875,0.8509820359281437,0.8508963636363637,30000,0.5973606666666667,6456,0,-1,-1,-1,DEFERRED,CAPEX_PROPOSED|CAPEX_DEFERRED,227832517.04460877,false
global-disease-crisis,seed-3,CONSV,21,8143.36,647.2,7496.16,0,8143.36,0,0,647.2,0,6.455693201251818,6.23840828225622,87.37,8830.5379248232,15626.078978402817,3660.025587262247,8833.94,7149.68,3635,12000,8400,4500,0.7361616666666667,0.851152380952381,0.8077777777777778,30000,0.653954,6264,0,-1,-1,-1,NOT_CONSIDERED,CAPEX_DEFERRED|CAPEX_DEFERRED,197564721.90987808,false
global-disease-crisis,seed-3,VAP,21,18003.449999999997,7602.49,10400.959999999997,0,14356.080000000002,3647.3700000000003,0,7602.49,0,6.402966915970351,6.98792329029849,62.11,5289.946159281166,20923.392570095824,9263.075711369253,5472.96,5702.15,5319.17,8000,6700,6250,0.68412,0.8510671641791044,0.8510672,30000,0.5498093333333333,6500,0,-1,-1,-1,NOT_CONSIDERED,CAPEX_DEFERRED|CAPEX_DEFERRED|CAPEX_DEFERRED,205909964.77286297,false
global-disease-crisis,seed-3,JPQ,22,13150.149999999998,7693.84,5456.309999999998,0,0,13150.149999999998,0,0,7693.84,8.357793845300822,8.045517716776834,70.92,6022.126439741027,7025.070539017792,18995.155939123706,6140.01,7106.41,4680.87,8000,8350,5500,0.76750125,0.8510670658682634,0.8510672727272727,30000,0.5975763333333334,6689,0,-1,-1,-1,DEFERRED,CAPEX_DEFERRED|CAPEX_DEFERRED,249358962.53925374,false
global-disease-crisis,seed-3,CONSV,22,8489.84,993.68,7496.16,0,8489.84,0,0,993.68,0,6.282296760522071,6.10652955191822,86.41,8827.424329248013,15969.920615836474,3658.745062382897,8839.33,7149.68,3608.14,12000,8400,4500,0.7366108333333333,0.851152380952381,0.8018088888888889,30000,0.6532383333333334,6264,0,-1,-1,-1,NOT_CONSIDERED,CAPEX_DEFERRED|CAPEX_DEFERRED,221427185.63074124,false
global-disease-crisis,seed-3,VAP,22,18664.340000000004,8653.930000000002,10010.410000000002,0,15407.530000000002,3256.81,0,8653.930000000002,0,6.288129770386294,6.7740237650438155,60.56,5282.958335852496,22308.78277902614,9089.419363151972,5448.56,5998.82,5530.82,8000,7050,6500,0.6810700000000001,0.8508964539007092,0.8508953846153846,30000,0.56594,6500,0,-1,-1,-1,NOT_CONSIDERED,CAPEX_PROPOSED|CAPEX_PROPOSED|CAPEX_DEFERRED,230235219.25237995,false
global-disease-crisis,seed-3,JPQ,23,14284.06,8469.279999999999,5814.780000000001,0,0,14284.06,0,0,8469.279999999999,8.159333232157945,7.803835015327659,69.59,6053.674610741584,7061.8728428009435,20159.69608489755,6174.19,7107.12,4681.34,8000,8350,5500,0.7717737499999999,0.8511520958083832,0.8511527272727273,30000,0.598755,6689,0,-1,-1,-1,DEFERRED,CAPEX_PROPOSED|CAPEX_DEFERRED|CAPEX_DEFERRED,272410768.6495508,false
global-disease-crisis,seed-3,CONSV,23,8836.32,1340.16,7496.16,0,8836.32,0,0,1340.16,0,6.147932054384554,5.9253463306349285,86.02,9140.915452850524,16582.06085438421,3788.6695616093057,9157.57,7148.24,3774.4,12000,8400,4500,0.7631308333333333,0.8509809523809524,0.8387555555555556,30000,0.6693403333333333,6264,0,-1,-1,-1,MONITORING,CAPEX_DEFERRED|CAPEX_DEFERRED,245121720.61531535,false
global-disease-crisis,seed-3,VAP,23,19743.260000000006,9408.710000000001,10334.550000000005,0,16515.11,3228.15,0,9408.710000000001,0,6.157150931581349,6.560381084681734,60.63,5303.69862181211,23443.443966152066,9083.65971666971,5452.73,6000.02,5531.94,8000,7050,6500,0.68159125,0.8510666666666667,0.8510676923076922,30000,0.5661563333333333,6727,0,-1,-1,-1,NOT_CONSIDERED,CAPEX_DEFERRED|CAPEX_DEFERRED|CAPEX_DEFERRED,249945746.80895364,false
global-disease-crisis,seed-3,JPQ,24,15477.68,9602.72,5874.960000000001,0,0,15477.68,0,0,9602.72,7.9277874876874135,7.905823714435836,69.37,6062.686450159353,7072.375670332983,21362.053013886794,6162.13,7106.41,4680.87,8000,8350,5500,0.77026625,0.8510670658682634,0.8510672727272727,30000,0.5983136666666666,6689,0,-1,-1,-1,DEFERRED,CAPEX_DEFERRED|CAPEX_DEFERRED|CAPEX_DEFERRED,291600986.8317884,false
global-disease-crisis,seed-3,CONSV,24,9446.619999999997,1688.08,7758.539999999997,0,9446.619999999997,0,0,1688.08,0,5.965312687932804,6.013589450805548,87.31,9143.746119498157,17517.5761524657,3789.832812052174,9270.63,7446.09,3829.42,12000,8750,4500,0.7725525,0.8509817142857143,0.8509822222222222,30000,0.6848713333333333,6562,0,-1,-1,-1,MONITORING,CAPEX_PROPOSED|CAPEX_DEFERRED,264041776.9512366,false
global-disease-crisis,seed-3,VAP,24,21230.71,10515.089999999998,10715.62,0,17601.359999999997,3629.35,0,10515.089999999998,0,5.993621244209011,6.707634382199035,61.58,5305.173859235822,24531.637297335434,9486.49527272092,5427.66,6000.02,5531.94,8000,7050,6500,0.6784574999999999,0.8510666666666667,0.8510676923076922,30000,0.5653206666666666,6727,0,-1,-1,-1,NOT_CONSIDERED,CAPEX_DEFERRED|CAPEX_DEFERRED|CAPEX_DEFERRED,268381165.39892027,false
global-disease-crisis,seed-3,JPQ,25,16568.61,10796.810000000001,5771.799999999999,0,0,16568.61,0,0,10796.810000000001,7.873161477064521,7.732928223994911,69.74,6067.467079550495,7077.962353252003,22457.613157135947,6141.77,7106.41,4680.87,8000,8350,5500,0.76772125,0.8510670658682634,0.8510672727272727,30000,0.597635,6689,0,-1,-1,-1,DEFERRED,CAPEX_DEFERRED|CAPEX_DEFERRED|CAPEX_DEFERRED,313701696.0995849,false
global-disease-crisis,seed-3,CONSV,25,10082.320000000002,2000.53,8081.790000000002,0,10082.320000000002,0,0,2000.53,0,6.056457594178038,5.882634040463493,86.15,9144.454015969806,18153.912154111,3790.132063659063,9198.49,7447.58,3805.45,12000,8750,4500,0.7665408333333333,0.851152,0.8456555555555555,30000,0.6817173333333334,6562,0,-1,-1,-1,MONITORING,CAPEX_DEFERRED|CAPEX_DEFERRED,284373951.0712858,false
global-disease-crisis,seed-3,VAP,25,22639.65,11601.340000000002,11038.31,0,18682.140000000007,3957.5099999999998,0,11601.340000000002,0,5.9878376729503096,6.591571264728285,61.44,5305.799954708715,25613.243328234923,9815.362410313606,5412.32,6000.02,5531.94,8000,7050,6500,0.6765399999999999,0.8510666666666667,0.8510676923076922,30000,0.5648093333333333,6727,0,-1,-1,-1,NOT_CONSIDERED,CAPEX_DEFERRED|CAPEX_DEFERRED|CAPEX_DEFERRED,289290627.18985444,false
global-disease-crisis,seed-3,JPQ,26,17349.680000000004,11887.740000000002,5461.940000000002,0,0,17349.680000000004,0,0,11887.740000000002,7.824361432645997,7.45933445202447,70.9,6200.7731447770475,7233.476159801209,23368.092866491566,6266.71,7107.12,4681.34,8000,8350,5500,0.78333875,0.8511520958083832,0.8511527272727273,30000,0.6018389999999999,6689,0,-1,-1,-1,DEFERRED,CAPEX_DEFERRED|CAPEX_DEFERRED|CAPEX_DEFERRED,336823824.51654285,false
global-disease-crisis,seed-3,CONSV,26,10716.550000000001,2634.74,8081.810000000001,0,10716.550000000001,0,0,2634.74,0,5.923346026719348,5.6816091148882215,83.32,9145.88454908403,18789.39486276119,3790.72498144452,9132.52,7447.58,3741.42,12000,8750,4500,0.7610433333333334,0.851152,0.8314266666666666,30000,0.6773839999999999,6562,0,-1,-1,-1,MONITORING,CAPEX_DEFERRED|CAPEX_DEFERRED,306847545.3392954,false
global-disease-crisis,seed-3,VAP,26,23176.260000000002,12682.119999999999,10494.140000000003,0,19760.59,3415.67,0,12682.119999999999,0,5.946019935040141,6.290136027279408,59.52,5288.723129872766,27012.38607388355,9254.672414368322,5396.24,6297.9,5531.94,8000,7400,6500,0.67453,0.8510675675675675,0.8510676923076922,30000,0.5742026666666666,6727,0,-1,-1,-1,NOT_CONSIDERED,CAPEX_PROPOSED|CAPEX_DEFERRED|CAPEX_DEFERRED,312503968.4454669,false
global-disease-crisis,seed-3,JPQ,27,18629.27,12668.34,5960.93,0,0,18629.27,0,0,12668.34,7.661990267086862,7.429591354074126,69.52,6202.456147218557,7538.7321224629,24922.940772452686,6319.46,7402.8,4892.65,8000,8700,5750,0.7899325,0.8508965517241379,0.8508956521739129,30000,0.620497,6689,0,-1,-1,-1,DEFERRED,CAPEX_PROPOSED|CAPEX_PROPOSED|CAPEX_DEFERRED,357276408.64134663,false
global-disease-crisis,seed-3,CONSV,27,11350.77,3268.9700000000003,8081.8,0,11350.77,0,0,3268.9700000000003,0,5.7113140100164745,5.657661735336057,61.55,9145.739705060687,19423.477023782405,3790.674936224871,8629.13,7447.58,3759.09,12000,8750,4500,0.7190941666666666,0.851152,0.8353533333333334,30000,0.6611933333333333,6562,0,-1,-1,-1,MONITORING,CAPEX_DEFERRED|CAPEX_DEFERRED,327512350.0278957,false
global-disease-crisis,seed-3,VAP,27,24247.61,13462.689999999999,10784.920000000002,0,20882.519999999997,3365.09,0,13462.689999999999,0,5.780909014741509,6.251762275803568,59.48,5289.054215904607,28134.76424864986,9204.451734569539,5405.93,6297.9,5531.94,8000,7400,6500,0.6757412500000001,0.8510675675675675,0.8510676923076922,30000,0.5745256666666667,6727,0,-1,-1,-1,NOT_CONSIDERED,CAPEX_DEFERRED|CAPEX_DEFERRED|CAPEX_DEFERRED,332135439.15378803,false
global-disease-crisis,seed-3,JPQ,28,19909.379999999997,13736.62,6172.759999999997,0,0,19909.379999999997,0,0,13736.62,7.524448306924861,7.356193510497232,69.25,6194.632361110671,7529.212885121018,26195.1217991117,6287.64,7404.28,4893.64,8000,8700,5750,0.7859550000000001,0.8510666666666666,0.8510678260869565,30000,0.6195186666666667,6940,0,-1,-1,-1,READY_TO_BUILD,CAPEX_DEFERRED|CAPEX_DEFERRED|CAPEX_DEFERRED,373924579.81447446,false
global-disease-crisis,seed-3,CONSV,28,11984.98,3903.1899999999996,8081.79,0,11984.98,0,0,3903.1899999999996,0,5.681813039588146,5.631617637319672,61.58,9145.779245097709,20380.630003527833,3790.6713469490815,9479.1,7743.15,3800.16,12000,9100,4500,0.789925,0.8508956043956044,0.84448,30000,0.700747,6562,0,-1,-1,-1,MONITORING,CAPEX_PROPOSED|CAPEX_DEFERRED,349048091.4231198,false
global-disease-crisis,seed-3,VAP,28,25759.57,14584.62,11174.949999999999,0,22003.210000000003,3756.36,0,14584.62,0,5.673559038354425,6.255403056401826,60.44,5285.104666908933,29250.014032072057,9815.770534904861,5409.25,6297.26,5743.55,8000,7400,6750,0.67615625,0.8509810810810811,0.8508962962962964,30000,0.5816686666666667,6727,0,-1,-1,-1,NOT_CONSIDERED,CAPEX_DEFERRED|CAPEX_PROPOSED|CAPEX_DEFERRED,352069637.3303164,false
global-disease-crisis,seed-3,JPQ,29,21230.699999999997,15015.74,6214.959999999997,0,0,21230.699999999997,0,0,15015.74,7.430935862869994,7.300794284623331,69.11,6198.480136008742,7533.899507331855,27520.346166328425,6269.01,7405.03,4894.13,8000,8700,5750,0.7836262500000001,0.8511528735632183,0.8511530434782609,30000,0.618939,6940,0,-1,-1,-1,APPROVED,CAPEX_DEFERRED|CAPEX_DEFERRED|CAPEX_DEFERRED,385610551.8161906,false
global-disease-crisis,seed-3,CONSV,29,12646.89,4241.83,8405.06,0,12646.89,0,0,4241.83,0,5.649577264391375,5.598077407987589,60.62,9148.46138292071,21045.011326857253,3791.8071433331415,9458.22,7744.71,3800.4,12000,9100,4500,0.7881849999999999,0.851067032967033,0.8445333333333334,30000,0.700111,6766,0,-1,-1,-1,MONITORING,CAPEX_DEFERRED|CAPEX_DEFERRED,365263562.1464398,false
global-disease-crisis,seed-3,VAP,29,27240.560000000005,15705.95,11534.610000000004,0,23117.7,4122.86,0,15705.95,0,5.651360004984162,6.248777059676829,60.84,5286.030528603778,30365.77345502401,10183.328890591176,5408.04,6297.9,5744.7,8000,7400,6750,0.676005,0.8510675675675675,0.8510666666666666,30000,0.581688,6940,0,-1,-1,-1,NOT_CONSIDERED,CAPEX_DEFERRED|CAPEX_DEFERRED|CAPEX_DEFERRED,368966932.60735565,false
global-disease-crisis,seed-3,JPQ,30,22151.42,16336.569999999998,5814.85,0,0,22151.42,0,0,16336.569999999998,7.372128387413564,7.2765486680801805,70.51,6195.195386721822,7529.8972097813075,28437.733105593135,6265.8,7405.03,4894.13,8000,8700,5750,0.7832250000000001,0.8511528735632183,0.8511530434782609,30000,0.6188319999999999,6940,0,-1,-1,-1,APPROVED,CAPEX_DEFERRED|CAPEX_DEFERRED|CAPEX_DEFERRED,396548841.122903,false
global-disease-crisis,seed-3,CONSV,30,13307.239999999998,4902.179999999999,8405.059999999998,0,13307.239999999998,0,0,4902.179999999999,0,5.6127693490980555,5.590438028090898,60.61,9151.38893744158,21708.068758599416,3793.0005511647846,9153.97,7745.49,3777.54,12000,9100,4500,0.7628308333333332,0.8511527472527473,0.8394533333333333,30000,0.6892333333333334,6766,0,-1,-1,-1,MONITORING,CAPEX_DEFERRED|CAPEX_DEFERRED,381864231.1029807,false
global-disease-crisis,seed-3,VAP,30,27811.350000000006,16819.8,10991.550000000007,0,24227.93,3583.4199999999996,0,16819.8,0,5.626789642315931,6.16860237886153,58.88,5272.6211035111255,31799.58648838059,9628.53828689708,5389.02,6595.77,5744.7,8000,7750,6750,0.6736275,0.8510670967741936,0.8510666666666666,30000,0.590983,6940,0,-1,-1,-1,NOT_CONSIDERED,CAPEX_PROPOSED|CAPEX_DEFERRED|CAPEX_DEFERRED,386333705.1898667,false
global-disease-crisis,seed-3,JPQ,31,23221.34,17257.29,5964.049999999999,0,0,23221.34,0,0,17257.29,7.31695235490224,7.402848621966462,69.98,6174.587000913247,7806.780460313808,29486.73177661753,6253.9,7702.16,4894.13,8000,9050,5750,0.7817375,0.8510674033149171,0.8511530434782609,30000,0.6283396666666666,6940,0,-1,-1,-1,APPROVED,CAPEX_PROPOSED|CAPEX_DEFERRED|CAPEX_DEFERRED,408029605.0331886,false
global-disease-crisis,seed-3,CONSV,31,13966.83,5561.75,8405.08,0,13966.83,0,0,5561.75,0,5.601491064165606,5.6833730525553445,60.62,9151.460947669006,22367.70651233872,3793.032107126829,9050.07,7745.49,3773.99,12000,9100,4500,0.7541725,0.8511527472527473,0.8386644444444444,30000,0.6856516666666665,6766,0,-1,-1,-1,MONITORING,CAPEX_DEFERRED|CAPEX_DEFERRED,399159458.80457306,false
global-disease-crisis,seed-3,VAP,31,28543.140000000003,17632.160000000003,10910.98,0,25369.49,3173.65,0,17632.160000000003,0,5.608928625807146,6.220970343341529,58.09,5266.248661719779,32931.97258865855,9211.434040480191,5375.02,6595.77,5744.7,8000,7750,6750,0.6718775,0.8510670967741936,0.8510666666666666,30000,0.5905163333333334,6940,0,-1,-1,-1,NOT_CONSIDERED,CAPEX_DEFERRED|CAPEX_DEFERRED|CAPEX_DEFERRED,401302239.967991,false
global-disease-crisis,seed-3,JPQ,32,24328.23,18327.21,6001.02,0,0,24328.23,0,0,18327.21,7.331423963995476,7.40496825171695,70.31,8449.139938806582,9479.462030897475,32356.82069118482,5252.71,7702.93,7432.45,13000,13050,8750,0.4040546153846154,0.5902628352490422,0.8494228571428571,41000,0.49727048780487804,8674,6717.78,-1,-1,-1,NOT_CONSIDERED,CAPEX_DEFERRED|CAPEX_DEFERRED,427334520.8953835,false
global-disease-crisis,seed-3,CONSV,32,14626.419999999998,6221.339999999999,8405.079999999998,0,14626.419999999998,0,0,6221.339999999999,0,5.691239700066973,5.679076273495041,60.62,9150.393958990497,23349.39675278288,3792.598153651019,9118.3,8042.58,3783.28,12000,9450,4500,0.7598583333333333,0.8510666666666666,0.840728888888889,30000,0.6981386666666666,6766,0,-1,-1,-1,MONITORING,CAPEX_PROPOSED|CAPEX_DEFERRED,419863082.8784532,false
global-disease-crisis,seed-3,VAP,32,29974.54,18773.719999999998,11200.820000000003,0,26536.99,3437.5499999999997,0,18773.719999999998,0,5.6377485604914455,6.253340030890866,59.52,5263.890414418811,34096.10892482195,9472.649875433253,5398.7,6595.77,5744.7,8000,7750,6750,0.6748375,0.8510670967741936,0.8510666666666666,30000,0.5913056666666667,6940,0,-1,-1,-1,NOT_CONSIDERED,CAPEX_DEFERRED|CAPEX_DEFERRED|CAPEX_DEFERRED,418563999.22800076,false
global-disease-crisis,seed-4,JPQ,1,1900,0,1900,0,1900,0,0,0,0,-1,7.005263157894737,-1,4771.23,7232.55,4209.91,4015.62,6783.23,2509.76,8000,8000,5000,0.5019525,0.84790375,0.5019520000000001,30000,0.4436203333333333,5500,2790.77,-1,-1,-1,NOT_CONSIDERED,CAPEX_DEFERRED|CAPEX_DEFERRED,25000000,false
global-disease-crisis,seed-4,CONSV,1,1400,0,1400,1100,300,0,0,0,0,-1,5.582142857142857,-1,6997.600000000001,6546.8,3259.2,6782.54,5934.73,2128.14,8000,7000,4000,0.8478175,0.8478185714285714,0.5320349999999999,30000,0.494847,4500,1273.83,-1,-1,-1,NOT_CONSIDERED,CAPEX_DEFERRED|CAPEX_DEFERRED|CAPEX_DEFERRED,35000000,false
global-disease-crisis,seed-4,VAP,1,1650,0,1650,0,450,1200,0,0,0,-1,8.374242424242425,-1,4414.389999999999,5357.759999999999,5698.780000000001,1032.51,5093.06,5093.06,8000,6000,6000,0.12906375,0.8488433333333334,0.8488433333333334,30000,0.3739543333333334,6500,0,-1,-1,-1,NOT_CONSIDERED,CAPEX_DEFERRED|CAPEX_DEFERRED,22000000,false
global-disease-crisis,seed-4,JPQ,2,1284.48,0,1284.48,755.61,449.32,79.55,0,0,0,-1,5.452158441225616,100,4986.64,5178.117192023859,3812.8128079761404,5694.11,6019.51,3797.33,8000,8000,5000,0.7117637499999999,0.75243875,0.759466,30000,0.5170316666666667,5500,1854.94,-1,-1,-1,NOT_CONSIDERED,CAPEX_DEFERRED|CAPEX_DEFERRED,14494279.701722093,false
global-disease-crisis,seed-4,CONSV,2,1115.09,0,1115.09,215.06,612.0699999999999,287.96,0,0,0,-1,6.219324203933475,100,5789.861007556675,6516.957909319899,3368.7710831234253,5924.61,5067.59,2959.32,8000,7000,4000,0.7405762499999999,0.7239414285714286,0.73983,30000,0.46505066666666667,4500,2169.45,-1,-1,-1,NOT_CONSIDERED,CAPEX_DEFERRED|CAPEX_DEFERRED|CAPEX_DEFERRED,10878104.155727632,false
global-disease-crisis,seed-4,VAP,2,3646.58,0,3646.58,3381.8799999999997,264.7,0,0,0,0,-1,4.656061477439135,100,7176.263401131473,4483.168523492993,3866.9294798685764,6507.15,4892.68,0,8000,6000,6000,0.8133937499999999,0.8154466666666668,0,30000,0.3799943333333333,6500,275.74,-1,-1,-1,NOT_CONSIDERED,CAPEX_DEFERRED|CAPEX_DEFERRED,20033387.12761445,false
global-disease-crisis,seed-4,JPQ,3,0,0,0,0,0,0,0,0,0,-1,-1,100,4362.8941891434015,4876.185002644322,3849.612519832413,5917.85,6400.08,4070.5,8000,8000,5000,0.7397312500000001,0.80001,0.8141,30000,0.546281,6009,685.01,-1,-1,-1,NOT_CONSIDERED,CAPEX_DEFERRED,31358001.38952228,false
global-disease-crisis,seed-4,CONSV,3,2333.73,0,2333.73,188.05,1791.28,354.4,0,0,0,-1,4.907168293883325,100,5879.552087479548,7819.789143576823,3499.7187689436228,6377.51,5519.62,3188.75,8000,7000,4000,0.79718875,0.7885171428571428,0.7971875,30000,0.5028626666666667,5038,1029.79,-1,-1,-1,NOT_CONSIDERED,CAPEX_DEFERRED|CAPEX_DEFERRED|CAPEX_DEFERRED,35656900.42442234,false
global-disease-crisis,seed-4,VAP,3,3599.92,0,3599.92,1289.11,279.78,2031.03,0,0,0,-1,5.3612732581466025,100,5212.659447826394,4641.851012931479,6029.595095187189,6148.69,4496.05,4397.71,8000,6000,6000,0.7685862499999999,0.7493416666666667,0.7329516666666667,30000,0.501415,6500,0,-1,-1,-1,NOT_CONSIDERED,CAPEX_DEFERRED|CAPEX_DEFERRED|CAPEX_DEFERRED,22066757.188114405,false
global-disease-crisis,seed-4,JPQ,4,0,0,0,0,0,0,0,0,0,-1,-1,100,5278.063153835315,5899.011760168881,4657.114547501748,5792.06,6510.43,4086.28,8000,8000,5000,0.7240075,0.81380375,0.8172560000000001,30000,0.5462923333333334,6009,620.6,-1,-1,-1,NOT_CONSIDERED,CAPEX_DEFERRED,24915373.118263993,false
global-disease-crisis,seed-4,CONSV,4,2943.32,0,2943.32,0,2518.46,424.86,0,0,0,-1,5.167195199016697,100,5760.2078253568425,8619.73276238455,3608.1229785547957,4687.66,5933.53,3390.59,8000,7000,4000,0.5859575,0.8476471428571428,0.8476475,30000,0.46705933333333327,5038,2112.63,-1,-1,-1,NOT_CONSIDERED,CAPEX_DEFERRED|CAPEX_PROPOSED|CAPEX_PROPOSED,33046029.93890848,false
global-disease-crisis,seed-4,VAP,4,2823.59,0,2823.59,0,691.49,2132.1,0,0,0,-1,6.172887721419748,100,4087.1595924247226,5235.448039344694,6297.403356577479,5749.97,5089.99,5088.96,8000,6000,6000,0.71874625,0.8483316666666666,0.84816,30000,0.530964,6500,0,-1,-1,-1,NOT_CONSIDERED,CAPEX_DEFERRED|CAPEX_DEFERRED,15992411.559206728,false
global-disease-crisis,seed-4,JPQ,5,479.31,0,479.31,0,0,479.31,0,0,0,-1,6.61351438433301,100,5356.527026117705,5986.705551573076,5205.6585006623345,5366.67,6021.68,4239.95,8000,8000,5000,0.67083375,0.75271,0.8479899999999999,30000,0.5209433333333333,6009,1110.64,-1,-1,-1,NOT_CONSIDERED,CAPEX_DEFERRED,22695618.831547715,false
global-disease-crisis,seed-4,CONSV,5,4043.26,0,4043.26,918.07,2831.73,293.46,0,0,0,-1,4.87916374286776,100,6712.625852293595,8969.374728796309,3495.714549951724,6371.72,5519.62,3188.75,8000,7000,4000,0.796465,0.7885171428571428,0.7971875,30000,0.5026696666666667,5038,1029.79,-1,-1,-1,NOT_CONSIDERED,CAPEX_DEFERRED|CAPEX_DEFERRED|CAPEX_DEFERRED,35286192.540476315,false
global-disease-crisis,seed-4,VAP,5,2051.17,0,2051.17,0,509.25,1541.9199999999998,0,0,0,-1,6.185647238834362,100,4168.964635129209,5144.165407758673,5790.573569002642,4366.77,5090.5,5090.5,8000,6000,6000,0.5458462500000001,0.8484166666666667,0.8484166666666667,30000,0.4849256666666667,6500,0,-1,-1,-1,NOT_CONSIDERED,CAPEX_DEFERRED|CAPEX_DEFERRED,26258442.623548254,false
global-disease-crisis,seed-4,JPQ,6,1128.98,0,1128.98,0,0,1128.98,0,0,0,-1,6.5583788934126,100,5507.393083412279,6155.321681460784,5988.444485363776,5453.01,5960.17,4247.21,8000,8000,5000,0.68162625,0.74502125,0.849442,30000,0.522013,6009,1471.66,-1,-1,-1,NOT_CONSIDERED,CAPEX_DEFERRED,23932058.22787044,false
global-disease-crisis,seed-4,CONSV,6,4366.76,0,4366.76,443.95,3558.8999999999996,363.91,0,0,0,-1,4.958782856577416,100,6319.205609875488,9782.032586776011,3610.7617844048755,6389.73,5530.2,3194.86,8000,7000,4000,0.7987162499999999,0.7900285714285714,0.7987150000000001,30000,0.5038263333333334,5038,1029.79,-1,-1,-1,NOT_CONSIDERED,CAPEX_DEFERRED|CAPEX_DEFERRED|CAPEX_DEFERRED,34704550.55342435,false
global-disease-crisis,seed-4,VAP,6,1276.69,0,1276.69,0,326.51,950.18,0,0,0,-1,6.138748923974863,100,5204.97155540924,6113.217185165958,6254.660770137283,4959.66,5089.99,5089.99,8000,6000,6000,0.6199574999999999,0.8483316666666666,0.8483316666666666,30000,0.5046546666666667,6500,0,-1,-1,-1,NOT_CONSIDERED,CAPEX_DEFERRED|CAPEX_DEFERRED,17117358.547002375,false
global-disease-crisis,seed-4,JPQ,7,1825.6000000000001,0,1825.6000000000001,0,0,1825.6000000000001,0,0,0,-1,6.558031451035911,100,5582.8396258779,6239.655423624357,6751.643755492914,5755.07,6051.58,4254.05,8000,8000,5000,0.71938375,0.7564474999999999,0.8508100000000001,30000,0.5353566666666667,6009,1349.99,-1,-1,-1,NOT_CONSIDERED,CAPEX_DEFERRED|CAPEX_DEFERRED,12307789.8058409,false
global-disease-crisis,seed-4,CONSV,7,4703.75,0,4703.75,0,4275.5,428.25,0,0,0,-1,5.114696453157378,100,5897.59,10522.3,3687.46,4703.73,5954.48,3402.56,8000,7000,4000,0.5879662499999999,0.85064,0.85064,30000,0.46869233333333327,5038,2112.63,-1,-1,-1,NOT_CONSIDERED,CAPEX_DEFERRED|CAPEX_DEFERRED|CAPEX_DEFERRED,15931645.012325358,false
global-disease-crisis,seed-4,VAP,7,2409.45,0,2409.45,0,1144.23,1265.22,0,0,0,-1,5.84754907620475,100,5312.8615569422545,7050.8955520575455,6679.65342450428,5623.79,5089.99,5089.99,8000,6000,6000,0.70297375,0.8483316666666666,0.8483316666666666,30000,0.5267923333333333,6500,0,-1,-1,-1,NOT_CONSIDERED,CAPEX_DEFERRED|CAPEX_DEFERRED,28511096.147132445,false
global-disease-crisis,seed-4,JPQ,8,2092.3500000000004,0,2092.3500000000004,0,0,2092.3500000000004,0,0,0,-1,7.101132105289953,100,5551.8299235853565,6204.975311198569,6991.004811064866,5920.92,6352.25,4254.05,8000,8000,5000,0.740115,0.79403125,0.8508100000000001,30000,0.5509073333333334,6009,804.58,-1,-1,-1,NOT_CONSIDERED,CAPEX_DEFERRED|CAPEX_DEFERRED,33857036.09471087,false
global-disease-crisis,seed-4,CONSV,8,5952.34,0,5952.34,1145.68,4567.82,238.84,0,0,0,-1,5.217455166764793,100,7038.861240301372,11122.066689295585,3495.6135685598083,6352.91,5765.37,3178.37,8000,7350,4000,0.79411375,0.7844040816326531,0.7945924999999999,30000,0.5098883333333333,5038,1166.88,-1,-1,-1,NOT_CONSIDERED,CAPEX_DEFERRED|CAPEX_DEFERRED|CAPEX_DEFERRED,29878583.03829762,false
global-disease-crisis,seed-4,VAP,8,3174.67,0,3174.67,0,1961.96,1212.71,0,0,0,-1,6.020950777726678,100,5384.527639459215,7948.277091309527,6700.1673337003995,5619.66,5089.99,5089.99,8000,6000,6000,0.7024575,0.8483316666666666,0.8483316666666666,30000,0.5266546666666666,6500,0,-1,-1,-1,NOT_CONSIDERED,CAPEX_DEFERRED|CAPEX_DEFERRED,33012889.28607472,false
global-disease-crisis,seed-4,JPQ,9,2451.8500000000004,0,2451.8500000000004,0,0,2451.8500000000004,0,0,0,-1,7.367298224913853,100,5535.850020033191,6187.116613177408,7336.433426888974,5994.24,6807.17,4254.91,8000,8000,5000,0.74928,0.85089625,0.850982,30000,0.5685439999999999,6250,0,-1,-1,-1,NOT_CONSIDERED,CAPEX_PROPOSED|CAPEX_PROPOSED,43348768.93844684,false
global-disease-crisis,seed-4,CONSV,9,6371.639999999999,0,6371.639999999999,690.36,5361.599999999999,319.68,0,0,0,-1,5.477001820117008,100,6583.573470755929,11915.861429153221,3576.4458728555705,6778.18,6222.29,3389.09,8000,7350,4000,0.8472725,0.8465700680272109,0.8472725,30000,0.5463186666666667,5360,73.98,-1,-1,-1,NOT_CONSIDERED,CAPEX_DEFERRED|CAPEX_DEFERRED|CAPEX_DEFERRED,36079808.56485575,false
global-disease-crisis,seed-4,VAP,9,4263.509999999999,0,4263.509999999999,0,2896.69,1366.82,0,0,0,-1,6.0888283964820955,100,5378.760409249281,8876.616695261719,6848.40875009366,5413.48,5089.99,4617,8000,6000,6000,0.676685,0.8483316666666666,0.7695,30000,0.5040156666666666,6500,0,-1,-1,-1,NOT_CONSIDERED,CAPEX_DEFERRED|CAPEX_DEFERRED,30250830.53955817,false
global-disease-crisis,seed-4,JPQ,10,2815.8299999999995,0,2815.8299999999995,0,0,2815.8299999999995,0,0,0,-1,7.516070697575708,100,5844.084534585077,6531.622155206272,7972.367074427271,5937.97,6808.54,4255.34,8000,8000,5000,0.74224625,0.8510675,0.851068,30000,0.5667283333333333,6250,0,-1,-1,-1,MONITORING,CAPEX_DEFERRED|CAPEX_DEFERRED,50332232.89586902,false
global-disease-crisis,seed-4,CONSV,10,5853.01,0,5853.01,0,5698.45,154.56,0,0,0,-1,5.611415543735011,100,5802.792039406755,12152.150885231596,3561.7845782553354,6807.85,6254.71,3616.31,8000,7350,4250,0.85098125,0.8509809523809524,0.8508964705882353,30000,0.5559623333333334,5603,0,-1,-1,-1,NOT_CONSIDERED,CAPEX_PROPOSED|CAPEX_PROPOSED|CAPEX_PROPOSED,47444242.16456294,false
global-disease-crisis,seed-4,VAP,10,5852.249999999999,0,5852.249999999999,0,3849.5299999999997,2002.72,0,0,0,-1,6.243507941958093,100,5362.902411797485,9811.815622527793,7468.138629040651,5357,5098.71,5098.71,8000,6000,6000,0.669625,0.849785,0.849785,30000,0.5184806666666666,6500,0,-1,-1,-1,NOT_CONSIDERED,CAPEX_PROPOSED|CAPEX_DEFERRED,42565985.27532528,false
global-disease-crisis,seed-4,JPQ,11,3506.77,0,3506.77,0,0,3506.77,0,0,0,-1,7.3374093188308525,100,5819.891094878232,6504.582435663424,8641.96975409304,5895.69,6808.54,4255.34,8000,8000,5000,0.7369612499999999,0.8510675,0.851068,30000,0.565319,6250,0,-1,-1,-1,MONITORING,CAPEX_DEFERRED|CAPEX_DEFERRED,58644238.490246594,false
global-disease-crisis,seed-4,CONSV,11,5905.88,0,5905.88,0,5905.88,0,0,0,0,-1,5.471501100838659,100,5799.771262447281,12356.211280948657,3405.4708325602437,6808.54,6255.34,3617.03,8000,7350,4250,0.8510675,0.8510666666666666,0.8510658823529412,30000,0.5560303333333333,5603,0,-1,-1,-1,NOT_CONSIDERED,CAPEX_DEFERRED|CAPEX_DEFERRED,52997650.93526629,false
global-disease-crisis,seed-4,VAP,11,7023.169999999999,0,7023.169999999999,0,4798.82,2224.35,0,0,0,-1,6.094244530618049,100,5346.202668064392,10742.53943684806,7672.749656198954,5411.4,5106.4,4617,8000,6000,6000,0.6764249999999999,0.8510666666666666,0.7695,30000,0.5044933333333333,6500,0,-1,-1,-1,NOT_CONSIDERED,CAPEX_DEFERRED|CAPEX_PROPOSED|CAPEX_DEFERRED,45031371.97502358,false
global-disease-crisis,seed-4,JPQ,12,4437.85,0,4437.85,0,0,4437.85,0,0,0,-1,7.727718300409081,91.28,5853.275292904405,6541.904031490336,9602.506409329333,5957.7,6808.54,4255.34,8000,8000,5000,0.7447125,0.8510675,0.851068,30000,0.5673860000000001,6250,0,-1,-1,-1,MONITORING,CAPEX_DEFERRED,56578034.37339615,false
global-disease-crisis,seed-4,CONSV,12,6112.67,0,6112.67,0,6112.67,0,0,0,0,-1,5.733091525616852,100,7759.0083142291205,11865.565763825294,3037.2433533029857,7757.32,6254.09,3543.65,12000,7350,4250,0.6464433333333333,0.8508965986394558,0.8338,30000,0.5851686666666667,5603,232.86,-1,-1,-1,NOT_CONSIDERED,CAPEX_DEFERRED|CAPEX_DEFERRED,52498609.99983823,false
global-disease-crisis,seed-4,VAP,12,8889.380000000001,0,8889.380000000001,0,5740.42,3148.96,0,0,0,-1,6.493135689538889,87.53,5376.759410192975,11718.132216463857,8628.510587871624,5489.24,5106.4,5106.4,8000,6000,6000,0.686155,0.8510666666666666,0.8510666666666666,30000,0.5234013333333333,6500,0,-1,-1,-1,NOT_CONSIDERED,CAPEX_DEFERRED|CAPEX_DEFERRED|CAPEX_DEFERRED,56452001.38712911,false
global-disease-crisis,seed-4,JPQ,13,5365.94,182.51,5183.429999999999,0,0,5365.94,0,0,182.51,7.8864875531869405,7.786324683514664,90.9,5877.617285325322,6856.487863826921,10552.065913420092,5985.3,7106.41,4255.34,8000,8350,5000,0.7481625000000001,0.8510670658682634,0.851068,30000,0.5782349999999999,6250,0,-1,-1,-1,MONITORING,CAPEX_DEFERRED,71872176.36172163,false
global-disease-crisis,seed-4,CONSV,13,5617.719999999999,0,5617.719999999999,0,5617.719999999999,0,0,0,0,-1,5.812464588607953,100,8836.946711152694,12169.843477319057,3459.20561397423,9329.39,6254.71,3616.31,12000,7350,4250,0.7774491666666666,0.8509809523809524,0.8508964705882353,30000,0.6400136666666667,5990,0,-1,-1,-1,NOT_CONSIDERED,CAPEX_DEFERRED,56507966.55926569,false
global-disease-crisis,seed-4,VAP,13,10252.76,634.02,9618.74,0,6682.03,3570.7300000000005,0,634.02,0,5.770017198212315,6.602222899127851,87.04,5382.553612113566,12666.162082854778,9056.17944805713,5473.11,5106.4,5106.4,8000,6000,6000,0.6841387499999999,0.8510666666666666,0.8510666666666666,30000,0.5228636666666666,6500,0,-1,-1,-1,NOT_CONSIDERED,CAPEX_DEFERRED|CAPEX_DEFERRED|CAPEX_DEFERRED,63893916.87011245,false
global-disease-crisis,seed-4,JPQ,14,6119.44,1110.6,5008.84,0,0,6119.44,0,0,1110.6,7.986942500550437,7.7584844052002815,87.89,5886.483872514766,6866.841021751293,11313.389362167185,5958.06,7106.41,4255.34,8000,8350,5000,0.7447575000000001,0.8510670658682634,0.851068,30000,0.577327,6250,0,-1,-1,-1,MONITORING,CAPEX_DEFERRED,88858105.92966026,false
global-disease-crisis,seed-4,CONSV,14,5922.15,0,5922.15,0,5922.15,0,0,0,0,-1,5.8117325619768625,100,8837.166126928365,12786.467538154164,3459.295414247774,9399.34,6552.56,3617.03,12000,7700,4250,0.7832783333333333,0.8509818181818183,0.8510658823529412,30000,0.6522976666666667,6239,0,-1,-1,-1,NOT_CONSIDERED,CAPEX_PROPOSED,64396738.60682976,false
global-disease-crisis,seed-4,VAP,14,11421.020000000002,1575.63,9845.390000000003,0,7606.53,3814.49,0,1575.63,0,5.851138210834518,6.611236366605321,86.15,5367.858085444129,13922.432931838383,9284.961097290077,5404.59,5403.73,5106.4,8000,6350,6000,0.67557375,0.8509811023622047,0.8510666666666666,30000,0.5304906666666667,6500,0,-1,-1,-1,NOT_CONSIDERED,CAPEX_PROPOSED|CAPEX_DEFERRED|CAPEX_DEFERRED,79709858.39087665,false
global-disease-crisis,seed-4,JPQ,15,7024.4,1864.1,5160.299999999999,0,0,7024.4,0,0,1864.1,7.927847618504394,7.586648447783956,85.17,5904.377852761928,6887.716788345635,12494.63227621986,5947.21,7040.78,4467.2,8000,8350,5250,0.74340125,0.8432071856287425,0.850895238095238,30000,0.5818396666666666,6250,0,-1,-1,-1,MONITORING,CAPEX_PROPOSED|CAPEX_DEFERRED,108544719.75395718,false
global-disease-crisis,seed-4,CONSV,15,6241.080000000001,0,6241.080000000001,0,6241.080000000001,0,0,0,0,-1,5.68216504992813,100,8841.761655565288,13108.957145616723,3461.0843322772016,8879.73,6553.87,3575.12,12000,7700,4250,0.7399775,0.851151948051948,0.841204705882353,30000,0.633624,6239,0,-1,-1,-1,NOT_CONSIDERED,CAPEX_DEFERRED,79398244.18137728,false
global-disease-crisis,seed-4,VAP,15,12737.640000000001,2202.8,10534.84,0,8557.91,4179.73,0,2202.8,0,5.846799168482276,6.4757611585760335,79.4,5371.838803007647,14878.505361272542,9654.273108201403,5381.29,5404.28,5106.4,8000,6350,6000,0.67266125,0.851067716535433,0.8510666666666666,30000,0.5297323333333334,6500,0,-1,-1,-1,NOT_CONSIDERED,CAPEX_DEFERRED|CAPEX_DEFERRED|CAPEX_DEFERRED,95461681.75383906,false
global-disease-crisis,seed-4,JPQ,16,8047.4299999999985,2557.2,5490.229999999999,0,0,8047.4299999999985,0,0,2557.2,7.752658808715962,8.69468959461135,70.09,5908.092056311348,6892.036309767657,13521.094892038656,5939.94,6911.22,4468.1,8000,8350,5250,0.7424925,0.8276910179640719,0.8510666666666667,30000,0.5773086666666667,6454,0,-1,-1,-1,MONITORING,CAPEX_DEFERRED|CAPEX_DEFERRED,114136052.34501946,false
global-disease-crisis,seed-4,CONSV,16,6558.690000000001,0,6558.690000000001,0,6558.690000000001,0,0,0,0,-1,6.541202205629453,89.3,8841.991419165915,13426.737851837097,3664.758621587689,8664.87,6553.22,3651.2,12000,7700,4500,0.7220725000000001,0.8510675324675325,0.8113777777777778,30000,0.6289763333333334,6239,0,-1,-1,-1,NOT_CONSIDERED,CAPEX_DEFERRED,84923444.21020362,false
global-disease-crisis,seed-4,VAP,16,14061.800000000001,3153.63,10908.170000000002,0,9495.500000000002,4566.3,0,3153.63,0,5.694931092571972,7.474301026613239,63.18,5371.897547938865,15816.166266621763,10040.896439414078,5381.82,5404.28,5106.4,8000,6350,6000,0.6727274999999999,0.851067716535433,0.8510666666666666,30000,0.5297499999999999,6500,0,-1,-1,-1,NOT_CONSIDERED,CAPEX_DEFERRED|CAPEX_DEFERRED|CAPEX_DEFERRED,104471975.19947867,false
global-disease-crisis,seed-4,JPQ,17,8807.66,3579.33,5228.33,0,0,8807.66,0,0,3579.33,8.797471907052278,8.672795082925004,71.11,6090.696470165433,7105.0505225862,14450.523247158762,6118.64,7095.39,4468.55,8000,8350,5250,0.76483,0.8497473053892216,0.851152380952381,30000,0.5894193333333334,6454,0,-1,-1,-1,DEFERRED,CAPEX_DEFERRED|CAPEX_DEFERRED,133300934.24918899,false
global-disease-crisis,seed-4,CONSV,17,6876.95,5.47,6871.48,0,6876.95,0,0,5.47,0,6.587754652119846,6.551812374821137,88.78,8835.795569194974,13740.192961861536,3662.2047424952857,8764.55,6553.22,3635.75,12000,7700,4500,0.7303791666666666,0.8510675324675325,0.8079444444444445,30000,0.631784,6239,0,-1,-1,-1,NOT_CONSIDERED,CAPEX_DEFERRED|CAPEX_DEFERRED,103575193.1042434,false
global-disease-crisis,seed-4,VAP,17,15214.53,4091.22,11123.310000000001,0,10432.88,4781.650000000001,0,4091.22,0,6.5571203839557555,7.489978489272018,62.81,5363.419174786551,16743.56232910537,10475.342374178052,5381.45,5404.28,5319.17,8000,6350,6250,0.67268125,0.851067716535433,0.8510672,30000,0.53683,6500,0,-1,-1,-1,NOT_CONSIDERED,CAPEX_DEFERRED|CAPEX_PROPOSED|CAPEX_DEFERRED,118941110.46402168,false
global-disease-crisis,seed-4,JPQ,18,9306.72,4339.110000000001,4967.609999999999,0,0,9306.72,0,0,4339.110000000001,8.70967646738785,8.3734634525517,72.81,6050.538219705941,7058.2239597380585,14912.348171868885,6163.29,7107.12,4468.55,8000,8350,5250,0.77041125,0.8511520958083832,0.851152380952381,30000,0.5912986666666666,6454,0,-1,-1,-1,DEFERRED,CAPEX_DEFERRED|CAPEX_DEFERRED,154058390.28625453,false
global-disease-crisis,seed-4,CONSV,18,7195.21,323.73,6871.48,0,7195.21,0,0,323.73,0,6.597827573210615,6.351074375123213,87.93,8831.255821623967,14366.731997252971,3660.3131537131744,8876.23,6851.09,3582.85,12000,8050,4500,0.7396858333333333,0.8510670807453417,0.7961888888888888,30000,0.6436723333333333,6239,0,-1,-1,-1,NOT_CONSIDERED,CAPEX_PROPOSED|CAPEX_DEFERRED,131099312.59230559,false
global-disease-crisis,seed-4,VAP,18,15423.350000000002,5028.6,10394.750000000002,0,11374.570000000002,4048.78,0,5028.6,0,6.561479876705045,7.153762605544797,61.13,5327.692789902416,17988.750598633284,9704.556794784556,5357.66,5702.15,5319.17,8000,6700,6250,0.6697075,0.8510671641791044,0.8510672,30000,0.545966,6500,0,-1,-1,-1,NOT_CONSIDERED,CAPEX_PROPOSED|CAPEX_DEFERRED|CAPEX_DEFERRED,138359901.59896922,false
global-disease-crisis,seed-4,JPQ,19,10252.48,4838.169999999999,5414.31,0,0,10252.48,0,0,4838.169999999999,8.377867083133868,8.297818917959951,71.08,6035.586649962163,7040.793748665704,15844.274959256847,6141.89,7106.41,4468.1,8000,8350,5250,0.76773625,0.8510670658682634,0.8510666666666667,30000,0.5905466666666667,6454,0,-1,-1,-1,DEFERRED,CAPEX_DEFERRED|CAPEX_DEFERRED,178347593.63173354,false
global-disease-crisis,seed-4,CONSV,19,7527.94,344.12,7183.82,0,7527.94,0,0,344.12,0,6.394365925249807,6.298833332314326,87.35,8828.109137459429,14696.888613366598,3659.024761965602,8883.2,6851.78,3617.67,12000,8050,4500,0.7402666666666667,0.8511527950310559,0.8039266666666667,30000,0.6450883333333334,6239,0,-1,-1,-1,NOT_CONSIDERED,CAPEX_DEFERRED|CAPEX_DEFERRED,153481960.2190558,false
global-disease-crisis,seed-4,VAP,19,16177.33,5672.42,10504.91,0,12417.560000000001,3759.77,0,5672.42,0,6.3567858805751785,7.041830796466663,60.8,5280.523222386566,18973.196028732065,9365.482806325455,5377.59,5702.15,5319.17,8000,6700,6250,0.6721987500000001,0.8510671641791044,0.8510672,30000,0.5466303333333333,6500,0,-1,-1,-1,NOT_CONSIDERED,CAPEX_DEFERRED|CAPEX_DEFERRED|CAPEX_DEFERRED,158430015.9094113,false
global-disease-crisis,seed-4,JPQ,20,11020.38,5784.380000000001,5235.999999999998,0,0,11020.38,0,0,5784.380000000001,8.31929972146693,8.184028379241935,71.76,6000.521167332808,6999.876826865528,16579.6885310001,6098.74,7106.41,4468.1,8000,8350,5250,0.7623424999999999,0.8510670658682634,0.8510666666666667,30000,0.5891083333333333,6454,0,-1,-1,-1,DEFERRED,CAPEX_DEFERRED|CAPEX_DEFERRED,204648882.5939092,false
global-disease-crisis,seed-4,CONSV,20,7859.969999999999,676.16,7183.8099999999995,0,7859.969999999999,0,0,676.16,0,6.341510756222256,6.182688539388957,88.87,8828.219985107971,15029.036691040219,3659.0648622486983,8849.12,6851.78,3678.56,12000,8050,4500,0.7374266666666668,0.8511527950310559,0.8174577777777777,30000,0.6459820000000001,6239,0,-1,-1,-1,NOT_CONSIDERED,CAPEX_DEFERRED|CAPEX_DEFERRED,177206213.90335822,false
global-disease-crisis,seed-4,VAP,20,17536.83,6715.410000000001,10821.420000000002,0,13469.019999999999,4067.8100000000004,0,6715.410000000001,0,6.301456900035226,6.973533464314901,62.1,5270.81611532642,20012.59521180526,9663.217908104623,5436.98,5702.15,5319.17,8000,6700,6250,0.6796224999999999,0.8510671641791044,0.8510672,30000,0.5486099999999999,6500,0,-1,-1,-1,NOT_CONSIDERED,CAPEX_DEFERRED|CAPEX_DEFERRED|CAPEX_DEFERRED,180048901.91952074,false
global-disease-crisis,seed-4,JPQ,21,12148.370000000003,6552.28,5596.090000000003,0,0,12148.370000000003,0,0,6552.28,8.255680981236333,8.3269041763077,70.39,6016.285852366766,7018.268669976828,17987.706844753397,6140.33,7105.7,4679.93,8000,8350,5500,0.76754125,0.8509820359281437,0.8508963636363637,30000,0.597532,6454,0,-1,-1,-1,DEFERRED,CAPEX_PROPOSED|CAPEX_DEFERRED,225839586.74643594,false
global-disease-crisis,seed-4,CONSV,21,8192.019999999999,1008.19,7183.829999999998,0,8192.019999999999,0,0,1008.19,0,6.22826140583589,6.299274188543526,88.01,8834.490184702252,15366.178485210885,3661.663694975276,8840.78,6851.78,3690.46,12000,8050,4500,0.7367316666666667,0.8511527950310559,0.8201022222222222,30000,0.6461006666666667,6239,0,-1,-1,-1,NOT_CONSIDERED,CAPEX_DEFERRED|CAPEX_DEFERRED,197145046.8160864,false
global-disease-crisis,seed-4,VAP,21,18983.18,7766.87,11216.310000000001,0,14520.470000000001,4462.709999999999,0,7766.87,0,6.205566319930216,7.143726402484306,62.29,5280.995252104539,21076.658230281417,10068.893586234433,5470.81,5702.15,5319.17,8000,6700,6250,0.68385125,0.8510671641791044,0.8510672,30000,0.5497376666666666,6500,0,-1,-1,-1,NOT_CONSIDERED,CAPEX_DEFERRED|CAPEX_DEFERRED|CAPEX_DEFERRED,198585094.85032237,false
global-disease-crisis,seed-4,JPQ,22,12994.29,7468.44,5525.850000000001,0,0,12994.29,0,0,7468.44,8.342250569275317,7.991254363602493,70.66,6039.87087313601,7045.7816599522685,18856.51819070032,6179.69,7106.41,4680.87,8000,8350,5500,0.77246125,0.8510670658682634,0.8510672727272727,30000,0.598899,6694,0,-1,-1,-1,DEFERRED,CAPEX_DEFERRED|CAPEX_DEFERRED,248739026.65040988,false
global-disease-crisis,seed-4,CONSV,22,8524.07,1340.24,7183.83,0,8524.07,0,0,1340.24,0,6.344082917852101,6.054326565379255,87.09,8837.11427400101,16012.371558525292,3662.7613004380137,8844.31,7148.24,3617.72,12000,8400,4500,0.7370258333333333,0.8509809523809524,0.8039377777777778,30000,0.6536756666666667,6239,0,-1,-1,-1,NOT_CONSIDERED,CAPEX_PROPOSED|CAPEX_DEFERRED,222270676.44933027,false
global-disease-crisis,seed-4,VAP,22,19696.129999999997,8818.32,10877.809999999998,0,15571.92,4124.209999999999,0,8818.32,0,6.284631880438818,6.80952959103365,60.68,5305.452403940218,22502.583553473276,9756.39077236264,5475.73,5998.82,5318.63,8000,7050,6250,0.6844662499999999,0.8508964539007092,0.8509808,30000,0.5597726666666667,6500,0,-1,-1,-1,NOT_CONSIDERED,CAPEX_PROPOSED|CAPEX_DEFERRED|CAPEX_DEFERRED,222905164.7625967,false
global-disease-crisis,seed-4,JPQ,23,14087.189999999999,8313.42,5773.769999999999,0,0,14087.189999999999,0,0,8313.42,8.161710850383894,7.852190880235734,69.74,6047.33343607774,7054.496923360407,19956.661267211515,6163.03,7106.41,4680.87,8000,8350,5500,0.77037875,0.8510670658682634,0.8510672727272727,30000,0.5983436666666666,6694,0,-1,-1,-1,DEFERRED,CAPEX_PROPOSED|CAPEX_DEFERRED|CAPEX_DEFERRED,270131462.4544517,false
global-disease-crisis,seed-4,CONSV,23,8872,1375.83,7496.17,0,8872,0,0,1375.83,0,6.095997289707631,5.949139552031831,86.32,9146.000424808342,16622.02973080924,3790.7771490361442,9154.13,7148.24,3735.78,12000,8400,4500,0.7628441666666665,0.8509809523809524,0.8301733333333334,30000,0.6679383333333333,6239,0,-1,-1,-1,MONITORING,CAPEX_DEFERRED|CAPEX_DEFERRED,243534829.54398167,false
global-disease-crisis,seed-4,VAP,23,20884.539999999994,9573.1,11311.439999999993,0,16675.829999999998,4208.71,0,9573.1,0,6.136063827987842,6.68791716767226,60.42,5308.4230272024715,23610.334161807976,10069.437713449748,5442.02,5999.42,5530.82,8000,7050,6500,0.6802525,0.850981560283688,0.8508953846153846,30000,0.5657420000000001,6500,0,-1,-1,-1,NOT_CONSIDERED,CAPEX_DEFERRED|CAPEX_PROPOSED|CAPEX_DEFERRED,244262863.71870622,false
global-disease-crisis,seed-4,JPQ,24,15309.14,9406.32,5902.82,0,0,15309.14,0,0,9406.32,7.938496400759747,7.860379772209136,69.27,6079.324257050739,7091.805810906528,21209.671084155663,6167.24,7106.41,4680.87,8000,8350,5500,0.770905,0.8510670658682634,0.8510672727272727,30000,0.598484,6694,0,-1,-1,-1,DEFERRED,CAPEX_DEFERRED|CAPEX_DEFERRED|CAPEX_DEFERRED,289818474.75109637,false
global-disease-crisis,seed-4,CONSV,24,9482.28,1723.76,7758.52,0,9482.28,0,0,1723.76,0,5.989260863422236,5.975815714885586,87.94,9146.137063985547,17232.42703916914,3790.829642129905,9264.99,7148.24,3829.42,12000,8400,4500,0.7720825,0.8509809523809524,0.8509822222222222,30000,0.674755,6509,0,-1,-1,-1,MONITORING,CAPEX_DEFERRED|CAPEX_DEFERRED,261689793.22562605,false
global-disease-crisis,seed-4,VAP,24,22369.079999999998,10676.409999999998,11692.67,0,17745.199999999997,4623.88,0,10676.409999999998,0,5.994817513424795,6.755830472825602,61.64,5310.961883430925,24683.036762866293,10487.416605829474,5402.69,6000.02,5531.94,8000,7050,6500,0.67533625,0.8510666666666667,0.8510676923076922,30000,0.5644883333333333,6718,0,-1,-1,-1,NOT_CONSIDERED,CAPEX_DEFERRED|CAPEX_DEFERRED|CAPEX_DEFERRED,262362404.0048488,false
global-disease-crisis,seed-4,JPQ,25,16406.78,10628.27,5778.509999999998,0,0,16406.78,0,0,10628.27,7.873139633772123,7.5448449920852,69.72,6072.488017075122,7083.831028787017,22300.6660100008,6135.88,7106.41,4680.87,8000,8350,5500,0.766985,0.8510670658682634,0.8510672727272727,30000,0.5974386666666667,6694,0,-1,-1,-1,DEFERRED,CAPEX_DEFERRED|CAPEX_DEFERRED|CAPEX_DEFERRED,312813293.6570422,false
global-disease-crisis,seed-4,CONSV,25,10092.570000000002,2334.04,7758.530000000002,0,10092.570000000002,0,0,2334.04,0,6.01958241254664,5.747009751616395,85.45,9142.714390522422,17839.81677401668,3789.4210208102377,9193.6,7149.68,3802.59,12000,8400,4500,0.7661333333333333,0.851152380952381,0.84502,30000,0.671529,6509,0,-1,-1,-1,MONITORING,CAPEX_DEFERRED|CAPEX_DEFERRED,284231807.61161757,false
global-disease-crisis,seed-4,VAP,25,23743.42,11745.179999999998,11998.24,0,18804.62,4938.8,0,11745.179999999998,0,5.97331580175039,6.514642989140414,61.45,5309.966317486588,25741.161491402803,10801.237178821873,5389.35,6000.02,5531.94,8000,7050,6500,0.67366875,0.8510666666666667,0.8510676923076922,30000,0.5640436666666667,6718,0,-1,-1,-1,NOT_CONSIDERED,CAPEX_DEFERRED|CAPEX_DEFERRED|CAPEX_DEFERRED,283282396.90928257,false
global-disease-crisis,seed-4,JPQ,26,17473.64,11725.91,5747.73,0,0,17473.64,0,0,11725.91,7.705730336503695,7.508767767800155,69.83,6223.544388191194,7260.036519251686,23514.14509025611,6280.52,7107.12,4681.34,8000,8350,5500,0.785065,0.8511520958083832,0.8511527272727273,30000,0.6022993333333333,6694,0,-1,-1,-1,DEFERRED,CAPEX_DEFERRED|CAPEX_DEFERRED|CAPEX_DEFERRED,333307879.73759377,false
global-disease-crisis,seed-4,CONSV,26,10701.42,2942.8900000000003,7758.53,0,10701.42,0,0,2942.8900000000003,0,5.770618702646645,5.715445497550374,84.18,9144.559597482956,18773.094189150066,3790.1899514059573,9133.16,7446.84,3747.63,12000,8750,4500,0.7610966666666666,0.8510674285714286,0.8328066666666667,30000,0.6775876666666667,6509,0,-1,-1,-1,MONITORING,CAPEX_PROPOSED|CAPEX_DEFERRED,305327258.36946976,false
global-disease-crisis,seed-4,VAP,26,24561.7,12804.599999999999,11757.100000000002,0,19867.69,4694.01,0,12804.599999999999,0,5.85468594876724,6.446274025843434,60.22,5297.842420318744,27131.968538162288,10543.06011119673,5390.04,6297.9,5531.94,8000,7400,6500,0.673755,0.8510675675675675,0.8510676923076922,30000,0.573996,6718,0,-1,-1,-1,NOT_CONSIDERED,CAPEX_PROPOSED|CAPEX_DEFERRED|CAPEX_DEFERRED,304360669.79855406,false
global-disease-crisis,seed-4,JPQ,27,18753.389999999996,12792.3,5961.0899999999965,0,0,18753.389999999996,0,0,12792.3,7.5843696242896375,7.548931122909566,69.52,6228.416605238287,7570.285580341834,25073.41293527686,6329.58,7402.8,4892.65,8000,8700,5750,0.7911975,0.8508965517241379,0.8508956521739129,30000,0.6208343333333333,6694,0,-1,-1,-1,DEFERRED,CAPEX_PROPOSED|CAPEX_PROPOSED|CAPEX_DEFERRED,353466077.8885594,false
global-disease-crisis,seed-4,CONSV,27,11336.37,3254.58,8081.790000000001,0,11336.37,0,0,3254.58,0,5.735535873939362,5.754358473230986,61.55,9146.810164392751,19410.040698249824,3791.1027749019054,9137.11,7447.58,3763.25,12000,8750,4500,0.7614258333333334,0.851152,0.8362777777777778,30000,0.6782646666666667,6509,0,-1,-1,-1,MONITORING,CAPEX_DEFERRED|CAPEX_DEFERRED,323182009.75772667,false
global-disease-crisis,seed-4,VAP,27,25571.640000000003,13569.79,12001.850000000002,0,20954.290000000005,4617.349999999999,0,13569.79,0,5.73417017456103,6.464655200098046,59.48,5295.627388115379,28215.524188794807,10463.952305941366,5383.58,6297.9,5531.94,8000,7400,6500,0.6729475,0.8510675675675675,0.8510676923076922,30000,0.5737806666666666,6718,0,-1,-1,-1,NOT_CONSIDERED,CAPEX_DEFERRED|CAPEX_DEFERRED|CAPEX_DEFERRED,321687414.97743595,false
global-disease-crisis,seed-4,JPQ,28,20140.53,13860.74,6279.789999999999,0,0,20140.53,0,0,13860.74,7.5632931084285815,7.541418342499777,68.89,6226.597770322696,7568.062830569093,26458.707203364174,6292.38,7404.28,4893.64,8000,8700,5750,0.7865475000000001,0.8510666666666666,0.8510678260869565,30000,0.6196766666666667,6944,0,-1,-1,-1,READY_TO_BUILD,CAPEX_DEFERRED|CAPEX_DEFERRED|CAPEX_DEFERRED,370166361.48553216,false
global-disease-crisis,seed-4,CONSV,28,11970.59,3888.79,8081.8,0,11970.59,0,0,3888.79,0,5.7780500332670615,5.768498071477585,61.56,9146.104435236344,20043.637767992324,3790.8102694584663,9154.76,7446.09,3792.44,12000,8750,4500,0.7628966666666667,0.8509817142857143,0.8427644444444444,30000,0.6797763333333332,6509,0,-1,-1,-1,MONITORING,CAPEX_DEFERRED|CAPEX_DEFERRED,342407345.92485666,false
global-disease-crisis,seed-4,VAP,28,27033.630000000005,14656.39,12377.240000000005,0,22049.480000000003,4984.150000000001,0,14656.39,0,5.7387748990104885,6.509201006594678,60.43,5295.231943348621,29310.162707187206,10830.308285866864,5389.11,6297.9,5531.94,8000,7400,6500,0.67363875,0.8510675675675675,0.8510676923076922,30000,0.573965,6718,0,-1,-1,-1,NOT_CONSIDERED,CAPEX_DEFERRED|CAPEX_DEFERRED|CAPEX_DEFERRED,341331070.34708285,false
global-disease-crisis,seed-4,JPQ,29,21436.41,15246.89,6189.52,0,0,21436.41,0,0,15246.89,7.565551651772488,7.386005372661258,69.18,6226.896574744289,7568.438069865301,27754.89054847244,6263.64,7405.03,4894.13,8000,8700,5750,0.7829550000000001,0.8511528735632183,0.8511530434782609,30000,0.61876,6944,0,-1,-1,-1,APPROVED,CAPEX_DEFERRED|CAPEX_DEFERRED|CAPEX_DEFERRED,382885841.9317836,false
global-disease-crisis,seed-4,CONSV,29,12606.300000000001,4524.5,8081.800000000001,0,12606.300000000001,0,0,4524.5,0,5.783748357480708,5.658361044441832,61.53,9147.132487750237,20680.255205373065,3791.2463594157725,9165.03,7447.58,3784.01,12000,8750,4500,0.7637525000000001,0.851152,0.8408911111111111,30000,0.6798873333333334,6509,0,-1,-1,-1,MONITORING,CAPEX_DEFERRED|CAPEX_DEFERRED,363139023.9167533,false
global-disease-crisis,seed-4,VAP,29,28172.91,15751.580000000002,12421.329999999998,0,23146.21,5026.7,0,15751.580000000002,0,5.763597311396314,6.374503332833558,59.73,5286.163008178533,30394.444340556096,11087.298158977628,5385.26,6297.26,5743.55,8000,7400,6750,0.6731575000000001,0.8509810810810811,0.8508962962962964,30000,0.580869,6718,0,-1,-1,-1,NOT_CONSIDERED,CAPEX_DEFERRED|CAPEX_PROPOSED|CAPEX_DEFERRED,361389208.10209197,false
global-disease-crisis,seed-4,JPQ,30,22211.850000000002,16542.280000000002,5669.57,0,0,22211.850000000002,0,0,16542.280000000002,7.502465639704899,7.266982424267299,71.03,6189.651958292479,7523.169360217111,28492.538145505518,6228.44,7405.03,4894.13,8000,8700,5750,0.778555,0.8511528735632183,0.8511530434782609,30000,0.6175866666666666,6944,0,-1,-1,-1,APPROVED,CAPEX_DEFERRED|CAPEX_DEFERRED|CAPEX_DEFERRED,394165842.7892149,false
global-disease-crisis,seed-4,CONSV,30,13240.52,5158.72,8081.8,0,13240.52,0,0,5158.72,0,5.669605473959745,5.588294018743154,61.53,9148.731618723572,21638.899390454033,3791.90915723673,9159.39,7743.15,3767.4,12000,9100,4500,0.7632825,0.8508956043956044,0.8372,30000,0.6889980000000001,6509,0,-1,-1,-1,MONITORING,CAPEX_PROPOSED|CAPEX_DEFERRED,384130140.6329675,false
global-disease-crisis,seed-4,VAP,30,28591.449999999993,16848.95,11742.499999999993,0,24256.619999999995,4334.83,0,16848.95,0,5.72565718066107,6.222345581586506,58.53,5263.919106578403,31815.758188887896,10369.949020174445,5378.88,6595.11,5744.13,8000,7750,6750,0.6723600000000001,0.8509819354838709,0.8509822222222222,30000,0.590604,6979,0,-1,-1,-1,NOT_CONSIDERED,CAPEX_PROPOSED|CAPEX_DEFERRED|CAPEX_DEFERRED,379479906.44439965,false
global-disease-crisis,seed-4,JPQ,31,23253.04,17317.72,5935.32,0,0,23253.04,0,0,17317.72,7.402299915061343,7.225352170534753,70.08,6166.838435670038,7796.98623300935,29510.579230595813,6240.38,7702.16,4894.13,8000,9050,5750,0.7800475,0.8510674033149171,0.8511530434782609,30000,0.627889,6944,0,-1,-1,-1,APPROVED,CAPEX_PROPOSED|CAPEX_DEFERRED|CAPEX_DEFERRED,407133658.64818287,false
global-disease-crisis,seed-4,CONSV,31,13902.44,5497.370000000001,8405.07,0,13902.44,0,0,5497.370000000001,0,5.5978303084503915,5.5557436366135935,60.62,9148.893100970054,22300.9484635196,3791.9819380883746,9155.15,7744.71,3777.37,12000,9100,4500,0.7629291666666667,0.851067032967033,0.8394155555555556,30000,0.689241,6699,0,-1,-1,-1,MONITORING,CAPEX_DEFERRED|CAPEX_DEFERRED,402059346.05574334,false
global-disease-crisis,seed-4,VAP,31,29331.739999999998,17661.509999999995,11670.230000000003,0,25434.229999999996,3897.51,0,17661.509999999995,0,5.655578310097142,6.135897519977716,57.97,5256.481903884637,32982.68002615116,9924.098378151793,5403.41,6595.77,5744.7,8000,7750,6750,0.67542625,0.8510670967741936,0.8510666666666666,30000,0.5914626666666667,6979,0,-1,-1,-1,NOT_CONSIDERED,CAPEX_DEFERRED|CAPEX_DEFERRED|CAPEX_DEFERRED,395341377.59946984,false
global-disease-crisis,seed-4,JPQ,32,24681.509999999995,18358.909999999996,6322.5999999999985,0,0,24681.509999999995,0,0,18358.909999999996,7.309556153696864,7.390587926816284,69.21,7938.382184327705,8906.4363234839,32224.776875217234,4949.63,7639.77,7432.45,13000,13050,8750,0.3807407692307692,0.5854229885057471,0.8494228571428571,41000,0.48833780487804884,8649,6499.46,-1,-1,-1,NOT_CONSIDERED,CAPEX_DEFERRED|CAPEX_DEFERRED,425066537.10587066,false
global-disease-crisis,seed-4,CONSV,32,14562.789999999999,6157.7300000000005,8405.059999999998,0,14562.789999999999,0,0,6157.7300000000005,0,5.563070624292527,5.679602251470086,60.64,9335.154325237556,23132.289393211926,3869.1755428843526,9339.96,7745.49,3829.8,12000,9100,4500,0.77833,0.8511527472527473,0.8510666666666667,30000,0.6971749999999999,6699,0,-1,-1,-1,DEFERRED,CAPEX_DEFERRED|CAPEX_DEFERRED,418864916.9237484,false
global-disease-crisis,seed-4,VAP,32,30991.879999999994,18838.46,12153.419999999995,0,26641.399999999998,4350.48,0,18838.46,0,5.595741107430517,6.327725108942052,59.85,5257.3421928227335,34191.09764649426,10378.055096588905,5442.97,6595.77,5744.7,8000,7750,6750,0.68037125,0.8510670967741936,0.8510666666666666,30000,0.5927813333333334,6979,0,-1,-1,-1,NOT_CONSIDERED,CAPEX_DEFERRED|CAPEX_DEFERRED|CAPEX_DEFERRED,411509112.81227833,false
global-disease-crisis,seed-5,JPQ,1,1900,0,1900,0,1900,0,0,0,0,-1,7.005263157894737,-1,4771.23,7232.55,4209.91,4015.62,6783.23,2509.76,8000,8000,5000,0.5019525,0.84790375,0.5019520000000001,30000,0.4436203333333333,5500,2790.77,-1,-1,-1,NOT_CONSIDERED,CAPEX_DEFERRED|CAPEX_DEFERRED,25000000,false
global-disease-crisis,seed-5,CONSV,1,1400,0,1400,1100,300,0,0,0,0,-1,5.582142857142857,-1,6997.600000000001,6546.8,3259.2,6782.54,5934.73,2128.14,8000,7000,4000,0.8478175,0.8478185714285714,0.5320349999999999,30000,0.494847,4500,1273.83,-1,-1,-1,NOT_CONSIDERED,CAPEX_DEFERRED|CAPEX_DEFERRED|CAPEX_DEFERRED,35000000,false
global-disease-crisis,seed-5,VAP,1,1650,0,1650,0,450,1200,0,0,0,-1,8.374242424242425,-1,4414.389999999999,5357.759999999999,5698.780000000001,1032.51,5093.06,5093.06,8000,6000,6000,0.12906375,0.8488433333333334,0.8488433333333334,30000,0.3739543333333334,6500,0,-1,-1,-1,NOT_CONSIDERED,CAPEX_DEFERRED|CAPEX_DEFERRED,22000000,false
global-disease-crisis,seed-5,JPQ,2,1284.48,0,1284.48,755.61,449.32,79.55,0,0,0,-1,5.452158441225616,100,4986.64,5178.117192023859,3812.8128079761404,5694.11,6019.51,3797.33,8000,8000,5000,0.7117637499999999,0.75243875,0.759466,30000,0.5170316666666667,5500,1854.94,-1,-1,-1,NOT_CONSIDERED,CAPEX_DEFERRED|CAPEX_DEFERRED,14494279.701722093,false
global-disease-crisis,seed-5,CONSV,2,1115.09,0,1115.09,215.06,612.0699999999999,287.96,0,0,0,-1,6.219324203933475,100,5789.861007556675,6516.957909319899,3368.7710831234253,5924.61,5067.59,2959.32,8000,7000,4000,0.7405762499999999,0.7239414285714286,0.73983,30000,0.46505066666666667,4500,2169.45,-1,-1,-1,NOT_CONSIDERED,CAPEX_DEFERRED|CAPEX_DEFERRED|CAPEX_DEFERRED,10878104.155727632,false
global-disease-crisis,seed-5,VAP,2,3646.58,0,3646.58,3381.8799999999997,264.7,0,0,0,0,-1,4.656061477439135,100,7176.263401131473,4483.168523492993,3866.9294798685764,6507.15,4892.68,0,8000,6000,6000,0.8133937499999999,0.8154466666666668,0,30000,0.3799943333333333,6500,275.74,-1,-1,-1,NOT_CONSIDERED,CAPEX_DEFERRED|CAPEX_DEFERRED,20033387.12761445,false
global-disease-crisis,seed-5,JPQ,3,0,0,0,0,0,0,0,0,0,-1,-1,100,4364.328333333334,4877.777649351777,3850.8698701383087,5919.56,6402.01,4070.74,8000,8000,5000,0.7399450000000001,0.8002512500000001,0.814148,30000,0.5464103333333332,6010,684.13,-1,-1,-1,NOT_CONSIDERED,CAPEX_DEFERRED,30548227.50670083,false
global-disease-crisis,seed-5,CONSV,3,2337.4,0,2337.4,188.05,1791.28,358.07,0,0,0,-1,4.990267533006492,100,5880.2739590517795,7820.533312342568,3503.7770320996387,6377.51,5519.62,3188.75,8000,7000,4000,0.79718875,0.7885171428571428,0.7971875,30000,0.5028626666666667,5038,1029.79,-1,-1,-1,NOT_CONSIDERED,CAPEX_DEFERRED|CAPEX_DEFERRED|CAPEX_DEFERRED,34909183.70691529,false
global-disease-crisis,seed-5,VAP,3,3608.52,0,3608.52,1289.11,279.78,2039.6299999999999,0,0,0,-1,5.45245138586004,100,5214.032860532128,4643.377927229907,6039.594766627414,6065.78,4557.43,4335.88,8000,6000,6000,0.7582225,0.7595716666666668,0.7226466666666667,30000,0.49863633333333335,6500,0,-1,-1,-1,NOT_CONSIDERED,CAPEX_DEFERRED|CAPEX_DEFERRED|CAPEX_DEFERRED,21574317.37611035,false
global-disease-crisis,seed-5,JPQ,4,0,0,0,0,0,0,0,0,0,-1,-1,100,5277.121121835373,5897.949482825997,4656.29276084475,5791.4,6510.01,4087.3,8000,8000,5000,0.7239249999999999,0.81375125,0.8174600000000001,30000,0.5462903333333333,6010,616.31,-1,-1,-1,NOT_CONSIDERED,CAPEX_DEFERRED,25800795.336247873,false
global-disease-crisis,seed-5,CONSV,4,2946.99,0,2946.99,0,2518.46,428.53,0,0,0,-1,5.23335009022053,100,5760.676264130347,8620.228937664382,3612.061619650981,4687.66,5933.53,3390.59,8000,7000,4000,0.5859575,0.8476471428571428,0.8476475,30000,0.46705933333333327,5038,2112.63,-1,-1,-1,NOT_CONSIDERED,CAPEX_DEFERRED|CAPEX_PROPOSED|CAPEX_PROPOSED,32899856.266310584,false
global-disease-crisis,seed-5,VAP,4,2832.6400000000003,0,2832.6400000000003,0,630.11,2202.53,0,0,0,-1,6.293868927225406,100,4088.075201005626,5175.095241072895,6368.766470983488,5804.36,5089.47,5088.96,8000,6000,6000,0.725545,0.848245,0.84816,30000,0.5327596666666667,6500,0,-1,-1,-1,NOT_CONSIDERED,CAPEX_DEFERRED|CAPEX_DEFERRED,16903187.634751376,false
global-disease-crisis,seed-5,JPQ,5,463.86,0,463.86,0,0,463.86,0,0,0,-1,6.546395394241102,100,5355.19544057254,5985.207751813956,5189.024014589965,5367.86,6023.67,4239.95,8000,8000,5000,0.6709824999999999,0.75295875,0.8479899999999999,30000,0.5210493333333334,6010,1101.67,-1,-1,-1,NOT_CONSIDERED,CAPEX_DEFERRED,25553355.488790736,false
global-disease-crisis,seed-5,CONSV,5,4046.9599999999996,0,4046.9599999999996,918.09,2831.73,297.14,0,0,0,-1,4.831221074183557,100,6712.987361112869,8969.746865605486,3499.5887085977593,6371.72,5519.62,3188.75,8000,7000,4000,0.796465,0.7885171428571428,0.7971875,30000,0.5026696666666667,5038,1029.79,-1,-1,-1,NOT_CONSIDERED,CAPEX_DEFERRED|CAPEX_DEFERRED|CAPEX_DEFERRED,36238294.896707185,false
global-disease-crisis,seed-5,VAP,5,2060.75,0,2060.75,0,448.4,1612.35,0,0,0,-1,6.159237807363655,100,4169.651385998293,5084.088360009976,5861.712892589116,4414.65,5090.5,5090.5,8000,6000,6000,0.55183125,0.8484166666666667,0.8484166666666667,30000,0.48652166666666663,6500,0,-1,-1,-1,NOT_CONSIDERED,CAPEX_DEFERRED|CAPEX_DEFERRED,27847954.964103304,false
global-disease-crisis,seed-5,JPQ,6,1066.75,0,1066.75,0,0,1066.75,0,0,0,-1,6.620840060434952,100,5501.904780889167,6149.187696287893,5921.371865490442,5451.49,5966.64,4247.21,8000,8000,5000,0.68143625,0.74583,0.849442,30000,0.522178,6010,1459.37,-1,-1,-1,NOT_CONSIDERED,CAPEX_DEFERRED,22206444.69152335,false
global-disease-crisis,seed-5,CONSV,6,4370.45,0,4370.45,443.96,3558.9,367.59,0,0,0,-1,5.007300466166798,100,6319.55693905483,9782.404678841309,3614.6359193954654,6389.73,5530.2,3194.86,8000,7000,4000,0.7987162499999999,0.7900285714285714,0.7987150000000001,30000,0.5038263333333334,5038,1029.79,-1,-1,-1,NOT_CONSIDERED,CAPEX_DEFERRED|CAPEX_DEFERRED|CAPEX_DEFERRED,34775649.302686326,false
global-disease-crisis,seed-5,VAP,6,1286.29,0,1286.29,0,265.67,1020.62,0,0,0,-1,6.2787194142386555,100,5205.7982375540105,6053.286465021864,6325.943256881596,4957.9,5089.99,5089.99,8000,6000,6000,0.6197374999999999,0.8483316666666666,0.8483316666666666,30000,0.5045959999999999,6500,0,-1,-1,-1,NOT_CONSIDERED,CAPEX_DEFERRED|CAPEX_DEFERRED,16901727.569992747,false
global-disease-crisis,seed-5,JPQ,7,1536.4799999999998,0,1536.4799999999998,0,0,1536.4799999999998,0,0,0,-1,6.594814820528593,100,5557.196502760397,6210.97440871675,6439.878761008419,5564.69,5843.33,4254.05,8000,8000,5000,0.69558625,0.73041625,0.8508100000000001,30000,0.522069,6010,1724.29,-1,-1,-1,NOT_CONSIDERED,CAPEX_DEFERRED|CAPEX_DEFERRED,13823035.310001362,false
global-disease-crisis,seed-5,CONSV,7,4707.43,0,4707.43,0,4275.5,431.93,0,0,0,-1,5.094539566146808,100,5897.5999999999985,10522.3,3691.119999999999,4703.73,5954.48,3402.56,8000,7000,4000,0.5879662499999999,0.85064,0.85064,30000,0.46869233333333327,5038,2112.63,-1,-1,-1,NOT_CONSIDERED,CAPEX_DEFERRED|CAPEX_DEFERRED|CAPEX_DEFERRED,16700513.001747377,false
global-disease-crisis,seed-5,VAP,7,2244.01,0,2244.01,0,1083.38,1160.63,0,0,0,-1,5.810489238747124,100,5296.85327074491,6972.238095436686,6558.749090142853,5589.84,5089.99,5089.99,8000,6000,6000,0.6987300000000001,0.8483316666666666,0.8483316666666666,30000,0.5256606666666667,6500,0,-1,-1,-1,NOT_CONSIDERED,CAPEX_DEFERRED|CAPEX_DEFERRED,29095352.302282926,false
global-disease-crisis,seed-5,JPQ,8,1864.4099999999999,0,1864.4099999999999,0,0,1864.4099999999999,0,0,0,-1,6.916112238491406,100,5533.532489638732,6184.53631194917,6746.9386673282925,5588.1,5813.42,4254.05,8000,8000,5000,0.6985125000000001,0.7266775,0.8508100000000001,30000,0.5218523333333334,6010,1785.27,-1,-1,-1,NOT_CONSIDERED,CAPEX_DEFERRED|CAPEX_DEFERRED,34149360.2526056,false
global-disease-crisis,seed-5,CONSV,8,5986.900000000001,0,5986.900000000001,1145.69,4567.82,273.39,0,0,0,-1,5.126183608686663,100,7041.837958755068,11125.345081760159,3531.7875561541164,6352.91,5765.37,3178.37,8000,7350,4000,0.79411375,0.7844040816326531,0.7945924999999999,30000,0.5098883333333333,5038,1166.88,-1,-1,-1,NOT_CONSIDERED,CAPEX_DEFERRED|CAPEX_DEFERRED|CAPEX_DEFERRED,30186156.480510097,false
global-disease-crisis,seed-5,VAP,8,3066.9100000000003,0,3066.9100000000003,0,1901.1000000000001,1165.81,0,0,0,-1,5.902339136635252,100,5381.764809816589,7884.3603127175675,6650.473550820339,5630.99,5098.71,5098.71,8000,6000,6000,0.70387375,0.849785,0.849785,30000,0.5276136666666666,6500,0,-1,-1,-1,NOT_CONSIDERED,CAPEX_PROPOSED|CAPEX_DEFERRED,34268479.40823031,false
global-disease-crisis,seed-5,JPQ,9,2439.61,0,2439.61,0,0,2439.61,0,0,0,-1,7.296130898647226,100,5536.118323356641,6187.4263613985995,7324.430165594387,5599.53,5799.77,4254.05,8000,8000,5000,0.69994125,0.7249712500000001,0.8508100000000001,30000,0.5217783333333332,6010,1813.39,-1,-1,-1,NOT_CONSIDERED,CAPEX_DEFERRED|CAPEX_PROPOSED,43074939.01736901,false
global-disease-crisis,seed-5,CONSV,9,6406.1900000000005,0,6406.1900000000005,690.38,5361.59,354.22,0,0,0,-1,5.435359532176204,100,6586.545279972934,11919.133224481522,3612.6316009944003,6778.18,6222.29,3389.09,8000,7350,4000,0.8472725,0.8465700680272109,0.8472725,30000,0.5463186666666667,5360,73.98,-1,-1,-1,NOT_CONSIDERED,CAPEX_DEFERRED|CAPEX_DEFERRED|CAPEX_DEFERRED,35551118.68735601,false
global-disease-crisis,seed-5,VAP,9,4392.5199999999995,0,4392.5199999999995,0,2835.7299999999996,1556.79,0,0,0,-1,6.097565240020701,100,5381.453155456301,8818.639917883102,7041.118307805187,5450.27,5106.4,5106.4,8000,6000,6000,0.6812837500000001,0.8510666666666666,0.8510666666666666,30000,0.5221023333333333,6500,0,-1,-1,-1,NOT_CONSIDERED,CAPEX_DEFERRED|CAPEX_DEFERRED,29924665.79013198,false
global-disease-crisis,seed-5,JPQ,10,3111.4300000000003,0,3111.4300000000003,0,310.44,2800.99,0,0,0,-1,7.138852095868526,100,5848.204530269092,6846.655850180231,7961.163517444424,5033.09,6804.43,4253.63,8000,8000,5000,0.6291362500000001,0.85055375,0.850726,30000,0.5363716666666667,6010,1690.2,-1,-1,-1,MONITORING,CAPEX_DEFERRED|CAPEX_DEFERRED,54393480.62748531,false
global-disease-crisis,seed-5,CONSV,10,5885.57,0,5885.57,0,5698.45,187.12,0,0,0,-1,5.483395820035261,100,5805.4890896701745,12155.140476531713,3595.9282048757477,6807.85,6254.71,3616.31,8000,7350,4250,0.85098125,0.8509809523809524,0.8508964705882353,30000,0.5559623333333334,5603,0,-1,-1,-1,NOT_CONSIDERED,CAPEX_PROPOSED|CAPEX_PROPOSED|CAPEX_PROPOSED,46519468.17400655,false
global-disease-crisis,seed-5,VAP,10,5457.039999999999,0,5457.039999999999,0,3763.7,1693.34,0,0,0,-1,6.026506584512413,100,5372.458360442806,9736.609588962885,7168.516999058553,5355.93,5106.4,5106.4,8000,6000,6000,0.66949125,0.8510666666666666,0.8510666666666666,30000,0.5189576666666667,6500,0,-1,-1,-1,NOT_CONSIDERED,CAPEX_DEFERRED|CAPEX_PROPOSED,39730732.57031306,false
global-disease-crisis,seed-5,JPQ,11,3661.92,0,3661.92,0,144.15,3517.77,0,0,0,-1,7.196298892010741,100,5845.775566768752,6677.6731321771495,8675.817686161012,5042.29,6805.8,4253.63,8000,8000,5000,0.63028625,0.8507250000000001,0.850726,30000,0.5367240000000001,6010,1772.37,-1,-1,-1,MONITORING,CAPEX_DEFERRED|CAPEX_PROPOSED|CAPEX_DEFERRED,60526413.36215929,false
global-disease-crisis,seed-5,CONSV,11,5905.870000000001,0,5905.870000000001,0,5905.870000000001,0,0,0,0,-1,5.417286510945481,100,5804.037992686785,12360.956599165802,3407.9661535509863,6808.54,6255.34,3617.03,8000,7350,4250,0.8510675,0.8510666666666666,0.8510658823529412,30000,0.5560303333333333,5603,0,-1,-1,-1,NOT_CONSIDERED,CAPEX_DEFERRED|CAPEX_DEFERRED,50893551.79673469,false
global-disease-crisis,seed-5,VAP,11,6650.289999999999,0,6650.289999999999,0,4705.299999999999,1944.99,0,0,0,-1,5.987391779968827,100,5372.807778959951,10678.598060137829,7420.5033453081205,5407.09,5106.4,5106.4,8000,6000,6000,0.67588625,0.8510666666666666,0.8510666666666666,30000,0.520663,6500,0,-1,-1,-1,NOT_CONSIDERED,CAPEX_DEFERRED|CAPEX_DEFERRED|CAPEX_DEFERRED,42717339.44993739,false
global-disease-crisis,seed-5,JPQ,12,5178.660000000001,0,5178.660000000001,743.94,0,4434.719999999999,0,0,0,-1,7.302310761061949,91.21,6616.126363731139,6563.039960400287,9616.062653912937,6802.38,4406.17,4253.63,8000,8000,5000,0.8502975,0.55077125,0.850726,30000,0.515406,6010,2411.69,-1,-1,-1,MONITORING,CAPEX_DEFERRED|CAPEX_DEFERRED|CAPEX_DEFERRED|CAPEX_DEFERRED,61548862.66484232,false
global-disease-crisis,seed-5,CONSV,12,6112.67,0,6112.67,0,6112.67,0,0,0,0,-1,5.733343879645215,100,7760.8660593108525,11866.943183899888,3037.9605711691543,7758.44,6254.09,3543.32,12000,7350,4250,0.6465366666666666,0.8508965986394558,0.8337223529411765,30000,0.5851949999999999,5603,233.95,-1,-1,-1,NOT_CONSIDERED,CAPEX_DEFERRED|CAPEX_DEFERRED,50601739.477585286,false
global-disease-crisis,seed-5,VAP,12,8012.779999999999,0,8012.779999999999,0,5646.9,2365.88,0,0,0,-1,6.3542087415882795,87.44,5365.504892031885,11960.056526521668,7833.976376878024,5450.41,5403.73,5106.4,8000,6350,6000,0.68130125,0.8509811023622047,0.8510666666666666,30000,0.532018,6500,0,-1,-1,-1,NOT_CONSIDERED,CAPEX_PROPOSED|CAPEX_DEFERRED|CAPEX_DEFERRED,53216010.46186395,false
global-disease-crisis,seed-5,JPQ,13,7546.21,181.09,7365.12,0,2208.47,5337.740000000001,0,0,181.09,7.886817058802316,7.129781487839005,90.85,5875.751139668278,8775.484233831687,10522.22804550487,5559.34,6800.33,4253.63,8000,8000,5000,0.6949175,0.85004125,0.850726,30000,0.5537766666666667,6010,1252.72,-1,-1,-1,MONITORING,CAPEX_PROPOSED|CAPEX_DEFERRED|CAPEX_DEFERRED|CAPEX_DEFERRED,75948905.77896164,false
global-disease-crisis,seed-5,CONSV,13,5617.719999999999,0,5617.719999999999,0,5617.719999999999,0,0,0,0,-1,5.757288957137174,100,8839.014240770874,12171.39125654757,3460.012775195922,9330.75,6254.71,3616.31,12000,7350,4250,0.7775625,0.8509809523809524,0.8508964705882353,30000,0.640059,5990,0,-1,-1,-1,NOT_CONSIDERED,CAPEX_DEFERRED,54501650.21293807,false
global-disease-crisis,seed-5,VAP,13,9357.1,243.17,9113.93,0,6606.080000000001,2751.02,0,243.17,0,5.770372562748432,6.39120075173936,86.52,5365.9953260178945,12919.807362055619,8219.61260163156,5423.57,5404.28,5106.4,8000,6350,6000,0.67794625,0.851067716535433,0.8510666666666666,30000,0.5311416666666666,6500,0,-1,-1,-1,NOT_CONSIDERED,CAPEX_DEFERRED|CAPEX_DEFERRED|CAPEX_DEFERRED,63973679.6217692,false
global-disease-crisis,seed-5,JPQ,14,8429.33,1084.11,7345.22,261,2046.28,6122.049999999999,0,0,1084.11,7.9113196900288605,7.099871245151452,87.6,6148.141673997433,8626.034739669572,11316.588520356112,6805.12,6807.17,4254.48,8000,8000,5000,0.85064,0.85089625,0.8508959999999999,30000,0.5955590000000001,6370,0,-1,-1,-1,MONITORING,CAPEX_DEFERRED|CAPEX_DEFERRED|CAPEX_DEFERRED|CAPEX_DEFERRED,78457310.85545117,false
global-disease-crisis,seed-5,CONSV,14,5922.150000000001,0,5922.150000000001,0,5922.150000000001,0,0,0,0,-1,5.792583835191358,100,8841.053469560846,12789.479290136074,3460.8032026259534,9401.24,6552.56,3617.03,12000,7700,4250,0.7834366666666667,0.8509818181818183,0.8510658823529412,30000,0.652361,6239,0,-1,-1,-1,NOT_CONSIDERED,CAPEX_PROPOSED,61807780.67551178,false
global-disease-crisis,seed-5,VAP,14,10578.13,1201.8,9376.33,0,7563.08,3015.0499999999997,0,1201.8,0,5.795758666983067,6.471389624688784,85.56,5369.123634706898,13880.48948411736,8486.819801012365,5400.24,5404.28,5106.4,8000,6350,6000,0.67503,0.851067716535433,0.8510666666666666,30000,0.5303640000000001,6500,0,-1,-1,-1,NOT_CONSIDERED,CAPEX_DEFERRED|CAPEX_DEFERRED|CAPEX_DEFERRED,78696045.21813317,false
global-disease-crisis,seed-5,JPQ,15,8841.23,1867.5700000000002,6973.66,0,1877.26,6963.97,0,0,1867.5700000000002,7.909033533304801,7.2761837297471805,85.4,8345.720978961226,8367.70440672858,12118.689946125229,9440.16,7104.27,4466.76,12000,8350,5250,0.7866799999999999,0.8508107784431138,0.8508114285714287,30000,0.700373,7143,631.37,-1,-1,-1,NOT_CONSIDERED,CAPEX_PROPOSED|CAPEX_PROPOSED|CAPEX_DEFERRED,96865506.8797217,false
global-disease-crisis,seed-5,CONSV,15,6241.080000000001,0,6241.080000000001,0,6241.080000000001,0,0,0,0,-1,5.839943938702199,100,8843.057843416282,13109.971729833087,3461.6056308329926,8877.34,6553.87,3617.4,12000,7700,4250,0.7397783333333333,0.851151948051948,0.8511529411764706,30000,0.6349536666666666,6239,0,-1,-1,-1,NOT_CONSIDERED,CAPEX_DEFERRED,74947803.1935591,false
global-disease-crisis,seed-5,VAP,15,11829.64,2158.8,9670.84,0,8509.679999999998,3319.96,0,2158.8,0,5.828491165981999,6.56775624400163,79.49,5371.132268229659,14829.464261345343,8793.77523976272,5391.46,5404.28,5106.4,8000,6350,6000,0.6739325,0.851067716535433,0.8510666666666666,30000,0.5300713333333333,6500,0,-1,-1,-1,NOT_CONSIDERED,CAPEX_DEFERRED|CAPEX_DEFERRED|CAPEX_DEFERRED,95121544.5257967,false
global-disease-crisis,seed-5,JPQ,16,8913.960000000003,2497.21,6416.750000000003,0,1309.38,7604.58,0,0,2497.21,7.963666433591172,8.263909468090807,74.53,8346.014993282099,7800.035408247091,12759.46548023406,9962.93,7105.7,4467.65,12000,8350,5250,0.8302441666666667,0.8509820359281437,0.8509809523809523,30000,0.717876,7514,0,-1,-1,-1,NOT_CONSIDERED,CAPEX_DEFERRED|CAPEX_DEFERRED|CAPEX_DEFERRED,86864039.73146932,false
global-disease-crisis,seed-5,CONSV,16,6558.69,0,6558.69,0,6558.69,0,0,0,0,-1,6.5472465970592015,89.25,8843.225720248398,13427.704364280664,3665.274348164855,8663.28,6553.22,3684.33,12000,7700,4500,0.72194,0.8510675324675325,0.81874,30000,0.6300276666666668,6239,0,-1,-1,-1,NOT_CONSIDERED,CAPEX_DEFERRED,82221934.54779851,false
global-disease-crisis,seed-5,VAP,16,13108.03,3105.4,10002.630000000001,0,9449.619999999999,3658.4100000000003,0,3105.4,0,5.852493099236971,7.382722661624653,63.07,5349.1756163796845,16090.46519178756,9336.984856044359,5366.99,5702.15,5319.17,8000,6700,6250,0.6708737499999999,0.8510671641791044,0.8510672,30000,0.5462769999999999,6500,0,-1,-1,-1,NOT_CONSIDERED,CAPEX_PROPOSED|CAPEX_PROPOSED|CAPEX_DEFERRED,106202343.12996006,false
global-disease-crisis,seed-5,JPQ,17,8883.88,3136.93,5746.949999999999,0,740.06,8143.82,0,0,3136.93,8.80503171901828,8.43142553804636,74.9,8336.68892245887,7223.470282098528,13292.95139328342,8585.82,7106.41,4468.1,12000,8350,5250,0.7154849999999999,0.8510670658682634,0.8510666666666667,30000,0.672011,7514,0,-1,-1,-1,NOT_CONSIDERED,CAPEX_DEFERRED|CAPEX_DEFERRED|CAPEX_DEFERRED,98808207.83255513,false
global-disease-crisis,seed-5,CONSV,17,6876.949999999999,5.47,6871.479999999999,0,6876.949999999999,0,0,5.47,0,6.594429825350895,6.577752507301607,88.88,8838.019848416385,13741.928440696849,3663.1307885141296,8765.81,6553.22,3642.07,12000,7700,4500,0.7304841666666666,0.8510675324675325,0.8093488888888889,30000,0.6320366666666666,6239,0,-1,-1,-1,NOT_CONSIDERED,CAPEX_DEFERRED|CAPEX_DEFERRED,101141676.91093907,false
global-disease-crisis,seed-5,VAP,17,14303.690000000002,3747.4700000000003,10556.220000000001,0,10417.160000000002,3886.5299999999993,0,3747.4700000000003,0,6.566728269813173,7.404853123539845,62.08,5346.446730828773,17054.627968378973,9562.213729029716,5361.13,5702.15,5319.17,8000,6700,6250,0.67014125,0.8510671641791044,0.8510672,30000,0.5460816666666666,6500,0,-1,-1,-1,NOT_CONSIDERED,CAPEX_DEFERRED|CAPEX_DEFERRED|CAPEX_DEFERRED,118197194.90240613,false
global-disease-crisis,seed-5,JPQ,18,8586.589999999998,3675.7200000000003,4910.869999999998,0,170.03,8416.56,0,0,3675.7200000000003,8.760486033476358,8.356494615821285,75.91,8312.091328364575,6634.320719328112,13550.498761636944,7901.39,7106.41,4468.1,12000,8350,5250,0.6584491666666666,0.8510670658682634,0.8510666666666667,30000,0.6491966666666668,7514,0,-1,-1,-1,NOT_CONSIDERED,CAPEX_DEFERRED|CAPEX_DEFERRED|CAPEX_DEFERRED,121756858.07527646,false
global-disease-crisis,seed-5,CONSV,18,7195.209999999999,323.73,6871.48,0,7195.209999999999,0,0,323.73,0,6.625775802538747,6.3906805057127665,88.18,8833.781714036157,14368.781300282946,3661.374191357714,8877.52,6851.09,3588.62,12000,8050,4500,0.7397933333333334,0.8510670807453417,0.7974711111111111,30000,0.6439076666666667,6239,0,-1,-1,-1,NOT_CONSIDERED,CAPEX_PROPOSED|CAPEX_DEFERRED,128500590.11100788,false
global-disease-crisis,seed-5,VAP,18,14596.890000000001,4715.01,9881.880000000001,0,11394.27,3202.62,0,4715.01,0,6.591211874171898,7.077061119585402,59.99,5327.424012885514,18008.110768044775,8858.116413317592,5359.05,5702.15,5319.17,8000,6700,6250,0.66988125,0.8510671641791044,0.8510672,30000,0.5460123333333333,6500,0,-1,-1,-1,NOT_CONSIDERED,CAPEX_DEFERRED|CAPEX_DEFERRED|CAPEX_DEFERRED,137842913.99236995,false
global-disease-crisis,seed-5,JPQ,19,8999.839999999998,3948.46,5051.379999999998,0,0,8999.839999999998,0,0,3948.46,8.457864948875706,8.36089916810982,74.73,8315.216845888643,6737.771297183298,14135.719121757276,8167.14,7404.28,4468.55,12000,8700,5250,0.6805950000000001,0.8510666666666666,0.851152380952381,30000,0.667999,7514,0,-1,-1,-1,NOT_CONSIDERED,CAPEX_PROPOSED|CAPEX_DEFERRED|CAPEX_DEFERRED,150917875.71727738,false
global-disease-crisis,seed-5,CONSV,19,7527.929999999999,344.12,7183.8099999999995,0,7527.929999999999,0,0,344.12,0,6.436382830654188,6.348927742019267,87.57,8830.37436711909,14698.73620207061,3659.9577968980443,8882.96,6851.78,3613.38,12000,8050,4500,0.7402466666666666,0.8511527950310559,0.8029733333333333,30000,0.6449373333333333,6239,0,-1,-1,-1,NOT_CONSIDERED,CAPEX_DEFERRED|CAPEX_DEFERRED,151540241.27875096,false
global-disease-crisis,seed-5,VAP,19,15278.449999999999,5692.12,9586.329999999998,0,12438.16,2840.29,0,5692.12,0,6.397785074840258,6.985564016656492,60.63,5278.872373037579,18991.724790174005,8444.239991597795,5384.52,5702.15,5319.17,8000,6700,6250,0.673065,0.8510671641791044,0.8510672,30000,0.5468613333333333,6500,0,-1,-1,-1,NOT_CONSIDERED,CAPEX_DEFERRED|CAPEX_DEFERRED|CAPEX_DEFERRED,160550716.22412694,false
global-disease-crisis,seed-5,JPQ,20,9671.929999999998,4531.29,5140.6399999999985,0,0,9671.929999999998,0,0,4531.29,8.38035915439749,8.41089537564027,74.75,8818.13191919957,7145.2692148548485,15118.413928547427,8995.99,7405.03,4468.55,12000,8700,5250,0.7496658333333334,0.8511528735632183,0.851152380952381,30000,0.6956523333333333,7514,0,-1,-1,-1,MONITORING,CAPEX_DEFERRED|CAPEX_DEFERRED|CAPEX_DEFERRED,174293925.91398108,false
global-disease-crisis,seed-5,CONSV,20,7859.969999999998,676.15,7183.819999999999,0,7859.969999999998,0,0,676.15,0,6.393665409739789,6.36393693607157,89.1,8830.480170557368,15030.872102963363,3660.0016496389085,8848.56,6851.78,3675.03,12000,8050,4500,0.7373799999999999,0.8511527950310559,0.8166733333333334,30000,0.6458456666666667,6239,0,-1,-1,-1,NOT_CONSIDERED,CAPEX_DEFERRED|CAPEX_DEFERRED,174479468.30802616,false
global-disease-crisis,seed-5,VAP,20,16737.3,6736.01,10001.289999999999,0,13489.61,3247.69,0,6736.01,0,6.351614335945811,7.087129747101317,62.31,5280.665371097648,20387.867425214765,8853.543404060461,5449.85,5998.82,5318.63,8000,7050,6250,0.6812312500000001,0.8508964539007092,0.8509808,30000,0.55891,6500,0,-1,-1,-1,NOT_CONSIDERED,CAPEX_PROPOSED|CAPEX_DEFERRED|CAPEX_DEFERRED,183787405.11722845,false
global-disease-crisis,seed-5,JPQ,21,10627.25,5203.38,5423.87,0,0,10627.25,0,0,5203.38,8.413322510514053,8.387861201027839,74.83,8831.189583218562,7155.855898203551,16341.550308267526,9211.24,7403.54,4680.4,12000,8700,5500,0.7676033333333333,0.8509816091954023,0.8509818181818181,30000,0.7098393333333334,7514,0,-1,-1,-1,MONITORING,CAPEX_DEFERRED|CAPEX_PROPOSED|CAPEX_DEFERRED,190871128.39014632,false
global-disease-crisis,seed-5,CONSV,21,8192.019999999999,1008.19,7183.829999999998,0,8192.019999999999,0,0,1008.19,0,6.4124588911487965,6.352208256723577,88.23,8835.730199253467,15367.16547869179,3662.177648374792,8839.65,6851.78,3690.29,12000,8050,4500,0.7366375,0.8511527950310559,0.8200644444444445,30000,0.6460573333333334,6239,0,-1,-1,-1,NOT_CONSIDERED,CAPEX_DEFERRED|CAPEX_DEFERRED,196202552.93117476,false
global-disease-crisis,seed-5,VAP,21,18243.699999999997,7490.790000000001,10752.909999999996,0,14597.19,3646.51,0,7490.790000000001,0,6.369244920859288,7.093683804509834,61.09,5289.3737251643115,21506.8233530345,9261.608026254393,5471.47,5999.42,5318.63,8000,7050,6250,0.68393375,0.850981560283688,0.8509808,30000,0.5596506666666666,6500,0,-1,-1,-1,NOT_CONSIDERED,CAPEX_DEFERRED|CAPEX_DEFERRED|CAPEX_DEFERRED,202668598.11364233,false
global-disease-crisis,seed-5,JPQ,22,11504.83,5946.849999999999,5557.9800000000005,0,0,11504.83,0,0,5946.849999999999,8.41407206491066,8.126084986363542,74.37,8858.64214283556,7178.120416777995,17236.903676207374,9014.62,7405.03,4681.34,12000,8700,5500,0.7512183333333334,0.8511528735632183,0.8511527272727273,30000,0.7033663333333334,7514,0,-1,-1,-1,MONITORING,CAPEX_DEFERRED|CAPEX_DEFERRED|CAPEX_DEFERRED,212322904.36135983,false
global-disease-crisis,seed-5,CONSV,22,8524.05,1340.24,7183.8099999999995,0,8524.05,0,0,1340.24,0,6.398966657310691,6.156020797134625,87.39,8839.804548704951,16014.621222849984,3663.86635900271,8845.54,7147.53,3647.33,12000,8400,4500,0.7371283333333334,0.8508964285714286,0.8105177777777778,30000,0.65468,6239,0,-1,-1,-1,NOT_CONSIDERED,CAPEX_PROPOSED|CAPEX_DEFERRED,221972182.5499772,false
global-disease-crisis,seed-5,VAP,22,19164.07,8597.769999999999,10566.300000000001,0,15704.169999999998,3459.8999999999996,0,8597.769999999999,0,6.364901566651162,6.834665911568285,59.8,5304.822753988467,22633.97345973375,9316.650625899518,5463.06,5999.42,5530.82,8000,7050,6500,0.6828825000000001,0.850981560283688,0.8508953846153846,30000,0.5664433333333333,6500,0,-1,-1,-1,NOT_CONSIDERED,CAPEX_DEFERRED|CAPEX_PROPOSED|CAPEX_DEFERRED,226210238.3422096,false
global-disease-crisis,seed-5,JPQ,23,12468.53,6823.490000000001,5645.04,0,0,12468.53,0,0,6823.490000000001,8.223749493791848,7.9330017031813505,74.07,8861.768453446735,7469.511487900924,18202.616640100256,8844.16,7702.16,4681.34,12000,9050,5500,0.7370133333333333,0.8510674033149171,0.8511527272727273,30000,0.7075886666666666,7514,0,-1,-1,-1,MONITORING,CAPEX_PROPOSED|CAPEX_DEFERRED|CAPEX_DEFERRED,236138864.67796955,false
global-disease-crisis,seed-5,CONSV,23,8872.68,1376.52,7496.16,0,8872.68,0,0,1376.52,0,6.199985813388395,6.015859037305907,86.58,9151.489426745666,16627.360936388824,3793.0422012343424,9157.75,7147.53,3766.78,12000,8400,4500,0.7631458333333333,0.8508964285714286,0.8370622222222223,30000,0.6690686666666665,6239,0,-1,-1,-1,MONITORING,CAPEX_DEFERRED|CAPEX_DEFERRED,244452621.49956694,false
global-disease-crisis,seed-5,VAP,23,20305.580000000005,9704.75,10600.830000000005,0,16786.88,3518.7,0,9704.75,0,6.223043740230342,6.697233001578222,60.86,5313.186022608616,23727.631098407743,9384.710462190042,5427.57,6000.02,5531.94,8000,7050,6500,0.6784462499999999,0.8510666666666667,0.8510676923076922,30000,0.5653176666666666,6722,0,-1,-1,-1,NOT_CONSIDERED,CAPEX_DEFERRED|CAPEX_DEFERRED|CAPEX_DEFERRED,247783593.94257954,false
global-disease-crisis,seed-5,JPQ,24,13483.149999999998,7787.19,5695.959999999998,0,0,13483.149999999998,0,0,7787.19,8.041733166764324,7.676799956351195,74.24,8860.89009664787,7468.772690787446,19216.671801783003,8848.52,7702.93,4681.34,12000,9050,5500,0.7373766666666667,0.8511524861878453,0.8511527272727273,30000,0.7077596666666667,7514,0,-1,-1,-1,MONITORING,CAPEX_DEFERRED|CAPEX_DEFERRED|CAPEX_DEFERRED,258705296.2653246,false
global-disease-crisis,seed-5,CONSV,24,9483.67,1725.15,7758.52,0,9483.67,0,0,1725.15,0,6.057819711921387,5.839936332943281,87.7,9151.546694381104,17238.419453389528,3793.0859273324686,9265.77,7148.24,3829.42,12000,8400,4500,0.7721475,0.8509809523809524,0.8509822222222222,30000,0.674781,6509,0,-1,-1,-1,MONITORING,CAPEX_DEFERRED|CAPEX_DEFERRED,265272105.17852828,false
global-disease-crisis,seed-5,VAP,24,21736.66,10786.86,10949.8,0,17838.04,3898.62,0,10786.86,0,6.07471112920191,6.539186163860776,61.6,5298.876299253918,25103.739945499117,9748.805463061031,5371.25,6297.9,5531.94,8000,7400,6500,0.67140625,0.8510675675675675,0.8510676923076922,30000,0.5733696666666667,6722,0,-1,-1,-1,NOT_CONSIDERED,CAPEX_PROPOSED|CAPEX_DEFERRED|CAPEX_DEFERRED,270601188.7629978,false
global-disease-crisis,seed-5,JPQ,25,14483.529999999999,8801.81,5681.719999999999,0,0,14483.529999999999,0,0,8801.81,7.814113198321599,7.790632994657953,74.29,8860.768703342752,7468.68031511289,20216.963307347884,8910.21,7702.93,4681.34,12000,9050,5500,0.7425174999999999,0.8511524861878453,0.8511527272727273,30000,0.709816,7514,0,-1,-1,-1,MONITORING,CAPEX_DEFERRED|CAPEX_DEFERRED|CAPEX_DEFERRED,279079643.23999715,false
global-disease-crisis,seed-5,CONSV,25,10093.969999999998,2335.43,7758.539999999997,0,10093.969999999998,0,0,2335.43,0,5.8825502987777885,5.935783234011878,85.2,9151.612529141163,17848.746779848065,3793.1090714358693,9196.07,7149.68,3825.12,12000,8400,4500,0.7663391666666667,0.851152380952381,0.8500266666666666,30000,0.6723623333333333,6509,0,-1,-1,-1,MONITORING,CAPEX_DEFERRED|CAPEX_DEFERRED,284137019.4618419,false
global-disease-crisis,seed-5,VAP,25,23170.089999999997,11540.140000000001,11629.949999999995,0,18920.639999999996,4249.45,0,11540.140000000001,0,5.91677426744186,6.653122460232487,60.42,5298.947196900185,26186.421638680644,10099.734222986695,5362.99,6297.9,5531.94,8000,7400,6500,0.67037375,0.8510675675675675,0.8510676923076922,30000,0.5730943333333333,6722,0,-1,-1,-1,NOT_CONSIDERED,CAPEX_DEFERRED|CAPEX_DEFERRED|CAPEX_DEFERRED,289167512.80304223,false
global-disease-crisis,seed-5,JPQ,26,14971.849999999999,9802.189999999999,5169.66,0,0,14971.849999999999,0,0,9802.189999999999,7.766031909339595,7.600435247204571,76.05,8821.210266863107,7435.326882766008,20679.69659684529,8891.21,6963.98,4681.34,12000,9050,5500,0.7409341666666666,0.7695005524861878,0.8511527272727273,30000,0.6845509999999999,7514,0,-1,-1,-1,MONITORING,CAPEX_DEFERRED|CAPEX_DEFERRED,303264430.48797977,false
global-disease-crisis,seed-5,CONSV,26,10697.69,2944.29,7753.400000000001,0,10697.69,0,0,2944.29,0,5.963126879625032,5.801559900961941,84.16,9148.773224007859,18773.1034361348,3791.9264015351805,9129.1,7446.84,3745.73,12000,8750,4500,0.7607583333333333,0.8510674285714286,0.8323844444444445,30000,0.677389,6509,0,-1,-1,-1,MONITORING,CAPEX_PROPOSED|CAPEX_DEFERRED,306427705.2769087,false
global-disease-crisis,seed-5,VAP,26,23508.44,12622.74,10885.699999999999,0,20002.95,3505.4900000000002,0,12622.74,0,5.90191978269048,6.403278169901551,57.95,5289.217680347914,27255.403189076176,9345.031133260949,5369.75,6297.9,5531.94,8000,7400,6500,0.67121875,0.8510675675675675,0.8510676923076922,30000,0.5733196666666667,6722,0,-1,-1,-1,NOT_CONSIDERED,CAPEX_DEFERRED|CAPEX_DEFERRED|CAPEX_DEFERRED,309878554.4821121,false
global-disease-crisis,seed-5,JPQ,27,15798.23,10290.51,5507.719999999999,0,0,15798.23,0,0,10290.51,7.703379579760299,7.328625271051342,74.88,8807.710471841461,7711.063227835668,21756.389700829804,8887.16,7998.42,4892.65,12000,9400,5750,0.7405966666666667,0.850895744680851,0.8508956521739129,30000,0.7259410000000001,7514,0,-1,-1,-1,MONITORING,CAPEX_DEFERRED|CAPEX_PROPOSED|CAPEX_DEFERRED,329535943.04790854,false
global-disease-crisis,seed-5,CONSV,27,11332.66,3250.85,8081.8099999999995,0,11332.66,0,0,3250.85,0,5.822383415424837,5.591104651228415,61.52,9146.885113197612,19406.38803582344,3791.1396885579247,9130.69,7447.58,3735.34,12000,8750,4500,0.7608908333333334,0.851152,0.8300755555555556,30000,0.6771203333333333,6509,0,-1,-1,-1,MONITORING,CAPEX_DEFERRED|CAPEX_DEFERRED,327759278.0970796,false
global-disease-crisis,seed-5,VAP,27,24220.000000000004,13705.05,10514.950000000004,0,21122.980000000003,3097.02,0,13705.05,0,5.868135710461326,6.137563567123508,58.68,5280.586139453976,28363.59990661435,8927.019997116038,5403.48,6297.9,5531.94,8000,7400,6500,0.6754349999999999,0.8510675675675675,0.8510676923076922,30000,0.574444,6722,0,-1,-1,-1,NOT_CONSIDERED,CAPEX_DEFERRED|CAPEX_DEFERRED|CAPEX_DEFERRED,333009624.8184203,false
global-disease-crisis,seed-5,JPQ,28,16885.9,10905.58,5980.3200000000015,0,0,16885.9,0,0,10905.58,7.472103421055772,7.5249515948543175,73.64,9109.788827729104,7975.542654923405,23048.4071156434,9208.24,8000.03,4893.64,12000,9400,5750,0.7673533333333333,0.8510670212765957,0.8510678260869565,30000,0.7367303333333334,7848,0,-1,-1,-1,DEFERRED,CAPEX_PROPOSED|CAPEX_DEFERRED|CAPEX_DEFERRED,344979327.6543208,false
global-disease-crisis,seed-5,CONSV,28,11966.880000000003,3885.08,8081.800000000003,0,11966.880000000003,0,0,3885.08,0,5.614945217620049,5.755605644651274,61.58,9146.910537403883,20040.63929510756,3791.1643568729096,9154.65,7446.09,3790.3,12000,8750,4500,0.7628874999999999,0.8509817142857143,0.842288888888889,30000,0.6797013333333333,6509,0,-1,-1,-1,MONITORING,CAPEX_DEFERRED|CAPEX_DEFERRED,345534716.58299357,false
global-disease-crisis,seed-5,VAP,28,25813.510000000002,14825.08,10988.430000000002,0,22276.510000000002,3537,0,14825.08,0,5.699323125452493,6.373464635875756,60.49,5263.377630308377,29834.88188739982,9571.497022815602,5427.72,6594.44,5743.55,8000,7750,6750,0.678465,0.8508954838709677,0.8508962962962964,30000,0.5921903333333333,6722,0,-1,-1,-1,NOT_CONSIDERED,CAPEX_PROPOSED|CAPEX_PROPOSED|CAPEX_DEFERRED,352443966.2758876,false
global-disease-crisis,seed-5,JPQ,29,18068.79,11992.26,6076.530000000001,0,0,18068.79,0,0,11992.26,7.44796197681529,7.296644885474487,73.97,9103.124701347073,7969.688504591001,24226.779145845718,9318.74,8000.83,4894.13,12000,9400,5750,0.7765616666666666,0.8511521276595745,0.8511530434782609,30000,0.7404566666666667,7848,0,-1,-1,-1,DEFERRED,CAPEX_DEFERRED|CAPEX_DEFERRED|CAPEX_DEFERRED,365712293.17842555,false
global-disease-crisis,seed-5,CONSV,29,12602.589999999998,4520.789999999999,8081.799999999999,0,12602.589999999998,0,0,4520.789999999999,0,5.7705215725020285,5.57840265247723,61.54,9144.545446022486,20674.271672945117,3790.174098513777,9162.01,7446.09,3791.22,12000,8750,4500,0.7635008333333334,0.8509817142857143,0.8424933333333333,30000,0.6799773333333333,6509,0,-1,-1,-1,MONITORING,CAPEX_DEFERRED|CAPEX_DEFERRED,366563556.93427634,false
global-disease-crisis,seed-5,VAP,29,27305.059999999998,15682.07,11622.989999999998,0,23456.97,3848.09,0,15682.07,0,5.684807494419064,6.189480343414042,59.6,5261.981896474585,31013.32261246667,9880.983797902481,5421.82,6595.11,5744.13,8000,7750,6750,0.6777274999999999,0.8509819354838709,0.8509822222222222,30000,0.5920353333333334,6988,0,-1,-1,-1,NOT_CONSIDERED,CAPEX_DEFERRED|CAPEX_DEFERRED|CAPEX_DEFERRED,369380299.346128,false
global-disease-crisis,seed-5,JPQ,30,18791.71,13174.659999999996,5617.050000000003,0,0,18791.71,0,0,13174.659999999996,7.421262719255582,7.475013105385285,75.45,9101.765545555072,7968.499808454807,24948.782914670497,9249.28,8000.83,4894.13,12000,9400,5750,0.7707733333333334,0.8511521276595745,0.8511530434782609,30000,0.7381413333333334,7848,0,-1,-1,-1,DEFERRED,CAPEX_DEFERRED|CAPEX_DEFERRED|CAPEX_DEFERRED,383421303.84536994,false
global-disease-crisis,seed-5,CONSV,30,13223.359999999999,5156.5,8066.859999999999,0,13223.359999999999,0,0,5156.5,0,5.5893971450129545,5.738475050010182,61.57,9145.560498065874,21618.819186511897,3790.600659514015,9159.62,7743.15,3767.57,12000,9100,4500,0.7633016666666668,0.8508956043956044,0.8372377777777779,30000,0.6890113333333333,6509,0,-1,-1,-1,MONITORING,CAPEX_PROPOSED|CAPEX_DEFERRED,384153815.2218786,false
global-disease-crisis,seed-5,VAP,30,27828.68,16861.86,10966.82,0,24642.46,3186.22,0,16861.86,0,5.664037610657526,6.272557233561188,57.44,5262.834973017866,32200.03845794679,9220.085130105012,5417.49,6595.77,5744.7,8000,7750,6750,0.67718625,0.8510670967741936,0.8510666666666666,30000,0.591932,6988,0,-1,-1,-1,NOT_CONSIDERED,CAPEX_DEFERRED|CAPEX_DEFERRED|CAPEX_DEFERRED,385514527.671239,false
global-disease-crisis,seed-5,JPQ,31,19563.030000000002,13897.58,5665.450000000003,0,0,19563.030000000002,0,0,13897.58,7.434936065901425,7.387872245539517,75.3,9072.410008517138,7942.807967715737,25700.251431888923,9158.42,8000.83,4894.13,12000,9400,5750,0.7632016666666667,0.8511521276595745,0.8511530434782609,30000,0.7351126666666667,7848,0,-1,-1,-1,DEFERRED,CAPEX_DEFERRED|CAPEX_DEFERRED|CAPEX_DEFERRED,404552306.5122336,false
global-disease-crisis,seed-5,CONSV,31,13879.54,5480.21,8399.330000000002,0,13879.54,0,0,5480.21,0,5.748376461921083,5.681855703153966,60.62,9146.136139060736,22275.52761453766,3790.8292587732635,9156.7,7744.71,3766.89,12000,9100,4500,0.7630583333333334,0.851067032967033,0.8370866666666666,30000,0.6889433333333334,6695,0,-1,-1,-1,MONITORING,CAPEX_DEFERRED|CAPEX_DEFERRED,402581239.76459545,false
global-disease-crisis,seed-5,VAP,31,28381.940000000002,18046.69,10335.250000000004,0,25823.829999999998,2558.11,0,18046.69,0,5.680195146656933,6.142160566688378,57.52,5258.574918144104,33375.31347705152,8587.110797176147,5410,6595.77,5744.7,8000,7750,6750,0.67625,0.8510670967741936,0.8510666666666666,30000,0.5916823333333334,6988,0,-1,-1,-1,NOT_CONSIDERED,CAPEX_DEFERRED|CAPEX_DEFERRED|CAPEX_DEFERRED,402522523.81682223,false
global-disease-crisis,seed-5,JPQ,32,20590.349999999995,14668.899999999998,5921.449999999997,0,0,20590.349999999995,0,0,14668.899999999998,7.424801107850125,7.429899321893893,74.47,9047.735101549279,8216.1417295536,26710.869753133,9155.2,8297.9,4894.13,12000,9750,5750,0.7629333333333334,0.8510666666666666,0.8511530434782609,30000,0.7449076666666666,7848,0,-1,-1,-1,DEFERRED,CAPEX_PROPOSED|CAPEX_DEFERRED|CAPEX_DEFERRED,427741853.4643408,false
global-disease-crisis,seed-5,CONSV,32,14539.9,6134.83,8405.07,0,14539.9,0,0,6134.83,0,5.689432458370675,5.707930204542334,60.63,9331.23928392633,23105.81626548006,3867.5487213519505,9339.27,7745.49,3829.8,12000,9100,4500,0.7782725,0.8511527472527473,0.8510666666666667,30000,0.697152,6695,0,-1,-1,-1,DEFERRED,CAPEX_DEFERRED|CAPEX_DEFERRED,420532454.27119744,false
global-disease-crisis,seed-5,VAP,32,29976.030000000002,19228.06,10747.970000000001,0,27022.47,2953.56,0,19228.06,0,5.692690861633264,6.234458650051622,59.74,5244.727902510912,34894.18572417884,8966.663804833297,5410.72,6892.26,5744.13,8000,8100,6750,0.67634,0.8508962962962964,0.8509822222222222,30000,0.6015703333333333,6988,0,-1,-1,-1,NOT_CONSIDERED,CAPEX_PROPOSED|CAPEX_DEFERRED|CAPEX_DEFERRED,421930967.2514869,false
