scenario,seed,companyId,turn,factoryId,code,factoryPdUtilization,pdProductionTonsEstimate,laborSavingsHeadcount,expectedQuarterlySavingUsd,investmentCostUsd,rawPaybackQuarters,strategyFitMultiplier,financialConservatismRatio,effectiveMaxPaybackQuarters,eligibleAtRawVsEffective
baseline,seed-1,MASS,1,MASS-F1,PD_MECH_CONSIDERED,0,-1,-1,-1,-1,-1,-1,-1,-1,false
baseline,seed-1,MASS,1,MASS-F1,PD_MECH_LOW_UTILIZATION,0,-1,-1,-1,-1,-1,-1,-1,-1,false
baseline,seed-1,MASS,1,,PD_MECH_DEFERRED,-1,-1,-1,-1,-1,-1,-1,-1,-1,false
baseline,seed-1,BAL,1,BAL-F1,PD_MECH_CONSIDERED,0,-1,-1,-1,-1,-1,-1,-1,-1,false
baseline,seed-1,BAL,1,BAL-F1,PD_MECH_LOW_UTILIZATION,0,-1,-1,-1,-1,-1,-1,-1,-1,false
baseline,seed-1,BAL,1,,PD_MECH_DEFERRED,-1,-1,-1,-1,-1,-1,-1,-1,-1,false
baseline,seed-1,JPQ,1,JPQ-F1,PD_MECH_CONSIDERED,0,-1,-1,-1,-1,-1,-1,-1,-1,false
baseline,seed-1,JPQ,1,JPQ-F1,PD_MECH_LOW_UTILIZATION,0,-1,-1,-1,-1,-1,-1,-1,-1,false
baseline,seed-1,JPQ,1,,PD_MECH_DEFERRED,-1,-1,-1,-1,-1,-1,-1,-1,-1,false
baseline,seed-1,CONSV,1,CONSV-F1,PD_MECH_CONSIDERED,0,-1,-1,-1,-1,-1,-1,-1,-1,false
baseline,seed-1,CONSV,1,CONSV-F1,PD_MECH_LOW_UTILIZATION,0,-1,-1,-1,-1,-1,-1,-1,-1,false
baseline,seed-1,CONSV,1,,PD_MECH_DEFERRED,-1,-1,-1,-1,-1,-1,-1,-1,-1,false
baseline,seed-1,VAP,1,VAP-F1,PD_MECH_CONSIDERED,0,-1,-1,-1,-1,-1,-1,-1,-1,false
baseline,seed-1,VAP,1,VAP-F1,PD_MECH_LOW_UTILIZATION,0,-1,-1,-1,-1,-1,-1,-1,-1,false
baseline,seed-1,VAP,1,,PD_MECH_DEFERRED,-1,-1,-1,-1,-1,-1,-1,-1,-1,false
baseline,seed-1,MASS,2,MASS-F1,PD_MECH_CONSIDERED,0.7883040935672515,-1,-1,-1,-1,-1,-1,-1,-1,false
baseline,seed-1,MASS,2,MASS-F1,PD_MECH_PAYBACK_UNATTRACTIVE,-1,4044.0000000000005,134.79999999999995,134799.99999999994,2500000,18.545994065281906,0.7916666666666666,1,9.5,false
baseline,seed-1,MASS,2,,PD_MECH_DEFERRED,-1,-1,-1,-1,-1,-1,-1,-1,-1,false
baseline,seed-1,BAL,2,BAL-F1,PD_MECH_CONSIDERED,0.9271929824561403,-1,-1,-1,-1,-1,-1,-1,-1,false
baseline,seed-1,BAL,2,BAL-F1,PD_MECH_PAYBACK_UNATTRACTIVE,-1,5549.25,184.9749999999999,184974.9999999999,2500000,13.515339910798764,1,1,12,false
baseline,seed-1,BAL,2,,PD_MECH_DEFERRED,-1,-1,-1,-1,-1,-1,-1,-1,-1,false
baseline,seed-1,JPQ,2,JPQ-F1,PD_MECH_CONSIDERED,1,-1,-1,-1,-1,-1,-1,-1,-1,false
baseline,seed-1,JPQ,2,,PD_MECH_FINANCE_BLOCKED,-1,-1,-1,-1,2500000,-1,-1,-1,-1,false
baseline,seed-1,CONSV,2,CONSV-F1,PD_MECH_CONSIDERED,1,-1,-1,-1,-1,-1,-1,-1,-1,false
baseline,seed-1,CONSV,2,,PD_MECH_FINANCE_BLOCKED,-1,-1,-1,-1,2500000,-1,-1,-1,-1,false
baseline,seed-1,VAP,2,VAP-F1,PD_MECH_CONSIDERED,1,-1,-1,-1,-1,-1,-1,-1,-1,false
baseline,seed-1,VAP,2,,PD_MECH_FINANCE_BLOCKED,-1,-1,-1,-1,2500000,-1,-1,-1,-1,false
baseline,seed-1,MASS,3,MASS-F1,PD_MECH_CONSIDERED,0.6432066276803119,-1,-1,-1,-1,-1,-1,-1,-1,false
baseline,seed-1,MASS,3,MASS-F1,PD_MECH_PAYBACK_UNATTRACTIVE,-1,3299.65,109.98833333333334,109988.33333333334,2500000,22.729683451275132,0.7916666666666666,1,9.5,false
baseline,seed-1,MASS,3,,PD_MECH_DEFERRED,-1,-1,-1,-1,-1,-1,-1,-1,-1,false
baseline,seed-1,BAL,3,BAL-F1,PD_MECH_CONSIDERED,1,-1,-1,-1,-1,-1,-1,-1,-1,false
baseline,seed-1,BAL,3,BAL-F1,PD_MECH_PAYBACK_UNATTRACTIVE,-1,5985,199.5,199500,2500000,12.531328320802006,1,1,12,false
baseline,seed-1,BAL,3,,PD_MECH_DEFERRED,-1,-1,-1,-1,-1,-1,-1,-1,-1,false
baseline,seed-1,JPQ,3,JPQ-F1,PD_MECH_CONSIDERED,0.8874108187134503,-1,-1,-1,-1,-1,-1,-1,-1,false
baseline,seed-1,JPQ,3,JPQ-F1,PD_MECH_PROPOSED,-1,6069.89,202.32966666666664,202329.66666666663,2500000,12.356072350569782,1.1176470588235294,1,13.411764705882353,true
baseline,seed-1,CONSV,3,CONSV-F1,PD_MECH_CONSIDERED,0.8540601503759399,-1,-1,-1,-1,-1,-1,-1,-1,false
baseline,seed-1,CONSV,3,CONSV-F1,PD_MECH_PAYBACK_UNATTRACTIVE,-1,5111.55,170.385,170385,2500000,14.672653109135194,1.2105263157894737,1.05,13.834586466165414,false
baseline,seed-1,CONSV,3,,PD_MECH_DEFERRED,-1,-1,-1,-1,-1,-1,-1,-1,-1,false
baseline,seed-1,VAP,3,VAP-F1,PD_MECH_CONSIDERED,0.9596881091617934,-1,-1,-1,-1,-1,-1,-1,-1,false
baseline,seed-1,VAP,3,,PD_MECH_FINANCE_BLOCKED,-1,-1,-1,-1,2500000,-1,-1,-1,-1,false
baseline,seed-1,MASS,4,MASS-F1,PD_MECH_CONSIDERED,1,-1,-1,-1,-1,-1,-1,-1,-1,false
baseline,seed-1,MASS,4,MASS-F1,PD_MECH_PAYBACK_UNATTRACTIVE,-1,5130,171,171000,2500000,14.619883040935672,0.7916666666666666,1,9.5,false
baseline,seed-1,MASS,4,,PD_MECH_DEFERRED,-1,-1,-1,-1,-1,-1,-1,-1,-1,false
baseline,seed-1,BAL,4,BAL-F1,PD_MECH_CONSIDERED,1,-1,-1,-1,-1,-1,-1,-1,-1,false
baseline,seed-1,BAL,4,BAL-F1,PD_MECH_PAYBACK_UNATTRACTIVE,-1,5985,199.5,199500,2500000,12.531328320802006,1,1,12,false
baseline,seed-1,BAL,4,,PD_MECH_DEFERRED,-1,-1,-1,-1,-1,-1,-1,-1,-1,false
baseline,seed-1,JPQ,4,,PD_MECH_DEFERRED,-1,-1,-1,-1,-1,-1,-1,-1,-1,false
baseline,seed-1,CONSV,4,CONSV-F1,PD_MECH_CONSIDERED,0.9301487050960735,-1,-1,-1,-1,-1,-1,-1,-1,false
baseline,seed-1,CONSV,4,CONSV-F1,PD_MECH_PROPOSED,-1,5566.94,185.56466666666665,185564.66666666666,2500000,13.472392373548125,1.2105263157894737,1.05,13.834586466165414,true
baseline,seed-1,VAP,4,VAP-F1,PD_MECH_CONSIDERED,0.9026608187134503,-1,-1,-1,-1,-1,-1,-1,-1,false
baseline,seed-1,VAP,4,,PD_MECH_FINANCE_BLOCKED,-1,-1,-1,-1,2500000,-1,-1,-1,-1,false
baseline,seed-1,MASS,5,MASS-F1,PD_MECH_CONSIDERED,0.515775828460039,-1,-1,-1,-1,-1,-1,-1,-1,false
baseline,seed-1,MASS,5,MASS-F1,PD_MECH_PAYBACK_UNATTRACTIVE,-1,2645.93,88.19766666666663,88197.66666666663,2500000,28.34542108067864,0.7916666666666666,1,9.5,false
baseline,seed-1,MASS,5,,PD_MECH_DEFERRED,-1,-1,-1,-1,-1,-1,-1,-1,-1,false
baseline,seed-1,BAL,5,BAL-F1,PD_MECH_CONSIDERED,1,-1,-1,-1,-1,-1,-1,-1,-1,false
baseline,seed-1,BAL,5,BAL-F1,PD_MECH_PAYBACK_UNATTRACTIVE,-1,5985,199.5,199500,2500000,12.531328320802006,1,1,12,false
baseline,seed-1,BAL,5,,PD_MECH_DEFERRED,-1,-1,-1,-1,-1,-1,-1,-1,-1,false
baseline,seed-1,JPQ,5,,PD_MECH_DEFERRED,-1,-1,-1,-1,-1,-1,-1,-1,-1,false
baseline,seed-1,CONSV,5,CONSV-F1,PD_MECH_CONSIDERED,1,-1,-1,-1,-1,-1,-1,-1,-1,false
baseline,seed-1,CONSV,5,CONSV-F1,PD_MECH_PROPOSED,-1,5985,199.5,199500,2500000,12.531328320802006,1.2105263157894737,1.05,13.834586466165414,true
baseline,seed-1,VAP,5,VAP-F1,PD_MECH_CONSIDERED,1,-1,-1,-1,-1,-1,-1,-1,-1,false
baseline,seed-1,VAP,5,,PD_MECH_FINANCE_BLOCKED,-1,-1,-1,-1,2500000,-1,-1,-1,-1,false
baseline,seed-1,MASS,6,MASS-F1,PD_MECH_CONSIDERED,0.9723645224171539,-1,-1,-1,-1,-1,-1,-1,-1,false
baseline,seed-1,MASS,6,MASS-F1,PD_MECH_PAYBACK_UNATTRACTIVE,-1,4988.23,166.2743333333334,166274.3333333334,2500000,15.03539331586554,0.7916666666666666,1,9.5,false
baseline,seed-1,MASS,6,,PD_MECH_DEFERRED,-1,-1,-1,-1,-1,-1,-1,-1,-1,false
baseline,seed-1,BAL,6,BAL-F1,PD_MECH_CONSIDERED,1,-1,-1,-1,-1,-1,-1,-1,-1,false
baseline,seed-1,BAL,6,,PD_MECH_FINANCE_BLOCKED,-1,-1,-1,-1,2500000,-1,-1,-1,-1,false
baseline,seed-1,JPQ,6,,PD_MECH_DEFERRED,-1,-1,-1,-1,-1,-1,-1,-1,-1,false
baseline,seed-1,CONSV,6,,PD_MECH_DEFERRED,-1,-1,-1,-1,-1,-1,-1,-1,-1,false
baseline,seed-1,VAP,6,VAP-F1,PD_MECH_CONSIDERED,1,-1,-1,-1,-1,-1,-1,-1,-1,false
baseline,seed-1,VAP,6,,PD_MECH_FINANCE_BLOCKED,-1,-1,-1,-1,2500000,-1,-1,-1,-1,false
baseline,seed-1,MASS,7,MASS-F1,PD_MECH_CONSIDERED,0.4921520467836257,-1,-1,-1,-1,-1,-1,-1,-1,false
baseline,seed-1,MASS,7,MASS-F1,PD_MECH_LOW_UTILIZATION,0.4921520467836257,-1,-1,-1,-1,-1,-1,-1,-1,false
baseline,seed-1,MASS,7,,PD_MECH_DEFERRED,-1,-1,-1,-1,-1,-1,-1,-1,-1,false
baseline,seed-1,BAL,7,BAL-F1,PD_MECH_CONSIDERED,0.8925774754346183,-1,-1,-1,-1,-1,-1,-1,-1,false
baseline,seed-1,BAL,7,BAL-F1,PD_MECH_PAYBACK_UNATTRACTIVE,-1,5609.18,186.97266666666667,186972.66666666666,2500000,13.37093835462581,1,1,12,false
baseline,seed-1,BAL,7,,PD_MECH_DEFERRED,-1,-1,-1,-1,-1,-1,-1,-1,-1,false
baseline,seed-1,JPQ,7,,PD_MECH_DEFERRED,-1,-1,-1,-1,-1,-1,-1,-1,-1,false
baseline,seed-1,CONSV,7,,PD_MECH_DEFERRED,-1,-1,-1,-1,-1,-1,-1,-1,-1,false
baseline,seed-1,VAP,7,VAP-F1,PD_MECH_CONSIDERED,1,-1,-1,-1,-1,-1,-1,-1,-1,false
baseline,seed-1,VAP,7,,PD_MECH_FINANCE_BLOCKED,-1,-1,-1,-1,2500000,-1,-1,-1,-1,false
baseline,seed-1,MASS,8,MASS-F1,PD_MECH_CONSIDERED,0.8308070175438597,-1,-1,-1,-1,-1,-1,-1,-1,false
baseline,seed-1,MASS,8,MASS-F1,PD_MECH_PAYBACK_UNATTRACTIVE,-1,4262.04,142.06799999999998,142067.99999999997,2500000,17.597206971309518,0.7916666666666666,1,9.5,false
baseline,seed-1,MASS,8,,PD_MECH_DEFERRED,-1,-1,-1,-1,-1,-1,-1,-1,-1,false
baseline,seed-1,BAL,8,BAL-F1,PD_MECH_CONSIDERED,0.9455113975414727,-1,-1,-1,-1,-1,-1,-1,-1,false
baseline,seed-1,BAL,8,BAL-F1,PD_MECH_PAYBACK_UNATTRACTIVE,-1,5941.83,198.06100000000004,198061.00000000003,2500000,12.62237391510696,1,1,12,false
baseline,seed-1,BAL,8,,PD_MECH_DEFERRED,-1,-1,-1,-1,-1,-1,-1,-1,-1,false
baseline,seed-1,JPQ,8,,PD_MECH_DEFERRED,-1,-1,-1,-1,-1,-1,-1,-1,-1,false
baseline,seed-1,CONSV,8,,PD_MECH_DEFERRED,-1,-1,-1,-1,-1,-1,-1,-1,-1,false
baseline,seed-1,VAP,8,VAP-F1,PD_MECH_CONSIDERED,1,-1,-1,-1,-1,-1,-1,-1,-1,false
baseline,seed-1,VAP,8,VAP-F1,PD_MECH_PROPOSED,-1,5130,171,171000,2500000,14.619883040935672,1.411764705882353,1,16.941176470588236,true
baseline,seed-1,MASS,9,MASS-F1,PD_MECH_CONSIDERED,0.5834405458089669,-1,-1,-1,-1,-1,-1,-1,-1,false
baseline,seed-1,MASS,9,MASS-F1,PD_MECH_PAYBACK_UNATTRACTIVE,-1,2993.05,99.76833333333332,99768.33333333331,2500000,25.05805115183509,0.7916666666666666,1,9.5,false
baseline,seed-1,MASS,9,,PD_MECH_DEFERRED,-1,-1,-1,-1,-1,-1,-1,-1,-1,false
baseline,seed-1,BAL,9,BAL-F1,PD_MECH_CONSIDERED,0.9939817798464415,-1,-1,-1,-1,-1,-1,-1,-1,false
baseline,seed-1,BAL,9,BAL-F1,PD_MECH_PAYBACK_UNATTRACTIVE,-1,6246.43,208.21433333333334,208214.33333333334,2500000,12.00685831747094,1,1,12,false
baseline,seed-1,BAL,9,,PD_MECH_DEFERRED,-1,-1,-1,-1,-1,-1,-1,-1,-1,false
baseline,seed-1,JPQ,9,,PD_MECH_DEFERRED,-1,-1,-1,-1,-1,-1,-1,-1,-1,false
baseline,seed-1,CONSV,9,,PD_MECH_DEFERRED,-1,-1,-1,-1,-1,-1,-1,-1,-1,false
baseline,seed-1,VAP,9,VAP-F1,PD_MECH_CONSIDERED,1,-1,-1,-1,-1,-1,-1,-1,-1,false
baseline,seed-1,VAP,9,VAP-F1,PD_MECH_PROPOSED,-1,5130,171,171000,2500000,14.619883040935672,1.411764705882353,1,16.941176470588236,true
baseline,seed-1,MASS,10,MASS-F1,PD_MECH_CONSIDERED,0.8747329434697856,-1,-1,-1,-1,-1,-1,-1,-1,false
baseline,seed-1,MASS,10,MASS-F1,PD_MECH_PAYBACK_UNATTRACTIVE,-1,4487.38,149.57933333333335,149579.33333333334,2500000,16.713538857863607,0.7916666666666666,1,9.5,false
baseline,seed-1,MASS,10,,PD_MECH_DEFERRED,-1,-1,-1,-1,-1,-1,-1,-1,-1,false
baseline,seed-1,BAL,10,BAL-F1,PD_MECH_CONSIDERED,0.9881386004694276,-1,-1,-1,-1,-1,-1,-1,-1,false
baseline,seed-1,BAL,10,BAL-F1,PD_MECH_PAYBACK_UNATTRACTIVE,-1,6209.71,206.9903333333334,206990.3333333334,2500000,12.077858708377683,1,1,12,false
baseline,seed-1,BAL,10,,PD_MECH_DEFERRED,-1,-1,-1,-1,-1,-1,-1,-1,-1,false
baseline,seed-1,JPQ,10,,PD_MECH_DEFERRED,-1,-1,-1,-1,-1,-1,-1,-1,-1,false
baseline,seed-1,CONSV,10,,PD_MECH_DEFERRED,-1,-1,-1,-1,-1,-1,-1,-1,-1,false
baseline,seed-1,VAP,10,,PD_MECH_DEFERRED,-1,-1,-1,-1,-1,-1,-1,-1,-1,false
baseline,seed-1,MASS,11,MASS-F1,PD_MECH_CONSIDERED,0.6393118908382066,-1,-1,-1,-1,-1,-1,-1,-1,false
baseline,seed-1,MASS,11,MASS-F1,PD_MECH_PAYBACK_UNATTRACTIVE,-1,3279.67,109.32233333333329,109322.33333333328,2500000,22.86815441797499,0.7916666666666666,1,9.5,false
baseline,seed-1,MASS,11,,PD_MECH_DEFERRED,-1,-1,-1,-1,-1,-1,-1,-1,-1,false
baseline,seed-1,BAL,11,BAL-F1,PD_MECH_CONSIDERED,1,-1,-1,-1,-1,-1,-1,-1,-1,false
baseline,seed-1,BAL,11,BAL-F1,PD_MECH_PROPOSED,-1,6284.25,209.4749999999999,209474.9999999999,2500000,11.93459840076382,1,1,12,true
baseline,seed-1,JPQ,11,,PD_MECH_DEFERRED,-1,-1,-1,-1,-1,-1,-1,-1,-1,false
baseline,seed-1,CONSV,11,,PD_MECH_DEFERRED,-1,-1,-1,-1,-1,-1,-1,-1,-1,false
baseline,seed-1,VAP,11,,PD_MECH_DEFERRED,-1,-1,-1,-1,-1,-1,-1,-1,-1,false
baseline,seed-1,MASS,12,MASS-F1,PD_MECH_CONSIDERED,0.9729571150097467,-1,-1,-1,-1,-1,-1,-1,-1,false
baseline,seed-1,MASS,12,MASS-F1,PD_MECH_PAYBACK_UNATTRACTIVE,-1,4991.27,166.3756666666667,166375.6666666667,2500000,15.026235807720278,0.7916666666666666,1,9.5,false
baseline,seed-1,MASS,12,,PD_MECH_DEFERRED,-1,-1,-1,-1,-1,-1,-1,-1,-1,false
baseline,seed-1,BAL,12,,PD_MECH_DEFERRED,-1,-1,-1,-1,-1,-1,-1,-1,-1,false
baseline,seed-1,JPQ,12,,PD_MECH_DEFERRED,-1,-1,-1,-1,-1,-1,-1,-1,-1,false
baseline,seed-1,CONSV,12,,PD_MECH_DEFERRED,-1,-1,-1,-1,-1,-1,-1,-1,-1,false
baseline,seed-1,VAP,12,,PD_MECH_DEFERRED,-1,-1,-1,-1,-1,-1,-1,-1,-1,false
baseline,seed-1,MASS,13,MASS-F1,PD_MECH_CONSIDERED,0.8197368421052632,-1,-1,-1,-1,-1,-1,-1,-1,false
baseline,seed-1,MASS,13,MASS-F1,PD_MECH_PAYBACK_UNATTRACTIVE,-1,4205.25,140.17499999999995,140174.99999999994,2500000,17.834849295523462,0.7916666666666666,1,9.5,false
baseline,seed-1,MASS,13,,PD_MECH_DEFERRED,-1,-1,-1,-1,-1,-1,-1,-1,-1,false
baseline,seed-1,BAL,13,,PD_MECH_DEFERRED,-1,-1,-1,-1,-1,-1,-1,-1,-1,false
baseline,seed-1,JPQ,13,,PD_MECH_DEFERRED,-1,-1,-1,-1,-1,-1,-1,-1,-1,false
baseline,seed-1,CONSV,13,,PD_MECH_DEFERRED,-1,-1,-1,-1,-1,-1,-1,-1,-1,false
baseline,seed-1,VAP,13,,PD_MECH_DEFERRED,-1,-1,-1,-1,-1,-1,-1,-1,-1,false
baseline,seed-1,MASS,14,MASS-F1,PD_MECH_CONSIDERED,1,-1,-1,-1,-1,-1,-1,-1,-1,false
baseline,seed-1,MASS,14,MASS-F1,PD_MECH_PAYBACK_UNATTRACTIVE,-1,5130,171,171000,2500000,14.619883040935672,0.7916666666666666,1,9.5,false
baseline,seed-1,MASS,14,,PD_MECH_DEFERRED,-1,-1,-1,-1,-1,-1,-1,-1,-1,false
baseline,seed-1,BAL,14,,PD_MECH_DEFERRED,-1,-1,-1,-1,-1,-1,-1,-1,-1,false
baseline,seed-1,JPQ,14,,PD_MECH_DEFERRED,-1,-1,-1,-1,-1,-1,-1,-1,-1,false
baseline,seed-1,CONSV,14,,PD_MECH_DEFERRED,-1,-1,-1,-1,-1,-1,-1,-1,-1,false
baseline,seed-1,VAP,14,,PD_MECH_DEFERRED,-1,-1,-1,-1,-1,-1,-1,-1,-1,false
baseline,seed-1,MASS,15,MASS-F1,PD_MECH_CONSIDERED,1,-1,-1,-1,-1,-1,-1,-1,-1,false
baseline,seed-1,MASS,15,MASS-F1,PD_MECH_PAYBACK_UNATTRACTIVE,-1,5130,171,171000,2500000,14.619883040935672,0.7916666666666666,1,9.5,false
baseline,seed-1,MASS,15,,PD_MECH_DEFERRED,-1,-1,-1,-1,-1,-1,-1,-1,-1,false
baseline,seed-1,BAL,15,,PD_MECH_DEFERRED,-1,-1,-1,-1,-1,-1,-1,-1,-1,false
baseline,seed-1,JPQ,15,,PD_MECH_DEFERRED,-1,-1,-1,-1,-1,-1,-1,-1,-1,false
baseline,seed-1,CONSV,15,,PD_MECH_DEFERRED,-1,-1,-1,-1,-1,-1,-1,-1,-1,false
baseline,seed-1,VAP,15,,PD_MECH_DEFERRED,-1,-1,-1,-1,-1,-1,-1,-1,-1,false
baseline,seed-1,MASS,16,MASS-F1,PD_MECH_CONSIDERED,1,-1,-1,-1,-1,-1,-1,-1,-1,false
baseline,seed-1,MASS,16,MASS-F1,PD_MECH_PAYBACK_UNATTRACTIVE,-1,5130,171,171000,2500000,14.619883040935672,0.7916666666666666,1,9.5,false
baseline,seed-1,MASS,16,,PD_MECH_DEFERRED,-1,-1,-1,-1,-1,-1,-1,-1,-1,false
baseline,seed-1,BAL,16,,PD_MECH_DEFERRED,-1,-1,-1,-1,-1,-1,-1,-1,-1,false
baseline,seed-1,JPQ,16,,PD_MECH_DEFERRED,-1,-1,-1,-1,-1,-1,-1,-1,-1,false
baseline,seed-1,CONSV,16,,PD_MECH_DEFERRED,-1,-1,-1,-1,-1,-1,-1,-1,-1,false
baseline,seed-1,VAP,16,,PD_MECH_DEFERRED,-1,-1,-1,-1,-1,-1,-1,-1,-1,false
baseline,seed-1,MASS,17,MASS-F1,PD_MECH_CONSIDERED,1,-1,-1,-1,-1,-1,-1,-1,-1,false
baseline,seed-1,MASS,17,MASS-F1,PD_MECH_PAYBACK_UNATTRACTIVE,-1,5130,171,171000,2500000,14.619883040935672,0.7916666666666666,1,9.5,false
baseline,seed-1,MASS,17,,PD_MECH_DEFERRED,-1,-1,-1,-1,-1,-1,-1,-1,-1,false
baseline,seed-1,BAL,17,,PD_MECH_DEFERRED,-1,-1,-1,-1,-1,-1,-1,-1,-1,false
baseline,seed-1,JPQ,17,,PD_MECH_DEFERRED,-1,-1,-1,-1,-1,-1,-1,-1,-1,false
baseline,seed-1,CONSV,17,,PD_MECH_DEFERRED,-1,-1,-1,-1,-1,-1,-1,-1,-1,false
baseline,seed-1,VAP,17,,PD_MECH_DEFERRED,-1,-1,-1,-1,-1,-1,-1,-1,-1,false
baseline,seed-1,MASS,18,MASS-F1,PD_MECH_CONSIDERED,0.9624990253411306,-1,-1,-1,-1,-1,-1,-1,-1,false
baseline,seed-1,MASS,18,MASS-F1,PD_MECH_PAYBACK_UNATTRACTIVE,-1,4937.62,164.5873333333334,164587.3333333334,2500000,15.189504255086453,0.7916666666666666,1,9.5,false
baseline,seed-1,MASS,18,,PD_MECH_DEFERRED,-1,-1,-1,-1,-1,-1,-1,-1,-1,false
baseline,seed-1,BAL,18,,PD_MECH_DEFERRED,-1,-1,-1,-1,-1,-1,-1,-1,-1,false
baseline,seed-1,JPQ,18,,PD_MECH_DEFERRED,-1,-1,-1,-1,-1,-1,-1,-1,-1,false
baseline,seed-1,CONSV,18,,PD_MECH_DEFERRED,-1,-1,-1,-1,-1,-1,-1,-1,-1,false
baseline,seed-1,VAP,18,,PD_MECH_DEFERRED,-1,-1,-1,-1,-1,-1,-1,-1,-1,false
baseline,seed-1,MASS,19,MASS-F1,PD_MECH_CONSIDERED,0.9063820662768031,-1,-1,-1,-1,-1,-1,-1,-1,false
baseline,seed-1,MASS,19,MASS-F1,PD_MECH_PAYBACK_UNATTRACTIVE,-1,4649.74,154.9913333333334,154991.33333333337,2500000,16.12993414685552,0.7916666666666666,1,9.5,false
baseline,seed-1,MASS,19,,PD_MECH_DEFERRED,-1,-1,-1,-1,-1,-1,-1,-1,-1,false
baseline,seed-1,BAL,19,,PD_MECH_DEFERRED,-1,-1,-1,-1,-1,-1,-1,-1,-1,false
baseline,seed-1,JPQ,19,,PD_MECH_DEFERRED,-1,-1,-1,-1,-1,-1,-1,-1,-1,false
baseline,seed-1,CONSV,19,,PD_MECH_DEFERRED,-1,-1,-1,-1,-1,-1,-1,-1,-1,false
baseline,seed-1,VAP,19,,PD_MECH_DEFERRED,-1,-1,-1,-1,-1,-1,-1,-1,-1,false
baseline,seed-1,MASS,20,MASS-F1,PD_MECH_CONSIDERED,0.9063820662768031,-1,-1,-1,-1,-1,-1,-1,-1,false
baseline,seed-1,MASS,20,MASS-F1,PD_MECH_PAYBACK_UNATTRACTIVE,-1,4649.74,154.9913333333334,154991.33333333337,2500000,16.12993414685552,0.7916666666666666,1,9.5,false
baseline,seed-1,MASS,20,,PD_MECH_DEFERRED,-1,-1,-1,-1,-1,-1,-1,-1,-1,false
baseline,seed-1,BAL,20,,PD_MECH_DEFERRED,-1,-1,-1,-1,-1,-1,-1,-1,-1,false
baseline,seed-1,JPQ,20,,PD_MECH_DEFERRED,-1,-1,-1,-1,-1,-1,-1,-1,-1,false
baseline,seed-1,CONSV,20,,PD_MECH_DEFERRED,-1,-1,-1,-1,-1,-1,-1,-1,-1,false
baseline,seed-1,VAP,20,,PD_MECH_DEFERRED,-1,-1,-1,-1,-1,-1,-1,-1,-1,false
baseline,seed-1,MASS,21,MASS-F1,PD_MECH_CONSIDERED,1,-1,-1,-1,-1,-1,-1,-1,-1,false
baseline,seed-1,MASS,21,MASS-F1,PD_MECH_PAYBACK_UNATTRACTIVE,-1,5130,171,171000,2500000,14.619883040935672,0.7916666666666666,1,9.5,false
baseline,seed-1,MASS,21,,PD_MECH_DEFERRED,-1,-1,-1,-1,-1,-1,-1,-1,-1,false
baseline,seed-1,BAL,21,,PD_MECH_DEFERRED,-1,-1,-1,-1,-1,-1,-1,-1,-1,false
baseline,seed-1,JPQ,21,,PD_MECH_DEFERRED,-1,-1,-1,-1,-1,-1,-1,-1,-1,false
baseline,seed-1,CONSV,21,,PD_MECH_DEFERRED,-1,-1,-1,-1,-1,-1,-1,-1,-1,false
baseline,seed-1,VAP,21,,PD_MECH_DEFERRED,-1,-1,-1,-1,-1,-1,-1,-1,-1,false
baseline,seed-1,MASS,22,MASS-F1,PD_MECH_CONSIDERED,1,-1,-1,-1,-1,-1,-1,-1,-1,false
baseline,seed-1,MASS,22,MASS-F1,PD_MECH_PAYBACK_UNATTRACTIVE,-1,5130,171,171000,2500000,14.619883040935672,0.7916666666666666,1,9.5,false
baseline,seed-1,MASS,22,,PD_MECH_DEFERRED,-1,-1,-1,-1,-1,-1,-1,-1,-1,false
baseline,seed-1,BAL,22,,PD_MECH_DEFERRED,-1,-1,-1,-1,-1,-1,-1,-1,-1,false
baseline,seed-1,JPQ,22,,PD_MECH_DEFERRED,-1,-1,-1,-1,-1,-1,-1,-1,-1,false
baseline,seed-1,CONSV,22,,PD_MECH_DEFERRED,-1,-1,-1,-1,-1,-1,-1,-1,-1,false
baseline,seed-1,VAP,22,,PD_MECH_DEFERRED,-1,-1,-1,-1,-1,-1,-1,-1,-1,false
baseline,seed-1,MASS,23,MASS-F1,PD_MECH_CONSIDERED,1,-1,-1,-1,-1,-1,-1,-1,-1,false
baseline,seed-1,MASS,23,MASS-F1,PD_MECH_PAYBACK_UNATTRACTIVE,-1,5130,171,171000,2500000,14.619883040935672,0.7916666666666666,1,9.5,false
baseline,seed-1,MASS,23,,PD_MECH_DEFERRED,-1,-1,-1,-1,-1,-1,-1,-1,-1,false
baseline,seed-1,BAL,23,,PD_MECH_DEFERRED,-1,-1,-1,-1,-1,-1,-1,-1,-1,false
baseline,seed-1,JPQ,23,,PD_MECH_DEFERRED,-1,-1,-1,-1,-1,-1,-1,-1,-1,false
baseline,seed-1,CONSV,23,,PD_MECH_DEFERRED,-1,-1,-1,-1,-1,-1,-1,-1,-1,false
baseline,seed-1,VAP,23,,PD_MECH_DEFERRED,-1,-1,-1,-1,-1,-1,-1,-1,-1,false
baseline,seed-1,MASS,24,MASS-F1,PD_MECH_CONSIDERED,1,-1,-1,-1,-1,-1,-1,-1,-1,false
baseline,seed-1,MASS,24,MASS-F1,PD_MECH_PAYBACK_UNATTRACTIVE,-1,5130,171,171000,2500000,14.619883040935672,0.7916666666666666,1,9.5,false
baseline,seed-1,MASS,24,,PD_MECH_DEFERRED,-1,-1,-1,-1,-1,-1,-1,-1,-1,false
baseline,seed-1,BAL,24,,PD_MECH_DEFERRED,-1,-1,-1,-1,-1,-1,-1,-1,-1,false
baseline,seed-1,JPQ,24,,PD_MECH_DEFERRED,-1,-1,-1,-1,-1,-1,-1,-1,-1,false
baseline,seed-1,CONSV,24,,PD_MECH_DEFERRED,-1,-1,-1,-1,-1,-1,-1,-1,-1,false
baseline,seed-1,VAP,24,,PD_MECH_DEFERRED,-1,-1,-1,-1,-1,-1,-1,-1,-1,false
baseline,seed-1,MASS,25,MASS-F1,PD_MECH_CONSIDERED,1,-1,-1,-1,-1,-1,-1,-1,-1,false
baseline,seed-1,MASS,25,MASS-F1,PD_MECH_PAYBACK_UNATTRACTIVE,-1,5130,171,171000,2500000,14.619883040935672,0.7916666666666666,1,9.5,false
baseline,seed-1,MASS,25,,PD_MECH_DEFERRED,-1,-1,-1,-1,-1,-1,-1,-1,-1,false
baseline,seed-1,BAL,25,,PD_MECH_DEFERRED,-1,-1,-1,-1,-1,-1,-1,-1,-1,false
baseline,seed-1,JPQ,25,,PD_MECH_DEFERRED,-1,-1,-1,-1,-1,-1,-1,-1,-1,false
baseline,seed-1,CONSV,25,,PD_MECH_DEFERRED,-1,-1,-1,-1,-1,-1,-1,-1,-1,false
baseline,seed-1,VAP,25,,PD_MECH_DEFERRED,-1,-1,-1,-1,-1,-1,-1,-1,-1,false
baseline,seed-1,MASS,26,MASS-F1,PD_MECH_CONSIDERED,1,-1,-1,-1,-1,-1,-1,-1,-1,false
baseline,seed-1,MASS,26,MASS-F1,PD_MECH_PAYBACK_UNATTRACTIVE,-1,5429.25,180.9749999999999,180974.9999999999,2500000,13.814062715844736,0.7916666666666666,1,9.5,false
baseline,seed-1,MASS,26,,PD_MECH_DEFERRED,-1,-1,-1,-1,-1,-1,-1,-1,-1,false
baseline,seed-1,BAL,26,,PD_MECH_DEFERRED,-1,-1,-1,-1,-1,-1,-1,-1,-1,false
baseline,seed-1,JPQ,26,,PD_MECH_DEFERRED,-1,-1,-1,-1,-1,-1,-1,-1,-1,false
baseline,seed-1,CONSV,26,,PD_MECH_DEFERRED,-1,-1,-1,-1,-1,-1,-1,-1,-1,false
baseline,seed-1,VAP,26,,PD_MECH_DEFERRED,-1,-1,-1,-1,-1,-1,-1,-1,-1,false
baseline,seed-1,MASS,27,MASS-F1,PD_MECH_CONSIDERED,1,-1,-1,-1,-1,-1,-1,-1,-1,false
baseline,seed-1,MASS,27,MASS-F1,PD_MECH_PAYBACK_UNATTRACTIVE,-1,5429.25,180.9749999999999,180974.9999999999,2500000,13.814062715844736,0.7916666666666666,1,9.5,false
baseline,seed-1,MASS,27,MASS-NEWF-MASS-CAPEX-3,PD_MECH_CONSIDERED,0,-1,-1,-1,-1,-1,-1,-1,-1,false
baseline,seed-1,MASS,27,MASS-NEWF-MASS-CAPEX-3,PD_MECH_LOW_UTILIZATION,0,-1,-1,-1,-1,-1,-1,-1,-1,false
baseline,seed-1,MASS,27,,PD_MECH_DEFERRED,-1,-1,-1,-1,-1,-1,-1,-1,-1,false
baseline,seed-1,BAL,27,,PD_MECH_DEFERRED,-1,-1,-1,-1,-1,-1,-1,-1,-1,false
baseline,seed-1,JPQ,27,,PD_MECH_DEFERRED,-1,-1,-1,-1,-1,-1,-1,-1,-1,false
baseline,seed-1,CONSV,27,,PD_MECH_DEFERRED,-1,-1,-1,-1,-1,-1,-1,-1,-1,false
baseline,seed-1,VAP,27,,PD_MECH_DEFERRED,-1,-1,-1,-1,-1,-1,-1,-1,-1,false
baseline,seed-1,MASS,28,MASS-F1,PD_MECH_CONSIDERED,0.8126886770732605,-1,-1,-1,-1,-1,-1,-1,-1,false
baseline,seed-1,MASS,28,MASS-F1,PD_MECH_PAYBACK_UNATTRACTIVE,-1,4412.29,147.0763333333333,147076.3333333333,2500000,16.997976107644785,0.7916666666666666,1,9.5,false
baseline,seed-1,MASS,28,MASS-NEWF-MASS-CAPEX-3,PD_MECH_CONSIDERED,0.8126900584795322,-1,-1,-1,-1,-1,-1,-1,-1,false
baseline,seed-1,MASS,28,MASS-NEWF-MASS-CAPEX-3,PD_MECH_PAYBACK_UNATTRACTIVE,-1,4169.1,138.97000000000003,138970.00000000003,2500000,17.98949413542491,0.7916666666666666,1,9.5,false
baseline,seed-1,MASS,28,,PD_MECH_DEFERRED,-1,-1,-1,-1,-1,-1,-1,-1,-1,false
baseline,seed-1,BAL,28,BAL-NEWF-BAL-CAPEX-11,PD_MECH_CONSIDERED,0,-1,-1,-1,-1,-1,-1,-1,-1,false
baseline,seed-1,BAL,28,BAL-NEWF-BAL-CAPEX-11,PD_MECH_LOW_UTILIZATION,0,-1,-1,-1,-1,-1,-1,-1,-1,false
baseline,seed-1,BAL,28,,PD_MECH_DEFERRED,-1,-1,-1,-1,-1,-1,-1,-1,-1,false
baseline,seed-1,JPQ,28,,PD_MECH_DEFERRED,-1,-1,-1,-1,-1,-1,-1,-1,-1,false
baseline,seed-1,CONSV,28,,PD_MECH_DEFERRED,-1,-1,-1,-1,-1,-1,-1,-1,-1,false
baseline,seed-1,VAP,28,,PD_MECH_DEFERRED,-1,-1,-1,-1,-1,-1,-1,-1,-1,false
baseline,seed-1,MASS,29,MASS-F1,PD_MECH_CONSIDERED,0.7608969931390156,-1,-1,-1,-1,-1,-1,-1,-1,false
baseline,seed-1,MASS,29,MASS-F1,PD_MECH_PAYBACK_UNATTRACTIVE,-1,4131.1,137.70333333333326,137703.33333333326,2500000,18.154970831013543,0.7916666666666666,1,9.5,false
baseline,seed-1,MASS,29,MASS-NEWF-MASS-CAPEX-3,PD_MECH_CONSIDERED,0,-1,-1,-1,-1,-1,-1,-1,-1,false
baseline,seed-1,MASS,29,MASS-NEWF-MASS-CAPEX-3,PD_MECH_LOW_UTILIZATION,0,-1,-1,-1,-1,-1,-1,-1,-1,false
baseline,seed-1,MASS,29,,PD_MECH_DEFERRED,-1,-1,-1,-1,-1,-1,-1,-1,-1,false
baseline,seed-1,BAL,29,BAL-NEWF-BAL-CAPEX-11,PD_MECH_CONSIDERED,0.5630994152046783,-1,-1,-1,-1,-1,-1,-1,-1,false
baseline,seed-1,BAL,29,BAL-NEWF-BAL-CAPEX-11,PD_MECH_PAYBACK_UNATTRACTIVE,-1,2888.7,96.29000000000002,96290.00000000001,2500000,25.963236057742233,1,1,12,false
baseline,seed-1,BAL,29,,PD_MECH_DEFERRED,-1,-1,-1,-1,-1,-1,-1,-1,-1,false
baseline,seed-1,JPQ,29,,PD_MECH_DEFERRED,-1,-1,-1,-1,-1,-1,-1,-1,-1,false
baseline,seed-1,CONSV,29,,PD_MECH_DEFERRED,-1,-1,-1,-1,-1,-1,-1,-1,-1,false
baseline,seed-1,VAP,29,,PD_MECH_DEFERRED,-1,-1,-1,-1,-1,-1,-1,-1,-1,false
baseline,seed-1,MASS,30,MASS-F1,PD_MECH_CONSIDERED,0.8445531150711424,-1,-1,-1,-1,-1,-1,-1,-1,false
baseline,seed-1,MASS,30,MASS-F1,PD_MECH_PAYBACK_UNATTRACTIVE,-1,4838.022519685039,161.2674173228346,161267.4173228346,2500000,15.502201507917455,0.7916666666666666,1,9.5,false
baseline,seed-1,MASS,30,MASS-NEWF-MASS-CAPEX-3,PD_MECH_CONSIDERED,0.8445540935672514,-1,-1,-1,-1,-1,-1,-1,-1,false
baseline,seed-1,MASS,30,MASS-NEWF-MASS-CAPEX-3,PD_MECH_PAYBACK_UNATTRACTIVE,-1,5776.75,192.55833333333328,192558.33333333328,2500000,12.98307872073398,0.7916666666666666,1,9.5,false
baseline,seed-1,MASS,30,,PD_MECH_DEFERRED,-1,-1,-1,-1,-1,-1,-1,-1,-1,false
baseline,seed-1,BAL,30,BAL-NEWF-BAL-CAPEX-11,PD_MECH_CONSIDERED,0.6478947368421052,-1,-1,-1,-1,-1,-1,-1,-1,false
baseline,seed-1,BAL,30,BAL-NEWF-BAL-CAPEX-11,PD_MECH_PAYBACK_UNATTRACTIVE,-1,4431.599999999999,147.72000000000003,147720.00000000003,2500000,16.923910100189545,1,1,12,false
baseline,seed-1,BAL,30,,PD_MECH_DEFERRED,-1,-1,-1,-1,-1,-1,-1,-1,-1,false
baseline,seed-1,JPQ,30,,PD_MECH_DEFERRED,-1,-1,-1,-1,-1,-1,-1,-1,-1,false
baseline,seed-1,CONSV,30,,PD_MECH_DEFERRED,-1,-1,-1,-1,-1,-1,-1,-1,-1,false
baseline,seed-1,VAP,30,,PD_MECH_DEFERRED,-1,-1,-1,-1,-1,-1,-1,-1,-1,false
baseline,seed-1,MASS,31,MASS-F1,PD_MECH_CONSIDERED,0.7847569171685431,-1,-1,-1,-1,-1,-1,-1,-1,false
baseline,seed-1,MASS,31,MASS-F1,PD_MECH_PAYBACK_UNATTRACTIVE,-1,4495.48,149.84933333333333,149849.33333333334,2500000,16.6834242394583,0.7916666666666666,1,9.5,false
baseline,seed-1,MASS,31,MASS-NEWF-MASS-CAPEX-3,PD_MECH_CONSIDERED,0.6484722222222222,-1,-1,-1,-1,-1,-1,-1,-1,false
baseline,seed-1,MASS,31,MASS-NEWF-MASS-CAPEX-3,PD_MECH_PAYBACK_UNATTRACTIVE,-1,4435.55,147.8516666666667,147851.6666666667,2500000,16.908838813675867,0.7916666666666666,1,9.5,false
baseline,seed-1,MASS,31,,PD_MECH_DEFERRED,-1,-1,-1,-1,-1,-1,-1,-1,-1,false
baseline,seed-1,BAL,31,BAL-NEWF-BAL-CAPEX-11,PD_MECH_CONSIDERED,0.6708318713450292,-1,-1,-1,-1,-1,-1,-1,-1,false
baseline,seed-1,BAL,31,BAL-NEWF-BAL-CAPEX-11,PD_MECH_PAYBACK_UNATTRACTIVE,-1,4588.49,152.94966666666664,152949.66666666666,2500000,16.34524647542002,1,1,12,false
baseline,seed-1,BAL,31,,PD_MECH_DEFERRED,-1,-1,-1,-1,-1,-1,-1,-1,-1,false
baseline,seed-1,JPQ,31,,PD_MECH_DEFERRED,-1,-1,-1,-1,-1,-1,-1,-1,-1,false
baseline,seed-1,CONSV,31,,PD_MECH_DEFERRED,-1,-1,-1,-1,-1,-1,-1,-1,-1,false
baseline,seed-1,VAP,31,,PD_MECH_DEFERRED,-1,-1,-1,-1,-1,-1,-1,-1,-1,false
baseline,seed-1,MASS,32,MASS-F1,PD_MECH_CONSIDERED,0.6466684123243432,-1,-1,-1,-1,-1,-1,-1,-1,false
baseline,seed-1,MASS,32,MASS-F1,PD_MECH_PAYBACK_UNATTRACTIVE,-1,3704.44,123.4813333333334,123481.3333333334,2500000,20.24597510015008,0.7916666666666666,1,9.5,false
baseline,seed-1,MASS,32,MASS-NEWF-MASS-CAPEX-3,PD_MECH_CONSIDERED,0.5839619883040936,-1,-1,-1,-1,-1,-1,-1,-1,false
baseline,seed-1,MASS,32,MASS-NEWF-MASS-CAPEX-3,PD_MECH_PAYBACK_UNATTRACTIVE,-1,3994.3,133.14333333333332,133143.3333333333,2500000,18.77675687855194,0.7916666666666666,1,9.5,false
baseline,seed-1,MASS,32,,PD_MECH_DEFERRED,-1,-1,-1,-1,-1,-1,-1,-1,-1,false
baseline,seed-1,BAL,32,BAL-NEWF-BAL-CAPEX-11,PD_MECH_CONSIDERED,0.7341403508771931,-1,-1,-1,-1,-1,-1,-1,-1,false
baseline,seed-1,BAL,32,BAL-NEWF-BAL-CAPEX-11,PD_MECH_PAYBACK_UNATTRACTIVE,-1,5021.52,167.38400000000001,167384,2500000,14.935716675428953,1,1,12,false
baseline,seed-1,BAL,32,,PD_MECH_DEFERRED,-1,-1,-1,-1,-1,-1,-1,-1,-1,false
baseline,seed-1,JPQ,32,,PD_MECH_DEFERRED,-1,-1,-1,-1,-1,-1,-1,-1,-1,false
baseline,seed-1,CONSV,32,,PD_MECH_DEFERRED,-1,-1,-1,-1,-1,-1,-1,-1,-1,false
baseline,seed-1,VAP,32,,PD_MECH_DEFERRED,-1,-1,-1,-1,-1,-1,-1,-1,-1,false
baseline,seed-2,MASS,1,MASS-F1,PD_MECH_CONSIDERED,0,-1,-1,-1,-1,-1,-1,-1,-1,false
baseline,seed-2,MASS,1,MASS-F1,PD_MECH_LOW_UTILIZATION,0,-1,-1,-1,-1,-1,-1,-1,-1,false
baseline,seed-2,MASS,1,,PD_MECH_DEFERRED,-1,-1,-1,-1,-1,-1,-1,-1,-1,false
baseline,seed-2,BAL,1,BAL-F1,PD_MECH_CONSIDERED,0,-1,-1,-1,-1,-1,-1,-1,-1,false
baseline,seed-2,BAL,1,BAL-F1,PD_MECH_LOW_UTILIZATION,0,-1,-1,-1,-1,-1,-1,-1,-1,false
baseline,seed-2,BAL,1,,PD_MECH_DEFERRED,-1,-1,-1,-1,-1,-1,-1,-1,-1,false
baseline,seed-2,JPQ,1,JPQ-F1,PD_MECH_CONSIDERED,0,-1,-1,-1,-1,-1,-1,-1,-1,false
baseline,seed-2,JPQ,1,JPQ-F1,PD_MECH_LOW_UTILIZATION,0,-1,-1,-1,-1,-1,-1,-1,-1,false
baseline,seed-2,JPQ,1,,PD_MECH_DEFERRED,-1,-1,-1,-1,-1,-1,-1,-1,-1,false
baseline,seed-2,CONSV,1,CONSV-F1,PD_MECH_CONSIDERED,0,-1,-1,-1,-1,-1,-1,-1,-1,false
baseline,seed-2,CONSV,1,CONSV-F1,PD_MECH_LOW_UTILIZATION,0,-1,-1,-1,-1,-1,-1,-1,-1,false
baseline,seed-2,CONSV,1,,PD_MECH_DEFERRED,-1,-1,-1,-1,-1,-1,-1,-1,-1,false
baseline,seed-2,VAP,1,VAP-F1,PD_MECH_CONSIDERED,0,-1,-1,-1,-1,-1,-1,-1,-1,false
baseline,seed-2,VAP,1,VAP-F1,PD_MECH_LOW_UTILIZATION,0,-1,-1,-1,-1,-1,-1,-1,-1,false
baseline,seed-2,VAP,1,,PD_MECH_DEFERRED,-1,-1,-1,-1,-1,-1,-1,-1,-1,false
baseline,seed-2,MASS,2,MASS-F1,PD_MECH_CONSIDERED,0.7883040935672515,-1,-1,-1,-1,-1,-1,-1,-1,false
baseline,seed-2,MASS,2,MASS-F1,PD_MECH_PAYBACK_UNATTRACTIVE,-1,4044.0000000000005,134.79999999999995,134799.99999999994,2500000,18.545994065281906,0.7916666666666666,1,9.5,false
baseline,seed-2,MASS,2,,PD_MECH_DEFERRED,-1,-1,-1,-1,-1,-1,-1,-1,-1,false
baseline,seed-2,BAL,2,BAL-F1,PD_MECH_CONSIDERED,0.9271929824561403,-1,-1,-1,-1,-1,-1,-1,-1,false
baseline,seed-2,BAL,2,BAL-F1,PD_MECH_PAYBACK_UNATTRACTIVE,-1,5549.25,184.9749999999999,184974.9999999999,2500000,13.515339910798764,1,1,12,false
baseline,seed-2,BAL,2,,PD_MECH_DEFERRED,-1,-1,-1,-1,-1,-1,-1,-1,-1,false
baseline,seed-2,JPQ,2,JPQ-F1,PD_MECH_CONSIDERED,1,-1,-1,-1,-1,-1,-1,-1,-1,false
baseline,seed-2,JPQ,2,,PD_MECH_FINANCE_BLOCKED,-1,-1,-1,-1,2500000,-1,-1,-1,-1,false
baseline,seed-2,CONSV,2,CONSV-F1,PD_MECH_CONSIDERED,1,-1,-1,-1,-1,-1,-1,-1,-1,false
baseline,seed-2,CONSV,2,,PD_MECH_FINANCE_BLOCKED,-1,-1,-1,-1,2500000,-1,-1,-1,-1,false
baseline,seed-2,VAP,2,VAP-F1,PD_MECH_CONSIDERED,1,-1,-1,-1,-1,-1,-1,-1,-1,false
baseline,seed-2,VAP,2,,PD_MECH_FINANCE_BLOCKED,-1,-1,-1,-1,2500000,-1,-1,-1,-1,false
baseline,seed-2,MASS,3,MASS-F1,PD_MECH_CONSIDERED,0.6222183235867447,-1,-1,-1,-1,-1,-1,-1,-1,false
baseline,seed-2,MASS,3,MASS-F1,PD_MECH_PAYBACK_UNATTRACTIVE,-1,3191.98,106.39933333333329,106399.33333333328,2500000,23.496387821978846,0.7916666666666666,1,9.5,false
baseline,seed-2,MASS,3,,PD_MECH_DEFERRED,-1,-1,-1,-1,-1,-1,-1,-1,-1,false
baseline,seed-2,BAL,3,BAL-F1,PD_MECH_CONSIDERED,1,-1,-1,-1,-1,-1,-1,-1,-1,false
baseline,seed-2,BAL,3,BAL-F1,PD_MECH_PAYBACK_UNATTRACTIVE,-1,5985,199.5,199500,2500000,12.531328320802006,1,1,12,false
baseline,seed-2,BAL,3,,PD_MECH_DEFERRED,-1,-1,-1,-1,-1,-1,-1,-1,-1,false
baseline,seed-2,JPQ,3,JPQ-F1,PD_MECH_CONSIDERED,0.8874108187134503,-1,-1,-1,-1,-1,-1,-1,-1,false
baseline,seed-2,JPQ,3,,PD_MECH_FINANCE_BLOCKED,-1,-1,-1,-1,2500000,-1,-1,-1,-1,false
baseline,seed-2,CONSV,3,CONSV-F1,PD_MECH_CONSIDERED,0.8540601503759399,-1,-1,-1,-1,-1,-1,-1,-1,false
baseline,seed-2,CONSV,3,CONSV-F1,PD_MECH_PAYBACK_UNATTRACTIVE,-1,5111.55,170.385,170385,2500000,14.672653109135194,1.2105263157894737,1.05,13.834586466165414,false
baseline,seed-2,CONSV,3,,PD_MECH_DEFERRED,-1,-1,-1,-1,-1,-1,-1,-1,-1,false
baseline,seed-2,VAP,3,VAP-F1,PD_MECH_CONSIDERED,0.9596881091617934,-1,-1,-1,-1,-1,-1,-1,-1,false
baseline,seed-2,VAP,3,,PD_MECH_FINANCE_BLOCKED,-1,-1,-1,-1,2500000,-1,-1,-1,-1,false
baseline,seed-2,MASS,4,MASS-F1,PD_MECH_CONSIDERED,1,-1,-1,-1,-1,-1,-1,-1,-1,false
baseline,seed-2,MASS,4,MASS-F1,PD_MECH_PAYBACK_UNATTRACTIVE,-1,5130,171,171000,2500000,14.619883040935672,0.7916666666666666,1,9.5,false
baseline,seed-2,MASS,4,,PD_MECH_DEFERRED,-1,-1,-1,-1,-1,-1,-1,-1,-1,false
baseline,seed-2,BAL,4,BAL-F1,PD_MECH_CONSIDERED,1,-1,-1,-1,-1,-1,-1,-1,-1,false
baseline,seed-2,BAL,4,BAL-F1,PD_MECH_PAYBACK_UNATTRACTIVE,-1,5985,199.5,199500,2500000,12.531328320802006,1,1,12,false
baseline,seed-2,BAL,4,,PD_MECH_DEFERRED,-1,-1,-1,-1,-1,-1,-1,-1,-1,false
baseline,seed-2,JPQ,4,JPQ-F1,PD_MECH_CONSIDERED,0.9432792397660819,-1,-1,-1,-1,-1,-1,-1,-1,false
baseline,seed-2,JPQ,4,,PD_MECH_FINANCE_BLOCKED,-1,-1,-1,-1,2500000,-1,-1,-1,-1,false
baseline,seed-2,CONSV,4,CONSV-F1,PD_MECH_CONSIDERED,0.9301487050960735,-1,-1,-1,-1,-1,-1,-1,-1,false
baseline,seed-2,CONSV,4,CONSV-F1,PD_MECH_PROPOSED,-1,5566.94,185.56466666666665,185564.66666666666,2500000,13.472392373548125,1.2105263157894737,1.05,13.834586466165414,true
baseline,seed-2,VAP,4,VAP-F1,PD_MECH_CONSIDERED,0.8896023391812865,-1,-1,-1,-1,-1,-1,-1,-1,false
baseline,seed-2,VAP,4,,PD_MECH_FINANCE_BLOCKED,-1,-1,-1,-1,2500000,-1,-1,-1,-1,false
baseline,seed-2,MASS,5,MASS-F1,PD_MECH_CONSIDERED,0.5463079922027291,-1,-1,-1,-1,-1,-1,-1,-1,false
baseline,seed-2,MASS,5,MASS-F1,PD_MECH_PAYBACK_UNATTRACTIVE,-1,2802.56,93.41866666666664,93418.66666666664,2500000,26.76124686001371,0.7916666666666666,1,9.5,false
baseline,seed-2,MASS,5,,PD_MECH_DEFERRED,-1,-1,-1,-1,-1,-1,-1,-1,-1,false
baseline,seed-2,BAL,5,BAL-F1,PD_MECH_CONSIDERED,1,-1,-1,-1,-1,-1,-1,-1,-1,false
baseline,seed-2,BAL,5,BAL-F1,PD_MECH_PAYBACK_UNATTRACTIVE,-1,5985,199.5,199500,2500000,12.531328320802006,1,1,12,false
baseline,seed-2,BAL,5,,PD_MECH_DEFERRED,-1,-1,-1,-1,-1,-1,-1,-1,-1,false
baseline,seed-2,JPQ,5,JPQ-F1,PD_MECH_CONSIDERED,0.9593801169590643,-1,-1,-1,-1,-1,-1,-1,-1,false
baseline,seed-2,JPQ,5,,PD_MECH_FINANCE_BLOCKED,-1,-1,-1,-1,2500000,-1,-1,-1,-1,false
baseline,seed-2,CONSV,5,,PD_MECH_DEFERRED,-1,-1,-1,-1,-1,-1,-1,-1,-1,false
baseline,seed-2,VAP,5,VAP-F1,PD_MECH_CONSIDERED,1,-1,-1,-1,-1,-1,-1,-1,-1,false
baseline,seed-2,VAP,5,,PD_MECH_FINANCE_BLOCKED,-1,-1,-1,-1,2500000,-1,-1,-1,-1,false
baseline,seed-2,MASS,6,MASS-F1,PD_MECH_CONSIDERED,0.9896237816764133,-1,-1,-1,-1,-1,-1,-1,-1,false
baseline,seed-2,MASS,6,MASS-F1,PD_MECH_PAYBACK_UNATTRACTIVE,-1,5076.77,169.2256666666666,169225.6666666666,2500000,14.773172706267967,0.7916666666666666,1,9.5,false
baseline,seed-2,MASS,6,,PD_MECH_DEFERRED,-1,-1,-1,-1,-1,-1,-1,-1,-1,false
baseline,seed-2,BAL,6,BAL-F1,PD_MECH_CONSIDERED,1,-1,-1,-1,-1,-1,-1,-1,-1,false
baseline,seed-2,BAL,6,,PD_MECH_FINANCE_BLOCKED,-1,-1,-1,-1,2500000,-1,-1,-1,-1,false
baseline,seed-2,JPQ,6,JPQ-F1,PD_MECH_CONSIDERED,0.8876593567251462,-1,-1,-1,-1,-1,-1,-1,-1,false
baseline,seed-2,JPQ,6,,PD_MECH_FINANCE_BLOCKED,-1,-1,-1,-1,2500000,-1,-1,-1,-1,false
baseline,seed-2,CONSV,6,,PD_MECH_DEFERRED,-1,-1,-1,-1,-1,-1,-1,-1,-1,false
baseline,seed-2,VAP,6,VAP-F1,PD_MECH_CONSIDERED,1,-1,-1,-1,-1,-1,-1,-1,-1,false
baseline,seed-2,VAP,6,,PD_MECH_FINANCE_BLOCKED,-1,-1,-1,-1,2500000,-1,-1,-1,-1,false
baseline,seed-2,MASS,7,MASS-F1,PD_MECH_CONSIDERED,0.5617056530214425,-1,-1,-1,-1,-1,-1,-1,-1,false
baseline,seed-2,MASS,7,MASS-F1,PD_MECH_PAYBACK_UNATTRACTIVE,-1,2881.5499999999997,96.05166666666668,96051.66666666667,2500000,26.027658725338792,0.7916666666666666,1,9.5,false
baseline,seed-2,MASS,7,,PD_MECH_DEFERRED,-1,-1,-1,-1,-1,-1,-1,-1,-1,false
baseline,seed-2,BAL,7,BAL-F1,PD_MECH_CONSIDERED,1,-1,-1,-1,-1,-1,-1,-1,-1,false
baseline,seed-2,BAL,7,,PD_MECH_FINANCE_BLOCKED,-1,-1,-1,-1,2500000,-1,-1,-1,-1,false
baseline,seed-2,JPQ,7,JPQ-F1,PD_MECH_CONSIDERED,0.8514356725146198,-1,-1,-1,-1,-1,-1,-1,-1,false
baseline,seed-2,JPQ,7,,PD_MECH_FINANCE_BLOCKED,-1,-1,-1,-1,2500000,-1,-1,-1,-1,false
baseline,seed-2,CONSV,7,,PD_MECH_DEFERRED,-1,-1,-1,-1,-1,-1,-1,-1,-1,false
baseline,seed-2,VAP,7,VAP-F1,PD_MECH_CONSIDERED,1,-1,-1,-1,-1,-1,-1,-1,-1,false
baseline,seed-2,VAP,7,,PD_MECH_FINANCE_BLOCKED,-1,-1,-1,-1,2500000,-1,-1,-1,-1,false
baseline,seed-2,MASS,8,MASS-F1,PD_MECH_CONSIDERED,0.9435633528265106,-1,-1,-1,-1,-1,-1,-1,-1,false
baseline,seed-2,MASS,8,MASS-F1,PD_MECH_PAYBACK_UNATTRACTIVE,-1,4840.48,161.34933333333333,161349.33333333334,2500000,15.494331140713317,0.7916666666666666,1,9.5,false
baseline,seed-2,MASS,8,,PD_MECH_DEFERRED,-1,-1,-1,-1,-1,-1,-1,-1,-1,false
baseline,seed-2,BAL,8,BAL-F1,PD_MECH_CONSIDERED,0.9092875044754744,-1,-1,-1,-1,-1,-1,-1,-1,false
baseline,seed-2,BAL,8,BAL-F1,PD_MECH_PAYBACK_UNATTRACTIVE,-1,5714.19,190.47300000000007,190473.00000000006,2500000,13.12521984743244,1,1,12,false
baseline,seed-2,BAL,8,,PD_MECH_DEFERRED,-1,-1,-1,-1,-1,-1,-1,-1,-1,false
baseline,seed-2,JPQ,8,JPQ-F1,PD_MECH_CONSIDERED,0.8256491228070175,-1,-1,-1,-1,-1,-1,-1,-1,false
baseline,seed-2,JPQ,8,JPQ-F1,PD_MECH_PROPOSED,-1,5647.44,188.24799999999993,188247.99999999994,2500000,13.280353576133615,1.1176470588235294,1,13.411764705882353,true
baseline,seed-2,CONSV,8,,PD_MECH_DEFERRED,-1,-1,-1,-1,-1,-1,-1,-1,-1,false
baseline,seed-2,VAP,8,VAP-F1,PD_MECH_CONSIDERED,1,-1,-1,-1,-1,-1,-1,-1,-1,false
baseline,seed-2,VAP,8,VAP-F1,PD_MECH_PROPOSED,-1,5130,171,171000,2500000,14.619883040935672,1.411764705882353,1,16.941176470588236,true
baseline,seed-2,MASS,9,MASS-F1,PD_MECH_CONSIDERED,0.8862261208576998,-1,-1,-1,-1,-1,-1,-1,-1,false
baseline,seed-2,MASS,9,MASS-F1,PD_MECH_PAYBACK_UNATTRACTIVE,-1,4546.34,151.54466666666667,151544.6666666667,2500000,16.496786426004213,0.7916666666666666,1,9.5,false
baseline,seed-2,MASS,9,,PD_MECH_DEFERRED,-1,-1,-1,-1,-1,-1,-1,-1,-1,false
baseline,seed-2,BAL,9,BAL-F1,PD_MECH_CONSIDERED,0.9568906392966544,-1,-1,-1,-1,-1,-1,-1,-1,false
baseline,seed-2,BAL,9,BAL-F1,PD_MECH_PAYBACK_UNATTRACTIVE,-1,6013.34,200.44466666666676,200444.66666666677,2500000,12.472269986396904,1,1,12,false
baseline,seed-2,BAL,9,,PD_MECH_DEFERRED,-1,-1,-1,-1,-1,-1,-1,-1,-1,false
baseline,seed-2,JPQ,9,,PD_MECH_DEFERRED,-1,-1,-1,-1,-1,-1,-1,-1,-1,false
baseline,seed-2,CONSV,9,,PD_MECH_DEFERRED,-1,-1,-1,-1,-1,-1,-1,-1,-1,false
baseline,seed-2,VAP,9,,PD_MECH_DEFERRED,-1,-1,-1,-1,-1,-1,-1,-1,-1,false
baseline,seed-2,MASS,10,MASS-F1,PD_MECH_CONSIDERED,0.9724346978557505,-1,-1,-1,-1,-1,-1,-1,-1,false
baseline,seed-2,MASS,10,MASS-F1,PD_MECH_PAYBACK_UNATTRACTIVE,-1,4988.59,166.28633333333335,166286.33333333334,2500000,15.034308291521251,0.7916666666666666,1,9.5,false
baseline,seed-2,MASS,10,,PD_MECH_DEFERRED,-1,-1,-1,-1,-1,-1,-1,-1,-1,false
baseline,seed-2,BAL,10,BAL-F1,PD_MECH_CONSIDERED,0.9952277519194813,-1,-1,-1,-1,-1,-1,-1,-1,false
baseline,seed-2,BAL,10,BAL-F1,PD_MECH_PROPOSED,-1,6254.26,208.4753333333333,208475.3333333333,2500000,11.991826371145429,1,1,12,true
baseline,seed-2,JPQ,10,,PD_MECH_DEFERRED,-1,-1,-1,-1,-1,-1,-1,-1,-1,false
baseline,seed-2,CONSV,10,,PD_MECH_DEFERRED,-1,-1,-1,-1,-1,-1,-1,-1,-1,false
baseline,seed-2,VAP,10,,PD_MECH_DEFERRED,-1,-1,-1,-1,-1,-1,-1,-1,-1,false
baseline,seed-2,MASS,11,MASS-F1,PD_MECH_CONSIDERED,0.5420994152046783,-1,-1,-1,-1,-1,-1,-1,-1,false
baseline,seed-2,MASS,11,MASS-F1,PD_MECH_PAYBACK_UNATTRACTIVE,-1,2780.97,92.69900000000001,92699.00000000001,2500000,26.969007216906327,0.7916666666666666,1,9.5,false
baseline,seed-2,MASS,11,,PD_MECH_DEFERRED,-1,-1,-1,-1,-1,-1,-1,-1,-1,false
baseline,seed-2,BAL,11,,PD_MECH_DEFERRED,-1,-1,-1,-1,-1,-1,-1,-1,-1,false
baseline,seed-2,JPQ,11,,PD_MECH_DEFERRED,-1,-1,-1,-1,-1,-1,-1,-1,-1,false
baseline,seed-2,CONSV,11,,PD_MECH_DEFERRED,-1,-1,-1,-1,-1,-1,-1,-1,-1,false
baseline,seed-2,VAP,11,,PD_MECH_DEFERRED,-1,-1,-1,-1,-1,-1,-1,-1,-1,false
baseline,seed-2,MASS,12,MASS-F1,PD_MECH_CONSIDERED,0.9401851851851851,-1,-1,-1,-1,-1,-1,-1,-1,false
baseline,seed-2,MASS,12,MASS-F1,PD_MECH_PAYBACK_UNATTRACTIVE,-1,4823.15,160.77166666666665,160771.66666666666,2500000,15.550003628334181,0.7916666666666666,1,9.5,false
baseline,seed-2,MASS,12,,PD_MECH_DEFERRED,-1,-1,-1,-1,-1,-1,-1,-1,-1,false
baseline,seed-2,BAL,12,,PD_MECH_DEFERRED,-1,-1,-1,-1,-1,-1,-1,-1,-1,false
baseline,seed-2,JPQ,12,,PD_MECH_DEFERRED,-1,-1,-1,-1,-1,-1,-1,-1,-1,false
baseline,seed-2,CONSV,12,,PD_MECH_DEFERRED,-1,-1,-1,-1,-1,-1,-1,-1,-1,false
baseline,seed-2,VAP,12,,PD_MECH_DEFERRED,-1,-1,-1,-1,-1,-1,-1,-1,-1,false
baseline,seed-2,MASS,13,MASS-F1,PD_MECH_CONSIDERED,1,-1,-1,-1,-1,-1,-1,-1,-1,false
baseline,seed-2,MASS,13,MASS-F1,PD_MECH_PAYBACK_UNATTRACTIVE,-1,5130,171,171000,2500000,14.619883040935672,0.7916666666666666,1,9.5,false
baseline,seed-2,MASS,13,,PD_MECH_DEFERRED,-1,-1,-1,-1,-1,-1,-1,-1,-1,false
baseline,seed-2,BAL,13,,PD_MECH_DEFERRED,-1,-1,-1,-1,-1,-1,-1,-1,-1,false
baseline,seed-2,JPQ,13,,PD_MECH_DEFERRED,-1,-1,-1,-1,-1,-1,-1,-1,-1,false
baseline,seed-2,CONSV,13,,PD_MECH_DEFERRED,-1,-1,-1,-1,-1,-1,-1,-1,-1,false
baseline,seed-2,VAP,13,,PD_MECH_DEFERRED,-1,-1,-1,-1,-1,-1,-1,-1,-1,false
baseline,seed-2,MASS,14,MASS-F1,PD_MECH_CONSIDERED,0.9383079922027291,-1,-1,-1,-1,-1,-1,-1,-1,false
baseline,seed-2,MASS,14,MASS-F1,PD_MECH_PAYBACK_UNATTRACTIVE,-1,4813.52,160.45066666666662,160450.66666666663,2500000,15.581113197826127,0.7916666666666666,1,9.5,false
baseline,seed-2,MASS,14,,PD_MECH_DEFERRED,-1,-1,-1,-1,-1,-1,-1,-1,-1,false
baseline,seed-2,BAL,14,,PD_MECH_DEFERRED,-1,-1,-1,-1,-1,-1,-1,-1,-1,false
baseline,seed-2,JPQ,14,,PD_MECH_DEFERRED,-1,-1,-1,-1,-1,-1,-1,-1,-1,false
baseline,seed-2,CONSV,14,,PD_MECH_DEFERRED,-1,-1,-1,-1,-1,-1,-1,-1,-1,false
baseline,seed-2,VAP,14,,PD_MECH_DEFERRED,-1,-1,-1,-1,-1,-1,-1,-1,-1,false
baseline,seed-2,MASS,15,MASS-F1,PD_MECH_CONSIDERED,0.8671247563352827,-1,-1,-1,-1,-1,-1,-1,-1,false
baseline,seed-2,MASS,15,MASS-F1,PD_MECH_PAYBACK_UNATTRACTIVE,-1,4448.35,148.2783333333333,148278.3333333333,2500000,16.86018411321052,0.7916666666666666,1,9.5,false
baseline,seed-2,MASS,15,,PD_MECH_DEFERRED,-1,-1,-1,-1,-1,-1,-1,-1,-1,false
baseline,seed-2,BAL,15,,PD_MECH_DEFERRED,-1,-1,-1,-1,-1,-1,-1,-1,-1,false
baseline,seed-2,JPQ,15,,PD_MECH_DEFERRED,-1,-1,-1,-1,-1,-1,-1,-1,-1,false
baseline,seed-2,CONSV,15,,PD_MECH_DEFERRED,-1,-1,-1,-1,-1,-1,-1,-1,-1,false
baseline,seed-2,VAP,15,,PD_MECH_DEFERRED,-1,-1,-1,-1,-1,-1,-1,-1,-1,false
baseline,seed-2,MASS,16,MASS-F1,PD_MECH_CONSIDERED,0.8904113060428851,-1,-1,-1,-1,-1,-1,-1,-1,false
baseline,seed-2,MASS,16,MASS-F1,PD_MECH_PAYBACK_UNATTRACTIVE,-1,4567.81,152.2603333333334,152260.3333333334,2500000,16.419246860092684,0.7916666666666666,1,9.5,false
baseline,seed-2,MASS,16,,PD_MECH_DEFERRED,-1,-1,-1,-1,-1,-1,-1,-1,-1,false
baseline,seed-2,BAL,16,,PD_MECH_DEFERRED,-1,-1,-1,-1,-1,-1,-1,-1,-1,false
baseline,seed-2,JPQ,16,,PD_MECH_DEFERRED,-1,-1,-1,-1,-1,-1,-1,-1,-1,false
baseline,seed-2,CONSV,16,,PD_MECH_DEFERRED,-1,-1,-1,-1,-1,-1,-1,-1,-1,false
baseline,seed-2,VAP,16,,PD_MECH_DEFERRED,-1,-1,-1,-1,-1,-1,-1,-1,-1,false
baseline,seed-2,MASS,17,MASS-F1,PD_MECH_CONSIDERED,0.9501812865497077,-1,-1,-1,-1,-1,-1,-1,-1,false
baseline,seed-2,MASS,17,MASS-F1,PD_MECH_PAYBACK_UNATTRACTIVE,-1,4874.43,162.481,162481,2500000,15.386414411531195,0.7916666666666666,1,9.5,false
baseline,seed-2,MASS,17,,PD_MECH_DEFERRED,-1,-1,-1,-1,-1,-1,-1,-1,-1,false
baseline,seed-2,BAL,17,,PD_MECH_DEFERRED,-1,-1,-1,-1,-1,-1,-1,-1,-1,false
baseline,seed-2,JPQ,17,,PD_MECH_DEFERRED,-1,-1,-1,-1,-1,-1,-1,-1,-1,false
baseline,seed-2,CONSV,17,,PD_MECH_DEFERRED,-1,-1,-1,-1,-1,-1,-1,-1,-1,false
baseline,seed-2,VAP,17,,PD_MECH_DEFERRED,-1,-1,-1,-1,-1,-1,-1,-1,-1,false
baseline,seed-2,MASS,18,MASS-F1,PD_MECH_CONSIDERED,0.9649142300194932,-1,-1,-1,-1,-1,-1,-1,-1,false
baseline,seed-2,MASS,18,MASS-F1,PD_MECH_PAYBACK_UNATTRACTIVE,-1,4950.01,165.0003333333334,165000.3333333334,2500000,15.151484542455464,0.7916666666666666,1,9.5,false
baseline,seed-2,MASS,18,,PD_MECH_DEFERRED,-1,-1,-1,-1,-1,-1,-1,-1,-1,false
baseline,seed-2,BAL,18,,PD_MECH_DEFERRED,-1,-1,-1,-1,-1,-1,-1,-1,-1,false
baseline,seed-2,JPQ,18,,PD_MECH_DEFERRED,-1,-1,-1,-1,-1,-1,-1,-1,-1,false
baseline,seed-2,CONSV,18,,PD_MECH_DEFERRED,-1,-1,-1,-1,-1,-1,-1,-1,-1,false
baseline,seed-2,VAP,18,,PD_MECH_DEFERRED,-1,-1,-1,-1,-1,-1,-1,-1,-1,false
baseline,seed-2,MASS,19,MASS-F1,PD_MECH_CONSIDERED,0.9661598440545808,-1,-1,-1,-1,-1,-1,-1,-1,false
baseline,seed-2,MASS,19,MASS-F1,PD_MECH_PAYBACK_UNATTRACTIVE,-1,4956.4,165.21333333333337,165213.33333333337,2500000,15.131950609313208,0.7916666666666666,1,9.5,false
baseline,seed-2,MASS,19,,PD_MECH_DEFERRED,-1,-1,-1,-1,-1,-1,-1,-1,-1,false
baseline,seed-2,BAL,19,,PD_MECH_DEFERRED,-1,-1,-1,-1,-1,-1,-1,-1,-1,false
baseline,seed-2,JPQ,19,,PD_MECH_DEFERRED,-1,-1,-1,-1,-1,-1,-1,-1,-1,false
baseline,seed-2,CONSV,19,,PD_MECH_DEFERRED,-1,-1,-1,-1,-1,-1,-1,-1,-1,false
baseline,seed-2,VAP,19,,PD_MECH_DEFERRED,-1,-1,-1,-1,-1,-1,-1,-1,-1,false
baseline,seed-2,MASS,20,MASS-F1,PD_MECH_CONSIDERED,1,-1,-1,-1,-1,-1,-1,-1,-1,false
baseline,seed-2,MASS,20,MASS-F1,PD_MECH_PAYBACK_UNATTRACTIVE,-1,5130,171,171000,2500000,14.619883040935672,0.7916666666666666,1,9.5,false
baseline,seed-2,MASS,20,,PD_MECH_DEFERRED,-1,-1,-1,-1,-1,-1,-1,-1,-1,false
baseline,seed-2,BAL,20,,PD_MECH_DEFERRED,-1,-1,-1,-1,-1,-1,-1,-1,-1,false
baseline,seed-2,JPQ,20,,PD_MECH_DEFERRED,-1,-1,-1,-1,-1,-1,-1,-1,-1,false
baseline,seed-2,CONSV,20,,PD_MECH_DEFERRED,-1,-1,-1,-1,-1,-1,-1,-1,-1,false
baseline,seed-2,VAP,20,,PD_MECH_DEFERRED,-1,-1,-1,-1,-1,-1,-1,-1,-1,false
baseline,seed-2,MASS,21,MASS-F1,PD_MECH_CONSIDERED,1,-1,-1,-1,-1,-1,-1,-1,-1,false
baseline,seed-2,MASS,21,MASS-F1,PD_MECH_PAYBACK_UNATTRACTIVE,-1,5429.25,180.9749999999999,180974.9999999999,2500000,13.814062715844736,0.7916666666666666,1,9.5,false
baseline,seed-2,MASS,21,,PD_MECH_DEFERRED,-1,-1,-1,-1,-1,-1,-1,-1,-1,false
baseline,seed-2,BAL,21,,PD_MECH_DEFERRED,-1,-1,-1,-1,-1,-1,-1,-1,-1,false
baseline,seed-2,JPQ,21,,PD_MECH_DEFERRED,-1,-1,-1,-1,-1,-1,-1,-1,-1,false
baseline,seed-2,CONSV,21,,PD_MECH_DEFERRED,-1,-1,-1,-1,-1,-1,-1,-1,-1,false
baseline,seed-2,VAP,21,,PD_MECH_DEFERRED,-1,-1,-1,-1,-1,-1,-1,-1,-1,false
baseline,seed-2,MASS,22,MASS-F1,PD_MECH_CONSIDERED,1,-1,-1,-1,-1,-1,-1,-1,-1,false
baseline,seed-2,MASS,22,MASS-F1,PD_MECH_PAYBACK_UNATTRACTIVE,-1,5429.25,180.9749999999999,180974.9999999999,2500000,13.814062715844736,0.7916666666666666,1,9.5,false
baseline,seed-2,MASS,22,,PD_MECH_DEFERRED,-1,-1,-1,-1,-1,-1,-1,-1,-1,false
baseline,seed-2,BAL,22,,PD_MECH_DEFERRED,-1,-1,-1,-1,-1,-1,-1,-1,-1,false
baseline,seed-2,JPQ,22,,PD_MECH_DEFERRED,-1,-1,-1,-1,-1,-1,-1,-1,-1,false
baseline,seed-2,CONSV,22,,PD_MECH_DEFERRED,-1,-1,-1,-1,-1,-1,-1,-1,-1,false
baseline,seed-2,VAP,22,,PD_MECH_DEFERRED,-1,-1,-1,-1,-1,-1,-1,-1,-1,false
baseline,seed-2,MASS,23,MASS-F1,PD_MECH_CONSIDERED,1,-1,-1,-1,-1,-1,-1,-1,-1,false
baseline,seed-2,MASS,23,MASS-F1,PD_MECH_PAYBACK_UNATTRACTIVE,-1,5429.25,180.9749999999999,180974.9999999999,2500000,13.814062715844736,0.7916666666666666,1,9.5,false
baseline,seed-2,MASS,23,,PD_MECH_DEFERRED,-1,-1,-1,-1,-1,-1,-1,-1,-1,false
baseline,seed-2,BAL,23,,PD_MECH_DEFERRED,-1,-1,-1,-1,-1,-1,-1,-1,-1,false
baseline,seed-2,JPQ,23,,PD_MECH_DEFERRED,-1,-1,-1,-1,-1,-1,-1,-1,-1,false
baseline,seed-2,CONSV,23,,PD_MECH_DEFERRED,-1,-1,-1,-1,-1,-1,-1,-1,-1,false
baseline,seed-2,VAP,23,,PD_MECH_DEFERRED,-1,-1,-1,-1,-1,-1,-1,-1,-1,false
baseline,seed-2,MASS,24,MASS-F1,PD_MECH_CONSIDERED,1,-1,-1,-1,-1,-1,-1,-1,-1,false
baseline,seed-2,MASS,24,MASS-F1,PD_MECH_PAYBACK_UNATTRACTIVE,-1,5429.25,180.9749999999999,180974.9999999999,2500000,13.814062715844736,0.7916666666666666,1,9.5,false
baseline,seed-2,MASS,24,,PD_MECH_DEFERRED,-1,-1,-1,-1,-1,-1,-1,-1,-1,false
baseline,seed-2,BAL,24,,PD_MECH_DEFERRED,-1,-1,-1,-1,-1,-1,-1,-1,-1,false
baseline,seed-2,JPQ,24,,PD_MECH_DEFERRED,-1,-1,-1,-1,-1,-1,-1,-1,-1,false
baseline,seed-2,CONSV,24,,PD_MECH_DEFERRED,-1,-1,-1,-1,-1,-1,-1,-1,-1,false
baseline,seed-2,VAP,24,,PD_MECH_DEFERRED,-1,-1,-1,-1,-1,-1,-1,-1,-1,false
baseline,seed-2,MASS,25,MASS-F1,PD_MECH_CONSIDERED,1,-1,-1,-1,-1,-1,-1,-1,-1,false
baseline,seed-2,MASS,25,MASS-F1,PD_MECH_PAYBACK_UNATTRACTIVE,-1,5728.5,190.95000000000005,190950.00000000006,2500000,13.092432573972241,0.7916666666666666,1,9.5,false
baseline,seed-2,MASS,25,,PD_MECH_DEFERRED,-1,-1,-1,-1,-1,-1,-1,-1,-1,false
baseline,seed-2,BAL,25,,PD_MECH_DEFERRED,-1,-1,-1,-1,-1,-1,-1,-1,-1,false
baseline,seed-2,JPQ,25,,PD_MECH_DEFERRED,-1,-1,-1,-1,-1,-1,-1,-1,-1,false
baseline,seed-2,CONSV,25,,PD_MECH_DEFERRED,-1,-1,-1,-1,-1,-1,-1,-1,-1,false
baseline,seed-2,VAP,25,,PD_MECH_DEFERRED,-1,-1,-1,-1,-1,-1,-1,-1,-1,false
baseline,seed-2,MASS,26,MASS-F1,PD_MECH_CONSIDERED,1,-1,-1,-1,-1,-1,-1,-1,-1,false
baseline,seed-2,MASS,26,MASS-F1,PD_MECH_PAYBACK_UNATTRACTIVE,-1,5728.5,190.95000000000005,190950.00000000006,2500000,13.092432573972241,0.7916666666666666,1,9.5,false
baseline,seed-2,MASS,26,MASS-NEWF-MASS-CAPEX-5,PD_MECH_CONSIDERED,0,-1,-1,-1,-1,-1,-1,-1,-1,false
baseline,seed-2,MASS,26,MASS-NEWF-MASS-CAPEX-5,PD_MECH_LOW_UTILIZATION,0,-1,-1,-1,-1,-1,-1,-1,-1,false
baseline,seed-2,MASS,26,,PD_MECH_DEFERRED,-1,-1,-1,-1,-1,-1,-1,-1,-1,false
baseline,seed-2,BAL,26,,PD_MECH_DEFERRED,-1,-1,-1,-1,-1,-1,-1,-1,-1,false
baseline,seed-2,JPQ,26,,PD_MECH_DEFERRED,-1,-1,-1,-1,-1,-1,-1,-1,-1,false
baseline,seed-2,CONSV,26,,PD_MECH_DEFERRED,-1,-1,-1,-1,-1,-1,-1,-1,-1,false
baseline,seed-2,VAP,26,,PD_MECH_DEFERRED,-1,-1,-1,-1,-1,-1,-1,-1,-1,false
baseline,seed-2,MASS,27,MASS-F1,PD_MECH_CONSIDERED,0.9288295365278869,-1,-1,-1,-1,-1,-1,-1,-1,false
baseline,seed-2,MASS,27,MASS-F1,PD_MECH_PAYBACK_UNATTRACTIVE,-1,5320.8,177.36,177360,2500000,14.095624718087505,0.7916666666666666,1,9.5,false
baseline,seed-2,MASS,27,MASS-NEWF-MASS-CAPEX-5,PD_MECH_CONSIDERED,0.9288304093567251,-1,-1,-1,-1,-1,-1,-1,-1,false
baseline,seed-2,MASS,27,MASS-NEWF-MASS-CAPEX-5,PD_MECH_PAYBACK_UNATTRACTIVE,-1,4764.9,158.82999999999993,158829.99999999994,2500000,15.740099477428704,0.7916666666666666,1,9.5,false
baseline,seed-2,MASS,27,,PD_MECH_DEFERRED,-1,-1,-1,-1,-1,-1,-1,-1,-1,false
baseline,seed-2,BAL,27,,PD_MECH_DEFERRED,-1,-1,-1,-1,-1,-1,-1,-1,-1,false
baseline,seed-2,JPQ,27,,PD_MECH_DEFERRED,-1,-1,-1,-1,-1,-1,-1,-1,-1,false
baseline,seed-2,CONSV,27,,PD_MECH_DEFERRED,-1,-1,-1,-1,-1,-1,-1,-1,-1,false
baseline,seed-2,VAP,27,,PD_MECH_DEFERRED,-1,-1,-1,-1,-1,-1,-1,-1,-1,false
baseline,seed-2,MASS,28,MASS-F1,PD_MECH_CONSIDERED,0.6892921358121673,-1,-1,-1,-1,-1,-1,-1,-1,false
baseline,seed-2,MASS,28,MASS-F1,PD_MECH_PAYBACK_UNATTRACTIVE,-1,3948.6100000000006,131.6203333333333,131620.33333333328,2500000,18.99402574576877,0.7916666666666666,1,9.5,false
baseline,seed-2,MASS,28,MASS-NEWF-MASS-CAPEX-5,PD_MECH_CONSIDERED,0,-1,-1,-1,-1,-1,-1,-1,-1,false
baseline,seed-2,MASS,28,MASS-NEWF-MASS-CAPEX-5,PD_MECH_LOW_UTILIZATION,0,-1,-1,-1,-1,-1,-1,-1,-1,false
baseline,seed-2,MASS,28,,PD_MECH_DEFERRED,-1,-1,-1,-1,-1,-1,-1,-1,-1,false
baseline,seed-2,BAL,28,BAL-NEWF-BAL-CAPEX-11,PD_MECH_CONSIDERED,0,-1,-1,-1,-1,-1,-1,-1,-1,false
baseline,seed-2,BAL,28,BAL-NEWF-BAL-CAPEX-11,PD_MECH_LOW_UTILIZATION,0,-1,-1,-1,-1,-1,-1,-1,-1,false
baseline,seed-2,BAL,28,,PD_MECH_DEFERRED,-1,-1,-1,-1,-1,-1,-1,-1,-1,false
baseline,seed-2,JPQ,28,,PD_MECH_DEFERRED,-1,-1,-1,-1,-1,-1,-1,-1,-1,false
baseline,seed-2,CONSV,28,,PD_MECH_DEFERRED,-1,-1,-1,-1,-1,-1,-1,-1,-1,false
baseline,seed-2,VAP,28,,PD_MECH_DEFERRED,-1,-1,-1,-1,-1,-1,-1,-1,-1,false
baseline,seed-2,MASS,29,MASS-F1,PD_MECH_CONSIDERED,0.6835733612638561,-1,-1,-1,-1,-1,-1,-1,-1,false
baseline,seed-2,MASS,29,MASS-F1,PD_MECH_PAYBACK_UNATTRACTIVE,-1,4120.409328358209,137.34697761194025,137346.97761194024,2500000,18.202075090894922,0.7916666666666666,1,9.5,false
baseline,seed-2,MASS,29,MASS-NEWF-MASS-CAPEX-5,PD_MECH_CONSIDERED,0.6835730994152047,-1,-1,-1,-1,-1,-1,-1,-1,false
baseline,seed-2,MASS,29,MASS-NEWF-MASS-CAPEX-5,PD_MECH_PAYBACK_UNATTRACTIVE,-1,4675.64,155.85466666666662,155854.66666666663,2500000,16.040584818335034,0.7916666666666666,1,9.5,false
baseline,seed-2,MASS,29,,PD_MECH_DEFERRED,-1,-1,-1,-1,-1,-1,-1,-1,-1,false
baseline,seed-2,BAL,29,BAL-NEWF-BAL-CAPEX-11,PD_MECH_CONSIDERED,0.5598216374269006,-1,-1,-1,-1,-1,-1,-1,-1,false
baseline,seed-2,BAL,29,BAL-NEWF-BAL-CAPEX-11,PD_MECH_PAYBACK_UNATTRACTIVE,-1,2871.885,95.72950000000003,95729.50000000003,2500000,26.11525182937338,1,1,12,false
baseline,seed-2,BAL,29,,PD_MECH_DEFERRED,-1,-1,-1,-1,-1,-1,-1,-1,-1,false
baseline,seed-2,JPQ,29,,PD_MECH_DEFERRED,-1,-1,-1,-1,-1,-1,-1,-1,-1,false
baseline,seed-2,CONSV,29,,PD_MECH_DEFERRED,-1,-1,-1,-1,-1,-1,-1,-1,-1,false
baseline,seed-2,VAP,29,,PD_MECH_DEFERRED,-1,-1,-1,-1,-1,-1,-1,-1,-1,false
baseline,seed-2,MASS,30,MASS-F1,PD_MECH_CONSIDERED,0.7384977810957654,-1,-1,-1,-1,-1,-1,-1,-1,false
baseline,seed-2,MASS,30,MASS-F1,PD_MECH_PAYBACK_UNATTRACTIVE,-1,4451.48,148.38266666666664,148382.66666666663,2500000,16.84832909504255,0.7916666666666666,1,9.5,false
baseline,seed-2,MASS,30,MASS-NEWF-MASS-CAPEX-5,PD_MECH_CONSIDERED,0.5745014619883041,-1,-1,-1,-1,-1,-1,-1,-1,false
baseline,seed-2,MASS,30,MASS-NEWF-MASS-CAPEX-5,PD_MECH_PAYBACK_UNATTRACTIVE,-1,3929.59,130.98633333333328,130986.33333333328,2500000,19.085960621846052,0.7916666666666666,1,9.5,false
baseline,seed-2,MASS,30,,PD_MECH_DEFERRED,-1,-1,-1,-1,-1,-1,-1,-1,-1,false
baseline,seed-2,BAL,30,BAL-NEWF-BAL-CAPEX-11,PD_MECH_CONSIDERED,0.6471111111111111,-1,-1,-1,-1,-1,-1,-1,-1,false
baseline,seed-2,BAL,30,BAL-NEWF-BAL-CAPEX-11,PD_MECH_PAYBACK_UNATTRACTIVE,-1,4426.24,147.54133333333334,147541.33333333334,2500000,16.944404279930595,1,1,12,false
baseline,seed-2,BAL,30,,PD_MECH_DEFERRED,-1,-1,-1,-1,-1,-1,-1,-1,-1,false
baseline,seed-2,JPQ,30,,PD_MECH_DEFERRED,-1,-1,-1,-1,-1,-1,-1,-1,-1,false
baseline,seed-2,CONSV,30,,PD_MECH_DEFERRED,-1,-1,-1,-1,-1,-1,-1,-1,-1,false
baseline,seed-2,VAP,30,,PD_MECH_DEFERRED,-1,-1,-1,-1,-1,-1,-1,-1,-1,false
baseline,seed-2,MASS,31,MASS-F1,PD_MECH_CONSIDERED,0.6947600680187467,-1,-1,-1,-1,-1,-1,-1,-1,false
baseline,seed-2,MASS,31,MASS-F1,PD_MECH_PAYBACK_UNATTRACTIVE,-1,4187.84,139.59466666666663,139594.66666666663,2500000,17.908993657828383,0.7916666666666666,1,9.5,false
baseline,seed-2,MASS,31,MASS-NEWF-MASS-CAPEX-5,PD_MECH_CONSIDERED,0.5464692982456141,-1,-1,-1,-1,-1,-1,-1,-1,false
baseline,seed-2,MASS,31,MASS-NEWF-MASS-CAPEX-5,PD_MECH_PAYBACK_UNATTRACTIVE,-1,3737.8500000000004,124.59500000000003,124595.00000000003,2500000,20.065010634455632,0.7916666666666666,1,9.5,false
baseline,seed-2,MASS,31,,PD_MECH_DEFERRED,-1,-1,-1,-1,-1,-1,-1,-1,-1,false
baseline,seed-2,BAL,31,BAL-NEWF-BAL-CAPEX-11,PD_MECH_CONSIDERED,0.6887236842105263,-1,-1,-1,-1,-1,-1,-1,-1,false
baseline,seed-2,BAL,31,BAL-NEWF-BAL-CAPEX-11,PD_MECH_PAYBACK_UNATTRACTIVE,-1,4710.87,157.029,157029,2500000,15.920626126384299,1,1,12,false
baseline,seed-2,BAL,31,,PD_MECH_DEFERRED,-1,-1,-1,-1,-1,-1,-1,-1,-1,false
baseline,seed-2,JPQ,31,,PD_MECH_DEFERRED,-1,-1,-1,-1,-1,-1,-1,-1,-1,false
baseline,seed-2,CONSV,31,,PD_MECH_DEFERRED,-1,-1,-1,-1,-1,-1,-1,-1,-1,false
baseline,seed-2,VAP,31,,PD_MECH_DEFERRED,-1,-1,-1,-1,-1,-1,-1,-1,-1,false
baseline,seed-2,MASS,32,MASS-F1,PD_MECH_CONSIDERED,0.69371324291817,-1,-1,-1,-1,-1,-1,-1,-1,false
baseline,seed-2,MASS,32,MASS-F1,PD_MECH_PAYBACK_UNATTRACTIVE,-1,4181.53,139.3843333333333,139384.3333333333,2500000,17.936018634327628,0.7916666666666666,1,9.5,false
baseline,seed-2,MASS,32,MASS-NEWF-MASS-CAPEX-5,PD_MECH_CONSIDERED,0.46879385964912285,-1,-1,-1,-1,-1,-1,-1,-1,false
baseline,seed-2,MASS,32,MASS-NEWF-MASS-CAPEX-5,PD_MECH_LOW_UTILIZATION,0.46879385964912285,-1,-1,-1,-1,-1,-1,-1,-1,false
baseline,seed-2,MASS,32,,PD_MECH_DEFERRED,-1,-1,-1,-1,-1,-1,-1,-1,-1,false
baseline,seed-2,BAL,32,BAL-NEWF-BAL-CAPEX-11,PD_MECH_CONSIDERED,0.7698801169590642,-1,-1,-1,-1,-1,-1,-1,-1,false
baseline,seed-2,BAL,32,BAL-NEWF-BAL-CAPEX-11,PD_MECH_PAYBACK_UNATTRACTIVE,-1,5265.98,175.53266666666661,175532.66666666663,2500000,14.242363244828127,1,1,12,false
baseline,seed-2,BAL,32,,PD_MECH_DEFERRED,-1,-1,-1,-1,-1,-1,-1,-1,-1,false
baseline,seed-2,JPQ,32,,PD_MECH_DEFERRED,-1,-1,-1,-1,-1,-1,-1,-1,-1,false
baseline,seed-2,CONSV,32,,PD_MECH_DEFERRED,-1,-1,-1,-1,-1,-1,-1,-1,-1,false
baseline,seed-2,VAP,32,,PD_MECH_DEFERRED,-1,-1,-1,-1,-1,-1,-1,-1,-1,false
baseline,seed-3,MASS,1,MASS-F1,PD_MECH_CONSIDERED,0,-1,-1,-1,-1,-1,-1,-1,-1,false
baseline,seed-3,MASS,1,MASS-F1,PD_MECH_LOW_UTILIZATION,0,-1,-1,-1,-1,-1,-1,-1,-1,false
baseline,seed-3,MASS,1,,PD_MECH_DEFERRED,-1,-1,-1,-1,-1,-1,-1,-1,-1,false
baseline,seed-3,BAL,1,BAL-F1,PD_MECH_CONSIDERED,0,-1,-1,-1,-1,-1,-1,-1,-1,false
baseline,seed-3,BAL,1,BAL-F1,PD_MECH_LOW_UTILIZATION,0,-1,-1,-1,-1,-1,-1,-1,-1,false
baseline,seed-3,BAL,1,,PD_MECH_DEFERRED,-1,-1,-1,-1,-1,-1,-1,-1,-1,false
baseline,seed-3,JPQ,1,JPQ-F1,PD_MECH_CONSIDERED,0,-1,-1,-1,-1,-1,-1,-1,-1,false
baseline,seed-3,JPQ,1,JPQ-F1,PD_MECH_LOW_UTILIZATION,0,-1,-1,-1,-1,-1,-1,-1,-1,false
baseline,seed-3,JPQ,1,,PD_MECH_DEFERRED,-1,-1,-1,-1,-1,-1,-1,-1,-1,false
baseline,seed-3,CONSV,1,CONSV-F1,PD_MECH_CONSIDERED,0,-1,-1,-1,-1,-1,-1,-1,-1,false
baseline,seed-3,CONSV,1,CONSV-F1,PD_MECH_LOW_UTILIZATION,0,-1,-1,-1,-1,-1,-1,-1,-1,false
baseline,seed-3,CONSV,1,,PD_MECH_DEFERRED,-1,-1,-1,-1,-1,-1,-1,-1,-1,false
baseline,seed-3,VAP,1,VAP-F1,PD_MECH_CONSIDERED,0,-1,-1,-1,-1,-1,-1,-1,-1,false
baseline,seed-3,VAP,1,VAP-F1,PD_MECH_LOW_UTILIZATION,0,-1,-1,-1,-1,-1,-1,-1,-1,false
baseline,seed-3,VAP,1,,PD_MECH_DEFERRED,-1,-1,-1,-1,-1,-1,-1,-1,-1,false
baseline,seed-3,MASS,2,MASS-F1,PD_MECH_CONSIDERED,0.7883040935672515,-1,-1,-1,-1,-1,-1,-1,-1,false
baseline,seed-3,MASS,2,MASS-F1,PD_MECH_PAYBACK_UNATTRACTIVE,-1,4044.0000000000005,134.79999999999995,134799.99999999994,2500000,18.545994065281906,0.7916666666666666,1,9.5,false
baseline,seed-3,MASS,2,,PD_MECH_DEFERRED,-1,-1,-1,-1,-1,-1,-1,-1,-1,false
baseline,seed-3,BAL,2,BAL-F1,PD_MECH_CONSIDERED,0.9271929824561403,-1,-1,-1,-1,-1,-1,-1,-1,false
baseline,seed-3,BAL,2,BAL-F1,PD_MECH_PAYBACK_UNATTRACTIVE,-1,5549.25,184.9749999999999,184974.9999999999,2500000,13.515339910798764,1,1,12,false
baseline,seed-3,BAL,2,,PD_MECH_DEFERRED,-1,-1,-1,-1,-1,-1,-1,-1,-1,false
baseline,seed-3,JPQ,2,JPQ-F1,PD_MECH_CONSIDERED,1,-1,-1,-1,-1,-1,-1,-1,-1,false
baseline,seed-3,JPQ,2,,PD_MECH_FINANCE_BLOCKED,-1,-1,-1,-1,2500000,-1,-1,-1,-1,false
baseline,seed-3,CONSV,2,CONSV-F1,PD_MECH_CONSIDERED,1,-1,-1,-1,-1,-1,-1,-1,-1,false
baseline,seed-3,CONSV,2,,PD_MECH_FINANCE_BLOCKED,-1,-1,-1,-1,2500000,-1,-1,-1,-1,false
baseline,seed-3,VAP,2,VAP-F1,PD_MECH_CONSIDERED,1,-1,-1,-1,-1,-1,-1,-1,-1,false
baseline,seed-3,VAP,2,,PD_MECH_FINANCE_BLOCKED,-1,-1,-1,-1,2500000,-1,-1,-1,-1,false
baseline,seed-3,MASS,3,MASS-F1,PD_MECH_CONSIDERED,0.6222183235867447,-1,-1,-1,-1,-1,-1,-1,-1,false
baseline,seed-3,MASS,3,MASS-F1,PD_MECH_PAYBACK_UNATTRACTIVE,-1,3191.98,106.39933333333329,106399.33333333328,2500000,23.496387821978846,0.7916666666666666,1,9.5,false
baseline,seed-3,MASS,3,,PD_MECH_DEFERRED,-1,-1,-1,-1,-1,-1,-1,-1,-1,false
baseline,seed-3,BAL,3,BAL-F1,PD_MECH_CONSIDERED,1,-1,-1,-1,-1,-1,-1,-1,-1,false
baseline,seed-3,BAL,3,BAL-F1,PD_MECH_PAYBACK_UNATTRACTIVE,-1,5985,199.5,199500,2500000,12.531328320802006,1,1,12,false
baseline,seed-3,BAL,3,,PD_MECH_DEFERRED,-1,-1,-1,-1,-1,-1,-1,-1,-1,false
baseline,seed-3,JPQ,3,JPQ-F1,PD_MECH_CONSIDERED,0.8874108187134503,-1,-1,-1,-1,-1,-1,-1,-1,false
baseline,seed-3,JPQ,3,JPQ-F1,PD_MECH_PROPOSED,-1,6069.89,202.32966666666664,202329.66666666663,2500000,12.356072350569782,1.1176470588235294,1,13.411764705882353,true
baseline,seed-3,CONSV,3,CONSV-F1,PD_MECH_CONSIDERED,0.8540601503759399,-1,-1,-1,-1,-1,-1,-1,-1,false
baseline,seed-3,CONSV,3,CONSV-F1,PD_MECH_PAYBACK_UNATTRACTIVE,-1,5111.55,170.385,170385,2500000,14.672653109135194,1.2105263157894737,1.05,13.834586466165414,false
baseline,seed-3,CONSV,3,,PD_MECH_DEFERRED,-1,-1,-1,-1,-1,-1,-1,-1,-1,false
baseline,seed-3,VAP,3,VAP-F1,PD_MECH_CONSIDERED,0.9596881091617934,-1,-1,-1,-1,-1,-1,-1,-1,false
baseline,seed-3,VAP,3,,PD_MECH_FINANCE_BLOCKED,-1,-1,-1,-1,2500000,-1,-1,-1,-1,false
baseline,seed-3,MASS,4,MASS-F1,PD_MECH_CONSIDERED,1,-1,-1,-1,-1,-1,-1,-1,-1,false
baseline,seed-3,MASS,4,MASS-F1,PD_MECH_PAYBACK_UNATTRACTIVE,-1,5130,171,171000,2500000,14.619883040935672,0.7916666666666666,1,9.5,false
baseline,seed-3,MASS,4,,PD_MECH_DEFERRED,-1,-1,-1,-1,-1,-1,-1,-1,-1,false
baseline,seed-3,BAL,4,BAL-F1,PD_MECH_CONSIDERED,1,-1,-1,-1,-1,-1,-1,-1,-1,false
baseline,seed-3,BAL,4,BAL-F1,PD_MECH_PAYBACK_UNATTRACTIVE,-1,5985,199.5,199500,2500000,12.531328320802006,1,1,12,false
baseline,seed-3,BAL,4,,PD_MECH_DEFERRED,-1,-1,-1,-1,-1,-1,-1,-1,-1,false
baseline,seed-3,JPQ,4,,PD_MECH_DEFERRED,-1,-1,-1,-1,-1,-1,-1,-1,-1,false
baseline,seed-3,CONSV,4,CONSV-F1,PD_MECH_CONSIDERED,0.9301487050960735,-1,-1,-1,-1,-1,-1,-1,-1,false
baseline,seed-3,CONSV,4,CONSV-F1,PD_MECH_PROPOSED,-1,5566.94,185.56466666666665,185564.66666666666,2500000,13.472392373548125,1.2105263157894737,1.05,13.834586466165414,true
baseline,seed-3,VAP,4,VAP-F1,PD_MECH_CONSIDERED,0.9051793372319688,-1,-1,-1,-1,-1,-1,-1,-1,false
baseline,seed-3,VAP,4,,PD_MECH_FINANCE_BLOCKED,-1,-1,-1,-1,2500000,-1,-1,-1,-1,false
baseline,seed-3,MASS,5,MASS-F1,PD_MECH_CONSIDERED,0.5656686159844054,-1,-1,-1,-1,-1,-1,-1,-1,false
baseline,seed-3,MASS,5,MASS-F1,PD_MECH_PAYBACK_UNATTRACTIVE,-1,2901.8799999999997,96.72933333333339,96729.33333333339,2500000,25.845314072256592,0.7916666666666666,1,9.5,false
baseline,seed-3,MASS,5,,PD_MECH_DEFERRED,-1,-1,-1,-1,-1,-1,-1,-1,-1,false
baseline,seed-3,BAL,5,BAL-F1,PD_MECH_CONSIDERED,1,-1,-1,-1,-1,-1,-1,-1,-1,false
baseline,seed-3,BAL,5,BAL-F1,PD_MECH_PAYBACK_UNATTRACTIVE,-1,5985,199.5,199500,2500000,12.531328320802006,1,1,12,false
baseline,seed-3,BAL,5,,PD_MECH_DEFERRED,-1,-1,-1,-1,-1,-1,-1,-1,-1,false
baseline,seed-3,JPQ,5,,PD_MECH_DEFERRED,-1,-1,-1,-1,-1,-1,-1,-1,-1,false
baseline,seed-3,CONSV,5,CONSV-F1,PD_MECH_CONSIDERED,1,-1,-1,-1,-1,-1,-1,-1,-1,false
baseline,seed-3,CONSV,5,CONSV-F1,PD_MECH_PROPOSED,-1,5985,199.5,199500,2500000,12.531328320802006,1.2105263157894737,1.05,13.834586466165414,true
baseline,seed-3,VAP,5,VAP-F1,PD_MECH_CONSIDERED,1,-1,-1,-1,-1,-1,-1,-1,-1,false
baseline,seed-3,VAP,5,,PD_MECH_FINANCE_BLOCKED,-1,-1,-1,-1,2500000,-1,-1,-1,-1,false
baseline,seed-3,MASS,6,MASS-F1,PD_MECH_CONSIDERED,0.999150097465887,-1,-1,-1,-1,-1,-1,-1,-1,false
baseline,seed-3,MASS,6,MASS-F1,PD_MECH_PAYBACK_UNATTRACTIVE,-1,5125.64,170.85466666666673,170854.66666666674,2500000,14.632319086006813,0.7916666666666666,1,9.5,false
baseline,seed-3,MASS,6,,PD_MECH_DEFERRED,-1,-1,-1,-1,-1,-1,-1,-1,-1,false
baseline,seed-3,BAL,6,BAL-F1,PD_MECH_CONSIDERED,0.9005346700083542,-1,-1,-1,-1,-1,-1,-1,-1,false
baseline,seed-3,BAL,6,BAL-F1,PD_MECH_PAYBACK_UNATTRACTIVE,-1,5659.1849999999995,188.6395000000001,188639.50000000012,2500000,13.252791700571716,1,1,12,false
baseline,seed-3,BAL,6,,PD_MECH_DEFERRED,-1,-1,-1,-1,-1,-1,-1,-1,-1,false
baseline,seed-3,JPQ,6,,PD_MECH_DEFERRED,-1,-1,-1,-1,-1,-1,-1,-1,-1,false
baseline,seed-3,CONSV,6,,PD_MECH_DEFERRED,-1,-1,-1,-1,-1,-1,-1,-1,-1,false
baseline,seed-3,VAP,6,VAP-F1,PD_MECH_CONSIDERED,1,-1,-1,-1,-1,-1,-1,-1,-1,false
baseline,seed-3,VAP,6,,PD_MECH_FINANCE_BLOCKED,-1,-1,-1,-1,2500000,-1,-1,-1,-1,false
baseline,seed-3,MASS,7,MASS-F1,PD_MECH_CONSIDERED,0.5813528265107213,-1,-1,-1,-1,-1,-1,-1,-1,false
baseline,seed-3,MASS,7,MASS-F1,PD_MECH_PAYBACK_UNATTRACTIVE,-1,2982.34,99.4113333333334,99411.3333333334,2500000,25.148038117719626,0.7916666666666666,1,9.5,false
baseline,seed-3,MASS,7,,PD_MECH_DEFERRED,-1,-1,-1,-1,-1,-1,-1,-1,-1,false
baseline,seed-3,BAL,7,BAL-F1,PD_MECH_CONSIDERED,0.9455113975414727,-1,-1,-1,-1,-1,-1,-1,-1,false
baseline,seed-3,BAL,7,BAL-F1,PD_MECH_PAYBACK_UNATTRACTIVE,-1,5941.83,198.06100000000004,198061.00000000003,2500000,12.62237391510696,1,1,12,false
baseline,seed-3,BAL,7,,PD_MECH_DEFERRED,-1,-1,-1,-1,-1,-1,-1,-1,-1,false
baseline,seed-3,JPQ,7,,PD_MECH_DEFERRED,-1,-1,-1,-1,-1,-1,-1,-1,-1,false
baseline,seed-3,CONSV,7,,PD_MECH_DEFERRED,-1,-1,-1,-1,-1,-1,-1,-1,-1,false
baseline,seed-3,VAP,7,VAP-F1,PD_MECH_CONSIDERED,1,-1,-1,-1,-1,-1,-1,-1,-1,false
baseline,seed-3,VAP,7,,PD_MECH_FINANCE_BLOCKED,-1,-1,-1,-1,2500000,-1,-1,-1,-1,false
baseline,seed-3,MASS,8,MASS-F1,PD_MECH_CONSIDERED,0.9845360623781677,-1,-1,-1,-1,-1,-1,-1,-1,false
baseline,seed-3,MASS,8,MASS-F1,PD_MECH_PAYBACK_UNATTRACTIVE,-1,5050.67,168.3556666666667,168355.66666666672,2500000,14.84951501483961,0.7916666666666666,1,9.5,false
baseline,seed-3,MASS,8,,PD_MECH_DEFERRED,-1,-1,-1,-1,-1,-1,-1,-1,-1,false
baseline,seed-3,BAL,8,BAL-F1,PD_MECH_CONSIDERED,0.9939817798464415,-1,-1,-1,-1,-1,-1,-1,-1,false
baseline,seed-3,BAL,8,BAL-F1,PD_MECH_PAYBACK_UNATTRACTIVE,-1,6246.43,208.21433333333334,208214.33333333334,2500000,12.00685831747094,1,1,12,false
baseline,seed-3,BAL,8,,PD_MECH_DEFERRED,-1,-1,-1,-1,-1,-1,-1,-1,-1,false
baseline,seed-3,JPQ,8,,PD_MECH_DEFERRED,-1,-1,-1,-1,-1,-1,-1,-1,-1,false
baseline,seed-3,CONSV,8,,PD_MECH_DEFERRED,-1,-1,-1,-1,-1,-1,-1,-1,-1,false
baseline,seed-3,VAP,8,VAP-F1,PD_MECH_CONSIDERED,1,-1,-1,-1,-1,-1,-1,-1,-1,false
baseline,seed-3,VAP,8,VAP-F1,PD_MECH_PROPOSED,-1,5130,171,171000,2500000,14.619883040935672,1.411764705882353,1,16.941176470588236,true
baseline,seed-3,MASS,9,MASS-F1,PD_MECH_CONSIDERED,0.36960233918128654,-1,-1,-1,-1,-1,-1,-1,-1,false
baseline,seed-3,MASS,9,MASS-F1,PD_MECH_LOW_UTILIZATION,0.36960233918128654,-1,-1,-1,-1,-1,-1,-1,-1,false
baseline,seed-3,MASS,9,,PD_MECH_DEFERRED,-1,-1,-1,-1,-1,-1,-1,-1,-1,false
baseline,seed-3,BAL,9,BAL-F1,PD_MECH_CONSIDERED,0.9939817798464415,-1,-1,-1,-1,-1,-1,-1,-1,false
baseline,seed-3,BAL,9,BAL-F1,PD_MECH_PAYBACK_UNATTRACTIVE,-1,6246.43,208.21433333333334,208214.33333333334,2500000,12.00685831747094,1,1,12,false
baseline,seed-3,BAL,9,,PD_MECH_DEFERRED,-1,-1,-1,-1,-1,-1,-1,-1,-1,false
baseline,seed-3,JPQ,9,,PD_MECH_DEFERRED,-1,-1,-1,-1,-1,-1,-1,-1,-1,false
baseline,seed-3,CONSV,9,,PD_MECH_DEFERRED,-1,-1,-1,-1,-1,-1,-1,-1,-1,false
baseline,seed-3,VAP,9,,PD_MECH_DEFERRED,-1,-1,-1,-1,-1,-1,-1,-1,-1,false
baseline,seed-3,MASS,10,MASS-F1,PD_MECH_CONSIDERED,1,-1,-1,-1,-1,-1,-1,-1,-1,false
baseline,seed-3,MASS,10,MASS-F1,PD_MECH_PAYBACK_UNATTRACTIVE,-1,5130,171,171000,2500000,14.619883040935672,0.7916666666666666,1,9.5,false
baseline,seed-3,MASS,10,,PD_MECH_DEFERRED,-1,-1,-1,-1,-1,-1,-1,-1,-1,false
baseline,seed-3,BAL,10,BAL-F1,PD_MECH_CONSIDERED,0.9958069777618649,-1,-1,-1,-1,-1,-1,-1,-1,false
baseline,seed-3,BAL,10,BAL-F1,PD_MECH_PROPOSED,-1,6257.9,208.59666666666658,208596.66666666657,2500000,11.984851148148746,1,1,12,true
baseline,seed-3,JPQ,10,,PD_MECH_DEFERRED,-1,-1,-1,-1,-1,-1,-1,-1,-1,false
baseline,seed-3,CONSV,10,,PD_MECH_DEFERRED,-1,-1,-1,-1,-1,-1,-1,-1,-1,false
baseline,seed-3,VAP,10,,PD_MECH_DEFERRED,-1,-1,-1,-1,-1,-1,-1,-1,-1,false
baseline,seed-3,MASS,11,MASS-F1,PD_MECH_CONSIDERED,1,-1,-1,-1,-1,-1,-1,-1,-1,false
baseline,seed-3,MASS,11,MASS-F1,PD_MECH_PAYBACK_UNATTRACTIVE,-1,5130,171,171000,2500000,14.619883040935672,0.7916666666666666,1,9.5,false
baseline,seed-3,MASS,11,,PD_MECH_DEFERRED,-1,-1,-1,-1,-1,-1,-1,-1,-1,false
baseline,seed-3,BAL,11,,PD_MECH_DEFERRED,-1,-1,-1,-1,-1,-1,-1,-1,-1,false
baseline,seed-3,JPQ,11,,PD_MECH_DEFERRED,-1,-1,-1,-1,-1,-1,-1,-1,-1,false
baseline,seed-3,CONSV,11,,PD_MECH_DEFERRED,-1,-1,-1,-1,-1,-1,-1,-1,-1,false
baseline,seed-3,VAP,11,,PD_MECH_DEFERRED,-1,-1,-1,-1,-1,-1,-1,-1,-1,false
baseline,seed-3,MASS,12,MASS-F1,PD_MECH_CONSIDERED,1,-1,-1,-1,-1,-1,-1,-1,-1,false
baseline,seed-3,MASS,12,MASS-F1,PD_MECH_PAYBACK_UNATTRACTIVE,-1,5130,171,171000,2500000,14.619883040935672,0.7916666666666666,1,9.5,false
baseline,seed-3,MASS,12,,PD_MECH_DEFERRED,-1,-1,-1,-1,-1,-1,-1,-1,-1,false
baseline,seed-3,BAL,12,,PD_MECH_DEFERRED,-1,-1,-1,-1,-1,-1,-1,-1,-1,false
baseline,seed-3,JPQ,12,,PD_MECH_DEFERRED,-1,-1,-1,-1,-1,-1,-1,-1,-1,false
baseline,seed-3,CONSV,12,,PD_MECH_DEFERRED,-1,-1,-1,-1,-1,-1,-1,-1,-1,false
baseline,seed-3,VAP,12,,PD_MECH_DEFERRED,-1,-1,-1,-1,-1,-1,-1,-1,-1,false
baseline,seed-3,MASS,13,MASS-F1,PD_MECH_CONSIDERED,0.9903216374269006,-1,-1,-1,-1,-1,-1,-1,-1,false
baseline,seed-3,MASS,13,MASS-F1,PD_MECH_PAYBACK_UNATTRACTIVE,-1,5080.35,169.34500000000003,169345.00000000003,2500000,14.762762408101802,0.7916666666666666,1,9.5,false
baseline,seed-3,MASS,13,,PD_MECH_DEFERRED,-1,-1,-1,-1,-1,-1,-1,-1,-1,false
baseline,seed-3,BAL,13,,PD_MECH_DEFERRED,-1,-1,-1,-1,-1,-1,-1,-1,-1,false
baseline,seed-3,JPQ,13,,PD_MECH_DEFERRED,-1,-1,-1,-1,-1,-1,-1,-1,-1,false
baseline,seed-3,CONSV,13,,PD_MECH_DEFERRED,-1,-1,-1,-1,-1,-1,-1,-1,-1,false
baseline,seed-3,VAP,13,,PD_MECH_DEFERRED,-1,-1,-1,-1,-1,-1,-1,-1,-1,false
baseline,seed-3,MASS,14,MASS-F1,PD_MECH_CONSIDERED,0.8453411306042886,-1,-1,-1,-1,-1,-1,-1,-1,false
baseline,seed-3,MASS,14,MASS-F1,PD_MECH_PAYBACK_UNATTRACTIVE,-1,4336.6,144.55333333333328,144553.33333333328,2500000,17.294654798690225,0.7916666666666666,1,9.5,false
baseline,seed-3,MASS,14,,PD_MECH_DEFERRED,-1,-1,-1,-1,-1,-1,-1,-1,-1,false
baseline,seed-3,BAL,14,,PD_MECH_DEFERRED,-1,-1,-1,-1,-1,-1,-1,-1,-1,false
baseline,seed-3,JPQ,14,,PD_MECH_DEFERRED,-1,-1,-1,-1,-1,-1,-1,-1,-1,false
baseline,seed-3,CONSV,14,,PD_MECH_DEFERRED,-1,-1,-1,-1,-1,-1,-1,-1,-1,false
baseline,seed-3,VAP,14,,PD_MECH_DEFERRED,-1,-1,-1,-1,-1,-1,-1,-1,-1,false
baseline,seed-3,MASS,15,MASS-F1,PD_MECH_CONSIDERED,0.7973235867446393,-1,-1,-1,-1,-1,-1,-1,-1,false
baseline,seed-3,MASS,15,MASS-F1,PD_MECH_PAYBACK_UNATTRACTIVE,-1,4090.2699999999995,136.34233333333327,136342.33333333328,2500000,18.33619785490934,0.7916666666666666,1,9.5,false
baseline,seed-3,MASS,15,,PD_MECH_DEFERRED,-1,-1,-1,-1,-1,-1,-1,-1,-1,false
baseline,seed-3,BAL,15,,PD_MECH_DEFERRED,-1,-1,-1,-1,-1,-1,-1,-1,-1,false
baseline,seed-3,JPQ,15,,PD_MECH_DEFERRED,-1,-1,-1,-1,-1,-1,-1,-1,-1,false
baseline,seed-3,CONSV,15,,PD_MECH_DEFERRED,-1,-1,-1,-1,-1,-1,-1,-1,-1,false
baseline,seed-3,VAP,15,,PD_MECH_DEFERRED,-1,-1,-1,-1,-1,-1,-1,-1,-1,false
baseline,seed-3,MASS,16,MASS-F1,PD_MECH_CONSIDERED,0.9674327485380118,-1,-1,-1,-1,-1,-1,-1,-1,false
baseline,seed-3,MASS,16,MASS-F1,PD_MECH_PAYBACK_UNATTRACTIVE,-1,4962.93,165.43099999999993,165430.9999999999,2500000,15.112040669523857,0.7916666666666666,1,9.5,false
baseline,seed-3,MASS,16,,PD_MECH_DEFERRED,-1,-1,-1,-1,-1,-1,-1,-1,-1,false
baseline,seed-3,BAL,16,,PD_MECH_DEFERRED,-1,-1,-1,-1,-1,-1,-1,-1,-1,false
baseline,seed-3,JPQ,16,,PD_MECH_DEFERRED,-1,-1,-1,-1,-1,-1,-1,-1,-1,false
baseline,seed-3,CONSV,16,,PD_MECH_DEFERRED,-1,-1,-1,-1,-1,-1,-1,-1,-1,false
baseline,seed-3,VAP,16,,PD_MECH_DEFERRED,-1,-1,-1,-1,-1,-1,-1,-1,-1,false
baseline,seed-3,MASS,17,MASS-F1,PD_MECH_CONSIDERED,0.8935399610136452,-1,-1,-1,-1,-1,-1,-1,-1,false
baseline,seed-3,MASS,17,MASS-F1,PD_MECH_PAYBACK_UNATTRACTIVE,-1,4583.86,152.79533333333336,152795.33333333337,2500000,16.3617562491001,0.7916666666666666,1,9.5,false
baseline,seed-3,MASS,17,,PD_MECH_DEFERRED,-1,-1,-1,-1,-1,-1,-1,-1,-1,false
baseline,seed-3,BAL,17,,PD_MECH_DEFERRED,-1,-1,-1,-1,-1,-1,-1,-1,-1,false
baseline,seed-3,JPQ,17,,PD_MECH_DEFERRED,-1,-1,-1,-1,-1,-1,-1,-1,-1,false
baseline,seed-3,CONSV,17,,PD_MECH_DEFERRED,-1,-1,-1,-1,-1,-1,-1,-1,-1,false
baseline,seed-3,VAP,17,,PD_MECH_DEFERRED,-1,-1,-1,-1,-1,-1,-1,-1,-1,false
baseline,seed-3,MASS,18,MASS-F1,PD_MECH_CONSIDERED,0.8856744639376218,-1,-1,-1,-1,-1,-1,-1,-1,false
baseline,seed-3,MASS,18,MASS-F1,PD_MECH_PAYBACK_UNATTRACTIVE,-1,4543.51,151.45033333333333,151450.33333333334,2500000,16.507061721004245,0.7916666666666666,1,9.5,false
baseline,seed-3,MASS,18,,PD_MECH_DEFERRED,-1,-1,-1,-1,-1,-1,-1,-1,-1,false
baseline,seed-3,BAL,18,,PD_MECH_DEFERRED,-1,-1,-1,-1,-1,-1,-1,-1,-1,false
baseline,seed-3,JPQ,18,,PD_MECH_DEFERRED,-1,-1,-1,-1,-1,-1,-1,-1,-1,false
baseline,seed-3,CONSV,18,,PD_MECH_DEFERRED,-1,-1,-1,-1,-1,-1,-1,-1,-1,false
baseline,seed-3,VAP,18,,PD_MECH_DEFERRED,-1,-1,-1,-1,-1,-1,-1,-1,-1,false
baseline,seed-3,MASS,19,MASS-F1,PD_MECH_CONSIDERED,1,-1,-1,-1,-1,-1,-1,-1,-1,false
baseline,seed-3,MASS,19,MASS-F1,PD_MECH_PAYBACK_UNATTRACTIVE,-1,5130,171,171000,2500000,14.619883040935672,0.7916666666666666,1,9.5,false
baseline,seed-3,MASS,19,,PD_MECH_DEFERRED,-1,-1,-1,-1,-1,-1,-1,-1,-1,false
baseline,seed-3,BAL,19,,PD_MECH_DEFERRED,-1,-1,-1,-1,-1,-1,-1,-1,-1,false
baseline,seed-3,JPQ,19,,PD_MECH_DEFERRED,-1,-1,-1,-1,-1,-1,-1,-1,-1,false
baseline,seed-3,CONSV,19,,PD_MECH_DEFERRED,-1,-1,-1,-1,-1,-1,-1,-1,-1,false
baseline,seed-3,VAP,19,,PD_MECH_DEFERRED,-1,-1,-1,-1,-1,-1,-1,-1,-1,false
baseline,seed-3,MASS,20,MASS-F1,PD_MECH_CONSIDERED,1,-1,-1,-1,-1,-1,-1,-1,-1,false
baseline,seed-3,MASS,20,MASS-F1,PD_MECH_PAYBACK_UNATTRACTIVE,-1,5130,171,171000,2500000,14.619883040935672,0.7916666666666666,1,9.5,false
baseline,seed-3,MASS,20,,PD_MECH_DEFERRED,-1,-1,-1,-1,-1,-1,-1,-1,-1,false
baseline,seed-3,BAL,20,,PD_MECH_DEFERRED,-1,-1,-1,-1,-1,-1,-1,-1,-1,false
baseline,seed-3,JPQ,20,,PD_MECH_DEFERRED,-1,-1,-1,-1,-1,-1,-1,-1,-1,false
baseline,seed-3,CONSV,20,,PD_MECH_DEFERRED,-1,-1,-1,-1,-1,-1,-1,-1,-1,false
baseline,seed-3,VAP,20,,PD_MECH_DEFERRED,-1,-1,-1,-1,-1,-1,-1,-1,-1,false
baseline,seed-3,MASS,21,MASS-F1,PD_MECH_CONSIDERED,1,-1,-1,-1,-1,-1,-1,-1,-1,false
baseline,seed-3,MASS,21,MASS-F1,PD_MECH_PAYBACK_UNATTRACTIVE,-1,5130,171,171000,2500000,14.619883040935672,0.7916666666666666,1,9.5,false
baseline,seed-3,MASS,21,,PD_MECH_DEFERRED,-1,-1,-1,-1,-1,-1,-1,-1,-1,false
baseline,seed-3,BAL,21,,PD_MECH_DEFERRED,-1,-1,-1,-1,-1,-1,-1,-1,-1,false
baseline,seed-3,JPQ,21,,PD_MECH_DEFERRED,-1,-1,-1,-1,-1,-1,-1,-1,-1,false
baseline,seed-3,CONSV,21,,PD_MECH_DEFERRED,-1,-1,-1,-1,-1,-1,-1,-1,-1,false
baseline,seed-3,VAP,21,,PD_MECH_DEFERRED,-1,-1,-1,-1,-1,-1,-1,-1,-1,false
baseline,seed-3,MASS,22,MASS-F1,PD_MECH_CONSIDERED,0.9148206627680311,-1,-1,-1,-1,-1,-1,-1,-1,false
baseline,seed-3,MASS,22,MASS-F1,PD_MECH_PAYBACK_UNATTRACTIVE,-1,4693.03,156.43433333333337,156434.33333333337,2500000,15.98114650875873,0.7916666666666666,1,9.5,false
baseline,seed-3,MASS,22,,PD_MECH_DEFERRED,-1,-1,-1,-1,-1,-1,-1,-1,-1,false
baseline,seed-3,BAL,22,,PD_MECH_DEFERRED,-1,-1,-1,-1,-1,-1,-1,-1,-1,false
baseline,seed-3,JPQ,22,,PD_MECH_DEFERRED,-1,-1,-1,-1,-1,-1,-1,-1,-1,false
baseline,seed-3,CONSV,22,,PD_MECH_DEFERRED,-1,-1,-1,-1,-1,-1,-1,-1,-1,false
baseline,seed-3,VAP,22,,PD_MECH_DEFERRED,-1,-1,-1,-1,-1,-1,-1,-1,-1,false
baseline,seed-3,MASS,23,MASS-F1,PD_MECH_CONSIDERED,1,-1,-1,-1,-1,-1,-1,-1,-1,false
baseline,seed-3,MASS,23,MASS-F1,PD_MECH_PAYBACK_UNATTRACTIVE,-1,5429.25,180.9749999999999,180974.9999999999,2500000,13.814062715844736,0.7916666666666666,1,9.5,false
baseline,seed-3,MASS,23,MASS-NEWF-MASS-CAPEX-3,PD_MECH_CONSIDERED,0,-1,-1,-1,-1,-1,-1,-1,-1,false
baseline,seed-3,MASS,23,MASS-NEWF-MASS-CAPEX-3,PD_MECH_LOW_UTILIZATION,0,-1,-1,-1,-1,-1,-1,-1,-1,false
baseline,seed-3,MASS,23,,PD_MECH_DEFERRED,-1,-1,-1,-1,-1,-1,-1,-1,-1,false
baseline,seed-3,BAL,23,,PD_MECH_DEFERRED,-1,-1,-1,-1,-1,-1,-1,-1,-1,false
baseline,seed-3,JPQ,23,,PD_MECH_DEFERRED,-1,-1,-1,-1,-1,-1,-1,-1,-1,false
baseline,seed-3,CONSV,23,,PD_MECH_DEFERRED,-1,-1,-1,-1,-1,-1,-1,-1,-1,false
baseline,seed-3,VAP,23,,PD_MECH_DEFERRED,-1,-1,-1,-1,-1,-1,-1,-1,-1,false
baseline,seed-3,MASS,24,MASS-F1,PD_MECH_CONSIDERED,0.7512345167380393,-1,-1,-1,-1,-1,-1,-1,-1,false
baseline,seed-3,MASS,24,MASS-F1,PD_MECH_PAYBACK_UNATTRACTIVE,-1,4078.64,135.95466666666664,135954.66666666663,2500000,18.388482435321585,0.7916666666666666,1,9.5,false
baseline,seed-3,MASS,24,MASS-NEWF-MASS-CAPEX-3,PD_MECH_CONSIDERED,0.28942982456140354,-1,-1,-1,-1,-1,-1,-1,-1,false
baseline,seed-3,MASS,24,MASS-NEWF-MASS-CAPEX-3,PD_MECH_LOW_UTILIZATION,0.28942982456140354,-1,-1,-1,-1,-1,-1,-1,-1,false
baseline,seed-3,MASS,24,,PD_MECH_DEFERRED,-1,-1,-1,-1,-1,-1,-1,-1,-1,false
baseline,seed-3,BAL,24,,PD_MECH_DEFERRED,-1,-1,-1,-1,-1,-1,-1,-1,-1,false
baseline,seed-3,JPQ,24,,PD_MECH_DEFERRED,-1,-1,-1,-1,-1,-1,-1,-1,-1,false
baseline,seed-3,CONSV,24,,PD_MECH_DEFERRED,-1,-1,-1,-1,-1,-1,-1,-1,-1,false
baseline,seed-3,VAP,24,,PD_MECH_DEFERRED,-1,-1,-1,-1,-1,-1,-1,-1,-1,false
baseline,seed-3,MASS,25,MASS-F1,PD_MECH_CONSIDERED,0.7455412810240826,-1,-1,-1,-1,-1,-1,-1,-1,false
baseline,seed-3,MASS,25,MASS-F1,PD_MECH_PAYBACK_UNATTRACTIVE,-1,4047.7300000000005,134.92433333333327,134924.33333333326,2500000,18.528903854753167,0.7916666666666666,1,9.5,false
baseline,seed-3,MASS,25,MASS-NEWF-MASS-CAPEX-3,PD_MECH_CONSIDERED,0.42846783625730994,-1,-1,-1,-1,-1,-1,-1,-1,false
baseline,seed-3,MASS,25,MASS-NEWF-MASS-CAPEX-3,PD_MECH_LOW_UTILIZATION,0.42846783625730994,-1,-1,-1,-1,-1,-1,-1,-1,false
baseline,seed-3,MASS,25,,PD_MECH_DEFERRED,-1,-1,-1,-1,-1,-1,-1,-1,-1,false
baseline,seed-3,BAL,25,,PD_MECH_DEFERRED,-1,-1,-1,-1,-1,-1,-1,-1,-1,false
baseline,seed-3,JPQ,25,,PD_MECH_DEFERRED,-1,-1,-1,-1,-1,-1,-1,-1,-1,false
baseline,seed-3,CONSV,25,,PD_MECH_DEFERRED,-1,-1,-1,-1,-1,-1,-1,-1,-1,false
baseline,seed-3,VAP,25,,PD_MECH_DEFERRED,-1,-1,-1,-1,-1,-1,-1,-1,-1,false
baseline,seed-3,MASS,26,MASS-F1,PD_MECH_CONSIDERED,0.7806068978219827,-1,-1,-1,-1,-1,-1,-1,-1,false
baseline,seed-3,MASS,26,MASS-F1,PD_MECH_PAYBACK_UNATTRACTIVE,-1,4238.11,141.27033333333338,141270.33333333337,2500000,17.69656757375339,0.7916666666666666,1,9.5,false
baseline,seed-3,MASS,26,MASS-NEWF-MASS-CAPEX-3,PD_MECH_CONSIDERED,0,-1,-1,-1,-1,-1,-1,-1,-1,false
baseline,seed-3,MASS,26,MASS-NEWF-MASS-CAPEX-3,PD_MECH_LOW_UTILIZATION,0,-1,-1,-1,-1,-1,-1,-1,-1,false
baseline,seed-3,MASS,26,,PD_MECH_DEFERRED,-1,-1,-1,-1,-1,-1,-1,-1,-1,false
baseline,seed-3,BAL,26,,PD_MECH_DEFERRED,-1,-1,-1,-1,-1,-1,-1,-1,-1,false
baseline,seed-3,JPQ,26,,PD_MECH_DEFERRED,-1,-1,-1,-1,-1,-1,-1,-1,-1,false
baseline,seed-3,CONSV,26,,PD_MECH_DEFERRED,-1,-1,-1,-1,-1,-1,-1,-1,-1,false
baseline,seed-3,VAP,26,,PD_MECH_DEFERRED,-1,-1,-1,-1,-1,-1,-1,-1,-1,false
baseline,seed-3,MASS,27,MASS-F1,PD_MECH_CONSIDERED,1,-1,-1,-1,-1,-1,-1,-1,-1,false
baseline,seed-3,MASS,27,MASS-F1,PD_MECH_PAYBACK_UNATTRACTIVE,-1,5429.25,180.9749999999999,180974.9999999999,2500000,13.814062715844736,0.7916666666666666,1,9.5,false
baseline,seed-3,MASS,27,MASS-NEWF-MASS-CAPEX-3,PD_MECH_CONSIDERED,1,-1,-1,-1,-1,-1,-1,-1,-1,false
baseline,seed-3,MASS,27,MASS-NEWF-MASS-CAPEX-3,PD_MECH_PAYBACK_UNATTRACTIVE,-1,6840,228,228000,2500000,10.964912280701755,0.7916666666666666,1,9.5,false
baseline,seed-3,MASS,27,,PD_MECH_DEFERRED,-1,-1,-1,-1,-1,-1,-1,-1,-1,false
baseline,seed-3,BAL,27,,PD_MECH_DEFERRED,-1,-1,-1,-1,-1,-1,-1,-1,-1,false
baseline,seed-3,JPQ,27,,PD_MECH_DEFERRED,-1,-1,-1,-1,-1,-1,-1,-1,-1,false
baseline,seed-3,CONSV,27,,PD_MECH_DEFERRED,-1,-1,-1,-1,-1,-1,-1,-1,-1,false
baseline,seed-3,VAP,27,,PD_MECH_DEFERRED,-1,-1,-1,-1,-1,-1,-1,-1,-1,false
baseline,seed-3,MASS,28,MASS-F1,PD_MECH_CONSIDERED,0.9375806971496984,-1,-1,-1,-1,-1,-1,-1,-1,false
baseline,seed-3,MASS,28,MASS-F1,PD_MECH_PAYBACK_UNATTRACTIVE,-1,5090.36,169.67866666666657,169678.66666666657,2500000,14.733731995379511,0.7916666666666666,1,9.5,false
baseline,seed-3,MASS,28,MASS-NEWF-MASS-CAPEX-3,PD_MECH_CONSIDERED,0.7456374269005848,-1,-1,-1,-1,-1,-1,-1,-1,false
baseline,seed-3,MASS,28,MASS-NEWF-MASS-CAPEX-3,PD_MECH_PAYBACK_UNATTRACTIVE,-1,5100.16,170.00533333333328,170005.33333333328,2500000,14.705421006399803,0.7916666666666666,1,9.5,false
baseline,seed-3,MASS,28,,PD_MECH_DEFERRED,-1,-1,-1,-1,-1,-1,-1,-1,-1,false
baseline,seed-3,BAL,28,BAL-NEWF-BAL-CAPEX-11,PD_MECH_CONSIDERED,0,-1,-1,-1,-1,-1,-1,-1,-1,false
baseline,seed-3,BAL,28,BAL-NEWF-BAL-CAPEX-11,PD_MECH_LOW_UTILIZATION,0,-1,-1,-1,-1,-1,-1,-1,-1,false
baseline,seed-3,BAL,28,,PD_MECH_DEFERRED,-1,-1,-1,-1,-1,-1,-1,-1,-1,false
baseline,seed-3,JPQ,28,,PD_MECH_DEFERRED,-1,-1,-1,-1,-1,-1,-1,-1,-1,false
baseline,seed-3,CONSV,28,,PD_MECH_DEFERRED,-1,-1,-1,-1,-1,-1,-1,-1,-1,false
baseline,seed-3,VAP,28,,PD_MECH_DEFERRED,-1,-1,-1,-1,-1,-1,-1,-1,-1,false
baseline,seed-3,MASS,29,MASS-F1,PD_MECH_CONSIDERED,0.8247713772620529,-1,-1,-1,-1,-1,-1,-1,-1,false
baseline,seed-3,MASS,29,MASS-F1,PD_MECH_PAYBACK_UNATTRACTIVE,-1,4477.89,149.26300000000003,149263.00000000003,2500000,16.748959889590854,0.7916666666666666,1,9.5,false
baseline,seed-3,MASS,29,MASS-NEWF-MASS-CAPEX-3,PD_MECH_CONSIDERED,0.43662573099415203,-1,-1,-1,-1,-1,-1,-1,-1,false
baseline,seed-3,MASS,29,MASS-NEWF-MASS-CAPEX-3,PD_MECH_LOW_UTILIZATION,0.43662573099415203,-1,-1,-1,-1,-1,-1,-1,-1,false
baseline,seed-3,MASS,29,,PD_MECH_DEFERRED,-1,-1,-1,-1,-1,-1,-1,-1,-1,false
baseline,seed-3,BAL,29,BAL-NEWF-BAL-CAPEX-11,PD_MECH_CONSIDERED,0.5598216374269006,-1,-1,-1,-1,-1,-1,-1,-1,false
baseline,seed-3,BAL,29,BAL-NEWF-BAL-CAPEX-11,PD_MECH_PAYBACK_UNATTRACTIVE,-1,2871.885,95.72950000000003,95729.50000000003,2500000,26.11525182937338,1,1,12,false
baseline,seed-3,BAL,29,,PD_MECH_DEFERRED,-1,-1,-1,-1,-1,-1,-1,-1,-1,false
baseline,seed-3,JPQ,29,,PD_MECH_DEFERRED,-1,-1,-1,-1,-1,-1,-1,-1,-1,false
baseline,seed-3,CONSV,29,,PD_MECH_DEFERRED,-1,-1,-1,-1,-1,-1,-1,-1,-1,false
baseline,seed-3,VAP,29,,PD_MECH_DEFERRED,-1,-1,-1,-1,-1,-1,-1,-1,-1,false
baseline,seed-3,MASS,30,MASS-F1,PD_MECH_CONSIDERED,0.8029930469217663,-1,-1,-1,-1,-1,-1,-1,-1,false
baseline,seed-3,MASS,30,MASS-F1,PD_MECH_PAYBACK_UNATTRACTIVE,-1,4359.65,145.32166666666672,145321.66666666672,2500000,17.203215854483727,0.7916666666666666,1,9.5,false
baseline,seed-3,MASS,30,MASS-NEWF-MASS-CAPEX-3,PD_MECH_CONSIDERED,0.1468888888888889,-1,-1,-1,-1,-1,-1,-1,-1,false
baseline,seed-3,MASS,30,MASS-NEWF-MASS-CAPEX-3,PD_MECH_LOW_UTILIZATION,0.1468888888888889,-1,-1,-1,-1,-1,-1,-1,-1,false
baseline,seed-3,MASS,30,,PD_MECH_DEFERRED,-1,-1,-1,-1,-1,-1,-1,-1,-1,false
baseline,seed-3,BAL,30,BAL-NEWF-BAL-CAPEX-11,PD_MECH_CONSIDERED,0.6445886939571149,-1,-1,-1,-1,-1,-1,-1,-1,false
baseline,seed-3,BAL,30,BAL-NEWF-BAL-CAPEX-11,PD_MECH_PAYBACK_UNATTRACTIVE,-1,4408.986666666666,146.9662222222222,146966.2222222222,2500000,17.01071145599594,1,1,12,false
baseline,seed-3,BAL,30,,PD_MECH_DEFERRED,-1,-1,-1,-1,-1,-1,-1,-1,-1,false
baseline,seed-3,JPQ,30,,PD_MECH_DEFERRED,-1,-1,-1,-1,-1,-1,-1,-1,-1,false
baseline,seed-3,CONSV,30,,PD_MECH_DEFERRED,-1,-1,-1,-1,-1,-1,-1,-1,-1,false
baseline,seed-3,VAP,30,,PD_MECH_DEFERRED,-1,-1,-1,-1,-1,-1,-1,-1,-1,false
baseline,seed-3,MASS,31,MASS-F1,PD_MECH_CONSIDERED,0.9668499332320303,-1,-1,-1,-1,-1,-1,-1,-1,false
baseline,seed-3,MASS,31,MASS-F1,PD_MECH_PAYBACK_UNATTRACTIVE,-1,5249.27,174.9756666666666,174975.6666666666,2500000,14.287700956513959,0.7916666666666666,1,9.5,false
baseline,seed-3,MASS,31,MASS-NEWF-MASS-CAPEX-3,PD_MECH_CONSIDERED,0.9404152046783625,-1,-1,-1,-1,-1,-1,-1,-1,false
baseline,seed-3,MASS,31,MASS-NEWF-MASS-CAPEX-3,PD_MECH_PAYBACK_UNATTRACTIVE,-1,6432.44,214.41466666666656,214414.66666666657,2500000,11.659650148310755,0.7916666666666666,1,9.5,false
baseline,seed-3,MASS,31,MASS-NEWF-MASS-CAPEX-5,PD_MECH_CONSIDERED,0,-1,-1,-1,-1,-1,-1,-1,-1,false
baseline,seed-3,MASS,31,MASS-NEWF-MASS-CAPEX-5,PD_MECH_LOW_UTILIZATION,0,-1,-1,-1,-1,-1,-1,-1,-1,false
baseline,seed-3,MASS,31,,PD_MECH_DEFERRED,-1,-1,-1,-1,-1,-1,-1,-1,-1,false
baseline,seed-3,BAL,31,BAL-NEWF-BAL-CAPEX-11,PD_MECH_CONSIDERED,0.6854400584795322,-1,-1,-1,-1,-1,-1,-1,-1,false
baseline,seed-3,BAL,31,BAL-NEWF-BAL-CAPEX-11,PD_MECH_PAYBACK_UNATTRACTIVE,-1,4688.41,156.28033333333337,156280.33333333337,2500000,15.99689446955364,1,1,12,false
baseline,seed-3,BAL,31,,PD_MECH_DEFERRED,-1,-1,-1,-1,-1,-1,-1,-1,-1,false
baseline,seed-3,JPQ,31,,PD_MECH_DEFERRED,-1,-1,-1,-1,-1,-1,-1,-1,-1,false
baseline,seed-3,CONSV,31,,PD_MECH_DEFERRED,-1,-1,-1,-1,-1,-1,-1,-1,-1,false
baseline,seed-3,VAP,31,,PD_MECH_DEFERRED,-1,-1,-1,-1,-1,-1,-1,-1,-1,false
baseline,seed-3,MASS,32,MASS-F1,PD_MECH_CONSIDERED,0.762328130036377,-1,-1,-1,-1,-1,-1,-1,-1,false
baseline,seed-3,MASS,32,MASS-F1,PD_MECH_PAYBACK_UNATTRACTIVE,-1,4138.87,137.9623333333334,137962.3333333334,2500000,18.12088806848245,0.7916666666666666,1,9.5,false
baseline,seed-3,MASS,32,MASS-NEWF-MASS-CAPEX-3,PD_MECH_CONSIDERED,0,-1,-1,-1,-1,-1,-1,-1,-1,false
baseline,seed-3,MASS,32,MASS-NEWF-MASS-CAPEX-3,PD_MECH_LOW_UTILIZATION,0,-1,-1,-1,-1,-1,-1,-1,-1,false
baseline,seed-3,MASS,32,MASS-NEWF-MASS-CAPEX-5,PD_MECH_CONSIDERED,0,-1,-1,-1,-1,-1,-1,-1,-1,false
baseline,seed-3,MASS,32,MASS-NEWF-MASS-CAPEX-5,PD_MECH_LOW_UTILIZATION,0,-1,-1,-1,-1,-1,-1,-1,-1,false
baseline,seed-3,MASS,32,,PD_MECH_DEFERRED,-1,-1,-1,-1,-1,-1,-1,-1,-1,false
baseline,seed-3,BAL,32,BAL-NEWF-BAL-CAPEX-11,PD_MECH_CONSIDERED,0.7209444444444445,-1,-1,-1,-1,-1,-1,-1,-1,false
baseline,seed-3,BAL,32,BAL-NEWF-BAL-CAPEX-11,PD_MECH_PAYBACK_UNATTRACTIVE,-1,4931.26,164.3753333333334,164375.3333333334,2500000,15.20909463301468,1,1,12,false
baseline,seed-3,BAL,32,,PD_MECH_DEFERRED,-1,-1,-1,-1,-1,-1,-1,-1,-1,false
baseline,seed-3,JPQ,32,JPQ-NEWF-JPQ-CAPEX-10,PD_MECH_CONSIDERED,0,-1,-1,-1,-1,-1,-1,-1,-1,false
baseline,seed-3,JPQ,32,JPQ-NEWF-JPQ-CAPEX-10,PD_MECH_LOW_UTILIZATION,0,-1,-1,-1,-1,-1,-1,-1,-1,false
baseline,seed-3,JPQ,32,,PD_MECH_DEFERRED,-1,-1,-1,-1,-1,-1,-1,-1,-1,false
baseline,seed-3,CONSV,32,,PD_MECH_DEFERRED,-1,-1,-1,-1,-1,-1,-1,-1,-1,false
baseline,seed-3,VAP,32,,PD_MECH_DEFERRED,-1,-1,-1,-1,-1,-1,-1,-1,-1,false
baseline,seed-4,MASS,1,MASS-F1,PD_MECH_CONSIDERED,0,-1,-1,-1,-1,-1,-1,-1,-1,false
baseline,seed-4,MASS,1,MASS-F1,PD_MECH_LOW_UTILIZATION,0,-1,-1,-1,-1,-1,-1,-1,-1,false
baseline,seed-4,MASS,1,,PD_MECH_DEFERRED,-1,-1,-1,-1,-1,-1,-1,-1,-1,false
baseline,seed-4,BAL,1,BAL-F1,PD_MECH_CONSIDERED,0,-1,-1,-1,-1,-1,-1,-1,-1,false
baseline,seed-4,BAL,1,BAL-F1,PD_MECH_LOW_UTILIZATION,0,-1,-1,-1,-1,-1,-1,-1,-1,false
baseline,seed-4,BAL,1,,PD_MECH_DEFERRED,-1,-1,-1,-1,-1,-1,-1,-1,-1,false
baseline,seed-4,JPQ,1,JPQ-F1,PD_MECH_CONSIDERED,0,-1,-1,-1,-1,-1,-1,-1,-1,false
baseline,seed-4,JPQ,1,JPQ-F1,PD_MECH_LOW_UTILIZATION,0,-1,-1,-1,-1,-1,-1,-1,-1,false
baseline,seed-4,JPQ,1,,PD_MECH_DEFERRED,-1,-1,-1,-1,-1,-1,-1,-1,-1,false
baseline,seed-4,CONSV,1,CONSV-F1,PD_MECH_CONSIDERED,0,-1,-1,-1,-1,-1,-1,-1,-1,false
baseline,seed-4,CONSV,1,CONSV-F1,PD_MECH_LOW_UTILIZATION,0,-1,-1,-1,-1,-1,-1,-1,-1,false
baseline,seed-4,CONSV,1,,PD_MECH_DEFERRED,-1,-1,-1,-1,-1,-1,-1,-1,-1,false
baseline,seed-4,VAP,1,VAP-F1,PD_MECH_CONSIDERED,0,-1,-1,-1,-1,-1,-1,-1,-1,false
baseline,seed-4,VAP,1,VAP-F1,PD_MECH_LOW_UTILIZATION,0,-1,-1,-1,-1,-1,-1,-1,-1,false
baseline,seed-4,VAP,1,,PD_MECH_DEFERRED,-1,-1,-1,-1,-1,-1,-1,-1,-1,false
baseline,seed-4,MASS,2,MASS-F1,PD_MECH_CONSIDERED,0.7883040935672515,-1,-1,-1,-1,-1,-1,-1,-1,false
baseline,seed-4,MASS,2,MASS-F1,PD_MECH_PAYBACK_UNATTRACTIVE,-1,4044.0000000000005,134.79999999999995,134799.99999999994,2500000,18.545994065281906,0.7916666666666666,1,9.5,false
baseline,seed-4,MASS,2,,PD_MECH_DEFERRED,-1,-1,-1,-1,-1,-1,-1,-1,-1,false
baseline,seed-4,BAL,2,BAL-F1,PD_MECH_CONSIDERED,0.9271929824561403,-1,-1,-1,-1,-1,-1,-1,-1,false
baseline,seed-4,BAL,2,BAL-F1,PD_MECH_PAYBACK_UNATTRACTIVE,-1,5549.25,184.9749999999999,184974.9999999999,2500000,13.515339910798764,1,1,12,false
baseline,seed-4,BAL,2,,PD_MECH_DEFERRED,-1,-1,-1,-1,-1,-1,-1,-1,-1,false
baseline,seed-4,JPQ,2,JPQ-F1,PD_MECH_CONSIDERED,1,-1,-1,-1,-1,-1,-1,-1,-1,false
baseline,seed-4,JPQ,2,,PD_MECH_FINANCE_BLOCKED,-1,-1,-1,-1,2500000,-1,-1,-1,-1,false
baseline,seed-4,CONSV,2,CONSV-F1,PD_MECH_CONSIDERED,1,-1,-1,-1,-1,-1,-1,-1,-1,false
baseline,seed-4,CONSV,2,,PD_MECH_FINANCE_BLOCKED,-1,-1,-1,-1,2500000,-1,-1,-1,-1,false
baseline,seed-4,VAP,2,VAP-F1,PD_MECH_CONSIDERED,1,-1,-1,-1,-1,-1,-1,-1,-1,false
baseline,seed-4,VAP,2,,PD_MECH_FINANCE_BLOCKED,-1,-1,-1,-1,2500000,-1,-1,-1,-1,false
baseline,seed-4,MASS,3,MASS-F1,PD_MECH_CONSIDERED,0.6222183235867447,-1,-1,-1,-1,-1,-1,-1,-1,false
baseline,seed-4,MASS,3,MASS-F1,PD_MECH_PAYBACK_UNATTRACTIVE,-1,3191.98,106.39933333333329,106399.33333333328,2500000,23.496387821978846,0.7916666666666666,1,9.5,false
baseline,seed-4,MASS,3,,PD_MECH_DEFERRED,-1,-1,-1,-1,-1,-1,-1,-1,-1,false
baseline,seed-4,BAL,3,BAL-F1,PD_MECH_CONSIDERED,1,-1,-1,-1,-1,-1,-1,-1,-1,false
baseline,seed-4,BAL,3,BAL-F1,PD_MECH_PAYBACK_UNATTRACTIVE,-1,5985,199.5,199500,2500000,12.531328320802006,1,1,12,false
baseline,seed-4,BAL,3,,PD_MECH_DEFERRED,-1,-1,-1,-1,-1,-1,-1,-1,-1,false
baseline,seed-4,JPQ,3,JPQ-F1,PD_MECH_CONSIDERED,0.8874108187134503,-1,-1,-1,-1,-1,-1,-1,-1,false
baseline,seed-4,JPQ,3,JPQ-F1,PD_MECH_PROPOSED,-1,6069.89,202.32966666666664,202329.66666666663,2500000,12.356072350569782,1.1176470588235294,1,13.411764705882353,true
baseline,seed-4,CONSV,3,CONSV-F1,PD_MECH_CONSIDERED,0.8540601503759399,-1,-1,-1,-1,-1,-1,-1,-1,false
baseline,seed-4,CONSV,3,CONSV-F1,PD_MECH_PAYBACK_UNATTRACTIVE,-1,5111.55,170.385,170385,2500000,14.672653109135194,1.2105263157894737,1.05,13.834586466165414,false
baseline,seed-4,CONSV,3,,PD_MECH_DEFERRED,-1,-1,-1,-1,-1,-1,-1,-1,-1,false
baseline,seed-4,VAP,3,VAP-F1,PD_MECH_CONSIDERED,0.9596881091617934,-1,-1,-1,-1,-1,-1,-1,-1,false
baseline,seed-4,VAP,3,,PD_MECH_FINANCE_BLOCKED,-1,-1,-1,-1,2500000,-1,-1,-1,-1,false
baseline,seed-4,MASS,4,MASS-F1,PD_MECH_CONSIDERED,1,-1,-1,-1,-1,-1,-1,-1,-1,false
baseline,seed-4,MASS,4,MASS-F1,PD_MECH_PAYBACK_UNATTRACTIVE,-1,5130,171,171000,2500000,14.619883040935672,0.7916666666666666,1,9.5,false
baseline,seed-4,MASS,4,,PD_MECH_DEFERRED,-1,-1,-1,-1,-1,-1,-1,-1,-1,false
baseline,seed-4,BAL,4,BAL-F1,PD_MECH_CONSIDERED,1,-1,-1,-1,-1,-1,-1,-1,-1,false
baseline,seed-4,BAL,4,BAL-F1,PD_MECH_PAYBACK_UNATTRACTIVE,-1,5985,199.5,199500,2500000,12.531328320802006,1,1,12,false
baseline,seed-4,BAL,4,,PD_MECH_DEFERRED,-1,-1,-1,-1,-1,-1,-1,-1,-1,false
baseline,seed-4,JPQ,4,,PD_MECH_DEFERRED,-1,-1,-1,-1,-1,-1,-1,-1,-1,false
baseline,seed-4,CONSV,4,CONSV-F1,PD_MECH_CONSIDERED,0.9301487050960735,-1,-1,-1,-1,-1,-1,-1,-1,false
baseline,seed-4,CONSV,4,CONSV-F1,PD_MECH_PROPOSED,-1,5566.94,185.56466666666665,185564.66666666666,2500000,13.472392373548125,1.2105263157894737,1.05,13.834586466165414,true
baseline,seed-4,VAP,4,VAP-F1,PD_MECH_CONSIDERED,0.9066140350877193,-1,-1,-1,-1,-1,-1,-1,-1,false
baseline,seed-4,VAP,4,,PD_MECH_FINANCE_BLOCKED,-1,-1,-1,-1,2500000,-1,-1,-1,-1,false
baseline,seed-4,MASS,5,MASS-F1,PD_MECH_CONSIDERED,0.5742163742690058,-1,-1,-1,-1,-1,-1,-1,-1,false
baseline,seed-4,MASS,5,MASS-F1,PD_MECH_PAYBACK_UNATTRACTIVE,-1,2945.73,98.19099999999997,98190.99999999997,2500000,25.46058192706053,0.7916666666666666,1,9.5,false
baseline,seed-4,MASS,5,,PD_MECH_DEFERRED,-1,-1,-1,-1,-1,-1,-1,-1,-1,false
baseline,seed-4,BAL,5,BAL-F1,PD_MECH_CONSIDERED,1,-1,-1,-1,-1,-1,-1,-1,-1,false
baseline,seed-4,BAL,5,BAL-F1,PD_MECH_PAYBACK_UNATTRACTIVE,-1,5985,199.5,199500,2500000,12.531328320802006,1,1,12,false
baseline,seed-4,BAL,5,,PD_MECH_DEFERRED,-1,-1,-1,-1,-1,-1,-1,-1,-1,false
baseline,seed-4,JPQ,5,,PD_MECH_DEFERRED,-1,-1,-1,-1,-1,-1,-1,-1,-1,false
baseline,seed-4,CONSV,5,CONSV-F1,PD_MECH_CONSIDERED,1,-1,-1,-1,-1,-1,-1,-1,-1,false
baseline,seed-4,CONSV,5,CONSV-F1,PD_MECH_PROPOSED,-1,5985,199.5,199500,2500000,12.531328320802006,1.2105263157894737,1.05,13.834586466165414,true
baseline,seed-4,VAP,5,VAP-F1,PD_MECH_CONSIDERED,1,-1,-1,-1,-1,-1,-1,-1,-1,false
baseline,seed-4,VAP,5,,PD_MECH_FINANCE_BLOCKED,-1,-1,-1,-1,2500000,-1,-1,-1,-1,false
baseline,seed-4,MASS,6,MASS-F1,PD_MECH_CONSIDERED,1,-1,-1,-1,-1,-1,-1,-1,-1,false
baseline,seed-4,MASS,6,MASS-F1,PD_MECH_PAYBACK_UNATTRACTIVE,-1,5130,171,171000,2500000,14.619883040935672,0.7916666666666666,1,9.5,false
baseline,seed-4,MASS,6,,PD_MECH_DEFERRED,-1,-1,-1,-1,-1,-1,-1,-1,-1,false
baseline,seed-4,BAL,6,BAL-F1,PD_MECH_CONSIDERED,0.9012631578947369,-1,-1,-1,-1,-1,-1,-1,-1,false
baseline,seed-4,BAL,6,BAL-F1,PD_MECH_PAYBACK_UNATTRACTIVE,-1,5663.763,188.7921,188792.1,2500000,13.242079514979705,1,1,12,false
baseline,seed-4,BAL,6,,PD_MECH_DEFERRED,-1,-1,-1,-1,-1,-1,-1,-1,-1,false
baseline,seed-4,JPQ,6,,PD_MECH_DEFERRED,-1,-1,-1,-1,-1,-1,-1,-1,-1,false
baseline,seed-4,CONSV,6,,PD_MECH_DEFERRED,-1,-1,-1,-1,-1,-1,-1,-1,-1,false
baseline,seed-4,VAP,6,VAP-F1,PD_MECH_CONSIDERED,1,-1,-1,-1,-1,-1,-1,-1,-1,false
baseline,seed-4,VAP,6,,PD_MECH_FINANCE_BLOCKED,-1,-1,-1,-1,2500000,-1,-1,-1,-1,false
baseline,seed-4,MASS,7,MASS-F1,PD_MECH_CONSIDERED,0.5914873294346978,-1,-1,-1,-1,-1,-1,-1,-1,false
baseline,seed-4,MASS,7,MASS-F1,PD_MECH_PAYBACK_UNATTRACTIVE,-1,3034.33,101.14433333333335,101144.33333333334,2500000,24.71715337488012,0.7916666666666666,1,9.5,false
baseline,seed-4,MASS,7,,PD_MECH_DEFERRED,-1,-1,-1,-1,-1,-1,-1,-1,-1,false
baseline,seed-4,BAL,7,BAL-F1,PD_MECH_CONSIDERED,0.9455113975414727,-1,-1,-1,-1,-1,-1,-1,-1,false
baseline,seed-4,BAL,7,BAL-F1,PD_MECH_PAYBACK_UNATTRACTIVE,-1,5941.83,198.06100000000004,198061.00000000003,2500000,12.62237391510696,1,1,12,false
baseline,seed-4,BAL,7,,PD_MECH_DEFERRED,-1,-1,-1,-1,-1,-1,-1,-1,-1,false
baseline,seed-4,JPQ,7,,PD_MECH_DEFERRED,-1,-1,-1,-1,-1,-1,-1,-1,-1,false
baseline,seed-4,CONSV,7,,PD_MECH_DEFERRED,-1,-1,-1,-1,-1,-1,-1,-1,-1,false
baseline,seed-4,VAP,7,VAP-F1,PD_MECH_CONSIDERED,1,-1,-1,-1,-1,-1,-1,-1,-1,false
baseline,seed-4,VAP,7,,PD_MECH_FINANCE_BLOCKED,-1,-1,-1,-1,2500000,-1,-1,-1,-1,false
baseline,seed-4,MASS,8,MASS-F1,PD_MECH_CONSIDERED,1,-1,-1,-1,-1,-1,-1,-1,-1,false
baseline,seed-4,MASS,8,MASS-F1,PD_MECH_PAYBACK_UNATTRACTIVE,-1,5130,171,171000,2500000,14.619883040935672,0.7916666666666666,1,9.5,false
baseline,seed-4,MASS,8,,PD_MECH_DEFERRED,-1,-1,-1,-1,-1,-1,-1,-1,-1,false
baseline,seed-4,BAL,8,BAL-F1,PD_MECH_CONSIDERED,0.9939817798464415,-1,-1,-1,-1,-1,-1,-1,-1,false
baseline,seed-4,BAL,8,BAL-F1,PD_MECH_PAYBACK_UNATTRACTIVE,-1,6246.43,208.21433333333334,208214.33333333334,2500000,12.00685831747094,1,1,12,false
baseline,seed-4,BAL,8,,PD_MECH_DEFERRED,-1,-1,-1,-1,-1,-1,-1,-1,-1,false
baseline,seed-4,JPQ,8,,PD_MECH_DEFERRED,-1,-1,-1,-1,-1,-1,-1,-1,-1,false
baseline,seed-4,CONSV,8,,PD_MECH_DEFERRED,-1,-1,-1,-1,-1,-1,-1,-1,-1,false
baseline,seed-4,VAP,8,VAP-F1,PD_MECH_CONSIDERED,1,-1,-1,-1,-1,-1,-1,-1,-1,false
baseline,seed-4,VAP,8,VAP-F1,PD_MECH_PROPOSED,-1,5130,171,171000,2500000,14.619883040935672,1.411764705882353,1,16.941176470588236,true
baseline,seed-4,MASS,9,MASS-F1,PD_MECH_CONSIDERED,0.4123625730994152,-1,-1,-1,-1,-1,-1,-1,-1,false
baseline,seed-4,MASS,9,MASS-F1,PD_MECH_LOW_UTILIZATION,0.4123625730994152,-1,-1,-1,-1,-1,-1,-1,-1,false
baseline,seed-4,MASS,9,,PD_MECH_DEFERRED,-1,-1,-1,-1,-1,-1,-1,-1,-1,false
baseline,seed-4,BAL,9,BAL-F1,PD_MECH_CONSIDERED,0.9939817798464415,-1,-1,-1,-1,-1,-1,-1,-1,false
baseline,seed-4,BAL,9,BAL-F1,PD_MECH_PAYBACK_UNATTRACTIVE,-1,6246.43,208.21433333333334,208214.33333333334,2500000,12.00685831747094,1,1,12,false
baseline,seed-4,BAL,9,,PD_MECH_DEFERRED,-1,-1,-1,-1,-1,-1,-1,-1,-1,false
baseline,seed-4,JPQ,9,,PD_MECH_DEFERRED,-1,-1,-1,-1,-1,-1,-1,-1,-1,false
baseline,seed-4,CONSV,9,,PD_MECH_DEFERRED,-1,-1,-1,-1,-1,-1,-1,-1,-1,false
baseline,seed-4,VAP,9,,PD_MECH_DEFERRED,-1,-1,-1,-1,-1,-1,-1,-1,-1,false
baseline,seed-4,MASS,10,MASS-F1,PD_MECH_CONSIDERED,1,-1,-1,-1,-1,-1,-1,-1,-1,false
baseline,seed-4,MASS,10,MASS-F1,PD_MECH_PAYBACK_UNATTRACTIVE,-1,5130,171,171000,2500000,14.619883040935672,0.7916666666666666,1,9.5,false
baseline,seed-4,MASS,10,,PD_MECH_DEFERRED,-1,-1,-1,-1,-1,-1,-1,-1,-1,false
baseline,seed-4,BAL,10,BAL-F1,PD_MECH_CONSIDERED,1,-1,-1,-1,-1,-1,-1,-1,-1,false
baseline,seed-4,BAL,10,BAL-F1,PD_MECH_PROPOSED,-1,6284.25,209.4749999999999,209474.9999999999,2500000,11.93459840076382,1,1,12,true
baseline,seed-4,JPQ,10,,PD_MECH_DEFERRED,-1,-1,-1,-1,-1,-1,-1,-1,-1,false
baseline,seed-4,CONSV,10,,PD_MECH_DEFERRED,-1,-1,-1,-1,-1,-1,-1,-1,-1,false
baseline,seed-4,VAP,10,,PD_MECH_DEFERRED,-1,-1,-1,-1,-1,-1,-1,-1,-1,false
baseline,seed-4,MASS,11,MASS-F1,PD_MECH_CONSIDERED,1,-1,-1,-1,-1,-1,-1,-1,-1,false
baseline,seed-4,MASS,11,MASS-F1,PD_MECH_PAYBACK_UNATTRACTIVE,-1,5130,171,171000,2500000,14.619883040935672,0.7916666666666666,1,9.5,false
baseline,seed-4,MASS,11,,PD_MECH_DEFERRED,-1,-1,-1,-1,-1,-1,-1,-1,-1,false
baseline,seed-4,BAL,11,,PD_MECH_DEFERRED,-1,-1,-1,-1,-1,-1,-1,-1,-1,false
baseline,seed-4,JPQ,11,,PD_MECH_DEFERRED,-1,-1,-1,-1,-1,-1,-1,-1,-1,false
baseline,seed-4,CONSV,11,,PD_MECH_DEFERRED,-1,-1,-1,-1,-1,-1,-1,-1,-1,false
baseline,seed-4,VAP,11,,PD_MECH_DEFERRED,-1,-1,-1,-1,-1,-1,-1,-1,-1,false
baseline,seed-4,MASS,12,MASS-F1,PD_MECH_CONSIDERED,1,-1,-1,-1,-1,-1,-1,-1,-1,false
baseline,seed-4,MASS,12,MASS-F1,PD_MECH_PAYBACK_UNATTRACTIVE,-1,5130,171,171000,2500000,14.619883040935672,0.7916666666666666,1,9.5,false
baseline,seed-4,MASS,12,,PD_MECH_DEFERRED,-1,-1,-1,-1,-1,-1,-1,-1,-1,false
baseline,seed-4,BAL,12,,PD_MECH_DEFERRED,-1,-1,-1,-1,-1,-1,-1,-1,-1,false
baseline,seed-4,JPQ,12,,PD_MECH_DEFERRED,-1,-1,-1,-1,-1,-1,-1,-1,-1,false
baseline,seed-4,CONSV,12,,PD_MECH_DEFERRED,-1,-1,-1,-1,-1,-1,-1,-1,-1,false
baseline,seed-4,VAP,12,,PD_MECH_DEFERRED,-1,-1,-1,-1,-1,-1,-1,-1,-1,false
baseline,seed-4,MASS,13,MASS-F1,PD_MECH_CONSIDERED,0.9195029239766083,-1,-1,-1,-1,-1,-1,-1,-1,false
baseline,seed-4,MASS,13,MASS-F1,PD_MECH_PAYBACK_UNATTRACTIVE,-1,4717.05,157.235,157235,2500000,15.899767863389194,0.7916666666666666,1,9.5,false
baseline,seed-4,MASS,13,,PD_MECH_DEFERRED,-1,-1,-1,-1,-1,-1,-1,-1,-1,false
baseline,seed-4,BAL,13,,PD_MECH_DEFERRED,-1,-1,-1,-1,-1,-1,-1,-1,-1,false
baseline,seed-4,JPQ,13,,PD_MECH_DEFERRED,-1,-1,-1,-1,-1,-1,-1,-1,-1,false
baseline,seed-4,CONSV,13,,PD_MECH_DEFERRED,-1,-1,-1,-1,-1,-1,-1,-1,-1,false
baseline,seed-4,VAP,13,,PD_MECH_DEFERRED,-1,-1,-1,-1,-1,-1,-1,-1,-1,false
baseline,seed-4,MASS,14,MASS-F1,PD_MECH_CONSIDERED,0.8201968810916179,-1,-1,-1,-1,-1,-1,-1,-1,false
baseline,seed-4,MASS,14,MASS-F1,PD_MECH_PAYBACK_UNATTRACTIVE,-1,4207.61,140.25366666666662,140253.66666666663,2500000,17.824845933914983,0.7916666666666666,1,9.5,false
baseline,seed-4,MASS,14,,PD_MECH_DEFERRED,-1,-1,-1,-1,-1,-1,-1,-1,-1,false
baseline,seed-4,BAL,14,,PD_MECH_DEFERRED,-1,-1,-1,-1,-1,-1,-1,-1,-1,false
baseline,seed-4,JPQ,14,,PD_MECH_DEFERRED,-1,-1,-1,-1,-1,-1,-1,-1,-1,false
baseline,seed-4,CONSV,14,,PD_MECH_DEFERRED,-1,-1,-1,-1,-1,-1,-1,-1,-1,false
baseline,seed-4,VAP,14,,PD_MECH_DEFERRED,-1,-1,-1,-1,-1,-1,-1,-1,-1,false
baseline,seed-4,MASS,15,MASS-F1,PD_MECH_CONSIDERED,0.8129883040935673,-1,-1,-1,-1,-1,-1,-1,-1,false
baseline,seed-4,MASS,15,MASS-F1,PD_MECH_PAYBACK_UNATTRACTIVE,-1,4170.63,139.02099999999996,139020.99999999997,2500000,17.98289467058934,0.7916666666666666,1,9.5,false
baseline,seed-4,MASS,15,,PD_MECH_DEFERRED,-1,-1,-1,-1,-1,-1,-1,-1,-1,false
baseline,seed-4,BAL,15,,PD_MECH_DEFERRED,-1,-1,-1,-1,-1,-1,-1,-1,-1,false
baseline,seed-4,JPQ,15,,PD_MECH_DEFERRED,-1,-1,-1,-1,-1,-1,-1,-1,-1,false
baseline,seed-4,CONSV,15,,PD_MECH_DEFERRED,-1,-1,-1,-1,-1,-1,-1,-1,-1,false
baseline,seed-4,VAP,15,,PD_MECH_DEFERRED,-1,-1,-1,-1,-1,-1,-1,-1,-1,false
baseline,seed-4,MASS,16,MASS-F1,PD_MECH_CONSIDERED,1,-1,-1,-1,-1,-1,-1,-1,-1,false
baseline,seed-4,MASS,16,MASS-F1,PD_MECH_PAYBACK_UNATTRACTIVE,-1,5130,171,171000,2500000,14.619883040935672,0.7916666666666666,1,9.5,false
baseline,seed-4,MASS,16,,PD_MECH_DEFERRED,-1,-1,-1,-1,-1,-1,-1,-1,-1,false
baseline,seed-4,BAL,16,,PD_MECH_DEFERRED,-1,-1,-1,-1,-1,-1,-1,-1,-1,false
baseline,seed-4,JPQ,16,,PD_MECH_DEFERRED,-1,-1,-1,-1,-1,-1,-1,-1,-1,false
baseline,seed-4,CONSV,16,,PD_MECH_DEFERRED,-1,-1,-1,-1,-1,-1,-1,-1,-1,false
baseline,seed-4,VAP,16,,PD_MECH_DEFERRED,-1,-1,-1,-1,-1,-1,-1,-1,-1,false
baseline,seed-4,MASS,17,MASS-F1,PD_MECH_CONSIDERED,0.8772865497076022,-1,-1,-1,-1,-1,-1,-1,-1,false
baseline,seed-4,MASS,17,MASS-F1,PD_MECH_PAYBACK_UNATTRACTIVE,-1,4500.48,150.01599999999996,150015.99999999997,2500000,16.664889078498298,0.7916666666666666,1,9.5,false
baseline,seed-4,MASS,17,,PD_MECH_DEFERRED,-1,-1,-1,-1,-1,-1,-1,-1,-1,false
baseline,seed-4,BAL,17,,PD_MECH_DEFERRED,-1,-1,-1,-1,-1,-1,-1,-1,-1,false
baseline,seed-4,JPQ,17,,PD_MECH_DEFERRED,-1,-1,-1,-1,-1,-1,-1,-1,-1,false
baseline,seed-4,CONSV,17,,PD_MECH_DEFERRED,-1,-1,-1,-1,-1,-1,-1,-1,-1,false
baseline,seed-4,VAP,17,,PD_MECH_DEFERRED,-1,-1,-1,-1,-1,-1,-1,-1,-1,false
baseline,seed-4,MASS,18,MASS-F1,PD_MECH_CONSIDERED,0.8759688109161794,-1,-1,-1,-1,-1,-1,-1,-1,false
baseline,seed-4,MASS,18,MASS-F1,PD_MECH_PAYBACK_UNATTRACTIVE,-1,4493.72,149.79066666666665,149790.66666666666,2500000,16.68995843087687,0.7916666666666666,1,9.5,false
baseline,seed-4,MASS,18,,PD_MECH_DEFERRED,-1,-1,-1,-1,-1,-1,-1,-1,-1,false
baseline,seed-4,BAL,18,,PD_MECH_DEFERRED,-1,-1,-1,-1,-1,-1,-1,-1,-1,false
baseline,seed-4,JPQ,18,,PD_MECH_DEFERRED,-1,-1,-1,-1,-1,-1,-1,-1,-1,false
baseline,seed-4,CONSV,18,,PD_MECH_DEFERRED,-1,-1,-1,-1,-1,-1,-1,-1,-1,false
baseline,seed-4,VAP,18,,PD_MECH_DEFERRED,-1,-1,-1,-1,-1,-1,-1,-1,-1,false
baseline,seed-4,MASS,19,MASS-F1,PD_MECH_CONSIDERED,1,-1,-1,-1,-1,-1,-1,-1,-1,false
baseline,seed-4,MASS,19,MASS-F1,PD_MECH_PAYBACK_UNATTRACTIVE,-1,5130,171,171000,2500000,14.619883040935672,0.7916666666666666,1,9.5,false
baseline,seed-4,MASS,19,,PD_MECH_DEFERRED,-1,-1,-1,-1,-1,-1,-1,-1,-1,false
baseline,seed-4,BAL,19,,PD_MECH_DEFERRED,-1,-1,-1,-1,-1,-1,-1,-1,-1,false
baseline,seed-4,JPQ,19,,PD_MECH_DEFERRED,-1,-1,-1,-1,-1,-1,-1,-1,-1,false
baseline,seed-4,CONSV,19,,PD_MECH_DEFERRED,-1,-1,-1,-1,-1,-1,-1,-1,-1,false
baseline,seed-4,VAP,19,,PD_MECH_DEFERRED,-1,-1,-1,-1,-1,-1,-1,-1,-1,false
baseline,seed-4,MASS,20,MASS-F1,PD_MECH_CONSIDERED,1,-1,-1,-1,-1,-1,-1,-1,-1,false
baseline,seed-4,MASS,20,MASS-F1,PD_MECH_PAYBACK_UNATTRACTIVE,-1,5130,171,171000,2500000,14.619883040935672,0.7916666666666666,1,9.5,false
baseline,seed-4,MASS,20,,PD_MECH_DEFERRED,-1,-1,-1,-1,-1,-1,-1,-1,-1,false
baseline,seed-4,BAL,20,,PD_MECH_DEFERRED,-1,-1,-1,-1,-1,-1,-1,-1,-1,false
baseline,seed-4,JPQ,20,,PD_MECH_DEFERRED,-1,-1,-1,-1,-1,-1,-1,-1,-1,false
baseline,seed-4,CONSV,20,,PD_MECH_DEFERRED,-1,-1,-1,-1,-1,-1,-1,-1,-1,false
baseline,seed-4,VAP,20,,PD_MECH_DEFERRED,-1,-1,-1,-1,-1,-1,-1,-1,-1,false
baseline,seed-4,MASS,21,MASS-F1,PD_MECH_CONSIDERED,0.9346939571150097,-1,-1,-1,-1,-1,-1,-1,-1,false
baseline,seed-4,MASS,21,MASS-F1,PD_MECH_PAYBACK_UNATTRACTIVE,-1,4794.98,159.83266666666657,159832.66666666657,2500000,15.641358253840485,0.7916666666666666,1,9.5,false
baseline,seed-4,MASS,21,,PD_MECH_DEFERRED,-1,-1,-1,-1,-1,-1,-1,-1,-1,false
baseline,seed-4,BAL,21,,PD_MECH_DEFERRED,-1,-1,-1,-1,-1,-1,-1,-1,-1,false
baseline,seed-4,JPQ,21,,PD_MECH_DEFERRED,-1,-1,-1,-1,-1,-1,-1,-1,-1,false
baseline,seed-4,CONSV,21,,PD_MECH_DEFERRED,-1,-1,-1,-1,-1,-1,-1,-1,-1,false
baseline,seed-4,VAP,21,,PD_MECH_DEFERRED,-1,-1,-1,-1,-1,-1,-1,-1,-1,false
baseline,seed-4,MASS,22,MASS-F1,PD_MECH_CONSIDERED,1,-1,-1,-1,-1,-1,-1,-1,-1,false
baseline,seed-4,MASS,22,MASS-F1,PD_MECH_PAYBACK_UNATTRACTIVE,-1,5130,171,171000,2500000,14.619883040935672,0.7916666666666666,1,9.5,false
baseline,seed-4,MASS,22,,PD_MECH_DEFERRED,-1,-1,-1,-1,-1,-1,-1,-1,-1,false
baseline,seed-4,BAL,22,,PD_MECH_DEFERRED,-1,-1,-1,-1,-1,-1,-1,-1,-1,false
baseline,seed-4,JPQ,22,,PD_MECH_DEFERRED,-1,-1,-1,-1,-1,-1,-1,-1,-1,false
baseline,seed-4,CONSV,22,,PD_MECH_DEFERRED,-1,-1,-1,-1,-1,-1,-1,-1,-1,false
baseline,seed-4,VAP,22,,PD_MECH_DEFERRED,-1,-1,-1,-1,-1,-1,-1,-1,-1,false
baseline,seed-4,MASS,23,MASS-F1,PD_MECH_CONSIDERED,0.9901851851851852,-1,-1,-1,-1,-1,-1,-1,-1,false
baseline,seed-4,MASS,23,MASS-F1,PD_MECH_PAYBACK_UNATTRACTIVE,-1,5375.962916666666,179.19876388888883,179198.76388888885,2500000,13.95098909024903,0.7916666666666666,1,9.5,false
baseline,seed-4,MASS,23,,PD_MECH_DEFERRED,-1,-1,-1,-1,-1,-1,-1,-1,-1,false
baseline,seed-4,BAL,23,,PD_MECH_DEFERRED,-1,-1,-1,-1,-1,-1,-1,-1,-1,false
baseline,seed-4,JPQ,23,,PD_MECH_DEFERRED,-1,-1,-1,-1,-1,-1,-1,-1,-1,false
baseline,seed-4,CONSV,23,,PD_MECH_DEFERRED,-1,-1,-1,-1,-1,-1,-1,-1,-1,false
baseline,seed-4,VAP,23,,PD_MECH_DEFERRED,-1,-1,-1,-1,-1,-1,-1,-1,-1,false
baseline,seed-4,MASS,24,MASS-F1,PD_MECH_CONSIDERED,1,-1,-1,-1,-1,-1,-1,-1,-1,false
baseline,seed-4,MASS,24,MASS-F1,PD_MECH_PAYBACK_UNATTRACTIVE,-1,5429.25,180.9749999999999,180974.9999999999,2500000,13.814062715844736,0.7916666666666666,1,9.5,false
baseline,seed-4,MASS,24,,PD_MECH_DEFERRED,-1,-1,-1,-1,-1,-1,-1,-1,-1,false
baseline,seed-4,BAL,24,,PD_MECH_DEFERRED,-1,-1,-1,-1,-1,-1,-1,-1,-1,false
baseline,seed-4,JPQ,24,,PD_MECH_DEFERRED,-1,-1,-1,-1,-1,-1,-1,-1,-1,false
baseline,seed-4,CONSV,24,,PD_MECH_DEFERRED,-1,-1,-1,-1,-1,-1,-1,-1,-1,false
baseline,seed-4,VAP,24,,PD_MECH_DEFERRED,-1,-1,-1,-1,-1,-1,-1,-1,-1,false
baseline,seed-4,MASS,25,MASS-F1,PD_MECH_CONSIDERED,1,-1,-1,-1,-1,-1,-1,-1,-1,false
baseline,seed-4,MASS,25,MASS-F1,PD_MECH_PAYBACK_UNATTRACTIVE,-1,5429.25,180.9749999999999,180974.9999999999,2500000,13.814062715844736,0.7916666666666666,1,9.5,false
baseline,seed-4,MASS,25,MASS-NEWF-MASS-CAPEX-4,PD_MECH_CONSIDERED,0,-1,-1,-1,-1,-1,-1,-1,-1,false
baseline,seed-4,MASS,25,MASS-NEWF-MASS-CAPEX-4,PD_MECH_LOW_UTILIZATION,0,-1,-1,-1,-1,-1,-1,-1,-1,false
baseline,seed-4,MASS,25,,PD_MECH_DEFERRED,-1,-1,-1,-1,-1,-1,-1,-1,-1,false
baseline,seed-4,BAL,25,,PD_MECH_DEFERRED,-1,-1,-1,-1,-1,-1,-1,-1,-1,false
baseline,seed-4,JPQ,25,,PD_MECH_DEFERRED,-1,-1,-1,-1,-1,-1,-1,-1,-1,false
baseline,seed-4,CONSV,25,,PD_MECH_DEFERRED,-1,-1,-1,-1,-1,-1,-1,-1,-1,false
baseline,seed-4,VAP,25,,PD_MECH_DEFERRED,-1,-1,-1,-1,-1,-1,-1,-1,-1,false
baseline,seed-4,MASS,26,MASS-F1,PD_MECH_CONSIDERED,0.7376304277754755,-1,-1,-1,-1,-1,-1,-1,-1,false
baseline,seed-4,MASS,26,MASS-F1,PD_MECH_PAYBACK_UNATTRACTIVE,-1,4004.78,133.49266666666665,133492.66666666666,2500000,18.72762049351026,0.7916666666666666,1,9.5,false
baseline,seed-4,MASS,26,MASS-NEWF-MASS-CAPEX-4,PD_MECH_CONSIDERED,0.7376315789473684,-1,-1,-1,-1,-1,-1,-1,-1,false
baseline,seed-4,MASS,26,MASS-NEWF-MASS-CAPEX-4,PD_MECH_PAYBACK_UNATTRACTIVE,-1,3784.05,126.13499999999999,126134.99999999999,2500000,19.820034090458638,0.7916666666666666,1,9.5,false
baseline,seed-4,MASS,26,,PD_MECH_DEFERRED,-1,-1,-1,-1,-1,-1,-1,-1,-1,false
baseline,seed-4,BAL,26,,PD_MECH_DEFERRED,-1,-1,-1,-1,-1,-1,-1,-1,-1,false
baseline,seed-4,JPQ,26,,PD_MECH_DEFERRED,-1,-1,-1,-1,-1,-1,-1,-1,-1,false
baseline,seed-4,CONSV,26,,PD_MECH_DEFERRED,-1,-1,-1,-1,-1,-1,-1,-1,-1,false
baseline,seed-4,VAP,26,,PD_MECH_DEFERRED,-1,-1,-1,-1,-1,-1,-1,-1,-1,false
baseline,seed-4,MASS,27,MASS-F1,PD_MECH_CONSIDERED,0.6977906709029792,-1,-1,-1,-1,-1,-1,-1,-1,false
baseline,seed-4,MASS,27,MASS-F1,PD_MECH_PAYBACK_UNATTRACTIVE,-1,3997.293858267716,133.24312860892383,133243.1286089238,2500000,18.762693627058567,0.7916666666666666,1,9.5,false
baseline,seed-4,MASS,27,MASS-NEWF-MASS-CAPEX-4,PD_MECH_CONSIDERED,0,-1,-1,-1,-1,-1,-1,-1,-1,false
baseline,seed-4,MASS,27,MASS-NEWF-MASS-CAPEX-4,PD_MECH_LOW_UTILIZATION,0,-1,-1,-1,-1,-1,-1,-1,-1,false
baseline,seed-4,MASS,27,,PD_MECH_DEFERRED,-1,-1,-1,-1,-1,-1,-1,-1,-1,false
baseline,seed-4,BAL,27,,PD_MECH_DEFERRED,-1,-1,-1,-1,-1,-1,-1,-1,-1,false
baseline,seed-4,JPQ,27,,PD_MECH_DEFERRED,-1,-1,-1,-1,-1,-1,-1,-1,-1,false
baseline,seed-4,CONSV,27,,PD_MECH_DEFERRED,-1,-1,-1,-1,-1,-1,-1,-1,-1,false
baseline,seed-4,VAP,27,,PD_MECH_DEFERRED,-1,-1,-1,-1,-1,-1,-1,-1,-1,false
baseline,seed-4,MASS,28,MASS-F1,PD_MECH_CONSIDERED,0.8575578249105351,-1,-1,-1,-1,-1,-1,-1,-1,false
baseline,seed-4,MASS,28,MASS-F1,PD_MECH_PAYBACK_UNATTRACTIVE,-1,4912.52,163.7506666666667,163750.6666666667,2500000,15.267113416332146,0.7916666666666666,1,9.5,false
baseline,seed-4,MASS,28,MASS-NEWF-MASS-CAPEX-4,PD_MECH_CONSIDERED,0.8575570175438596,-1,-1,-1,-1,-1,-1,-1,-1,false
baseline,seed-4,MASS,28,MASS-NEWF-MASS-CAPEX-4,PD_MECH_PAYBACK_UNATTRACTIVE,-1,5865.69,195.52300000000002,195523.00000000003,2500000,12.786219524045762,0.7916666666666666,1,9.5,false
baseline,seed-4,MASS,28,,PD_MECH_DEFERRED,-1,-1,-1,-1,-1,-1,-1,-1,-1,false
baseline,seed-4,BAL,28,,PD_MECH_DEFERRED,-1,-1,-1,-1,-1,-1,-1,-1,-1,false
baseline,seed-4,JPQ,28,,PD_MECH_DEFERRED,-1,-1,-1,-1,-1,-1,-1,-1,-1,false
baseline,seed-4,CONSV,28,,PD_MECH_DEFERRED,-1,-1,-1,-1,-1,-1,-1,-1,-1,false
baseline,seed-4,VAP,28,,PD_MECH_DEFERRED,-1,-1,-1,-1,-1,-1,-1,-1,-1,false
baseline,seed-4,MASS,29,MASS-F1,PD_MECH_CONSIDERED,0.8567775159291263,-1,-1,-1,-1,-1,-1,-1,-1,false
baseline,seed-4,MASS,29,MASS-F1,PD_MECH_PAYBACK_UNATTRACTIVE,-1,4908.05,163.6016666666667,163601.6666666667,2500000,15.281017919540345,0.7916666666666666,1,9.5,false
baseline,seed-4,MASS,29,MASS-NEWF-MASS-CAPEX-4,PD_MECH_CONSIDERED,0.7204678362573099,-1,-1,-1,-1,-1,-1,-1,-1,false
baseline,seed-4,MASS,29,MASS-NEWF-MASS-CAPEX-4,PD_MECH_PAYBACK_UNATTRACTIVE,-1,4928,164.26666666666665,164266.66666666666,2500000,15.219155844155845,0.7916666666666666,1,9.5,false
baseline,seed-4,MASS,29,,PD_MECH_DEFERRED,-1,-1,-1,-1,-1,-1,-1,-1,-1,false
baseline,seed-4,BAL,29,,PD_MECH_DEFERRED,-1,-1,-1,-1,-1,-1,-1,-1,-1,false
baseline,seed-4,JPQ,29,,PD_MECH_DEFERRED,-1,-1,-1,-1,-1,-1,-1,-1,-1,false
baseline,seed-4,CONSV,29,,PD_MECH_DEFERRED,-1,-1,-1,-1,-1,-1,-1,-1,-1,false
baseline,seed-4,VAP,29,,PD_MECH_DEFERRED,-1,-1,-1,-1,-1,-1,-1,-1,-1,false
baseline,seed-4,MASS,30,MASS-F1,PD_MECH_CONSIDERED,0.7986436239853364,-1,-1,-1,-1,-1,-1,-1,-1,false
baseline,seed-4,MASS,30,MASS-F1,PD_MECH_PAYBACK_UNATTRACTIVE,-1,4575.03,152.50099999999998,152500.99999999997,2500000,16.39333512567131,0.7916666666666666,1,9.5,false
baseline,seed-4,MASS,30,MASS-NEWF-MASS-CAPEX-4,PD_MECH_CONSIDERED,0.66621783625731,-1,-1,-1,-1,-1,-1,-1,-1,false
baseline,seed-4,MASS,30,MASS-NEWF-MASS-CAPEX-4,PD_MECH_PAYBACK_UNATTRACTIVE,-1,4556.93,151.89766666666674,151897.66666666674,2500000,16.458448999655463,0.7916666666666666,1,9.5,false
baseline,seed-4,MASS,30,,PD_MECH_DEFERRED,-1,-1,-1,-1,-1,-1,-1,-1,-1,false
baseline,seed-4,BAL,30,,PD_MECH_DEFERRED,-1,-1,-1,-1,-1,-1,-1,-1,-1,false
baseline,seed-4,JPQ,30,,PD_MECH_DEFERRED,-1,-1,-1,-1,-1,-1,-1,-1,-1,false
baseline,seed-4,CONSV,30,,PD_MECH_DEFERRED,-1,-1,-1,-1,-1,-1,-1,-1,-1,false
baseline,seed-4,VAP,30,,PD_MECH_DEFERRED,-1,-1,-1,-1,-1,-1,-1,-1,-1,false
baseline,seed-4,MASS,31,MASS-F1,PD_MECH_CONSIDERED,0.7906170899886532,-1,-1,-1,-1,-1,-1,-1,-1,false
baseline,seed-4,MASS,31,MASS-F1,PD_MECH_PAYBACK_UNATTRACTIVE,-1,4529.05,150.96833333333336,150968.33333333337,2500000,16.559764188957946,0.7916666666666666,1,9.5,false
baseline,seed-4,MASS,31,MASS-NEWF-MASS-CAPEX-4,PD_MECH_CONSIDERED,0.44216520467836257,-1,-1,-1,-1,-1,-1,-1,-1,false
baseline,seed-4,MASS,31,MASS-NEWF-MASS-CAPEX-4,PD_MECH_LOW_UTILIZATION,0.44216520467836257,-1,-1,-1,-1,-1,-1,-1,-1,false
baseline,seed-4,MASS,31,,PD_MECH_DEFERRED,-1,-1,-1,-1,-1,-1,-1,-1,-1,false
baseline,seed-4,BAL,31,BAL-NEWF-BAL-CAPEX-11,PD_MECH_CONSIDERED,0,-1,-1,-1,-1,-1,-1,-1,-1,false
baseline,seed-4,BAL,31,BAL-NEWF-BAL-CAPEX-11,PD_MECH_LOW_UTILIZATION,0,-1,-1,-1,-1,-1,-1,-1,-1,false
baseline,seed-4,BAL,31,,PD_MECH_DEFERRED,-1,-1,-1,-1,-1,-1,-1,-1,-1,false
baseline,seed-4,JPQ,31,,PD_MECH_DEFERRED,-1,-1,-1,-1,-1,-1,-1,-1,-1,false
baseline,seed-4,CONSV,31,,PD_MECH_DEFERRED,-1,-1,-1,-1,-1,-1,-1,-1,-1,false
baseline,seed-4,VAP,31,,PD_MECH_DEFERRED,-1,-1,-1,-1,-1,-1,-1,-1,-1,false
baseline,seed-4,MASS,32,MASS-F1,PD_MECH_CONSIDERED,0.8665043205027495,-1,-1,-1,-1,-1,-1,-1,-1,false
baseline,seed-4,MASS,32,MASS-F1,PD_MECH_PAYBACK_UNATTRACTIVE,-1,4963.77,165.45900000000006,165459.00000000006,2500000,15.109483316108516,0.7916666666666666,1,9.5,false
baseline,seed-4,MASS,32,MASS-NEWF-MASS-CAPEX-4,PD_MECH_CONSIDERED,0.4759429824561403,-1,-1,-1,-1,-1,-1,-1,-1,false
baseline,seed-4,MASS,32,MASS-NEWF-MASS-CAPEX-4,PD_MECH_LOW_UTILIZATION,0.4759429824561403,-1,-1,-1,-1,-1,-1,-1,-1,false
baseline,seed-4,MASS,32,MASS-NEWF-MASS-CAPEX-7,PD_MECH_CONSIDERED,0,-1,-1,-1,-1,-1,-1,-1,-1,false
baseline,seed-4,MASS,32,MASS-NEWF-MASS-CAPEX-7,PD_MECH_LOW_UTILIZATION,0,-1,-1,-1,-1,-1,-1,-1,-1,false
baseline,seed-4,MASS,32,,PD_MECH_DEFERRED,-1,-1,-1,-1,-1,-1,-1,-1,-1,false
baseline,seed-4,BAL,32,BAL-NEWF-BAL-CAPEX-11,PD_MECH_CONSIDERED,0.5557046783625731,-1,-1,-1,-1,-1,-1,-1,-1,false
baseline,seed-4,BAL,32,BAL-NEWF-BAL-CAPEX-11,PD_MECH_PAYBACK_UNATTRACTIVE,-1,2850.765,95.02550000000002,95025.50000000003,2500000,26.308727657313028,1,1,12,false
baseline,seed-4,BAL,32,,PD_MECH_DEFERRED,-1,-1,-1,-1,-1,-1,-1,-1,-1,false
baseline,seed-4,JPQ,32,JPQ-NEWF-JPQ-CAPEX-10,PD_MECH_CONSIDERED,0,-1,-1,-1,-1,-1,-1,-1,-1,false
baseline,seed-4,JPQ,32,JPQ-NEWF-JPQ-CAPEX-10,PD_MECH_LOW_UTILIZATION,0,-1,-1,-1,-1,-1,-1,-1,-1,false
baseline,seed-4,JPQ,32,,PD_MECH_DEFERRED,-1,-1,-1,-1,-1,-1,-1,-1,-1,false
baseline,seed-4,CONSV,32,,PD_MECH_DEFERRED,-1,-1,-1,-1,-1,-1,-1,-1,-1,false
baseline,seed-4,VAP,32,,PD_MECH_DEFERRED,-1,-1,-1,-1,-1,-1,-1,-1,-1,false
baseline,seed-5,MASS,1,MASS-F1,PD_MECH_CONSIDERED,0,-1,-1,-1,-1,-1,-1,-1,-1,false
baseline,seed-5,MASS,1,MASS-F1,PD_MECH_LOW_UTILIZATION,0,-1,-1,-1,-1,-1,-1,-1,-1,false
baseline,seed-5,MASS,1,,PD_MECH_DEFERRED,-1,-1,-1,-1,-1,-1,-1,-1,-1,false
baseline,seed-5,BAL,1,BAL-F1,PD_MECH_CONSIDERED,0,-1,-1,-1,-1,-1,-1,-1,-1,false
baseline,seed-5,BAL,1,BAL-F1,PD_MECH_LOW_UTILIZATION,0,-1,-1,-1,-1,-1,-1,-1,-1,false
baseline,seed-5,BAL,1,,PD_MECH_DEFERRED,-1,-1,-1,-1,-1,-1,-1,-1,-1,false
baseline,seed-5,JPQ,1,JPQ-F1,PD_MECH_CONSIDERED,0,-1,-1,-1,-1,-1,-1,-1,-1,false
baseline,seed-5,JPQ,1,JPQ-F1,PD_MECH_LOW_UTILIZATION,0,-1,-1,-1,-1,-1,-1,-1,-1,false
baseline,seed-5,JPQ,1,,PD_MECH_DEFERRED,-1,-1,-1,-1,-1,-1,-1,-1,-1,false
baseline,seed-5,CONSV,1,CONSV-F1,PD_MECH_CONSIDERED,0,-1,-1,-1,-1,-1,-1,-1,-1,false
baseline,seed-5,CONSV,1,CONSV-F1,PD_MECH_LOW_UTILIZATION,0,-1,-1,-1,-1,-1,-1,-1,-1,false
baseline,seed-5,CONSV,1,,PD_MECH_DEFERRED,-1,-1,-1,-1,-1,-1,-1,-1,-1,false
baseline,seed-5,VAP,1,VAP-F1,PD_MECH_CONSIDERED,0,-1,-1,-1,-1,-1,-1,-1,-1,false
baseline,seed-5,VAP,1,VAP-F1,PD_MECH_LOW_UTILIZATION,0,-1,-1,-1,-1,-1,-1,-1,-1,false
baseline,seed-5,VAP,1,,PD_MECH_DEFERRED,-1,-1,-1,-1,-1,-1,-1,-1,-1,false
baseline,seed-5,MASS,2,MASS-F1,PD_MECH_CONSIDERED,0.7883040935672515,-1,-1,-1,-1,-1,-1,-1,-1,false
baseline,seed-5,MASS,2,MASS-F1,PD_MECH_PAYBACK_UNATTRACTIVE,-1,4044.0000000000005,134.79999999999995,134799.99999999994,2500000,18.545994065281906,0.7916666666666666,1,9.5,false
baseline,seed-5,MASS,2,,PD_MECH_DEFERRED,-1,-1,-1,-1,-1,-1,-1,-1,-1,false
baseline,seed-5,BAL,2,BAL-F1,PD_MECH_CONSIDERED,0.9271929824561403,-1,-1,-1,-1,-1,-1,-1,-1,false
baseline,seed-5,BAL,2,BAL-F1,PD_MECH_PAYBACK_UNATTRACTIVE,-1,5549.25,184.9749999999999,184974.9999999999,2500000,13.515339910798764,1,1,12,false
baseline,seed-5,BAL,2,,PD_MECH_DEFERRED,-1,-1,-1,-1,-1,-1,-1,-1,-1,false
baseline,seed-5,JPQ,2,JPQ-F1,PD_MECH_CONSIDERED,1,-1,-1,-1,-1,-1,-1,-1,-1,false
baseline,seed-5,JPQ,2,,PD_MECH_FINANCE_BLOCKED,-1,-1,-1,-1,2500000,-1,-1,-1,-1,false
baseline,seed-5,CONSV,2,CONSV-F1,PD_MECH_CONSIDERED,1,-1,-1,-1,-1,-1,-1,-1,-1,false
baseline,seed-5,CONSV,2,,PD_MECH_FINANCE_BLOCKED,-1,-1,-1,-1,2500000,-1,-1,-1,-1,false
baseline,seed-5,VAP,2,VAP-F1,PD_MECH_CONSIDERED,1,-1,-1,-1,-1,-1,-1,-1,-1,false
baseline,seed-5,VAP,2,,PD_MECH_FINANCE_BLOCKED,-1,-1,-1,-1,2500000,-1,-1,-1,-1,false
baseline,seed-5,MASS,3,MASS-F1,PD_MECH_CONSIDERED,0.6222183235867447,-1,-1,-1,-1,-1,-1,-1,-1,false
baseline,seed-5,MASS,3,MASS-F1,PD_MECH_PAYBACK_UNATTRACTIVE,-1,3191.98,106.39933333333329,106399.33333333328,2500000,23.496387821978846,0.7916666666666666,1,9.5,false
baseline,seed-5,MASS,3,,PD_MECH_DEFERRED,-1,-1,-1,-1,-1,-1,-1,-1,-1,false
baseline,seed-5,BAL,3,BAL-F1,PD_MECH_CONSIDERED,1,-1,-1,-1,-1,-1,-1,-1,-1,false
baseline,seed-5,BAL,3,BAL-F1,PD_MECH_PAYBACK_UNATTRACTIVE,-1,5985,199.5,199500,2500000,12.531328320802006,1,1,12,false
baseline,seed-5,BAL,3,,PD_MECH_DEFERRED,-1,-1,-1,-1,-1,-1,-1,-1,-1,false
baseline,seed-5,JPQ,3,JPQ-F1,PD_MECH_CONSIDERED,0.8874108187134503,-1,-1,-1,-1,-1,-1,-1,-1,false
baseline,seed-5,JPQ,3,,PD_MECH_FINANCE_BLOCKED,-1,-1,-1,-1,2500000,-1,-1,-1,-1,false
baseline,seed-5,CONSV,3,CONSV-F1,PD_MECH_CONSIDERED,0.8540601503759399,-1,-1,-1,-1,-1,-1,-1,-1,false
baseline,seed-5,CONSV,3,CONSV-F1,PD_MECH_PAYBACK_UNATTRACTIVE,-1,5111.55,170.385,170385,2500000,14.672653109135194,1.2105263157894737,1.05,13.834586466165414,false
baseline,seed-5,CONSV,3,,PD_MECH_DEFERRED,-1,-1,-1,-1,-1,-1,-1,-1,-1,false
baseline,seed-5,VAP,3,VAP-F1,PD_MECH_CONSIDERED,0.9596881091617934,-1,-1,-1,-1,-1,-1,-1,-1,false
baseline,seed-5,VAP,3,,PD_MECH_FINANCE_BLOCKED,-1,-1,-1,-1,2500000,-1,-1,-1,-1,false
baseline,seed-5,MASS,4,MASS-F1,PD_MECH_CONSIDERED,1,-1,-1,-1,-1,-1,-1,-1,-1,false
baseline,seed-5,MASS,4,MASS-F1,PD_MECH_PAYBACK_UNATTRACTIVE,-1,5130,171,171000,2500000,14.619883040935672,0.7916666666666666,1,9.5,false
baseline,seed-5,MASS,4,,PD_MECH_DEFERRED,-1,-1,-1,-1,-1,-1,-1,-1,-1,false
baseline,seed-5,BAL,4,BAL-F1,PD_MECH_CONSIDERED,1,-1,-1,-1,-1,-1,-1,-1,-1,false
baseline,seed-5,BAL,4,BAL-F1,PD_MECH_PAYBACK_UNATTRACTIVE,-1,5985,199.5,199500,2500000,12.531328320802006,1,1,12,false
baseline,seed-5,BAL,4,,PD_MECH_DEFERRED,-1,-1,-1,-1,-1,-1,-1,-1,-1,false
baseline,seed-5,JPQ,4,JPQ-F1,PD_MECH_CONSIDERED,0.943704678362573,-1,-1,-1,-1,-1,-1,-1,-1,false
baseline,seed-5,JPQ,4,,PD_MECH_FINANCE_BLOCKED,-1,-1,-1,-1,2500000,-1,-1,-1,-1,false
baseline,seed-5,CONSV,4,CONSV-F1,PD_MECH_CONSIDERED,0.9301487050960735,-1,-1,-1,-1,-1,-1,-1,-1,false
baseline,seed-5,CONSV,4,CONSV-F1,PD_MECH_PROPOSED,-1,5566.94,185.56466666666665,185564.66666666666,2500000,13.472392373548125,1.2105263157894737,1.05,13.834586466165414,true
baseline,seed-5,VAP,4,VAP-F1,PD_MECH_CONSIDERED,0.8943801169590644,-1,-1,-1,-1,-1,-1,-1,-1,false
baseline,seed-5,VAP,4,,PD_MECH_FINANCE_BLOCKED,-1,-1,-1,-1,2500000,-1,-1,-1,-1,false
baseline,seed-5,MASS,5,MASS-F1,PD_MECH_CONSIDERED,0.5618674463937622,-1,-1,-1,-1,-1,-1,-1,-1,false
baseline,seed-5,MASS,5,MASS-F1,PD_MECH_PAYBACK_UNATTRACTIVE,-1,2882.38,96.0793333333333,96079.3333333333,2500000,26.020163892338978,0.7916666666666666,1,9.5,false
baseline,seed-5,MASS,5,,PD_MECH_DEFERRED,-1,-1,-1,-1,-1,-1,-1,-1,-1,false
baseline,seed-5,BAL,5,BAL-F1,PD_MECH_CONSIDERED,1,-1,-1,-1,-1,-1,-1,-1,-1,false
baseline,seed-5,BAL,5,BAL-F1,PD_MECH_PAYBACK_UNATTRACTIVE,-1,5985,199.5,199500,2500000,12.531328320802006,1,1,12,false
baseline,seed-5,BAL,5,,PD_MECH_DEFERRED,-1,-1,-1,-1,-1,-1,-1,-1,-1,false
baseline,seed-5,JPQ,5,JPQ-F1,PD_MECH_CONSIDERED,0.959624269005848,-1,-1,-1,-1,-1,-1,-1,-1,false
baseline,seed-5,JPQ,5,,PD_MECH_FINANCE_BLOCKED,-1,-1,-1,-1,2500000,-1,-1,-1,-1,false
baseline,seed-5,CONSV,5,CONSV-F1,PD_MECH_CONSIDERED,1,-1,-1,-1,-1,-1,-1,-1,-1,false
baseline,seed-5,CONSV,5,CONSV-F1,PD_MECH_PROPOSED,-1,5985,199.5,199500,2500000,12.531328320802006,1.2105263157894737,1.05,13.834586466165414,true
baseline,seed-5,VAP,5,VAP-F1,PD_MECH_CONSIDERED,1,-1,-1,-1,-1,-1,-1,-1,-1,false
baseline,seed-5,VAP,5,,PD_MECH_FINANCE_BLOCKED,-1,-1,-1,-1,2500000,-1,-1,-1,-1,false
baseline,seed-5,MASS,6,MASS-F1,PD_MECH_CONSIDERED,0.997280701754386,-1,-1,-1,-1,-1,-1,-1,-1,false
baseline,seed-5,MASS,6,MASS-F1,PD_MECH_PAYBACK_UNATTRACTIVE,-1,5116.05,170.53499999999997,170534.99999999997,2500000,14.659747265957137,0.7916666666666666,1,9.5,false
baseline,seed-5,MASS,6,,PD_MECH_DEFERRED,-1,-1,-1,-1,-1,-1,-1,-1,-1,false
baseline,seed-5,BAL,6,BAL-F1,PD_MECH_CONSIDERED,1,-1,-1,-1,-1,-1,-1,-1,-1,false
baseline,seed-5,BAL,6,,PD_MECH_FINANCE_BLOCKED,-1,-1,-1,-1,2500000,-1,-1,-1,-1,false
baseline,seed-5,JPQ,6,JPQ-F1,PD_MECH_CONSIDERED,0.8879342105263158,-1,-1,-1,-1,-1,-1,-1,-1,false
baseline,seed-5,JPQ,6,,PD_MECH_FINANCE_BLOCKED,-1,-1,-1,-1,2500000,-1,-1,-1,-1,false
baseline,seed-5,CONSV,6,,PD_MECH_DEFERRED,-1,-1,-1,-1,-1,-1,-1,-1,-1,false
baseline,seed-5,VAP,6,VAP-F1,PD_MECH_CONSIDERED,1,-1,-1,-1,-1,-1,-1,-1,-1,false
baseline,seed-5,VAP,6,,PD_MECH_FINANCE_BLOCKED,-1,-1,-1,-1,2500000,-1,-1,-1,-1,false
baseline,seed-5,MASS,7,MASS-F1,PD_MECH_CONSIDERED,0.5912066276803118,-1,-1,-1,-1,-1,-1,-1,-1,false
baseline,seed-5,MASS,7,MASS-F1,PD_MECH_PAYBACK_UNATTRACTIVE,-1,3032.89,101.09633333333335,101096.33333333334,2500000,24.728888947505514,0.7916666666666666,1,9.5,false
baseline,seed-5,MASS,7,,PD_MECH_DEFERRED,-1,-1,-1,-1,-1,-1,-1,-1,-1,false
baseline,seed-5,BAL,7,BAL-F1,PD_MECH_CONSIDERED,1,-1,-1,-1,-1,-1,-1,-1,-1,false
baseline,seed-5,BAL,7,BAL-F1,PD_MECH_PROPOSED,-1,6284.25,209.4749999999999,209474.9999999999,2500000,11.93459840076382,1,1,12,true
baseline,seed-5,JPQ,7,JPQ-F1,PD_MECH_CONSIDERED,0.8780233918128656,-1,-1,-1,-1,-1,-1,-1,-1,false
baseline,seed-5,JPQ,7,,PD_MECH_FINANCE_BLOCKED,-1,-1,-1,-1,2500000,-1,-1,-1,-1,false
baseline,seed-5,CONSV,7,,PD_MECH_DEFERRED,-1,-1,-1,-1,-1,-1,-1,-1,-1,false
baseline,seed-5,VAP,7,VAP-F1,PD_MECH_CONSIDERED,1,-1,-1,-1,-1,-1,-1,-1,-1,false
baseline,seed-5,VAP,7,,PD_MECH_FINANCE_BLOCKED,-1,-1,-1,-1,2500000,-1,-1,-1,-1,false
baseline,seed-5,MASS,8,MASS-F1,PD_MECH_CONSIDERED,1,-1,-1,-1,-1,-1,-1,-1,-1,false
baseline,seed-5,MASS,8,MASS-F1,PD_MECH_PAYBACK_UNATTRACTIVE,-1,5130,171,171000,2500000,14.619883040935672,0.7916666666666666,1,9.5,false
baseline,seed-5,MASS,8,,PD_MECH_DEFERRED,-1,-1,-1,-1,-1,-1,-1,-1,-1,false
baseline,seed-5,BAL,8,,PD_MECH_DEFERRED,-1,-1,-1,-1,-1,-1,-1,-1,-1,false
baseline,seed-5,JPQ,8,JPQ-F1,PD_MECH_CONSIDERED,0.8584941520467837,-1,-1,-1,-1,-1,-1,-1,-1,false
baseline,seed-5,JPQ,8,JPQ-F1,PD_MECH_PROPOSED,-1,5872.1,195.73666666666668,195736.6666666667,2500000,12.772262052757956,1.1176470588235294,1,13.411764705882353,true
baseline,seed-5,CONSV,8,,PD_MECH_DEFERRED,-1,-1,-1,-1,-1,-1,-1,-1,-1,false
baseline,seed-5,VAP,8,VAP-F1,PD_MECH_CONSIDERED,1,-1,-1,-1,-1,-1,-1,-1,-1,false
baseline,seed-5,VAP,8,VAP-F1,PD_MECH_PROPOSED,-1,5130,171,171000,2500000,14.619883040935672,1.411764705882353,1,16.941176470588236,true
baseline,seed-5,MASS,9,MASS-F1,PD_MECH_CONSIDERED,0.47445419103313835,-1,-1,-1,-1,-1,-1,-1,-1,false
baseline,seed-5,MASS,9,MASS-F1,PD_MECH_LOW_UTILIZATION,0.47445419103313835,-1,-1,-1,-1,-1,-1,-1,-1,false
baseline,seed-5,MASS,9,,PD_MECH_DEFERRED,-1,-1,-1,-1,-1,-1,-1,-1,-1,false
baseline,seed-5,BAL,9,,PD_MECH_DEFERRED,-1,-1,-1,-1,-1,-1,-1,-1,-1,false
baseline,seed-5,JPQ,9,,PD_MECH_DEFERRED,-1,-1,-1,-1,-1,-1,-1,-1,-1,false
baseline,seed-5,CONSV,9,,PD_MECH_DEFERRED,-1,-1,-1,-1,-1,-1,-1,-1,-1,false
baseline,seed-5,VAP,9,,PD_MECH_DEFERRED,-1,-1,-1,-1,-1,-1,-1,-1,-1,false
baseline,seed-5,MASS,10,MASS-F1,PD_MECH_CONSIDERED,1,-1,-1,-1,-1,-1,-1,-1,-1,false
baseline,seed-5,MASS,10,MASS-F1,PD_MECH_PAYBACK_UNATTRACTIVE,-1,5130,171,171000,2500000,14.619883040935672,0.7916666666666666,1,9.5,false
baseline,seed-5,MASS,10,,PD_MECH_DEFERRED,-1,-1,-1,-1,-1,-1,-1,-1,-1,false
baseline,seed-5,BAL,10,,PD_MECH_DEFERRED,-1,-1,-1,-1,-1,-1,-1,-1,-1,false
baseline,seed-5,JPQ,10,,PD_MECH_DEFERRED,-1,-1,-1,-1,-1,-1,-1,-1,-1,false
baseline,seed-5,CONSV,10,,PD_MECH_DEFERRED,-1,-1,-1,-1,-1,-1,-1,-1,-1,false
baseline,seed-5,VAP,10,,PD_MECH_DEFERRED,-1,-1,-1,-1,-1,-1,-1,-1,-1,false
baseline,seed-5,MASS,11,MASS-F1,PD_MECH_CONSIDERED,0.8225614035087719,-1,-1,-1,-1,-1,-1,-1,-1,false
baseline,seed-5,MASS,11,MASS-F1,PD_MECH_PAYBACK_UNATTRACTIVE,-1,4219.74,140.65800000000002,140658.00000000003,2500000,17.773606904690805,0.7916666666666666,1,9.5,false
baseline,seed-5,MASS,11,,PD_MECH_DEFERRED,-1,-1,-1,-1,-1,-1,-1,-1,-1,false
baseline,seed-5,BAL,11,,PD_MECH_DEFERRED,-1,-1,-1,-1,-1,-1,-1,-1,-1,false
baseline,seed-5,JPQ,11,,PD_MECH_DEFERRED,-1,-1,-1,-1,-1,-1,-1,-1,-1,false
baseline,seed-5,CONSV,11,,PD_MECH_DEFERRED,-1,-1,-1,-1,-1,-1,-1,-1,-1,false
baseline,seed-5,VAP,11,,PD_MECH_DEFERRED,-1,-1,-1,-1,-1,-1,-1,-1,-1,false
baseline,seed-5,MASS,12,MASS-F1,PD_MECH_CONSIDERED,1,-1,-1,-1,-1,-1,-1,-1,-1,false
baseline,seed-5,MASS,12,MASS-F1,PD_MECH_PAYBACK_UNATTRACTIVE,-1,5130,171,171000,2500000,14.619883040935672,0.7916666666666666,1,9.5,false
baseline,seed-5,MASS,12,,PD_MECH_DEFERRED,-1,-1,-1,-1,-1,-1,-1,-1,-1,false
baseline,seed-5,BAL,12,,PD_MECH_DEFERRED,-1,-1,-1,-1,-1,-1,-1,-1,-1,false
baseline,seed-5,JPQ,12,,PD_MECH_DEFERRED,-1,-1,-1,-1,-1,-1,-1,-1,-1,false
baseline,seed-5,CONSV,12,,PD_MECH_DEFERRED,-1,-1,-1,-1,-1,-1,-1,-1,-1,false
baseline,seed-5,VAP,12,,PD_MECH_DEFERRED,-1,-1,-1,-1,-1,-1,-1,-1,-1,false
baseline,seed-5,MASS,13,MASS-F1,PD_MECH_CONSIDERED,1,-1,-1,-1,-1,-1,-1,-1,-1,false
baseline,seed-5,MASS,13,MASS-F1,PD_MECH_PAYBACK_UNATTRACTIVE,-1,5130,171,171000,2500000,14.619883040935672,0.7916666666666666,1,9.5,false
baseline,seed-5,MASS,13,,PD_MECH_DEFERRED,-1,-1,-1,-1,-1,-1,-1,-1,-1,false
baseline,seed-5,BAL,13,,PD_MECH_DEFERRED,-1,-1,-1,-1,-1,-1,-1,-1,-1,false
baseline,seed-5,JPQ,13,,PD_MECH_DEFERRED,-1,-1,-1,-1,-1,-1,-1,-1,-1,false
baseline,seed-5,CONSV,13,,PD_MECH_DEFERRED,-1,-1,-1,-1,-1,-1,-1,-1,-1,false
baseline,seed-5,VAP,13,,PD_MECH_DEFERRED,-1,-1,-1,-1,-1,-1,-1,-1,-1,false
baseline,seed-5,MASS,14,MASS-F1,PD_MECH_CONSIDERED,1,-1,-1,-1,-1,-1,-1,-1,-1,false
baseline,seed-5,MASS,14,MASS-F1,PD_MECH_PAYBACK_UNATTRACTIVE,-1,5130,171,171000,2500000,14.619883040935672,0.7916666666666666,1,9.5,false
baseline,seed-5,MASS,14,,PD_MECH_DEFERRED,-1,-1,-1,-1,-1,-1,-1,-1,-1,false
baseline,seed-5,BAL,14,,PD_MECH_DEFERRED,-1,-1,-1,-1,-1,-1,-1,-1,-1,false
baseline,seed-5,JPQ,14,,PD_MECH_DEFERRED,-1,-1,-1,-1,-1,-1,-1,-1,-1,false
baseline,seed-5,CONSV,14,,PD_MECH_DEFERRED,-1,-1,-1,-1,-1,-1,-1,-1,-1,false
baseline,seed-5,VAP,14,,PD_MECH_DEFERRED,-1,-1,-1,-1,-1,-1,-1,-1,-1,false
baseline,seed-5,MASS,15,MASS-F1,PD_MECH_CONSIDERED,1,-1,-1,-1,-1,-1,-1,-1,-1,false
baseline,seed-5,MASS,15,MASS-F1,PD_MECH_PAYBACK_UNATTRACTIVE,-1,5130,171,171000,2500000,14.619883040935672,0.7916666666666666,1,9.5,false
baseline,seed-5,MASS,15,,PD_MECH_DEFERRED,-1,-1,-1,-1,-1,-1,-1,-1,-1,false
baseline,seed-5,BAL,15,,PD_MECH_DEFERRED,-1,-1,-1,-1,-1,-1,-1,-1,-1,false
baseline,seed-5,JPQ,15,,PD_MECH_DEFERRED,-1,-1,-1,-1,-1,-1,-1,-1,-1,false
baseline,seed-5,CONSV,15,,PD_MECH_DEFERRED,-1,-1,-1,-1,-1,-1,-1,-1,-1,false
baseline,seed-5,VAP,15,,PD_MECH_DEFERRED,-1,-1,-1,-1,-1,-1,-1,-1,-1,false
baseline,seed-5,MASS,16,MASS-F1,PD_MECH_CONSIDERED,1,-1,-1,-1,-1,-1,-1,-1,-1,false
baseline,seed-5,MASS,16,MASS-F1,PD_MECH_PAYBACK_UNATTRACTIVE,-1,5130,171,171000,2500000,14.619883040935672,0.7916666666666666,1,9.5,false
baseline,seed-5,MASS,16,,PD_MECH_DEFERRED,-1,-1,-1,-1,-1,-1,-1,-1,-1,false
baseline,seed-5,BAL,16,,PD_MECH_DEFERRED,-1,-1,-1,-1,-1,-1,-1,-1,-1,false
baseline,seed-5,JPQ,16,,PD_MECH_DEFERRED,-1,-1,-1,-1,-1,-1,-1,-1,-1,false
baseline,seed-5,CONSV,16,,PD_MECH_DEFERRED,-1,-1,-1,-1,-1,-1,-1,-1,-1,false
baseline,seed-5,VAP,16,,PD_MECH_DEFERRED,-1,-1,-1,-1,-1,-1,-1,-1,-1,false
baseline,seed-5,MASS,17,MASS-F1,PD_MECH_CONSIDERED,1,-1,-1,-1,-1,-1,-1,-1,-1,false
baseline,seed-5,MASS,17,MASS-F1,PD_MECH_PAYBACK_UNATTRACTIVE,-1,5130,171,171000,2500000,14.619883040935672,0.7916666666666666,1,9.5,false
baseline,seed-5,MASS,17,,PD_MECH_DEFERRED,-1,-1,-1,-1,-1,-1,-1,-1,-1,false
baseline,seed-5,BAL,17,,PD_MECH_DEFERRED,-1,-1,-1,-1,-1,-1,-1,-1,-1,false
baseline,seed-5,JPQ,17,,PD_MECH_DEFERRED,-1,-1,-1,-1,-1,-1,-1,-1,-1,false
baseline,seed-5,CONSV,17,,PD_MECH_DEFERRED,-1,-1,-1,-1,-1,-1,-1,-1,-1,false
baseline,seed-5,VAP,17,,PD_MECH_DEFERRED,-1,-1,-1,-1,-1,-1,-1,-1,-1,false
baseline,seed-5,MASS,18,MASS-F1,PD_MECH_CONSIDERED,1,-1,-1,-1,-1,-1,-1,-1,-1,false
baseline,seed-5,MASS,18,MASS-F1,PD_MECH_PAYBACK_UNATTRACTIVE,-1,5130,171,171000,2500000,14.619883040935672,0.7916666666666666,1,9.5,false
baseline,seed-5,MASS,18,,PD_MECH_DEFERRED,-1,-1,-1,-1,-1,-1,-1,-1,-1,false
baseline,seed-5,BAL,18,,PD_MECH_DEFERRED,-1,-1,-1,-1,-1,-1,-1,-1,-1,false
baseline,seed-5,JPQ,18,,PD_MECH_DEFERRED,-1,-1,-1,-1,-1,-1,-1,-1,-1,false
baseline,seed-5,CONSV,18,,PD_MECH_DEFERRED,-1,-1,-1,-1,-1,-1,-1,-1,-1,false
baseline,seed-5,VAP,18,,PD_MECH_DEFERRED,-1,-1,-1,-1,-1,-1,-1,-1,-1,false
baseline,seed-5,MASS,19,MASS-F1,PD_MECH_CONSIDERED,1,-1,-1,-1,-1,-1,-1,-1,-1,false
baseline,seed-5,MASS,19,MASS-F1,PD_MECH_PAYBACK_UNATTRACTIVE,-1,5130,171,171000,2500000,14.619883040935672,0.7916666666666666,1,9.5,false
baseline,seed-5,MASS,19,,PD_MECH_DEFERRED,-1,-1,-1,-1,-1,-1,-1,-1,-1,false
baseline,seed-5,BAL,19,,PD_MECH_DEFERRED,-1,-1,-1,-1,-1,-1,-1,-1,-1,false
baseline,seed-5,JPQ,19,,PD_MECH_DEFERRED,-1,-1,-1,-1,-1,-1,-1,-1,-1,false
baseline,seed-5,CONSV,19,,PD_MECH_DEFERRED,-1,-1,-1,-1,-1,-1,-1,-1,-1,false
baseline,seed-5,VAP,19,,PD_MECH_DEFERRED,-1,-1,-1,-1,-1,-1,-1,-1,-1,false
baseline,seed-5,MASS,20,MASS-F1,PD_MECH_CONSIDERED,1,-1,-1,-1,-1,-1,-1,-1,-1,false
baseline,seed-5,MASS,20,MASS-F1,PD_MECH_PAYBACK_UNATTRACTIVE,-1,5429.25,180.9749999999999,180974.9999999999,2500000,13.814062715844736,0.7916666666666666,1,9.5,false
baseline,seed-5,MASS,20,,PD_MECH_DEFERRED,-1,-1,-1,-1,-1,-1,-1,-1,-1,false
baseline,seed-5,BAL,20,,PD_MECH_DEFERRED,-1,-1,-1,-1,-1,-1,-1,-1,-1,false
baseline,seed-5,JPQ,20,,PD_MECH_DEFERRED,-1,-1,-1,-1,-1,-1,-1,-1,-1,false
baseline,seed-5,CONSV,20,,PD_MECH_DEFERRED,-1,-1,-1,-1,-1,-1,-1,-1,-1,false
baseline,seed-5,VAP,20,,PD_MECH_DEFERRED,-1,-1,-1,-1,-1,-1,-1,-1,-1,false
baseline,seed-5,MASS,21,MASS-F1,PD_MECH_CONSIDERED,1,-1,-1,-1,-1,-1,-1,-1,-1,false
baseline,seed-5,MASS,21,MASS-F1,PD_MECH_PAYBACK_UNATTRACTIVE,-1,5429.25,180.9749999999999,180974.9999999999,2500000,13.814062715844736,0.7916666666666666,1,9.5,false
baseline,seed-5,MASS,21,,PD_MECH_DEFERRED,-1,-1,-1,-1,-1,-1,-1,-1,-1,false
baseline,seed-5,BAL,21,,PD_MECH_DEFERRED,-1,-1,-1,-1,-1,-1,-1,-1,-1,false
baseline,seed-5,JPQ,21,,PD_MECH_DEFERRED,-1,-1,-1,-1,-1,-1,-1,-1,-1,false
baseline,seed-5,CONSV,21,,PD_MECH_DEFERRED,-1,-1,-1,-1,-1,-1,-1,-1,-1,false
baseline,seed-5,VAP,21,,PD_MECH_DEFERRED,-1,-1,-1,-1,-1,-1,-1,-1,-1,false
baseline,seed-5,MASS,22,MASS-F1,PD_MECH_CONSIDERED,1,-1,-1,-1,-1,-1,-1,-1,-1,false
baseline,seed-5,MASS,22,MASS-F1,PD_MECH_PAYBACK_UNATTRACTIVE,-1,5429.25,180.9749999999999,180974.9999999999,2500000,13.814062715844736,0.7916666666666666,1,9.5,false
baseline,seed-5,MASS,22,,PD_MECH_DEFERRED,-1,-1,-1,-1,-1,-1,-1,-1,-1,false
baseline,seed-5,BAL,22,,PD_MECH_DEFERRED,-1,-1,-1,-1,-1,-1,-1,-1,-1,false
baseline,seed-5,JPQ,22,,PD_MECH_DEFERRED,-1,-1,-1,-1,-1,-1,-1,-1,-1,false
baseline,seed-5,CONSV,22,,PD_MECH_DEFERRED,-1,-1,-1,-1,-1,-1,-1,-1,-1,false
baseline,seed-5,VAP,22,,PD_MECH_DEFERRED,-1,-1,-1,-1,-1,-1,-1,-1,-1,false
baseline,seed-5,MASS,23,MASS-F1,PD_MECH_CONSIDERED,1,-1,-1,-1,-1,-1,-1,-1,-1,false
baseline,seed-5,MASS,23,MASS-F1,PD_MECH_PAYBACK_UNATTRACTIVE,-1,5429.25,180.9749999999999,180974.9999999999,2500000,13.814062715844736,0.7916666666666666,1,9.5,false
baseline,seed-5,MASS,23,,PD_MECH_DEFERRED,-1,-1,-1,-1,-1,-1,-1,-1,-1,false
baseline,seed-5,BAL,23,,PD_MECH_DEFERRED,-1,-1,-1,-1,-1,-1,-1,-1,-1,false
baseline,seed-5,JPQ,23,,PD_MECH_DEFERRED,-1,-1,-1,-1,-1,-1,-1,-1,-1,false
baseline,seed-5,CONSV,23,,PD_MECH_DEFERRED,-1,-1,-1,-1,-1,-1,-1,-1,-1,false
baseline,seed-5,VAP,23,,PD_MECH_DEFERRED,-1,-1,-1,-1,-1,-1,-1,-1,-1,false
baseline,seed-5,MASS,24,MASS-F1,PD_MECH_CONSIDERED,1,-1,-1,-1,-1,-1,-1,-1,-1,false
baseline,seed-5,MASS,24,MASS-F1,PD_MECH_PAYBACK_UNATTRACTIVE,-1,5728.5,190.95000000000005,190950.00000000006,2500000,13.092432573972241,0.7916666666666666,1,9.5,false
baseline,seed-5,MASS,24,MASS-NEWF-MASS-CAPEX-4,PD_MECH_CONSIDERED,0,-1,-1,-1,-1,-1,-1,-1,-1,false
baseline,seed-5,MASS,24,MASS-NEWF-MASS-CAPEX-4,PD_MECH_LOW_UTILIZATION,0,-1,-1,-1,-1,-1,-1,-1,-1,false
baseline,seed-5,MASS,24,,PD_MECH_DEFERRED,-1,-1,-1,-1,-1,-1,-1,-1,-1,false
baseline,seed-5,BAL,24,,PD_MECH_DEFERRED,-1,-1,-1,-1,-1,-1,-1,-1,-1,false
baseline,seed-5,JPQ,24,,PD_MECH_DEFERRED,-1,-1,-1,-1,-1,-1,-1,-1,-1,false
baseline,seed-5,CONSV,24,,PD_MECH_DEFERRED,-1,-1,-1,-1,-1,-1,-1,-1,-1,false
baseline,seed-5,VAP,24,,PD_MECH_DEFERRED,-1,-1,-1,-1,-1,-1,-1,-1,-1,false
baseline,seed-5,MASS,25,MASS-F1,PD_MECH_CONSIDERED,1,-1,-1,-1,-1,-1,-1,-1,-1,false
baseline,seed-5,MASS,25,MASS-F1,PD_MECH_PAYBACK_UNATTRACTIVE,-1,5728.5,190.95000000000005,190950.00000000006,2500000,13.092432573972241,0.7916666666666666,1,9.5,false
baseline,seed-5,MASS,25,MASS-NEWF-MASS-CAPEX-4,PD_MECH_CONSIDERED,1,-1,-1,-1,-1,-1,-1,-1,-1,false
baseline,seed-5,MASS,25,MASS-NEWF-MASS-CAPEX-4,PD_MECH_PAYBACK_UNATTRACTIVE,-1,5130,171,171000,2500000,14.619883040935672,0.7916666666666666,1,9.5,false
baseline,seed-5,MASS,25,,PD_MECH_DEFERRED,-1,-1,-1,-1,-1,-1,-1,-1,-1,false
baseline,seed-5,BAL,25,,PD_MECH_DEFERRED,-1,-1,-1,-1,-1,-1,-1,-1,-1,false
baseline,seed-5,JPQ,25,,PD_MECH_DEFERRED,-1,-1,-1,-1,-1,-1,-1,-1,-1,false
baseline,seed-5,CONSV,25,,PD_MECH_DEFERRED,-1,-1,-1,-1,-1,-1,-1,-1,-1,false
baseline,seed-5,VAP,25,,PD_MECH_DEFERRED,-1,-1,-1,-1,-1,-1,-1,-1,-1,false
baseline,seed-5,MASS,26,MASS-F1,PD_MECH_CONSIDERED,0.9832573972244043,-1,-1,-1,-1,-1,-1,-1,-1,false
baseline,seed-5,MASS,26,MASS-F1,PD_MECH_PAYBACK_UNATTRACTIVE,-1,5632.59,187.75300000000004,187753.00000000003,2500000,13.315366465515861,0.7916666666666666,1,9.5,false
baseline,seed-5,MASS,26,MASS-NEWF-MASS-CAPEX-4,PD_MECH_CONSIDERED,0,-1,-1,-1,-1,-1,-1,-1,-1,false
baseline,seed-5,MASS,26,MASS-NEWF-MASS-CAPEX-4,PD_MECH_LOW_UTILIZATION,0,-1,-1,-1,-1,-1,-1,-1,-1,false
baseline,seed-5,MASS,26,,PD_MECH_DEFERRED,-1,-1,-1,-1,-1,-1,-1,-1,-1,false
baseline,seed-5,BAL,26,,PD_MECH_DEFERRED,-1,-1,-1,-1,-1,-1,-1,-1,-1,false
baseline,seed-5,JPQ,26,,PD_MECH_DEFERRED,-1,-1,-1,-1,-1,-1,-1,-1,-1,false
baseline,seed-5,CONSV,26,,PD_MECH_DEFERRED,-1,-1,-1,-1,-1,-1,-1,-1,-1,false
baseline,seed-5,VAP,26,,PD_MECH_DEFERRED,-1,-1,-1,-1,-1,-1,-1,-1,-1,false
baseline,seed-5,MASS,27,MASS-F1,PD_MECH_CONSIDERED,0.9614960286287859,-1,-1,-1,-1,-1,-1,-1,-1,false
baseline,seed-5,MASS,27,MASS-F1,PD_MECH_PAYBACK_UNATTRACTIVE,-1,5507.93,183.59766666666667,183597.66666666666,2500000,13.61673078633897,0.7916666666666666,1,9.5,false
baseline,seed-5,MASS,27,MASS-NEWF-MASS-CAPEX-4,PD_MECH_CONSIDERED,0.9614956140350878,-1,-1,-1,-1,-1,-1,-1,-1,false
baseline,seed-5,MASS,27,MASS-NEWF-MASS-CAPEX-4,PD_MECH_PAYBACK_UNATTRACTIVE,-1,6576.63,219.221,219221,2500000,11.404016950930796,0.7916666666666666,1,9.5,false
baseline,seed-5,MASS,27,,PD_MECH_DEFERRED,-1,-1,-1,-1,-1,-1,-1,-1,-1,false
baseline,seed-5,BAL,27,,PD_MECH_DEFERRED,-1,-1,-1,-1,-1,-1,-1,-1,-1,false
baseline,seed-5,JPQ,27,,PD_MECH_DEFERRED,-1,-1,-1,-1,-1,-1,-1,-1,-1,false
baseline,seed-5,CONSV,27,,PD_MECH_DEFERRED,-1,-1,-1,-1,-1,-1,-1,-1,-1,false
baseline,seed-5,VAP,27,,PD_MECH_DEFERRED,-1,-1,-1,-1,-1,-1,-1,-1,-1,false
baseline,seed-5,MASS,28,MASS-F1,PD_MECH_CONSIDERED,0.8391917604957668,-1,-1,-1,-1,-1,-1,-1,-1,false
baseline,seed-5,MASS,28,MASS-F1,PD_MECH_PAYBACK_UNATTRACTIVE,-1,4807.31,160.24366666666674,160243.66666666674,2500000,15.60124061065335,0.7916666666666666,1,9.5,false
baseline,seed-5,MASS,28,MASS-NEWF-MASS-CAPEX-4,PD_MECH_CONSIDERED,0.7116842105263158,-1,-1,-1,-1,-1,-1,-1,-1,false
baseline,seed-5,MASS,28,MASS-NEWF-MASS-CAPEX-4,PD_MECH_PAYBACK_UNATTRACTIVE,-1,4867.92,162.264,162264,2500000,15.406991076270769,0.7916666666666666,1,9.5,false
baseline,seed-5,MASS,28,,PD_MECH_DEFERRED,-1,-1,-1,-1,-1,-1,-1,-1,-1,false
baseline,seed-5,BAL,28,,PD_MECH_DEFERRED,-1,-1,-1,-1,-1,-1,-1,-1,-1,false
baseline,seed-5,JPQ,28,,PD_MECH_DEFERRED,-1,-1,-1,-1,-1,-1,-1,-1,-1,false
baseline,seed-5,CONSV,28,,PD_MECH_DEFERRED,-1,-1,-1,-1,-1,-1,-1,-1,-1,false
baseline,seed-5,VAP,28,,PD_MECH_DEFERRED,-1,-1,-1,-1,-1,-1,-1,-1,-1,false
baseline,seed-5,MASS,29,MASS-F1,PD_MECH_CONSIDERED,0.6852771231561491,-1,-1,-1,-1,-1,-1,-1,-1,false
baseline,seed-5,MASS,29,MASS-F1,PD_MECH_PAYBACK_UNATTRACTIVE,-1,3925.61,130.85366666666675,130853.66666666676,2500000,19.105311021726546,0.7916666666666666,1,9.5,false
baseline,seed-5,MASS,29,MASS-NEWF-MASS-CAPEX-4,PD_MECH_CONSIDERED,0.6075497076023393,-1,-1,-1,-1,-1,-1,-1,-1,false
baseline,seed-5,MASS,29,MASS-NEWF-MASS-CAPEX-4,PD_MECH_PAYBACK_UNATTRACTIVE,-1,4155.64,138.52133333333336,138521.33333333337,2500000,18.047761596288414,0.7916666666666666,1,9.5,false
baseline,seed-5,MASS,29,,PD_MECH_DEFERRED,-1,-1,-1,-1,-1,-1,-1,-1,-1,false
baseline,seed-5,BAL,29,BAL-NEWF-BAL-CAPEX-6,PD_MECH_CONSIDERED,0,-1,-1,-1,-1,-1,-1,-1,-1,false
baseline,seed-5,BAL,29,BAL-NEWF-BAL-CAPEX-6,PD_MECH_LOW_UTILIZATION,0,-1,-1,-1,-1,-1,-1,-1,-1,false
baseline,seed-5,BAL,29,,PD_MECH_DEFERRED,-1,-1,-1,-1,-1,-1,-1,-1,-1,false
baseline,seed-5,JPQ,29,,PD_MECH_DEFERRED,-1,-1,-1,-1,-1,-1,-1,-1,-1,false
baseline,seed-5,CONSV,29,,PD_MECH_DEFERRED,-1,-1,-1,-1,-1,-1,-1,-1,-1,false
baseline,seed-5,VAP,29,,PD_MECH_DEFERRED,-1,-1,-1,-1,-1,-1,-1,-1,-1,false
baseline,seed-5,MASS,30,MASS-F1,PD_MECH_CONSIDERED,0.660260102993803,-1,-1,-1,-1,-1,-1,-1,-1,false
baseline,seed-5,MASS,30,MASS-F1,PD_MECH_PAYBACK_UNATTRACTIVE,-1,3782.3000000000006,126.07666666666671,126076.66666666672,2500000,19.829204452317367,0.7916666666666666,1,9.5,false
baseline,seed-5,MASS,30,MASS-NEWF-MASS-CAPEX-4,PD_MECH_CONSIDERED,0.4337923976608187,-1,-1,-1,-1,-1,-1,-1,-1,false
baseline,seed-5,MASS,30,MASS-NEWF-MASS-CAPEX-4,PD_MECH_LOW_UTILIZATION,0.4337923976608187,-1,-1,-1,-1,-1,-1,-1,-1,false
baseline,seed-5,MASS,30,,PD_MECH_DEFERRED,-1,-1,-1,-1,-1,-1,-1,-1,-1,false
baseline,seed-5,BAL,30,BAL-NEWF-BAL-CAPEX-6,PD_MECH_CONSIDERED,0.555093567251462,-1,-1,-1,-1,-1,-1,-1,-1,false
baseline,seed-5,BAL,30,BAL-NEWF-BAL-CAPEX-6,PD_MECH_PAYBACK_UNATTRACTIVE,-1,2847.63,94.92100000000005,94921.00000000004,2500000,26.3376913433276,1,1,12,false
baseline,seed-5,BAL,30,,PD_MECH_DEFERRED,-1,-1,-1,-1,-1,-1,-1,-1,-1,false
baseline,seed-5,JPQ,30,,PD_MECH_DEFERRED,-1,-1,-1,-1,-1,-1,-1,-1,-1,false
baseline,seed-5,CONSV,30,,PD_MECH_DEFERRED,-1,-1,-1,-1,-1,-1,-1,-1,-1,false
baseline,seed-5,VAP,30,,PD_MECH_DEFERRED,-1,-1,-1,-1,-1,-1,-1,-1,-1,false
baseline,seed-5,MASS,31,MASS-F1,PD_MECH_CONSIDERED,0.8065741468098107,-1,-1,-1,-1,-1,-1,-1,-1,false
baseline,seed-5,MASS,31,MASS-F1,PD_MECH_PAYBACK_UNATTRACTIVE,-1,4620.46,154.01533333333327,154015.33333333328,2500000,16.232150045666454,0.7916666666666666,1,9.5,false
baseline,seed-5,MASS,31,MASS-NEWF-MASS-CAPEX-4,PD_MECH_CONSIDERED,0.4518625730994152,-1,-1,-1,-1,-1,-1,-1,-1,false
baseline,seed-5,MASS,31,MASS-NEWF-MASS-CAPEX-4,PD_MECH_LOW_UTILIZATION,0.4518625730994152,-1,-1,-1,-1,-1,-1,-1,-1,false
baseline,seed-5,MASS,31,MASS-NEWF-MASS-CAPEX-7,PD_MECH_CONSIDERED,0,-1,-1,-1,-1,-1,-1,-1,-1,false
baseline,seed-5,MASS,31,MASS-NEWF-MASS-CAPEX-7,PD_MECH_LOW_UTILIZATION,0,-1,-1,-1,-1,-1,-1,-1,-1,false
baseline,seed-5,MASS,31,,PD_MECH_DEFERRED,-1,-1,-1,-1,-1,-1,-1,-1,-1,false
baseline,seed-5,BAL,31,BAL-NEWF-BAL-CAPEX-6,PD_MECH_CONSIDERED,0.6553196881091617,-1,-1,-1,-1,-1,-1,-1,-1,false
baseline,seed-5,BAL,31,BAL-NEWF-BAL-CAPEX-6,PD_MECH_PAYBACK_UNATTRACTIVE,-1,4482.386666666666,149.41288888888892,149412.8888888889,2500000,16.732157570817925,1,1,12,false
baseline,seed-5,BAL,31,,PD_MECH_DEFERRED,-1,-1,-1,-1,-1,-1,-1,-1,-1,false
baseline,seed-5,JPQ,31,,PD_MECH_DEFERRED,-1,-1,-1,-1,-1,-1,-1,-1,-1,false
baseline,seed-5,CONSV,31,,PD_MECH_DEFERRED,-1,-1,-1,-1,-1,-1,-1,-1,-1,false
baseline,seed-5,VAP,31,,PD_MECH_DEFERRED,-1,-1,-1,-1,-1,-1,-1,-1,-1,false
baseline,seed-5,MASS,32,MASS-F1,PD_MECH_CONSIDERED,0.7570428558959589,-1,-1,-1,-1,-1,-1,-1,-1,false
baseline,seed-5,MASS,32,MASS-F1,PD_MECH_PAYBACK_UNATTRACTIVE,-1,4336.72,144.5573333333333,144557.3333333333,2500000,17.294176243797157,0.7916666666666666,1,9.5,false
baseline,seed-5,MASS,32,MASS-NEWF-MASS-CAPEX-4,PD_MECH_CONSIDERED,0.6452192982456141,-1,-1,-1,-1,-1,-1,-1,-1,false
baseline,seed-5,MASS,32,MASS-NEWF-MASS-CAPEX-4,PD_MECH_PAYBACK_UNATTRACTIVE,-1,4413.3,147.11,147110,2500000,16.9940860580518,0.7916666666666666,1,9.5,false
baseline,seed-5,MASS,32,MASS-NEWF-MASS-CAPEX-7,PD_MECH_CONSIDERED,0.48783625730994157,-1,-1,-1,-1,-1,-1,-1,-1,false
baseline,seed-5,MASS,32,MASS-NEWF-MASS-CAPEX-7,PD_MECH_LOW_UTILIZATION,0.48783625730994157,-1,-1,-1,-1,-1,-1,-1,-1,false
baseline,seed-5,MASS,32,,PD_MECH_DEFERRED,-1,-1,-1,-1,-1,-1,-1,-1,-1,false
baseline,seed-5,BAL,32,BAL-NEWF-BAL-CAPEX-6,PD_MECH_CONSIDERED,0.6956681286549707,-1,-1,-1,-1,-1,-1,-1,-1,false
baseline,seed-5,BAL,32,BAL-NEWF-BAL-CAPEX-6,PD_MECH_PAYBACK_UNATTRACTIVE,-1,4758.37,158.61233333333337,158612.33333333337,2500000,15.761699909843072,1,1,12,false
baseline,seed-5,BAL,32,,PD_MECH_DEFERRED,-1,-1,-1,-1,-1,-1,-1,-1,-1,false
baseline,seed-5,JPQ,32,,PD_MECH_DEFERRED,-1,-1,-1,-1,-1,-1,-1,-1,-1,false
baseline,seed-5,CONSV,32,,PD_MECH_DEFERRED,-1,-1,-1,-1,-1,-1,-1,-1,-1,false
baseline,seed-5,VAP,32,,PD_MECH_DEFERRED,-1,-1,-1,-1,-1,-1,-1,-1,-1,false
ecuador-early-expansion,seed-1,MASS,1,MASS-F1,PD_MECH_CONSIDERED,0,-1,-1,-1,-1,-1,-1,-1,-1,false
ecuador-early-expansion,seed-1,MASS,1,MASS-F1,PD_MECH_LOW_UTILIZATION,0,-1,-1,-1,-1,-1,-1,-1,-1,false
ecuador-early-expansion,seed-1,MASS,1,,PD_MECH_DEFERRED,-1,-1,-1,-1,-1,-1,-1,-1,-1,false
ecuador-early-expansion,seed-1,BAL,1,BAL-F1,PD_MECH_CONSIDERED,0,-1,-1,-1,-1,-1,-1,-1,-1,false
ecuador-early-expansion,seed-1,BAL,1,BAL-F1,PD_MECH_LOW_UTILIZATION,0,-1,-1,-1,-1,-1,-1,-1,-1,false
ecuador-early-expansion,seed-1,BAL,1,,PD_MECH_DEFERRED,-1,-1,-1,-1,-1,-1,-1,-1,-1,false
ecuador-early-expansion,seed-1,JPQ,1,JPQ-F1,PD_MECH_CONSIDERED,0,-1,-1,-1,-1,-1,-1,-1,-1,false
ecuador-early-expansion,seed-1,JPQ,1,JPQ-F1,PD_MECH_LOW_UTILIZATION,0,-1,-1,-1,-1,-1,-1,-1,-1,false
ecuador-early-expansion,seed-1,JPQ,1,,PD_MECH_DEFERRED,-1,-1,-1,-1,-1,-1,-1,-1,-1,false
ecuador-early-expansion,seed-1,CONSV,1,CONSV-F1,PD_MECH_CONSIDERED,0,-1,-1,-1,-1,-1,-1,-1,-1,false
ecuador-early-expansion,seed-1,CONSV,1,CONSV-F1,PD_MECH_LOW_UTILIZATION,0,-1,-1,-1,-1,-1,-1,-1,-1,false
ecuador-early-expansion,seed-1,CONSV,1,,PD_MECH_DEFERRED,-1,-1,-1,-1,-1,-1,-1,-1,-1,false
ecuador-early-expansion,seed-1,VAP,1,VAP-F1,PD_MECH_CONSIDERED,0,-1,-1,-1,-1,-1,-1,-1,-1,false
ecuador-early-expansion,seed-1,VAP,1,VAP-F1,PD_MECH_LOW_UTILIZATION,0,-1,-1,-1,-1,-1,-1,-1,-1,false
ecuador-early-expansion,seed-1,VAP,1,,PD_MECH_DEFERRED,-1,-1,-1,-1,-1,-1,-1,-1,-1,false
ecuador-early-expansion,seed-1,MASS,2,MASS-F1,PD_MECH_CONSIDERED,0.7883040935672515,-1,-1,-1,-1,-1,-1,-1,-1,false
ecuador-early-expansion,seed-1,MASS,2,MASS-F1,PD_MECH_PAYBACK_UNATTRACTIVE,-1,4044.0000000000005,134.79999999999995,134799.99999999994,2500000,18.545994065281906,0.7916666666666666,1,9.5,false
ecuador-early-expansion,seed-1,MASS,2,,PD_MECH_DEFERRED,-1,-1,-1,-1,-1,-1,-1,-1,-1,false
ecuador-early-expansion,seed-1,BAL,2,BAL-F1,PD_MECH_CONSIDERED,0.9271929824561403,-1,-1,-1,-1,-1,-1,-1,-1,false
ecuador-early-expansion,seed-1,BAL,2,BAL-F1,PD_MECH_PAYBACK_UNATTRACTIVE,-1,5549.25,184.9749999999999,184974.9999999999,2500000,13.515339910798764,1,1,12,false
ecuador-early-expansion,seed-1,BAL,2,,PD_MECH_DEFERRED,-1,-1,-1,-1,-1,-1,-1,-1,-1,false
ecuador-early-expansion,seed-1,JPQ,2,JPQ-F1,PD_MECH_CONSIDERED,1,-1,-1,-1,-1,-1,-1,-1,-1,false
ecuador-early-expansion,seed-1,JPQ,2,,PD_MECH_FINANCE_BLOCKED,-1,-1,-1,-1,2500000,-1,-1,-1,-1,false
ecuador-early-expansion,seed-1,CONSV,2,CONSV-F1,PD_MECH_CONSIDERED,1,-1,-1,-1,-1,-1,-1,-1,-1,false
ecuador-early-expansion,seed-1,CONSV,2,,PD_MECH_FINANCE_BLOCKED,-1,-1,-1,-1,2500000,-1,-1,-1,-1,false
ecuador-early-expansion,seed-1,VAP,2,VAP-F1,PD_MECH_CONSIDERED,1,-1,-1,-1,-1,-1,-1,-1,-1,false
ecuador-early-expansion,seed-1,VAP,2,,PD_MECH_FINANCE_BLOCKED,-1,-1,-1,-1,2500000,-1,-1,-1,-1,false
ecuador-early-expansion,seed-1,MASS,3,MASS-F1,PD_MECH_CONSIDERED,0.6432066276803119,-1,-1,-1,-1,-1,-1,-1,-1,false
ecuador-early-expansion,seed-1,MASS,3,MASS-F1,PD_MECH_PAYBACK_UNATTRACTIVE,-1,3299.65,109.98833333333334,109988.33333333334,2500000,22.729683451275132,0.7916666666666666,1,9.5,false
ecuador-early-expansion,seed-1,MASS,3,,PD_MECH_DEFERRED,-1,-1,-1,-1,-1,-1,-1,-1,-1,false
ecuador-early-expansion,seed-1,BAL,3,BAL-F1,PD_MECH_CONSIDERED,1,-1,-1,-1,-1,-1,-1,-1,-1,false
ecuador-early-expansion,seed-1,BAL,3,BAL-F1,PD_MECH_PAYBACK_UNATTRACTIVE,-1,5985,199.5,199500,2500000,12.531328320802006,1,1,12,false
ecuador-early-expansion,seed-1,BAL,3,,PD_MECH_DEFERRED,-1,-1,-1,-1,-1,-1,-1,-1,-1,false
ecuador-early-expansion,seed-1,JPQ,3,JPQ-F1,PD_MECH_CONSIDERED,0.8874108187134503,-1,-1,-1,-1,-1,-1,-1,-1,false
ecuador-early-expansion,seed-1,JPQ,3,JPQ-F1,PD_MECH_PROPOSED,-1,6069.89,202.32966666666664,202329.66666666663,2500000,12.356072350569782,1.1176470588235294,1,13.411764705882353,true
ecuador-early-expansion,seed-1,CONSV,3,CONSV-F1,PD_MECH_CONSIDERED,0.8540601503759399,-1,-1,-1,-1,-1,-1,-1,-1,false
ecuador-early-expansion,seed-1,CONSV,3,CONSV-F1,PD_MECH_PAYBACK_UNATTRACTIVE,-1,5111.55,170.385,170385,2500000,14.672653109135194,1.2105263157894737,1.05,13.834586466165414,false
ecuador-early-expansion,seed-1,CONSV,3,,PD_MECH_DEFERRED,-1,-1,-1,-1,-1,-1,-1,-1,-1,false
ecuador-early-expansion,seed-1,VAP,3,VAP-F1,PD_MECH_CONSIDERED,0.9596881091617934,-1,-1,-1,-1,-1,-1,-1,-1,false
ecuador-early-expansion,seed-1,VAP,3,,PD_MECH_FINANCE_BLOCKED,-1,-1,-1,-1,2500000,-1,-1,-1,-1,false
ecuador-early-expansion,seed-1,MASS,4,MASS-F1,PD_MECH_CONSIDERED,1,-1,-1,-1,-1,-1,-1,-1,-1,false
ecuador-early-expansion,seed-1,MASS,4,MASS-F1,PD_MECH_PAYBACK_UNATTRACTIVE,-1,5130,171,171000,2500000,14.619883040935672,0.7916666666666666,1,9.5,false
ecuador-early-expansion,seed-1,MASS,4,,PD_MECH_DEFERRED,-1,-1,-1,-1,-1,-1,-1,-1,-1,false
ecuador-early-expansion,seed-1,BAL,4,BAL-F1,PD_MECH_CONSIDERED,1,-1,-1,-1,-1,-1,-1,-1,-1,false
ecuador-early-expansion,seed-1,BAL,4,BAL-F1,PD_MECH_PAYBACK_UNATTRACTIVE,-1,5985,199.5,199500,2500000,12.531328320802006,1,1,12,false
ecuador-early-expansion,seed-1,BAL,4,,PD_MECH_DEFERRED,-1,-1,-1,-1,-1,-1,-1,-1,-1,false
ecuador-early-expansion,seed-1,JPQ,4,,PD_MECH_DEFERRED,-1,-1,-1,-1,-1,-1,-1,-1,-1,false
ecuador-early-expansion,seed-1,CONSV,4,CONSV-F1,PD_MECH_CONSIDERED,0.9301487050960735,-1,-1,-1,-1,-1,-1,-1,-1,false
ecuador-early-expansion,seed-1,CONSV,4,CONSV-F1,PD_MECH_PROPOSED,-1,5566.94,185.56466666666665,185564.66666666666,2500000,13.472392373548125,1.2105263157894737,1.05,13.834586466165414,true
ecuador-early-expansion,seed-1,VAP,4,VAP-F1,PD_MECH_CONSIDERED,0.9024093567251461,-1,-1,-1,-1,-1,-1,-1,-1,false
ecuador-early-expansion,seed-1,VAP,4,,PD_MECH_FINANCE_BLOCKED,-1,-1,-1,-1,2500000,-1,-1,-1,-1,false
ecuador-early-expansion,seed-1,MASS,5,MASS-F1,PD_MECH_CONSIDERED,0.5143430799220273,-1,-1,-1,-1,-1,-1,-1,-1,false
ecuador-early-expansion,seed-1,MASS,5,MASS-F1,PD_MECH_PAYBACK_UNATTRACTIVE,-1,2638.5800000000004,87.95266666666674,87952.66666666674,2500000,28.424379780033174,0.7916666666666666,1,9.5,false
ecuador-early-expansion,seed-1,MASS,5,,PD_MECH_DEFERRED,-1,-1,-1,-1,-1,-1,-1,-1,-1,false
ecuador-early-expansion,seed-1,BAL,5,BAL-F1,PD_MECH_CONSIDERED,1,-1,-1,-1,-1,-1,-1,-1,-1,false
ecuador-early-expansion,seed-1,BAL,5,BAL-F1,PD_MECH_PAYBACK_UNATTRACTIVE,-1,5985,199.5,199500,2500000,12.531328320802006,1,1,12,false
ecuador-early-expansion,seed-1,BAL,5,,PD_MECH_DEFERRED,-1,-1,-1,-1,-1,-1,-1,-1,-1,false
ecuador-early-expansion,seed-1,JPQ,5,,PD_MECH_DEFERRED,-1,-1,-1,-1,-1,-1,-1,-1,-1,false
ecuador-early-expansion,seed-1,CONSV,5,CONSV-F1,PD_MECH_CONSIDERED,1,-1,-1,-1,-1,-1,-1,-1,-1,false
ecuador-early-expansion,seed-1,CONSV,5,CONSV-F1,PD_MECH_PROPOSED,-1,5985,199.5,199500,2500000,12.531328320802006,1.2105263157894737,1.05,13.834586466165414,true
ecuador-early-expansion,seed-1,VAP,5,VAP-F1,PD_MECH_CONSIDERED,1,-1,-1,-1,-1,-1,-1,-1,-1,false
ecuador-early-expansion,seed-1,VAP,5,,PD_MECH_FINANCE_BLOCKED,-1,-1,-1,-1,2500000,-1,-1,-1,-1,false
ecuador-early-expansion,seed-1,MASS,6,MASS-F1,PD_MECH_CONSIDERED,0.9716569200779728,-1,-1,-1,-1,-1,-1,-1,-1,false
ecuador-early-expansion,seed-1,MASS,6,MASS-F1,PD_MECH_PAYBACK_UNATTRACTIVE,-1,4984.6,166.1533333333333,166153.3333333333,2500000,15.046342735625728,0.7916666666666666,1,9.5,false
ecuador-early-expansion,seed-1,MASS,6,,PD_MECH_DEFERRED,-1,-1,-1,-1,-1,-1,-1,-1,-1,false
ecuador-early-expansion,seed-1,BAL,6,BAL-F1,PD_MECH_CONSIDERED,1,-1,-1,-1,-1,-1,-1,-1,-1,false
ecuador-early-expansion,seed-1,BAL,6,,PD_MECH_FINANCE_BLOCKED,-1,-1,-1,-1,2500000,-1,-1,-1,-1,false
ecuador-early-expansion,seed-1,JPQ,6,,PD_MECH_DEFERRED,-1,-1,-1,-1,-1,-1,-1,-1,-1,false
ecuador-early-expansion,seed-1,CONSV,6,,PD_MECH_DEFERRED,-1,-1,-1,-1,-1,-1,-1,-1,-1,false
ecuador-early-expansion,seed-1,VAP,6,VAP-F1,PD_MECH_CONSIDERED,1,-1,-1,-1,-1,-1,-1,-1,-1,false
ecuador-early-expansion,seed-1,VAP,6,,PD_MECH_FINANCE_BLOCKED,-1,-1,-1,-1,2500000,-1,-1,-1,-1,false
ecuador-early-expansion,seed-1,MASS,7,MASS-F1,PD_MECH_CONSIDERED,0.4921598440545809,-1,-1,-1,-1,-1,-1,-1,-1,false
ecuador-early-expansion,seed-1,MASS,7,MASS-F1,PD_MECH_LOW_UTILIZATION,0.4921598440545809,-1,-1,-1,-1,-1,-1,-1,-1,false
ecuador-early-expansion,seed-1,MASS,7,,PD_MECH_DEFERRED,-1,-1,-1,-1,-1,-1,-1,-1,-1,false
ecuador-early-expansion,seed-1,BAL,7,BAL-F1,PD_MECH_CONSIDERED,0.892579066714405,-1,-1,-1,-1,-1,-1,-1,-1,false
ecuador-early-expansion,seed-1,BAL,7,BAL-F1,PD_MECH_PAYBACK_UNATTRACTIVE,-1,5609.19,186.97300000000007,186973.00000000006,2500000,13.370914517069306,1,1,12,false
ecuador-early-expansion,seed-1,BAL,7,,PD_MECH_DEFERRED,-1,-1,-1,-1,-1,-1,-1,-1,-1,false
ecuador-early-expansion,seed-1,JPQ,7,,PD_MECH_DEFERRED,-1,-1,-1,-1,-1,-1,-1,-1,-1,false
ecuador-early-expansion,seed-1,CONSV,7,,PD_MECH_DEFERRED,-1,-1,-1,-1,-1,-1,-1,-1,-1,false
ecuador-early-expansion,seed-1,VAP,7,VAP-F1,PD_MECH_CONSIDERED,1,-1,-1,-1,-1,-1,-1,-1,-1,false
ecuador-early-expansion,seed-1,VAP,7,,PD_MECH_FINANCE_BLOCKED,-1,-1,-1,-1,2500000,-1,-1,-1,-1,false
ecuador-early-expansion,seed-1,MASS,8,MASS-F1,PD_MECH_CONSIDERED,0.8313489278752436,-1,-1,-1,-1,-1,-1,-1,-1,false
ecuador-early-expansion,seed-1,MASS,8,MASS-F1,PD_MECH_PAYBACK_UNATTRACTIVE,-1,4264.82,142.16066666666666,142160.66666666666,2500000,17.585736326503817,0.7916666666666666,1,9.5,false
ecuador-early-expansion,seed-1,MASS,8,,PD_MECH_DEFERRED,-1,-1,-1,-1,-1,-1,-1,-1,-1,false
ecuador-early-expansion,seed-1,BAL,8,BAL-F1,PD_MECH_CONSIDERED,0.9455113975414727,-1,-1,-1,-1,-1,-1,-1,-1,false
ecuador-early-expansion,seed-1,BAL,8,BAL-F1,PD_MECH_PAYBACK_UNATTRACTIVE,-1,5941.83,198.06100000000004,198061.00000000003,2500000,12.62237391510696,1,1,12,false
ecuador-early-expansion,seed-1,BAL,8,,PD_MECH_DEFERRED,-1,-1,-1,-1,-1,-1,-1,-1,-1,false
ecuador-early-expansion,seed-1,JPQ,8,,PD_MECH_DEFERRED,-1,-1,-1,-1,-1,-1,-1,-1,-1,false
ecuador-early-expansion,seed-1,CONSV,8,,PD_MECH_DEFERRED,-1,-1,-1,-1,-1,-1,-1,-1,-1,false
ecuador-early-expansion,seed-1,VAP,8,VAP-F1,PD_MECH_CONSIDERED,1,-1,-1,-1,-1,-1,-1,-1,-1,false
ecuador-early-expansion,seed-1,VAP,8,VAP-F1,PD_MECH_PROPOSED,-1,5130,171,171000,2500000,14.619883040935672,1.411764705882353,1,16.941176470588236,true
ecuador-early-expansion,seed-1,MASS,9,MASS-F1,PD_MECH_CONSIDERED,0.5921345029239766,-1,-1,-1,-1,-1,-1,-1,-1,false
ecuador-early-expansion,seed-1,MASS,9,MASS-F1,PD_MECH_PAYBACK_UNATTRACTIVE,-1,3037.65,101.25499999999994,101254.99999999994,2500000,24.690138758579838,0.7916666666666666,1,9.5,false
ecuador-early-expansion,seed-1,MASS,9,,PD_MECH_DEFERRED,-1,-1,-1,-1,-1,-1,-1,-1,-1,false
ecuador-early-expansion,seed-1,BAL,9,BAL-F1,PD_MECH_CONSIDERED,0.9939817798464415,-1,-1,-1,-1,-1,-1,-1,-1,false
ecuador-early-expansion,seed-1,BAL,9,BAL-F1,PD_MECH_PAYBACK_UNATTRACTIVE,-1,6246.43,208.21433333333334,208214.33333333334,2500000,12.00685831747094,1,1,12,false
ecuador-early-expansion,seed-1,BAL,9,,PD_MECH_DEFERRED,-1,-1,-1,-1,-1,-1,-1,-1,-1,false
ecuador-early-expansion,seed-1,JPQ,9,,PD_MECH_DEFERRED,-1,-1,-1,-1,-1,-1,-1,-1,-1,false
ecuador-early-expansion,seed-1,CONSV,9,,PD_MECH_DEFERRED,-1,-1,-1,-1,-1,-1,-1,-1,-1,false
ecuador-early-expansion,seed-1,VAP,9,VAP-F1,PD_MECH_CONSIDERED,1,-1,-1,-1,-1,-1,-1,-1,-1,false
ecuador-early-expansion,seed-1,VAP,9,VAP-F1,PD_MECH_PROPOSED,-1,5130,171,171000,2500000,14.619883040935672,1.411764705882353,1,16.941176470588236,true
ecuador-early-expansion,seed-1,MASS,10,MASS-F1,PD_MECH_CONSIDERED,0.8918382066276803,-1,-1,-1,-1,-1,-1,-1,-1,false
ecuador-early-expansion,seed-1,MASS,10,MASS-F1,PD_MECH_PAYBACK_UNATTRACTIVE,-1,4575.13,152.50433333333342,152504.33333333343,2500000,16.392976811587857,0.7916666666666666,1,9.5,false
ecuador-early-expansion,seed-1,MASS,10,,PD_MECH_DEFERRED,-1,-1,-1,-1,-1,-1,-1,-1,-1,false
ecuador-early-expansion,seed-1,BAL,10,BAL-F1,PD_MECH_CONSIDERED,0.9906400922942277,-1,-1,-1,-1,-1,-1,-1,-1,false
ecuador-early-expansion,seed-1,BAL,10,BAL-F1,PD_MECH_PAYBACK_UNATTRACTIVE,-1,6225.43,207.5143333333333,207514.33333333328,2500000,12.047360583927539,1,1,12,false
ecuador-early-expansion,seed-1,BAL,10,,PD_MECH_DEFERRED,-1,-1,-1,-1,-1,-1,-1,-1,-1,false
ecuador-early-expansion,seed-1,JPQ,10,,PD_MECH_DEFERRED,-1,-1,-1,-1,-1,-1,-1,-1,-1,false
ecuador-early-expansion,seed-1,CONSV,10,,PD_MECH_DEFERRED,-1,-1,-1,-1,-1,-1,-1,-1,-1,false
ecuador-early-expansion,seed-1,VAP,10,,PD_MECH_DEFERRED,-1,-1,-1,-1,-1,-1,-1,-1,-1,false
ecuador-early-expansion,seed-1,MASS,11,MASS-F1,PD_MECH_CONSIDERED,0.6638109161793372,-1,-1,-1,-1,-1,-1,-1,-1,false
ecuador-early-expansion,seed-1,MASS,11,MASS-F1,PD_MECH_PAYBACK_UNATTRACTIVE,-1,3405.35,113.51166666666666,113511.66666666666,2500000,22.024167853524602,0.7916666666666666,1,9.5,false
ecuador-early-expansion,seed-1,MASS,11,,PD_MECH_DEFERRED,-1,-1,-1,-1,-1,-1,-1,-1,-1,false
ecuador-early-expansion,seed-1,BAL,11,BAL-F1,PD_MECH_CONSIDERED,1,-1,-1,-1,-1,-1,-1,-1,-1,false
ecuador-early-expansion,seed-1,BAL,11,BAL-F1,PD_MECH_PROPOSED,-1,6284.25,209.4749999999999,209474.9999999999,2500000,11.93459840076382,1,1,12,true
ecuador-early-expansion,seed-1,JPQ,11,,PD_MECH_DEFERRED,-1,-1,-1,-1,-1,-1,-1,-1,-1,false
ecuador-early-expansion,seed-1,CONSV,11,,PD_MECH_DEFERRED,-1,-1,-1,-1,-1,-1,-1,-1,-1,false
ecuador-early-expansion,seed-1,VAP,11,,PD_MECH_DEFERRED,-1,-1,-1,-1,-1,-1,-1,-1,-1,false
ecuador-early-expansion,seed-1,MASS,12,MASS-F1,PD_MECH_CONSIDERED,1,-1,-1,-1,-1,-1,-1,-1,-1,false
ecuador-early-expansion,seed-1,MASS,12,MASS-F1,PD_MECH_PAYBACK_UNATTRACTIVE,-1,5130,171,171000,2500000,14.619883040935672,0.7916666666666666,1,9.5,false
ecuador-early-expansion,seed-1,MASS,12,,PD_MECH_DEFERRED,-1,-1,-1,-1,-1,-1,-1,-1,-1,false
ecuador-early-expansion,seed-1,BAL,12,,PD_MECH_DEFERRED,-1,-1,-1,-1,-1,-1,-1,-1,-1,false
ecuador-early-expansion,seed-1,JPQ,12,,PD_MECH_DEFERRED,-1,-1,-1,-1,-1,-1,-1,-1,-1,false
ecuador-early-expansion,seed-1,CONSV,12,,PD_MECH_DEFERRED,-1,-1,-1,-1,-1,-1,-1,-1,-1,false
ecuador-early-expansion,seed-1,VAP,12,,PD_MECH_DEFERRED,-1,-1,-1,-1,-1,-1,-1,-1,-1,false
ecuador-early-expansion,seed-1,MASS,13,MASS-F1,PD_MECH_CONSIDERED,1,-1,-1,-1,-1,-1,-1,-1,-1,false
ecuador-early-expansion,seed-1,MASS,13,MASS-F1,PD_MECH_PAYBACK_UNATTRACTIVE,-1,5130,171,171000,2500000,14.619883040935672,0.7916666666666666,1,9.5,false
ecuador-early-expansion,seed-1,MASS,13,,PD_MECH_DEFERRED,-1,-1,-1,-1,-1,-1,-1,-1,-1,false
ecuador-early-expansion,seed-1,BAL,13,,PD_MECH_DEFERRED,-1,-1,-1,-1,-1,-1,-1,-1,-1,false
ecuador-early-expansion,seed-1,JPQ,13,,PD_MECH_DEFERRED,-1,-1,-1,-1,-1,-1,-1,-1,-1,false
ecuador-early-expansion,seed-1,CONSV,13,,PD_MECH_DEFERRED,-1,-1,-1,-1,-1,-1,-1,-1,-1,false
ecuador-early-expansion,seed-1,VAP,13,,PD_MECH_DEFERRED,-1,-1,-1,-1,-1,-1,-1,-1,-1,false
ecuador-early-expansion,seed-1,MASS,14,MASS-F1,PD_MECH_CONSIDERED,1,-1,-1,-1,-1,-1,-1,-1,-1,false
ecuador-early-expansion,seed-1,MASS,14,MASS-F1,PD_MECH_PAYBACK_UNATTRACTIVE,-1,5130,171,171000,2500000,14.619883040935672,0.7916666666666666,1,9.5,false
ecuador-early-expansion,seed-1,MASS,14,,PD_MECH_DEFERRED,-1,-1,-1,-1,-1,-1,-1,-1,-1,false
ecuador-early-expansion,seed-1,BAL,14,,PD_MECH_DEFERRED,-1,-1,-1,-1,-1,-1,-1,-1,-1,false
ecuador-early-expansion,seed-1,JPQ,14,,PD_MECH_DEFERRED,-1,-1,-1,-1,-1,-1,-1,-1,-1,false
ecuador-early-expansion,seed-1,CONSV,14,,PD_MECH_DEFERRED,-1,-1,-1,-1,-1,-1,-1,-1,-1,false
ecuador-early-expansion,seed-1,VAP,14,,PD_MECH_DEFERRED,-1,-1,-1,-1,-1,-1,-1,-1,-1,false
ecuador-early-expansion,seed-1,MASS,15,MASS-F1,PD_MECH_CONSIDERED,1,-1,-1,-1,-1,-1,-1,-1,-1,false
ecuador-early-expansion,seed-1,MASS,15,MASS-F1,PD_MECH_PAYBACK_UNATTRACTIVE,-1,5130,171,171000,2500000,14.619883040935672,0.7916666666666666,1,9.5,false
ecuador-early-expansion,seed-1,MASS,15,,PD_MECH_DEFERRED,-1,-1,-1,-1,-1,-1,-1,-1,-1,false
ecuador-early-expansion,seed-1,BAL,15,,PD_MECH_DEFERRED,-1,-1,-1,-1,-1,-1,-1,-1,-1,false
ecuador-early-expansion,seed-1,JPQ,15,,PD_MECH_DEFERRED,-1,-1,-1,-1,-1,-1,-1,-1,-1,false
ecuador-early-expansion,seed-1,CONSV,15,,PD_MECH_DEFERRED,-1,-1,-1,-1,-1,-1,-1,-1,-1,false
ecuador-early-expansion,seed-1,VAP,15,,PD_MECH_DEFERRED,-1,-1,-1,-1,-1,-1,-1,-1,-1,false
ecuador-early-expansion,seed-1,MASS,16,MASS-F1,PD_MECH_CONSIDERED,1,-1,-1,-1,-1,-1,-1,-1,-1,false
ecuador-early-expansion,seed-1,MASS,16,MASS-F1,PD_MECH_PAYBACK_UNATTRACTIVE,-1,5130,171,171000,2500000,14.619883040935672,0.7916666666666666,1,9.5,false
ecuador-early-expansion,seed-1,MASS,16,,PD_MECH_DEFERRED,-1,-1,-1,-1,-1,-1,-1,-1,-1,false
ecuador-early-expansion,seed-1,BAL,16,,PD_MECH_DEFERRED,-1,-1,-1,-1,-1,-1,-1,-1,-1,false
ecuador-early-expansion,seed-1,JPQ,16,,PD_MECH_DEFERRED,-1,-1,-1,-1,-1,-1,-1,-1,-1,false
ecuador-early-expansion,seed-1,CONSV,16,,PD_MECH_DEFERRED,-1,-1,-1,-1,-1,-1,-1,-1,-1,false
ecuador-early-expansion,seed-1,VAP,16,,PD_MECH_DEFERRED,-1,-1,-1,-1,-1,-1,-1,-1,-1,false
ecuador-early-expansion,seed-1,MASS,17,MASS-F1,PD_MECH_CONSIDERED,0.9137465886939572,-1,-1,-1,-1,-1,-1,-1,-1,false
ecuador-early-expansion,seed-1,MASS,17,MASS-F1,PD_MECH_PAYBACK_UNATTRACTIVE,-1,4687.52,156.2506666666667,156250.6666666667,2500000,15.999931733624601,0.7916666666666666,1,9.5,false
ecuador-early-expansion,seed-1,MASS,17,,PD_MECH_DEFERRED,-1,-1,-1,-1,-1,-1,-1,-1,-1,false
ecuador-early-expansion,seed-1,BAL,17,,PD_MECH_DEFERRED,-1,-1,-1,-1,-1,-1,-1,-1,-1,false
ecuador-early-expansion,seed-1,JPQ,17,,PD_MECH_DEFERRED,-1,-1,-1,-1,-1,-1,-1,-1,-1,false
ecuador-early-expansion,seed-1,CONSV,17,,PD_MECH_DEFERRED,-1,-1,-1,-1,-1,-1,-1,-1,-1,false
ecuador-early-expansion,seed-1,VAP,17,,PD_MECH_DEFERRED,-1,-1,-1,-1,-1,-1,-1,-1,-1,false
ecuador-early-expansion,seed-1,MASS,18,MASS-F1,PD_MECH_CONSIDERED,0.9896218323586745,-1,-1,-1,-1,-1,-1,-1,-1,false
ecuador-early-expansion,seed-1,MASS,18,MASS-F1,PD_MECH_PAYBACK_UNATTRACTIVE,-1,5076.76,169.22533333333342,169225.33333333343,2500000,14.77320180587618,0.7916666666666666,1,9.5,false
ecuador-early-expansion,seed-1,MASS,18,,PD_MECH_DEFERRED,-1,-1,-1,-1,-1,-1,-1,-1,-1,false
ecuador-early-expansion,seed-1,BAL,18,,PD_MECH_DEFERRED,-1,-1,-1,-1,-1,-1,-1,-1,-1,false
ecuador-early-expansion,seed-1,JPQ,18,,PD_MECH_DEFERRED,-1,-1,-1,-1,-1,-1,-1,-1,-1,false
ecuador-early-expansion,seed-1,CONSV,18,,PD_MECH_DEFERRED,-1,-1,-1,-1,-1,-1,-1,-1,-1,false
ecuador-early-expansion,seed-1,VAP,18,,PD_MECH_DEFERRED,-1,-1,-1,-1,-1,-1,-1,-1,-1,false
ecuador-early-expansion,seed-1,MASS,19,MASS-F1,PD_MECH_CONSIDERED,1,-1,-1,-1,-1,-1,-1,-1,-1,false
ecuador-early-expansion,seed-1,MASS,19,MASS-F1,PD_MECH_PAYBACK_UNATTRACTIVE,-1,5130,171,171000,2500000,14.619883040935672,0.7916666666666666,1,9.5,false
ecuador-early-expansion,seed-1,MASS,19,,PD_MECH_DEFERRED,-1,-1,-1,-1,-1,-1,-1,-1,-1,false
ecuador-early-expansion,seed-1,BAL,19,,PD_MECH_DEFERRED,-1,-1,-1,-1,-1,-1,-1,-1,-1,false
ecuador-early-expansion,seed-1,JPQ,19,,PD_MECH_DEFERRED,-1,-1,-1,-1,-1,-1,-1,-1,-1,false
ecuador-early-expansion,seed-1,CONSV,19,,PD_MECH_DEFERRED,-1,-1,-1,-1,-1,-1,-1,-1,-1,false
ecuador-early-expansion,seed-1,VAP,19,,PD_MECH_DEFERRED,-1,-1,-1,-1,-1,-1,-1,-1,-1,false
ecuador-early-expansion,seed-1,MASS,20,MASS-F1,PD_MECH_CONSIDERED,1,-1,-1,-1,-1,-1,-1,-1,-1,false
ecuador-early-expansion,seed-1,MASS,20,MASS-F1,PD_MECH_PAYBACK_UNATTRACTIVE,-1,5130,171,171000,2500000,14.619883040935672,0.7916666666666666,1,9.5,false
ecuador-early-expansion,seed-1,MASS,20,,PD_MECH_DEFERRED,-1,-1,-1,-1,-1,-1,-1,-1,-1,false
ecuador-early-expansion,seed-1,BAL,20,,PD_MECH_DEFERRED,-1,-1,-1,-1,-1,-1,-1,-1,-1,false
ecuador-early-expansion,seed-1,JPQ,20,,PD_MECH_DEFERRED,-1,-1,-1,-1,-1,-1,-1,-1,-1,false
ecuador-early-expansion,seed-1,CONSV,20,,PD_MECH_DEFERRED,-1,-1,-1,-1,-1,-1,-1,-1,-1,false
ecuador-early-expansion,seed-1,VAP,20,,PD_MECH_DEFERRED,-1,-1,-1,-1,-1,-1,-1,-1,-1,false
ecuador-early-expansion,seed-1,MASS,21,MASS-F1,PD_MECH_CONSIDERED,1,-1,-1,-1,-1,-1,-1,-1,-1,false
ecuador-early-expansion,seed-1,MASS,21,MASS-F1,PD_MECH_PAYBACK_UNATTRACTIVE,-1,5130,171,171000,2500000,14.619883040935672,0.7916666666666666,1,9.5,false
ecuador-early-expansion,seed-1,MASS,21,,PD_MECH_DEFERRED,-1,-1,-1,-1,-1,-1,-1,-1,-1,false
ecuador-early-expansion,seed-1,BAL,21,,PD_MECH_DEFERRED,-1,-1,-1,-1,-1,-1,-1,-1,-1,false
ecuador-early-expansion,seed-1,JPQ,21,,PD_MECH_DEFERRED,-1,-1,-1,-1,-1,-1,-1,-1,-1,false
ecuador-early-expansion,seed-1,CONSV,21,,PD_MECH_DEFERRED,-1,-1,-1,-1,-1,-1,-1,-1,-1,false
ecuador-early-expansion,seed-1,VAP,21,,PD_MECH_DEFERRED,-1,-1,-1,-1,-1,-1,-1,-1,-1,false
ecuador-early-expansion,seed-1,MASS,22,MASS-F1,PD_MECH_CONSIDERED,1,-1,-1,-1,-1,-1,-1,-1,-1,false
ecuador-early-expansion,seed-1,MASS,22,MASS-F1,PD_MECH_PAYBACK_UNATTRACTIVE,-1,5130,171,171000,2500000,14.619883040935672,0.7916666666666666,1,9.5,false
ecuador-early-expansion,seed-1,MASS,22,,PD_MECH_DEFERRED,-1,-1,-1,-1,-1,-1,-1,-1,-1,false
ecuador-early-expansion,seed-1,BAL,22,,PD_MECH_DEFERRED,-1,-1,-1,-1,-1,-1,-1,-1,-1,false
ecuador-early-expansion,seed-1,JPQ,22,,PD_MECH_DEFERRED,-1,-1,-1,-1,-1,-1,-1,-1,-1,false
ecuador-early-expansion,seed-1,CONSV,22,,PD_MECH_DEFERRED,-1,-1,-1,-1,-1,-1,-1,-1,-1,false
ecuador-early-expansion,seed-1,VAP,22,,PD_MECH_DEFERRED,-1,-1,-1,-1,-1,-1,-1,-1,-1,false
ecuador-early-expansion,seed-1,MASS,23,MASS-F1,PD_MECH_CONSIDERED,1,-1,-1,-1,-1,-1,-1,-1,-1,false
ecuador-early-expansion,seed-1,MASS,23,MASS-F1,PD_MECH_PAYBACK_UNATTRACTIVE,-1,5130,171,171000,2500000,14.619883040935672,0.7916666666666666,1,9.5,false
ecuador-early-expansion,seed-1,MASS,23,,PD_MECH_DEFERRED,-1,-1,-1,-1,-1,-1,-1,-1,-1,false
ecuador-early-expansion,seed-1,BAL,23,,PD_MECH_DEFERRED,-1,-1,-1,-1,-1,-1,-1,-1,-1,false
ecuador-early-expansion,seed-1,JPQ,23,,PD_MECH_DEFERRED,-1,-1,-1,-1,-1,-1,-1,-1,-1,false
ecuador-early-expansion,seed-1,CONSV,23,,PD_MECH_DEFERRED,-1,-1,-1,-1,-1,-1,-1,-1,-1,false
ecuador-early-expansion,seed-1,VAP,23,,PD_MECH_DEFERRED,-1,-1,-1,-1,-1,-1,-1,-1,-1,false
ecuador-early-expansion,seed-1,MASS,24,MASS-F1,PD_MECH_CONSIDERED,1,-1,-1,-1,-1,-1,-1,-1,-1,false
ecuador-early-expansion,seed-1,MASS,24,MASS-F1,PD_MECH_PAYBACK_UNATTRACTIVE,-1,5130,171,171000,2500000,14.619883040935672,0.7916666666666666,1,9.5,false
ecuador-early-expansion,seed-1,MASS,24,,PD_MECH_DEFERRED,-1,-1,-1,-1,-1,-1,-1,-1,-1,false
ecuador-early-expansion,seed-1,BAL,24,,PD_MECH_DEFERRED,-1,-1,-1,-1,-1,-1,-1,-1,-1,false
ecuador-early-expansion,seed-1,JPQ,24,,PD_MECH_DEFERRED,-1,-1,-1,-1,-1,-1,-1,-1,-1,false
ecuador-early-expansion,seed-1,CONSV,24,,PD_MECH_DEFERRED,-1,-1,-1,-1,-1,-1,-1,-1,-1,false
ecuador-early-expansion,seed-1,VAP,24,,PD_MECH_DEFERRED,-1,-1,-1,-1,-1,-1,-1,-1,-1,false
ecuador-early-expansion,seed-1,MASS,25,MASS-F1,PD_MECH_CONSIDERED,1,-1,-1,-1,-1,-1,-1,-1,-1,false
ecuador-early-expansion,seed-1,MASS,25,MASS-F1,PD_MECH_PAYBACK_UNATTRACTIVE,-1,5130,171,171000,2500000,14.619883040935672,0.7916666666666666,1,9.5,false
ecuador-early-expansion,seed-1,MASS,25,,PD_MECH_DEFERRED,-1,-1,-1,-1,-1,-1,-1,-1,-1,false
ecuador-early-expansion,seed-1,BAL,25,,PD_MECH_DEFERRED,-1,-1,-1,-1,-1,-1,-1,-1,-1,false
ecuador-early-expansion,seed-1,JPQ,25,,PD_MECH_DEFERRED,-1,-1,-1,-1,-1,-1,-1,-1,-1,false
ecuador-early-expansion,seed-1,CONSV,25,,PD_MECH_DEFERRED,-1,-1,-1,-1,-1,-1,-1,-1,-1,false
ecuador-early-expansion,seed-1,VAP,25,,PD_MECH_DEFERRED,-1,-1,-1,-1,-1,-1,-1,-1,-1,false
ecuador-early-expansion,seed-1,MASS,26,MASS-F1,PD_MECH_CONSIDERED,1,-1,-1,-1,-1,-1,-1,-1,-1,false
ecuador-early-expansion,seed-1,MASS,26,MASS-F1,PD_MECH_PAYBACK_UNATTRACTIVE,-1,5130,171,171000,2500000,14.619883040935672,0.7916666666666666,1,9.5,false
ecuador-early-expansion,seed-1,MASS,26,,PD_MECH_DEFERRED,-1,-1,-1,-1,-1,-1,-1,-1,-1,false
ecuador-early-expansion,seed-1,BAL,26,,PD_MECH_DEFERRED,-1,-1,-1,-1,-1,-1,-1,-1,-1,false
ecuador-early-expansion,seed-1,JPQ,26,,PD_MECH_DEFERRED,-1,-1,-1,-1,-1,-1,-1,-1,-1,false
ecuador-early-expansion,seed-1,CONSV,26,,PD_MECH_DEFERRED,-1,-1,-1,-1,-1,-1,-1,-1,-1,false
ecuador-early-expansion,seed-1,VAP,26,,PD_MECH_DEFERRED,-1,-1,-1,-1,-1,-1,-1,-1,-1,false
ecuador-early-expansion,seed-1,MASS,27,MASS-F1,PD_MECH_CONSIDERED,1,-1,-1,-1,-1,-1,-1,-1,-1,false
ecuador-early-expansion,seed-1,MASS,27,MASS-F1,PD_MECH_PAYBACK_UNATTRACTIVE,-1,5429.25,180.9749999999999,180974.9999999999,2500000,13.814062715844736,0.7916666666666666,1,9.5,false
ecuador-early-expansion,seed-1,MASS,27,,PD_MECH_DEFERRED,-1,-1,-1,-1,-1,-1,-1,-1,-1,false
ecuador-early-expansion,seed-1,BAL,27,,PD_MECH_DEFERRED,-1,-1,-1,-1,-1,-1,-1,-1,-1,false
ecuador-early-expansion,seed-1,JPQ,27,,PD_MECH_DEFERRED,-1,-1,-1,-1,-1,-1,-1,-1,-1,false
ecuador-early-expansion,seed-1,CONSV,27,,PD_MECH_DEFERRED,-1,-1,-1,-1,-1,-1,-1,-1,-1,false
ecuador-early-expansion,seed-1,VAP,27,,PD_MECH_DEFERRED,-1,-1,-1,-1,-1,-1,-1,-1,-1,false
ecuador-early-expansion,seed-1,MASS,28,MASS-F1,PD_MECH_CONSIDERED,1,-1,-1,-1,-1,-1,-1,-1,-1,false
ecuador-early-expansion,seed-1,MASS,28,MASS-F1,PD_MECH_PAYBACK_UNATTRACTIVE,-1,5429.25,180.9749999999999,180974.9999999999,2500000,13.814062715844736,0.7916666666666666,1,9.5,false
ecuador-early-expansion,seed-1,MASS,28,,PD_MECH_DEFERRED,-1,-1,-1,-1,-1,-1,-1,-1,-1,false
ecuador-early-expansion,seed-1,BAL,28,BAL-NEWF-BAL-CAPEX-11,PD_MECH_CONSIDERED,0,-1,-1,-1,-1,-1,-1,-1,-1,false
ecuador-early-expansion,seed-1,BAL,28,BAL-NEWF-BAL-CAPEX-11,PD_MECH_LOW_UTILIZATION,0,-1,-1,-1,-1,-1,-1,-1,-1,false
ecuador-early-expansion,seed-1,BAL,28,,PD_MECH_DEFERRED,-1,-1,-1,-1,-1,-1,-1,-1,-1,false
ecuador-early-expansion,seed-1,JPQ,28,,PD_MECH_DEFERRED,-1,-1,-1,-1,-1,-1,-1,-1,-1,false
ecuador-early-expansion,seed-1,CONSV,28,,PD_MECH_DEFERRED,-1,-1,-1,-1,-1,-1,-1,-1,-1,false
ecuador-early-expansion,seed-1,VAP,28,,PD_MECH_DEFERRED,-1,-1,-1,-1,-1,-1,-1,-1,-1,false
ecuador-early-expansion,seed-1,MASS,29,MASS-F1,PD_MECH_CONSIDERED,1,-1,-1,-1,-1,-1,-1,-1,-1,false
ecuador-early-expansion,seed-1,MASS,29,MASS-F1,PD_MECH_PAYBACK_UNATTRACTIVE,-1,5429.25,180.9749999999999,180974.9999999999,2500000,13.814062715844736,0.7916666666666666,1,9.5,false
ecuador-early-expansion,seed-1,MASS,29,,PD_MECH_DEFERRED,-1,-1,-1,-1,-1,-1,-1,-1,-1,false
ecuador-early-expansion,seed-1,BAL,29,BAL-NEWF-BAL-CAPEX-11,PD_MECH_CONSIDERED,0.5630994152046783,-1,-1,-1,-1,-1,-1,-1,-1,false
ecuador-early-expansion,seed-1,BAL,29,BAL-NEWF-BAL-CAPEX-11,PD_MECH_PAYBACK_UNATTRACTIVE,-1,2888.7,96.29000000000002,96290.00000000001,2500000,25.963236057742233,1,1,12,false
ecuador-early-expansion,seed-1,BAL,29,,PD_MECH_DEFERRED,-1,-1,-1,-1,-1,-1,-1,-1,-1,false
ecuador-early-expansion,seed-1,JPQ,29,,PD_MECH_DEFERRED,-1,-1,-1,-1,-1,-1,-1,-1,-1,false
ecuador-early-expansion,seed-1,CONSV,29,,PD_MECH_DEFERRED,-1,-1,-1,-1,-1,-1,-1,-1,-1,false
ecuador-early-expansion,seed-1,VAP,29,,PD_MECH_DEFERRED,-1,-1,-1,-1,-1,-1,-1,-1,-1,false
ecuador-early-expansion,seed-1,MASS,30,MASS-F1,PD_MECH_CONSIDERED,1,-1,-1,-1,-1,-1,-1,-1,-1,false
ecuador-early-expansion,seed-1,MASS,30,MASS-F1,PD_MECH_PAYBACK_UNATTRACTIVE,-1,5429.25,180.9749999999999,180974.9999999999,2500000,13.814062715844736,0.7916666666666666,1,9.5,false
ecuador-early-expansion,seed-1,MASS,30,MASS-NEWF-MASS-CAPEX-3,PD_MECH_CONSIDERED,0,-1,-1,-1,-1,-1,-1,-1,-1,false
ecuador-early-expansion,seed-1,MASS,30,MASS-NEWF-MASS-CAPEX-3,PD_MECH_LOW_UTILIZATION,0,-1,-1,-1,-1,-1,-1,-1,-1,false
ecuador-early-expansion,seed-1,MASS,30,,PD_MECH_DEFERRED,-1,-1,-1,-1,-1,-1,-1,-1,-1,false
ecuador-early-expansion,seed-1,BAL,30,BAL-NEWF-BAL-CAPEX-11,PD_MECH_CONSIDERED,0.6478947368421052,-1,-1,-1,-1,-1,-1,-1,-1,false
ecuador-early-expansion,seed-1,BAL,30,BAL-NEWF-BAL-CAPEX-11,PD_MECH_PAYBACK_UNATTRACTIVE,-1,4431.599999999999,147.72000000000003,147720.00000000003,2500000,16.923910100189545,1,1,12,false
ecuador-early-expansion,seed-1,BAL,30,,PD_MECH_DEFERRED,-1,-1,-1,-1,-1,-1,-1,-1,-1,false
ecuador-early-expansion,seed-1,JPQ,30,,PD_MECH_DEFERRED,-1,-1,-1,-1,-1,-1,-1,-1,-1,false
ecuador-early-expansion,seed-1,CONSV,30,,PD_MECH_DEFERRED,-1,-1,-1,-1,-1,-1,-1,-1,-1,false
ecuador-early-expansion,seed-1,VAP,30,,PD_MECH_DEFERRED,-1,-1,-1,-1,-1,-1,-1,-1,-1,false
ecuador-early-expansion,seed-1,MASS,31,MASS-F1,PD_MECH_CONSIDERED,0.8202072109407376,-1,-1,-1,-1,-1,-1,-1,-1,false
ecuador-early-expansion,seed-1,MASS,31,MASS-F1,PD_MECH_PAYBACK_UNATTRACTIVE,-1,4698.557007874015,156.61856692913386,156618.56692913387,2500000,15.962347562094536,0.7916666666666666,1,9.5,false
ecuador-early-expansion,seed-1,MASS,31,MASS-NEWF-MASS-CAPEX-3,PD_MECH_CONSIDERED,0.8104444444444444,-1,-1,-1,-1,-1,-1,-1,-1,false
ecuador-early-expansion,seed-1,MASS,31,MASS-NEWF-MASS-CAPEX-3,PD_MECH_PAYBACK_UNATTRACTIVE,-1,4157.58,138.586,138586,2500000,18.039340193093096,0.7916666666666666,1,9.5,false
ecuador-early-expansion,seed-1,MASS,31,,PD_MECH_DEFERRED,-1,-1,-1,-1,-1,-1,-1,-1,-1,false
ecuador-early-expansion,seed-1,BAL,31,BAL-NEWF-BAL-CAPEX-11,PD_MECH_CONSIDERED,0.6760760233918128,-1,-1,-1,-1,-1,-1,-1,-1,false
ecuador-early-expansion,seed-1,BAL,31,BAL-NEWF-BAL-CAPEX-11,PD_MECH_PAYBACK_UNATTRACTIVE,-1,4624.36,154.14533333333338,154145.33333333337,2500000,16.218460500480063,1,1,12,false
ecuador-early-expansion,seed-1,BAL,31,,PD_MECH_DEFERRED,-1,-1,-1,-1,-1,-1,-1,-1,-1,false
ecuador-early-expansion,seed-1,JPQ,31,,PD_MECH_DEFERRED,-1,-1,-1,-1,-1,-1,-1,-1,-1,false
ecuador-early-expansion,seed-1,CONSV,31,,PD_MECH_DEFERRED,-1,-1,-1,-1,-1,-1,-1,-1,-1,false
ecuador-early-expansion,seed-1,VAP,31,,PD_MECH_DEFERRED,-1,-1,-1,-1,-1,-1,-1,-1,-1,false
ecuador-early-expansion,seed-1,MASS,32,MASS-F1,PD_MECH_CONSIDERED,0.6153408396613425,-1,-1,-1,-1,-1,-1,-1,-1,false
ecuador-early-expansion,seed-1,MASS,32,MASS-F1,PD_MECH_PAYBACK_UNATTRACTIVE,-1,3524.98,117.49933333333331,117499.33333333331,2500000,21.276716463639513,0.7916666666666666,1,9.5,false
ecuador-early-expansion,seed-1,MASS,32,MASS-NEWF-MASS-CAPEX-3,PD_MECH_CONSIDERED,0,-1,-1,-1,-1,-1,-1,-1,-1,false
ecuador-early-expansion,seed-1,MASS,32,MASS-NEWF-MASS-CAPEX-3,PD_MECH_LOW_UTILIZATION,0,-1,-1,-1,-1,-1,-1,-1,-1,false
ecuador-early-expansion,seed-1,MASS,32,,PD_MECH_DEFERRED,-1,-1,-1,-1,-1,-1,-1,-1,-1,false
ecuador-early-expansion,seed-1,BAL,32,BAL-NEWF-BAL-CAPEX-11,PD_MECH_CONSIDERED,0.7545921052631579,-1,-1,-1,-1,-1,-1,-1,-1,false
ecuador-early-expansion,seed-1,BAL,32,BAL-NEWF-BAL-CAPEX-11,PD_MECH_PAYBACK_UNATTRACTIVE,-1,5161.41,172.0469999999999,172046.9999999999,2500000,14.530913064453326,1,1,12,false
ecuador-early-expansion,seed-1,BAL,32,,PD_MECH_DEFERRED,-1,-1,-1,-1,-1,-1,-1,-1,-1,false
ecuador-early-expansion,seed-1,JPQ,32,,PD_MECH_DEFERRED,-1,-1,-1,-1,-1,-1,-1,-1,-1,false
ecuador-early-expansion,seed-1,CONSV,32,,PD_MECH_DEFERRED,-1,-1,-1,-1,-1,-1,-1,-1,-1,false
ecuador-early-expansion,seed-1,VAP,32,,PD_MECH_DEFERRED,-1,-1,-1,-1,-1,-1,-1,-1,-1,false
ecuador-early-expansion,seed-2,MASS,1,MASS-F1,PD_MECH_CONSIDERED,0,-1,-1,-1,-1,-1,-1,-1,-1,false
ecuador-early-expansion,seed-2,MASS,1,MASS-F1,PD_MECH_LOW_UTILIZATION,0,-1,-1,-1,-1,-1,-1,-1,-1,false
ecuador-early-expansion,seed-2,MASS,1,,PD_MECH_DEFERRED,-1,-1,-1,-1,-1,-1,-1,-1,-1,false
ecuador-early-expansion,seed-2,BAL,1,BAL-F1,PD_MECH_CONSIDERED,0,-1,-1,-1,-1,-1,-1,-1,-1,false
ecuador-early-expansion,seed-2,BAL,1,BAL-F1,PD_MECH_LOW_UTILIZATION,0,-1,-1,-1,-1,-1,-1,-1,-1,false
ecuador-early-expansion,seed-2,BAL,1,,PD_MECH_DEFERRED,-1,-1,-1,-1,-1,-1,-1,-1,-1,false
ecuador-early-expansion,seed-2,JPQ,1,JPQ-F1,PD_MECH_CONSIDERED,0,-1,-1,-1,-1,-1,-1,-1,-1,false
ecuador-early-expansion,seed-2,JPQ,1,JPQ-F1,PD_MECH_LOW_UTILIZATION,0,-1,-1,-1,-1,-1,-1,-1,-1,false
ecuador-early-expansion,seed-2,JPQ,1,,PD_MECH_DEFERRED,-1,-1,-1,-1,-1,-1,-1,-1,-1,false
ecuador-early-expansion,seed-2,CONSV,1,CONSV-F1,PD_MECH_CONSIDERED,0,-1,-1,-1,-1,-1,-1,-1,-1,false
ecuador-early-expansion,seed-2,CONSV,1,CONSV-F1,PD_MECH_LOW_UTILIZATION,0,-1,-1,-1,-1,-1,-1,-1,-1,false
ecuador-early-expansion,seed-2,CONSV,1,,PD_MECH_DEFERRED,-1,-1,-1,-1,-1,-1,-1,-1,-1,false
ecuador-early-expansion,seed-2,VAP,1,VAP-F1,PD_MECH_CONSIDERED,0,-1,-1,-1,-1,-1,-1,-1,-1,false
ecuador-early-expansion,seed-2,VAP,1,VAP-F1,PD_MECH_LOW_UTILIZATION,0,-1,-1,-1,-1,-1,-1,-1,-1,false
ecuador-early-expansion,seed-2,VAP,1,,PD_MECH_DEFERRED,-1,-1,-1,-1,-1,-1,-1,-1,-1,false
ecuador-early-expansion,seed-2,MASS,2,MASS-F1,PD_MECH_CONSIDERED,0.7883040935672515,-1,-1,-1,-1,-1,-1,-1,-1,false
ecuador-early-expansion,seed-2,MASS,2,MASS-F1,PD_MECH_PAYBACK_UNATTRACTIVE,-1,4044.0000000000005,134.79999999999995,134799.99999999994,2500000,18.545994065281906,0.7916666666666666,1,9.5,false
ecuador-early-expansion,seed-2,MASS,2,,PD_MECH_DEFERRED,-1,-1,-1,-1,-1,-1,-1,-1,-1,false
ecuador-early-expansion,seed-2,BAL,2,BAL-F1,PD_MECH_CONSIDERED,0.9271929824561403,-1,-1,-1,-1,-1,-1,-1,-1,false
ecuador-early-expansion,seed-2,BAL,2,BAL-F1,PD_MECH_PAYBACK_UNATTRACTIVE,-1,5549.25,184.9749999999999,184974.9999999999,2500000,13.515339910798764,1,1,12,false
ecuador-early-expansion,seed-2,BAL,2,,PD_MECH_DEFERRED,-1,-1,-1,-1,-1,-1,-1,-1,-1,false
ecuador-early-expansion,seed-2,JPQ,2,JPQ-F1,PD_MECH_CONSIDERED,1,-1,-1,-1,-1,-1,-1,-1,-1,false
ecuador-early-expansion,seed-2,JPQ,2,,PD_MECH_FINANCE_BLOCKED,-1,-1,-1,-1,2500000,-1,-1,-1,-1,false
ecuador-early-expansion,seed-2,CONSV,2,CONSV-F1,PD_MECH_CONSIDERED,1,-1,-1,-1,-1,-1,-1,-1,-1,false
ecuador-early-expansion,seed-2,CONSV,2,,PD_MECH_FINANCE_BLOCKED,-1,-1,-1,-1,2500000,-1,-1,-1,-1,false
ecuador-early-expansion,seed-2,VAP,2,VAP-F1,PD_MECH_CONSIDERED,1,-1,-1,-1,-1,-1,-1,-1,-1,false
ecuador-early-expansion,seed-2,VAP,2,,PD_MECH_FINANCE_BLOCKED,-1,-1,-1,-1,2500000,-1,-1,-1,-1,false
ecuador-early-expansion,seed-2,MASS,3,MASS-F1,PD_MECH_CONSIDERED,0.6222183235867447,-1,-1,-1,-1,-1,-1,-1,-1,false
ecuador-early-expansion,seed-2,MASS,3,MASS-F1,PD_MECH_PAYBACK_UNATTRACTIVE,-1,3191.98,106.39933333333329,106399.33333333328,2500000,23.496387821978846,0.7916666666666666,1,9.5,false
ecuador-early-expansion,seed-2,MASS,3,,PD_MECH_DEFERRED,-1,-1,-1,-1,-1,-1,-1,-1,-1,false
ecuador-early-expansion,seed-2,BAL,3,BAL-F1,PD_MECH_CONSIDERED,1,-1,-1,-1,-1,-1,-1,-1,-1,false
ecuador-early-expansion,seed-2,BAL,3,BAL-F1,PD_MECH_PAYBACK_UNATTRACTIVE,-1,5985,199.5,199500,2500000,12.531328320802006,1,1,12,false
ecuador-early-expansion,seed-2,BAL,3,,PD_MECH_DEFERRED,-1,-1,-1,-1,-1,-1,-1,-1,-1,false
ecuador-early-expansion,seed-2,JPQ,3,JPQ-F1,PD_MECH_CONSIDERED,0.8874108187134503,-1,-1,-1,-1,-1,-1,-1,-1,false
ecuador-early-expansion,seed-2,JPQ,3,,PD_MECH_FINANCE_BLOCKED,-1,-1,-1,-1,2500000,-1,-1,-1,-1,false
ecuador-early-expansion,seed-2,CONSV,3,CONSV-F1,PD_MECH_CONSIDERED,0.8540601503759399,-1,-1,-1,-1,-1,-1,-1,-1,false
ecuador-early-expansion,seed-2,CONSV,3,CONSV-F1,PD_MECH_PAYBACK_UNATTRACTIVE,-1,5111.55,170.385,170385,2500000,14.672653109135194,1.2105263157894737,1.05,13.834586466165414,false
ecuador-early-expansion,seed-2,CONSV,3,,PD_MECH_DEFERRED,-1,-1,-1,-1,-1,-1,-1,-1,-1,false
ecuador-early-expansion,seed-2,VAP,3,VAP-F1,PD_MECH_CONSIDERED,0.9596881091617934,-1,-1,-1,-1,-1,-1,-1,-1,false
ecuador-early-expansion,seed-2,VAP,3,,PD_MECH_FINANCE_BLOCKED,-1,-1,-1,-1,2500000,-1,-1,-1,-1,false
ecuador-early-expansion,seed-2,MASS,4,MASS-F1,PD_MECH_CONSIDERED,1,-1,-1,-1,-1,-1,-1,-1,-1,false
ecuador-early-expansion,seed-2,MASS,4,MASS-F1,PD_MECH_PAYBACK_UNATTRACTIVE,-1,5130,171,171000,2500000,14.619883040935672,0.7916666666666666,1,9.5,false
ecuador-early-expansion,seed-2,MASS,4,,PD_MECH_DEFERRED,-1,-1,-1,-1,-1,-1,-1,-1,-1,false
ecuador-early-expansion,seed-2,BAL,4,BAL-F1,PD_MECH_CONSIDERED,1,-1,-1,-1,-1,-1,-1,-1,-1,false
ecuador-early-expansion,seed-2,BAL,4,BAL-F1,PD_MECH_PAYBACK_UNATTRACTIVE,-1,5985,199.5,199500,2500000,12.531328320802006,1,1,12,false
ecuador-early-expansion,seed-2,BAL,4,,PD_MECH_DEFERRED,-1,-1,-1,-1,-1,-1,-1,-1,-1,false
ecuador-early-expansion,seed-2,JPQ,4,JPQ-F1,PD_MECH_CONSIDERED,0.9432821637426901,-1,-1,-1,-1,-1,-1,-1,-1,false
ecuador-early-expansion,seed-2,JPQ,4,,PD_MECH_FINANCE_BLOCKED,-1,-1,-1,-1,2500000,-1,-1,-1,-1,false
ecuador-early-expansion,seed-2,CONSV,4,CONSV-F1,PD_MECH_CONSIDERED,0.9301487050960735,-1,-1,-1,-1,-1,-1,-1,-1,false
ecuador-early-expansion,seed-2,CONSV,4,CONSV-F1,PD_MECH_PROPOSED,-1,5566.94,185.56466666666665,185564.66666666666,2500000,13.472392373548125,1.2105263157894737,1.05,13.834586466165414,true
ecuador-early-expansion,seed-2,VAP,4,VAP-F1,PD_MECH_CONSIDERED,0.8893684210526316,-1,-1,-1,-1,-1,-1,-1,-1,false
ecuador-early-expansion,seed-2,VAP,4,,PD_MECH_FINANCE_BLOCKED,-1,-1,-1,-1,2500000,-1,-1,-1,-1,false
ecuador-early-expansion,seed-2,MASS,5,MASS-F1,PD_MECH_CONSIDERED,0.5448440545808967,-1,-1,-1,-1,-1,-1,-1,-1,false
ecuador-early-expansion,seed-2,MASS,5,MASS-F1,PD_MECH_PAYBACK_UNATTRACTIVE,-1,2795.05,93.1683333333333,93168.3333333333,2500000,26.83315146419564,0.7916666666666666,1,9.5,false
ecuador-early-expansion,seed-2,MASS,5,,PD_MECH_DEFERRED,-1,-1,-1,-1,-1,-1,-1,-1,-1,false
ecuador-early-expansion,seed-2,BAL,5,BAL-F1,PD_MECH_CONSIDERED,1,-1,-1,-1,-1,-1,-1,-1,-1,false
ecuador-early-expansion,seed-2,BAL,5,BAL-F1,PD_MECH_PAYBACK_UNATTRACTIVE,-1,5985,199.5,199500,2500000,12.531328320802006,1,1,12,false
ecuador-early-expansion,seed-2,BAL,5,,PD_MECH_DEFERRED,-1,-1,-1,-1,-1,-1,-1,-1,-1,false
ecuador-early-expansion,seed-2,JPQ,5,JPQ-F1,PD_MECH_CONSIDERED,0.9593932748538012,-1,-1,-1,-1,-1,-1,-1,-1,false
ecuador-early-expansion,seed-2,JPQ,5,,PD_MECH_FINANCE_BLOCKED,-1,-1,-1,-1,2500000,-1,-1,-1,-1,false
ecuador-early-expansion,seed-2,CONSV,5,,PD_MECH_DEFERRED,-1,-1,-1,-1,-1,-1,-1,-1,-1,false
ecuador-early-expansion,seed-2,VAP,5,VAP-F1,PD_MECH_CONSIDERED,1,-1,-1,-1,-1,-1,-1,-1,-1,false
ecuador-early-expansion,seed-2,VAP,5,,PD_MECH_FINANCE_BLOCKED,-1,-1,-1,-1,2500000,-1,-1,-1,-1,false
ecuador-early-expansion,seed-2,MASS,6,MASS-F1,PD_MECH_CONSIDERED,0.9889044834307992,-1,-1,-1,-1,-1,-1,-1,-1,false
ecuador-early-expansion,seed-2,MASS,6,MASS-F1,PD_MECH_PAYBACK_UNATTRACTIVE,-1,5073.08,169.10266666666666,169102.66666666666,2500000,14.783918250845641,0.7916666666666666,1,9.5,false
ecuador-early-expansion,seed-2,MASS,6,,PD_MECH_DEFERRED,-1,-1,-1,-1,-1,-1,-1,-1,-1,false
ecuador-early-expansion,seed-2,BAL,6,BAL-F1,PD_MECH_CONSIDERED,1,-1,-1,-1,-1,-1,-1,-1,-1,false
ecuador-early-expansion,seed-2,BAL,6,,PD_MECH_FINANCE_BLOCKED,-1,-1,-1,-1,2500000,-1,-1,-1,-1,false
ecuador-early-expansion,seed-2,JPQ,6,JPQ-F1,PD_MECH_CONSIDERED,0.8876578947368421,-1,-1,-1,-1,-1,-1,-1,-1,false
ecuador-early-expansion,seed-2,JPQ,6,,PD_MECH_FINANCE_BLOCKED,-1,-1,-1,-1,2500000,-1,-1,-1,-1,false
ecuador-early-expansion,seed-2,CONSV,6,,PD_MECH_DEFERRED,-1,-1,-1,-1,-1,-1,-1,-1,-1,false
ecuador-early-expansion,seed-2,VAP,6,VAP-F1,PD_MECH_CONSIDERED,1,-1,-1,-1,-1,-1,-1,-1,-1,false
ecuador-early-expansion,seed-2,VAP,6,,PD_MECH_FINANCE_BLOCKED,-1,-1,-1,-1,2500000,-1,-1,-1,-1,false
ecuador-early-expansion,seed-2,MASS,7,MASS-F1,PD_MECH_CONSIDERED,0.561729044834308,-1,-1,-1,-1,-1,-1,-1,-1,false
ecuador-early-expansion,seed-2,MASS,7,MASS-F1,PD_MECH_PAYBACK_UNATTRACTIVE,-1,2881.67,96.0556666666667,96055.6666666667,2500000,26.026574868045255,0.7916666666666666,1,9.5,false
ecuador-early-expansion,seed-2,MASS,7,,PD_MECH_DEFERRED,-1,-1,-1,-1,-1,-1,-1,-1,-1,false
ecuador-early-expansion,seed-2,BAL,7,BAL-F1,PD_MECH_CONSIDERED,1,-1,-1,-1,-1,-1,-1,-1,-1,false
ecuador-early-expansion,seed-2,BAL,7,,PD_MECH_FINANCE_BLOCKED,-1,-1,-1,-1,2500000,-1,-1,-1,-1,false
ecuador-early-expansion,seed-2,JPQ,7,JPQ-F1,PD_MECH_CONSIDERED,0.8513318713450292,-1,-1,-1,-1,-1,-1,-1,-1,false
ecuador-early-expansion,seed-2,JPQ,7,,PD_MECH_FINANCE_BLOCKED,-1,-1,-1,-1,2500000,-1,-1,-1,-1,false
ecuador-early-expansion,seed-2,CONSV,7,,PD_MECH_DEFERRED,-1,-1,-1,-1,-1,-1,-1,-1,-1,false
ecuador-early-expansion,seed-2,VAP,7,VAP-F1,PD_MECH_CONSIDERED,1,-1,-1,-1,-1,-1,-1,-1,-1,false
ecuador-early-expansion,seed-2,VAP,7,,PD_MECH_FINANCE_BLOCKED,-1,-1,-1,-1,2500000,-1,-1,-1,-1,false
ecuador-early-expansion,seed-2,MASS,8,MASS-F1,PD_MECH_CONSIDERED,0.9449239766081872,-1,-1,-1,-1,-1,-1,-1,-1,false
ecuador-early-expansion,seed-2,MASS,8,MASS-F1,PD_MECH_PAYBACK_UNATTRACTIVE,-1,4847.46,161.582,161582,2500000,15.472020398311694,0.7916666666666666,1,9.5,false
ecuador-early-expansion,seed-2,MASS,8,,PD_MECH_DEFERRED,-1,-1,-1,-1,-1,-1,-1,-1,-1,false
ecuador-early-expansion,seed-2,BAL,8,BAL-F1,PD_MECH_CONSIDERED,0.9092859131956876,-1,-1,-1,-1,-1,-1,-1,-1,false
ecuador-early-expansion,seed-2,BAL,8,BAL-F1,PD_MECH_PAYBACK_UNATTRACTIVE,-1,5714.18,190.47266666666667,190472.66666666666,2500000,13.125242816992115,1,1,12,false
ecuador-early-expansion,seed-2,BAL,8,,PD_MECH_DEFERRED,-1,-1,-1,-1,-1,-1,-1,-1,-1,false
ecuador-early-expansion,seed-2,JPQ,8,JPQ-F1,PD_MECH_CONSIDERED,0.8255292397660818,-1,-1,-1,-1,-1,-1,-1,-1,false
ecuador-early-expansion,seed-2,JPQ,8,JPQ-F1,PD_MECH_PROPOSED,-1,5646.62,188.22066666666672,188220.66666666672,2500000,13.28228214400827,1.1176470588235294,1,13.411764705882353,true
ecuador-early-expansion,seed-2,CONSV,8,,PD_MECH_DEFERRED,-1,-1,-1,-1,-1,-1,-1,-1,-1,false
ecuador-early-expansion,seed-2,VAP,8,VAP-F1,PD_MECH_CONSIDERED,1,-1,-1,-1,-1,-1,-1,-1,-1,false
ecuador-early-expansion,seed-2,VAP,8,VAP-F1,PD_MECH_PROPOSED,-1,5130,171,171000,2500000,14.619883040935672,1.411764705882353,1,16.941176470588236,true
ecuador-early-expansion,seed-2,MASS,9,MASS-F1,PD_MECH_CONSIDERED,0.8968089668615985,-1,-1,-1,-1,-1,-1,-1,-1,false
ecuador-early-expansion,seed-2,MASS,9,MASS-F1,PD_MECH_PAYBACK_UNATTRACTIVE,-1,4600.63,153.35433333333333,153354.33333333334,2500000,16.30211514509969,0.7916666666666666,1,9.5,false
ecuador-early-expansion,seed-2,MASS,9,,PD_MECH_DEFERRED,-1,-1,-1,-1,-1,-1,-1,-1,-1,false
ecuador-early-expansion,seed-2,BAL,9,BAL-F1,PD_MECH_CONSIDERED,0.9572263993316624,-1,-1,-1,-1,-1,-1,-1,-1,false
ecuador-early-expansion,seed-2,BAL,9,BAL-F1,PD_MECH_PAYBACK_UNATTRACTIVE,-1,6015.45,200.515,200515,2500000,12.46789516993741,1,1,12,false
ecuador-early-expansion,seed-2,BAL,9,,PD_MECH_DEFERRED,-1,-1,-1,-1,-1,-1,-1,-1,-1,false
ecuador-early-expansion,seed-2,JPQ,9,,PD_MECH_DEFERRED,-1,-1,-1,-1,-1,-1,-1,-1,-1,false
ecuador-early-expansion,seed-2,CONSV,9,,PD_MECH_DEFERRED,-1,-1,-1,-1,-1,-1,-1,-1,-1,false
ecuador-early-expansion,seed-2,VAP,9,,PD_MECH_DEFERRED,-1,-1,-1,-1,-1,-1,-1,-1,-1,false
ecuador-early-expansion,seed-2,MASS,10,MASS-F1,PD_MECH_CONSIDERED,0.9664912280701755,-1,-1,-1,-1,-1,-1,-1,-1,false
ecuador-early-expansion,seed-2,MASS,10,MASS-F1,PD_MECH_PAYBACK_UNATTRACTIVE,-1,4958.1,165.2700000000001,165270.0000000001,2500000,15.12676226780419,0.7916666666666666,1,9.5,false
ecuador-early-expansion,seed-2,MASS,10,,PD_MECH_DEFERRED,-1,-1,-1,-1,-1,-1,-1,-1,-1,false
ecuador-early-expansion,seed-2,BAL,10,BAL-F1,PD_MECH_CONSIDERED,0.9957560568086884,-1,-1,-1,-1,-1,-1,-1,-1,false
ecuador-early-expansion,seed-2,BAL,10,BAL-F1,PD_MECH_PROPOSED,-1,6257.58,208.586,208586,2500000,11.985464029225355,1,1,12,true
ecuador-early-expansion,seed-2,JPQ,10,,PD_MECH_DEFERRED,-1,-1,-1,-1,-1,-1,-1,-1,-1,false
ecuador-early-expansion,seed-2,CONSV,10,,PD_MECH_DEFERRED,-1,-1,-1,-1,-1,-1,-1,-1,-1,false
ecuador-early-expansion,seed-2,VAP,10,,PD_MECH_DEFERRED,-1,-1,-1,-1,-1,-1,-1,-1,-1,false
ecuador-early-expansion,seed-2,MASS,11,MASS-F1,PD_MECH_CONSIDERED,0.5489805068226121,-1,-1,-1,-1,-1,-1,-1,-1,false
ecuador-early-expansion,seed-2,MASS,11,MASS-F1,PD_MECH_PAYBACK_UNATTRACTIVE,-1,2816.27,93.87566666666669,93875.66666666669,2500000,26.630969331775713,0.7916666666666666,1,9.5,false
ecuador-early-expansion,seed-2,MASS,11,,PD_MECH_DEFERRED,-1,-1,-1,-1,-1,-1,-1,-1,-1,false
ecuador-early-expansion,seed-2,BAL,11,,PD_MECH_DEFERRED,-1,-1,-1,-1,-1,-1,-1,-1,-1,false
ecuador-early-expansion,seed-2,JPQ,11,,PD_MECH_DEFERRED,-1,-1,-1,-1,-1,-1,-1,-1,-1,false
ecuador-early-expansion,seed-2,CONSV,11,,PD_MECH_DEFERRED,-1,-1,-1,-1,-1,-1,-1,-1,-1,false
ecuador-early-expansion,seed-2,VAP,11,,PD_MECH_DEFERRED,-1,-1,-1,-1,-1,-1,-1,-1,-1,false
ecuador-early-expansion,seed-2,MASS,12,MASS-F1,PD_MECH_CONSIDERED,1,-1,-1,-1,-1,-1,-1,-1,-1,false
ecuador-early-expansion,seed-2,MASS,12,MASS-F1,PD_MECH_PAYBACK_UNATTRACTIVE,-1,5130,171,171000,2500000,14.619883040935672,0.7916666666666666,1,9.5,false
ecuador-early-expansion,seed-2,MASS,12,,PD_MECH_DEFERRED,-1,-1,-1,-1,-1,-1,-1,-1,-1,false
ecuador-early-expansion,seed-2,BAL,12,,PD_MECH_DEFERRED,-1,-1,-1,-1,-1,-1,-1,-1,-1,false
ecuador-early-expansion,seed-2,JPQ,12,,PD_MECH_DEFERRED,-1,-1,-1,-1,-1,-1,-1,-1,-1,false
ecuador-early-expansion,seed-2,CONSV,12,,PD_MECH_DEFERRED,-1,-1,-1,-1,-1,-1,-1,-1,-1,false
ecuador-early-expansion,seed-2,VAP,12,,PD_MECH_DEFERRED,-1,-1,-1,-1,-1,-1,-1,-1,-1,false
ecuador-early-expansion,seed-2,MASS,13,MASS-F1,PD_MECH_CONSIDERED,1,-1,-1,-1,-1,-1,-1,-1,-1,false
ecuador-early-expansion,seed-2,MASS,13,MASS-F1,PD_MECH_PAYBACK_UNATTRACTIVE,-1,5130,171,171000,2500000,14.619883040935672,0.7916666666666666,1,9.5,false
ecuador-early-expansion,seed-2,MASS,13,,PD_MECH_DEFERRED,-1,-1,-1,-1,-1,-1,-1,-1,-1,false
ecuador-early-expansion,seed-2,BAL,13,,PD_MECH_DEFERRED,-1,-1,-1,-1,-1,-1,-1,-1,-1,false
ecuador-early-expansion,seed-2,JPQ,13,,PD_MECH_DEFERRED,-1,-1,-1,-1,-1,-1,-1,-1,-1,false
ecuador-early-expansion,seed-2,CONSV,13,,PD_MECH_DEFERRED,-1,-1,-1,-1,-1,-1,-1,-1,-1,false
ecuador-early-expansion,seed-2,VAP,13,,PD_MECH_DEFERRED,-1,-1,-1,-1,-1,-1,-1,-1,-1,false
ecuador-early-expansion,seed-2,MASS,14,MASS-F1,PD_MECH_CONSIDERED,1,-1,-1,-1,-1,-1,-1,-1,-1,false
ecuador-early-expansion,seed-2,MASS,14,MASS-F1,PD_MECH_PAYBACK_UNATTRACTIVE,-1,5130,171,171000,2500000,14.619883040935672,0.7916666666666666,1,9.5,false
ecuador-early-expansion,seed-2,MASS,14,,PD_MECH_DEFERRED,-1,-1,-1,-1,-1,-1,-1,-1,-1,false
ecuador-early-expansion,seed-2,BAL,14,,PD_MECH_DEFERRED,-1,-1,-1,-1,-1,-1,-1,-1,-1,false
ecuador-early-expansion,seed-2,JPQ,14,,PD_MECH_DEFERRED,-1,-1,-1,-1,-1,-1,-1,-1,-1,false
ecuador-early-expansion,seed-2,CONSV,14,,PD_MECH_DEFERRED,-1,-1,-1,-1,-1,-1,-1,-1,-1,false
ecuador-early-expansion,seed-2,VAP,14,,PD_MECH_DEFERRED,-1,-1,-1,-1,-1,-1,-1,-1,-1,false
ecuador-early-expansion,seed-2,MASS,15,MASS-F1,PD_MECH_CONSIDERED,1,-1,-1,-1,-1,-1,-1,-1,-1,false
ecuador-early-expansion,seed-2,MASS,15,MASS-F1,PD_MECH_PAYBACK_UNATTRACTIVE,-1,5130,171,171000,2500000,14.619883040935672,0.7916666666666666,1,9.5,false
ecuador-early-expansion,seed-2,MASS,15,,PD_MECH_DEFERRED,-1,-1,-1,-1,-1,-1,-1,-1,-1,false
ecuador-early-expansion,seed-2,BAL,15,,PD_MECH_DEFERRED,-1,-1,-1,-1,-1,-1,-1,-1,-1,false
ecuador-early-expansion,seed-2,JPQ,15,,PD_MECH_DEFERRED,-1,-1,-1,-1,-1,-1,-1,-1,-1,false
ecuador-early-expansion,seed-2,CONSV,15,,PD_MECH_DEFERRED,-1,-1,-1,-1,-1,-1,-1,-1,-1,false
ecuador-early-expansion,seed-2,VAP,15,,PD_MECH_DEFERRED,-1,-1,-1,-1,-1,-1,-1,-1,-1,false
ecuador-early-expansion,seed-2,MASS,16,MASS-F1,PD_MECH_CONSIDERED,1,-1,-1,-1,-1,-1,-1,-1,-1,false
ecuador-early-expansion,seed-2,MASS,16,MASS-F1,PD_MECH_PAYBACK_UNATTRACTIVE,-1,5130,171,171000,2500000,14.619883040935672,0.7916666666666666,1,9.5,false
ecuador-early-expansion,seed-2,MASS,16,,PD_MECH_DEFERRED,-1,-1,-1,-1,-1,-1,-1,-1,-1,false
ecuador-early-expansion,seed-2,BAL,16,,PD_MECH_DEFERRED,-1,-1,-1,-1,-1,-1,-1,-1,-1,false
ecuador-early-expansion,seed-2,JPQ,16,,PD_MECH_DEFERRED,-1,-1,-1,-1,-1,-1,-1,-1,-1,false
ecuador-early-expansion,seed-2,CONSV,16,,PD_MECH_DEFERRED,-1,-1,-1,-1,-1,-1,-1,-1,-1,false
ecuador-early-expansion,seed-2,VAP,16,,PD_MECH_DEFERRED,-1,-1,-1,-1,-1,-1,-1,-1,-1,false
ecuador-early-expansion,seed-2,MASS,17,MASS-F1,PD_MECH_CONSIDERED,1,-1,-1,-1,-1,-1,-1,-1,-1,false
ecuador-early-expansion,seed-2,MASS,17,MASS-F1,PD_MECH_PAYBACK_UNATTRACTIVE,-1,5130,171,171000,2500000,14.619883040935672,0.7916666666666666,1,9.5,false
ecuador-early-expansion,seed-2,MASS,17,,PD_MECH_DEFERRED,-1,-1,-1,-1,-1,-1,-1,-1,-1,false
ecuador-early-expansion,seed-2,BAL,17,,PD_MECH_DEFERRED,-1,-1,-1,-1,-1,-1,-1,-1,-1,false
ecuador-early-expansion,seed-2,JPQ,17,,PD_MECH_DEFERRED,-1,-1,-1,-1,-1,-1,-1,-1,-1,false
ecuador-early-expansion,seed-2,CONSV,17,,PD_MECH_DEFERRED,-1,-1,-1,-1,-1,-1,-1,-1,-1,false
ecuador-early-expansion,seed-2,VAP,17,,PD_MECH_DEFERRED,-1,-1,-1,-1,-1,-1,-1,-1,-1,false
ecuador-early-expansion,seed-2,MASS,18,MASS-F1,PD_MECH_CONSIDERED,1,-1,-1,-1,-1,-1,-1,-1,-1,false
ecuador-early-expansion,seed-2,MASS,18,MASS-F1,PD_MECH_PAYBACK_UNATTRACTIVE,-1,5130,171,171000,2500000,14.619883040935672,0.7916666666666666,1,9.5,false
ecuador-early-expansion,seed-2,MASS,18,,PD_MECH_DEFERRED,-1,-1,-1,-1,-1,-1,-1,-1,-1,false
ecuador-early-expansion,seed-2,BAL,18,,PD_MECH_DEFERRED,-1,-1,-1,-1,-1,-1,-1,-1,-1,false
ecuador-early-expansion,seed-2,JPQ,18,,PD_MECH_DEFERRED,-1,-1,-1,-1,-1,-1,-1,-1,-1,false
ecuador-early-expansion,seed-2,CONSV,18,,PD_MECH_DEFERRED,-1,-1,-1,-1,-1,-1,-1,-1,-1,false
ecuador-early-expansion,seed-2,VAP,18,,PD_MECH_DEFERRED,-1,-1,-1,-1,-1,-1,-1,-1,-1,false
ecuador-early-expansion,seed-2,MASS,19,MASS-F1,PD_MECH_CONSIDERED,1,-1,-1,-1,-1,-1,-1,-1,-1,false
ecuador-early-expansion,seed-2,MASS,19,MASS-F1,PD_MECH_PAYBACK_UNATTRACTIVE,-1,5130,171,171000,2500000,14.619883040935672,0.7916666666666666,1,9.5,false
ecuador-early-expansion,seed-2,MASS,19,,PD_MECH_DEFERRED,-1,-1,-1,-1,-1,-1,-1,-1,-1,false
ecuador-early-expansion,seed-2,BAL,19,,PD_MECH_DEFERRED,-1,-1,-1,-1,-1,-1,-1,-1,-1,false
ecuador-early-expansion,seed-2,JPQ,19,,PD_MECH_DEFERRED,-1,-1,-1,-1,-1,-1,-1,-1,-1,false
ecuador-early-expansion,seed-2,CONSV,19,,PD_MECH_DEFERRED,-1,-1,-1,-1,-1,-1,-1,-1,-1,false
ecuador-early-expansion,seed-2,VAP,19,,PD_MECH_DEFERRED,-1,-1,-1,-1,-1,-1,-1,-1,-1,false
ecuador-early-expansion,seed-2,MASS,20,MASS-F1,PD_MECH_CONSIDERED,1,-1,-1,-1,-1,-1,-1,-1,-1,false
ecuador-early-expansion,seed-2,MASS,20,MASS-F1,PD_MECH_PAYBACK_UNATTRACTIVE,-1,5130,171,171000,2500000,14.619883040935672,0.7916666666666666,1,9.5,false
ecuador-early-expansion,seed-2,MASS,20,,PD_MECH_DEFERRED,-1,-1,-1,-1,-1,-1,-1,-1,-1,false
ecuador-early-expansion,seed-2,BAL,20,,PD_MECH_DEFERRED,-1,-1,-1,-1,-1,-1,-1,-1,-1,false
ecuador-early-expansion,seed-2,JPQ,20,,PD_MECH_DEFERRED,-1,-1,-1,-1,-1,-1,-1,-1,-1,false
ecuador-early-expansion,seed-2,CONSV,20,,PD_MECH_DEFERRED,-1,-1,-1,-1,-1,-1,-1,-1,-1,false
ecuador-early-expansion,seed-2,VAP,20,,PD_MECH_DEFERRED,-1,-1,-1,-1,-1,-1,-1,-1,-1,false
ecuador-early-expansion,seed-2,MASS,21,MASS-F1,PD_MECH_CONSIDERED,1,-1,-1,-1,-1,-1,-1,-1,-1,false
ecuador-early-expansion,seed-2,MASS,21,MASS-F1,PD_MECH_PAYBACK_UNATTRACTIVE,-1,5429.25,180.9749999999999,180974.9999999999,2500000,13.814062715844736,0.7916666666666666,1,9.5,false
ecuador-early-expansion,seed-2,MASS,21,,PD_MECH_DEFERRED,-1,-1,-1,-1,-1,-1,-1,-1,-1,false
ecuador-early-expansion,seed-2,BAL,21,,PD_MECH_DEFERRED,-1,-1,-1,-1,-1,-1,-1,-1,-1,false
ecuador-early-expansion,seed-2,JPQ,21,,PD_MECH_DEFERRED,-1,-1,-1,-1,-1,-1,-1,-1,-1,false
ecuador-early-expansion,seed-2,CONSV,21,,PD_MECH_DEFERRED,-1,-1,-1,-1,-1,-1,-1,-1,-1,false
ecuador-early-expansion,seed-2,VAP,21,,PD_MECH_DEFERRED,-1,-1,-1,-1,-1,-1,-1,-1,-1,false
ecuador-early-expansion,seed-2,MASS,22,MASS-F1,PD_MECH_CONSIDERED,1,-1,-1,-1,-1,-1,-1,-1,-1,false
ecuador-early-expansion,seed-2,MASS,22,MASS-F1,PD_MECH_PAYBACK_UNATTRACTIVE,-1,5429.25,180.9749999999999,180974.9999999999,2500000,13.814062715844736,0.7916666666666666,1,9.5,false
ecuador-early-expansion,seed-2,MASS,22,,PD_MECH_DEFERRED,-1,-1,-1,-1,-1,-1,-1,-1,-1,false
ecuador-early-expansion,seed-2,BAL,22,,PD_MECH_DEFERRED,-1,-1,-1,-1,-1,-1,-1,-1,-1,false
ecuador-early-expansion,seed-2,JPQ,22,,PD_MECH_DEFERRED,-1,-1,-1,-1,-1,-1,-1,-1,-1,false
ecuador-early-expansion,seed-2,CONSV,22,,PD_MECH_DEFERRED,-1,-1,-1,-1,-1,-1,-1,-1,-1,false
ecuador-early-expansion,seed-2,VAP,22,,PD_MECH_DEFERRED,-1,-1,-1,-1,-1,-1,-1,-1,-1,false
ecuador-early-expansion,seed-2,MASS,23,MASS-F1,PD_MECH_CONSIDERED,1,-1,-1,-1,-1,-1,-1,-1,-1,false
ecuador-early-expansion,seed-2,MASS,23,MASS-F1,PD_MECH_PAYBACK_UNATTRACTIVE,-1,5429.25,180.9749999999999,180974.9999999999,2500000,13.814062715844736,0.7916666666666666,1,9.5,false
ecuador-early-expansion,seed-2,MASS,23,,PD_MECH_DEFERRED,-1,-1,-1,-1,-1,-1,-1,-1,-1,false
ecuador-early-expansion,seed-2,BAL,23,,PD_MECH_DEFERRED,-1,-1,-1,-1,-1,-1,-1,-1,-1,false
ecuador-early-expansion,seed-2,JPQ,23,,PD_MECH_DEFERRED,-1,-1,-1,-1,-1,-1,-1,-1,-1,false
ecuador-early-expansion,seed-2,CONSV,23,,PD_MECH_DEFERRED,-1,-1,-1,-1,-1,-1,-1,-1,-1,false
ecuador-early-expansion,seed-2,VAP,23,,PD_MECH_DEFERRED,-1,-1,-1,-1,-1,-1,-1,-1,-1,false
ecuador-early-expansion,seed-2,MASS,24,MASS-F1,PD_MECH_CONSIDERED,1,-1,-1,-1,-1,-1,-1,-1,-1,false
ecuador-early-expansion,seed-2,MASS,24,MASS-F1,PD_MECH_PAYBACK_UNATTRACTIVE,-1,5429.25,180.9749999999999,180974.9999999999,2500000,13.814062715844736,0.7916666666666666,1,9.5,false
ecuador-early-expansion,seed-2,MASS,24,,PD_MECH_DEFERRED,-1,-1,-1,-1,-1,-1,-1,-1,-1,false
ecuador-early-expansion,seed-2,BAL,24,,PD_MECH_DEFERRED,-1,-1,-1,-1,-1,-1,-1,-1,-1,false
ecuador-early-expansion,seed-2,JPQ,24,,PD_MECH_DEFERRED,-1,-1,-1,-1,-1,-1,-1,-1,-1,false
ecuador-early-expansion,seed-2,CONSV,24,,PD_MECH_DEFERRED,-1,-1,-1,-1,-1,-1,-1,-1,-1,false
ecuador-early-expansion,seed-2,VAP,24,,PD_MECH_DEFERRED,-1,-1,-1,-1,-1,-1,-1,-1,-1,false
ecuador-early-expansion,seed-2,MASS,25,MASS-F1,PD_MECH_CONSIDERED,1,-1,-1,-1,-1,-1,-1,-1,-1,false
ecuador-early-expansion,seed-2,MASS,25,MASS-F1,PD_MECH_PAYBACK_UNATTRACTIVE,-1,5728.5,190.95000000000005,190950.00000000006,2500000,13.092432573972241,0.7916666666666666,1,9.5,false
ecuador-early-expansion,seed-2,MASS,25,,PD_MECH_DEFERRED,-1,-1,-1,-1,-1,-1,-1,-1,-1,false
ecuador-early-expansion,seed-2,BAL,25,,PD_MECH_DEFERRED,-1,-1,-1,-1,-1,-1,-1,-1,-1,false
ecuador-early-expansion,seed-2,JPQ,25,,PD_MECH_DEFERRED,-1,-1,-1,-1,-1,-1,-1,-1,-1,false
ecuador-early-expansion,seed-2,CONSV,25,,PD_MECH_DEFERRED,-1,-1,-1,-1,-1,-1,-1,-1,-1,false
ecuador-early-expansion,seed-2,VAP,25,,PD_MECH_DEFERRED,-1,-1,-1,-1,-1,-1,-1,-1,-1,false
ecuador-early-expansion,seed-2,MASS,26,MASS-F1,PD_MECH_CONSIDERED,1,-1,-1,-1,-1,-1,-1,-1,-1,false
ecuador-early-expansion,seed-2,MASS,26,MASS-F1,PD_MECH_PAYBACK_UNATTRACTIVE,-1,5728.5,190.95000000000005,190950.00000000006,2500000,13.092432573972241,0.7916666666666666,1,9.5,false
ecuador-early-expansion,seed-2,MASS,26,,PD_MECH_DEFERRED,-1,-1,-1,-1,-1,-1,-1,-1,-1,false
ecuador-early-expansion,seed-2,BAL,26,,PD_MECH_DEFERRED,-1,-1,-1,-1,-1,-1,-1,-1,-1,false
ecuador-early-expansion,seed-2,JPQ,26,,PD_MECH_DEFERRED,-1,-1,-1,-1,-1,-1,-1,-1,-1,false
ecuador-early-expansion,seed-2,CONSV,26,,PD_MECH_DEFERRED,-1,-1,-1,-1,-1,-1,-1,-1,-1,false
ecuador-early-expansion,seed-2,VAP,26,,PD_MECH_DEFERRED,-1,-1,-1,-1,-1,-1,-1,-1,-1,false
ecuador-early-expansion,seed-2,MASS,27,MASS-F1,PD_MECH_CONSIDERED,1,-1,-1,-1,-1,-1,-1,-1,-1,false
ecuador-early-expansion,seed-2,MASS,27,MASS-F1,PD_MECH_PAYBACK_UNATTRACTIVE,-1,5728.5,190.95000000000005,190950.00000000006,2500000,13.092432573972241,0.7916666666666666,1,9.5,false
ecuador-early-expansion,seed-2,MASS,27,MASS-NEWF-MASS-CAPEX-5,PD_MECH_CONSIDERED,0,-1,-1,-1,-1,-1,-1,-1,-1,false
ecuador-early-expansion,seed-2,MASS,27,MASS-NEWF-MASS-CAPEX-5,PD_MECH_LOW_UTILIZATION,0,-1,-1,-1,-1,-1,-1,-1,-1,false
ecuador-early-expansion,seed-2,MASS,27,,PD_MECH_DEFERRED,-1,-1,-1,-1,-1,-1,-1,-1,-1,false
ecuador-early-expansion,seed-2,BAL,27,,PD_MECH_DEFERRED,-1,-1,-1,-1,-1,-1,-1,-1,-1,false
ecuador-early-expansion,seed-2,JPQ,27,,PD_MECH_DEFERRED,-1,-1,-1,-1,-1,-1,-1,-1,-1,false
ecuador-early-expansion,seed-2,CONSV,27,,PD_MECH_DEFERRED,-1,-1,-1,-1,-1,-1,-1,-1,-1,false
ecuador-early-expansion,seed-2,VAP,27,,PD_MECH_DEFERRED,-1,-1,-1,-1,-1,-1,-1,-1,-1,false
ecuador-early-expansion,seed-2,MASS,28,MASS-F1,PD_MECH_CONSIDERED,1,-1,-1,-1,-1,-1,-1,-1,-1,false
ecuador-early-expansion,seed-2,MASS,28,MASS-F1,PD_MECH_PAYBACK_UNATTRACTIVE,-1,5728.5,190.95000000000005,190950.00000000006,2500000,13.092432573972241,0.7916666666666666,1,9.5,false
ecuador-early-expansion,seed-2,MASS,28,MASS-NEWF-MASS-CAPEX-5,PD_MECH_CONSIDERED,1,-1,-1,-1,-1,-1,-1,-1,-1,false
ecuador-early-expansion,seed-2,MASS,28,MASS-NEWF-MASS-CAPEX-5,PD_MECH_PAYBACK_UNATTRACTIVE,-1,5130,171,171000,2500000,14.619883040935672,0.7916666666666666,1,9.5,false
ecuador-early-expansion,seed-2,MASS,28,,PD_MECH_DEFERRED,-1,-1,-1,-1,-1,-1,-1,-1,-1,false
ecuador-early-expansion,seed-2,BAL,28,BAL-NEWF-BAL-CAPEX-11,PD_MECH_CONSIDERED,0,-1,-1,-1,-1,-1,-1,-1,-1,false
ecuador-early-expansion,seed-2,BAL,28,BAL-NEWF-BAL-CAPEX-11,PD_MECH_LOW_UTILIZATION,0,-1,-1,-1,-1,-1,-1,-1,-1,false
ecuador-early-expansion,seed-2,BAL,28,,PD_MECH_DEFERRED,-1,-1,-1,-1,-1,-1,-1,-1,-1,false
ecuador-early-expansion,seed-2,JPQ,28,,PD_MECH_DEFERRED,-1,-1,-1,-1,-1,-1,-1,-1,-1,false
ecuador-early-expansion,seed-2,CONSV,28,,PD_MECH_DEFERRED,-1,-1,-1,-1,-1,-1,-1,-1,-1,false
ecuador-early-expansion,seed-2,VAP,28,,PD_MECH_DEFERRED,-1,-1,-1,-1,-1,-1,-1,-1,-1,false
ecuador-early-expansion,seed-2,MASS,29,MASS-F1,PD_MECH_CONSIDERED,0.6919944138954351,-1,-1,-1,-1,-1,-1,-1,-1,false
ecuador-early-expansion,seed-2,MASS,29,MASS-F1,PD_MECH_PAYBACK_UNATTRACTIVE,-1,3964.09,132.13633333333325,132136.33333333326,2500000,18.91985298012912,0.7916666666666666,1,9.5,false
ecuador-early-expansion,seed-2,MASS,29,MASS-NEWF-MASS-CAPEX-5,PD_MECH_CONSIDERED,0,-1,-1,-1,-1,-1,-1,-1,-1,false
ecuador-early-expansion,seed-2,MASS,29,MASS-NEWF-MASS-CAPEX-5,PD_MECH_LOW_UTILIZATION,0,-1,-1,-1,-1,-1,-1,-1,-1,false
ecuador-early-expansion,seed-2,MASS,29,,PD_MECH_DEFERRED,-1,-1,-1,-1,-1,-1,-1,-1,-1,false
ecuador-early-expansion,seed-2,BAL,29,BAL-NEWF-BAL-CAPEX-11,PD_MECH_CONSIDERED,0.5598216374269006,-1,-1,-1,-1,-1,-1,-1,-1,false
ecuador-early-expansion,seed-2,BAL,29,BAL-NEWF-BAL-CAPEX-11,PD_MECH_PAYBACK_UNATTRACTIVE,-1,2871.885,95.72950000000003,95729.50000000003,2500000,26.11525182937338,1,1,12,false
ecuador-early-expansion,seed-2,BAL,29,,PD_MECH_DEFERRED,-1,-1,-1,-1,-1,-1,-1,-1,-1,false
ecuador-early-expansion,seed-2,JPQ,29,,PD_MECH_DEFERRED,-1,-1,-1,-1,-1,-1,-1,-1,-1,false
ecuador-early-expansion,seed-2,CONSV,29,,PD_MECH_DEFERRED,-1,-1,-1,-1,-1,-1,-1,-1,-1,false
ecuador-early-expansion,seed-2,VAP,29,,PD_MECH_DEFERRED,-1,-1,-1,-1,-1,-1,-1,-1,-1,false
ecuador-early-expansion,seed-2,MASS,30,MASS-F1,PD_MECH_CONSIDERED,0.6241983067120538,-1,-1,-1,-1,-1,-1,-1,-1,false
ecuador-early-expansion,seed-2,MASS,30,MASS-F1,PD_MECH_PAYBACK_UNATTRACTIVE,-1,3762.5113432835824,125.4170447761195,125417.0447761195,2500000,19.933494721253567,0.7916666666666666,1,9.5,false
ecuador-early-expansion,seed-2,MASS,30,MASS-NEWF-MASS-CAPEX-5,PD_MECH_CONSIDERED,0.6241973684210527,-1,-1,-1,-1,-1,-1,-1,-1,false
ecuador-early-expansion,seed-2,MASS,30,MASS-NEWF-MASS-CAPEX-5,PD_MECH_PAYBACK_UNATTRACTIVE,-1,4269.51,142.317,142317,2500000,17.566418628835628,0.7916666666666666,1,9.5,false
ecuador-early-expansion,seed-2,MASS,30,,PD_MECH_DEFERRED,-1,-1,-1,-1,-1,-1,-1,-1,-1,false
ecuador-early-expansion,seed-2,BAL,30,BAL-NEWF-BAL-CAPEX-11,PD_MECH_CONSIDERED,0.6445886939571149,-1,-1,-1,-1,-1,-1,-1,-1,false
ecuador-early-expansion,seed-2,BAL,30,BAL-NEWF-BAL-CAPEX-11,PD_MECH_PAYBACK_UNATTRACTIVE,-1,4408.986666666666,146.9662222222222,146966.2222222222,2500000,17.01071145599594,1,1,12,false
ecuador-early-expansion,seed-2,BAL,30,,PD_MECH_DEFERRED,-1,-1,-1,-1,-1,-1,-1,-1,-1,false
ecuador-early-expansion,seed-2,JPQ,30,,PD_MECH_DEFERRED,-1,-1,-1,-1,-1,-1,-1,-1,-1,false
ecuador-early-expansion,seed-2,CONSV,30,,PD_MECH_DEFERRED,-1,-1,-1,-1,-1,-1,-1,-1,-1,false
ecuador-early-expansion,seed-2,VAP,30,,PD_MECH_DEFERRED,-1,-1,-1,-1,-1,-1,-1,-1,-1,false
ecuador-early-expansion,seed-2,MASS,31,MASS-F1,PD_MECH_CONSIDERED,0.5890688897183858,-1,-1,-1,-1,-1,-1,-1,-1,false
ecuador-early-expansion,seed-2,MASS,31,MASS-F1,PD_MECH_PAYBACK_UNATTRACTIVE,-1,3550.7599999999998,118.35866666666664,118358.66666666664,2500000,21.122238619337836,0.7916666666666666,1,9.5,false
ecuador-early-expansion,seed-2,MASS,31,MASS-NEWF-MASS-CAPEX-5,PD_MECH_CONSIDERED,0.4924576023391813,-1,-1,-1,-1,-1,-1,-1,-1,false
ecuador-early-expansion,seed-2,MASS,31,MASS-NEWF-MASS-CAPEX-5,PD_MECH_LOW_UTILIZATION,0.4924576023391813,-1,-1,-1,-1,-1,-1,-1,-1,false
ecuador-early-expansion,seed-2,MASS,31,,PD_MECH_DEFERRED,-1,-1,-1,-1,-1,-1,-1,-1,-1,false
ecuador-early-expansion,seed-2,BAL,31,BAL-NEWF-BAL-CAPEX-11,PD_MECH_CONSIDERED,0.6889502923976608,-1,-1,-1,-1,-1,-1,-1,-1,false
ecuador-early-expansion,seed-2,BAL,31,BAL-NEWF-BAL-CAPEX-11,PD_MECH_PAYBACK_UNATTRACTIVE,-1,4712.42,157.08066666666673,157080.66666666674,2500000,15.915389545074497,1,1,12,false
ecuador-early-expansion,seed-2,BAL,31,,PD_MECH_DEFERRED,-1,-1,-1,-1,-1,-1,-1,-1,-1,false
ecuador-early-expansion,seed-2,JPQ,31,,PD_MECH_DEFERRED,-1,-1,-1,-1,-1,-1,-1,-1,-1,false
ecuador-early-expansion,seed-2,CONSV,31,,PD_MECH_DEFERRED,-1,-1,-1,-1,-1,-1,-1,-1,-1,false
ecuador-early-expansion,seed-2,VAP,31,,PD_MECH_DEFERRED,-1,-1,-1,-1,-1,-1,-1,-1,-1,false
ecuador-early-expansion,seed-2,MASS,32,MASS-F1,PD_MECH_CONSIDERED,0.5268533034714445,-1,-1,-1,-1,-1,-1,-1,-1,false
ecuador-early-expansion,seed-2,MASS,32,MASS-F1,PD_MECH_PAYBACK_UNATTRACTIVE,-1,3175.74,105.85799999999995,105857.99999999994,2500000,23.6165429159818,0.7916666666666666,1,9.5,false
ecuador-early-expansion,seed-2,MASS,32,MASS-NEWF-MASS-CAPEX-5,PD_MECH_CONSIDERED,0.460311403508772,-1,-1,-1,-1,-1,-1,-1,-1,false
ecuador-early-expansion,seed-2,MASS,32,MASS-NEWF-MASS-CAPEX-5,PD_MECH_LOW_UTILIZATION,0.460311403508772,-1,-1,-1,-1,-1,-1,-1,-1,false
ecuador-early-expansion,seed-2,MASS,32,,PD_MECH_DEFERRED,-1,-1,-1,-1,-1,-1,-1,-1,-1,false
ecuador-early-expansion,seed-2,BAL,32,BAL-NEWF-BAL-CAPEX-11,PD_MECH_CONSIDERED,0.9281739766081871,-1,-1,-1,-1,-1,-1,-1,-1,false
ecuador-early-expansion,seed-2,BAL,32,BAL-NEWF-BAL-CAPEX-11,PD_MECH_PROPOSED,-1,6348.71,211.62366666666662,211623.66666666663,2500000,11.813423514383238,1,1,12,true
ecuador-early-expansion,seed-2,JPQ,32,,PD_MECH_DEFERRED,-1,-1,-1,-1,-1,-1,-1,-1,-1,false
ecuador-early-expansion,seed-2,CONSV,32,,PD_MECH_DEFERRED,-1,-1,-1,-1,-1,-1,-1,-1,-1,false
ecuador-early-expansion,seed-2,VAP,32,,PD_MECH_DEFERRED,-1,-1,-1,-1,-1,-1,-1,-1,-1,false
ecuador-early-expansion,seed-3,MASS,1,MASS-F1,PD_MECH_CONSIDERED,0,-1,-1,-1,-1,-1,-1,-1,-1,false
ecuador-early-expansion,seed-3,MASS,1,MASS-F1,PD_MECH_LOW_UTILIZATION,0,-1,-1,-1,-1,-1,-1,-1,-1,false
ecuador-early-expansion,seed-3,MASS,1,,PD_MECH_DEFERRED,-1,-1,-1,-1,-1,-1,-1,-1,-1,false
ecuador-early-expansion,seed-3,BAL,1,BAL-F1,PD_MECH_CONSIDERED,0,-1,-1,-1,-1,-1,-1,-1,-1,false
ecuador-early-expansion,seed-3,BAL,1,BAL-F1,PD_MECH_LOW_UTILIZATION,0,-1,-1,-1,-1,-1,-1,-1,-1,false
ecuador-early-expansion,seed-3,BAL,1,,PD_MECH_DEFERRED,-1,-1,-1,-1,-1,-1,-1,-1,-1,false
ecuador-early-expansion,seed-3,JPQ,1,JPQ-F1,PD_MECH_CONSIDERED,0,-1,-1,-1,-1,-1,-1,-1,-1,false
ecuador-early-expansion,seed-3,JPQ,1,JPQ-F1,PD_MECH_LOW_UTILIZATION,0,-1,-1,-1,-1,-1,-1,-1,-1,false
ecuador-early-expansion,seed-3,JPQ,1,,PD_MECH_DEFERRED,-1,-1,-1,-1,-1,-1,-1,-1,-1,false
ecuador-early-expansion,seed-3,CONSV,1,CONSV-F1,PD_MECH_CONSIDERED,0,-1,-1,-1,-1,-1,-1,-1,-1,false
ecuador-early-expansion,seed-3,CONSV,1,CONSV-F1,PD_MECH_LOW_UTILIZATION,0,-1,-1,-1,-1,-1,-1,-1,-1,false
ecuador-early-expansion,seed-3,CONSV,1,,PD_MECH_DEFERRED,-1,-1,-1,-1,-1,-1,-1,-1,-1,false
ecuador-early-expansion,seed-3,VAP,1,VAP-F1,PD_MECH_CONSIDERED,0,-1,-1,-1,-1,-1,-1,-1,-1,false
ecuador-early-expansion,seed-3,VAP,1,VAP-F1,PD_MECH_LOW_UTILIZATION,0,-1,-1,-1,-1,-1,-1,-1,-1,false
ecuador-early-expansion,seed-3,VAP,1,,PD_MECH_DEFERRED,-1,-1,-1,-1,-1,-1,-1,-1,-1,false
ecuador-early-expansion,seed-3,MASS,2,MASS-F1,PD_MECH_CONSIDERED,0.7883040935672515,-1,-1,-1,-1,-1,-1,-1,-1,false
ecuador-early-expansion,seed-3,MASS,2,MASS-F1,PD_MECH_PAYBACK_UNATTRACTIVE,-1,4044.0000000000005,134.79999999999995,134799.99999999994,2500000,18.545994065281906,0.7916666666666666,1,9.5,false
ecuador-early-expansion,seed-3,MASS,2,,PD_MECH_DEFERRED,-1,-1,-1,-1,-1,-1,-1,-1,-1,false
ecuador-early-expansion,seed-3,BAL,2,BAL-F1,PD_MECH_CONSIDERED,0.9271929824561403,-1,-1,-1,-1,-1,-1,-1,-1,false
ecuador-early-expansion,seed-3,BAL,2,BAL-F1,PD_MECH_PAYBACK_UNATTRACTIVE,-1,5549.25,184.9749999999999,184974.9999999999,2500000,13.515339910798764,1,1,12,false
ecuador-early-expansion,seed-3,BAL,2,,PD_MECH_DEFERRED,-1,-1,-1,-1,-1,-1,-1,-1,-1,false
ecuador-early-expansion,seed-3,JPQ,2,JPQ-F1,PD_MECH_CONSIDERED,1,-1,-1,-1,-1,-1,-1,-1,-1,false
ecuador-early-expansion,seed-3,JPQ,2,,PD_MECH_FINANCE_BLOCKED,-1,-1,-1,-1,2500000,-1,-1,-1,-1,false
ecuador-early-expansion,seed-3,CONSV,2,CONSV-F1,PD_MECH_CONSIDERED,1,-1,-1,-1,-1,-1,-1,-1,-1,false
ecuador-early-expansion,seed-3,CONSV,2,,PD_MECH_FINANCE_BLOCKED,-1,-1,-1,-1,2500000,-1,-1,-1,-1,false
ecuador-early-expansion,seed-3,VAP,2,VAP-F1,PD_MECH_CONSIDERED,1,-1,-1,-1,-1,-1,-1,-1,-1,false
ecuador-early-expansion,seed-3,VAP,2,,PD_MECH_FINANCE_BLOCKED,-1,-1,-1,-1,2500000,-1,-1,-1,-1,false
ecuador-early-expansion,seed-3,MASS,3,MASS-F1,PD_MECH_CONSIDERED,0.6222183235867447,-1,-1,-1,-1,-1,-1,-1,-1,false
ecuador-early-expansion,seed-3,MASS,3,MASS-F1,PD_MECH_PAYBACK_UNATTRACTIVE,-1,3191.98,106.39933333333329,106399.33333333328,2500000,23.496387821978846,0.7916666666666666,1,9.5,false
ecuador-early-expansion,seed-3,MASS,3,,PD_MECH_DEFERRED,-1,-1,-1,-1,-1,-1,-1,-1,-1,false
ecuador-early-expansion,seed-3,BAL,3,BAL-F1,PD_MECH_CONSIDERED,1,-1,-1,-1,-1,-1,-1,-1,-1,false
ecuador-early-expansion,seed-3,BAL,3,BAL-F1,PD_MECH_PAYBACK_UNATTRACTIVE,-1,5985,199.5,199500,2500000,12.531328320802006,1,1,12,false
ecuador-early-expansion,seed-3,BAL,3,,PD_MECH_DEFERRED,-1,-1,-1,-1,-1,-1,-1,-1,-1,false
ecuador-early-expansion,seed-3,JPQ,3,JPQ-F1,PD_MECH_CONSIDERED,0.8874108187134503,-1,-1,-1,-1,-1,-1,-1,-1,false
ecuador-early-expansion,seed-3,JPQ,3,JPQ-F1,PD_MECH_PROPOSED,-1,6069.89,202.32966666666664,202329.66666666663,2500000,12.356072350569782,1.1176470588235294,1,13.411764705882353,true
ecuador-early-expansion,seed-3,CONSV,3,CONSV-F1,PD_MECH_CONSIDERED,0.8540601503759399,-1,-1,-1,-1,-1,-1,-1,-1,false
ecuador-early-expansion,seed-3,CONSV,3,CONSV-F1,PD_MECH_PAYBACK_UNATTRACTIVE,-1,5111.55,170.385,170385,2500000,14.672653109135194,1.2105263157894737,1.05,13.834586466165414,false
ecuador-early-expansion,seed-3,CONSV,3,,PD_MECH_DEFERRED,-1,-1,-1,-1,-1,-1,-1,-1,-1,false
ecuador-early-expansion,seed-3,VAP,3,VAP-F1,PD_MECH_CONSIDERED,0.9596881091617934,-1,-1,-1,-1,-1,-1,-1,-1,false
ecuador-early-expansion,seed-3,VAP,3,,PD_MECH_FINANCE_BLOCKED,-1,-1,-1,-1,2500000,-1,-1,-1,-1,false
ecuador-early-expansion,seed-3,MASS,4,MASS-F1,PD_MECH_CONSIDERED,1,-1,-1,-1,-1,-1,-1,-1,-1,false
ecuador-early-expansion,seed-3,MASS,4,MASS-F1,PD_MECH_PAYBACK_UNATTRACTIVE,-1,5130,171,171000,2500000,14.619883040935672,0.7916666666666666,1,9.5,false
ecuador-early-expansion,seed-3,MASS,4,,PD_MECH_DEFERRED,-1,-1,-1,-1,-1,-1,-1,-1,-1,false
ecuador-early-expansion,seed-3,BAL,4,BAL-F1,PD_MECH_CONSIDERED,1,-1,-1,-1,-1,-1,-1,-1,-1,false
ecuador-early-expansion,seed-3,BAL,4,BAL-F1,PD_MECH_PAYBACK_UNATTRACTIVE,-1,5985,199.5,199500,2500000,12.531328320802006,1,1,12,false
ecuador-early-expansion,seed-3,BAL,4,,PD_MECH_DEFERRED,-1,-1,-1,-1,-1,-1,-1,-1,-1,false
ecuador-early-expansion,seed-3,JPQ,4,,PD_MECH_DEFERRED,-1,-1,-1,-1,-1,-1,-1,-1,-1,false
ecuador-early-expansion,seed-3,CONSV,4,CONSV-F1,PD_MECH_CONSIDERED,0.9301487050960735,-1,-1,-1,-1,-1,-1,-1,-1,false
ecuador-early-expansion,seed-3,CONSV,4,CONSV-F1,PD_MECH_PROPOSED,-1,5566.94,185.56466666666665,185564.66666666666,2500000,13.472392373548125,1.2105263157894737,1.05,13.834586466165414,true
ecuador-early-expansion,seed-3,VAP,4,VAP-F1,PD_MECH_CONSIDERED,0.9049278752436647,-1,-1,-1,-1,-1,-1,-1,-1,false
ecuador-early-expansion,seed-3,VAP,4,,PD_MECH_FINANCE_BLOCKED,-1,-1,-1,-1,2500000,-1,-1,-1,-1,false
ecuador-early-expansion,seed-3,MASS,5,MASS-F1,PD_MECH_CONSIDERED,0.5641656920077973,-1,-1,-1,-1,-1,-1,-1,-1,false
ecuador-early-expansion,seed-3,MASS,5,MASS-F1,PD_MECH_PAYBACK_UNATTRACTIVE,-1,2894.17,96.47233333333338,96472.33333333339,2500000,25.914165373837736,0.7916666666666666,1,9.5,false
ecuador-early-expansion,seed-3,MASS,5,,PD_MECH_DEFERRED,-1,-1,-1,-1,-1,-1,-1,-1,-1,false
ecuador-early-expansion,seed-3,BAL,5,BAL-F1,PD_MECH_CONSIDERED,1,-1,-1,-1,-1,-1,-1,-1,-1,false
ecuador-early-expansion,seed-3,BAL,5,BAL-F1,PD_MECH_PAYBACK_UNATTRACTIVE,-1,5985,199.5,199500,2500000,12.531328320802006,1,1,12,false
ecuador-early-expansion,seed-3,BAL,5,,PD_MECH_DEFERRED,-1,-1,-1,-1,-1,-1,-1,-1,-1,false
ecuador-early-expansion,seed-3,JPQ,5,,PD_MECH_DEFERRED,-1,-1,-1,-1,-1,-1,-1,-1,-1,false
ecuador-early-expansion,seed-3,CONSV,5,CONSV-F1,PD_MECH_CONSIDERED,1,-1,-1,-1,-1,-1,-1,-1,-1,false
ecuador-early-expansion,seed-3,CONSV,5,CONSV-F1,PD_MECH_PROPOSED,-1,5985,199.5,199500,2500000,12.531328320802006,1.2105263157894737,1.05,13.834586466165414,true
ecuador-early-expansion,seed-3,VAP,5,VAP-F1,PD_MECH_CONSIDERED,1,-1,-1,-1,-1,-1,-1,-1,-1,false
ecuador-early-expansion,seed-3,VAP,5,,PD_MECH_FINANCE_BLOCKED,-1,-1,-1,-1,2500000,-1,-1,-1,-1,false
ecuador-early-expansion,seed-3,MASS,6,MASS-F1,PD_MECH_CONSIDERED,0.9984113060428851,-1,-1,-1,-1,-1,-1,-1,-1,false
ecuador-early-expansion,seed-3,MASS,6,MASS-F1,PD_MECH_PAYBACK_UNATTRACTIVE,-1,5121.85,170.72833333333335,170728.33333333334,2500000,14.643146519324072,0.7916666666666666,1,9.5,false
ecuador-early-expansion,seed-3,MASS,6,,PD_MECH_DEFERRED,-1,-1,-1,-1,-1,-1,-1,-1,-1,false
ecuador-early-expansion,seed-3,BAL,6,BAL-F1,PD_MECH_CONSIDERED,0.9005363408521303,-1,-1,-1,-1,-1,-1,-1,-1,false
ecuador-early-expansion,seed-3,BAL,6,BAL-F1,PD_MECH_PAYBACK_UNATTRACTIVE,-1,5659.1955,188.6398499999999,188639.84999999992,2500000,13.252767111509053,1,1,12,false
ecuador-early-expansion,seed-3,BAL,6,,PD_MECH_DEFERRED,-1,-1,-1,-1,-1,-1,-1,-1,-1,false
ecuador-early-expansion,seed-3,JPQ,6,,PD_MECH_DEFERRED,-1,-1,-1,-1,-1,-1,-1,-1,-1,false
ecuador-early-expansion,seed-3,CONSV,6,,PD_MECH_DEFERRED,-1,-1,-1,-1,-1,-1,-1,-1,-1,false
ecuador-early-expansion,seed-3,VAP,6,VAP-F1,PD_MECH_CONSIDERED,1,-1,-1,-1,-1,-1,-1,-1,-1,false
ecuador-early-expansion,seed-3,VAP,6,,PD_MECH_FINANCE_BLOCKED,-1,-1,-1,-1,2500000,-1,-1,-1,-1,false
ecuador-early-expansion,seed-3,MASS,7,MASS-F1,PD_MECH_CONSIDERED,0.5814171539961014,-1,-1,-1,-1,-1,-1,-1,-1,false
ecuador-early-expansion,seed-3,MASS,7,MASS-F1,PD_MECH_PAYBACK_UNATTRACTIVE,-1,2982.67,99.42233333333331,99422.33333333331,2500000,25.1452557607781,0.7916666666666666,1,9.5,false
ecuador-early-expansion,seed-3,MASS,7,,PD_MECH_DEFERRED,-1,-1,-1,-1,-1,-1,-1,-1,-1,false
ecuador-early-expansion,seed-3,BAL,7,BAL-F1,PD_MECH_CONSIDERED,0.9455113975414727,-1,-1,-1,-1,-1,-1,-1,-1,false
ecuador-early-expansion,seed-3,BAL,7,BAL-F1,PD_MECH_PAYBACK_UNATTRACTIVE,-1,5941.83,198.06100000000004,198061.00000000003,2500000,12.62237391510696,1,1,12,false
ecuador-early-expansion,seed-3,BAL,7,,PD_MECH_DEFERRED,-1,-1,-1,-1,-1,-1,-1,-1,-1,false
ecuador-early-expansion,seed-3,JPQ,7,,PD_MECH_DEFERRED,-1,-1,-1,-1,-1,-1,-1,-1,-1,false
ecuador-early-expansion,seed-3,CONSV,7,,PD_MECH_DEFERRED,-1,-1,-1,-1,-1,-1,-1,-1,-1,false
ecuador-early-expansion,seed-3,VAP,7,VAP-F1,PD_MECH_CONSIDERED,1,-1,-1,-1,-1,-1,-1,-1,-1,false
ecuador-early-expansion,seed-3,VAP,7,,PD_MECH_FINANCE_BLOCKED,-1,-1,-1,-1,2500000,-1,-1,-1,-1,false
ecuador-early-expansion,seed-3,MASS,8,MASS-F1,PD_MECH_CONSIDERED,0.9860214424951267,-1,-1,-1,-1,-1,-1,-1,-1,false
ecuador-early-expansion,seed-3,MASS,8,MASS-F1,PD_MECH_PAYBACK_UNATTRACTIVE,-1,5058.29,168.60966666666673,168609.66666666672,2500000,14.827145141935313,0.7916666666666666,1,9.5,false
ecuador-early-expansion,seed-3,MASS,8,,PD_MECH_DEFERRED,-1,-1,-1,-1,-1,-1,-1,-1,-1,false
ecuador-early-expansion,seed-3,BAL,8,BAL-F1,PD_MECH_CONSIDERED,0.9939817798464415,-1,-1,-1,-1,-1,-1,-1,-1,false
ecuador-early-expansion,seed-3,BAL,8,BAL-F1,PD_MECH_PAYBACK_UNATTRACTIVE,-1,6246.43,208.21433333333334,208214.33333333334,2500000,12.00685831747094,1,1,12,false
ecuador-early-expansion,seed-3,BAL,8,,PD_MECH_DEFERRED,-1,-1,-1,-1,-1,-1,-1,-1,-1,false
ecuador-early-expansion,seed-3,JPQ,8,,PD_MECH_DEFERRED,-1,-1,-1,-1,-1,-1,-1,-1,-1,false
ecuador-early-expansion,seed-3,CONSV,8,,PD_MECH_DEFERRED,-1,-1,-1,-1,-1,-1,-1,-1,-1,false
ecuador-early-expansion,seed-3,VAP,8,VAP-F1,PD_MECH_CONSIDERED,1,-1,-1,-1,-1,-1,-1,-1,-1,false
ecuador-early-expansion,seed-3,VAP,8,VAP-F1,PD_MECH_PROPOSED,-1,5130,171,171000,2500000,14.619883040935672,1.411764705882353,1,16.941176470588236,true
ecuador-early-expansion,seed-3,MASS,9,MASS-F1,PD_MECH_CONSIDERED,0.389551656920078,-1,-1,-1,-1,-1,-1,-1,-1,false
ecuador-early-expansion,seed-3,MASS,9,MASS-F1,PD_MECH_LOW_UTILIZATION,0.389551656920078,-1,-1,-1,-1,-1,-1,-1,-1,false
ecuador-early-expansion,seed-3,MASS,9,,PD_MECH_DEFERRED,-1,-1,-1,-1,-1,-1,-1,-1,-1,false
ecuador-early-expansion,seed-3,BAL,9,BAL-F1,PD_MECH_CONSIDERED,0.9939817798464415,-1,-1,-1,-1,-1,-1,-1,-1,false
ecuador-early-expansion,seed-3,BAL,9,BAL-F1,PD_MECH_PAYBACK_UNATTRACTIVE,-1,6246.43,208.21433333333334,208214.33333333334,2500000,12.00685831747094,1,1,12,false
ecuador-early-expansion,seed-3,BAL,9,,PD_MECH_DEFERRED,-1,-1,-1,-1,-1,-1,-1,-1,-1,false
ecuador-early-expansion,seed-3,JPQ,9,,PD_MECH_DEFERRED,-1,-1,-1,-1,-1,-1,-1,-1,-1,false
ecuador-early-expansion,seed-3,CONSV,9,,PD_MECH_DEFERRED,-1,-1,-1,-1,-1,-1,-1,-1,-1,false
ecuador-early-expansion,seed-3,VAP,9,,PD_MECH_DEFERRED,-1,-1,-1,-1,-1,-1,-1,-1,-1,false
ecuador-early-expansion,seed-3,MASS,10,MASS-F1,PD_MECH_CONSIDERED,1,-1,-1,-1,-1,-1,-1,-1,-1,false
ecuador-early-expansion,seed-3,MASS,10,MASS-F1,PD_MECH_PAYBACK_UNATTRACTIVE,-1,5130,171,171000,2500000,14.619883040935672,0.7916666666666666,1,9.5,false
ecuador-early-expansion,seed-3,MASS,10,,PD_MECH_DEFERRED,-1,-1,-1,-1,-1,-1,-1,-1,-1,false
ecuador-early-expansion,seed-3,BAL,10,BAL-F1,PD_MECH_CONSIDERED,0.9970274893583164,-1,-1,-1,-1,-1,-1,-1,-1,false
ecuador-early-expansion,seed-3,BAL,10,BAL-F1,PD_MECH_PROPOSED,-1,6265.57,208.8523333333335,208852.3333333335,2500000,11.970179887863345,1,1,12,true
ecuador-early-expansion,seed-3,JPQ,10,,PD_MECH_DEFERRED,-1,-1,-1,-1,-1,-1,-1,-1,-1,false
ecuador-early-expansion,seed-3,CONSV,10,,PD_MECH_DEFERRED,-1,-1,-1,-1,-1,-1,-1,-1,-1,false
ecuador-early-expansion,seed-3,VAP,10,,PD_MECH_DEFERRED,-1,-1,-1,-1,-1,-1,-1,-1,-1,false
ecuador-early-expansion,seed-3,MASS,11,MASS-F1,PD_MECH_CONSIDERED,1,-1,-1,-1,-1,-1,-1,-1,-1,false
ecuador-early-expansion,seed-3,MASS,11,MASS-F1,PD_MECH_PAYBACK_UNATTRACTIVE,-1,5130,171,171000,2500000,14.619883040935672,0.7916666666666666,1,9.5,false
ecuador-early-expansion,seed-3,MASS,11,,PD_MECH_DEFERRED,-1,-1,-1,-1,-1,-1,-1,-1,-1,false
ecuador-early-expansion,seed-3,BAL,11,,PD_MECH_DEFERRED,-1,-1,-1,-1,-1,-1,-1,-1,-1,false
ecuador-early-expansion,seed-3,JPQ,11,,PD_MECH_DEFERRED,-1,-1,-1,-1,-1,-1,-1,-1,-1,false
ecuador-early-expansion,seed-3,CONSV,11,,PD_MECH_DEFERRED,-1,-1,-1,-1,-1,-1,-1,-1,-1,false
ecuador-early-expansion,seed-3,VAP,11,,PD_MECH_DEFERRED,-1,-1,-1,-1,-1,-1,-1,-1,-1,false
ecuador-early-expansion,seed-3,MASS,12,MASS-F1,PD_MECH_CONSIDERED,1,-1,-1,-1,-1,-1,-1,-1,-1,false
ecuador-early-expansion,seed-3,MASS,12,MASS-F1,PD_MECH_PAYBACK_UNATTRACTIVE,-1,5130,171,171000,2500000,14.619883040935672,0.7916666666666666,1,9.5,false
ecuador-early-expansion,seed-3,MASS,12,,PD_MECH_DEFERRED,-1,-1,-1,-1,-1,-1,-1,-1,-1,false
ecuador-early-expansion,seed-3,BAL,12,,PD_MECH_DEFERRED,-1,-1,-1,-1,-1,-1,-1,-1,-1,false
ecuador-early-expansion,seed-3,JPQ,12,,PD_MECH_DEFERRED,-1,-1,-1,-1,-1,-1,-1,-1,-1,false
ecuador-early-expansion,seed-3,CONSV,12,,PD_MECH_DEFERRED,-1,-1,-1,-1,-1,-1,-1,-1,-1,false
ecuador-early-expansion,seed-3,VAP,12,,PD_MECH_DEFERRED,-1,-1,-1,-1,-1,-1,-1,-1,-1,false
ecuador-early-expansion,seed-3,MASS,13,MASS-F1,PD_MECH_CONSIDERED,0.9708011695906433,-1,-1,-1,-1,-1,-1,-1,-1,false
ecuador-early-expansion,seed-3,MASS,13,MASS-F1,PD_MECH_PAYBACK_UNATTRACTIVE,-1,4980.21,166.00700000000006,166007.00000000006,2500000,15.059605920232274,0.7916666666666666,1,9.5,false
ecuador-early-expansion,seed-3,MASS,13,,PD_MECH_DEFERRED,-1,-1,-1,-1,-1,-1,-1,-1,-1,false
ecuador-early-expansion,seed-3,BAL,13,,PD_MECH_DEFERRED,-1,-1,-1,-1,-1,-1,-1,-1,-1,false
ecuador-early-expansion,seed-3,JPQ,13,,PD_MECH_DEFERRED,-1,-1,-1,-1,-1,-1,-1,-1,-1,false
ecuador-early-expansion,seed-3,CONSV,13,,PD_MECH_DEFERRED,-1,-1,-1,-1,-1,-1,-1,-1,-1,false
ecuador-early-expansion,seed-3,VAP,13,,PD_MECH_DEFERRED,-1,-1,-1,-1,-1,-1,-1,-1,-1,false
ecuador-early-expansion,seed-3,MASS,14,MASS-F1,PD_MECH_CONSIDERED,0.8384093567251462,-1,-1,-1,-1,-1,-1,-1,-1,false
ecuador-early-expansion,seed-3,MASS,14,MASS-F1,PD_MECH_PAYBACK_UNATTRACTIVE,-1,4301.04,143.36799999999994,143367.99999999994,2500000,17.437642988672515,0.7916666666666666,1,9.5,false
ecuador-early-expansion,seed-3,MASS,14,,PD_MECH_DEFERRED,-1,-1,-1,-1,-1,-1,-1,-1,-1,false
ecuador-early-expansion,seed-3,BAL,14,,PD_MECH_DEFERRED,-1,-1,-1,-1,-1,-1,-1,-1,-1,false
ecuador-early-expansion,seed-3,JPQ,14,,PD_MECH_DEFERRED,-1,-1,-1,-1,-1,-1,-1,-1,-1,false
ecuador-early-expansion,seed-3,CONSV,14,,PD_MECH_DEFERRED,-1,-1,-1,-1,-1,-1,-1,-1,-1,false
ecuador-early-expansion,seed-3,VAP,14,,PD_MECH_DEFERRED,-1,-1,-1,-1,-1,-1,-1,-1,-1,false
ecuador-early-expansion,seed-3,MASS,15,MASS-F1,PD_MECH_CONSIDERED,0.8016393762183236,-1,-1,-1,-1,-1,-1,-1,-1,false
ecuador-early-expansion,seed-3,MASS,15,MASS-F1,PD_MECH_PAYBACK_UNATTRACTIVE,-1,4112.41,137.08033333333333,137080.3333333333,2500000,18.23748118499858,0.7916666666666666,1,9.5,false
ecuador-early-expansion,seed-3,MASS,15,,PD_MECH_DEFERRED,-1,-1,-1,-1,-1,-1,-1,-1,-1,false
ecuador-early-expansion,seed-3,BAL,15,,PD_MECH_DEFERRED,-1,-1,-1,-1,-1,-1,-1,-1,-1,false
ecuador-early-expansion,seed-3,JPQ,15,,PD_MECH_DEFERRED,-1,-1,-1,-1,-1,-1,-1,-1,-1,false
ecuador-early-expansion,seed-3,CONSV,15,,PD_MECH_DEFERRED,-1,-1,-1,-1,-1,-1,-1,-1,-1,false
ecuador-early-expansion,seed-3,VAP,15,,PD_MECH_DEFERRED,-1,-1,-1,-1,-1,-1,-1,-1,-1,false
ecuador-early-expansion,seed-3,MASS,16,MASS-F1,PD_MECH_CONSIDERED,1,-1,-1,-1,-1,-1,-1,-1,-1,false
ecuador-early-expansion,seed-3,MASS,16,MASS-F1,PD_MECH_PAYBACK_UNATTRACTIVE,-1,5130,171,171000,2500000,14.619883040935672,0.7916666666666666,1,9.5,false
ecuador-early-expansion,seed-3,MASS,16,,PD_MECH_DEFERRED,-1,-1,-1,-1,-1,-1,-1,-1,-1,false
ecuador-early-expansion,seed-3,BAL,16,,PD_MECH_DEFERRED,-1,-1,-1,-1,-1,-1,-1,-1,-1,false
ecuador-early-expansion,seed-3,JPQ,16,,PD_MECH_DEFERRED,-1,-1,-1,-1,-1,-1,-1,-1,-1,false
ecuador-early-expansion,seed-3,CONSV,16,,PD_MECH_DEFERRED,-1,-1,-1,-1,-1,-1,-1,-1,-1,false
ecuador-early-expansion,seed-3,VAP,16,,PD_MECH_DEFERRED,-1,-1,-1,-1,-1,-1,-1,-1,-1,false
ecuador-early-expansion,seed-3,MASS,17,MASS-F1,PD_MECH_CONSIDERED,0.9568187134502923,-1,-1,-1,-1,-1,-1,-1,-1,false
ecuador-early-expansion,seed-3,MASS,17,MASS-F1,PD_MECH_PAYBACK_UNATTRACTIVE,-1,4908.48,163.61599999999999,163616,2500000,15.279679248973206,0.7916666666666666,1,9.5,false
ecuador-early-expansion,seed-3,MASS,17,,PD_MECH_DEFERRED,-1,-1,-1,-1,-1,-1,-1,-1,-1,false
ecuador-early-expansion,seed-3,BAL,17,,PD_MECH_DEFERRED,-1,-1,-1,-1,-1,-1,-1,-1,-1,false
ecuador-early-expansion,seed-3,JPQ,17,,PD_MECH_DEFERRED,-1,-1,-1,-1,-1,-1,-1,-1,-1,false
ecuador-early-expansion,seed-3,CONSV,17,,PD_MECH_DEFERRED,-1,-1,-1,-1,-1,-1,-1,-1,-1,false
ecuador-early-expansion,seed-3,VAP,17,,PD_MECH_DEFERRED,-1,-1,-1,-1,-1,-1,-1,-1,-1,false
ecuador-early-expansion,seed-3,MASS,18,MASS-F1,PD_MECH_CONSIDERED,0.9596569200779727,-1,-1,-1,-1,-1,-1,-1,-1,false
ecuador-early-expansion,seed-3,MASS,18,MASS-F1,PD_MECH_PAYBACK_UNATTRACTIVE,-1,4923.04,164.1013333333333,164101.33333333328,2500000,15.234489258669445,0.7916666666666666,1,9.5,false
ecuador-early-expansion,seed-3,MASS,18,,PD_MECH_DEFERRED,-1,-1,-1,-1,-1,-1,-1,-1,-1,false
ecuador-early-expansion,seed-3,BAL,18,,PD_MECH_DEFERRED,-1,-1,-1,-1,-1,-1,-1,-1,-1,false
ecuador-early-expansion,seed-3,JPQ,18,,PD_MECH_DEFERRED,-1,-1,-1,-1,-1,-1,-1,-1,-1,false
ecuador-early-expansion,seed-3,CONSV,18,,PD_MECH_DEFERRED,-1,-1,-1,-1,-1,-1,-1,-1,-1,false
ecuador-early-expansion,seed-3,VAP,18,,PD_MECH_DEFERRED,-1,-1,-1,-1,-1,-1,-1,-1,-1,false
ecuador-early-expansion,seed-3,MASS,19,MASS-F1,PD_MECH_CONSIDERED,0.9715185185185186,-1,-1,-1,-1,-1,-1,-1,-1,false
ecuador-early-expansion,seed-3,MASS,19,MASS-F1,PD_MECH_PAYBACK_UNATTRACTIVE,-1,4983.89,166.1296666666666,166129.6666666666,2500000,15.048486222609252,0.7916666666666666,1,9.5,false
ecuador-early-expansion,seed-3,MASS,19,,PD_MECH_DEFERRED,-1,-1,-1,-1,-1,-1,-1,-1,-1,false
ecuador-early-expansion,seed-3,BAL,19,,PD_MECH_DEFERRED,-1,-1,-1,-1,-1,-1,-1,-1,-1,false
ecuador-early-expansion,seed-3,JPQ,19,,PD_MECH_DEFERRED,-1,-1,-1,-1,-1,-1,-1,-1,-1,false
ecuador-early-expansion,seed-3,CONSV,19,,PD_MECH_DEFERRED,-1,-1,-1,-1,-1,-1,-1,-1,-1,false
ecuador-early-expansion,seed-3,VAP,19,,PD_MECH_DEFERRED,-1,-1,-1,-1,-1,-1,-1,-1,-1,false
ecuador-early-expansion,seed-3,MASS,20,MASS-F1,PD_MECH_CONSIDERED,0.984606237816764,-1,-1,-1,-1,-1,-1,-1,-1,false
ecuador-early-expansion,seed-3,MASS,20,MASS-F1,PD_MECH_PAYBACK_UNATTRACTIVE,-1,5051.03,168.36766666666665,168367.66666666666,2500000,14.848456651415653,0.7916666666666666,1,9.5,false
ecuador-early-expansion,seed-3,MASS,20,,PD_MECH_DEFERRED,-1,-1,-1,-1,-1,-1,-1,-1,-1,false
ecuador-early-expansion,seed-3,BAL,20,,PD_MECH_DEFERRED,-1,-1,-1,-1,-1,-1,-1,-1,-1,false
ecuador-early-expansion,seed-3,JPQ,20,,PD_MECH_DEFERRED,-1,-1,-1,-1,-1,-1,-1,-1,-1,false
ecuador-early-expansion,seed-3,CONSV,20,,PD_MECH_DEFERRED,-1,-1,-1,-1,-1,-1,-1,-1,-1,false
ecuador-early-expansion,seed-3,VAP,20,,PD_MECH_DEFERRED,-1,-1,-1,-1,-1,-1,-1,-1,-1,false
ecuador-early-expansion,seed-3,MASS,21,MASS-F1,PD_MECH_CONSIDERED,0.975719298245614,-1,-1,-1,-1,-1,-1,-1,-1,false
ecuador-early-expansion,seed-3,MASS,21,MASS-F1,PD_MECH_PAYBACK_UNATTRACTIVE,-1,5005.44,166.84800000000007,166848.00000000006,2500000,14.983697736862288,0.7916666666666666,1,9.5,false
ecuador-early-expansion,seed-3,MASS,21,,PD_MECH_DEFERRED,-1,-1,-1,-1,-1,-1,-1,-1,-1,false
ecuador-early-expansion,seed-3,BAL,21,,PD_MECH_DEFERRED,-1,-1,-1,-1,-1,-1,-1,-1,-1,false
ecuador-early-expansion,seed-3,JPQ,21,,PD_MECH_DEFERRED,-1,-1,-1,-1,-1,-1,-1,-1,-1,false
ecuador-early-expansion,seed-3,CONSV,21,,PD_MECH_DEFERRED,-1,-1,-1,-1,-1,-1,-1,-1,-1,false
ecuador-early-expansion,seed-3,VAP,21,,PD_MECH_DEFERRED,-1,-1,-1,-1,-1,-1,-1,-1,-1,false
ecuador-early-expansion,seed-3,MASS,22,MASS-F1,PD_MECH_CONSIDERED,1,-1,-1,-1,-1,-1,-1,-1,-1,false
ecuador-early-expansion,seed-3,MASS,22,MASS-F1,PD_MECH_PAYBACK_UNATTRACTIVE,-1,5130,171,171000,2500000,14.619883040935672,0.7916666666666666,1,9.5,false
ecuador-early-expansion,seed-3,MASS,22,,PD_MECH_DEFERRED,-1,-1,-1,-1,-1,-1,-1,-1,-1,false
ecuador-early-expansion,seed-3,BAL,22,,PD_MECH_DEFERRED,-1,-1,-1,-1,-1,-1,-1,-1,-1,false
ecuador-early-expansion,seed-3,JPQ,22,,PD_MECH_DEFERRED,-1,-1,-1,-1,-1,-1,-1,-1,-1,false
ecuador-early-expansion,seed-3,CONSV,22,,PD_MECH_DEFERRED,-1,-1,-1,-1,-1,-1,-1,-1,-1,false
ecuador-early-expansion,seed-3,VAP,22,,PD_MECH_DEFERRED,-1,-1,-1,-1,-1,-1,-1,-1,-1,false
ecuador-early-expansion,seed-3,MASS,23,MASS-F1,PD_MECH_CONSIDERED,1,-1,-1,-1,-1,-1,-1,-1,-1,false
ecuador-early-expansion,seed-3,MASS,23,MASS-F1,PD_MECH_PAYBACK_UNATTRACTIVE,-1,5429.25,180.9749999999999,180974.9999999999,2500000,13.814062715844736,0.7916666666666666,1,9.5,false
ecuador-early-expansion,seed-3,MASS,23,,PD_MECH_DEFERRED,-1,-1,-1,-1,-1,-1,-1,-1,-1,false
ecuador-early-expansion,seed-3,BAL,23,,PD_MECH_DEFERRED,-1,-1,-1,-1,-1,-1,-1,-1,-1,false
ecuador-early-expansion,seed-3,JPQ,23,,PD_MECH_DEFERRED,-1,-1,-1,-1,-1,-1,-1,-1,-1,false
ecuador-early-expansion,seed-3,CONSV,23,,PD_MECH_DEFERRED,-1,-1,-1,-1,-1,-1,-1,-1,-1,false
ecuador-early-expansion,seed-3,VAP,23,,PD_MECH_DEFERRED,-1,-1,-1,-1,-1,-1,-1,-1,-1,false
ecuador-early-expansion,seed-3,MASS,24,MASS-F1,PD_MECH_CONSIDERED,1,-1,-1,-1,-1,-1,-1,-1,-1,false
ecuador-early-expansion,seed-3,MASS,24,MASS-F1,PD_MECH_PAYBACK_UNATTRACTIVE,-1,5429.25,180.9749999999999,180974.9999999999,2500000,13.814062715844736,0.7916666666666666,1,9.5,false
ecuador-early-expansion,seed-3,MASS,24,,PD_MECH_DEFERRED,-1,-1,-1,-1,-1,-1,-1,-1,-1,false
ecuador-early-expansion,seed-3,BAL,24,,PD_MECH_DEFERRED,-1,-1,-1,-1,-1,-1,-1,-1,-1,false
ecuador-early-expansion,seed-3,JPQ,24,,PD_MECH_DEFERRED,-1,-1,-1,-1,-1,-1,-1,-1,-1,false
ecuador-early-expansion,seed-3,CONSV,24,,PD_MECH_DEFERRED,-1,-1,-1,-1,-1,-1,-1,-1,-1,false
ecuador-early-expansion,seed-3,VAP,24,,PD_MECH_DEFERRED,-1,-1,-1,-1,-1,-1,-1,-1,-1,false
ecuador-early-expansion,seed-3,MASS,25,MASS-F1,PD_MECH_CONSIDERED,1,-1,-1,-1,-1,-1,-1,-1,-1,false
ecuador-early-expansion,seed-3,MASS,25,MASS-F1,PD_MECH_PAYBACK_UNATTRACTIVE,-1,5429.25,180.9749999999999,180974.9999999999,2500000,13.814062715844736,0.7916666666666666,1,9.5,false
ecuador-early-expansion,seed-3,MASS,25,MASS-NEWF-MASS-CAPEX-3,PD_MECH_CONSIDERED,0,-1,-1,-1,-1,-1,-1,-1,-1,false
ecuador-early-expansion,seed-3,MASS,25,MASS-NEWF-MASS-CAPEX-3,PD_MECH_LOW_UTILIZATION,0,-1,-1,-1,-1,-1,-1,-1,-1,false
ecuador-early-expansion,seed-3,MASS,25,,PD_MECH_DEFERRED,-1,-1,-1,-1,-1,-1,-1,-1,-1,false
ecuador-early-expansion,seed-3,BAL,25,,PD_MECH_DEFERRED,-1,-1,-1,-1,-1,-1,-1,-1,-1,false
ecuador-early-expansion,seed-3,JPQ,25,,PD_MECH_DEFERRED,-1,-1,-1,-1,-1,-1,-1,-1,-1,false
ecuador-early-expansion,seed-3,CONSV,25,,PD_MECH_DEFERRED,-1,-1,-1,-1,-1,-1,-1,-1,-1,false
ecuador-early-expansion,seed-3,VAP,25,,PD_MECH_DEFERRED,-1,-1,-1,-1,-1,-1,-1,-1,-1,false
ecuador-early-expansion,seed-3,MASS,26,MASS-F1,PD_MECH_CONSIDERED,0.9796951696827371,-1,-1,-1,-1,-1,-1,-1,-1,false
ecuador-early-expansion,seed-3,MASS,26,MASS-F1,PD_MECH_PAYBACK_UNATTRACTIVE,-1,5319.01,177.30033333333347,177300.33333333346,2500000,14.100368301620028,0.7916666666666666,1,9.5,false
ecuador-early-expansion,seed-3,MASS,26,MASS-NEWF-MASS-CAPEX-3,PD_MECH_CONSIDERED,0.9796959064327485,-1,-1,-1,-1,-1,-1,-1,-1,false
ecuador-early-expansion,seed-3,MASS,26,MASS-NEWF-MASS-CAPEX-3,PD_MECH_PAYBACK_UNATTRACTIVE,-1,5025.84,167.52800000000002,167528.00000000003,2500000,14.922878563583398,0.7916666666666666,1,9.5,false
ecuador-early-expansion,seed-3,MASS,26,,PD_MECH_DEFERRED,-1,-1,-1,-1,-1,-1,-1,-1,-1,false
ecuador-early-expansion,seed-3,BAL,26,,PD_MECH_DEFERRED,-1,-1,-1,-1,-1,-1,-1,-1,-1,false
ecuador-early-expansion,seed-3,JPQ,26,,PD_MECH_DEFERRED,-1,-1,-1,-1,-1,-1,-1,-1,-1,false
ecuador-early-expansion,seed-3,CONSV,26,,PD_MECH_DEFERRED,-1,-1,-1,-1,-1,-1,-1,-1,-1,false
ecuador-early-expansion,seed-3,VAP,26,,PD_MECH_DEFERRED,-1,-1,-1,-1,-1,-1,-1,-1,-1,false
ecuador-early-expansion,seed-3,MASS,27,MASS-F1,PD_MECH_CONSIDERED,0.7037067734954183,-1,-1,-1,-1,-1,-1,-1,-1,false
ecuador-early-expansion,seed-3,MASS,27,MASS-F1,PD_MECH_PAYBACK_UNATTRACTIVE,-1,4031.1842519685038,134.37280839895004,134372.80839895003,2500000,18.60495460195751,0.7916666666666666,1,9.5,false
ecuador-early-expansion,seed-3,MASS,27,MASS-NEWF-MASS-CAPEX-3,PD_MECH_CONSIDERED,0,-1,-1,-1,-1,-1,-1,-1,-1,false
ecuador-early-expansion,seed-3,MASS,27,MASS-NEWF-MASS-CAPEX-3,PD_MECH_LOW_UTILIZATION,0,-1,-1,-1,-1,-1,-1,-1,-1,false
ecuador-early-expansion,seed-3,MASS,27,,PD_MECH_DEFERRED,-1,-1,-1,-1,-1,-1,-1,-1,-1,false
ecuador-early-expansion,seed-3,BAL,27,,PD_MECH_DEFERRED,-1,-1,-1,-1,-1,-1,-1,-1,-1,false
ecuador-early-expansion,seed-3,JPQ,27,,PD_MECH_DEFERRED,-1,-1,-1,-1,-1,-1,-1,-1,-1,false
ecuador-early-expansion,seed-3,CONSV,27,,PD_MECH_DEFERRED,-1,-1,-1,-1,-1,-1,-1,-1,-1,false
ecuador-early-expansion,seed-3,VAP,27,,PD_MECH_DEFERRED,-1,-1,-1,-1,-1,-1,-1,-1,-1,false
ecuador-early-expansion,seed-3,MASS,28,MASS-F1,PD_MECH_CONSIDERED,0.6697302958889763,-1,-1,-1,-1,-1,-1,-1,-1,false
ecuador-early-expansion,seed-3,MASS,28,MASS-F1,PD_MECH_PAYBACK_UNATTRACTIVE,-1,3836.5500000000006,127.8850000000001,127885.0000000001,2500000,19.54881338702739,0.7916666666666666,1,9.5,false
ecuador-early-expansion,seed-3,MASS,28,MASS-NEWF-MASS-CAPEX-3,PD_MECH_CONSIDERED,0.6697295321637426,-1,-1,-1,-1,-1,-1,-1,-1,false
ecuador-early-expansion,seed-3,MASS,28,MASS-NEWF-MASS-CAPEX-3,PD_MECH_PAYBACK_UNATTRACTIVE,-1,4580.95,152.69833333333327,152698.33333333326,2500000,16.372149881574792,0.7916666666666666,1,9.5,false
ecuador-early-expansion,seed-3,MASS,28,,PD_MECH_DEFERRED,-1,-1,-1,-1,-1,-1,-1,-1,-1,false
ecuador-early-expansion,seed-3,BAL,28,BAL-NEWF-BAL-CAPEX-11,PD_MECH_CONSIDERED,0,-1,-1,-1,-1,-1,-1,-1,-1,false
ecuador-early-expansion,seed-3,BAL,28,BAL-NEWF-BAL-CAPEX-11,PD_MECH_LOW_UTILIZATION,0,-1,-1,-1,-1,-1,-1,-1,-1,false
ecuador-early-expansion,seed-3,BAL,28,,PD_MECH_DEFERRED,-1,-1,-1,-1,-1,-1,-1,-1,-1,false
ecuador-early-expansion,seed-3,JPQ,28,,PD_MECH_DEFERRED,-1,-1,-1,-1,-1,-1,-1,-1,-1,false
ecuador-early-expansion,seed-3,CONSV,28,,PD_MECH_DEFERRED,-1,-1,-1,-1,-1,-1,-1,-1,-1,false
ecuador-early-expansion,seed-3,VAP,28,,PD_MECH_DEFERRED,-1,-1,-1,-1,-1,-1,-1,-1,-1,false
ecuador-early-expansion,seed-3,MASS,29,MASS-F1,PD_MECH_CONSIDERED,0.7360879811468971,-1,-1,-1,-1,-1,-1,-1,-1,false
ecuador-early-expansion,seed-3,MASS,29,MASS-F1,PD_MECH_PAYBACK_UNATTRACTIVE,-1,4216.68,140.55599999999993,140555.9999999999,2500000,17.78650502290903,0.7916666666666666,1,9.5,false
ecuador-early-expansion,seed-3,MASS,29,MASS-NEWF-MASS-CAPEX-3,PD_MECH_CONSIDERED,0.5837119883040935,-1,-1,-1,-1,-1,-1,-1,-1,false
ecuador-early-expansion,seed-3,MASS,29,MASS-NEWF-MASS-CAPEX-3,PD_MECH_PAYBACK_UNATTRACTIVE,-1,3992.5899999999997,133.0863333333333,133086.3333333333,2500000,18.784798839850826,0.7916666666666666,1,9.5,false
ecuador-early-expansion,seed-3,MASS,29,,PD_MECH_DEFERRED,-1,-1,-1,-1,-1,-1,-1,-1,-1,false
ecuador-early-expansion,seed-3,BAL,29,BAL-NEWF-BAL-CAPEX-11,PD_MECH_CONSIDERED,0.5598216374269006,-1,-1,-1,-1,-1,-1,-1,-1,false
ecuador-early-expansion,seed-3,BAL,29,BAL-NEWF-BAL-CAPEX-11,PD_MECH_PAYBACK_UNATTRACTIVE,-1,2871.885,95.72950000000003,95729.50000000003,2500000,26.11525182937338,1,1,12,false
ecuador-early-expansion,seed-3,BAL,29,,PD_MECH_DEFERRED,-1,-1,-1,-1,-1,-1,-1,-1,-1,false
ecuador-early-expansion,seed-3,JPQ,29,,PD_MECH_DEFERRED,-1,-1,-1,-1,-1,-1,-1,-1,-1,false
ecuador-early-expansion,seed-3,CONSV,29,,PD_MECH_DEFERRED,-1,-1,-1,-1,-1,-1,-1,-1,-1,false
ecuador-early-expansion,seed-3,VAP,29,,PD_MECH_DEFERRED,-1,-1,-1,-1,-1,-1,-1,-1,-1,false
ecuador-early-expansion,seed-3,MASS,30,MASS-F1,PD_MECH_CONSIDERED,0.7799807977655582,-1,-1,-1,-1,-1,-1,-1,-1,false
ecuador-early-expansion,seed-3,MASS,30,MASS-F1,PD_MECH_PAYBACK_UNATTRACTIVE,-1,4468.12,148.9373333333334,148937.3333333334,2500000,16.785583198302636,0.7916666666666666,1,9.5,false
ecuador-early-expansion,seed-3,MASS,30,MASS-NEWF-MASS-CAPEX-3,PD_MECH_CONSIDERED,0.5536535087719298,-1,-1,-1,-1,-1,-1,-1,-1,false
ecuador-early-expansion,seed-3,MASS,30,MASS-NEWF-MASS-CAPEX-3,PD_MECH_PAYBACK_UNATTRACTIVE,-1,3786.9899999999993,126.23300000000006,126233.00000000006,2500000,19.80464696236324,0.7916666666666666,1,9.5,false
ecuador-early-expansion,seed-3,MASS,30,,PD_MECH_DEFERRED,-1,-1,-1,-1,-1,-1,-1,-1,-1,false
ecuador-early-expansion,seed-3,BAL,30,BAL-NEWF-BAL-CAPEX-11,PD_MECH_CONSIDERED,0.6445886939571149,-1,-1,-1,-1,-1,-1,-1,-1,false
ecuador-early-expansion,seed-3,BAL,30,BAL-NEWF-BAL-CAPEX-11,PD_MECH_PAYBACK_UNATTRACTIVE,-1,4408.986666666666,146.9662222222222,146966.2222222222,2500000,17.01071145599594,1,1,12,false
ecuador-early-expansion,seed-3,BAL,30,,PD_MECH_DEFERRED,-1,-1,-1,-1,-1,-1,-1,-1,-1,false
ecuador-early-expansion,seed-3,JPQ,30,,PD_MECH_DEFERRED,-1,-1,-1,-1,-1,-1,-1,-1,-1,false
ecuador-early-expansion,seed-3,CONSV,30,,PD_MECH_DEFERRED,-1,-1,-1,-1,-1,-1,-1,-1,-1,false
ecuador-early-expansion,seed-3,VAP,30,,PD_MECH_DEFERRED,-1,-1,-1,-1,-1,-1,-1,-1,-1,false
ecuador-early-expansion,seed-3,MASS,31,MASS-F1,PD_MECH_CONSIDERED,0.7846835995461291,-1,-1,-1,-1,-1,-1,-1,-1,false
ecuador-early-expansion,seed-3,MASS,31,MASS-F1,PD_MECH_PAYBACK_UNATTRACTIVE,-1,4495.06,149.83533333333332,149835.3333333333,2500000,16.684983070303847,0.7916666666666666,1,9.5,false
ecuador-early-expansion,seed-3,MASS,31,MASS-NEWF-MASS-CAPEX-3,PD_MECH_CONSIDERED,0.4431140350877193,-1,-1,-1,-1,-1,-1,-1,-1,false
ecuador-early-expansion,seed-3,MASS,31,MASS-NEWF-MASS-CAPEX-3,PD_MECH_LOW_UTILIZATION,0.4431140350877193,-1,-1,-1,-1,-1,-1,-1,-1,false
ecuador-early-expansion,seed-3,MASS,31,,PD_MECH_DEFERRED,-1,-1,-1,-1,-1,-1,-1,-1,-1,false
ecuador-early-expansion,seed-3,BAL,31,BAL-NEWF-BAL-CAPEX-11,PD_MECH_CONSIDERED,0.8522792397660819,-1,-1,-1,-1,-1,-1,-1,-1,false
ecuador-early-expansion,seed-3,BAL,31,BAL-NEWF-BAL-CAPEX-11,PD_MECH_PAYBACK_UNATTRACTIVE,-1,5829.59,194.31966666666676,194319.66666666677,2500000,12.865398767323253,1,1,12,false
ecuador-early-expansion,seed-3,BAL,31,,PD_MECH_DEFERRED,-1,-1,-1,-1,-1,-1,-1,-1,-1,false
ecuador-early-expansion,seed-3,JPQ,31,,PD_MECH_DEFERRED,-1,-1,-1,-1,-1,-1,-1,-1,-1,false
ecuador-early-expansion,seed-3,CONSV,31,,PD_MECH_DEFERRED,-1,-1,-1,-1,-1,-1,-1,-1,-1,false
ecuador-early-expansion,seed-3,VAP,31,,PD_MECH_DEFERRED,-1,-1,-1,-1,-1,-1,-1,-1,-1,false
ecuador-early-expansion,seed-3,MASS,32,MASS-F1,PD_MECH_CONSIDERED,0.8241895784236711,-1,-1,-1,-1,-1,-1,-1,-1,false
ecuador-early-expansion,seed-3,MASS,32,MASS-F1,PD_MECH_PAYBACK_UNATTRACTIVE,-1,4721.37,157.37900000000002,157379.00000000003,2500000,15.885219756130104,0.7916666666666666,1,9.5,false
ecuador-early-expansion,seed-3,MASS,32,MASS-NEWF-MASS-CAPEX-3,PD_MECH_CONSIDERED,0.44678216374269003,-1,-1,-1,-1,-1,-1,-1,-1,false
ecuador-early-expansion,seed-3,MASS,32,MASS-NEWF-MASS-CAPEX-3,PD_MECH_LOW_UTILIZATION,0.44678216374269003,-1,-1,-1,-1,-1,-1,-1,-1,false
ecuador-early-expansion,seed-3,MASS,32,MASS-NEWF-MASS-CAPEX-6,PD_MECH_CONSIDERED,0,-1,-1,-1,-1,-1,-1,-1,-1,false
ecuador-early-expansion,seed-3,MASS,32,MASS-NEWF-MASS-CAPEX-6,PD_MECH_LOW_UTILIZATION,0,-1,-1,-1,-1,-1,-1,-1,-1,false
ecuador-early-expansion,seed-3,MASS,32,,PD_MECH_DEFERRED,-1,-1,-1,-1,-1,-1,-1,-1,-1,false
ecuador-early-expansion,seed-3,BAL,32,BAL-NEWF-BAL-CAPEX-11,PD_MECH_CONSIDERED,0.6350599415204679,-1,-1,-1,-1,-1,-1,-1,-1,false
ecuador-early-expansion,seed-3,BAL,32,BAL-NEWF-BAL-CAPEX-11,PD_MECH_PAYBACK_UNATTRACTIVE,-1,4343.81,144.7936666666667,144793.6666666667,2500000,17.265948556681806,1,1,12,false
ecuador-early-expansion,seed-3,BAL,32,,PD_MECH_DEFERRED,-1,-1,-1,-1,-1,-1,-1,-1,-1,false
ecuador-early-expansion,seed-3,JPQ,32,JPQ-NEWF-JPQ-CAPEX-10,PD_MECH_CONSIDERED,0,-1,-1,-1,-1,-1,-1,-1,-1,false
ecuador-early-expansion,seed-3,JPQ,32,JPQ-NEWF-JPQ-CAPEX-10,PD_MECH_LOW_UTILIZATION,0,-1,-1,-1,-1,-1,-1,-1,-1,false
ecuador-early-expansion,seed-3,JPQ,32,,PD_MECH_DEFERRED,-1,-1,-1,-1,-1,-1,-1,-1,-1,false
ecuador-early-expansion,seed-3,CONSV,32,,PD_MECH_DEFERRED,-1,-1,-1,-1,-1,-1,-1,-1,-1,false
ecuador-early-expansion,seed-3,VAP,32,,PD_MECH_DEFERRED,-1,-1,-1,-1,-1,-1,-1,-1,-1,false
ecuador-early-expansion,seed-4,MASS,1,MASS-F1,PD_MECH_CONSIDERED,0,-1,-1,-1,-1,-1,-1,-1,-1,false
ecuador-early-expansion,seed-4,MASS,1,MASS-F1,PD_MECH_LOW_UTILIZATION,0,-1,-1,-1,-1,-1,-1,-1,-1,false
ecuador-early-expansion,seed-4,MASS,1,,PD_MECH_DEFERRED,-1,-1,-1,-1,-1,-1,-1,-1,-1,false
ecuador-early-expansion,seed-4,BAL,1,BAL-F1,PD_MECH_CONSIDERED,0,-1,-1,-1,-1,-1,-1,-1,-1,false
ecuador-early-expansion,seed-4,BAL,1,BAL-F1,PD_MECH_LOW_UTILIZATION,0,-1,-1,-1,-1,-1,-1,-1,-1,false
ecuador-early-expansion,seed-4,BAL,1,,PD_MECH_DEFERRED,-1,-1,-1,-1,-1,-1,-1,-1,-1,false
ecuador-early-expansion,seed-4,JPQ,1,JPQ-F1,PD_MECH_CONSIDERED,0,-1,-1,-1,-1,-1,-1,-1,-1,false
ecuador-early-expansion,seed-4,JPQ,1,JPQ-F1,PD_MECH_LOW_UTILIZATION,0,-1,-1,-1,-1,-1,-1,-1,-1,false
ecuador-early-expansion,seed-4,JPQ,1,,PD_MECH_DEFERRED,-1,-1,-1,-1,-1,-1,-1,-1,-1,false
ecuador-early-expansion,seed-4,CONSV,1,CONSV-F1,PD_MECH_CONSIDERED,0,-1,-1,-1,-1,-1,-1,-1,-1,false
ecuador-early-expansion,seed-4,CONSV,1,CONSV-F1,PD_MECH_LOW_UTILIZATION,0,-1,-1,-1,-1,-1,-1,-1,-1,false
ecuador-early-expansion,seed-4,CONSV,1,,PD_MECH_DEFERRED,-1,-1,-1,-1,-1,-1,-1,-1,-1,false
ecuador-early-expansion,seed-4,VAP,1,VAP-F1,PD_MECH_CONSIDERED,0,-1,-1,-1,-1,-1,-1,-1,-1,false
ecuador-early-expansion,seed-4,VAP,1,VAP-F1,PD_MECH_LOW_UTILIZATION,0,-1,-1,-1,-1,-1,-1,-1,-1,false
ecuador-early-expansion,seed-4,VAP,1,,PD_MECH_DEFERRED,-1,-1,-1,-1,-1,-1,-1,-1,-1,false
ecuador-early-expansion,seed-4,MASS,2,MASS-F1,PD_MECH_CONSIDERED,0.7883040935672515,-1,-1,-1,-1,-1,-1,-1,-1,false
ecuador-early-expansion,seed-4,MASS,2,MASS-F1,PD_MECH_PAYBACK_UNATTRACTIVE,-1,4044.0000000000005,134.79999999999995,134799.99999999994,2500000,18.545994065281906,0.7916666666666666,1,9.5,false
ecuador-early-expansion,seed-4,MASS,2,,PD_MECH_DEFERRED,-1,-1,-1,-1,-1,-1,-1,-1,-1,false
ecuador-early-expansion,seed-4,BAL,2,BAL-F1,PD_MECH_CONSIDERED,0.9271929824561403,-1,-1,-1,-1,-1,-1,-1,-1,false
ecuador-early-expansion,seed-4,BAL,2,BAL-F1,PD_MECH_PAYBACK_UNATTRACTIVE,-1,5549.25,184.9749999999999,184974.9999999999,2500000,13.515339910798764,1,1,12,false
ecuador-early-expansion,seed-4,BAL,2,,PD_MECH_DEFERRED,-1,-1,-1,-1,-1,-1,-1,-1,-1,false
ecuador-early-expansion,seed-4,JPQ,2,JPQ-F1,PD_MECH_CONSIDERED,1,-1,-1,-1,-1,-1,-1,-1,-1,false
ecuador-early-expansion,seed-4,JPQ,2,,PD_MECH_FINANCE_BLOCKED,-1,-1,-1,-1,2500000,-1,-1,-1,-1,false
ecuador-early-expansion,seed-4,CONSV,2,CONSV-F1,PD_MECH_CONSIDERED,1,-1,-1,-1,-1,-1,-1,-1,-1,false
ecuador-early-expansion,seed-4,CONSV,2,,PD_MECH_FINANCE_BLOCKED,-1,-1,-1,-1,2500000,-1,-1,-1,-1,false
ecuador-early-expansion,seed-4,VAP,2,VAP-F1,PD_MECH_CONSIDERED,1,-1,-1,-1,-1,-1,-1,-1,-1,false
ecuador-early-expansion,seed-4,VAP,2,,PD_MECH_FINANCE_BLOCKED,-1,-1,-1,-1,2500000,-1,-1,-1,-1,false
ecuador-early-expansion,seed-4,MASS,3,MASS-F1,PD_MECH_CONSIDERED,0.6222183235867447,-1,-1,-1,-1,-1,-1,-1,-1,false
ecuador-early-expansion,seed-4,MASS,3,MASS-F1,PD_MECH_PAYBACK_UNATTRACTIVE,-1,3191.98,106.39933333333329,106399.33333333328,2500000,23.496387821978846,0.7916666666666666,1,9.5,false
ecuador-early-expansion,seed-4,MASS,3,,PD_MECH_DEFERRED,-1,-1,-1,-1,-1,-1,-1,-1,-1,false
ecuador-early-expansion,seed-4,BAL,3,BAL-F1,PD_MECH_CONSIDERED,1,-1,-1,-1,-1,-1,-1,-1,-1,false
ecuador-early-expansion,seed-4,BAL,3,BAL-F1,PD_MECH_PAYBACK_UNATTRACTIVE,-1,5985,199.5,199500,2500000,12.531328320802006,1,1,12,false
ecuador-early-expansion,seed-4,BAL,3,,PD_MECH_DEFERRED,-1,-1,-1,-1,-1,-1,-1,-1,-1,false
ecuador-early-expansion,seed-4,JPQ,3,JPQ-F1,PD_MECH_CONSIDERED,0.8874108187134503,-1,-1,-1,-1,-1,-1,-1,-1,false
ecuador-early-expansion,seed-4,JPQ,3,JPQ-F1,PD_MECH_PROPOSED,-1,6069.89,202.32966666666664,202329.66666666663,2500000,12.356072350569782,1.1176470588235294,1,13.411764705882353,true
ecuador-early-expansion,seed-4,CONSV,3,CONSV-F1,PD_MECH_CONSIDERED,0.8540601503759399,-1,-1,-1,-1,-1,-1,-1,-1,false
ecuador-early-expansion,seed-4,CONSV,3,CONSV-F1,PD_MECH_PAYBACK_UNATTRACTIVE,-1,5111.55,170.385,170385,2500000,14.672653109135194,1.2105263157894737,1.05,13.834586466165414,false
ecuador-early-expansion,seed-4,CONSV,3,,PD_MECH_DEFERRED,-1,-1,-1,-1,-1,-1,-1,-1,-1,false
ecuador-early-expansion,seed-4,VAP,3,VAP-F1,PD_MECH_CONSIDERED,0.9596881091617934,-1,-1,-1,-1,-1,-1,-1,-1,false
ecuador-early-expansion,seed-4,VAP,3,,PD_MECH_FINANCE_BLOCKED,-1,-1,-1,-1,2500000,-1,-1,-1,-1,false
ecuador-early-expansion,seed-4,MASS,4,MASS-F1,PD_MECH_CONSIDERED,1,-1,-1,-1,-1,-1,-1,-1,-1,false
ecuador-early-expansion,seed-4,MASS,4,MASS-F1,PD_MECH_PAYBACK_UNATTRACTIVE,-1,5130,171,171000,2500000,14.619883040935672,0.7916666666666666,1,9.5,false
ecuador-early-expansion,seed-4,MASS,4,,PD_MECH_DEFERRED,-1,-1,-1,-1,-1,-1,-1,-1,-1,false
ecuador-early-expansion,seed-4,BAL,4,BAL-F1,PD_MECH_CONSIDERED,1,-1,-1,-1,-1,-1,-1,-1,-1,false
ecuador-early-expansion,seed-4,BAL,4,BAL-F1,PD_MECH_PAYBACK_UNATTRACTIVE,-1,5985,199.5,199500,2500000,12.531328320802006,1,1,12,false
ecuador-early-expansion,seed-4,BAL,4,,PD_MECH_DEFERRED,-1,-1,-1,-1,-1,-1,-1,-1,-1,false
ecuador-early-expansion,seed-4,JPQ,4,,PD_MECH_DEFERRED,-1,-1,-1,-1,-1,-1,-1,-1,-1,false
ecuador-early-expansion,seed-4,CONSV,4,CONSV-F1,PD_MECH_CONSIDERED,0.9301487050960735,-1,-1,-1,-1,-1,-1,-1,-1,false
ecuador-early-expansion,seed-4,CONSV,4,CONSV-F1,PD_MECH_PROPOSED,-1,5566.94,185.56466666666665,185564.66666666666,2500000,13.472392373548125,1.2105263157894737,1.05,13.834586466165414,true
ecuador-early-expansion,seed-4,VAP,4,VAP-F1,PD_MECH_CONSIDERED,0.9063625730994153,-1,-1,-1,-1,-1,-1,-1,-1,false
ecuador-early-expansion,seed-4,VAP,4,,PD_MECH_FINANCE_BLOCKED,-1,-1,-1,-1,2500000,-1,-1,-1,-1,false
ecuador-early-expansion,seed-4,MASS,5,MASS-F1,PD_MECH_CONSIDERED,0.572682261208577,-1,-1,-1,-1,-1,-1,-1,-1,false
ecuador-early-expansion,seed-4,MASS,5,MASS-F1,PD_MECH_PAYBACK_UNATTRACTIVE,-1,2937.86,97.92866666666663,97928.66666666663,2500000,25.528786259386095,0.7916666666666666,1,9.5,false
ecuador-early-expansion,seed-4,MASS,5,,PD_MECH_DEFERRED,-1,-1,-1,-1,-1,-1,-1,-1,-1,false
ecuador-early-expansion,seed-4,BAL,5,BAL-F1,PD_MECH_CONSIDERED,1,-1,-1,-1,-1,-1,-1,-1,-1,false
ecuador-early-expansion,seed-4,BAL,5,BAL-F1,PD_MECH_PAYBACK_UNATTRACTIVE,-1,5985,199.5,199500,2500000,12.531328320802006,1,1,12,false
ecuador-early-expansion,seed-4,BAL,5,,PD_MECH_DEFERRED,-1,-1,-1,-1,-1,-1,-1,-1,-1,false
ecuador-early-expansion,seed-4,JPQ,5,,PD_MECH_DEFERRED,-1,-1,-1,-1,-1,-1,-1,-1,-1,false
ecuador-early-expansion,seed-4,CONSV,5,CONSV-F1,PD_MECH_CONSIDERED,1,-1,-1,-1,-1,-1,-1,-1,-1,false
ecuador-early-expansion,seed-4,CONSV,5,CONSV-F1,PD_MECH_PROPOSED,-1,5985,199.5,199500,2500000,12.531328320802006,1.2105263157894737,1.05,13.834586466165414,true
ecuador-early-expansion,seed-4,VAP,5,VAP-F1,PD_MECH_CONSIDERED,1,-1,-1,-1,-1,-1,-1,-1,-1,false
ecuador-early-expansion,seed-4,VAP,5,,PD_MECH_FINANCE_BLOCKED,-1,-1,-1,-1,2500000,-1,-1,-1,-1,false
ecuador-early-expansion,seed-4,MASS,6,MASS-F1,PD_MECH_CONSIDERED,1,-1,-1,-1,-1,-1,-1,-1,-1,false
ecuador-early-expansion,seed-4,MASS,6,MASS-F1,PD_MECH_PAYBACK_UNATTRACTIVE,-1,5130,171,171000,2500000,14.619883040935672,0.7916666666666666,1,9.5,false
ecuador-early-expansion,seed-4,MASS,6,,PD_MECH_DEFERRED,-1,-1,-1,-1,-1,-1,-1,-1,-1,false
ecuador-early-expansion,seed-4,BAL,6,BAL-F1,PD_MECH_CONSIDERED,0.9012631578947369,-1,-1,-1,-1,-1,-1,-1,-1,false
ecuador-early-expansion,seed-4,BAL,6,BAL-F1,PD_MECH_PAYBACK_UNATTRACTIVE,-1,5663.763,188.7921,188792.1,2500000,13.242079514979705,1,1,12,false
ecuador-early-expansion,seed-4,BAL,6,,PD_MECH_DEFERRED,-1,-1,-1,-1,-1,-1,-1,-1,-1,false
ecuador-early-expansion,seed-4,JPQ,6,,PD_MECH_DEFERRED,-1,-1,-1,-1,-1,-1,-1,-1,-1,false
ecuador-early-expansion,seed-4,CONSV,6,,PD_MECH_DEFERRED,-1,-1,-1,-1,-1,-1,-1,-1,-1,false
ecuador-early-expansion,seed-4,VAP,6,VAP-F1,PD_MECH_CONSIDERED,1,-1,-1,-1,-1,-1,-1,-1,-1,false
ecuador-early-expansion,seed-4,VAP,6,,PD_MECH_FINANCE_BLOCKED,-1,-1,-1,-1,2500000,-1,-1,-1,-1,false
ecuador-early-expansion,seed-4,MASS,7,MASS-F1,PD_MECH_CONSIDERED,0.5912475633528265,-1,-1,-1,-1,-1,-1,-1,-1,false
ecuador-early-expansion,seed-4,MASS,7,MASS-F1,PD_MECH_PAYBACK_UNATTRACTIVE,-1,3033.1,101.10333333333335,101103.33333333336,2500000,24.727176815799012,0.7916666666666666,1,9.5,false
ecuador-early-expansion,seed-4,MASS,7,,PD_MECH_DEFERRED,-1,-1,-1,-1,-1,-1,-1,-1,-1,false
ecuador-early-expansion,seed-4,BAL,7,BAL-F1,PD_MECH_CONSIDERED,0.9455113975414727,-1,-1,-1,-1,-1,-1,-1,-1,false
ecuador-early-expansion,seed-4,BAL,7,BAL-F1,PD_MECH_PAYBACK_UNATTRACTIVE,-1,5941.83,198.06100000000004,198061.00000000003,2500000,12.62237391510696,1,1,12,false
ecuador-early-expansion,seed-4,BAL,7,,PD_MECH_DEFERRED,-1,-1,-1,-1,-1,-1,-1,-1,-1,false
ecuador-early-expansion,seed-4,JPQ,7,,PD_MECH_DEFERRED,-1,-1,-1,-1,-1,-1,-1,-1,-1,false
ecuador-early-expansion,seed-4,CONSV,7,,PD_MECH_DEFERRED,-1,-1,-1,-1,-1,-1,-1,-1,-1,false
ecuador-early-expansion,seed-4,VAP,7,VAP-F1,PD_MECH_CONSIDERED,1,-1,-1,-1,-1,-1,-1,-1,-1,false
ecuador-early-expansion,seed-4,VAP,7,,PD_MECH_FINANCE_BLOCKED,-1,-1,-1,-1,2500000,-1,-1,-1,-1,false
ecuador-early-expansion,seed-4,MASS,8,MASS-F1,PD_MECH_CONSIDERED,1,-1,-1,-1,-1,-1,-1,-1,-1,false
ecuador-early-expansion,seed-4,MASS,8,MASS-F1,PD_MECH_PAYBACK_UNATTRACTIVE,-1,5130,171,171000,2500000,14.619883040935672,0.7916666666666666,1,9.5,false
ecuador-early-expansion,seed-4,MASS,8,,PD_MECH_DEFERRED,-1,-1,-1,-1,-1,-1,-1,-1,-1,false
ecuador-early-expansion,seed-4,BAL,8,BAL-F1,PD_MECH_CONSIDERED,0.9939817798464415,-1,-1,-1,-1,-1,-1,-1,-1,false
ecuador-early-expansion,seed-4,BAL,8,BAL-F1,PD_MECH_PAYBACK_UNATTRACTIVE,-1,6246.43,208.21433333333334,208214.33333333334,2500000,12.00685831747094,1,1,12,false
ecuador-early-expansion,seed-4,BAL,8,,PD_MECH_DEFERRED,-1,-1,-1,-1,-1,-1,-1,-1,-1,false
ecuador-early-expansion,seed-4,JPQ,8,,PD_MECH_DEFERRED,-1,-1,-1,-1,-1,-1,-1,-1,-1,false
ecuador-early-expansion,seed-4,CONSV,8,,PD_MECH_DEFERRED,-1,-1,-1,-1,-1,-1,-1,-1,-1,false
ecuador-early-expansion,seed-4,VAP,8,VAP-F1,PD_MECH_CONSIDERED,1,-1,-1,-1,-1,-1,-1,-1,-1,false
ecuador-early-expansion,seed-4,VAP,8,VAP-F1,PD_MECH_PROPOSED,-1,5130,171,171000,2500000,14.619883040935672,1.411764705882353,1,16.941176470588236,true
ecuador-early-expansion,seed-4,MASS,9,MASS-F1,PD_MECH_CONSIDERED,0.4326471734892788,-1,-1,-1,-1,-1,-1,-1,-1,false
ecuador-early-expansion,seed-4,MASS,9,MASS-F1,PD_MECH_LOW_UTILIZATION,0.4326471734892788,-1,-1,-1,-1,-1,-1,-1,-1,false
ecuador-early-expansion,seed-4,MASS,9,,PD_MECH_DEFERRED,-1,-1,-1,-1,-1,-1,-1,-1,-1,false
ecuador-early-expansion,seed-4,BAL,9,BAL-F1,PD_MECH_CONSIDERED,0.9939817798464415,-1,-1,-1,-1,-1,-1,-1,-1,false
ecuador-early-expansion,seed-4,BAL,9,BAL-F1,PD_MECH_PAYBACK_UNATTRACTIVE,-1,6246.43,208.21433333333334,208214.33333333334,2500000,12.00685831747094,1,1,12,false
ecuador-early-expansion,seed-4,BAL,9,,PD_MECH_DEFERRED,-1,-1,-1,-1,-1,-1,-1,-1,-1,false
ecuador-early-expansion,seed-4,JPQ,9,,PD_MECH_DEFERRED,-1,-1,-1,-1,-1,-1,-1,-1,-1,false
ecuador-early-expansion,seed-4,CONSV,9,,PD_MECH_DEFERRED,-1,-1,-1,-1,-1,-1,-1,-1,-1,false
ecuador-early-expansion,seed-4,VAP,9,VAP-F1,PD_MECH_CONSIDERED,1,-1,-1,-1,-1,-1,-1,-1,-1,false
ecuador-early-expansion,seed-4,VAP,9,VAP-F1,PD_MECH_PROPOSED,-1,5130,171,171000,2500000,14.619883040935672,1.411764705882353,1,16.941176470588236,true
ecuador-early-expansion,seed-4,MASS,10,MASS-F1,PD_MECH_CONSIDERED,1,-1,-1,-1,-1,-1,-1,-1,-1,false
ecuador-early-expansion,seed-4,MASS,10,MASS-F1,PD_MECH_PAYBACK_UNATTRACTIVE,-1,5130,171,171000,2500000,14.619883040935672,0.7916666666666666,1,9.5,false
ecuador-early-expansion,seed-4,MASS,10,,PD_MECH_DEFERRED,-1,-1,-1,-1,-1,-1,-1,-1,-1,false
ecuador-early-expansion,seed-4,BAL,10,BAL-F1,PD_MECH_CONSIDERED,1,-1,-1,-1,-1,-1,-1,-1,-1,false
ecuador-early-expansion,seed-4,BAL,10,BAL-F1,PD_MECH_PROPOSED,-1,6284.25,209.4749999999999,209474.9999999999,2500000,11.93459840076382,1,1,12,true
ecuador-early-expansion,seed-4,JPQ,10,,PD_MECH_DEFERRED,-1,-1,-1,-1,-1,-1,-1,-1,-1,false
ecuador-early-expansion,seed-4,CONSV,10,,PD_MECH_DEFERRED,-1,-1,-1,-1,-1,-1,-1,-1,-1,false
ecuador-early-expansion,seed-4,VAP,10,,PD_MECH_DEFERRED,-1,-1,-1,-1,-1,-1,-1,-1,-1,false
ecuador-early-expansion,seed-4,MASS,11,MASS-F1,PD_MECH_CONSIDERED,1,-1,-1,-1,-1,-1,-1,-1,-1,false
ecuador-early-expansion,seed-4,MASS,11,MASS-F1,PD_MECH_PAYBACK_UNATTRACTIVE,-1,5130,171,171000,2500000,14.619883040935672,0.7916666666666666,1,9.5,false
ecuador-early-expansion,seed-4,MASS,11,,PD_MECH_DEFERRED,-1,-1,-1,-1,-1,-1,-1,-1,-1,false
ecuador-early-expansion,seed-4,BAL,11,,PD_MECH_DEFERRED,-1,-1,-1,-1,-1,-1,-1,-1,-1,false
ecuador-early-expansion,seed-4,JPQ,11,,PD_MECH_DEFERRED,-1,-1,-1,-1,-1,-1,-1,-1,-1,false
ecuador-early-expansion,seed-4,CONSV,11,,PD_MECH_DEFERRED,-1,-1,-1,-1,-1,-1,-1,-1,-1,false
ecuador-early-expansion,seed-4,VAP,11,,PD_MECH_DEFERRED,-1,-1,-1,-1,-1,-1,-1,-1,-1,false
ecuador-early-expansion,seed-4,MASS,12,MASS-F1,PD_MECH_CONSIDERED,1,-1,-1,-1,-1,-1,-1,-1,-1,false
ecuador-early-expansion,seed-4,MASS,12,MASS-F1,PD_MECH_PAYBACK_UNATTRACTIVE,-1,5130,171,171000,2500000,14.619883040935672,0.7916666666666666,1,9.5,false
ecuador-early-expansion,seed-4,MASS,12,,PD_MECH_DEFERRED,-1,-1,-1,-1,-1,-1,-1,-1,-1,false
ecuador-early-expansion,seed-4,BAL,12,,PD_MECH_DEFERRED,-1,-1,-1,-1,-1,-1,-1,-1,-1,false
ecuador-early-expansion,seed-4,JPQ,12,,PD_MECH_DEFERRED,-1,-1,-1,-1,-1,-1,-1,-1,-1,false
ecuador-early-expansion,seed-4,CONSV,12,,PD_MECH_DEFERRED,-1,-1,-1,-1,-1,-1,-1,-1,-1,false
ecuador-early-expansion,seed-4,VAP,12,,PD_MECH_DEFERRED,-1,-1,-1,-1,-1,-1,-1,-1,-1,false
ecuador-early-expansion,seed-4,MASS,13,MASS-F1,PD_MECH_CONSIDERED,0.9011384015594542,-1,-1,-1,-1,-1,-1,-1,-1,false
ecuador-early-expansion,seed-4,MASS,13,MASS-F1,PD_MECH_PAYBACK_UNATTRACTIVE,-1,4622.84,154.09466666666663,154094.66666666663,2500000,16.22379316610569,0.7916666666666666,1,9.5,false
ecuador-early-expansion,seed-4,MASS,13,,PD_MECH_DEFERRED,-1,-1,-1,-1,-1,-1,-1,-1,-1,false
ecuador-early-expansion,seed-4,BAL,13,,PD_MECH_DEFERRED,-1,-1,-1,-1,-1,-1,-1,-1,-1,false
ecuador-early-expansion,seed-4,JPQ,13,,PD_MECH_DEFERRED,-1,-1,-1,-1,-1,-1,-1,-1,-1,false
ecuador-early-expansion,seed-4,CONSV,13,,PD_MECH_DEFERRED,-1,-1,-1,-1,-1,-1,-1,-1,-1,false
ecuador-early-expansion,seed-4,VAP,13,,PD_MECH_DEFERRED,-1,-1,-1,-1,-1,-1,-1,-1,-1,false
ecuador-early-expansion,seed-4,MASS,14,MASS-F1,PD_MECH_CONSIDERED,0.8136764132553606,-1,-1,-1,-1,-1,-1,-1,-1,false
ecuador-early-expansion,seed-4,MASS,14,MASS-F1,PD_MECH_PAYBACK_UNATTRACTIVE,-1,4174.16,139.13866666666672,139138.66666666672,2500000,17.967686911857708,0.7916666666666666,1,9.5,false
ecuador-early-expansion,seed-4,MASS,14,,PD_MECH_DEFERRED,-1,-1,-1,-1,-1,-1,-1,-1,-1,false
ecuador-early-expansion,seed-4,BAL,14,,PD_MECH_DEFERRED,-1,-1,-1,-1,-1,-1,-1,-1,-1,false
ecuador-early-expansion,seed-4,JPQ,14,,PD_MECH_DEFERRED,-1,-1,-1,-1,-1,-1,-1,-1,-1,false
ecuador-early-expansion,seed-4,CONSV,14,,PD_MECH_DEFERRED,-1,-1,-1,-1,-1,-1,-1,-1,-1,false
ecuador-early-expansion,seed-4,VAP,14,,PD_MECH_DEFERRED,-1,-1,-1,-1,-1,-1,-1,-1,-1,false
ecuador-early-expansion,seed-4,MASS,15,MASS-F1,PD_MECH_CONSIDERED,0.8170506822612086,-1,-1,-1,-1,-1,-1,-1,-1,false
ecuador-early-expansion,seed-4,MASS,15,MASS-F1,PD_MECH_PAYBACK_UNATTRACTIVE,-1,4191.47,139.71566666666672,139715.66666666672,2500000,17.893483670406795,0.7916666666666666,1,9.5,false
ecuador-early-expansion,seed-4,MASS,15,,PD_MECH_DEFERRED,-1,-1,-1,-1,-1,-1,-1,-1,-1,false
ecuador-early-expansion,seed-4,BAL,15,,PD_MECH_DEFERRED,-1,-1,-1,-1,-1,-1,-1,-1,-1,false
ecuador-early-expansion,seed-4,JPQ,15,,PD_MECH_DEFERRED,-1,-1,-1,-1,-1,-1,-1,-1,-1,false
ecuador-early-expansion,seed-4,CONSV,15,,PD_MECH_DEFERRED,-1,-1,-1,-1,-1,-1,-1,-1,-1,false
ecuador-early-expansion,seed-4,VAP,15,,PD_MECH_DEFERRED,-1,-1,-1,-1,-1,-1,-1,-1,-1,false
ecuador-early-expansion,seed-4,MASS,16,MASS-F1,PD_MECH_CONSIDERED,1,-1,-1,-1,-1,-1,-1,-1,-1,false
ecuador-early-expansion,seed-4,MASS,16,MASS-F1,PD_MECH_PAYBACK_UNATTRACTIVE,-1,5130,171,171000,2500000,14.619883040935672,0.7916666666666666,1,9.5,false
ecuador-early-expansion,seed-4,MASS,16,,PD_MECH_DEFERRED,-1,-1,-1,-1,-1,-1,-1,-1,-1,false
ecuador-early-expansion,seed-4,BAL,16,,PD_MECH_DEFERRED,-1,-1,-1,-1,-1,-1,-1,-1,-1,false
ecuador-early-expansion,seed-4,JPQ,16,,PD_MECH_DEFERRED,-1,-1,-1,-1,-1,-1,-1,-1,-1,false
ecuador-early-expansion,seed-4,CONSV,16,,PD_MECH_DEFERRED,-1,-1,-1,-1,-1,-1,-1,-1,-1,false
ecuador-early-expansion,seed-4,VAP,16,,PD_MECH_DEFERRED,-1,-1,-1,-1,-1,-1,-1,-1,-1,false
ecuador-early-expansion,seed-4,MASS,17,MASS-F1,PD_MECH_CONSIDERED,0.8565789473684211,-1,-1,-1,-1,-1,-1,-1,-1,false
ecuador-early-expansion,seed-4,MASS,17,MASS-F1,PD_MECH_PAYBACK_UNATTRACTIVE,-1,4394.25,146.47500000000002,146475.00000000003,2500000,17.06775900324287,0.7916666666666666,1,9.5,false
ecuador-early-expansion,seed-4,MASS,17,,PD_MECH_DEFERRED,-1,-1,-1,-1,-1,-1,-1,-1,-1,false
ecuador-early-expansion,seed-4,BAL,17,,PD_MECH_DEFERRED,-1,-1,-1,-1,-1,-1,-1,-1,-1,false
ecuador-early-expansion,seed-4,JPQ,17,,PD_MECH_DEFERRED,-1,-1,-1,-1,-1,-1,-1,-1,-1,false
ecuador-early-expansion,seed-4,CONSV,17,,PD_MECH_DEFERRED,-1,-1,-1,-1,-1,-1,-1,-1,-1,false
ecuador-early-expansion,seed-4,VAP,17,,PD_MECH_DEFERRED,-1,-1,-1,-1,-1,-1,-1,-1,-1,false
ecuador-early-expansion,seed-4,MASS,18,MASS-F1,PD_MECH_CONSIDERED,0.8565789473684211,-1,-1,-1,-1,-1,-1,-1,-1,false
ecuador-early-expansion,seed-4,MASS,18,MASS-F1,PD_MECH_PAYBACK_UNATTRACTIVE,-1,4394.25,146.47500000000002,146475.00000000003,2500000,17.06775900324287,0.7916666666666666,1,9.5,false
ecuador-early-expansion,seed-4,MASS,18,,PD_MECH_DEFERRED,-1,-1,-1,-1,-1,-1,-1,-1,-1,false
ecuador-early-expansion,seed-4,BAL,18,,PD_MECH_DEFERRED,-1,-1,-1,-1,-1,-1,-1,-1,-1,false
ecuador-early-expansion,seed-4,JPQ,18,,PD_MECH_DEFERRED,-1,-1,-1,-1,-1,-1,-1,-1,-1,false
ecuador-early-expansion,seed-4,CONSV,18,,PD_MECH_DEFERRED,-1,-1,-1,-1,-1,-1,-1,-1,-1,false
ecuador-early-expansion,seed-4,VAP,18,,PD_MECH_DEFERRED,-1,-1,-1,-1,-1,-1,-1,-1,-1,false
ecuador-early-expansion,seed-4,MASS,19,MASS-F1,PD_MECH_CONSIDERED,1,-1,-1,-1,-1,-1,-1,-1,-1,false
ecuador-early-expansion,seed-4,MASS,19,MASS-F1,PD_MECH_PAYBACK_UNATTRACTIVE,-1,5130,171,171000,2500000,14.619883040935672,0.7916666666666666,1,9.5,false
ecuador-early-expansion,seed-4,MASS,19,,PD_MECH_DEFERRED,-1,-1,-1,-1,-1,-1,-1,-1,-1,false
ecuador-early-expansion,seed-4,BAL,19,,PD_MECH_DEFERRED,-1,-1,-1,-1,-1,-1,-1,-1,-1,false
ecuador-early-expansion,seed-4,JPQ,19,,PD_MECH_DEFERRED,-1,-1,-1,-1,-1,-1,-1,-1,-1,false
ecuador-early-expansion,seed-4,CONSV,19,,PD_MECH_DEFERRED,-1,-1,-1,-1,-1,-1,-1,-1,-1,false
ecuador-early-expansion,seed-4,VAP,19,,PD_MECH_DEFERRED,-1,-1,-1,-1,-1,-1,-1,-1,-1,false
ecuador-early-expansion,seed-4,MASS,20,MASS-F1,PD_MECH_CONSIDERED,0.9234619883040935,-1,-1,-1,-1,-1,-1,-1,-1,false
ecuador-early-expansion,seed-4,MASS,20,MASS-F1,PD_MECH_PAYBACK_UNATTRACTIVE,-1,4737.36,157.91200000000003,157912.00000000003,2500000,15.831602411469676,0.7916666666666666,1,9.5,false
ecuador-early-expansion,seed-4,MASS,20,,PD_MECH_DEFERRED,-1,-1,-1,-1,-1,-1,-1,-1,-1,false
ecuador-early-expansion,seed-4,BAL,20,,PD_MECH_DEFERRED,-1,-1,-1,-1,-1,-1,-1,-1,-1,false
ecuador-early-expansion,seed-4,JPQ,20,,PD_MECH_DEFERRED,-1,-1,-1,-1,-1,-1,-1,-1,-1,false
ecuador-early-expansion,seed-4,CONSV,20,,PD_MECH_DEFERRED,-1,-1,-1,-1,-1,-1,-1,-1,-1,false
ecuador-early-expansion,seed-4,VAP,20,,PD_MECH_DEFERRED,-1,-1,-1,-1,-1,-1,-1,-1,-1,false
ecuador-early-expansion,seed-4,MASS,21,MASS-F1,PD_MECH_CONSIDERED,0.9234619883040935,-1,-1,-1,-1,-1,-1,-1,-1,false
ecuador-early-expansion,seed-4,MASS,21,MASS-F1,PD_MECH_PAYBACK_UNATTRACTIVE,-1,4737.36,157.91200000000003,157912.00000000003,2500000,15.831602411469676,0.7916666666666666,1,9.5,false
ecuador-early-expansion,seed-4,MASS,21,,PD_MECH_DEFERRED,-1,-1,-1,-1,-1,-1,-1,-1,-1,false
ecuador-early-expansion,seed-4,BAL,21,,PD_MECH_DEFERRED,-1,-1,-1,-1,-1,-1,-1,-1,-1,false
ecuador-early-expansion,seed-4,JPQ,21,,PD_MECH_DEFERRED,-1,-1,-1,-1,-1,-1,-1,-1,-1,false
ecuador-early-expansion,seed-4,CONSV,21,,PD_MECH_DEFERRED,-1,-1,-1,-1,-1,-1,-1,-1,-1,false
ecuador-early-expansion,seed-4,VAP,21,,PD_MECH_DEFERRED,-1,-1,-1,-1,-1,-1,-1,-1,-1,false
ecuador-early-expansion,seed-4,MASS,22,MASS-F1,PD_MECH_CONSIDERED,1,-1,-1,-1,-1,-1,-1,-1,-1,false
ecuador-early-expansion,seed-4,MASS,22,MASS-F1,PD_MECH_PAYBACK_UNATTRACTIVE,-1,5130,171,171000,2500000,14.619883040935672,0.7916666666666666,1,9.5,false
ecuador-early-expansion,seed-4,MASS,22,,PD_MECH_DEFERRED,-1,-1,-1,-1,-1,-1,-1,-1,-1,false
ecuador-early-expansion,seed-4,BAL,22,,PD_MECH_DEFERRED,-1,-1,-1,-1,-1,-1,-1,-1,-1,false
ecuador-early-expansion,seed-4,JPQ,22,,PD_MECH_DEFERRED,-1,-1,-1,-1,-1,-1,-1,-1,-1,false
ecuador-early-expansion,seed-4,CONSV,22,,PD_MECH_DEFERRED,-1,-1,-1,-1,-1,-1,-1,-1,-1,false
ecuador-early-expansion,seed-4,VAP,22,,PD_MECH_DEFERRED,-1,-1,-1,-1,-1,-1,-1,-1,-1,false
ecuador-early-expansion,seed-4,MASS,23,MASS-F1,PD_MECH_CONSIDERED,0.9234619883040935,-1,-1,-1,-1,-1,-1,-1,-1,false
ecuador-early-expansion,seed-4,MASS,23,MASS-F1,PD_MECH_PAYBACK_UNATTRACTIVE,-1,5013.706,167.1235333333334,167123.53333333338,2500000,14.958994404538275,0.7916666666666666,1,9.5,false
ecuador-early-expansion,seed-4,MASS,23,,PD_MECH_DEFERRED,-1,-1,-1,-1,-1,-1,-1,-1,-1,false
ecuador-early-expansion,seed-4,BAL,23,,PD_MECH_DEFERRED,-1,-1,-1,-1,-1,-1,-1,-1,-1,false
ecuador-early-expansion,seed-4,JPQ,23,,PD_MECH_DEFERRED,-1,-1,-1,-1,-1,-1,-1,-1,-1,false
ecuador-early-expansion,seed-4,CONSV,23,,PD_MECH_DEFERRED,-1,-1,-1,-1,-1,-1,-1,-1,-1,false
ecuador-early-expansion,seed-4,VAP,23,,PD_MECH_DEFERRED,-1,-1,-1,-1,-1,-1,-1,-1,-1,false
ecuador-early-expansion,seed-4,MASS,24,MASS-F1,PD_MECH_CONSIDERED,0.9151761292996271,-1,-1,-1,-1,-1,-1,-1,-1,false
ecuador-early-expansion,seed-4,MASS,24,MASS-F1,PD_MECH_PAYBACK_UNATTRACTIVE,-1,4968.72,165.62400000000002,165624.00000000003,2500000,15.09443075882722,0.7916666666666666,1,9.5,false
ecuador-early-expansion,seed-4,MASS,24,,PD_MECH_DEFERRED,-1,-1,-1,-1,-1,-1,-1,-1,-1,false
ecuador-early-expansion,seed-4,BAL,24,,PD_MECH_DEFERRED,-1,-1,-1,-1,-1,-1,-1,-1,-1,false
ecuador-early-expansion,seed-4,JPQ,24,,PD_MECH_DEFERRED,-1,-1,-1,-1,-1,-1,-1,-1,-1,false
ecuador-early-expansion,seed-4,CONSV,24,,PD_MECH_DEFERRED,-1,-1,-1,-1,-1,-1,-1,-1,-1,false
ecuador-early-expansion,seed-4,VAP,24,,PD_MECH_DEFERRED,-1,-1,-1,-1,-1,-1,-1,-1,-1,false
ecuador-early-expansion,seed-4,MASS,25,MASS-F1,PD_MECH_CONSIDERED,0.9825574434774601,-1,-1,-1,-1,-1,-1,-1,-1,false
ecuador-early-expansion,seed-4,MASS,25,MASS-F1,PD_MECH_PAYBACK_UNATTRACTIVE,-1,5334.55,177.81833333333338,177818.33333333337,2500000,14.059292723847369,0.7916666666666666,1,9.5,false
ecuador-early-expansion,seed-4,MASS,25,,PD_MECH_DEFERRED,-1,-1,-1,-1,-1,-1,-1,-1,-1,false
ecuador-early-expansion,seed-4,BAL,25,,PD_MECH_DEFERRED,-1,-1,-1,-1,-1,-1,-1,-1,-1,false
ecuador-early-expansion,seed-4,JPQ,25,,PD_MECH_DEFERRED,-1,-1,-1,-1,-1,-1,-1,-1,-1,false
ecuador-early-expansion,seed-4,CONSV,25,,PD_MECH_DEFERRED,-1,-1,-1,-1,-1,-1,-1,-1,-1,false
ecuador-early-expansion,seed-4,VAP,25,,PD_MECH_DEFERRED,-1,-1,-1,-1,-1,-1,-1,-1,-1,false
ecuador-early-expansion,seed-4,MASS,26,MASS-F1,PD_MECH_CONSIDERED,1,-1,-1,-1,-1,-1,-1,-1,-1,false
ecuador-early-expansion,seed-4,MASS,26,MASS-F1,PD_MECH_PAYBACK_UNATTRACTIVE,-1,5429.25,180.9749999999999,180974.9999999999,2500000,13.814062715844736,0.7916666666666666,1,9.5,false
ecuador-early-expansion,seed-4,MASS,26,,PD_MECH_DEFERRED,-1,-1,-1,-1,-1,-1,-1,-1,-1,false
ecuador-early-expansion,seed-4,BAL,26,,PD_MECH_DEFERRED,-1,-1,-1,-1,-1,-1,-1,-1,-1,false
ecuador-early-expansion,seed-4,JPQ,26,,PD_MECH_DEFERRED,-1,-1,-1,-1,-1,-1,-1,-1,-1,false
ecuador-early-expansion,seed-4,CONSV,26,,PD_MECH_DEFERRED,-1,-1,-1,-1,-1,-1,-1,-1,-1,false
ecuador-early-expansion,seed-4,VAP,26,,PD_MECH_DEFERRED,-1,-1,-1,-1,-1,-1,-1,-1,-1,false
ecuador-early-expansion,seed-4,MASS,27,MASS-F1,PD_MECH_CONSIDERED,1,-1,-1,-1,-1,-1,-1,-1,-1,false
ecuador-early-expansion,seed-4,MASS,27,MASS-F1,PD_MECH_PAYBACK_UNATTRACTIVE,-1,5429.25,180.9749999999999,180974.9999999999,2500000,13.814062715844736,0.7916666666666666,1,9.5,false
ecuador-early-expansion,seed-4,MASS,27,,PD_MECH_DEFERRED,-1,-1,-1,-1,-1,-1,-1,-1,-1,false
ecuador-early-expansion,seed-4,BAL,27,,PD_MECH_DEFERRED,-1,-1,-1,-1,-1,-1,-1,-1,-1,false
ecuador-early-expansion,seed-4,JPQ,27,,PD_MECH_DEFERRED,-1,-1,-1,-1,-1,-1,-1,-1,-1,false
ecuador-early-expansion,seed-4,CONSV,27,,PD_MECH_DEFERRED,-1,-1,-1,-1,-1,-1,-1,-1,-1,false
ecuador-early-expansion,seed-4,VAP,27,,PD_MECH_DEFERRED,-1,-1,-1,-1,-1,-1,-1,-1,-1,false
ecuador-early-expansion,seed-4,MASS,28,MASS-F1,PD_MECH_CONSIDERED,1,-1,-1,-1,-1,-1,-1,-1,-1,false
ecuador-early-expansion,seed-4,MASS,28,MASS-F1,PD_MECH_PAYBACK_UNATTRACTIVE,-1,5429.25,180.9749999999999,180974.9999999999,2500000,13.814062715844736,0.7916666666666666,1,9.5,false
ecuador-early-expansion,seed-4,MASS,28,MASS-NEWF-MASS-CAPEX-4,PD_MECH_CONSIDERED,0,-1,-1,-1,-1,-1,-1,-1,-1,false
ecuador-early-expansion,seed-4,MASS,28,MASS-NEWF-MASS-CAPEX-4,PD_MECH_LOW_UTILIZATION,0,-1,-1,-1,-1,-1,-1,-1,-1,false
ecuador-early-expansion,seed-4,MASS,28,,PD_MECH_DEFERRED,-1,-1,-1,-1,-1,-1,-1,-1,-1,false
ecuador-early-expansion,seed-4,BAL,28,,PD_MECH_DEFERRED,-1,-1,-1,-1,-1,-1,-1,-1,-1,false
ecuador-early-expansion,seed-4,JPQ,28,,PD_MECH_DEFERRED,-1,-1,-1,-1,-1,-1,-1,-1,-1,false
ecuador-early-expansion,seed-4,CONSV,28,,PD_MECH_DEFERRED,-1,-1,-1,-1,-1,-1,-1,-1,-1,false
ecuador-early-expansion,seed-4,VAP,28,,PD_MECH_DEFERRED,-1,-1,-1,-1,-1,-1,-1,-1,-1,false
ecuador-early-expansion,seed-4,MASS,29,MASS-F1,PD_MECH_CONSIDERED,0.9794575678040246,-1,-1,-1,-1,-1,-1,-1,-1,false
ecuador-early-expansion,seed-4,MASS,29,MASS-F1,PD_MECH_PAYBACK_UNATTRACTIVE,-1,5610.822677165355,187.02742257217847,187027.42257217848,2500000,13.367023753081924,0.7916666666666666,1,9.5,false
ecuador-early-expansion,seed-4,MASS,29,MASS-NEWF-MASS-CAPEX-4,PD_MECH_CONSIDERED,0.9794590643274854,-1,-1,-1,-1,-1,-1,-1,-1,false
ecuador-early-expansion,seed-4,MASS,29,MASS-NEWF-MASS-CAPEX-4,PD_MECH_PAYBACK_UNATTRACTIVE,-1,5024.625,167.48749999999995,167487.49999999994,2500000,14.926487051272488,0.7916666666666666,1,9.5,false
ecuador-early-expansion,seed-4,MASS,29,,PD_MECH_DEFERRED,-1,-1,-1,-1,-1,-1,-1,-1,-1,false
ecuador-early-expansion,seed-4,BAL,29,,PD_MECH_DEFERRED,-1,-1,-1,-1,-1,-1,-1,-1,-1,false
ecuador-early-expansion,seed-4,JPQ,29,,PD_MECH_DEFERRED,-1,-1,-1,-1,-1,-1,-1,-1,-1,false
ecuador-early-expansion,seed-4,CONSV,29,,PD_MECH_DEFERRED,-1,-1,-1,-1,-1,-1,-1,-1,-1,false
ecuador-early-expansion,seed-4,VAP,29,,PD_MECH_DEFERRED,-1,-1,-1,-1,-1,-1,-1,-1,-1,false
ecuador-early-expansion,seed-4,MASS,30,MASS-F1,PD_MECH_CONSIDERED,0.6947333507899102,-1,-1,-1,-1,-1,-1,-1,-1,false
ecuador-early-expansion,seed-4,MASS,30,MASS-F1,PD_MECH_PAYBACK_UNATTRACTIVE,-1,3979.78,132.65933333333328,132659.33333333328,2500000,18.845262803471556,0.7916666666666666,1,9.5,false
ecuador-early-expansion,seed-4,MASS,30,MASS-NEWF-MASS-CAPEX-4,PD_MECH_CONSIDERED,0,-1,-1,-1,-1,-1,-1,-1,-1,false
ecuador-early-expansion,seed-4,MASS,30,MASS-NEWF-MASS-CAPEX-4,PD_MECH_LOW_UTILIZATION,0,-1,-1,-1,-1,-1,-1,-1,-1,false
ecuador-early-expansion,seed-4,MASS,30,,PD_MECH_DEFERRED,-1,-1,-1,-1,-1,-1,-1,-1,-1,false
ecuador-early-expansion,seed-4,BAL,30,,PD_MECH_DEFERRED,-1,-1,-1,-1,-1,-1,-1,-1,-1,false
ecuador-early-expansion,seed-4,JPQ,30,,PD_MECH_DEFERRED,-1,-1,-1,-1,-1,-1,-1,-1,-1,false
ecuador-early-expansion,seed-4,CONSV,30,,PD_MECH_DEFERRED,-1,-1,-1,-1,-1,-1,-1,-1,-1,false
ecuador-early-expansion,seed-4,VAP,30,,PD_MECH_DEFERRED,-1,-1,-1,-1,-1,-1,-1,-1,-1,false
ecuador-early-expansion,seed-4,MASS,31,MASS-F1,PD_MECH_CONSIDERED,0.6693218119926683,-1,-1,-1,-1,-1,-1,-1,-1,false
ecuador-early-expansion,seed-4,MASS,31,MASS-F1,PD_MECH_PAYBACK_UNATTRACTIVE,-1,3834.21,127.80700000000002,127807.00000000001,2500000,19.560743934213303,0.7916666666666666,1,9.5,false
ecuador-early-expansion,seed-4,MASS,31,MASS-NEWF-MASS-CAPEX-4,PD_MECH_CONSIDERED,0.6693216374269005,-1,-1,-1,-1,-1,-1,-1,-1,false
ecuador-early-expansion,seed-4,MASS,31,MASS-NEWF-MASS-CAPEX-4,PD_MECH_PAYBACK_UNATTRACTIVE,-1,4578.16,152.6053333333333,152605.3333333333,2500000,16.382127317524947,0.7916666666666666,1,9.5,false
ecuador-early-expansion,seed-4,MASS,31,,PD_MECH_DEFERRED,-1,-1,-1,-1,-1,-1,-1,-1,-1,false
ecuador-early-expansion,seed-4,BAL,31,BAL-NEWF-BAL-CAPEX-11,PD_MECH_CONSIDERED,0,-1,-1,-1,-1,-1,-1,-1,-1,false
ecuador-early-expansion,seed-4,BAL,31,BAL-NEWF-BAL-CAPEX-11,PD_MECH_LOW_UTILIZATION,0,-1,-1,-1,-1,-1,-1,-1,-1,false
ecuador-early-expansion,seed-4,BAL,31,,PD_MECH_DEFERRED,-1,-1,-1,-1,-1,-1,-1,-1,-1,false
ecuador-early-expansion,seed-4,JPQ,31,,PD_MECH_DEFERRED,-1,-1,-1,-1,-1,-1,-1,-1,-1,false
ecuador-early-expansion,seed-4,CONSV,31,,PD_MECH_DEFERRED,-1,-1,-1,-1,-1,-1,-1,-1,-1,false
ecuador-early-expansion,seed-4,VAP,31,,PD_MECH_DEFERRED,-1,-1,-1,-1,-1,-1,-1,-1,-1,false
ecuador-early-expansion,seed-4,MASS,32,MASS-F1,PD_MECH_CONSIDERED,0.7289325303308021,-1,-1,-1,-1,-1,-1,-1,-1,false
ecuador-early-expansion,seed-4,MASS,32,MASS-F1,PD_MECH_PAYBACK_UNATTRACTIVE,-1,4175.69,139.18966666666665,139189.66666666666,2500000,17.96110343440246,0.7916666666666666,1,9.5,false
ecuador-early-expansion,seed-4,MASS,32,MASS-NEWF-MASS-CAPEX-4,PD_MECH_CONSIDERED,0.5774356725146199,-1,-1,-1,-1,-1,-1,-1,-1,false
ecuador-early-expansion,seed-4,MASS,32,MASS-NEWF-MASS-CAPEX-4,PD_MECH_PAYBACK_UNATTRACTIVE,-1,3949.6600000000003,131.65533333333326,131655.33333333326,2500000,18.988976266311543,0.7916666666666666,1,9.5,false
ecuador-early-expansion,seed-4,MASS,32,,PD_MECH_DEFERRED,-1,-1,-1,-1,-1,-1,-1,-1,-1,false
ecuador-early-expansion,seed-4,BAL,32,BAL-NEWF-BAL-CAPEX-11,PD_MECH_CONSIDERED,0.5557046783625731,-1,-1,-1,-1,-1,-1,-1,-1,false
ecuador-early-expansion,seed-4,BAL,32,BAL-NEWF-BAL-CAPEX-11,PD_MECH_PAYBACK_UNATTRACTIVE,-1,2850.765,95.02550000000002,95025.50000000003,2500000,26.308727657313028,1,1,12,false
ecuador-early-expansion,seed-4,BAL,32,,PD_MECH_DEFERRED,-1,-1,-1,-1,-1,-1,-1,-1,-1,false
ecuador-early-expansion,seed-4,JPQ,32,JPQ-NEWF-JPQ-CAPEX-10,PD_MECH_CONSIDERED,0,-1,-1,-1,-1,-1,-1,-1,-1,false
ecuador-early-expansion,seed-4,JPQ,32,JPQ-NEWF-JPQ-CAPEX-10,PD_MECH_LOW_UTILIZATION,0,-1,-1,-1,-1,-1,-1,-1,-1,false
ecuador-early-expansion,seed-4,JPQ,32,,PD_MECH_DEFERRED,-1,-1,-1,-1,-1,-1,-1,-1,-1,false
ecuador-early-expansion,seed-4,CONSV,32,,PD_MECH_DEFERRED,-1,-1,-1,-1,-1,-1,-1,-1,-1,false
ecuador-early-expansion,seed-4,VAP,32,,PD_MECH_DEFERRED,-1,-1,-1,-1,-1,-1,-1,-1,-1,false
ecuador-early-expansion,seed-5,MASS,1,MASS-F1,PD_MECH_CONSIDERED,0,-1,-1,-1,-1,-1,-1,-1,-1,false
ecuador-early-expansion,seed-5,MASS,1,MASS-F1,PD_MECH_LOW_UTILIZATION,0,-1,-1,-1,-1,-1,-1,-1,-1,false
ecuador-early-expansion,seed-5,MASS,1,,PD_MECH_DEFERRED,-1,-1,-1,-1,-1,-1,-1,-1,-1,false
ecuador-early-expansion,seed-5,BAL,1,BAL-F1,PD_MECH_CONSIDERED,0,-1,-1,-1,-1,-1,-1,-1,-1,false
ecuador-early-expansion,seed-5,BAL,1,BAL-F1,PD_MECH_LOW_UTILIZATION,0,-1,-1,-1,-1,-1,-1,-1,-1,false
ecuador-early-expansion,seed-5,BAL,1,,PD_MECH_DEFERRED,-1,-1,-1,-1,-1,-1,-1,-1,-1,false
ecuador-early-expansion,seed-5,JPQ,1,JPQ-F1,PD_MECH_CONSIDERED,0,-1,-1,-1,-1,-1,-1,-1,-1,false
ecuador-early-expansion,seed-5,JPQ,1,JPQ-F1,PD_MECH_LOW_UTILIZATION,0,-1,-1,-1,-1,-1,-1,-1,-1,false
ecuador-early-expansion,seed-5,JPQ,1,,PD_MECH_DEFERRED,-1,-1,-1,-1,-1,-1,-1,-1,-1,false
ecuador-early-expansion,seed-5,CONSV,1,CONSV-F1,PD_MECH_CONSIDERED,0,-1,-1,-1,-1,-1,-1,-1,-1,false
ecuador-early-expansion,seed-5,CONSV,1,CONSV-F1,PD_MECH_LOW_UTILIZATION,0,-1,-1,-1,-1,-1,-1,-1,-1,false
ecuador-early-expansion,seed-5,CONSV,1,,PD_MECH_DEFERRED,-1,-1,-1,-1,-1,-1,-1,-1,-1,false
ecuador-early-expansion,seed-5,VAP,1,VAP-F1,PD_MECH_CONSIDERED,0,-1,-1,-1,-1,-1,-1,-1,-1,false
ecuador-early-expansion,seed-5,VAP,1,VAP-F1,PD_MECH_LOW_UTILIZATION,0,-1,-1,-1,-1,-1,-1,-1,-1,false
ecuador-early-expansion,seed-5,VAP,1,,PD_MECH_DEFERRED,-1,-1,-1,-1,-1,-1,-1,-1,-1,false
ecuador-early-expansion,seed-5,MASS,2,MASS-F1,PD_MECH_CONSIDERED,0.7883040935672515,-1,-1,-1,-1,-1,-1,-1,-1,false
ecuador-early-expansion,seed-5,MASS,2,MASS-F1,PD_MECH_PAYBACK_UNATTRACTIVE,-1,4044.0000000000005,134.79999999999995,134799.99999999994,2500000,18.545994065281906,0.7916666666666666,1,9.5,false
ecuador-early-expansion,seed-5,MASS,2,,PD_MECH_DEFERRED,-1,-1,-1,-1,-1,-1,-1,-1,-1,false
ecuador-early-expansion,seed-5,BAL,2,BAL-F1,PD_MECH_CONSIDERED,0.9271929824561403,-1,-1,-1,-1,-1,-1,-1,-1,false
ecuador-early-expansion,seed-5,BAL,2,BAL-F1,PD_MECH_PAYBACK_UNATTRACTIVE,-1,5549.25,184.9749999999999,184974.9999999999,2500000,13.515339910798764,1,1,12,false
ecuador-early-expansion,seed-5,BAL,2,,PD_MECH_DEFERRED,-1,-1,-1,-1,-1,-1,-1,-1,-1,false
ecuador-early-expansion,seed-5,JPQ,2,JPQ-F1,PD_MECH_CONSIDERED,1,-1,-1,-1,-1,-1,-1,-1,-1,false
ecuador-early-expansion,seed-5,JPQ,2,,PD_MECH_FINANCE_BLOCKED,-1,-1,-1,-1,2500000,-1,-1,-1,-1,false
ecuador-early-expansion,seed-5,CONSV,2,CONSV-F1,PD_MECH_CONSIDERED,1,-1,-1,-1,-1,-1,-1,-1,-1,false
ecuador-early-expansion,seed-5,CONSV,2,,PD_MECH_FINANCE_BLOCKED,-1,-1,-1,-1,2500000,-1,-1,-1,-1,false
ecuador-early-expansion,seed-5,VAP,2,VAP-F1,PD_MECH_CONSIDERED,1,-1,-1,-1,-1,-1,-1,-1,-1,false
ecuador-early-expansion,seed-5,VAP,2,,PD_MECH_FINANCE_BLOCKED,-1,-1,-1,-1,2500000,-1,-1,-1,-1,false
ecuador-early-expansion,seed-5,MASS,3,MASS-F1,PD_MECH_CONSIDERED,0.6222183235867447,-1,-1,-1,-1,-1,-1,-1,-1,false
ecuador-early-expansion,seed-5,MASS,3,MASS-F1,PD_MECH_PAYBACK_UNATTRACTIVE,-1,3191.98,106.39933333333329,106399.33333333328,2500000,23.496387821978846,0.7916666666666666,1,9.5,false
ecuador-early-expansion,seed-5,MASS,3,,PD_MECH_DEFERRED,-1,-1,-1,-1,-1,-1,-1,-1,-1,false
ecuador-early-expansion,seed-5,BAL,3,BAL-F1,PD_MECH_CONSIDERED,1,-1,-1,-1,-1,-1,-1,-1,-1,false
ecuador-early-expansion,seed-5,BAL,3,BAL-F1,PD_MECH_PAYBACK_UNATTRACTIVE,-1,5985,199.5,199500,2500000,12.531328320802006,1,1,12,false
ecuador-early-expansion,seed-5,BAL,3,,PD_MECH_DEFERRED,-1,-1,-1,-1,-1,-1,-1,-1,-1,false
ecuador-early-expansion,seed-5,JPQ,3,JPQ-F1,PD_MECH_CONSIDERED,0.8874108187134503,-1,-1,-1,-1,-1,-1,-1,-1,false
ecuador-early-expansion,seed-5,JPQ,3,,PD_MECH_FINANCE_BLOCKED,-1,-1,-1,-1,2500000,-1,-1,-1,-1,false
ecuador-early-expansion,seed-5,CONSV,3,CONSV-F1,PD_MECH_CONSIDERED,0.8540601503759399,-1,-1,-1,-1,-1,-1,-1,-1,false
ecuador-early-expansion,seed-5,CONSV,3,CONSV-F1,PD_MECH_PAYBACK_UNATTRACTIVE,-1,5111.55,170.385,170385,2500000,14.672653109135194,1.2105263157894737,1.05,13.834586466165414,false
ecuador-early-expansion,seed-5,CONSV,3,,PD_MECH_DEFERRED,-1,-1,-1,-1,-1,-1,-1,-1,-1,false
ecuador-early-expansion,seed-5,VAP,3,VAP-F1,PD_MECH_CONSIDERED,0.9596881091617934,-1,-1,-1,-1,-1,-1,-1,-1,false
ecuador-early-expansion,seed-5,VAP,3,,PD_MECH_FINANCE_BLOCKED,-1,-1,-1,-1,2500000,-1,-1,-1,-1,false
ecuador-early-expansion,seed-5,MASS,4,MASS-F1,PD_MECH_CONSIDERED,1,-1,-1,-1,-1,-1,-1,-1,-1,false
ecuador-early-expansion,seed-5,MASS,4,MASS-F1,PD_MECH_PAYBACK_UNATTRACTIVE,-1,5130,171,171000,2500000,14.619883040935672,0.7916666666666666,1,9.5,false
ecuador-early-expansion,seed-5,MASS,4,,PD_MECH_DEFERRED,-1,-1,-1,-1,-1,-1,-1,-1,-1,false
ecuador-early-expansion,seed-5,BAL,4,BAL-F1,PD_MECH_CONSIDERED,1,-1,-1,-1,-1,-1,-1,-1,-1,false
ecuador-early-expansion,seed-5,BAL,4,BAL-F1,PD_MECH_PAYBACK_UNATTRACTIVE,-1,5985,199.5,199500,2500000,12.531328320802006,1,1,12,false
ecuador-early-expansion,seed-5,BAL,4,,PD_MECH_DEFERRED,-1,-1,-1,-1,-1,-1,-1,-1,-1,false
ecuador-early-expansion,seed-5,JPQ,4,JPQ-F1,PD_MECH_CONSIDERED,0.943704678362573,-1,-1,-1,-1,-1,-1,-1,-1,false
ecuador-early-expansion,seed-5,JPQ,4,,PD_MECH_FINANCE_BLOCKED,-1,-1,-1,-1,2500000,-1,-1,-1,-1,false
ecuador-early-expansion,seed-5,CONSV,4,CONSV-F1,PD_MECH_CONSIDERED,0.9301487050960735,-1,-1,-1,-1,-1,-1,-1,-1,false
ecuador-early-expansion,seed-5,CONSV,4,CONSV-F1,PD_MECH_PROPOSED,-1,5566.94,185.56466666666665,185564.66666666666,2500000,13.472392373548125,1.2105263157894737,1.05,13.834586466165414,true
ecuador-early-expansion,seed-5,VAP,4,VAP-F1,PD_MECH_CONSIDERED,0.8941442495126706,-1,-1,-1,-1,-1,-1,-1,-1,false
ecuador-early-expansion,seed-5,VAP,4,,PD_MECH_FINANCE_BLOCKED,-1,-1,-1,-1,2500000,-1,-1,-1,-1,false
ecuador-early-expansion,seed-5,MASS,5,MASS-F1,PD_MECH_CONSIDERED,0.5603762183235868,-1,-1,-1,-1,-1,-1,-1,-1,false
ecuador-early-expansion,seed-5,MASS,5,MASS-F1,PD_MECH_PAYBACK_UNATTRACTIVE,-1,2874.73,95.82433333333336,95824.33333333336,2500000,26.089406657320854,0.7916666666666666,1,9.5,false
ecuador-early-expansion,seed-5,MASS,5,,PD_MECH_DEFERRED,-1,-1,-1,-1,-1,-1,-1,-1,-1,false
ecuador-early-expansion,seed-5,BAL,5,BAL-F1,PD_MECH_CONSIDERED,1,-1,-1,-1,-1,-1,-1,-1,-1,false
ecuador-early-expansion,seed-5,BAL,5,BAL-F1,PD_MECH_PAYBACK_UNATTRACTIVE,-1,5985,199.5,199500,2500000,12.531328320802006,1,1,12,false
ecuador-early-expansion,seed-5,BAL,5,,PD_MECH_DEFERRED,-1,-1,-1,-1,-1,-1,-1,-1,-1,false
ecuador-early-expansion,seed-5,JPQ,5,JPQ-F1,PD_MECH_CONSIDERED,0.9596388888888889,-1,-1,-1,-1,-1,-1,-1,-1,false
ecuador-early-expansion,seed-5,JPQ,5,,PD_MECH_FINANCE_BLOCKED,-1,-1,-1,-1,2500000,-1,-1,-1,-1,false
ecuador-early-expansion,seed-5,CONSV,5,CONSV-F1,PD_MECH_CONSIDERED,1,-1,-1,-1,-1,-1,-1,-1,-1,false
ecuador-early-expansion,seed-5,CONSV,5,CONSV-F1,PD_MECH_PROPOSED,-1,5985,199.5,199500,2500000,12.531328320802006,1.2105263157894737,1.05,13.834586466165414,true
ecuador-early-expansion,seed-5,VAP,5,VAP-F1,PD_MECH_CONSIDERED,1,-1,-1,-1,-1,-1,-1,-1,-1,false
ecuador-early-expansion,seed-5,VAP,5,,PD_MECH_FINANCE_BLOCKED,-1,-1,-1,-1,2500000,-1,-1,-1,-1,false
ecuador-early-expansion,seed-5,MASS,6,MASS-F1,PD_MECH_CONSIDERED,0.9965477582846004,-1,-1,-1,-1,-1,-1,-1,-1,false
ecuador-early-expansion,seed-5,MASS,6,MASS-F1,PD_MECH_PAYBACK_UNATTRACTIVE,-1,5112.29,170.40966666666668,170409.6666666667,2500000,14.670529254013367,0.7916666666666666,1,9.5,false
ecuador-early-expansion,seed-5,MASS,6,,PD_MECH_DEFERRED,-1,-1,-1,-1,-1,-1,-1,-1,-1,false
ecuador-early-expansion,seed-5,BAL,6,BAL-F1,PD_MECH_CONSIDERED,1,-1,-1,-1,-1,-1,-1,-1,-1,false
ecuador-early-expansion,seed-5,BAL,6,,PD_MECH_FINANCE_BLOCKED,-1,-1,-1,-1,2500000,-1,-1,-1,-1,false
ecuador-early-expansion,seed-5,JPQ,6,JPQ-F1,PD_MECH_CONSIDERED,0.8879312865497075,-1,-1,-1,-1,-1,-1,-1,-1,false
ecuador-early-expansion,seed-5,JPQ,6,,PD_MECH_FINANCE_BLOCKED,-1,-1,-1,-1,2500000,-1,-1,-1,-1,false
ecuador-early-expansion,seed-5,CONSV,6,,PD_MECH_DEFERRED,-1,-1,-1,-1,-1,-1,-1,-1,-1,false
ecuador-early-expansion,seed-5,VAP,6,VAP-F1,PD_MECH_CONSIDERED,1,-1,-1,-1,-1,-1,-1,-1,-1,false
ecuador-early-expansion,seed-5,VAP,6,,PD_MECH_FINANCE_BLOCKED,-1,-1,-1,-1,2500000,-1,-1,-1,-1,false
ecuador-early-expansion,seed-5,MASS,7,MASS-F1,PD_MECH_CONSIDERED,0.5912105263157894,-1,-1,-1,-1,-1,-1,-1,-1,false
ecuador-early-expansion,seed-5,MASS,7,MASS-F1,PD_MECH_PAYBACK_UNATTRACTIVE,-1,3032.91,101.09700000000004,101097.00000000004,2500000,24.728725877127896,0.7916666666666666,1,9.5,false
ecuador-early-expansion,seed-5,MASS,7,,PD_MECH_DEFERRED,-1,-1,-1,-1,-1,-1,-1,-1,-1,false
ecuador-early-expansion,seed-5,BAL,7,BAL-F1,PD_MECH_CONSIDERED,1,-1,-1,-1,-1,-1,-1,-1,-1,false
ecuador-early-expansion,seed-5,BAL,7,BAL-F1,PD_MECH_PROPOSED,-1,6284.25,209.4749999999999,209474.9999999999,2500000,11.93459840076382,1,1,12,true
ecuador-early-expansion,seed-5,JPQ,7,JPQ-F1,PD_MECH_CONSIDERED,0.8779824561403509,-1,-1,-1,-1,-1,-1,-1,-1,false
ecuador-early-expansion,seed-5,JPQ,7,,PD_MECH_FINANCE_BLOCKED,-1,-1,-1,-1,2500000,-1,-1,-1,-1,false
ecuador-early-expansion,seed-5,CONSV,7,,PD_MECH_DEFERRED,-1,-1,-1,-1,-1,-1,-1,-1,-1,false
ecuador-early-expansion,seed-5,VAP,7,VAP-F1,PD_MECH_CONSIDERED,1,-1,-1,-1,-1,-1,-1,-1,-1,false
ecuador-early-expansion,seed-5,VAP,7,VAP-F1,PD_MECH_PROPOSED,-1,5130,171,171000,2500000,14.619883040935672,1.411764705882353,1,16.941176470588236,true
ecuador-early-expansion,seed-5,MASS,8,MASS-F1,PD_MECH_CONSIDERED,1,-1,-1,-1,-1,-1,-1,-1,-1,false
ecuador-early-expansion,seed-5,MASS,8,MASS-F1,PD_MECH_PAYBACK_UNATTRACTIVE,-1,5130,171,171000,2500000,14.619883040935672,0.7916666666666666,1,9.5,false
ecuador-early-expansion,seed-5,MASS,8,,PD_MECH_DEFERRED,-1,-1,-1,-1,-1,-1,-1,-1,-1,false
ecuador-early-expansion,seed-5,BAL,8,,PD_MECH_DEFERRED,-1,-1,-1,-1,-1,-1,-1,-1,-1,false
ecuador-early-expansion,seed-5,JPQ,8,JPQ-F1,PD_MECH_CONSIDERED,0.8583859649122807,-1,-1,-1,-1,-1,-1,-1,-1,false
ecuador-early-expansion,seed-5,JPQ,8,JPQ-F1,PD_MECH_PROPOSED,-1,5871.36,195.712,195712,2500000,12.773871811641596,1.1176470588235294,1,13.411764705882353,true
ecuador-early-expansion,seed-5,CONSV,8,,PD_MECH_DEFERRED,-1,-1,-1,-1,-1,-1,-1,-1,-1,false
ecuador-early-expansion,seed-5,VAP,8,,PD_MECH_DEFERRED,-1,-1,-1,-1,-1,-1,-1,-1,-1,false
ecuador-early-expansion,seed-5,MASS,9,MASS-F1,PD_MECH_CONSIDERED,0.495598440545809,-1,-1,-1,-1,-1,-1,-1,-1,false
ecuador-early-expansion,seed-5,MASS,9,MASS-F1,PD_MECH_LOW_UTILIZATION,0.495598440545809,-1,-1,-1,-1,-1,-1,-1,-1,false
ecuador-early-expansion,seed-5,MASS,9,,PD_MECH_DEFERRED,-1,-1,-1,-1,-1,-1,-1,-1,-1,false
ecuador-early-expansion,seed-5,BAL,9,,PD_MECH_DEFERRED,-1,-1,-1,-1,-1,-1,-1,-1,-1,false
ecuador-early-expansion,seed-5,JPQ,9,,PD_MECH_DEFERRED,-1,-1,-1,-1,-1,-1,-1,-1,-1,false
ecuador-early-expansion,seed-5,CONSV,9,,PD_MECH_DEFERRED,-1,-1,-1,-1,-1,-1,-1,-1,-1,false
ecuador-early-expansion,seed-5,VAP,9,,PD_MECH_DEFERRED,-1,-1,-1,-1,-1,-1,-1,-1,-1,false
ecuador-early-expansion,seed-5,MASS,10,MASS-F1,PD_MECH_CONSIDERED,1,-1,-1,-1,-1,-1,-1,-1,-1,false
ecuador-early-expansion,seed-5,MASS,10,MASS-F1,PD_MECH_PAYBACK_UNATTRACTIVE,-1,5130,171,171000,2500000,14.619883040935672,0.7916666666666666,1,9.5,false
ecuador-early-expansion,seed-5,MASS,10,,PD_MECH_DEFERRED,-1,-1,-1,-1,-1,-1,-1,-1,-1,false
ecuador-early-expansion,seed-5,BAL,10,,PD_MECH_DEFERRED,-1,-1,-1,-1,-1,-1,-1,-1,-1,false
ecuador-early-expansion,seed-5,JPQ,10,,PD_MECH_DEFERRED,-1,-1,-1,-1,-1,-1,-1,-1,-1,false
ecuador-early-expansion,seed-5,CONSV,10,,PD_MECH_DEFERRED,-1,-1,-1,-1,-1,-1,-1,-1,-1,false
ecuador-early-expansion,seed-5,VAP,10,,PD_MECH_DEFERRED,-1,-1,-1,-1,-1,-1,-1,-1,-1,false
ecuador-early-expansion,seed-5,MASS,11,MASS-F1,PD_MECH_CONSIDERED,0.8313450292397662,-1,-1,-1,-1,-1,-1,-1,-1,false
ecuador-early-expansion,seed-5,MASS,11,MASS-F1,PD_MECH_PAYBACK_UNATTRACTIVE,-1,4264.8,142.15999999999997,142159.99999999997,2500000,17.58581879572313,0.7916666666666666,1,9.5,false
ecuador-early-expansion,seed-5,MASS,11,,PD_MECH_DEFERRED,-1,-1,-1,-1,-1,-1,-1,-1,-1,false
ecuador-early-expansion,seed-5,BAL,11,,PD_MECH_DEFERRED,-1,-1,-1,-1,-1,-1,-1,-1,-1,false
ecuador-early-expansion,seed-5,JPQ,11,,PD_MECH_DEFERRED,-1,-1,-1,-1,-1,-1,-1,-1,-1,false
ecuador-early-expansion,seed-5,CONSV,11,,PD_MECH_DEFERRED,-1,-1,-1,-1,-1,-1,-1,-1,-1,false
ecuador-early-expansion,seed-5,VAP,11,,PD_MECH_DEFERRED,-1,-1,-1,-1,-1,-1,-1,-1,-1,false
ecuador-early-expansion,seed-5,MASS,12,MASS-F1,PD_MECH_CONSIDERED,1,-1,-1,-1,-1,-1,-1,-1,-1,false
ecuador-early-expansion,seed-5,MASS,12,MASS-F1,PD_MECH_PAYBACK_UNATTRACTIVE,-1,5130,171,171000,2500000,14.619883040935672,0.7916666666666666,1,9.5,false
ecuador-early-expansion,seed-5,MASS,12,,PD_MECH_DEFERRED,-1,-1,-1,-1,-1,-1,-1,-1,-1,false
ecuador-early-expansion,seed-5,BAL,12,,PD_MECH_DEFERRED,-1,-1,-1,-1,-1,-1,-1,-1,-1,false
ecuador-early-expansion,seed-5,JPQ,12,,PD_MECH_DEFERRED,-1,-1,-1,-1,-1,-1,-1,-1,-1,false
ecuador-early-expansion,seed-5,CONSV,12,,PD_MECH_DEFERRED,-1,-1,-1,-1,-1,-1,-1,-1,-1,false
ecuador-early-expansion,seed-5,VAP,12,,PD_MECH_DEFERRED,-1,-1,-1,-1,-1,-1,-1,-1,-1,false
ecuador-early-expansion,seed-5,MASS,13,MASS-F1,PD_MECH_CONSIDERED,1,-1,-1,-1,-1,-1,-1,-1,-1,false
ecuador-early-expansion,seed-5,MASS,13,MASS-F1,PD_MECH_PAYBACK_UNATTRACTIVE,-1,5130,171,171000,2500000,14.619883040935672,0.7916666666666666,1,9.5,false
ecuador-early-expansion,seed-5,MASS,13,,PD_MECH_DEFERRED,-1,-1,-1,-1,-1,-1,-1,-1,-1,false
ecuador-early-expansion,seed-5,BAL,13,,PD_MECH_DEFERRED,-1,-1,-1,-1,-1,-1,-1,-1,-1,false
ecuador-early-expansion,seed-5,JPQ,13,,PD_MECH_DEFERRED,-1,-1,-1,-1,-1,-1,-1,-1,-1,false
ecuador-early-expansion,seed-5,CONSV,13,,PD_MECH_DEFERRED,-1,-1,-1,-1,-1,-1,-1,-1,-1,false
ecuador-early-expansion,seed-5,VAP,13,,PD_MECH_DEFERRED,-1,-1,-1,-1,-1,-1,-1,-1,-1,false
ecuador-early-expansion,seed-5,MASS,14,MASS-F1,PD_MECH_CONSIDERED,1,-1,-1,-1,-1,-1,-1,-1,-1,false
ecuador-early-expansion,seed-5,MASS,14,MASS-F1,PD_MECH_PAYBACK_UNATTRACTIVE,-1,5130,171,171000,2500000,14.619883040935672,0.7916666666666666,1,9.5,false
ecuador-early-expansion,seed-5,MASS,14,,PD_MECH_DEFERRED,-1,-1,-1,-1,-1,-1,-1,-1,-1,false
ecuador-early-expansion,seed-5,BAL,14,,PD_MECH_DEFERRED,-1,-1,-1,-1,-1,-1,-1,-1,-1,false
ecuador-early-expansion,seed-5,JPQ,14,,PD_MECH_DEFERRED,-1,-1,-1,-1,-1,-1,-1,-1,-1,false
ecuador-early-expansion,seed-5,CONSV,14,,PD_MECH_DEFERRED,-1,-1,-1,-1,-1,-1,-1,-1,-1,false
ecuador-early-expansion,seed-5,VAP,14,,PD_MECH_DEFERRED,-1,-1,-1,-1,-1,-1,-1,-1,-1,false
ecuador-early-expansion,seed-5,MASS,15,MASS-F1,PD_MECH_CONSIDERED,1,-1,-1,-1,-1,-1,-1,-1,-1,false
ecuador-early-expansion,seed-5,MASS,15,MASS-F1,PD_MECH_PAYBACK_UNATTRACTIVE,-1,5130,171,171000,2500000,14.619883040935672,0.7916666666666666,1,9.5,false
ecuador-early-expansion,seed-5,MASS,15,,PD_MECH_DEFERRED,-1,-1,-1,-1,-1,-1,-1,-1,-1,false
ecuador-early-expansion,seed-5,BAL,15,,PD_MECH_DEFERRED,-1,-1,-1,-1,-1,-1,-1,-1,-1,false
ecuador-early-expansion,seed-5,JPQ,15,,PD_MECH_DEFERRED,-1,-1,-1,-1,-1,-1,-1,-1,-1,false
ecuador-early-expansion,seed-5,CONSV,15,,PD_MECH_DEFERRED,-1,-1,-1,-1,-1,-1,-1,-1,-1,false
ecuador-early-expansion,seed-5,VAP,15,,PD_MECH_DEFERRED,-1,-1,-1,-1,-1,-1,-1,-1,-1,false
ecuador-early-expansion,seed-5,MASS,16,MASS-F1,PD_MECH_CONSIDERED,1,-1,-1,-1,-1,-1,-1,-1,-1,false
ecuador-early-expansion,seed-5,MASS,16,MASS-F1,PD_MECH_PAYBACK_UNATTRACTIVE,-1,5130,171,171000,2500000,14.619883040935672,0.7916666666666666,1,9.5,false
ecuador-early-expansion,seed-5,MASS,16,,PD_MECH_DEFERRED,-1,-1,-1,-1,-1,-1,-1,-1,-1,false
ecuador-early-expansion,seed-5,BAL,16,,PD_MECH_DEFERRED,-1,-1,-1,-1,-1,-1,-1,-1,-1,false
ecuador-early-expansion,seed-5,JPQ,16,,PD_MECH_DEFERRED,-1,-1,-1,-1,-1,-1,-1,-1,-1,false
ecuador-early-expansion,seed-5,CONSV,16,,PD_MECH_DEFERRED,-1,-1,-1,-1,-1,-1,-1,-1,-1,false
ecuador-early-expansion,seed-5,VAP,16,,PD_MECH_DEFERRED,-1,-1,-1,-1,-1,-1,-1,-1,-1,false
ecuador-early-expansion,seed-5,MASS,17,MASS-F1,PD_MECH_CONSIDERED,1,-1,-1,-1,-1,-1,-1,-1,-1,false
ecuador-early-expansion,seed-5,MASS,17,MASS-F1,PD_MECH_PAYBACK_UNATTRACTIVE,-1,5130,171,171000,2500000,14.619883040935672,0.7916666666666666,1,9.5,false
ecuador-early-expansion,seed-5,MASS,17,,PD_MECH_DEFERRED,-1,-1,-1,-1,-1,-1,-1,-1,-1,false
ecuador-early-expansion,seed-5,BAL,17,,PD_MECH_DEFERRED,-1,-1,-1,-1,-1,-1,-1,-1,-1,false
ecuador-early-expansion,seed-5,JPQ,17,,PD_MECH_DEFERRED,-1,-1,-1,-1,-1,-1,-1,-1,-1,false
ecuador-early-expansion,seed-5,CONSV,17,,PD_MECH_DEFERRED,-1,-1,-1,-1,-1,-1,-1,-1,-1,false
ecuador-early-expansion,seed-5,VAP,17,,PD_MECH_DEFERRED,-1,-1,-1,-1,-1,-1,-1,-1,-1,false
ecuador-early-expansion,seed-5,MASS,18,MASS-F1,PD_MECH_CONSIDERED,1,-1,-1,-1,-1,-1,-1,-1,-1,false
ecuador-early-expansion,seed-5,MASS,18,MASS-F1,PD_MECH_PAYBACK_UNATTRACTIVE,-1,5130,171,171000,2500000,14.619883040935672,0.7916666666666666,1,9.5,false
ecuador-early-expansion,seed-5,MASS,18,,PD_MECH_DEFERRED,-1,-1,-1,-1,-1,-1,-1,-1,-1,false
ecuador-early-expansion,seed-5,BAL,18,,PD_MECH_DEFERRED,-1,-1,-1,-1,-1,-1,-1,-1,-1,false
ecuador-early-expansion,seed-5,JPQ,18,,PD_MECH_DEFERRED,-1,-1,-1,-1,-1,-1,-1,-1,-1,false
ecuador-early-expansion,seed-5,CONSV,18,,PD_MECH_DEFERRED,-1,-1,-1,-1,-1,-1,-1,-1,-1,false
ecuador-early-expansion,seed-5,VAP,18,,PD_MECH_DEFERRED,-1,-1,-1,-1,-1,-1,-1,-1,-1,false
ecuador-early-expansion,seed-5,MASS,19,MASS-F1,PD_MECH_CONSIDERED,1,-1,-1,-1,-1,-1,-1,-1,-1,false
ecuador-early-expansion,seed-5,MASS,19,MASS-F1,PD_MECH_PAYBACK_UNATTRACTIVE,-1,5130,171,171000,2500000,14.619883040935672,0.7916666666666666,1,9.5,false
ecuador-early-expansion,seed-5,MASS,19,,PD_MECH_DEFERRED,-1,-1,-1,-1,-1,-1,-1,-1,-1,false
ecuador-early-expansion,seed-5,BAL,19,,PD_MECH_DEFERRED,-1,-1,-1,-1,-1,-1,-1,-1,-1,false
ecuador-early-expansion,seed-5,JPQ,19,,PD_MECH_DEFERRED,-1,-1,-1,-1,-1,-1,-1,-1,-1,false
ecuador-early-expansion,seed-5,CONSV,19,,PD_MECH_DEFERRED,-1,-1,-1,-1,-1,-1,-1,-1,-1,false
ecuador-early-expansion,seed-5,VAP,19,,PD_MECH_DEFERRED,-1,-1,-1,-1,-1,-1,-1,-1,-1,false
ecuador-early-expansion,seed-5,MASS,20,MASS-F1,PD_MECH_CONSIDERED,1,-1,-1,-1,-1,-1,-1,-1,-1,false
ecuador-early-expansion,seed-5,MASS,20,MASS-F1,PD_MECH_PAYBACK_UNATTRACTIVE,-1,5429.25,180.9749999999999,180974.9999999999,2500000,13.814062715844736,0.7916666666666666,1,9.5,false
ecuador-early-expansion,seed-5,MASS,20,,PD_MECH_DEFERRED,-1,-1,-1,-1,-1,-1,-1,-1,-1,false
ecuador-early-expansion,seed-5,BAL,20,,PD_MECH_DEFERRED,-1,-1,-1,-1,-1,-1,-1,-1,-1,false
ecuador-early-expansion,seed-5,JPQ,20,,PD_MECH_DEFERRED,-1,-1,-1,-1,-1,-1,-1,-1,-1,false
ecuador-early-expansion,seed-5,CONSV,20,,PD_MECH_DEFERRED,-1,-1,-1,-1,-1,-1,-1,-1,-1,false
ecuador-early-expansion,seed-5,VAP,20,,PD_MECH_DEFERRED,-1,-1,-1,-1,-1,-1,-1,-1,-1,false
ecuador-early-expansion,seed-5,MASS,21,MASS-F1,PD_MECH_CONSIDERED,1,-1,-1,-1,-1,-1,-1,-1,-1,false
ecuador-early-expansion,seed-5,MASS,21,MASS-F1,PD_MECH_PAYBACK_UNATTRACTIVE,-1,5429.25,180.9749999999999,180974.9999999999,2500000,13.814062715844736,0.7916666666666666,1,9.5,false
ecuador-early-expansion,seed-5,MASS,21,,PD_MECH_DEFERRED,-1,-1,-1,-1,-1,-1,-1,-1,-1,false
ecuador-early-expansion,seed-5,BAL,21,,PD_MECH_DEFERRED,-1,-1,-1,-1,-1,-1,-1,-1,-1,false
ecuador-early-expansion,seed-5,JPQ,21,,PD_MECH_DEFERRED,-1,-1,-1,-1,-1,-1,-1,-1,-1,false
ecuador-early-expansion,seed-5,CONSV,21,,PD_MECH_DEFERRED,-1,-1,-1,-1,-1,-1,-1,-1,-1,false
ecuador-early-expansion,seed-5,VAP,21,,PD_MECH_DEFERRED,-1,-1,-1,-1,-1,-1,-1,-1,-1,false
ecuador-early-expansion,seed-5,MASS,22,MASS-F1,PD_MECH_CONSIDERED,1,-1,-1,-1,-1,-1,-1,-1,-1,false
ecuador-early-expansion,seed-5,MASS,22,MASS-F1,PD_MECH_PAYBACK_UNATTRACTIVE,-1,5429.25,180.9749999999999,180974.9999999999,2500000,13.814062715844736,0.7916666666666666,1,9.5,false
ecuador-early-expansion,seed-5,MASS,22,,PD_MECH_DEFERRED,-1,-1,-1,-1,-1,-1,-1,-1,-1,false
ecuador-early-expansion,seed-5,BAL,22,,PD_MECH_DEFERRED,-1,-1,-1,-1,-1,-1,-1,-1,-1,false
ecuador-early-expansion,seed-5,JPQ,22,,PD_MECH_DEFERRED,-1,-1,-1,-1,-1,-1,-1,-1,-1,false
ecuador-early-expansion,seed-5,CONSV,22,,PD_MECH_DEFERRED,-1,-1,-1,-1,-1,-1,-1,-1,-1,false
ecuador-early-expansion,seed-5,VAP,22,,PD_MECH_DEFERRED,-1,-1,-1,-1,-1,-1,-1,-1,-1,false
ecuador-early-expansion,seed-5,MASS,23,MASS-F1,PD_MECH_CONSIDERED,1,-1,-1,-1,-1,-1,-1,-1,-1,false
ecuador-early-expansion,seed-5,MASS,23,MASS-F1,PD_MECH_PAYBACK_UNATTRACTIVE,-1,5429.25,180.9749999999999,180974.9999999999,2500000,13.814062715844736,0.7916666666666666,1,9.5,false
ecuador-early-expansion,seed-5,MASS,23,,PD_MECH_DEFERRED,-1,-1,-1,-1,-1,-1,-1,-1,-1,false
ecuador-early-expansion,seed-5,BAL,23,,PD_MECH_DEFERRED,-1,-1,-1,-1,-1,-1,-1,-1,-1,false
ecuador-early-expansion,seed-5,JPQ,23,,PD_MECH_DEFERRED,-1,-1,-1,-1,-1,-1,-1,-1,-1,false
ecuador-early-expansion,seed-5,CONSV,23,,PD_MECH_DEFERRED,-1,-1,-1,-1,-1,-1,-1,-1,-1,false
ecuador-early-expansion,seed-5,VAP,23,,PD_MECH_DEFERRED,-1,-1,-1,-1,-1,-1,-1,-1,-1,false
ecuador-early-expansion,seed-5,MASS,24,MASS-F1,PD_MECH_CONSIDERED,1,-1,-1,-1,-1,-1,-1,-1,-1,false
ecuador-early-expansion,seed-5,MASS,24,MASS-F1,PD_MECH_PAYBACK_UNATTRACTIVE,-1,5728.5,190.95000000000005,190950.00000000006,2500000,13.092432573972241,0.7916666666666666,1,9.5,false
ecuador-early-expansion,seed-5,MASS,24,,PD_MECH_DEFERRED,-1,-1,-1,-1,-1,-1,-1,-1,-1,false
ecuador-early-expansion,seed-5,BAL,24,,PD_MECH_DEFERRED,-1,-1,-1,-1,-1,-1,-1,-1,-1,false
ecuador-early-expansion,seed-5,JPQ,24,,PD_MECH_DEFERRED,-1,-1,-1,-1,-1,-1,-1,-1,-1,false
ecuador-early-expansion,seed-5,CONSV,24,,PD_MECH_DEFERRED,-1,-1,-1,-1,-1,-1,-1,-1,-1,false
ecuador-early-expansion,seed-5,VAP,24,,PD_MECH_DEFERRED,-1,-1,-1,-1,-1,-1,-1,-1,-1,false
ecuador-early-expansion,seed-5,MASS,25,MASS-F1,PD_MECH_CONSIDERED,1,-1,-1,-1,-1,-1,-1,-1,-1,false
ecuador-early-expansion,seed-5,MASS,25,MASS-F1,PD_MECH_PAYBACK_UNATTRACTIVE,-1,5728.5,190.95000000000005,190950.00000000006,2500000,13.092432573972241,0.7916666666666666,1,9.5,false
ecuador-early-expansion,seed-5,MASS,25,,PD_MECH_DEFERRED,-1,-1,-1,-1,-1,-1,-1,-1,-1,false
ecuador-early-expansion,seed-5,BAL,25,,PD_MECH_DEFERRED,-1,-1,-1,-1,-1,-1,-1,-1,-1,false
ecuador-early-expansion,seed-5,JPQ,25,,PD_MECH_DEFERRED,-1,-1,-1,-1,-1,-1,-1,-1,-1,false
ecuador-early-expansion,seed-5,CONSV,25,,PD_MECH_DEFERRED,-1,-1,-1,-1,-1,-1,-1,-1,-1,false
ecuador-early-expansion,seed-5,VAP,25,,PD_MECH_DEFERRED,-1,-1,-1,-1,-1,-1,-1,-1,-1,false
ecuador-early-expansion,seed-5,MASS,26,MASS-F1,PD_MECH_CONSIDERED,1,-1,-1,-1,-1,-1,-1,-1,-1,false
ecuador-early-expansion,seed-5,MASS,26,MASS-F1,PD_MECH_PAYBACK_UNATTRACTIVE,-1,5728.5,190.95000000000005,190950.00000000006,2500000,13.092432573972241,0.7916666666666666,1,9.5,false
ecuador-early-expansion,seed-5,MASS,26,,PD_MECH_DEFERRED,-1,-1,-1,-1,-1,-1,-1,-1,-1,false
ecuador-early-expansion,seed-5,BAL,26,,PD_MECH_DEFERRED,-1,-1,-1,-1,-1,-1,-1,-1,-1,false
ecuador-early-expansion,seed-5,JPQ,26,,PD_MECH_DEFERRED,-1,-1,-1,-1,-1,-1,-1,-1,-1,false
ecuador-early-expansion,seed-5,CONSV,26,,PD_MECH_DEFERRED,-1,-1,-1,-1,-1,-1,-1,-1,-1,false
ecuador-early-expansion,seed-5,VAP,26,,PD_MECH_DEFERRED,-1,-1,-1,-1,-1,-1,-1,-1,-1,false
ecuador-early-expansion,seed-5,MASS,27,MASS-F1,PD_MECH_CONSIDERED,1,-1,-1,-1,-1,-1,-1,-1,-1,false
ecuador-early-expansion,seed-5,MASS,27,MASS-F1,PD_MECH_PAYBACK_UNATTRACTIVE,-1,5728.5,190.95000000000005,190950.00000000006,2500000,13.092432573972241,0.7916666666666666,1,9.5,false
ecuador-early-expansion,seed-5,MASS,27,MASS-NEWF-MASS-CAPEX-4,PD_MECH_CONSIDERED,0,-1,-1,-1,-1,-1,-1,-1,-1,false
ecuador-early-expansion,seed-5,MASS,27,MASS-NEWF-MASS-CAPEX-4,PD_MECH_LOW_UTILIZATION,0,-1,-1,-1,-1,-1,-1,-1,-1,false
ecuador-early-expansion,seed-5,MASS,27,,PD_MECH_DEFERRED,-1,-1,-1,-1,-1,-1,-1,-1,-1,false
ecuador-early-expansion,seed-5,BAL,27,,PD_MECH_DEFERRED,-1,-1,-1,-1,-1,-1,-1,-1,-1,false
ecuador-early-expansion,seed-5,JPQ,27,,PD_MECH_DEFERRED,-1,-1,-1,-1,-1,-1,-1,-1,-1,false
ecuador-early-expansion,seed-5,CONSV,27,,PD_MECH_DEFERRED,-1,-1,-1,-1,-1,-1,-1,-1,-1,false
ecuador-early-expansion,seed-5,VAP,27,,PD_MECH_DEFERRED,-1,-1,-1,-1,-1,-1,-1,-1,-1,false
ecuador-early-expansion,seed-5,MASS,28,MASS-F1,PD_MECH_CONSIDERED,1,-1,-1,-1,-1,-1,-1,-1,-1,false
ecuador-early-expansion,seed-5,MASS,28,MASS-F1,PD_MECH_PAYBACK_UNATTRACTIVE,-1,6027.75,200.92499999999995,200924.99999999994,2500000,12.44245365186015,0.7916666666666666,1,9.5,false
ecuador-early-expansion,seed-5,MASS,28,MASS-NEWF-MASS-CAPEX-4,PD_MECH_CONSIDERED,1,-1,-1,-1,-1,-1,-1,-1,-1,false
ecuador-early-expansion,seed-5,MASS,28,MASS-NEWF-MASS-CAPEX-4,PD_MECH_PAYBACK_UNATTRACTIVE,-1,5130,171,171000,2500000,14.619883040935672,0.7916666666666666,1,9.5,false
ecuador-early-expansion,seed-5,MASS,28,,PD_MECH_DEFERRED,-1,-1,-1,-1,-1,-1,-1,-1,-1,false
ecuador-early-expansion,seed-5,BAL,28,,PD_MECH_DEFERRED,-1,-1,-1,-1,-1,-1,-1,-1,-1,false
ecuador-early-expansion,seed-5,JPQ,28,,PD_MECH_DEFERRED,-1,-1,-1,-1,-1,-1,-1,-1,-1,false
ecuador-early-expansion,seed-5,CONSV,28,,PD_MECH_DEFERRED,-1,-1,-1,-1,-1,-1,-1,-1,-1,false
ecuador-early-expansion,seed-5,VAP,28,,PD_MECH_DEFERRED,-1,-1,-1,-1,-1,-1,-1,-1,-1,false
ecuador-early-expansion,seed-5,MASS,29,MASS-F1,PD_MECH_CONSIDERED,0.8699149765667124,-1,-1,-1,-1,-1,-1,-1,-1,false
ecuador-early-expansion,seed-5,MASS,29,MASS-F1,PD_MECH_PAYBACK_UNATTRACTIVE,-1,5243.63,174.78766666666672,174787.66666666672,2500000,14.303068675707474,0.7916666666666666,1,9.5,false
ecuador-early-expansion,seed-5,MASS,29,MASS-NEWF-MASS-CAPEX-4,PD_MECH_CONSIDERED,0,-1,-1,-1,-1,-1,-1,-1,-1,false
ecuador-early-expansion,seed-5,MASS,29,MASS-NEWF-MASS-CAPEX-4,PD_MECH_LOW_UTILIZATION,0,-1,-1,-1,-1,-1,-1,-1,-1,false
ecuador-early-expansion,seed-5,MASS,29,,PD_MECH_DEFERRED,-1,-1,-1,-1,-1,-1,-1,-1,-1,false
ecuador-early-expansion,seed-5,BAL,29,BAL-NEWF-BAL-CAPEX-6,PD_MECH_CONSIDERED,0,-1,-1,-1,-1,-1,-1,-1,-1,false
ecuador-early-expansion,seed-5,BAL,29,BAL-NEWF-BAL-CAPEX-6,PD_MECH_LOW_UTILIZATION,0,-1,-1,-1,-1,-1,-1,-1,-1,false
ecuador-early-expansion,seed-5,BAL,29,,PD_MECH_DEFERRED,-1,-1,-1,-1,-1,-1,-1,-1,-1,false
ecuador-early-expansion,seed-5,JPQ,29,,PD_MECH_DEFERRED,-1,-1,-1,-1,-1,-1,-1,-1,-1,false
ecuador-early-expansion,seed-5,CONSV,29,,PD_MECH_DEFERRED,-1,-1,-1,-1,-1,-1,-1,-1,-1,false
ecuador-early-expansion,seed-5,VAP,29,,PD_MECH_DEFERRED,-1,-1,-1,-1,-1,-1,-1,-1,-1,false
ecuador-early-expansion,seed-5,MASS,30,MASS-F1,PD_MECH_CONSIDERED,0.8033578034921819,-1,-1,-1,-1,-1,-1,-1,-1,false
ecuador-early-expansion,seed-5,MASS,30,MASS-F1,PD_MECH_PAYBACK_UNATTRACTIVE,-1,4842.44,161.41466666666668,161414.6666666667,2500000,15.488059738478947,0.7916666666666666,1,9.5,false
ecuador-early-expansion,seed-5,MASS,30,MASS-NEWF-MASS-CAPEX-4,PD_MECH_CONSIDERED,0.8033581871345029,-1,-1,-1,-1,-1,-1,-1,-1,false
ecuador-early-expansion,seed-5,MASS,30,MASS-NEWF-MASS-CAPEX-4,PD_MECH_PAYBACK_UNATTRACTIVE,-1,5494.97,183.16566666666677,183165.66666666677,2500000,13.648846126548454,0.7916666666666666,1,9.5,false
ecuador-early-expansion,seed-5,MASS,30,,PD_MECH_DEFERRED,-1,-1,-1,-1,-1,-1,-1,-1,-1,false
ecuador-early-expansion,seed-5,BAL,30,BAL-NEWF-BAL-CAPEX-6,PD_MECH_CONSIDERED,0.546078947368421,-1,-1,-1,-1,-1,-1,-1,-1,false
ecuador-early-expansion,seed-5,BAL,30,BAL-NEWF-BAL-CAPEX-6,PD_MECH_PAYBACK_UNATTRACTIVE,-1,2801.3849999999998,93.37949999999995,93379.49999999996,2500000,26.772471473931656,1,1,12,false
ecuador-early-expansion,seed-5,BAL,30,,PD_MECH_DEFERRED,-1,-1,-1,-1,-1,-1,-1,-1,-1,false
ecuador-early-expansion,seed-5,JPQ,30,,PD_MECH_DEFERRED,-1,-1,-1,-1,-1,-1,-1,-1,-1,false
ecuador-early-expansion,seed-5,CONSV,30,,PD_MECH_DEFERRED,-1,-1,-1,-1,-1,-1,-1,-1,-1,false
ecuador-early-expansion,seed-5,VAP,30,,PD_MECH_DEFERRED,-1,-1,-1,-1,-1,-1,-1,-1,-1,false
ecuador-early-expansion,seed-5,MASS,31,MASS-F1,PD_MECH_CONSIDERED,0.6898029944838455,-1,-1,-1,-1,-1,-1,-1,-1,false
ecuador-early-expansion,seed-5,MASS,31,MASS-F1,PD_MECH_PAYBACK_UNATTRACTIVE,-1,4157.96,138.59866666666665,138598.66666666666,2500000,18.037691560284372,0.7916666666666666,1,9.5,false
ecuador-early-expansion,seed-5,MASS,31,MASS-NEWF-MASS-CAPEX-4,PD_MECH_CONSIDERED,0.5904546783625731,-1,-1,-1,-1,-1,-1,-1,-1,false
ecuador-early-expansion,seed-5,MASS,31,MASS-NEWF-MASS-CAPEX-4,PD_MECH_PAYBACK_UNATTRACTIVE,-1,4038.7100000000005,134.62366666666662,134623.66666666663,2500000,18.570286056686424,0.7916666666666666,1,9.5,false
ecuador-early-expansion,seed-5,MASS,31,,PD_MECH_DEFERRED,-1,-1,-1,-1,-1,-1,-1,-1,-1,false
ecuador-early-expansion,seed-5,BAL,31,BAL-NEWF-BAL-CAPEX-6,PD_MECH_CONSIDERED,0.611953216374269,-1,-1,-1,-1,-1,-1,-1,-1,false
ecuador-early-expansion,seed-5,BAL,31,BAL-NEWF-BAL-CAPEX-6,PD_MECH_PAYBACK_UNATTRACTIVE,-1,4185.76,139.52533333333338,139525.33333333337,2500000,17.91789304690187,1,1,12,false
ecuador-early-expansion,seed-5,BAL,31,,PD_MECH_DEFERRED,-1,-1,-1,-1,-1,-1,-1,-1,-1,false
ecuador-early-expansion,seed-5,JPQ,31,,PD_MECH_DEFERRED,-1,-1,-1,-1,-1,-1,-1,-1,-1,false
ecuador-early-expansion,seed-5,CONSV,31,,PD_MECH_DEFERRED,-1,-1,-1,-1,-1,-1,-1,-1,-1,false
ecuador-early-expansion,seed-5,VAP,31,,PD_MECH_DEFERRED,-1,-1,-1,-1,-1,-1,-1,-1,-1,false
ecuador-early-expansion,seed-5,MASS,32,MASS-F1,PD_MECH_CONSIDERED,0.5459848202065447,-1,-1,-1,-1,-1,-1,-1,-1,false
ecuador-early-expansion,seed-5,MASS,32,MASS-F1,PD_MECH_PAYBACK_UNATTRACTIVE,-1,3291.06,109.702,109702,2500000,22.78901022770779,0.7916666666666666,1,9.5,false
ecuador-early-expansion,seed-5,MASS,32,MASS-NEWF-MASS-CAPEX-4,PD_MECH_CONSIDERED,0.4522836257309941,-1,-1,-1,-1,-1,-1,-1,-1,false
ecuador-early-expansion,seed-5,MASS,32,MASS-NEWF-MASS-CAPEX-4,PD_MECH_LOW_UTILIZATION,0.4522836257309941,-1,-1,-1,-1,-1,-1,-1,-1,false
ecuador-early-expansion,seed-5,MASS,32,,PD_MECH_DEFERRED,-1,-1,-1,-1,-1,-1,-1,-1,-1,false
ecuador-early-expansion,seed-5,BAL,32,BAL-NEWF-BAL-CAPEX-6,PD_MECH_CONSIDERED,0.6300263157894737,-1,-1,-1,-1,-1,-1,-1,-1,false
ecuador-early-expansion,seed-5,BAL,32,BAL-NEWF-BAL-CAPEX-6,PD_MECH_PAYBACK_UNATTRACTIVE,-1,4309.38,143.64599999999996,143645.99999999997,2500000,17.40389568801081,1,1,12,false
ecuador-early-expansion,seed-5,BAL,32,,PD_MECH_DEFERRED,-1,-1,-1,-1,-1,-1,-1,-1,-1,false
ecuador-early-expansion,seed-5,JPQ,32,,PD_MECH_DEFERRED,-1,-1,-1,-1,-1,-1,-1,-1,-1,false
ecuador-early-expansion,seed-5,CONSV,32,,PD_MECH_DEFERRED,-1,-1,-1,-1,-1,-1,-1,-1,-1,false
ecuador-early-expansion,seed-5,VAP,32,,PD_MECH_DEFERRED,-1,-1,-1,-1,-1,-1,-1,-1,-1,false
ecuador-delayed-expansion,seed-1,MASS,1,MASS-F1,PD_MECH_CONSIDERED,0,-1,-1,-1,-1,-1,-1,-1,-1,false
ecuador-delayed-expansion,seed-1,MASS,1,MASS-F1,PD_MECH_LOW_UTILIZATION,0,-1,-1,-1,-1,-1,-1,-1,-1,false
ecuador-delayed-expansion,seed-1,MASS,1,,PD_MECH_DEFERRED,-1,-1,-1,-1,-1,-1,-1,-1,-1,false
ecuador-delayed-expansion,seed-1,BAL,1,BAL-F1,PD_MECH_CONSIDERED,0,-1,-1,-1,-1,-1,-1,-1,-1,false
ecuador-delayed-expansion,seed-1,BAL,1,BAL-F1,PD_MECH_LOW_UTILIZATION,0,-1,-1,-1,-1,-1,-1,-1,-1,false
ecuador-delayed-expansion,seed-1,BAL,1,,PD_MECH_DEFERRED,-1,-1,-1,-1,-1,-1,-1,-1,-1,false
ecuador-delayed-expansion,seed-1,JPQ,1,JPQ-F1,PD_MECH_CONSIDERED,0,-1,-1,-1,-1,-1,-1,-1,-1,false
ecuador-delayed-expansion,seed-1,JPQ,1,JPQ-F1,PD_MECH_LOW_UTILIZATION,0,-1,-1,-1,-1,-1,-1,-1,-1,false
ecuador-delayed-expansion,seed-1,JPQ,1,,PD_MECH_DEFERRED,-1,-1,-1,-1,-1,-1,-1,-1,-1,false
ecuador-delayed-expansion,seed-1,CONSV,1,CONSV-F1,PD_MECH_CONSIDERED,0,-1,-1,-1,-1,-1,-1,-1,-1,false
ecuador-delayed-expansion,seed-1,CONSV,1,CONSV-F1,PD_MECH_LOW_UTILIZATION,0,-1,-1,-1,-1,-1,-1,-1,-1,false
ecuador-delayed-expansion,seed-1,CONSV,1,,PD_MECH_DEFERRED,-1,-1,-1,-1,-1,-1,-1,-1,-1,false
ecuador-delayed-expansion,seed-1,VAP,1,VAP-F1,PD_MECH_CONSIDERED,0,-1,-1,-1,-1,-1,-1,-1,-1,false
ecuador-delayed-expansion,seed-1,VAP,1,VAP-F1,PD_MECH_LOW_UTILIZATION,0,-1,-1,-1,-1,-1,-1,-1,-1,false
ecuador-delayed-expansion,seed-1,VAP,1,,PD_MECH_DEFERRED,-1,-1,-1,-1,-1,-1,-1,-1,-1,false
ecuador-delayed-expansion,seed-1,MASS,2,MASS-F1,PD_MECH_CONSIDERED,0.7883040935672515,-1,-1,-1,-1,-1,-1,-1,-1,false
ecuador-delayed-expansion,seed-1,MASS,2,MASS-F1,PD_MECH_PAYBACK_UNATTRACTIVE,-1,4044.0000000000005,134.79999999999995,134799.99999999994,2500000,18.545994065281906,0.7916666666666666,1,9.5,false
ecuador-delayed-expansion,seed-1,MASS,2,,PD_MECH_DEFERRED,-1,-1,-1,-1,-1,-1,-1,-1,-1,false
ecuador-delayed-expansion,seed-1,BAL,2,BAL-F1,PD_MECH_CONSIDERED,0.9271929824561403,-1,-1,-1,-1,-1,-1,-1,-1,false
ecuador-delayed-expansion,seed-1,BAL,2,BAL-F1,PD_MECH_PAYBACK_UNATTRACTIVE,-1,5549.25,184.9749999999999,184974.9999999999,2500000,13.515339910798764,1,1,12,false
ecuador-delayed-expansion,seed-1,BAL,2,,PD_MECH_DEFERRED,-1,-1,-1,-1,-1,-1,-1,-1,-1,false
ecuador-delayed-expansion,seed-1,JPQ,2,JPQ-F1,PD_MECH_CONSIDERED,1,-1,-1,-1,-1,-1,-1,-1,-1,false
ecuador-delayed-expansion,seed-1,JPQ,2,,PD_MECH_FINANCE_BLOCKED,-1,-1,-1,-1,2500000,-1,-1,-1,-1,false
ecuador-delayed-expansion,seed-1,CONSV,2,CONSV-F1,PD_MECH_CONSIDERED,1,-1,-1,-1,-1,-1,-1,-1,-1,false
ecuador-delayed-expansion,seed-1,CONSV,2,,PD_MECH_FINANCE_BLOCKED,-1,-1,-1,-1,2500000,-1,-1,-1,-1,false
ecuador-delayed-expansion,seed-1,VAP,2,VAP-F1,PD_MECH_CONSIDERED,1,-1,-1,-1,-1,-1,-1,-1,-1,false
ecuador-delayed-expansion,seed-1,VAP,2,,PD_MECH_FINANCE_BLOCKED,-1,-1,-1,-1,2500000,-1,-1,-1,-1,false
ecuador-delayed-expansion,seed-1,MASS,3,MASS-F1,PD_MECH_CONSIDERED,0.6432066276803119,-1,-1,-1,-1,-1,-1,-1,-1,false
ecuador-delayed-expansion,seed-1,MASS,3,MASS-F1,PD_MECH_PAYBACK_UNATTRACTIVE,-1,3299.65,109.98833333333334,109988.33333333334,2500000,22.729683451275132,0.7916666666666666,1,9.5,false
ecuador-delayed-expansion,seed-1,MASS,3,,PD_MECH_DEFERRED,-1,-1,-1,-1,-1,-1,-1,-1,-1,false
ecuador-delayed-expansion,seed-1,BAL,3,BAL-F1,PD_MECH_CONSIDERED,1,-1,-1,-1,-1,-1,-1,-1,-1,false
ecuador-delayed-expansion,seed-1,BAL,3,BAL-F1,PD_MECH_PAYBACK_UNATTRACTIVE,-1,5985,199.5,199500,2500000,12.531328320802006,1,1,12,false
ecuador-delayed-expansion,seed-1,BAL,3,,PD_MECH_DEFERRED,-1,-1,-1,-1,-1,-1,-1,-1,-1,false
ecuador-delayed-expansion,seed-1,JPQ,3,JPQ-F1,PD_MECH_CONSIDERED,0.8874108187134503,-1,-1,-1,-1,-1,-1,-1,-1,false
ecuador-delayed-expansion,seed-1,JPQ,3,JPQ-F1,PD_MECH_PROPOSED,-1,6069.89,202.32966666666664,202329.66666666663,2500000,12.356072350569782,1.1176470588235294,1,13.411764705882353,true
ecuador-delayed-expansion,seed-1,CONSV,3,CONSV-F1,PD_MECH_CONSIDERED,0.8540601503759399,-1,-1,-1,-1,-1,-1,-1,-1,false
ecuador-delayed-expansion,seed-1,CONSV,3,CONSV-F1,PD_MECH_PAYBACK_UNATTRACTIVE,-1,5111.55,170.385,170385,2500000,14.672653109135194,1.2105263157894737,1.05,13.834586466165414,false
ecuador-delayed-expansion,seed-1,CONSV,3,,PD_MECH_DEFERRED,-1,-1,-1,-1,-1,-1,-1,-1,-1,false
ecuador-delayed-expansion,seed-1,VAP,3,VAP-F1,PD_MECH_CONSIDERED,0.9596881091617934,-1,-1,-1,-1,-1,-1,-1,-1,false
ecuador-delayed-expansion,seed-1,VAP,3,,PD_MECH_FINANCE_BLOCKED,-1,-1,-1,-1,2500000,-1,-1,-1,-1,false
ecuador-delayed-expansion,seed-1,MASS,4,MASS-F1,PD_MECH_CONSIDERED,1,-1,-1,-1,-1,-1,-1,-1,-1,false
ecuador-delayed-expansion,seed-1,MASS,4,MASS-F1,PD_MECH_PAYBACK_UNATTRACTIVE,-1,5130,171,171000,2500000,14.619883040935672,0.7916666666666666,1,9.5,false
ecuador-delayed-expansion,seed-1,MASS,4,,PD_MECH_DEFERRED,-1,-1,-1,-1,-1,-1,-1,-1,-1,false
ecuador-delayed-expansion,seed-1,BAL,4,BAL-F1,PD_MECH_CONSIDERED,1,-1,-1,-1,-1,-1,-1,-1,-1,false
ecuador-delayed-expansion,seed-1,BAL,4,BAL-F1,PD_MECH_PAYBACK_UNATTRACTIVE,-1,5985,199.5,199500,2500000,12.531328320802006,1,1,12,false
ecuador-delayed-expansion,seed-1,BAL,4,,PD_MECH_DEFERRED,-1,-1,-1,-1,-1,-1,-1,-1,-1,false
ecuador-delayed-expansion,seed-1,JPQ,4,,PD_MECH_DEFERRED,-1,-1,-1,-1,-1,-1,-1,-1,-1,false
ecuador-delayed-expansion,seed-1,CONSV,4,CONSV-F1,PD_MECH_CONSIDERED,0.9301487050960735,-1,-1,-1,-1,-1,-1,-1,-1,false
ecuador-delayed-expansion,seed-1,CONSV,4,CONSV-F1,PD_MECH_PROPOSED,-1,5566.94,185.56466666666665,185564.66666666666,2500000,13.472392373548125,1.2105263157894737,1.05,13.834586466165414,true
ecuador-delayed-expansion,seed-1,VAP,4,VAP-F1,PD_MECH_CONSIDERED,0.9024093567251461,-1,-1,-1,-1,-1,-1,-1,-1,false
ecuador-delayed-expansion,seed-1,VAP,4,,PD_MECH_FINANCE_BLOCKED,-1,-1,-1,-1,2500000,-1,-1,-1,-1,false
ecuador-delayed-expansion,seed-1,MASS,5,MASS-F1,PD_MECH_CONSIDERED,0.5143430799220273,-1,-1,-1,-1,-1,-1,-1,-1,false
ecuador-delayed-expansion,seed-1,MASS,5,MASS-F1,PD_MECH_PAYBACK_UNATTRACTIVE,-1,2638.5800000000004,87.95266666666674,87952.66666666674,2500000,28.424379780033174,0.7916666666666666,1,9.5,false
ecuador-delayed-expansion,seed-1,MASS,5,,PD_MECH_DEFERRED,-1,-1,-1,-1,-1,-1,-1,-1,-1,false
ecuador-delayed-expansion,seed-1,BAL,5,BAL-F1,PD_MECH_CONSIDERED,1,-1,-1,-1,-1,-1,-1,-1,-1,false
ecuador-delayed-expansion,seed-1,BAL,5,BAL-F1,PD_MECH_PAYBACK_UNATTRACTIVE,-1,5985,199.5,199500,2500000,12.531328320802006,1,1,12,false
ecuador-delayed-expansion,seed-1,BAL,5,,PD_MECH_DEFERRED,-1,-1,-1,-1,-1,-1,-1,-1,-1,false
ecuador-delayed-expansion,seed-1,JPQ,5,,PD_MECH_DEFERRED,-1,-1,-1,-1,-1,-1,-1,-1,-1,false
ecuador-delayed-expansion,seed-1,CONSV,5,CONSV-F1,PD_MECH_CONSIDERED,1,-1,-1,-1,-1,-1,-1,-1,-1,false
ecuador-delayed-expansion,seed-1,CONSV,5,CONSV-F1,PD_MECH_PROPOSED,-1,5985,199.5,199500,2500000,12.531328320802006,1.2105263157894737,1.05,13.834586466165414,true
ecuador-delayed-expansion,seed-1,VAP,5,VAP-F1,PD_MECH_CONSIDERED,1,-1,-1,-1,-1,-1,-1,-1,-1,false
ecuador-delayed-expansion,seed-1,VAP,5,,PD_MECH_FINANCE_BLOCKED,-1,-1,-1,-1,2500000,-1,-1,-1,-1,false
ecuador-delayed-expansion,seed-1,MASS,6,MASS-F1,PD_MECH_CONSIDERED,0.9716569200779728,-1,-1,-1,-1,-1,-1,-1,-1,false
ecuador-delayed-expansion,seed-1,MASS,6,MASS-F1,PD_MECH_PAYBACK_UNATTRACTIVE,-1,4984.6,166.1533333333333,166153.3333333333,2500000,15.046342735625728,0.7916666666666666,1,9.5,false
ecuador-delayed-expansion,seed-1,MASS,6,,PD_MECH_DEFERRED,-1,-1,-1,-1,-1,-1,-1,-1,-1,false
ecuador-delayed-expansion,seed-1,BAL,6,BAL-F1,PD_MECH_CONSIDERED,1,-1,-1,-1,-1,-1,-1,-1,-1,false
ecuador-delayed-expansion,seed-1,BAL,6,,PD_MECH_FINANCE_BLOCKED,-1,-1,-1,-1,2500000,-1,-1,-1,-1,false
ecuador-delayed-expansion,seed-1,JPQ,6,,PD_MECH_DEFERRED,-1,-1,-1,-1,-1,-1,-1,-1,-1,false
ecuador-delayed-expansion,seed-1,CONSV,6,,PD_MECH_DEFERRED,-1,-1,-1,-1,-1,-1,-1,-1,-1,false
ecuador-delayed-expansion,seed-1,VAP,6,VAP-F1,PD_MECH_CONSIDERED,1,-1,-1,-1,-1,-1,-1,-1,-1,false
ecuador-delayed-expansion,seed-1,VAP,6,,PD_MECH_FINANCE_BLOCKED,-1,-1,-1,-1,2500000,-1,-1,-1,-1,false
ecuador-delayed-expansion,seed-1,MASS,7,MASS-F1,PD_MECH_CONSIDERED,0.4921598440545809,-1,-1,-1,-1,-1,-1,-1,-1,false
ecuador-delayed-expansion,seed-1,MASS,7,MASS-F1,PD_MECH_LOW_UTILIZATION,0.4921598440545809,-1,-1,-1,-1,-1,-1,-1,-1,false
ecuador-delayed-expansion,seed-1,MASS,7,,PD_MECH_DEFERRED,-1,-1,-1,-1,-1,-1,-1,-1,-1,false
ecuador-delayed-expansion,seed-1,BAL,7,BAL-F1,PD_MECH_CONSIDERED,0.892579066714405,-1,-1,-1,-1,-1,-1,-1,-1,false
ecuador-delayed-expansion,seed-1,BAL,7,BAL-F1,PD_MECH_PAYBACK_UNATTRACTIVE,-1,5609.19,186.97300000000007,186973.00000000006,2500000,13.370914517069306,1,1,12,false
ecuador-delayed-expansion,seed-1,BAL,7,,PD_MECH_DEFERRED,-1,-1,-1,-1,-1,-1,-1,-1,-1,false
ecuador-delayed-expansion,seed-1,JPQ,7,,PD_MECH_DEFERRED,-1,-1,-1,-1,-1,-1,-1,-1,-1,false
ecuador-delayed-expansion,seed-1,CONSV,7,,PD_MECH_DEFERRED,-1,-1,-1,-1,-1,-1,-1,-1,-1,false
ecuador-delayed-expansion,seed-1,VAP,7,VAP-F1,PD_MECH_CONSIDERED,1,-1,-1,-1,-1,-1,-1,-1,-1,false
ecuador-delayed-expansion,seed-1,VAP,7,,PD_MECH_FINANCE_BLOCKED,-1,-1,-1,-1,2500000,-1,-1,-1,-1,false
ecuador-delayed-expansion,seed-1,MASS,8,MASS-F1,PD_MECH_CONSIDERED,0.8278343079922027,-1,-1,-1,-1,-1,-1,-1,-1,false
ecuador-delayed-expansion,seed-1,MASS,8,MASS-F1,PD_MECH_PAYBACK_UNATTRACTIVE,-1,4246.79,141.55966666666666,141559.66666666666,2500000,17.66039761796557,0.7916666666666666,1,9.5,false
ecuador-delayed-expansion,seed-1,MASS,8,,PD_MECH_DEFERRED,-1,-1,-1,-1,-1,-1,-1,-1,-1,false
ecuador-delayed-expansion,seed-1,BAL,8,BAL-F1,PD_MECH_CONSIDERED,0.9455113975414727,-1,-1,-1,-1,-1,-1,-1,-1,false
ecuador-delayed-expansion,seed-1,BAL,8,BAL-F1,PD_MECH_PAYBACK_UNATTRACTIVE,-1,5941.83,198.06100000000004,198061.00000000003,2500000,12.62237391510696,1,1,12,false
ecuador-delayed-expansion,seed-1,BAL,8,,PD_MECH_DEFERRED,-1,-1,-1,-1,-1,-1,-1,-1,-1,false
ecuador-delayed-expansion,seed-1,JPQ,8,,PD_MECH_DEFERRED,-1,-1,-1,-1,-1,-1,-1,-1,-1,false
ecuador-delayed-expansion,seed-1,CONSV,8,,PD_MECH_DEFERRED,-1,-1,-1,-1,-1,-1,-1,-1,-1,false
ecuador-delayed-expansion,seed-1,VAP,8,VAP-F1,PD_MECH_CONSIDERED,1,-1,-1,-1,-1,-1,-1,-1,-1,false
ecuador-delayed-expansion,seed-1,VAP,8,VAP-F1,PD_MECH_PROPOSED,-1,5130,171,171000,2500000,14.619883040935672,1.411764705882353,1,16.941176470588236,true
ecuador-delayed-expansion,seed-1,MASS,9,MASS-F1,PD_MECH_CONSIDERED,0.5821208576998051,-1,-1,-1,-1,-1,-1,-1,-1,false
ecuador-delayed-expansion,seed-1,MASS,9,MASS-F1,PD_MECH_PAYBACK_UNATTRACTIVE,-1,2986.28,99.54266666666672,99542.66666666672,2500000,25.114858620089194,0.7916666666666666,1,9.5,false
ecuador-delayed-expansion,seed-1,MASS,9,,PD_MECH_DEFERRED,-1,-1,-1,-1,-1,-1,-1,-1,-1,false
ecuador-delayed-expansion,seed-1,BAL,9,BAL-F1,PD_MECH_CONSIDERED,0.9939817798464415,-1,-1,-1,-1,-1,-1,-1,-1,false
ecuador-delayed-expansion,seed-1,BAL,9,BAL-F1,PD_MECH_PAYBACK_UNATTRACTIVE,-1,6246.43,208.21433333333334,208214.33333333334,2500000,12.00685831747094,1,1,12,false
ecuador-delayed-expansion,seed-1,BAL,9,,PD_MECH_DEFERRED,-1,-1,-1,-1,-1,-1,-1,-1,-1,false
ecuador-delayed-expansion,seed-1,JPQ,9,,PD_MECH_DEFERRED,-1,-1,-1,-1,-1,-1,-1,-1,-1,false
ecuador-delayed-expansion,seed-1,CONSV,9,,PD_MECH_DEFERRED,-1,-1,-1,-1,-1,-1,-1,-1,-1,false
ecuador-delayed-expansion,seed-1,VAP,9,VAP-F1,PD_MECH_CONSIDERED,1,-1,-1,-1,-1,-1,-1,-1,-1,false
ecuador-delayed-expansion,seed-1,VAP,9,VAP-F1,PD_MECH_PROPOSED,-1,5130,171,171000,2500000,14.619883040935672,1.411764705882353,1,16.941176470588236,true
ecuador-delayed-expansion,seed-1,MASS,10,MASS-F1,PD_MECH_CONSIDERED,0.8650955165692007,-1,-1,-1,-1,-1,-1,-1,-1,false
ecuador-delayed-expansion,seed-1,MASS,10,MASS-F1,PD_MECH_PAYBACK_UNATTRACTIVE,-1,4437.94,147.93133333333333,147931.3333333333,2500000,16.899732758892643,0.7916666666666666,1,9.5,false
ecuador-delayed-expansion,seed-1,MASS,10,,PD_MECH_DEFERRED,-1,-1,-1,-1,-1,-1,-1,-1,-1,false
ecuador-delayed-expansion,seed-1,BAL,10,BAL-F1,PD_MECH_CONSIDERED,0.9866332497911445,-1,-1,-1,-1,-1,-1,-1,-1,false
ecuador-delayed-expansion,seed-1,BAL,10,BAL-F1,PD_MECH_PAYBACK_UNATTRACTIVE,-1,6200.25,206.67499999999995,206674.99999999994,2500000,12.096286440062904,1,1,12,false
ecuador-delayed-expansion,seed-1,BAL,10,,PD_MECH_DEFERRED,-1,-1,-1,-1,-1,-1,-1,-1,-1,false
ecuador-delayed-expansion,seed-1,JPQ,10,,PD_MECH_DEFERRED,-1,-1,-1,-1,-1,-1,-1,-1,-1,false
ecuador-delayed-expansion,seed-1,CONSV,10,,PD_MECH_DEFERRED,-1,-1,-1,-1,-1,-1,-1,-1,-1,false
ecuador-delayed-expansion,seed-1,VAP,10,,PD_MECH_DEFERRED,-1,-1,-1,-1,-1,-1,-1,-1,-1,false
ecuador-delayed-expansion,seed-1,MASS,11,MASS-F1,PD_MECH_CONSIDERED,0.6331208576998051,-1,-1,-1,-1,-1,-1,-1,-1,false
ecuador-delayed-expansion,seed-1,MASS,11,MASS-F1,PD_MECH_PAYBACK_UNATTRACTIVE,-1,3247.91,108.26366666666672,108263.66666666672,2500000,23.0917728631643,0.7916666666666666,1,9.5,false
ecuador-delayed-expansion,seed-1,MASS,11,,PD_MECH_DEFERRED,-1,-1,-1,-1,-1,-1,-1,-1,-1,false
ecuador-delayed-expansion,seed-1,BAL,11,BAL-F1,PD_MECH_CONSIDERED,0.976600230735569,-1,-1,-1,-1,-1,-1,-1,-1,false
ecuador-delayed-expansion,seed-1,BAL,11,BAL-F1,PD_MECH_PAYBACK_UNATTRACTIVE,-1,6137.2,204.57333333333338,204573.33333333337,2500000,12.220556605618196,1,1,12,false
ecuador-delayed-expansion,seed-1,BAL,11,,PD_MECH_DEFERRED,-1,-1,-1,-1,-1,-1,-1,-1,-1,false
ecuador-delayed-expansion,seed-1,JPQ,11,,PD_MECH_DEFERRED,-1,-1,-1,-1,-1,-1,-1,-1,-1,false
ecuador-delayed-expansion,seed-1,CONSV,11,,PD_MECH_DEFERRED,-1,-1,-1,-1,-1,-1,-1,-1,-1,false
ecuador-delayed-expansion,seed-1,VAP,11,,PD_MECH_DEFERRED,-1,-1,-1,-1,-1,-1,-1,-1,-1,false
ecuador-delayed-expansion,seed-1,MASS,12,MASS-F1,PD_MECH_CONSIDERED,0.9598557504873295,-1,-1,-1,-1,-1,-1,-1,-1,false
ecuador-delayed-expansion,seed-1,MASS,12,MASS-F1,PD_MECH_PAYBACK_UNATTRACTIVE,-1,4924.06,164.1353333333334,164135.3333333334,2500000,15.231333493093091,0.7916666666666666,1,9.5,false
ecuador-delayed-expansion,seed-1,MASS,12,,PD_MECH_DEFERRED,-1,-1,-1,-1,-1,-1,-1,-1,-1,false
ecuador-delayed-expansion,seed-1,BAL,12,BAL-F1,PD_MECH_CONSIDERED,0.9958260731193063,-1,-1,-1,-1,-1,-1,-1,-1,false
ecuador-delayed-expansion,seed-1,BAL,12,BAL-F1,PD_MECH_PROPOSED,-1,6556.020952380953,218.5340317460316,218534.0317460316,2500000,11.439865818726872,1,1,12,true
ecuador-delayed-expansion,seed-1,JPQ,12,,PD_MECH_DEFERRED,-1,-1,-1,-1,-1,-1,-1,-1,-1,false
ecuador-delayed-expansion,seed-1,CONSV,12,,PD_MECH_DEFERRED,-1,-1,-1,-1,-1,-1,-1,-1,-1,false
ecuador-delayed-expansion,seed-1,VAP,12,,PD_MECH_DEFERRED,-1,-1,-1,-1,-1,-1,-1,-1,-1,false
ecuador-delayed-expansion,seed-1,MASS,13,MASS-F1,PD_MECH_CONSIDERED,0.8159454191033139,-1,-1,-1,-1,-1,-1,-1,-1,false
ecuador-delayed-expansion,seed-1,MASS,13,MASS-F1,PD_MECH_PAYBACK_UNATTRACTIVE,-1,4185.8,139.52666666666676,139526.66666666674,2500000,17.91772182139614,0.7916666666666666,1,9.5,false
ecuador-delayed-expansion,seed-1,MASS,13,,PD_MECH_DEFERRED,-1,-1,-1,-1,-1,-1,-1,-1,-1,false
ecuador-delayed-expansion,seed-1,BAL,13,,PD_MECH_DEFERRED,-1,-1,-1,-1,-1,-1,-1,-1,-1,false
ecuador-delayed-expansion,seed-1,JPQ,13,,PD_MECH_DEFERRED,-1,-1,-1,-1,-1,-1,-1,-1,-1,false
ecuador-delayed-expansion,seed-1,CONSV,13,,PD_MECH_DEFERRED,-1,-1,-1,-1,-1,-1,-1,-1,-1,false
ecuador-delayed-expansion,seed-1,VAP,13,,PD_MECH_DEFERRED,-1,-1,-1,-1,-1,-1,-1,-1,-1,false
ecuador-delayed-expansion,seed-1,MASS,14,MASS-F1,PD_MECH_CONSIDERED,1,-1,-1,-1,-1,-1,-1,-1,-1,false
ecuador-delayed-expansion,seed-1,MASS,14,MASS-F1,PD_MECH_PAYBACK_UNATTRACTIVE,-1,5130,171,171000,2500000,14.619883040935672,0.7916666666666666,1,9.5,false
ecuador-delayed-expansion,seed-1,MASS,14,,PD_MECH_DEFERRED,-1,-1,-1,-1,-1,-1,-1,-1,-1,false
ecuador-delayed-expansion,seed-1,BAL,14,,PD_MECH_DEFERRED,-1,-1,-1,-1,-1,-1,-1,-1,-1,false
ecuador-delayed-expansion,seed-1,JPQ,14,,PD_MECH_DEFERRED,-1,-1,-1,-1,-1,-1,-1,-1,-1,false
ecuador-delayed-expansion,seed-1,CONSV,14,,PD_MECH_DEFERRED,-1,-1,-1,-1,-1,-1,-1,-1,-1,false
ecuador-delayed-expansion,seed-1,VAP,14,,PD_MECH_DEFERRED,-1,-1,-1,-1,-1,-1,-1,-1,-1,false
ecuador-delayed-expansion,seed-1,MASS,15,MASS-F1,PD_MECH_CONSIDERED,1,-1,-1,-1,-1,-1,-1,-1,-1,false
ecuador-delayed-expansion,seed-1,MASS,15,MASS-F1,PD_MECH_PAYBACK_UNATTRACTIVE,-1,5130,171,171000,2500000,14.619883040935672,0.7916666666666666,1,9.5,false
ecuador-delayed-expansion,seed-1,MASS,15,,PD_MECH_DEFERRED,-1,-1,-1,-1,-1,-1,-1,-1,-1,false
ecuador-delayed-expansion,seed-1,BAL,15,,PD_MECH_DEFERRED,-1,-1,-1,-1,-1,-1,-1,-1,-1,false
ecuador-delayed-expansion,seed-1,JPQ,15,,PD_MECH_DEFERRED,-1,-1,-1,-1,-1,-1,-1,-1,-1,false
ecuador-delayed-expansion,seed-1,CONSV,15,,PD_MECH_DEFERRED,-1,-1,-1,-1,-1,-1,-1,-1,-1,false
ecuador-delayed-expansion,seed-1,VAP,15,,PD_MECH_DEFERRED,-1,-1,-1,-1,-1,-1,-1,-1,-1,false
ecuador-delayed-expansion,seed-1,MASS,16,MASS-F1,PD_MECH_CONSIDERED,1,-1,-1,-1,-1,-1,-1,-1,-1,false
ecuador-delayed-expansion,seed-1,MASS,16,MASS-F1,PD_MECH_PAYBACK_UNATTRACTIVE,-1,5130,171,171000,2500000,14.619883040935672,0.7916666666666666,1,9.5,false
ecuador-delayed-expansion,seed-1,MASS,16,,PD_MECH_DEFERRED,-1,-1,-1,-1,-1,-1,-1,-1,-1,false
ecuador-delayed-expansion,seed-1,BAL,16,,PD_MECH_DEFERRED,-1,-1,-1,-1,-1,-1,-1,-1,-1,false
ecuador-delayed-expansion,seed-1,JPQ,16,,PD_MECH_DEFERRED,-1,-1,-1,-1,-1,-1,-1,-1,-1,false
ecuador-delayed-expansion,seed-1,CONSV,16,,PD_MECH_DEFERRED,-1,-1,-1,-1,-1,-1,-1,-1,-1,false
ecuador-delayed-expansion,seed-1,VAP,16,,PD_MECH_DEFERRED,-1,-1,-1,-1,-1,-1,-1,-1,-1,false
ecuador-delayed-expansion,seed-1,MASS,17,MASS-F1,PD_MECH_CONSIDERED,1,-1,-1,-1,-1,-1,-1,-1,-1,false
ecuador-delayed-expansion,seed-1,MASS,17,MASS-F1,PD_MECH_PAYBACK_UNATTRACTIVE,-1,5130,171,171000,2500000,14.619883040935672,0.7916666666666666,1,9.5,false
ecuador-delayed-expansion,seed-1,MASS,17,,PD_MECH_DEFERRED,-1,-1,-1,-1,-1,-1,-1,-1,-1,false
ecuador-delayed-expansion,seed-1,BAL,17,,PD_MECH_DEFERRED,-1,-1,-1,-1,-1,-1,-1,-1,-1,false
ecuador-delayed-expansion,seed-1,JPQ,17,,PD_MECH_DEFERRED,-1,-1,-1,-1,-1,-1,-1,-1,-1,false
ecuador-delayed-expansion,seed-1,CONSV,17,,PD_MECH_DEFERRED,-1,-1,-1,-1,-1,-1,-1,-1,-1,false
ecuador-delayed-expansion,seed-1,VAP,17,,PD_MECH_DEFERRED,-1,-1,-1,-1,-1,-1,-1,-1,-1,false
ecuador-delayed-expansion,seed-1,MASS,18,MASS-F1,PD_MECH_CONSIDERED,0.9674054580896686,-1,-1,-1,-1,-1,-1,-1,-1,false
ecuador-delayed-expansion,seed-1,MASS,18,MASS-F1,PD_MECH_PAYBACK_UNATTRACTIVE,-1,4962.79,165.42633333333333,165426.33333333334,2500000,15.112466979259649,0.7916666666666666,1,9.5,false
ecuador-delayed-expansion,seed-1,MASS,18,,PD_MECH_DEFERRED,-1,-1,-1,-1,-1,-1,-1,-1,-1,false
ecuador-delayed-expansion,seed-1,BAL,18,,PD_MECH_DEFERRED,-1,-1,-1,-1,-1,-1,-1,-1,-1,false
ecuador-delayed-expansion,seed-1,JPQ,18,,PD_MECH_DEFERRED,-1,-1,-1,-1,-1,-1,-1,-1,-1,false
ecuador-delayed-expansion,seed-1,CONSV,18,,PD_MECH_DEFERRED,-1,-1,-1,-1,-1,-1,-1,-1,-1,false
ecuador-delayed-expansion,seed-1,VAP,18,,PD_MECH_DEFERRED,-1,-1,-1,-1,-1,-1,-1,-1,-1,false
ecuador-delayed-expansion,seed-1,MASS,19,MASS-F1,PD_MECH_CONSIDERED,0.9058187134502925,-1,-1,-1,-1,-1,-1,-1,-1,false
ecuador-delayed-expansion,seed-1,MASS,19,MASS-F1,PD_MECH_PAYBACK_UNATTRACTIVE,-1,4646.85,154.8950000000001,154895.0000000001,2500000,16.13996578327253,0.7916666666666666,1,9.5,false
ecuador-delayed-expansion,seed-1,MASS,19,,PD_MECH_DEFERRED,-1,-1,-1,-1,-1,-1,-1,-1,-1,false
ecuador-delayed-expansion,seed-1,BAL,19,,PD_MECH_DEFERRED,-1,-1,-1,-1,-1,-1,-1,-1,-1,false
ecuador-delayed-expansion,seed-1,JPQ,19,,PD_MECH_DEFERRED,-1,-1,-1,-1,-1,-1,-1,-1,-1,false
ecuador-delayed-expansion,seed-1,CONSV,19,,PD_MECH_DEFERRED,-1,-1,-1,-1,-1,-1,-1,-1,-1,false
ecuador-delayed-expansion,seed-1,VAP,19,,PD_MECH_DEFERRED,-1,-1,-1,-1,-1,-1,-1,-1,-1,false
ecuador-delayed-expansion,seed-1,MASS,20,MASS-F1,PD_MECH_CONSIDERED,1,-1,-1,-1,-1,-1,-1,-1,-1,false
ecuador-delayed-expansion,seed-1,MASS,20,MASS-F1,PD_MECH_PAYBACK_UNATTRACTIVE,-1,5130,171,171000,2500000,14.619883040935672,0.7916666666666666,1,9.5,false
ecuador-delayed-expansion,seed-1,MASS,20,,PD_MECH_DEFERRED,-1,-1,-1,-1,-1,-1,-1,-1,-1,false
ecuador-delayed-expansion,seed-1,BAL,20,,PD_MECH_DEFERRED,-1,-1,-1,-1,-1,-1,-1,-1,-1,false
ecuador-delayed-expansion,seed-1,JPQ,20,,PD_MECH_DEFERRED,-1,-1,-1,-1,-1,-1,-1,-1,-1,false
ecuador-delayed-expansion,seed-1,CONSV,20,,PD_MECH_DEFERRED,-1,-1,-1,-1,-1,-1,-1,-1,-1,false
ecuador-delayed-expansion,seed-1,VAP,20,,PD_MECH_DEFERRED,-1,-1,-1,-1,-1,-1,-1,-1,-1,false
ecuador-delayed-expansion,seed-1,MASS,21,MASS-F1,PD_MECH_CONSIDERED,1,-1,-1,-1,-1,-1,-1,-1,-1,false
ecuador-delayed-expansion,seed-1,MASS,21,MASS-F1,PD_MECH_PAYBACK_UNATTRACTIVE,-1,5130,171,171000,2500000,14.619883040935672,0.7916666666666666,1,9.5,false
ecuador-delayed-expansion,seed-1,MASS,21,,PD_MECH_DEFERRED,-1,-1,-1,-1,-1,-1,-1,-1,-1,false
ecuador-delayed-expansion,seed-1,BAL,21,,PD_MECH_DEFERRED,-1,-1,-1,-1,-1,-1,-1,-1,-1,false
ecuador-delayed-expansion,seed-1,JPQ,21,,PD_MECH_DEFERRED,-1,-1,-1,-1,-1,-1,-1,-1,-1,false
ecuador-delayed-expansion,seed-1,CONSV,21,,PD_MECH_DEFERRED,-1,-1,-1,-1,-1,-1,-1,-1,-1,false
ecuador-delayed-expansion,seed-1,VAP,21,,PD_MECH_DEFERRED,-1,-1,-1,-1,-1,-1,-1,-1,-1,false
ecuador-delayed-expansion,seed-1,MASS,22,MASS-F1,PD_MECH_CONSIDERED,1,-1,-1,-1,-1,-1,-1,-1,-1,false
ecuador-delayed-expansion,seed-1,MASS,22,MASS-F1,PD_MECH_PAYBACK_UNATTRACTIVE,-1,5130,171,171000,2500000,14.619883040935672,0.7916666666666666,1,9.5,false
ecuador-delayed-expansion,seed-1,MASS,22,,PD_MECH_DEFERRED,-1,-1,-1,-1,-1,-1,-1,-1,-1,false
ecuador-delayed-expansion,seed-1,BAL,22,,PD_MECH_DEFERRED,-1,-1,-1,-1,-1,-1,-1,-1,-1,false
ecuador-delayed-expansion,seed-1,JPQ,22,,PD_MECH_DEFERRED,-1,-1,-1,-1,-1,-1,-1,-1,-1,false
ecuador-delayed-expansion,seed-1,CONSV,22,,PD_MECH_DEFERRED,-1,-1,-1,-1,-1,-1,-1,-1,-1,false
ecuador-delayed-expansion,seed-1,VAP,22,,PD_MECH_DEFERRED,-1,-1,-1,-1,-1,-1,-1,-1,-1,false
ecuador-delayed-expansion,seed-1,MASS,23,MASS-F1,PD_MECH_CONSIDERED,1,-1,-1,-1,-1,-1,-1,-1,-1,false
ecuador-delayed-expansion,seed-1,MASS,23,MASS-F1,PD_MECH_PAYBACK_UNATTRACTIVE,-1,5130,171,171000,2500000,14.619883040935672,0.7916666666666666,1,9.5,false
ecuador-delayed-expansion,seed-1,MASS,23,,PD_MECH_DEFERRED,-1,-1,-1,-1,-1,-1,-1,-1,-1,false
ecuador-delayed-expansion,seed-1,BAL,23,,PD_MECH_DEFERRED,-1,-1,-1,-1,-1,-1,-1,-1,-1,false
ecuador-delayed-expansion,seed-1,JPQ,23,,PD_MECH_DEFERRED,-1,-1,-1,-1,-1,-1,-1,-1,-1,false
ecuador-delayed-expansion,seed-1,CONSV,23,,PD_MECH_DEFERRED,-1,-1,-1,-1,-1,-1,-1,-1,-1,false
ecuador-delayed-expansion,seed-1,VAP,23,,PD_MECH_DEFERRED,-1,-1,-1,-1,-1,-1,-1,-1,-1,false
ecuador-delayed-expansion,seed-1,MASS,24,MASS-F1,PD_MECH_CONSIDERED,1,-1,-1,-1,-1,-1,-1,-1,-1,false
ecuador-delayed-expansion,seed-1,MASS,24,MASS-F1,PD_MECH_PAYBACK_UNATTRACTIVE,-1,5130,171,171000,2500000,14.619883040935672,0.7916666666666666,1,9.5,false
ecuador-delayed-expansion,seed-1,MASS,24,,PD_MECH_DEFERRED,-1,-1,-1,-1,-1,-1,-1,-1,-1,false
ecuador-delayed-expansion,seed-1,BAL,24,,PD_MECH_DEFERRED,-1,-1,-1,-1,-1,-1,-1,-1,-1,false
ecuador-delayed-expansion,seed-1,JPQ,24,,PD_MECH_DEFERRED,-1,-1,-1,-1,-1,-1,-1,-1,-1,false
ecuador-delayed-expansion,seed-1,CONSV,24,,PD_MECH_DEFERRED,-1,-1,-1,-1,-1,-1,-1,-1,-1,false
ecuador-delayed-expansion,seed-1,VAP,24,,PD_MECH_DEFERRED,-1,-1,-1,-1,-1,-1,-1,-1,-1,false
ecuador-delayed-expansion,seed-1,MASS,25,MASS-F1,PD_MECH_CONSIDERED,1,-1,-1,-1,-1,-1,-1,-1,-1,false
ecuador-delayed-expansion,seed-1,MASS,25,MASS-F1,PD_MECH_PAYBACK_UNATTRACTIVE,-1,5429.25,180.9749999999999,180974.9999999999,2500000,13.814062715844736,0.7916666666666666,1,9.5,false
ecuador-delayed-expansion,seed-1,MASS,25,,PD_MECH_DEFERRED,-1,-1,-1,-1,-1,-1,-1,-1,-1,false
ecuador-delayed-expansion,seed-1,BAL,25,,PD_MECH_DEFERRED,-1,-1,-1,-1,-1,-1,-1,-1,-1,false
ecuador-delayed-expansion,seed-1,JPQ,25,,PD_MECH_DEFERRED,-1,-1,-1,-1,-1,-1,-1,-1,-1,false
ecuador-delayed-expansion,seed-1,CONSV,25,,PD_MECH_DEFERRED,-1,-1,-1,-1,-1,-1,-1,-1,-1,false
ecuador-delayed-expansion,seed-1,VAP,25,,PD_MECH_DEFERRED,-1,-1,-1,-1,-1,-1,-1,-1,-1,false
ecuador-delayed-expansion,seed-1,MASS,26,MASS-F1,PD_MECH_CONSIDERED,1,-1,-1,-1,-1,-1,-1,-1,-1,false
ecuador-delayed-expansion,seed-1,MASS,26,MASS-F1,PD_MECH_PAYBACK_UNATTRACTIVE,-1,5429.25,180.9749999999999,180974.9999999999,2500000,13.814062715844736,0.7916666666666666,1,9.5,false
ecuador-delayed-expansion,seed-1,MASS,26,MASS-NEWF-MASS-CAPEX-3,PD_MECH_CONSIDERED,0,-1,-1,-1,-1,-1,-1,-1,-1,false
ecuador-delayed-expansion,seed-1,MASS,26,MASS-NEWF-MASS-CAPEX-3,PD_MECH_LOW_UTILIZATION,0,-1,-1,-1,-1,-1,-1,-1,-1,false
ecuador-delayed-expansion,seed-1,MASS,26,,PD_MECH_DEFERRED,-1,-1,-1,-1,-1,-1,-1,-1,-1,false
ecuador-delayed-expansion,seed-1,BAL,26,,PD_MECH_DEFERRED,-1,-1,-1,-1,-1,-1,-1,-1,-1,false
ecuador-delayed-expansion,seed-1,JPQ,26,,PD_MECH_DEFERRED,-1,-1,-1,-1,-1,-1,-1,-1,-1,false
ecuador-delayed-expansion,seed-1,CONSV,26,,PD_MECH_DEFERRED,-1,-1,-1,-1,-1,-1,-1,-1,-1,false
ecuador-delayed-expansion,seed-1,VAP,26,,PD_MECH_DEFERRED,-1,-1,-1,-1,-1,-1,-1,-1,-1,false
ecuador-delayed-expansion,seed-1,MASS,27,MASS-F1,PD_MECH_CONSIDERED,0.7327476170741816,-1,-1,-1,-1,-1,-1,-1,-1,false
ecuador-delayed-expansion,seed-1,MASS,27,MASS-F1,PD_MECH_PAYBACK_UNATTRACTIVE,-1,3978.2700000000004,132.60900000000004,132609.00000000003,2500000,18.852415748554016,0.7916666666666666,1,9.5,false
ecuador-delayed-expansion,seed-1,MASS,27,MASS-NEWF-MASS-CAPEX-3,PD_MECH_CONSIDERED,0.2869385964912281,-1,-1,-1,-1,-1,-1,-1,-1,false
ecuador-delayed-expansion,seed-1,MASS,27,MASS-NEWF-MASS-CAPEX-3,PD_MECH_LOW_UTILIZATION,0.2869385964912281,-1,-1,-1,-1,-1,-1,-1,-1,false
ecuador-delayed-expansion,seed-1,MASS,27,,PD_MECH_DEFERRED,-1,-1,-1,-1,-1,-1,-1,-1,-1,false
ecuador-delayed-expansion,seed-1,BAL,27,,PD_MECH_DEFERRED,-1,-1,-1,-1,-1,-1,-1,-1,-1,false
ecuador-delayed-expansion,seed-1,JPQ,27,,PD_MECH_DEFERRED,-1,-1,-1,-1,-1,-1,-1,-1,-1,false
ecuador-delayed-expansion,seed-1,CONSV,27,,PD_MECH_DEFERRED,-1,-1,-1,-1,-1,-1,-1,-1,-1,false
ecuador-delayed-expansion,seed-1,VAP,27,,PD_MECH_DEFERRED,-1,-1,-1,-1,-1,-1,-1,-1,-1,false
ecuador-delayed-expansion,seed-1,MASS,28,MASS-F1,PD_MECH_CONSIDERED,0.7268388819818575,-1,-1,-1,-1,-1,-1,-1,-1,false
ecuador-delayed-expansion,seed-1,MASS,28,MASS-F1,PD_MECH_PAYBACK_UNATTRACTIVE,-1,3946.19,131.53966666666668,131539.6666666667,2500000,19.005673827159864,0.7916666666666666,1,9.5,false
ecuador-delayed-expansion,seed-1,MASS,28,MASS-NEWF-MASS-CAPEX-3,PD_MECH_CONSIDERED,0.4215068226120858,-1,-1,-1,-1,-1,-1,-1,-1,false
ecuador-delayed-expansion,seed-1,MASS,28,MASS-NEWF-MASS-CAPEX-3,PD_MECH_LOW_UTILIZATION,0.4215068226120858,-1,-1,-1,-1,-1,-1,-1,-1,false
ecuador-delayed-expansion,seed-1,MASS,28,,PD_MECH_DEFERRED,-1,-1,-1,-1,-1,-1,-1,-1,-1,false
ecuador-delayed-expansion,seed-1,BAL,28,BAL-NEWF-BAL-CAPEX-11,PD_MECH_CONSIDERED,0,-1,-1,-1,-1,-1,-1,-1,-1,false
ecuador-delayed-expansion,seed-1,BAL,28,BAL-NEWF-BAL-CAPEX-11,PD_MECH_LOW_UTILIZATION,0,-1,-1,-1,-1,-1,-1,-1,-1,false
ecuador-delayed-expansion,seed-1,BAL,28,,PD_MECH_DEFERRED,-1,-1,-1,-1,-1,-1,-1,-1,-1,false
ecuador-delayed-expansion,seed-1,JPQ,28,,PD_MECH_DEFERRED,-1,-1,-1,-1,-1,-1,-1,-1,-1,false
ecuador-delayed-expansion,seed-1,CONSV,28,,PD_MECH_DEFERRED,-1,-1,-1,-1,-1,-1,-1,-1,-1,false
ecuador-delayed-expansion,seed-1,VAP,28,,PD_MECH_DEFERRED,-1,-1,-1,-1,-1,-1,-1,-1,-1,false
ecuador-delayed-expansion,seed-1,MASS,29,MASS-F1,PD_MECH_CONSIDERED,0.7747884146060691,-1,-1,-1,-1,-1,-1,-1,-1,false
ecuador-delayed-expansion,seed-1,MASS,29,MASS-F1,PD_MECH_PAYBACK_UNATTRACTIVE,-1,4438.375433070867,147.9458477690289,147945.8477690289,2500000,16.89807478681637,0.7916666666666666,1,9.5,false
ecuador-delayed-expansion,seed-1,MASS,29,MASS-NEWF-MASS-CAPEX-3,PD_MECH_CONSIDERED,0,-1,-1,-1,-1,-1,-1,-1,-1,false
ecuador-delayed-expansion,seed-1,MASS,29,MASS-NEWF-MASS-CAPEX-3,PD_MECH_LOW_UTILIZATION,0,-1,-1,-1,-1,-1,-1,-1,-1,false
ecuador-delayed-expansion,seed-1,MASS,29,,PD_MECH_DEFERRED,-1,-1,-1,-1,-1,-1,-1,-1,-1,false
ecuador-delayed-expansion,seed-1,BAL,29,BAL-NEWF-BAL-CAPEX-11,PD_MECH_CONSIDERED,0.5630994152046783,-1,-1,-1,-1,-1,-1,-1,-1,false
ecuador-delayed-expansion,seed-1,BAL,29,BAL-NEWF-BAL-CAPEX-11,PD_MECH_PAYBACK_UNATTRACTIVE,-1,2888.7,96.29000000000002,96290.00000000001,2500000,25.963236057742233,1,1,12,false
ecuador-delayed-expansion,seed-1,BAL,29,,PD_MECH_DEFERRED,-1,-1,-1,-1,-1,-1,-1,-1,-1,false
ecuador-delayed-expansion,seed-1,JPQ,29,,PD_MECH_DEFERRED,-1,-1,-1,-1,-1,-1,-1,-1,-1,false
ecuador-delayed-expansion,seed-1,CONSV,29,,PD_MECH_DEFERRED,-1,-1,-1,-1,-1,-1,-1,-1,-1,false
ecuador-delayed-expansion,seed-1,VAP,29,,PD_MECH_DEFERRED,-1,-1,-1,-1,-1,-1,-1,-1,-1,false
ecuador-delayed-expansion,seed-1,MASS,30,MASS-F1,PD_MECH_CONSIDERED,1,-1,-1,-1,-1,-1,-1,-1,-1,false
ecuador-delayed-expansion,seed-1,MASS,30,MASS-F1,PD_MECH_PAYBACK_UNATTRACTIVE,-1,5728.5,190.95000000000005,190950.00000000006,2500000,13.092432573972241,0.7916666666666666,1,9.5,false
ecuador-delayed-expansion,seed-1,MASS,30,MASS-NEWF-MASS-CAPEX-3,PD_MECH_CONSIDERED,1,-1,-1,-1,-1,-1,-1,-1,-1,false
ecuador-delayed-expansion,seed-1,MASS,30,MASS-NEWF-MASS-CAPEX-3,PD_MECH_PAYBACK_UNATTRACTIVE,-1,6840,228,228000,2500000,10.964912280701755,0.7916666666666666,1,9.5,false
ecuador-delayed-expansion,seed-1,MASS,30,,PD_MECH_DEFERRED,-1,-1,-1,-1,-1,-1,-1,-1,-1,false
ecuador-delayed-expansion,seed-1,BAL,30,BAL-NEWF-BAL-CAPEX-11,PD_MECH_CONSIDERED,0.6478947368421052,-1,-1,-1,-1,-1,-1,-1,-1,false
ecuador-delayed-expansion,seed-1,BAL,30,BAL-NEWF-BAL-CAPEX-11,PD_MECH_PAYBACK_UNATTRACTIVE,-1,4431.599999999999,147.72000000000003,147720.00000000003,2500000,16.923910100189545,1,1,12,false
ecuador-delayed-expansion,seed-1,BAL,30,,PD_MECH_DEFERRED,-1,-1,-1,-1,-1,-1,-1,-1,-1,false
ecuador-delayed-expansion,seed-1,JPQ,30,,PD_MECH_DEFERRED,-1,-1,-1,-1,-1,-1,-1,-1,-1,false
ecuador-delayed-expansion,seed-1,CONSV,30,,PD_MECH_DEFERRED,-1,-1,-1,-1,-1,-1,-1,-1,-1,false
ecuador-delayed-expansion,seed-1,VAP,30,,PD_MECH_DEFERRED,-1,-1,-1,-1,-1,-1,-1,-1,-1,false
ecuador-delayed-expansion,seed-1,MASS,31,MASS-F1,PD_MECH_CONSIDERED,0.9655180239155102,-1,-1,-1,-1,-1,-1,-1,-1,false
ecuador-delayed-expansion,seed-1,MASS,31,MASS-F1,PD_MECH_PAYBACK_UNATTRACTIVE,-1,5530.97,184.36566666666658,184365.66666666657,2500000,13.560008461445287,0.7916666666666666,1,9.5,false
ecuador-delayed-expansion,seed-1,MASS,31,MASS-NEWF-MASS-CAPEX-3,PD_MECH_CONSIDERED,0.7516257309941521,-1,-1,-1,-1,-1,-1,-1,-1,false
ecuador-delayed-expansion,seed-1,MASS,31,MASS-NEWF-MASS-CAPEX-3,PD_MECH_PAYBACK_UNATTRACTIVE,-1,5141.12,171.37066666666658,171370.66666666657,2500000,14.588260923689788,0.7916666666666666,1,9.5,false
ecuador-delayed-expansion,seed-1,MASS,31,,PD_MECH_DEFERRED,-1,-1,-1,-1,-1,-1,-1,-1,-1,false
ecuador-delayed-expansion,seed-1,BAL,31,BAL-NEWF-BAL-CAPEX-11,PD_MECH_CONSIDERED,0.8314970760233917,-1,-1,-1,-1,-1,-1,-1,-1,false
ecuador-delayed-expansion,seed-1,BAL,31,BAL-NEWF-BAL-CAPEX-11,PD_MECH_PAYBACK_UNATTRACTIVE,-1,5687.44,189.5813333333332,189581.3333333332,2500000,13.186952301914403,1,1,12,false
ecuador-delayed-expansion,seed-1,BAL,31,,PD_MECH_DEFERRED,-1,-1,-1,-1,-1,-1,-1,-1,-1,false
ecuador-delayed-expansion,seed-1,JPQ,31,,PD_MECH_DEFERRED,-1,-1,-1,-1,-1,-1,-1,-1,-1,false
ecuador-delayed-expansion,seed-1,CONSV,31,,PD_MECH_DEFERRED,-1,-1,-1,-1,-1,-1,-1,-1,-1,false
ecuador-delayed-expansion,seed-1,VAP,31,,PD_MECH_DEFERRED,-1,-1,-1,-1,-1,-1,-1,-1,-1,false
ecuador-delayed-expansion,seed-1,MASS,32,MASS-F1,PD_MECH_CONSIDERED,0.7301003753164005,-1,-1,-1,-1,-1,-1,-1,-1,false
ecuador-delayed-expansion,seed-1,MASS,32,MASS-F1,PD_MECH_PAYBACK_UNATTRACTIVE,-1,4182.38,139.4126666666666,139412.6666666666,2500000,17.932373433308317,0.7916666666666666,1,9.5,false
ecuador-delayed-expansion,seed-1,MASS,32,MASS-NEWF-MASS-CAPEX-3,PD_MECH_CONSIDERED,0.425421052631579,-1,-1,-1,-1,-1,-1,-1,-1,false
ecuador-delayed-expansion,seed-1,MASS,32,MASS-NEWF-MASS-CAPEX-3,PD_MECH_LOW_UTILIZATION,0.425421052631579,-1,-1,-1,-1,-1,-1,-1,-1,false
ecuador-delayed-expansion,seed-1,MASS,32,,PD_MECH_DEFERRED,-1,-1,-1,-1,-1,-1,-1,-1,-1,false
ecuador-delayed-expansion,seed-1,BAL,32,BAL-NEWF-BAL-CAPEX-11,PD_MECH_CONSIDERED,0.5868567251461988,-1,-1,-1,-1,-1,-1,-1,-1,false
ecuador-delayed-expansion,seed-1,BAL,32,BAL-NEWF-BAL-CAPEX-11,PD_MECH_PAYBACK_UNATTRACTIVE,-1,4014.1,133.80333333333328,133803.33333333328,2500000,18.684138412097365,1,1,12,false
ecuador-delayed-expansion,seed-1,BAL,32,,PD_MECH_DEFERRED,-1,-1,-1,-1,-1,-1,-1,-1,-1,false
ecuador-delayed-expansion,seed-1,JPQ,32,,PD_MECH_DEFERRED,-1,-1,-1,-1,-1,-1,-1,-1,-1,false
ecuador-delayed-expansion,seed-1,CONSV,32,,PD_MECH_DEFERRED,-1,-1,-1,-1,-1,-1,-1,-1,-1,false
ecuador-delayed-expansion,seed-1,VAP,32,,PD_MECH_DEFERRED,-1,-1,-1,-1,-1,-1,-1,-1,-1,false
ecuador-delayed-expansion,seed-2,MASS,1,MASS-F1,PD_MECH_CONSIDERED,0,-1,-1,-1,-1,-1,-1,-1,-1,false
ecuador-delayed-expansion,seed-2,MASS,1,MASS-F1,PD_MECH_LOW_UTILIZATION,0,-1,-1,-1,-1,-1,-1,-1,-1,false
ecuador-delayed-expansion,seed-2,MASS,1,,PD_MECH_DEFERRED,-1,-1,-1,-1,-1,-1,-1,-1,-1,false
ecuador-delayed-expansion,seed-2,BAL,1,BAL-F1,PD_MECH_CONSIDERED,0,-1,-1,-1,-1,-1,-1,-1,-1,false
ecuador-delayed-expansion,seed-2,BAL,1,BAL-F1,PD_MECH_LOW_UTILIZATION,0,-1,-1,-1,-1,-1,-1,-1,-1,false
ecuador-delayed-expansion,seed-2,BAL,1,,PD_MECH_DEFERRED,-1,-1,-1,-1,-1,-1,-1,-1,-1,false
ecuador-delayed-expansion,seed-2,JPQ,1,JPQ-F1,PD_MECH_CONSIDERED,0,-1,-1,-1,-1,-1,-1,-1,-1,false
ecuador-delayed-expansion,seed-2,JPQ,1,JPQ-F1,PD_MECH_LOW_UTILIZATION,0,-1,-1,-1,-1,-1,-1,-1,-1,false
ecuador-delayed-expansion,seed-2,JPQ,1,,PD_MECH_DEFERRED,-1,-1,-1,-1,-1,-1,-1,-1,-1,false
ecuador-delayed-expansion,seed-2,CONSV,1,CONSV-F1,PD_MECH_CONSIDERED,0,-1,-1,-1,-1,-1,-1,-1,-1,false
ecuador-delayed-expansion,seed-2,CONSV,1,CONSV-F1,PD_MECH_LOW_UTILIZATION,0,-1,-1,-1,-1,-1,-1,-1,-1,false
ecuador-delayed-expansion,seed-2,CONSV,1,,PD_MECH_DEFERRED,-1,-1,-1,-1,-1,-1,-1,-1,-1,false
ecuador-delayed-expansion,seed-2,VAP,1,VAP-F1,PD_MECH_CONSIDERED,0,-1,-1,-1,-1,-1,-1,-1,-1,false
ecuador-delayed-expansion,seed-2,VAP,1,VAP-F1,PD_MECH_LOW_UTILIZATION,0,-1,-1,-1,-1,-1,-1,-1,-1,false
ecuador-delayed-expansion,seed-2,VAP,1,,PD_MECH_DEFERRED,-1,-1,-1,-1,-1,-1,-1,-1,-1,false
ecuador-delayed-expansion,seed-2,MASS,2,MASS-F1,PD_MECH_CONSIDERED,0.7883040935672515,-1,-1,-1,-1,-1,-1,-1,-1,false
ecuador-delayed-expansion,seed-2,MASS,2,MASS-F1,PD_MECH_PAYBACK_UNATTRACTIVE,-1,4044.0000000000005,134.79999999999995,134799.99999999994,2500000,18.545994065281906,0.7916666666666666,1,9.5,false
ecuador-delayed-expansion,seed-2,MASS,2,,PD_MECH_DEFERRED,-1,-1,-1,-1,-1,-1,-1,-1,-1,false
ecuador-delayed-expansion,seed-2,BAL,2,BAL-F1,PD_MECH_CONSIDERED,0.9271929824561403,-1,-1,-1,-1,-1,-1,-1,-1,false
ecuador-delayed-expansion,seed-2,BAL,2,BAL-F1,PD_MECH_PAYBACK_UNATTRACTIVE,-1,5549.25,184.9749999999999,184974.9999999999,2500000,13.515339910798764,1,1,12,false
ecuador-delayed-expansion,seed-2,BAL,2,,PD_MECH_DEFERRED,-1,-1,-1,-1,-1,-1,-1,-1,-1,false
ecuador-delayed-expansion,seed-2,JPQ,2,JPQ-F1,PD_MECH_CONSIDERED,1,-1,-1,-1,-1,-1,-1,-1,-1,false
ecuador-delayed-expansion,seed-2,JPQ,2,,PD_MECH_FINANCE_BLOCKED,-1,-1,-1,-1,2500000,-1,-1,-1,-1,false
ecuador-delayed-expansion,seed-2,CONSV,2,CONSV-F1,PD_MECH_CONSIDERED,1,-1,-1,-1,-1,-1,-1,-1,-1,false
ecuador-delayed-expansion,seed-2,CONSV,2,,PD_MECH_FINANCE_BLOCKED,-1,-1,-1,-1,2500000,-1,-1,-1,-1,false
ecuador-delayed-expansion,seed-2,VAP,2,VAP-F1,PD_MECH_CONSIDERED,1,-1,-1,-1,-1,-1,-1,-1,-1,false
ecuador-delayed-expansion,seed-2,VAP,2,,PD_MECH_FINANCE_BLOCKED,-1,-1,-1,-1,2500000,-1,-1,-1,-1,false
ecuador-delayed-expansion,seed-2,MASS,3,MASS-F1,PD_MECH_CONSIDERED,0.6222183235867447,-1,-1,-1,-1,-1,-1,-1,-1,false
ecuador-delayed-expansion,seed-2,MASS,3,MASS-F1,PD_MECH_PAYBACK_UNATTRACTIVE,-1,3191.98,106.39933333333329,106399.33333333328,2500000,23.496387821978846,0.7916666666666666,1,9.5,false
ecuador-delayed-expansion,seed-2,MASS,3,,PD_MECH_DEFERRED,-1,-1,-1,-1,-1,-1,-1,-1,-1,false
ecuador-delayed-expansion,seed-2,BAL,3,BAL-F1,PD_MECH_CONSIDERED,1,-1,-1,-1,-1,-1,-1,-1,-1,false
ecuador-delayed-expansion,seed-2,BAL,3,BAL-F1,PD_MECH_PAYBACK_UNATTRACTIVE,-1,5985,199.5,199500,2500000,12.531328320802006,1,1,12,false
ecuador-delayed-expansion,seed-2,BAL,3,,PD_MECH_DEFERRED,-1,-1,-1,-1,-1,-1,-1,-1,-1,false
ecuador-delayed-expansion,seed-2,JPQ,3,JPQ-F1,PD_MECH_CONSIDERED,0.8874108187134503,-1,-1,-1,-1,-1,-1,-1,-1,false
ecuador-delayed-expansion,seed-2,JPQ,3,,PD_MECH_FINANCE_BLOCKED,-1,-1,-1,-1,2500000,-1,-1,-1,-1,false
ecuador-delayed-expansion,seed-2,CONSV,3,CONSV-F1,PD_MECH_CONSIDERED,0.8540601503759399,-1,-1,-1,-1,-1,-1,-1,-1,false
ecuador-delayed-expansion,seed-2,CONSV,3,CONSV-F1,PD_MECH_PAYBACK_UNATTRACTIVE,-1,5111.55,170.385,170385,2500000,14.672653109135194,1.2105263157894737,1.05,13.834586466165414,false
ecuador-delayed-expansion,seed-2,CONSV,3,,PD_MECH_DEFERRED,-1,-1,-1,-1,-1,-1,-1,-1,-1,false
ecuador-delayed-expansion,seed-2,VAP,3,VAP-F1,PD_MECH_CONSIDERED,0.9596881091617934,-1,-1,-1,-1,-1,-1,-1,-1,false
ecuador-delayed-expansion,seed-2,VAP,3,,PD_MECH_FINANCE_BLOCKED,-1,-1,-1,-1,2500000,-1,-1,-1,-1,false
ecuador-delayed-expansion,seed-2,MASS,4,MASS-F1,PD_MECH_CONSIDERED,1,-1,-1,-1,-1,-1,-1,-1,-1,false
ecuador-delayed-expansion,seed-2,MASS,4,MASS-F1,PD_MECH_PAYBACK_UNATTRACTIVE,-1,5130,171,171000,2500000,14.619883040935672,0.7916666666666666,1,9.5,false
ecuador-delayed-expansion,seed-2,MASS,4,,PD_MECH_DEFERRED,-1,-1,-1,-1,-1,-1,-1,-1,-1,false
ecuador-delayed-expansion,seed-2,BAL,4,BAL-F1,PD_MECH_CONSIDERED,1,-1,-1,-1,-1,-1,-1,-1,-1,false
ecuador-delayed-expansion,seed-2,BAL,4,BAL-F1,PD_MECH_PAYBACK_UNATTRACTIVE,-1,5985,199.5,199500,2500000,12.531328320802006,1,1,12,false
ecuador-delayed-expansion,seed-2,BAL,4,,PD_MECH_DEFERRED,-1,-1,-1,-1,-1,-1,-1,-1,-1,false
ecuador-delayed-expansion,seed-2,JPQ,4,JPQ-F1,PD_MECH_CONSIDERED,0.9432821637426901,-1,-1,-1,-1,-1,-1,-1,-1,false
ecuador-delayed-expansion,seed-2,JPQ,4,,PD_MECH_FINANCE_BLOCKED,-1,-1,-1,-1,2500000,-1,-1,-1,-1,false
ecuador-delayed-expansion,seed-2,CONSV,4,CONSV-F1,PD_MECH_CONSIDERED,0.9301487050960735,-1,-1,-1,-1,-1,-1,-1,-1,false
ecuador-delayed-expansion,seed-2,CONSV,4,CONSV-F1,PD_MECH_PROPOSED,-1,5566.94,185.56466666666665,185564.66666666666,2500000,13.472392373548125,1.2105263157894737,1.05,13.834586466165414,true
ecuador-delayed-expansion,seed-2,VAP,4,VAP-F1,PD_MECH_CONSIDERED,0.8893684210526316,-1,-1,-1,-1,-1,-1,-1,-1,false
ecuador-delayed-expansion,seed-2,VAP,4,,PD_MECH_FINANCE_BLOCKED,-1,-1,-1,-1,2500000,-1,-1,-1,-1,false
ecuador-delayed-expansion,seed-2,MASS,5,MASS-F1,PD_MECH_CONSIDERED,0.5448440545808967,-1,-1,-1,-1,-1,-1,-1,-1,false
ecuador-delayed-expansion,seed-2,MASS,5,MASS-F1,PD_MECH_PAYBACK_UNATTRACTIVE,-1,2795.05,93.1683333333333,93168.3333333333,2500000,26.83315146419564,0.7916666666666666,1,9.5,false
ecuador-delayed-expansion,seed-2,MASS,5,,PD_MECH_DEFERRED,-1,-1,-1,-1,-1,-1,-1,-1,-1,false
ecuador-delayed-expansion,seed-2,BAL,5,BAL-F1,PD_MECH_CONSIDERED,1,-1,-1,-1,-1,-1,-1,-1,-1,false
ecuador-delayed-expansion,seed-2,BAL,5,BAL-F1,PD_MECH_PAYBACK_UNATTRACTIVE,-1,5985,199.5,199500,2500000,12.531328320802006,1,1,12,false
ecuador-delayed-expansion,seed-2,BAL,5,,PD_MECH_DEFERRED,-1,-1,-1,-1,-1,-1,-1,-1,-1,false
ecuador-delayed-expansion,seed-2,JPQ,5,JPQ-F1,PD_MECH_CONSIDERED,0.9593932748538012,-1,-1,-1,-1,-1,-1,-1,-1,false
ecuador-delayed-expansion,seed-2,JPQ,5,,PD_MECH_FINANCE_BLOCKED,-1,-1,-1,-1,2500000,-1,-1,-1,-1,false
ecuador-delayed-expansion,seed-2,CONSV,5,,PD_MECH_DEFERRED,-1,-1,-1,-1,-1,-1,-1,-1,-1,false
ecuador-delayed-expansion,seed-2,VAP,5,VAP-F1,PD_MECH_CONSIDERED,1,-1,-1,-1,-1,-1,-1,-1,-1,false
ecuador-delayed-expansion,seed-2,VAP,5,,PD_MECH_FINANCE_BLOCKED,-1,-1,-1,-1,2500000,-1,-1,-1,-1,false
ecuador-delayed-expansion,seed-2,MASS,6,MASS-F1,PD_MECH_CONSIDERED,0.9889044834307992,-1,-1,-1,-1,-1,-1,-1,-1,false
ecuador-delayed-expansion,seed-2,MASS,6,MASS-F1,PD_MECH_PAYBACK_UNATTRACTIVE,-1,5073.08,169.10266666666666,169102.66666666666,2500000,14.783918250845641,0.7916666666666666,1,9.5,false
ecuador-delayed-expansion,seed-2,MASS,6,,PD_MECH_DEFERRED,-1,-1,-1,-1,-1,-1,-1,-1,-1,false
ecuador-delayed-expansion,seed-2,BAL,6,BAL-F1,PD_MECH_CONSIDERED,1,-1,-1,-1,-1,-1,-1,-1,-1,false
ecuador-delayed-expansion,seed-2,BAL,6,,PD_MECH_FINANCE_BLOCKED,-1,-1,-1,-1,2500000,-1,-1,-1,-1,false
ecuador-delayed-expansion,seed-2,JPQ,6,JPQ-F1,PD_MECH_CONSIDERED,0.8876578947368421,-1,-1,-1,-1,-1,-1,-1,-1,false
ecuador-delayed-expansion,seed-2,JPQ,6,,PD_MECH_FINANCE_BLOCKED,-1,-1,-1,-1,2500000,-1,-1,-1,-1,false
ecuador-delayed-expansion,seed-2,CONSV,6,,PD_MECH_DEFERRED,-1,-1,-1,-1,-1,-1,-1,-1,-1,false
ecuador-delayed-expansion,seed-2,VAP,6,VAP-F1,PD_MECH_CONSIDERED,1,-1,-1,-1,-1,-1,-1,-1,-1,false
ecuador-delayed-expansion,seed-2,VAP,6,,PD_MECH_FINANCE_BLOCKED,-1,-1,-1,-1,2500000,-1,-1,-1,-1,false
ecuador-delayed-expansion,seed-2,MASS,7,MASS-F1,PD_MECH_CONSIDERED,0.561729044834308,-1,-1,-1,-1,-1,-1,-1,-1,false
ecuador-delayed-expansion,seed-2,MASS,7,MASS-F1,PD_MECH_PAYBACK_UNATTRACTIVE,-1,2881.67,96.0556666666667,96055.6666666667,2500000,26.026574868045255,0.7916666666666666,1,9.5,false
ecuador-delayed-expansion,seed-2,MASS,7,,PD_MECH_DEFERRED,-1,-1,-1,-1,-1,-1,-1,-1,-1,false
ecuador-delayed-expansion,seed-2,BAL,7,BAL-F1,PD_MECH_CONSIDERED,1,-1,-1,-1,-1,-1,-1,-1,-1,false
ecuador-delayed-expansion,seed-2,BAL,7,,PD_MECH_FINANCE_BLOCKED,-1,-1,-1,-1,2500000,-1,-1,-1,-1,false
ecuador-delayed-expansion,seed-2,JPQ,7,JPQ-F1,PD_MECH_CONSIDERED,0.8513318713450292,-1,-1,-1,-1,-1,-1,-1,-1,false
ecuador-delayed-expansion,seed-2,JPQ,7,,PD_MECH_FINANCE_BLOCKED,-1,-1,-1,-1,2500000,-1,-1,-1,-1,false
ecuador-delayed-expansion,seed-2,CONSV,7,,PD_MECH_DEFERRED,-1,-1,-1,-1,-1,-1,-1,-1,-1,false
ecuador-delayed-expansion,seed-2,VAP,7,VAP-F1,PD_MECH_CONSIDERED,1,-1,-1,-1,-1,-1,-1,-1,-1,false
ecuador-delayed-expansion,seed-2,VAP,7,,PD_MECH_FINANCE_BLOCKED,-1,-1,-1,-1,2500000,-1,-1,-1,-1,false
ecuador-delayed-expansion,seed-2,MASS,8,MASS-F1,PD_MECH_CONSIDERED,0.9405536062378168,-1,-1,-1,-1,-1,-1,-1,-1,false
ecuador-delayed-expansion,seed-2,MASS,8,MASS-F1,PD_MECH_PAYBACK_UNATTRACTIVE,-1,4825.04,160.83466666666675,160834.66666666674,2500000,15.543912589325677,0.7916666666666666,1,9.5,false
ecuador-delayed-expansion,seed-2,MASS,8,,PD_MECH_DEFERRED,-1,-1,-1,-1,-1,-1,-1,-1,-1,false
ecuador-delayed-expansion,seed-2,BAL,8,BAL-F1,PD_MECH_CONSIDERED,0.9092875044754744,-1,-1,-1,-1,-1,-1,-1,-1,false
ecuador-delayed-expansion,seed-2,BAL,8,BAL-F1,PD_MECH_PAYBACK_UNATTRACTIVE,-1,5714.19,190.47300000000007,190473.00000000006,2500000,13.12521984743244,1,1,12,false
ecuador-delayed-expansion,seed-2,BAL,8,,PD_MECH_DEFERRED,-1,-1,-1,-1,-1,-1,-1,-1,-1,false
ecuador-delayed-expansion,seed-2,JPQ,8,JPQ-F1,PD_MECH_CONSIDERED,0.825530701754386,-1,-1,-1,-1,-1,-1,-1,-1,false
ecuador-delayed-expansion,seed-2,JPQ,8,JPQ-F1,PD_MECH_PROPOSED,-1,5646.63,188.221,188221,2500000,13.282258621514071,1.1176470588235294,1,13.411764705882353,true
ecuador-delayed-expansion,seed-2,CONSV,8,,PD_MECH_DEFERRED,-1,-1,-1,-1,-1,-1,-1,-1,-1,false
ecuador-delayed-expansion,seed-2,VAP,8,VAP-F1,PD_MECH_CONSIDERED,1,-1,-1,-1,-1,-1,-1,-1,-1,false
ecuador-delayed-expansion,seed-2,VAP,8,VAP-F1,PD_MECH_PROPOSED,-1,5130,171,171000,2500000,14.619883040935672,1.411764705882353,1,16.941176470588236,true
ecuador-delayed-expansion,seed-2,MASS,9,MASS-F1,PD_MECH_CONSIDERED,0.8862962962962962,-1,-1,-1,-1,-1,-1,-1,-1,false
ecuador-delayed-expansion,seed-2,MASS,9,MASS-F1,PD_MECH_PAYBACK_UNATTRACTIVE,-1,4546.7,151.55666666666662,151556.66666666663,2500000,16.49548023841468,0.7916666666666666,1,9.5,false
ecuador-delayed-expansion,seed-2,MASS,9,,PD_MECH_DEFERRED,-1,-1,-1,-1,-1,-1,-1,-1,-1,false
ecuador-delayed-expansion,seed-2,BAL,9,BAL-F1,PD_MECH_CONSIDERED,0.9565230536659107,-1,-1,-1,-1,-1,-1,-1,-1,false
ecuador-delayed-expansion,seed-2,BAL,9,BAL-F1,PD_MECH_PAYBACK_UNATTRACTIVE,-1,6011.03,200.36766666666665,200367.66666666666,2500000,12.477062999186495,1,1,12,false
ecuador-delayed-expansion,seed-2,BAL,9,,PD_MECH_DEFERRED,-1,-1,-1,-1,-1,-1,-1,-1,-1,false
ecuador-delayed-expansion,seed-2,JPQ,9,,PD_MECH_DEFERRED,-1,-1,-1,-1,-1,-1,-1,-1,-1,false
ecuador-delayed-expansion,seed-2,CONSV,9,,PD_MECH_DEFERRED,-1,-1,-1,-1,-1,-1,-1,-1,-1,false
ecuador-delayed-expansion,seed-2,VAP,9,,PD_MECH_DEFERRED,-1,-1,-1,-1,-1,-1,-1,-1,-1,false
ecuador-delayed-expansion,seed-2,MASS,10,MASS-F1,PD_MECH_CONSIDERED,0.9776081871345029,-1,-1,-1,-1,-1,-1,-1,-1,false
ecuador-delayed-expansion,seed-2,MASS,10,MASS-F1,PD_MECH_PAYBACK_UNATTRACTIVE,-1,5015.13,167.17100000000005,167171.00000000006,2500000,14.954746935772347,0.7916666666666666,1,9.5,false
ecuador-delayed-expansion,seed-2,MASS,10,,PD_MECH_DEFERRED,-1,-1,-1,-1,-1,-1,-1,-1,-1,false
ecuador-delayed-expansion,seed-2,BAL,10,BAL-F1,PD_MECH_CONSIDERED,0.9948172017344951,-1,-1,-1,-1,-1,-1,-1,-1,false
ecuador-delayed-expansion,seed-2,BAL,10,BAL-F1,PD_MECH_PROPOSED,-1,6251.68,208.3893333333333,208389.33333333328,2500000,11.996775266808285,1,1,12,true
ecuador-delayed-expansion,seed-2,JPQ,10,,PD_MECH_DEFERRED,-1,-1,-1,-1,-1,-1,-1,-1,-1,false
ecuador-delayed-expansion,seed-2,CONSV,10,,PD_MECH_DEFERRED,-1,-1,-1,-1,-1,-1,-1,-1,-1,false
ecuador-delayed-expansion,seed-2,VAP,10,,PD_MECH_DEFERRED,-1,-1,-1,-1,-1,-1,-1,-1,-1,false
ecuador-delayed-expansion,seed-2,MASS,11,MASS-F1,PD_MECH_CONSIDERED,0.5451520467836257,-1,-1,-1,-1,-1,-1,-1,-1,false
ecuador-delayed-expansion,seed-2,MASS,11,MASS-F1,PD_MECH_PAYBACK_UNATTRACTIVE,-1,2796.63,93.221,93221,2500000,26.817991654241,0.7916666666666666,1,9.5,false
ecuador-delayed-expansion,seed-2,MASS,11,,PD_MECH_DEFERRED,-1,-1,-1,-1,-1,-1,-1,-1,-1,false
ecuador-delayed-expansion,seed-2,BAL,11,,PD_MECH_DEFERRED,-1,-1,-1,-1,-1,-1,-1,-1,-1,false
ecuador-delayed-expansion,seed-2,JPQ,11,,PD_MECH_DEFERRED,-1,-1,-1,-1,-1,-1,-1,-1,-1,false
ecuador-delayed-expansion,seed-2,CONSV,11,,PD_MECH_DEFERRED,-1,-1,-1,-1,-1,-1,-1,-1,-1,false
ecuador-delayed-expansion,seed-2,VAP,11,,PD_MECH_DEFERRED,-1,-1,-1,-1,-1,-1,-1,-1,-1,false
ecuador-delayed-expansion,seed-2,MASS,12,MASS-F1,PD_MECH_CONSIDERED,0.919309941520468,-1,-1,-1,-1,-1,-1,-1,-1,false
ecuador-delayed-expansion,seed-2,MASS,12,MASS-F1,PD_MECH_PAYBACK_UNATTRACTIVE,-1,4716.06,157.202,157202,2500000,15.903105558453454,0.7916666666666666,1,9.5,false
ecuador-delayed-expansion,seed-2,MASS,12,,PD_MECH_DEFERRED,-1,-1,-1,-1,-1,-1,-1,-1,-1,false
ecuador-delayed-expansion,seed-2,BAL,12,,PD_MECH_DEFERRED,-1,-1,-1,-1,-1,-1,-1,-1,-1,false
ecuador-delayed-expansion,seed-2,JPQ,12,,PD_MECH_DEFERRED,-1,-1,-1,-1,-1,-1,-1,-1,-1,false
ecuador-delayed-expansion,seed-2,CONSV,12,,PD_MECH_DEFERRED,-1,-1,-1,-1,-1,-1,-1,-1,-1,false
ecuador-delayed-expansion,seed-2,VAP,12,,PD_MECH_DEFERRED,-1,-1,-1,-1,-1,-1,-1,-1,-1,false
ecuador-delayed-expansion,seed-2,MASS,13,MASS-F1,PD_MECH_CONSIDERED,0.9993411306042885,-1,-1,-1,-1,-1,-1,-1,-1,false
ecuador-delayed-expansion,seed-2,MASS,13,MASS-F1,PD_MECH_PAYBACK_UNATTRACTIVE,-1,5126.62,170.88733333333346,170887.33333333346,2500000,14.629521985245628,0.7916666666666666,1,9.5,false
ecuador-delayed-expansion,seed-2,MASS,13,,PD_MECH_DEFERRED,-1,-1,-1,-1,-1,-1,-1,-1,-1,false
ecuador-delayed-expansion,seed-2,BAL,13,,PD_MECH_DEFERRED,-1,-1,-1,-1,-1,-1,-1,-1,-1,false
ecuador-delayed-expansion,seed-2,JPQ,13,,PD_MECH_DEFERRED,-1,-1,-1,-1,-1,-1,-1,-1,-1,false
ecuador-delayed-expansion,seed-2,CONSV,13,,PD_MECH_DEFERRED,-1,-1,-1,-1,-1,-1,-1,-1,-1,false
ecuador-delayed-expansion,seed-2,VAP,13,,PD_MECH_DEFERRED,-1,-1,-1,-1,-1,-1,-1,-1,-1,false
ecuador-delayed-expansion,seed-2,MASS,14,MASS-F1,PD_MECH_CONSIDERED,0.8974951267056529,-1,-1,-1,-1,-1,-1,-1,-1,false
ecuador-delayed-expansion,seed-2,MASS,14,MASS-F1,PD_MECH_PAYBACK_UNATTRACTIVE,-1,4604.15,153.4716666666667,153471.6666666667,2500000,16.28965172724607,0.7916666666666666,1,9.5,false
ecuador-delayed-expansion,seed-2,MASS,14,,PD_MECH_DEFERRED,-1,-1,-1,-1,-1,-1,-1,-1,-1,false
ecuador-delayed-expansion,seed-2,BAL,14,,PD_MECH_DEFERRED,-1,-1,-1,-1,-1,-1,-1,-1,-1,false
ecuador-delayed-expansion,seed-2,JPQ,14,,PD_MECH_DEFERRED,-1,-1,-1,-1,-1,-1,-1,-1,-1,false
ecuador-delayed-expansion,seed-2,CONSV,14,,PD_MECH_DEFERRED,-1,-1,-1,-1,-1,-1,-1,-1,-1,false
ecuador-delayed-expansion,seed-2,VAP,14,,PD_MECH_DEFERRED,-1,-1,-1,-1,-1,-1,-1,-1,-1,false
ecuador-delayed-expansion,seed-2,MASS,15,MASS-F1,PD_MECH_CONSIDERED,0.8330272904483431,-1,-1,-1,-1,-1,-1,-1,-1,false
ecuador-delayed-expansion,seed-2,MASS,15,MASS-F1,PD_MECH_PAYBACK_UNATTRACTIVE,-1,4273.43,142.4476666666667,142447.6666666667,2500000,17.55030502430132,0.7916666666666666,1,9.5,false
ecuador-delayed-expansion,seed-2,MASS,15,,PD_MECH_DEFERRED,-1,-1,-1,-1,-1,-1,-1,-1,-1,false
ecuador-delayed-expansion,seed-2,BAL,15,,PD_MECH_DEFERRED,-1,-1,-1,-1,-1,-1,-1,-1,-1,false
ecuador-delayed-expansion,seed-2,JPQ,15,,PD_MECH_DEFERRED,-1,-1,-1,-1,-1,-1,-1,-1,-1,false
ecuador-delayed-expansion,seed-2,CONSV,15,,PD_MECH_DEFERRED,-1,-1,-1,-1,-1,-1,-1,-1,-1,false
ecuador-delayed-expansion,seed-2,VAP,15,,PD_MECH_DEFERRED,-1,-1,-1,-1,-1,-1,-1,-1,-1,false
ecuador-delayed-expansion,seed-2,MASS,16,MASS-F1,PD_MECH_CONSIDERED,0.8700194931773879,-1,-1,-1,-1,-1,-1,-1,-1,false
ecuador-delayed-expansion,seed-2,MASS,16,MASS-F1,PD_MECH_PAYBACK_UNATTRACTIVE,-1,4463.2,148.7733333333333,148773.3333333333,2500000,16.80408675389855,0.7916666666666666,1,9.5,false
ecuador-delayed-expansion,seed-2,MASS,16,,PD_MECH_DEFERRED,-1,-1,-1,-1,-1,-1,-1,-1,-1,false
ecuador-delayed-expansion,seed-2,BAL,16,,PD_MECH_DEFERRED,-1,-1,-1,-1,-1,-1,-1,-1,-1,false
ecuador-delayed-expansion,seed-2,JPQ,16,,PD_MECH_DEFERRED,-1,-1,-1,-1,-1,-1,-1,-1,-1,false
ecuador-delayed-expansion,seed-2,CONSV,16,,PD_MECH_DEFERRED,-1,-1,-1,-1,-1,-1,-1,-1,-1,false
ecuador-delayed-expansion,seed-2,VAP,16,,PD_MECH_DEFERRED,-1,-1,-1,-1,-1,-1,-1,-1,-1,false
ecuador-delayed-expansion,seed-2,MASS,17,MASS-F1,PD_MECH_CONSIDERED,0.9328596491228069,-1,-1,-1,-1,-1,-1,-1,-1,false
ecuador-delayed-expansion,seed-2,MASS,17,MASS-F1,PD_MECH_PAYBACK_UNATTRACTIVE,-1,4785.57,159.519,159519,2500000,15.67211429359512,0.7916666666666666,1,9.5,false
ecuador-delayed-expansion,seed-2,MASS,17,,PD_MECH_DEFERRED,-1,-1,-1,-1,-1,-1,-1,-1,-1,false
ecuador-delayed-expansion,seed-2,BAL,17,,PD_MECH_DEFERRED,-1,-1,-1,-1,-1,-1,-1,-1,-1,false
ecuador-delayed-expansion,seed-2,JPQ,17,,PD_MECH_DEFERRED,-1,-1,-1,-1,-1,-1,-1,-1,-1,false
ecuador-delayed-expansion,seed-2,CONSV,17,,PD_MECH_DEFERRED,-1,-1,-1,-1,-1,-1,-1,-1,-1,false
ecuador-delayed-expansion,seed-2,VAP,17,,PD_MECH_DEFERRED,-1,-1,-1,-1,-1,-1,-1,-1,-1,false
ecuador-delayed-expansion,seed-2,MASS,18,MASS-F1,PD_MECH_CONSIDERED,0.944046783625731,-1,-1,-1,-1,-1,-1,-1,-1,false
ecuador-delayed-expansion,seed-2,MASS,18,MASS-F1,PD_MECH_PAYBACK_UNATTRACTIVE,-1,4842.96,161.43200000000002,161432.00000000003,2500000,15.486396749095592,0.7916666666666666,1,9.5,false
ecuador-delayed-expansion,seed-2,MASS,18,,PD_MECH_DEFERRED,-1,-1,-1,-1,-1,-1,-1,-1,-1,false
ecuador-delayed-expansion,seed-2,BAL,18,,PD_MECH_DEFERRED,-1,-1,-1,-1,-1,-1,-1,-1,-1,false
ecuador-delayed-expansion,seed-2,JPQ,18,,PD_MECH_DEFERRED,-1,-1,-1,-1,-1,-1,-1,-1,-1,false
ecuador-delayed-expansion,seed-2,CONSV,18,,PD_MECH_DEFERRED,-1,-1,-1,-1,-1,-1,-1,-1,-1,false
ecuador-delayed-expansion,seed-2,VAP,18,,PD_MECH_DEFERRED,-1,-1,-1,-1,-1,-1,-1,-1,-1,false
ecuador-delayed-expansion,seed-2,MASS,19,MASS-F1,PD_MECH_CONSIDERED,1,-1,-1,-1,-1,-1,-1,-1,-1,false
ecuador-delayed-expansion,seed-2,MASS,19,MASS-F1,PD_MECH_PAYBACK_UNATTRACTIVE,-1,5130,171,171000,2500000,14.619883040935672,0.7916666666666666,1,9.5,false
ecuador-delayed-expansion,seed-2,MASS,19,,PD_MECH_DEFERRED,-1,-1,-1,-1,-1,-1,-1,-1,-1,false
ecuador-delayed-expansion,seed-2,BAL,19,,PD_MECH_DEFERRED,-1,-1,-1,-1,-1,-1,-1,-1,-1,false
ecuador-delayed-expansion,seed-2,JPQ,19,,PD_MECH_DEFERRED,-1,-1,-1,-1,-1,-1,-1,-1,-1,false
ecuador-delayed-expansion,seed-2,CONSV,19,,PD_MECH_DEFERRED,-1,-1,-1,-1,-1,-1,-1,-1,-1,false
ecuador-delayed-expansion,seed-2,VAP,19,,PD_MECH_DEFERRED,-1,-1,-1,-1,-1,-1,-1,-1,-1,false
ecuador-delayed-expansion,seed-2,MASS,20,MASS-F1,PD_MECH_CONSIDERED,1,-1,-1,-1,-1,-1,-1,-1,-1,false
ecuador-delayed-expansion,seed-2,MASS,20,MASS-F1,PD_MECH_PAYBACK_UNATTRACTIVE,-1,5130,171,171000,2500000,14.619883040935672,0.7916666666666666,1,9.5,false
ecuador-delayed-expansion,seed-2,MASS,20,,PD_MECH_DEFERRED,-1,-1,-1,-1,-1,-1,-1,-1,-1,false
ecuador-delayed-expansion,seed-2,BAL,20,,PD_MECH_DEFERRED,-1,-1,-1,-1,-1,-1,-1,-1,-1,false
ecuador-delayed-expansion,seed-2,JPQ,20,,PD_MECH_DEFERRED,-1,-1,-1,-1,-1,-1,-1,-1,-1,false
ecuador-delayed-expansion,seed-2,CONSV,20,,PD_MECH_DEFERRED,-1,-1,-1,-1,-1,-1,-1,-1,-1,false
ecuador-delayed-expansion,seed-2,VAP,20,,PD_MECH_DEFERRED,-1,-1,-1,-1,-1,-1,-1,-1,-1,false
ecuador-delayed-expansion,seed-2,MASS,21,MASS-F1,PD_MECH_CONSIDERED,1,-1,-1,-1,-1,-1,-1,-1,-1,false
ecuador-delayed-expansion,seed-2,MASS,21,MASS-F1,PD_MECH_PAYBACK_UNATTRACTIVE,-1,5429.25,180.9749999999999,180974.9999999999,2500000,13.814062715844736,0.7916666666666666,1,9.5,false
ecuador-delayed-expansion,seed-2,MASS,21,,PD_MECH_DEFERRED,-1,-1,-1,-1,-1,-1,-1,-1,-1,false
ecuador-delayed-expansion,seed-2,BAL,21,,PD_MECH_DEFERRED,-1,-1,-1,-1,-1,-1,-1,-1,-1,false
ecuador-delayed-expansion,seed-2,JPQ,21,,PD_MECH_DEFERRED,-1,-1,-1,-1,-1,-1,-1,-1,-1,false
ecuador-delayed-expansion,seed-2,CONSV,21,,PD_MECH_DEFERRED,-1,-1,-1,-1,-1,-1,-1,-1,-1,false
ecuador-delayed-expansion,seed-2,VAP,21,,PD_MECH_DEFERRED,-1,-1,-1,-1,-1,-1,-1,-1,-1,false
ecuador-delayed-expansion,seed-2,MASS,22,MASS-F1,PD_MECH_CONSIDERED,1,-1,-1,-1,-1,-1,-1,-1,-1,false
ecuador-delayed-expansion,seed-2,MASS,22,MASS-F1,PD_MECH_PAYBACK_UNATTRACTIVE,-1,5429.25,180.9749999999999,180974.9999999999,2500000,13.814062715844736,0.7916666666666666,1,9.5,false
ecuador-delayed-expansion,seed-2,MASS,22,,PD_MECH_DEFERRED,-1,-1,-1,-1,-1,-1,-1,-1,-1,false
ecuador-delayed-expansion,seed-2,BAL,22,,PD_MECH_DEFERRED,-1,-1,-1,-1,-1,-1,-1,-1,-1,false
ecuador-delayed-expansion,seed-2,JPQ,22,,PD_MECH_DEFERRED,-1,-1,-1,-1,-1,-1,-1,-1,-1,false
ecuador-delayed-expansion,seed-2,CONSV,22,,PD_MECH_DEFERRED,-1,-1,-1,-1,-1,-1,-1,-1,-1,false
ecuador-delayed-expansion,seed-2,VAP,22,,PD_MECH_DEFERRED,-1,-1,-1,-1,-1,-1,-1,-1,-1,false
ecuador-delayed-expansion,seed-2,MASS,23,MASS-F1,PD_MECH_CONSIDERED,1,-1,-1,-1,-1,-1,-1,-1,-1,false
ecuador-delayed-expansion,seed-2,MASS,23,MASS-F1,PD_MECH_PAYBACK_UNATTRACTIVE,-1,5429.25,180.9749999999999,180974.9999999999,2500000,13.814062715844736,0.7916666666666666,1,9.5,false
ecuador-delayed-expansion,seed-2,MASS,23,,PD_MECH_DEFERRED,-1,-1,-1,-1,-1,-1,-1,-1,-1,false
ecuador-delayed-expansion,seed-2,BAL,23,,PD_MECH_DEFERRED,-1,-1,-1,-1,-1,-1,-1,-1,-1,false
ecuador-delayed-expansion,seed-2,JPQ,23,,PD_MECH_DEFERRED,-1,-1,-1,-1,-1,-1,-1,-1,-1,false
ecuador-delayed-expansion,seed-2,CONSV,23,,PD_MECH_DEFERRED,-1,-1,-1,-1,-1,-1,-1,-1,-1,false
ecuador-delayed-expansion,seed-2,VAP,23,,PD_MECH_DEFERRED,-1,-1,-1,-1,-1,-1,-1,-1,-1,false
ecuador-delayed-expansion,seed-2,MASS,24,MASS-F1,PD_MECH_CONSIDERED,1,-1,-1,-1,-1,-1,-1,-1,-1,false
ecuador-delayed-expansion,seed-2,MASS,24,MASS-F1,PD_MECH_PAYBACK_UNATTRACTIVE,-1,5429.25,180.9749999999999,180974.9999999999,2500000,13.814062715844736,0.7916666666666666,1,9.5,false
ecuador-delayed-expansion,seed-2,MASS,24,,PD_MECH_DEFERRED,-1,-1,-1,-1,-1,-1,-1,-1,-1,false
ecuador-delayed-expansion,seed-2,BAL,24,,PD_MECH_DEFERRED,-1,-1,-1,-1,-1,-1,-1,-1,-1,false
ecuador-delayed-expansion,seed-2,JPQ,24,,PD_MECH_DEFERRED,-1,-1,-1,-1,-1,-1,-1,-1,-1,false
ecuador-delayed-expansion,seed-2,CONSV,24,,PD_MECH_DEFERRED,-1,-1,-1,-1,-1,-1,-1,-1,-1,false
ecuador-delayed-expansion,seed-2,VAP,24,,PD_MECH_DEFERRED,-1,-1,-1,-1,-1,-1,-1,-1,-1,false
ecuador-delayed-expansion,seed-2,MASS,25,MASS-F1,PD_MECH_CONSIDERED,1,-1,-1,-1,-1,-1,-1,-1,-1,false
ecuador-delayed-expansion,seed-2,MASS,25,MASS-F1,PD_MECH_PAYBACK_UNATTRACTIVE,-1,5728.5,190.95000000000005,190950.00000000006,2500000,13.092432573972241,0.7916666666666666,1,9.5,false
ecuador-delayed-expansion,seed-2,MASS,25,MASS-NEWF-MASS-CAPEX-5,PD_MECH_CONSIDERED,0,-1,-1,-1,-1,-1,-1,-1,-1,false
ecuador-delayed-expansion,seed-2,MASS,25,MASS-NEWF-MASS-CAPEX-5,PD_MECH_LOW_UTILIZATION,0,-1,-1,-1,-1,-1,-1,-1,-1,false
ecuador-delayed-expansion,seed-2,MASS,25,,PD_MECH_DEFERRED,-1,-1,-1,-1,-1,-1,-1,-1,-1,false
ecuador-delayed-expansion,seed-2,BAL,25,,PD_MECH_DEFERRED,-1,-1,-1,-1,-1,-1,-1,-1,-1,false
ecuador-delayed-expansion,seed-2,JPQ,25,,PD_MECH_DEFERRED,-1,-1,-1,-1,-1,-1,-1,-1,-1,false
ecuador-delayed-expansion,seed-2,CONSV,25,,PD_MECH_DEFERRED,-1,-1,-1,-1,-1,-1,-1,-1,-1,false
ecuador-delayed-expansion,seed-2,VAP,25,,PD_MECH_DEFERRED,-1,-1,-1,-1,-1,-1,-1,-1,-1,false
ecuador-delayed-expansion,seed-2,MASS,26,MASS-F1,PD_MECH_CONSIDERED,1,-1,-1,-1,-1,-1,-1,-1,-1,false
ecuador-delayed-expansion,seed-2,MASS,26,MASS-F1,PD_MECH_PAYBACK_UNATTRACTIVE,-1,5728.5,190.95000000000005,190950.00000000006,2500000,13.092432573972241,0.7916666666666666,1,9.5,false
ecuador-delayed-expansion,seed-2,MASS,26,MASS-NEWF-MASS-CAPEX-5,PD_MECH_CONSIDERED,1,-1,-1,-1,-1,-1,-1,-1,-1,false
ecuador-delayed-expansion,seed-2,MASS,26,MASS-NEWF-MASS-CAPEX-5,PD_MECH_PAYBACK_UNATTRACTIVE,-1,5130,171,171000,2500000,14.619883040935672,0.7916666666666666,1,9.5,false
ecuador-delayed-expansion,seed-2,MASS,26,,PD_MECH_DEFERRED,-1,-1,-1,-1,-1,-1,-1,-1,-1,false
ecuador-delayed-expansion,seed-2,BAL,26,,PD_MECH_DEFERRED,-1,-1,-1,-1,-1,-1,-1,-1,-1,false
ecuador-delayed-expansion,seed-2,JPQ,26,,PD_MECH_DEFERRED,-1,-1,-1,-1,-1,-1,-1,-1,-1,false
ecuador-delayed-expansion,seed-2,CONSV,26,,PD_MECH_DEFERRED,-1,-1,-1,-1,-1,-1,-1,-1,-1,false
ecuador-delayed-expansion,seed-2,VAP,26,,PD_MECH_DEFERRED,-1,-1,-1,-1,-1,-1,-1,-1,-1,false
ecuador-delayed-expansion,seed-2,MASS,27,MASS-F1,PD_MECH_CONSIDERED,0.7924936719909226,-1,-1,-1,-1,-1,-1,-1,-1,false
ecuador-delayed-expansion,seed-2,MASS,27,MASS-F1,PD_MECH_PAYBACK_UNATTRACTIVE,-1,4539.8,151.3266666666667,151326.66666666672,2500000,16.520551566148285,0.7916666666666666,1,9.5,false
ecuador-delayed-expansion,seed-2,MASS,27,MASS-NEWF-MASS-CAPEX-5,PD_MECH_CONSIDERED,0,-1,-1,-1,-1,-1,-1,-1,-1,false
ecuador-delayed-expansion,seed-2,MASS,27,MASS-NEWF-MASS-CAPEX-5,PD_MECH_LOW_UTILIZATION,0,-1,-1,-1,-1,-1,-1,-1,-1,false
ecuador-delayed-expansion,seed-2,MASS,27,,PD_MECH_DEFERRED,-1,-1,-1,-1,-1,-1,-1,-1,-1,false
ecuador-delayed-expansion,seed-2,BAL,27,,PD_MECH_DEFERRED,-1,-1,-1,-1,-1,-1,-1,-1,-1,false
ecuador-delayed-expansion,seed-2,JPQ,27,,PD_MECH_DEFERRED,-1,-1,-1,-1,-1,-1,-1,-1,-1,false
ecuador-delayed-expansion,seed-2,CONSV,27,,PD_MECH_DEFERRED,-1,-1,-1,-1,-1,-1,-1,-1,-1,false
ecuador-delayed-expansion,seed-2,VAP,27,,PD_MECH_DEFERRED,-1,-1,-1,-1,-1,-1,-1,-1,-1,false
ecuador-delayed-expansion,seed-2,MASS,28,MASS-F1,PD_MECH_CONSIDERED,0.8504303046172644,-1,-1,-1,-1,-1,-1,-1,-1,false
ecuador-delayed-expansion,seed-2,MASS,28,MASS-F1,PD_MECH_PAYBACK_UNATTRACTIVE,-1,4871.69,162.3896666666667,162389.6666666667,2500000,15.395068241205822,0.7916666666666666,1,9.5,false
ecuador-delayed-expansion,seed-2,MASS,28,MASS-NEWF-MASS-CAPEX-5,PD_MECH_CONSIDERED,0.8504298245614035,-1,-1,-1,-1,-1,-1,-1,-1,false
ecuador-delayed-expansion,seed-2,MASS,28,MASS-NEWF-MASS-CAPEX-5,PD_MECH_PAYBACK_UNATTRACTIVE,-1,5816.94,193.89800000000002,193898.00000000003,2500000,12.893376930138524,0.7916666666666666,1,9.5,false
ecuador-delayed-expansion,seed-2,MASS,28,,PD_MECH_DEFERRED,-1,-1,-1,-1,-1,-1,-1,-1,-1,false
ecuador-delayed-expansion,seed-2,BAL,28,BAL-NEWF-BAL-CAPEX-11,PD_MECH_CONSIDERED,0,-1,-1,-1,-1,-1,-1,-1,-1,false
ecuador-delayed-expansion,seed-2,BAL,28,BAL-NEWF-BAL-CAPEX-11,PD_MECH_LOW_UTILIZATION,0,-1,-1,-1,-1,-1,-1,-1,-1,false
ecuador-delayed-expansion,seed-2,BAL,28,,PD_MECH_DEFERRED,-1,-1,-1,-1,-1,-1,-1,-1,-1,false
ecuador-delayed-expansion,seed-2,JPQ,28,,PD_MECH_DEFERRED,-1,-1,-1,-1,-1,-1,-1,-1,-1,false
ecuador-delayed-expansion,seed-2,CONSV,28,,PD_MECH_DEFERRED,-1,-1,-1,-1,-1,-1,-1,-1,-1,false
ecuador-delayed-expansion,seed-2,VAP,28,,PD_MECH_DEFERRED,-1,-1,-1,-1,-1,-1,-1,-1,-1,false
ecuador-delayed-expansion,seed-2,MASS,29,MASS-F1,PD_MECH_CONSIDERED,0.8270646766169154,-1,-1,-1,-1,-1,-1,-1,-1,false
ecuador-delayed-expansion,seed-2,MASS,29,MASS-F1,PD_MECH_PAYBACK_UNATTRACTIVE,-1,4737.84,157.928,157928,2500000,15.829998480320146,0.7916666666666666,1,9.5,false
ecuador-delayed-expansion,seed-2,MASS,29,MASS-NEWF-MASS-CAPEX-5,PD_MECH_CONSIDERED,0.676625730994152,-1,-1,-1,-1,-1,-1,-1,-1,false
ecuador-delayed-expansion,seed-2,MASS,29,MASS-NEWF-MASS-CAPEX-5,PD_MECH_PAYBACK_UNATTRACTIVE,-1,4628.12,154.27066666666667,154270.66666666666,2500000,16.20528421907816,0.7916666666666666,1,9.5,false
ecuador-delayed-expansion,seed-2,MASS,29,,PD_MECH_DEFERRED,-1,-1,-1,-1,-1,-1,-1,-1,-1,false
ecuador-delayed-expansion,seed-2,BAL,29,BAL-NEWF-BAL-CAPEX-11,PD_MECH_CONSIDERED,0.5598216374269006,-1,-1,-1,-1,-1,-1,-1,-1,false
ecuador-delayed-expansion,seed-2,BAL,29,BAL-NEWF-BAL-CAPEX-11,PD_MECH_PAYBACK_UNATTRACTIVE,-1,2871.885,95.72950000000003,95729.50000000003,2500000,26.11525182937338,1,1,12,false
ecuador-delayed-expansion,seed-2,BAL,29,,PD_MECH_DEFERRED,-1,-1,-1,-1,-1,-1,-1,-1,-1,false
ecuador-delayed-expansion,seed-2,JPQ,29,,PD_MECH_DEFERRED,-1,-1,-1,-1,-1,-1,-1,-1,-1,false
ecuador-delayed-expansion,seed-2,CONSV,29,,PD_MECH_DEFERRED,-1,-1,-1,-1,-1,-1,-1,-1,-1,false
ecuador-delayed-expansion,seed-2,VAP,29,,PD_MECH_DEFERRED,-1,-1,-1,-1,-1,-1,-1,-1,-1,false
ecuador-delayed-expansion,seed-2,MASS,30,MASS-F1,PD_MECH_CONSIDERED,0.7117604957667801,-1,-1,-1,-1,-1,-1,-1,-1,false
ecuador-delayed-expansion,seed-2,MASS,30,MASS-F1,PD_MECH_PAYBACK_UNATTRACTIVE,-1,4077.32,135.91066666666666,135910.66666666666,2500000,18.394435560613346,0.7916666666666666,1,9.5,false
ecuador-delayed-expansion,seed-2,MASS,30,MASS-NEWF-MASS-CAPEX-5,PD_MECH_CONSIDERED,0.6130745614035088,-1,-1,-1,-1,-1,-1,-1,-1,false
ecuador-delayed-expansion,seed-2,MASS,30,MASS-NEWF-MASS-CAPEX-5,PD_MECH_PAYBACK_UNATTRACTIVE,-1,4193.43,139.78099999999995,139780.99999999994,2500000,17.885120295319116,0.7916666666666666,1,9.5,false
ecuador-delayed-expansion,seed-2,MASS,30,,PD_MECH_DEFERRED,-1,-1,-1,-1,-1,-1,-1,-1,-1,false
ecuador-delayed-expansion,seed-2,BAL,30,BAL-NEWF-BAL-CAPEX-11,PD_MECH_CONSIDERED,0.6472631578947369,-1,-1,-1,-1,-1,-1,-1,-1,false
ecuador-delayed-expansion,seed-2,BAL,30,BAL-NEWF-BAL-CAPEX-11,PD_MECH_PAYBACK_UNATTRACTIVE,-1,4427.280000000001,147.57600000000002,147576.00000000003,2500000,16.9404239171681,1,1,12,false
ecuador-delayed-expansion,seed-2,BAL,30,,PD_MECH_DEFERRED,-1,-1,-1,-1,-1,-1,-1,-1,-1,false
ecuador-delayed-expansion,seed-2,JPQ,30,,PD_MECH_DEFERRED,-1,-1,-1,-1,-1,-1,-1,-1,-1,false
ecuador-delayed-expansion,seed-2,CONSV,30,,PD_MECH_DEFERRED,-1,-1,-1,-1,-1,-1,-1,-1,-1,false
ecuador-delayed-expansion,seed-2,VAP,30,,PD_MECH_DEFERRED,-1,-1,-1,-1,-1,-1,-1,-1,-1,false
ecuador-delayed-expansion,seed-2,MASS,31,MASS-F1,PD_MECH_CONSIDERED,0.6508614820633674,-1,-1,-1,-1,-1,-1,-1,-1,false
ecuador-delayed-expansion,seed-2,MASS,31,MASS-F1,PD_MECH_PAYBACK_UNATTRACTIVE,-1,3728.46,124.28200000000004,124282.00000000004,2500000,20.115543682914655,0.7916666666666666,1,9.5,false
ecuador-delayed-expansion,seed-2,MASS,31,MASS-NEWF-MASS-CAPEX-5,PD_MECH_CONSIDERED,0.4400511695906432,-1,-1,-1,-1,-1,-1,-1,-1,false
ecuador-delayed-expansion,seed-2,MASS,31,MASS-NEWF-MASS-CAPEX-5,PD_MECH_LOW_UTILIZATION,0.4400511695906432,-1,-1,-1,-1,-1,-1,-1,-1,false
ecuador-delayed-expansion,seed-2,MASS,31,,PD_MECH_DEFERRED,-1,-1,-1,-1,-1,-1,-1,-1,-1,false
ecuador-delayed-expansion,seed-2,BAL,31,BAL-NEWF-BAL-CAPEX-11,PD_MECH_CONSIDERED,0.6933830409356725,-1,-1,-1,-1,-1,-1,-1,-1,false
ecuador-delayed-expansion,seed-2,BAL,31,BAL-NEWF-BAL-CAPEX-11,PD_MECH_PAYBACK_UNATTRACTIVE,-1,4742.74,158.0913333333334,158091.3333333334,2500000,15.813643589992276,1,1,12,false
ecuador-delayed-expansion,seed-2,BAL,31,,PD_MECH_DEFERRED,-1,-1,-1,-1,-1,-1,-1,-1,-1,false
ecuador-delayed-expansion,seed-2,JPQ,31,,PD_MECH_DEFERRED,-1,-1,-1,-1,-1,-1,-1,-1,-1,false
ecuador-delayed-expansion,seed-2,CONSV,31,,PD_MECH_DEFERRED,-1,-1,-1,-1,-1,-1,-1,-1,-1,false
ecuador-delayed-expansion,seed-2,VAP,31,,PD_MECH_DEFERRED,-1,-1,-1,-1,-1,-1,-1,-1,-1,false
ecuador-delayed-expansion,seed-2,MASS,32,MASS-F1,PD_MECH_CONSIDERED,0.7069145500567339,-1,-1,-1,-1,-1,-1,-1,-1,false
ecuador-delayed-expansion,seed-2,MASS,32,MASS-F1,PD_MECH_PAYBACK_UNATTRACTIVE,-1,4049.56,134.98533333333341,134985.3333333334,2500000,18.520530625549434,0.7916666666666666,1,9.5,false
ecuador-delayed-expansion,seed-2,MASS,32,MASS-NEWF-MASS-CAPEX-5,PD_MECH_CONSIDERED,0.4706725146198831,-1,-1,-1,-1,-1,-1,-1,-1,false
ecuador-delayed-expansion,seed-2,MASS,32,MASS-NEWF-MASS-CAPEX-5,PD_MECH_LOW_UTILIZATION,0.4706725146198831,-1,-1,-1,-1,-1,-1,-1,-1,false
ecuador-delayed-expansion,seed-2,MASS,32,MASS-NEWF-MASS-CAPEX-8,PD_MECH_CONSIDERED,0,-1,-1,-1,-1,-1,-1,-1,-1,false
ecuador-delayed-expansion,seed-2,MASS,32,MASS-NEWF-MASS-CAPEX-8,PD_MECH_LOW_UTILIZATION,0,-1,-1,-1,-1,-1,-1,-1,-1,false
ecuador-delayed-expansion,seed-2,MASS,32,,PD_MECH_DEFERRED,-1,-1,-1,-1,-1,-1,-1,-1,-1,false
ecuador-delayed-expansion,seed-2,BAL,32,BAL-NEWF-BAL-CAPEX-11,PD_MECH_CONSIDERED,0.7760190058479532,-1,-1,-1,-1,-1,-1,-1,-1,false
ecuador-delayed-expansion,seed-2,BAL,32,BAL-NEWF-BAL-CAPEX-11,PD_MECH_PAYBACK_UNATTRACTIVE,-1,5307.97,176.9323333333333,176932.3333333333,2500000,14.12969553332065,1,1,12,false
ecuador-delayed-expansion,seed-2,BAL,32,,PD_MECH_DEFERRED,-1,-1,-1,-1,-1,-1,-1,-1,-1,false
ecuador-delayed-expansion,seed-2,JPQ,32,,PD_MECH_DEFERRED,-1,-1,-1,-1,-1,-1,-1,-1,-1,false
ecuador-delayed-expansion,seed-2,CONSV,32,,PD_MECH_DEFERRED,-1,-1,-1,-1,-1,-1,-1,-1,-1,false
ecuador-delayed-expansion,seed-2,VAP,32,,PD_MECH_DEFERRED,-1,-1,-1,-1,-1,-1,-1,-1,-1,false
ecuador-delayed-expansion,seed-3,MASS,1,MASS-F1,PD_MECH_CONSIDERED,0,-1,-1,-1,-1,-1,-1,-1,-1,false
ecuador-delayed-expansion,seed-3,MASS,1,MASS-F1,PD_MECH_LOW_UTILIZATION,0,-1,-1,-1,-1,-1,-1,-1,-1,false
ecuador-delayed-expansion,seed-3,MASS,1,,PD_MECH_DEFERRED,-1,-1,-1,-1,-1,-1,-1,-1,-1,false
ecuador-delayed-expansion,seed-3,BAL,1,BAL-F1,PD_MECH_CONSIDERED,0,-1,-1,-1,-1,-1,-1,-1,-1,false
ecuador-delayed-expansion,seed-3,BAL,1,BAL-F1,PD_MECH_LOW_UTILIZATION,0,-1,-1,-1,-1,-1,-1,-1,-1,false
ecuador-delayed-expansion,seed-3,BAL,1,,PD_MECH_DEFERRED,-1,-1,-1,-1,-1,-1,-1,-1,-1,false
ecuador-delayed-expansion,seed-3,JPQ,1,JPQ-F1,PD_MECH_CONSIDERED,0,-1,-1,-1,-1,-1,-1,-1,-1,false
ecuador-delayed-expansion,seed-3,JPQ,1,JPQ-F1,PD_MECH_LOW_UTILIZATION,0,-1,-1,-1,-1,-1,-1,-1,-1,false
ecuador-delayed-expansion,seed-3,JPQ,1,,PD_MECH_DEFERRED,-1,-1,-1,-1,-1,-1,-1,-1,-1,false
ecuador-delayed-expansion,seed-3,CONSV,1,CONSV-F1,PD_MECH_CONSIDERED,0,-1,-1,-1,-1,-1,-1,-1,-1,false
ecuador-delayed-expansion,seed-3,CONSV,1,CONSV-F1,PD_MECH_LOW_UTILIZATION,0,-1,-1,-1,-1,-1,-1,-1,-1,false
ecuador-delayed-expansion,seed-3,CONSV,1,,PD_MECH_DEFERRED,-1,-1,-1,-1,-1,-1,-1,-1,-1,false
ecuador-delayed-expansion,seed-3,VAP,1,VAP-F1,PD_MECH_CONSIDERED,0,-1,-1,-1,-1,-1,-1,-1,-1,false
ecuador-delayed-expansion,seed-3,VAP,1,VAP-F1,PD_MECH_LOW_UTILIZATION,0,-1,-1,-1,-1,-1,-1,-1,-1,false
ecuador-delayed-expansion,seed-3,VAP,1,,PD_MECH_DEFERRED,-1,-1,-1,-1,-1,-1,-1,-1,-1,false
ecuador-delayed-expansion,seed-3,MASS,2,MASS-F1,PD_MECH_CONSIDERED,0.7883040935672515,-1,-1,-1,-1,-1,-1,-1,-1,false
ecuador-delayed-expansion,seed-3,MASS,2,MASS-F1,PD_MECH_PAYBACK_UNATTRACTIVE,-1,4044.0000000000005,134.79999999999995,134799.99999999994,2500000,18.545994065281906,0.7916666666666666,1,9.5,false
ecuador-delayed-expansion,seed-3,MASS,2,,PD_MECH_DEFERRED,-1,-1,-1,-1,-1,-1,-1,-1,-1,false
ecuador-delayed-expansion,seed-3,BAL,2,BAL-F1,PD_MECH_CONSIDERED,0.9271929824561403,-1,-1,-1,-1,-1,-1,-1,-1,false
ecuador-delayed-expansion,seed-3,BAL,2,BAL-F1,PD_MECH_PAYBACK_UNATTRACTIVE,-1,5549.25,184.9749999999999,184974.9999999999,2500000,13.515339910798764,1,1,12,false
ecuador-delayed-expansion,seed-3,BAL,2,,PD_MECH_DEFERRED,-1,-1,-1,-1,-1,-1,-1,-1,-1,false
ecuador-delayed-expansion,seed-3,JPQ,2,JPQ-F1,PD_MECH_CONSIDERED,1,-1,-1,-1,-1,-1,-1,-1,-1,false
ecuador-delayed-expansion,seed-3,JPQ,2,,PD_MECH_FINANCE_BLOCKED,-1,-1,-1,-1,2500000,-1,-1,-1,-1,false
ecuador-delayed-expansion,seed-3,CONSV,2,CONSV-F1,PD_MECH_CONSIDERED,1,-1,-1,-1,-1,-1,-1,-1,-1,false
ecuador-delayed-expansion,seed-3,CONSV,2,,PD_MECH_FINANCE_BLOCKED,-1,-1,-1,-1,2500000,-1,-1,-1,-1,false
ecuador-delayed-expansion,seed-3,VAP,2,VAP-F1,PD_MECH_CONSIDERED,1,-1,-1,-1,-1,-1,-1,-1,-1,false
ecuador-delayed-expansion,seed-3,VAP,2,,PD_MECH_FINANCE_BLOCKED,-1,-1,-1,-1,2500000,-1,-1,-1,-1,false
ecuador-delayed-expansion,seed-3,MASS,3,MASS-F1,PD_MECH_CONSIDERED,0.6222183235867447,-1,-1,-1,-1,-1,-1,-1,-1,false
ecuador-delayed-expansion,seed-3,MASS,3,MASS-F1,PD_MECH_PAYBACK_UNATTRACTIVE,-1,3191.98,106.39933333333329,106399.33333333328,2500000,23.496387821978846,0.7916666666666666,1,9.5,false
ecuador-delayed-expansion,seed-3,MASS,3,,PD_MECH_DEFERRED,-1,-1,-1,-1,-1,-1,-1,-1,-1,false
ecuador-delayed-expansion,seed-3,BAL,3,BAL-F1,PD_MECH_CONSIDERED,1,-1,-1,-1,-1,-1,-1,-1,-1,false
ecuador-delayed-expansion,seed-3,BAL,3,BAL-F1,PD_MECH_PAYBACK_UNATTRACTIVE,-1,5985,199.5,199500,2500000,12.531328320802006,1,1,12,false
ecuador-delayed-expansion,seed-3,BAL,3,,PD_MECH_DEFERRED,-1,-1,-1,-1,-1,-1,-1,-1,-1,false
ecuador-delayed-expansion,seed-3,JPQ,3,JPQ-F1,PD_MECH_CONSIDERED,0.8874108187134503,-1,-1,-1,-1,-1,-1,-1,-1,false
ecuador-delayed-expansion,seed-3,JPQ,3,JPQ-F1,PD_MECH_PROPOSED,-1,6069.89,202.32966666666664,202329.66666666663,2500000,12.356072350569782,1.1176470588235294,1,13.411764705882353,true
ecuador-delayed-expansion,seed-3,CONSV,3,CONSV-F1,PD_MECH_CONSIDERED,0.8540601503759399,-1,-1,-1,-1,-1,-1,-1,-1,false
ecuador-delayed-expansion,seed-3,CONSV,3,CONSV-F1,PD_MECH_PAYBACK_UNATTRACTIVE,-1,5111.55,170.385,170385,2500000,14.672653109135194,1.2105263157894737,1.05,13.834586466165414,false
ecuador-delayed-expansion,seed-3,CONSV,3,,PD_MECH_DEFERRED,-1,-1,-1,-1,-1,-1,-1,-1,-1,false
ecuador-delayed-expansion,seed-3,VAP,3,VAP-F1,PD_MECH_CONSIDERED,0.9596881091617934,-1,-1,-1,-1,-1,-1,-1,-1,false
ecuador-delayed-expansion,seed-3,VAP,3,,PD_MECH_FINANCE_BLOCKED,-1,-1,-1,-1,2500000,-1,-1,-1,-1,false
ecuador-delayed-expansion,seed-3,MASS,4,MASS-F1,PD_MECH_CONSIDERED,1,-1,-1,-1,-1,-1,-1,-1,-1,false
ecuador-delayed-expansion,seed-3,MASS,4,MASS-F1,PD_MECH_PAYBACK_UNATTRACTIVE,-1,5130,171,171000,2500000,14.619883040935672,0.7916666666666666,1,9.5,false
ecuador-delayed-expansion,seed-3,MASS,4,,PD_MECH_DEFERRED,-1,-1,-1,-1,-1,-1,-1,-1,-1,false
ecuador-delayed-expansion,seed-3,BAL,4,BAL-F1,PD_MECH_CONSIDERED,1,-1,-1,-1,-1,-1,-1,-1,-1,false
ecuador-delayed-expansion,seed-3,BAL,4,BAL-F1,PD_MECH_PAYBACK_UNATTRACTIVE,-1,5985,199.5,199500,2500000,12.531328320802006,1,1,12,false
ecuador-delayed-expansion,seed-3,BAL,4,,PD_MECH_DEFERRED,-1,-1,-1,-1,-1,-1,-1,-1,-1,false
ecuador-delayed-expansion,seed-3,JPQ,4,,PD_MECH_DEFERRED,-1,-1,-1,-1,-1,-1,-1,-1,-1,false
ecuador-delayed-expansion,seed-3,CONSV,4,CONSV-F1,PD_MECH_CONSIDERED,0.9301487050960735,-1,-1,-1,-1,-1,-1,-1,-1,false
ecuador-delayed-expansion,seed-3,CONSV,4,CONSV-F1,PD_MECH_PROPOSED,-1,5566.94,185.56466666666665,185564.66666666666,2500000,13.472392373548125,1.2105263157894737,1.05,13.834586466165414,true
ecuador-delayed-expansion,seed-3,VAP,4,VAP-F1,PD_MECH_CONSIDERED,0.9049278752436647,-1,-1,-1,-1,-1,-1,-1,-1,false
ecuador-delayed-expansion,seed-3,VAP,4,,PD_MECH_FINANCE_BLOCKED,-1,-1,-1,-1,2500000,-1,-1,-1,-1,false
ecuador-delayed-expansion,seed-3,MASS,5,MASS-F1,PD_MECH_CONSIDERED,0.5641656920077973,-1,-1,-1,-1,-1,-1,-1,-1,false
ecuador-delayed-expansion,seed-3,MASS,5,MASS-F1,PD_MECH_PAYBACK_UNATTRACTIVE,-1,2894.17,96.47233333333338,96472.33333333339,2500000,25.914165373837736,0.7916666666666666,1,9.5,false
ecuador-delayed-expansion,seed-3,MASS,5,,PD_MECH_DEFERRED,-1,-1,-1,-1,-1,-1,-1,-1,-1,false
ecuador-delayed-expansion,seed-3,BAL,5,BAL-F1,PD_MECH_CONSIDERED,1,-1,-1,-1,-1,-1,-1,-1,-1,false
ecuador-delayed-expansion,seed-3,BAL,5,BAL-F1,PD_MECH_PAYBACK_UNATTRACTIVE,-1,5985,199.5,199500,2500000,12.531328320802006,1,1,12,false
ecuador-delayed-expansion,seed-3,BAL,5,,PD_MECH_DEFERRED,-1,-1,-1,-1,-1,-1,-1,-1,-1,false
ecuador-delayed-expansion,seed-3,JPQ,5,,PD_MECH_DEFERRED,-1,-1,-1,-1,-1,-1,-1,-1,-1,false
ecuador-delayed-expansion,seed-3,CONSV,5,CONSV-F1,PD_MECH_CONSIDERED,1,-1,-1,-1,-1,-1,-1,-1,-1,false
ecuador-delayed-expansion,seed-3,CONSV,5,CONSV-F1,PD_MECH_PROPOSED,-1,5985,199.5,199500,2500000,12.531328320802006,1.2105263157894737,1.05,13.834586466165414,true
ecuador-delayed-expansion,seed-3,VAP,5,VAP-F1,PD_MECH_CONSIDERED,1,-1,-1,-1,-1,-1,-1,-1,-1,false
ecuador-delayed-expansion,seed-3,VAP,5,,PD_MECH_FINANCE_BLOCKED,-1,-1,-1,-1,2500000,-1,-1,-1,-1,false
ecuador-delayed-expansion,seed-3,MASS,6,MASS-F1,PD_MECH_CONSIDERED,0.9984113060428851,-1,-1,-1,-1,-1,-1,-1,-1,false
ecuador-delayed-expansion,seed-3,MASS,6,MASS-F1,PD_MECH_PAYBACK_UNATTRACTIVE,-1,5121.85,170.72833333333335,170728.33333333334,2500000,14.643146519324072,0.7916666666666666,1,9.5,false
ecuador-delayed-expansion,seed-3,MASS,6,,PD_MECH_DEFERRED,-1,-1,-1,-1,-1,-1,-1,-1,-1,false
ecuador-delayed-expansion,seed-3,BAL,6,BAL-F1,PD_MECH_CONSIDERED,0.9005363408521303,-1,-1,-1,-1,-1,-1,-1,-1,false
ecuador-delayed-expansion,seed-3,BAL,6,BAL-F1,PD_MECH_PAYBACK_UNATTRACTIVE,-1,5659.1955,188.6398499999999,188639.84999999992,2500000,13.252767111509053,1,1,12,false
ecuador-delayed-expansion,seed-3,BAL,6,,PD_MECH_DEFERRED,-1,-1,-1,-1,-1,-1,-1,-1,-1,false
ecuador-delayed-expansion,seed-3,JPQ,6,,PD_MECH_DEFERRED,-1,-1,-1,-1,-1,-1,-1,-1,-1,false
ecuador-delayed-expansion,seed-3,CONSV,6,,PD_MECH_DEFERRED,-1,-1,-1,-1,-1,-1,-1,-1,-1,false
ecuador-delayed-expansion,seed-3,VAP,6,VAP-F1,PD_MECH_CONSIDERED,1,-1,-1,-1,-1,-1,-1,-1,-1,false
ecuador-delayed-expansion,seed-3,VAP,6,,PD_MECH_FINANCE_BLOCKED,-1,-1,-1,-1,2500000,-1,-1,-1,-1,false
ecuador-delayed-expansion,seed-3,MASS,7,MASS-F1,PD_MECH_CONSIDERED,0.5814171539961014,-1,-1,-1,-1,-1,-1,-1,-1,false
ecuador-delayed-expansion,seed-3,MASS,7,MASS-F1,PD_MECH_PAYBACK_UNATTRACTIVE,-1,2982.67,99.42233333333331,99422.33333333331,2500000,25.1452557607781,0.7916666666666666,1,9.5,false
ecuador-delayed-expansion,seed-3,MASS,7,,PD_MECH_DEFERRED,-1,-1,-1,-1,-1,-1,-1,-1,-1,false
ecuador-delayed-expansion,seed-3,BAL,7,BAL-F1,PD_MECH_CONSIDERED,0.9455113975414727,-1,-1,-1,-1,-1,-1,-1,-1,false
ecuador-delayed-expansion,seed-3,BAL,7,BAL-F1,PD_MECH_PAYBACK_UNATTRACTIVE,-1,5941.83,198.06100000000004,198061.00000000003,2500000,12.62237391510696,1,1,12,false
ecuador-delayed-expansion,seed-3,BAL,7,,PD_MECH_DEFERRED,-1,-1,-1,-1,-1,-1,-1,-1,-1,false
ecuador-delayed-expansion,seed-3,JPQ,7,,PD_MECH_DEFERRED,-1,-1,-1,-1,-1,-1,-1,-1,-1,false
ecuador-delayed-expansion,seed-3,CONSV,7,,PD_MECH_DEFERRED,-1,-1,-1,-1,-1,-1,-1,-1,-1,false
ecuador-delayed-expansion,seed-3,VAP,7,VAP-F1,PD_MECH_CONSIDERED,1,-1,-1,-1,-1,-1,-1,-1,-1,false
ecuador-delayed-expansion,seed-3,VAP,7,,PD_MECH_FINANCE_BLOCKED,-1,-1,-1,-1,2500000,-1,-1,-1,-1,false
ecuador-delayed-expansion,seed-3,MASS,8,MASS-F1,PD_MECH_CONSIDERED,0.9815672514619882,-1,-1,-1,-1,-1,-1,-1,-1,false
ecuador-delayed-expansion,seed-3,MASS,8,MASS-F1,PD_MECH_PAYBACK_UNATTRACTIVE,-1,5035.44,167.84800000000007,167848.00000000006,2500000,14.894428292264424,0.7916666666666666,1,9.5,false
ecuador-delayed-expansion,seed-3,MASS,8,,PD_MECH_DEFERRED,-1,-1,-1,-1,-1,-1,-1,-1,-1,false
ecuador-delayed-expansion,seed-3,BAL,8,BAL-F1,PD_MECH_CONSIDERED,0.9939817798464415,-1,-1,-1,-1,-1,-1,-1,-1,false
ecuador-delayed-expansion,seed-3,BAL,8,BAL-F1,PD_MECH_PAYBACK_UNATTRACTIVE,-1,6246.43,208.21433333333334,208214.33333333334,2500000,12.00685831747094,1,1,12,false
ecuador-delayed-expansion,seed-3,BAL,8,,PD_MECH_DEFERRED,-1,-1,-1,-1,-1,-1,-1,-1,-1,false
ecuador-delayed-expansion,seed-3,JPQ,8,,PD_MECH_DEFERRED,-1,-1,-1,-1,-1,-1,-1,-1,-1,false
ecuador-delayed-expansion,seed-3,CONSV,8,,PD_MECH_DEFERRED,-1,-1,-1,-1,-1,-1,-1,-1,-1,false
ecuador-delayed-expansion,seed-3,VAP,8,VAP-F1,PD_MECH_CONSIDERED,1,-1,-1,-1,-1,-1,-1,-1,-1,false
ecuador-delayed-expansion,seed-3,VAP,8,VAP-F1,PD_MECH_PROPOSED,-1,5130,171,171000,2500000,14.619883040935672,1.411764705882353,1,16.941176470588236,true
ecuador-delayed-expansion,seed-3,MASS,9,MASS-F1,PD_MECH_CONSIDERED,0.37253021442495127,-1,-1,-1,-1,-1,-1,-1,-1,false
ecuador-delayed-expansion,seed-3,MASS,9,MASS-F1,PD_MECH_LOW_UTILIZATION,0.37253021442495127,-1,-1,-1,-1,-1,-1,-1,-1,false
ecuador-delayed-expansion,seed-3,MASS,9,,PD_MECH_DEFERRED,-1,-1,-1,-1,-1,-1,-1,-1,-1,false
ecuador-delayed-expansion,seed-3,BAL,9,BAL-F1,PD_MECH_CONSIDERED,0.9939817798464415,-1,-1,-1,-1,-1,-1,-1,-1,false
ecuador-delayed-expansion,seed-3,BAL,9,BAL-F1,PD_MECH_PAYBACK_UNATTRACTIVE,-1,6246.43,208.21433333333334,208214.33333333334,2500000,12.00685831747094,1,1,12,false
ecuador-delayed-expansion,seed-3,BAL,9,,PD_MECH_DEFERRED,-1,-1,-1,-1,-1,-1,-1,-1,-1,false
ecuador-delayed-expansion,seed-3,JPQ,9,,PD_MECH_DEFERRED,-1,-1,-1,-1,-1,-1,-1,-1,-1,false
ecuador-delayed-expansion,seed-3,CONSV,9,,PD_MECH_DEFERRED,-1,-1,-1,-1,-1,-1,-1,-1,-1,false
ecuador-delayed-expansion,seed-3,VAP,9,,PD_MECH_DEFERRED,-1,-1,-1,-1,-1,-1,-1,-1,-1,false
ecuador-delayed-expansion,seed-3,MASS,10,MASS-F1,PD_MECH_CONSIDERED,1,-1,-1,-1,-1,-1,-1,-1,-1,false
ecuador-delayed-expansion,seed-3,MASS,10,MASS-F1,PD_MECH_PAYBACK_UNATTRACTIVE,-1,5130,171,171000,2500000,14.619883040935672,0.7916666666666666,1,9.5,false
ecuador-delayed-expansion,seed-3,MASS,10,,PD_MECH_DEFERRED,-1,-1,-1,-1,-1,-1,-1,-1,-1,false
ecuador-delayed-expansion,seed-3,BAL,10,BAL-F1,PD_MECH_CONSIDERED,0.9942602538091261,-1,-1,-1,-1,-1,-1,-1,-1,false
ecuador-delayed-expansion,seed-3,BAL,10,BAL-F1,PD_MECH_PAYBACK_UNATTRACTIVE,-1,6248.18,208.2726666666665,208272.6666666665,2500000,12.003495417865691,1,1,12,false
ecuador-delayed-expansion,seed-3,BAL,10,,PD_MECH_DEFERRED,-1,-1,-1,-1,-1,-1,-1,-1,-1,false
ecuador-delayed-expansion,seed-3,JPQ,10,,PD_MECH_DEFERRED,-1,-1,-1,-1,-1,-1,-1,-1,-1,false
ecuador-delayed-expansion,seed-3,CONSV,10,,PD_MECH_DEFERRED,-1,-1,-1,-1,-1,-1,-1,-1,-1,false
ecuador-delayed-expansion,seed-3,VAP,10,,PD_MECH_DEFERRED,-1,-1,-1,-1,-1,-1,-1,-1,-1,false
ecuador-delayed-expansion,seed-3,MASS,11,MASS-F1,PD_MECH_CONSIDERED,1,-1,-1,-1,-1,-1,-1,-1,-1,false
ecuador-delayed-expansion,seed-3,MASS,11,MASS-F1,PD_MECH_PAYBACK_UNATTRACTIVE,-1,5130,171,171000,2500000,14.619883040935672,0.7916666666666666,1,9.5,false
ecuador-delayed-expansion,seed-3,MASS,11,,PD_MECH_DEFERRED,-1,-1,-1,-1,-1,-1,-1,-1,-1,false
ecuador-delayed-expansion,seed-3,BAL,11,BAL-F1,PD_MECH_CONSIDERED,1,-1,-1,-1,-1,-1,-1,-1,-1,false
ecuador-delayed-expansion,seed-3,BAL,11,,PD_MECH_FINANCE_BLOCKED,-1,-1,-1,-1,2500000,-1,-1,-1,-1,false
ecuador-delayed-expansion,seed-3,JPQ,11,,PD_MECH_DEFERRED,-1,-1,-1,-1,-1,-1,-1,-1,-1,false
ecuador-delayed-expansion,seed-3,CONSV,11,,PD_MECH_DEFERRED,-1,-1,-1,-1,-1,-1,-1,-1,-1,false
ecuador-delayed-expansion,seed-3,VAP,11,,PD_MECH_DEFERRED,-1,-1,-1,-1,-1,-1,-1,-1,-1,false
ecuador-delayed-expansion,seed-3,MASS,12,MASS-F1,PD_MECH_CONSIDERED,1,-1,-1,-1,-1,-1,-1,-1,-1,false
ecuador-delayed-expansion,seed-3,MASS,12,MASS-F1,PD_MECH_PAYBACK_UNATTRACTIVE,-1,5130,171,171000,2500000,14.619883040935672,0.7916666666666666,1,9.5,false
ecuador-delayed-expansion,seed-3,MASS,12,,PD_MECH_DEFERRED,-1,-1,-1,-1,-1,-1,-1,-1,-1,false
ecuador-delayed-expansion,seed-3,BAL,12,BAL-F1,PD_MECH_CONSIDERED,0.9656246677299308,-1,-1,-1,-1,-1,-1,-1,-1,false
ecuador-delayed-expansion,seed-3,BAL,12,BAL-F1,PD_MECH_PROPOSED,-1,6357.19,211.90633333333335,211906.33333333334,2500000,11.797665320684139,1,1,12,true
ecuador-delayed-expansion,seed-3,JPQ,12,,PD_MECH_DEFERRED,-1,-1,-1,-1,-1,-1,-1,-1,-1,false
ecuador-delayed-expansion,seed-3,CONSV,12,,PD_MECH_DEFERRED,-1,-1,-1,-1,-1,-1,-1,-1,-1,false
ecuador-delayed-expansion,seed-3,VAP,12,,PD_MECH_DEFERRED,-1,-1,-1,-1,-1,-1,-1,-1,-1,false
ecuador-delayed-expansion,seed-3,MASS,13,MASS-F1,PD_MECH_CONSIDERED,0.9920019493177389,-1,-1,-1,-1,-1,-1,-1,-1,false
ecuador-delayed-expansion,seed-3,MASS,13,MASS-F1,PD_MECH_PAYBACK_UNATTRACTIVE,-1,5088.97,169.63233333333335,169632.33333333334,2500000,14.737756363271938,0.7916666666666666,1,9.5,false
ecuador-delayed-expansion,seed-3,MASS,13,,PD_MECH_DEFERRED,-1,-1,-1,-1,-1,-1,-1,-1,-1,false
ecuador-delayed-expansion,seed-3,BAL,13,,PD_MECH_DEFERRED,-1,-1,-1,-1,-1,-1,-1,-1,-1,false
ecuador-delayed-expansion,seed-3,JPQ,13,,PD_MECH_DEFERRED,-1,-1,-1,-1,-1,-1,-1,-1,-1,false
ecuador-delayed-expansion,seed-3,CONSV,13,,PD_MECH_DEFERRED,-1,-1,-1,-1,-1,-1,-1,-1,-1,false
ecuador-delayed-expansion,seed-3,VAP,13,,PD_MECH_DEFERRED,-1,-1,-1,-1,-1,-1,-1,-1,-1,false
ecuador-delayed-expansion,seed-3,MASS,14,MASS-F1,PD_MECH_CONSIDERED,0.8459337231968812,-1,-1,-1,-1,-1,-1,-1,-1,false
ecuador-delayed-expansion,seed-3,MASS,14,MASS-F1,PD_MECH_PAYBACK_UNATTRACTIVE,-1,4339.64,144.65466666666669,144654.6666666667,2500000,17.28253956549391,0.7916666666666666,1,9.5,false
ecuador-delayed-expansion,seed-3,MASS,14,,PD_MECH_DEFERRED,-1,-1,-1,-1,-1,-1,-1,-1,-1,false
ecuador-delayed-expansion,seed-3,BAL,14,,PD_MECH_DEFERRED,-1,-1,-1,-1,-1,-1,-1,-1,-1,false
ecuador-delayed-expansion,seed-3,JPQ,14,,PD_MECH_DEFERRED,-1,-1,-1,-1,-1,-1,-1,-1,-1,false
ecuador-delayed-expansion,seed-3,CONSV,14,,PD_MECH_DEFERRED,-1,-1,-1,-1,-1,-1,-1,-1,-1,false
ecuador-delayed-expansion,seed-3,VAP,14,,PD_MECH_DEFERRED,-1,-1,-1,-1,-1,-1,-1,-1,-1,false
ecuador-delayed-expansion,seed-3,MASS,15,MASS-F1,PD_MECH_CONSIDERED,0.7969493177387914,-1,-1,-1,-1,-1,-1,-1,-1,false
ecuador-delayed-expansion,seed-3,MASS,15,MASS-F1,PD_MECH_PAYBACK_UNATTRACTIVE,-1,4088.35,136.2783333333333,136278.3333333333,2500000,18.344809030537995,0.7916666666666666,1,9.5,false
ecuador-delayed-expansion,seed-3,MASS,15,,PD_MECH_DEFERRED,-1,-1,-1,-1,-1,-1,-1,-1,-1,false
ecuador-delayed-expansion,seed-3,BAL,15,,PD_MECH_DEFERRED,-1,-1,-1,-1,-1,-1,-1,-1,-1,false
ecuador-delayed-expansion,seed-3,JPQ,15,,PD_MECH_DEFERRED,-1,-1,-1,-1,-1,-1,-1,-1,-1,false
ecuador-delayed-expansion,seed-3,CONSV,15,,PD_MECH_DEFERRED,-1,-1,-1,-1,-1,-1,-1,-1,-1,false
ecuador-delayed-expansion,seed-3,VAP,15,,PD_MECH_DEFERRED,-1,-1,-1,-1,-1,-1,-1,-1,-1,false
ecuador-delayed-expansion,seed-3,MASS,16,MASS-F1,PD_MECH_CONSIDERED,0.9677095516569202,-1,-1,-1,-1,-1,-1,-1,-1,false
ecuador-delayed-expansion,seed-3,MASS,16,MASS-F1,PD_MECH_PAYBACK_UNATTRACTIVE,-1,4964.35,165.47833333333335,165478.33333333334,2500000,15.107718029550696,0.7916666666666666,1,9.5,false
ecuador-delayed-expansion,seed-3,MASS,16,,PD_MECH_DEFERRED,-1,-1,-1,-1,-1,-1,-1,-1,-1,false
ecuador-delayed-expansion,seed-3,BAL,16,,PD_MECH_DEFERRED,-1,-1,-1,-1,-1,-1,-1,-1,-1,false
ecuador-delayed-expansion,seed-3,JPQ,16,,PD_MECH_DEFERRED,-1,-1,-1,-1,-1,-1,-1,-1,-1,false
ecuador-delayed-expansion,seed-3,CONSV,16,,PD_MECH_DEFERRED,-1,-1,-1,-1,-1,-1,-1,-1,-1,false
ecuador-delayed-expansion,seed-3,VAP,16,,PD_MECH_DEFERRED,-1,-1,-1,-1,-1,-1,-1,-1,-1,false
ecuador-delayed-expansion,seed-3,MASS,17,MASS-F1,PD_MECH_CONSIDERED,0.8939415204678363,-1,-1,-1,-1,-1,-1,-1,-1,false
ecuador-delayed-expansion,seed-3,MASS,17,MASS-F1,PD_MECH_PAYBACK_UNATTRACTIVE,-1,4585.92,152.86399999999992,152863.9999999999,2500000,16.3544065312958,0.7916666666666666,1,9.5,false
ecuador-delayed-expansion,seed-3,MASS,17,,PD_MECH_DEFERRED,-1,-1,-1,-1,-1,-1,-1,-1,-1,false
ecuador-delayed-expansion,seed-3,BAL,17,,PD_MECH_DEFERRED,-1,-1,-1,-1,-1,-1,-1,-1,-1,false
ecuador-delayed-expansion,seed-3,JPQ,17,,PD_MECH_DEFERRED,-1,-1,-1,-1,-1,-1,-1,-1,-1,false
ecuador-delayed-expansion,seed-3,CONSV,17,,PD_MECH_DEFERRED,-1,-1,-1,-1,-1,-1,-1,-1,-1,false
ecuador-delayed-expansion,seed-3,VAP,17,,PD_MECH_DEFERRED,-1,-1,-1,-1,-1,-1,-1,-1,-1,false
ecuador-delayed-expansion,seed-3,MASS,18,MASS-F1,PD_MECH_CONSIDERED,0.8862378167641325,-1,-1,-1,-1,-1,-1,-1,-1,false
ecuador-delayed-expansion,seed-3,MASS,18,MASS-F1,PD_MECH_PAYBACK_UNATTRACTIVE,-1,4546.4,151.54666666666674,151546.66666666674,2500000,16.49656871370754,0.7916666666666666,1,9.5,false
ecuador-delayed-expansion,seed-3,MASS,18,,PD_MECH_DEFERRED,-1,-1,-1,-1,-1,-1,-1,-1,-1,false
ecuador-delayed-expansion,seed-3,BAL,18,,PD_MECH_DEFERRED,-1,-1,-1,-1,-1,-1,-1,-1,-1,false
ecuador-delayed-expansion,seed-3,JPQ,18,,PD_MECH_DEFERRED,-1,-1,-1,-1,-1,-1,-1,-1,-1,false
ecuador-delayed-expansion,seed-3,CONSV,18,,PD_MECH_DEFERRED,-1,-1,-1,-1,-1,-1,-1,-1,-1,false
ecuador-delayed-expansion,seed-3,VAP,18,,PD_MECH_DEFERRED,-1,-1,-1,-1,-1,-1,-1,-1,-1,false
ecuador-delayed-expansion,seed-3,MASS,19,MASS-F1,PD_MECH_CONSIDERED,1,-1,-1,-1,-1,-1,-1,-1,-1,false
ecuador-delayed-expansion,seed-3,MASS,19,MASS-F1,PD_MECH_PAYBACK_UNATTRACTIVE,-1,5130,171,171000,2500000,14.619883040935672,0.7916666666666666,1,9.5,false
ecuador-delayed-expansion,seed-3,MASS,19,,PD_MECH_DEFERRED,-1,-1,-1,-1,-1,-1,-1,-1,-1,false
ecuador-delayed-expansion,seed-3,BAL,19,,PD_MECH_DEFERRED,-1,-1,-1,-1,-1,-1,-1,-1,-1,false
ecuador-delayed-expansion,seed-3,JPQ,19,,PD_MECH_DEFERRED,-1,-1,-1,-1,-1,-1,-1,-1,-1,false
ecuador-delayed-expansion,seed-3,CONSV,19,,PD_MECH_DEFERRED,-1,-1,-1,-1,-1,-1,-1,-1,-1,false
ecuador-delayed-expansion,seed-3,VAP,19,,PD_MECH_DEFERRED,-1,-1,-1,-1,-1,-1,-1,-1,-1,false
ecuador-delayed-expansion,seed-3,MASS,20,MASS-F1,PD_MECH_CONSIDERED,1,-1,-1,-1,-1,-1,-1,-1,-1,false
ecuador-delayed-expansion,seed-3,MASS,20,MASS-F1,PD_MECH_PAYBACK_UNATTRACTIVE,-1,5130,171,171000,2500000,14.619883040935672,0.7916666666666666,1,9.5,false
ecuador-delayed-expansion,seed-3,MASS,20,,PD_MECH_DEFERRED,-1,-1,-1,-1,-1,-1,-1,-1,-1,false
ecuador-delayed-expansion,seed-3,BAL,20,,PD_MECH_DEFERRED,-1,-1,-1,-1,-1,-1,-1,-1,-1,false
ecuador-delayed-expansion,seed-3,JPQ,20,,PD_MECH_DEFERRED,-1,-1,-1,-1,-1,-1,-1,-1,-1,false
ecuador-delayed-expansion,seed-3,CONSV,20,,PD_MECH_DEFERRED,-1,-1,-1,-1,-1,-1,-1,-1,-1,false
ecuador-delayed-expansion,seed-3,VAP,20,,PD_MECH_DEFERRED,-1,-1,-1,-1,-1,-1,-1,-1,-1,false
ecuador-delayed-expansion,seed-3,MASS,21,MASS-F1,PD_MECH_CONSIDERED,1,-1,-1,-1,-1,-1,-1,-1,-1,false
ecuador-delayed-expansion,seed-3,MASS,21,MASS-F1,PD_MECH_PAYBACK_UNATTRACTIVE,-1,5130,171,171000,2500000,14.619883040935672,0.7916666666666666,1,9.5,false
ecuador-delayed-expansion,seed-3,MASS,21,,PD_MECH_DEFERRED,-1,-1,-1,-1,-1,-1,-1,-1,-1,false
ecuador-delayed-expansion,seed-3,BAL,21,,PD_MECH_DEFERRED,-1,-1,-1,-1,-1,-1,-1,-1,-1,false
ecuador-delayed-expansion,seed-3,JPQ,21,,PD_MECH_DEFERRED,-1,-1,-1,-1,-1,-1,-1,-1,-1,false
ecuador-delayed-expansion,seed-3,CONSV,21,,PD_MECH_DEFERRED,-1,-1,-1,-1,-1,-1,-1,-1,-1,false
ecuador-delayed-expansion,seed-3,VAP,21,,PD_MECH_DEFERRED,-1,-1,-1,-1,-1,-1,-1,-1,-1,false
ecuador-delayed-expansion,seed-3,MASS,22,MASS-F1,PD_MECH_CONSIDERED,0.9151325536062378,-1,-1,-1,-1,-1,-1,-1,-1,false
ecuador-delayed-expansion,seed-3,MASS,22,MASS-F1,PD_MECH_PAYBACK_UNATTRACTIVE,-1,4694.63,156.48766666666666,156487.66666666666,2500000,15.975699895412419,0.7916666666666666,1,9.5,false
ecuador-delayed-expansion,seed-3,MASS,22,,PD_MECH_DEFERRED,-1,-1,-1,-1,-1,-1,-1,-1,-1,false
ecuador-delayed-expansion,seed-3,BAL,22,,PD_MECH_DEFERRED,-1,-1,-1,-1,-1,-1,-1,-1,-1,false
ecuador-delayed-expansion,seed-3,JPQ,22,,PD_MECH_DEFERRED,-1,-1,-1,-1,-1,-1,-1,-1,-1,false
ecuador-delayed-expansion,seed-3,CONSV,22,,PD_MECH_DEFERRED,-1,-1,-1,-1,-1,-1,-1,-1,-1,false
ecuador-delayed-expansion,seed-3,VAP,22,,PD_MECH_DEFERRED,-1,-1,-1,-1,-1,-1,-1,-1,-1,false
ecuador-delayed-expansion,seed-3,MASS,23,MASS-F1,PD_MECH_CONSIDERED,1,-1,-1,-1,-1,-1,-1,-1,-1,false
ecuador-delayed-expansion,seed-3,MASS,23,MASS-F1,PD_MECH_PAYBACK_UNATTRACTIVE,-1,5429.25,180.9749999999999,180974.9999999999,2500000,13.814062715844736,0.7916666666666666,1,9.5,false
ecuador-delayed-expansion,seed-3,MASS,23,MASS-NEWF-MASS-CAPEX-3,PD_MECH_CONSIDERED,0,-1,-1,-1,-1,-1,-1,-1,-1,false
ecuador-delayed-expansion,seed-3,MASS,23,MASS-NEWF-MASS-CAPEX-3,PD_MECH_LOW_UTILIZATION,0,-1,-1,-1,-1,-1,-1,-1,-1,false
ecuador-delayed-expansion,seed-3,MASS,23,,PD_MECH_DEFERRED,-1,-1,-1,-1,-1,-1,-1,-1,-1,false
ecuador-delayed-expansion,seed-3,BAL,23,,PD_MECH_DEFERRED,-1,-1,-1,-1,-1,-1,-1,-1,-1,false
ecuador-delayed-expansion,seed-3,JPQ,23,,PD_MECH_DEFERRED,-1,-1,-1,-1,-1,-1,-1,-1,-1,false
ecuador-delayed-expansion,seed-3,CONSV,23,,PD_MECH_DEFERRED,-1,-1,-1,-1,-1,-1,-1,-1,-1,false
ecuador-delayed-expansion,seed-3,VAP,23,,PD_MECH_DEFERRED,-1,-1,-1,-1,-1,-1,-1,-1,-1,false
ecuador-delayed-expansion,seed-3,MASS,24,MASS-F1,PD_MECH_CONSIDERED,0.7502233273472395,-1,-1,-1,-1,-1,-1,-1,-1,false
ecuador-delayed-expansion,seed-3,MASS,24,MASS-F1,PD_MECH_PAYBACK_UNATTRACTIVE,-1,4073.15,135.77166666666665,135771.66666666666,2500000,18.41326737291777,0.7916666666666666,1,9.5,false
ecuador-delayed-expansion,seed-3,MASS,24,MASS-NEWF-MASS-CAPEX-3,PD_MECH_CONSIDERED,0.2889269005847953,-1,-1,-1,-1,-1,-1,-1,-1,false
ecuador-delayed-expansion,seed-3,MASS,24,MASS-NEWF-MASS-CAPEX-3,PD_MECH_LOW_UTILIZATION,0.2889269005847953,-1,-1,-1,-1,-1,-1,-1,-1,false
ecuador-delayed-expansion,seed-3,MASS,24,,PD_MECH_DEFERRED,-1,-1,-1,-1,-1,-1,-1,-1,-1,false
ecuador-delayed-expansion,seed-3,BAL,24,,PD_MECH_DEFERRED,-1,-1,-1,-1,-1,-1,-1,-1,-1,false
ecuador-delayed-expansion,seed-3,JPQ,24,,PD_MECH_DEFERRED,-1,-1,-1,-1,-1,-1,-1,-1,-1,false
ecuador-delayed-expansion,seed-3,CONSV,24,,PD_MECH_DEFERRED,-1,-1,-1,-1,-1,-1,-1,-1,-1,false
ecuador-delayed-expansion,seed-3,VAP,24,,PD_MECH_DEFERRED,-1,-1,-1,-1,-1,-1,-1,-1,-1,false
ecuador-delayed-expansion,seed-3,MASS,25,MASS-F1,PD_MECH_CONSIDERED,0.7451342266427223,-1,-1,-1,-1,-1,-1,-1,-1,false
ecuador-delayed-expansion,seed-3,MASS,25,MASS-F1,PD_MECH_PAYBACK_UNATTRACTIVE,-1,4045.5200000000004,134.8506666666666,134850.6666666666,2500000,18.539025885423886,0.7916666666666666,1,9.5,false
ecuador-delayed-expansion,seed-3,MASS,25,MASS-NEWF-MASS-CAPEX-3,PD_MECH_CONSIDERED,0.42805068226120857,-1,-1,-1,-1,-1,-1,-1,-1,false
ecuador-delayed-expansion,seed-3,MASS,25,MASS-NEWF-MASS-CAPEX-3,PD_MECH_LOW_UTILIZATION,0.42805068226120857,-1,-1,-1,-1,-1,-1,-1,-1,false
ecuador-delayed-expansion,seed-3,MASS,25,,PD_MECH_DEFERRED,-1,-1,-1,-1,-1,-1,-1,-1,-1,false
ecuador-delayed-expansion,seed-3,BAL,25,,PD_MECH_DEFERRED,-1,-1,-1,-1,-1,-1,-1,-1,-1,false
ecuador-delayed-expansion,seed-3,JPQ,25,,PD_MECH_DEFERRED,-1,-1,-1,-1,-1,-1,-1,-1,-1,false
ecuador-delayed-expansion,seed-3,CONSV,25,,PD_MECH_DEFERRED,-1,-1,-1,-1,-1,-1,-1,-1,-1,false
ecuador-delayed-expansion,seed-3,VAP,25,,PD_MECH_DEFERRED,-1,-1,-1,-1,-1,-1,-1,-1,-1,false
ecuador-delayed-expansion,seed-3,MASS,26,MASS-F1,PD_MECH_CONSIDERED,0.7185743887277248,-1,-1,-1,-1,-1,-1,-1,-1,false
ecuador-delayed-expansion,seed-3,MASS,26,MASS-F1,PD_MECH_PAYBACK_UNATTRACTIVE,-1,3901.32,130.04399999999998,130043.99999999999,2500000,19.224262557288306,0.7916666666666666,1,9.5,false
ecuador-delayed-expansion,seed-3,MASS,26,MASS-NEWF-MASS-CAPEX-3,PD_MECH_CONSIDERED,0.0003538011695906433,-1,-1,-1,-1,-1,-1,-1,-1,false
ecuador-delayed-expansion,seed-3,MASS,26,MASS-NEWF-MASS-CAPEX-3,PD_MECH_LOW_UTILIZATION,0.0003538011695906433,-1,-1,-1,-1,-1,-1,-1,-1,false
ecuador-delayed-expansion,seed-3,MASS,26,,PD_MECH_DEFERRED,-1,-1,-1,-1,-1,-1,-1,-1,-1,false
ecuador-delayed-expansion,seed-3,BAL,26,,PD_MECH_DEFERRED,-1,-1,-1,-1,-1,-1,-1,-1,-1,false
ecuador-delayed-expansion,seed-3,JPQ,26,,PD_MECH_DEFERRED,-1,-1,-1,-1,-1,-1,-1,-1,-1,false
ecuador-delayed-expansion,seed-3,CONSV,26,,PD_MECH_DEFERRED,-1,-1,-1,-1,-1,-1,-1,-1,-1,false
ecuador-delayed-expansion,seed-3,VAP,26,,PD_MECH_DEFERRED,-1,-1,-1,-1,-1,-1,-1,-1,-1,false
ecuador-delayed-expansion,seed-3,MASS,27,MASS-F1,PD_MECH_CONSIDERED,0.8848441313256895,-1,-1,-1,-1,-1,-1,-1,-1,false
ecuador-delayed-expansion,seed-3,MASS,27,MASS-F1,PD_MECH_PAYBACK_UNATTRACTIVE,-1,4804.04,160.1346666666667,160134.66666666672,2500000,15.611860017818332,0.7916666666666666,1,9.5,false
ecuador-delayed-expansion,seed-3,MASS,27,MASS-NEWF-MASS-CAPEX-3,PD_MECH_CONSIDERED,0.8848450292397662,-1,-1,-1,-1,-1,-1,-1,-1,false
ecuador-delayed-expansion,seed-3,MASS,27,MASS-NEWF-MASS-CAPEX-3,PD_MECH_PAYBACK_UNATTRACTIVE,-1,6052.34,201.74466666666672,201744.66666666672,2500000,12.391901314202437,0.7916666666666666,1,9.5,false
ecuador-delayed-expansion,seed-3,MASS,27,,PD_MECH_DEFERRED,-1,-1,-1,-1,-1,-1,-1,-1,-1,false
ecuador-delayed-expansion,seed-3,BAL,27,,PD_MECH_DEFERRED,-1,-1,-1,-1,-1,-1,-1,-1,-1,false
ecuador-delayed-expansion,seed-3,JPQ,27,,PD_MECH_DEFERRED,-1,-1,-1,-1,-1,-1,-1,-1,-1,false
ecuador-delayed-expansion,seed-3,CONSV,27,,PD_MECH_DEFERRED,-1,-1,-1,-1,-1,-1,-1,-1,-1,false
ecuador-delayed-expansion,seed-3,VAP,27,,PD_MECH_DEFERRED,-1,-1,-1,-1,-1,-1,-1,-1,-1,false
ecuador-delayed-expansion,seed-3,MASS,28,MASS-F1,PD_MECH_CONSIDERED,0.8448441313256896,-1,-1,-1,-1,-1,-1,-1,-1,false
ecuador-delayed-expansion,seed-3,MASS,28,MASS-F1,PD_MECH_PAYBACK_UNATTRACTIVE,-1,4586.87,152.89566666666667,152895.66666666666,2500000,16.35101932254457,0.7916666666666666,1,9.5,false
ecuador-delayed-expansion,seed-3,MASS,28,MASS-NEWF-MASS-CAPEX-3,PD_MECH_CONSIDERED,0.6689707602339182,-1,-1,-1,-1,-1,-1,-1,-1,false
ecuador-delayed-expansion,seed-3,MASS,28,MASS-NEWF-MASS-CAPEX-3,PD_MECH_PAYBACK_UNATTRACTIVE,-1,4575.76,152.52533333333338,152525.33333333337,2500000,16.390719792996133,0.7916666666666666,1,9.5,false
ecuador-delayed-expansion,seed-3,MASS,28,,PD_MECH_DEFERRED,-1,-1,-1,-1,-1,-1,-1,-1,-1,false
ecuador-delayed-expansion,seed-3,BAL,28,BAL-NEWF-BAL-CAPEX-11,PD_MECH_CONSIDERED,0,-1,-1,-1,-1,-1,-1,-1,-1,false
ecuador-delayed-expansion,seed-3,BAL,28,BAL-NEWF-BAL-CAPEX-11,PD_MECH_LOW_UTILIZATION,0,-1,-1,-1,-1,-1,-1,-1,-1,false
ecuador-delayed-expansion,seed-3,BAL,28,,PD_MECH_DEFERRED,-1,-1,-1,-1,-1,-1,-1,-1,-1,false
ecuador-delayed-expansion,seed-3,JPQ,28,,PD_MECH_DEFERRED,-1,-1,-1,-1,-1,-1,-1,-1,-1,false
ecuador-delayed-expansion,seed-3,CONSV,28,,PD_MECH_DEFERRED,-1,-1,-1,-1,-1,-1,-1,-1,-1,false
ecuador-delayed-expansion,seed-3,VAP,28,,PD_MECH_DEFERRED,-1,-1,-1,-1,-1,-1,-1,-1,-1,false
ecuador-delayed-expansion,seed-3,MASS,29,MASS-F1,PD_MECH_CONSIDERED,0.7466942947920984,-1,-1,-1,-1,-1,-1,-1,-1,false
ecuador-delayed-expansion,seed-3,MASS,29,MASS-F1,PD_MECH_PAYBACK_UNATTRACTIVE,-1,4053.9900000000002,135.13299999999992,135132.9999999999,2500000,18.500292304618426,0.7916666666666666,1,9.5,false
ecuador-delayed-expansion,seed-3,MASS,29,MASS-NEWF-MASS-CAPEX-3,PD_MECH_CONSIDERED,0.43705263157894736,-1,-1,-1,-1,-1,-1,-1,-1,false
ecuador-delayed-expansion,seed-3,MASS,29,MASS-NEWF-MASS-CAPEX-3,PD_MECH_LOW_UTILIZATION,0.43705263157894736,-1,-1,-1,-1,-1,-1,-1,-1,false
ecuador-delayed-expansion,seed-3,MASS,29,,PD_MECH_DEFERRED,-1,-1,-1,-1,-1,-1,-1,-1,-1,false
ecuador-delayed-expansion,seed-3,BAL,29,BAL-NEWF-BAL-CAPEX-11,PD_MECH_CONSIDERED,0.5598216374269006,-1,-1,-1,-1,-1,-1,-1,-1,false
ecuador-delayed-expansion,seed-3,BAL,29,BAL-NEWF-BAL-CAPEX-11,PD_MECH_PAYBACK_UNATTRACTIVE,-1,2871.885,95.72950000000003,95729.50000000003,2500000,26.11525182937338,1,1,12,false
ecuador-delayed-expansion,seed-3,BAL,29,,PD_MECH_DEFERRED,-1,-1,-1,-1,-1,-1,-1,-1,-1,false
ecuador-delayed-expansion,seed-3,JPQ,29,,PD_MECH_DEFERRED,-1,-1,-1,-1,-1,-1,-1,-1,-1,false
ecuador-delayed-expansion,seed-3,CONSV,29,,PD_MECH_DEFERRED,-1,-1,-1,-1,-1,-1,-1,-1,-1,false
ecuador-delayed-expansion,seed-3,VAP,29,,PD_MECH_DEFERRED,-1,-1,-1,-1,-1,-1,-1,-1,-1,false
ecuador-delayed-expansion,seed-3,MASS,30,MASS-F1,PD_MECH_CONSIDERED,0.8110567757977621,-1,-1,-1,-1,-1,-1,-1,-1,false
ecuador-delayed-expansion,seed-3,MASS,30,MASS-F1,PD_MECH_PAYBACK_UNATTRACTIVE,-1,4403.43,146.78099999999995,146780.99999999994,2500000,17.03217718914574,0.7916666666666666,1,9.5,false
ecuador-delayed-expansion,seed-3,MASS,30,MASS-NEWF-MASS-CAPEX-3,PD_MECH_CONSIDERED,0.43184941520467834,-1,-1,-1,-1,-1,-1,-1,-1,false
ecuador-delayed-expansion,seed-3,MASS,30,MASS-NEWF-MASS-CAPEX-3,PD_MECH_LOW_UTILIZATION,0.43184941520467834,-1,-1,-1,-1,-1,-1,-1,-1,false
ecuador-delayed-expansion,seed-3,MASS,30,,PD_MECH_DEFERRED,-1,-1,-1,-1,-1,-1,-1,-1,-1,false
ecuador-delayed-expansion,seed-3,BAL,30,BAL-NEWF-BAL-CAPEX-11,PD_MECH_CONSIDERED,0.6445886939571149,-1,-1,-1,-1,-1,-1,-1,-1,false
ecuador-delayed-expansion,seed-3,BAL,30,BAL-NEWF-BAL-CAPEX-11,PD_MECH_PAYBACK_UNATTRACTIVE,-1,4408.986666666666,146.9662222222222,146966.2222222222,2500000,17.01071145599594,1,1,12,false
ecuador-delayed-expansion,seed-3,BAL,30,,PD_MECH_DEFERRED,-1,-1,-1,-1,-1,-1,-1,-1,-1,false
ecuador-delayed-expansion,seed-3,JPQ,30,,PD_MECH_DEFERRED,-1,-1,-1,-1,-1,-1,-1,-1,-1,false
ecuador-delayed-expansion,seed-3,CONSV,30,,PD_MECH_DEFERRED,-1,-1,-1,-1,-1,-1,-1,-1,-1,false
ecuador-delayed-expansion,seed-3,VAP,30,,PD_MECH_DEFERRED,-1,-1,-1,-1,-1,-1,-1,-1,-1,false
ecuador-delayed-expansion,seed-3,MASS,31,MASS-F1,PD_MECH_CONSIDERED,0.8920182345627848,-1,-1,-1,-1,-1,-1,-1,-1,false
ecuador-delayed-expansion,seed-3,MASS,31,MASS-F1,PD_MECH_PAYBACK_UNATTRACTIVE,-1,4842.99,161.433,161433,2500000,15.486300818296135,0.7916666666666666,1,9.5,false
ecuador-delayed-expansion,seed-3,MASS,31,MASS-NEWF-MASS-CAPEX-3,PD_MECH_CONSIDERED,0.7450555555555556,-1,-1,-1,-1,-1,-1,-1,-1,false
ecuador-delayed-expansion,seed-3,MASS,31,MASS-NEWF-MASS-CAPEX-3,PD_MECH_PAYBACK_UNATTRACTIVE,-1,5096.18,169.87266666666676,169872.66666666677,2500000,14.716905603805193,0.7916666666666666,1,9.5,false
ecuador-delayed-expansion,seed-3,MASS,31,MASS-NEWF-MASS-CAPEX-5,PD_MECH_CONSIDERED,0,-1,-1,-1,-1,-1,-1,-1,-1,false
ecuador-delayed-expansion,seed-3,MASS,31,MASS-NEWF-MASS-CAPEX-5,PD_MECH_LOW_UTILIZATION,0,-1,-1,-1,-1,-1,-1,-1,-1,false
ecuador-delayed-expansion,seed-3,MASS,31,,PD_MECH_DEFERRED,-1,-1,-1,-1,-1,-1,-1,-1,-1,false
ecuador-delayed-expansion,seed-3,BAL,31,BAL-NEWF-BAL-CAPEX-11,PD_MECH_CONSIDERED,0.6816169590643275,-1,-1,-1,-1,-1,-1,-1,-1,false
ecuador-delayed-expansion,seed-3,BAL,31,BAL-NEWF-BAL-CAPEX-11,PD_MECH_PAYBACK_UNATTRACTIVE,-1,4662.26,155.4086666666666,155408.6666666666,2500000,16.08661893588089,1,1,12,false
ecuador-delayed-expansion,seed-3,BAL,31,,PD_MECH_DEFERRED,-1,-1,-1,-1,-1,-1,-1,-1,-1,false
ecuador-delayed-expansion,seed-3,JPQ,31,,PD_MECH_DEFERRED,-1,-1,-1,-1,-1,-1,-1,-1,-1,false
ecuador-delayed-expansion,seed-3,CONSV,31,,PD_MECH_DEFERRED,-1,-1,-1,-1,-1,-1,-1,-1,-1,false
ecuador-delayed-expansion,seed-3,VAP,31,,PD_MECH_DEFERRED,-1,-1,-1,-1,-1,-1,-1,-1,-1,false
ecuador-delayed-expansion,seed-3,MASS,32,MASS-F1,PD_MECH_CONSIDERED,0.7117299811207809,-1,-1,-1,-1,-1,-1,-1,-1,false
ecuador-delayed-expansion,seed-3,MASS,32,MASS-F1,PD_MECH_PAYBACK_UNATTRACTIVE,-1,3864.16,128.80533333333335,128805.33333333336,2500000,19.40913419734172,0.7916666666666666,1,9.5,false
ecuador-delayed-expansion,seed-3,MASS,32,MASS-NEWF-MASS-CAPEX-3,PD_MECH_CONSIDERED,0.16202339181286549,-1,-1,-1,-1,-1,-1,-1,-1,false
ecuador-delayed-expansion,seed-3,MASS,32,MASS-NEWF-MASS-CAPEX-3,PD_MECH_LOW_UTILIZATION,0.16202339181286549,-1,-1,-1,-1,-1,-1,-1,-1,false
ecuador-delayed-expansion,seed-3,MASS,32,MASS-NEWF-MASS-CAPEX-5,PD_MECH_CONSIDERED,0.2831783625730994,-1,-1,-1,-1,-1,-1,-1,-1,false
ecuador-delayed-expansion,seed-3,MASS,32,MASS-NEWF-MASS-CAPEX-5,PD_MECH_LOW_UTILIZATION,0.2831783625730994,-1,-1,-1,-1,-1,-1,-1,-1,false
ecuador-delayed-expansion,seed-3,MASS,32,,PD_MECH_DEFERRED,-1,-1,-1,-1,-1,-1,-1,-1,-1,false
ecuador-delayed-expansion,seed-3,BAL,32,BAL-NEWF-BAL-CAPEX-11,PD_MECH_CONSIDERED,0.7120964912280702,-1,-1,-1,-1,-1,-1,-1,-1,false
ecuador-delayed-expansion,seed-3,BAL,32,BAL-NEWF-BAL-CAPEX-11,PD_MECH_PAYBACK_UNATTRACTIVE,-1,4870.74,162.35799999999995,162357.99999999994,2500000,15.398070929673937,1,1,12,false
ecuador-delayed-expansion,seed-3,BAL,32,,PD_MECH_DEFERRED,-1,-1,-1,-1,-1,-1,-1,-1,-1,false
ecuador-delayed-expansion,seed-3,JPQ,32,JPQ-NEWF-JPQ-CAPEX-10,PD_MECH_CONSIDERED,0,-1,-1,-1,-1,-1,-1,-1,-1,false
ecuador-delayed-expansion,seed-3,JPQ,32,JPQ-NEWF-JPQ-CAPEX-10,PD_MECH_LOW_UTILIZATION,0,-1,-1,-1,-1,-1,-1,-1,-1,false
ecuador-delayed-expansion,seed-3,JPQ,32,,PD_MECH_DEFERRED,-1,-1,-1,-1,-1,-1,-1,-1,-1,false
ecuador-delayed-expansion,seed-3,CONSV,32,,PD_MECH_DEFERRED,-1,-1,-1,-1,-1,-1,-1,-1,-1,false
ecuador-delayed-expansion,seed-3,VAP,32,,PD_MECH_DEFERRED,-1,-1,-1,-1,-1,-1,-1,-1,-1,false
ecuador-delayed-expansion,seed-4,MASS,1,MASS-F1,PD_MECH_CONSIDERED,0,-1,-1,-1,-1,-1,-1,-1,-1,false
ecuador-delayed-expansion,seed-4,MASS,1,MASS-F1,PD_MECH_LOW_UTILIZATION,0,-1,-1,-1,-1,-1,-1,-1,-1,false
ecuador-delayed-expansion,seed-4,MASS,1,,PD_MECH_DEFERRED,-1,-1,-1,-1,-1,-1,-1,-1,-1,false
ecuador-delayed-expansion,seed-4,BAL,1,BAL-F1,PD_MECH_CONSIDERED,0,-1,-1,-1,-1,-1,-1,-1,-1,false
ecuador-delayed-expansion,seed-4,BAL,1,BAL-F1,PD_MECH_LOW_UTILIZATION,0,-1,-1,-1,-1,-1,-1,-1,-1,false
ecuador-delayed-expansion,seed-4,BAL,1,,PD_MECH_DEFERRED,-1,-1,-1,-1,-1,-1,-1,-1,-1,false
ecuador-delayed-expansion,seed-4,JPQ,1,JPQ-F1,PD_MECH_CONSIDERED,0,-1,-1,-1,-1,-1,-1,-1,-1,false
ecuador-delayed-expansion,seed-4,JPQ,1,JPQ-F1,PD_MECH_LOW_UTILIZATION,0,-1,-1,-1,-1,-1,-1,-1,-1,false
ecuador-delayed-expansion,seed-4,JPQ,1,,PD_MECH_DEFERRED,-1,-1,-1,-1,-1,-1,-1,-1,-1,false
ecuador-delayed-expansion,seed-4,CONSV,1,CONSV-F1,PD_MECH_CONSIDERED,0,-1,-1,-1,-1,-1,-1,-1,-1,false
ecuador-delayed-expansion,seed-4,CONSV,1,CONSV-F1,PD_MECH_LOW_UTILIZATION,0,-1,-1,-1,-1,-1,-1,-1,-1,false
ecuador-delayed-expansion,seed-4,CONSV,1,,PD_MECH_DEFERRED,-1,-1,-1,-1,-1,-1,-1,-1,-1,false
ecuador-delayed-expansion,seed-4,VAP,1,VAP-F1,PD_MECH_CONSIDERED,0,-1,-1,-1,-1,-1,-1,-1,-1,false
ecuador-delayed-expansion,seed-4,VAP,1,VAP-F1,PD_MECH_LOW_UTILIZATION,0,-1,-1,-1,-1,-1,-1,-1,-1,false
ecuador-delayed-expansion,seed-4,VAP,1,,PD_MECH_DEFERRED,-1,-1,-1,-1,-1,-1,-1,-1,-1,false
ecuador-delayed-expansion,seed-4,MASS,2,MASS-F1,PD_MECH_CONSIDERED,0.7883040935672515,-1,-1,-1,-1,-1,-1,-1,-1,false
ecuador-delayed-expansion,seed-4,MASS,2,MASS-F1,PD_MECH_PAYBACK_UNATTRACTIVE,-1,4044.0000000000005,134.79999999999995,134799.99999999994,2500000,18.545994065281906,0.7916666666666666,1,9.5,false
ecuador-delayed-expansion,seed-4,MASS,2,,PD_MECH_DEFERRED,-1,-1,-1,-1,-1,-1,-1,-1,-1,false
ecuador-delayed-expansion,seed-4,BAL,2,BAL-F1,PD_MECH_CONSIDERED,0.9271929824561403,-1,-1,-1,-1,-1,-1,-1,-1,false
ecuador-delayed-expansion,seed-4,BAL,2,BAL-F1,PD_MECH_PAYBACK_UNATTRACTIVE,-1,5549.25,184.9749999999999,184974.9999999999,2500000,13.515339910798764,1,1,12,false
ecuador-delayed-expansion,seed-4,BAL,2,,PD_MECH_DEFERRED,-1,-1,-1,-1,-1,-1,-1,-1,-1,false
ecuador-delayed-expansion,seed-4,JPQ,2,JPQ-F1,PD_MECH_CONSIDERED,1,-1,-1,-1,-1,-1,-1,-1,-1,false
ecuador-delayed-expansion,seed-4,JPQ,2,,PD_MECH_FINANCE_BLOCKED,-1,-1,-1,-1,2500000,-1,-1,-1,-1,false
ecuador-delayed-expansion,seed-4,CONSV,2,CONSV-F1,PD_MECH_CONSIDERED,1,-1,-1,-1,-1,-1,-1,-1,-1,false
ecuador-delayed-expansion,seed-4,CONSV,2,,PD_MECH_FINANCE_BLOCKED,-1,-1,-1,-1,2500000,-1,-1,-1,-1,false
ecuador-delayed-expansion,seed-4,VAP,2,VAP-F1,PD_MECH_CONSIDERED,1,-1,-1,-1,-1,-1,-1,-1,-1,false
ecuador-delayed-expansion,seed-4,VAP,2,,PD_MECH_FINANCE_BLOCKED,-1,-1,-1,-1,2500000,-1,-1,-1,-1,false
ecuador-delayed-expansion,seed-4,MASS,3,MASS-F1,PD_MECH_CONSIDERED,0.6222183235867447,-1,-1,-1,-1,-1,-1,-1,-1,false
ecuador-delayed-expansion,seed-4,MASS,3,MASS-F1,PD_MECH_PAYBACK_UNATTRACTIVE,-1,3191.98,106.39933333333329,106399.33333333328,2500000,23.496387821978846,0.7916666666666666,1,9.5,false
ecuador-delayed-expansion,seed-4,MASS,3,,PD_MECH_DEFERRED,-1,-1,-1,-1,-1,-1,-1,-1,-1,false
ecuador-delayed-expansion,seed-4,BAL,3,BAL-F1,PD_MECH_CONSIDERED,1,-1,-1,-1,-1,-1,-1,-1,-1,false
ecuador-delayed-expansion,seed-4,BAL,3,BAL-F1,PD_MECH_PAYBACK_UNATTRACTIVE,-1,5985,199.5,199500,2500000,12.531328320802006,1,1,12,false
ecuador-delayed-expansion,seed-4,BAL,3,,PD_MECH_DEFERRED,-1,-1,-1,-1,-1,-1,-1,-1,-1,false
ecuador-delayed-expansion,seed-4,JPQ,3,JPQ-F1,PD_MECH_CONSIDERED,0.8874108187134503,-1,-1,-1,-1,-1,-1,-1,-1,false
ecuador-delayed-expansion,seed-4,JPQ,3,JPQ-F1,PD_MECH_PROPOSED,-1,6069.89,202.32966666666664,202329.66666666663,2500000,12.356072350569782,1.1176470588235294,1,13.411764705882353,true
ecuador-delayed-expansion,seed-4,CONSV,3,CONSV-F1,PD_MECH_CONSIDERED,0.8540601503759399,-1,-1,-1,-1,-1,-1,-1,-1,false
ecuador-delayed-expansion,seed-4,CONSV,3,CONSV-F1,PD_MECH_PAYBACK_UNATTRACTIVE,-1,5111.55,170.385,170385,2500000,14.672653109135194,1.2105263157894737,1.05,13.834586466165414,false
ecuador-delayed-expansion,seed-4,CONSV,3,,PD_MECH_DEFERRED,-1,-1,-1,-1,-1,-1,-1,-1,-1,false
ecuador-delayed-expansion,seed-4,VAP,3,VAP-F1,PD_MECH_CONSIDERED,0.9596881091617934,-1,-1,-1,-1,-1,-1,-1,-1,false
ecuador-delayed-expansion,seed-4,VAP,3,,PD_MECH_FINANCE_BLOCKED,-1,-1,-1,-1,2500000,-1,-1,-1,-1,false
ecuador-delayed-expansion,seed-4,MASS,4,MASS-F1,PD_MECH_CONSIDERED,1,-1,-1,-1,-1,-1,-1,-1,-1,false
ecuador-delayed-expansion,seed-4,MASS,4,MASS-F1,PD_MECH_PAYBACK_UNATTRACTIVE,-1,5130,171,171000,2500000,14.619883040935672,0.7916666666666666,1,9.5,false
ecuador-delayed-expansion,seed-4,MASS,4,,PD_MECH_DEFERRED,-1,-1,-1,-1,-1,-1,-1,-1,-1,false
ecuador-delayed-expansion,seed-4,BAL,4,BAL-F1,PD_MECH_CONSIDERED,1,-1,-1,-1,-1,-1,-1,-1,-1,false
ecuador-delayed-expansion,seed-4,BAL,4,BAL-F1,PD_MECH_PAYBACK_UNATTRACTIVE,-1,5985,199.5,199500,2500000,12.531328320802006,1,1,12,false
ecuador-delayed-expansion,seed-4,BAL,4,,PD_MECH_DEFERRED,-1,-1,-1,-1,-1,-1,-1,-1,-1,false
ecuador-delayed-expansion,seed-4,JPQ,4,,PD_MECH_DEFERRED,-1,-1,-1,-1,-1,-1,-1,-1,-1,false
ecuador-delayed-expansion,seed-4,CONSV,4,CONSV-F1,PD_MECH_CONSIDERED,0.9301487050960735,-1,-1,-1,-1,-1,-1,-1,-1,false
ecuador-delayed-expansion,seed-4,CONSV,4,CONSV-F1,PD_MECH_PROPOSED,-1,5566.94,185.56466666666665,185564.66666666666,2500000,13.472392373548125,1.2105263157894737,1.05,13.834586466165414,true
ecuador-delayed-expansion,seed-4,VAP,4,VAP-F1,PD_MECH_CONSIDERED,0.9063625730994153,-1,-1,-1,-1,-1,-1,-1,-1,false
ecuador-delayed-expansion,seed-4,VAP,4,,PD_MECH_FINANCE_BLOCKED,-1,-1,-1,-1,2500000,-1,-1,-1,-1,false
ecuador-delayed-expansion,seed-4,MASS,5,MASS-F1,PD_MECH_CONSIDERED,0.572682261208577,-1,-1,-1,-1,-1,-1,-1,-1,false
ecuador-delayed-expansion,seed-4,MASS,5,MASS-F1,PD_MECH_PAYBACK_UNATTRACTIVE,-1,2937.86,97.92866666666663,97928.66666666663,2500000,25.528786259386095,0.7916666666666666,1,9.5,false
ecuador-delayed-expansion,seed-4,MASS,5,,PD_MECH_DEFERRED,-1,-1,-1,-1,-1,-1,-1,-1,-1,false
ecuador-delayed-expansion,seed-4,BAL,5,BAL-F1,PD_MECH_CONSIDERED,1,-1,-1,-1,-1,-1,-1,-1,-1,false
ecuador-delayed-expansion,seed-4,BAL,5,BAL-F1,PD_MECH_PAYBACK_UNATTRACTIVE,-1,5985,199.5,199500,2500000,12.531328320802006,1,1,12,false
ecuador-delayed-expansion,seed-4,BAL,5,,PD_MECH_DEFERRED,-1,-1,-1,-1,-1,-1,-1,-1,-1,false
ecuador-delayed-expansion,seed-4,JPQ,5,,PD_MECH_DEFERRED,-1,-1,-1,-1,-1,-1,-1,-1,-1,false
ecuador-delayed-expansion,seed-4,CONSV,5,CONSV-F1,PD_MECH_CONSIDERED,1,-1,-1,-1,-1,-1,-1,-1,-1,false
ecuador-delayed-expansion,seed-4,CONSV,5,CONSV-F1,PD_MECH_PROPOSED,-1,5985,199.5,199500,2500000,12.531328320802006,1.2105263157894737,1.05,13.834586466165414,true
ecuador-delayed-expansion,seed-4,VAP,5,VAP-F1,PD_MECH_CONSIDERED,1,-1,-1,-1,-1,-1,-1,-1,-1,false
ecuador-delayed-expansion,seed-4,VAP,5,,PD_MECH_FINANCE_BLOCKED,-1,-1,-1,-1,2500000,-1,-1,-1,-1,false
ecuador-delayed-expansion,seed-4,MASS,6,MASS-F1,PD_MECH_CONSIDERED,1,-1,-1,-1,-1,-1,-1,-1,-1,false
ecuador-delayed-expansion,seed-4,MASS,6,MASS-F1,PD_MECH_PAYBACK_UNATTRACTIVE,-1,5130,171,171000,2500000,14.619883040935672,0.7916666666666666,1,9.5,false
ecuador-delayed-expansion,seed-4,MASS,6,,PD_MECH_DEFERRED,-1,-1,-1,-1,-1,-1,-1,-1,-1,false
ecuador-delayed-expansion,seed-4,BAL,6,BAL-F1,PD_MECH_CONSIDERED,0.9012631578947369,-1,-1,-1,-1,-1,-1,-1,-1,false
ecuador-delayed-expansion,seed-4,BAL,6,BAL-F1,PD_MECH_PAYBACK_UNATTRACTIVE,-1,5663.763,188.7921,188792.1,2500000,13.242079514979705,1,1,12,false
ecuador-delayed-expansion,seed-4,BAL,6,,PD_MECH_DEFERRED,-1,-1,-1,-1,-1,-1,-1,-1,-1,false
ecuador-delayed-expansion,seed-4,JPQ,6,,PD_MECH_DEFERRED,-1,-1,-1,-1,-1,-1,-1,-1,-1,false
ecuador-delayed-expansion,seed-4,CONSV,6,,PD_MECH_DEFERRED,-1,-1,-1,-1,-1,-1,-1,-1,-1,false
ecuador-delayed-expansion,seed-4,VAP,6,VAP-F1,PD_MECH_CONSIDERED,1,-1,-1,-1,-1,-1,-1,-1,-1,false
ecuador-delayed-expansion,seed-4,VAP,6,,PD_MECH_FINANCE_BLOCKED,-1,-1,-1,-1,2500000,-1,-1,-1,-1,false
ecuador-delayed-expansion,seed-4,MASS,7,MASS-F1,PD_MECH_CONSIDERED,0.5912475633528265,-1,-1,-1,-1,-1,-1,-1,-1,false
ecuador-delayed-expansion,seed-4,MASS,7,MASS-F1,PD_MECH_PAYBACK_UNATTRACTIVE,-1,3033.1,101.10333333333335,101103.33333333336,2500000,24.727176815799012,0.7916666666666666,1,9.5,false
ecuador-delayed-expansion,seed-4,MASS,7,,PD_MECH_DEFERRED,-1,-1,-1,-1,-1,-1,-1,-1,-1,false
ecuador-delayed-expansion,seed-4,BAL,7,BAL-F1,PD_MECH_CONSIDERED,0.9455113975414727,-1,-1,-1,-1,-1,-1,-1,-1,false
ecuador-delayed-expansion,seed-4,BAL,7,BAL-F1,PD_MECH_PAYBACK_UNATTRACTIVE,-1,5941.83,198.06100000000004,198061.00000000003,2500000,12.62237391510696,1,1,12,false
ecuador-delayed-expansion,seed-4,BAL,7,,PD_MECH_DEFERRED,-1,-1,-1,-1,-1,-1,-1,-1,-1,false
ecuador-delayed-expansion,seed-4,JPQ,7,,PD_MECH_DEFERRED,-1,-1,-1,-1,-1,-1,-1,-1,-1,false
ecuador-delayed-expansion,seed-4,CONSV,7,,PD_MECH_DEFERRED,-1,-1,-1,-1,-1,-1,-1,-1,-1,false
ecuador-delayed-expansion,seed-4,VAP,7,VAP-F1,PD_MECH_CONSIDERED,1,-1,-1,-1,-1,-1,-1,-1,-1,false
ecuador-delayed-expansion,seed-4,VAP,7,,PD_MECH_FINANCE_BLOCKED,-1,-1,-1,-1,2500000,-1,-1,-1,-1,false
ecuador-delayed-expansion,seed-4,MASS,8,MASS-F1,PD_MECH_CONSIDERED,1,-1,-1,-1,-1,-1,-1,-1,-1,false
ecuador-delayed-expansion,seed-4,MASS,8,MASS-F1,PD_MECH_PAYBACK_UNATTRACTIVE,-1,5130,171,171000,2500000,14.619883040935672,0.7916666666666666,1,9.5,false
ecuador-delayed-expansion,seed-4,MASS,8,,PD_MECH_DEFERRED,-1,-1,-1,-1,-1,-1,-1,-1,-1,false
ecuador-delayed-expansion,seed-4,BAL,8,BAL-F1,PD_MECH_CONSIDERED,0.9939817798464415,-1,-1,-1,-1,-1,-1,-1,-1,false
ecuador-delayed-expansion,seed-4,BAL,8,BAL-F1,PD_MECH_PAYBACK_UNATTRACTIVE,-1,6246.43,208.21433333333334,208214.33333333334,2500000,12.00685831747094,1,1,12,false
ecuador-delayed-expansion,seed-4,BAL,8,,PD_MECH_DEFERRED,-1,-1,-1,-1,-1,-1,-1,-1,-1,false
ecuador-delayed-expansion,seed-4,JPQ,8,,PD_MECH_DEFERRED,-1,-1,-1,-1,-1,-1,-1,-1,-1,false
ecuador-delayed-expansion,seed-4,CONSV,8,,PD_MECH_DEFERRED,-1,-1,-1,-1,-1,-1,-1,-1,-1,false
ecuador-delayed-expansion,seed-4,VAP,8,VAP-F1,PD_MECH_CONSIDERED,1,-1,-1,-1,-1,-1,-1,-1,-1,false
ecuador-delayed-expansion,seed-4,VAP,8,VAP-F1,PD_MECH_PROPOSED,-1,5130,171,171000,2500000,14.619883040935672,1.411764705882353,1,16.941176470588236,true
ecuador-delayed-expansion,seed-4,MASS,9,MASS-F1,PD_MECH_CONSIDERED,0.41484210526315785,-1,-1,-1,-1,-1,-1,-1,-1,false
ecuador-delayed-expansion,seed-4,MASS,9,MASS-F1,PD_MECH_LOW_UTILIZATION,0.41484210526315785,-1,-1,-1,-1,-1,-1,-1,-1,false
ecuador-delayed-expansion,seed-4,MASS,9,,PD_MECH_DEFERRED,-1,-1,-1,-1,-1,-1,-1,-1,-1,false
ecuador-delayed-expansion,seed-4,BAL,9,BAL-F1,PD_MECH_CONSIDERED,0.9939817798464415,-1,-1,-1,-1,-1,-1,-1,-1,false
ecuador-delayed-expansion,seed-4,BAL,9,BAL-F1,PD_MECH_PAYBACK_UNATTRACTIVE,-1,6246.43,208.21433333333334,208214.33333333334,2500000,12.00685831747094,1,1,12,false
ecuador-delayed-expansion,seed-4,BAL,9,,PD_MECH_DEFERRED,-1,-1,-1,-1,-1,-1,-1,-1,-1,false
ecuador-delayed-expansion,seed-4,JPQ,9,,PD_MECH_DEFERRED,-1,-1,-1,-1,-1,-1,-1,-1,-1,false
ecuador-delayed-expansion,seed-4,CONSV,9,,PD_MECH_DEFERRED,-1,-1,-1,-1,-1,-1,-1,-1,-1,false
ecuador-delayed-expansion,seed-4,VAP,9,,PD_MECH_DEFERRED,-1,-1,-1,-1,-1,-1,-1,-1,-1,false
ecuador-delayed-expansion,seed-4,MASS,10,MASS-F1,PD_MECH_CONSIDERED,1,-1,-1,-1,-1,-1,-1,-1,-1,false
ecuador-delayed-expansion,seed-4,MASS,10,MASS-F1,PD_MECH_PAYBACK_UNATTRACTIVE,-1,5130,171,171000,2500000,14.619883040935672,0.7916666666666666,1,9.5,false
ecuador-delayed-expansion,seed-4,MASS,10,,PD_MECH_DEFERRED,-1,-1,-1,-1,-1,-1,-1,-1,-1,false
ecuador-delayed-expansion,seed-4,BAL,10,BAL-F1,PD_MECH_CONSIDERED,0.976270835819708,-1,-1,-1,-1,-1,-1,-1,-1,false
ecuador-delayed-expansion,seed-4,BAL,10,BAL-F1,PD_MECH_PAYBACK_UNATTRACTIVE,-1,6135.13,204.50433333333342,204504.33333333343,2500000,12.224679835635099,1,1,12,false
ecuador-delayed-expansion,seed-4,BAL,10,,PD_MECH_DEFERRED,-1,-1,-1,-1,-1,-1,-1,-1,-1,false
ecuador-delayed-expansion,seed-4,JPQ,10,,PD_MECH_DEFERRED,-1,-1,-1,-1,-1,-1,-1,-1,-1,false
ecuador-delayed-expansion,seed-4,CONSV,10,,PD_MECH_DEFERRED,-1,-1,-1,-1,-1,-1,-1,-1,-1,false
ecuador-delayed-expansion,seed-4,VAP,10,,PD_MECH_DEFERRED,-1,-1,-1,-1,-1,-1,-1,-1,-1,false
ecuador-delayed-expansion,seed-4,MASS,11,MASS-F1,PD_MECH_CONSIDERED,1,-1,-1,-1,-1,-1,-1,-1,-1,false
ecuador-delayed-expansion,seed-4,MASS,11,MASS-F1,PD_MECH_PAYBACK_UNATTRACTIVE,-1,5130,171,171000,2500000,14.619883040935672,0.7916666666666666,1,9.5,false
ecuador-delayed-expansion,seed-4,MASS,11,,PD_MECH_DEFERRED,-1,-1,-1,-1,-1,-1,-1,-1,-1,false
ecuador-delayed-expansion,seed-4,BAL,11,BAL-F1,PD_MECH_CONSIDERED,1,-1,-1,-1,-1,-1,-1,-1,-1,false
ecuador-delayed-expansion,seed-4,BAL,11,,PD_MECH_FINANCE_BLOCKED,-1,-1,-1,-1,2500000,-1,-1,-1,-1,false
ecuador-delayed-expansion,seed-4,JPQ,11,,PD_MECH_DEFERRED,-1,-1,-1,-1,-1,-1,-1,-1,-1,false
ecuador-delayed-expansion,seed-4,CONSV,11,,PD_MECH_DEFERRED,-1,-1,-1,-1,-1,-1,-1,-1,-1,false
ecuador-delayed-expansion,seed-4,VAP,11,,PD_MECH_DEFERRED,-1,-1,-1,-1,-1,-1,-1,-1,-1,false
ecuador-delayed-expansion,seed-4,MASS,12,MASS-F1,PD_MECH_CONSIDERED,1,-1,-1,-1,-1,-1,-1,-1,-1,false
ecuador-delayed-expansion,seed-4,MASS,12,MASS-F1,PD_MECH_PAYBACK_UNATTRACTIVE,-1,5130,171,171000,2500000,14.619883040935672,0.7916666666666666,1,9.5,false
ecuador-delayed-expansion,seed-4,MASS,12,,PD_MECH_DEFERRED,-1,-1,-1,-1,-1,-1,-1,-1,-1,false
ecuador-delayed-expansion,seed-4,BAL,12,BAL-F1,PD_MECH_CONSIDERED,0.9807822586769954,-1,-1,-1,-1,-1,-1,-1,-1,false
ecuador-delayed-expansion,seed-4,BAL,12,BAL-F1,PD_MECH_PROPOSED,-1,6456.98,215.23266666666677,215232.66666666677,2500000,11.615337200982497,1,1,12,true
ecuador-delayed-expansion,seed-4,JPQ,12,,PD_MECH_DEFERRED,-1,-1,-1,-1,-1,-1,-1,-1,-1,false
ecuador-delayed-expansion,seed-4,CONSV,12,,PD_MECH_DEFERRED,-1,-1,-1,-1,-1,-1,-1,-1,-1,false
ecuador-delayed-expansion,seed-4,VAP,12,,PD_MECH_DEFERRED,-1,-1,-1,-1,-1,-1,-1,-1,-1,false
ecuador-delayed-expansion,seed-4,MASS,13,MASS-F1,PD_MECH_CONSIDERED,0.9188109161793372,-1,-1,-1,-1,-1,-1,-1,-1,false
ecuador-delayed-expansion,seed-4,MASS,13,MASS-F1,PD_MECH_PAYBACK_UNATTRACTIVE,-1,4713.5,157.11666666666667,157116.6666666667,2500000,15.91174286623528,0.7916666666666666,1,9.5,false
ecuador-delayed-expansion,seed-4,MASS,13,,PD_MECH_DEFERRED,-1,-1,-1,-1,-1,-1,-1,-1,-1,false
ecuador-delayed-expansion,seed-4,BAL,13,,PD_MECH_DEFERRED,-1,-1,-1,-1,-1,-1,-1,-1,-1,false
ecuador-delayed-expansion,seed-4,JPQ,13,,PD_MECH_DEFERRED,-1,-1,-1,-1,-1,-1,-1,-1,-1,false
ecuador-delayed-expansion,seed-4,CONSV,13,,PD_MECH_DEFERRED,-1,-1,-1,-1,-1,-1,-1,-1,-1,false
ecuador-delayed-expansion,seed-4,VAP,13,,PD_MECH_DEFERRED,-1,-1,-1,-1,-1,-1,-1,-1,-1,false
ecuador-delayed-expansion,seed-4,MASS,14,MASS-F1,PD_MECH_CONSIDERED,0.8199493177387914,-1,-1,-1,-1,-1,-1,-1,-1,false
ecuador-delayed-expansion,seed-4,MASS,14,MASS-F1,PD_MECH_PAYBACK_UNATTRACTIVE,-1,4206.34,140.2113333333333,140211.3333333333,2500000,17.8302277038946,0.7916666666666666,1,9.5,false
ecuador-delayed-expansion,seed-4,MASS,14,,PD_MECH_DEFERRED,-1,-1,-1,-1,-1,-1,-1,-1,-1,false
ecuador-delayed-expansion,seed-4,BAL,14,,PD_MECH_DEFERRED,-1,-1,-1,-1,-1,-1,-1,-1,-1,false
ecuador-delayed-expansion,seed-4,JPQ,14,,PD_MECH_DEFERRED,-1,-1,-1,-1,-1,-1,-1,-1,-1,false
ecuador-delayed-expansion,seed-4,CONSV,14,,PD_MECH_DEFERRED,-1,-1,-1,-1,-1,-1,-1,-1,-1,false
ecuador-delayed-expansion,seed-4,VAP,14,,PD_MECH_DEFERRED,-1,-1,-1,-1,-1,-1,-1,-1,-1,false
ecuador-delayed-expansion,seed-4,MASS,15,MASS-F1,PD_MECH_CONSIDERED,0.8131423001949318,-1,-1,-1,-1,-1,-1,-1,-1,false
ecuador-delayed-expansion,seed-4,MASS,15,MASS-F1,PD_MECH_PAYBACK_UNATTRACTIVE,-1,4171.42,139.0473333333333,139047.3333333333,2500000,17.97948899895,0.7916666666666666,1,9.5,false
ecuador-delayed-expansion,seed-4,MASS,15,,PD_MECH_DEFERRED,-1,-1,-1,-1,-1,-1,-1,-1,-1,false
ecuador-delayed-expansion,seed-4,BAL,15,,PD_MECH_DEFERRED,-1,-1,-1,-1,-1,-1,-1,-1,-1,false
ecuador-delayed-expansion,seed-4,JPQ,15,,PD_MECH_DEFERRED,-1,-1,-1,-1,-1,-1,-1,-1,-1,false
ecuador-delayed-expansion,seed-4,CONSV,15,,PD_MECH_DEFERRED,-1,-1,-1,-1,-1,-1,-1,-1,-1,false
ecuador-delayed-expansion,seed-4,VAP,15,,PD_MECH_DEFERRED,-1,-1,-1,-1,-1,-1,-1,-1,-1,false
ecuador-delayed-expansion,seed-4,MASS,16,MASS-F1,PD_MECH_CONSIDERED,1,-1,-1,-1,-1,-1,-1,-1,-1,false
ecuador-delayed-expansion,seed-4,MASS,16,MASS-F1,PD_MECH_PAYBACK_UNATTRACTIVE,-1,5130,171,171000,2500000,14.619883040935672,0.7916666666666666,1,9.5,false
ecuador-delayed-expansion,seed-4,MASS,16,,PD_MECH_DEFERRED,-1,-1,-1,-1,-1,-1,-1,-1,-1,false
ecuador-delayed-expansion,seed-4,BAL,16,,PD_MECH_DEFERRED,-1,-1,-1,-1,-1,-1,-1,-1,-1,false
ecuador-delayed-expansion,seed-4,JPQ,16,,PD_MECH_DEFERRED,-1,-1,-1,-1,-1,-1,-1,-1,-1,false
ecuador-delayed-expansion,seed-4,CONSV,16,,PD_MECH_DEFERRED,-1,-1,-1,-1,-1,-1,-1,-1,-1,false
ecuador-delayed-expansion,seed-4,VAP,16,,PD_MECH_DEFERRED,-1,-1,-1,-1,-1,-1,-1,-1,-1,false
ecuador-delayed-expansion,seed-4,MASS,17,MASS-F1,PD_MECH_CONSIDERED,0.8916159844054581,-1,-1,-1,-1,-1,-1,-1,-1,false
ecuador-delayed-expansion,seed-4,MASS,17,MASS-F1,PD_MECH_PAYBACK_UNATTRACTIVE,-1,4573.99,152.4663333333334,152466.3333333334,2500000,16.397062520906246,0.7916666666666666,1,9.5,false
ecuador-delayed-expansion,seed-4,MASS,17,,PD_MECH_DEFERRED,-1,-1,-1,-1,-1,-1,-1,-1,-1,false
ecuador-delayed-expansion,seed-4,BAL,17,,PD_MECH_DEFERRED,-1,-1,-1,-1,-1,-1,-1,-1,-1,false
ecuador-delayed-expansion,seed-4,JPQ,17,,PD_MECH_DEFERRED,-1,-1,-1,-1,-1,-1,-1,-1,-1,false
ecuador-delayed-expansion,seed-4,CONSV,17,,PD_MECH_DEFERRED,-1,-1,-1,-1,-1,-1,-1,-1,-1,false
ecuador-delayed-expansion,seed-4,VAP,17,,PD_MECH_DEFERRED,-1,-1,-1,-1,-1,-1,-1,-1,-1,false
ecuador-delayed-expansion,seed-4,MASS,18,MASS-F1,PD_MECH_CONSIDERED,0.8838440545808967,-1,-1,-1,-1,-1,-1,-1,-1,false
ecuador-delayed-expansion,seed-4,MASS,18,MASS-F1,PD_MECH_PAYBACK_UNATTRACTIVE,-1,4534.12,151.13733333333334,151137.33333333334,2500000,16.541247254152953,0.7916666666666666,1,9.5,false
ecuador-delayed-expansion,seed-4,MASS,18,,PD_MECH_DEFERRED,-1,-1,-1,-1,-1,-1,-1,-1,-1,false
ecuador-delayed-expansion,seed-4,BAL,18,,PD_MECH_DEFERRED,-1,-1,-1,-1,-1,-1,-1,-1,-1,false
ecuador-delayed-expansion,seed-4,JPQ,18,,PD_MECH_DEFERRED,-1,-1,-1,-1,-1,-1,-1,-1,-1,false
ecuador-delayed-expansion,seed-4,CONSV,18,,PD_MECH_DEFERRED,-1,-1,-1,-1,-1,-1,-1,-1,-1,false
ecuador-delayed-expansion,seed-4,VAP,18,,PD_MECH_DEFERRED,-1,-1,-1,-1,-1,-1,-1,-1,-1,false
ecuador-delayed-expansion,seed-4,MASS,19,MASS-F1,PD_MECH_CONSIDERED,1,-1,-1,-1,-1,-1,-1,-1,-1,false
ecuador-delayed-expansion,seed-4,MASS,19,MASS-F1,PD_MECH_PAYBACK_UNATTRACTIVE,-1,5130,171,171000,2500000,14.619883040935672,0.7916666666666666,1,9.5,false
ecuador-delayed-expansion,seed-4,MASS,19,,PD_MECH_DEFERRED,-1,-1,-1,-1,-1,-1,-1,-1,-1,false
ecuador-delayed-expansion,seed-4,BAL,19,,PD_MECH_DEFERRED,-1,-1,-1,-1,-1,-1,-1,-1,-1,false
ecuador-delayed-expansion,seed-4,JPQ,19,,PD_MECH_DEFERRED,-1,-1,-1,-1,-1,-1,-1,-1,-1,false
ecuador-delayed-expansion,seed-4,CONSV,19,,PD_MECH_DEFERRED,-1,-1,-1,-1,-1,-1,-1,-1,-1,false
ecuador-delayed-expansion,seed-4,VAP,19,,PD_MECH_DEFERRED,-1,-1,-1,-1,-1,-1,-1,-1,-1,false
ecuador-delayed-expansion,seed-4,MASS,20,MASS-F1,PD_MECH_CONSIDERED,1,-1,-1,-1,-1,-1,-1,-1,-1,false
ecuador-delayed-expansion,seed-4,MASS,20,MASS-F1,PD_MECH_PAYBACK_UNATTRACTIVE,-1,5130,171,171000,2500000,14.619883040935672,0.7916666666666666,1,9.5,false
ecuador-delayed-expansion,seed-4,MASS,20,,PD_MECH_DEFERRED,-1,-1,-1,-1,-1,-1,-1,-1,-1,false
ecuador-delayed-expansion,seed-4,BAL,20,,PD_MECH_DEFERRED,-1,-1,-1,-1,-1,-1,-1,-1,-1,false
ecuador-delayed-expansion,seed-4,JPQ,20,,PD_MECH_DEFERRED,-1,-1,-1,-1,-1,-1,-1,-1,-1,false
ecuador-delayed-expansion,seed-4,CONSV,20,,PD_MECH_DEFERRED,-1,-1,-1,-1,-1,-1,-1,-1,-1,false
ecuador-delayed-expansion,seed-4,VAP,20,,PD_MECH_DEFERRED,-1,-1,-1,-1,-1,-1,-1,-1,-1,false
ecuador-delayed-expansion,seed-4,MASS,21,MASS-F1,PD_MECH_CONSIDERED,1,-1,-1,-1,-1,-1,-1,-1,-1,false
ecuador-delayed-expansion,seed-4,MASS,21,MASS-F1,PD_MECH_PAYBACK_UNATTRACTIVE,-1,5130,171,171000,2500000,14.619883040935672,0.7916666666666666,1,9.5,false
ecuador-delayed-expansion,seed-4,MASS,21,,PD_MECH_DEFERRED,-1,-1,-1,-1,-1,-1,-1,-1,-1,false
ecuador-delayed-expansion,seed-4,BAL,21,,PD_MECH_DEFERRED,-1,-1,-1,-1,-1,-1,-1,-1,-1,false
ecuador-delayed-expansion,seed-4,JPQ,21,,PD_MECH_DEFERRED,-1,-1,-1,-1,-1,-1,-1,-1,-1,false
ecuador-delayed-expansion,seed-4,CONSV,21,,PD_MECH_DEFERRED,-1,-1,-1,-1,-1,-1,-1,-1,-1,false
ecuador-delayed-expansion,seed-4,VAP,21,,PD_MECH_DEFERRED,-1,-1,-1,-1,-1,-1,-1,-1,-1,false
ecuador-delayed-expansion,seed-4,MASS,22,MASS-F1,PD_MECH_CONSIDERED,0.9138206627680311,-1,-1,-1,-1,-1,-1,-1,-1,false
ecuador-delayed-expansion,seed-4,MASS,22,MASS-F1,PD_MECH_PAYBACK_UNATTRACTIVE,-1,4687.9,156.26333333333332,156263.3333333333,2500000,15.998634783165173,0.7916666666666666,1,9.5,false
ecuador-delayed-expansion,seed-4,MASS,22,,PD_MECH_DEFERRED,-1,-1,-1,-1,-1,-1,-1,-1,-1,false
ecuador-delayed-expansion,seed-4,BAL,22,,PD_MECH_DEFERRED,-1,-1,-1,-1,-1,-1,-1,-1,-1,false
ecuador-delayed-expansion,seed-4,JPQ,22,,PD_MECH_DEFERRED,-1,-1,-1,-1,-1,-1,-1,-1,-1,false
ecuador-delayed-expansion,seed-4,CONSV,22,,PD_MECH_DEFERRED,-1,-1,-1,-1,-1,-1,-1,-1,-1,false
ecuador-delayed-expansion,seed-4,VAP,22,,PD_MECH_DEFERRED,-1,-1,-1,-1,-1,-1,-1,-1,-1,false
ecuador-delayed-expansion,seed-4,MASS,23,MASS-F1,PD_MECH_CONSIDERED,1,-1,-1,-1,-1,-1,-1,-1,-1,false
ecuador-delayed-expansion,seed-4,MASS,23,MASS-F1,PD_MECH_PAYBACK_UNATTRACTIVE,-1,5429.25,180.9749999999999,180974.9999999999,2500000,13.814062715844736,0.7916666666666666,1,9.5,false
ecuador-delayed-expansion,seed-4,MASS,23,MASS-NEWF-MASS-CAPEX-3,PD_MECH_CONSIDERED,0,-1,-1,-1,-1,-1,-1,-1,-1,false
ecuador-delayed-expansion,seed-4,MASS,23,MASS-NEWF-MASS-CAPEX-3,PD_MECH_LOW_UTILIZATION,0,-1,-1,-1,-1,-1,-1,-1,-1,false
ecuador-delayed-expansion,seed-4,MASS,23,,PD_MECH_DEFERRED,-1,-1,-1,-1,-1,-1,-1,-1,-1,false
ecuador-delayed-expansion,seed-4,BAL,23,,PD_MECH_DEFERRED,-1,-1,-1,-1,-1,-1,-1,-1,-1,false
ecuador-delayed-expansion,seed-4,JPQ,23,,PD_MECH_DEFERRED,-1,-1,-1,-1,-1,-1,-1,-1,-1,false
ecuador-delayed-expansion,seed-4,CONSV,23,,PD_MECH_DEFERRED,-1,-1,-1,-1,-1,-1,-1,-1,-1,false
ecuador-delayed-expansion,seed-4,VAP,23,,PD_MECH_DEFERRED,-1,-1,-1,-1,-1,-1,-1,-1,-1,false
ecuador-delayed-expansion,seed-4,MASS,24,MASS-F1,PD_MECH_CONSIDERED,0.7404245521941336,-1,-1,-1,-1,-1,-1,-1,-1,false
ecuador-delayed-expansion,seed-4,MASS,24,MASS-F1,PD_MECH_PAYBACK_UNATTRACTIVE,-1,4019.95,133.99833333333333,133998.33333333334,2500000,18.656948469508325,0.7916666666666666,1,9.5,false
ecuador-delayed-expansion,seed-4,MASS,24,MASS-NEWF-MASS-CAPEX-3,PD_MECH_CONSIDERED,0.2856608187134503,-1,-1,-1,-1,-1,-1,-1,-1,false
ecuador-delayed-expansion,seed-4,MASS,24,MASS-NEWF-MASS-CAPEX-3,PD_MECH_LOW_UTILIZATION,0.2856608187134503,-1,-1,-1,-1,-1,-1,-1,-1,false
ecuador-delayed-expansion,seed-4,MASS,24,,PD_MECH_DEFERRED,-1,-1,-1,-1,-1,-1,-1,-1,-1,false
ecuador-delayed-expansion,seed-4,BAL,24,,PD_MECH_DEFERRED,-1,-1,-1,-1,-1,-1,-1,-1,-1,false
ecuador-delayed-expansion,seed-4,JPQ,24,,PD_MECH_DEFERRED,-1,-1,-1,-1,-1,-1,-1,-1,-1,false
ecuador-delayed-expansion,seed-4,CONSV,24,,PD_MECH_DEFERRED,-1,-1,-1,-1,-1,-1,-1,-1,-1,false
ecuador-delayed-expansion,seed-4,VAP,24,,PD_MECH_DEFERRED,-1,-1,-1,-1,-1,-1,-1,-1,-1,false
ecuador-delayed-expansion,seed-4,MASS,25,MASS-F1,PD_MECH_CONSIDERED,0.7408537090758393,-1,-1,-1,-1,-1,-1,-1,-1,false
ecuador-delayed-expansion,seed-4,MASS,25,MASS-F1,PD_MECH_PAYBACK_UNATTRACTIVE,-1,4022.28,134.07600000000002,134076.00000000003,2500000,18.646140994659742,0.7916666666666666,1,9.5,false
ecuador-delayed-expansion,seed-4,MASS,25,MASS-NEWF-MASS-CAPEX-3,PD_MECH_CONSIDERED,0.42620857699805065,-1,-1,-1,-1,-1,-1,-1,-1,false
ecuador-delayed-expansion,seed-4,MASS,25,MASS-NEWF-MASS-CAPEX-3,PD_MECH_LOW_UTILIZATION,0.42620857699805065,-1,-1,-1,-1,-1,-1,-1,-1,false
ecuador-delayed-expansion,seed-4,MASS,25,,PD_MECH_DEFERRED,-1,-1,-1,-1,-1,-1,-1,-1,-1,false
ecuador-delayed-expansion,seed-4,BAL,25,,PD_MECH_DEFERRED,-1,-1,-1,-1,-1,-1,-1,-1,-1,false
ecuador-delayed-expansion,seed-4,JPQ,25,,PD_MECH_DEFERRED,-1,-1,-1,-1,-1,-1,-1,-1,-1,false
ecuador-delayed-expansion,seed-4,CONSV,25,,PD_MECH_DEFERRED,-1,-1,-1,-1,-1,-1,-1,-1,-1,false
ecuador-delayed-expansion,seed-4,VAP,25,,PD_MECH_DEFERRED,-1,-1,-1,-1,-1,-1,-1,-1,-1,false
ecuador-delayed-expansion,seed-4,MASS,26,MASS-F1,PD_MECH_CONSIDERED,0.777893815904591,-1,-1,-1,-1,-1,-1,-1,-1,false
ecuador-delayed-expansion,seed-4,MASS,26,MASS-F1,PD_MECH_PAYBACK_UNATTRACTIVE,-1,4223.38,140.7793333333334,140779.3333333334,2500000,17.75828838513228,0.7916666666666666,1,9.5,false
ecuador-delayed-expansion,seed-4,MASS,26,MASS-NEWF-MASS-CAPEX-3,PD_MECH_CONSIDERED,0,-1,-1,-1,-1,-1,-1,-1,-1,false
ecuador-delayed-expansion,seed-4,MASS,26,MASS-NEWF-MASS-CAPEX-3,PD_MECH_LOW_UTILIZATION,0,-1,-1,-1,-1,-1,-1,-1,-1,false
ecuador-delayed-expansion,seed-4,MASS,26,,PD_MECH_DEFERRED,-1,-1,-1,-1,-1,-1,-1,-1,-1,false
ecuador-delayed-expansion,seed-4,BAL,26,,PD_MECH_DEFERRED,-1,-1,-1,-1,-1,-1,-1,-1,-1,false
ecuador-delayed-expansion,seed-4,JPQ,26,,PD_MECH_DEFERRED,-1,-1,-1,-1,-1,-1,-1,-1,-1,false
ecuador-delayed-expansion,seed-4,CONSV,26,,PD_MECH_DEFERRED,-1,-1,-1,-1,-1,-1,-1,-1,-1,false
ecuador-delayed-expansion,seed-4,VAP,26,,PD_MECH_DEFERRED,-1,-1,-1,-1,-1,-1,-1,-1,-1,false
ecuador-delayed-expansion,seed-4,MASS,27,MASS-F1,PD_MECH_CONSIDERED,1,-1,-1,-1,-1,-1,-1,-1,-1,false
ecuador-delayed-expansion,seed-4,MASS,27,MASS-F1,PD_MECH_PAYBACK_UNATTRACTIVE,-1,5429.25,180.9749999999999,180974.9999999999,2500000,13.814062715844736,0.7916666666666666,1,9.5,false
ecuador-delayed-expansion,seed-4,MASS,27,MASS-NEWF-MASS-CAPEX-3,PD_MECH_CONSIDERED,1,-1,-1,-1,-1,-1,-1,-1,-1,false
ecuador-delayed-expansion,seed-4,MASS,27,MASS-NEWF-MASS-CAPEX-3,PD_MECH_PAYBACK_UNATTRACTIVE,-1,6840,228,228000,2500000,10.964912280701755,0.7916666666666666,1,9.5,false
ecuador-delayed-expansion,seed-4,MASS,27,,PD_MECH_DEFERRED,-1,-1,-1,-1,-1,-1,-1,-1,-1,false
ecuador-delayed-expansion,seed-4,BAL,27,,PD_MECH_DEFERRED,-1,-1,-1,-1,-1,-1,-1,-1,-1,false
ecuador-delayed-expansion,seed-4,JPQ,27,,PD_MECH_DEFERRED,-1,-1,-1,-1,-1,-1,-1,-1,-1,false
ecuador-delayed-expansion,seed-4,CONSV,27,,PD_MECH_DEFERRED,-1,-1,-1,-1,-1,-1,-1,-1,-1,false
ecuador-delayed-expansion,seed-4,VAP,27,,PD_MECH_DEFERRED,-1,-1,-1,-1,-1,-1,-1,-1,-1,false
ecuador-delayed-expansion,seed-4,MASS,28,MASS-F1,PD_MECH_CONSIDERED,0.9522309711286089,-1,-1,-1,-1,-1,-1,-1,-1,false
ecuador-delayed-expansion,seed-4,MASS,28,MASS-F1,PD_MECH_PAYBACK_UNATTRACTIVE,-1,5169.9,172.33000000000004,172330.00000000003,2500000,14.50705042650728,0.7916666666666666,1,9.5,false
ecuador-delayed-expansion,seed-4,MASS,28,MASS-NEWF-MASS-CAPEX-3,PD_MECH_CONSIDERED,0.7315657894736842,-1,-1,-1,-1,-1,-1,-1,-1,false
ecuador-delayed-expansion,seed-4,MASS,28,MASS-NEWF-MASS-CAPEX-3,PD_MECH_PAYBACK_UNATTRACTIVE,-1,5003.91,166.7969999999999,166796.9999999999,2500000,14.988279165692436,0.7916666666666666,1,9.5,false
ecuador-delayed-expansion,seed-4,MASS,28,,PD_MECH_DEFERRED,-1,-1,-1,-1,-1,-1,-1,-1,-1,false
ecuador-delayed-expansion,seed-4,BAL,28,BAL-NEWF-BAL-CAPEX-11,PD_MECH_CONSIDERED,0,-1,-1,-1,-1,-1,-1,-1,-1,false
ecuador-delayed-expansion,seed-4,BAL,28,BAL-NEWF-BAL-CAPEX-11,PD_MECH_LOW_UTILIZATION,0,-1,-1,-1,-1,-1,-1,-1,-1,false
ecuador-delayed-expansion,seed-4,BAL,28,,PD_MECH_DEFERRED,-1,-1,-1,-1,-1,-1,-1,-1,-1,false
ecuador-delayed-expansion,seed-4,JPQ,28,,PD_MECH_DEFERRED,-1,-1,-1,-1,-1,-1,-1,-1,-1,false
ecuador-delayed-expansion,seed-4,CONSV,28,,PD_MECH_DEFERRED,-1,-1,-1,-1,-1,-1,-1,-1,-1,false
ecuador-delayed-expansion,seed-4,VAP,28,,PD_MECH_DEFERRED,-1,-1,-1,-1,-1,-1,-1,-1,-1,false
ecuador-delayed-expansion,seed-4,MASS,29,MASS-F1,PD_MECH_CONSIDERED,0.811191232674863,-1,-1,-1,-1,-1,-1,-1,-1,false
ecuador-delayed-expansion,seed-4,MASS,29,MASS-F1,PD_MECH_PAYBACK_UNATTRACTIVE,-1,4404.16,146.80533333333335,146805.33333333334,2500000,17.0293540652474,0.7916666666666666,1,9.5,false
ecuador-delayed-expansion,seed-4,MASS,29,MASS-NEWF-MASS-CAPEX-3,PD_MECH_CONSIDERED,0.42790935672514624,-1,-1,-1,-1,-1,-1,-1,-1,false
ecuador-delayed-expansion,seed-4,MASS,29,MASS-NEWF-MASS-CAPEX-3,PD_MECH_LOW_UTILIZATION,0.42790935672514624,-1,-1,-1,-1,-1,-1,-1,-1,false
ecuador-delayed-expansion,seed-4,MASS,29,,PD_MECH_DEFERRED,-1,-1,-1,-1,-1,-1,-1,-1,-1,false
ecuador-delayed-expansion,seed-4,BAL,29,BAL-NEWF-BAL-CAPEX-11,PD_MECH_CONSIDERED,0.5598216374269006,-1,-1,-1,-1,-1,-1,-1,-1,false
ecuador-delayed-expansion,seed-4,BAL,29,BAL-NEWF-BAL-CAPEX-11,PD_MECH_PAYBACK_UNATTRACTIVE,-1,2871.885,95.72950000000003,95729.50000000003,2500000,26.11525182937338,1,1,12,false
ecuador-delayed-expansion,seed-4,BAL,29,,PD_MECH_DEFERRED,-1,-1,-1,-1,-1,-1,-1,-1,-1,false
ecuador-delayed-expansion,seed-4,JPQ,29,,PD_MECH_DEFERRED,-1,-1,-1,-1,-1,-1,-1,-1,-1,false
ecuador-delayed-expansion,seed-4,CONSV,29,,PD_MECH_DEFERRED,-1,-1,-1,-1,-1,-1,-1,-1,-1,false
ecuador-delayed-expansion,seed-4,VAP,29,,PD_MECH_DEFERRED,-1,-1,-1,-1,-1,-1,-1,-1,-1,false
ecuador-delayed-expansion,seed-4,MASS,30,MASS-F1,PD_MECH_CONSIDERED,0.8544403002256298,-1,-1,-1,-1,-1,-1,-1,-1,false
ecuador-delayed-expansion,seed-4,MASS,30,MASS-F1,PD_MECH_PAYBACK_UNATTRACTIVE,-1,4638.97,154.63233333333335,154632.33333333334,2500000,16.167381983500647,0.7916666666666666,1,9.5,false
ecuador-delayed-expansion,seed-4,MASS,30,MASS-NEWF-MASS-CAPEX-3,PD_MECH_CONSIDERED,0.459656432748538,-1,-1,-1,-1,-1,-1,-1,-1,false
ecuador-delayed-expansion,seed-4,MASS,30,MASS-NEWF-MASS-CAPEX-3,PD_MECH_LOW_UTILIZATION,0.459656432748538,-1,-1,-1,-1,-1,-1,-1,-1,false
ecuador-delayed-expansion,seed-4,MASS,30,,PD_MECH_DEFERRED,-1,-1,-1,-1,-1,-1,-1,-1,-1,false
ecuador-delayed-expansion,seed-4,BAL,30,BAL-NEWF-BAL-CAPEX-11,PD_MECH_CONSIDERED,0.6445886939571149,-1,-1,-1,-1,-1,-1,-1,-1,false
ecuador-delayed-expansion,seed-4,BAL,30,BAL-NEWF-BAL-CAPEX-11,PD_MECH_PAYBACK_UNATTRACTIVE,-1,4408.986666666666,146.9662222222222,146966.2222222222,2500000,17.01071145599594,1,1,12,false
ecuador-delayed-expansion,seed-4,BAL,30,,PD_MECH_DEFERRED,-1,-1,-1,-1,-1,-1,-1,-1,-1,false
ecuador-delayed-expansion,seed-4,JPQ,30,,PD_MECH_DEFERRED,-1,-1,-1,-1,-1,-1,-1,-1,-1,false
ecuador-delayed-expansion,seed-4,CONSV,30,,PD_MECH_DEFERRED,-1,-1,-1,-1,-1,-1,-1,-1,-1,false
ecuador-delayed-expansion,seed-4,VAP,30,,PD_MECH_DEFERRED,-1,-1,-1,-1,-1,-1,-1,-1,-1,false
ecuador-delayed-expansion,seed-4,MASS,31,MASS-F1,PD_MECH_CONSIDERED,0.9178339549661555,-1,-1,-1,-1,-1,-1,-1,-1,false
ecuador-delayed-expansion,seed-4,MASS,31,MASS-F1,PD_MECH_PAYBACK_UNATTRACTIVE,-1,4983.15,166.1049999999999,166104.9999999999,2500000,15.050720929532533,0.7916666666666666,1,9.5,false
ecuador-delayed-expansion,seed-4,MASS,31,MASS-NEWF-MASS-CAPEX-3,PD_MECH_CONSIDERED,0.7578494152046783,-1,-1,-1,-1,-1,-1,-1,-1,false
ecuador-delayed-expansion,seed-4,MASS,31,MASS-NEWF-MASS-CAPEX-3,PD_MECH_PAYBACK_UNATTRACTIVE,-1,5183.69,172.78966666666656,172789.66666666657,2500000,14.468457797437742,0.7916666666666666,1,9.5,false
ecuador-delayed-expansion,seed-4,MASS,31,MASS-NEWF-MASS-CAPEX-5,PD_MECH_CONSIDERED,0,-1,-1,-1,-1,-1,-1,-1,-1,false
ecuador-delayed-expansion,seed-4,MASS,31,MASS-NEWF-MASS-CAPEX-5,PD_MECH_LOW_UTILIZATION,0,-1,-1,-1,-1,-1,-1,-1,-1,false
ecuador-delayed-expansion,seed-4,MASS,31,,PD_MECH_DEFERRED,-1,-1,-1,-1,-1,-1,-1,-1,-1,false
ecuador-delayed-expansion,seed-4,BAL,31,BAL-NEWF-BAL-CAPEX-11,PD_MECH_CONSIDERED,0.7073084795321637,-1,-1,-1,-1,-1,-1,-1,-1,false
ecuador-delayed-expansion,seed-4,BAL,31,BAL-NEWF-BAL-CAPEX-11,PD_MECH_PAYBACK_UNATTRACTIVE,-1,4837.99,161.26633333333336,161266.33333333337,2500000,15.502305709602538,1,1,12,false
ecuador-delayed-expansion,seed-4,BAL,31,,PD_MECH_DEFERRED,-1,-1,-1,-1,-1,-1,-1,-1,-1,false
ecuador-delayed-expansion,seed-4,JPQ,31,,PD_MECH_DEFERRED,-1,-1,-1,-1,-1,-1,-1,-1,-1,false
ecuador-delayed-expansion,seed-4,CONSV,31,,PD_MECH_DEFERRED,-1,-1,-1,-1,-1,-1,-1,-1,-1,false
ecuador-delayed-expansion,seed-4,VAP,31,,PD_MECH_DEFERRED,-1,-1,-1,-1,-1,-1,-1,-1,-1,false
ecuador-delayed-expansion,seed-4,MASS,32,MASS-F1,PD_MECH_CONSIDERED,0.7721582170649721,-1,-1,-1,-1,-1,-1,-1,-1,false
ecuador-delayed-expansion,seed-4,MASS,32,MASS-F1,PD_MECH_PAYBACK_UNATTRACTIVE,-1,4192.24,139.7413333333334,139741.33333333337,2500000,17.89019712611873,0.7916666666666666,1,9.5,false
ecuador-delayed-expansion,seed-4,MASS,32,MASS-NEWF-MASS-CAPEX-3,PD_MECH_CONSIDERED,0.22022807017543858,-1,-1,-1,-1,-1,-1,-1,-1,false
ecuador-delayed-expansion,seed-4,MASS,32,MASS-NEWF-MASS-CAPEX-3,PD_MECH_LOW_UTILIZATION,0.22022807017543858,-1,-1,-1,-1,-1,-1,-1,-1,false
ecuador-delayed-expansion,seed-4,MASS,32,MASS-NEWF-MASS-CAPEX-5,PD_MECH_CONSIDERED,0.31925730994152046,-1,-1,-1,-1,-1,-1,-1,-1,false
ecuador-delayed-expansion,seed-4,MASS,32,MASS-NEWF-MASS-CAPEX-5,PD_MECH_LOW_UTILIZATION,0.31925730994152046,-1,-1,-1,-1,-1,-1,-1,-1,false
ecuador-delayed-expansion,seed-4,MASS,32,,PD_MECH_DEFERRED,-1,-1,-1,-1,-1,-1,-1,-1,-1,false
ecuador-delayed-expansion,seed-4,BAL,32,BAL-NEWF-BAL-CAPEX-11,PD_MECH_CONSIDERED,0.7379780701754387,-1,-1,-1,-1,-1,-1,-1,-1,false
ecuador-delayed-expansion,seed-4,BAL,32,BAL-NEWF-BAL-CAPEX-11,PD_MECH_PAYBACK_UNATTRACTIVE,-1,5047.77,168.25900000000001,168259,2500000,14.85804622635342,1,1,12,false
ecuador-delayed-expansion,seed-4,BAL,32,,PD_MECH_DEFERRED,-1,-1,-1,-1,-1,-1,-1,-1,-1,false
ecuador-delayed-expansion,seed-4,JPQ,32,JPQ-NEWF-JPQ-CAPEX-10,PD_MECH_CONSIDERED,0,-1,-1,-1,-1,-1,-1,-1,-1,false
ecuador-delayed-expansion,seed-4,JPQ,32,JPQ-NEWF-JPQ-CAPEX-10,PD_MECH_LOW_UTILIZATION,0,-1,-1,-1,-1,-1,-1,-1,-1,false
ecuador-delayed-expansion,seed-4,JPQ,32,,PD_MECH_DEFERRED,-1,-1,-1,-1,-1,-1,-1,-1,-1,false
ecuador-delayed-expansion,seed-4,CONSV,32,,PD_MECH_DEFERRED,-1,-1,-1,-1,-1,-1,-1,-1,-1,false
ecuador-delayed-expansion,seed-4,VAP,32,,PD_MECH_DEFERRED,-1,-1,-1,-1,-1,-1,-1,-1,-1,false
ecuador-delayed-expansion,seed-5,MASS,1,MASS-F1,PD_MECH_CONSIDERED,0,-1,-1,-1,-1,-1,-1,-1,-1,false
ecuador-delayed-expansion,seed-5,MASS,1,MASS-F1,PD_MECH_LOW_UTILIZATION,0,-1,-1,-1,-1,-1,-1,-1,-1,false
ecuador-delayed-expansion,seed-5,MASS,1,,PD_MECH_DEFERRED,-1,-1,-1,-1,-1,-1,-1,-1,-1,false
ecuador-delayed-expansion,seed-5,BAL,1,BAL-F1,PD_MECH_CONSIDERED,0,-1,-1,-1,-1,-1,-1,-1,-1,false
ecuador-delayed-expansion,seed-5,BAL,1,BAL-F1,PD_MECH_LOW_UTILIZATION,0,-1,-1,-1,-1,-1,-1,-1,-1,false
ecuador-delayed-expansion,seed-5,BAL,1,,PD_MECH_DEFERRED,-1,-1,-1,-1,-1,-1,-1,-1,-1,false
ecuador-delayed-expansion,seed-5,JPQ,1,JPQ-F1,PD_MECH_CONSIDERED,0,-1,-1,-1,-1,-1,-1,-1,-1,false
ecuador-delayed-expansion,seed-5,JPQ,1,JPQ-F1,PD_MECH_LOW_UTILIZATION,0,-1,-1,-1,-1,-1,-1,-1,-1,false
ecuador-delayed-expansion,seed-5,JPQ,1,,PD_MECH_DEFERRED,-1,-1,-1,-1,-1,-1,-1,-1,-1,false
ecuador-delayed-expansion,seed-5,CONSV,1,CONSV-F1,PD_MECH_CONSIDERED,0,-1,-1,-1,-1,-1,-1,-1,-1,false
ecuador-delayed-expansion,seed-5,CONSV,1,CONSV-F1,PD_MECH_LOW_UTILIZATION,0,-1,-1,-1,-1,-1,-1,-1,-1,false
ecuador-delayed-expansion,seed-5,CONSV,1,,PD_MECH_DEFERRED,-1,-1,-1,-1,-1,-1,-1,-1,-1,false
ecuador-delayed-expansion,seed-5,VAP,1,VAP-F1,PD_MECH_CONSIDERED,0,-1,-1,-1,-1,-1,-1,-1,-1,false
ecuador-delayed-expansion,seed-5,VAP,1,VAP-F1,PD_MECH_LOW_UTILIZATION,0,-1,-1,-1,-1,-1,-1,-1,-1,false
ecuador-delayed-expansion,seed-5,VAP,1,,PD_MECH_DEFERRED,-1,-1,-1,-1,-1,-1,-1,-1,-1,false
ecuador-delayed-expansion,seed-5,MASS,2,MASS-F1,PD_MECH_CONSIDERED,0.7883040935672515,-1,-1,-1,-1,-1,-1,-1,-1,false
ecuador-delayed-expansion,seed-5,MASS,2,MASS-F1,PD_MECH_PAYBACK_UNATTRACTIVE,-1,4044.0000000000005,134.79999999999995,134799.99999999994,2500000,18.545994065281906,0.7916666666666666,1,9.5,false
ecuador-delayed-expansion,seed-5,MASS,2,,PD_MECH_DEFERRED,-1,-1,-1,-1,-1,-1,-1,-1,-1,false
ecuador-delayed-expansion,seed-5,BAL,2,BAL-F1,PD_MECH_CONSIDERED,0.9271929824561403,-1,-1,-1,-1,-1,-1,-1,-1,false
ecuador-delayed-expansion,seed-5,BAL,2,BAL-F1,PD_MECH_PAYBACK_UNATTRACTIVE,-1,5549.25,184.9749999999999,184974.9999999999,2500000,13.515339910798764,1,1,12,false
ecuador-delayed-expansion,seed-5,BAL,2,,PD_MECH_DEFERRED,-1,-1,-1,-1,-1,-1,-1,-1,-1,false
ecuador-delayed-expansion,seed-5,JPQ,2,JPQ-F1,PD_MECH_CONSIDERED,1,-1,-1,-1,-1,-1,-1,-1,-1,false
ecuador-delayed-expansion,seed-5,JPQ,2,,PD_MECH_FINANCE_BLOCKED,-1,-1,-1,-1,2500000,-1,-1,-1,-1,false
ecuador-delayed-expansion,seed-5,CONSV,2,CONSV-F1,PD_MECH_CONSIDERED,1,-1,-1,-1,-1,-1,-1,-1,-1,false
ecuador-delayed-expansion,seed-5,CONSV,2,,PD_MECH_FINANCE_BLOCKED,-1,-1,-1,-1,2500000,-1,-1,-1,-1,false
ecuador-delayed-expansion,seed-5,VAP,2,VAP-F1,PD_MECH_CONSIDERED,1,-1,-1,-1,-1,-1,-1,-1,-1,false
ecuador-delayed-expansion,seed-5,VAP,2,,PD_MECH_FINANCE_BLOCKED,-1,-1,-1,-1,2500000,-1,-1,-1,-1,false
ecuador-delayed-expansion,seed-5,MASS,3,MASS-F1,PD_MECH_CONSIDERED,0.6222183235867447,-1,-1,-1,-1,-1,-1,-1,-1,false
ecuador-delayed-expansion,seed-5,MASS,3,MASS-F1,PD_MECH_PAYBACK_UNATTRACTIVE,-1,3191.98,106.39933333333329,106399.33333333328,2500000,23.496387821978846,0.7916666666666666,1,9.5,false
ecuador-delayed-expansion,seed-5,MASS,3,,PD_MECH_DEFERRED,-1,-1,-1,-1,-1,-1,-1,-1,-1,false
ecuador-delayed-expansion,seed-5,BAL,3,BAL-F1,PD_MECH_CONSIDERED,1,-1,-1,-1,-1,-1,-1,-1,-1,false
ecuador-delayed-expansion,seed-5,BAL,3,BAL-F1,PD_MECH_PAYBACK_UNATTRACTIVE,-1,5985,199.5,199500,2500000,12.531328320802006,1,1,12,false
ecuador-delayed-expansion,seed-5,BAL,3,,PD_MECH_DEFERRED,-1,-1,-1,-1,-1,-1,-1,-1,-1,false
ecuador-delayed-expansion,seed-5,JPQ,3,JPQ-F1,PD_MECH_CONSIDERED,0.8874108187134503,-1,-1,-1,-1,-1,-1,-1,-1,false
ecuador-delayed-expansion,seed-5,JPQ,3,,PD_MECH_FINANCE_BLOCKED,-1,-1,-1,-1,2500000,-1,-1,-1,-1,false
ecuador-delayed-expansion,seed-5,CONSV,3,CONSV-F1,PD_MECH_CONSIDERED,0.8540601503759399,-1,-1,-1,-1,-1,-1,-1,-1,false
ecuador-delayed-expansion,seed-5,CONSV,3,CONSV-F1,PD_MECH_PAYBACK_UNATTRACTIVE,-1,5111.55,170.385,170385,2500000,14.672653109135194,1.2105263157894737,1.05,13.834586466165414,false
ecuador-delayed-expansion,seed-5,CONSV,3,,PD_MECH_DEFERRED,-1,-1,-1,-1,-1,-1,-1,-1,-1,false
ecuador-delayed-expansion,seed-5,VAP,3,VAP-F1,PD_MECH_CONSIDERED,0.9596881091617934,-1,-1,-1,-1,-1,-1,-1,-1,false
ecuador-delayed-expansion,seed-5,VAP,3,,PD_MECH_FINANCE_BLOCKED,-1,-1,-1,-1,2500000,-1,-1,-1,-1,false
ecuador-delayed-expansion,seed-5,MASS,4,MASS-F1,PD_MECH_CONSIDERED,1,-1,-1,-1,-1,-1,-1,-1,-1,false
ecuador-delayed-expansion,seed-5,MASS,4,MASS-F1,PD_MECH_PAYBACK_UNATTRACTIVE,-1,5130,171,171000,2500000,14.619883040935672,0.7916666666666666,1,9.5,false
ecuador-delayed-expansion,seed-5,MASS,4,,PD_MECH_DEFERRED,-1,-1,-1,-1,-1,-1,-1,-1,-1,false
ecuador-delayed-expansion,seed-5,BAL,4,BAL-F1,PD_MECH_CONSIDERED,1,-1,-1,-1,-1,-1,-1,-1,-1,false
ecuador-delayed-expansion,seed-5,BAL,4,BAL-F1,PD_MECH_PAYBACK_UNATTRACTIVE,-1,5985,199.5,199500,2500000,12.531328320802006,1,1,12,false
ecuador-delayed-expansion,seed-5,BAL,4,,PD_MECH_DEFERRED,-1,-1,-1,-1,-1,-1,-1,-1,-1,false
ecuador-delayed-expansion,seed-5,JPQ,4,JPQ-F1,PD_MECH_CONSIDERED,0.943704678362573,-1,-1,-1,-1,-1,-1,-1,-1,false
ecuador-delayed-expansion,seed-5,JPQ,4,,PD_MECH_FINANCE_BLOCKED,-1,-1,-1,-1,2500000,-1,-1,-1,-1,false
ecuador-delayed-expansion,seed-5,CONSV,4,CONSV-F1,PD_MECH_CONSIDERED,0.9301487050960735,-1,-1,-1,-1,-1,-1,-1,-1,false
ecuador-delayed-expansion,seed-5,CONSV,4,CONSV-F1,PD_MECH_PROPOSED,-1,5566.94,185.56466666666665,185564.66666666666,2500000,13.472392373548125,1.2105263157894737,1.05,13.834586466165414,true
ecuador-delayed-expansion,seed-5,VAP,4,VAP-F1,PD_MECH_CONSIDERED,0.8941442495126706,-1,-1,-1,-1,-1,-1,-1,-1,false
ecuador-delayed-expansion,seed-5,VAP,4,,PD_MECH_FINANCE_BLOCKED,-1,-1,-1,-1,2500000,-1,-1,-1,-1,false
ecuador-delayed-expansion,seed-5,MASS,5,MASS-F1,PD_MECH_CONSIDERED,0.5603762183235868,-1,-1,-1,-1,-1,-1,-1,-1,false
ecuador-delayed-expansion,seed-5,MASS,5,MASS-F1,PD_MECH_PAYBACK_UNATTRACTIVE,-1,2874.73,95.82433333333336,95824.33333333336,2500000,26.089406657320854,0.7916666666666666,1,9.5,false
ecuador-delayed-expansion,seed-5,MASS,5,,PD_MECH_DEFERRED,-1,-1,-1,-1,-1,-1,-1,-1,-1,false
ecuador-delayed-expansion,seed-5,BAL,5,BAL-F1,PD_MECH_CONSIDERED,1,-1,-1,-1,-1,-1,-1,-1,-1,false
ecuador-delayed-expansion,seed-5,BAL,5,BAL-F1,PD_MECH_PAYBACK_UNATTRACTIVE,-1,5985,199.5,199500,2500000,12.531328320802006,1,1,12,false
ecuador-delayed-expansion,seed-5,BAL,5,,PD_MECH_DEFERRED,-1,-1,-1,-1,-1,-1,-1,-1,-1,false
ecuador-delayed-expansion,seed-5,JPQ,5,JPQ-F1,PD_MECH_CONSIDERED,0.9596388888888889,-1,-1,-1,-1,-1,-1,-1,-1,false
ecuador-delayed-expansion,seed-5,JPQ,5,,PD_MECH_FINANCE_BLOCKED,-1,-1,-1,-1,2500000,-1,-1,-1,-1,false
ecuador-delayed-expansion,seed-5,CONSV,5,CONSV-F1,PD_MECH_CONSIDERED,1,-1,-1,-1,-1,-1,-1,-1,-1,false
ecuador-delayed-expansion,seed-5,CONSV,5,CONSV-F1,PD_MECH_PROPOSED,-1,5985,199.5,199500,2500000,12.531328320802006,1.2105263157894737,1.05,13.834586466165414,true
ecuador-delayed-expansion,seed-5,VAP,5,VAP-F1,PD_MECH_CONSIDERED,1,-1,-1,-1,-1,-1,-1,-1,-1,false
ecuador-delayed-expansion,seed-5,VAP,5,,PD_MECH_FINANCE_BLOCKED,-1,-1,-1,-1,2500000,-1,-1,-1,-1,false
ecuador-delayed-expansion,seed-5,MASS,6,MASS-F1,PD_MECH_CONSIDERED,0.9965477582846004,-1,-1,-1,-1,-1,-1,-1,-1,false
ecuador-delayed-expansion,seed-5,MASS,6,MASS-F1,PD_MECH_PAYBACK_UNATTRACTIVE,-1,5112.29,170.40966666666668,170409.6666666667,2500000,14.670529254013367,0.7916666666666666,1,9.5,false
ecuador-delayed-expansion,seed-5,MASS,6,,PD_MECH_DEFERRED,-1,-1,-1,-1,-1,-1,-1,-1,-1,false
ecuador-delayed-expansion,seed-5,BAL,6,BAL-F1,PD_MECH_CONSIDERED,1,-1,-1,-1,-1,-1,-1,-1,-1,false
ecuador-delayed-expansion,seed-5,BAL,6,,PD_MECH_FINANCE_BLOCKED,-1,-1,-1,-1,2500000,-1,-1,-1,-1,false
ecuador-delayed-expansion,seed-5,JPQ,6,JPQ-F1,PD_MECH_CONSIDERED,0.8879312865497075,-1,-1,-1,-1,-1,-1,-1,-1,false
ecuador-delayed-expansion,seed-5,JPQ,6,,PD_MECH_FINANCE_BLOCKED,-1,-1,-1,-1,2500000,-1,-1,-1,-1,false
ecuador-delayed-expansion,seed-5,CONSV,6,,PD_MECH_DEFERRED,-1,-1,-1,-1,-1,-1,-1,-1,-1,false
ecuador-delayed-expansion,seed-5,VAP,6,VAP-F1,PD_MECH_CONSIDERED,1,-1,-1,-1,-1,-1,-1,-1,-1,false
ecuador-delayed-expansion,seed-5,VAP,6,,PD_MECH_FINANCE_BLOCKED,-1,-1,-1,-1,2500000,-1,-1,-1,-1,false
ecuador-delayed-expansion,seed-5,MASS,7,MASS-F1,PD_MECH_CONSIDERED,0.5912105263157894,-1,-1,-1,-1,-1,-1,-1,-1,false
ecuador-delayed-expansion,seed-5,MASS,7,MASS-F1,PD_MECH_PAYBACK_UNATTRACTIVE,-1,3032.91,101.09700000000004,101097.00000000004,2500000,24.728725877127896,0.7916666666666666,1,9.5,false
ecuador-delayed-expansion,seed-5,MASS,7,,PD_MECH_DEFERRED,-1,-1,-1,-1,-1,-1,-1,-1,-1,false
ecuador-delayed-expansion,seed-5,BAL,7,BAL-F1,PD_MECH_CONSIDERED,1,-1,-1,-1,-1,-1,-1,-1,-1,false
ecuador-delayed-expansion,seed-5,BAL,7,BAL-F1,PD_MECH_PROPOSED,-1,6284.25,209.4749999999999,209474.9999999999,2500000,11.93459840076382,1,1,12,true
ecuador-delayed-expansion,seed-5,JPQ,7,JPQ-F1,PD_MECH_CONSIDERED,0.8779824561403509,-1,-1,-1,-1,-1,-1,-1,-1,false
ecuador-delayed-expansion,seed-5,JPQ,7,,PD_MECH_FINANCE_BLOCKED,-1,-1,-1,-1,2500000,-1,-1,-1,-1,false
ecuador-delayed-expansion,seed-5,CONSV,7,,PD_MECH_DEFERRED,-1,-1,-1,-1,-1,-1,-1,-1,-1,false
ecuador-delayed-expansion,seed-5,VAP,7,VAP-F1,PD_MECH_CONSIDERED,1,-1,-1,-1,-1,-1,-1,-1,-1,false
ecuador-delayed-expansion,seed-5,VAP,7,,PD_MECH_FINANCE_BLOCKED,-1,-1,-1,-1,2500000,-1,-1,-1,-1,false
ecuador-delayed-expansion,seed-5,MASS,8,MASS-F1,PD_MECH_CONSIDERED,1,-1,-1,-1,-1,-1,-1,-1,-1,false
ecuador-delayed-expansion,seed-5,MASS,8,MASS-F1,PD_MECH_PAYBACK_UNATTRACTIVE,-1,5130,171,171000,2500000,14.619883040935672,0.7916666666666666,1,9.5,false
ecuador-delayed-expansion,seed-5,MASS,8,,PD_MECH_DEFERRED,-1,-1,-1,-1,-1,-1,-1,-1,-1,false
ecuador-delayed-expansion,seed-5,BAL,8,,PD_MECH_DEFERRED,-1,-1,-1,-1,-1,-1,-1,-1,-1,false
ecuador-delayed-expansion,seed-5,JPQ,8,JPQ-F1,PD_MECH_CONSIDERED,0.8583845029239766,-1,-1,-1,-1,-1,-1,-1,-1,false
ecuador-delayed-expansion,seed-5,JPQ,8,JPQ-F1,PD_MECH_PROPOSED,-1,5871.35,195.7116666666666,195711.6666666666,2500000,12.773893567918796,1.1176470588235294,1,13.411764705882353,true
ecuador-delayed-expansion,seed-5,CONSV,8,,PD_MECH_DEFERRED,-1,-1,-1,-1,-1,-1,-1,-1,-1,false
ecuador-delayed-expansion,seed-5,VAP,8,VAP-F1,PD_MECH_CONSIDERED,1,-1,-1,-1,-1,-1,-1,-1,-1,false
ecuador-delayed-expansion,seed-5,VAP,8,VAP-F1,PD_MECH_PROPOSED,-1,5130,171,171000,2500000,14.619883040935672,1.411764705882353,1,16.941176470588236,true
ecuador-delayed-expansion,seed-5,MASS,9,MASS-F1,PD_MECH_CONSIDERED,0.4764639376218324,-1,-1,-1,-1,-1,-1,-1,-1,false
ecuador-delayed-expansion,seed-5,MASS,9,MASS-F1,PD_MECH_LOW_UTILIZATION,0.4764639376218324,-1,-1,-1,-1,-1,-1,-1,-1,false
ecuador-delayed-expansion,seed-5,MASS,9,,PD_MECH_DEFERRED,-1,-1,-1,-1,-1,-1,-1,-1,-1,false
ecuador-delayed-expansion,seed-5,BAL,9,,PD_MECH_DEFERRED,-1,-1,-1,-1,-1,-1,-1,-1,-1,false
ecuador-delayed-expansion,seed-5,JPQ,9,,PD_MECH_DEFERRED,-1,-1,-1,-1,-1,-1,-1,-1,-1,false
ecuador-delayed-expansion,seed-5,CONSV,9,,PD_MECH_DEFERRED,-1,-1,-1,-1,-1,-1,-1,-1,-1,false
ecuador-delayed-expansion,seed-5,VAP,9,,PD_MECH_DEFERRED,-1,-1,-1,-1,-1,-1,-1,-1,-1,false
ecuador-delayed-expansion,seed-5,MASS,10,MASS-F1,PD_MECH_CONSIDERED,1,-1,-1,-1,-1,-1,-1,-1,-1,false
ecuador-delayed-expansion,seed-5,MASS,10,MASS-F1,PD_MECH_PAYBACK_UNATTRACTIVE,-1,5130,171,171000,2500000,14.619883040935672,0.7916666666666666,1,9.5,false
ecuador-delayed-expansion,seed-5,MASS,10,,PD_MECH_DEFERRED,-1,-1,-1,-1,-1,-1,-1,-1,-1,false
ecuador-delayed-expansion,seed-5,BAL,10,,PD_MECH_DEFERRED,-1,-1,-1,-1,-1,-1,-1,-1,-1,false
ecuador-delayed-expansion,seed-5,JPQ,10,,PD_MECH_DEFERRED,-1,-1,-1,-1,-1,-1,-1,-1,-1,false
ecuador-delayed-expansion,seed-5,CONSV,10,,PD_MECH_DEFERRED,-1,-1,-1,-1,-1,-1,-1,-1,-1,false
ecuador-delayed-expansion,seed-5,VAP,10,,PD_MECH_DEFERRED,-1,-1,-1,-1,-1,-1,-1,-1,-1,false
ecuador-delayed-expansion,seed-5,MASS,11,MASS-F1,PD_MECH_CONSIDERED,0.812074074074074,-1,-1,-1,-1,-1,-1,-1,-1,false
ecuador-delayed-expansion,seed-5,MASS,11,MASS-F1,PD_MECH_PAYBACK_UNATTRACTIVE,-1,4165.94,138.8646666666666,138864.6666666666,2500000,18.003139747571986,0.7916666666666666,1,9.5,false
ecuador-delayed-expansion,seed-5,MASS,11,,PD_MECH_DEFERRED,-1,-1,-1,-1,-1,-1,-1,-1,-1,false
ecuador-delayed-expansion,seed-5,BAL,11,,PD_MECH_DEFERRED,-1,-1,-1,-1,-1,-1,-1,-1,-1,false
ecuador-delayed-expansion,seed-5,JPQ,11,,PD_MECH_DEFERRED,-1,-1,-1,-1,-1,-1,-1,-1,-1,false
ecuador-delayed-expansion,seed-5,CONSV,11,,PD_MECH_DEFERRED,-1,-1,-1,-1,-1,-1,-1,-1,-1,false
ecuador-delayed-expansion,seed-5,VAP,11,,PD_MECH_DEFERRED,-1,-1,-1,-1,-1,-1,-1,-1,-1,false
ecuador-delayed-expansion,seed-5,MASS,12,MASS-F1,PD_MECH_CONSIDERED,1,-1,-1,-1,-1,-1,-1,-1,-1,false
ecuador-delayed-expansion,seed-5,MASS,12,MASS-F1,PD_MECH_PAYBACK_UNATTRACTIVE,-1,5130,171,171000,2500000,14.619883040935672,0.7916666666666666,1,9.5,false
ecuador-delayed-expansion,seed-5,MASS,12,,PD_MECH_DEFERRED,-1,-1,-1,-1,-1,-1,-1,-1,-1,false
ecuador-delayed-expansion,seed-5,BAL,12,,PD_MECH_DEFERRED,-1,-1,-1,-1,-1,-1,-1,-1,-1,false
ecuador-delayed-expansion,seed-5,JPQ,12,,PD_MECH_DEFERRED,-1,-1,-1,-1,-1,-1,-1,-1,-1,false
ecuador-delayed-expansion,seed-5,CONSV,12,,PD_MECH_DEFERRED,-1,-1,-1,-1,-1,-1,-1,-1,-1,false
ecuador-delayed-expansion,seed-5,VAP,12,,PD_MECH_DEFERRED,-1,-1,-1,-1,-1,-1,-1,-1,-1,false
ecuador-delayed-expansion,seed-5,MASS,13,MASS-F1,PD_MECH_CONSIDERED,1,-1,-1,-1,-1,-1,-1,-1,-1,false
ecuador-delayed-expansion,seed-5,MASS,13,MASS-F1,PD_MECH_PAYBACK_UNATTRACTIVE,-1,5130,171,171000,2500000,14.619883040935672,0.7916666666666666,1,9.5,false
ecuador-delayed-expansion,seed-5,MASS,13,,PD_MECH_DEFERRED,-1,-1,-1,-1,-1,-1,-1,-1,-1,false
ecuador-delayed-expansion,seed-5,BAL,13,,PD_MECH_DEFERRED,-1,-1,-1,-1,-1,-1,-1,-1,-1,false
ecuador-delayed-expansion,seed-5,JPQ,13,,PD_MECH_DEFERRED,-1,-1,-1,-1,-1,-1,-1,-1,-1,false
ecuador-delayed-expansion,seed-5,CONSV,13,,PD_MECH_DEFERRED,-1,-1,-1,-1,-1,-1,-1,-1,-1,false
ecuador-delayed-expansion,seed-5,VAP,13,,PD_MECH_DEFERRED,-1,-1,-1,-1,-1,-1,-1,-1,-1,false
ecuador-delayed-expansion,seed-5,MASS,14,MASS-F1,PD_MECH_CONSIDERED,1,-1,-1,-1,-1,-1,-1,-1,-1,false
ecuador-delayed-expansion,seed-5,MASS,14,MASS-F1,PD_MECH_PAYBACK_UNATTRACTIVE,-1,5130,171,171000,2500000,14.619883040935672,0.7916666666666666,1,9.5,false
ecuador-delayed-expansion,seed-5,MASS,14,,PD_MECH_DEFERRED,-1,-1,-1,-1,-1,-1,-1,-1,-1,false
ecuador-delayed-expansion,seed-5,BAL,14,,PD_MECH_DEFERRED,-1,-1,-1,-1,-1,-1,-1,-1,-1,false
ecuador-delayed-expansion,seed-5,JPQ,14,,PD_MECH_DEFERRED,-1,-1,-1,-1,-1,-1,-1,-1,-1,false
ecuador-delayed-expansion,seed-5,CONSV,14,,PD_MECH_DEFERRED,-1,-1,-1,-1,-1,-1,-1,-1,-1,false
ecuador-delayed-expansion,seed-5,VAP,14,,PD_MECH_DEFERRED,-1,-1,-1,-1,-1,-1,-1,-1,-1,false
ecuador-delayed-expansion,seed-5,MASS,15,MASS-F1,PD_MECH_CONSIDERED,1,-1,-1,-1,-1,-1,-1,-1,-1,false
ecuador-delayed-expansion,seed-5,MASS,15,MASS-F1,PD_MECH_PAYBACK_UNATTRACTIVE,-1,5130,171,171000,2500000,14.619883040935672,0.7916666666666666,1,9.5,false
ecuador-delayed-expansion,seed-5,MASS,15,,PD_MECH_DEFERRED,-1,-1,-1,-1,-1,-1,-1,-1,-1,false
ecuador-delayed-expansion,seed-5,BAL,15,,PD_MECH_DEFERRED,-1,-1,-1,-1,-1,-1,-1,-1,-1,false
ecuador-delayed-expansion,seed-5,JPQ,15,,PD_MECH_DEFERRED,-1,-1,-1,-1,-1,-1,-1,-1,-1,false
ecuador-delayed-expansion,seed-5,CONSV,15,,PD_MECH_DEFERRED,-1,-1,-1,-1,-1,-1,-1,-1,-1,false
ecuador-delayed-expansion,seed-5,VAP,15,,PD_MECH_DEFERRED,-1,-1,-1,-1,-1,-1,-1,-1,-1,false
ecuador-delayed-expansion,seed-5,MASS,16,MASS-F1,PD_MECH_CONSIDERED,1,-1,-1,-1,-1,-1,-1,-1,-1,false
ecuador-delayed-expansion,seed-5,MASS,16,MASS-F1,PD_MECH_PAYBACK_UNATTRACTIVE,-1,5130,171,171000,2500000,14.619883040935672,0.7916666666666666,1,9.5,false
ecuador-delayed-expansion,seed-5,MASS,16,,PD_MECH_DEFERRED,-1,-1,-1,-1,-1,-1,-1,-1,-1,false
ecuador-delayed-expansion,seed-5,BAL,16,,PD_MECH_DEFERRED,-1,-1,-1,-1,-1,-1,-1,-1,-1,false
ecuador-delayed-expansion,seed-5,JPQ,16,,PD_MECH_DEFERRED,-1,-1,-1,-1,-1,-1,-1,-1,-1,false
ecuador-delayed-expansion,seed-5,CONSV,16,,PD_MECH_DEFERRED,-1,-1,-1,-1,-1,-1,-1,-1,-1,false
ecuador-delayed-expansion,seed-5,VAP,16,,PD_MECH_DEFERRED,-1,-1,-1,-1,-1,-1,-1,-1,-1,false
ecuador-delayed-expansion,seed-5,MASS,17,MASS-F1,PD_MECH_CONSIDERED,1,-1,-1,-1,-1,-1,-1,-1,-1,false
ecuador-delayed-expansion,seed-5,MASS,17,MASS-F1,PD_MECH_PAYBACK_UNATTRACTIVE,-1,5130,171,171000,2500000,14.619883040935672,0.7916666666666666,1,9.5,false
ecuador-delayed-expansion,seed-5,MASS,17,,PD_MECH_DEFERRED,-1,-1,-1,-1,-1,-1,-1,-1,-1,false
ecuador-delayed-expansion,seed-5,BAL,17,,PD_MECH_DEFERRED,-1,-1,-1,-1,-1,-1,-1,-1,-1,false
ecuador-delayed-expansion,seed-5,JPQ,17,,PD_MECH_DEFERRED,-1,-1,-1,-1,-1,-1,-1,-1,-1,false
ecuador-delayed-expansion,seed-5,CONSV,17,,PD_MECH_DEFERRED,-1,-1,-1,-1,-1,-1,-1,-1,-1,false
ecuador-delayed-expansion,seed-5,VAP,17,,PD_MECH_DEFERRED,-1,-1,-1,-1,-1,-1,-1,-1,-1,false
ecuador-delayed-expansion,seed-5,MASS,18,MASS-F1,PD_MECH_CONSIDERED,1,-1,-1,-1,-1,-1,-1,-1,-1,false
ecuador-delayed-expansion,seed-5,MASS,18,MASS-F1,PD_MECH_PAYBACK_UNATTRACTIVE,-1,5429.25,180.9749999999999,180974.9999999999,2500000,13.814062715844736,0.7916666666666666,1,9.5,false
ecuador-delayed-expansion,seed-5,MASS,18,,PD_MECH_DEFERRED,-1,-1,-1,-1,-1,-1,-1,-1,-1,false
ecuador-delayed-expansion,seed-5,BAL,18,,PD_MECH_DEFERRED,-1,-1,-1,-1,-1,-1,-1,-1,-1,false
ecuador-delayed-expansion,seed-5,JPQ,18,,PD_MECH_DEFERRED,-1,-1,-1,-1,-1,-1,-1,-1,-1,false
ecuador-delayed-expansion,seed-5,CONSV,18,,PD_MECH_DEFERRED,-1,-1,-1,-1,-1,-1,-1,-1,-1,false
ecuador-delayed-expansion,seed-5,VAP,18,,PD_MECH_DEFERRED,-1,-1,-1,-1,-1,-1,-1,-1,-1,false
ecuador-delayed-expansion,seed-5,MASS,19,MASS-F1,PD_MECH_CONSIDERED,1,-1,-1,-1,-1,-1,-1,-1,-1,false
ecuador-delayed-expansion,seed-5,MASS,19,MASS-F1,PD_MECH_PAYBACK_UNATTRACTIVE,-1,5429.25,180.9749999999999,180974.9999999999,2500000,13.814062715844736,0.7916666666666666,1,9.5,false
ecuador-delayed-expansion,seed-5,MASS,19,,PD_MECH_DEFERRED,-1,-1,-1,-1,-1,-1,-1,-1,-1,false
ecuador-delayed-expansion,seed-5,BAL,19,,PD_MECH_DEFERRED,-1,-1,-1,-1,-1,-1,-1,-1,-1,false
ecuador-delayed-expansion,seed-5,JPQ,19,,PD_MECH_DEFERRED,-1,-1,-1,-1,-1,-1,-1,-1,-1,false
ecuador-delayed-expansion,seed-5,CONSV,19,,PD_MECH_DEFERRED,-1,-1,-1,-1,-1,-1,-1,-1,-1,false
ecuador-delayed-expansion,seed-5,VAP,19,,PD_MECH_DEFERRED,-1,-1,-1,-1,-1,-1,-1,-1,-1,false
ecuador-delayed-expansion,seed-5,MASS,20,MASS-F1,PD_MECH_CONSIDERED,1,-1,-1,-1,-1,-1,-1,-1,-1,false
ecuador-delayed-expansion,seed-5,MASS,20,MASS-F1,PD_MECH_PAYBACK_UNATTRACTIVE,-1,5429.25,180.9749999999999,180974.9999999999,2500000,13.814062715844736,0.7916666666666666,1,9.5,false
ecuador-delayed-expansion,seed-5,MASS,20,,PD_MECH_DEFERRED,-1,-1,-1,-1,-1,-1,-1,-1,-1,false
ecuador-delayed-expansion,seed-5,BAL,20,,PD_MECH_DEFERRED,-1,-1,-1,-1,-1,-1,-1,-1,-1,false
ecuador-delayed-expansion,seed-5,JPQ,20,,PD_MECH_DEFERRED,-1,-1,-1,-1,-1,-1,-1,-1,-1,false
ecuador-delayed-expansion,seed-5,CONSV,20,,PD_MECH_DEFERRED,-1,-1,-1,-1,-1,-1,-1,-1,-1,false
ecuador-delayed-expansion,seed-5,VAP,20,,PD_MECH_DEFERRED,-1,-1,-1,-1,-1,-1,-1,-1,-1,false
ecuador-delayed-expansion,seed-5,MASS,21,MASS-F1,PD_MECH_CONSIDERED,1,-1,-1,-1,-1,-1,-1,-1,-1,false
ecuador-delayed-expansion,seed-5,MASS,21,MASS-F1,PD_MECH_PAYBACK_UNATTRACTIVE,-1,5429.25,180.9749999999999,180974.9999999999,2500000,13.814062715844736,0.7916666666666666,1,9.5,false
ecuador-delayed-expansion,seed-5,MASS,21,,PD_MECH_DEFERRED,-1,-1,-1,-1,-1,-1,-1,-1,-1,false
ecuador-delayed-expansion,seed-5,BAL,21,,PD_MECH_DEFERRED,-1,-1,-1,-1,-1,-1,-1,-1,-1,false
ecuador-delayed-expansion,seed-5,JPQ,21,,PD_MECH_DEFERRED,-1,-1,-1,-1,-1,-1,-1,-1,-1,false
ecuador-delayed-expansion,seed-5,CONSV,21,,PD_MECH_DEFERRED,-1,-1,-1,-1,-1,-1,-1,-1,-1,false
ecuador-delayed-expansion,seed-5,VAP,21,,PD_MECH_DEFERRED,-1,-1,-1,-1,-1,-1,-1,-1,-1,false
ecuador-delayed-expansion,seed-5,MASS,22,MASS-F1,PD_MECH_CONSIDERED,1,-1,-1,-1,-1,-1,-1,-1,-1,false
ecuador-delayed-expansion,seed-5,MASS,22,MASS-F1,PD_MECH_PAYBACK_UNATTRACTIVE,-1,5429.25,180.9749999999999,180974.9999999999,2500000,13.814062715844736,0.7916666666666666,1,9.5,false
ecuador-delayed-expansion,seed-5,MASS,22,,PD_MECH_DEFERRED,-1,-1,-1,-1,-1,-1,-1,-1,-1,false
ecuador-delayed-expansion,seed-5,BAL,22,,PD_MECH_DEFERRED,-1,-1,-1,-1,-1,-1,-1,-1,-1,false
ecuador-delayed-expansion,seed-5,JPQ,22,,PD_MECH_DEFERRED,-1,-1,-1,-1,-1,-1,-1,-1,-1,false
ecuador-delayed-expansion,seed-5,CONSV,22,,PD_MECH_DEFERRED,-1,-1,-1,-1,-1,-1,-1,-1,-1,false
ecuador-delayed-expansion,seed-5,VAP,22,,PD_MECH_DEFERRED,-1,-1,-1,-1,-1,-1,-1,-1,-1,false
ecuador-delayed-expansion,seed-5,MASS,23,MASS-F1,PD_MECH_CONSIDERED,1,-1,-1,-1,-1,-1,-1,-1,-1,false
ecuador-delayed-expansion,seed-5,MASS,23,MASS-F1,PD_MECH_PAYBACK_UNATTRACTIVE,-1,5728.5,190.95000000000005,190950.00000000006,2500000,13.092432573972241,0.7916666666666666,1,9.5,false
ecuador-delayed-expansion,seed-5,MASS,23,MASS-NEWF-MASS-CAPEX-4,PD_MECH_CONSIDERED,0,-1,-1,-1,-1,-1,-1,-1,-1,false
ecuador-delayed-expansion,seed-5,MASS,23,MASS-NEWF-MASS-CAPEX-4,PD_MECH_LOW_UTILIZATION,0,-1,-1,-1,-1,-1,-1,-1,-1,false
ecuador-delayed-expansion,seed-5,MASS,23,,PD_MECH_DEFERRED,-1,-1,-1,-1,-1,-1,-1,-1,-1,false
ecuador-delayed-expansion,seed-5,BAL,23,,PD_MECH_DEFERRED,-1,-1,-1,-1,-1,-1,-1,-1,-1,false
ecuador-delayed-expansion,seed-5,JPQ,23,,PD_MECH_DEFERRED,-1,-1,-1,-1,-1,-1,-1,-1,-1,false
ecuador-delayed-expansion,seed-5,CONSV,23,,PD_MECH_DEFERRED,-1,-1,-1,-1,-1,-1,-1,-1,-1,false
ecuador-delayed-expansion,seed-5,VAP,23,,PD_MECH_DEFERRED,-1,-1,-1,-1,-1,-1,-1,-1,-1,false
ecuador-delayed-expansion,seed-5,MASS,24,MASS-F1,PD_MECH_CONSIDERED,1,-1,-1,-1,-1,-1,-1,-1,-1,false
ecuador-delayed-expansion,seed-5,MASS,24,MASS-F1,PD_MECH_PAYBACK_UNATTRACTIVE,-1,5728.5,190.95000000000005,190950.00000000006,2500000,13.092432573972241,0.7916666666666666,1,9.5,false
ecuador-delayed-expansion,seed-5,MASS,24,MASS-NEWF-MASS-CAPEX-4,PD_MECH_CONSIDERED,1,-1,-1,-1,-1,-1,-1,-1,-1,false
ecuador-delayed-expansion,seed-5,MASS,24,MASS-NEWF-MASS-CAPEX-4,PD_MECH_PAYBACK_UNATTRACTIVE,-1,5130,171,171000,2500000,14.619883040935672,0.7916666666666666,1,9.5,false
ecuador-delayed-expansion,seed-5,MASS,24,,PD_MECH_DEFERRED,-1,-1,-1,-1,-1,-1,-1,-1,-1,false
ecuador-delayed-expansion,seed-5,BAL,24,,PD_MECH_DEFERRED,-1,-1,-1,-1,-1,-1,-1,-1,-1,false
ecuador-delayed-expansion,seed-5,JPQ,24,,PD_MECH_DEFERRED,-1,-1,-1,-1,-1,-1,-1,-1,-1,false
ecuador-delayed-expansion,seed-5,CONSV,24,,PD_MECH_DEFERRED,-1,-1,-1,-1,-1,-1,-1,-1,-1,false
ecuador-delayed-expansion,seed-5,VAP,24,,PD_MECH_DEFERRED,-1,-1,-1,-1,-1,-1,-1,-1,-1,false
ecuador-delayed-expansion,seed-5,MASS,25,MASS-F1,PD_MECH_CONSIDERED,0.824275115649821,-1,-1,-1,-1,-1,-1,-1,-1,false
ecuador-delayed-expansion,seed-5,MASS,25,MASS-F1,PD_MECH_PAYBACK_UNATTRACTIVE,-1,4721.86,157.39533333333338,157395.33333333337,2500000,15.883571304528296,0.7916666666666666,1,9.5,false
ecuador-delayed-expansion,seed-5,MASS,25,MASS-NEWF-MASS-CAPEX-4,PD_MECH_CONSIDERED,0,-1,-1,-1,-1,-1,-1,-1,-1,false
ecuador-delayed-expansion,seed-5,MASS,25,MASS-NEWF-MASS-CAPEX-4,PD_MECH_LOW_UTILIZATION,0,-1,-1,-1,-1,-1,-1,-1,-1,false
ecuador-delayed-expansion,seed-5,MASS,25,,PD_MECH_DEFERRED,-1,-1,-1,-1,-1,-1,-1,-1,-1,false
ecuador-delayed-expansion,seed-5,BAL,25,,PD_MECH_DEFERRED,-1,-1,-1,-1,-1,-1,-1,-1,-1,false
ecuador-delayed-expansion,seed-5,JPQ,25,,PD_MECH_DEFERRED,-1,-1,-1,-1,-1,-1,-1,-1,-1,false
ecuador-delayed-expansion,seed-5,CONSV,25,,PD_MECH_DEFERRED,-1,-1,-1,-1,-1,-1,-1,-1,-1,false
ecuador-delayed-expansion,seed-5,VAP,25,,PD_MECH_DEFERRED,-1,-1,-1,-1,-1,-1,-1,-1,-1,false
ecuador-delayed-expansion,seed-5,MASS,26,MASS-F1,PD_MECH_CONSIDERED,0.831875709173431,-1,-1,-1,-1,-1,-1,-1,-1,false
ecuador-delayed-expansion,seed-5,MASS,26,MASS-F1,PD_MECH_PAYBACK_UNATTRACTIVE,-1,4765.4,158.8466666666667,158846.6666666667,2500000,15.738447979183277,0.7916666666666666,1,9.5,false
ecuador-delayed-expansion,seed-5,MASS,26,MASS-NEWF-MASS-CAPEX-4,PD_MECH_CONSIDERED,0.8318771929824561,-1,-1,-1,-1,-1,-1,-1,-1,false
ecuador-delayed-expansion,seed-5,MASS,26,MASS-NEWF-MASS-CAPEX-4,PD_MECH_PAYBACK_UNATTRACTIVE,-1,5690.04,189.668,189668,2500000,13.18092667186874,0.7916666666666666,1,9.5,false
ecuador-delayed-expansion,seed-5,MASS,26,,PD_MECH_DEFERRED,-1,-1,-1,-1,-1,-1,-1,-1,-1,false
ecuador-delayed-expansion,seed-5,BAL,26,,PD_MECH_DEFERRED,-1,-1,-1,-1,-1,-1,-1,-1,-1,false
ecuador-delayed-expansion,seed-5,JPQ,26,,PD_MECH_DEFERRED,-1,-1,-1,-1,-1,-1,-1,-1,-1,false
ecuador-delayed-expansion,seed-5,CONSV,26,,PD_MECH_DEFERRED,-1,-1,-1,-1,-1,-1,-1,-1,-1,false
ecuador-delayed-expansion,seed-5,VAP,26,,PD_MECH_DEFERRED,-1,-1,-1,-1,-1,-1,-1,-1,-1,false
ecuador-delayed-expansion,seed-5,MASS,27,MASS-F1,PD_MECH_CONSIDERED,0.7863140438160077,-1,-1,-1,-1,-1,-1,-1,-1,false
ecuador-delayed-expansion,seed-5,MASS,27,MASS-F1,PD_MECH_PAYBACK_UNATTRACTIVE,-1,4504.4,150.14666666666665,150146.66666666666,2500000,16.650386288961904,0.7916666666666666,1,9.5,false
ecuador-delayed-expansion,seed-5,MASS,27,MASS-NEWF-MASS-CAPEX-4,PD_MECH_CONSIDERED,0.6500029239766083,-1,-1,-1,-1,-1,-1,-1,-1,false
ecuador-delayed-expansion,seed-5,MASS,27,MASS-NEWF-MASS-CAPEX-4,PD_MECH_PAYBACK_UNATTRACTIVE,-1,4446.02,148.20066666666662,148200.66666666663,2500000,16.869019932433957,0.7916666666666666,1,9.5,false
ecuador-delayed-expansion,seed-5,MASS,27,,PD_MECH_DEFERRED,-1,-1,-1,-1,-1,-1,-1,-1,-1,false
ecuador-delayed-expansion,seed-5,BAL,27,,PD_MECH_DEFERRED,-1,-1,-1,-1,-1,-1,-1,-1,-1,false
ecuador-delayed-expansion,seed-5,JPQ,27,,PD_MECH_DEFERRED,-1,-1,-1,-1,-1,-1,-1,-1,-1,false
ecuador-delayed-expansion,seed-5,CONSV,27,,PD_MECH_DEFERRED,-1,-1,-1,-1,-1,-1,-1,-1,-1,false
ecuador-delayed-expansion,seed-5,VAP,27,,PD_MECH_DEFERRED,-1,-1,-1,-1,-1,-1,-1,-1,-1,false
ecuador-delayed-expansion,seed-5,MASS,28,MASS-F1,PD_MECH_CONSIDERED,0.7418853102906521,-1,-1,-1,-1,-1,-1,-1,-1,false
ecuador-delayed-expansion,seed-5,MASS,28,MASS-F1,PD_MECH_PAYBACK_UNATTRACTIVE,-1,4249.89,141.663,141663,2500000,17.64751558275626,0.7916666666666666,1,9.5,false
ecuador-delayed-expansion,seed-5,MASS,28,MASS-NEWF-MASS-CAPEX-4,PD_MECH_CONSIDERED,0.5883143274853802,-1,-1,-1,-1,-1,-1,-1,-1,false
ecuador-delayed-expansion,seed-5,MASS,28,MASS-NEWF-MASS-CAPEX-4,PD_MECH_PAYBACK_UNATTRACTIVE,-1,4024.07,134.13566666666668,134135.6666666667,2500000,18.637846757138913,0.7916666666666666,1,9.5,false
ecuador-delayed-expansion,seed-5,MASS,28,,PD_MECH_DEFERRED,-1,-1,-1,-1,-1,-1,-1,-1,-1,false
ecuador-delayed-expansion,seed-5,BAL,28,,PD_MECH_DEFERRED,-1,-1,-1,-1,-1,-1,-1,-1,-1,false
ecuador-delayed-expansion,seed-5,JPQ,28,,PD_MECH_DEFERRED,-1,-1,-1,-1,-1,-1,-1,-1,-1,false
ecuador-delayed-expansion,seed-5,CONSV,28,,PD_MECH_DEFERRED,-1,-1,-1,-1,-1,-1,-1,-1,-1,false
ecuador-delayed-expansion,seed-5,VAP,28,,PD_MECH_DEFERRED,-1,-1,-1,-1,-1,-1,-1,-1,-1,false
ecuador-delayed-expansion,seed-5,MASS,29,MASS-F1,PD_MECH_CONSIDERED,0.774017631142533,-1,-1,-1,-1,-1,-1,-1,-1,false
ecuador-delayed-expansion,seed-5,MASS,29,MASS-F1,PD_MECH_PAYBACK_UNATTRACTIVE,-1,4433.96,147.7986666666667,147798.6666666667,2500000,16.91490225441817,0.7916666666666666,1,9.5,false
ecuador-delayed-expansion,seed-5,MASS,29,MASS-NEWF-MASS-CAPEX-4,PD_MECH_CONSIDERED,0.4356695906432749,-1,-1,-1,-1,-1,-1,-1,-1,false
ecuador-delayed-expansion,seed-5,MASS,29,MASS-NEWF-MASS-CAPEX-4,PD_MECH_LOW_UTILIZATION,0.4356695906432749,-1,-1,-1,-1,-1,-1,-1,-1,false
ecuador-delayed-expansion,seed-5,MASS,29,,PD_MECH_DEFERRED,-1,-1,-1,-1,-1,-1,-1,-1,-1,false
ecuador-delayed-expansion,seed-5,BAL,29,BAL-NEWF-BAL-CAPEX-6,PD_MECH_CONSIDERED,0,-1,-1,-1,-1,-1,-1,-1,-1,false
ecuador-delayed-expansion,seed-5,BAL,29,BAL-NEWF-BAL-CAPEX-6,PD_MECH_LOW_UTILIZATION,0,-1,-1,-1,-1,-1,-1,-1,-1,false
ecuador-delayed-expansion,seed-5,BAL,29,,PD_MECH_DEFERRED,-1,-1,-1,-1,-1,-1,-1,-1,-1,false
ecuador-delayed-expansion,seed-5,JPQ,29,,PD_MECH_DEFERRED,-1,-1,-1,-1,-1,-1,-1,-1,-1,false
ecuador-delayed-expansion,seed-5,CONSV,29,,PD_MECH_DEFERRED,-1,-1,-1,-1,-1,-1,-1,-1,-1,false
ecuador-delayed-expansion,seed-5,VAP,29,,PD_MECH_DEFERRED,-1,-1,-1,-1,-1,-1,-1,-1,-1,false
ecuador-delayed-expansion,seed-5,MASS,30,MASS-F1,PD_MECH_CONSIDERED,0.8597276774024614,-1,-1,-1,-1,-1,-1,-1,-1,false
ecuador-delayed-expansion,seed-5,MASS,30,MASS-F1,PD_MECH_PAYBACK_UNATTRACTIVE,-1,4924.95,164.16500000000008,164165.0000000001,2500000,15.228581000822336,0.7916666666666666,1,9.5,false
ecuador-delayed-expansion,seed-5,MASS,30,MASS-NEWF-MASS-CAPEX-4,PD_MECH_CONSIDERED,0.4598172514619883,-1,-1,-1,-1,-1,-1,-1,-1,false
ecuador-delayed-expansion,seed-5,MASS,30,MASS-NEWF-MASS-CAPEX-4,PD_MECH_LOW_UTILIZATION,0.4598172514619883,-1,-1,-1,-1,-1,-1,-1,-1,false
ecuador-delayed-expansion,seed-5,MASS,30,,PD_MECH_DEFERRED,-1,-1,-1,-1,-1,-1,-1,-1,-1,false
ecuador-delayed-expansion,seed-5,BAL,30,BAL-NEWF-BAL-CAPEX-6,PD_MECH_CONSIDERED,0.5470263157894737,-1,-1,-1,-1,-1,-1,-1,-1,false
ecuador-delayed-expansion,seed-5,BAL,30,BAL-NEWF-BAL-CAPEX-6,PD_MECH_PAYBACK_UNATTRACTIVE,-1,2806.245,93.54150000000004,93541.50000000004,2500000,26.726105525355045,1,1,12,false
ecuador-delayed-expansion,seed-5,BAL,30,,PD_MECH_DEFERRED,-1,-1,-1,-1,-1,-1,-1,-1,-1,false
ecuador-delayed-expansion,seed-5,JPQ,30,,PD_MECH_DEFERRED,-1,-1,-1,-1,-1,-1,-1,-1,-1,false
ecuador-delayed-expansion,seed-5,CONSV,30,,PD_MECH_DEFERRED,-1,-1,-1,-1,-1,-1,-1,-1,-1,false
ecuador-delayed-expansion,seed-5,VAP,30,,PD_MECH_DEFERRED,-1,-1,-1,-1,-1,-1,-1,-1,-1,false
ecuador-delayed-expansion,seed-5,MASS,31,MASS-F1,PD_MECH_CONSIDERED,0.9277297721916732,-1,-1,-1,-1,-1,-1,-1,-1,false
ecuador-delayed-expansion,seed-5,MASS,31,MASS-F1,PD_MECH_PAYBACK_UNATTRACTIVE,-1,5314.5,177.1500000000001,177150.0000000001,2500000,14.112334180073377,0.7916666666666666,1,9.5,false
ecuador-delayed-expansion,seed-5,MASS,31,MASS-NEWF-MASS-CAPEX-4,PD_MECH_CONSIDERED,0.762125730994152,-1,-1,-1,-1,-1,-1,-1,-1,false
ecuador-delayed-expansion,seed-5,MASS,31,MASS-NEWF-MASS-CAPEX-4,PD_MECH_PAYBACK_UNATTRACTIVE,-1,5212.94,173.7646666666667,173764.6666666667,2500000,14.387274743235102,0.7916666666666666,1,9.5,false
ecuador-delayed-expansion,seed-5,MASS,31,MASS-NEWF-MASS-CAPEX-7,PD_MECH_CONSIDERED,0,-1,-1,-1,-1,-1,-1,-1,-1,false
ecuador-delayed-expansion,seed-5,MASS,31,MASS-NEWF-MASS-CAPEX-7,PD_MECH_LOW_UTILIZATION,0,-1,-1,-1,-1,-1,-1,-1,-1,false
ecuador-delayed-expansion,seed-5,MASS,31,,PD_MECH_DEFERRED,-1,-1,-1,-1,-1,-1,-1,-1,-1,false
ecuador-delayed-expansion,seed-5,BAL,31,BAL-NEWF-BAL-CAPEX-6,PD_MECH_CONSIDERED,0.6532475633528265,-1,-1,-1,-1,-1,-1,-1,-1,false
ecuador-delayed-expansion,seed-5,BAL,31,BAL-NEWF-BAL-CAPEX-6,PD_MECH_PAYBACK_UNATTRACTIVE,-1,4468.213333333333,148.94044444444444,148940.44444444444,2500000,16.785232576182576,1,1,12,false
ecuador-delayed-expansion,seed-5,BAL,31,,PD_MECH_DEFERRED,-1,-1,-1,-1,-1,-1,-1,-1,-1,false
ecuador-delayed-expansion,seed-5,JPQ,31,,PD_MECH_DEFERRED,-1,-1,-1,-1,-1,-1,-1,-1,-1,false
ecuador-delayed-expansion,seed-5,CONSV,31,,PD_MECH_DEFERRED,-1,-1,-1,-1,-1,-1,-1,-1,-1,false
ecuador-delayed-expansion,seed-5,VAP,31,,PD_MECH_DEFERRED,-1,-1,-1,-1,-1,-1,-1,-1,-1,false
ecuador-delayed-expansion,seed-5,MASS,32,MASS-F1,PD_MECH_CONSIDERED,0.7299624683599546,-1,-1,-1,-1,-1,-1,-1,-1,false
ecuador-delayed-expansion,seed-5,MASS,32,MASS-F1,PD_MECH_PAYBACK_UNATTRACTIVE,-1,4181.59,139.38633333333325,139386.33333333326,2500000,17.935761277408844,0.7916666666666666,1,9.5,false
ecuador-delayed-expansion,seed-5,MASS,32,MASS-NEWF-MASS-CAPEX-4,PD_MECH_CONSIDERED,0.18672660818713452,-1,-1,-1,-1,-1,-1,-1,-1,false
ecuador-delayed-expansion,seed-5,MASS,32,MASS-NEWF-MASS-CAPEX-4,PD_MECH_LOW_UTILIZATION,0.18672660818713452,-1,-1,-1,-1,-1,-1,-1,-1,false
ecuador-delayed-expansion,seed-5,MASS,32,MASS-NEWF-MASS-CAPEX-7,PD_MECH_CONSIDERED,0.29409941520467836,-1,-1,-1,-1,-1,-1,-1,-1,false
ecuador-delayed-expansion,seed-5,MASS,32,MASS-NEWF-MASS-CAPEX-7,PD_MECH_LOW_UTILIZATION,0.29409941520467836,-1,-1,-1,-1,-1,-1,-1,-1,false
ecuador-delayed-expansion,seed-5,MASS,32,,PD_MECH_DEFERRED,-1,-1,-1,-1,-1,-1,-1,-1,-1,false
ecuador-delayed-expansion,seed-5,BAL,32,BAL-NEWF-BAL-CAPEX-6,PD_MECH_CONSIDERED,0.6426900584795322,-1,-1,-1,-1,-1,-1,-1,-1,false
ecuador-delayed-expansion,seed-5,BAL,32,BAL-NEWF-BAL-CAPEX-6,PD_MECH_PAYBACK_UNATTRACTIVE,-1,4396,146.53333333333342,146533.33333333343,2500000,17.060964513193802,1,1,12,false
ecuador-delayed-expansion,seed-5,BAL,32,,PD_MECH_DEFERRED,-1,-1,-1,-1,-1,-1,-1,-1,-1,false
ecuador-delayed-expansion,seed-5,JPQ,32,,PD_MECH_DEFERRED,-1,-1,-1,-1,-1,-1,-1,-1,-1,false
ecuador-delayed-expansion,seed-5,CONSV,32,,PD_MECH_DEFERRED,-1,-1,-1,-1,-1,-1,-1,-1,-1,false
ecuador-delayed-expansion,seed-5,VAP,32,,PD_MECH_DEFERRED,-1,-1,-1,-1,-1,-1,-1,-1,-1,false
global-demand-boom,seed-1,MASS,1,MASS-F1,PD_MECH_CONSIDERED,0,-1,-1,-1,-1,-1,-1,-1,-1,false
global-demand-boom,seed-1,MASS,1,MASS-F1,PD_MECH_LOW_UTILIZATION,0,-1,-1,-1,-1,-1,-1,-1,-1,false
global-demand-boom,seed-1,MASS,1,,PD_MECH_DEFERRED,-1,-1,-1,-1,-1,-1,-1,-1,-1,false
global-demand-boom,seed-1,BAL,1,BAL-F1,PD_MECH_CONSIDERED,0,-1,-1,-1,-1,-1,-1,-1,-1,false
global-demand-boom,seed-1,BAL,1,BAL-F1,PD_MECH_LOW_UTILIZATION,0,-1,-1,-1,-1,-1,-1,-1,-1,false
global-demand-boom,seed-1,BAL,1,,PD_MECH_DEFERRED,-1,-1,-1,-1,-1,-1,-1,-1,-1,false
global-demand-boom,seed-1,JPQ,1,JPQ-F1,PD_MECH_CONSIDERED,0,-1,-1,-1,-1,-1,-1,-1,-1,false
global-demand-boom,seed-1,JPQ,1,JPQ-F1,PD_MECH_LOW_UTILIZATION,0,-1,-1,-1,-1,-1,-1,-1,-1,false
global-demand-boom,seed-1,JPQ,1,,PD_MECH_DEFERRED,-1,-1,-1,-1,-1,-1,-1,-1,-1,false
global-demand-boom,seed-1,CONSV,1,CONSV-F1,PD_MECH_CONSIDERED,0,-1,-1,-1,-1,-1,-1,-1,-1,false
global-demand-boom,seed-1,CONSV,1,CONSV-F1,PD_MECH_LOW_UTILIZATION,0,-1,-1,-1,-1,-1,-1,-1,-1,false
global-demand-boom,seed-1,CONSV,1,,PD_MECH_DEFERRED,-1,-1,-1,-1,-1,-1,-1,-1,-1,false
global-demand-boom,seed-1,VAP,1,VAP-F1,PD_MECH_CONSIDERED,0,-1,-1,-1,-1,-1,-1,-1,-1,false
global-demand-boom,seed-1,VAP,1,VAP-F1,PD_MECH_LOW_UTILIZATION,0,-1,-1,-1,-1,-1,-1,-1,-1,false
global-demand-boom,seed-1,VAP,1,,PD_MECH_DEFERRED,-1,-1,-1,-1,-1,-1,-1,-1,-1,false
global-demand-boom,seed-1,MASS,2,MASS-F1,PD_MECH_CONSIDERED,0.7883040935672515,-1,-1,-1,-1,-1,-1,-1,-1,false
global-demand-boom,seed-1,MASS,2,MASS-F1,PD_MECH_PAYBACK_UNATTRACTIVE,-1,4044.0000000000005,134.79999999999995,134799.99999999994,2500000,18.545994065281906,0.7916666666666666,1,9.5,false
global-demand-boom,seed-1,MASS,2,,PD_MECH_DEFERRED,-1,-1,-1,-1,-1,-1,-1,-1,-1,false
global-demand-boom,seed-1,BAL,2,BAL-F1,PD_MECH_CONSIDERED,0.9271929824561403,-1,-1,-1,-1,-1,-1,-1,-1,false
global-demand-boom,seed-1,BAL,2,BAL-F1,PD_MECH_PAYBACK_UNATTRACTIVE,-1,5549.25,184.9749999999999,184974.9999999999,2500000,13.515339910798764,1,1,12,false
global-demand-boom,seed-1,BAL,2,,PD_MECH_DEFERRED,-1,-1,-1,-1,-1,-1,-1,-1,-1,false
global-demand-boom,seed-1,JPQ,2,JPQ-F1,PD_MECH_CONSIDERED,1,-1,-1,-1,-1,-1,-1,-1,-1,false
global-demand-boom,seed-1,JPQ,2,,PD_MECH_FINANCE_BLOCKED,-1,-1,-1,-1,2500000,-1,-1,-1,-1,false
global-demand-boom,seed-1,CONSV,2,CONSV-F1,PD_MECH_CONSIDERED,1,-1,-1,-1,-1,-1,-1,-1,-1,false
global-demand-boom,seed-1,CONSV,2,,PD_MECH_FINANCE_BLOCKED,-1,-1,-1,-1,2500000,-1,-1,-1,-1,false
global-demand-boom,seed-1,VAP,2,VAP-F1,PD_MECH_CONSIDERED,1,-1,-1,-1,-1,-1,-1,-1,-1,false
global-demand-boom,seed-1,VAP,2,,PD_MECH_FINANCE_BLOCKED,-1,-1,-1,-1,2500000,-1,-1,-1,-1,false
global-demand-boom,seed-1,MASS,3,MASS-F1,PD_MECH_CONSIDERED,0.6432066276803119,-1,-1,-1,-1,-1,-1,-1,-1,false
global-demand-boom,seed-1,MASS,3,MASS-F1,PD_MECH_PAYBACK_UNATTRACTIVE,-1,3299.65,109.98833333333334,109988.33333333334,2500000,22.729683451275132,0.7916666666666666,1,9.5,false
global-demand-boom,seed-1,MASS,3,,PD_MECH_DEFERRED,-1,-1,-1,-1,-1,-1,-1,-1,-1,false
global-demand-boom,seed-1,BAL,3,BAL-F1,PD_MECH_CONSIDERED,1,-1,-1,-1,-1,-1,-1,-1,-1,false
global-demand-boom,seed-1,BAL,3,BAL-F1,PD_MECH_PAYBACK_UNATTRACTIVE,-1,5985,199.5,199500,2500000,12.531328320802006,1,1,12,false
global-demand-boom,seed-1,BAL,3,,PD_MECH_DEFERRED,-1,-1,-1,-1,-1,-1,-1,-1,-1,false
global-demand-boom,seed-1,JPQ,3,JPQ-F1,PD_MECH_CONSIDERED,0.8874108187134503,-1,-1,-1,-1,-1,-1,-1,-1,false
global-demand-boom,seed-1,JPQ,3,JPQ-F1,PD_MECH_PROPOSED,-1,6069.89,202.32966666666664,202329.66666666663,2500000,12.356072350569782,1.1176470588235294,1,13.411764705882353,true
global-demand-boom,seed-1,CONSV,3,CONSV-F1,PD_MECH_CONSIDERED,0.8540601503759399,-1,-1,-1,-1,-1,-1,-1,-1,false
global-demand-boom,seed-1,CONSV,3,CONSV-F1,PD_MECH_PAYBACK_UNATTRACTIVE,-1,5111.55,170.385,170385,2500000,14.672653109135194,1.2105263157894737,1.05,13.834586466165414,false
global-demand-boom,seed-1,CONSV,3,,PD_MECH_DEFERRED,-1,-1,-1,-1,-1,-1,-1,-1,-1,false
global-demand-boom,seed-1,VAP,3,VAP-F1,PD_MECH_CONSIDERED,0.9596881091617934,-1,-1,-1,-1,-1,-1,-1,-1,false
global-demand-boom,seed-1,VAP,3,,PD_MECH_FINANCE_BLOCKED,-1,-1,-1,-1,2500000,-1,-1,-1,-1,false
global-demand-boom,seed-1,MASS,4,MASS-F1,PD_MECH_CONSIDERED,1,-1,-1,-1,-1,-1,-1,-1,-1,false
global-demand-boom,seed-1,MASS,4,MASS-F1,PD_MECH_PAYBACK_UNATTRACTIVE,-1,5130,171,171000,2500000,14.619883040935672,0.7916666666666666,1,9.5,false
global-demand-boom,seed-1,MASS,4,,PD_MECH_DEFERRED,-1,-1,-1,-1,-1,-1,-1,-1,-1,false
global-demand-boom,seed-1,BAL,4,BAL-F1,PD_MECH_CONSIDERED,1,-1,-1,-1,-1,-1,-1,-1,-1,false
global-demand-boom,seed-1,BAL,4,BAL-F1,PD_MECH_PAYBACK_UNATTRACTIVE,-1,5985,199.5,199500,2500000,12.531328320802006,1,1,12,false
global-demand-boom,seed-1,BAL,4,,PD_MECH_DEFERRED,-1,-1,-1,-1,-1,-1,-1,-1,-1,false
global-demand-boom,seed-1,JPQ,4,,PD_MECH_DEFERRED,-1,-1,-1,-1,-1,-1,-1,-1,-1,false
global-demand-boom,seed-1,CONSV,4,CONSV-F1,PD_MECH_CONSIDERED,0.9301487050960735,-1,-1,-1,-1,-1,-1,-1,-1,false
global-demand-boom,seed-1,CONSV,4,CONSV-F1,PD_MECH_PROPOSED,-1,5566.94,185.56466666666665,185564.66666666666,2500000,13.472392373548125,1.2105263157894737,1.05,13.834586466165414,true
global-demand-boom,seed-1,VAP,4,VAP-F1,PD_MECH_CONSIDERED,0.8983684210526316,-1,-1,-1,-1,-1,-1,-1,-1,false
global-demand-boom,seed-1,VAP,4,,PD_MECH_FINANCE_BLOCKED,-1,-1,-1,-1,2500000,-1,-1,-1,-1,false
global-demand-boom,seed-1,MASS,5,MASS-F1,PD_MECH_CONSIDERED,0.5003723196881091,-1,-1,-1,-1,-1,-1,-1,-1,false
global-demand-boom,seed-1,MASS,5,MASS-F1,PD_MECH_PAYBACK_UNATTRACTIVE,-1,2566.91,85.56366666666662,85563.66666666661,2500000,29.21800920172505,0.7916666666666666,1,9.5,false
global-demand-boom,seed-1,MASS,5,,PD_MECH_DEFERRED,-1,-1,-1,-1,-1,-1,-1,-1,-1,false
global-demand-boom,seed-1,BAL,5,BAL-F1,PD_MECH_CONSIDERED,1,-1,-1,-1,-1,-1,-1,-1,-1,false
global-demand-boom,seed-1,BAL,5,BAL-F1,PD_MECH_PAYBACK_UNATTRACTIVE,-1,5985,199.5,199500,2500000,12.531328320802006,1,1,12,false
global-demand-boom,seed-1,BAL,5,,PD_MECH_DEFERRED,-1,-1,-1,-1,-1,-1,-1,-1,-1,false
global-demand-boom,seed-1,JPQ,5,,PD_MECH_DEFERRED,-1,-1,-1,-1,-1,-1,-1,-1,-1,false
global-demand-boom,seed-1,CONSV,5,CONSV-F1,PD_MECH_CONSIDERED,1,-1,-1,-1,-1,-1,-1,-1,-1,false
global-demand-boom,seed-1,CONSV,5,CONSV-F1,PD_MECH_PROPOSED,-1,5985,199.5,199500,2500000,12.531328320802006,1.2105263157894737,1.05,13.834586466165414,true
global-demand-boom,seed-1,VAP,5,VAP-F1,PD_MECH_CONSIDERED,1,-1,-1,-1,-1,-1,-1,-1,-1,false
global-demand-boom,seed-1,VAP,5,,PD_MECH_FINANCE_BLOCKED,-1,-1,-1,-1,2500000,-1,-1,-1,-1,false
global-demand-boom,seed-1,MASS,6,MASS-F1,PD_MECH_CONSIDERED,0.9647641325536062,-1,-1,-1,-1,-1,-1,-1,-1,false
global-demand-boom,seed-1,MASS,6,MASS-F1,PD_MECH_PAYBACK_UNATTRACTIVE,-1,4949.24,164.97466666666662,164974.66666666663,2500000,15.15384180197364,0.7916666666666666,1,9.5,false
global-demand-boom,seed-1,MASS,6,,PD_MECH_DEFERRED,-1,-1,-1,-1,-1,-1,-1,-1,-1,false
global-demand-boom,seed-1,BAL,6,BAL-F1,PD_MECH_CONSIDERED,1,-1,-1,-1,-1,-1,-1,-1,-1,false
global-demand-boom,seed-1,BAL,6,,PD_MECH_FINANCE_BLOCKED,-1,-1,-1,-1,2500000,-1,-1,-1,-1,false
global-demand-boom,seed-1,JPQ,6,,PD_MECH_DEFERRED,-1,-1,-1,-1,-1,-1,-1,-1,-1,false
global-demand-boom,seed-1,CONSV,6,,PD_MECH_DEFERRED,-1,-1,-1,-1,-1,-1,-1,-1,-1,false
global-demand-boom,seed-1,VAP,6,VAP-F1,PD_MECH_CONSIDERED,1,-1,-1,-1,-1,-1,-1,-1,-1,false
global-demand-boom,seed-1,VAP,6,,PD_MECH_FINANCE_BLOCKED,-1,-1,-1,-1,2500000,-1,-1,-1,-1,false
global-demand-boom,seed-1,MASS,7,MASS-F1,PD_MECH_CONSIDERED,0.47894931773879146,-1,-1,-1,-1,-1,-1,-1,-1,false
global-demand-boom,seed-1,MASS,7,MASS-F1,PD_MECH_LOW_UTILIZATION,0.47894931773879146,-1,-1,-1,-1,-1,-1,-1,-1,false
global-demand-boom,seed-1,MASS,7,,PD_MECH_DEFERRED,-1,-1,-1,-1,-1,-1,-1,-1,-1,false
global-demand-boom,seed-1,BAL,7,BAL-F1,PD_MECH_CONSIDERED,1,-1,-1,-1,-1,-1,-1,-1,-1,false
global-demand-boom,seed-1,BAL,7,BAL-F1,PD_MECH_PROPOSED,-1,6284.25,209.4749999999999,209474.9999999999,2500000,11.93459840076382,1,1,12,true
global-demand-boom,seed-1,JPQ,7,,PD_MECH_DEFERRED,-1,-1,-1,-1,-1,-1,-1,-1,-1,false
global-demand-boom,seed-1,CONSV,7,,PD_MECH_DEFERRED,-1,-1,-1,-1,-1,-1,-1,-1,-1,false
global-demand-boom,seed-1,VAP,7,VAP-F1,PD_MECH_CONSIDERED,1,-1,-1,-1,-1,-1,-1,-1,-1,false
global-demand-boom,seed-1,VAP,7,,PD_MECH_FINANCE_BLOCKED,-1,-1,-1,-1,2500000,-1,-1,-1,-1,false
global-demand-boom,seed-1,MASS,8,MASS-F1,PD_MECH_CONSIDERED,0.7554873294346979,-1,-1,-1,-1,-1,-1,-1,-1,false
global-demand-boom,seed-1,MASS,8,MASS-F1,PD_MECH_PAYBACK_UNATTRACTIVE,-1,3875.65,129.18833333333328,129188.33333333327,2500000,19.35159263607396,0.7916666666666666,1,9.5,false
global-demand-boom,seed-1,MASS,8,,PD_MECH_DEFERRED,-1,-1,-1,-1,-1,-1,-1,-1,-1,false
global-demand-boom,seed-1,BAL,8,,PD_MECH_DEFERRED,-1,-1,-1,-1,-1,-1,-1,-1,-1,false
global-demand-boom,seed-1,JPQ,8,,PD_MECH_DEFERRED,-1,-1,-1,-1,-1,-1,-1,-1,-1,false
global-demand-boom,seed-1,CONSV,8,,PD_MECH_DEFERRED,-1,-1,-1,-1,-1,-1,-1,-1,-1,false
global-demand-boom,seed-1,VAP,8,VAP-F1,PD_MECH_CONSIDERED,1,-1,-1,-1,-1,-1,-1,-1,-1,false
global-demand-boom,seed-1,VAP,8,VAP-F1,PD_MECH_PROPOSED,-1,5130,171,171000,2500000,14.619883040935672,1.411764705882353,1,16.941176470588236,true
global-demand-boom,seed-1,MASS,9,MASS-F1,PD_MECH_CONSIDERED,0.5243898635477583,-1,-1,-1,-1,-1,-1,-1,-1,false
global-demand-boom,seed-1,MASS,9,MASS-F1,PD_MECH_PAYBACK_UNATTRACTIVE,-1,2690.12,89.6706666666667,89670.6666666667,2500000,27.879797183768744,0.7916666666666666,1,9.5,false
global-demand-boom,seed-1,MASS,9,,PD_MECH_DEFERRED,-1,-1,-1,-1,-1,-1,-1,-1,-1,false
global-demand-boom,seed-1,BAL,9,,PD_MECH_DEFERRED,-1,-1,-1,-1,-1,-1,-1,-1,-1,false
global-demand-boom,seed-1,JPQ,9,,PD_MECH_DEFERRED,-1,-1,-1,-1,-1,-1,-1,-1,-1,false
global-demand-boom,seed-1,CONSV,9,,PD_MECH_DEFERRED,-1,-1,-1,-1,-1,-1,-1,-1,-1,false
global-demand-boom,seed-1,VAP,9,VAP-F1,PD_MECH_CONSIDERED,1,-1,-1,-1,-1,-1,-1,-1,-1,false
global-demand-boom,seed-1,VAP,9,VAP-F1,PD_MECH_PROPOSED,-1,5130,171,171000,2500000,14.619883040935672,1.411764705882353,1,16.941176470588236,true
global-demand-boom,seed-1,MASS,10,MASS-F1,PD_MECH_CONSIDERED,0.733916179337232,-1,-1,-1,-1,-1,-1,-1,-1,false
global-demand-boom,seed-1,MASS,10,MASS-F1,PD_MECH_PAYBACK_UNATTRACTIVE,-1,3764.99,125.4996666666666,125499.6666666666,2500000,19.920371634453222,0.7916666666666666,1,9.5,false
global-demand-boom,seed-1,MASS,10,,PD_MECH_DEFERRED,-1,-1,-1,-1,-1,-1,-1,-1,-1,false
global-demand-boom,seed-1,BAL,10,,PD_MECH_DEFERRED,-1,-1,-1,-1,-1,-1,-1,-1,-1,false
global-demand-boom,seed-1,JPQ,10,,PD_MECH_DEFERRED,-1,-1,-1,-1,-1,-1,-1,-1,-1,false
global-demand-boom,seed-1,CONSV,10,,PD_MECH_DEFERRED,-1,-1,-1,-1,-1,-1,-1,-1,-1,false
global-demand-boom,seed-1,VAP,10,,PD_MECH_DEFERRED,-1,-1,-1,-1,-1,-1,-1,-1,-1,false
global-demand-boom,seed-1,MASS,11,MASS-F1,PD_MECH_CONSIDERED,0.5122612085769981,-1,-1,-1,-1,-1,-1,-1,-1,false
global-demand-boom,seed-1,MASS,11,MASS-F1,PD_MECH_PAYBACK_UNATTRACTIVE,-1,2627.9,87.59666666666669,87596.66666666669,2500000,28.539898778492326,0.7916666666666666,1,9.5,false
global-demand-boom,seed-1,MASS,11,,PD_MECH_DEFERRED,-1,-1,-1,-1,-1,-1,-1,-1,-1,false
global-demand-boom,seed-1,BAL,11,,PD_MECH_DEFERRED,-1,-1,-1,-1,-1,-1,-1,-1,-1,false
global-demand-boom,seed-1,JPQ,11,,PD_MECH_DEFERRED,-1,-1,-1,-1,-1,-1,-1,-1,-1,false
global-demand-boom,seed-1,CONSV,11,,PD_MECH_DEFERRED,-1,-1,-1,-1,-1,-1,-1,-1,-1,false
global-demand-boom,seed-1,VAP,11,,PD_MECH_DEFERRED,-1,-1,-1,-1,-1,-1,-1,-1,-1,false
global-demand-boom,seed-1,MASS,12,MASS-F1,PD_MECH_CONSIDERED,0.7562358674463937,-1,-1,-1,-1,-1,-1,-1,-1,false
global-demand-boom,seed-1,MASS,12,MASS-F1,PD_MECH_PAYBACK_UNATTRACTIVE,-1,3879.49,129.31633333333332,129316.33333333331,2500000,19.332438026647836,0.7916666666666666,1,9.5,false
global-demand-boom,seed-1,MASS,12,,PD_MECH_DEFERRED,-1,-1,-1,-1,-1,-1,-1,-1,-1,false
global-demand-boom,seed-1,BAL,12,,PD_MECH_DEFERRED,-1,-1,-1,-1,-1,-1,-1,-1,-1,false
global-demand-boom,seed-1,JPQ,12,,PD_MECH_DEFERRED,-1,-1,-1,-1,-1,-1,-1,-1,-1,false
global-demand-boom,seed-1,CONSV,12,,PD_MECH_DEFERRED,-1,-1,-1,-1,-1,-1,-1,-1,-1,false
global-demand-boom,seed-1,VAP,12,,PD_MECH_DEFERRED,-1,-1,-1,-1,-1,-1,-1,-1,-1,false
global-demand-boom,seed-1,MASS,13,MASS-F1,PD_MECH_CONSIDERED,0.6317933723196881,-1,-1,-1,-1,-1,-1,-1,-1,false
global-demand-boom,seed-1,MASS,13,MASS-F1,PD_MECH_PAYBACK_UNATTRACTIVE,-1,3241.1,108.03666666666675,108036.66666666674,2500000,23.14029187621485,0.7916666666666666,1,9.5,false
global-demand-boom,seed-1,MASS,13,,PD_MECH_DEFERRED,-1,-1,-1,-1,-1,-1,-1,-1,-1,false
global-demand-boom,seed-1,BAL,13,,PD_MECH_DEFERRED,-1,-1,-1,-1,-1,-1,-1,-1,-1,false
global-demand-boom,seed-1,JPQ,13,,PD_MECH_DEFERRED,-1,-1,-1,-1,-1,-1,-1,-1,-1,false
global-demand-boom,seed-1,CONSV,13,,PD_MECH_DEFERRED,-1,-1,-1,-1,-1,-1,-1,-1,-1,false
global-demand-boom,seed-1,VAP,13,,PD_MECH_DEFERRED,-1,-1,-1,-1,-1,-1,-1,-1,-1,false
global-demand-boom,seed-1,MASS,14,MASS-F1,PD_MECH_CONSIDERED,0.7669298245614035,-1,-1,-1,-1,-1,-1,-1,-1,false
global-demand-boom,seed-1,MASS,14,MASS-F1,PD_MECH_PAYBACK_UNATTRACTIVE,-1,3934.35,131.14499999999998,131144.99999999997,2500000,19.062869343093528,0.7916666666666666,1,9.5,false
global-demand-boom,seed-1,MASS,14,,PD_MECH_DEFERRED,-1,-1,-1,-1,-1,-1,-1,-1,-1,false
global-demand-boom,seed-1,BAL,14,,PD_MECH_DEFERRED,-1,-1,-1,-1,-1,-1,-1,-1,-1,false
global-demand-boom,seed-1,JPQ,14,,PD_MECH_DEFERRED,-1,-1,-1,-1,-1,-1,-1,-1,-1,false
global-demand-boom,seed-1,CONSV,14,,PD_MECH_DEFERRED,-1,-1,-1,-1,-1,-1,-1,-1,-1,false
global-demand-boom,seed-1,VAP,14,,PD_MECH_DEFERRED,-1,-1,-1,-1,-1,-1,-1,-1,-1,false
global-demand-boom,seed-1,MASS,15,MASS-F1,PD_MECH_CONSIDERED,0.8143060428849903,-1,-1,-1,-1,-1,-1,-1,-1,false
global-demand-boom,seed-1,MASS,15,MASS-F1,PD_MECH_PAYBACK_UNATTRACTIVE,-1,4177.39,139.24633333333338,139246.33333333337,2500000,17.953794115464436,0.7916666666666666,1,9.5,false
global-demand-boom,seed-1,MASS,15,,PD_MECH_DEFERRED,-1,-1,-1,-1,-1,-1,-1,-1,-1,false
global-demand-boom,seed-1,BAL,15,,PD_MECH_DEFERRED,-1,-1,-1,-1,-1,-1,-1,-1,-1,false
global-demand-boom,seed-1,JPQ,15,,PD_MECH_DEFERRED,-1,-1,-1,-1,-1,-1,-1,-1,-1,false
global-demand-boom,seed-1,CONSV,15,,PD_MECH_DEFERRED,-1,-1,-1,-1,-1,-1,-1,-1,-1,false
global-demand-boom,seed-1,VAP,15,,PD_MECH_DEFERRED,-1,-1,-1,-1,-1,-1,-1,-1,-1,false
global-demand-boom,seed-1,MASS,16,MASS-F1,PD_MECH_CONSIDERED,0.9802417153996102,-1,-1,-1,-1,-1,-1,-1,-1,false
global-demand-boom,seed-1,MASS,16,MASS-F1,PD_MECH_PAYBACK_UNATTRACTIVE,-1,5028.64,167.62133333333338,167621.33333333337,2500000,14.914569346781631,0.7916666666666666,1,9.5,false
global-demand-boom,seed-1,MASS,16,,PD_MECH_DEFERRED,-1,-1,-1,-1,-1,-1,-1,-1,-1,false
global-demand-boom,seed-1,BAL,16,,PD_MECH_DEFERRED,-1,-1,-1,-1,-1,-1,-1,-1,-1,false
global-demand-boom,seed-1,JPQ,16,,PD_MECH_DEFERRED,-1,-1,-1,-1,-1,-1,-1,-1,-1,false
global-demand-boom,seed-1,CONSV,16,,PD_MECH_DEFERRED,-1,-1,-1,-1,-1,-1,-1,-1,-1,false
global-demand-boom,seed-1,VAP,16,,PD_MECH_DEFERRED,-1,-1,-1,-1,-1,-1,-1,-1,-1,false
global-demand-boom,seed-1,MASS,17,MASS-F1,PD_MECH_CONSIDERED,1,-1,-1,-1,-1,-1,-1,-1,-1,false
global-demand-boom,seed-1,MASS,17,MASS-F1,PD_MECH_PAYBACK_UNATTRACTIVE,-1,5130,171,171000,2500000,14.619883040935672,0.7916666666666666,1,9.5,false
global-demand-boom,seed-1,MASS,17,,PD_MECH_DEFERRED,-1,-1,-1,-1,-1,-1,-1,-1,-1,false
global-demand-boom,seed-1,BAL,17,,PD_MECH_DEFERRED,-1,-1,-1,-1,-1,-1,-1,-1,-1,false
global-demand-boom,seed-1,JPQ,17,,PD_MECH_DEFERRED,-1,-1,-1,-1,-1,-1,-1,-1,-1,false
global-demand-boom,seed-1,CONSV,17,,PD_MECH_DEFERRED,-1,-1,-1,-1,-1,-1,-1,-1,-1,false
global-demand-boom,seed-1,VAP,17,,PD_MECH_DEFERRED,-1,-1,-1,-1,-1,-1,-1,-1,-1,false
global-demand-boom,seed-1,MASS,18,MASS-F1,PD_MECH_CONSIDERED,1,-1,-1,-1,-1,-1,-1,-1,-1,false
global-demand-boom,seed-1,MASS,18,MASS-F1,PD_MECH_PAYBACK_UNATTRACTIVE,-1,5130,171,171000,2500000,14.619883040935672,0.7916666666666666,1,9.5,false
global-demand-boom,seed-1,MASS,18,,PD_MECH_DEFERRED,-1,-1,-1,-1,-1,-1,-1,-1,-1,false
global-demand-boom,seed-1,BAL,18,,PD_MECH_DEFERRED,-1,-1,-1,-1,-1,-1,-1,-1,-1,false
global-demand-boom,seed-1,JPQ,18,,PD_MECH_DEFERRED,-1,-1,-1,-1,-1,-1,-1,-1,-1,false
global-demand-boom,seed-1,CONSV,18,,PD_MECH_DEFERRED,-1,-1,-1,-1,-1,-1,-1,-1,-1,false
global-demand-boom,seed-1,VAP,18,,PD_MECH_DEFERRED,-1,-1,-1,-1,-1,-1,-1,-1,-1,false
global-demand-boom,seed-1,MASS,19,MASS-F1,PD_MECH_CONSIDERED,1,-1,-1,-1,-1,-1,-1,-1,-1,false
global-demand-boom,seed-1,MASS,19,MASS-F1,PD_MECH_PAYBACK_UNATTRACTIVE,-1,5130,171,171000,2500000,14.619883040935672,0.7916666666666666,1,9.5,false
global-demand-boom,seed-1,MASS,19,,PD_MECH_DEFERRED,-1,-1,-1,-1,-1,-1,-1,-1,-1,false
global-demand-boom,seed-1,BAL,19,,PD_MECH_DEFERRED,-1,-1,-1,-1,-1,-1,-1,-1,-1,false
global-demand-boom,seed-1,JPQ,19,,PD_MECH_DEFERRED,-1,-1,-1,-1,-1,-1,-1,-1,-1,false
global-demand-boom,seed-1,CONSV,19,,PD_MECH_DEFERRED,-1,-1,-1,-1,-1,-1,-1,-1,-1,false
global-demand-boom,seed-1,VAP,19,,PD_MECH_DEFERRED,-1,-1,-1,-1,-1,-1,-1,-1,-1,false
global-demand-boom,seed-1,MASS,20,MASS-F1,PD_MECH_CONSIDERED,1,-1,-1,-1,-1,-1,-1,-1,-1,false
global-demand-boom,seed-1,MASS,20,MASS-F1,PD_MECH_PAYBACK_UNATTRACTIVE,-1,5130,171,171000,2500000,14.619883040935672,0.7916666666666666,1,9.5,false
global-demand-boom,seed-1,MASS,20,,PD_MECH_DEFERRED,-1,-1,-1,-1,-1,-1,-1,-1,-1,false
global-demand-boom,seed-1,BAL,20,,PD_MECH_DEFERRED,-1,-1,-1,-1,-1,-1,-1,-1,-1,false
global-demand-boom,seed-1,JPQ,20,,PD_MECH_DEFERRED,-1,-1,-1,-1,-1,-1,-1,-1,-1,false
global-demand-boom,seed-1,CONSV,20,,PD_MECH_DEFERRED,-1,-1,-1,-1,-1,-1,-1,-1,-1,false
global-demand-boom,seed-1,VAP,20,,PD_MECH_DEFERRED,-1,-1,-1,-1,-1,-1,-1,-1,-1,false
global-demand-boom,seed-1,MASS,21,MASS-F1,PD_MECH_CONSIDERED,1,-1,-1,-1,-1,-1,-1,-1,-1,false
global-demand-boom,seed-1,MASS,21,MASS-F1,PD_MECH_PAYBACK_UNATTRACTIVE,-1,5130,171,171000,2500000,14.619883040935672,0.7916666666666666,1,9.5,false
global-demand-boom,seed-1,MASS,21,,PD_MECH_DEFERRED,-1,-1,-1,-1,-1,-1,-1,-1,-1,false
global-demand-boom,seed-1,BAL,21,,PD_MECH_DEFERRED,-1,-1,-1,-1,-1,-1,-1,-1,-1,false
global-demand-boom,seed-1,JPQ,21,,PD_MECH_DEFERRED,-1,-1,-1,-1,-1,-1,-1,-1,-1,false
global-demand-boom,seed-1,CONSV,21,,PD_MECH_DEFERRED,-1,-1,-1,-1,-1,-1,-1,-1,-1,false
global-demand-boom,seed-1,VAP,21,,PD_MECH_DEFERRED,-1,-1,-1,-1,-1,-1,-1,-1,-1,false
global-demand-boom,seed-1,MASS,22,MASS-F1,PD_MECH_CONSIDERED,1,-1,-1,-1,-1,-1,-1,-1,-1,false
global-demand-boom,seed-1,MASS,22,MASS-F1,PD_MECH_PAYBACK_UNATTRACTIVE,-1,5429.25,180.9749999999999,180974.9999999999,2500000,13.814062715844736,0.7916666666666666,1,9.5,false
global-demand-boom,seed-1,MASS,22,,PD_MECH_DEFERRED,-1,-1,-1,-1,-1,-1,-1,-1,-1,false
global-demand-boom,seed-1,BAL,22,,PD_MECH_DEFERRED,-1,-1,-1,-1,-1,-1,-1,-1,-1,false
global-demand-boom,seed-1,JPQ,22,,PD_MECH_DEFERRED,-1,-1,-1,-1,-1,-1,-1,-1,-1,false
global-demand-boom,seed-1,CONSV,22,,PD_MECH_DEFERRED,-1,-1,-1,-1,-1,-1,-1,-1,-1,false
global-demand-boom,seed-1,VAP,22,,PD_MECH_DEFERRED,-1,-1,-1,-1,-1,-1,-1,-1,-1,false
global-demand-boom,seed-1,MASS,23,MASS-F1,PD_MECH_CONSIDERED,1,-1,-1,-1,-1,-1,-1,-1,-1,false
global-demand-boom,seed-1,MASS,23,MASS-F1,PD_MECH_PAYBACK_UNATTRACTIVE,-1,5429.25,180.9749999999999,180974.9999999999,2500000,13.814062715844736,0.7916666666666666,1,9.5,false
global-demand-boom,seed-1,MASS,23,,PD_MECH_DEFERRED,-1,-1,-1,-1,-1,-1,-1,-1,-1,false
global-demand-boom,seed-1,BAL,23,,PD_MECH_DEFERRED,-1,-1,-1,-1,-1,-1,-1,-1,-1,false
global-demand-boom,seed-1,JPQ,23,,PD_MECH_DEFERRED,-1,-1,-1,-1,-1,-1,-1,-1,-1,false
global-demand-boom,seed-1,CONSV,23,,PD_MECH_DEFERRED,-1,-1,-1,-1,-1,-1,-1,-1,-1,false
global-demand-boom,seed-1,VAP,23,,PD_MECH_DEFERRED,-1,-1,-1,-1,-1,-1,-1,-1,-1,false
global-demand-boom,seed-1,MASS,24,MASS-F1,PD_MECH_CONSIDERED,1,-1,-1,-1,-1,-1,-1,-1,-1,false
global-demand-boom,seed-1,MASS,24,MASS-F1,PD_MECH_PAYBACK_UNATTRACTIVE,-1,5429.25,180.9749999999999,180974.9999999999,2500000,13.814062715844736,0.7916666666666666,1,9.5,false
global-demand-boom,seed-1,MASS,24,,PD_MECH_DEFERRED,-1,-1,-1,-1,-1,-1,-1,-1,-1,false
global-demand-boom,seed-1,BAL,24,,PD_MECH_DEFERRED,-1,-1,-1,-1,-1,-1,-1,-1,-1,false
global-demand-boom,seed-1,JPQ,24,,PD_MECH_DEFERRED,-1,-1,-1,-1,-1,-1,-1,-1,-1,false
global-demand-boom,seed-1,CONSV,24,,PD_MECH_DEFERRED,-1,-1,-1,-1,-1,-1,-1,-1,-1,false
global-demand-boom,seed-1,VAP,24,,PD_MECH_DEFERRED,-1,-1,-1,-1,-1,-1,-1,-1,-1,false
global-demand-boom,seed-1,MASS,25,MASS-F1,PD_MECH_CONSIDERED,1,-1,-1,-1,-1,-1,-1,-1,-1,false
global-demand-boom,seed-1,MASS,25,MASS-F1,PD_MECH_PAYBACK_UNATTRACTIVE,-1,5429.25,180.9749999999999,180974.9999999999,2500000,13.814062715844736,0.7916666666666666,1,9.5,false
global-demand-boom,seed-1,MASS,25,,PD_MECH_DEFERRED,-1,-1,-1,-1,-1,-1,-1,-1,-1,false
global-demand-boom,seed-1,BAL,25,,PD_MECH_DEFERRED,-1,-1,-1,-1,-1,-1,-1,-1,-1,false
global-demand-boom,seed-1,JPQ,25,,PD_MECH_DEFERRED,-1,-1,-1,-1,-1,-1,-1,-1,-1,false
global-demand-boom,seed-1,CONSV,25,,PD_MECH_DEFERRED,-1,-1,-1,-1,-1,-1,-1,-1,-1,false
global-demand-boom,seed-1,VAP,25,,PD_MECH_DEFERRED,-1,-1,-1,-1,-1,-1,-1,-1,-1,false
global-demand-boom,seed-1,MASS,26,MASS-F1,PD_MECH_CONSIDERED,1,-1,-1,-1,-1,-1,-1,-1,-1,false
global-demand-boom,seed-1,MASS,26,MASS-F1,PD_MECH_PAYBACK_UNATTRACTIVE,-1,5728.5,190.95000000000005,190950.00000000006,2500000,13.092432573972241,0.7916666666666666,1,9.5,false
global-demand-boom,seed-1,MASS,26,MASS-NEWF-MASS-CAPEX-4,PD_MECH_CONSIDERED,0,-1,-1,-1,-1,-1,-1,-1,-1,false
global-demand-boom,seed-1,MASS,26,MASS-NEWF-MASS-CAPEX-4,PD_MECH_LOW_UTILIZATION,0,-1,-1,-1,-1,-1,-1,-1,-1,false
global-demand-boom,seed-1,MASS,26,,PD_MECH_DEFERRED,-1,-1,-1,-1,-1,-1,-1,-1,-1,false
global-demand-boom,seed-1,BAL,26,,PD_MECH_DEFERRED,-1,-1,-1,-1,-1,-1,-1,-1,-1,false
global-demand-boom,seed-1,JPQ,26,,PD_MECH_DEFERRED,-1,-1,-1,-1,-1,-1,-1,-1,-1,false
global-demand-boom,seed-1,CONSV,26,,PD_MECH_DEFERRED,-1,-1,-1,-1,-1,-1,-1,-1,-1,false
global-demand-boom,seed-1,VAP,26,,PD_MECH_DEFERRED,-1,-1,-1,-1,-1,-1,-1,-1,-1,false
global-demand-boom,seed-1,MASS,27,MASS-F1,PD_MECH_CONSIDERED,1,-1,-1,-1,-1,-1,-1,-1,-1,false
global-demand-boom,seed-1,MASS,27,MASS-F1,PD_MECH_PAYBACK_UNATTRACTIVE,-1,5728.5,190.95000000000005,190950.00000000006,2500000,13.092432573972241,0.7916666666666666,1,9.5,false
global-demand-boom,seed-1,MASS,27,MASS-NEWF-MASS-CAPEX-4,PD_MECH_CONSIDERED,1,-1,-1,-1,-1,-1,-1,-1,-1,false
global-demand-boom,seed-1,MASS,27,MASS-NEWF-MASS-CAPEX-4,PD_MECH_PAYBACK_UNATTRACTIVE,-1,5130,171,171000,2500000,14.619883040935672,0.7916666666666666,1,9.5,false
global-demand-boom,seed-1,MASS,27,,PD_MECH_DEFERRED,-1,-1,-1,-1,-1,-1,-1,-1,-1,false
global-demand-boom,seed-1,BAL,27,,PD_MECH_DEFERRED,-1,-1,-1,-1,-1,-1,-1,-1,-1,false
global-demand-boom,seed-1,JPQ,27,,PD_MECH_DEFERRED,-1,-1,-1,-1,-1,-1,-1,-1,-1,false
global-demand-boom,seed-1,CONSV,27,,PD_MECH_DEFERRED,-1,-1,-1,-1,-1,-1,-1,-1,-1,false
global-demand-boom,seed-1,VAP,27,,PD_MECH_DEFERRED,-1,-1,-1,-1,-1,-1,-1,-1,-1,false
global-demand-boom,seed-1,MASS,28,MASS-F1,PD_MECH_CONSIDERED,0.8223932966745221,-1,-1,-1,-1,-1,-1,-1,-1,false
global-demand-boom,seed-1,MASS,28,MASS-F1,PD_MECH_PAYBACK_UNATTRACTIVE,-1,4711.08,157.03600000000006,157036.00000000006,2500000,15.919916452278452,0.7916666666666666,1,9.5,false
global-demand-boom,seed-1,MASS,28,MASS-NEWF-MASS-CAPEX-4,PD_MECH_CONSIDERED,0,-1,-1,-1,-1,-1,-1,-1,-1,false
global-demand-boom,seed-1,MASS,28,MASS-NEWF-MASS-CAPEX-4,PD_MECH_LOW_UTILIZATION,0,-1,-1,-1,-1,-1,-1,-1,-1,false
global-demand-boom,seed-1,MASS,28,,PD_MECH_DEFERRED,-1,-1,-1,-1,-1,-1,-1,-1,-1,false
global-demand-boom,seed-1,BAL,28,,PD_MECH_DEFERRED,-1,-1,-1,-1,-1,-1,-1,-1,-1,false
global-demand-boom,seed-1,JPQ,28,,PD_MECH_DEFERRED,-1,-1,-1,-1,-1,-1,-1,-1,-1,false
global-demand-boom,seed-1,CONSV,28,,PD_MECH_DEFERRED,-1,-1,-1,-1,-1,-1,-1,-1,-1,false
global-demand-boom,seed-1,VAP,28,,PD_MECH_DEFERRED,-1,-1,-1,-1,-1,-1,-1,-1,-1,false
global-demand-boom,seed-1,MASS,29,MASS-F1,PD_MECH_CONSIDERED,0.7833184952430828,-1,-1,-1,-1,-1,-1,-1,-1,false
global-demand-boom,seed-1,MASS,29,MASS-F1,PD_MECH_PAYBACK_UNATTRACTIVE,-1,4487.24,149.57466666666664,149574.66666666666,2500000,16.714060313243778,0.7916666666666666,1,9.5,false
global-demand-boom,seed-1,MASS,29,MASS-NEWF-MASS-CAPEX-4,PD_MECH_CONSIDERED,0.7833172514619884,-1,-1,-1,-1,-1,-1,-1,-1,false
global-demand-boom,seed-1,MASS,29,MASS-NEWF-MASS-CAPEX-4,PD_MECH_PAYBACK_UNATTRACTIVE,-1,5357.89,178.5963333333333,178596.33333333328,2500000,13.998047738942013,0.7916666666666666,1,9.5,false
global-demand-boom,seed-1,MASS,29,,PD_MECH_DEFERRED,-1,-1,-1,-1,-1,-1,-1,-1,-1,false
global-demand-boom,seed-1,BAL,29,BAL-NEWF-BAL-CAPEX-6,PD_MECH_CONSIDERED,0,-1,-1,-1,-1,-1,-1,-1,-1,false
global-demand-boom,seed-1,BAL,29,BAL-NEWF-BAL-CAPEX-6,PD_MECH_LOW_UTILIZATION,0,-1,-1,-1,-1,-1,-1,-1,-1,false
global-demand-boom,seed-1,BAL,29,,PD_MECH_DEFERRED,-1,-1,-1,-1,-1,-1,-1,-1,-1,false
global-demand-boom,seed-1,JPQ,29,,PD_MECH_DEFERRED,-1,-1,-1,-1,-1,-1,-1,-1,-1,false
global-demand-boom,seed-1,CONSV,29,,PD_MECH_DEFERRED,-1,-1,-1,-1,-1,-1,-1,-1,-1,false
global-demand-boom,seed-1,VAP,29,,PD_MECH_DEFERRED,-1,-1,-1,-1,-1,-1,-1,-1,-1,false
global-demand-boom,seed-1,MASS,30,MASS-F1,PD_MECH_CONSIDERED,0.7145762415990224,-1,-1,-1,-1,-1,-1,-1,-1,false
global-demand-boom,seed-1,MASS,30,MASS-F1,PD_MECH_PAYBACK_UNATTRACTIVE,-1,4093.4500000000003,136.44833333333338,136448.33333333337,2500000,18.321953364521363,0.7916666666666666,1,9.5,false
global-demand-boom,seed-1,MASS,30,MASS-NEWF-MASS-CAPEX-4,PD_MECH_CONSIDERED,0.5843143274853801,-1,-1,-1,-1,-1,-1,-1,-1,false
global-demand-boom,seed-1,MASS,30,MASS-NEWF-MASS-CAPEX-4,PD_MECH_PAYBACK_UNATTRACTIVE,-1,3996.71,133.22366666666665,133223.66666666666,2500000,18.76543456993377,0.7916666666666666,1,9.5,false
global-demand-boom,seed-1,MASS,30,MASS-NEWF-MASS-CAPEX-6,PD_MECH_CONSIDERED,0,-1,-1,-1,-1,-1,-1,-1,-1,false
global-demand-boom,seed-1,MASS,30,MASS-NEWF-MASS-CAPEX-6,PD_MECH_LOW_UTILIZATION,0,-1,-1,-1,-1,-1,-1,-1,-1,false
global-demand-boom,seed-1,MASS,30,,PD_MECH_DEFERRED,-1,-1,-1,-1,-1,-1,-1,-1,-1,false
global-demand-boom,seed-1,BAL,30,BAL-NEWF-BAL-CAPEX-6,PD_MECH_CONSIDERED,0.556093567251462,-1,-1,-1,-1,-1,-1,-1,-1,false
global-demand-boom,seed-1,BAL,30,BAL-NEWF-BAL-CAPEX-6,PD_MECH_PAYBACK_UNATTRACTIVE,-1,2852.7599999999998,95.09199999999993,95091.99999999993,2500000,26.290329365246308,1,1,12,false
global-demand-boom,seed-1,BAL,30,,PD_MECH_DEFERRED,-1,-1,-1,-1,-1,-1,-1,-1,-1,false
global-demand-boom,seed-1,JPQ,30,,PD_MECH_DEFERRED,-1,-1,-1,-1,-1,-1,-1,-1,-1,false
global-demand-boom,seed-1,CONSV,30,,PD_MECH_DEFERRED,-1,-1,-1,-1,-1,-1,-1,-1,-1,false
global-demand-boom,seed-1,VAP,30,,PD_MECH_DEFERRED,-1,-1,-1,-1,-1,-1,-1,-1,-1,false
global-demand-boom,seed-1,MASS,31,MASS-F1,PD_MECH_CONSIDERED,0.49324255913415377,-1,-1,-1,-1,-1,-1,-1,-1,false
global-demand-boom,seed-1,MASS,31,MASS-F1,PD_MECH_LOW_UTILIZATION,0.49324255913415377,-1,-1,-1,-1,-1,-1,-1,-1,false
global-demand-boom,seed-1,MASS,31,MASS-NEWF-MASS-CAPEX-4,PD_MECH_CONSIDERED,0.49324269005847954,-1,-1,-1,-1,-1,-1,-1,-1,false
global-demand-boom,seed-1,MASS,31,MASS-NEWF-MASS-CAPEX-4,PD_MECH_LOW_UTILIZATION,0.49324269005847954,-1,-1,-1,-1,-1,-1,-1,-1,false
global-demand-boom,seed-1,MASS,31,MASS-NEWF-MASS-CAPEX-6,PD_MECH_CONSIDERED,0.17234795321637425,-1,-1,-1,-1,-1,-1,-1,-1,false
global-demand-boom,seed-1,MASS,31,MASS-NEWF-MASS-CAPEX-6,PD_MECH_LOW_UTILIZATION,0.17234795321637425,-1,-1,-1,-1,-1,-1,-1,-1,false
global-demand-boom,seed-1,MASS,31,,PD_MECH_DEFERRED,-1,-1,-1,-1,-1,-1,-1,-1,-1,false
global-demand-boom,seed-1,BAL,31,BAL-NEWF-BAL-CAPEX-6,PD_MECH_CONSIDERED,0.2836627680311891,-1,-1,-1,-1,-1,-1,-1,-1,false
global-demand-boom,seed-1,BAL,31,BAL-NEWF-BAL-CAPEX-6,PD_MECH_LOW_UTILIZATION,0.2836627680311891,-1,-1,-1,-1,-1,-1,-1,-1,false
global-demand-boom,seed-1,BAL,31,,PD_MECH_DEFERRED,-1,-1,-1,-1,-1,-1,-1,-1,-1,false
global-demand-boom,seed-1,JPQ,31,,PD_MECH_DEFERRED,-1,-1,-1,-1,-1,-1,-1,-1,-1,false
global-demand-boom,seed-1,CONSV,31,,PD_MECH_DEFERRED,-1,-1,-1,-1,-1,-1,-1,-1,-1,false
global-demand-boom,seed-1,VAP,31,,PD_MECH_DEFERRED,-1,-1,-1,-1,-1,-1,-1,-1,-1,false
global-demand-boom,seed-1,MASS,32,MASS-F1,PD_MECH_CONSIDERED,0.485303308021297,-1,-1,-1,-1,-1,-1,-1,-1,false
global-demand-boom,seed-1,MASS,32,MASS-F1,PD_MECH_LOW_UTILIZATION,0.485303308021297,-1,-1,-1,-1,-1,-1,-1,-1,false
global-demand-boom,seed-1,MASS,32,MASS-NEWF-MASS-CAPEX-4,PD_MECH_CONSIDERED,0.43596345029239764,-1,-1,-1,-1,-1,-1,-1,-1,false
global-demand-boom,seed-1,MASS,32,MASS-NEWF-MASS-CAPEX-4,PD_MECH_LOW_UTILIZATION,0.43596345029239764,-1,-1,-1,-1,-1,-1,-1,-1,false
global-demand-boom,seed-1,MASS,32,MASS-NEWF-MASS-CAPEX-6,PD_MECH_CONSIDERED,0.2681929824561403,-1,-1,-1,-1,-1,-1,-1,-1,false
global-demand-boom,seed-1,MASS,32,MASS-NEWF-MASS-CAPEX-6,PD_MECH_LOW_UTILIZATION,0.2681929824561403,-1,-1,-1,-1,-1,-1,-1,-1,false
global-demand-boom,seed-1,MASS,32,,PD_MECH_DEFERRED,-1,-1,-1,-1,-1,-1,-1,-1,-1,false
global-demand-boom,seed-1,BAL,32,BAL-NEWF-BAL-CAPEX-6,PD_MECH_CONSIDERED,0.9343230994152047,-1,-1,-1,-1,-1,-1,-1,-1,false
global-demand-boom,seed-1,BAL,32,BAL-NEWF-BAL-CAPEX-6,PD_MECH_PROPOSED,-1,6390.77,213.02566666666667,213025.66666666666,2500000,11.735675043852305,1,1,12,true
global-demand-boom,seed-1,JPQ,32,,PD_MECH_DEFERRED,-1,-1,-1,-1,-1,-1,-1,-1,-1,false
global-demand-boom,seed-1,CONSV,32,,PD_MECH_DEFERRED,-1,-1,-1,-1,-1,-1,-1,-1,-1,false
global-demand-boom,seed-1,VAP,32,,PD_MECH_DEFERRED,-1,-1,-1,-1,-1,-1,-1,-1,-1,false
global-demand-boom,seed-2,MASS,1,MASS-F1,PD_MECH_CONSIDERED,0,-1,-1,-1,-1,-1,-1,-1,-1,false
global-demand-boom,seed-2,MASS,1,MASS-F1,PD_MECH_LOW_UTILIZATION,0,-1,-1,-1,-1,-1,-1,-1,-1,false
global-demand-boom,seed-2,MASS,1,,PD_MECH_DEFERRED,-1,-1,-1,-1,-1,-1,-1,-1,-1,false
global-demand-boom,seed-2,BAL,1,BAL-F1,PD_MECH_CONSIDERED,0,-1,-1,-1,-1,-1,-1,-1,-1,false
global-demand-boom,seed-2,BAL,1,BAL-F1,PD_MECH_LOW_UTILIZATION,0,-1,-1,-1,-1,-1,-1,-1,-1,false
global-demand-boom,seed-2,BAL,1,,PD_MECH_DEFERRED,-1,-1,-1,-1,-1,-1,-1,-1,-1,false
global-demand-boom,seed-2,JPQ,1,JPQ-F1,PD_MECH_CONSIDERED,0,-1,-1,-1,-1,-1,-1,-1,-1,false
global-demand-boom,seed-2,JPQ,1,JPQ-F1,PD_MECH_LOW_UTILIZATION,0,-1,-1,-1,-1,-1,-1,-1,-1,false
global-demand-boom,seed-2,JPQ,1,,PD_MECH_DEFERRED,-1,-1,-1,-1,-1,-1,-1,-1,-1,false
global-demand-boom,seed-2,CONSV,1,CONSV-F1,PD_MECH_CONSIDERED,0,-1,-1,-1,-1,-1,-1,-1,-1,false
global-demand-boom,seed-2,CONSV,1,CONSV-F1,PD_MECH_LOW_UTILIZATION,0,-1,-1,-1,-1,-1,-1,-1,-1,false
global-demand-boom,seed-2,CONSV,1,,PD_MECH_DEFERRED,-1,-1,-1,-1,-1,-1,-1,-1,-1,false
global-demand-boom,seed-2,VAP,1,VAP-F1,PD_MECH_CONSIDERED,0,-1,-1,-1,-1,-1,-1,-1,-1,false
global-demand-boom,seed-2,VAP,1,VAP-F1,PD_MECH_LOW_UTILIZATION,0,-1,-1,-1,-1,-1,-1,-1,-1,false
global-demand-boom,seed-2,VAP,1,,PD_MECH_DEFERRED,-1,-1,-1,-1,-1,-1,-1,-1,-1,false
global-demand-boom,seed-2,MASS,2,MASS-F1,PD_MECH_CONSIDERED,0.7883040935672515,-1,-1,-1,-1,-1,-1,-1,-1,false
global-demand-boom,seed-2,MASS,2,MASS-F1,PD_MECH_PAYBACK_UNATTRACTIVE,-1,4044.0000000000005,134.79999999999995,134799.99999999994,2500000,18.545994065281906,0.7916666666666666,1,9.5,false
global-demand-boom,seed-2,MASS,2,,PD_MECH_DEFERRED,-1,-1,-1,-1,-1,-1,-1,-1,-1,false
global-demand-boom,seed-2,BAL,2,BAL-F1,PD_MECH_CONSIDERED,0.9271929824561403,-1,-1,-1,-1,-1,-1,-1,-1,false
global-demand-boom,seed-2,BAL,2,BAL-F1,PD_MECH_PAYBACK_UNATTRACTIVE,-1,5549.25,184.9749999999999,184974.9999999999,2500000,13.515339910798764,1,1,12,false
global-demand-boom,seed-2,BAL,2,,PD_MECH_DEFERRED,-1,-1,-1,-1,-1,-1,-1,-1,-1,false
global-demand-boom,seed-2,JPQ,2,JPQ-F1,PD_MECH_CONSIDERED,1,-1,-1,-1,-1,-1,-1,-1,-1,false
global-demand-boom,seed-2,JPQ,2,,PD_MECH_FINANCE_BLOCKED,-1,-1,-1,-1,2500000,-1,-1,-1,-1,false
global-demand-boom,seed-2,CONSV,2,CONSV-F1,PD_MECH_CONSIDERED,1,-1,-1,-1,-1,-1,-1,-1,-1,false
global-demand-boom,seed-2,CONSV,2,,PD_MECH_FINANCE_BLOCKED,-1,-1,-1,-1,2500000,-1,-1,-1,-1,false
global-demand-boom,seed-2,VAP,2,VAP-F1,PD_MECH_CONSIDERED,1,-1,-1,-1,-1,-1,-1,-1,-1,false
global-demand-boom,seed-2,VAP,2,,PD_MECH_FINANCE_BLOCKED,-1,-1,-1,-1,2500000,-1,-1,-1,-1,false
global-demand-boom,seed-2,MASS,3,MASS-F1,PD_MECH_CONSIDERED,0.6222183235867447,-1,-1,-1,-1,-1,-1,-1,-1,false
global-demand-boom,seed-2,MASS,3,MASS-F1,PD_MECH_PAYBACK_UNATTRACTIVE,-1,3191.98,106.39933333333329,106399.33333333328,2500000,23.496387821978846,0.7916666666666666,1,9.5,false
global-demand-boom,seed-2,MASS,3,,PD_MECH_DEFERRED,-1,-1,-1,-1,-1,-1,-1,-1,-1,false
global-demand-boom,seed-2,BAL,3,BAL-F1,PD_MECH_CONSIDERED,1,-1,-1,-1,-1,-1,-1,-1,-1,false
global-demand-boom,seed-2,BAL,3,BAL-F1,PD_MECH_PAYBACK_UNATTRACTIVE,-1,5985,199.5,199500,2500000,12.531328320802006,1,1,12,false
global-demand-boom,seed-2,BAL,3,,PD_MECH_DEFERRED,-1,-1,-1,-1,-1,-1,-1,-1,-1,false
global-demand-boom,seed-2,JPQ,3,JPQ-F1,PD_MECH_CONSIDERED,0.8874108187134503,-1,-1,-1,-1,-1,-1,-1,-1,false
global-demand-boom,seed-2,JPQ,3,,PD_MECH_FINANCE_BLOCKED,-1,-1,-1,-1,2500000,-1,-1,-1,-1,false
global-demand-boom,seed-2,CONSV,3,CONSV-F1,PD_MECH_CONSIDERED,0.8540601503759399,-1,-1,-1,-1,-1,-1,-1,-1,false
global-demand-boom,seed-2,CONSV,3,CONSV-F1,PD_MECH_PAYBACK_UNATTRACTIVE,-1,5111.55,170.385,170385,2500000,14.672653109135194,1.2105263157894737,1.05,13.834586466165414,false
global-demand-boom,seed-2,CONSV,3,,PD_MECH_DEFERRED,-1,-1,-1,-1,-1,-1,-1,-1,-1,false
global-demand-boom,seed-2,VAP,3,VAP-F1,PD_MECH_CONSIDERED,0.9596881091617934,-1,-1,-1,-1,-1,-1,-1,-1,false
global-demand-boom,seed-2,VAP,3,,PD_MECH_FINANCE_BLOCKED,-1,-1,-1,-1,2500000,-1,-1,-1,-1,false
global-demand-boom,seed-2,MASS,4,MASS-F1,PD_MECH_CONSIDERED,1,-1,-1,-1,-1,-1,-1,-1,-1,false
global-demand-boom,seed-2,MASS,4,MASS-F1,PD_MECH_PAYBACK_UNATTRACTIVE,-1,5130,171,171000,2500000,14.619883040935672,0.7916666666666666,1,9.5,false
global-demand-boom,seed-2,MASS,4,,PD_MECH_DEFERRED,-1,-1,-1,-1,-1,-1,-1,-1,-1,false
global-demand-boom,seed-2,BAL,4,BAL-F1,PD_MECH_CONSIDERED,1,-1,-1,-1,-1,-1,-1,-1,-1,false
global-demand-boom,seed-2,BAL,4,BAL-F1,PD_MECH_PAYBACK_UNATTRACTIVE,-1,5985,199.5,199500,2500000,12.531328320802006,1,1,12,false
global-demand-boom,seed-2,BAL,4,,PD_MECH_DEFERRED,-1,-1,-1,-1,-1,-1,-1,-1,-1,false
global-demand-boom,seed-2,JPQ,4,JPQ-F1,PD_MECH_CONSIDERED,0.9438947368421052,-1,-1,-1,-1,-1,-1,-1,-1,false
global-demand-boom,seed-2,JPQ,4,,PD_MECH_FINANCE_BLOCKED,-1,-1,-1,-1,2500000,-1,-1,-1,-1,false
global-demand-boom,seed-2,CONSV,4,CONSV-F1,PD_MECH_CONSIDERED,0.9301487050960735,-1,-1,-1,-1,-1,-1,-1,-1,false
global-demand-boom,seed-2,CONSV,4,CONSV-F1,PD_MECH_PROPOSED,-1,5566.94,185.56466666666665,185564.66666666666,2500000,13.472392373548125,1.2105263157894737,1.05,13.834586466165414,true
global-demand-boom,seed-2,VAP,4,VAP-F1,PD_MECH_CONSIDERED,0.8854756335282651,-1,-1,-1,-1,-1,-1,-1,-1,false
global-demand-boom,seed-2,VAP,4,,PD_MECH_FINANCE_BLOCKED,-1,-1,-1,-1,2500000,-1,-1,-1,-1,false
global-demand-boom,seed-2,MASS,5,MASS-F1,PD_MECH_CONSIDERED,0.531056530214425,-1,-1,-1,-1,-1,-1,-1,-1,false
global-demand-boom,seed-2,MASS,5,MASS-F1,PD_MECH_PAYBACK_UNATTRACTIVE,-1,2724.32,90.81066666666669,90810.66666666669,2500000,27.52980560286603,0.7916666666666666,1,9.5,false
global-demand-boom,seed-2,MASS,5,,PD_MECH_DEFERRED,-1,-1,-1,-1,-1,-1,-1,-1,-1,false
global-demand-boom,seed-2,BAL,5,BAL-F1,PD_MECH_CONSIDERED,1,-1,-1,-1,-1,-1,-1,-1,-1,false
global-demand-boom,seed-2,BAL,5,BAL-F1,PD_MECH_PAYBACK_UNATTRACTIVE,-1,5985,199.5,199500,2500000,12.531328320802006,1,1,12,false
global-demand-boom,seed-2,BAL,5,,PD_MECH_DEFERRED,-1,-1,-1,-1,-1,-1,-1,-1,-1,false
global-demand-boom,seed-2,JPQ,5,JPQ-F1,PD_MECH_CONSIDERED,0.9597543859649124,-1,-1,-1,-1,-1,-1,-1,-1,false
global-demand-boom,seed-2,JPQ,5,,PD_MECH_FINANCE_BLOCKED,-1,-1,-1,-1,2500000,-1,-1,-1,-1,false
global-demand-boom,seed-2,CONSV,5,,PD_MECH_DEFERRED,-1,-1,-1,-1,-1,-1,-1,-1,-1,false
global-demand-boom,seed-2,VAP,5,VAP-F1,PD_MECH_CONSIDERED,1,-1,-1,-1,-1,-1,-1,-1,-1,false
global-demand-boom,seed-2,VAP,5,,PD_MECH_FINANCE_BLOCKED,-1,-1,-1,-1,2500000,-1,-1,-1,-1,false
global-demand-boom,seed-2,MASS,6,MASS-F1,PD_MECH_CONSIDERED,0.9821208576998051,-1,-1,-1,-1,-1,-1,-1,-1,false
global-demand-boom,seed-2,MASS,6,MASS-F1,PD_MECH_PAYBACK_UNATTRACTIVE,-1,5038.28,167.9426666666667,167942.6666666667,2500000,14.886032534912706,0.7916666666666666,1,9.5,false
global-demand-boom,seed-2,MASS,6,,PD_MECH_DEFERRED,-1,-1,-1,-1,-1,-1,-1,-1,-1,false
global-demand-boom,seed-2,BAL,6,BAL-F1,PD_MECH_CONSIDERED,1,-1,-1,-1,-1,-1,-1,-1,-1,false
global-demand-boom,seed-2,BAL,6,,PD_MECH_FINANCE_BLOCKED,-1,-1,-1,-1,2500000,-1,-1,-1,-1,false
global-demand-boom,seed-2,JPQ,6,JPQ-F1,PD_MECH_CONSIDERED,0.8880277777777777,-1,-1,-1,-1,-1,-1,-1,-1,false
global-demand-boom,seed-2,JPQ,6,,PD_MECH_FINANCE_BLOCKED,-1,-1,-1,-1,2500000,-1,-1,-1,-1,false
global-demand-boom,seed-2,CONSV,6,,PD_MECH_DEFERRED,-1,-1,-1,-1,-1,-1,-1,-1,-1,false
global-demand-boom,seed-2,VAP,6,VAP-F1,PD_MECH_CONSIDERED,1,-1,-1,-1,-1,-1,-1,-1,-1,false
global-demand-boom,seed-2,VAP,6,,PD_MECH_FINANCE_BLOCKED,-1,-1,-1,-1,2500000,-1,-1,-1,-1,false
global-demand-boom,seed-2,MASS,7,MASS-F1,PD_MECH_CONSIDERED,0.5456335282651072,-1,-1,-1,-1,-1,-1,-1,-1,false
global-demand-boom,seed-2,MASS,7,MASS-F1,PD_MECH_PAYBACK_UNATTRACTIVE,-1,2799.1000000000004,93.30333333333334,93303.33333333334,2500000,26.794326747883247,0.7916666666666666,1,9.5,false
global-demand-boom,seed-2,MASS,7,,PD_MECH_DEFERRED,-1,-1,-1,-1,-1,-1,-1,-1,-1,false
global-demand-boom,seed-2,BAL,7,BAL-F1,PD_MECH_CONSIDERED,1,-1,-1,-1,-1,-1,-1,-1,-1,false
global-demand-boom,seed-2,BAL,7,,PD_MECH_FINANCE_BLOCKED,-1,-1,-1,-1,2500000,-1,-1,-1,-1,false
global-demand-boom,seed-2,JPQ,7,JPQ-F1,PD_MECH_CONSIDERED,0.8509283625730995,-1,-1,-1,-1,-1,-1,-1,-1,false
global-demand-boom,seed-2,JPQ,7,,PD_MECH_FINANCE_BLOCKED,-1,-1,-1,-1,2500000,-1,-1,-1,-1,false
global-demand-boom,seed-2,CONSV,7,,PD_MECH_DEFERRED,-1,-1,-1,-1,-1,-1,-1,-1,-1,false
global-demand-boom,seed-2,VAP,7,VAP-F1,PD_MECH_CONSIDERED,1,-1,-1,-1,-1,-1,-1,-1,-1,false
global-demand-boom,seed-2,VAP,7,,PD_MECH_FINANCE_BLOCKED,-1,-1,-1,-1,2500000,-1,-1,-1,-1,false
global-demand-boom,seed-2,MASS,8,MASS-F1,PD_MECH_CONSIDERED,0.8609571150097466,-1,-1,-1,-1,-1,-1,-1,-1,false
global-demand-boom,seed-2,MASS,8,MASS-F1,PD_MECH_PAYBACK_UNATTRACTIVE,-1,4416.71,147.22366666666665,147223.66666666666,2500000,16.98096546977275,0.7916666666666666,1,9.5,false
global-demand-boom,seed-2,MASS,8,,PD_MECH_DEFERRED,-1,-1,-1,-1,-1,-1,-1,-1,-1,false
global-demand-boom,seed-2,BAL,8,BAL-F1,PD_MECH_CONSIDERED,0.9099192425508215,-1,-1,-1,-1,-1,-1,-1,-1,false
global-demand-boom,seed-2,BAL,8,BAL-F1,PD_MECH_PAYBACK_UNATTRACTIVE,-1,5718.16,190.60533333333342,190605.33333333343,2500000,13.116107279264652,1,1,12,false
global-demand-boom,seed-2,BAL,8,,PD_MECH_DEFERRED,-1,-1,-1,-1,-1,-1,-1,-1,-1,false
global-demand-boom,seed-2,JPQ,8,JPQ-F1,PD_MECH_CONSIDERED,0.8254342105263158,-1,-1,-1,-1,-1,-1,-1,-1,false
global-demand-boom,seed-2,JPQ,8,JPQ-F1,PD_MECH_PROPOSED,-1,5645.97,188.19899999999996,188198.99999999994,2500000,13.283811284863367,1.1176470588235294,1,13.411764705882353,true
global-demand-boom,seed-2,CONSV,8,,PD_MECH_DEFERRED,-1,-1,-1,-1,-1,-1,-1,-1,-1,false
global-demand-boom,seed-2,VAP,8,VAP-F1,PD_MECH_CONSIDERED,1,-1,-1,-1,-1,-1,-1,-1,-1,false
global-demand-boom,seed-2,VAP,8,VAP-F1,PD_MECH_PROPOSED,-1,5130,171,171000,2500000,14.619883040935672,1.411764705882353,1,16.941176470588236,true
global-demand-boom,seed-2,MASS,9,MASS-F1,PD_MECH_CONSIDERED,0.6707037037037037,-1,-1,-1,-1,-1,-1,-1,-1,false
global-demand-boom,seed-2,MASS,9,MASS-F1,PD_MECH_PAYBACK_UNATTRACTIVE,-1,3440.71,114.69033333333334,114690.33333333334,2500000,21.797826611368002,0.7916666666666666,1,9.5,false
global-demand-boom,seed-2,MASS,9,,PD_MECH_DEFERRED,-1,-1,-1,-1,-1,-1,-1,-1,-1,false
global-demand-boom,seed-2,BAL,9,BAL-F1,PD_MECH_CONSIDERED,0.9533627720093886,-1,-1,-1,-1,-1,-1,-1,-1,false
global-demand-boom,seed-2,BAL,9,BAL-F1,PD_MECH_PAYBACK_UNATTRACTIVE,-1,5991.17,199.70566666666662,199705.66666666663,2500000,12.518422945768526,1,1,12,false
global-demand-boom,seed-2,BAL,9,,PD_MECH_DEFERRED,-1,-1,-1,-1,-1,-1,-1,-1,-1,false
global-demand-boom,seed-2,JPQ,9,,PD_MECH_DEFERRED,-1,-1,-1,-1,-1,-1,-1,-1,-1,false
global-demand-boom,seed-2,CONSV,9,,PD_MECH_DEFERRED,-1,-1,-1,-1,-1,-1,-1,-1,-1,false
global-demand-boom,seed-2,VAP,9,VAP-F1,PD_MECH_CONSIDERED,1,-1,-1,-1,-1,-1,-1,-1,-1,false
global-demand-boom,seed-2,VAP,9,VAP-F1,PD_MECH_PROPOSED,-1,5130,171,171000,2500000,14.619883040935672,1.411764705882353,1,16.941176470588236,true
global-demand-boom,seed-2,MASS,10,MASS-F1,PD_MECH_CONSIDERED,0.9472280701754385,-1,-1,-1,-1,-1,-1,-1,-1,false
global-demand-boom,seed-2,MASS,10,MASS-F1,PD_MECH_PAYBACK_UNATTRACTIVE,-1,4859.28,161.976,161976,2500000,15.434385341038178,0.7916666666666666,1,9.5,false
global-demand-boom,seed-2,MASS,10,,PD_MECH_DEFERRED,-1,-1,-1,-1,-1,-1,-1,-1,-1,false
global-demand-boom,seed-2,BAL,10,BAL-F1,PD_MECH_CONSIDERED,0.9939817798464415,-1,-1,-1,-1,-1,-1,-1,-1,false
global-demand-boom,seed-2,BAL,10,BAL-F1,PD_MECH_PAYBACK_UNATTRACTIVE,-1,6246.43,208.21433333333334,208214.33333333334,2500000,12.00685831747094,1,1,12,false
global-demand-boom,seed-2,BAL,10,,PD_MECH_DEFERRED,-1,-1,-1,-1,-1,-1,-1,-1,-1,false
global-demand-boom,seed-2,JPQ,10,,PD_MECH_DEFERRED,-1,-1,-1,-1,-1,-1,-1,-1,-1,false
global-demand-boom,seed-2,CONSV,10,,PD_MECH_DEFERRED,-1,-1,-1,-1,-1,-1,-1,-1,-1,false
global-demand-boom,seed-2,VAP,10,,PD_MECH_DEFERRED,-1,-1,-1,-1,-1,-1,-1,-1,-1,false
global-demand-boom,seed-2,MASS,11,MASS-F1,PD_MECH_CONSIDERED,0.9778986354775828,-1,-1,-1,-1,-1,-1,-1,-1,false
global-demand-boom,seed-2,MASS,11,MASS-F1,PD_MECH_PAYBACK_UNATTRACTIVE,-1,5016.62,167.2206666666666,167220.6666666666,2500000,14.950305185563193,0.7916666666666666,1,9.5,false
global-demand-boom,seed-2,MASS,11,,PD_MECH_DEFERRED,-1,-1,-1,-1,-1,-1,-1,-1,-1,false
global-demand-boom,seed-2,BAL,11,BAL-F1,PD_MECH_CONSIDERED,0.9803476946334089,-1,-1,-1,-1,-1,-1,-1,-1,false
global-demand-boom,seed-2,BAL,11,BAL-F1,PD_MECH_PAYBACK_UNATTRACTIVE,-1,6160.75,205.35833333333335,205358.33333333334,2500000,12.173842470478432,1,1,12,false
global-demand-boom,seed-2,BAL,11,,PD_MECH_DEFERRED,-1,-1,-1,-1,-1,-1,-1,-1,-1,false
global-demand-boom,seed-2,JPQ,11,,PD_MECH_DEFERRED,-1,-1,-1,-1,-1,-1,-1,-1,-1,false
global-demand-boom,seed-2,CONSV,11,,PD_MECH_DEFERRED,-1,-1,-1,-1,-1,-1,-1,-1,-1,false
global-demand-boom,seed-2,VAP,11,,PD_MECH_DEFERRED,-1,-1,-1,-1,-1,-1,-1,-1,-1,false
global-demand-boom,seed-2,MASS,12,MASS-F1,PD_MECH_CONSIDERED,1,-1,-1,-1,-1,-1,-1,-1,-1,false
global-demand-boom,seed-2,MASS,12,MASS-F1,PD_MECH_PAYBACK_UNATTRACTIVE,-1,5130,171,171000,2500000,14.619883040935672,0.7916666666666666,1,9.5,false
global-demand-boom,seed-2,MASS,12,,PD_MECH_DEFERRED,-1,-1,-1,-1,-1,-1,-1,-1,-1,false
global-demand-boom,seed-2,BAL,12,BAL-F1,PD_MECH_CONSIDERED,0.9314015196721963,-1,-1,-1,-1,-1,-1,-1,-1,false
global-demand-boom,seed-2,BAL,12,BAL-F1,PD_MECH_PAYBACK_UNATTRACTIVE,-1,5853.16,195.10533333333342,195105.33333333343,2500000,12.813591290858264,1,1,12,false
global-demand-boom,seed-2,BAL,12,,PD_MECH_DEFERRED,-1,-1,-1,-1,-1,-1,-1,-1,-1,false
global-demand-boom,seed-2,JPQ,12,,PD_MECH_DEFERRED,-1,-1,-1,-1,-1,-1,-1,-1,-1,false
global-demand-boom,seed-2,CONSV,12,,PD_MECH_DEFERRED,-1,-1,-1,-1,-1,-1,-1,-1,-1,false
global-demand-boom,seed-2,VAP,12,,PD_MECH_DEFERRED,-1,-1,-1,-1,-1,-1,-1,-1,-1,false
global-demand-boom,seed-2,MASS,13,MASS-F1,PD_MECH_CONSIDERED,0.9671423001949317,-1,-1,-1,-1,-1,-1,-1,-1,false
global-demand-boom,seed-2,MASS,13,MASS-F1,PD_MECH_PAYBACK_UNATTRACTIVE,-1,4961.44,165.38133333333326,165381.33333333326,2500000,15.116579057692935,0.7916666666666666,1,9.5,false
global-demand-boom,seed-2,MASS,13,,PD_MECH_DEFERRED,-1,-1,-1,-1,-1,-1,-1,-1,-1,false
global-demand-boom,seed-2,BAL,13,BAL-F1,PD_MECH_CONSIDERED,0.9376154672395274,-1,-1,-1,-1,-1,-1,-1,-1,false
global-demand-boom,seed-2,BAL,13,BAL-F1,PD_MECH_PAYBACK_UNATTRACTIVE,-1,5892.21,196.40700000000004,196407.00000000003,2500000,12.728670566731326,1,1,12,false
global-demand-boom,seed-2,BAL,13,,PD_MECH_DEFERRED,-1,-1,-1,-1,-1,-1,-1,-1,-1,false
global-demand-boom,seed-2,JPQ,13,,PD_MECH_DEFERRED,-1,-1,-1,-1,-1,-1,-1,-1,-1,false
global-demand-boom,seed-2,CONSV,13,,PD_MECH_DEFERRED,-1,-1,-1,-1,-1,-1,-1,-1,-1,false
global-demand-boom,seed-2,VAP,13,,PD_MECH_DEFERRED,-1,-1,-1,-1,-1,-1,-1,-1,-1,false
global-demand-boom,seed-2,MASS,14,MASS-F1,PD_MECH_CONSIDERED,0.8371442495126706,-1,-1,-1,-1,-1,-1,-1,-1,false
global-demand-boom,seed-2,MASS,14,MASS-F1,PD_MECH_PAYBACK_UNATTRACTIVE,-1,4294.55,143.15166666666676,143151.66666666674,2500000,17.46399506351072,0.7916666666666666,1,9.5,false
global-demand-boom,seed-2,MASS,14,,PD_MECH_DEFERRED,-1,-1,-1,-1,-1,-1,-1,-1,-1,false
global-demand-boom,seed-2,BAL,14,BAL-F1,PD_MECH_CONSIDERED,0.9421856227871266,-1,-1,-1,-1,-1,-1,-1,-1,false
global-demand-boom,seed-2,BAL,14,BAL-F1,PD_MECH_PAYBACK_UNATTRACTIVE,-1,5920.93,197.36433333333343,197364.33333333343,2500000,12.666929012840882,1,1,12,false
global-demand-boom,seed-2,BAL,14,,PD_MECH_DEFERRED,-1,-1,-1,-1,-1,-1,-1,-1,-1,false
global-demand-boom,seed-2,JPQ,14,,PD_MECH_DEFERRED,-1,-1,-1,-1,-1,-1,-1,-1,-1,false
global-demand-boom,seed-2,CONSV,14,,PD_MECH_DEFERRED,-1,-1,-1,-1,-1,-1,-1,-1,-1,false
global-demand-boom,seed-2,VAP,14,,PD_MECH_DEFERRED,-1,-1,-1,-1,-1,-1,-1,-1,-1,false
global-demand-boom,seed-2,MASS,15,MASS-F1,PD_MECH_CONSIDERED,0.8024035087719298,-1,-1,-1,-1,-1,-1,-1,-1,false
global-demand-boom,seed-2,MASS,15,MASS-F1,PD_MECH_PAYBACK_UNATTRACTIVE,-1,4116.33,137.211,137211,2500000,18.22011354774763,0.7916666666666666,1,9.5,false
global-demand-boom,seed-2,MASS,15,,PD_MECH_DEFERRED,-1,-1,-1,-1,-1,-1,-1,-1,-1,false
global-demand-boom,seed-2,BAL,15,BAL-F1,PD_MECH_CONSIDERED,0.8930166686557663,-1,-1,-1,-1,-1,-1,-1,-1,false
global-demand-boom,seed-2,BAL,15,BAL-F1,PD_MECH_PAYBACK_UNATTRACTIVE,-1,5611.94,187.06466666666665,187064.66666666666,2500000,13.364362412998002,1,1,12,false
global-demand-boom,seed-2,BAL,15,,PD_MECH_DEFERRED,-1,-1,-1,-1,-1,-1,-1,-1,-1,false
global-demand-boom,seed-2,JPQ,15,,PD_MECH_DEFERRED,-1,-1,-1,-1,-1,-1,-1,-1,-1,false
global-demand-boom,seed-2,CONSV,15,,PD_MECH_DEFERRED,-1,-1,-1,-1,-1,-1,-1,-1,-1,false
global-demand-boom,seed-2,VAP,15,,PD_MECH_DEFERRED,-1,-1,-1,-1,-1,-1,-1,-1,-1,false
global-demand-boom,seed-2,MASS,16,MASS-F1,PD_MECH_CONSIDERED,1,-1,-1,-1,-1,-1,-1,-1,-1,false
global-demand-boom,seed-2,MASS,16,MASS-F1,PD_MECH_PAYBACK_UNATTRACTIVE,-1,5130,171,171000,2500000,14.619883040935672,0.7916666666666666,1,9.5,false
global-demand-boom,seed-2,MASS,16,,PD_MECH_DEFERRED,-1,-1,-1,-1,-1,-1,-1,-1,-1,false
global-demand-boom,seed-2,BAL,16,BAL-F1,PD_MECH_CONSIDERED,0.9107705772367427,-1,-1,-1,-1,-1,-1,-1,-1,false
global-demand-boom,seed-2,BAL,16,BAL-F1,PD_MECH_PAYBACK_UNATTRACTIVE,-1,5723.51,190.7836666666666,190783.6666666666,2500000,13.103847114794947,1,1,12,false
global-demand-boom,seed-2,BAL,16,,PD_MECH_DEFERRED,-1,-1,-1,-1,-1,-1,-1,-1,-1,false
global-demand-boom,seed-2,JPQ,16,,PD_MECH_DEFERRED,-1,-1,-1,-1,-1,-1,-1,-1,-1,false
global-demand-boom,seed-2,CONSV,16,,PD_MECH_DEFERRED,-1,-1,-1,-1,-1,-1,-1,-1,-1,false
global-demand-boom,seed-2,VAP,16,,PD_MECH_DEFERRED,-1,-1,-1,-1,-1,-1,-1,-1,-1,false
global-demand-boom,seed-2,MASS,17,MASS-F1,PD_MECH_CONSIDERED,1,-1,-1,-1,-1,-1,-1,-1,-1,false
global-demand-boom,seed-2,MASS,17,MASS-F1,PD_MECH_PAYBACK_UNATTRACTIVE,-1,5130,171,171000,2500000,14.619883040935672,0.7916666666666666,1,9.5,false
global-demand-boom,seed-2,MASS,17,,PD_MECH_DEFERRED,-1,-1,-1,-1,-1,-1,-1,-1,-1,false
global-demand-boom,seed-2,BAL,17,BAL-F1,PD_MECH_CONSIDERED,0.9273564864542307,-1,-1,-1,-1,-1,-1,-1,-1,false
global-demand-boom,seed-2,BAL,17,BAL-F1,PD_MECH_PAYBACK_UNATTRACTIVE,-1,5827.74,194.25800000000004,194258.00000000003,2500000,12.869482852701045,1,1,12,false
global-demand-boom,seed-2,BAL,17,,PD_MECH_DEFERRED,-1,-1,-1,-1,-1,-1,-1,-1,-1,false
global-demand-boom,seed-2,JPQ,17,,PD_MECH_DEFERRED,-1,-1,-1,-1,-1,-1,-1,-1,-1,false
global-demand-boom,seed-2,CONSV,17,,PD_MECH_DEFERRED,-1,-1,-1,-1,-1,-1,-1,-1,-1,false
global-demand-boom,seed-2,VAP,17,,PD_MECH_DEFERRED,-1,-1,-1,-1,-1,-1,-1,-1,-1,false
global-demand-boom,seed-2,MASS,18,MASS-F1,PD_MECH_CONSIDERED,1,-1,-1,-1,-1,-1,-1,-1,-1,false
global-demand-boom,seed-2,MASS,18,MASS-F1,PD_MECH_PAYBACK_UNATTRACTIVE,-1,5130,171,171000,2500000,14.619883040935672,0.7916666666666666,1,9.5,false
global-demand-boom,seed-2,MASS,18,,PD_MECH_DEFERRED,-1,-1,-1,-1,-1,-1,-1,-1,-1,false
global-demand-boom,seed-2,BAL,18,BAL-F1,PD_MECH_CONSIDERED,0.9273564864542307,-1,-1,-1,-1,-1,-1,-1,-1,false
global-demand-boom,seed-2,BAL,18,BAL-F1,PD_MECH_PAYBACK_UNATTRACTIVE,-1,5827.74,194.25800000000004,194258.00000000003,2500000,12.869482852701045,1,1,12,false
global-demand-boom,seed-2,BAL,18,,PD_MECH_DEFERRED,-1,-1,-1,-1,-1,-1,-1,-1,-1,false
global-demand-boom,seed-2,JPQ,18,,PD_MECH_DEFERRED,-1,-1,-1,-1,-1,-1,-1,-1,-1,false
global-demand-boom,seed-2,CONSV,18,,PD_MECH_DEFERRED,-1,-1,-1,-1,-1,-1,-1,-1,-1,false
global-demand-boom,seed-2,VAP,18,,PD_MECH_DEFERRED,-1,-1,-1,-1,-1,-1,-1,-1,-1,false
global-demand-boom,seed-2,MASS,19,MASS-F1,PD_MECH_CONSIDERED,1,-1,-1,-1,-1,-1,-1,-1,-1,false
global-demand-boom,seed-2,MASS,19,MASS-F1,PD_MECH_PAYBACK_UNATTRACTIVE,-1,5130,171,171000,2500000,14.619883040935672,0.7916666666666666,1,9.5,false
global-demand-boom,seed-2,MASS,19,,PD_MECH_DEFERRED,-1,-1,-1,-1,-1,-1,-1,-1,-1,false
global-demand-boom,seed-2,BAL,19,BAL-F1,PD_MECH_CONSIDERED,0.9273564864542307,-1,-1,-1,-1,-1,-1,-1,-1,false
global-demand-boom,seed-2,BAL,19,BAL-F1,PD_MECH_PAYBACK_UNATTRACTIVE,-1,5827.74,194.25800000000004,194258.00000000003,2500000,12.869482852701045,1,1,12,false
global-demand-boom,seed-2,BAL,19,,PD_MECH_DEFERRED,-1,-1,-1,-1,-1,-1,-1,-1,-1,false
global-demand-boom,seed-2,JPQ,19,,PD_MECH_DEFERRED,-1,-1,-1,-1,-1,-1,-1,-1,-1,false
global-demand-boom,seed-2,CONSV,19,,PD_MECH_DEFERRED,-1,-1,-1,-1,-1,-1,-1,-1,-1,false
global-demand-boom,seed-2,VAP,19,,PD_MECH_DEFERRED,-1,-1,-1,-1,-1,-1,-1,-1,-1,false
global-demand-boom,seed-2,MASS,20,MASS-F1,PD_MECH_CONSIDERED,1,-1,-1,-1,-1,-1,-1,-1,-1,false
global-demand-boom,seed-2,MASS,20,MASS-F1,PD_MECH_PAYBACK_UNATTRACTIVE,-1,5429.25,180.9749999999999,180974.9999999999,2500000,13.814062715844736,0.7916666666666666,1,9.5,false
global-demand-boom,seed-2,MASS,20,,PD_MECH_DEFERRED,-1,-1,-1,-1,-1,-1,-1,-1,-1,false
global-demand-boom,seed-2,BAL,20,BAL-F1,PD_MECH_CONSIDERED,0.9273564864542307,-1,-1,-1,-1,-1,-1,-1,-1,false
global-demand-boom,seed-2,BAL,20,BAL-F1,PD_MECH_PAYBACK_UNATTRACTIVE,-1,5827.74,194.25800000000004,194258.00000000003,2500000,12.869482852701045,1,1,12,false
global-demand-boom,seed-2,BAL,20,,PD_MECH_DEFERRED,-1,-1,-1,-1,-1,-1,-1,-1,-1,false
global-demand-boom,seed-2,JPQ,20,,PD_MECH_DEFERRED,-1,-1,-1,-1,-1,-1,-1,-1,-1,false
global-demand-boom,seed-2,CONSV,20,,PD_MECH_DEFERRED,-1,-1,-1,-1,-1,-1,-1,-1,-1,false
global-demand-boom,seed-2,VAP,20,,PD_MECH_DEFERRED,-1,-1,-1,-1,-1,-1,-1,-1,-1,false
global-demand-boom,seed-2,MASS,21,MASS-F1,PD_MECH_CONSIDERED,1,-1,-1,-1,-1,-1,-1,-1,-1,false
global-demand-boom,seed-2,MASS,21,MASS-F1,PD_MECH_PAYBACK_UNATTRACTIVE,-1,5429.25,180.9749999999999,180974.9999999999,2500000,13.814062715844736,0.7916666666666666,1,9.5,false
global-demand-boom,seed-2,MASS,21,,PD_MECH_DEFERRED,-1,-1,-1,-1,-1,-1,-1,-1,-1,false
global-demand-boom,seed-2,BAL,21,BAL-F1,PD_MECH_CONSIDERED,0.9273564864542307,-1,-1,-1,-1,-1,-1,-1,-1,false
global-demand-boom,seed-2,BAL,21,BAL-F1,PD_MECH_PAYBACK_UNATTRACTIVE,-1,5827.74,194.25800000000004,194258.00000000003,2500000,12.869482852701045,1,1,12,false
global-demand-boom,seed-2,BAL,21,,PD_MECH_DEFERRED,-1,-1,-1,-1,-1,-1,-1,-1,-1,false
global-demand-boom,seed-2,JPQ,21,,PD_MECH_DEFERRED,-1,-1,-1,-1,-1,-1,-1,-1,-1,false
global-demand-boom,seed-2,CONSV,21,,PD_MECH_DEFERRED,-1,-1,-1,-1,-1,-1,-1,-1,-1,false
global-demand-boom,seed-2,VAP,21,,PD_MECH_DEFERRED,-1,-1,-1,-1,-1,-1,-1,-1,-1,false
global-demand-boom,seed-2,MASS,22,MASS-F1,PD_MECH_CONSIDERED,1,-1,-1,-1,-1,-1,-1,-1,-1,false
global-demand-boom,seed-2,MASS,22,MASS-F1,PD_MECH_PAYBACK_UNATTRACTIVE,-1,5429.25,180.9749999999999,180974.9999999999,2500000,13.814062715844736,0.7916666666666666,1,9.5,false
global-demand-boom,seed-2,MASS,22,,PD_MECH_DEFERRED,-1,-1,-1,-1,-1,-1,-1,-1,-1,false
global-demand-boom,seed-2,BAL,22,BAL-F1,PD_MECH_CONSIDERED,0.9273564864542307,-1,-1,-1,-1,-1,-1,-1,-1,false
global-demand-boom,seed-2,BAL,22,BAL-F1,PD_MECH_PAYBACK_UNATTRACTIVE,-1,5827.74,194.25800000000004,194258.00000000003,2500000,12.869482852701045,1,1,12,false
global-demand-boom,seed-2,BAL,22,,PD_MECH_DEFERRED,-1,-1,-1,-1,-1,-1,-1,-1,-1,false
global-demand-boom,seed-2,JPQ,22,,PD_MECH_DEFERRED,-1,-1,-1,-1,-1,-1,-1,-1,-1,false
global-demand-boom,seed-2,CONSV,22,,PD_MECH_DEFERRED,-1,-1,-1,-1,-1,-1,-1,-1,-1,false
global-demand-boom,seed-2,VAP,22,,PD_MECH_DEFERRED,-1,-1,-1,-1,-1,-1,-1,-1,-1,false
global-demand-boom,seed-2,MASS,23,MASS-F1,PD_MECH_CONSIDERED,1,-1,-1,-1,-1,-1,-1,-1,-1,false
global-demand-boom,seed-2,MASS,23,MASS-F1,PD_MECH_PAYBACK_UNATTRACTIVE,-1,5429.25,180.9749999999999,180974.9999999999,2500000,13.814062715844736,0.7916666666666666,1,9.5,false
global-demand-boom,seed-2,MASS,23,MASS-NEWF-MASS-CAPEX-4,PD_MECH_CONSIDERED,0,-1,-1,-1,-1,-1,-1,-1,-1,false
global-demand-boom,seed-2,MASS,23,MASS-NEWF-MASS-CAPEX-4,PD_MECH_LOW_UTILIZATION,0,-1,-1,-1,-1,-1,-1,-1,-1,false
global-demand-boom,seed-2,MASS,23,,PD_MECH_DEFERRED,-1,-1,-1,-1,-1,-1,-1,-1,-1,false
global-demand-boom,seed-2,BAL,23,BAL-F1,PD_MECH_CONSIDERED,0.9273564864542307,-1,-1,-1,-1,-1,-1,-1,-1,false
global-demand-boom,seed-2,BAL,23,BAL-F1,PD_MECH_PAYBACK_UNATTRACTIVE,-1,5827.74,194.25800000000004,194258.00000000003,2500000,12.869482852701045,1,1,12,false
global-demand-boom,seed-2,BAL,23,,PD_MECH_DEFERRED,-1,-1,-1,-1,-1,-1,-1,-1,-1,false
global-demand-boom,seed-2,JPQ,23,,PD_MECH_DEFERRED,-1,-1,-1,-1,-1,-1,-1,-1,-1,false
global-demand-boom,seed-2,CONSV,23,,PD_MECH_DEFERRED,-1,-1,-1,-1,-1,-1,-1,-1,-1,false
global-demand-boom,seed-2,VAP,23,,PD_MECH_DEFERRED,-1,-1,-1,-1,-1,-1,-1,-1,-1,false
global-demand-boom,seed-2,MASS,24,MASS-F1,PD_MECH_CONSIDERED,0.9105990698531105,-1,-1,-1,-1,-1,-1,-1,-1,false
global-demand-boom,seed-2,MASS,24,MASS-F1,PD_MECH_PAYBACK_UNATTRACTIVE,-1,5216.366771653543,173.8788923884514,173878.89238845138,2500000,14.37782335543589,0.7916666666666666,1,9.5,false
global-demand-boom,seed-2,MASS,24,MASS-NEWF-MASS-CAPEX-4,PD_MECH_CONSIDERED,0.3726783625730994,-1,-1,-1,-1,-1,-1,-1,-1,false
global-demand-boom,seed-2,MASS,24,MASS-NEWF-MASS-CAPEX-4,PD_MECH_LOW_UTILIZATION,0.3726783625730994,-1,-1,-1,-1,-1,-1,-1,-1,false
global-demand-boom,seed-2,MASS,24,,PD_MECH_DEFERRED,-1,-1,-1,-1,-1,-1,-1,-1,-1,false
global-demand-boom,seed-2,BAL,24,BAL-F1,PD_MECH_CONSIDERED,0.9273564864542307,-1,-1,-1,-1,-1,-1,-1,-1,false
global-demand-boom,seed-2,BAL,24,BAL-F1,PD_MECH_PAYBACK_UNATTRACTIVE,-1,6105.251428571428,203.5083809523809,203508.3809523809,2500000,12.284506359396458,1,1,12,false
global-demand-boom,seed-2,BAL,24,,PD_MECH_DEFERRED,-1,-1,-1,-1,-1,-1,-1,-1,-1,false
global-demand-boom,seed-2,JPQ,24,,PD_MECH_DEFERRED,-1,-1,-1,-1,-1,-1,-1,-1,-1,false
global-demand-boom,seed-2,CONSV,24,,PD_MECH_DEFERRED,-1,-1,-1,-1,-1,-1,-1,-1,-1,false
global-demand-boom,seed-2,VAP,24,,PD_MECH_DEFERRED,-1,-1,-1,-1,-1,-1,-1,-1,-1,false
global-demand-boom,seed-2,MASS,25,MASS-F1,PD_MECH_CONSIDERED,0.7653417124901807,-1,-1,-1,-1,-1,-1,-1,-1,false
global-demand-boom,seed-2,MASS,25,MASS-F1,PD_MECH_PAYBACK_UNATTRACTIVE,-1,4384.26,146.14200000000005,146142.00000000006,2500000,17.10664969687016,0.7916666666666666,1,9.5,false
global-demand-boom,seed-2,MASS,25,MASS-NEWF-MASS-CAPEX-4,PD_MECH_CONSIDERED,0.7653411306042884,-1,-1,-1,-1,-1,-1,-1,-1,false
global-demand-boom,seed-2,MASS,25,MASS-NEWF-MASS-CAPEX-4,PD_MECH_PAYBACK_UNATTRACTIVE,-1,5234.9333333333325,174.49777777777774,174497.77777777775,2500000,14.326830013753758,0.7916666666666666,1,9.5,false
global-demand-boom,seed-2,MASS,25,,PD_MECH_DEFERRED,-1,-1,-1,-1,-1,-1,-1,-1,-1,false
global-demand-boom,seed-2,BAL,25,BAL-F1,PD_MECH_CONSIDERED,0.9174314574314574,-1,-1,-1,-1,-1,-1,-1,-1,false
global-demand-boom,seed-2,BAL,25,BAL-F1,PD_MECH_PAYBACK_UNATTRACTIVE,-1,6039.91,201.33033333333333,201330.3333333333,2500000,12.417403570583007,1,1,12,false
global-demand-boom,seed-2,BAL,25,,PD_MECH_DEFERRED,-1,-1,-1,-1,-1,-1,-1,-1,-1,false
global-demand-boom,seed-2,JPQ,25,,PD_MECH_DEFERRED,-1,-1,-1,-1,-1,-1,-1,-1,-1,false
global-demand-boom,seed-2,CONSV,25,,PD_MECH_DEFERRED,-1,-1,-1,-1,-1,-1,-1,-1,-1,false
global-demand-boom,seed-2,VAP,25,,PD_MECH_DEFERRED,-1,-1,-1,-1,-1,-1,-1,-1,-1,false
global-demand-boom,seed-2,MASS,26,MASS-F1,PD_MECH_CONSIDERED,0.5690634546565418,-1,-1,-1,-1,-1,-1,-1,-1,false
global-demand-boom,seed-2,MASS,26,MASS-F1,PD_MECH_PAYBACK_UNATTRACTIVE,-1,3259.88,108.66266666666661,108662.66666666661,2500000,23.006981852092725,0.7916666666666666,1,9.5,false
global-demand-boom,seed-2,MASS,26,MASS-NEWF-MASS-CAPEX-4,PD_MECH_CONSIDERED,0,-1,-1,-1,-1,-1,-1,-1,-1,false
global-demand-boom,seed-2,MASS,26,MASS-NEWF-MASS-CAPEX-4,PD_MECH_LOW_UTILIZATION,0,-1,-1,-1,-1,-1,-1,-1,-1,false
global-demand-boom,seed-2,MASS,26,,PD_MECH_DEFERRED,-1,-1,-1,-1,-1,-1,-1,-1,-1,false
global-demand-boom,seed-2,BAL,26,BAL-F1,PD_MECH_CONSIDERED,0.9174314574314574,-1,-1,-1,-1,-1,-1,-1,-1,false
global-demand-boom,seed-2,BAL,26,BAL-F1,PD_MECH_PAYBACK_UNATTRACTIVE,-1,6039.91,201.33033333333333,201330.3333333333,2500000,12.417403570583007,1,1,12,false
global-demand-boom,seed-2,BAL,26,,PD_MECH_DEFERRED,-1,-1,-1,-1,-1,-1,-1,-1,-1,false
global-demand-boom,seed-2,JPQ,26,,PD_MECH_DEFERRED,-1,-1,-1,-1,-1,-1,-1,-1,-1,false
global-demand-boom,seed-2,CONSV,26,,PD_MECH_DEFERRED,-1,-1,-1,-1,-1,-1,-1,-1,-1,false
global-demand-boom,seed-2,VAP,26,,PD_MECH_DEFERRED,-1,-1,-1,-1,-1,-1,-1,-1,-1,false
global-demand-boom,seed-2,MASS,27,MASS-F1,PD_MECH_CONSIDERED,0.7586523522737191,-1,-1,-1,-1,-1,-1,-1,-1,false
global-demand-boom,seed-2,MASS,27,MASS-F1,PD_MECH_PAYBACK_UNATTRACTIVE,-1,4345.94,144.8646666666666,144864.6666666666,2500000,17.25748629755589,0.7916666666666666,1,9.5,false
global-demand-boom,seed-2,MASS,27,MASS-NEWF-MASS-CAPEX-4,PD_MECH_CONSIDERED,0.7586520467836257,-1,-1,-1,-1,-1,-1,-1,-1,false
global-demand-boom,seed-2,MASS,27,MASS-NEWF-MASS-CAPEX-4,PD_MECH_PAYBACK_UNATTRACTIVE,-1,5189.18,172.97266666666667,172972.66666666666,2500000,14.453150594120844,0.7916666666666666,1,9.5,false
global-demand-boom,seed-2,MASS,27,MASS-NEWF-MASS-CAPEX-7,PD_MECH_CONSIDERED,0,-1,-1,-1,-1,-1,-1,-1,-1,false
global-demand-boom,seed-2,MASS,27,MASS-NEWF-MASS-CAPEX-7,PD_MECH_LOW_UTILIZATION,0,-1,-1,-1,-1,-1,-1,-1,-1,false
global-demand-boom,seed-2,MASS,27,,PD_MECH_DEFERRED,-1,-1,-1,-1,-1,-1,-1,-1,-1,false
global-demand-boom,seed-2,BAL,27,BAL-F1,PD_MECH_CONSIDERED,0.910470114680641,-1,-1,-1,-1,-1,-1,-1,-1,false
global-demand-boom,seed-2,BAL,27,BAL-F1,PD_MECH_PAYBACK_UNATTRACTIVE,-1,5994.08,199.8026666666667,199802.66666666672,2500000,12.512345514240714,1,1,12,false
global-demand-boom,seed-2,BAL,27,,PD_MECH_DEFERRED,-1,-1,-1,-1,-1,-1,-1,-1,-1,false
global-demand-boom,seed-2,JPQ,27,,PD_MECH_DEFERRED,-1,-1,-1,-1,-1,-1,-1,-1,-1,false
global-demand-boom,seed-2,CONSV,27,,PD_MECH_DEFERRED,-1,-1,-1,-1,-1,-1,-1,-1,-1,false
global-demand-boom,seed-2,VAP,27,,PD_MECH_DEFERRED,-1,-1,-1,-1,-1,-1,-1,-1,-1,false
global-demand-boom,seed-2,MASS,28,MASS-F1,PD_MECH_CONSIDERED,0.6559588024788339,-1,-1,-1,-1,-1,-1,-1,-1,false
global-demand-boom,seed-2,MASS,28,MASS-F1,PD_MECH_PAYBACK_UNATTRACTIVE,-1,3757.66,125.25533333333328,125255.33333333328,2500000,19.95922994629637,0.7916666666666666,1,9.5,false
global-demand-boom,seed-2,MASS,28,MASS-NEWF-MASS-CAPEX-4,PD_MECH_CONSIDERED,0.616501461988304,-1,-1,-1,-1,-1,-1,-1,-1,false
global-demand-boom,seed-2,MASS,28,MASS-NEWF-MASS-CAPEX-4,PD_MECH_PAYBACK_UNATTRACTIVE,-1,4216.87,140.5623333333334,140562.3333333334,2500000,17.785703614292107,0.7916666666666666,1,9.5,false
global-demand-boom,seed-2,MASS,28,MASS-NEWF-MASS-CAPEX-7,PD_MECH_CONSIDERED,0.24214619883040936,-1,-1,-1,-1,-1,-1,-1,-1,false
global-demand-boom,seed-2,MASS,28,MASS-NEWF-MASS-CAPEX-7,PD_MECH_LOW_UTILIZATION,0.24214619883040936,-1,-1,-1,-1,-1,-1,-1,-1,false
global-demand-boom,seed-2,MASS,28,,PD_MECH_DEFERRED,-1,-1,-1,-1,-1,-1,-1,-1,-1,false
global-demand-boom,seed-2,BAL,28,BAL-F1,PD_MECH_CONSIDERED,0.910470114680641,-1,-1,-1,-1,-1,-1,-1,-1,false
global-demand-boom,seed-2,BAL,28,BAL-F1,PD_MECH_PAYBACK_UNATTRACTIVE,-1,5994.08,199.8026666666667,199802.66666666672,2500000,12.512345514240714,1,1,12,false
global-demand-boom,seed-2,BAL,28,BAL-NEWF-BAL-CAPEX-10,PD_MECH_CONSIDERED,0,-1,-1,-1,-1,-1,-1,-1,-1,false
global-demand-boom,seed-2,BAL,28,BAL-NEWF-BAL-CAPEX-10,PD_MECH_LOW_UTILIZATION,0,-1,-1,-1,-1,-1,-1,-1,-1,false
global-demand-boom,seed-2,BAL,28,,PD_MECH_DEFERRED,-1,-1,-1,-1,-1,-1,-1,-1,-1,false
global-demand-boom,seed-2,JPQ,28,,PD_MECH_DEFERRED,-1,-1,-1,-1,-1,-1,-1,-1,-1,false
global-demand-boom,seed-2,CONSV,28,,PD_MECH_DEFERRED,-1,-1,-1,-1,-1,-1,-1,-1,-1,false
global-demand-boom,seed-2,VAP,28,,PD_MECH_DEFERRED,-1,-1,-1,-1,-1,-1,-1,-1,-1,false
global-demand-boom,seed-2,MASS,29,MASS-F1,PD_MECH_CONSIDERED,0.5666020773326351,-1,-1,-1,-1,-1,-1,-1,-1,false
global-demand-boom,seed-2,MASS,29,MASS-F1,PD_MECH_PAYBACK_UNATTRACTIVE,-1,3245.78,108.1926666666667,108192.6666666667,2500000,23.106926532297315,0.7916666666666666,1,9.5,false
global-demand-boom,seed-2,MASS,29,MASS-NEWF-MASS-CAPEX-4,PD_MECH_CONSIDERED,0.44374561403508767,-1,-1,-1,-1,-1,-1,-1,-1,false
global-demand-boom,seed-2,MASS,29,MASS-NEWF-MASS-CAPEX-4,PD_MECH_LOW_UTILIZATION,0.44374561403508767,-1,-1,-1,-1,-1,-1,-1,-1,false
global-demand-boom,seed-2,MASS,29,MASS-NEWF-MASS-CAPEX-7,PD_MECH_CONSIDERED,0.32106822612085767,-1,-1,-1,-1,-1,-1,-1,-1,false
global-demand-boom,seed-2,MASS,29,MASS-NEWF-MASS-CAPEX-7,PD_MECH_LOW_UTILIZATION,0.32106822612085767,-1,-1,-1,-1,-1,-1,-1,-1,false
global-demand-boom,seed-2,MASS,29,,PD_MECH_DEFERRED,-1,-1,-1,-1,-1,-1,-1,-1,-1,false
global-demand-boom,seed-2,BAL,29,BAL-F1,PD_MECH_CONSIDERED,0.8898777246145667,-1,-1,-1,-1,-1,-1,-1,-1,false
global-demand-boom,seed-2,BAL,29,BAL-F1,PD_MECH_PAYBACK_UNATTRACTIVE,-1,5858.51,195.2836666666666,195283.6666666666,2500000,12.801889900333025,1,1,12,false
global-demand-boom,seed-2,BAL,29,BAL-NEWF-BAL-CAPEX-10,PD_MECH_CONSIDERED,0.5598216374269006,-1,-1,-1,-1,-1,-1,-1,-1,false
global-demand-boom,seed-2,BAL,29,BAL-NEWF-BAL-CAPEX-10,PD_MECH_PAYBACK_UNATTRACTIVE,-1,2871.885,95.72950000000003,95729.50000000003,2500000,26.11525182937338,1,1,12,false
global-demand-boom,seed-2,BAL,29,,PD_MECH_DEFERRED,-1,-1,-1,-1,-1,-1,-1,-1,-1,false
global-demand-boom,seed-2,JPQ,29,,PD_MECH_DEFERRED,-1,-1,-1,-1,-1,-1,-1,-1,-1,false
global-demand-boom,seed-2,CONSV,29,,PD_MECH_DEFERRED,-1,-1,-1,-1,-1,-1,-1,-1,-1,false
global-demand-boom,seed-2,VAP,29,,PD_MECH_DEFERRED,-1,-1,-1,-1,-1,-1,-1,-1,-1,false
global-demand-boom,seed-2,MASS,30,MASS-F1,PD_MECH_CONSIDERED,0.5560984550929563,-1,-1,-1,-1,-1,-1,-1,-1,false
global-demand-boom,seed-2,MASS,30,MASS-F1,PD_MECH_PAYBACK_UNATTRACTIVE,-1,3185.61,106.18700000000001,106187.00000000001,2500000,23.54337159915997,0.7916666666666666,1,9.5,false
global-demand-boom,seed-2,MASS,30,MASS-NEWF-MASS-CAPEX-4,PD_MECH_CONSIDERED,0.438203216374269,-1,-1,-1,-1,-1,-1,-1,-1,false
global-demand-boom,seed-2,MASS,30,MASS-NEWF-MASS-CAPEX-4,PD_MECH_LOW_UTILIZATION,0.438203216374269,-1,-1,-1,-1,-1,-1,-1,-1,false
global-demand-boom,seed-2,MASS,30,MASS-NEWF-MASS-CAPEX-7,PD_MECH_CONSIDERED,0.36909210526315794,-1,-1,-1,-1,-1,-1,-1,-1,false
global-demand-boom,seed-2,MASS,30,MASS-NEWF-MASS-CAPEX-7,PD_MECH_LOW_UTILIZATION,0.36909210526315794,-1,-1,-1,-1,-1,-1,-1,-1,false
global-demand-boom,seed-2,MASS,30,,PD_MECH_DEFERRED,-1,-1,-1,-1,-1,-1,-1,-1,-1,false
global-demand-boom,seed-2,BAL,30,BAL-F1,PD_MECH_CONSIDERED,0.8832186526923369,-1,-1,-1,-1,-1,-1,-1,-1,false
global-demand-boom,seed-2,BAL,30,BAL-F1,PD_MECH_PAYBACK_UNATTRACTIVE,-1,5814.67,193.8223333333333,193822.33333333328,2500000,12.89841039990232,1,1,12,false
global-demand-boom,seed-2,BAL,30,BAL-NEWF-BAL-CAPEX-10,PD_MECH_CONSIDERED,0.6445886939571149,-1,-1,-1,-1,-1,-1,-1,-1,false
global-demand-boom,seed-2,BAL,30,BAL-NEWF-BAL-CAPEX-10,PD_MECH_PAYBACK_UNATTRACTIVE,-1,4408.986666666666,146.9662222222222,146966.2222222222,2500000,17.01071145599594,1,1,12,false
global-demand-boom,seed-2,BAL,30,,PD_MECH_DEFERRED,-1,-1,-1,-1,-1,-1,-1,-1,-1,false
global-demand-boom,seed-2,JPQ,30,,PD_MECH_DEFERRED,-1,-1,-1,-1,-1,-1,-1,-1,-1,false
global-demand-boom,seed-2,CONSV,30,,PD_MECH_DEFERRED,-1,-1,-1,-1,-1,-1,-1,-1,-1,false
global-demand-boom,seed-2,VAP,30,,PD_MECH_DEFERRED,-1,-1,-1,-1,-1,-1,-1,-1,-1,false
global-demand-boom,seed-2,MASS,31,MASS-F1,PD_MECH_CONSIDERED,0.5929213581216723,-1,-1,-1,-1,-1,-1,-1,-1,false
global-demand-boom,seed-2,MASS,31,MASS-F1,PD_MECH_PAYBACK_UNATTRACTIVE,-1,3396.55,113.21833333333336,113218.33333333336,2500000,22.0812294828576,0.7916666666666666,1,9.5,false
global-demand-boom,seed-2,MASS,31,MASS-NEWF-MASS-CAPEX-4,PD_MECH_CONSIDERED,0.5710292397660819,-1,-1,-1,-1,-1,-1,-1,-1,false
global-demand-boom,seed-2,MASS,31,MASS-NEWF-MASS-CAPEX-4,PD_MECH_PAYBACK_UNATTRACTIVE,-1,3905.84,130.19466666666665,130194.66666666664,2500000,19.202015443540958,0.7916666666666666,1,9.5,false
global-demand-boom,seed-2,MASS,31,MASS-NEWF-MASS-CAPEX-7,PD_MECH_CONSIDERED,0.5293611111111111,-1,-1,-1,-1,-1,-1,-1,-1,false
global-demand-boom,seed-2,MASS,31,MASS-NEWF-MASS-CAPEX-7,PD_MECH_PAYBACK_UNATTRACTIVE,-1,3620.8299999999995,120.69433333333336,120694.33333333336,2500000,20.713482820237346,0.7916666666666666,1,9.5,false
global-demand-boom,seed-2,MASS,31,,PD_MECH_DEFERRED,-1,-1,-1,-1,-1,-1,-1,-1,-1,false
global-demand-boom,seed-2,BAL,31,BAL-F1,PD_MECH_CONSIDERED,0.836772233614339,-1,-1,-1,-1,-1,-1,-1,-1,false
global-demand-boom,seed-2,BAL,31,BAL-F1,PD_MECH_PAYBACK_UNATTRACTIVE,-1,5508.89,183.6296666666666,183629.6666666666,2500000,13.614357883348557,1,1,12,false
global-demand-boom,seed-2,BAL,31,BAL-NEWF-BAL-CAPEX-10,PD_MECH_CONSIDERED,0.8367733918128655,-1,-1,-1,-1,-1,-1,-1,-1,false
global-demand-boom,seed-2,BAL,31,BAL-NEWF-BAL-CAPEX-10,PD_MECH_PAYBACK_UNATTRACTIVE,-1,5723.53,190.78433333333328,190784.33333333328,2500000,13.103801325405827,1,1,12,false
global-demand-boom,seed-2,BAL,31,,PD_MECH_DEFERRED,-1,-1,-1,-1,-1,-1,-1,-1,-1,false
global-demand-boom,seed-2,JPQ,31,,PD_MECH_DEFERRED,-1,-1,-1,-1,-1,-1,-1,-1,-1,false
global-demand-boom,seed-2,CONSV,31,,PD_MECH_DEFERRED,-1,-1,-1,-1,-1,-1,-1,-1,-1,false
global-demand-boom,seed-2,VAP,31,,PD_MECH_DEFERRED,-1,-1,-1,-1,-1,-1,-1,-1,-1,false
global-demand-boom,seed-2,MASS,32,MASS-F1,PD_MECH_CONSIDERED,0.4785877629396876,-1,-1,-1,-1,-1,-1,-1,-1,false
global-demand-boom,seed-2,MASS,32,MASS-F1,PD_MECH_LOW_UTILIZATION,0.4785877629396876,-1,-1,-1,-1,-1,-1,-1,-1,false
global-demand-boom,seed-2,MASS,32,MASS-NEWF-MASS-CAPEX-4,PD_MECH_CONSIDERED,0.4785877192982456,-1,-1,-1,-1,-1,-1,-1,-1,false
global-demand-boom,seed-2,MASS,32,MASS-NEWF-MASS-CAPEX-4,PD_MECH_LOW_UTILIZATION,0.4785877192982456,-1,-1,-1,-1,-1,-1,-1,-1,false
global-demand-boom,seed-2,MASS,32,MASS-NEWF-MASS-CAPEX-7,PD_MECH_CONSIDERED,0.4785877192982456,-1,-1,-1,-1,-1,-1,-1,-1,false
global-demand-boom,seed-2,MASS,32,MASS-NEWF-MASS-CAPEX-7,PD_MECH_LOW_UTILIZATION,0.4785877192982456,-1,-1,-1,-1,-1,-1,-1,-1,false
global-demand-boom,seed-2,MASS,32,,PD_MECH_DEFERRED,-1,-1,-1,-1,-1,-1,-1,-1,-1,false
global-demand-boom,seed-2,BAL,32,BAL-F1,PD_MECH_CONSIDERED,0.6803235361130098,-1,-1,-1,-1,-1,-1,-1,-1,false
global-demand-boom,seed-2,BAL,32,BAL-F1,PD_MECH_PAYBACK_UNATTRACTIVE,-1,4478.91,149.2969999999999,149296.9999999999,2500000,16.745145582295702,1,1,12,false
global-demand-boom,seed-2,BAL,32,BAL-NEWF-BAL-CAPEX-10,PD_MECH_CONSIDERED,0.5822514619883041,-1,-1,-1,-1,-1,-1,-1,-1,false
global-demand-boom,seed-2,BAL,32,BAL-NEWF-BAL-CAPEX-10,PD_MECH_PAYBACK_UNATTRACTIVE,-1,3982.6000000000004,132.75333333333333,132753.33333333334,2500000,18.83191884698438,1,1,12,false
global-demand-boom,seed-2,BAL,32,,PD_MECH_DEFERRED,-1,-1,-1,-1,-1,-1,-1,-1,-1,false
global-demand-boom,seed-2,JPQ,32,,PD_MECH_DEFERRED,-1,-1,-1,-1,-1,-1,-1,-1,-1,false
global-demand-boom,seed-2,CONSV,32,,PD_MECH_DEFERRED,-1,-1,-1,-1,-1,-1,-1,-1,-1,false
global-demand-boom,seed-2,VAP,32,,PD_MECH_DEFERRED,-1,-1,-1,-1,-1,-1,-1,-1,-1,false
global-demand-boom,seed-3,MASS,1,MASS-F1,PD_MECH_CONSIDERED,0,-1,-1,-1,-1,-1,-1,-1,-1,false
global-demand-boom,seed-3,MASS,1,MASS-F1,PD_MECH_LOW_UTILIZATION,0,-1,-1,-1,-1,-1,-1,-1,-1,false
global-demand-boom,seed-3,MASS,1,,PD_MECH_DEFERRED,-1,-1,-1,-1,-1,-1,-1,-1,-1,false
global-demand-boom,seed-3,BAL,1,BAL-F1,PD_MECH_CONSIDERED,0,-1,-1,-1,-1,-1,-1,-1,-1,false
global-demand-boom,seed-3,BAL,1,BAL-F1,PD_MECH_LOW_UTILIZATION,0,-1,-1,-1,-1,-1,-1,-1,-1,false
global-demand-boom,seed-3,BAL,1,,PD_MECH_DEFERRED,-1,-1,-1,-1,-1,-1,-1,-1,-1,false
global-demand-boom,seed-3,JPQ,1,JPQ-F1,PD_MECH_CONSIDERED,0,-1,-1,-1,-1,-1,-1,-1,-1,false
global-demand-boom,seed-3,JPQ,1,JPQ-F1,PD_MECH_LOW_UTILIZATION,0,-1,-1,-1,-1,-1,-1,-1,-1,false
global-demand-boom,seed-3,JPQ,1,,PD_MECH_DEFERRED,-1,-1,-1,-1,-1,-1,-1,-1,-1,false
global-demand-boom,seed-3,CONSV,1,CONSV-F1,PD_MECH_CONSIDERED,0,-1,-1,-1,-1,-1,-1,-1,-1,false
global-demand-boom,seed-3,CONSV,1,CONSV-F1,PD_MECH_LOW_UTILIZATION,0,-1,-1,-1,-1,-1,-1,-1,-1,false
global-demand-boom,seed-3,CONSV,1,,PD_MECH_DEFERRED,-1,-1,-1,-1,-1,-1,-1,-1,-1,false
global-demand-boom,seed-3,VAP,1,VAP-F1,PD_MECH_CONSIDERED,0,-1,-1,-1,-1,-1,-1,-1,-1,false
global-demand-boom,seed-3,VAP,1,VAP-F1,PD_MECH_LOW_UTILIZATION,0,-1,-1,-1,-1,-1,-1,-1,-1,false
global-demand-boom,seed-3,VAP,1,,PD_MECH_DEFERRED,-1,-1,-1,-1,-1,-1,-1,-1,-1,false
global-demand-boom,seed-3,MASS,2,MASS-F1,PD_MECH_CONSIDERED,0.7883040935672515,-1,-1,-1,-1,-1,-1,-1,-1,false
global-demand-boom,seed-3,MASS,2,MASS-F1,PD_MECH_PAYBACK_UNATTRACTIVE,-1,4044.0000000000005,134.79999999999995,134799.99999999994,2500000,18.545994065281906,0.7916666666666666,1,9.5,false
global-demand-boom,seed-3,MASS,2,,PD_MECH_DEFERRED,-1,-1,-1,-1,-1,-1,-1,-1,-1,false
global-demand-boom,seed-3,BAL,2,BAL-F1,PD_MECH_CONSIDERED,0.9271929824561403,-1,-1,-1,-1,-1,-1,-1,-1,false
global-demand-boom,seed-3,BAL,2,BAL-F1,PD_MECH_PAYBACK_UNATTRACTIVE,-1,5549.25,184.9749999999999,184974.9999999999,2500000,13.515339910798764,1,1,12,false
global-demand-boom,seed-3,BAL,2,,PD_MECH_DEFERRED,-1,-1,-1,-1,-1,-1,-1,-1,-1,false
global-demand-boom,seed-3,JPQ,2,JPQ-F1,PD_MECH_CONSIDERED,1,-1,-1,-1,-1,-1,-1,-1,-1,false
global-demand-boom,seed-3,JPQ,2,,PD_MECH_FINANCE_BLOCKED,-1,-1,-1,-1,2500000,-1,-1,-1,-1,false
global-demand-boom,seed-3,CONSV,2,CONSV-F1,PD_MECH_CONSIDERED,1,-1,-1,-1,-1,-1,-1,-1,-1,false
global-demand-boom,seed-3,CONSV,2,,PD_MECH_FINANCE_BLOCKED,-1,-1,-1,-1,2500000,-1,-1,-1,-1,false
global-demand-boom,seed-3,VAP,2,VAP-F1,PD_MECH_CONSIDERED,1,-1,-1,-1,-1,-1,-1,-1,-1,false
global-demand-boom,seed-3,VAP,2,,PD_MECH_FINANCE_BLOCKED,-1,-1,-1,-1,2500000,-1,-1,-1,-1,false
global-demand-boom,seed-3,MASS,3,MASS-F1,PD_MECH_CONSIDERED,0.6222183235867447,-1,-1,-1,-1,-1,-1,-1,-1,false
global-demand-boom,seed-3,MASS,3,MASS-F1,PD_MECH_PAYBACK_UNATTRACTIVE,-1,3191.98,106.39933333333329,106399.33333333328,2500000,23.496387821978846,0.7916666666666666,1,9.5,false
global-demand-boom,seed-3,MASS,3,,PD_MECH_DEFERRED,-1,-1,-1,-1,-1,-1,-1,-1,-1,false
global-demand-boom,seed-3,BAL,3,BAL-F1,PD_MECH_CONSIDERED,1,-1,-1,-1,-1,-1,-1,-1,-1,false
global-demand-boom,seed-3,BAL,3,BAL-F1,PD_MECH_PAYBACK_UNATTRACTIVE,-1,5985,199.5,199500,2500000,12.531328320802006,1,1,12,false
global-demand-boom,seed-3,BAL,3,,PD_MECH_DEFERRED,-1,-1,-1,-1,-1,-1,-1,-1,-1,false
global-demand-boom,seed-3,JPQ,3,JPQ-F1,PD_MECH_CONSIDERED,0.8874108187134503,-1,-1,-1,-1,-1,-1,-1,-1,false
global-demand-boom,seed-3,JPQ,3,JPQ-F1,PD_MECH_PROPOSED,-1,6069.89,202.32966666666664,202329.66666666663,2500000,12.356072350569782,1.1176470588235294,1,13.411764705882353,true
global-demand-boom,seed-3,CONSV,3,CONSV-F1,PD_MECH_CONSIDERED,0.8540601503759399,-1,-1,-1,-1,-1,-1,-1,-1,false
global-demand-boom,seed-3,CONSV,3,CONSV-F1,PD_MECH_PAYBACK_UNATTRACTIVE,-1,5111.55,170.385,170385,2500000,14.672653109135194,1.2105263157894737,1.05,13.834586466165414,false
global-demand-boom,seed-3,CONSV,3,,PD_MECH_DEFERRED,-1,-1,-1,-1,-1,-1,-1,-1,-1,false
global-demand-boom,seed-3,VAP,3,VAP-F1,PD_MECH_CONSIDERED,0.9596881091617934,-1,-1,-1,-1,-1,-1,-1,-1,false
global-demand-boom,seed-3,VAP,3,,PD_MECH_FINANCE_BLOCKED,-1,-1,-1,-1,2500000,-1,-1,-1,-1,false
global-demand-boom,seed-3,MASS,4,MASS-F1,PD_MECH_CONSIDERED,1,-1,-1,-1,-1,-1,-1,-1,-1,false
global-demand-boom,seed-3,MASS,4,MASS-F1,PD_MECH_PAYBACK_UNATTRACTIVE,-1,5130,171,171000,2500000,14.619883040935672,0.7916666666666666,1,9.5,false
global-demand-boom,seed-3,MASS,4,,PD_MECH_DEFERRED,-1,-1,-1,-1,-1,-1,-1,-1,-1,false
global-demand-boom,seed-3,BAL,4,BAL-F1,PD_MECH_CONSIDERED,1,-1,-1,-1,-1,-1,-1,-1,-1,false
global-demand-boom,seed-3,BAL,4,BAL-F1,PD_MECH_PAYBACK_UNATTRACTIVE,-1,5985,199.5,199500,2500000,12.531328320802006,1,1,12,false
global-demand-boom,seed-3,BAL,4,,PD_MECH_DEFERRED,-1,-1,-1,-1,-1,-1,-1,-1,-1,false
global-demand-boom,seed-3,JPQ,4,,PD_MECH_DEFERRED,-1,-1,-1,-1,-1,-1,-1,-1,-1,false
global-demand-boom,seed-3,CONSV,4,CONSV-F1,PD_MECH_CONSIDERED,0.9301487050960735,-1,-1,-1,-1,-1,-1,-1,-1,false
global-demand-boom,seed-3,CONSV,4,CONSV-F1,PD_MECH_PROPOSED,-1,5566.94,185.56466666666665,185564.66666666666,2500000,13.472392373548125,1.2105263157894737,1.05,13.834586466165414,true
global-demand-boom,seed-3,VAP,4,VAP-F1,PD_MECH_CONSIDERED,0.9008440545808967,-1,-1,-1,-1,-1,-1,-1,-1,false
global-demand-boom,seed-3,VAP,4,,PD_MECH_FINANCE_BLOCKED,-1,-1,-1,-1,2500000,-1,-1,-1,-1,false
global-demand-boom,seed-3,MASS,5,MASS-F1,PD_MECH_CONSIDERED,0.5498362573099415,-1,-1,-1,-1,-1,-1,-1,-1,false
global-demand-boom,seed-3,MASS,5,MASS-F1,PD_MECH_PAYBACK_UNATTRACTIVE,-1,2820.66,94.02199999999999,94021.99999999999,2500000,26.589521601327352,0.7916666666666666,1,9.5,false
global-demand-boom,seed-3,MASS,5,,PD_MECH_DEFERRED,-1,-1,-1,-1,-1,-1,-1,-1,-1,false
global-demand-boom,seed-3,BAL,5,BAL-F1,PD_MECH_CONSIDERED,1,-1,-1,-1,-1,-1,-1,-1,-1,false
global-demand-boom,seed-3,BAL,5,BAL-F1,PD_MECH_PAYBACK_UNATTRACTIVE,-1,5985,199.5,199500,2500000,12.531328320802006,1,1,12,false
global-demand-boom,seed-3,BAL,5,,PD_MECH_DEFERRED,-1,-1,-1,-1,-1,-1,-1,-1,-1,false
global-demand-boom,seed-3,JPQ,5,,PD_MECH_DEFERRED,-1,-1,-1,-1,-1,-1,-1,-1,-1,false
global-demand-boom,seed-3,CONSV,5,,PD_MECH_DEFERRED,-1,-1,-1,-1,-1,-1,-1,-1,-1,false
global-demand-boom,seed-3,VAP,5,VAP-F1,PD_MECH_CONSIDERED,1,-1,-1,-1,-1,-1,-1,-1,-1,false
global-demand-boom,seed-3,VAP,5,,PD_MECH_FINANCE_BLOCKED,-1,-1,-1,-1,2500000,-1,-1,-1,-1,false
global-demand-boom,seed-3,MASS,6,MASS-F1,PD_MECH_CONSIDERED,0.9913606237816764,-1,-1,-1,-1,-1,-1,-1,-1,false
global-demand-boom,seed-3,MASS,6,MASS-F1,PD_MECH_PAYBACK_UNATTRACTIVE,-1,5085.68,169.52266666666674,169522.66666666674,2500000,14.74729043117144,0.7916666666666666,1,9.5,false
global-demand-boom,seed-3,MASS,6,,PD_MECH_DEFERRED,-1,-1,-1,-1,-1,-1,-1,-1,-1,false
global-demand-boom,seed-3,BAL,6,BAL-F1,PD_MECH_CONSIDERED,1,-1,-1,-1,-1,-1,-1,-1,-1,false
global-demand-boom,seed-3,BAL,6,,PD_MECH_FINANCE_BLOCKED,-1,-1,-1,-1,2500000,-1,-1,-1,-1,false
global-demand-boom,seed-3,JPQ,6,,PD_MECH_DEFERRED,-1,-1,-1,-1,-1,-1,-1,-1,-1,false
global-demand-boom,seed-3,CONSV,6,,PD_MECH_DEFERRED,-1,-1,-1,-1,-1,-1,-1,-1,-1,false
global-demand-boom,seed-3,VAP,6,VAP-F1,PD_MECH_CONSIDERED,1,-1,-1,-1,-1,-1,-1,-1,-1,false
global-demand-boom,seed-3,VAP,6,,PD_MECH_FINANCE_BLOCKED,-1,-1,-1,-1,2500000,-1,-1,-1,-1,false
global-demand-boom,seed-3,MASS,7,MASS-F1,PD_MECH_CONSIDERED,0.5660779727095516,-1,-1,-1,-1,-1,-1,-1,-1,false
global-demand-boom,seed-3,MASS,7,MASS-F1,PD_MECH_PAYBACK_UNATTRACTIVE,-1,2903.98,96.79933333333338,96799.33333333337,2500000,25.826624150304056,0.7916666666666666,1,9.5,false
global-demand-boom,seed-3,MASS,7,,PD_MECH_DEFERRED,-1,-1,-1,-1,-1,-1,-1,-1,-1,false
global-demand-boom,seed-3,BAL,7,BAL-F1,PD_MECH_CONSIDERED,1,-1,-1,-1,-1,-1,-1,-1,-1,false
global-demand-boom,seed-3,BAL,7,,PD_MECH_FINANCE_BLOCKED,-1,-1,-1,-1,2500000,-1,-1,-1,-1,false
global-demand-boom,seed-3,JPQ,7,,PD_MECH_DEFERRED,-1,-1,-1,-1,-1,-1,-1,-1,-1,false
global-demand-boom,seed-3,CONSV,7,,PD_MECH_DEFERRED,-1,-1,-1,-1,-1,-1,-1,-1,-1,false
global-demand-boom,seed-3,VAP,7,VAP-F1,PD_MECH_CONSIDERED,1,-1,-1,-1,-1,-1,-1,-1,-1,false
global-demand-boom,seed-3,VAP,7,,PD_MECH_FINANCE_BLOCKED,-1,-1,-1,-1,2500000,-1,-1,-1,-1,false
global-demand-boom,seed-3,MASS,8,MASS-F1,PD_MECH_CONSIDERED,0.9016803118908382,-1,-1,-1,-1,-1,-1,-1,-1,false
global-demand-boom,seed-3,MASS,8,MASS-F1,PD_MECH_PAYBACK_UNATTRACTIVE,-1,4625.62,154.1873333333334,154187.3333333334,2500000,16.21404265806529,0.7916666666666666,1,9.5,false
global-demand-boom,seed-3,MASS,8,,PD_MECH_DEFERRED,-1,-1,-1,-1,-1,-1,-1,-1,-1,false
global-demand-boom,seed-3,BAL,8,BAL-F1,PD_MECH_CONSIDERED,0.9617265385686438,-1,-1,-1,-1,-1,-1,-1,-1,false
global-demand-boom,seed-3,BAL,8,BAL-F1,PD_MECH_PAYBACK_UNATTRACTIVE,-1,6043.73,201.45766666666657,201457.66666666657,2500000,12.409555026448905,1,1,12,false
global-demand-boom,seed-3,BAL,8,,PD_MECH_DEFERRED,-1,-1,-1,-1,-1,-1,-1,-1,-1,false
global-demand-boom,seed-3,JPQ,8,,PD_MECH_DEFERRED,-1,-1,-1,-1,-1,-1,-1,-1,-1,false
global-demand-boom,seed-3,CONSV,8,,PD_MECH_DEFERRED,-1,-1,-1,-1,-1,-1,-1,-1,-1,false
global-demand-boom,seed-3,VAP,8,VAP-F1,PD_MECH_CONSIDERED,1,-1,-1,-1,-1,-1,-1,-1,-1,false
global-demand-boom,seed-3,VAP,8,VAP-F1,PD_MECH_PROPOSED,-1,5130,171,171000,2500000,14.619883040935672,1.411764705882353,1,16.941176470588236,true
global-demand-boom,seed-3,MASS,9,MASS-F1,PD_MECH_CONSIDERED,0.6939083820662768,-1,-1,-1,-1,-1,-1,-1,-1,false
global-demand-boom,seed-3,MASS,9,MASS-F1,PD_MECH_PAYBACK_UNATTRACTIVE,-1,3559.75,118.65833333333342,118658.33333333342,2500000,21.068895287590404,0.7916666666666666,1,9.5,false
global-demand-boom,seed-3,MASS,9,,PD_MECH_DEFERRED,-1,-1,-1,-1,-1,-1,-1,-1,-1,false
global-demand-boom,seed-3,BAL,9,BAL-F1,PD_MECH_CONSIDERED,0.994933365158929,-1,-1,-1,-1,-1,-1,-1,-1,false
global-demand-boom,seed-3,BAL,9,BAL-F1,PD_MECH_PROPOSED,-1,6252.41,208.4136666666666,208413.6666666666,2500000,11.995374583560583,1,1,12,true
global-demand-boom,seed-3,JPQ,9,,PD_MECH_DEFERRED,-1,-1,-1,-1,-1,-1,-1,-1,-1,false
global-demand-boom,seed-3,CONSV,9,,PD_MECH_DEFERRED,-1,-1,-1,-1,-1,-1,-1,-1,-1,false
global-demand-boom,seed-3,VAP,9,,PD_MECH_DEFERRED,-1,-1,-1,-1,-1,-1,-1,-1,-1,false
global-demand-boom,seed-3,MASS,10,MASS-F1,PD_MECH_CONSIDERED,1,-1,-1,-1,-1,-1,-1,-1,-1,false
global-demand-boom,seed-3,MASS,10,MASS-F1,PD_MECH_PAYBACK_UNATTRACTIVE,-1,5130,171,171000,2500000,14.619883040935672,0.7916666666666666,1,9.5,false
global-demand-boom,seed-3,MASS,10,,PD_MECH_DEFERRED,-1,-1,-1,-1,-1,-1,-1,-1,-1,false
global-demand-boom,seed-3,BAL,10,,PD_MECH_DEFERRED,-1,-1,-1,-1,-1,-1,-1,-1,-1,false
global-demand-boom,seed-3,JPQ,10,,PD_MECH_DEFERRED,-1,-1,-1,-1,-1,-1,-1,-1,-1,false
global-demand-boom,seed-3,CONSV,10,,PD_MECH_DEFERRED,-1,-1,-1,-1,-1,-1,-1,-1,-1,false
global-demand-boom,seed-3,VAP,10,,PD_MECH_DEFERRED,-1,-1,-1,-1,-1,-1,-1,-1,-1,false
global-demand-boom,seed-3,MASS,11,MASS-F1,PD_MECH_CONSIDERED,0.6637777777777778,-1,-1,-1,-1,-1,-1,-1,-1,false
global-demand-boom,seed-3,MASS,11,MASS-F1,PD_MECH_PAYBACK_UNATTRACTIVE,-1,3405.1800000000003,113.50599999999997,113505.99999999997,2500000,22.02526738674608,0.7916666666666666,1,9.5,false
global-demand-boom,seed-3,MASS,11,,PD_MECH_DEFERRED,-1,-1,-1,-1,-1,-1,-1,-1,-1,false
global-demand-boom,seed-3,BAL,11,,PD_MECH_DEFERRED,-1,-1,-1,-1,-1,-1,-1,-1,-1,false
global-demand-boom,seed-3,JPQ,11,,PD_MECH_DEFERRED,-1,-1,-1,-1,-1,-1,-1,-1,-1,false
global-demand-boom,seed-3,CONSV,11,,PD_MECH_DEFERRED,-1,-1,-1,-1,-1,-1,-1,-1,-1,false
global-demand-boom,seed-3,VAP,11,,PD_MECH_DEFERRED,-1,-1,-1,-1,-1,-1,-1,-1,-1,false
global-demand-boom,seed-3,MASS,12,MASS-F1,PD_MECH_CONSIDERED,1,-1,-1,-1,-1,-1,-1,-1,-1,false
global-demand-boom,seed-3,MASS,12,MASS-F1,PD_MECH_PAYBACK_UNATTRACTIVE,-1,5130,171,171000,2500000,14.619883040935672,0.7916666666666666,1,9.5,false
global-demand-boom,seed-3,MASS,12,,PD_MECH_DEFERRED,-1,-1,-1,-1,-1,-1,-1,-1,-1,false
global-demand-boom,seed-3,BAL,12,,PD_MECH_DEFERRED,-1,-1,-1,-1,-1,-1,-1,-1,-1,false
global-demand-boom,seed-3,JPQ,12,,PD_MECH_DEFERRED,-1,-1,-1,-1,-1,-1,-1,-1,-1,false
global-demand-boom,seed-3,CONSV,12,,PD_MECH_DEFERRED,-1,-1,-1,-1,-1,-1,-1,-1,-1,false
global-demand-boom,seed-3,VAP,12,,PD_MECH_DEFERRED,-1,-1,-1,-1,-1,-1,-1,-1,-1,false
global-demand-boom,seed-3,MASS,13,MASS-F1,PD_MECH_CONSIDERED,1,-1,-1,-1,-1,-1,-1,-1,-1,false
global-demand-boom,seed-3,MASS,13,MASS-F1,PD_MECH_PAYBACK_UNATTRACTIVE,-1,5130,171,171000,2500000,14.619883040935672,0.7916666666666666,1,9.5,false
global-demand-boom,seed-3,MASS,13,,PD_MECH_DEFERRED,-1,-1,-1,-1,-1,-1,-1,-1,-1,false
global-demand-boom,seed-3,BAL,13,,PD_MECH_DEFERRED,-1,-1,-1,-1,-1,-1,-1,-1,-1,false
global-demand-boom,seed-3,JPQ,13,,PD_MECH_DEFERRED,-1,-1,-1,-1,-1,-1,-1,-1,-1,false
global-demand-boom,seed-3,CONSV,13,,PD_MECH_DEFERRED,-1,-1,-1,-1,-1,-1,-1,-1,-1,false
global-demand-boom,seed-3,VAP,13,,PD_MECH_DEFERRED,-1,-1,-1,-1,-1,-1,-1,-1,-1,false
global-demand-boom,seed-3,MASS,14,MASS-F1,PD_MECH_CONSIDERED,1,-1,-1,-1,-1,-1,-1,-1,-1,false
global-demand-boom,seed-3,MASS,14,MASS-F1,PD_MECH_PAYBACK_UNATTRACTIVE,-1,5130,171,171000,2500000,14.619883040935672,0.7916666666666666,1,9.5,false
global-demand-boom,seed-3,MASS,14,,PD_MECH_DEFERRED,-1,-1,-1,-1,-1,-1,-1,-1,-1,false
global-demand-boom,seed-3,BAL,14,,PD_MECH_DEFERRED,-1,-1,-1,-1,-1,-1,-1,-1,-1,false
global-demand-boom,seed-3,JPQ,14,,PD_MECH_DEFERRED,-1,-1,-1,-1,-1,-1,-1,-1,-1,false
global-demand-boom,seed-3,CONSV,14,,PD_MECH_DEFERRED,-1,-1,-1,-1,-1,-1,-1,-1,-1,false
global-demand-boom,seed-3,VAP,14,,PD_MECH_DEFERRED,-1,-1,-1,-1,-1,-1,-1,-1,-1,false
global-demand-boom,seed-3,MASS,15,MASS-F1,PD_MECH_CONSIDERED,1,-1,-1,-1,-1,-1,-1,-1,-1,false
global-demand-boom,seed-3,MASS,15,MASS-F1,PD_MECH_PAYBACK_UNATTRACTIVE,-1,5130,171,171000,2500000,14.619883040935672,0.7916666666666666,1,9.5,false
global-demand-boom,seed-3,MASS,15,,PD_MECH_DEFERRED,-1,-1,-1,-1,-1,-1,-1,-1,-1,false
global-demand-boom,seed-3,BAL,15,,PD_MECH_DEFERRED,-1,-1,-1,-1,-1,-1,-1,-1,-1,false
global-demand-boom,seed-3,JPQ,15,,PD_MECH_DEFERRED,-1,-1,-1,-1,-1,-1,-1,-1,-1,false
global-demand-boom,seed-3,CONSV,15,,PD_MECH_DEFERRED,-1,-1,-1,-1,-1,-1,-1,-1,-1,false
global-demand-boom,seed-3,VAP,15,,PD_MECH_DEFERRED,-1,-1,-1,-1,-1,-1,-1,-1,-1,false
global-demand-boom,seed-3,MASS,16,MASS-F1,PD_MECH_CONSIDERED,1,-1,-1,-1,-1,-1,-1,-1,-1,false
global-demand-boom,seed-3,MASS,16,MASS-F1,PD_MECH_PAYBACK_UNATTRACTIVE,-1,5130,171,171000,2500000,14.619883040935672,0.7916666666666666,1,9.5,false
global-demand-boom,seed-3,MASS,16,,PD_MECH_DEFERRED,-1,-1,-1,-1,-1,-1,-1,-1,-1,false
global-demand-boom,seed-3,BAL,16,,PD_MECH_DEFERRED,-1,-1,-1,-1,-1,-1,-1,-1,-1,false
global-demand-boom,seed-3,JPQ,16,,PD_MECH_DEFERRED,-1,-1,-1,-1,-1,-1,-1,-1,-1,false
global-demand-boom,seed-3,CONSV,16,,PD_MECH_DEFERRED,-1,-1,-1,-1,-1,-1,-1,-1,-1,false
global-demand-boom,seed-3,VAP,16,,PD_MECH_DEFERRED,-1,-1,-1,-1,-1,-1,-1,-1,-1,false
global-demand-boom,seed-3,MASS,17,MASS-F1,PD_MECH_CONSIDERED,1,-1,-1,-1,-1,-1,-1,-1,-1,false
global-demand-boom,seed-3,MASS,17,MASS-F1,PD_MECH_PAYBACK_UNATTRACTIVE,-1,5130,171,171000,2500000,14.619883040935672,0.7916666666666666,1,9.5,false
global-demand-boom,seed-3,MASS,17,,PD_MECH_DEFERRED,-1,-1,-1,-1,-1,-1,-1,-1,-1,false
global-demand-boom,seed-3,BAL,17,,PD_MECH_DEFERRED,-1,-1,-1,-1,-1,-1,-1,-1,-1,false
global-demand-boom,seed-3,JPQ,17,,PD_MECH_DEFERRED,-1,-1,-1,-1,-1,-1,-1,-1,-1,false
global-demand-boom,seed-3,CONSV,17,,PD_MECH_DEFERRED,-1,-1,-1,-1,-1,-1,-1,-1,-1,false
global-demand-boom,seed-3,VAP,17,,PD_MECH_DEFERRED,-1,-1,-1,-1,-1,-1,-1,-1,-1,false
global-demand-boom,seed-3,MASS,18,MASS-F1,PD_MECH_CONSIDERED,1,-1,-1,-1,-1,-1,-1,-1,-1,false
global-demand-boom,seed-3,MASS,18,MASS-F1,PD_MECH_PAYBACK_UNATTRACTIVE,-1,5429.25,180.9749999999999,180974.9999999999,2500000,13.814062715844736,0.7916666666666666,1,9.5,false
global-demand-boom,seed-3,MASS,18,,PD_MECH_DEFERRED,-1,-1,-1,-1,-1,-1,-1,-1,-1,false
global-demand-boom,seed-3,BAL,18,,PD_MECH_DEFERRED,-1,-1,-1,-1,-1,-1,-1,-1,-1,false
global-demand-boom,seed-3,JPQ,18,,PD_MECH_DEFERRED,-1,-1,-1,-1,-1,-1,-1,-1,-1,false
global-demand-boom,seed-3,CONSV,18,,PD_MECH_DEFERRED,-1,-1,-1,-1,-1,-1,-1,-1,-1,false
global-demand-boom,seed-3,VAP,18,,PD_MECH_DEFERRED,-1,-1,-1,-1,-1,-1,-1,-1,-1,false
global-demand-boom,seed-3,MASS,19,MASS-F1,PD_MECH_CONSIDERED,1,-1,-1,-1,-1,-1,-1,-1,-1,false
global-demand-boom,seed-3,MASS,19,MASS-F1,PD_MECH_PAYBACK_UNATTRACTIVE,-1,5429.25,180.9749999999999,180974.9999999999,2500000,13.814062715844736,0.7916666666666666,1,9.5,false
global-demand-boom,seed-3,MASS,19,,PD_MECH_DEFERRED,-1,-1,-1,-1,-1,-1,-1,-1,-1,false
global-demand-boom,seed-3,BAL,19,,PD_MECH_DEFERRED,-1,-1,-1,-1,-1,-1,-1,-1,-1,false
global-demand-boom,seed-3,JPQ,19,,PD_MECH_DEFERRED,-1,-1,-1,-1,-1,-1,-1,-1,-1,false
global-demand-boom,seed-3,CONSV,19,,PD_MECH_DEFERRED,-1,-1,-1,-1,-1,-1,-1,-1,-1,false
global-demand-boom,seed-3,VAP,19,,PD_MECH_DEFERRED,-1,-1,-1,-1,-1,-1,-1,-1,-1,false
global-demand-boom,seed-3,MASS,20,MASS-F1,PD_MECH_CONSIDERED,1,-1,-1,-1,-1,-1,-1,-1,-1,false
global-demand-boom,seed-3,MASS,20,MASS-F1,PD_MECH_PAYBACK_UNATTRACTIVE,-1,5429.25,180.9749999999999,180974.9999999999,2500000,13.814062715844736,0.7916666666666666,1,9.5,false
global-demand-boom,seed-3,MASS,20,,PD_MECH_DEFERRED,-1,-1,-1,-1,-1,-1,-1,-1,-1,false
global-demand-boom,seed-3,BAL,20,,PD_MECH_DEFERRED,-1,-1,-1,-1,-1,-1,-1,-1,-1,false
global-demand-boom,seed-3,JPQ,20,,PD_MECH_DEFERRED,-1,-1,-1,-1,-1,-1,-1,-1,-1,false
global-demand-boom,seed-3,CONSV,20,,PD_MECH_DEFERRED,-1,-1,-1,-1,-1,-1,-1,-1,-1,false
global-demand-boom,seed-3,VAP,20,,PD_MECH_DEFERRED,-1,-1,-1,-1,-1,-1,-1,-1,-1,false
global-demand-boom,seed-3,MASS,21,MASS-F1,PD_MECH_CONSIDERED,1,-1,-1,-1,-1,-1,-1,-1,-1,false
global-demand-boom,seed-3,MASS,21,MASS-F1,PD_MECH_PAYBACK_UNATTRACTIVE,-1,5429.25,180.9749999999999,180974.9999999999,2500000,13.814062715844736,0.7916666666666666,1,9.5,false
global-demand-boom,seed-3,MASS,21,,PD_MECH_DEFERRED,-1,-1,-1,-1,-1,-1,-1,-1,-1,false
global-demand-boom,seed-3,BAL,21,,PD_MECH_DEFERRED,-1,-1,-1,-1,-1,-1,-1,-1,-1,false
global-demand-boom,seed-3,JPQ,21,,PD_MECH_DEFERRED,-1,-1,-1,-1,-1,-1,-1,-1,-1,false
global-demand-boom,seed-3,CONSV,21,,PD_MECH_DEFERRED,-1,-1,-1,-1,-1,-1,-1,-1,-1,false
global-demand-boom,seed-3,VAP,21,,PD_MECH_DEFERRED,-1,-1,-1,-1,-1,-1,-1,-1,-1,false
global-demand-boom,seed-3,MASS,22,MASS-F1,PD_MECH_CONSIDERED,1,-1,-1,-1,-1,-1,-1,-1,-1,false
global-demand-boom,seed-3,MASS,22,MASS-F1,PD_MECH_PAYBACK_UNATTRACTIVE,-1,5429.25,180.9749999999999,180974.9999999999,2500000,13.814062715844736,0.7916666666666666,1,9.5,false
global-demand-boom,seed-3,MASS,22,,PD_MECH_DEFERRED,-1,-1,-1,-1,-1,-1,-1,-1,-1,false
global-demand-boom,seed-3,BAL,22,,PD_MECH_DEFERRED,-1,-1,-1,-1,-1,-1,-1,-1,-1,false
global-demand-boom,seed-3,JPQ,22,,PD_MECH_DEFERRED,-1,-1,-1,-1,-1,-1,-1,-1,-1,false
global-demand-boom,seed-3,CONSV,22,,PD_MECH_DEFERRED,-1,-1,-1,-1,-1,-1,-1,-1,-1,false
global-demand-boom,seed-3,VAP,22,,PD_MECH_DEFERRED,-1,-1,-1,-1,-1,-1,-1,-1,-1,false
global-demand-boom,seed-3,MASS,23,MASS-F1,PD_MECH_CONSIDERED,1,-1,-1,-1,-1,-1,-1,-1,-1,false
global-demand-boom,seed-3,MASS,23,MASS-F1,PD_MECH_PAYBACK_UNATTRACTIVE,-1,5728.5,190.95000000000005,190950.00000000006,2500000,13.092432573972241,0.7916666666666666,1,9.5,false
global-demand-boom,seed-3,MASS,23,MASS-NEWF-MASS-CAPEX-5,PD_MECH_CONSIDERED,0,-1,-1,-1,-1,-1,-1,-1,-1,false
global-demand-boom,seed-3,MASS,23,MASS-NEWF-MASS-CAPEX-5,PD_MECH_LOW_UTILIZATION,0,-1,-1,-1,-1,-1,-1,-1,-1,false
global-demand-boom,seed-3,MASS,23,,PD_MECH_DEFERRED,-1,-1,-1,-1,-1,-1,-1,-1,-1,false
global-demand-boom,seed-3,BAL,23,,PD_MECH_DEFERRED,-1,-1,-1,-1,-1,-1,-1,-1,-1,false
global-demand-boom,seed-3,JPQ,23,,PD_MECH_DEFERRED,-1,-1,-1,-1,-1,-1,-1,-1,-1,false
global-demand-boom,seed-3,CONSV,23,,PD_MECH_DEFERRED,-1,-1,-1,-1,-1,-1,-1,-1,-1,false
global-demand-boom,seed-3,VAP,23,,PD_MECH_DEFERRED,-1,-1,-1,-1,-1,-1,-1,-1,-1,false
global-demand-boom,seed-3,MASS,24,MASS-F1,PD_MECH_CONSIDERED,0.9926385615780745,-1,-1,-1,-1,-1,-1,-1,-1,false
global-demand-boom,seed-3,MASS,24,MASS-F1,PD_MECH_PAYBACK_UNATTRACTIVE,-1,5686.33,189.54433333333338,189544.33333333337,2500000,13.189526460827983,0.7916666666666666,1,9.5,false
global-demand-boom,seed-3,MASS,24,MASS-NEWF-MASS-CAPEX-5,PD_MECH_CONSIDERED,0.9926374269005849,-1,-1,-1,-1,-1,-1,-1,-1,false
global-demand-boom,seed-3,MASS,24,MASS-NEWF-MASS-CAPEX-5,PD_MECH_PAYBACK_UNATTRACTIVE,-1,5092.2300000000005,169.7410000000001,169741.0000000001,2500000,14.728321383755244,0.7916666666666666,1,9.5,false
global-demand-boom,seed-3,MASS,24,,PD_MECH_DEFERRED,-1,-1,-1,-1,-1,-1,-1,-1,-1,false
global-demand-boom,seed-3,BAL,24,,PD_MECH_DEFERRED,-1,-1,-1,-1,-1,-1,-1,-1,-1,false
global-demand-boom,seed-3,JPQ,24,,PD_MECH_DEFERRED,-1,-1,-1,-1,-1,-1,-1,-1,-1,false
global-demand-boom,seed-3,CONSV,24,,PD_MECH_DEFERRED,-1,-1,-1,-1,-1,-1,-1,-1,-1,false
global-demand-boom,seed-3,VAP,24,,PD_MECH_DEFERRED,-1,-1,-1,-1,-1,-1,-1,-1,-1,false
global-demand-boom,seed-3,MASS,25,MASS-F1,PD_MECH_CONSIDERED,0.7154700183294056,-1,-1,-1,-1,-1,-1,-1,-1,false
global-demand-boom,seed-3,MASS,25,MASS-F1,PD_MECH_PAYBACK_UNATTRACTIVE,-1,4098.57,136.61900000000003,136619.00000000003,2500000,18.299065283745303,0.7916666666666666,1,9.5,false
global-demand-boom,seed-3,MASS,25,MASS-NEWF-MASS-CAPEX-5,PD_MECH_CONSIDERED,0,-1,-1,-1,-1,-1,-1,-1,-1,false
global-demand-boom,seed-3,MASS,25,MASS-NEWF-MASS-CAPEX-5,PD_MECH_LOW_UTILIZATION,0,-1,-1,-1,-1,-1,-1,-1,-1,false
global-demand-boom,seed-3,MASS,25,,PD_MECH_DEFERRED,-1,-1,-1,-1,-1,-1,-1,-1,-1,false
global-demand-boom,seed-3,BAL,25,,PD_MECH_DEFERRED,-1,-1,-1,-1,-1,-1,-1,-1,-1,false
global-demand-boom,seed-3,JPQ,25,,PD_MECH_DEFERRED,-1,-1,-1,-1,-1,-1,-1,-1,-1,false
global-demand-boom,seed-3,CONSV,25,,PD_MECH_DEFERRED,-1,-1,-1,-1,-1,-1,-1,-1,-1,false
global-demand-boom,seed-3,VAP,25,,PD_MECH_DEFERRED,-1,-1,-1,-1,-1,-1,-1,-1,-1,false
global-demand-boom,seed-3,MASS,26,MASS-F1,PD_MECH_CONSIDERED,0.7846102819237148,-1,-1,-1,-1,-1,-1,-1,-1,false
global-demand-boom,seed-3,MASS,26,MASS-F1,PD_MECH_PAYBACK_UNATTRACTIVE,-1,4494.64,149.82133333333343,149821.33333333343,2500000,16.68654219247814,0.7916666666666666,1,9.5,false
global-demand-boom,seed-3,MASS,26,MASS-NEWF-MASS-CAPEX-5,PD_MECH_CONSIDERED,0.784609649122807,-1,-1,-1,-1,-1,-1,-1,-1,false
global-demand-boom,seed-3,MASS,26,MASS-NEWF-MASS-CAPEX-5,PD_MECH_PAYBACK_UNATTRACTIVE,-1,5366.73,178.89100000000008,178891.0000000001,2500000,13.974990357256647,0.7916666666666666,1,9.5,false
global-demand-boom,seed-3,MASS,26,,PD_MECH_DEFERRED,-1,-1,-1,-1,-1,-1,-1,-1,-1,false
global-demand-boom,seed-3,BAL,26,,PD_MECH_DEFERRED,-1,-1,-1,-1,-1,-1,-1,-1,-1,false
global-demand-boom,seed-3,JPQ,26,,PD_MECH_DEFERRED,-1,-1,-1,-1,-1,-1,-1,-1,-1,false
global-demand-boom,seed-3,CONSV,26,,PD_MECH_DEFERRED,-1,-1,-1,-1,-1,-1,-1,-1,-1,false
global-demand-boom,seed-3,VAP,26,,PD_MECH_DEFERRED,-1,-1,-1,-1,-1,-1,-1,-1,-1,false
global-demand-boom,seed-3,MASS,27,MASS-F1,PD_MECH_CONSIDERED,0.7746094090948765,-1,-1,-1,-1,-1,-1,-1,-1,false
global-demand-boom,seed-3,MASS,27,MASS-F1,PD_MECH_PAYBACK_UNATTRACTIVE,-1,4437.35,147.91166666666663,147911.66666666663,2500000,16.901979785232182,0.7916666666666666,1,9.5,false
global-demand-boom,seed-3,MASS,27,MASS-NEWF-MASS-CAPEX-5,PD_MECH_CONSIDERED,0.3397222222222222,-1,-1,-1,-1,-1,-1,-1,-1,false
global-demand-boom,seed-3,MASS,27,MASS-NEWF-MASS-CAPEX-5,PD_MECH_LOW_UTILIZATION,0.3397222222222222,-1,-1,-1,-1,-1,-1,-1,-1,false
global-demand-boom,seed-3,MASS,27,MASS-NEWF-MASS-CAPEX-8,PD_MECH_CONSIDERED,0,-1,-1,-1,-1,-1,-1,-1,-1,false
global-demand-boom,seed-3,MASS,27,MASS-NEWF-MASS-CAPEX-8,PD_MECH_LOW_UTILIZATION,0,-1,-1,-1,-1,-1,-1,-1,-1,false
global-demand-boom,seed-3,MASS,27,,PD_MECH_DEFERRED,-1,-1,-1,-1,-1,-1,-1,-1,-1,false
global-demand-boom,seed-3,BAL,27,,PD_MECH_DEFERRED,-1,-1,-1,-1,-1,-1,-1,-1,-1,false
global-demand-boom,seed-3,JPQ,27,,PD_MECH_DEFERRED,-1,-1,-1,-1,-1,-1,-1,-1,-1,false
global-demand-boom,seed-3,CONSV,27,,PD_MECH_DEFERRED,-1,-1,-1,-1,-1,-1,-1,-1,-1,false
global-demand-boom,seed-3,VAP,27,,PD_MECH_DEFERRED,-1,-1,-1,-1,-1,-1,-1,-1,-1,false
global-demand-boom,seed-3,MASS,28,MASS-F1,PD_MECH_CONSIDERED,0.7306869162957144,-1,-1,-1,-1,-1,-1,-1,-1,false
global-demand-boom,seed-3,MASS,28,MASS-F1,PD_MECH_PAYBACK_UNATTRACTIVE,-1,4185.74,139.52466666666658,139524.66666666657,2500000,17.91797866088196,0.7916666666666666,1,9.5,false
global-demand-boom,seed-3,MASS,28,MASS-NEWF-MASS-CAPEX-5,PD_MECH_CONSIDERED,0.7306871345029239,-1,-1,-1,-1,-1,-1,-1,-1,false
global-demand-boom,seed-3,MASS,28,MASS-NEWF-MASS-CAPEX-5,PD_MECH_PAYBACK_UNATTRACTIVE,-1,4997.9,166.5966666666667,166596.6666666667,2500000,15.006302647111784,0.7916666666666666,1,9.5,false
global-demand-boom,seed-3,MASS,28,MASS-NEWF-MASS-CAPEX-8,PD_MECH_CONSIDERED,0.7306871345029239,-1,-1,-1,-1,-1,-1,-1,-1,false
global-demand-boom,seed-3,MASS,28,MASS-NEWF-MASS-CAPEX-8,PD_MECH_PAYBACK_UNATTRACTIVE,-1,3748.4249999999997,124.94749999999999,124947.49999999999,2500000,20.008403529482386,0.7916666666666666,1,9.5,false
global-demand-boom,seed-3,MASS,28,,PD_MECH_DEFERRED,-1,-1,-1,-1,-1,-1,-1,-1,-1,false
global-demand-boom,seed-3,BAL,28,BAL-NEWF-BAL-CAPEX-11,PD_MECH_CONSIDERED,0,-1,-1,-1,-1,-1,-1,-1,-1,false
global-demand-boom,seed-3,BAL,28,BAL-NEWF-BAL-CAPEX-11,PD_MECH_LOW_UTILIZATION,0,-1,-1,-1,-1,-1,-1,-1,-1,false
global-demand-boom,seed-3,BAL,28,,PD_MECH_DEFERRED,-1,-1,-1,-1,-1,-1,-1,-1,-1,false
global-demand-boom,seed-3,JPQ,28,,PD_MECH_DEFERRED,-1,-1,-1,-1,-1,-1,-1,-1,-1,false
global-demand-boom,seed-3,CONSV,28,,PD_MECH_DEFERRED,-1,-1,-1,-1,-1,-1,-1,-1,-1,false
global-demand-boom,seed-3,VAP,28,,PD_MECH_DEFERRED,-1,-1,-1,-1,-1,-1,-1,-1,-1,false
global-demand-boom,seed-3,MASS,29,MASS-F1,PD_MECH_CONSIDERED,0.5804573623112508,-1,-1,-1,-1,-1,-1,-1,-1,false
global-demand-boom,seed-3,MASS,29,MASS-F1,PD_MECH_PAYBACK_UNATTRACTIVE,-1,3325.15,110.83833333333325,110838.33333333326,2500000,22.555373441799635,0.7916666666666666,1,9.5,false
global-demand-boom,seed-3,MASS,29,MASS-NEWF-MASS-CAPEX-5,PD_MECH_CONSIDERED,0.349453216374269,-1,-1,-1,-1,-1,-1,-1,-1,false
global-demand-boom,seed-3,MASS,29,MASS-NEWF-MASS-CAPEX-5,PD_MECH_LOW_UTILIZATION,0.349453216374269,-1,-1,-1,-1,-1,-1,-1,-1,false
global-demand-boom,seed-3,MASS,29,MASS-NEWF-MASS-CAPEX-8,PD_MECH_CONSIDERED,0,-1,-1,-1,-1,-1,-1,-1,-1,false
global-demand-boom,seed-3,MASS,29,MASS-NEWF-MASS-CAPEX-8,PD_MECH_LOW_UTILIZATION,0,-1,-1,-1,-1,-1,-1,-1,-1,false
global-demand-boom,seed-3,MASS,29,,PD_MECH_DEFERRED,-1,-1,-1,-1,-1,-1,-1,-1,-1,false
global-demand-boom,seed-3,BAL,29,BAL-NEWF-BAL-CAPEX-11,PD_MECH_CONSIDERED,0.5598216374269006,-1,-1,-1,-1,-1,-1,-1,-1,false
global-demand-boom,seed-3,BAL,29,BAL-NEWF-BAL-CAPEX-11,PD_MECH_PAYBACK_UNATTRACTIVE,-1,2871.885,95.72950000000003,95729.50000000003,2500000,26.11525182937338,1,1,12,false
global-demand-boom,seed-3,BAL,29,,PD_MECH_DEFERRED,-1,-1,-1,-1,-1,-1,-1,-1,-1,false
global-demand-boom,seed-3,JPQ,29,,PD_MECH_DEFERRED,-1,-1,-1,-1,-1,-1,-1,-1,-1,false
global-demand-boom,seed-3,CONSV,29,,PD_MECH_DEFERRED,-1,-1,-1,-1,-1,-1,-1,-1,-1,false
global-demand-boom,seed-3,VAP,29,,PD_MECH_DEFERRED,-1,-1,-1,-1,-1,-1,-1,-1,-1,false
global-demand-boom,seed-3,MASS,30,MASS-F1,PD_MECH_CONSIDERED,0.591133804660906,-1,-1,-1,-1,-1,-1,-1,-1,false
global-demand-boom,seed-3,MASS,30,MASS-F1,PD_MECH_PAYBACK_UNATTRACTIVE,-1,3386.3100000000004,112.87699999999995,112876.99999999996,2500000,22.148001807276955,0.7916666666666666,1,9.5,false
global-demand-boom,seed-3,MASS,30,MASS-NEWF-MASS-CAPEX-5,PD_MECH_CONSIDERED,0.5911345029239766,-1,-1,-1,-1,-1,-1,-1,-1,false
global-demand-boom,seed-3,MASS,30,MASS-NEWF-MASS-CAPEX-5,PD_MECH_PAYBACK_UNATTRACTIVE,-1,4043.36,134.7786666666667,134778.66666666672,2500000,18.548929603102362,0.7916666666666666,1,9.5,false
global-demand-boom,seed-3,MASS,30,MASS-NEWF-MASS-CAPEX-8,PD_MECH_CONSIDERED,0.5911345029239766,-1,-1,-1,-1,-1,-1,-1,-1,false
global-demand-boom,seed-3,MASS,30,MASS-NEWF-MASS-CAPEX-8,PD_MECH_PAYBACK_UNATTRACTIVE,-1,4043.36,134.7786666666667,134778.66666666672,2500000,18.548929603102362,0.7916666666666666,1,9.5,false
global-demand-boom,seed-3,MASS,30,,PD_MECH_DEFERRED,-1,-1,-1,-1,-1,-1,-1,-1,-1,false
global-demand-boom,seed-3,BAL,30,BAL-NEWF-BAL-CAPEX-11,PD_MECH_CONSIDERED,0.6391500974658869,-1,-1,-1,-1,-1,-1,-1,-1,false
global-demand-boom,seed-3,BAL,30,BAL-NEWF-BAL-CAPEX-11,PD_MECH_PAYBACK_UNATTRACTIVE,-1,4371.786666666667,145.7262222222222,145726.2222222222,2500000,17.1554574178673,1,1,12,false
global-demand-boom,seed-3,BAL,30,,PD_MECH_DEFERRED,-1,-1,-1,-1,-1,-1,-1,-1,-1,false
global-demand-boom,seed-3,JPQ,30,,PD_MECH_DEFERRED,-1,-1,-1,-1,-1,-1,-1,-1,-1,false
global-demand-boom,seed-3,CONSV,30,,PD_MECH_DEFERRED,-1,-1,-1,-1,-1,-1,-1,-1,-1,false
global-demand-boom,seed-3,VAP,30,,PD_MECH_DEFERRED,-1,-1,-1,-1,-1,-1,-1,-1,-1,false
global-demand-boom,seed-3,MASS,31,MASS-F1,PD_MECH_CONSIDERED,0.5680841407000087,-1,-1,-1,-1,-1,-1,-1,-1,false
global-demand-boom,seed-3,MASS,31,MASS-F1,PD_MECH_PAYBACK_UNATTRACTIVE,-1,3254.2699999999995,108.47566666666671,108475.66666666672,2500000,23.04664333322065,0.7916666666666666,1,9.5,false
global-demand-boom,seed-3,MASS,31,MASS-NEWF-MASS-CAPEX-5,PD_MECH_CONSIDERED,0.33865497076023393,-1,-1,-1,-1,-1,-1,-1,-1,false
global-demand-boom,seed-3,MASS,31,MASS-NEWF-MASS-CAPEX-5,PD_MECH_LOW_UTILIZATION,0.33865497076023393,-1,-1,-1,-1,-1,-1,-1,-1,false
global-demand-boom,seed-3,MASS,31,MASS-NEWF-MASS-CAPEX-8,PD_MECH_CONSIDERED,0,-1,-1,-1,-1,-1,-1,-1,-1,false
global-demand-boom,seed-3,MASS,31,MASS-NEWF-MASS-CAPEX-8,PD_MECH_LOW_UTILIZATION,0,-1,-1,-1,-1,-1,-1,-1,-1,false
global-demand-boom,seed-3,MASS,31,,PD_MECH_DEFERRED,-1,-1,-1,-1,-1,-1,-1,-1,-1,false
global-demand-boom,seed-3,BAL,31,BAL-NEWF-BAL-CAPEX-11,PD_MECH_CONSIDERED,0.6833684210526315,-1,-1,-1,-1,-1,-1,-1,-1,false
global-demand-boom,seed-3,BAL,31,BAL-NEWF-BAL-CAPEX-11,PD_MECH_PAYBACK_UNATTRACTIVE,-1,4674.24,155.808,155808,2500000,16.04538919696036,1,1,12,false
global-demand-boom,seed-3,BAL,31,,PD_MECH_DEFERRED,-1,-1,-1,-1,-1,-1,-1,-1,-1,false
global-demand-boom,seed-3,JPQ,31,,PD_MECH_DEFERRED,-1,-1,-1,-1,-1,-1,-1,-1,-1,false
global-demand-boom,seed-3,CONSV,31,,PD_MECH_DEFERRED,-1,-1,-1,-1,-1,-1,-1,-1,-1,false
global-demand-boom,seed-3,VAP,31,,PD_MECH_DEFERRED,-1,-1,-1,-1,-1,-1,-1,-1,-1,false
global-demand-boom,seed-3,MASS,32,MASS-F1,PD_MECH_CONSIDERED,0.6653958278781531,-1,-1,-1,-1,-1,-1,-1,-1,false
global-demand-boom,seed-3,MASS,32,MASS-F1,PD_MECH_PAYBACK_UNATTRACTIVE,-1,3811.7200000000003,127.0573333333333,127057.3333333333,2500000,19.676156695664954,0.7916666666666666,1,9.5,false
global-demand-boom,seed-3,MASS,32,MASS-NEWF-MASS-CAPEX-5,PD_MECH_CONSIDERED,0.6653961988304095,-1,-1,-1,-1,-1,-1,-1,-1,false
global-demand-boom,seed-3,MASS,32,MASS-NEWF-MASS-CAPEX-5,PD_MECH_PAYBACK_UNATTRACTIVE,-1,4551.31,151.71033333333332,151710.3333333333,2500000,16.478772045850537,0.7916666666666666,1,9.5,false
global-demand-boom,seed-3,MASS,32,MASS-NEWF-MASS-CAPEX-8,PD_MECH_CONSIDERED,0.6653961988304095,-1,-1,-1,-1,-1,-1,-1,-1,false
global-demand-boom,seed-3,MASS,32,MASS-NEWF-MASS-CAPEX-8,PD_MECH_PAYBACK_UNATTRACTIVE,-1,4551.31,151.71033333333332,151710.3333333333,2500000,16.478772045850537,0.7916666666666666,1,9.5,false
global-demand-boom,seed-3,MASS,32,,PD_MECH_DEFERRED,-1,-1,-1,-1,-1,-1,-1,-1,-1,false
global-demand-boom,seed-3,BAL,32,BAL-NEWF-BAL-CAPEX-11,PD_MECH_CONSIDERED,0.7558830409356725,-1,-1,-1,-1,-1,-1,-1,-1,false
global-demand-boom,seed-3,BAL,32,BAL-NEWF-BAL-CAPEX-11,PD_MECH_PAYBACK_UNATTRACTIVE,-1,5170.24,172.3413333333334,172341.3333333334,2500000,14.506096428792468,1,1,12,false
global-demand-boom,seed-3,BAL,32,,PD_MECH_DEFERRED,-1,-1,-1,-1,-1,-1,-1,-1,-1,false
global-demand-boom,seed-3,JPQ,32,JPQ-NEWF-JPQ-CAPEX-10,PD_MECH_CONSIDERED,0,-1,-1,-1,-1,-1,-1,-1,-1,false
global-demand-boom,seed-3,JPQ,32,JPQ-NEWF-JPQ-CAPEX-10,PD_MECH_LOW_UTILIZATION,0,-1,-1,-1,-1,-1,-1,-1,-1,false
global-demand-boom,seed-3,JPQ,32,,PD_MECH_DEFERRED,-1,-1,-1,-1,-1,-1,-1,-1,-1,false
global-demand-boom,seed-3,CONSV,32,,PD_MECH_DEFERRED,-1,-1,-1,-1,-1,-1,-1,-1,-1,false
global-demand-boom,seed-3,VAP,32,,PD_MECH_DEFERRED,-1,-1,-1,-1,-1,-1,-1,-1,-1,false
global-demand-boom,seed-4,MASS,1,MASS-F1,PD_MECH_CONSIDERED,0,-1,-1,-1,-1,-1,-1,-1,-1,false
global-demand-boom,seed-4,MASS,1,MASS-F1,PD_MECH_LOW_UTILIZATION,0,-1,-1,-1,-1,-1,-1,-1,-1,false
global-demand-boom,seed-4,MASS,1,,PD_MECH_DEFERRED,-1,-1,-1,-1,-1,-1,-1,-1,-1,false
global-demand-boom,seed-4,BAL,1,BAL-F1,PD_MECH_CONSIDERED,0,-1,-1,-1,-1,-1,-1,-1,-1,false
global-demand-boom,seed-4,BAL,1,BAL-F1,PD_MECH_LOW_UTILIZATION,0,-1,-1,-1,-1,-1,-1,-1,-1,false
global-demand-boom,seed-4,BAL,1,,PD_MECH_DEFERRED,-1,-1,-1,-1,-1,-1,-1,-1,-1,false
global-demand-boom,seed-4,JPQ,1,JPQ-F1,PD_MECH_CONSIDERED,0,-1,-1,-1,-1,-1,-1,-1,-1,false
global-demand-boom,seed-4,JPQ,1,JPQ-F1,PD_MECH_LOW_UTILIZATION,0,-1,-1,-1,-1,-1,-1,-1,-1,false
global-demand-boom,seed-4,JPQ,1,,PD_MECH_DEFERRED,-1,-1,-1,-1,-1,-1,-1,-1,-1,false
global-demand-boom,seed-4,CONSV,1,CONSV-F1,PD_MECH_CONSIDERED,0,-1,-1,-1,-1,-1,-1,-1,-1,false
global-demand-boom,seed-4,CONSV,1,CONSV-F1,PD_MECH_LOW_UTILIZATION,0,-1,-1,-1,-1,-1,-1,-1,-1,false
global-demand-boom,seed-4,CONSV,1,,PD_MECH_DEFERRED,-1,-1,-1,-1,-1,-1,-1,-1,-1,false
global-demand-boom,seed-4,VAP,1,VAP-F1,PD_MECH_CONSIDERED,0,-1,-1,-1,-1,-1,-1,-1,-1,false
global-demand-boom,seed-4,VAP,1,VAP-F1,PD_MECH_LOW_UTILIZATION,0,-1,-1,-1,-1,-1,-1,-1,-1,false
global-demand-boom,seed-4,VAP,1,,PD_MECH_DEFERRED,-1,-1,-1,-1,-1,-1,-1,-1,-1,false
global-demand-boom,seed-4,MASS,2,MASS-F1,PD_MECH_CONSIDERED,0.7883040935672515,-1,-1,-1,-1,-1,-1,-1,-1,false
global-demand-boom,seed-4,MASS,2,MASS-F1,PD_MECH_PAYBACK_UNATTRACTIVE,-1,4044.0000000000005,134.79999999999995,134799.99999999994,2500000,18.545994065281906,0.7916666666666666,1,9.5,false
global-demand-boom,seed-4,MASS,2,,PD_MECH_DEFERRED,-1,-1,-1,-1,-1,-1,-1,-1,-1,false
global-demand-boom,seed-4,BAL,2,BAL-F1,PD_MECH_CONSIDERED,0.9271929824561403,-1,-1,-1,-1,-1,-1,-1,-1,false
global-demand-boom,seed-4,BAL,2,BAL-F1,PD_MECH_PAYBACK_UNATTRACTIVE,-1,5549.25,184.9749999999999,184974.9999999999,2500000,13.515339910798764,1,1,12,false
global-demand-boom,seed-4,BAL,2,,PD_MECH_DEFERRED,-1,-1,-1,-1,-1,-1,-1,-1,-1,false
global-demand-boom,seed-4,JPQ,2,JPQ-F1,PD_MECH_CONSIDERED,1,-1,-1,-1,-1,-1,-1,-1,-1,false
global-demand-boom,seed-4,JPQ,2,,PD_MECH_FINANCE_BLOCKED,-1,-1,-1,-1,2500000,-1,-1,-1,-1,false
global-demand-boom,seed-4,CONSV,2,CONSV-F1,PD_MECH_CONSIDERED,1,-1,-1,-1,-1,-1,-1,-1,-1,false
global-demand-boom,seed-4,CONSV,2,,PD_MECH_FINANCE_BLOCKED,-1,-1,-1,-1,2500000,-1,-1,-1,-1,false
global-demand-boom,seed-4,VAP,2,VAP-F1,PD_MECH_CONSIDERED,1,-1,-1,-1,-1,-1,-1,-1,-1,false
global-demand-boom,seed-4,VAP,2,,PD_MECH_FINANCE_BLOCKED,-1,-1,-1,-1,2500000,-1,-1,-1,-1,false
global-demand-boom,seed-4,MASS,3,MASS-F1,PD_MECH_CONSIDERED,0.6222183235867447,-1,-1,-1,-1,-1,-1,-1,-1,false
global-demand-boom,seed-4,MASS,3,MASS-F1,PD_MECH_PAYBACK_UNATTRACTIVE,-1,3191.98,106.39933333333329,106399.33333333328,2500000,23.496387821978846,0.7916666666666666,1,9.5,false
global-demand-boom,seed-4,MASS,3,,PD_MECH_DEFERRED,-1,-1,-1,-1,-1,-1,-1,-1,-1,false
global-demand-boom,seed-4,BAL,3,BAL-F1,PD_MECH_CONSIDERED,1,-1,-1,-1,-1,-1,-1,-1,-1,false
global-demand-boom,seed-4,BAL,3,BAL-F1,PD_MECH_PAYBACK_UNATTRACTIVE,-1,5985,199.5,199500,2500000,12.531328320802006,1,1,12,false
global-demand-boom,seed-4,BAL,3,,PD_MECH_DEFERRED,-1,-1,-1,-1,-1,-1,-1,-1,-1,false
global-demand-boom,seed-4,JPQ,3,JPQ-F1,PD_MECH_CONSIDERED,0.8874108187134503,-1,-1,-1,-1,-1,-1,-1,-1,false
global-demand-boom,seed-4,JPQ,3,JPQ-F1,PD_MECH_PROPOSED,-1,6069.89,202.32966666666664,202329.66666666663,2500000,12.356072350569782,1.1176470588235294,1,13.411764705882353,true
global-demand-boom,seed-4,CONSV,3,CONSV-F1,PD_MECH_CONSIDERED,0.8540601503759399,-1,-1,-1,-1,-1,-1,-1,-1,false
global-demand-boom,seed-4,CONSV,3,CONSV-F1,PD_MECH_PAYBACK_UNATTRACTIVE,-1,5111.55,170.385,170385,2500000,14.672653109135194,1.2105263157894737,1.05,13.834586466165414,false
global-demand-boom,seed-4,CONSV,3,,PD_MECH_DEFERRED,-1,-1,-1,-1,-1,-1,-1,-1,-1,false
global-demand-boom,seed-4,VAP,3,VAP-F1,PD_MECH_CONSIDERED,0.9596881091617934,-1,-1,-1,-1,-1,-1,-1,-1,false
global-demand-boom,seed-4,VAP,3,,PD_MECH_FINANCE_BLOCKED,-1,-1,-1,-1,2500000,-1,-1,-1,-1,false
global-demand-boom,seed-4,MASS,4,MASS-F1,PD_MECH_CONSIDERED,1,-1,-1,-1,-1,-1,-1,-1,-1,false
global-demand-boom,seed-4,MASS,4,MASS-F1,PD_MECH_PAYBACK_UNATTRACTIVE,-1,5130,171,171000,2500000,14.619883040935672,0.7916666666666666,1,9.5,false
global-demand-boom,seed-4,MASS,4,,PD_MECH_DEFERRED,-1,-1,-1,-1,-1,-1,-1,-1,-1,false
global-demand-boom,seed-4,BAL,4,BAL-F1,PD_MECH_CONSIDERED,1,-1,-1,-1,-1,-1,-1,-1,-1,false
global-demand-boom,seed-4,BAL,4,BAL-F1,PD_MECH_PAYBACK_UNATTRACTIVE,-1,5985,199.5,199500,2500000,12.531328320802006,1,1,12,false
global-demand-boom,seed-4,BAL,4,,PD_MECH_DEFERRED,-1,-1,-1,-1,-1,-1,-1,-1,-1,false
global-demand-boom,seed-4,JPQ,4,,PD_MECH_DEFERRED,-1,-1,-1,-1,-1,-1,-1,-1,-1,false
global-demand-boom,seed-4,CONSV,4,CONSV-F1,PD_MECH_CONSIDERED,0.9301487050960735,-1,-1,-1,-1,-1,-1,-1,-1,false
global-demand-boom,seed-4,CONSV,4,CONSV-F1,PD_MECH_PROPOSED,-1,5566.94,185.56466666666665,185564.66666666666,2500000,13.472392373548125,1.2105263157894737,1.05,13.834586466165414,true
global-demand-boom,seed-4,VAP,4,VAP-F1,PD_MECH_CONSIDERED,0.902253411306043,-1,-1,-1,-1,-1,-1,-1,-1,false
global-demand-boom,seed-4,VAP,4,,PD_MECH_FINANCE_BLOCKED,-1,-1,-1,-1,2500000,-1,-1,-1,-1,false
global-demand-boom,seed-4,MASS,5,MASS-F1,PD_MECH_CONSIDERED,0.5581442495126706,-1,-1,-1,-1,-1,-1,-1,-1,false
global-demand-boom,seed-4,MASS,5,MASS-F1,PD_MECH_PAYBACK_UNATTRACTIVE,-1,2863.28,95.4426666666667,95442.6666666667,2500000,26.193735855382627,0.7916666666666666,1,9.5,false
global-demand-boom,seed-4,MASS,5,,PD_MECH_DEFERRED,-1,-1,-1,-1,-1,-1,-1,-1,-1,false
global-demand-boom,seed-4,BAL,5,BAL-F1,PD_MECH_CONSIDERED,1,-1,-1,-1,-1,-1,-1,-1,-1,false
global-demand-boom,seed-4,BAL,5,BAL-F1,PD_MECH_PAYBACK_UNATTRACTIVE,-1,5985,199.5,199500,2500000,12.531328320802006,1,1,12,false
global-demand-boom,seed-4,BAL,5,,PD_MECH_DEFERRED,-1,-1,-1,-1,-1,-1,-1,-1,-1,false
global-demand-boom,seed-4,JPQ,5,,PD_MECH_DEFERRED,-1,-1,-1,-1,-1,-1,-1,-1,-1,false
global-demand-boom,seed-4,CONSV,5,,PD_MECH_DEFERRED,-1,-1,-1,-1,-1,-1,-1,-1,-1,false
global-demand-boom,seed-4,VAP,5,VAP-F1,PD_MECH_CONSIDERED,1,-1,-1,-1,-1,-1,-1,-1,-1,false
global-demand-boom,seed-4,VAP,5,,PD_MECH_FINANCE_BLOCKED,-1,-1,-1,-1,2500000,-1,-1,-1,-1,false
global-demand-boom,seed-4,MASS,6,MASS-F1,PD_MECH_CONSIDERED,0.9954483430799219,-1,-1,-1,-1,-1,-1,-1,-1,false
global-demand-boom,seed-4,MASS,6,MASS-F1,PD_MECH_PAYBACK_UNATTRACTIVE,-1,5106.65,170.2216666666667,170221.6666666667,2500000,14.686732006305501,0.7916666666666666,1,9.5,false
global-demand-boom,seed-4,MASS,6,,PD_MECH_DEFERRED,-1,-1,-1,-1,-1,-1,-1,-1,-1,false
global-demand-boom,seed-4,BAL,6,BAL-F1,PD_MECH_CONSIDERED,1,-1,-1,-1,-1,-1,-1,-1,-1,false
global-demand-boom,seed-4,BAL,6,,PD_MECH_FINANCE_BLOCKED,-1,-1,-1,-1,2500000,-1,-1,-1,-1,false
global-demand-boom,seed-4,JPQ,6,,PD_MECH_DEFERRED,-1,-1,-1,-1,-1,-1,-1,-1,-1,false
global-demand-boom,seed-4,CONSV,6,,PD_MECH_DEFERRED,-1,-1,-1,-1,-1,-1,-1,-1,-1,false
global-demand-boom,seed-4,VAP,6,VAP-F1,PD_MECH_CONSIDERED,1,-1,-1,-1,-1,-1,-1,-1,-1,false
global-demand-boom,seed-4,VAP,6,,PD_MECH_FINANCE_BLOCKED,-1,-1,-1,-1,2500000,-1,-1,-1,-1,false
global-demand-boom,seed-4,MASS,7,MASS-F1,PD_MECH_CONSIDERED,0.5751832358674464,-1,-1,-1,-1,-1,-1,-1,-1,false
global-demand-boom,seed-4,MASS,7,MASS-F1,PD_MECH_PAYBACK_UNATTRACTIVE,-1,2950.6899999999996,98.35633333333334,98356.33333333334,2500000,25.417783637047602,0.7916666666666666,1,9.5,false
global-demand-boom,seed-4,MASS,7,,PD_MECH_DEFERRED,-1,-1,-1,-1,-1,-1,-1,-1,-1,false
global-demand-boom,seed-4,BAL,7,BAL-F1,PD_MECH_CONSIDERED,1,-1,-1,-1,-1,-1,-1,-1,-1,false
global-demand-boom,seed-4,BAL,7,BAL-F1,PD_MECH_PROPOSED,-1,6284.25,209.4749999999999,209474.9999999999,2500000,11.93459840076382,1,1,12,true
global-demand-boom,seed-4,JPQ,7,,PD_MECH_DEFERRED,-1,-1,-1,-1,-1,-1,-1,-1,-1,false
global-demand-boom,seed-4,CONSV,7,,PD_MECH_DEFERRED,-1,-1,-1,-1,-1,-1,-1,-1,-1,false
global-demand-boom,seed-4,VAP,7,VAP-F1,PD_MECH_CONSIDERED,1,-1,-1,-1,-1,-1,-1,-1,-1,false
global-demand-boom,seed-4,VAP,7,,PD_MECH_FINANCE_BLOCKED,-1,-1,-1,-1,2500000,-1,-1,-1,-1,false
global-demand-boom,seed-4,MASS,8,MASS-F1,PD_MECH_CONSIDERED,0.9458206627680312,-1,-1,-1,-1,-1,-1,-1,-1,false
global-demand-boom,seed-4,MASS,8,MASS-F1,PD_MECH_PAYBACK_UNATTRACTIVE,-1,4852.06,161.7353333333333,161735.3333333333,2500000,15.45735213496948,0.7916666666666666,1,9.5,false
global-demand-boom,seed-4,MASS,8,,PD_MECH_DEFERRED,-1,-1,-1,-1,-1,-1,-1,-1,-1,false
global-demand-boom,seed-4,BAL,8,,PD_MECH_DEFERRED,-1,-1,-1,-1,-1,-1,-1,-1,-1,false
global-demand-boom,seed-4,JPQ,8,,PD_MECH_DEFERRED,-1,-1,-1,-1,-1,-1,-1,-1,-1,false
global-demand-boom,seed-4,CONSV,8,,PD_MECH_DEFERRED,-1,-1,-1,-1,-1,-1,-1,-1,-1,false
global-demand-boom,seed-4,VAP,8,VAP-F1,PD_MECH_CONSIDERED,1,-1,-1,-1,-1,-1,-1,-1,-1,false
global-demand-boom,seed-4,VAP,8,VAP-F1,PD_MECH_PROPOSED,-1,5130,171,171000,2500000,14.619883040935672,1.411764705882353,1,16.941176470588236,true
global-demand-boom,seed-4,MASS,9,MASS-F1,PD_MECH_CONSIDERED,0.3636471734892788,-1,-1,-1,-1,-1,-1,-1,-1,false
global-demand-boom,seed-4,MASS,9,MASS-F1,PD_MECH_LOW_UTILIZATION,0.3636471734892788,-1,-1,-1,-1,-1,-1,-1,-1,false
global-demand-boom,seed-4,MASS,9,,PD_MECH_DEFERRED,-1,-1,-1,-1,-1,-1,-1,-1,-1,false
global-demand-boom,seed-4,BAL,9,,PD_MECH_DEFERRED,-1,-1,-1,-1,-1,-1,-1,-1,-1,false
global-demand-boom,seed-4,JPQ,9,,PD_MECH_DEFERRED,-1,-1,-1,-1,-1,-1,-1,-1,-1,false
global-demand-boom,seed-4,CONSV,9,,PD_MECH_DEFERRED,-1,-1,-1,-1,-1,-1,-1,-1,-1,false
global-demand-boom,seed-4,VAP,9,VAP-F1,PD_MECH_CONSIDERED,1,-1,-1,-1,-1,-1,-1,-1,-1,false
global-demand-boom,seed-4,VAP,9,VAP-F1,PD_MECH_PROPOSED,-1,5130,171,171000,2500000,14.619883040935672,1.411764705882353,1,16.941176470588236,true
global-demand-boom,seed-4,MASS,10,MASS-F1,PD_MECH_CONSIDERED,1,-1,-1,-1,-1,-1,-1,-1,-1,false
global-demand-boom,seed-4,MASS,10,MASS-F1,PD_MECH_PAYBACK_UNATTRACTIVE,-1,5130,171,171000,2500000,14.619883040935672,0.7916666666666666,1,9.5,false
global-demand-boom,seed-4,MASS,10,,PD_MECH_DEFERRED,-1,-1,-1,-1,-1,-1,-1,-1,-1,false
global-demand-boom,seed-4,BAL,10,,PD_MECH_DEFERRED,-1,-1,-1,-1,-1,-1,-1,-1,-1,false
global-demand-boom,seed-4,JPQ,10,,PD_MECH_DEFERRED,-1,-1,-1,-1,-1,-1,-1,-1,-1,false
global-demand-boom,seed-4,CONSV,10,,PD_MECH_DEFERRED,-1,-1,-1,-1,-1,-1,-1,-1,-1,false
global-demand-boom,seed-4,VAP,10,,PD_MECH_DEFERRED,-1,-1,-1,-1,-1,-1,-1,-1,-1,false
global-demand-boom,seed-4,MASS,11,MASS-F1,PD_MECH_CONSIDERED,1,-1,-1,-1,-1,-1,-1,-1,-1,false
global-demand-boom,seed-4,MASS,11,MASS-F1,PD_MECH_PAYBACK_UNATTRACTIVE,-1,5130,171,171000,2500000,14.619883040935672,0.7916666666666666,1,9.5,false
global-demand-boom,seed-4,MASS,11,,PD_MECH_DEFERRED,-1,-1,-1,-1,-1,-1,-1,-1,-1,false
global-demand-boom,seed-4,BAL,11,,PD_MECH_DEFERRED,-1,-1,-1,-1,-1,-1,-1,-1,-1,false
global-demand-boom,seed-4,JPQ,11,,PD_MECH_DEFERRED,-1,-1,-1,-1,-1,-1,-1,-1,-1,false
global-demand-boom,seed-4,CONSV,11,,PD_MECH_DEFERRED,-1,-1,-1,-1,-1,-1,-1,-1,-1,false
global-demand-boom,seed-4,VAP,11,,PD_MECH_DEFERRED,-1,-1,-1,-1,-1,-1,-1,-1,-1,false
global-demand-boom,seed-4,MASS,12,MASS-F1,PD_MECH_CONSIDERED,1,-1,-1,-1,-1,-1,-1,-1,-1,false
global-demand-boom,seed-4,MASS,12,MASS-F1,PD_MECH_PAYBACK_UNATTRACTIVE,-1,5130,171,171000,2500000,14.619883040935672,0.7916666666666666,1,9.5,false
global-demand-boom,seed-4,MASS,12,,PD_MECH_DEFERRED,-1,-1,-1,-1,-1,-1,-1,-1,-1,false
global-demand-boom,seed-4,BAL,12,,PD_MECH_DEFERRED,-1,-1,-1,-1,-1,-1,-1,-1,-1,false
global-demand-boom,seed-4,JPQ,12,,PD_MECH_DEFERRED,-1,-1,-1,-1,-1,-1,-1,-1,-1,false
global-demand-boom,seed-4,CONSV,12,,PD_MECH_DEFERRED,-1,-1,-1,-1,-1,-1,-1,-1,-1,false
global-demand-boom,seed-4,VAP,12,,PD_MECH_DEFERRED,-1,-1,-1,-1,-1,-1,-1,-1,-1,false
global-demand-boom,seed-4,MASS,13,MASS-F1,PD_MECH_CONSIDERED,0.9219142300194932,-1,-1,-1,-1,-1,-1,-1,-1,false
global-demand-boom,seed-4,MASS,13,MASS-F1,PD_MECH_PAYBACK_UNATTRACTIVE,-1,4729.42,157.64733333333334,157647.33333333334,2500000,15.858181341475275,0.7916666666666666,1,9.5,false
global-demand-boom,seed-4,MASS,13,,PD_MECH_DEFERRED,-1,-1,-1,-1,-1,-1,-1,-1,-1,false
global-demand-boom,seed-4,BAL,13,,PD_MECH_DEFERRED,-1,-1,-1,-1,-1,-1,-1,-1,-1,false
global-demand-boom,seed-4,JPQ,13,,PD_MECH_DEFERRED,-1,-1,-1,-1,-1,-1,-1,-1,-1,false
global-demand-boom,seed-4,CONSV,13,,PD_MECH_DEFERRED,-1,-1,-1,-1,-1,-1,-1,-1,-1,false
global-demand-boom,seed-4,VAP,13,,PD_MECH_DEFERRED,-1,-1,-1,-1,-1,-1,-1,-1,-1,false
global-demand-boom,seed-4,MASS,14,MASS-F1,PD_MECH_CONSIDERED,0.8210545808966861,-1,-1,-1,-1,-1,-1,-1,-1,false
global-demand-boom,seed-4,MASS,14,MASS-F1,PD_MECH_PAYBACK_UNATTRACTIVE,-1,4212.01,140.40033333333338,140400.33333333337,2500000,17.80622553127841,0.7916666666666666,1,9.5,false
global-demand-boom,seed-4,MASS,14,,PD_MECH_DEFERRED,-1,-1,-1,-1,-1,-1,-1,-1,-1,false
global-demand-boom,seed-4,BAL,14,,PD_MECH_DEFERRED,-1,-1,-1,-1,-1,-1,-1,-1,-1,false
global-demand-boom,seed-4,JPQ,14,,PD_MECH_DEFERRED,-1,-1,-1,-1,-1,-1,-1,-1,-1,false
global-demand-boom,seed-4,CONSV,14,,PD_MECH_DEFERRED,-1,-1,-1,-1,-1,-1,-1,-1,-1,false
global-demand-boom,seed-4,VAP,14,,PD_MECH_DEFERRED,-1,-1,-1,-1,-1,-1,-1,-1,-1,false
global-demand-boom,seed-4,MASS,15,MASS-F1,PD_MECH_CONSIDERED,0.8124561403508771,-1,-1,-1,-1,-1,-1,-1,-1,false
global-demand-boom,seed-4,MASS,15,MASS-F1,PD_MECH_PAYBACK_UNATTRACTIVE,-1,4411.027499999999,147.03424999999993,147034.24999999994,2500000,17.00284117476031,0.7916666666666666,1,9.5,false
global-demand-boom,seed-4,MASS,15,,PD_MECH_DEFERRED,-1,-1,-1,-1,-1,-1,-1,-1,-1,false
global-demand-boom,seed-4,BAL,15,,PD_MECH_DEFERRED,-1,-1,-1,-1,-1,-1,-1,-1,-1,false
global-demand-boom,seed-4,JPQ,15,,PD_MECH_DEFERRED,-1,-1,-1,-1,-1,-1,-1,-1,-1,false
global-demand-boom,seed-4,CONSV,15,,PD_MECH_DEFERRED,-1,-1,-1,-1,-1,-1,-1,-1,-1,false
global-demand-boom,seed-4,VAP,15,,PD_MECH_DEFERRED,-1,-1,-1,-1,-1,-1,-1,-1,-1,false
global-demand-boom,seed-4,MASS,16,MASS-F1,PD_MECH_CONSIDERED,1,-1,-1,-1,-1,-1,-1,-1,-1,false
global-demand-boom,seed-4,MASS,16,MASS-F1,PD_MECH_PAYBACK_UNATTRACTIVE,-1,5429.25,180.9749999999999,180974.9999999999,2500000,13.814062715844736,0.7916666666666666,1,9.5,false
global-demand-boom,seed-4,MASS,16,,PD_MECH_DEFERRED,-1,-1,-1,-1,-1,-1,-1,-1,-1,false
global-demand-boom,seed-4,BAL,16,,PD_MECH_DEFERRED,-1,-1,-1,-1,-1,-1,-1,-1,-1,false
global-demand-boom,seed-4,JPQ,16,,PD_MECH_DEFERRED,-1,-1,-1,-1,-1,-1,-1,-1,-1,false
global-demand-boom,seed-4,CONSV,16,,PD_MECH_DEFERRED,-1,-1,-1,-1,-1,-1,-1,-1,-1,false
global-demand-boom,seed-4,VAP,16,,PD_MECH_DEFERRED,-1,-1,-1,-1,-1,-1,-1,-1,-1,false
global-demand-boom,seed-4,MASS,17,MASS-F1,PD_MECH_CONSIDERED,0.8880987245015426,-1,-1,-1,-1,-1,-1,-1,-1,false
global-demand-boom,seed-4,MASS,17,MASS-F1,PD_MECH_PAYBACK_UNATTRACTIVE,-1,4821.71,160.72366666666665,160723.66666666666,2500000,15.554647625012704,0.7916666666666666,1,9.5,false
global-demand-boom,seed-4,MASS,17,,PD_MECH_DEFERRED,-1,-1,-1,-1,-1,-1,-1,-1,-1,false
global-demand-boom,seed-4,BAL,17,,PD_MECH_DEFERRED,-1,-1,-1,-1,-1,-1,-1,-1,-1,false
global-demand-boom,seed-4,JPQ,17,,PD_MECH_DEFERRED,-1,-1,-1,-1,-1,-1,-1,-1,-1,false
global-demand-boom,seed-4,CONSV,17,,PD_MECH_DEFERRED,-1,-1,-1,-1,-1,-1,-1,-1,-1,false
global-demand-boom,seed-4,VAP,17,,PD_MECH_DEFERRED,-1,-1,-1,-1,-1,-1,-1,-1,-1,false
global-demand-boom,seed-4,MASS,18,MASS-F1,PD_MECH_CONSIDERED,0.8804273150066769,-1,-1,-1,-1,-1,-1,-1,-1,false
global-demand-boom,seed-4,MASS,18,MASS-F1,PD_MECH_PAYBACK_UNATTRACTIVE,-1,4780.06,159.33533333333332,159335.3333333333,2500000,15.690179621176306,0.7916666666666666,1,9.5,false
global-demand-boom,seed-4,MASS,18,,PD_MECH_DEFERRED,-1,-1,-1,-1,-1,-1,-1,-1,-1,false
global-demand-boom,seed-4,BAL,18,,PD_MECH_DEFERRED,-1,-1,-1,-1,-1,-1,-1,-1,-1,false
global-demand-boom,seed-4,JPQ,18,,PD_MECH_DEFERRED,-1,-1,-1,-1,-1,-1,-1,-1,-1,false
global-demand-boom,seed-4,CONSV,18,,PD_MECH_DEFERRED,-1,-1,-1,-1,-1,-1,-1,-1,-1,false
global-demand-boom,seed-4,VAP,18,,PD_MECH_DEFERRED,-1,-1,-1,-1,-1,-1,-1,-1,-1,false
global-demand-boom,seed-4,MASS,19,MASS-F1,PD_MECH_CONSIDERED,0.8804273150066769,-1,-1,-1,-1,-1,-1,-1,-1,false
global-demand-boom,seed-4,MASS,19,MASS-F1,PD_MECH_PAYBACK_UNATTRACTIVE,-1,4780.06,159.33533333333332,159335.3333333333,2500000,15.690179621176306,0.7916666666666666,1,9.5,false
global-demand-boom,seed-4,MASS,19,,PD_MECH_DEFERRED,-1,-1,-1,-1,-1,-1,-1,-1,-1,false
global-demand-boom,seed-4,BAL,19,,PD_MECH_DEFERRED,-1,-1,-1,-1,-1,-1,-1,-1,-1,false
global-demand-boom,seed-4,JPQ,19,,PD_MECH_DEFERRED,-1,-1,-1,-1,-1,-1,-1,-1,-1,false
global-demand-boom,seed-4,CONSV,19,,PD_MECH_DEFERRED,-1,-1,-1,-1,-1,-1,-1,-1,-1,false
global-demand-boom,seed-4,VAP,19,,PD_MECH_DEFERRED,-1,-1,-1,-1,-1,-1,-1,-1,-1,false
global-demand-boom,seed-4,MASS,20,MASS-F1,PD_MECH_CONSIDERED,1,-1,-1,-1,-1,-1,-1,-1,-1,false
global-demand-boom,seed-4,MASS,20,MASS-F1,PD_MECH_PAYBACK_UNATTRACTIVE,-1,5429.25,180.9749999999999,180974.9999999999,2500000,13.814062715844736,0.7916666666666666,1,9.5,false
global-demand-boom,seed-4,MASS,20,,PD_MECH_DEFERRED,-1,-1,-1,-1,-1,-1,-1,-1,-1,false
global-demand-boom,seed-4,BAL,20,,PD_MECH_DEFERRED,-1,-1,-1,-1,-1,-1,-1,-1,-1,false
global-demand-boom,seed-4,JPQ,20,,PD_MECH_DEFERRED,-1,-1,-1,-1,-1,-1,-1,-1,-1,false
global-demand-boom,seed-4,CONSV,20,,PD_MECH_DEFERRED,-1,-1,-1,-1,-1,-1,-1,-1,-1,false
global-demand-boom,seed-4,VAP,20,,PD_MECH_DEFERRED,-1,-1,-1,-1,-1,-1,-1,-1,-1,false
global-demand-boom,seed-4,MASS,21,MASS-F1,PD_MECH_CONSIDERED,0.9586038587281853,-1,-1,-1,-1,-1,-1,-1,-1,false
global-demand-boom,seed-4,MASS,21,MASS-F1,PD_MECH_PAYBACK_UNATTRACTIVE,-1,5204.5,173.48333333333346,173483.33333333346,2500000,14.41060620616773,0.7916666666666666,1,9.5,false
global-demand-boom,seed-4,MASS,21,,PD_MECH_DEFERRED,-1,-1,-1,-1,-1,-1,-1,-1,-1,false
global-demand-boom,seed-4,BAL,21,,PD_MECH_DEFERRED,-1,-1,-1,-1,-1,-1,-1,-1,-1,false
global-demand-boom,seed-4,JPQ,21,,PD_MECH_DEFERRED,-1,-1,-1,-1,-1,-1,-1,-1,-1,false
global-demand-boom,seed-4,CONSV,21,,PD_MECH_DEFERRED,-1,-1,-1,-1,-1,-1,-1,-1,-1,false
global-demand-boom,seed-4,VAP,21,,PD_MECH_DEFERRED,-1,-1,-1,-1,-1,-1,-1,-1,-1,false
global-demand-boom,seed-4,MASS,22,MASS-F1,PD_MECH_CONSIDERED,1,-1,-1,-1,-1,-1,-1,-1,-1,false
global-demand-boom,seed-4,MASS,22,MASS-F1,PD_MECH_PAYBACK_UNATTRACTIVE,-1,5429.25,180.9749999999999,180974.9999999999,2500000,13.814062715844736,0.7916666666666666,1,9.5,false
global-demand-boom,seed-4,MASS,22,MASS-NEWF-MASS-CAPEX-3,PD_MECH_CONSIDERED,0,-1,-1,-1,-1,-1,-1,-1,-1,false
global-demand-boom,seed-4,MASS,22,MASS-NEWF-MASS-CAPEX-3,PD_MECH_LOW_UTILIZATION,0,-1,-1,-1,-1,-1,-1,-1,-1,false
global-demand-boom,seed-4,MASS,22,,PD_MECH_DEFERRED,-1,-1,-1,-1,-1,-1,-1,-1,-1,false
global-demand-boom,seed-4,BAL,22,,PD_MECH_DEFERRED,-1,-1,-1,-1,-1,-1,-1,-1,-1,false
global-demand-boom,seed-4,JPQ,22,,PD_MECH_DEFERRED,-1,-1,-1,-1,-1,-1,-1,-1,-1,false
global-demand-boom,seed-4,CONSV,22,,PD_MECH_DEFERRED,-1,-1,-1,-1,-1,-1,-1,-1,-1,false
global-demand-boom,seed-4,VAP,22,,PD_MECH_DEFERRED,-1,-1,-1,-1,-1,-1,-1,-1,-1,false
global-demand-boom,seed-4,MASS,23,MASS-F1,PD_MECH_CONSIDERED,0.9007929271998895,-1,-1,-1,-1,-1,-1,-1,-1,false
global-demand-boom,seed-4,MASS,23,MASS-F1,PD_MECH_PAYBACK_UNATTRACTIVE,-1,4890.63,163.02099999999996,163020.99999999997,2500000,15.335447580373083,0.7916666666666666,1,9.5,false
global-demand-boom,seed-4,MASS,23,MASS-NEWF-MASS-CAPEX-3,PD_MECH_CONSIDERED,0.9007923976608188,-1,-1,-1,-1,-1,-1,-1,-1,false
global-demand-boom,seed-4,MASS,23,MASS-NEWF-MASS-CAPEX-3,PD_MECH_PAYBACK_UNATTRACTIVE,-1,4621.0650000000005,154.03549999999996,154035.49999999994,2500000,16.230024896858197,0.7916666666666666,1,9.5,false
global-demand-boom,seed-4,MASS,23,,PD_MECH_DEFERRED,-1,-1,-1,-1,-1,-1,-1,-1,-1,false
global-demand-boom,seed-4,BAL,23,,PD_MECH_DEFERRED,-1,-1,-1,-1,-1,-1,-1,-1,-1,false
global-demand-boom,seed-4,JPQ,23,,PD_MECH_DEFERRED,-1,-1,-1,-1,-1,-1,-1,-1,-1,false
global-demand-boom,seed-4,CONSV,23,,PD_MECH_DEFERRED,-1,-1,-1,-1,-1,-1,-1,-1,-1,false
global-demand-boom,seed-4,VAP,23,,PD_MECH_DEFERRED,-1,-1,-1,-1,-1,-1,-1,-1,-1,false
global-demand-boom,seed-4,MASS,24,MASS-F1,PD_MECH_CONSIDERED,0.7378256665285261,-1,-1,-1,-1,-1,-1,-1,-1,false
global-demand-boom,seed-4,MASS,24,MASS-F1,PD_MECH_PAYBACK_UNATTRACTIVE,-1,4226.634330708662,140.88781102362202,140887.81102362202,2500000,17.744615249795004,0.7916666666666666,1,9.5,false
global-demand-boom,seed-4,MASS,24,MASS-NEWF-MASS-CAPEX-3,PD_MECH_CONSIDERED,0,-1,-1,-1,-1,-1,-1,-1,-1,false
global-demand-boom,seed-4,MASS,24,MASS-NEWF-MASS-CAPEX-3,PD_MECH_LOW_UTILIZATION,0,-1,-1,-1,-1,-1,-1,-1,-1,false
global-demand-boom,seed-4,MASS,24,,PD_MECH_DEFERRED,-1,-1,-1,-1,-1,-1,-1,-1,-1,false
global-demand-boom,seed-4,BAL,24,,PD_MECH_DEFERRED,-1,-1,-1,-1,-1,-1,-1,-1,-1,false
global-demand-boom,seed-4,JPQ,24,,PD_MECH_DEFERRED,-1,-1,-1,-1,-1,-1,-1,-1,-1,false
global-demand-boom,seed-4,CONSV,24,,PD_MECH_DEFERRED,-1,-1,-1,-1,-1,-1,-1,-1,-1,false
global-demand-boom,seed-4,VAP,24,,PD_MECH_DEFERRED,-1,-1,-1,-1,-1,-1,-1,-1,-1,false
global-demand-boom,seed-4,MASS,25,MASS-F1,PD_MECH_CONSIDERED,0.8471606877891246,-1,-1,-1,-1,-1,-1,-1,-1,false
global-demand-boom,seed-4,MASS,25,MASS-F1,PD_MECH_PAYBACK_UNATTRACTIVE,-1,4852.96,161.76533333333327,161765.33333333328,2500000,15.45448550987439,0.7916666666666666,1,9.5,false
global-demand-boom,seed-4,MASS,25,MASS-NEWF-MASS-CAPEX-3,PD_MECH_CONSIDERED,0.8471608187134503,-1,-1,-1,-1,-1,-1,-1,-1,false
global-demand-boom,seed-4,MASS,25,MASS-NEWF-MASS-CAPEX-3,PD_MECH_PAYBACK_UNATTRACTIVE,-1,5794.58,193.15266666666662,193152.66666666663,2500000,12.94312961422571,0.7916666666666666,1,9.5,false
global-demand-boom,seed-4,MASS,25,,PD_MECH_DEFERRED,-1,-1,-1,-1,-1,-1,-1,-1,-1,false
global-demand-boom,seed-4,BAL,25,,PD_MECH_DEFERRED,-1,-1,-1,-1,-1,-1,-1,-1,-1,false
global-demand-boom,seed-4,JPQ,25,,PD_MECH_DEFERRED,-1,-1,-1,-1,-1,-1,-1,-1,-1,false
global-demand-boom,seed-4,CONSV,25,,PD_MECH_DEFERRED,-1,-1,-1,-1,-1,-1,-1,-1,-1,false
global-demand-boom,seed-4,VAP,25,,PD_MECH_DEFERRED,-1,-1,-1,-1,-1,-1,-1,-1,-1,false
global-demand-boom,seed-4,MASS,26,MASS-F1,PD_MECH_CONSIDERED,0.8614942829711093,-1,-1,-1,-1,-1,-1,-1,-1,false
global-demand-boom,seed-4,MASS,26,MASS-F1,PD_MECH_PAYBACK_UNATTRACTIVE,-1,4935.07,164.50233333333324,164502.33333333323,2500000,15.19735282376948,0.7916666666666666,1,9.5,false
global-demand-boom,seed-4,MASS,26,MASS-NEWF-MASS-CAPEX-3,PD_MECH_CONSIDERED,0.6920087719298246,-1,-1,-1,-1,-1,-1,-1,-1,false
global-demand-boom,seed-4,MASS,26,MASS-NEWF-MASS-CAPEX-3,PD_MECH_PAYBACK_UNATTRACTIVE,-1,4733.34,157.77800000000002,157778.00000000003,2500000,15.845048105566045,0.7916666666666666,1,9.5,false
global-demand-boom,seed-4,MASS,26,MASS-NEWF-MASS-CAPEX-7,PD_MECH_CONSIDERED,0,-1,-1,-1,-1,-1,-1,-1,-1,false
global-demand-boom,seed-4,MASS,26,MASS-NEWF-MASS-CAPEX-7,PD_MECH_LOW_UTILIZATION,0,-1,-1,-1,-1,-1,-1,-1,-1,false
global-demand-boom,seed-4,MASS,26,,PD_MECH_DEFERRED,-1,-1,-1,-1,-1,-1,-1,-1,-1,false
global-demand-boom,seed-4,BAL,26,,PD_MECH_DEFERRED,-1,-1,-1,-1,-1,-1,-1,-1,-1,false
global-demand-boom,seed-4,JPQ,26,,PD_MECH_DEFERRED,-1,-1,-1,-1,-1,-1,-1,-1,-1,false
global-demand-boom,seed-4,CONSV,26,,PD_MECH_DEFERRED,-1,-1,-1,-1,-1,-1,-1,-1,-1,false
global-demand-boom,seed-4,VAP,26,,PD_MECH_DEFERRED,-1,-1,-1,-1,-1,-1,-1,-1,-1,false
global-demand-boom,seed-4,MASS,27,MASS-F1,PD_MECH_CONSIDERED,0.6372401152134066,-1,-1,-1,-1,-1,-1,-1,-1,false
global-demand-boom,seed-4,MASS,27,MASS-F1,PD_MECH_PAYBACK_UNATTRACTIVE,-1,3650.43,121.68100000000004,121681.00000000004,2500000,20.545524773793765,0.7916666666666666,1,9.5,false
global-demand-boom,seed-4,MASS,27,MASS-NEWF-MASS-CAPEX-3,PD_MECH_CONSIDERED,0.6323654970760234,-1,-1,-1,-1,-1,-1,-1,-1,false
global-demand-boom,seed-4,MASS,27,MASS-NEWF-MASS-CAPEX-3,PD_MECH_PAYBACK_UNATTRACTIVE,-1,4325.38,144.17933333333337,144179.33333333337,2500000,17.33951699041471,0.7916666666666666,1,9.5,false
global-demand-boom,seed-4,MASS,27,MASS-NEWF-MASS-CAPEX-7,PD_MECH_CONSIDERED,0.24892105263157893,-1,-1,-1,-1,-1,-1,-1,-1,false
global-demand-boom,seed-4,MASS,27,MASS-NEWF-MASS-CAPEX-7,PD_MECH_LOW_UTILIZATION,0.24892105263157893,-1,-1,-1,-1,-1,-1,-1,-1,false
global-demand-boom,seed-4,MASS,27,,PD_MECH_DEFERRED,-1,-1,-1,-1,-1,-1,-1,-1,-1,false
global-demand-boom,seed-4,BAL,27,,PD_MECH_DEFERRED,-1,-1,-1,-1,-1,-1,-1,-1,-1,false
global-demand-boom,seed-4,JPQ,27,,PD_MECH_DEFERRED,-1,-1,-1,-1,-1,-1,-1,-1,-1,false
global-demand-boom,seed-4,CONSV,27,,PD_MECH_DEFERRED,-1,-1,-1,-1,-1,-1,-1,-1,-1,false
global-demand-boom,seed-4,VAP,27,,PD_MECH_DEFERRED,-1,-1,-1,-1,-1,-1,-1,-1,-1,false
global-demand-boom,seed-4,MASS,28,MASS-F1,PD_MECH_CONSIDERED,0.5909452736318408,-1,-1,-1,-1,-1,-1,-1,-1,false
global-demand-boom,seed-4,MASS,28,MASS-F1,PD_MECH_PAYBACK_UNATTRACTIVE,-1,3385.23,112.84100000000001,112841.00000000001,2500000,22.155067750197176,0.7916666666666666,1,9.5,false
global-demand-boom,seed-4,MASS,28,MASS-NEWF-MASS-CAPEX-3,PD_MECH_CONSIDERED,0.4382719298245614,-1,-1,-1,-1,-1,-1,-1,-1,false
global-demand-boom,seed-4,MASS,28,MASS-NEWF-MASS-CAPEX-3,PD_MECH_LOW_UTILIZATION,0.4382719298245614,-1,-1,-1,-1,-1,-1,-1,-1,false
global-demand-boom,seed-4,MASS,28,MASS-NEWF-MASS-CAPEX-7,PD_MECH_CONSIDERED,0.3455808966861598,-1,-1,-1,-1,-1,-1,-1,-1,false
global-demand-boom,seed-4,MASS,28,MASS-NEWF-MASS-CAPEX-7,PD_MECH_LOW_UTILIZATION,0.3455808966861598,-1,-1,-1,-1,-1,-1,-1,-1,false
global-demand-boom,seed-4,MASS,28,,PD_MECH_DEFERRED,-1,-1,-1,-1,-1,-1,-1,-1,-1,false
global-demand-boom,seed-4,BAL,28,BAL-NEWF-BAL-CAPEX-11,PD_MECH_CONSIDERED,0,-1,-1,-1,-1,-1,-1,-1,-1,false
global-demand-boom,seed-4,BAL,28,BAL-NEWF-BAL-CAPEX-11,PD_MECH_LOW_UTILIZATION,0,-1,-1,-1,-1,-1,-1,-1,-1,false
global-demand-boom,seed-4,BAL,28,,PD_MECH_DEFERRED,-1,-1,-1,-1,-1,-1,-1,-1,-1,false
global-demand-boom,seed-4,JPQ,28,,PD_MECH_DEFERRED,-1,-1,-1,-1,-1,-1,-1,-1,-1,false
global-demand-boom,seed-4,CONSV,28,,PD_MECH_DEFERRED,-1,-1,-1,-1,-1,-1,-1,-1,-1,false
global-demand-boom,seed-4,VAP,28,,PD_MECH_DEFERRED,-1,-1,-1,-1,-1,-1,-1,-1,-1,false
global-demand-boom,seed-4,MASS,29,MASS-F1,PD_MECH_CONSIDERED,0.5987378894998691,-1,-1,-1,-1,-1,-1,-1,-1,false
global-demand-boom,seed-4,MASS,29,MASS-F1,PD_MECH_PAYBACK_UNATTRACTIVE,-1,3429.87,114.32899999999995,114328.99999999996,2500000,21.866717980564868,0.7916666666666666,1,9.5,false
global-demand-boom,seed-4,MASS,29,MASS-NEWF-MASS-CAPEX-3,PD_MECH_CONSIDERED,0.4463625730994152,-1,-1,-1,-1,-1,-1,-1,-1,false
global-demand-boom,seed-4,MASS,29,MASS-NEWF-MASS-CAPEX-3,PD_MECH_LOW_UTILIZATION,0.4463625730994152,-1,-1,-1,-1,-1,-1,-1,-1,false
global-demand-boom,seed-4,MASS,29,MASS-NEWF-MASS-CAPEX-7,PD_MECH_CONSIDERED,0.4038201754385965,-1,-1,-1,-1,-1,-1,-1,-1,false
global-demand-boom,seed-4,MASS,29,MASS-NEWF-MASS-CAPEX-7,PD_MECH_LOW_UTILIZATION,0.4038201754385965,-1,-1,-1,-1,-1,-1,-1,-1,false
global-demand-boom,seed-4,MASS,29,,PD_MECH_DEFERRED,-1,-1,-1,-1,-1,-1,-1,-1,-1,false
global-demand-boom,seed-4,BAL,29,BAL-NEWF-BAL-CAPEX-11,PD_MECH_CONSIDERED,0.5598216374269006,-1,-1,-1,-1,-1,-1,-1,-1,false
global-demand-boom,seed-4,BAL,29,BAL-NEWF-BAL-CAPEX-11,PD_MECH_PAYBACK_UNATTRACTIVE,-1,2871.885,95.72950000000003,95729.50000000003,2500000,26.11525182937338,1,1,12,false
global-demand-boom,seed-4,BAL,29,,PD_MECH_DEFERRED,-1,-1,-1,-1,-1,-1,-1,-1,-1,false
global-demand-boom,seed-4,JPQ,29,,PD_MECH_DEFERRED,-1,-1,-1,-1,-1,-1,-1,-1,-1,false
global-demand-boom,seed-4,CONSV,29,,PD_MECH_DEFERRED,-1,-1,-1,-1,-1,-1,-1,-1,-1,false
global-demand-boom,seed-4,VAP,29,,PD_MECH_DEFERRED,-1,-1,-1,-1,-1,-1,-1,-1,-1,false
global-demand-boom,seed-4,MASS,30,MASS-F1,PD_MECH_CONSIDERED,0.6354525617526403,-1,-1,-1,-1,-1,-1,-1,-1,false
global-demand-boom,seed-4,MASS,30,MASS-F1,PD_MECH_PAYBACK_UNATTRACTIVE,-1,3640.19,121.33966666666663,121339.66666666663,2500000,20.60332015636547,0.7916666666666666,1,9.5,false
global-demand-boom,seed-4,MASS,30,MASS-NEWF-MASS-CAPEX-3,PD_MECH_CONSIDERED,0.6354517543859649,-1,-1,-1,-1,-1,-1,-1,-1,false
global-demand-boom,seed-4,MASS,30,MASS-NEWF-MASS-CAPEX-3,PD_MECH_PAYBACK_UNATTRACTIVE,-1,4346.49,144.88300000000004,144883.00000000003,2500000,17.255302554474987,0.7916666666666666,1,9.5,false
global-demand-boom,seed-4,MASS,30,MASS-NEWF-MASS-CAPEX-7,PD_MECH_CONSIDERED,0.563422514619883,-1,-1,-1,-1,-1,-1,-1,-1,false
global-demand-boom,seed-4,MASS,30,MASS-NEWF-MASS-CAPEX-7,PD_MECH_PAYBACK_UNATTRACTIVE,-1,3853.81,128.46033333333332,128460.33333333333,2500000,19.461260415017865,0.7916666666666666,1,9.5,false
global-demand-boom,seed-4,MASS,30,,PD_MECH_DEFERRED,-1,-1,-1,-1,-1,-1,-1,-1,-1,false
global-demand-boom,seed-4,BAL,30,BAL-NEWF-BAL-CAPEX-11,PD_MECH_CONSIDERED,0.6445886939571149,-1,-1,-1,-1,-1,-1,-1,-1,false
global-demand-boom,seed-4,BAL,30,BAL-NEWF-BAL-CAPEX-11,PD_MECH_PAYBACK_UNATTRACTIVE,-1,4408.986666666666,146.9662222222222,146966.2222222222,2500000,17.01071145599594,1,1,12,false
global-demand-boom,seed-4,BAL,30,,PD_MECH_DEFERRED,-1,-1,-1,-1,-1,-1,-1,-1,-1,false
global-demand-boom,seed-4,JPQ,30,,PD_MECH_DEFERRED,-1,-1,-1,-1,-1,-1,-1,-1,-1,false
global-demand-boom,seed-4,CONSV,30,,PD_MECH_DEFERRED,-1,-1,-1,-1,-1,-1,-1,-1,-1,false
global-demand-boom,seed-4,VAP,30,,PD_MECH_DEFERRED,-1,-1,-1,-1,-1,-1,-1,-1,-1,false
global-demand-boom,seed-4,MASS,31,MASS-F1,PD_MECH_CONSIDERED,0.48858689011084927,-1,-1,-1,-1,-1,-1,-1,-1,false
global-demand-boom,seed-4,MASS,31,MASS-F1,PD_MECH_LOW_UTILIZATION,0.48858689011084927,-1,-1,-1,-1,-1,-1,-1,-1,false
global-demand-boom,seed-4,MASS,31,MASS-NEWF-MASS-CAPEX-3,PD_MECH_CONSIDERED,0.4885877192982456,-1,-1,-1,-1,-1,-1,-1,-1,false
global-demand-boom,seed-4,MASS,31,MASS-NEWF-MASS-CAPEX-3,PD_MECH_LOW_UTILIZATION,0.4885877192982456,-1,-1,-1,-1,-1,-1,-1,-1,false
global-demand-boom,seed-4,MASS,31,MASS-NEWF-MASS-CAPEX-7,PD_MECH_CONSIDERED,0.4885877192982456,-1,-1,-1,-1,-1,-1,-1,-1,false
global-demand-boom,seed-4,MASS,31,MASS-NEWF-MASS-CAPEX-7,PD_MECH_LOW_UTILIZATION,0.4885877192982456,-1,-1,-1,-1,-1,-1,-1,-1,false
global-demand-boom,seed-4,MASS,31,,PD_MECH_DEFERRED,-1,-1,-1,-1,-1,-1,-1,-1,-1,false
global-demand-boom,seed-4,BAL,31,BAL-NEWF-BAL-CAPEX-11,PD_MECH_CONSIDERED,0.7105891812865498,-1,-1,-1,-1,-1,-1,-1,-1,false
global-demand-boom,seed-4,BAL,31,BAL-NEWF-BAL-CAPEX-11,PD_MECH_PAYBACK_UNATTRACTIVE,-1,4860.43,162.0143333333333,162014.33333333328,2500000,15.4307334947731,1,1,12,false
global-demand-boom,seed-4,BAL,31,,PD_MECH_DEFERRED,-1,-1,-1,-1,-1,-1,-1,-1,-1,false
global-demand-boom,seed-4,JPQ,31,,PD_MECH_DEFERRED,-1,-1,-1,-1,-1,-1,-1,-1,-1,false
global-demand-boom,seed-4,CONSV,31,,PD_MECH_DEFERRED,-1,-1,-1,-1,-1,-1,-1,-1,-1,false
global-demand-boom,seed-4,VAP,31,,PD_MECH_DEFERRED,-1,-1,-1,-1,-1,-1,-1,-1,-1,false
global-demand-boom,seed-4,MASS,32,MASS-F1,PD_MECH_CONSIDERED,0.45511390416339353,-1,-1,-1,-1,-1,-1,-1,-1,false
global-demand-boom,seed-4,MASS,32,MASS-F1,PD_MECH_LOW_UTILIZATION,0.45511390416339353,-1,-1,-1,-1,-1,-1,-1,-1,false
global-demand-boom,seed-4,MASS,32,MASS-NEWF-MASS-CAPEX-3,PD_MECH_CONSIDERED,0.4551140350877193,-1,-1,-1,-1,-1,-1,-1,-1,false
global-demand-boom,seed-4,MASS,32,MASS-NEWF-MASS-CAPEX-3,PD_MECH_LOW_UTILIZATION,0.4551140350877193,-1,-1,-1,-1,-1,-1,-1,-1,false
global-demand-boom,seed-4,MASS,32,MASS-NEWF-MASS-CAPEX-7,PD_MECH_CONSIDERED,0.4551140350877193,-1,-1,-1,-1,-1,-1,-1,-1,false
global-demand-boom,seed-4,MASS,32,MASS-NEWF-MASS-CAPEX-7,PD_MECH_LOW_UTILIZATION,0.4551140350877193,-1,-1,-1,-1,-1,-1,-1,-1,false
global-demand-boom,seed-4,MASS,32,,PD_MECH_DEFERRED,-1,-1,-1,-1,-1,-1,-1,-1,-1,false
global-demand-boom,seed-4,BAL,32,BAL-NEWF-BAL-CAPEX-11,PD_MECH_CONSIDERED,0.7585687134502923,-1,-1,-1,-1,-1,-1,-1,-1,false
global-demand-boom,seed-4,BAL,32,BAL-NEWF-BAL-CAPEX-11,PD_MECH_PAYBACK_UNATTRACTIVE,-1,5188.61,172.95366666666666,172953.66666666666,2500000,14.4547383595992,1,1,12,false
global-demand-boom,seed-4,BAL,32,,PD_MECH_DEFERRED,-1,-1,-1,-1,-1,-1,-1,-1,-1,false
global-demand-boom,seed-4,JPQ,32,JPQ-NEWF-JPQ-CAPEX-10,PD_MECH_CONSIDERED,0,-1,-1,-1,-1,-1,-1,-1,-1,false
global-demand-boom,seed-4,JPQ,32,JPQ-NEWF-JPQ-CAPEX-10,PD_MECH_LOW_UTILIZATION,0,-1,-1,-1,-1,-1,-1,-1,-1,false
global-demand-boom,seed-4,JPQ,32,,PD_MECH_DEFERRED,-1,-1,-1,-1,-1,-1,-1,-1,-1,false
global-demand-boom,seed-4,CONSV,32,,PD_MECH_DEFERRED,-1,-1,-1,-1,-1,-1,-1,-1,-1,false
global-demand-boom,seed-4,VAP,32,,PD_MECH_DEFERRED,-1,-1,-1,-1,-1,-1,-1,-1,-1,false
global-demand-boom,seed-5,MASS,1,MASS-F1,PD_MECH_CONSIDERED,0,-1,-1,-1,-1,-1,-1,-1,-1,false
global-demand-boom,seed-5,MASS,1,MASS-F1,PD_MECH_LOW_UTILIZATION,0,-1,-1,-1,-1,-1,-1,-1,-1,false
global-demand-boom,seed-5,MASS,1,,PD_MECH_DEFERRED,-1,-1,-1,-1,-1,-1,-1,-1,-1,false
global-demand-boom,seed-5,BAL,1,BAL-F1,PD_MECH_CONSIDERED,0,-1,-1,-1,-1,-1,-1,-1,-1,false
global-demand-boom,seed-5,BAL,1,BAL-F1,PD_MECH_LOW_UTILIZATION,0,-1,-1,-1,-1,-1,-1,-1,-1,false
global-demand-boom,seed-5,BAL,1,,PD_MECH_DEFERRED,-1,-1,-1,-1,-1,-1,-1,-1,-1,false
global-demand-boom,seed-5,JPQ,1,JPQ-F1,PD_MECH_CONSIDERED,0,-1,-1,-1,-1,-1,-1,-1,-1,false
global-demand-boom,seed-5,JPQ,1,JPQ-F1,PD_MECH_LOW_UTILIZATION,0,-1,-1,-1,-1,-1,-1,-1,-1,false
global-demand-boom,seed-5,JPQ,1,,PD_MECH_DEFERRED,-1,-1,-1,-1,-1,-1,-1,-1,-1,false
global-demand-boom,seed-5,CONSV,1,CONSV-F1,PD_MECH_CONSIDERED,0,-1,-1,-1,-1,-1,-1,-1,-1,false
global-demand-boom,seed-5,CONSV,1,CONSV-F1,PD_MECH_LOW_UTILIZATION,0,-1,-1,-1,-1,-1,-1,-1,-1,false
global-demand-boom,seed-5,CONSV,1,,PD_MECH_DEFERRED,-1,-1,-1,-1,-1,-1,-1,-1,-1,false
global-demand-boom,seed-5,VAP,1,VAP-F1,PD_MECH_CONSIDERED,0,-1,-1,-1,-1,-1,-1,-1,-1,false
global-demand-boom,seed-5,VAP,1,VAP-F1,PD_MECH_LOW_UTILIZATION,0,-1,-1,-1,-1,-1,-1,-1,-1,false
global-demand-boom,seed-5,VAP,1,,PD_MECH_DEFERRED,-1,-1,-1,-1,-1,-1,-1,-1,-1,false
global-demand-boom,seed-5,MASS,2,MASS-F1,PD_MECH_CONSIDERED,0.7883040935672515,-1,-1,-1,-1,-1,-1,-1,-1,false
global-demand-boom,seed-5,MASS,2,MASS-F1,PD_MECH_PAYBACK_UNATTRACTIVE,-1,4044.0000000000005,134.79999999999995,134799.99999999994,2500000,18.545994065281906,0.7916666666666666,1,9.5,false
global-demand-boom,seed-5,MASS,2,,PD_MECH_DEFERRED,-1,-1,-1,-1,-1,-1,-1,-1,-1,false
global-demand-boom,seed-5,BAL,2,BAL-F1,PD_MECH_CONSIDERED,0.9271929824561403,-1,-1,-1,-1,-1,-1,-1,-1,false
global-demand-boom,seed-5,BAL,2,BAL-F1,PD_MECH_PAYBACK_UNATTRACTIVE,-1,5549.25,184.9749999999999,184974.9999999999,2500000,13.515339910798764,1,1,12,false
global-demand-boom,seed-5,BAL,2,,PD_MECH_DEFERRED,-1,-1,-1,-1,-1,-1,-1,-1,-1,false
global-demand-boom,seed-5,JPQ,2,JPQ-F1,PD_MECH_CONSIDERED,1,-1,-1,-1,-1,-1,-1,-1,-1,false
global-demand-boom,seed-5,JPQ,2,,PD_MECH_FINANCE_BLOCKED,-1,-1,-1,-1,2500000,-1,-1,-1,-1,false
global-demand-boom,seed-5,CONSV,2,CONSV-F1,PD_MECH_CONSIDERED,1,-1,-1,-1,-1,-1,-1,-1,-1,false
global-demand-boom,seed-5,CONSV,2,,PD_MECH_FINANCE_BLOCKED,-1,-1,-1,-1,2500000,-1,-1,-1,-1,false
global-demand-boom,seed-5,VAP,2,VAP-F1,PD_MECH_CONSIDERED,1,-1,-1,-1,-1,-1,-1,-1,-1,false
global-demand-boom,seed-5,VAP,2,,PD_MECH_FINANCE_BLOCKED,-1,-1,-1,-1,2500000,-1,-1,-1,-1,false
global-demand-boom,seed-5,MASS,3,MASS-F1,PD_MECH_CONSIDERED,0.6222183235867447,-1,-1,-1,-1,-1,-1,-1,-1,false
global-demand-boom,seed-5,MASS,3,MASS-F1,PD_MECH_PAYBACK_UNATTRACTIVE,-1,3191.98,106.39933333333329,106399.33333333328,2500000,23.496387821978846,0.7916666666666666,1,9.5,false
global-demand-boom,seed-5,MASS,3,,PD_MECH_DEFERRED,-1,-1,-1,-1,-1,-1,-1,-1,-1,false
global-demand-boom,seed-5,BAL,3,BAL-F1,PD_MECH_CONSIDERED,1,-1,-1,-1,-1,-1,-1,-1,-1,false
global-demand-boom,seed-5,BAL,3,BAL-F1,PD_MECH_PAYBACK_UNATTRACTIVE,-1,5985,199.5,199500,2500000,12.531328320802006,1,1,12,false
global-demand-boom,seed-5,BAL,3,,PD_MECH_DEFERRED,-1,-1,-1,-1,-1,-1,-1,-1,-1,false
global-demand-boom,seed-5,JPQ,3,JPQ-F1,PD_MECH_CONSIDERED,0.8874108187134503,-1,-1,-1,-1,-1,-1,-1,-1,false
global-demand-boom,seed-5,JPQ,3,,PD_MECH_FINANCE_BLOCKED,-1,-1,-1,-1,2500000,-1,-1,-1,-1,false
global-demand-boom,seed-5,CONSV,3,CONSV-F1,PD_MECH_CONSIDERED,0.8540601503759399,-1,-1,-1,-1,-1,-1,-1,-1,false
global-demand-boom,seed-5,CONSV,3,CONSV-F1,PD_MECH_PAYBACK_UNATTRACTIVE,-1,5111.55,170.385,170385,2500000,14.672653109135194,1.2105263157894737,1.05,13.834586466165414,false
global-demand-boom,seed-5,CONSV,3,,PD_MECH_DEFERRED,-1,-1,-1,-1,-1,-1,-1,-1,-1,false
global-demand-boom,seed-5,VAP,3,VAP-F1,PD_MECH_CONSIDERED,0.9596881091617934,-1,-1,-1,-1,-1,-1,-1,-1,false
global-demand-boom,seed-5,VAP,3,,PD_MECH_FINANCE_BLOCKED,-1,-1,-1,-1,2500000,-1,-1,-1,-1,false
global-demand-boom,seed-5,MASS,4,MASS-F1,PD_MECH_CONSIDERED,1,-1,-1,-1,-1,-1,-1,-1,-1,false
global-demand-boom,seed-5,MASS,4,MASS-F1,PD_MECH_PAYBACK_UNATTRACTIVE,-1,5130,171,171000,2500000,14.619883040935672,0.7916666666666666,1,9.5,false
global-demand-boom,seed-5,MASS,4,,PD_MECH_DEFERRED,-1,-1,-1,-1,-1,-1,-1,-1,-1,false
global-demand-boom,seed-5,BAL,4,BAL-F1,PD_MECH_CONSIDERED,1,-1,-1,-1,-1,-1,-1,-1,-1,false
global-demand-boom,seed-5,BAL,4,BAL-F1,PD_MECH_PAYBACK_UNATTRACTIVE,-1,5985,199.5,199500,2500000,12.531328320802006,1,1,12,false
global-demand-boom,seed-5,BAL,4,,PD_MECH_DEFERRED,-1,-1,-1,-1,-1,-1,-1,-1,-1,false
global-demand-boom,seed-5,JPQ,4,JPQ-F1,PD_MECH_CONSIDERED,0.9442616959064327,-1,-1,-1,-1,-1,-1,-1,-1,false
global-demand-boom,seed-5,JPQ,4,,PD_MECH_FINANCE_BLOCKED,-1,-1,-1,-1,2500000,-1,-1,-1,-1,false
global-demand-boom,seed-5,CONSV,4,CONSV-F1,PD_MECH_CONSIDERED,0.9301487050960735,-1,-1,-1,-1,-1,-1,-1,-1,false
global-demand-boom,seed-5,CONSV,4,CONSV-F1,PD_MECH_PROPOSED,-1,5566.94,185.56466666666665,185564.66666666666,2500000,13.472392373548125,1.2105263157894737,1.05,13.834586466165414,true
global-demand-boom,seed-5,VAP,4,VAP-F1,PD_MECH_CONSIDERED,0.8901832358674464,-1,-1,-1,-1,-1,-1,-1,-1,false
global-demand-boom,seed-5,VAP,4,,PD_MECH_FINANCE_BLOCKED,-1,-1,-1,-1,2500000,-1,-1,-1,-1,false
global-demand-boom,seed-5,MASS,5,MASS-F1,PD_MECH_CONSIDERED,0.546233918128655,-1,-1,-1,-1,-1,-1,-1,-1,false
global-demand-boom,seed-5,MASS,5,MASS-F1,PD_MECH_PAYBACK_UNATTRACTIVE,-1,2802.18,93.40599999999995,93405.99999999994,2500000,26.764875918035262,0.7916666666666666,1,9.5,false
global-demand-boom,seed-5,MASS,5,,PD_MECH_DEFERRED,-1,-1,-1,-1,-1,-1,-1,-1,-1,false
global-demand-boom,seed-5,BAL,5,BAL-F1,PD_MECH_CONSIDERED,1,-1,-1,-1,-1,-1,-1,-1,-1,false
global-demand-boom,seed-5,BAL,5,BAL-F1,PD_MECH_PAYBACK_UNATTRACTIVE,-1,5985,199.5,199500,2500000,12.531328320802006,1,1,12,false
global-demand-boom,seed-5,BAL,5,,PD_MECH_DEFERRED,-1,-1,-1,-1,-1,-1,-1,-1,-1,false
global-demand-boom,seed-5,JPQ,5,JPQ-F1,PD_MECH_CONSIDERED,0.960016081871345,-1,-1,-1,-1,-1,-1,-1,-1,false
global-demand-boom,seed-5,JPQ,5,,PD_MECH_FINANCE_BLOCKED,-1,-1,-1,-1,2500000,-1,-1,-1,-1,false
global-demand-boom,seed-5,CONSV,5,,PD_MECH_DEFERRED,-1,-1,-1,-1,-1,-1,-1,-1,-1,false
global-demand-boom,seed-5,VAP,5,VAP-F1,PD_MECH_CONSIDERED,1,-1,-1,-1,-1,-1,-1,-1,-1,false
global-demand-boom,seed-5,VAP,5,,PD_MECH_FINANCE_BLOCKED,-1,-1,-1,-1,2500000,-1,-1,-1,-1,false
global-demand-boom,seed-5,MASS,6,MASS-F1,PD_MECH_CONSIDERED,0.989588693957115,-1,-1,-1,-1,-1,-1,-1,-1,false
global-demand-boom,seed-5,MASS,6,MASS-F1,PD_MECH_PAYBACK_UNATTRACTIVE,-1,5076.59,169.21966666666663,169219.66666666663,2500000,14.77369651675633,0.7916666666666666,1,9.5,false
global-demand-boom,seed-5,MASS,6,,PD_MECH_DEFERRED,-1,-1,-1,-1,-1,-1,-1,-1,-1,false
global-demand-boom,seed-5,BAL,6,BAL-F1,PD_MECH_CONSIDERED,1,-1,-1,-1,-1,-1,-1,-1,-1,false
global-demand-boom,seed-5,BAL,6,,PD_MECH_FINANCE_BLOCKED,-1,-1,-1,-1,2500000,-1,-1,-1,-1,false
global-demand-boom,seed-5,JPQ,6,JPQ-F1,PD_MECH_CONSIDERED,0.8883011695906432,-1,-1,-1,-1,-1,-1,-1,-1,false
global-demand-boom,seed-5,JPQ,6,,PD_MECH_FINANCE_BLOCKED,-1,-1,-1,-1,2500000,-1,-1,-1,-1,false
global-demand-boom,seed-5,CONSV,6,,PD_MECH_DEFERRED,-1,-1,-1,-1,-1,-1,-1,-1,-1,false
global-demand-boom,seed-5,VAP,6,VAP-F1,PD_MECH_CONSIDERED,1,-1,-1,-1,-1,-1,-1,-1,-1,false
global-demand-boom,seed-5,VAP,6,,PD_MECH_FINANCE_BLOCKED,-1,-1,-1,-1,2500000,-1,-1,-1,-1,false
global-demand-boom,seed-5,MASS,7,MASS-F1,PD_MECH_CONSIDERED,0.5732514619883041,-1,-1,-1,-1,-1,-1,-1,-1,false
global-demand-boom,seed-5,MASS,7,MASS-F1,PD_MECH_PAYBACK_UNATTRACTIVE,-1,2940.78,98.02600000000001,98026.00000000001,2500000,25.503437863423986,0.7916666666666666,1,9.5,false
global-demand-boom,seed-5,MASS,7,,PD_MECH_DEFERRED,-1,-1,-1,-1,-1,-1,-1,-1,-1,false
global-demand-boom,seed-5,BAL,7,BAL-F1,PD_MECH_CONSIDERED,1,-1,-1,-1,-1,-1,-1,-1,-1,false
global-demand-boom,seed-5,BAL,7,BAL-F1,PD_MECH_PROPOSED,-1,6284.25,209.4749999999999,209474.9999999999,2500000,11.93459840076382,1,1,12,true
global-demand-boom,seed-5,JPQ,7,JPQ-F1,PD_MECH_CONSIDERED,0.8780453216374269,-1,-1,-1,-1,-1,-1,-1,-1,false
global-demand-boom,seed-5,JPQ,7,,PD_MECH_FINANCE_BLOCKED,-1,-1,-1,-1,2500000,-1,-1,-1,-1,false
global-demand-boom,seed-5,CONSV,7,,PD_MECH_DEFERRED,-1,-1,-1,-1,-1,-1,-1,-1,-1,false
global-demand-boom,seed-5,VAP,7,VAP-F1,PD_MECH_CONSIDERED,1,-1,-1,-1,-1,-1,-1,-1,-1,false
global-demand-boom,seed-5,VAP,7,,PD_MECH_FINANCE_BLOCKED,-1,-1,-1,-1,2500000,-1,-1,-1,-1,false
global-demand-boom,seed-5,MASS,8,MASS-F1,PD_MECH_CONSIDERED,0.9481773879142299,-1,-1,-1,-1,-1,-1,-1,-1,false
global-demand-boom,seed-5,MASS,8,MASS-F1,PD_MECH_PAYBACK_UNATTRACTIVE,-1,4864.15,162.13833333333332,162138.3333333333,2500000,15.418932393121102,0.7916666666666666,1,9.5,false
global-demand-boom,seed-5,MASS,8,,PD_MECH_DEFERRED,-1,-1,-1,-1,-1,-1,-1,-1,-1,false
global-demand-boom,seed-5,BAL,8,,PD_MECH_DEFERRED,-1,-1,-1,-1,-1,-1,-1,-1,-1,false
global-demand-boom,seed-5,JPQ,8,JPQ-F1,PD_MECH_CONSIDERED,0.8573201754385964,-1,-1,-1,-1,-1,-1,-1,-1,false
global-demand-boom,seed-5,JPQ,8,JPQ-F1,PD_MECH_PROPOSED,-1,5864.07,195.46899999999994,195468.99999999994,2500000,12.78975182765554,1.1176470588235294,1,13.411764705882353,true
global-demand-boom,seed-5,CONSV,8,,PD_MECH_DEFERRED,-1,-1,-1,-1,-1,-1,-1,-1,-1,false
global-demand-boom,seed-5,VAP,8,VAP-F1,PD_MECH_CONSIDERED,1,-1,-1,-1,-1,-1,-1,-1,-1,false
global-demand-boom,seed-5,VAP,8,VAP-F1,PD_MECH_PROPOSED,-1,5130,171,171000,2500000,14.619883040935672,1.411764705882353,1,16.941176470588236,true
global-demand-boom,seed-5,MASS,9,MASS-F1,PD_MECH_CONSIDERED,0.881140350877193,-1,-1,-1,-1,-1,-1,-1,-1,false
global-demand-boom,seed-5,MASS,9,MASS-F1,PD_MECH_PAYBACK_UNATTRACTIVE,-1,4520.25,150.67499999999995,150674.99999999994,2500000,16.59200265472043,0.7916666666666666,1,9.5,false
global-demand-boom,seed-5,MASS,9,,PD_MECH_DEFERRED,-1,-1,-1,-1,-1,-1,-1,-1,-1,false
global-demand-boom,seed-5,BAL,9,,PD_MECH_DEFERRED,-1,-1,-1,-1,-1,-1,-1,-1,-1,false
global-demand-boom,seed-5,JPQ,9,,PD_MECH_DEFERRED,-1,-1,-1,-1,-1,-1,-1,-1,-1,false
global-demand-boom,seed-5,CONSV,9,,PD_MECH_DEFERRED,-1,-1,-1,-1,-1,-1,-1,-1,-1,false
global-demand-boom,seed-5,VAP,9,,PD_MECH_DEFERRED,-1,-1,-1,-1,-1,-1,-1,-1,-1,false
global-demand-boom,seed-5,MASS,10,MASS-F1,PD_MECH_CONSIDERED,0.9597309941520468,-1,-1,-1,-1,-1,-1,-1,-1,false
global-demand-boom,seed-5,MASS,10,MASS-F1,PD_MECH_PAYBACK_UNATTRACTIVE,-1,4923.42,164.11399999999992,164113.9999999999,2500000,15.233313428470462,0.7916666666666666,1,9.5,false
global-demand-boom,seed-5,MASS,10,,PD_MECH_DEFERRED,-1,-1,-1,-1,-1,-1,-1,-1,-1,false
global-demand-boom,seed-5,BAL,10,,PD_MECH_DEFERRED,-1,-1,-1,-1,-1,-1,-1,-1,-1,false
global-demand-boom,seed-5,JPQ,10,,PD_MECH_DEFERRED,-1,-1,-1,-1,-1,-1,-1,-1,-1,false
global-demand-boom,seed-5,CONSV,10,,PD_MECH_DEFERRED,-1,-1,-1,-1,-1,-1,-1,-1,-1,false
global-demand-boom,seed-5,VAP,10,,PD_MECH_DEFERRED,-1,-1,-1,-1,-1,-1,-1,-1,-1,false
global-demand-boom,seed-5,MASS,11,MASS-F1,PD_MECH_CONSIDERED,0.5346471734892787,-1,-1,-1,-1,-1,-1,-1,-1,false
global-demand-boom,seed-5,MASS,11,MASS-F1,PD_MECH_PAYBACK_UNATTRACTIVE,-1,2742.74,91.42466666666672,91424.66666666673,2500000,27.344917855866743,0.7916666666666666,1,9.5,false
global-demand-boom,seed-5,MASS,11,,PD_MECH_DEFERRED,-1,-1,-1,-1,-1,-1,-1,-1,-1,false
global-demand-boom,seed-5,BAL,11,,PD_MECH_DEFERRED,-1,-1,-1,-1,-1,-1,-1,-1,-1,false
global-demand-boom,seed-5,JPQ,11,,PD_MECH_DEFERRED,-1,-1,-1,-1,-1,-1,-1,-1,-1,false
global-demand-boom,seed-5,CONSV,11,,PD_MECH_DEFERRED,-1,-1,-1,-1,-1,-1,-1,-1,-1,false
global-demand-boom,seed-5,VAP,11,,PD_MECH_DEFERRED,-1,-1,-1,-1,-1,-1,-1,-1,-1,false
global-demand-boom,seed-5,MASS,12,MASS-F1,PD_MECH_CONSIDERED,1,-1,-1,-1,-1,-1,-1,-1,-1,false
global-demand-boom,seed-5,MASS,12,MASS-F1,PD_MECH_PAYBACK_UNATTRACTIVE,-1,5130,171,171000,2500000,14.619883040935672,0.7916666666666666,1,9.5,false
global-demand-boom,seed-5,MASS,12,,PD_MECH_DEFERRED,-1,-1,-1,-1,-1,-1,-1,-1,-1,false
global-demand-boom,seed-5,BAL,12,,PD_MECH_DEFERRED,-1,-1,-1,-1,-1,-1,-1,-1,-1,false
global-demand-boom,seed-5,JPQ,12,,PD_MECH_DEFERRED,-1,-1,-1,-1,-1,-1,-1,-1,-1,false
global-demand-boom,seed-5,CONSV,12,,PD_MECH_DEFERRED,-1,-1,-1,-1,-1,-1,-1,-1,-1,false
global-demand-boom,seed-5,VAP,12,,PD_MECH_DEFERRED,-1,-1,-1,-1,-1,-1,-1,-1,-1,false
global-demand-boom,seed-5,MASS,13,MASS-F1,PD_MECH_CONSIDERED,1,-1,-1,-1,-1,-1,-1,-1,-1,false
global-demand-boom,seed-5,MASS,13,MASS-F1,PD_MECH_PAYBACK_UNATTRACTIVE,-1,5130,171,171000,2500000,14.619883040935672,0.7916666666666666,1,9.5,false
global-demand-boom,seed-5,MASS,13,,PD_MECH_DEFERRED,-1,-1,-1,-1,-1,-1,-1,-1,-1,false
global-demand-boom,seed-5,BAL,13,,PD_MECH_DEFERRED,-1,-1,-1,-1,-1,-1,-1,-1,-1,false
global-demand-boom,seed-5,JPQ,13,,PD_MECH_DEFERRED,-1,-1,-1,-1,-1,-1,-1,-1,-1,false
global-demand-boom,seed-5,CONSV,13,,PD_MECH_DEFERRED,-1,-1,-1,-1,-1,-1,-1,-1,-1,false
global-demand-boom,seed-5,VAP,13,,PD_MECH_DEFERRED,-1,-1,-1,-1,-1,-1,-1,-1,-1,false
global-demand-boom,seed-5,MASS,14,MASS-F1,PD_MECH_CONSIDERED,1,-1,-1,-1,-1,-1,-1,-1,-1,false
global-demand-boom,seed-5,MASS,14,MASS-F1,PD_MECH_PAYBACK_UNATTRACTIVE,-1,5130,171,171000,2500000,14.619883040935672,0.7916666666666666,1,9.5,false
global-demand-boom,seed-5,MASS,14,,PD_MECH_DEFERRED,-1,-1,-1,-1,-1,-1,-1,-1,-1,false
global-demand-boom,seed-5,BAL,14,,PD_MECH_DEFERRED,-1,-1,-1,-1,-1,-1,-1,-1,-1,false
global-demand-boom,seed-5,JPQ,14,,PD_MECH_DEFERRED,-1,-1,-1,-1,-1,-1,-1,-1,-1,false
global-demand-boom,seed-5,CONSV,14,,PD_MECH_DEFERRED,-1,-1,-1,-1,-1,-1,-1,-1,-1,false
global-demand-boom,seed-5,VAP,14,,PD_MECH_DEFERRED,-1,-1,-1,-1,-1,-1,-1,-1,-1,false
global-demand-boom,seed-5,MASS,15,MASS-F1,PD_MECH_CONSIDERED,1,-1,-1,-1,-1,-1,-1,-1,-1,false
global-demand-boom,seed-5,MASS,15,MASS-F1,PD_MECH_PAYBACK_UNATTRACTIVE,-1,5130,171,171000,2500000,14.619883040935672,0.7916666666666666,1,9.5,false
global-demand-boom,seed-5,MASS,15,,PD_MECH_DEFERRED,-1,-1,-1,-1,-1,-1,-1,-1,-1,false
global-demand-boom,seed-5,BAL,15,,PD_MECH_DEFERRED,-1,-1,-1,-1,-1,-1,-1,-1,-1,false
global-demand-boom,seed-5,JPQ,15,,PD_MECH_DEFERRED,-1,-1,-1,-1,-1,-1,-1,-1,-1,false
global-demand-boom,seed-5,CONSV,15,,PD_MECH_DEFERRED,-1,-1,-1,-1,-1,-1,-1,-1,-1,false
global-demand-boom,seed-5,VAP,15,,PD_MECH_DEFERRED,-1,-1,-1,-1,-1,-1,-1,-1,-1,false
global-demand-boom,seed-5,MASS,16,MASS-F1,PD_MECH_CONSIDERED,1,-1,-1,-1,-1,-1,-1,-1,-1,false
global-demand-boom,seed-5,MASS,16,MASS-F1,PD_MECH_PAYBACK_UNATTRACTIVE,-1,5130,171,171000,2500000,14.619883040935672,0.7916666666666666,1,9.5,false
global-demand-boom,seed-5,MASS,16,,PD_MECH_DEFERRED,-1,-1,-1,-1,-1,-1,-1,-1,-1,false
global-demand-boom,seed-5,BAL,16,,PD_MECH_DEFERRED,-1,-1,-1,-1,-1,-1,-1,-1,-1,false
global-demand-boom,seed-5,JPQ,16,,PD_MECH_DEFERRED,-1,-1,-1,-1,-1,-1,-1,-1,-1,false
global-demand-boom,seed-5,CONSV,16,,PD_MECH_DEFERRED,-1,-1,-1,-1,-1,-1,-1,-1,-1,false
global-demand-boom,seed-5,VAP,16,,PD_MECH_DEFERRED,-1,-1,-1,-1,-1,-1,-1,-1,-1,false
global-demand-boom,seed-5,MASS,17,MASS-F1,PD_MECH_CONSIDERED,1,-1,-1,-1,-1,-1,-1,-1,-1,false
global-demand-boom,seed-5,MASS,17,MASS-F1,PD_MECH_PAYBACK_UNATTRACTIVE,-1,5130,171,171000,2500000,14.619883040935672,0.7916666666666666,1,9.5,false
global-demand-boom,seed-5,MASS,17,,PD_MECH_DEFERRED,-1,-1,-1,-1,-1,-1,-1,-1,-1,false
global-demand-boom,seed-5,BAL,17,,PD_MECH_DEFERRED,-1,-1,-1,-1,-1,-1,-1,-1,-1,false
global-demand-boom,seed-5,JPQ,17,,PD_MECH_DEFERRED,-1,-1,-1,-1,-1,-1,-1,-1,-1,false
global-demand-boom,seed-5,CONSV,17,,PD_MECH_DEFERRED,-1,-1,-1,-1,-1,-1,-1,-1,-1,false
global-demand-boom,seed-5,VAP,17,,PD_MECH_DEFERRED,-1,-1,-1,-1,-1,-1,-1,-1,-1,false
global-demand-boom,seed-5,MASS,18,MASS-F1,PD_MECH_CONSIDERED,1,-1,-1,-1,-1,-1,-1,-1,-1,false
global-demand-boom,seed-5,MASS,18,MASS-F1,PD_MECH_PAYBACK_UNATTRACTIVE,-1,5429.25,180.9749999999999,180974.9999999999,2500000,13.814062715844736,0.7916666666666666,1,9.5,false
global-demand-boom,seed-5,MASS,18,,PD_MECH_DEFERRED,-1,-1,-1,-1,-1,-1,-1,-1,-1,false
global-demand-boom,seed-5,BAL,18,,PD_MECH_DEFERRED,-1,-1,-1,-1,-1,-1,-1,-1,-1,false
global-demand-boom,seed-5,JPQ,18,,PD_MECH_DEFERRED,-1,-1,-1,-1,-1,-1,-1,-1,-1,false
global-demand-boom,seed-5,CONSV,18,,PD_MECH_DEFERRED,-1,-1,-1,-1,-1,-1,-1,-1,-1,false
global-demand-boom,seed-5,VAP,18,,PD_MECH_DEFERRED,-1,-1,-1,-1,-1,-1,-1,-1,-1,false
global-demand-boom,seed-5,MASS,19,MASS-F1,PD_MECH_CONSIDERED,1,-1,-1,-1,-1,-1,-1,-1,-1,false
global-demand-boom,seed-5,MASS,19,MASS-F1,PD_MECH_PAYBACK_UNATTRACTIVE,-1,5429.25,180.9749999999999,180974.9999999999,2500000,13.814062715844736,0.7916666666666666,1,9.5,false
global-demand-boom,seed-5,MASS,19,,PD_MECH_DEFERRED,-1,-1,-1,-1,-1,-1,-1,-1,-1,false
global-demand-boom,seed-5,BAL,19,,PD_MECH_DEFERRED,-1,-1,-1,-1,-1,-1,-1,-1,-1,false
global-demand-boom,seed-5,JPQ,19,,PD_MECH_DEFERRED,-1,-1,-1,-1,-1,-1,-1,-1,-1,false
global-demand-boom,seed-5,CONSV,19,,PD_MECH_DEFERRED,-1,-1,-1,-1,-1,-1,-1,-1,-1,false
global-demand-boom,seed-5,VAP,19,,PD_MECH_DEFERRED,-1,-1,-1,-1,-1,-1,-1,-1,-1,false
global-demand-boom,seed-5,MASS,20,MASS-F1,PD_MECH_CONSIDERED,1,-1,-1,-1,-1,-1,-1,-1,-1,false
global-demand-boom,seed-5,MASS,20,MASS-F1,PD_MECH_PAYBACK_UNATTRACTIVE,-1,5429.25,180.9749999999999,180974.9999999999,2500000,13.814062715844736,0.7916666666666666,1,9.5,false
global-demand-boom,seed-5,MASS,20,,PD_MECH_DEFERRED,-1,-1,-1,-1,-1,-1,-1,-1,-1,false
global-demand-boom,seed-5,BAL,20,,PD_MECH_DEFERRED,-1,-1,-1,-1,-1,-1,-1,-1,-1,false
global-demand-boom,seed-5,JPQ,20,,PD_MECH_DEFERRED,-1,-1,-1,-1,-1,-1,-1,-1,-1,false
global-demand-boom,seed-5,CONSV,20,,PD_MECH_DEFERRED,-1,-1,-1,-1,-1,-1,-1,-1,-1,false
global-demand-boom,seed-5,VAP,20,,PD_MECH_DEFERRED,-1,-1,-1,-1,-1,-1,-1,-1,-1,false
global-demand-boom,seed-5,MASS,21,MASS-F1,PD_MECH_CONSIDERED,1,-1,-1,-1,-1,-1,-1,-1,-1,false
global-demand-boom,seed-5,MASS,21,MASS-F1,PD_MECH_PAYBACK_UNATTRACTIVE,-1,5429.25,180.9749999999999,180974.9999999999,2500000,13.814062715844736,0.7916666666666666,1,9.5,false
global-demand-boom,seed-5,MASS,21,MASS-NEWF-MASS-CAPEX-3,PD_MECH_CONSIDERED,0,-1,-1,-1,-1,-1,-1,-1,-1,false
global-demand-boom,seed-5,MASS,21,MASS-NEWF-MASS-CAPEX-3,PD_MECH_LOW_UTILIZATION,0,-1,-1,-1,-1,-1,-1,-1,-1,false
global-demand-boom,seed-5,MASS,21,,PD_MECH_DEFERRED,-1,-1,-1,-1,-1,-1,-1,-1,-1,false
global-demand-boom,seed-5,BAL,21,,PD_MECH_DEFERRED,-1,-1,-1,-1,-1,-1,-1,-1,-1,false
global-demand-boom,seed-5,JPQ,21,,PD_MECH_DEFERRED,-1,-1,-1,-1,-1,-1,-1,-1,-1,false
global-demand-boom,seed-5,CONSV,21,,PD_MECH_DEFERRED,-1,-1,-1,-1,-1,-1,-1,-1,-1,false
global-demand-boom,seed-5,VAP,21,,PD_MECH_DEFERRED,-1,-1,-1,-1,-1,-1,-1,-1,-1,false
global-demand-boom,seed-5,MASS,22,MASS-F1,PD_MECH_CONSIDERED,1,-1,-1,-1,-1,-1,-1,-1,-1,false
global-demand-boom,seed-5,MASS,22,MASS-F1,PD_MECH_PAYBACK_UNATTRACTIVE,-1,5728.5,190.95000000000005,190950.00000000006,2500000,13.092432573972241,0.7916666666666666,1,9.5,false
global-demand-boom,seed-5,MASS,22,MASS-NEWF-MASS-CAPEX-3,PD_MECH_CONSIDERED,1,-1,-1,-1,-1,-1,-1,-1,-1,false
global-demand-boom,seed-5,MASS,22,MASS-NEWF-MASS-CAPEX-3,PD_MECH_PAYBACK_UNATTRACTIVE,-1,5130,171,171000,2500000,14.619883040935672,0.7916666666666666,1,9.5,false
global-demand-boom,seed-5,MASS,22,,PD_MECH_DEFERRED,-1,-1,-1,-1,-1,-1,-1,-1,-1,false
global-demand-boom,seed-5,BAL,22,,PD_MECH_DEFERRED,-1,-1,-1,-1,-1,-1,-1,-1,-1,false
global-demand-boom,seed-5,JPQ,22,,PD_MECH_DEFERRED,-1,-1,-1,-1,-1,-1,-1,-1,-1,false
global-demand-boom,seed-5,CONSV,22,,PD_MECH_DEFERRED,-1,-1,-1,-1,-1,-1,-1,-1,-1,false
global-demand-boom,seed-5,VAP,22,,PD_MECH_DEFERRED,-1,-1,-1,-1,-1,-1,-1,-1,-1,false
global-demand-boom,seed-5,MASS,23,MASS-F1,PD_MECH_CONSIDERED,0.9518303220738414,-1,-1,-1,-1,-1,-1,-1,-1,false
global-demand-boom,seed-5,MASS,23,MASS-F1,PD_MECH_PAYBACK_UNATTRACTIVE,-1,5452.56,181.75200000000007,181752.00000000006,2500000,13.755006822483379,0.7916666666666666,1,9.5,false
global-demand-boom,seed-5,MASS,23,MASS-NEWF-MASS-CAPEX-3,PD_MECH_CONSIDERED,0,-1,-1,-1,-1,-1,-1,-1,-1,false
global-demand-boom,seed-5,MASS,23,MASS-NEWF-MASS-CAPEX-3,PD_MECH_LOW_UTILIZATION,0,-1,-1,-1,-1,-1,-1,-1,-1,false
global-demand-boom,seed-5,MASS,23,,PD_MECH_DEFERRED,-1,-1,-1,-1,-1,-1,-1,-1,-1,false
global-demand-boom,seed-5,BAL,23,,PD_MECH_DEFERRED,-1,-1,-1,-1,-1,-1,-1,-1,-1,false
global-demand-boom,seed-5,JPQ,23,,PD_MECH_DEFERRED,-1,-1,-1,-1,-1,-1,-1,-1,-1,false
global-demand-boom,seed-5,CONSV,23,,PD_MECH_DEFERRED,-1,-1,-1,-1,-1,-1,-1,-1,-1,false
global-demand-boom,seed-5,VAP,23,,PD_MECH_DEFERRED,-1,-1,-1,-1,-1,-1,-1,-1,-1,false
global-demand-boom,seed-5,MASS,24,MASS-F1,PD_MECH_CONSIDERED,1,-1,-1,-1,-1,-1,-1,-1,-1,false
global-demand-boom,seed-5,MASS,24,MASS-F1,PD_MECH_PAYBACK_UNATTRACTIVE,-1,5728.5,190.95000000000005,190950.00000000006,2500000,13.092432573972241,0.7916666666666666,1,9.5,false
global-demand-boom,seed-5,MASS,24,MASS-NEWF-MASS-CAPEX-3,PD_MECH_CONSIDERED,1,-1,-1,-1,-1,-1,-1,-1,-1,false
global-demand-boom,seed-5,MASS,24,MASS-NEWF-MASS-CAPEX-3,PD_MECH_PAYBACK_UNATTRACTIVE,-1,6840,228,228000,2500000,10.964912280701755,0.7916666666666666,1,9.5,false
global-demand-boom,seed-5,MASS,24,,PD_MECH_DEFERRED,-1,-1,-1,-1,-1,-1,-1,-1,-1,false
global-demand-boom,seed-5,BAL,24,,PD_MECH_DEFERRED,-1,-1,-1,-1,-1,-1,-1,-1,-1,false
global-demand-boom,seed-5,JPQ,24,,PD_MECH_DEFERRED,-1,-1,-1,-1,-1,-1,-1,-1,-1,false
global-demand-boom,seed-5,CONSV,24,,PD_MECH_DEFERRED,-1,-1,-1,-1,-1,-1,-1,-1,-1,false
global-demand-boom,seed-5,VAP,24,,PD_MECH_DEFERRED,-1,-1,-1,-1,-1,-1,-1,-1,-1,false
global-demand-boom,seed-5,MASS,25,MASS-F1,PD_MECH_CONSIDERED,0.9359483285327748,-1,-1,-1,-1,-1,-1,-1,-1,false
global-demand-boom,seed-5,MASS,25,MASS-F1,PD_MECH_PAYBACK_UNATTRACTIVE,-1,5361.58,178.71933333333334,178719.33333333334,2500000,13.988413863077675,0.7916666666666666,1,9.5,false
global-demand-boom,seed-5,MASS,25,MASS-NEWF-MASS-CAPEX-3,PD_MECH_CONSIDERED,0.44714181286549703,-1,-1,-1,-1,-1,-1,-1,-1,false
global-demand-boom,seed-5,MASS,25,MASS-NEWF-MASS-CAPEX-3,PD_MECH_LOW_UTILIZATION,0.44714181286549703,-1,-1,-1,-1,-1,-1,-1,-1,false
global-demand-boom,seed-5,MASS,25,MASS-NEWF-MASS-CAPEX-5,PD_MECH_CONSIDERED,0,-1,-1,-1,-1,-1,-1,-1,-1,false
global-demand-boom,seed-5,MASS,25,MASS-NEWF-MASS-CAPEX-5,PD_MECH_LOW_UTILIZATION,0,-1,-1,-1,-1,-1,-1,-1,-1,false
global-demand-boom,seed-5,MASS,25,,PD_MECH_DEFERRED,-1,-1,-1,-1,-1,-1,-1,-1,-1,false
global-demand-boom,seed-5,BAL,25,,PD_MECH_DEFERRED,-1,-1,-1,-1,-1,-1,-1,-1,-1,false
global-demand-boom,seed-5,JPQ,25,,PD_MECH_DEFERRED,-1,-1,-1,-1,-1,-1,-1,-1,-1,false
global-demand-boom,seed-5,CONSV,25,,PD_MECH_DEFERRED,-1,-1,-1,-1,-1,-1,-1,-1,-1,false
global-demand-boom,seed-5,VAP,25,,PD_MECH_DEFERRED,-1,-1,-1,-1,-1,-1,-1,-1,-1,false
global-demand-boom,seed-5,MASS,26,MASS-F1,PD_MECH_CONSIDERED,0.7065182857641616,-1,-1,-1,-1,-1,-1,-1,-1,false
global-demand-boom,seed-5,MASS,26,MASS-F1,PD_MECH_PAYBACK_UNATTRACTIVE,-1,4047.29,134.90966666666668,134909.6666666667,2500000,18.53091821935171,0.7916666666666666,1,9.5,false
global-demand-boom,seed-5,MASS,26,MASS-NEWF-MASS-CAPEX-3,PD_MECH_CONSIDERED,0.7065175438596492,-1,-1,-1,-1,-1,-1,-1,-1,false
global-demand-boom,seed-5,MASS,26,MASS-NEWF-MASS-CAPEX-3,PD_MECH_PAYBACK_UNATTRACTIVE,-1,4832.58,161.086,161086,2500000,15.51966030567523,0.7916666666666666,1,9.5,false
global-demand-boom,seed-5,MASS,26,MASS-NEWF-MASS-CAPEX-5,PD_MECH_CONSIDERED,0.2772309941520468,-1,-1,-1,-1,-1,-1,-1,-1,false
global-demand-boom,seed-5,MASS,26,MASS-NEWF-MASS-CAPEX-5,PD_MECH_LOW_UTILIZATION,0.2772309941520468,-1,-1,-1,-1,-1,-1,-1,-1,false
global-demand-boom,seed-5,MASS,26,,PD_MECH_DEFERRED,-1,-1,-1,-1,-1,-1,-1,-1,-1,false
global-demand-boom,seed-5,BAL,26,,PD_MECH_DEFERRED,-1,-1,-1,-1,-1,-1,-1,-1,-1,false
global-demand-boom,seed-5,JPQ,26,,PD_MECH_DEFERRED,-1,-1,-1,-1,-1,-1,-1,-1,-1,false
global-demand-boom,seed-5,CONSV,26,,PD_MECH_DEFERRED,-1,-1,-1,-1,-1,-1,-1,-1,-1,false
global-demand-boom,seed-5,VAP,26,,PD_MECH_DEFERRED,-1,-1,-1,-1,-1,-1,-1,-1,-1,false
global-demand-boom,seed-5,MASS,27,MASS-F1,PD_MECH_CONSIDERED,0.6478397486252946,-1,-1,-1,-1,-1,-1,-1,-1,false
global-demand-boom,seed-5,MASS,27,MASS-F1,PD_MECH_PAYBACK_UNATTRACTIVE,-1,3711.15,123.70500000000004,123705.00000000004,2500000,20.20936906349783,0.7916666666666666,1,9.5,false
global-demand-boom,seed-5,MASS,27,MASS-NEWF-MASS-CAPEX-3,PD_MECH_CONSIDERED,0.46919590643274856,-1,-1,-1,-1,-1,-1,-1,-1,false
global-demand-boom,seed-5,MASS,27,MASS-NEWF-MASS-CAPEX-3,PD_MECH_LOW_UTILIZATION,0.46919590643274856,-1,-1,-1,-1,-1,-1,-1,-1,false
global-demand-boom,seed-5,MASS,27,MASS-NEWF-MASS-CAPEX-5,PD_MECH_CONSIDERED,0.3806549707602339,-1,-1,-1,-1,-1,-1,-1,-1,false
global-demand-boom,seed-5,MASS,27,MASS-NEWF-MASS-CAPEX-5,PD_MECH_LOW_UTILIZATION,0.3806549707602339,-1,-1,-1,-1,-1,-1,-1,-1,false
global-demand-boom,seed-5,MASS,27,,PD_MECH_DEFERRED,-1,-1,-1,-1,-1,-1,-1,-1,-1,false
global-demand-boom,seed-5,BAL,27,,PD_MECH_DEFERRED,-1,-1,-1,-1,-1,-1,-1,-1,-1,false
global-demand-boom,seed-5,JPQ,27,,PD_MECH_DEFERRED,-1,-1,-1,-1,-1,-1,-1,-1,-1,false
global-demand-boom,seed-5,CONSV,27,,PD_MECH_DEFERRED,-1,-1,-1,-1,-1,-1,-1,-1,-1,false
global-demand-boom,seed-5,VAP,27,,PD_MECH_DEFERRED,-1,-1,-1,-1,-1,-1,-1,-1,-1,false
global-demand-boom,seed-5,MASS,28,MASS-F1,PD_MECH_CONSIDERED,0.6245788600855372,-1,-1,-1,-1,-1,-1,-1,-1,false
global-demand-boom,seed-5,MASS,28,MASS-F1,PD_MECH_PAYBACK_UNATTRACTIVE,-1,3577.8999999999996,119.26333333333332,119263.33333333331,2500000,20.962016825512176,0.7916666666666666,1,9.5,false
global-demand-boom,seed-5,MASS,28,MASS-NEWF-MASS-CAPEX-3,PD_MECH_CONSIDERED,0.45191520467836255,-1,-1,-1,-1,-1,-1,-1,-1,false
global-demand-boom,seed-5,MASS,28,MASS-NEWF-MASS-CAPEX-3,PD_MECH_LOW_UTILIZATION,0.45191520467836255,-1,-1,-1,-1,-1,-1,-1,-1,false
global-demand-boom,seed-5,MASS,28,MASS-NEWF-MASS-CAPEX-5,PD_MECH_CONSIDERED,0.41653508771929826,-1,-1,-1,-1,-1,-1,-1,-1,false
global-demand-boom,seed-5,MASS,28,MASS-NEWF-MASS-CAPEX-5,PD_MECH_LOW_UTILIZATION,0.41653508771929826,-1,-1,-1,-1,-1,-1,-1,-1,false
global-demand-boom,seed-5,MASS,28,,PD_MECH_DEFERRED,-1,-1,-1,-1,-1,-1,-1,-1,-1,false
global-demand-boom,seed-5,BAL,28,BAL-NEWF-BAL-CAPEX-11,PD_MECH_CONSIDERED,0,-1,-1,-1,-1,-1,-1,-1,-1,false
global-demand-boom,seed-5,BAL,28,BAL-NEWF-BAL-CAPEX-11,PD_MECH_LOW_UTILIZATION,0,-1,-1,-1,-1,-1,-1,-1,-1,false
global-demand-boom,seed-5,BAL,28,,PD_MECH_DEFERRED,-1,-1,-1,-1,-1,-1,-1,-1,-1,false
global-demand-boom,seed-5,JPQ,28,,PD_MECH_DEFERRED,-1,-1,-1,-1,-1,-1,-1,-1,-1,false
global-demand-boom,seed-5,CONSV,28,,PD_MECH_DEFERRED,-1,-1,-1,-1,-1,-1,-1,-1,-1,false
global-demand-boom,seed-5,VAP,28,,PD_MECH_DEFERRED,-1,-1,-1,-1,-1,-1,-1,-1,-1,false
global-demand-boom,seed-5,MASS,29,MASS-F1,PD_MECH_CONSIDERED,0.6686724273369992,-1,-1,-1,-1,-1,-1,-1,-1,false
global-demand-boom,seed-5,MASS,29,MASS-F1,PD_MECH_PAYBACK_UNATTRACTIVE,-1,3830.49,127.68299999999999,127683,2500000,19.579740450960582,0.7916666666666666,1,9.5,false
global-demand-boom,seed-5,MASS,29,MASS-NEWF-MASS-CAPEX-3,PD_MECH_CONSIDERED,0.29016959064327486,-1,-1,-1,-1,-1,-1,-1,-1,false
global-demand-boom,seed-5,MASS,29,MASS-NEWF-MASS-CAPEX-3,PD_MECH_LOW_UTILIZATION,0.29016959064327486,-1,-1,-1,-1,-1,-1,-1,-1,false
global-demand-boom,seed-5,MASS,29,MASS-NEWF-MASS-CAPEX-5,PD_MECH_CONSIDERED,0.22945760233918128,-1,-1,-1,-1,-1,-1,-1,-1,false
global-demand-boom,seed-5,MASS,29,MASS-NEWF-MASS-CAPEX-5,PD_MECH_LOW_UTILIZATION,0.22945760233918128,-1,-1,-1,-1,-1,-1,-1,-1,false
global-demand-boom,seed-5,MASS,29,,PD_MECH_DEFERRED,-1,-1,-1,-1,-1,-1,-1,-1,-1,false
global-demand-boom,seed-5,BAL,29,BAL-NEWF-BAL-CAPEX-11,PD_MECH_CONSIDERED,0.5598216374269006,-1,-1,-1,-1,-1,-1,-1,-1,false
global-demand-boom,seed-5,BAL,29,BAL-NEWF-BAL-CAPEX-11,PD_MECH_PAYBACK_UNATTRACTIVE,-1,2871.885,95.72950000000003,95729.50000000003,2500000,26.11525182937338,1,1,12,false
global-demand-boom,seed-5,BAL,29,,PD_MECH_DEFERRED,-1,-1,-1,-1,-1,-1,-1,-1,-1,false
global-demand-boom,seed-5,JPQ,29,,PD_MECH_DEFERRED,-1,-1,-1,-1,-1,-1,-1,-1,-1,false
global-demand-boom,seed-5,CONSV,29,,PD_MECH_DEFERRED,-1,-1,-1,-1,-1,-1,-1,-1,-1,false
global-demand-boom,seed-5,VAP,29,,PD_MECH_DEFERRED,-1,-1,-1,-1,-1,-1,-1,-1,-1,false
global-demand-boom,seed-5,MASS,30,MASS-F1,PD_MECH_CONSIDERED,0.7615082482325216,-1,-1,-1,-1,-1,-1,-1,-1,false
global-demand-boom,seed-5,MASS,30,MASS-F1,PD_MECH_PAYBACK_UNATTRACTIVE,-1,4362.3,145.40999999999997,145409.99999999997,2500000,17.192765284368342,0.7916666666666666,1,9.5,false
global-demand-boom,seed-5,MASS,30,MASS-NEWF-MASS-CAPEX-3,PD_MECH_CONSIDERED,0.7580190058479532,-1,-1,-1,-1,-1,-1,-1,-1,false
global-demand-boom,seed-5,MASS,30,MASS-NEWF-MASS-CAPEX-3,PD_MECH_PAYBACK_UNATTRACTIVE,-1,5184.85,172.82833333333326,172828.33333333326,2500000,14.465220787486626,0.7916666666666666,1,9.5,false
global-demand-boom,seed-5,MASS,30,MASS-NEWF-MASS-CAPEX-5,PD_MECH_CONSIDERED,0.7615087719298246,-1,-1,-1,-1,-1,-1,-1,-1,false
global-demand-boom,seed-5,MASS,30,MASS-NEWF-MASS-CAPEX-5,PD_MECH_PAYBACK_UNATTRACTIVE,-1,5208.72,173.62400000000014,173624.00000000015,2500000,14.398931023360813,0.7916666666666666,1,9.5,false
global-demand-boom,seed-5,MASS,30,,PD_MECH_DEFERRED,-1,-1,-1,-1,-1,-1,-1,-1,-1,false
global-demand-boom,seed-5,BAL,30,BAL-NEWF-BAL-CAPEX-11,PD_MECH_CONSIDERED,0.6445886939571149,-1,-1,-1,-1,-1,-1,-1,-1,false
global-demand-boom,seed-5,BAL,30,BAL-NEWF-BAL-CAPEX-11,PD_MECH_PAYBACK_UNATTRACTIVE,-1,4408.986666666666,146.9662222222222,146966.2222222222,2500000,17.01071145599594,1,1,12,false
global-demand-boom,seed-5,BAL,30,,PD_MECH_DEFERRED,-1,-1,-1,-1,-1,-1,-1,-1,-1,false
global-demand-boom,seed-5,JPQ,30,,PD_MECH_DEFERRED,-1,-1,-1,-1,-1,-1,-1,-1,-1,false
global-demand-boom,seed-5,CONSV,30,,PD_MECH_DEFERRED,-1,-1,-1,-1,-1,-1,-1,-1,-1,false
global-demand-boom,seed-5,VAP,30,,PD_MECH_DEFERRED,-1,-1,-1,-1,-1,-1,-1,-1,-1,false
global-demand-boom,seed-5,MASS,31,MASS-F1,PD_MECH_CONSIDERED,0.6455599196997469,-1,-1,-1,-1,-1,-1,-1,-1,false
global-demand-boom,seed-5,MASS,31,MASS-F1,PD_MECH_PAYBACK_UNATTRACTIVE,-1,3698.09,123.2696666666667,123269.6666666667,2500000,20.28073951688574,0.7916666666666666,1,9.5,false
global-demand-boom,seed-5,MASS,31,MASS-NEWF-MASS-CAPEX-3,PD_MECH_CONSIDERED,0.6398947368421053,-1,-1,-1,-1,-1,-1,-1,-1,false
global-demand-boom,seed-5,MASS,31,MASS-NEWF-MASS-CAPEX-3,PD_MECH_PAYBACK_UNATTRACTIVE,-1,4376.88,145.89599999999996,145895.99999999997,2500000,17.135493776388664,0.7916666666666666,1,9.5,false
global-demand-boom,seed-5,MASS,31,MASS-NEWF-MASS-CAPEX-5,PD_MECH_CONSIDERED,0.5015555555555555,-1,-1,-1,-1,-1,-1,-1,-1,false
global-demand-boom,seed-5,MASS,31,MASS-NEWF-MASS-CAPEX-5,PD_MECH_PAYBACK_UNATTRACTIVE,-1,3430.64,114.35466666666662,114354.66666666661,2500000,21.861810041275106,0.7916666666666666,1,9.5,false
global-demand-boom,seed-5,MASS,31,,PD_MECH_DEFERRED,-1,-1,-1,-1,-1,-1,-1,-1,-1,false
global-demand-boom,seed-5,BAL,31,BAL-NEWF-BAL-CAPEX-11,PD_MECH_CONSIDERED,0.8848026315789473,-1,-1,-1,-1,-1,-1,-1,-1,false
global-demand-boom,seed-5,BAL,31,BAL-NEWF-BAL-CAPEX-11,PD_MECH_PAYBACK_UNATTRACTIVE,-1,6052.05,201.735,201735,2500000,12.392495104964434,1,1,12,false
global-demand-boom,seed-5,BAL,31,,PD_MECH_DEFERRED,-1,-1,-1,-1,-1,-1,-1,-1,-1,false
global-demand-boom,seed-5,JPQ,31,,PD_MECH_DEFERRED,-1,-1,-1,-1,-1,-1,-1,-1,-1,false
global-demand-boom,seed-5,CONSV,31,,PD_MECH_DEFERRED,-1,-1,-1,-1,-1,-1,-1,-1,-1,false
global-demand-boom,seed-5,VAP,31,,PD_MECH_DEFERRED,-1,-1,-1,-1,-1,-1,-1,-1,-1,false
global-demand-boom,seed-5,MASS,32,MASS-F1,PD_MECH_CONSIDERED,0.4400122196037357,-1,-1,-1,-1,-1,-1,-1,-1,false
global-demand-boom,seed-5,MASS,32,MASS-F1,PD_MECH_LOW_UTILIZATION,0.4400122196037357,-1,-1,-1,-1,-1,-1,-1,-1,false
global-demand-boom,seed-5,MASS,32,MASS-NEWF-MASS-CAPEX-3,PD_MECH_CONSIDERED,0.44001315789473683,-1,-1,-1,-1,-1,-1,-1,-1,false
global-demand-boom,seed-5,MASS,32,MASS-NEWF-MASS-CAPEX-3,PD_MECH_LOW_UTILIZATION,0.44001315789473683,-1,-1,-1,-1,-1,-1,-1,-1,false
global-demand-boom,seed-5,MASS,32,MASS-NEWF-MASS-CAPEX-5,PD_MECH_CONSIDERED,0.44001315789473683,-1,-1,-1,-1,-1,-1,-1,-1,false
global-demand-boom,seed-5,MASS,32,MASS-NEWF-MASS-CAPEX-5,PD_MECH_LOW_UTILIZATION,0.44001315789473683,-1,-1,-1,-1,-1,-1,-1,-1,false
global-demand-boom,seed-5,MASS,32,,PD_MECH_DEFERRED,-1,-1,-1,-1,-1,-1,-1,-1,-1,false
global-demand-boom,seed-5,BAL,32,BAL-NEWF-BAL-CAPEX-11,PD_MECH_CONSIDERED,0.6173757309941521,-1,-1,-1,-1,-1,-1,-1,-1,false
global-demand-boom,seed-5,BAL,32,BAL-NEWF-BAL-CAPEX-11,PD_MECH_PAYBACK_UNATTRACTIVE,-1,4222.85,140.76166666666666,140761.66666666666,2500000,17.760517186260465,1,1,12,false
global-demand-boom,seed-5,BAL,32,,PD_MECH_DEFERRED,-1,-1,-1,-1,-1,-1,-1,-1,-1,false
global-demand-boom,seed-5,JPQ,32,,PD_MECH_DEFERRED,-1,-1,-1,-1,-1,-1,-1,-1,-1,false
global-demand-boom,seed-5,CONSV,32,,PD_MECH_DEFERRED,-1,-1,-1,-1,-1,-1,-1,-1,-1,false
global-demand-boom,seed-5,VAP,32,,PD_MECH_DEFERRED,-1,-1,-1,-1,-1,-1,-1,-1,-1,false
global-disease-crisis,seed-1,MASS,1,MASS-F1,PD_MECH_CONSIDERED,0,-1,-1,-1,-1,-1,-1,-1,-1,false
global-disease-crisis,seed-1,MASS,1,MASS-F1,PD_MECH_LOW_UTILIZATION,0,-1,-1,-1,-1,-1,-1,-1,-1,false
global-disease-crisis,seed-1,MASS,1,,PD_MECH_DEFERRED,-1,-1,-1,-1,-1,-1,-1,-1,-1,false
global-disease-crisis,seed-1,BAL,1,BAL-F1,PD_MECH_CONSIDERED,0,-1,-1,-1,-1,-1,-1,-1,-1,false
global-disease-crisis,seed-1,BAL,1,BAL-F1,PD_MECH_LOW_UTILIZATION,0,-1,-1,-1,-1,-1,-1,-1,-1,false
global-disease-crisis,seed-1,BAL,1,,PD_MECH_DEFERRED,-1,-1,-1,-1,-1,-1,-1,-1,-1,false
global-disease-crisis,seed-1,JPQ,1,JPQ-F1,PD_MECH_CONSIDERED,0,-1,-1,-1,-1,-1,-1,-1,-1,false
global-disease-crisis,seed-1,JPQ,1,JPQ-F1,PD_MECH_LOW_UTILIZATION,0,-1,-1,-1,-1,-1,-1,-1,-1,false
global-disease-crisis,seed-1,JPQ,1,,PD_MECH_DEFERRED,-1,-1,-1,-1,-1,-1,-1,-1,-1,false
global-disease-crisis,seed-1,CONSV,1,CONSV-F1,PD_MECH_CONSIDERED,0,-1,-1,-1,-1,-1,-1,-1,-1,false
global-disease-crisis,seed-1,CONSV,1,CONSV-F1,PD_MECH_LOW_UTILIZATION,0,-1,-1,-1,-1,-1,-1,-1,-1,false
global-disease-crisis,seed-1,CONSV,1,,PD_MECH_DEFERRED,-1,-1,-1,-1,-1,-1,-1,-1,-1,false
global-disease-crisis,seed-1,VAP,1,VAP-F1,PD_MECH_CONSIDERED,0,-1,-1,-1,-1,-1,-1,-1,-1,false
global-disease-crisis,seed-1,VAP,1,VAP-F1,PD_MECH_LOW_UTILIZATION,0,-1,-1,-1,-1,-1,-1,-1,-1,false
global-disease-crisis,seed-1,VAP,1,,PD_MECH_DEFERRED,-1,-1,-1,-1,-1,-1,-1,-1,-1,false
global-disease-crisis,seed-1,MASS,2,MASS-F1,PD_MECH_CONSIDERED,0.7883040935672515,-1,-1,-1,-1,-1,-1,-1,-1,false
global-disease-crisis,seed-1,MASS,2,MASS-F1,PD_MECH_PAYBACK_UNATTRACTIVE,-1,4044.0000000000005,134.79999999999995,134799.99999999994,2500000,18.545994065281906,0.7916666666666666,1,9.5,false
global-disease-crisis,seed-1,MASS,2,,PD_MECH_DEFERRED,-1,-1,-1,-1,-1,-1,-1,-1,-1,false
global-disease-crisis,seed-1,BAL,2,BAL-F1,PD_MECH_CONSIDERED,0.9271929824561403,-1,-1,-1,-1,-1,-1,-1,-1,false
global-disease-crisis,seed-1,BAL,2,BAL-F1,PD_MECH_PAYBACK_UNATTRACTIVE,-1,5549.25,184.9749999999999,184974.9999999999,2500000,13.515339910798764,1,1,12,false
global-disease-crisis,seed-1,BAL,2,,PD_MECH_DEFERRED,-1,-1,-1,-1,-1,-1,-1,-1,-1,false
global-disease-crisis,seed-1,JPQ,2,JPQ-F1,PD_MECH_CONSIDERED,1,-1,-1,-1,-1,-1,-1,-1,-1,false
global-disease-crisis,seed-1,JPQ,2,,PD_MECH_FINANCE_BLOCKED,-1,-1,-1,-1,2500000,-1,-1,-1,-1,false
global-disease-crisis,seed-1,CONSV,2,CONSV-F1,PD_MECH_CONSIDERED,1,-1,-1,-1,-1,-1,-1,-1,-1,false
global-disease-crisis,seed-1,CONSV,2,,PD_MECH_FINANCE_BLOCKED,-1,-1,-1,-1,2500000,-1,-1,-1,-1,false
global-disease-crisis,seed-1,VAP,2,VAP-F1,PD_MECH_CONSIDERED,1,-1,-1,-1,-1,-1,-1,-1,-1,false
global-disease-crisis,seed-1,VAP,2,,PD_MECH_FINANCE_BLOCKED,-1,-1,-1,-1,2500000,-1,-1,-1,-1,false
global-disease-crisis,seed-1,MASS,3,MASS-F1,PD_MECH_CONSIDERED,0.6432066276803119,-1,-1,-1,-1,-1,-1,-1,-1,false
global-disease-crisis,seed-1,MASS,3,MASS-F1,PD_MECH_PAYBACK_UNATTRACTIVE,-1,3299.65,109.98833333333334,109988.33333333334,2500000,22.729683451275132,0.7916666666666666,1,9.5,false
global-disease-crisis,seed-1,MASS,3,,PD_MECH_DEFERRED,-1,-1,-1,-1,-1,-1,-1,-1,-1,false
global-disease-crisis,seed-1,BAL,3,BAL-F1,PD_MECH_CONSIDERED,1,-1,-1,-1,-1,-1,-1,-1,-1,false
global-disease-crisis,seed-1,BAL,3,BAL-F1,PD_MECH_PAYBACK_UNATTRACTIVE,-1,5985,199.5,199500,2500000,12.531328320802006,1,1,12,false
global-disease-crisis,seed-1,BAL,3,,PD_MECH_DEFERRED,-1,-1,-1,-1,-1,-1,-1,-1,-1,false
global-disease-crisis,seed-1,JPQ,3,JPQ-F1,PD_MECH_CONSIDERED,0.8874108187134503,-1,-1,-1,-1,-1,-1,-1,-1,false
global-disease-crisis,seed-1,JPQ,3,JPQ-F1,PD_MECH_PROPOSED,-1,6069.89,202.32966666666664,202329.66666666663,2500000,12.356072350569782,1.1176470588235294,1,13.411764705882353,true
global-disease-crisis,seed-1,CONSV,3,CONSV-F1,PD_MECH_CONSIDERED,0.8540601503759399,-1,-1,-1,-1,-1,-1,-1,-1,false
global-disease-crisis,seed-1,CONSV,3,CONSV-F1,PD_MECH_PAYBACK_UNATTRACTIVE,-1,5111.55,170.385,170385,2500000,14.672653109135194,1.2105263157894737,1.05,13.834586466165414,false
global-disease-crisis,seed-1,CONSV,3,,PD_MECH_DEFERRED,-1,-1,-1,-1,-1,-1,-1,-1,-1,false
global-disease-crisis,seed-1,VAP,3,VAP-F1,PD_MECH_CONSIDERED,0.9596881091617934,-1,-1,-1,-1,-1,-1,-1,-1,false
global-disease-crisis,seed-1,VAP,3,,PD_MECH_FINANCE_BLOCKED,-1,-1,-1,-1,2500000,-1,-1,-1,-1,false
global-disease-crisis,seed-1,MASS,4,MASS-F1,PD_MECH_CONSIDERED,1,-1,-1,-1,-1,-1,-1,-1,-1,false
global-disease-crisis,seed-1,MASS,4,MASS-F1,PD_MECH_PAYBACK_UNATTRACTIVE,-1,5130,171,171000,2500000,14.619883040935672,0.7916666666666666,1,9.5,false
global-disease-crisis,seed-1,MASS,4,,PD_MECH_DEFERRED,-1,-1,-1,-1,-1,-1,-1,-1,-1,false
global-disease-crisis,seed-1,BAL,4,BAL-F1,PD_MECH_CONSIDERED,1,-1,-1,-1,-1,-1,-1,-1,-1,false
global-disease-crisis,seed-1,BAL,4,BAL-F1,PD_MECH_PAYBACK_UNATTRACTIVE,-1,5985,199.5,199500,2500000,12.531328320802006,1,1,12,false
global-disease-crisis,seed-1,BAL,4,,PD_MECH_DEFERRED,-1,-1,-1,-1,-1,-1,-1,-1,-1,false
global-disease-crisis,seed-1,JPQ,4,,PD_MECH_DEFERRED,-1,-1,-1,-1,-1,-1,-1,-1,-1,false
global-disease-crisis,seed-1,CONSV,4,CONSV-F1,PD_MECH_CONSIDERED,0.9301487050960735,-1,-1,-1,-1,-1,-1,-1,-1,false
global-disease-crisis,seed-1,CONSV,4,CONSV-F1,PD_MECH_PROPOSED,-1,5566.94,185.56466666666665,185564.66666666666,2500000,13.472392373548125,1.2105263157894737,1.05,13.834586466165414,true
global-disease-crisis,seed-1,VAP,4,VAP-F1,PD_MECH_CONSIDERED,0.9026608187134503,-1,-1,-1,-1,-1,-1,-1,-1,false
global-disease-crisis,seed-1,VAP,4,,PD_MECH_FINANCE_BLOCKED,-1,-1,-1,-1,2500000,-1,-1,-1,-1,false
global-disease-crisis,seed-1,MASS,5,MASS-F1,PD_MECH_CONSIDERED,0.515775828460039,-1,-1,-1,-1,-1,-1,-1,-1,false
global-disease-crisis,seed-1,MASS,5,MASS-F1,PD_MECH_PAYBACK_UNATTRACTIVE,-1,2645.93,88.19766666666663,88197.66666666663,2500000,28.34542108067864,0.7916666666666666,1,9.5,false
global-disease-crisis,seed-1,MASS,5,,PD_MECH_DEFERRED,-1,-1,-1,-1,-1,-1,-1,-1,-1,false
global-disease-crisis,seed-1,BAL,5,BAL-F1,PD_MECH_CONSIDERED,1,-1,-1,-1,-1,-1,-1,-1,-1,false
global-disease-crisis,seed-1,BAL,5,BAL-F1,PD_MECH_PAYBACK_UNATTRACTIVE,-1,5985,199.5,199500,2500000,12.531328320802006,1,1,12,false
global-disease-crisis,seed-1,BAL,5,,PD_MECH_DEFERRED,-1,-1,-1,-1,-1,-1,-1,-1,-1,false
global-disease-crisis,seed-1,JPQ,5,,PD_MECH_DEFERRED,-1,-1,-1,-1,-1,-1,-1,-1,-1,false
global-disease-crisis,seed-1,CONSV,5,CONSV-F1,PD_MECH_CONSIDERED,1,-1,-1,-1,-1,-1,-1,-1,-1,false
global-disease-crisis,seed-1,CONSV,5,CONSV-F1,PD_MECH_PROPOSED,-1,5985,199.5,199500,2500000,12.531328320802006,1.2105263157894737,1.05,13.834586466165414,true
global-disease-crisis,seed-1,VAP,5,VAP-F1,PD_MECH_CONSIDERED,1,-1,-1,-1,-1,-1,-1,-1,-1,false
global-disease-crisis,seed-1,VAP,5,,PD_MECH_FINANCE_BLOCKED,-1,-1,-1,-1,2500000,-1,-1,-1,-1,false
global-disease-crisis,seed-1,MASS,6,MASS-F1,PD_MECH_CONSIDERED,0.9723645224171539,-1,-1,-1,-1,-1,-1,-1,-1,false
global-disease-crisis,seed-1,MASS,6,MASS-F1,PD_MECH_PAYBACK_UNATTRACTIVE,-1,4988.23,166.2743333333334,166274.3333333334,2500000,15.03539331586554,0.7916666666666666,1,9.5,false
global-disease-crisis,seed-1,MASS,6,,PD_MECH_DEFERRED,-1,-1,-1,-1,-1,-1,-1,-1,-1,false
global-disease-crisis,seed-1,BAL,6,BAL-F1,PD_MECH_CONSIDERED,1,-1,-1,-1,-1,-1,-1,-1,-1,false
global-disease-crisis,seed-1,BAL,6,,PD_MECH_FINANCE_BLOCKED,-1,-1,-1,-1,2500000,-1,-1,-1,-1,false
global-disease-crisis,seed-1,JPQ,6,,PD_MECH_DEFERRED,-1,-1,-1,-1,-1,-1,-1,-1,-1,false
global-disease-crisis,seed-1,CONSV,6,,PD_MECH_DEFERRED,-1,-1,-1,-1,-1,-1,-1,-1,-1,false
global-disease-crisis,seed-1,VAP,6,VAP-F1,PD_MECH_CONSIDERED,1,-1,-1,-1,-1,-1,-1,-1,-1,false
global-disease-crisis,seed-1,VAP,6,,PD_MECH_FINANCE_BLOCKED,-1,-1,-1,-1,2500000,-1,-1,-1,-1,false
global-disease-crisis,seed-1,MASS,7,MASS-F1,PD_MECH_CONSIDERED,0.4921520467836257,-1,-1,-1,-1,-1,-1,-1,-1,false
global-disease-crisis,seed-1,MASS,7,MASS-F1,PD_MECH_LOW_UTILIZATION,0.4921520467836257,-1,-1,-1,-1,-1,-1,-1,-1,false
global-disease-crisis,seed-1,MASS,7,,PD_MECH_DEFERRED,-1,-1,-1,-1,-1,-1,-1,-1,-1,false
global-disease-crisis,seed-1,BAL,7,BAL-F1,PD_MECH_CONSIDERED,0.8925774754346183,-1,-1,-1,-1,-1,-1,-1,-1,false
global-disease-crisis,seed-1,BAL,7,BAL-F1,PD_MECH_PAYBACK_UNATTRACTIVE,-1,5609.18,186.97266666666667,186972.66666666666,2500000,13.37093835462581,1,1,12,false
global-disease-crisis,seed-1,BAL,7,,PD_MECH_DEFERRED,-1,-1,-1,-1,-1,-1,-1,-1,-1,false
global-disease-crisis,seed-1,JPQ,7,,PD_MECH_DEFERRED,-1,-1,-1,-1,-1,-1,-1,-1,-1,false
global-disease-crisis,seed-1,CONSV,7,,PD_MECH_DEFERRED,-1,-1,-1,-1,-1,-1,-1,-1,-1,false
global-disease-crisis,seed-1,VAP,7,VAP-F1,PD_MECH_CONSIDERED,1,-1,-1,-1,-1,-1,-1,-1,-1,false
global-disease-crisis,seed-1,VAP,7,,PD_MECH_FINANCE_BLOCKED,-1,-1,-1,-1,2500000,-1,-1,-1,-1,false
global-disease-crisis,seed-1,MASS,8,MASS-F1,PD_MECH_CONSIDERED,0.8308070175438597,-1,-1,-1,-1,-1,-1,-1,-1,false
global-disease-crisis,seed-1,MASS,8,MASS-F1,PD_MECH_PAYBACK_UNATTRACTIVE,-1,4262.04,142.06799999999998,142067.99999999997,2500000,17.597206971309518,0.7916666666666666,1,9.5,false
global-disease-crisis,seed-1,MASS,8,,PD_MECH_DEFERRED,-1,-1,-1,-1,-1,-1,-1,-1,-1,false
global-disease-crisis,seed-1,BAL,8,BAL-F1,PD_MECH_CONSIDERED,0.9455113975414727,-1,-1,-1,-1,-1,-1,-1,-1,false
global-disease-crisis,seed-1,BAL,8,BAL-F1,PD_MECH_PAYBACK_UNATTRACTIVE,-1,5941.83,198.06100000000004,198061.00000000003,2500000,12.62237391510696,1,1,12,false
global-disease-crisis,seed-1,BAL,8,,PD_MECH_DEFERRED,-1,-1,-1,-1,-1,-1,-1,-1,-1,false
global-disease-crisis,seed-1,JPQ,8,,PD_MECH_DEFERRED,-1,-1,-1,-1,-1,-1,-1,-1,-1,false
global-disease-crisis,seed-1,CONSV,8,,PD_MECH_DEFERRED,-1,-1,-1,-1,-1,-1,-1,-1,-1,false
global-disease-crisis,seed-1,VAP,8,VAP-F1,PD_MECH_CONSIDERED,1,-1,-1,-1,-1,-1,-1,-1,-1,false
global-disease-crisis,seed-1,VAP,8,VAP-F1,PD_MECH_PROPOSED,-1,5130,171,171000,2500000,14.619883040935672,1.411764705882353,1,16.941176470588236,true
global-disease-crisis,seed-1,MASS,9,MASS-F1,PD_MECH_CONSIDERED,0.5507602339181287,-1,-1,-1,-1,-1,-1,-1,-1,false
global-disease-crisis,seed-1,MASS,9,MASS-F1,PD_MECH_PAYBACK_UNATTRACTIVE,-1,2825.4,94.18,94180,2500000,26.54491399447866,0.7916666666666666,1,9.5,false
global-disease-crisis,seed-1,MASS,9,,PD_MECH_DEFERRED,-1,-1,-1,-1,-1,-1,-1,-1,-1,false
global-disease-crisis,seed-1,BAL,9,BAL-F1,PD_MECH_CONSIDERED,0.9939817798464415,-1,-1,-1,-1,-1,-1,-1,-1,false
global-disease-crisis,seed-1,BAL,9,BAL-F1,PD_MECH_PAYBACK_UNATTRACTIVE,-1,6246.43,208.21433333333334,208214.33333333334,2500000,12.00685831747094,1,1,12,false
global-disease-crisis,seed-1,BAL,9,,PD_MECH_DEFERRED,-1,-1,-1,-1,-1,-1,-1,-1,-1,false
global-disease-crisis,seed-1,JPQ,9,,PD_MECH_DEFERRED,-1,-1,-1,-1,-1,-1,-1,-1,-1,false
global-disease-crisis,seed-1,CONSV,9,,PD_MECH_DEFERRED,-1,-1,-1,-1,-1,-1,-1,-1,-1,false
global-disease-crisis,seed-1,VAP,9,,PD_MECH_DEFERRED,-1,-1,-1,-1,-1,-1,-1,-1,-1,false
global-disease-crisis,seed-1,MASS,10,MASS-F1,PD_MECH_CONSIDERED,0.8121617933723198,-1,-1,-1,-1,-1,-1,-1,-1,false
global-disease-crisis,seed-1,MASS,10,MASS-F1,PD_MECH_PAYBACK_UNATTRACTIVE,-1,4166.39,138.8796666666666,138879.6666666666,2500000,18.00119527936656,0.7916666666666666,1,9.5,false
global-disease-crisis,seed-1,MASS,10,,PD_MECH_DEFERRED,-1,-1,-1,-1,-1,-1,-1,-1,-1,false
global-disease-crisis,seed-1,BAL,10,BAL-F1,PD_MECH_CONSIDERED,0.9880065242471258,-1,-1,-1,-1,-1,-1,-1,-1,false
global-disease-crisis,seed-1,BAL,10,BAL-F1,PD_MECH_PAYBACK_UNATTRACTIVE,-1,6208.88,206.9626666666668,206962.6666666668,2500000,12.07947327054154,1,1,12,false
global-disease-crisis,seed-1,BAL,10,,PD_MECH_DEFERRED,-1,-1,-1,-1,-1,-1,-1,-1,-1,false
global-disease-crisis,seed-1,JPQ,10,,PD_MECH_DEFERRED,-1,-1,-1,-1,-1,-1,-1,-1,-1,false
global-disease-crisis,seed-1,CONSV,10,,PD_MECH_DEFERRED,-1,-1,-1,-1,-1,-1,-1,-1,-1,false
global-disease-crisis,seed-1,VAP,10,,PD_MECH_DEFERRED,-1,-1,-1,-1,-1,-1,-1,-1,-1,false
global-disease-crisis,seed-1,MASS,11,MASS-F1,PD_MECH_CONSIDERED,0.5643118908382067,-1,-1,-1,-1,-1,-1,-1,-1,false
global-disease-crisis,seed-1,MASS,11,MASS-F1,PD_MECH_PAYBACK_UNATTRACTIVE,-1,2894.92,96.49733333333336,96497.33333333336,2500000,25.907451673966804,0.7916666666666666,1,9.5,false
global-disease-crisis,seed-1,MASS,11,,PD_MECH_DEFERRED,-1,-1,-1,-1,-1,-1,-1,-1,-1,false
global-disease-crisis,seed-1,BAL,11,BAL-F1,PD_MECH_CONSIDERED,1,-1,-1,-1,-1,-1,-1,-1,-1,false
global-disease-crisis,seed-1,BAL,11,BAL-F1,PD_MECH_PROPOSED,-1,6284.25,209.4749999999999,209474.9999999999,2500000,11.93459840076382,1,1,12,true
global-disease-crisis,seed-1,JPQ,11,,PD_MECH_DEFERRED,-1,-1,-1,-1,-1,-1,-1,-1,-1,false
global-disease-crisis,seed-1,CONSV,11,,PD_MECH_DEFERRED,-1,-1,-1,-1,-1,-1,-1,-1,-1,false
global-disease-crisis,seed-1,VAP,11,,PD_MECH_DEFERRED,-1,-1,-1,-1,-1,-1,-1,-1,-1,false
global-disease-crisis,seed-1,MASS,12,MASS-F1,PD_MECH_CONSIDERED,0.8510955165692008,-1,-1,-1,-1,-1,-1,-1,-1,false
global-disease-crisis,seed-1,MASS,12,MASS-F1,PD_MECH_PAYBACK_UNATTRACTIVE,-1,4366.12,145.53733333333332,145537.3333333333,2500000,17.177723012651967,0.7916666666666666,1,9.5,false
global-disease-crisis,seed-1,MASS,12,,PD_MECH_DEFERRED,-1,-1,-1,-1,-1,-1,-1,-1,-1,false
global-disease-crisis,seed-1,BAL,12,,PD_MECH_DEFERRED,-1,-1,-1,-1,-1,-1,-1,-1,-1,false
global-disease-crisis,seed-1,JPQ,12,,PD_MECH_DEFERRED,-1,-1,-1,-1,-1,-1,-1,-1,-1,false
global-disease-crisis,seed-1,CONSV,12,,PD_MECH_DEFERRED,-1,-1,-1,-1,-1,-1,-1,-1,-1,false
global-disease-crisis,seed-1,VAP,12,,PD_MECH_DEFERRED,-1,-1,-1,-1,-1,-1,-1,-1,-1,false
global-disease-crisis,seed-1,MASS,13,MASS-F1,PD_MECH_CONSIDERED,0.7328440545808966,-1,-1,-1,-1,-1,-1,-1,-1,false
global-disease-crisis,seed-1,MASS,13,MASS-F1,PD_MECH_PAYBACK_UNATTRACTIVE,-1,3759.49,125.31633333333332,125316.33333333331,2500000,19.949514428818805,0.7916666666666666,1,9.5,false
global-disease-crisis,seed-1,MASS,13,,PD_MECH_DEFERRED,-1,-1,-1,-1,-1,-1,-1,-1,-1,false
global-disease-crisis,seed-1,BAL,13,,PD_MECH_DEFERRED,-1,-1,-1,-1,-1,-1,-1,-1,-1,false
global-disease-crisis,seed-1,JPQ,13,,PD_MECH_DEFERRED,-1,-1,-1,-1,-1,-1,-1,-1,-1,false
global-disease-crisis,seed-1,CONSV,13,,PD_MECH_DEFERRED,-1,-1,-1,-1,-1,-1,-1,-1,-1,false
global-disease-crisis,seed-1,VAP,13,,PD_MECH_DEFERRED,-1,-1,-1,-1,-1,-1,-1,-1,-1,false
global-disease-crisis,seed-1,MASS,14,MASS-F1,PD_MECH_CONSIDERED,0.9249454191033138,-1,-1,-1,-1,-1,-1,-1,-1,false
global-disease-crisis,seed-1,MASS,14,MASS-F1,PD_MECH_PAYBACK_UNATTRACTIVE,-1,4744.97,158.16566666666665,158165.66666666666,2500000,15.806211630421268,0.7916666666666666,1,9.5,false
global-disease-crisis,seed-1,MASS,14,,PD_MECH_DEFERRED,-1,-1,-1,-1,-1,-1,-1,-1,-1,false
global-disease-crisis,seed-1,BAL,14,,PD_MECH_DEFERRED,-1,-1,-1,-1,-1,-1,-1,-1,-1,false
global-disease-crisis,seed-1,JPQ,14,,PD_MECH_DEFERRED,-1,-1,-1,-1,-1,-1,-1,-1,-1,false
global-disease-crisis,seed-1,CONSV,14,,PD_MECH_DEFERRED,-1,-1,-1,-1,-1,-1,-1,-1,-1,false
global-disease-crisis,seed-1,VAP,14,,PD_MECH_DEFERRED,-1,-1,-1,-1,-1,-1,-1,-1,-1,false
global-disease-crisis,seed-1,MASS,15,MASS-F1,PD_MECH_CONSIDERED,1,-1,-1,-1,-1,-1,-1,-1,-1,false
global-disease-crisis,seed-1,MASS,15,MASS-F1,PD_MECH_PAYBACK_UNATTRACTIVE,-1,5130,171,171000,2500000,14.619883040935672,0.7916666666666666,1,9.5,false
global-disease-crisis,seed-1,MASS,15,,PD_MECH_DEFERRED,-1,-1,-1,-1,-1,-1,-1,-1,-1,false
global-disease-crisis,seed-1,BAL,15,,PD_MECH_DEFERRED,-1,-1,-1,-1,-1,-1,-1,-1,-1,false
global-disease-crisis,seed-1,JPQ,15,,PD_MECH_DEFERRED,-1,-1,-1,-1,-1,-1,-1,-1,-1,false
global-disease-crisis,seed-1,CONSV,15,,PD_MECH_DEFERRED,-1,-1,-1,-1,-1,-1,-1,-1,-1,false
global-disease-crisis,seed-1,VAP,15,,PD_MECH_DEFERRED,-1,-1,-1,-1,-1,-1,-1,-1,-1,false
global-disease-crisis,seed-1,MASS,16,MASS-F1,PD_MECH_CONSIDERED,1,-1,-1,-1,-1,-1,-1,-1,-1,false
global-disease-crisis,seed-1,MASS,16,MASS-F1,PD_MECH_PAYBACK_UNATTRACTIVE,-1,5130,171,171000,2500000,14.619883040935672,0.7916666666666666,1,9.5,false
global-disease-crisis,seed-1,MASS,16,,PD_MECH_DEFERRED,-1,-1,-1,-1,-1,-1,-1,-1,-1,false
global-disease-crisis,seed-1,BAL,16,,PD_MECH_DEFERRED,-1,-1,-1,-1,-1,-1,-1,-1,-1,false
global-disease-crisis,seed-1,JPQ,16,,PD_MECH_DEFERRED,-1,-1,-1,-1,-1,-1,-1,-1,-1,false
global-disease-crisis,seed-1,CONSV,16,,PD_MECH_DEFERRED,-1,-1,-1,-1,-1,-1,-1,-1,-1,false
global-disease-crisis,seed-1,VAP,16,,PD_MECH_DEFERRED,-1,-1,-1,-1,-1,-1,-1,-1,-1,false
global-disease-crisis,seed-1,MASS,17,MASS-F1,PD_MECH_CONSIDERED,1,-1,-1,-1,-1,-1,-1,-1,-1,false
global-disease-crisis,seed-1,MASS,17,MASS-F1,PD_MECH_PAYBACK_UNATTRACTIVE,-1,5130,171,171000,2500000,14.619883040935672,0.7916666666666666,1,9.5,false
global-disease-crisis,seed-1,MASS,17,,PD_MECH_DEFERRED,-1,-1,-1,-1,-1,-1,-1,-1,-1,false
global-disease-crisis,seed-1,BAL,17,,PD_MECH_DEFERRED,-1,-1,-1,-1,-1,-1,-1,-1,-1,false
global-disease-crisis,seed-1,JPQ,17,,PD_MECH_DEFERRED,-1,-1,-1,-1,-1,-1,-1,-1,-1,false
global-disease-crisis,seed-1,CONSV,17,,PD_MECH_DEFERRED,-1,-1,-1,-1,-1,-1,-1,-1,-1,false
global-disease-crisis,seed-1,VAP,17,,PD_MECH_DEFERRED,-1,-1,-1,-1,-1,-1,-1,-1,-1,false
global-disease-crisis,seed-1,MASS,18,MASS-F1,PD_MECH_CONSIDERED,1,-1,-1,-1,-1,-1,-1,-1,-1,false
global-disease-crisis,seed-1,MASS,18,MASS-F1,PD_MECH_PAYBACK_UNATTRACTIVE,-1,5130,171,171000,2500000,14.619883040935672,0.7916666666666666,1,9.5,false
global-disease-crisis,seed-1,MASS,18,,PD_MECH_DEFERRED,-1,-1,-1,-1,-1,-1,-1,-1,-1,false
global-disease-crisis,seed-1,BAL,18,,PD_MECH_DEFERRED,-1,-1,-1,-1,-1,-1,-1,-1,-1,false
global-disease-crisis,seed-1,JPQ,18,,PD_MECH_DEFERRED,-1,-1,-1,-1,-1,-1,-1,-1,-1,false
global-disease-crisis,seed-1,CONSV,18,,PD_MECH_DEFERRED,-1,-1,-1,-1,-1,-1,-1,-1,-1,false
global-disease-crisis,seed-1,VAP,18,,PD_MECH_DEFERRED,-1,-1,-1,-1,-1,-1,-1,-1,-1,false
global-disease-crisis,seed-1,MASS,19,MASS-F1,PD_MECH_CONSIDERED,1,-1,-1,-1,-1,-1,-1,-1,-1,false
global-disease-crisis,seed-1,MASS,19,MASS-F1,PD_MECH_PAYBACK_UNATTRACTIVE,-1,5130,171,171000,2500000,14.619883040935672,0.7916666666666666,1,9.5,false
global-disease-crisis,seed-1,MASS,19,,PD_MECH_DEFERRED,-1,-1,-1,-1,-1,-1,-1,-1,-1,false
global-disease-crisis,seed-1,BAL,19,,PD_MECH_DEFERRED,-1,-1,-1,-1,-1,-1,-1,-1,-1,false
global-disease-crisis,seed-1,JPQ,19,,PD_MECH_DEFERRED,-1,-1,-1,-1,-1,-1,-1,-1,-1,false
global-disease-crisis,seed-1,CONSV,19,,PD_MECH_DEFERRED,-1,-1,-1,-1,-1,-1,-1,-1,-1,false
global-disease-crisis,seed-1,VAP,19,,PD_MECH_DEFERRED,-1,-1,-1,-1,-1,-1,-1,-1,-1,false
global-disease-crisis,seed-1,MASS,20,MASS-F1,PD_MECH_CONSIDERED,1,-1,-1,-1,-1,-1,-1,-1,-1,false
global-disease-crisis,seed-1,MASS,20,MASS-F1,PD_MECH_PAYBACK_UNATTRACTIVE,-1,5130,171,171000,2500000,14.619883040935672,0.7916666666666666,1,9.5,false
global-disease-crisis,seed-1,MASS,20,,PD_MECH_DEFERRED,-1,-1,-1,-1,-1,-1,-1,-1,-1,false
global-disease-crisis,seed-1,BAL,20,,PD_MECH_DEFERRED,-1,-1,-1,-1,-1,-1,-1,-1,-1,false
global-disease-crisis,seed-1,JPQ,20,,PD_MECH_DEFERRED,-1,-1,-1,-1,-1,-1,-1,-1,-1,false
global-disease-crisis,seed-1,CONSV,20,,PD_MECH_DEFERRED,-1,-1,-1,-1,-1,-1,-1,-1,-1,false
global-disease-crisis,seed-1,VAP,20,,PD_MECH_DEFERRED,-1,-1,-1,-1,-1,-1,-1,-1,-1,false
global-disease-crisis,seed-1,MASS,21,MASS-F1,PD_MECH_CONSIDERED,0.8959083820662769,-1,-1,-1,-1,-1,-1,-1,-1,false
global-disease-crisis,seed-1,MASS,21,MASS-F1,PD_MECH_PAYBACK_UNATTRACTIVE,-1,4596.01,153.20033333333333,153200.33333333334,2500000,16.31850235312804,0.7916666666666666,1,9.5,false
global-disease-crisis,seed-1,MASS,21,,PD_MECH_DEFERRED,-1,-1,-1,-1,-1,-1,-1,-1,-1,false
global-disease-crisis,seed-1,BAL,21,,PD_MECH_DEFERRED,-1,-1,-1,-1,-1,-1,-1,-1,-1,false
global-disease-crisis,seed-1,JPQ,21,,PD_MECH_DEFERRED,-1,-1,-1,-1,-1,-1,-1,-1,-1,false
global-disease-crisis,seed-1,CONSV,21,,PD_MECH_DEFERRED,-1,-1,-1,-1,-1,-1,-1,-1,-1,false
global-disease-crisis,seed-1,VAP,21,,PD_MECH_DEFERRED,-1,-1,-1,-1,-1,-1,-1,-1,-1,false
global-disease-crisis,seed-1,MASS,22,MASS-F1,PD_MECH_CONSIDERED,0.8119473684210526,-1,-1,-1,-1,-1,-1,-1,-1,false
global-disease-crisis,seed-1,MASS,22,MASS-F1,PD_MECH_PAYBACK_UNATTRACTIVE,-1,4408.26525,146.94217500000002,146942.17500000002,2500000,17.013495274586752,0.7916666666666666,1,9.5,false
global-disease-crisis,seed-1,MASS,22,,PD_MECH_DEFERRED,-1,-1,-1,-1,-1,-1,-1,-1,-1,false
global-disease-crisis,seed-1,BAL,22,,PD_MECH_DEFERRED,-1,-1,-1,-1,-1,-1,-1,-1,-1,false
global-disease-crisis,seed-1,JPQ,22,,PD_MECH_DEFERRED,-1,-1,-1,-1,-1,-1,-1,-1,-1,false
global-disease-crisis,seed-1,CONSV,22,,PD_MECH_DEFERRED,-1,-1,-1,-1,-1,-1,-1,-1,-1,false
global-disease-crisis,seed-1,VAP,22,,PD_MECH_DEFERRED,-1,-1,-1,-1,-1,-1,-1,-1,-1,false
global-disease-crisis,seed-1,MASS,23,MASS-F1,PD_MECH_CONSIDERED,0.8090012432656445,-1,-1,-1,-1,-1,-1,-1,-1,false
global-disease-crisis,seed-1,MASS,23,MASS-F1,PD_MECH_PAYBACK_UNATTRACTIVE,-1,4392.27,146.409,146409,2500000,17.075453011768403,0.7916666666666666,1,9.5,false
global-disease-crisis,seed-1,MASS,23,,PD_MECH_DEFERRED,-1,-1,-1,-1,-1,-1,-1,-1,-1,false
global-disease-crisis,seed-1,BAL,23,,PD_MECH_DEFERRED,-1,-1,-1,-1,-1,-1,-1,-1,-1,false
global-disease-crisis,seed-1,JPQ,23,,PD_MECH_DEFERRED,-1,-1,-1,-1,-1,-1,-1,-1,-1,false
global-disease-crisis,seed-1,CONSV,23,,PD_MECH_DEFERRED,-1,-1,-1,-1,-1,-1,-1,-1,-1,false
global-disease-crisis,seed-1,VAP,23,,PD_MECH_DEFERRED,-1,-1,-1,-1,-1,-1,-1,-1,-1,false
global-disease-crisis,seed-1,MASS,24,MASS-F1,PD_MECH_CONSIDERED,0.881326150020721,-1,-1,-1,-1,-1,-1,-1,-1,false
global-disease-crisis,seed-1,MASS,24,MASS-F1,PD_MECH_PAYBACK_UNATTRACTIVE,-1,4784.94,159.49800000000005,159498.00000000006,2500000,15.67417773263614,0.7916666666666666,1,9.5,false
global-disease-crisis,seed-1,MASS,24,,PD_MECH_DEFERRED,-1,-1,-1,-1,-1,-1,-1,-1,-1,false
global-disease-crisis,seed-1,BAL,24,,PD_MECH_DEFERRED,-1,-1,-1,-1,-1,-1,-1,-1,-1,false
global-disease-crisis,seed-1,JPQ,24,,PD_MECH_DEFERRED,-1,-1,-1,-1,-1,-1,-1,-1,-1,false
global-disease-crisis,seed-1,CONSV,24,,PD_MECH_DEFERRED,-1,-1,-1,-1,-1,-1,-1,-1,-1,false
global-disease-crisis,seed-1,VAP,24,,PD_MECH_DEFERRED,-1,-1,-1,-1,-1,-1,-1,-1,-1,false
global-disease-crisis,seed-1,MASS,25,MASS-F1,PD_MECH_CONSIDERED,0.8891578026430906,-1,-1,-1,-1,-1,-1,-1,-1,false
global-disease-crisis,seed-1,MASS,25,MASS-F1,PD_MECH_PAYBACK_UNATTRACTIVE,-1,4827.46,160.91533333333325,160915.33333333326,2500000,15.536120444291623,0.7916666666666666,1,9.5,false
global-disease-crisis,seed-1,MASS,25,,PD_MECH_DEFERRED,-1,-1,-1,-1,-1,-1,-1,-1,-1,false
global-disease-crisis,seed-1,BAL,25,,PD_MECH_DEFERRED,-1,-1,-1,-1,-1,-1,-1,-1,-1,false
global-disease-crisis,seed-1,JPQ,25,,PD_MECH_DEFERRED,-1,-1,-1,-1,-1,-1,-1,-1,-1,false
global-disease-crisis,seed-1,CONSV,25,,PD_MECH_DEFERRED,-1,-1,-1,-1,-1,-1,-1,-1,-1,false
global-disease-crisis,seed-1,VAP,25,,PD_MECH_DEFERRED,-1,-1,-1,-1,-1,-1,-1,-1,-1,false
global-disease-crisis,seed-1,MASS,26,MASS-F1,PD_MECH_CONSIDERED,0.9201952387530506,-1,-1,-1,-1,-1,-1,-1,-1,false
global-disease-crisis,seed-1,MASS,26,MASS-F1,PD_MECH_PAYBACK_UNATTRACTIVE,-1,4995.97,166.53233333333333,166532.3333333333,2500000,15.012099752400436,0.7916666666666666,1,9.5,false
global-disease-crisis,seed-1,MASS,26,MASS-NEWF-MASS-CAPEX-3,PD_MECH_CONSIDERED,0,-1,-1,-1,-1,-1,-1,-1,-1,false
global-disease-crisis,seed-1,MASS,26,MASS-NEWF-MASS-CAPEX-3,PD_MECH_LOW_UTILIZATION,0,-1,-1,-1,-1,-1,-1,-1,-1,false
global-disease-crisis,seed-1,MASS,26,,PD_MECH_DEFERRED,-1,-1,-1,-1,-1,-1,-1,-1,-1,false
global-disease-crisis,seed-1,BAL,26,,PD_MECH_DEFERRED,-1,-1,-1,-1,-1,-1,-1,-1,-1,false
global-disease-crisis,seed-1,JPQ,26,,PD_MECH_DEFERRED,-1,-1,-1,-1,-1,-1,-1,-1,-1,false
global-disease-crisis,seed-1,CONSV,26,,PD_MECH_DEFERRED,-1,-1,-1,-1,-1,-1,-1,-1,-1,false
global-disease-crisis,seed-1,VAP,26,,PD_MECH_DEFERRED,-1,-1,-1,-1,-1,-1,-1,-1,-1,false
global-disease-crisis,seed-1,MASS,27,MASS-F1,PD_MECH_CONSIDERED,0.6546152783533637,-1,-1,-1,-1,-1,-1,-1,-1,false
global-disease-crisis,seed-1,MASS,27,MASS-F1,PD_MECH_PAYBACK_UNATTRACTIVE,-1,3554.07,118.46900000000005,118469.00000000006,2500000,21.10256691623968,0.7916666666666666,1,9.5,false
global-disease-crisis,seed-1,MASS,27,MASS-NEWF-MASS-CAPEX-3,PD_MECH_CONSIDERED,0.25117251461988305,-1,-1,-1,-1,-1,-1,-1,-1,false
global-disease-crisis,seed-1,MASS,27,MASS-NEWF-MASS-CAPEX-3,PD_MECH_LOW_UTILIZATION,0.25117251461988305,-1,-1,-1,-1,-1,-1,-1,-1,false
global-disease-crisis,seed-1,MASS,27,,PD_MECH_DEFERRED,-1,-1,-1,-1,-1,-1,-1,-1,-1,false
global-disease-crisis,seed-1,BAL,27,,PD_MECH_DEFERRED,-1,-1,-1,-1,-1,-1,-1,-1,-1,false
global-disease-crisis,seed-1,JPQ,27,,PD_MECH_DEFERRED,-1,-1,-1,-1,-1,-1,-1,-1,-1,false
global-disease-crisis,seed-1,CONSV,27,,PD_MECH_DEFERRED,-1,-1,-1,-1,-1,-1,-1,-1,-1,false
global-disease-crisis,seed-1,VAP,27,,PD_MECH_DEFERRED,-1,-1,-1,-1,-1,-1,-1,-1,-1,false
global-disease-crisis,seed-1,MASS,28,MASS-F1,PD_MECH_CONSIDERED,0.6535543583367869,-1,-1,-1,-1,-1,-1,-1,-1,false
global-disease-crisis,seed-1,MASS,28,MASS-F1,PD_MECH_PAYBACK_UNATTRACTIVE,-1,3548.31,118.27700000000004,118277.00000000004,2500000,21.13682288187897,0.7916666666666666,1,9.5,false
global-disease-crisis,seed-1,MASS,28,MASS-NEWF-MASS-CAPEX-3,PD_MECH_CONSIDERED,0.3759473684210526,-1,-1,-1,-1,-1,-1,-1,-1,false
global-disease-crisis,seed-1,MASS,28,MASS-NEWF-MASS-CAPEX-3,PD_MECH_LOW_UTILIZATION,0.3759473684210526,-1,-1,-1,-1,-1,-1,-1,-1,false
global-disease-crisis,seed-1,MASS,28,,PD_MECH_DEFERRED,-1,-1,-1,-1,-1,-1,-1,-1,-1,false
global-disease-crisis,seed-1,BAL,28,BAL-NEWF-BAL-CAPEX-11,PD_MECH_CONSIDERED,0,-1,-1,-1,-1,-1,-1,-1,-1,false
global-disease-crisis,seed-1,BAL,28,BAL-NEWF-BAL-CAPEX-11,PD_MECH_LOW_UTILIZATION,0,-1,-1,-1,-1,-1,-1,-1,-1,false
global-disease-crisis,seed-1,BAL,28,,PD_MECH_DEFERRED,-1,-1,-1,-1,-1,-1,-1,-1,-1,false
global-disease-crisis,seed-1,JPQ,28,,PD_MECH_DEFERRED,-1,-1,-1,-1,-1,-1,-1,-1,-1,false
global-disease-crisis,seed-1,CONSV,28,,PD_MECH_DEFERRED,-1,-1,-1,-1,-1,-1,-1,-1,-1,false
global-disease-crisis,seed-1,VAP,28,,PD_MECH_DEFERRED,-1,-1,-1,-1,-1,-1,-1,-1,-1,false
global-disease-crisis,seed-1,MASS,29,MASS-F1,PD_MECH_CONSIDERED,0.6671860754247825,-1,-1,-1,-1,-1,-1,-1,-1,false
global-disease-crisis,seed-1,MASS,29,MASS-F1,PD_MECH_PAYBACK_UNATTRACTIVE,-1,3622.32,120.74400000000003,120744.00000000003,2500000,20.704962565427678,0.7916666666666666,1,9.5,false
global-disease-crisis,seed-1,MASS,29,MASS-NEWF-MASS-CAPEX-3,PD_MECH_CONSIDERED,0,-1,-1,-1,-1,-1,-1,-1,-1,false
global-disease-crisis,seed-1,MASS,29,MASS-NEWF-MASS-CAPEX-3,PD_MECH_LOW_UTILIZATION,0,-1,-1,-1,-1,-1,-1,-1,-1,false
global-disease-crisis,seed-1,MASS,29,,PD_MECH_DEFERRED,-1,-1,-1,-1,-1,-1,-1,-1,-1,false
global-disease-crisis,seed-1,BAL,29,BAL-NEWF-BAL-CAPEX-11,PD_MECH_CONSIDERED,0.5630994152046783,-1,-1,-1,-1,-1,-1,-1,-1,false
global-disease-crisis,seed-1,BAL,29,BAL-NEWF-BAL-CAPEX-11,PD_MECH_PAYBACK_UNATTRACTIVE,-1,2888.7,96.29000000000002,96290.00000000001,2500000,25.963236057742233,1,1,12,false
global-disease-crisis,seed-1,BAL,29,,PD_MECH_DEFERRED,-1,-1,-1,-1,-1,-1,-1,-1,-1,false
global-disease-crisis,seed-1,JPQ,29,,PD_MECH_DEFERRED,-1,-1,-1,-1,-1,-1,-1,-1,-1,false
global-disease-crisis,seed-1,CONSV,29,,PD_MECH_DEFERRED,-1,-1,-1,-1,-1,-1,-1,-1,-1,false
global-disease-crisis,seed-1,VAP,29,,PD_MECH_DEFERRED,-1,-1,-1,-1,-1,-1,-1,-1,-1,false
global-disease-crisis,seed-1,MASS,30,MASS-F1,PD_MECH_CONSIDERED,0.8418566100290095,-1,-1,-1,-1,-1,-1,-1,-1,false
global-disease-crisis,seed-1,MASS,30,MASS-F1,PD_MECH_PAYBACK_UNATTRACTIVE,-1,4570.65,152.3549999999999,152354.9999999999,2500000,16.40904466541959,0.7916666666666666,1,9.5,false
global-disease-crisis,seed-1,MASS,30,MASS-NEWF-MASS-CAPEX-3,PD_MECH_CONSIDERED,0.8418567251461988,-1,-1,-1,-1,-1,-1,-1,-1,false
global-disease-crisis,seed-1,MASS,30,MASS-NEWF-MASS-CAPEX-3,PD_MECH_PAYBACK_UNATTRACTIVE,-1,5758.3,191.94333333333338,191943.33333333337,2500000,13.024677422155841,0.7916666666666666,1,9.5,false
global-disease-crisis,seed-1,MASS,30,,PD_MECH_DEFERRED,-1,-1,-1,-1,-1,-1,-1,-1,-1,false
global-disease-crisis,seed-1,BAL,30,BAL-NEWF-BAL-CAPEX-11,PD_MECH_CONSIDERED,0.6478947368421052,-1,-1,-1,-1,-1,-1,-1,-1,false
global-disease-crisis,seed-1,BAL,30,BAL-NEWF-BAL-CAPEX-11,PD_MECH_PAYBACK_UNATTRACTIVE,-1,4431.599999999999,147.72000000000003,147720.00000000003,2500000,16.923910100189545,1,1,12,false
global-disease-crisis,seed-1,BAL,30,,PD_MECH_DEFERRED,-1,-1,-1,-1,-1,-1,-1,-1,-1,false
global-disease-crisis,seed-1,JPQ,30,,PD_MECH_DEFERRED,-1,-1,-1,-1,-1,-1,-1,-1,-1,false
global-disease-crisis,seed-1,CONSV,30,,PD_MECH_DEFERRED,-1,-1,-1,-1,-1,-1,-1,-1,-1,false
global-disease-crisis,seed-1,VAP,30,,PD_MECH_DEFERRED,-1,-1,-1,-1,-1,-1,-1,-1,-1,false
global-disease-crisis,seed-1,MASS,31,MASS-F1,PD_MECH_CONSIDERED,0.7243818206934659,-1,-1,-1,-1,-1,-1,-1,-1,false
global-disease-crisis,seed-1,MASS,31,MASS-F1,PD_MECH_PAYBACK_UNATTRACTIVE,-1,3932.85,131.0949999999999,131094.9999999999,2500000,19.070139974827427,0.7916666666666666,1,9.5,false
global-disease-crisis,seed-1,MASS,31,MASS-NEWF-MASS-CAPEX-3,PD_MECH_CONSIDERED,0.6322704678362573,-1,-1,-1,-1,-1,-1,-1,-1,false
global-disease-crisis,seed-1,MASS,31,MASS-NEWF-MASS-CAPEX-3,PD_MECH_PAYBACK_UNATTRACTIVE,-1,4324.73,144.15766666666661,144157.66666666663,2500000,17.34212309207743,0.7916666666666666,1,9.5,false
global-disease-crisis,seed-1,MASS,31,,PD_MECH_DEFERRED,-1,-1,-1,-1,-1,-1,-1,-1,-1,false
global-disease-crisis,seed-1,BAL,31,BAL-NEWF-BAL-CAPEX-11,PD_MECH_CONSIDERED,0.648687134502924,-1,-1,-1,-1,-1,-1,-1,-1,false
global-disease-crisis,seed-1,BAL,31,BAL-NEWF-BAL-CAPEX-11,PD_MECH_PAYBACK_UNATTRACTIVE,-1,4437.02,147.90066666666667,147900.66666666666,2500000,16.903236857169905,1,1,12,false
global-disease-crisis,seed-1,BAL,31,,PD_MECH_DEFERRED,-1,-1,-1,-1,-1,-1,-1,-1,-1,false
global-disease-crisis,seed-1,JPQ,31,,PD_MECH_DEFERRED,-1,-1,-1,-1,-1,-1,-1,-1,-1,false
global-disease-crisis,seed-1,CONSV,31,,PD_MECH_DEFERRED,-1,-1,-1,-1,-1,-1,-1,-1,-1,false
global-disease-crisis,seed-1,VAP,31,,PD_MECH_DEFERRED,-1,-1,-1,-1,-1,-1,-1,-1,-1,false
global-disease-crisis,seed-1,MASS,32,MASS-F1,PD_MECH_CONSIDERED,0.5324271308191739,-1,-1,-1,-1,-1,-1,-1,-1,false
global-disease-crisis,seed-1,MASS,32,MASS-F1,PD_MECH_PAYBACK_UNATTRACTIVE,-1,2890.68,96.356,96356,2500000,25.945452281124165,0.7916666666666666,1,9.5,false
global-disease-crisis,seed-1,MASS,32,MASS-NEWF-MASS-CAPEX-3,PD_MECH_CONSIDERED,0.35449269005847955,-1,-1,-1,-1,-1,-1,-1,-1,false
global-disease-crisis,seed-1,MASS,32,MASS-NEWF-MASS-CAPEX-3,PD_MECH_LOW_UTILIZATION,0.35449269005847955,-1,-1,-1,-1,-1,-1,-1,-1,false
global-disease-crisis,seed-1,MASS,32,,PD_MECH_DEFERRED,-1,-1,-1,-1,-1,-1,-1,-1,-1,false
global-disease-crisis,seed-1,BAL,32,BAL-NEWF-BAL-CAPEX-11,PD_MECH_CONSIDERED,0.6482309941520468,-1,-1,-1,-1,-1,-1,-1,-1,false
global-disease-crisis,seed-1,BAL,32,BAL-NEWF-BAL-CAPEX-11,PD_MECH_PAYBACK_UNATTRACTIVE,-1,4433.9,147.79666666666674,147796.66666666674,2500000,16.915131148650165,1,1,12,false
global-disease-crisis,seed-1,BAL,32,,PD_MECH_DEFERRED,-1,-1,-1,-1,-1,-1,-1,-1,-1,false
global-disease-crisis,seed-1,JPQ,32,,PD_MECH_DEFERRED,-1,-1,-1,-1,-1,-1,-1,-1,-1,false
global-disease-crisis,seed-1,CONSV,32,,PD_MECH_DEFERRED,-1,-1,-1,-1,-1,-1,-1,-1,-1,false
global-disease-crisis,seed-1,VAP,32,,PD_MECH_DEFERRED,-1,-1,-1,-1,-1,-1,-1,-1,-1,false
global-disease-crisis,seed-2,MASS,1,MASS-F1,PD_MECH_CONSIDERED,0,-1,-1,-1,-1,-1,-1,-1,-1,false
global-disease-crisis,seed-2,MASS,1,MASS-F1,PD_MECH_LOW_UTILIZATION,0,-1,-1,-1,-1,-1,-1,-1,-1,false
global-disease-crisis,seed-2,MASS,1,,PD_MECH_DEFERRED,-1,-1,-1,-1,-1,-1,-1,-1,-1,false
global-disease-crisis,seed-2,BAL,1,BAL-F1,PD_MECH_CONSIDERED,0,-1,-1,-1,-1,-1,-1,-1,-1,false
global-disease-crisis,seed-2,BAL,1,BAL-F1,PD_MECH_LOW_UTILIZATION,0,-1,-1,-1,-1,-1,-1,-1,-1,false
global-disease-crisis,seed-2,BAL,1,,PD_MECH_DEFERRED,-1,-1,-1,-1,-1,-1,-1,-1,-1,false
global-disease-crisis,seed-2,JPQ,1,JPQ-F1,PD_MECH_CONSIDERED,0,-1,-1,-1,-1,-1,-1,-1,-1,false
global-disease-crisis,seed-2,JPQ,1,JPQ-F1,PD_MECH_LOW_UTILIZATION,0,-1,-1,-1,-1,-1,-1,-1,-1,false
global-disease-crisis,seed-2,JPQ,1,,PD_MECH_DEFERRED,-1,-1,-1,-1,-1,-1,-1,-1,-1,false
global-disease-crisis,seed-2,CONSV,1,CONSV-F1,PD_MECH_CONSIDERED,0,-1,-1,-1,-1,-1,-1,-1,-1,false
global-disease-crisis,seed-2,CONSV,1,CONSV-F1,PD_MECH_LOW_UTILIZATION,0,-1,-1,-1,-1,-1,-1,-1,-1,false
global-disease-crisis,seed-2,CONSV,1,,PD_MECH_DEFERRED,-1,-1,-1,-1,-1,-1,-1,-1,-1,false
global-disease-crisis,seed-2,VAP,1,VAP-F1,PD_MECH_CONSIDERED,0,-1,-1,-1,-1,-1,-1,-1,-1,false
global-disease-crisis,seed-2,VAP,1,VAP-F1,PD_MECH_LOW_UTILIZATION,0,-1,-1,-1,-1,-1,-1,-1,-1,false
global-disease-crisis,seed-2,VAP,1,,PD_MECH_DEFERRED,-1,-1,-1,-1,-1,-1,-1,-1,-1,false
global-disease-crisis,seed-2,MASS,2,MASS-F1,PD_MECH_CONSIDERED,0.7883040935672515,-1,-1,-1,-1,-1,-1,-1,-1,false
global-disease-crisis,seed-2,MASS,2,MASS-F1,PD_MECH_PAYBACK_UNATTRACTIVE,-1,4044.0000000000005,134.79999999999995,134799.99999999994,2500000,18.545994065281906,0.7916666666666666,1,9.5,false
global-disease-crisis,seed-2,MASS,2,,PD_MECH_DEFERRED,-1,-1,-1,-1,-1,-1,-1,-1,-1,false
global-disease-crisis,seed-2,BAL,2,BAL-F1,PD_MECH_CONSIDERED,0.9271929824561403,-1,-1,-1,-1,-1,-1,-1,-1,false
global-disease-crisis,seed-2,BAL,2,BAL-F1,PD_MECH_PAYBACK_UNATTRACTIVE,-1,5549.25,184.9749999999999,184974.9999999999,2500000,13.515339910798764,1,1,12,false
global-disease-crisis,seed-2,BAL,2,,PD_MECH_DEFERRED,-1,-1,-1,-1,-1,-1,-1,-1,-1,false
global-disease-crisis,seed-2,JPQ,2,JPQ-F1,PD_MECH_CONSIDERED,1,-1,-1,-1,-1,-1,-1,-1,-1,false
global-disease-crisis,seed-2,JPQ,2,,PD_MECH_FINANCE_BLOCKED,-1,-1,-1,-1,2500000,-1,-1,-1,-1,false
global-disease-crisis,seed-2,CONSV,2,CONSV-F1,PD_MECH_CONSIDERED,1,-1,-1,-1,-1,-1,-1,-1,-1,false
global-disease-crisis,seed-2,CONSV,2,,PD_MECH_FINANCE_BLOCKED,-1,-1,-1,-1,2500000,-1,-1,-1,-1,false
global-disease-crisis,seed-2,VAP,2,VAP-F1,PD_MECH_CONSIDERED,1,-1,-1,-1,-1,-1,-1,-1,-1,false
global-disease-crisis,seed-2,VAP,2,,PD_MECH_FINANCE_BLOCKED,-1,-1,-1,-1,2500000,-1,-1,-1,-1,false
global-disease-crisis,seed-2,MASS,3,MASS-F1,PD_MECH_CONSIDERED,0.6222183235867447,-1,-1,-1,-1,-1,-1,-1,-1,false
global-disease-crisis,seed-2,MASS,3,MASS-F1,PD_MECH_PAYBACK_UNATTRACTIVE,-1,3191.98,106.39933333333329,106399.33333333328,2500000,23.496387821978846,0.7916666666666666,1,9.5,false
global-disease-crisis,seed-2,MASS,3,,PD_MECH_DEFERRED,-1,-1,-1,-1,-1,-1,-1,-1,-1,false
global-disease-crisis,seed-2,BAL,3,BAL-F1,PD_MECH_CONSIDERED,1,-1,-1,-1,-1,-1,-1,-1,-1,false
global-disease-crisis,seed-2,BAL,3,BAL-F1,PD_MECH_PAYBACK_UNATTRACTIVE,-1,5985,199.5,199500,2500000,12.531328320802006,1,1,12,false
global-disease-crisis,seed-2,BAL,3,,PD_MECH_DEFERRED,-1,-1,-1,-1,-1,-1,-1,-1,-1,false
global-disease-crisis,seed-2,JPQ,3,JPQ-F1,PD_MECH_CONSIDERED,0.8874108187134503,-1,-1,-1,-1,-1,-1,-1,-1,false
global-disease-crisis,seed-2,JPQ,3,,PD_MECH_FINANCE_BLOCKED,-1,-1,-1,-1,2500000,-1,-1,-1,-1,false
global-disease-crisis,seed-2,CONSV,3,CONSV-F1,PD_MECH_CONSIDERED,0.8540601503759399,-1,-1,-1,-1,-1,-1,-1,-1,false
global-disease-crisis,seed-2,CONSV,3,CONSV-F1,PD_MECH_PAYBACK_UNATTRACTIVE,-1,5111.55,170.385,170385,2500000,14.672653109135194,1.2105263157894737,1.05,13.834586466165414,false
global-disease-crisis,seed-2,CONSV,3,,PD_MECH_DEFERRED,-1,-1,-1,-1,-1,-1,-1,-1,-1,false
global-disease-crisis,seed-2,VAP,3,VAP-F1,PD_MECH_CONSIDERED,0.9596881091617934,-1,-1,-1,-1,-1,-1,-1,-1,false
global-disease-crisis,seed-2,VAP,3,,PD_MECH_FINANCE_BLOCKED,-1,-1,-1,-1,2500000,-1,-1,-1,-1,false
global-disease-crisis,seed-2,MASS,4,MASS-F1,PD_MECH_CONSIDERED,1,-1,-1,-1,-1,-1,-1,-1,-1,false
global-disease-crisis,seed-2,MASS,4,MASS-F1,PD_MECH_PAYBACK_UNATTRACTIVE,-1,5130,171,171000,2500000,14.619883040935672,0.7916666666666666,1,9.5,false
global-disease-crisis,seed-2,MASS,4,,PD_MECH_DEFERRED,-1,-1,-1,-1,-1,-1,-1,-1,-1,false
global-disease-crisis,seed-2,BAL,4,BAL-F1,PD_MECH_CONSIDERED,1,-1,-1,-1,-1,-1,-1,-1,-1,false
global-disease-crisis,seed-2,BAL,4,BAL-F1,PD_MECH_PAYBACK_UNATTRACTIVE,-1,5985,199.5,199500,2500000,12.531328320802006,1,1,12,false
global-disease-crisis,seed-2,BAL,4,,PD_MECH_DEFERRED,-1,-1,-1,-1,-1,-1,-1,-1,-1,false
global-disease-crisis,seed-2,JPQ,4,JPQ-F1,PD_MECH_CONSIDERED,0.9432792397660819,-1,-1,-1,-1,-1,-1,-1,-1,false
global-disease-crisis,seed-2,JPQ,4,,PD_MECH_FINANCE_BLOCKED,-1,-1,-1,-1,2500000,-1,-1,-1,-1,false
global-disease-crisis,seed-2,CONSV,4,CONSV-F1,PD_MECH_CONSIDERED,0.9301487050960735,-1,-1,-1,-1,-1,-1,-1,-1,false
global-disease-crisis,seed-2,CONSV,4,CONSV-F1,PD_MECH_PROPOSED,-1,5566.94,185.56466666666665,185564.66666666666,2500000,13.472392373548125,1.2105263157894737,1.05,13.834586466165414,true
global-disease-crisis,seed-2,VAP,4,VAP-F1,PD_MECH_CONSIDERED,0.8896023391812865,-1,-1,-1,-1,-1,-1,-1,-1,false
global-disease-crisis,seed-2,VAP,4,,PD_MECH_FINANCE_BLOCKED,-1,-1,-1,-1,2500000,-1,-1,-1,-1,false
global-disease-crisis,seed-2,MASS,5,MASS-F1,PD_MECH_CONSIDERED,0.5463079922027291,-1,-1,-1,-1,-1,-1,-1,-1,false
global-disease-crisis,seed-2,MASS,5,MASS-F1,PD_MECH_PAYBACK_UNATTRACTIVE,-1,2802.56,93.41866666666664,93418.66666666664,2500000,26.76124686001371,0.7916666666666666,1,9.5,false
global-disease-crisis,seed-2,MASS,5,,PD_MECH_DEFERRED,-1,-1,-1,-1,-1,-1,-1,-1,-1,false
global-disease-crisis,seed-2,BAL,5,BAL-F1,PD_MECH_CONSIDERED,1,-1,-1,-1,-1,-1,-1,-1,-1,false
global-disease-crisis,seed-2,BAL,5,BAL-F1,PD_MECH_PAYBACK_UNATTRACTIVE,-1,5985,199.5,199500,2500000,12.531328320802006,1,1,12,false
global-disease-crisis,seed-2,BAL,5,,PD_MECH_DEFERRED,-1,-1,-1,-1,-1,-1,-1,-1,-1,false
global-disease-crisis,seed-2,JPQ,5,JPQ-F1,PD_MECH_CONSIDERED,0.9593801169590643,-1,-1,-1,-1,-1,-1,-1,-1,false
global-disease-crisis,seed-2,JPQ,5,,PD_MECH_FINANCE_BLOCKED,-1,-1,-1,-1,2500000,-1,-1,-1,-1,false
global-disease-crisis,seed-2,CONSV,5,,PD_MECH_DEFERRED,-1,-1,-1,-1,-1,-1,-1,-1,-1,false
global-disease-crisis,seed-2,VAP,5,VAP-F1,PD_MECH_CONSIDERED,1,-1,-1,-1,-1,-1,-1,-1,-1,false
global-disease-crisis,seed-2,VAP,5,,PD_MECH_FINANCE_BLOCKED,-1,-1,-1,-1,2500000,-1,-1,-1,-1,false
global-disease-crisis,seed-2,MASS,6,MASS-F1,PD_MECH_CONSIDERED,0.9896237816764133,-1,-1,-1,-1,-1,-1,-1,-1,false
global-disease-crisis,seed-2,MASS,6,MASS-F1,PD_MECH_PAYBACK_UNATTRACTIVE,-1,5076.77,169.2256666666666,169225.6666666666,2500000,14.773172706267967,0.7916666666666666,1,9.5,false
global-disease-crisis,seed-2,MASS,6,,PD_MECH_DEFERRED,-1,-1,-1,-1,-1,-1,-1,-1,-1,false
global-disease-crisis,seed-2,BAL,6,BAL-F1,PD_MECH_CONSIDERED,1,-1,-1,-1,-1,-1,-1,-1,-1,false
global-disease-crisis,seed-2,BAL,6,,PD_MECH_FINANCE_BLOCKED,-1,-1,-1,-1,2500000,-1,-1,-1,-1,false
global-disease-crisis,seed-2,JPQ,6,JPQ-F1,PD_MECH_CONSIDERED,0.8876593567251462,-1,-1,-1,-1,-1,-1,-1,-1,false
global-disease-crisis,seed-2,JPQ,6,,PD_MECH_FINANCE_BLOCKED,-1,-1,-1,-1,2500000,-1,-1,-1,-1,false
global-disease-crisis,seed-2,CONSV,6,,PD_MECH_DEFERRED,-1,-1,-1,-1,-1,-1,-1,-1,-1,false
global-disease-crisis,seed-2,VAP,6,VAP-F1,PD_MECH_CONSIDERED,1,-1,-1,-1,-1,-1,-1,-1,-1,false
global-disease-crisis,seed-2,VAP,6,,PD_MECH_FINANCE_BLOCKED,-1,-1,-1,-1,2500000,-1,-1,-1,-1,false
global-disease-crisis,seed-2,MASS,7,MASS-F1,PD_MECH_CONSIDERED,0.5617056530214425,-1,-1,-1,-1,-1,-1,-1,-1,false
global-disease-crisis,seed-2,MASS,7,MASS-F1,PD_MECH_PAYBACK_UNATTRACTIVE,-1,2881.5499999999997,96.05166666666668,96051.66666666667,2500000,26.027658725338792,0.7916666666666666,1,9.5,false
global-disease-crisis,seed-2,MASS,7,,PD_MECH_DEFERRED,-1,-1,-1,-1,-1,-1,-1,-1,-1,false
global-disease-crisis,seed-2,BAL,7,BAL-F1,PD_MECH_CONSIDERED,1,-1,-1,-1,-1,-1,-1,-1,-1,false
global-disease-crisis,seed-2,BAL,7,,PD_MECH_FINANCE_BLOCKED,-1,-1,-1,-1,2500000,-1,-1,-1,-1,false
global-disease-crisis,seed-2,JPQ,7,JPQ-F1,PD_MECH_CONSIDERED,0.8514356725146198,-1,-1,-1,-1,-1,-1,-1,-1,false
global-disease-crisis,seed-2,JPQ,7,,PD_MECH_FINANCE_BLOCKED,-1,-1,-1,-1,2500000,-1,-1,-1,-1,false
global-disease-crisis,seed-2,CONSV,7,,PD_MECH_DEFERRED,-1,-1,-1,-1,-1,-1,-1,-1,-1,false
global-disease-crisis,seed-2,VAP,7,VAP-F1,PD_MECH_CONSIDERED,1,-1,-1,-1,-1,-1,-1,-1,-1,false
global-disease-crisis,seed-2,VAP,7,,PD_MECH_FINANCE_BLOCKED,-1,-1,-1,-1,2500000,-1,-1,-1,-1,false
global-disease-crisis,seed-2,MASS,8,MASS-F1,PD_MECH_CONSIDERED,0.9435633528265106,-1,-1,-1,-1,-1,-1,-1,-1,false
global-disease-crisis,seed-2,MASS,8,MASS-F1,PD_MECH_PAYBACK_UNATTRACTIVE,-1,4840.48,161.34933333333333,161349.33333333334,2500000,15.494331140713317,0.7916666666666666,1,9.5,false
global-disease-crisis,seed-2,MASS,8,,PD_MECH_DEFERRED,-1,-1,-1,-1,-1,-1,-1,-1,-1,false
global-disease-crisis,seed-2,BAL,8,BAL-F1,PD_MECH_CONSIDERED,0.9092875044754744,-1,-1,-1,-1,-1,-1,-1,-1,false
global-disease-crisis,seed-2,BAL,8,BAL-F1,PD_MECH_PAYBACK_UNATTRACTIVE,-1,5714.19,190.47300000000007,190473.00000000006,2500000,13.12521984743244,1,1,12,false
global-disease-crisis,seed-2,BAL,8,,PD_MECH_DEFERRED,-1,-1,-1,-1,-1,-1,-1,-1,-1,false
global-disease-crisis,seed-2,JPQ,8,JPQ-F1,PD_MECH_CONSIDERED,0.8256491228070175,-1,-1,-1,-1,-1,-1,-1,-1,false
global-disease-crisis,seed-2,JPQ,8,JPQ-F1,PD_MECH_PROPOSED,-1,5647.44,188.24799999999993,188247.99999999994,2500000,13.280353576133615,1.1176470588235294,1,13.411764705882353,true
global-disease-crisis,seed-2,CONSV,8,,PD_MECH_DEFERRED,-1,-1,-1,-1,-1,-1,-1,-1,-1,false
global-disease-crisis,seed-2,VAP,8,VAP-F1,PD_MECH_CONSIDERED,1,-1,-1,-1,-1,-1,-1,-1,-1,false
global-disease-crisis,seed-2,VAP,8,VAP-F1,PD_MECH_PROPOSED,-1,5130,171,171000,2500000,14.619883040935672,1.411764705882353,1,16.941176470588236,true
global-disease-crisis,seed-2,MASS,9,MASS-F1,PD_MECH_CONSIDERED,0.8476569200779727,-1,-1,-1,-1,-1,-1,-1,-1,false
global-disease-crisis,seed-2,MASS,9,MASS-F1,PD_MECH_PAYBACK_UNATTRACTIVE,-1,4348.48,144.94933333333336,144949.33333333334,2500000,17.247405990139082,0.7916666666666666,1,9.5,false
global-disease-crisis,seed-2,MASS,9,,PD_MECH_DEFERRED,-1,-1,-1,-1,-1,-1,-1,-1,-1,false
global-disease-crisis,seed-2,BAL,9,BAL-F1,PD_MECH_CONSIDERED,0.9568874567370808,-1,-1,-1,-1,-1,-1,-1,-1,false
global-disease-crisis,seed-2,BAL,9,BAL-F1,PD_MECH_PAYBACK_UNATTRACTIVE,-1,6013.32,200.44400000000007,200444.0000000001,2500000,12.472311468539836,1,1,12,false
global-disease-crisis,seed-2,BAL,9,,PD_MECH_DEFERRED,-1,-1,-1,-1,-1,-1,-1,-1,-1,false
global-disease-crisis,seed-2,JPQ,9,,PD_MECH_DEFERRED,-1,-1,-1,-1,-1,-1,-1,-1,-1,false
global-disease-crisis,seed-2,CONSV,9,,PD_MECH_DEFERRED,-1,-1,-1,-1,-1,-1,-1,-1,-1,false
global-disease-crisis,seed-2,VAP,9,,PD_MECH_DEFERRED,-1,-1,-1,-1,-1,-1,-1,-1,-1,false
global-disease-crisis,seed-2,MASS,10,MASS-F1,PD_MECH_CONSIDERED,0.9973391812865497,-1,-1,-1,-1,-1,-1,-1,-1,false
global-disease-crisis,seed-2,MASS,10,MASS-F1,PD_MECH_PAYBACK_UNATTRACTIVE,-1,5116.35,170.54500000000007,170545.00000000006,2500000,14.658887683602563,0.7916666666666666,1,9.5,false
global-disease-crisis,seed-2,MASS,10,,PD_MECH_DEFERRED,-1,-1,-1,-1,-1,-1,-1,-1,-1,false
global-disease-crisis,seed-2,BAL,10,BAL-F1,PD_MECH_CONSIDERED,0.9949508692365836,-1,-1,-1,-1,-1,-1,-1,-1,false
global-disease-crisis,seed-2,BAL,10,BAL-F1,PD_MECH_PROPOSED,-1,6252.52,208.41733333333332,208417.3333333333,2500000,11.995163550056619,1,1,12,true
global-disease-crisis,seed-2,JPQ,10,,PD_MECH_DEFERRED,-1,-1,-1,-1,-1,-1,-1,-1,-1,false
global-disease-crisis,seed-2,CONSV,10,,PD_MECH_DEFERRED,-1,-1,-1,-1,-1,-1,-1,-1,-1,false
global-disease-crisis,seed-2,VAP,10,,PD_MECH_DEFERRED,-1,-1,-1,-1,-1,-1,-1,-1,-1,false
global-disease-crisis,seed-2,MASS,11,MASS-F1,PD_MECH_CONSIDERED,0.4737777777777778,-1,-1,-1,-1,-1,-1,-1,-1,false
global-disease-crisis,seed-2,MASS,11,MASS-F1,PD_MECH_LOW_UTILIZATION,0.4737777777777778,-1,-1,-1,-1,-1,-1,-1,-1,false
global-disease-crisis,seed-2,MASS,11,,PD_MECH_DEFERRED,-1,-1,-1,-1,-1,-1,-1,-1,-1,false
global-disease-crisis,seed-2,BAL,11,,PD_MECH_DEFERRED,-1,-1,-1,-1,-1,-1,-1,-1,-1,false
global-disease-crisis,seed-2,JPQ,11,,PD_MECH_DEFERRED,-1,-1,-1,-1,-1,-1,-1,-1,-1,false
global-disease-crisis,seed-2,CONSV,11,,PD_MECH_DEFERRED,-1,-1,-1,-1,-1,-1,-1,-1,-1,false
global-disease-crisis,seed-2,VAP,11,,PD_MECH_DEFERRED,-1,-1,-1,-1,-1,-1,-1,-1,-1,false
global-disease-crisis,seed-2,MASS,12,MASS-F1,PD_MECH_CONSIDERED,0.9626647173489279,-1,-1,-1,-1,-1,-1,-1,-1,false
global-disease-crisis,seed-2,MASS,12,MASS-F1,PD_MECH_PAYBACK_UNATTRACTIVE,-1,4938.47,164.6156666666667,164615.6666666667,2500000,15.186889866699604,0.7916666666666666,1,9.5,false
global-disease-crisis,seed-2,MASS,12,,PD_MECH_DEFERRED,-1,-1,-1,-1,-1,-1,-1,-1,-1,false
global-disease-crisis,seed-2,BAL,12,,PD_MECH_DEFERRED,-1,-1,-1,-1,-1,-1,-1,-1,-1,false
global-disease-crisis,seed-2,JPQ,12,,PD_MECH_DEFERRED,-1,-1,-1,-1,-1,-1,-1,-1,-1,false
global-disease-crisis,seed-2,CONSV,12,,PD_MECH_DEFERRED,-1,-1,-1,-1,-1,-1,-1,-1,-1,false
global-disease-crisis,seed-2,VAP,12,,PD_MECH_DEFERRED,-1,-1,-1,-1,-1,-1,-1,-1,-1,false
global-disease-crisis,seed-2,MASS,13,MASS-F1,PD_MECH_CONSIDERED,1,-1,-1,-1,-1,-1,-1,-1,-1,false
global-disease-crisis,seed-2,MASS,13,MASS-F1,PD_MECH_PAYBACK_UNATTRACTIVE,-1,5130,171,171000,2500000,14.619883040935672,0.7916666666666666,1,9.5,false
global-disease-crisis,seed-2,MASS,13,,PD_MECH_DEFERRED,-1,-1,-1,-1,-1,-1,-1,-1,-1,false
global-disease-crisis,seed-2,BAL,13,,PD_MECH_DEFERRED,-1,-1,-1,-1,-1,-1,-1,-1,-1,false
global-disease-crisis,seed-2,JPQ,13,,PD_MECH_DEFERRED,-1,-1,-1,-1,-1,-1,-1,-1,-1,false
global-disease-crisis,seed-2,CONSV,13,,PD_MECH_DEFERRED,-1,-1,-1,-1,-1,-1,-1,-1,-1,false
global-disease-crisis,seed-2,VAP,13,,PD_MECH_DEFERRED,-1,-1,-1,-1,-1,-1,-1,-1,-1,false
global-disease-crisis,seed-2,MASS,14,MASS-F1,PD_MECH_CONSIDERED,0.8825614035087719,-1,-1,-1,-1,-1,-1,-1,-1,false
global-disease-crisis,seed-2,MASS,14,MASS-F1,PD_MECH_PAYBACK_UNATTRACTIVE,-1,4527.54,150.918,150918,2500000,16.565287109556184,0.7916666666666666,1,9.5,false
global-disease-crisis,seed-2,MASS,14,,PD_MECH_DEFERRED,-1,-1,-1,-1,-1,-1,-1,-1,-1,false
global-disease-crisis,seed-2,BAL,14,,PD_MECH_DEFERRED,-1,-1,-1,-1,-1,-1,-1,-1,-1,false
global-disease-crisis,seed-2,JPQ,14,,PD_MECH_DEFERRED,-1,-1,-1,-1,-1,-1,-1,-1,-1,false
global-disease-crisis,seed-2,CONSV,14,,PD_MECH_DEFERRED,-1,-1,-1,-1,-1,-1,-1,-1,-1,false
global-disease-crisis,seed-2,VAP,14,,PD_MECH_DEFERRED,-1,-1,-1,-1,-1,-1,-1,-1,-1,false
global-disease-crisis,seed-2,MASS,15,MASS-F1,PD_MECH_CONSIDERED,0.8072066276803119,-1,-1,-1,-1,-1,-1,-1,-1,false
global-disease-crisis,seed-2,MASS,15,MASS-F1,PD_MECH_PAYBACK_UNATTRACTIVE,-1,4140.97,138.03233333333333,138032.3333333333,2500000,18.111698466784354,0.7916666666666666,1,9.5,false
global-disease-crisis,seed-2,MASS,15,,PD_MECH_DEFERRED,-1,-1,-1,-1,-1,-1,-1,-1,-1,false
global-disease-crisis,seed-2,BAL,15,,PD_MECH_DEFERRED,-1,-1,-1,-1,-1,-1,-1,-1,-1,false
global-disease-crisis,seed-2,JPQ,15,,PD_MECH_DEFERRED,-1,-1,-1,-1,-1,-1,-1,-1,-1,false
global-disease-crisis,seed-2,CONSV,15,,PD_MECH_DEFERRED,-1,-1,-1,-1,-1,-1,-1,-1,-1,false
global-disease-crisis,seed-2,VAP,15,,PD_MECH_DEFERRED,-1,-1,-1,-1,-1,-1,-1,-1,-1,false
global-disease-crisis,seed-2,MASS,16,MASS-F1,PD_MECH_CONSIDERED,0.8638713450292398,-1,-1,-1,-1,-1,-1,-1,-1,false
global-disease-crisis,seed-2,MASS,16,MASS-F1,PD_MECH_PAYBACK_UNATTRACTIVE,-1,4431.66,147.72199999999998,147721.99999999997,2500000,16.923680968305334,0.7916666666666666,1,9.5,false
global-disease-crisis,seed-2,MASS,16,,PD_MECH_DEFERRED,-1,-1,-1,-1,-1,-1,-1,-1,-1,false
global-disease-crisis,seed-2,BAL,16,,PD_MECH_DEFERRED,-1,-1,-1,-1,-1,-1,-1,-1,-1,false
global-disease-crisis,seed-2,JPQ,16,,PD_MECH_DEFERRED,-1,-1,-1,-1,-1,-1,-1,-1,-1,false
global-disease-crisis,seed-2,CONSV,16,,PD_MECH_DEFERRED,-1,-1,-1,-1,-1,-1,-1,-1,-1,false
global-disease-crisis,seed-2,VAP,16,,PD_MECH_DEFERRED,-1,-1,-1,-1,-1,-1,-1,-1,-1,false
global-disease-crisis,seed-2,MASS,17,MASS-F1,PD_MECH_CONSIDERED,0.9211306042884989,-1,-1,-1,-1,-1,-1,-1,-1,false
global-disease-crisis,seed-2,MASS,17,MASS-F1,PD_MECH_PAYBACK_UNATTRACTIVE,-1,4725.4,157.51333333333332,157513.3333333333,2500000,15.871672239387143,0.7916666666666666,1,9.5,false
global-disease-crisis,seed-2,MASS,17,,PD_MECH_DEFERRED,-1,-1,-1,-1,-1,-1,-1,-1,-1,false
global-disease-crisis,seed-2,BAL,17,,PD_MECH_DEFERRED,-1,-1,-1,-1,-1,-1,-1,-1,-1,false
global-disease-crisis,seed-2,JPQ,17,,PD_MECH_DEFERRED,-1,-1,-1,-1,-1,-1,-1,-1,-1,false
global-disease-crisis,seed-2,CONSV,17,,PD_MECH_DEFERRED,-1,-1,-1,-1,-1,-1,-1,-1,-1,false
global-disease-crisis,seed-2,VAP,17,,PD_MECH_DEFERRED,-1,-1,-1,-1,-1,-1,-1,-1,-1,false
global-disease-crisis,seed-2,MASS,18,MASS-F1,PD_MECH_CONSIDERED,0.9238596491228069,-1,-1,-1,-1,-1,-1,-1,-1,false
global-disease-crisis,seed-2,MASS,18,MASS-F1,PD_MECH_PAYBACK_UNATTRACTIVE,-1,4739.4,157.9799999999999,157979.9999999999,2500000,15.824787947841507,0.7916666666666666,1,9.5,false
global-disease-crisis,seed-2,MASS,18,,PD_MECH_DEFERRED,-1,-1,-1,-1,-1,-1,-1,-1,-1,false
global-disease-crisis,seed-2,BAL,18,,PD_MECH_DEFERRED,-1,-1,-1,-1,-1,-1,-1,-1,-1,false
global-disease-crisis,seed-2,JPQ,18,,PD_MECH_DEFERRED,-1,-1,-1,-1,-1,-1,-1,-1,-1,false
global-disease-crisis,seed-2,CONSV,18,,PD_MECH_DEFERRED,-1,-1,-1,-1,-1,-1,-1,-1,-1,false
global-disease-crisis,seed-2,VAP,18,,PD_MECH_DEFERRED,-1,-1,-1,-1,-1,-1,-1,-1,-1,false
global-disease-crisis,seed-2,MASS,19,MASS-F1,PD_MECH_CONSIDERED,1,-1,-1,-1,-1,-1,-1,-1,-1,false
global-disease-crisis,seed-2,MASS,19,MASS-F1,PD_MECH_PAYBACK_UNATTRACTIVE,-1,5130,171,171000,2500000,14.619883040935672,0.7916666666666666,1,9.5,false
global-disease-crisis,seed-2,MASS,19,,PD_MECH_DEFERRED,-1,-1,-1,-1,-1,-1,-1,-1,-1,false
global-disease-crisis,seed-2,BAL,19,,PD_MECH_DEFERRED,-1,-1,-1,-1,-1,-1,-1,-1,-1,false
global-disease-crisis,seed-2,JPQ,19,,PD_MECH_DEFERRED,-1,-1,-1,-1,-1,-1,-1,-1,-1,false
global-disease-crisis,seed-2,CONSV,19,,PD_MECH_DEFERRED,-1,-1,-1,-1,-1,-1,-1,-1,-1,false
global-disease-crisis,seed-2,VAP,19,,PD_MECH_DEFERRED,-1,-1,-1,-1,-1,-1,-1,-1,-1,false
global-disease-crisis,seed-2,MASS,20,MASS-F1,PD_MECH_CONSIDERED,1,-1,-1,-1,-1,-1,-1,-1,-1,false
global-disease-crisis,seed-2,MASS,20,MASS-F1,PD_MECH_PAYBACK_UNATTRACTIVE,-1,5130,171,171000,2500000,14.619883040935672,0.7916666666666666,1,9.5,false
global-disease-crisis,seed-2,MASS,20,,PD_MECH_DEFERRED,-1,-1,-1,-1,-1,-1,-1,-1,-1,false
global-disease-crisis,seed-2,BAL,20,,PD_MECH_DEFERRED,-1,-1,-1,-1,-1,-1,-1,-1,-1,false
global-disease-crisis,seed-2,JPQ,20,,PD_MECH_DEFERRED,-1,-1,-1,-1,-1,-1,-1,-1,-1,false
global-disease-crisis,seed-2,CONSV,20,,PD_MECH_DEFERRED,-1,-1,-1,-1,-1,-1,-1,-1,-1,false
global-disease-crisis,seed-2,VAP,20,,PD_MECH_DEFERRED,-1,-1,-1,-1,-1,-1,-1,-1,-1,false
global-disease-crisis,seed-2,MASS,21,MASS-F1,PD_MECH_CONSIDERED,1,-1,-1,-1,-1,-1,-1,-1,-1,false
global-disease-crisis,seed-2,MASS,21,MASS-F1,PD_MECH_PAYBACK_UNATTRACTIVE,-1,5130,171,171000,2500000,14.619883040935672,0.7916666666666666,1,9.5,false
global-disease-crisis,seed-2,MASS,21,MASS-NEWF-MASS-CAPEX-2,PD_MECH_CONSIDERED,0,-1,-1,-1,-1,-1,-1,-1,-1,false
global-disease-crisis,seed-2,MASS,21,MASS-NEWF-MASS-CAPEX-2,PD_MECH_LOW_UTILIZATION,0,-1,-1,-1,-1,-1,-1,-1,-1,false
global-disease-crisis,seed-2,MASS,21,,PD_MECH_DEFERRED,-1,-1,-1,-1,-1,-1,-1,-1,-1,false
global-disease-crisis,seed-2,BAL,21,,PD_MECH_DEFERRED,-1,-1,-1,-1,-1,-1,-1,-1,-1,false
global-disease-crisis,seed-2,JPQ,21,,PD_MECH_DEFERRED,-1,-1,-1,-1,-1,-1,-1,-1,-1,false
global-disease-crisis,seed-2,CONSV,21,,PD_MECH_DEFERRED,-1,-1,-1,-1,-1,-1,-1,-1,-1,false
global-disease-crisis,seed-2,VAP,21,,PD_MECH_DEFERRED,-1,-1,-1,-1,-1,-1,-1,-1,-1,false
global-disease-crisis,seed-2,MASS,22,MASS-F1,PD_MECH_CONSIDERED,0.9899512670565301,-1,-1,-1,-1,-1,-1,-1,-1,false
global-disease-crisis,seed-2,MASS,22,MASS-F1,PD_MECH_PAYBACK_UNATTRACTIVE,-1,5078.45,169.28166666666664,169281.66666666663,2500000,14.76828559895244,0.7916666666666666,1,9.5,false
global-disease-crisis,seed-2,MASS,22,MASS-NEWF-MASS-CAPEX-2,PD_MECH_CONSIDERED,0.9899502923976609,-1,-1,-1,-1,-1,-1,-1,-1,false
global-disease-crisis,seed-2,MASS,22,MASS-NEWF-MASS-CAPEX-2,PD_MECH_PAYBACK_UNATTRACTIVE,-1,5078.445000000001,169.28149999999994,169281.49999999994,2500000,14.768300139117393,0.7916666666666666,1,9.5,false
global-disease-crisis,seed-2,MASS,22,,PD_MECH_DEFERRED,-1,-1,-1,-1,-1,-1,-1,-1,-1,false
global-disease-crisis,seed-2,BAL,22,,PD_MECH_DEFERRED,-1,-1,-1,-1,-1,-1,-1,-1,-1,false
global-disease-crisis,seed-2,JPQ,22,,PD_MECH_DEFERRED,-1,-1,-1,-1,-1,-1,-1,-1,-1,false
global-disease-crisis,seed-2,CONSV,22,,PD_MECH_DEFERRED,-1,-1,-1,-1,-1,-1,-1,-1,-1,false
global-disease-crisis,seed-2,VAP,22,,PD_MECH_DEFERRED,-1,-1,-1,-1,-1,-1,-1,-1,-1,false
global-disease-crisis,seed-2,MASS,23,MASS-F1,PD_MECH_CONSIDERED,0.6793001949317738,-1,-1,-1,-1,-1,-1,-1,-1,false
global-disease-crisis,seed-2,MASS,23,MASS-F1,PD_MECH_PAYBACK_UNATTRACTIVE,-1,3484.81,116.16033333333337,116160.33333333337,2500000,21.521976807917785,0.7916666666666666,1,9.5,false
global-disease-crisis,seed-2,MASS,23,MASS-NEWF-MASS-CAPEX-2,PD_MECH_CONSIDERED,0,-1,-1,-1,-1,-1,-1,-1,-1,false
global-disease-crisis,seed-2,MASS,23,MASS-NEWF-MASS-CAPEX-2,PD_MECH_LOW_UTILIZATION,0,-1,-1,-1,-1,-1,-1,-1,-1,false
global-disease-crisis,seed-2,MASS,23,,PD_MECH_DEFERRED,-1,-1,-1,-1,-1,-1,-1,-1,-1,false
global-disease-crisis,seed-2,BAL,23,,PD_MECH_DEFERRED,-1,-1,-1,-1,-1,-1,-1,-1,-1,false
global-disease-crisis,seed-2,JPQ,23,,PD_MECH_DEFERRED,-1,-1,-1,-1,-1,-1,-1,-1,-1,false
global-disease-crisis,seed-2,CONSV,23,,PD_MECH_DEFERRED,-1,-1,-1,-1,-1,-1,-1,-1,-1,false
global-disease-crisis,seed-2,VAP,23,,PD_MECH_DEFERRED,-1,-1,-1,-1,-1,-1,-1,-1,-1,false
global-disease-crisis,seed-2,MASS,24,MASS-F1,PD_MECH_CONSIDERED,0.63846783625731,-1,-1,-1,-1,-1,-1,-1,-1,false
global-disease-crisis,seed-2,MASS,24,MASS-F1,PD_MECH_PAYBACK_UNATTRACTIVE,-1,3466.4015,115.54671666666673,115546.71666666673,2500000,21.636270351256183,0.7916666666666666,1,9.5,false
global-disease-crisis,seed-2,MASS,24,MASS-NEWF-MASS-CAPEX-2,PD_MECH_CONSIDERED,0.63846783625731,-1,-1,-1,-1,-1,-1,-1,-1,false
global-disease-crisis,seed-2,MASS,24,MASS-NEWF-MASS-CAPEX-2,PD_MECH_PAYBACK_UNATTRACTIVE,-1,4367.12,145.57066666666663,145570.66666666663,2500000,17.17378959130961,0.7916666666666666,1,9.5,false
global-disease-crisis,seed-2,MASS,24,,PD_MECH_DEFERRED,-1,-1,-1,-1,-1,-1,-1,-1,-1,false
global-disease-crisis,seed-2,BAL,24,,PD_MECH_DEFERRED,-1,-1,-1,-1,-1,-1,-1,-1,-1,false
global-disease-crisis,seed-2,JPQ,24,,PD_MECH_DEFERRED,-1,-1,-1,-1,-1,-1,-1,-1,-1,false
global-disease-crisis,seed-2,CONSV,24,,PD_MECH_DEFERRED,-1,-1,-1,-1,-1,-1,-1,-1,-1,false
global-disease-crisis,seed-2,VAP,24,,PD_MECH_DEFERRED,-1,-1,-1,-1,-1,-1,-1,-1,-1,false
global-disease-crisis,seed-2,MASS,25,MASS-F1,PD_MECH_CONSIDERED,0.6122539945664687,-1,-1,-1,-1,-1,-1,-1,-1,false
global-disease-crisis,seed-2,MASS,25,MASS-F1,PD_MECH_PAYBACK_UNATTRACTIVE,-1,3324.08,110.80266666666671,110802.66666666672,2500000,22.56263387162763,0.7916666666666666,1,9.5,false
global-disease-crisis,seed-2,MASS,25,MASS-NEWF-MASS-CAPEX-2,PD_MECH_CONSIDERED,0.5181228070175439,-1,-1,-1,-1,-1,-1,-1,-1,false
global-disease-crisis,seed-2,MASS,25,MASS-NEWF-MASS-CAPEX-2,PD_MECH_PAYBACK_UNATTRACTIVE,-1,3543.96,118.13200000000006,118132.00000000006,2500000,21.162767074120463,0.7916666666666666,1,9.5,false
global-disease-crisis,seed-2,MASS,25,,PD_MECH_DEFERRED,-1,-1,-1,-1,-1,-1,-1,-1,-1,false
global-disease-crisis,seed-2,BAL,25,,PD_MECH_DEFERRED,-1,-1,-1,-1,-1,-1,-1,-1,-1,false
global-disease-crisis,seed-2,JPQ,25,,PD_MECH_DEFERRED,-1,-1,-1,-1,-1,-1,-1,-1,-1,false
global-disease-crisis,seed-2,CONSV,25,,PD_MECH_DEFERRED,-1,-1,-1,-1,-1,-1,-1,-1,-1,false
global-disease-crisis,seed-2,VAP,25,,PD_MECH_DEFERRED,-1,-1,-1,-1,-1,-1,-1,-1,-1,false
global-disease-crisis,seed-2,MASS,26,MASS-F1,PD_MECH_CONSIDERED,0.585837822903716,-1,-1,-1,-1,-1,-1,-1,-1,false
global-disease-crisis,seed-2,MASS,26,MASS-F1,PD_MECH_PAYBACK_UNATTRACTIVE,-1,3180.6600000000003,106.02200000000005,106022.00000000004,2500000,23.58001169568579,0.7916666666666666,1,9.5,false
global-disease-crisis,seed-2,MASS,26,MASS-NEWF-MASS-CAPEX-2,PD_MECH_CONSIDERED,0.4805394736842105,-1,-1,-1,-1,-1,-1,-1,-1,false
global-disease-crisis,seed-2,MASS,26,MASS-NEWF-MASS-CAPEX-2,PD_MECH_LOW_UTILIZATION,0.4805394736842105,-1,-1,-1,-1,-1,-1,-1,-1,false
global-disease-crisis,seed-2,MASS,26,,PD_MECH_DEFERRED,-1,-1,-1,-1,-1,-1,-1,-1,-1,false
global-disease-crisis,seed-2,BAL,26,,PD_MECH_DEFERRED,-1,-1,-1,-1,-1,-1,-1,-1,-1,false
global-disease-crisis,seed-2,JPQ,26,,PD_MECH_DEFERRED,-1,-1,-1,-1,-1,-1,-1,-1,-1,false
global-disease-crisis,seed-2,CONSV,26,,PD_MECH_DEFERRED,-1,-1,-1,-1,-1,-1,-1,-1,-1,false
global-disease-crisis,seed-2,VAP,26,,PD_MECH_DEFERRED,-1,-1,-1,-1,-1,-1,-1,-1,-1,false
global-disease-crisis,seed-2,MASS,27,MASS-F1,PD_MECH_CONSIDERED,0.6547792052309251,-1,-1,-1,-1,-1,-1,-1,-1,false
global-disease-crisis,seed-2,MASS,27,MASS-F1,PD_MECH_PAYBACK_UNATTRACTIVE,-1,3554.9600000000005,118.49866666666662,118498.66666666663,2500000,21.097283795035676,0.7916666666666666,1,9.5,false
global-disease-crisis,seed-2,MASS,27,MASS-NEWF-MASS-CAPEX-2,PD_MECH_CONSIDERED,0.441,-1,-1,-1,-1,-1,-1,-1,-1,false
global-disease-crisis,seed-2,MASS,27,MASS-NEWF-MASS-CAPEX-2,PD_MECH_LOW_UTILIZATION,0.441,-1,-1,-1,-1,-1,-1,-1,-1,false
global-disease-crisis,seed-2,MASS,27,,PD_MECH_DEFERRED,-1,-1,-1,-1,-1,-1,-1,-1,-1,false
global-disease-crisis,seed-2,BAL,27,,PD_MECH_DEFERRED,-1,-1,-1,-1,-1,-1,-1,-1,-1,false
global-disease-crisis,seed-2,JPQ,27,,PD_MECH_DEFERRED,-1,-1,-1,-1,-1,-1,-1,-1,-1,false
global-disease-crisis,seed-2,CONSV,27,,PD_MECH_DEFERRED,-1,-1,-1,-1,-1,-1,-1,-1,-1,false
global-disease-crisis,seed-2,VAP,27,,PD_MECH_DEFERRED,-1,-1,-1,-1,-1,-1,-1,-1,-1,false
global-disease-crisis,seed-2,MASS,28,MASS-F1,PD_MECH_CONSIDERED,0.7868121747939403,-1,-1,-1,-1,-1,-1,-1,-1,false
global-disease-crisis,seed-2,MASS,28,MASS-F1,PD_MECH_PAYBACK_UNATTRACTIVE,-1,4271.8,142.39333333333332,142393.3333333333,2500000,17.55700173229084,0.7916666666666666,1,9.5,false
global-disease-crisis,seed-2,MASS,28,MASS-NEWF-MASS-CAPEX-2,PD_MECH_CONSIDERED,0.44723684210526315,-1,-1,-1,-1,-1,-1,-1,-1,false
global-disease-crisis,seed-2,MASS,28,MASS-NEWF-MASS-CAPEX-2,PD_MECH_LOW_UTILIZATION,0.44723684210526315,-1,-1,-1,-1,-1,-1,-1,-1,false
global-disease-crisis,seed-2,MASS,28,,PD_MECH_DEFERRED,-1,-1,-1,-1,-1,-1,-1,-1,-1,false
global-disease-crisis,seed-2,BAL,28,BAL-NEWF-BAL-CAPEX-11,PD_MECH_CONSIDERED,0,-1,-1,-1,-1,-1,-1,-1,-1,false
global-disease-crisis,seed-2,BAL,28,BAL-NEWF-BAL-CAPEX-11,PD_MECH_LOW_UTILIZATION,0,-1,-1,-1,-1,-1,-1,-1,-1,false
global-disease-crisis,seed-2,BAL,28,,PD_MECH_DEFERRED,-1,-1,-1,-1,-1,-1,-1,-1,-1,false
global-disease-crisis,seed-2,JPQ,28,,PD_MECH_DEFERRED,-1,-1,-1,-1,-1,-1,-1,-1,-1,false
global-disease-crisis,seed-2,CONSV,28,,PD_MECH_DEFERRED,-1,-1,-1,-1,-1,-1,-1,-1,-1,false
global-disease-crisis,seed-2,VAP,28,,PD_MECH_DEFERRED,-1,-1,-1,-1,-1,-1,-1,-1,-1,false
global-disease-crisis,seed-2,MASS,29,MASS-F1,PD_MECH_CONSIDERED,0.8941769120965143,-1,-1,-1,-1,-1,-1,-1,-1,false
global-disease-crisis,seed-2,MASS,29,MASS-F1,PD_MECH_PAYBACK_UNATTRACTIVE,-1,4854.71,161.82366666666667,161823.66666666666,2500000,15.448914559263066,0.7916666666666666,1,9.5,false
global-disease-crisis,seed-2,MASS,29,MASS-NEWF-MASS-CAPEX-2,PD_MECH_CONSIDERED,0.8941783625730995,-1,-1,-1,-1,-1,-1,-1,-1,false
global-disease-crisis,seed-2,MASS,29,MASS-NEWF-MASS-CAPEX-2,PD_MECH_PAYBACK_UNATTRACTIVE,-1,6116.18,203.87266666666676,203872.66666666677,2500000,12.262556039881096,0.7916666666666666,1,9.5,false
global-disease-crisis,seed-2,MASS,29,,PD_MECH_DEFERRED,-1,-1,-1,-1,-1,-1,-1,-1,-1,false
global-disease-crisis,seed-2,BAL,29,BAL-NEWF-BAL-CAPEX-11,PD_MECH_CONSIDERED,0.5598216374269006,-1,-1,-1,-1,-1,-1,-1,-1,false
global-disease-crisis,seed-2,BAL,29,BAL-NEWF-BAL-CAPEX-11,PD_MECH_PAYBACK_UNATTRACTIVE,-1,2871.885,95.72950000000003,95729.50000000003,2500000,26.11525182937338,1,1,12,false
global-disease-crisis,seed-2,BAL,29,,PD_MECH_DEFERRED,-1,-1,-1,-1,-1,-1,-1,-1,-1,false
global-disease-crisis,seed-2,JPQ,29,,PD_MECH_DEFERRED,-1,-1,-1,-1,-1,-1,-1,-1,-1,false
global-disease-crisis,seed-2,CONSV,29,,PD_MECH_DEFERRED,-1,-1,-1,-1,-1,-1,-1,-1,-1,false
global-disease-crisis,seed-2,VAP,29,,PD_MECH_DEFERRED,-1,-1,-1,-1,-1,-1,-1,-1,-1,false
global-disease-crisis,seed-2,MASS,30,MASS-F1,PD_MECH_CONSIDERED,0.7585762306027536,-1,-1,-1,-1,-1,-1,-1,-1,false
global-disease-crisis,seed-2,MASS,30,MASS-F1,PD_MECH_PAYBACK_UNATTRACTIVE,-1,4118.5,137.28333333333342,137283.33333333343,2500000,18.210513536481717,0.7916666666666666,1,9.5,false
global-disease-crisis,seed-2,MASS,30,MASS-NEWF-MASS-CAPEX-2,PD_MECH_CONSIDERED,0.21699122807017543,-1,-1,-1,-1,-1,-1,-1,-1,false
global-disease-crisis,seed-2,MASS,30,MASS-NEWF-MASS-CAPEX-2,PD_MECH_LOW_UTILIZATION,0.21699122807017543,-1,-1,-1,-1,-1,-1,-1,-1,false
global-disease-crisis,seed-2,MASS,30,,PD_MECH_DEFERRED,-1,-1,-1,-1,-1,-1,-1,-1,-1,false
global-disease-crisis,seed-2,BAL,30,BAL-NEWF-BAL-CAPEX-11,PD_MECH_CONSIDERED,0.6445886939571149,-1,-1,-1,-1,-1,-1,-1,-1,false
global-disease-crisis,seed-2,BAL,30,BAL-NEWF-BAL-CAPEX-11,PD_MECH_PAYBACK_UNATTRACTIVE,-1,4408.986666666666,146.9662222222222,146966.2222222222,2500000,17.01071145599594,1,1,12,false
global-disease-crisis,seed-2,BAL,30,,PD_MECH_DEFERRED,-1,-1,-1,-1,-1,-1,-1,-1,-1,false
global-disease-crisis,seed-2,JPQ,30,,PD_MECH_DEFERRED,-1,-1,-1,-1,-1,-1,-1,-1,-1,false
global-disease-crisis,seed-2,CONSV,30,,PD_MECH_DEFERRED,-1,-1,-1,-1,-1,-1,-1,-1,-1,false
global-disease-crisis,seed-2,VAP,30,,PD_MECH_DEFERRED,-1,-1,-1,-1,-1,-1,-1,-1,-1,false
global-disease-crisis,seed-2,MASS,31,MASS-F1,PD_MECH_CONSIDERED,0.7937247317769489,-1,-1,-1,-1,-1,-1,-1,-1,false
global-disease-crisis,seed-2,MASS,31,MASS-F1,PD_MECH_PAYBACK_UNATTRACTIVE,-1,4309.33,143.6443333333333,143644.33333333328,2500000,17.404097620743833,0.7916666666666666,1,9.5,false
global-disease-crisis,seed-2,MASS,31,MASS-NEWF-MASS-CAPEX-2,PD_MECH_CONSIDERED,0.6044517543859649,-1,-1,-1,-1,-1,-1,-1,-1,false
global-disease-crisis,seed-2,MASS,31,MASS-NEWF-MASS-CAPEX-2,PD_MECH_PAYBACK_UNATTRACTIVE,-1,4134.45,137.81500000000005,137815.00000000006,2500000,18.140260494140687,0.7916666666666666,1,9.5,false
global-disease-crisis,seed-2,MASS,31,,PD_MECH_DEFERRED,-1,-1,-1,-1,-1,-1,-1,-1,-1,false
global-disease-crisis,seed-2,BAL,31,BAL-NEWF-BAL-CAPEX-11,PD_MECH_CONSIDERED,0.7039093567251462,-1,-1,-1,-1,-1,-1,-1,-1,false
global-disease-crisis,seed-2,BAL,31,BAL-NEWF-BAL-CAPEX-11,PD_MECH_PAYBACK_UNATTRACTIVE,-1,4814.74,160.4913333333334,160491.33333333337,2500000,15.577165122104201,1,1,12,false
global-disease-crisis,seed-2,BAL,31,,PD_MECH_DEFERRED,-1,-1,-1,-1,-1,-1,-1,-1,-1,false
global-disease-crisis,seed-2,JPQ,31,,PD_MECH_DEFERRED,-1,-1,-1,-1,-1,-1,-1,-1,-1,false
global-disease-crisis,seed-2,CONSV,31,,PD_MECH_DEFERRED,-1,-1,-1,-1,-1,-1,-1,-1,-1,false
global-disease-crisis,seed-2,VAP,31,,PD_MECH_DEFERRED,-1,-1,-1,-1,-1,-1,-1,-1,-1,false
global-disease-crisis,seed-2,MASS,32,MASS-F1,PD_MECH_CONSIDERED,0.8438329419348898,-1,-1,-1,-1,-1,-1,-1,-1,false
global-disease-crisis,seed-2,MASS,32,MASS-F1,PD_MECH_PAYBACK_UNATTRACTIVE,-1,4581.38,152.71266666666668,152712.6666666667,2500000,16.370613221343785,0.7916666666666666,1,9.5,false
global-disease-crisis,seed-2,MASS,32,MASS-NEWF-MASS-CAPEX-2,PD_MECH_CONSIDERED,0.6477397660818713,-1,-1,-1,-1,-1,-1,-1,-1,false
global-disease-crisis,seed-2,MASS,32,MASS-NEWF-MASS-CAPEX-2,PD_MECH_PAYBACK_UNATTRACTIVE,-1,4430.54,147.68466666666666,147684.66666666666,2500000,16.927959120107257,0.7916666666666666,1,9.5,false
global-disease-crisis,seed-2,MASS,32,MASS-NEWF-MASS-CAPEX-7,PD_MECH_CONSIDERED,0,-1,-1,-1,-1,-1,-1,-1,-1,false
global-disease-crisis,seed-2,MASS,32,MASS-NEWF-MASS-CAPEX-7,PD_MECH_LOW_UTILIZATION,0,-1,-1,-1,-1,-1,-1,-1,-1,false
global-disease-crisis,seed-2,MASS,32,,PD_MECH_DEFERRED,-1,-1,-1,-1,-1,-1,-1,-1,-1,false
global-disease-crisis,seed-2,BAL,32,BAL-NEWF-BAL-CAPEX-11,PD_MECH_CONSIDERED,0.7892090643274853,-1,-1,-1,-1,-1,-1,-1,-1,false
global-disease-crisis,seed-2,BAL,32,BAL-NEWF-BAL-CAPEX-11,PD_MECH_PAYBACK_UNATTRACTIVE,-1,5398.19,179.93966666666665,179939.66666666666,2500000,13.89354579961061,1,1,12,false
global-disease-crisis,seed-2,BAL,32,,PD_MECH_DEFERRED,-1,-1,-1,-1,-1,-1,-1,-1,-1,false
global-disease-crisis,seed-2,JPQ,32,,PD_MECH_DEFERRED,-1,-1,-1,-1,-1,-1,-1,-1,-1,false
global-disease-crisis,seed-2,CONSV,32,,PD_MECH_DEFERRED,-1,-1,-1,-1,-1,-1,-1,-1,-1,false
global-disease-crisis,seed-2,VAP,32,,PD_MECH_DEFERRED,-1,-1,-1,-1,-1,-1,-1,-1,-1,false
global-disease-crisis,seed-3,MASS,1,MASS-F1,PD_MECH_CONSIDERED,0,-1,-1,-1,-1,-1,-1,-1,-1,false
global-disease-crisis,seed-3,MASS,1,MASS-F1,PD_MECH_LOW_UTILIZATION,0,-1,-1,-1,-1,-1,-1,-1,-1,false
global-disease-crisis,seed-3,MASS,1,,PD_MECH_DEFERRED,-1,-1,-1,-1,-1,-1,-1,-1,-1,false
global-disease-crisis,seed-3,BAL,1,BAL-F1,PD_MECH_CONSIDERED,0,-1,-1,-1,-1,-1,-1,-1,-1,false
global-disease-crisis,seed-3,BAL,1,BAL-F1,PD_MECH_LOW_UTILIZATION,0,-1,-1,-1,-1,-1,-1,-1,-1,false
global-disease-crisis,seed-3,BAL,1,,PD_MECH_DEFERRED,-1,-1,-1,-1,-1,-1,-1,-1,-1,false
global-disease-crisis,seed-3,JPQ,1,JPQ-F1,PD_MECH_CONSIDERED,0,-1,-1,-1,-1,-1,-1,-1,-1,false
global-disease-crisis,seed-3,JPQ,1,JPQ-F1,PD_MECH_LOW_UTILIZATION,0,-1,-1,-1,-1,-1,-1,-1,-1,false
global-disease-crisis,seed-3,JPQ,1,,PD_MECH_DEFERRED,-1,-1,-1,-1,-1,-1,-1,-1,-1,false
global-disease-crisis,seed-3,CONSV,1,CONSV-F1,PD_MECH_CONSIDERED,0,-1,-1,-1,-1,-1,-1,-1,-1,false
global-disease-crisis,seed-3,CONSV,1,CONSV-F1,PD_MECH_LOW_UTILIZATION,0,-1,-1,-1,-1,-1,-1,-1,-1,false
global-disease-crisis,seed-3,CONSV,1,,PD_MECH_DEFERRED,-1,-1,-1,-1,-1,-1,-1,-1,-1,false
global-disease-crisis,seed-3,VAP,1,VAP-F1,PD_MECH_CONSIDERED,0,-1,-1,-1,-1,-1,-1,-1,-1,false
global-disease-crisis,seed-3,VAP,1,VAP-F1,PD_MECH_LOW_UTILIZATION,0,-1,-1,-1,-1,-1,-1,-1,-1,false
global-disease-crisis,seed-3,VAP,1,,PD_MECH_DEFERRED,-1,-1,-1,-1,-1,-1,-1,-1,-1,false
global-disease-crisis,seed-3,MASS,2,MASS-F1,PD_MECH_CONSIDERED,0.7883040935672515,-1,-1,-1,-1,-1,-1,-1,-1,false
global-disease-crisis,seed-3,MASS,2,MASS-F1,PD_MECH_PAYBACK_UNATTRACTIVE,-1,4044.0000000000005,134.79999999999995,134799.99999999994,2500000,18.545994065281906,0.7916666666666666,1,9.5,false
global-disease-crisis,seed-3,MASS,2,,PD_MECH_DEFERRED,-1,-1,-1,-1,-1,-1,-1,-1,-1,false
global-disease-crisis,seed-3,BAL,2,BAL-F1,PD_MECH_CONSIDERED,0.9271929824561403,-1,-1,-1,-1,-1,-1,-1,-1,false
global-disease-crisis,seed-3,BAL,2,BAL-F1,PD_MECH_PAYBACK_UNATTRACTIVE,-1,5549.25,184.9749999999999,184974.9999999999,2500000,13.515339910798764,1,1,12,false
global-disease-crisis,seed-3,BAL,2,,PD_MECH_DEFERRED,-1,-1,-1,-1,-1,-1,-1,-1,-1,false
global-disease-crisis,seed-3,JPQ,2,JPQ-F1,PD_MECH_CONSIDERED,1,-1,-1,-1,-1,-1,-1,-1,-1,false
global-disease-crisis,seed-3,JPQ,2,,PD_MECH_FINANCE_BLOCKED,-1,-1,-1,-1,2500000,-1,-1,-1,-1,false
global-disease-crisis,seed-3,CONSV,2,CONSV-F1,PD_MECH_CONSIDERED,1,-1,-1,-1,-1,-1,-1,-1,-1,false
global-disease-crisis,seed-3,CONSV,2,,PD_MECH_FINANCE_BLOCKED,-1,-1,-1,-1,2500000,-1,-1,-1,-1,false
global-disease-crisis,seed-3,VAP,2,VAP-F1,PD_MECH_CONSIDERED,1,-1,-1,-1,-1,-1,-1,-1,-1,false
global-disease-crisis,seed-3,VAP,2,,PD_MECH_FINANCE_BLOCKED,-1,-1,-1,-1,2500000,-1,-1,-1,-1,false
global-disease-crisis,seed-3,MASS,3,MASS-F1,PD_MECH_CONSIDERED,0.6222183235867447,-1,-1,-1,-1,-1,-1,-1,-1,false
global-disease-crisis,seed-3,MASS,3,MASS-F1,PD_MECH_PAYBACK_UNATTRACTIVE,-1,3191.98,106.39933333333329,106399.33333333328,2500000,23.496387821978846,0.7916666666666666,1,9.5,false
global-disease-crisis,seed-3,MASS,3,,PD_MECH_DEFERRED,-1,-1,-1,-1,-1,-1,-1,-1,-1,false
global-disease-crisis,seed-3,BAL,3,BAL-F1,PD_MECH_CONSIDERED,1,-1,-1,-1,-1,-1,-1,-1,-1,false
global-disease-crisis,seed-3,BAL,3,BAL-F1,PD_MECH_PAYBACK_UNATTRACTIVE,-1,5985,199.5,199500,2500000,12.531328320802006,1,1,12,false
global-disease-crisis,seed-3,BAL,3,,PD_MECH_DEFERRED,-1,-1,-1,-1,-1,-1,-1,-1,-1,false
global-disease-crisis,seed-3,JPQ,3,JPQ-F1,PD_MECH_CONSIDERED,0.8874108187134503,-1,-1,-1,-1,-1,-1,-1,-1,false
global-disease-crisis,seed-3,JPQ,3,JPQ-F1,PD_MECH_PROPOSED,-1,6069.89,202.32966666666664,202329.66666666663,2500000,12.356072350569782,1.1176470588235294,1,13.411764705882353,true
global-disease-crisis,seed-3,CONSV,3,CONSV-F1,PD_MECH_CONSIDERED,0.8540601503759399,-1,-1,-1,-1,-1,-1,-1,-1,false
global-disease-crisis,seed-3,CONSV,3,CONSV-F1,PD_MECH_PAYBACK_UNATTRACTIVE,-1,5111.55,170.385,170385,2500000,14.672653109135194,1.2105263157894737,1.05,13.834586466165414,false
global-disease-crisis,seed-3,CONSV,3,,PD_MECH_DEFERRED,-1,-1,-1,-1,-1,-1,-1,-1,-1,false
global-disease-crisis,seed-3,VAP,3,VAP-F1,PD_MECH_CONSIDERED,0.9596881091617934,-1,-1,-1,-1,-1,-1,-1,-1,false
global-disease-crisis,seed-3,VAP,3,,PD_MECH_FINANCE_BLOCKED,-1,-1,-1,-1,2500000,-1,-1,-1,-1,false
global-disease-crisis,seed-3,MASS,4,MASS-F1,PD_MECH_CONSIDERED,1,-1,-1,-1,-1,-1,-1,-1,-1,false
global-disease-crisis,seed-3,MASS,4,MASS-F1,PD_MECH_PAYBACK_UNATTRACTIVE,-1,5130,171,171000,2500000,14.619883040935672,0.7916666666666666,1,9.5,false
global-disease-crisis,seed-3,MASS,4,,PD_MECH_DEFERRED,-1,-1,-1,-1,-1,-1,-1,-1,-1,false
global-disease-crisis,seed-3,BAL,4,BAL-F1,PD_MECH_CONSIDERED,1,-1,-1,-1,-1,-1,-1,-1,-1,false
global-disease-crisis,seed-3,BAL,4,BAL-F1,PD_MECH_PAYBACK_UNATTRACTIVE,-1,5985,199.5,199500,2500000,12.531328320802006,1,1,12,false
global-disease-crisis,seed-3,BAL,4,,PD_MECH_DEFERRED,-1,-1,-1,-1,-1,-1,-1,-1,-1,false
global-disease-crisis,seed-3,JPQ,4,,PD_MECH_DEFERRED,-1,-1,-1,-1,-1,-1,-1,-1,-1,false
global-disease-crisis,seed-3,CONSV,4,CONSV-F1,PD_MECH_CONSIDERED,0.9301487050960735,-1,-1,-1,-1,-1,-1,-1,-1,false
global-disease-crisis,seed-3,CONSV,4,CONSV-F1,PD_MECH_PROPOSED,-1,5566.94,185.56466666666665,185564.66666666666,2500000,13.472392373548125,1.2105263157894737,1.05,13.834586466165414,true
global-disease-crisis,seed-3,VAP,4,VAP-F1,PD_MECH_CONSIDERED,0.9051793372319688,-1,-1,-1,-1,-1,-1,-1,-1,false
global-disease-crisis,seed-3,VAP,4,,PD_MECH_FINANCE_BLOCKED,-1,-1,-1,-1,2500000,-1,-1,-1,-1,false
global-disease-crisis,seed-3,MASS,5,MASS-F1,PD_MECH_CONSIDERED,0.5656686159844054,-1,-1,-1,-1,-1,-1,-1,-1,false
global-disease-crisis,seed-3,MASS,5,MASS-F1,PD_MECH_PAYBACK_UNATTRACTIVE,-1,2901.8799999999997,96.72933333333339,96729.33333333339,2500000,25.845314072256592,0.7916666666666666,1,9.5,false
global-disease-crisis,seed-3,MASS,5,,PD_MECH_DEFERRED,-1,-1,-1,-1,-1,-1,-1,-1,-1,false
global-disease-crisis,seed-3,BAL,5,BAL-F1,PD_MECH_CONSIDERED,1,-1,-1,-1,-1,-1,-1,-1,-1,false
global-disease-crisis,seed-3,BAL,5,BAL-F1,PD_MECH_PAYBACK_UNATTRACTIVE,-1,5985,199.5,199500,2500000,12.531328320802006,1,1,12,false
global-disease-crisis,seed-3,BAL,5,,PD_MECH_DEFERRED,-1,-1,-1,-1,-1,-1,-1,-1,-1,false
global-disease-crisis,seed-3,JPQ,5,,PD_MECH_DEFERRED,-1,-1,-1,-1,-1,-1,-1,-1,-1,false
global-disease-crisis,seed-3,CONSV,5,CONSV-F1,PD_MECH_CONSIDERED,1,-1,-1,-1,-1,-1,-1,-1,-1,false
global-disease-crisis,seed-3,CONSV,5,CONSV-F1,PD_MECH_PROPOSED,-1,5985,199.5,199500,2500000,12.531328320802006,1.2105263157894737,1.05,13.834586466165414,true
global-disease-crisis,seed-3,VAP,5,VAP-F1,PD_MECH_CONSIDERED,1,-1,-1,-1,-1,-1,-1,-1,-1,false
global-disease-crisis,seed-3,VAP,5,,PD_MECH_FINANCE_BLOCKED,-1,-1,-1,-1,2500000,-1,-1,-1,-1,false
global-disease-crisis,seed-3,MASS,6,MASS-F1,PD_MECH_CONSIDERED,0.999150097465887,-1,-1,-1,-1,-1,-1,-1,-1,false
global-disease-crisis,seed-3,MASS,6,MASS-F1,PD_MECH_PAYBACK_UNATTRACTIVE,-1,5125.64,170.85466666666673,170854.66666666674,2500000,14.632319086006813,0.7916666666666666,1,9.5,false
global-disease-crisis,seed-3,MASS,6,,PD_MECH_DEFERRED,-1,-1,-1,-1,-1,-1,-1,-1,-1,false
global-disease-crisis,seed-3,BAL,6,BAL-F1,PD_MECH_CONSIDERED,0.9005346700083542,-1,-1,-1,-1,-1,-1,-1,-1,false
global-disease-crisis,seed-3,BAL,6,BAL-F1,PD_MECH_PAYBACK_UNATTRACTIVE,-1,5659.1849999999995,188.6395000000001,188639.50000000012,2500000,13.252791700571716,1,1,12,false
global-disease-crisis,seed-3,BAL,6,,PD_MECH_DEFERRED,-1,-1,-1,-1,-1,-1,-1,-1,-1,false
global-disease-crisis,seed-3,JPQ,6,,PD_MECH_DEFERRED,-1,-1,-1,-1,-1,-1,-1,-1,-1,false
global-disease-crisis,seed-3,CONSV,6,,PD_MECH_DEFERRED,-1,-1,-1,-1,-1,-1,-1,-1,-1,false
global-disease-crisis,seed-3,VAP,6,VAP-F1,PD_MECH_CONSIDERED,1,-1,-1,-1,-1,-1,-1,-1,-1,false
global-disease-crisis,seed-3,VAP,6,,PD_MECH_FINANCE_BLOCKED,-1,-1,-1,-1,2500000,-1,-1,-1,-1,false
global-disease-crisis,seed-3,MASS,7,MASS-F1,PD_MECH_CONSIDERED,0.5813528265107213,-1,-1,-1,-1,-1,-1,-1,-1,false
global-disease-crisis,seed-3,MASS,7,MASS-F1,PD_MECH_PAYBACK_UNATTRACTIVE,-1,2982.34,99.4113333333334,99411.3333333334,2500000,25.148038117719626,0.7916666666666666,1,9.5,false
global-disease-crisis,seed-3,MASS,7,,PD_MECH_DEFERRED,-1,-1,-1,-1,-1,-1,-1,-1,-1,false
global-disease-crisis,seed-3,BAL,7,BAL-F1,PD_MECH_CONSIDERED,0.9455113975414727,-1,-1,-1,-1,-1,-1,-1,-1,false
global-disease-crisis,seed-3,BAL,7,BAL-F1,PD_MECH_PAYBACK_UNATTRACTIVE,-1,5941.83,198.06100000000004,198061.00000000003,2500000,12.62237391510696,1,1,12,false
global-disease-crisis,seed-3,BAL,7,,PD_MECH_DEFERRED,-1,-1,-1,-1,-1,-1,-1,-1,-1,false
global-disease-crisis,seed-3,JPQ,7,,PD_MECH_DEFERRED,-1,-1,-1,-1,-1,-1,-1,-1,-1,false
global-disease-crisis,seed-3,CONSV,7,,PD_MECH_DEFERRED,-1,-1,-1,-1,-1,-1,-1,-1,-1,false
global-disease-crisis,seed-3,VAP,7,VAP-F1,PD_MECH_CONSIDERED,1,-1,-1,-1,-1,-1,-1,-1,-1,false
global-disease-crisis,seed-3,VAP,7,,PD_MECH_FINANCE_BLOCKED,-1,-1,-1,-1,2500000,-1,-1,-1,-1,false
global-disease-crisis,seed-3,MASS,8,MASS-F1,PD_MECH_CONSIDERED,0.9845360623781677,-1,-1,-1,-1,-1,-1,-1,-1,false
global-disease-crisis,seed-3,MASS,8,MASS-F1,PD_MECH_PAYBACK_UNATTRACTIVE,-1,5050.67,168.3556666666667,168355.66666666672,2500000,14.84951501483961,0.7916666666666666,1,9.5,false
global-disease-crisis,seed-3,MASS,8,,PD_MECH_DEFERRED,-1,-1,-1,-1,-1,-1,-1,-1,-1,false
global-disease-crisis,seed-3,BAL,8,BAL-F1,PD_MECH_CONSIDERED,0.9939817798464415,-1,-1,-1,-1,-1,-1,-1,-1,false
global-disease-crisis,seed-3,BAL,8,BAL-F1,PD_MECH_PAYBACK_UNATTRACTIVE,-1,6246.43,208.21433333333334,208214.33333333334,2500000,12.00685831747094,1,1,12,false
global-disease-crisis,seed-3,BAL,8,,PD_MECH_DEFERRED,-1,-1,-1,-1,-1,-1,-1,-1,-1,false
global-disease-crisis,seed-3,JPQ,8,,PD_MECH_DEFERRED,-1,-1,-1,-1,-1,-1,-1,-1,-1,false
global-disease-crisis,seed-3,CONSV,8,,PD_MECH_DEFERRED,-1,-1,-1,-1,-1,-1,-1,-1,-1,false
global-disease-crisis,seed-3,VAP,8,VAP-F1,PD_MECH_CONSIDERED,1,-1,-1,-1,-1,-1,-1,-1,-1,false
global-disease-crisis,seed-3,VAP,8,VAP-F1,PD_MECH_PROPOSED,-1,5130,171,171000,2500000,14.619883040935672,1.411764705882353,1,16.941176470588236,true
global-disease-crisis,seed-3,MASS,9,MASS-F1,PD_MECH_CONSIDERED,0.2964269005847953,-1,-1,-1,-1,-1,-1,-1,-1,false
global-disease-crisis,seed-3,MASS,9,MASS-F1,PD_MECH_LOW_UTILIZATION,0.2964269005847953,-1,-1,-1,-1,-1,-1,-1,-1,false
global-disease-crisis,seed-3,MASS,9,,PD_MECH_DEFERRED,-1,-1,-1,-1,-1,-1,-1,-1,-1,false
global-disease-crisis,seed-3,BAL,9,BAL-F1,PD_MECH_CONSIDERED,0.9939817798464415,-1,-1,-1,-1,-1,-1,-1,-1,false
global-disease-crisis,seed-3,BAL,9,BAL-F1,PD_MECH_PAYBACK_UNATTRACTIVE,-1,6246.43,208.21433333333334,208214.33333333334,2500000,12.00685831747094,1,1,12,false
global-disease-crisis,seed-3,BAL,9,,PD_MECH_DEFERRED,-1,-1,-1,-1,-1,-1,-1,-1,-1,false
global-disease-crisis,seed-3,JPQ,9,,PD_MECH_DEFERRED,-1,-1,-1,-1,-1,-1,-1,-1,-1,false
global-disease-crisis,seed-3,CONSV,9,,PD_MECH_DEFERRED,-1,-1,-1,-1,-1,-1,-1,-1,-1,false
global-disease-crisis,seed-3,VAP,9,,PD_MECH_DEFERRED,-1,-1,-1,-1,-1,-1,-1,-1,-1,false
global-disease-crisis,seed-3,MASS,10,MASS-F1,PD_MECH_CONSIDERED,1,-1,-1,-1,-1,-1,-1,-1,-1,false
global-disease-crisis,seed-3,MASS,10,MASS-F1,PD_MECH_PAYBACK_UNATTRACTIVE,-1,5130,171,171000,2500000,14.619883040935672,0.7916666666666666,1,9.5,false
global-disease-crisis,seed-3,MASS,10,,PD_MECH_DEFERRED,-1,-1,-1,-1,-1,-1,-1,-1,-1,false
global-disease-crisis,seed-3,BAL,10,BAL-F1,PD_MECH_CONSIDERED,0.9962000238691968,-1,-1,-1,-1,-1,-1,-1,-1,false
global-disease-crisis,seed-3,BAL,10,BAL-F1,PD_MECH_PROPOSED,-1,6260.37,208.6790000000001,208679.0000000001,2500000,11.980122580614239,1,1,12,true
global-disease-crisis,seed-3,JPQ,10,,PD_MECH_DEFERRED,-1,-1,-1,-1,-1,-1,-1,-1,-1,false
global-disease-crisis,seed-3,CONSV,10,,PD_MECH_DEFERRED,-1,-1,-1,-1,-1,-1,-1,-1,-1,false
global-disease-crisis,seed-3,VAP,10,,PD_MECH_DEFERRED,-1,-1,-1,-1,-1,-1,-1,-1,-1,false
global-disease-crisis,seed-3,MASS,11,MASS-F1,PD_MECH_CONSIDERED,0.8775536062378169,-1,-1,-1,-1,-1,-1,-1,-1,false
global-disease-crisis,seed-3,MASS,11,MASS-F1,PD_MECH_PAYBACK_UNATTRACTIVE,-1,4501.85,150.06166666666672,150061.66666666672,2500000,16.659817630529666,0.7916666666666666,1,9.5,false
global-disease-crisis,seed-3,MASS,11,,PD_MECH_DEFERRED,-1,-1,-1,-1,-1,-1,-1,-1,-1,false
global-disease-crisis,seed-3,BAL,11,,PD_MECH_DEFERRED,-1,-1,-1,-1,-1,-1,-1,-1,-1,false
global-disease-crisis,seed-3,JPQ,11,,PD_MECH_DEFERRED,-1,-1,-1,-1,-1,-1,-1,-1,-1,false
global-disease-crisis,seed-3,CONSV,11,,PD_MECH_DEFERRED,-1,-1,-1,-1,-1,-1,-1,-1,-1,false
global-disease-crisis,seed-3,VAP,11,,PD_MECH_DEFERRED,-1,-1,-1,-1,-1,-1,-1,-1,-1,false
global-disease-crisis,seed-3,MASS,12,MASS-F1,PD_MECH_CONSIDERED,1,-1,-1,-1,-1,-1,-1,-1,-1,false
global-disease-crisis,seed-3,MASS,12,MASS-F1,PD_MECH_PAYBACK_UNATTRACTIVE,-1,5130,171,171000,2500000,14.619883040935672,0.7916666666666666,1,9.5,false
global-disease-crisis,seed-3,MASS,12,,PD_MECH_DEFERRED,-1,-1,-1,-1,-1,-1,-1,-1,-1,false
global-disease-crisis,seed-3,BAL,12,,PD_MECH_DEFERRED,-1,-1,-1,-1,-1,-1,-1,-1,-1,false
global-disease-crisis,seed-3,JPQ,12,,PD_MECH_DEFERRED,-1,-1,-1,-1,-1,-1,-1,-1,-1,false
global-disease-crisis,seed-3,CONSV,12,,PD_MECH_DEFERRED,-1,-1,-1,-1,-1,-1,-1,-1,-1,false
global-disease-crisis,seed-3,VAP,12,,PD_MECH_DEFERRED,-1,-1,-1,-1,-1,-1,-1,-1,-1,false
global-disease-crisis,seed-3,MASS,13,MASS-F1,PD_MECH_CONSIDERED,1,-1,-1,-1,-1,-1,-1,-1,-1,false
global-disease-crisis,seed-3,MASS,13,MASS-F1,PD_MECH_PAYBACK_UNATTRACTIVE,-1,5130,171,171000,2500000,14.619883040935672,0.7916666666666666,1,9.5,false
global-disease-crisis,seed-3,MASS,13,,PD_MECH_DEFERRED,-1,-1,-1,-1,-1,-1,-1,-1,-1,false
global-disease-crisis,seed-3,BAL,13,,PD_MECH_DEFERRED,-1,-1,-1,-1,-1,-1,-1,-1,-1,false
global-disease-crisis,seed-3,JPQ,13,,PD_MECH_DEFERRED,-1,-1,-1,-1,-1,-1,-1,-1,-1,false
global-disease-crisis,seed-3,CONSV,13,,PD_MECH_DEFERRED,-1,-1,-1,-1,-1,-1,-1,-1,-1,false
global-disease-crisis,seed-3,VAP,13,,PD_MECH_DEFERRED,-1,-1,-1,-1,-1,-1,-1,-1,-1,false
global-disease-crisis,seed-3,MASS,14,MASS-F1,PD_MECH_CONSIDERED,1,-1,-1,-1,-1,-1,-1,-1,-1,false
global-disease-crisis,seed-3,MASS,14,MASS-F1,PD_MECH_PAYBACK_UNATTRACTIVE,-1,5130,171,171000,2500000,14.619883040935672,0.7916666666666666,1,9.5,false
global-disease-crisis,seed-3,MASS,14,,PD_MECH_DEFERRED,-1,-1,-1,-1,-1,-1,-1,-1,-1,false
global-disease-crisis,seed-3,BAL,14,,PD_MECH_DEFERRED,-1,-1,-1,-1,-1,-1,-1,-1,-1,false
global-disease-crisis,seed-3,JPQ,14,,PD_MECH_DEFERRED,-1,-1,-1,-1,-1,-1,-1,-1,-1,false
global-disease-crisis,seed-3,CONSV,14,,PD_MECH_DEFERRED,-1,-1,-1,-1,-1,-1,-1,-1,-1,false
global-disease-crisis,seed-3,VAP,14,,PD_MECH_DEFERRED,-1,-1,-1,-1,-1,-1,-1,-1,-1,false
global-disease-crisis,seed-3,MASS,15,MASS-F1,PD_MECH_CONSIDERED,1,-1,-1,-1,-1,-1,-1,-1,-1,false
global-disease-crisis,seed-3,MASS,15,MASS-F1,PD_MECH_PAYBACK_UNATTRACTIVE,-1,5130,171,171000,2500000,14.619883040935672,0.7916666666666666,1,9.5,false
global-disease-crisis,seed-3,MASS,15,,PD_MECH_DEFERRED,-1,-1,-1,-1,-1,-1,-1,-1,-1,false
global-disease-crisis,seed-3,BAL,15,,PD_MECH_DEFERRED,-1,-1,-1,-1,-1,-1,-1,-1,-1,false
global-disease-crisis,seed-3,JPQ,15,,PD_MECH_DEFERRED,-1,-1,-1,-1,-1,-1,-1,-1,-1,false
global-disease-crisis,seed-3,CONSV,15,,PD_MECH_DEFERRED,-1,-1,-1,-1,-1,-1,-1,-1,-1,false
global-disease-crisis,seed-3,VAP,15,,PD_MECH_DEFERRED,-1,-1,-1,-1,-1,-1,-1,-1,-1,false
global-disease-crisis,seed-3,MASS,16,MASS-F1,PD_MECH_CONSIDERED,1,-1,-1,-1,-1,-1,-1,-1,-1,false
global-disease-crisis,seed-3,MASS,16,MASS-F1,PD_MECH_PAYBACK_UNATTRACTIVE,-1,5130,171,171000,2500000,14.619883040935672,0.7916666666666666,1,9.5,false
global-disease-crisis,seed-3,MASS,16,,PD_MECH_DEFERRED,-1,-1,-1,-1,-1,-1,-1,-1,-1,false
global-disease-crisis,seed-3,BAL,16,,PD_MECH_DEFERRED,-1,-1,-1,-1,-1,-1,-1,-1,-1,false
global-disease-crisis,seed-3,JPQ,16,,PD_MECH_DEFERRED,-1,-1,-1,-1,-1,-1,-1,-1,-1,false
global-disease-crisis,seed-3,CONSV,16,,PD_MECH_DEFERRED,-1,-1,-1,-1,-1,-1,-1,-1,-1,false
global-disease-crisis,seed-3,VAP,16,,PD_MECH_DEFERRED,-1,-1,-1,-1,-1,-1,-1,-1,-1,false
global-disease-crisis,seed-3,MASS,17,MASS-F1,PD_MECH_CONSIDERED,1,-1,-1,-1,-1,-1,-1,-1,-1,false
global-disease-crisis,seed-3,MASS,17,MASS-F1,PD_MECH_PAYBACK_UNATTRACTIVE,-1,5130,171,171000,2500000,14.619883040935672,0.7916666666666666,1,9.5,false
global-disease-crisis,seed-3,MASS,17,,PD_MECH_DEFERRED,-1,-1,-1,-1,-1,-1,-1,-1,-1,false
global-disease-crisis,seed-3,BAL,17,,PD_MECH_DEFERRED,-1,-1,-1,-1,-1,-1,-1,-1,-1,false
global-disease-crisis,seed-3,JPQ,17,,PD_MECH_DEFERRED,-1,-1,-1,-1,-1,-1,-1,-1,-1,false
global-disease-crisis,seed-3,CONSV,17,,PD_MECH_DEFERRED,-1,-1,-1,-1,-1,-1,-1,-1,-1,false
global-disease-crisis,seed-3,VAP,17,,PD_MECH_DEFERRED,-1,-1,-1,-1,-1,-1,-1,-1,-1,false
global-disease-crisis,seed-3,MASS,18,MASS-F1,PD_MECH_CONSIDERED,1,-1,-1,-1,-1,-1,-1,-1,-1,false
global-disease-crisis,seed-3,MASS,18,MASS-F1,PD_MECH_PAYBACK_UNATTRACTIVE,-1,5429.25,180.9749999999999,180974.9999999999,2500000,13.814062715844736,0.7916666666666666,1,9.5,false
global-disease-crisis,seed-3,MASS,18,MASS-NEWF-MASS-CAPEX-3,PD_MECH_CONSIDERED,0,-1,-1,-1,-1,-1,-1,-1,-1,false
global-disease-crisis,seed-3,MASS,18,MASS-NEWF-MASS-CAPEX-3,PD_MECH_LOW_UTILIZATION,0,-1,-1,-1,-1,-1,-1,-1,-1,false
global-disease-crisis,seed-3,MASS,18,,PD_MECH_DEFERRED,-1,-1,-1,-1,-1,-1,-1,-1,-1,false
global-disease-crisis,seed-3,BAL,18,,PD_MECH_DEFERRED,-1,-1,-1,-1,-1,-1,-1,-1,-1,false
global-disease-crisis,seed-3,JPQ,18,,PD_MECH_DEFERRED,-1,-1,-1,-1,-1,-1,-1,-1,-1,false
global-disease-crisis,seed-3,CONSV,18,,PD_MECH_DEFERRED,-1,-1,-1,-1,-1,-1,-1,-1,-1,false
global-disease-crisis,seed-3,VAP,18,,PD_MECH_DEFERRED,-1,-1,-1,-1,-1,-1,-1,-1,-1,false
global-disease-crisis,seed-3,MASS,19,MASS-F1,PD_MECH_CONSIDERED,0.7806308421973569,-1,-1,-1,-1,-1,-1,-1,-1,false
global-disease-crisis,seed-3,MASS,19,MASS-F1,PD_MECH_PAYBACK_UNATTRACTIVE,-1,4238.24,141.27466666666658,141274.66666666657,2500000,17.696024764996803,0.7916666666666666,1,9.5,false
global-disease-crisis,seed-3,MASS,19,MASS-NEWF-MASS-CAPEX-3,PD_MECH_CONSIDERED,0.7806315789473685,-1,-1,-1,-1,-1,-1,-1,-1,false
global-disease-crisis,seed-3,MASS,19,MASS-NEWF-MASS-CAPEX-3,PD_MECH_PAYBACK_UNATTRACTIVE,-1,4004.6400000000003,133.48800000000006,133488.00000000006,2500000,18.7282752007671,0.7916666666666666,1,9.5,false
global-disease-crisis,seed-3,MASS,19,,PD_MECH_DEFERRED,-1,-1,-1,-1,-1,-1,-1,-1,-1,false
global-disease-crisis,seed-3,BAL,19,,PD_MECH_DEFERRED,-1,-1,-1,-1,-1,-1,-1,-1,-1,false
global-disease-crisis,seed-3,JPQ,19,,PD_MECH_DEFERRED,-1,-1,-1,-1,-1,-1,-1,-1,-1,false
global-disease-crisis,seed-3,CONSV,19,,PD_MECH_DEFERRED,-1,-1,-1,-1,-1,-1,-1,-1,-1,false
global-disease-crisis,seed-3,VAP,19,,PD_MECH_DEFERRED,-1,-1,-1,-1,-1,-1,-1,-1,-1,false
global-disease-crisis,seed-3,MASS,20,MASS-F1,PD_MECH_CONSIDERED,0.6080084726251325,-1,-1,-1,-1,-1,-1,-1,-1,false
global-disease-crisis,seed-3,MASS,20,MASS-F1,PD_MECH_PAYBACK_UNATTRACTIVE,-1,3301.0300000000007,110.0343333333334,110034.33333333339,2500000,22.720181276753003,0.7916666666666666,1,9.5,false
global-disease-crisis,seed-3,MASS,20,MASS-NEWF-MASS-CAPEX-3,PD_MECH_CONSIDERED,0,-1,-1,-1,-1,-1,-1,-1,-1,false
global-disease-crisis,seed-3,MASS,20,MASS-NEWF-MASS-CAPEX-3,PD_MECH_LOW_UTILIZATION,0,-1,-1,-1,-1,-1,-1,-1,-1,false
global-disease-crisis,seed-3,MASS,20,,PD_MECH_DEFERRED,-1,-1,-1,-1,-1,-1,-1,-1,-1,false
global-disease-crisis,seed-3,BAL,20,,PD_MECH_DEFERRED,-1,-1,-1,-1,-1,-1,-1,-1,-1,false
global-disease-crisis,seed-3,JPQ,20,,PD_MECH_DEFERRED,-1,-1,-1,-1,-1,-1,-1,-1,-1,false
global-disease-crisis,seed-3,CONSV,20,,PD_MECH_DEFERRED,-1,-1,-1,-1,-1,-1,-1,-1,-1,false
global-disease-crisis,seed-3,VAP,20,,PD_MECH_DEFERRED,-1,-1,-1,-1,-1,-1,-1,-1,-1,false
global-disease-crisis,seed-3,MASS,21,MASS-F1,PD_MECH_CONSIDERED,0.6306045954781968,-1,-1,-1,-1,-1,-1,-1,-1,false
global-disease-crisis,seed-3,MASS,21,MASS-F1,PD_MECH_PAYBACK_UNATTRACTIVE,-1,3423.71,114.12366666666662,114123.66666666663,2500000,21.906060968948896,0.7916666666666666,1,9.5,false
global-disease-crisis,seed-3,MASS,21,MASS-NEWF-MASS-CAPEX-3,PD_MECH_CONSIDERED,0.6306038011695906,-1,-1,-1,-1,-1,-1,-1,-1,false
global-disease-crisis,seed-3,MASS,21,MASS-NEWF-MASS-CAPEX-3,PD_MECH_PAYBACK_UNATTRACTIVE,-1,4313.33,143.77766666666662,143777.66666666663,2500000,17.387957795948843,0.7916666666666666,1,9.5,false
global-disease-crisis,seed-3,MASS,21,,PD_MECH_DEFERRED,-1,-1,-1,-1,-1,-1,-1,-1,-1,false
global-disease-crisis,seed-3,BAL,21,,PD_MECH_DEFERRED,-1,-1,-1,-1,-1,-1,-1,-1,-1,false
global-disease-crisis,seed-3,JPQ,21,,PD_MECH_DEFERRED,-1,-1,-1,-1,-1,-1,-1,-1,-1,false
global-disease-crisis,seed-3,CONSV,21,,PD_MECH_DEFERRED,-1,-1,-1,-1,-1,-1,-1,-1,-1,false
global-disease-crisis,seed-3,VAP,21,,PD_MECH_DEFERRED,-1,-1,-1,-1,-1,-1,-1,-1,-1,false
global-disease-crisis,seed-3,MASS,22,MASS-F1,PD_MECH_CONSIDERED,0.6062955288483677,-1,-1,-1,-1,-1,-1,-1,-1,false
global-disease-crisis,seed-3,MASS,22,MASS-F1,PD_MECH_PAYBACK_UNATTRACTIVE,-1,3291.73,109.72433333333333,109724.33333333333,2500000,22.78437174373354,0.7916666666666666,1,9.5,false
global-disease-crisis,seed-3,MASS,22,MASS-NEWF-MASS-CAPEX-3,PD_MECH_CONSIDERED,0.5005438596491227,-1,-1,-1,-1,-1,-1,-1,-1,false
global-disease-crisis,seed-3,MASS,22,MASS-NEWF-MASS-CAPEX-3,PD_MECH_PAYBACK_UNATTRACTIVE,-1,3423.7199999999993,114.12400000000002,114124.00000000003,2500000,21.90599698573481,0.7916666666666666,1,9.5,false
global-disease-crisis,seed-3,MASS,22,,PD_MECH_DEFERRED,-1,-1,-1,-1,-1,-1,-1,-1,-1,false
global-disease-crisis,seed-3,BAL,22,,PD_MECH_DEFERRED,-1,-1,-1,-1,-1,-1,-1,-1,-1,false
global-disease-crisis,seed-3,JPQ,22,,PD_MECH_DEFERRED,-1,-1,-1,-1,-1,-1,-1,-1,-1,false
global-disease-crisis,seed-3,CONSV,22,,PD_MECH_DEFERRED,-1,-1,-1,-1,-1,-1,-1,-1,-1,false
global-disease-crisis,seed-3,VAP,22,,PD_MECH_DEFERRED,-1,-1,-1,-1,-1,-1,-1,-1,-1,false
global-disease-crisis,seed-3,MASS,23,MASS-F1,PD_MECH_CONSIDERED,0.5172979693327807,-1,-1,-1,-1,-1,-1,-1,-1,false
global-disease-crisis,seed-3,MASS,23,MASS-F1,PD_MECH_PAYBACK_UNATTRACTIVE,-1,2808.5399999999995,93.61799999999994,93617.99999999994,2500000,26.704266273579883,0.7916666666666666,1,9.5,false
global-disease-crisis,seed-3,MASS,23,MASS-NEWF-MASS-CAPEX-3,PD_MECH_CONSIDERED,0.45180847953216374,-1,-1,-1,-1,-1,-1,-1,-1,false
global-disease-crisis,seed-3,MASS,23,MASS-NEWF-MASS-CAPEX-3,PD_MECH_LOW_UTILIZATION,0.45180847953216374,-1,-1,-1,-1,-1,-1,-1,-1,false
global-disease-crisis,seed-3,MASS,23,,PD_MECH_DEFERRED,-1,-1,-1,-1,-1,-1,-1,-1,-1,false
global-disease-crisis,seed-3,BAL,23,,PD_MECH_DEFERRED,-1,-1,-1,-1,-1,-1,-1,-1,-1,false
global-disease-crisis,seed-3,JPQ,23,,PD_MECH_DEFERRED,-1,-1,-1,-1,-1,-1,-1,-1,-1,false
global-disease-crisis,seed-3,CONSV,23,,PD_MECH_DEFERRED,-1,-1,-1,-1,-1,-1,-1,-1,-1,false
global-disease-crisis,seed-3,VAP,23,,PD_MECH_DEFERRED,-1,-1,-1,-1,-1,-1,-1,-1,-1,false
global-disease-crisis,seed-3,MASS,24,MASS-F1,PD_MECH_CONSIDERED,0.5050089791407654,-1,-1,-1,-1,-1,-1,-1,-1,false
global-disease-crisis,seed-3,MASS,24,MASS-F1,PD_MECH_PAYBACK_UNATTRACTIVE,-1,2741.82,91.394,91394,2500000,27.3540932665164,0.7916666666666666,1,9.5,false
global-disease-crisis,seed-3,MASS,24,MASS-NEWF-MASS-CAPEX-3,PD_MECH_CONSIDERED,0.479406432748538,-1,-1,-1,-1,-1,-1,-1,-1,false
global-disease-crisis,seed-3,MASS,24,MASS-NEWF-MASS-CAPEX-3,PD_MECH_LOW_UTILIZATION,0.479406432748538,-1,-1,-1,-1,-1,-1,-1,-1,false
global-disease-crisis,seed-3,MASS,24,,PD_MECH_DEFERRED,-1,-1,-1,-1,-1,-1,-1,-1,-1,false
global-disease-crisis,seed-3,BAL,24,,PD_MECH_DEFERRED,-1,-1,-1,-1,-1,-1,-1,-1,-1,false
global-disease-crisis,seed-3,JPQ,24,,PD_MECH_DEFERRED,-1,-1,-1,-1,-1,-1,-1,-1,-1,false
global-disease-crisis,seed-3,CONSV,24,,PD_MECH_DEFERRED,-1,-1,-1,-1,-1,-1,-1,-1,-1,false
global-disease-crisis,seed-3,VAP,24,,PD_MECH_DEFERRED,-1,-1,-1,-1,-1,-1,-1,-1,-1,false
global-disease-crisis,seed-3,MASS,25,MASS-F1,PD_MECH_CONSIDERED,0.5442409172537643,-1,-1,-1,-1,-1,-1,-1,-1,false
global-disease-crisis,seed-3,MASS,25,MASS-F1,PD_MECH_PAYBACK_UNATTRACTIVE,-1,2954.82,98.49400000000003,98494.00000000003,2500000,25.382256787215457,0.7916666666666666,1,9.5,false
global-disease-crisis,seed-3,MASS,25,MASS-NEWF-MASS-CAPEX-3,PD_MECH_CONSIDERED,0.5320760233918129,-1,-1,-1,-1,-1,-1,-1,-1,false
global-disease-crisis,seed-3,MASS,25,MASS-NEWF-MASS-CAPEX-3,PD_MECH_PAYBACK_UNATTRACTIVE,-1,3639.4000000000005,121.31333333333339,121313.33333333339,2500000,20.60779249326811,0.7916666666666666,1,9.5,false
global-disease-crisis,seed-3,MASS,25,,PD_MECH_DEFERRED,-1,-1,-1,-1,-1,-1,-1,-1,-1,false
global-disease-crisis,seed-3,BAL,25,,PD_MECH_DEFERRED,-1,-1,-1,-1,-1,-1,-1,-1,-1,false
global-disease-crisis,seed-3,JPQ,25,,PD_MECH_DEFERRED,-1,-1,-1,-1,-1,-1,-1,-1,-1,false
global-disease-crisis,seed-3,CONSV,25,,PD_MECH_DEFERRED,-1,-1,-1,-1,-1,-1,-1,-1,-1,false
global-disease-crisis,seed-3,VAP,25,,PD_MECH_DEFERRED,-1,-1,-1,-1,-1,-1,-1,-1,-1,false
global-disease-crisis,seed-3,MASS,26,MASS-F1,PD_MECH_CONSIDERED,0.6374397937099968,-1,-1,-1,-1,-1,-1,-1,-1,false
global-disease-crisis,seed-3,MASS,26,MASS-F1,PD_MECH_PAYBACK_UNATTRACTIVE,-1,3460.82,115.36066666666659,115360.66666666658,2500000,21.67116463728251,0.7916666666666666,1,9.5,false
global-disease-crisis,seed-3,MASS,26,MASS-NEWF-MASS-CAPEX-3,PD_MECH_CONSIDERED,0.6374400584795322,-1,-1,-1,-1,-1,-1,-1,-1,false
global-disease-crisis,seed-3,MASS,26,MASS-NEWF-MASS-CAPEX-3,PD_MECH_PAYBACK_UNATTRACTIVE,-1,4360.09,145.3363333333333,145336.3333333333,2500000,17.201479785967724,0.7916666666666666,1,9.5,false
global-disease-crisis,seed-3,MASS,26,,PD_MECH_DEFERRED,-1,-1,-1,-1,-1,-1,-1,-1,-1,false
global-disease-crisis,seed-3,BAL,26,,PD_MECH_DEFERRED,-1,-1,-1,-1,-1,-1,-1,-1,-1,false
global-disease-crisis,seed-3,JPQ,26,,PD_MECH_DEFERRED,-1,-1,-1,-1,-1,-1,-1,-1,-1,false
global-disease-crisis,seed-3,CONSV,26,,PD_MECH_DEFERRED,-1,-1,-1,-1,-1,-1,-1,-1,-1,false
global-disease-crisis,seed-3,VAP,26,,PD_MECH_DEFERRED,-1,-1,-1,-1,-1,-1,-1,-1,-1,false
global-disease-crisis,seed-3,MASS,27,MASS-F1,PD_MECH_CONSIDERED,0.6374508449601695,-1,-1,-1,-1,-1,-1,-1,-1,false
global-disease-crisis,seed-3,MASS,27,MASS-F1,PD_MECH_PAYBACK_UNATTRACTIVE,-1,3460.88,115.36266666666666,115362.66666666666,2500000,21.670788932294677,0.7916666666666666,1,9.5,false
global-disease-crisis,seed-3,MASS,27,MASS-NEWF-MASS-CAPEX-3,PD_MECH_CONSIDERED,0.5650760233918128,-1,-1,-1,-1,-1,-1,-1,-1,false
global-disease-crisis,seed-3,MASS,27,MASS-NEWF-MASS-CAPEX-3,PD_MECH_PAYBACK_UNATTRACTIVE,-1,3865.12,128.8373333333334,128837.33333333339,2500000,19.40431344951773,0.7916666666666666,1,9.5,false
global-disease-crisis,seed-3,MASS,27,,PD_MECH_DEFERRED,-1,-1,-1,-1,-1,-1,-1,-1,-1,false
global-disease-crisis,seed-3,BAL,27,BAL-NEWF-BAL-CAPEX-10,PD_MECH_CONSIDERED,0,-1,-1,-1,-1,-1,-1,-1,-1,false
global-disease-crisis,seed-3,BAL,27,BAL-NEWF-BAL-CAPEX-10,PD_MECH_LOW_UTILIZATION,0,-1,-1,-1,-1,-1,-1,-1,-1,false
global-disease-crisis,seed-3,BAL,27,,PD_MECH_DEFERRED,-1,-1,-1,-1,-1,-1,-1,-1,-1,false
global-disease-crisis,seed-3,JPQ,27,,PD_MECH_DEFERRED,-1,-1,-1,-1,-1,-1,-1,-1,-1,false
global-disease-crisis,seed-3,CONSV,27,,PD_MECH_DEFERRED,-1,-1,-1,-1,-1,-1,-1,-1,-1,false
global-disease-crisis,seed-3,VAP,27,,PD_MECH_DEFERRED,-1,-1,-1,-1,-1,-1,-1,-1,-1,false
global-disease-crisis,seed-3,MASS,28,MASS-F1,PD_MECH_CONSIDERED,0.6732974167702721,-1,-1,-1,-1,-1,-1,-1,-1,false
global-disease-crisis,seed-3,MASS,28,MASS-F1,PD_MECH_PAYBACK_UNATTRACTIVE,-1,3655.5,121.85000000000002,121850.00000000003,2500000,20.517029134181367,0.7916666666666666,1,9.5,false
global-disease-crisis,seed-3,MASS,28,MASS-NEWF-MASS-CAPEX-3,PD_MECH_CONSIDERED,0.6542061403508772,-1,-1,-1,-1,-1,-1,-1,-1,false
global-disease-crisis,seed-3,MASS,28,MASS-NEWF-MASS-CAPEX-3,PD_MECH_PAYBACK_UNATTRACTIVE,-1,4474.77,149.159,149159,2500000,16.760637976923952,0.7916666666666666,1,9.5,false
global-disease-crisis,seed-3,MASS,28,,PD_MECH_DEFERRED,-1,-1,-1,-1,-1,-1,-1,-1,-1,false
global-disease-crisis,seed-3,BAL,28,BAL-NEWF-BAL-CAPEX-10,PD_MECH_CONSIDERED,0.5598216374269006,-1,-1,-1,-1,-1,-1,-1,-1,false
global-disease-crisis,seed-3,BAL,28,BAL-NEWF-BAL-CAPEX-10,PD_MECH_PAYBACK_UNATTRACTIVE,-1,2871.885,95.72950000000003,95729.50000000003,2500000,26.11525182937338,1,1,12,false
global-disease-crisis,seed-3,BAL,28,,PD_MECH_DEFERRED,-1,-1,-1,-1,-1,-1,-1,-1,-1,false
global-disease-crisis,seed-3,JPQ,28,,PD_MECH_DEFERRED,-1,-1,-1,-1,-1,-1,-1,-1,-1,false
global-disease-crisis,seed-3,CONSV,28,,PD_MECH_DEFERRED,-1,-1,-1,-1,-1,-1,-1,-1,-1,false
global-disease-crisis,seed-3,VAP,28,,PD_MECH_DEFERRED,-1,-1,-1,-1,-1,-1,-1,-1,-1,false
global-disease-crisis,seed-3,MASS,29,MASS-F1,PD_MECH_CONSIDERED,0.78444352350693,-1,-1,-1,-1,-1,-1,-1,-1,false
global-disease-crisis,seed-3,MASS,29,MASS-F1,PD_MECH_PAYBACK_UNATTRACTIVE,-1,4258.94,141.96466666666663,141964.66666666663,2500000,17.61001563769389,0.7916666666666666,1,9.5,false
global-disease-crisis,seed-3,MASS,29,MASS-NEWF-MASS-CAPEX-3,PD_MECH_CONSIDERED,0.6867997076023392,-1,-1,-1,-1,-1,-1,-1,-1,false
global-disease-crisis,seed-3,MASS,29,MASS-NEWF-MASS-CAPEX-3,PD_MECH_PAYBACK_UNATTRACTIVE,-1,4697.71,156.59033333333332,156590.3333333333,2500000,15.965225609924838,0.7916666666666666,1,9.5,false
global-disease-crisis,seed-3,MASS,29,,PD_MECH_DEFERRED,-1,-1,-1,-1,-1,-1,-1,-1,-1,false
global-disease-crisis,seed-3,BAL,29,BAL-NEWF-BAL-CAPEX-10,PD_MECH_CONSIDERED,0.6445886939571149,-1,-1,-1,-1,-1,-1,-1,-1,false
global-disease-crisis,seed-3,BAL,29,BAL-NEWF-BAL-CAPEX-10,PD_MECH_PAYBACK_UNATTRACTIVE,-1,4408.986666666666,146.9662222222222,146966.2222222222,2500000,17.01071145599594,1,1,12,false
global-disease-crisis,seed-3,BAL,29,,PD_MECH_DEFERRED,-1,-1,-1,-1,-1,-1,-1,-1,-1,false
global-disease-crisis,seed-3,JPQ,29,,PD_MECH_DEFERRED,-1,-1,-1,-1,-1,-1,-1,-1,-1,false
global-disease-crisis,seed-3,CONSV,29,,PD_MECH_DEFERRED,-1,-1,-1,-1,-1,-1,-1,-1,-1,false
global-disease-crisis,seed-3,VAP,29,,PD_MECH_DEFERRED,-1,-1,-1,-1,-1,-1,-1,-1,-1,false
global-disease-crisis,seed-3,MASS,30,MASS-F1,PD_MECH_CONSIDERED,0.7839996316249942,-1,-1,-1,-1,-1,-1,-1,-1,false
global-disease-crisis,seed-3,MASS,30,MASS-F1,PD_MECH_PAYBACK_UNATTRACTIVE,-1,4256.53,141.8843333333333,141884.3333333333,2500000,17.619986232917427,0.7916666666666666,1,9.5,false
global-disease-crisis,seed-3,MASS,30,MASS-NEWF-MASS-CAPEX-3,PD_MECH_CONSIDERED,0.6690979532163743,-1,-1,-1,-1,-1,-1,-1,-1,false
global-disease-crisis,seed-3,MASS,30,MASS-NEWF-MASS-CAPEX-3,PD_MECH_PAYBACK_UNATTRACTIVE,-1,4576.63,152.55433333333337,152554.33333333337,2500000,16.387603979347244,0.7916666666666666,1,9.5,false
global-disease-crisis,seed-3,MASS,30,,PD_MECH_DEFERRED,-1,-1,-1,-1,-1,-1,-1,-1,-1,false
global-disease-crisis,seed-3,BAL,30,BAL-NEWF-BAL-CAPEX-10,PD_MECH_CONSIDERED,0.6758187134502924,-1,-1,-1,-1,-1,-1,-1,-1,false
global-disease-crisis,seed-3,BAL,30,BAL-NEWF-BAL-CAPEX-10,PD_MECH_PAYBACK_UNATTRACTIVE,-1,4622.6,154.0866666666667,154086.66666666672,2500000,16.224635486522732,1,1,12,false
global-disease-crisis,seed-3,BAL,30,,PD_MECH_DEFERRED,-1,-1,-1,-1,-1,-1,-1,-1,-1,false
global-disease-crisis,seed-3,JPQ,30,,PD_MECH_DEFERRED,-1,-1,-1,-1,-1,-1,-1,-1,-1,false
global-disease-crisis,seed-3,CONSV,30,,PD_MECH_DEFERRED,-1,-1,-1,-1,-1,-1,-1,-1,-1,false
global-disease-crisis,seed-3,VAP,30,,PD_MECH_DEFERRED,-1,-1,-1,-1,-1,-1,-1,-1,-1,false
global-disease-crisis,seed-3,MASS,31,MASS-F1,PD_MECH_CONSIDERED,0.7839056959985266,-1,-1,-1,-1,-1,-1,-1,-1,false
global-disease-crisis,seed-3,MASS,31,MASS-F1,PD_MECH_PAYBACK_UNATTRACTIVE,-1,4256.02,141.86733333333336,141867.33333333337,2500000,17.6220976405186,0.7916666666666666,1,9.5,false
global-disease-crisis,seed-3,MASS,31,MASS-NEWF-MASS-CAPEX-3,PD_MECH_CONSIDERED,0.6676330409356724,-1,-1,-1,-1,-1,-1,-1,-1,false
global-disease-crisis,seed-3,MASS,31,MASS-NEWF-MASS-CAPEX-3,PD_MECH_PAYBACK_UNATTRACTIVE,-1,4566.61,152.22033333333331,152220.3333333333,2500000,16.423561460251697,0.7916666666666666,1,9.5,false
global-disease-crisis,seed-3,MASS,31,,PD_MECH_DEFERRED,-1,-1,-1,-1,-1,-1,-1,-1,-1,false
global-disease-crisis,seed-3,BAL,31,BAL-NEWF-BAL-CAPEX-10,PD_MECH_CONSIDERED,0.7142266081871346,-1,-1,-1,-1,-1,-1,-1,-1,false
global-disease-crisis,seed-3,BAL,31,BAL-NEWF-BAL-CAPEX-10,PD_MECH_PAYBACK_UNATTRACTIVE,-1,4885.31,162.84366666666676,162843.66666666677,2500000,15.352147560748438,1,1,12,false
global-disease-crisis,seed-3,BAL,31,,PD_MECH_DEFERRED,-1,-1,-1,-1,-1,-1,-1,-1,-1,false
global-disease-crisis,seed-3,JPQ,31,,PD_MECH_DEFERRED,-1,-1,-1,-1,-1,-1,-1,-1,-1,false
global-disease-crisis,seed-3,CONSV,31,,PD_MECH_DEFERRED,-1,-1,-1,-1,-1,-1,-1,-1,-1,false
global-disease-crisis,seed-3,VAP,31,,PD_MECH_DEFERRED,-1,-1,-1,-1,-1,-1,-1,-1,-1,false
global-disease-crisis,seed-3,MASS,32,MASS-F1,PD_MECH_CONSIDERED,0.7840954091264908,-1,-1,-1,-1,-1,-1,-1,-1,false
global-disease-crisis,seed-3,MASS,32,MASS-F1,PD_MECH_PAYBACK_UNATTRACTIVE,-1,4257.05,141.90166666666676,141901.66666666674,2500000,17.61783394604244,0.7916666666666666,1,9.5,false
global-disease-crisis,seed-3,MASS,32,MASS-NEWF-MASS-CAPEX-3,PD_MECH_CONSIDERED,0.6683201754385966,-1,-1,-1,-1,-1,-1,-1,-1,false
global-disease-crisis,seed-3,MASS,32,MASS-NEWF-MASS-CAPEX-3,PD_MECH_PAYBACK_UNATTRACTIVE,-1,4571.31,152.37699999999995,152376.99999999994,2500000,16.406675548147035,0.7916666666666666,1,9.5,false
global-disease-crisis,seed-3,MASS,32,MASS-NEWF-MASS-CAPEX-5,PD_MECH_CONSIDERED,0,-1,-1,-1,-1,-1,-1,-1,-1,false
global-disease-crisis,seed-3,MASS,32,MASS-NEWF-MASS-CAPEX-5,PD_MECH_LOW_UTILIZATION,0,-1,-1,-1,-1,-1,-1,-1,-1,false
global-disease-crisis,seed-3,MASS,32,,PD_MECH_DEFERRED,-1,-1,-1,-1,-1,-1,-1,-1,-1,false
global-disease-crisis,seed-3,BAL,32,BAL-NEWF-BAL-CAPEX-10,PD_MECH_CONSIDERED,0.7058888888888889,-1,-1,-1,-1,-1,-1,-1,-1,false
global-disease-crisis,seed-3,BAL,32,BAL-NEWF-BAL-CAPEX-10,PD_MECH_PAYBACK_UNATTRACTIVE,-1,4828.28,160.9426666666667,160942.6666666667,2500000,15.533481902458016,1,1,12,false
global-disease-crisis,seed-3,BAL,32,,PD_MECH_DEFERRED,-1,-1,-1,-1,-1,-1,-1,-1,-1,false
global-disease-crisis,seed-3,JPQ,32,JPQ-NEWF-JPQ-CAPEX-10,PD_MECH_CONSIDERED,0,-1,-1,-1,-1,-1,-1,-1,-1,false
global-disease-crisis,seed-3,JPQ,32,JPQ-NEWF-JPQ-CAPEX-10,PD_MECH_LOW_UTILIZATION,0,-1,-1,-1,-1,-1,-1,-1,-1,false
global-disease-crisis,seed-3,JPQ,32,,PD_MECH_DEFERRED,-1,-1,-1,-1,-1,-1,-1,-1,-1,false
global-disease-crisis,seed-3,CONSV,32,,PD_MECH_DEFERRED,-1,-1,-1,-1,-1,-1,-1,-1,-1,false
global-disease-crisis,seed-3,VAP,32,,PD_MECH_DEFERRED,-1,-1,-1,-1,-1,-1,-1,-1,-1,false
global-disease-crisis,seed-4,MASS,1,MASS-F1,PD_MECH_CONSIDERED,0,-1,-1,-1,-1,-1,-1,-1,-1,false
global-disease-crisis,seed-4,MASS,1,MASS-F1,PD_MECH_LOW_UTILIZATION,0,-1,-1,-1,-1,-1,-1,-1,-1,false
global-disease-crisis,seed-4,MASS,1,,PD_MECH_DEFERRED,-1,-1,-1,-1,-1,-1,-1,-1,-1,false
global-disease-crisis,seed-4,BAL,1,BAL-F1,PD_MECH_CONSIDERED,0,-1,-1,-1,-1,-1,-1,-1,-1,false
global-disease-crisis,seed-4,BAL,1,BAL-F1,PD_MECH_LOW_UTILIZATION,0,-1,-1,-1,-1,-1,-1,-1,-1,false
global-disease-crisis,seed-4,BAL,1,,PD_MECH_DEFERRED,-1,-1,-1,-1,-1,-1,-1,-1,-1,false
global-disease-crisis,seed-4,JPQ,1,JPQ-F1,PD_MECH_CONSIDERED,0,-1,-1,-1,-1,-1,-1,-1,-1,false
global-disease-crisis,seed-4,JPQ,1,JPQ-F1,PD_MECH_LOW_UTILIZATION,0,-1,-1,-1,-1,-1,-1,-1,-1,false
global-disease-crisis,seed-4,JPQ,1,,PD_MECH_DEFERRED,-1,-1,-1,-1,-1,-1,-1,-1,-1,false
global-disease-crisis,seed-4,CONSV,1,CONSV-F1,PD_MECH_CONSIDERED,0,-1,-1,-1,-1,-1,-1,-1,-1,false
global-disease-crisis,seed-4,CONSV,1,CONSV-F1,PD_MECH_LOW_UTILIZATION,0,-1,-1,-1,-1,-1,-1,-1,-1,false
global-disease-crisis,seed-4,CONSV,1,,PD_MECH_DEFERRED,-1,-1,-1,-1,-1,-1,-1,-1,-1,false
global-disease-crisis,seed-4,VAP,1,VAP-F1,PD_MECH_CONSIDERED,0,-1,-1,-1,-1,-1,-1,-1,-1,false
global-disease-crisis,seed-4,VAP,1,VAP-F1,PD_MECH_LOW_UTILIZATION,0,-1,-1,-1,-1,-1,-1,-1,-1,false
global-disease-crisis,seed-4,VAP,1,,PD_MECH_DEFERRED,-1,-1,-1,-1,-1,-1,-1,-1,-1,false
global-disease-crisis,seed-4,MASS,2,MASS-F1,PD_MECH_CONSIDERED,0.7883040935672515,-1,-1,-1,-1,-1,-1,-1,-1,false
global-disease-crisis,seed-4,MASS,2,MASS-F1,PD_MECH_PAYBACK_UNATTRACTIVE,-1,4044.0000000000005,134.79999999999995,134799.99999999994,2500000,18.545994065281906,0.7916666666666666,1,9.5,false
global-disease-crisis,seed-4,MASS,2,,PD_MECH_DEFERRED,-1,-1,-1,-1,-1,-1,-1,-1,-1,false
global-disease-crisis,seed-4,BAL,2,BAL-F1,PD_MECH_CONSIDERED,0.9271929824561403,-1,-1,-1,-1,-1,-1,-1,-1,false
global-disease-crisis,seed-4,BAL,2,BAL-F1,PD_MECH_PAYBACK_UNATTRACTIVE,-1,5549.25,184.9749999999999,184974.9999999999,2500000,13.515339910798764,1,1,12,false
global-disease-crisis,seed-4,BAL,2,,PD_MECH_DEFERRED,-1,-1,-1,-1,-1,-1,-1,-1,-1,false
global-disease-crisis,seed-4,JPQ,2,JPQ-F1,PD_MECH_CONSIDERED,1,-1,-1,-1,-1,-1,-1,-1,-1,false
global-disease-crisis,seed-4,JPQ,2,,PD_MECH_FINANCE_BLOCKED,-1,-1,-1,-1,2500000,-1,-1,-1,-1,false
global-disease-crisis,seed-4,CONSV,2,CONSV-F1,PD_MECH_CONSIDERED,1,-1,-1,-1,-1,-1,-1,-1,-1,false
global-disease-crisis,seed-4,CONSV,2,,PD_MECH_FINANCE_BLOCKED,-1,-1,-1,-1,2500000,-1,-1,-1,-1,false
global-disease-crisis,seed-4,VAP,2,VAP-F1,PD_MECH_CONSIDERED,1,-1,-1,-1,-1,-1,-1,-1,-1,false
global-disease-crisis,seed-4,VAP,2,,PD_MECH_FINANCE_BLOCKED,-1,-1,-1,-1,2500000,-1,-1,-1,-1,false
global-disease-crisis,seed-4,MASS,3,MASS-F1,PD_MECH_CONSIDERED,0.6222183235867447,-1,-1,-1,-1,-1,-1,-1,-1,false
global-disease-crisis,seed-4,MASS,3,MASS-F1,PD_MECH_PAYBACK_UNATTRACTIVE,-1,3191.98,106.39933333333329,106399.33333333328,2500000,23.496387821978846,0.7916666666666666,1,9.5,false
global-disease-crisis,seed-4,MASS,3,,PD_MECH_DEFERRED,-1,-1,-1,-1,-1,-1,-1,-1,-1,false
global-disease-crisis,seed-4,BAL,3,BAL-F1,PD_MECH_CONSIDERED,1,-1,-1,-1,-1,-1,-1,-1,-1,false
global-disease-crisis,seed-4,BAL,3,BAL-F1,PD_MECH_PAYBACK_UNATTRACTIVE,-1,5985,199.5,199500,2500000,12.531328320802006,1,1,12,false
global-disease-crisis,seed-4,BAL,3,,PD_MECH_DEFERRED,-1,-1,-1,-1,-1,-1,-1,-1,-1,false
global-disease-crisis,seed-4,JPQ,3,JPQ-F1,PD_MECH_CONSIDERED,0.8874108187134503,-1,-1,-1,-1,-1,-1,-1,-1,false
global-disease-crisis,seed-4,JPQ,3,JPQ-F1,PD_MECH_PROPOSED,-1,6069.89,202.32966666666664,202329.66666666663,2500000,12.356072350569782,1.1176470588235294,1,13.411764705882353,true
global-disease-crisis,seed-4,CONSV,3,CONSV-F1,PD_MECH_CONSIDERED,0.8540601503759399,-1,-1,-1,-1,-1,-1,-1,-1,false
global-disease-crisis,seed-4,CONSV,3,CONSV-F1,PD_MECH_PAYBACK_UNATTRACTIVE,-1,5111.55,170.385,170385,2500000,14.672653109135194,1.2105263157894737,1.05,13.834586466165414,false
global-disease-crisis,seed-4,CONSV,3,,PD_MECH_DEFERRED,-1,-1,-1,-1,-1,-1,-1,-1,-1,false
global-disease-crisis,seed-4,VAP,3,VAP-F1,PD_MECH_CONSIDERED,0.9596881091617934,-1,-1,-1,-1,-1,-1,-1,-1,false
global-disease-crisis,seed-4,VAP,3,,PD_MECH_FINANCE_BLOCKED,-1,-1,-1,-1,2500000,-1,-1,-1,-1,false
global-disease-crisis,seed-4,MASS,4,MASS-F1,PD_MECH_CONSIDERED,1,-1,-1,-1,-1,-1,-1,-1,-1,false
global-disease-crisis,seed-4,MASS,4,MASS-F1,PD_MECH_PAYBACK_UNATTRACTIVE,-1,5130,171,171000,2500000,14.619883040935672,0.7916666666666666,1,9.5,false
global-disease-crisis,seed-4,MASS,4,,PD_MECH_DEFERRED,-1,-1,-1,-1,-1,-1,-1,-1,-1,false
global-disease-crisis,seed-4,BAL,4,BAL-F1,PD_MECH_CONSIDERED,1,-1,-1,-1,-1,-1,-1,-1,-1,false
global-disease-crisis,seed-4,BAL,4,BAL-F1,PD_MECH_PAYBACK_UNATTRACTIVE,-1,5985,199.5,199500,2500000,12.531328320802006,1,1,12,false
global-disease-crisis,seed-4,BAL,4,,PD_MECH_DEFERRED,-1,-1,-1,-1,-1,-1,-1,-1,-1,false
global-disease-crisis,seed-4,JPQ,4,,PD_MECH_DEFERRED,-1,-1,-1,-1,-1,-1,-1,-1,-1,false
global-disease-crisis,seed-4,CONSV,4,CONSV-F1,PD_MECH_CONSIDERED,0.9301487050960735,-1,-1,-1,-1,-1,-1,-1,-1,false
global-disease-crisis,seed-4,CONSV,4,CONSV-F1,PD_MECH_PROPOSED,-1,5566.94,185.56466666666665,185564.66666666666,2500000,13.472392373548125,1.2105263157894737,1.05,13.834586466165414,true
global-disease-crisis,seed-4,VAP,4,VAP-F1,PD_MECH_CONSIDERED,0.9066140350877193,-1,-1,-1,-1,-1,-1,-1,-1,false
global-disease-crisis,seed-4,VAP,4,,PD_MECH_FINANCE_BLOCKED,-1,-1,-1,-1,2500000,-1,-1,-1,-1,false
global-disease-crisis,seed-4,MASS,5,MASS-F1,PD_MECH_CONSIDERED,0.5742163742690058,-1,-1,-1,-1,-1,-1,-1,-1,false
global-disease-crisis,seed-4,MASS,5,MASS-F1,PD_MECH_PAYBACK_UNATTRACTIVE,-1,2945.73,98.19099999999997,98190.99999999997,2500000,25.46058192706053,0.7916666666666666,1,9.5,false
global-disease-crisis,seed-4,MASS,5,,PD_MECH_DEFERRED,-1,-1,-1,-1,-1,-1,-1,-1,-1,false
global-disease-crisis,seed-4,BAL,5,BAL-F1,PD_MECH_CONSIDERED,1,-1,-1,-1,-1,-1,-1,-1,-1,false
global-disease-crisis,seed-4,BAL,5,BAL-F1,PD_MECH_PAYBACK_UNATTRACTIVE,-1,5985,199.5,199500,2500000,12.531328320802006,1,1,12,false
global-disease-crisis,seed-4,BAL,5,,PD_MECH_DEFERRED,-1,-1,-1,-1,-1,-1,-1,-1,-1,false
global-disease-crisis,seed-4,JPQ,5,,PD_MECH_DEFERRED,-1,-1,-1,-1,-1,-1,-1,-1,-1,false
global-disease-crisis,seed-4,CONSV,5,CONSV-F1,PD_MECH_CONSIDERED,1,-1,-1,-1,-1,-1,-1,-1,-1,false
global-disease-crisis,seed-4,CONSV,5,CONSV-F1,PD_MECH_PROPOSED,-1,5985,199.5,199500,2500000,12.531328320802006,1.2105263157894737,1.05,13.834586466165414,true
global-disease-crisis,seed-4,VAP,5,VAP-F1,PD_MECH_CONSIDERED,1,-1,-1,-1,-1,-1,-1,-1,-1,false
global-disease-crisis,seed-4,VAP,5,,PD_MECH_FINANCE_BLOCKED,-1,-1,-1,-1,2500000,-1,-1,-1,-1,false
global-disease-crisis,seed-4,MASS,6,MASS-F1,PD_MECH_CONSIDERED,1,-1,-1,-1,-1,-1,-1,-1,-1,false
global-disease-crisis,seed-4,MASS,6,MASS-F1,PD_MECH_PAYBACK_UNATTRACTIVE,-1,5130,171,171000,2500000,14.619883040935672,0.7916666666666666,1,9.5,false
global-disease-crisis,seed-4,MASS,6,,PD_MECH_DEFERRED,-1,-1,-1,-1,-1,-1,-1,-1,-1,false
global-disease-crisis,seed-4,BAL,6,BAL-F1,PD_MECH_CONSIDERED,0.9012631578947369,-1,-1,-1,-1,-1,-1,-1,-1,false
global-disease-crisis,seed-4,BAL,6,BAL-F1,PD_MECH_PAYBACK_UNATTRACTIVE,-1,5663.763,188.7921,188792.1,2500000,13.242079514979705,1,1,12,false
global-disease-crisis,seed-4,BAL,6,,PD_MECH_DEFERRED,-1,-1,-1,-1,-1,-1,-1,-1,-1,false
global-disease-crisis,seed-4,JPQ,6,,PD_MECH_DEFERRED,-1,-1,-1,-1,-1,-1,-1,-1,-1,false
global-disease-crisis,seed-4,CONSV,6,,PD_MECH_DEFERRED,-1,-1,-1,-1,-1,-1,-1,-1,-1,false
global-disease-crisis,seed-4,VAP,6,VAP-F1,PD_MECH_CONSIDERED,1,-1,-1,-1,-1,-1,-1,-1,-1,false
global-disease-crisis,seed-4,VAP,6,,PD_MECH_FINANCE_BLOCKED,-1,-1,-1,-1,2500000,-1,-1,-1,-1,false
global-disease-crisis,seed-4,MASS,7,MASS-F1,PD_MECH_CONSIDERED,0.5914873294346978,-1,-1,-1,-1,-1,-1,-1,-1,false
global-disease-crisis,seed-4,MASS,7,MASS-F1,PD_MECH_PAYBACK_UNATTRACTIVE,-1,3034.33,101.14433333333335,101144.33333333334,2500000,24.71715337488012,0.7916666666666666,1,9.5,false
global-disease-crisis,seed-4,MASS,7,,PD_MECH_DEFERRED,-1,-1,-1,-1,-1,-1,-1,-1,-1,false
global-disease-crisis,seed-4,BAL,7,BAL-F1,PD_MECH_CONSIDERED,0.9455113975414727,-1,-1,-1,-1,-1,-1,-1,-1,false
global-disease-crisis,seed-4,BAL,7,BAL-F1,PD_MECH_PAYBACK_UNATTRACTIVE,-1,5941.83,198.06100000000004,198061.00000000003,2500000,12.62237391510696,1,1,12,false
global-disease-crisis,seed-4,BAL,7,,PD_MECH_DEFERRED,-1,-1,-1,-1,-1,-1,-1,-1,-1,false
global-disease-crisis,seed-4,JPQ,7,,PD_MECH_DEFERRED,-1,-1,-1,-1,-1,-1,-1,-1,-1,false
global-disease-crisis,seed-4,CONSV,7,,PD_MECH_DEFERRED,-1,-1,-1,-1,-1,-1,-1,-1,-1,false
global-disease-crisis,seed-4,VAP,7,VAP-F1,PD_MECH_CONSIDERED,1,-1,-1,-1,-1,-1,-1,-1,-1,false
global-disease-crisis,seed-4,VAP,7,,PD_MECH_FINANCE_BLOCKED,-1,-1,-1,-1,2500000,-1,-1,-1,-1,false
global-disease-crisis,seed-4,MASS,8,MASS-F1,PD_MECH_CONSIDERED,1,-1,-1,-1,-1,-1,-1,-1,-1,false
global-disease-crisis,seed-4,MASS,8,MASS-F1,PD_MECH_PAYBACK_UNATTRACTIVE,-1,5130,171,171000,2500000,14.619883040935672,0.7916666666666666,1,9.5,false
global-disease-crisis,seed-4,MASS,8,,PD_MECH_DEFERRED,-1,-1,-1,-1,-1,-1,-1,-1,-1,false
global-disease-crisis,seed-4,BAL,8,BAL-F1,PD_MECH_CONSIDERED,0.9939817798464415,-1,-1,-1,-1,-1,-1,-1,-1,false
global-disease-crisis,seed-4,BAL,8,BAL-F1,PD_MECH_PAYBACK_UNATTRACTIVE,-1,6246.43,208.21433333333334,208214.33333333334,2500000,12.00685831747094,1,1,12,false
global-disease-crisis,seed-4,BAL,8,,PD_MECH_DEFERRED,-1,-1,-1,-1,-1,-1,-1,-1,-1,false
global-disease-crisis,seed-4,JPQ,8,,PD_MECH_DEFERRED,-1,-1,-1,-1,-1,-1,-1,-1,-1,false
global-disease-crisis,seed-4,CONSV,8,,PD_MECH_DEFERRED,-1,-1,-1,-1,-1,-1,-1,-1,-1,false
global-disease-crisis,seed-4,VAP,8,VAP-F1,PD_MECH_CONSIDERED,1,-1,-1,-1,-1,-1,-1,-1,-1,false
global-disease-crisis,seed-4,VAP,8,VAP-F1,PD_MECH_PROPOSED,-1,5130,171,171000,2500000,14.619883040935672,1.411764705882353,1,16.941176470588236,true
global-disease-crisis,seed-4,MASS,9,MASS-F1,PD_MECH_CONSIDERED,0.34030409356725144,-1,-1,-1,-1,-1,-1,-1,-1,false
global-disease-crisis,seed-4,MASS,9,MASS-F1,PD_MECH_LOW_UTILIZATION,0.34030409356725144,-1,-1,-1,-1,-1,-1,-1,-1,false
global-disease-crisis,seed-4,MASS,9,,PD_MECH_DEFERRED,-1,-1,-1,-1,-1,-1,-1,-1,-1,false
global-disease-crisis,seed-4,BAL,9,BAL-F1,PD_MECH_CONSIDERED,0.9939817798464415,-1,-1,-1,-1,-1,-1,-1,-1,false
global-disease-crisis,seed-4,BAL,9,BAL-F1,PD_MECH_PAYBACK_UNATTRACTIVE,-1,6246.43,208.21433333333334,208214.33333333334,2500000,12.00685831747094,1,1,12,false
global-disease-crisis,seed-4,BAL,9,,PD_MECH_DEFERRED,-1,-1,-1,-1,-1,-1,-1,-1,-1,false
global-disease-crisis,seed-4,JPQ,9,,PD_MECH_DEFERRED,-1,-1,-1,-1,-1,-1,-1,-1,-1,false
global-disease-crisis,seed-4,CONSV,9,,PD_MECH_DEFERRED,-1,-1,-1,-1,-1,-1,-1,-1,-1,false
global-disease-crisis,seed-4,VAP,9,,PD_MECH_DEFERRED,-1,-1,-1,-1,-1,-1,-1,-1,-1,false
global-disease-crisis,seed-4,MASS,10,MASS-F1,PD_MECH_CONSIDERED,1,-1,-1,-1,-1,-1,-1,-1,-1,false
global-disease-crisis,seed-4,MASS,10,MASS-F1,PD_MECH_PAYBACK_UNATTRACTIVE,-1,5130,171,171000,2500000,14.619883040935672,0.7916666666666666,1,9.5,false
global-disease-crisis,seed-4,MASS,10,,PD_MECH_DEFERRED,-1,-1,-1,-1,-1,-1,-1,-1,-1,false
global-disease-crisis,seed-4,BAL,10,BAL-F1,PD_MECH_CONSIDERED,0.9737422922385328,-1,-1,-1,-1,-1,-1,-1,-1,false
global-disease-crisis,seed-4,BAL,10,BAL-F1,PD_MECH_PAYBACK_UNATTRACTIVE,-1,6119.24,203.97466666666662,203974.66666666663,2500000,12.25642400036606,1,1,12,false
global-disease-crisis,seed-4,BAL,10,,PD_MECH_DEFERRED,-1,-1,-1,-1,-1,-1,-1,-1,-1,false
global-disease-crisis,seed-4,JPQ,10,,PD_MECH_DEFERRED,-1,-1,-1,-1,-1,-1,-1,-1,-1,false
global-disease-crisis,seed-4,CONSV,10,,PD_MECH_DEFERRED,-1,-1,-1,-1,-1,-1,-1,-1,-1,false
global-disease-crisis,seed-4,VAP,10,,PD_MECH_DEFERRED,-1,-1,-1,-1,-1,-1,-1,-1,-1,false
global-disease-crisis,seed-4,MASS,11,MASS-F1,PD_MECH_CONSIDERED,1,-1,-1,-1,-1,-1,-1,-1,-1,false
global-disease-crisis,seed-4,MASS,11,MASS-F1,PD_MECH_PAYBACK_UNATTRACTIVE,-1,5130,171,171000,2500000,14.619883040935672,0.7916666666666666,1,9.5,false
global-disease-crisis,seed-4,MASS,11,,PD_MECH_DEFERRED,-1,-1,-1,-1,-1,-1,-1,-1,-1,false
global-disease-crisis,seed-4,BAL,11,BAL-F1,PD_MECH_CONSIDERED,1,-1,-1,-1,-1,-1,-1,-1,-1,false
global-disease-crisis,seed-4,BAL,11,BAL-F1,PD_MECH_PROPOSED,-1,6583.5,219.45000000000005,219450.00000000006,2500000,11.392116655274547,1,1,12,true
global-disease-crisis,seed-4,JPQ,11,,PD_MECH_DEFERRED,-1,-1,-1,-1,-1,-1,-1,-1,-1,false
global-disease-crisis,seed-4,CONSV,11,,PD_MECH_DEFERRED,-1,-1,-1,-1,-1,-1,-1,-1,-1,false
global-disease-crisis,seed-4,VAP,11,,PD_MECH_DEFERRED,-1,-1,-1,-1,-1,-1,-1,-1,-1,false
global-disease-crisis,seed-4,MASS,12,MASS-F1,PD_MECH_CONSIDERED,1,-1,-1,-1,-1,-1,-1,-1,-1,false
global-disease-crisis,seed-4,MASS,12,MASS-F1,PD_MECH_PAYBACK_UNATTRACTIVE,-1,5130,171,171000,2500000,14.619883040935672,0.7916666666666666,1,9.5,false
global-disease-crisis,seed-4,MASS,12,,PD_MECH_DEFERRED,-1,-1,-1,-1,-1,-1,-1,-1,-1,false
global-disease-crisis,seed-4,BAL,12,,PD_MECH_DEFERRED,-1,-1,-1,-1,-1,-1,-1,-1,-1,false
global-disease-crisis,seed-4,JPQ,12,,PD_MECH_DEFERRED,-1,-1,-1,-1,-1,-1,-1,-1,-1,false
global-disease-crisis,seed-4,CONSV,12,,PD_MECH_DEFERRED,-1,-1,-1,-1,-1,-1,-1,-1,-1,false
global-disease-crisis,seed-4,VAP,12,,PD_MECH_DEFERRED,-1,-1,-1,-1,-1,-1,-1,-1,-1,false
global-disease-crisis,seed-4,MASS,13,MASS-F1,PD_MECH_CONSIDERED,0.9910448343079923,-1,-1,-1,-1,-1,-1,-1,-1,false
global-disease-crisis,seed-4,MASS,13,MASS-F1,PD_MECH_PAYBACK_UNATTRACTIVE,-1,5084.06,169.46866666666676,169468.66666666677,2500000,14.751989551657525,0.7916666666666666,1,9.5,false
global-disease-crisis,seed-4,MASS,13,,PD_MECH_DEFERRED,-1,-1,-1,-1,-1,-1,-1,-1,-1,false
global-disease-crisis,seed-4,BAL,13,,PD_MECH_DEFERRED,-1,-1,-1,-1,-1,-1,-1,-1,-1,false
global-disease-crisis,seed-4,JPQ,13,,PD_MECH_DEFERRED,-1,-1,-1,-1,-1,-1,-1,-1,-1,false
global-disease-crisis,seed-4,CONSV,13,,PD_MECH_DEFERRED,-1,-1,-1,-1,-1,-1,-1,-1,-1,false
global-disease-crisis,seed-4,VAP,13,,PD_MECH_DEFERRED,-1,-1,-1,-1,-1,-1,-1,-1,-1,false
global-disease-crisis,seed-4,MASS,14,MASS-F1,PD_MECH_CONSIDERED,0.845598440545809,-1,-1,-1,-1,-1,-1,-1,-1,false
global-disease-crisis,seed-4,MASS,14,MASS-F1,PD_MECH_PAYBACK_UNATTRACTIVE,-1,4337.92,144.59733333333338,144597.33333333337,2500000,17.28939215107701,0.7916666666666666,1,9.5,false
global-disease-crisis,seed-4,MASS,14,,PD_MECH_DEFERRED,-1,-1,-1,-1,-1,-1,-1,-1,-1,false
global-disease-crisis,seed-4,BAL,14,,PD_MECH_DEFERRED,-1,-1,-1,-1,-1,-1,-1,-1,-1,false
global-disease-crisis,seed-4,JPQ,14,,PD_MECH_DEFERRED,-1,-1,-1,-1,-1,-1,-1,-1,-1,false
global-disease-crisis,seed-4,CONSV,14,,PD_MECH_DEFERRED,-1,-1,-1,-1,-1,-1,-1,-1,-1,false
global-disease-crisis,seed-4,VAP,14,,PD_MECH_DEFERRED,-1,-1,-1,-1,-1,-1,-1,-1,-1,false
global-disease-crisis,seed-4,MASS,15,MASS-F1,PD_MECH_CONSIDERED,0.7971033138401559,-1,-1,-1,-1,-1,-1,-1,-1,false
global-disease-crisis,seed-4,MASS,15,MASS-F1,PD_MECH_PAYBACK_UNATTRACTIVE,-1,4327.6731666666665,144.25577222222228,144255.77222222227,2500000,17.330329050187434,0.7916666666666666,1,9.5,false
global-disease-crisis,seed-4,MASS,15,,PD_MECH_DEFERRED,-1,-1,-1,-1,-1,-1,-1,-1,-1,false
global-disease-crisis,seed-4,BAL,15,,PD_MECH_DEFERRED,-1,-1,-1,-1,-1,-1,-1,-1,-1,false
global-disease-crisis,seed-4,JPQ,15,,PD_MECH_DEFERRED,-1,-1,-1,-1,-1,-1,-1,-1,-1,false
global-disease-crisis,seed-4,CONSV,15,,PD_MECH_DEFERRED,-1,-1,-1,-1,-1,-1,-1,-1,-1,false
global-disease-crisis,seed-4,VAP,15,,PD_MECH_DEFERRED,-1,-1,-1,-1,-1,-1,-1,-1,-1,false
global-disease-crisis,seed-4,MASS,16,MASS-F1,PD_MECH_CONSIDERED,0.9897297048395266,-1,-1,-1,-1,-1,-1,-1,-1,false
global-disease-crisis,seed-4,MASS,16,MASS-F1,PD_MECH_PAYBACK_UNATTRACTIVE,-1,5373.49,179.11633333333327,179116.33333333328,2500000,13.95740943037021,0.7916666666666666,1,9.5,false
global-disease-crisis,seed-4,MASS,16,,PD_MECH_DEFERRED,-1,-1,-1,-1,-1,-1,-1,-1,-1,false
global-disease-crisis,seed-4,BAL,16,,PD_MECH_DEFERRED,-1,-1,-1,-1,-1,-1,-1,-1,-1,false
global-disease-crisis,seed-4,JPQ,16,,PD_MECH_DEFERRED,-1,-1,-1,-1,-1,-1,-1,-1,-1,false
global-disease-crisis,seed-4,CONSV,16,,PD_MECH_DEFERRED,-1,-1,-1,-1,-1,-1,-1,-1,-1,false
global-disease-crisis,seed-4,VAP,16,,PD_MECH_DEFERRED,-1,-1,-1,-1,-1,-1,-1,-1,-1,false
global-disease-crisis,seed-4,MASS,17,MASS-F1,PD_MECH_CONSIDERED,1,-1,-1,-1,-1,-1,-1,-1,-1,false
global-disease-crisis,seed-4,MASS,17,MASS-F1,PD_MECH_PAYBACK_UNATTRACTIVE,-1,5429.25,180.9749999999999,180974.9999999999,2500000,13.814062715844736,0.7916666666666666,1,9.5,false
global-disease-crisis,seed-4,MASS,17,,PD_MECH_DEFERRED,-1,-1,-1,-1,-1,-1,-1,-1,-1,false
global-disease-crisis,seed-4,BAL,17,,PD_MECH_DEFERRED,-1,-1,-1,-1,-1,-1,-1,-1,-1,false
global-disease-crisis,seed-4,JPQ,17,,PD_MECH_DEFERRED,-1,-1,-1,-1,-1,-1,-1,-1,-1,false
global-disease-crisis,seed-4,CONSV,17,,PD_MECH_DEFERRED,-1,-1,-1,-1,-1,-1,-1,-1,-1,false
global-disease-crisis,seed-4,VAP,17,,PD_MECH_DEFERRED,-1,-1,-1,-1,-1,-1,-1,-1,-1,false
global-disease-crisis,seed-4,MASS,18,MASS-F1,PD_MECH_CONSIDERED,1,-1,-1,-1,-1,-1,-1,-1,-1,false
global-disease-crisis,seed-4,MASS,18,MASS-F1,PD_MECH_PAYBACK_UNATTRACTIVE,-1,5429.25,180.9749999999999,180974.9999999999,2500000,13.814062715844736,0.7916666666666666,1,9.5,false
global-disease-crisis,seed-4,MASS,18,,PD_MECH_DEFERRED,-1,-1,-1,-1,-1,-1,-1,-1,-1,false
global-disease-crisis,seed-4,BAL,18,,PD_MECH_DEFERRED,-1,-1,-1,-1,-1,-1,-1,-1,-1,false
global-disease-crisis,seed-4,JPQ,18,,PD_MECH_DEFERRED,-1,-1,-1,-1,-1,-1,-1,-1,-1,false
global-disease-crisis,seed-4,CONSV,18,,PD_MECH_DEFERRED,-1,-1,-1,-1,-1,-1,-1,-1,-1,false
global-disease-crisis,seed-4,VAP,18,,PD_MECH_DEFERRED,-1,-1,-1,-1,-1,-1,-1,-1,-1,false
global-disease-crisis,seed-4,MASS,19,MASS-F1,PD_MECH_CONSIDERED,1,-1,-1,-1,-1,-1,-1,-1,-1,false
global-disease-crisis,seed-4,MASS,19,MASS-F1,PD_MECH_PAYBACK_UNATTRACTIVE,-1,5429.25,180.9749999999999,180974.9999999999,2500000,13.814062715844736,0.7916666666666666,1,9.5,false
global-disease-crisis,seed-4,MASS,19,,PD_MECH_DEFERRED,-1,-1,-1,-1,-1,-1,-1,-1,-1,false
global-disease-crisis,seed-4,BAL,19,,PD_MECH_DEFERRED,-1,-1,-1,-1,-1,-1,-1,-1,-1,false
global-disease-crisis,seed-4,JPQ,19,,PD_MECH_DEFERRED,-1,-1,-1,-1,-1,-1,-1,-1,-1,false
global-disease-crisis,seed-4,CONSV,19,,PD_MECH_DEFERRED,-1,-1,-1,-1,-1,-1,-1,-1,-1,false
global-disease-crisis,seed-4,VAP,19,,PD_MECH_DEFERRED,-1,-1,-1,-1,-1,-1,-1,-1,-1,false
global-disease-crisis,seed-4,MASS,20,MASS-F1,PD_MECH_CONSIDERED,1,-1,-1,-1,-1,-1,-1,-1,-1,false
global-disease-crisis,seed-4,MASS,20,MASS-F1,PD_MECH_PAYBACK_UNATTRACTIVE,-1,5429.25,180.9749999999999,180974.9999999999,2500000,13.814062715844736,0.7916666666666666,1,9.5,false
global-disease-crisis,seed-4,MASS,20,,PD_MECH_DEFERRED,-1,-1,-1,-1,-1,-1,-1,-1,-1,false
global-disease-crisis,seed-4,BAL,20,,PD_MECH_DEFERRED,-1,-1,-1,-1,-1,-1,-1,-1,-1,false
global-disease-crisis,seed-4,JPQ,20,,PD_MECH_DEFERRED,-1,-1,-1,-1,-1,-1,-1,-1,-1,false
global-disease-crisis,seed-4,CONSV,20,,PD_MECH_DEFERRED,-1,-1,-1,-1,-1,-1,-1,-1,-1,false
global-disease-crisis,seed-4,VAP,20,,PD_MECH_DEFERRED,-1,-1,-1,-1,-1,-1,-1,-1,-1,false
global-disease-crisis,seed-4,MASS,21,MASS-F1,PD_MECH_CONSIDERED,1,-1,-1,-1,-1,-1,-1,-1,-1,false
global-disease-crisis,seed-4,MASS,21,MASS-F1,PD_MECH_PAYBACK_UNATTRACTIVE,-1,5429.25,180.9749999999999,180974.9999999999,2500000,13.814062715844736,0.7916666666666666,1,9.5,false
global-disease-crisis,seed-4,MASS,21,,PD_MECH_DEFERRED,-1,-1,-1,-1,-1,-1,-1,-1,-1,false
global-disease-crisis,seed-4,BAL,21,,PD_MECH_DEFERRED,-1,-1,-1,-1,-1,-1,-1,-1,-1,false
global-disease-crisis,seed-4,JPQ,21,,PD_MECH_DEFERRED,-1,-1,-1,-1,-1,-1,-1,-1,-1,false
global-disease-crisis,seed-4,CONSV,21,,PD_MECH_DEFERRED,-1,-1,-1,-1,-1,-1,-1,-1,-1,false
global-disease-crisis,seed-4,VAP,21,,PD_MECH_DEFERRED,-1,-1,-1,-1,-1,-1,-1,-1,-1,false
global-disease-crisis,seed-4,MASS,22,MASS-F1,PD_MECH_CONSIDERED,1,-1,-1,-1,-1,-1,-1,-1,-1,false
global-disease-crisis,seed-4,MASS,22,MASS-F1,PD_MECH_PAYBACK_UNATTRACTIVE,-1,5728.5,190.95000000000005,190950.00000000006,2500000,13.092432573972241,0.7916666666666666,1,9.5,false
global-disease-crisis,seed-4,MASS,22,,PD_MECH_DEFERRED,-1,-1,-1,-1,-1,-1,-1,-1,-1,false
global-disease-crisis,seed-4,BAL,22,,PD_MECH_DEFERRED,-1,-1,-1,-1,-1,-1,-1,-1,-1,false
global-disease-crisis,seed-4,JPQ,22,,PD_MECH_DEFERRED,-1,-1,-1,-1,-1,-1,-1,-1,-1,false
global-disease-crisis,seed-4,CONSV,22,,PD_MECH_DEFERRED,-1,-1,-1,-1,-1,-1,-1,-1,-1,false
global-disease-crisis,seed-4,VAP,22,,PD_MECH_DEFERRED,-1,-1,-1,-1,-1,-1,-1,-1,-1,false
global-disease-crisis,seed-4,MASS,23,MASS-F1,PD_MECH_CONSIDERED,0.8676634371999651,-1,-1,-1,-1,-1,-1,-1,-1,false
global-disease-crisis,seed-4,MASS,23,MASS-F1,PD_MECH_PAYBACK_UNATTRACTIVE,-1,4970.41,165.68033333333335,165680.33333333334,2500000,15.08929846833561,0.7916666666666666,1,9.5,false
global-disease-crisis,seed-4,MASS,23,MASS-NEWF-MASS-CAPEX-4,PD_MECH_CONSIDERED,0,-1,-1,-1,-1,-1,-1,-1,-1,false
global-disease-crisis,seed-4,MASS,23,MASS-NEWF-MASS-CAPEX-4,PD_MECH_LOW_UTILIZATION,0,-1,-1,-1,-1,-1,-1,-1,-1,false
global-disease-crisis,seed-4,MASS,23,,PD_MECH_DEFERRED,-1,-1,-1,-1,-1,-1,-1,-1,-1,false
global-disease-crisis,seed-4,BAL,23,,PD_MECH_DEFERRED,-1,-1,-1,-1,-1,-1,-1,-1,-1,false
global-disease-crisis,seed-4,JPQ,23,,PD_MECH_DEFERRED,-1,-1,-1,-1,-1,-1,-1,-1,-1,false
global-disease-crisis,seed-4,CONSV,23,,PD_MECH_DEFERRED,-1,-1,-1,-1,-1,-1,-1,-1,-1,false
global-disease-crisis,seed-4,VAP,23,,PD_MECH_DEFERRED,-1,-1,-1,-1,-1,-1,-1,-1,-1,false
global-disease-crisis,seed-4,MASS,24,MASS-F1,PD_MECH_CONSIDERED,0.5926001571091909,-1,-1,-1,-1,-1,-1,-1,-1,false
global-disease-crisis,seed-4,MASS,24,MASS-F1,PD_MECH_PAYBACK_UNATTRACTIVE,-1,3394.71,113.15700000000004,113157.00000000004,2500000,22.09319794621631,0.7916666666666666,1,9.5,false
global-disease-crisis,seed-4,MASS,24,MASS-NEWF-MASS-CAPEX-4,PD_MECH_CONSIDERED,0.2179941520467836,-1,-1,-1,-1,-1,-1,-1,-1,false
global-disease-crisis,seed-4,MASS,24,MASS-NEWF-MASS-CAPEX-4,PD_MECH_LOW_UTILIZATION,0.2179941520467836,-1,-1,-1,-1,-1,-1,-1,-1,false
global-disease-crisis,seed-4,MASS,24,,PD_MECH_DEFERRED,-1,-1,-1,-1,-1,-1,-1,-1,-1,false
global-disease-crisis,seed-4,BAL,24,,PD_MECH_DEFERRED,-1,-1,-1,-1,-1,-1,-1,-1,-1,false
global-disease-crisis,seed-4,JPQ,24,,PD_MECH_DEFERRED,-1,-1,-1,-1,-1,-1,-1,-1,-1,false
global-disease-crisis,seed-4,CONSV,24,,PD_MECH_DEFERRED,-1,-1,-1,-1,-1,-1,-1,-1,-1,false
global-disease-crisis,seed-4,VAP,24,,PD_MECH_DEFERRED,-1,-1,-1,-1,-1,-1,-1,-1,-1,false
global-disease-crisis,seed-4,MASS,25,MASS-F1,PD_MECH_CONSIDERED,0.6703063629222309,-1,-1,-1,-1,-1,-1,-1,-1,false
global-disease-crisis,seed-4,MASS,25,MASS-F1,PD_MECH_PAYBACK_UNATTRACTIVE,-1,3839.8499999999995,127.995,127995,2500000,19.532012969256613,0.7916666666666666,1,9.5,false
global-disease-crisis,seed-4,MASS,25,MASS-NEWF-MASS-CAPEX-4,PD_MECH_CONSIDERED,0,-1,-1,-1,-1,-1,-1,-1,-1,false
global-disease-crisis,seed-4,MASS,25,MASS-NEWF-MASS-CAPEX-4,PD_MECH_LOW_UTILIZATION,0,-1,-1,-1,-1,-1,-1,-1,-1,false
global-disease-crisis,seed-4,MASS,25,,PD_MECH_DEFERRED,-1,-1,-1,-1,-1,-1,-1,-1,-1,false
global-disease-crisis,seed-4,BAL,25,,PD_MECH_DEFERRED,-1,-1,-1,-1,-1,-1,-1,-1,-1,false
global-disease-crisis,seed-4,JPQ,25,,PD_MECH_DEFERRED,-1,-1,-1,-1,-1,-1,-1,-1,-1,false
global-disease-crisis,seed-4,CONSV,25,,PD_MECH_DEFERRED,-1,-1,-1,-1,-1,-1,-1,-1,-1,false
global-disease-crisis,seed-4,VAP,25,,PD_MECH_DEFERRED,-1,-1,-1,-1,-1,-1,-1,-1,-1,false
global-disease-crisis,seed-4,MASS,26,MASS-F1,PD_MECH_CONSIDERED,0.7933438072793926,-1,-1,-1,-1,-1,-1,-1,-1,false
global-disease-crisis,seed-4,MASS,26,MASS-F1,PD_MECH_PAYBACK_UNATTRACTIVE,-1,4544.67,151.48899999999992,151488.9999999999,2500000,16.502848391632405,0.7916666666666666,1,9.5,false
global-disease-crisis,seed-4,MASS,26,MASS-NEWF-MASS-CAPEX-4,PD_MECH_CONSIDERED,0.793343567251462,-1,-1,-1,-1,-1,-1,-1,-1,false
global-disease-crisis,seed-4,MASS,26,MASS-NEWF-MASS-CAPEX-4,PD_MECH_PAYBACK_UNATTRACTIVE,-1,5426.47,180.88233333333335,180882.33333333334,2500000,13.821139709608639,0.7916666666666666,1,9.5,false
global-disease-crisis,seed-4,MASS,26,,PD_MECH_DEFERRED,-1,-1,-1,-1,-1,-1,-1,-1,-1,false
global-disease-crisis,seed-4,BAL,26,,PD_MECH_DEFERRED,-1,-1,-1,-1,-1,-1,-1,-1,-1,false
global-disease-crisis,seed-4,JPQ,26,,PD_MECH_DEFERRED,-1,-1,-1,-1,-1,-1,-1,-1,-1,false
global-disease-crisis,seed-4,CONSV,26,,PD_MECH_DEFERRED,-1,-1,-1,-1,-1,-1,-1,-1,-1,false
global-disease-crisis,seed-4,VAP,26,,PD_MECH_DEFERRED,-1,-1,-1,-1,-1,-1,-1,-1,-1,false
global-disease-crisis,seed-4,MASS,27,MASS-F1,PD_MECH_CONSIDERED,0.7472113118617438,-1,-1,-1,-1,-1,-1,-1,-1,false
global-disease-crisis,seed-4,MASS,27,MASS-F1,PD_MECH_PAYBACK_UNATTRACTIVE,-1,4280.4,142.67999999999995,142679.99999999994,2500000,17.52172694140735,0.7916666666666666,1,9.5,false
global-disease-crisis,seed-4,MASS,27,MASS-NEWF-MASS-CAPEX-4,PD_MECH_CONSIDERED,0.5841973684210526,-1,-1,-1,-1,-1,-1,-1,-1,false
global-disease-crisis,seed-4,MASS,27,MASS-NEWF-MASS-CAPEX-4,PD_MECH_PAYBACK_UNATTRACTIVE,-1,3995.91,133.197,133197,2500000,18.76919149830702,0.7916666666666666,1,9.5,false
global-disease-crisis,seed-4,MASS,27,,PD_MECH_DEFERRED,-1,-1,-1,-1,-1,-1,-1,-1,-1,false
global-disease-crisis,seed-4,BAL,27,,PD_MECH_DEFERRED,-1,-1,-1,-1,-1,-1,-1,-1,-1,false
global-disease-crisis,seed-4,JPQ,27,,PD_MECH_DEFERRED,-1,-1,-1,-1,-1,-1,-1,-1,-1,false
global-disease-crisis,seed-4,CONSV,27,,PD_MECH_DEFERRED,-1,-1,-1,-1,-1,-1,-1,-1,-1,false
global-disease-crisis,seed-4,VAP,27,,PD_MECH_DEFERRED,-1,-1,-1,-1,-1,-1,-1,-1,-1,false
global-disease-crisis,seed-4,MASS,28,MASS-F1,PD_MECH_CONSIDERED,0.6562241424456664,-1,-1,-1,-1,-1,-1,-1,-1,false
global-disease-crisis,seed-4,MASS,28,MASS-F1,PD_MECH_PAYBACK_UNATTRACTIVE,-1,3759.18,125.30600000000004,125306.00000000004,2500000,19.951159561393702,0.7916666666666666,1,9.5,false
global-disease-crisis,seed-4,MASS,28,MASS-NEWF-MASS-CAPEX-4,PD_MECH_CONSIDERED,0.5176652046783625,-1,-1,-1,-1,-1,-1,-1,-1,false
global-disease-crisis,seed-4,MASS,28,MASS-NEWF-MASS-CAPEX-4,PD_MECH_PAYBACK_UNATTRACTIVE,-1,3540.8299999999995,118.02766666666673,118027.66666666673,2500000,21.18147440007003,0.7916666666666666,1,9.5,false
global-disease-crisis,seed-4,MASS,28,,PD_MECH_DEFERRED,-1,-1,-1,-1,-1,-1,-1,-1,-1,false
global-disease-crisis,seed-4,BAL,28,BAL-NEWF-BAL-CAPEX-11,PD_MECH_CONSIDERED,0,-1,-1,-1,-1,-1,-1,-1,-1,false
global-disease-crisis,seed-4,BAL,28,BAL-NEWF-BAL-CAPEX-11,PD_MECH_LOW_UTILIZATION,0,-1,-1,-1,-1,-1,-1,-1,-1,false
global-disease-crisis,seed-4,BAL,28,,PD_MECH_DEFERRED,-1,-1,-1,-1,-1,-1,-1,-1,-1,false
global-disease-crisis,seed-4,JPQ,28,,PD_MECH_DEFERRED,-1,-1,-1,-1,-1,-1,-1,-1,-1,false
global-disease-crisis,seed-4,CONSV,28,,PD_MECH_DEFERRED,-1,-1,-1,-1,-1,-1,-1,-1,-1,false
global-disease-crisis,seed-4,VAP,28,,PD_MECH_DEFERRED,-1,-1,-1,-1,-1,-1,-1,-1,-1,false
global-disease-crisis,seed-4,MASS,29,MASS-F1,PD_MECH_CONSIDERED,0.6920048878414943,-1,-1,-1,-1,-1,-1,-1,-1,false
global-disease-crisis,seed-4,MASS,29,MASS-F1,PD_MECH_PAYBACK_UNATTRACTIVE,-1,3964.15,132.13833333333332,132138.3333333333,2500000,18.919566615794057,0.7916666666666666,1,9.5,false
global-disease-crisis,seed-4,MASS,29,MASS-NEWF-MASS-CAPEX-4,PD_MECH_CONSIDERED,0.4605102339181286,-1,-1,-1,-1,-1,-1,-1,-1,false
global-disease-crisis,seed-4,MASS,29,MASS-NEWF-MASS-CAPEX-4,PD_MECH_LOW_UTILIZATION,0.4605102339181286,-1,-1,-1,-1,-1,-1,-1,-1,false
global-disease-crisis,seed-4,MASS,29,,PD_MECH_DEFERRED,-1,-1,-1,-1,-1,-1,-1,-1,-1,false
global-disease-crisis,seed-4,BAL,29,BAL-NEWF-BAL-CAPEX-11,PD_MECH_CONSIDERED,0.5598216374269006,-1,-1,-1,-1,-1,-1,-1,-1,false
global-disease-crisis,seed-4,BAL,29,BAL-NEWF-BAL-CAPEX-11,PD_MECH_PAYBACK_UNATTRACTIVE,-1,2871.885,95.72950000000003,95729.50000000003,2500000,26.11525182937338,1,1,12,false
global-disease-crisis,seed-4,BAL,29,,PD_MECH_DEFERRED,-1,-1,-1,-1,-1,-1,-1,-1,-1,false
global-disease-crisis,seed-4,JPQ,29,,PD_MECH_DEFERRED,-1,-1,-1,-1,-1,-1,-1,-1,-1,false
global-disease-crisis,seed-4,CONSV,29,,PD_MECH_DEFERRED,-1,-1,-1,-1,-1,-1,-1,-1,-1,false
global-disease-crisis,seed-4,VAP,29,,PD_MECH_DEFERRED,-1,-1,-1,-1,-1,-1,-1,-1,-1,false
global-disease-crisis,seed-4,MASS,30,MASS-F1,PD_MECH_CONSIDERED,0.7577166797590992,-1,-1,-1,-1,-1,-1,-1,-1,false
global-disease-crisis,seed-4,MASS,30,MASS-F1,PD_MECH_PAYBACK_UNATTRACTIVE,-1,4340.58,144.68600000000004,144686.00000000003,2500000,17.278796842818238,0.7916666666666666,1,9.5,false
global-disease-crisis,seed-4,MASS,30,MASS-NEWF-MASS-CAPEX-4,PD_MECH_CONSIDERED,0.507906432748538,-1,-1,-1,-1,-1,-1,-1,-1,false
global-disease-crisis,seed-4,MASS,30,MASS-NEWF-MASS-CAPEX-4,PD_MECH_PAYBACK_UNATTRACTIVE,-1,3474.08,115.80266666666671,115802.66666666672,2500000,21.588449316077917,0.7916666666666666,1,9.5,false
global-disease-crisis,seed-4,MASS,30,,PD_MECH_DEFERRED,-1,-1,-1,-1,-1,-1,-1,-1,-1,false
global-disease-crisis,seed-4,BAL,30,BAL-NEWF-BAL-CAPEX-11,PD_MECH_CONSIDERED,0.6445886939571149,-1,-1,-1,-1,-1,-1,-1,-1,false
global-disease-crisis,seed-4,BAL,30,BAL-NEWF-BAL-CAPEX-11,PD_MECH_PAYBACK_UNATTRACTIVE,-1,4408.986666666666,146.9662222222222,146966.2222222222,2500000,17.01071145599594,1,1,12,false
global-disease-crisis,seed-4,BAL,30,,PD_MECH_DEFERRED,-1,-1,-1,-1,-1,-1,-1,-1,-1,false
global-disease-crisis,seed-4,JPQ,30,,PD_MECH_DEFERRED,-1,-1,-1,-1,-1,-1,-1,-1,-1,false
global-disease-crisis,seed-4,CONSV,30,,PD_MECH_DEFERRED,-1,-1,-1,-1,-1,-1,-1,-1,-1,false
global-disease-crisis,seed-4,VAP,30,,PD_MECH_DEFERRED,-1,-1,-1,-1,-1,-1,-1,-1,-1,false
global-disease-crisis,seed-4,MASS,31,MASS-F1,PD_MECH_CONSIDERED,0.7996281749148992,-1,-1,-1,-1,-1,-1,-1,-1,false
global-disease-crisis,seed-4,MASS,31,MASS-F1,PD_MECH_PAYBACK_UNATTRACTIVE,-1,4580.67,152.68899999999996,152688.99999999997,2500000,16.37315065263379,0.7916666666666666,1,9.5,false
global-disease-crisis,seed-4,MASS,31,MASS-NEWF-MASS-CAPEX-4,PD_MECH_CONSIDERED,0.7017543859649122,-1,-1,-1,-1,-1,-1,-1,-1,false
global-disease-crisis,seed-4,MASS,31,MASS-NEWF-MASS-CAPEX-4,PD_MECH_PAYBACK_UNATTRACTIVE,-1,4800,160,160000,2500000,15.625,0.7916666666666666,1,9.5,false
global-disease-crisis,seed-4,MASS,31,,PD_MECH_DEFERRED,-1,-1,-1,-1,-1,-1,-1,-1,-1,false
global-disease-crisis,seed-4,BAL,31,BAL-NEWF-BAL-CAPEX-11,PD_MECH_CONSIDERED,0.7064678362573099,-1,-1,-1,-1,-1,-1,-1,-1,false
global-disease-crisis,seed-4,BAL,31,BAL-NEWF-BAL-CAPEX-11,PD_MECH_PAYBACK_UNATTRACTIVE,-1,4832.24,161.07466666666664,161074.66666666666,2500000,15.52075228051587,1,1,12,false
global-disease-crisis,seed-4,BAL,31,,PD_MECH_DEFERRED,-1,-1,-1,-1,-1,-1,-1,-1,-1,false
global-disease-crisis,seed-4,JPQ,31,,PD_MECH_DEFERRED,-1,-1,-1,-1,-1,-1,-1,-1,-1,false
global-disease-crisis,seed-4,CONSV,31,,PD_MECH_DEFERRED,-1,-1,-1,-1,-1,-1,-1,-1,-1,false
global-disease-crisis,seed-4,VAP,31,,PD_MECH_DEFERRED,-1,-1,-1,-1,-1,-1,-1,-1,-1,false
global-disease-crisis,seed-4,MASS,32,MASS-F1,PD_MECH_CONSIDERED,0.7152692676966047,-1,-1,-1,-1,-1,-1,-1,-1,false
global-disease-crisis,seed-4,MASS,32,MASS-F1,PD_MECH_PAYBACK_UNATTRACTIVE,-1,4097.42,136.58066666666673,136580.66666666674,2500000,18.304201180254882,0.7916666666666666,1,9.5,false
global-disease-crisis,seed-4,MASS,32,MASS-NEWF-MASS-CAPEX-4,PD_MECH_CONSIDERED,0.5750964912280702,-1,-1,-1,-1,-1,-1,-1,-1,false
global-disease-crisis,seed-4,MASS,32,MASS-NEWF-MASS-CAPEX-4,PD_MECH_PAYBACK_UNATTRACTIVE,-1,3933.66,131.12199999999996,131121.99999999997,2500000,19.066213145009996,0.7916666666666666,1,9.5,false
global-disease-crisis,seed-4,MASS,32,MASS-NEWF-MASS-CAPEX-7,PD_MECH_CONSIDERED,0,-1,-1,-1,-1,-1,-1,-1,-1,false
global-disease-crisis,seed-4,MASS,32,MASS-NEWF-MASS-CAPEX-7,PD_MECH_LOW_UTILIZATION,0,-1,-1,-1,-1,-1,-1,-1,-1,false
global-disease-crisis,seed-4,MASS,32,,PD_MECH_DEFERRED,-1,-1,-1,-1,-1,-1,-1,-1,-1,false
global-disease-crisis,seed-4,BAL,32,BAL-NEWF-BAL-CAPEX-11,PD_MECH_CONSIDERED,0.7285043859649123,-1,-1,-1,-1,-1,-1,-1,-1,false
global-disease-crisis,seed-4,BAL,32,BAL-NEWF-BAL-CAPEX-11,PD_MECH_PAYBACK_UNATTRACTIVE,-1,4982.97,166.09900000000005,166099.00000000006,2500000,15.051264607252296,1,1,12,false
global-disease-crisis,seed-4,BAL,32,,PD_MECH_DEFERRED,-1,-1,-1,-1,-1,-1,-1,-1,-1,false
global-disease-crisis,seed-4,JPQ,32,JPQ-NEWF-JPQ-CAPEX-10,PD_MECH_CONSIDERED,0,-1,-1,-1,-1,-1,-1,-1,-1,false
global-disease-crisis,seed-4,JPQ,32,JPQ-NEWF-JPQ-CAPEX-10,PD_MECH_LOW_UTILIZATION,0,-1,-1,-1,-1,-1,-1,-1,-1,false
global-disease-crisis,seed-4,JPQ,32,,PD_MECH_DEFERRED,-1,-1,-1,-1,-1,-1,-1,-1,-1,false
global-disease-crisis,seed-4,CONSV,32,,PD_MECH_DEFERRED,-1,-1,-1,-1,-1,-1,-1,-1,-1,false
global-disease-crisis,seed-4,VAP,32,,PD_MECH_DEFERRED,-1,-1,-1,-1,-1,-1,-1,-1,-1,false
global-disease-crisis,seed-5,MASS,1,MASS-F1,PD_MECH_CONSIDERED,0,-1,-1,-1,-1,-1,-1,-1,-1,false
global-disease-crisis,seed-5,MASS,1,MASS-F1,PD_MECH_LOW_UTILIZATION,0,-1,-1,-1,-1,-1,-1,-1,-1,false
global-disease-crisis,seed-5,MASS,1,,PD_MECH_DEFERRED,-1,-1,-1,-1,-1,-1,-1,-1,-1,false
global-disease-crisis,seed-5,BAL,1,BAL-F1,PD_MECH_CONSIDERED,0,-1,-1,-1,-1,-1,-1,-1,-1,false
global-disease-crisis,seed-5,BAL,1,BAL-F1,PD_MECH_LOW_UTILIZATION,0,-1,-1,-1,-1,-1,-1,-1,-1,false
global-disease-crisis,seed-5,BAL,1,,PD_MECH_DEFERRED,-1,-1,-1,-1,-1,-1,-1,-1,-1,false
global-disease-crisis,seed-5,JPQ,1,JPQ-F1,PD_MECH_CONSIDERED,0,-1,-1,-1,-1,-1,-1,-1,-1,false
global-disease-crisis,seed-5,JPQ,1,JPQ-F1,PD_MECH_LOW_UTILIZATION,0,-1,-1,-1,-1,-1,-1,-1,-1,false
global-disease-crisis,seed-5,JPQ,1,,PD_MECH_DEFERRED,-1,-1,-1,-1,-1,-1,-1,-1,-1,false
global-disease-crisis,seed-5,CONSV,1,CONSV-F1,PD_MECH_CONSIDERED,0,-1,-1,-1,-1,-1,-1,-1,-1,false
global-disease-crisis,seed-5,CONSV,1,CONSV-F1,PD_MECH_LOW_UTILIZATION,0,-1,-1,-1,-1,-1,-1,-1,-1,false
global-disease-crisis,seed-5,CONSV,1,,PD_MECH_DEFERRED,-1,-1,-1,-1,-1,-1,-1,-1,-1,false
global-disease-crisis,seed-5,VAP,1,VAP-F1,PD_MECH_CONSIDERED,0,-1,-1,-1,-1,-1,-1,-1,-1,false
global-disease-crisis,seed-5,VAP,1,VAP-F1,PD_MECH_LOW_UTILIZATION,0,-1,-1,-1,-1,-1,-1,-1,-1,false
global-disease-crisis,seed-5,VAP,1,,PD_MECH_DEFERRED,-1,-1,-1,-1,-1,-1,-1,-1,-1,false
global-disease-crisis,seed-5,MASS,2,MASS-F1,PD_MECH_CONSIDERED,0.7883040935672515,-1,-1,-1,-1,-1,-1,-1,-1,false
global-disease-crisis,seed-5,MASS,2,MASS-F1,PD_MECH_PAYBACK_UNATTRACTIVE,-1,4044.0000000000005,134.79999999999995,134799.99999999994,2500000,18.545994065281906,0.7916666666666666,1,9.5,false
global-disease-crisis,seed-5,MASS,2,,PD_MECH_DEFERRED,-1,-1,-1,-1,-1,-1,-1,-1,-1,false
global-disease-crisis,seed-5,BAL,2,BAL-F1,PD_MECH_CONSIDERED,0.9271929824561403,-1,-1,-1,-1,-1,-1,-1,-1,false
global-disease-crisis,seed-5,BAL,2,BAL-F1,PD_MECH_PAYBACK_UNATTRACTIVE,-1,5549.25,184.9749999999999,184974.9999999999,2500000,13.515339910798764,1,1,12,false
global-disease-crisis,seed-5,BAL,2,,PD_MECH_DEFERRED,-1,-1,-1,-1,-1,-1,-1,-1,-1,false
global-disease-crisis,seed-5,JPQ,2,JPQ-F1,PD_MECH_CONSIDERED,1,-1,-1,-1,-1,-1,-1,-1,-1,false
global-disease-crisis,seed-5,JPQ,2,,PD_MECH_FINANCE_BLOCKED,-1,-1,-1,-1,2500000,-1,-1,-1,-1,false
global-disease-crisis,seed-5,CONSV,2,CONSV-F1,PD_MECH_CONSIDERED,1,-1,-1,-1,-1,-1,-1,-1,-1,false
global-disease-crisis,seed-5,CONSV,2,,PD_MECH_FINANCE_BLOCKED,-1,-1,-1,-1,2500000,-1,-1,-1,-1,false
global-disease-crisis,seed-5,VAP,2,VAP-F1,PD_MECH_CONSIDERED,1,-1,-1,-1,-1,-1,-1,-1,-1,false
global-disease-crisis,seed-5,VAP,2,,PD_MECH_FINANCE_BLOCKED,-1,-1,-1,-1,2500000,-1,-1,-1,-1,false
global-disease-crisis,seed-5,MASS,3,MASS-F1,PD_MECH_CONSIDERED,0.6222183235867447,-1,-1,-1,-1,-1,-1,-1,-1,false
global-disease-crisis,seed-5,MASS,3,MASS-F1,PD_MECH_PAYBACK_UNATTRACTIVE,-1,3191.98,106.39933333333329,106399.33333333328,2500000,23.496387821978846,0.7916666666666666,1,9.5,false
global-disease-crisis,seed-5,MASS,3,,PD_MECH_DEFERRED,-1,-1,-1,-1,-1,-1,-1,-1,-1,false
global-disease-crisis,seed-5,BAL,3,BAL-F1,PD_MECH_CONSIDERED,1,-1,-1,-1,-1,-1,-1,-1,-1,false
global-disease-crisis,seed-5,BAL,3,BAL-F1,PD_MECH_PAYBACK_UNATTRACTIVE,-1,5985,199.5,199500,2500000,12.531328320802006,1,1,12,false
global-disease-crisis,seed-5,BAL,3,,PD_MECH_DEFERRED,-1,-1,-1,-1,-1,-1,-1,-1,-1,false
global-disease-crisis,seed-5,JPQ,3,JPQ-F1,PD_MECH_CONSIDERED,0.8874108187134503,-1,-1,-1,-1,-1,-1,-1,-1,false
global-disease-crisis,seed-5,JPQ,3,,PD_MECH_FINANCE_BLOCKED,-1,-1,-1,-1,2500000,-1,-1,-1,-1,false
global-disease-crisis,seed-5,CONSV,3,CONSV-F1,PD_MECH_CONSIDERED,0.8540601503759399,-1,-1,-1,-1,-1,-1,-1,-1,false
global-disease-crisis,seed-5,CONSV,3,CONSV-F1,PD_MECH_PAYBACK_UNATTRACTIVE,-1,5111.55,170.385,170385,2500000,14.672653109135194,1.2105263157894737,1.05,13.834586466165414,false
global-disease-crisis,seed-5,CONSV,3,,PD_MECH_DEFERRED,-1,-1,-1,-1,-1,-1,-1,-1,-1,false
global-disease-crisis,seed-5,VAP,3,VAP-F1,PD_MECH_CONSIDERED,0.9596881091617934,-1,-1,-1,-1,-1,-1,-1,-1,false
global-disease-crisis,seed-5,VAP,3,,PD_MECH_FINANCE_BLOCKED,-1,-1,-1,-1,2500000,-1,-1,-1,-1,false
global-disease-crisis,seed-5,MASS,4,MASS-F1,PD_MECH_CONSIDERED,1,-1,-1,-1,-1,-1,-1,-1,-1,false
global-disease-crisis,seed-5,MASS,4,MASS-F1,PD_MECH_PAYBACK_UNATTRACTIVE,-1,5130,171,171000,2500000,14.619883040935672,0.7916666666666666,1,9.5,false
global-disease-crisis,seed-5,MASS,4,,PD_MECH_DEFERRED,-1,-1,-1,-1,-1,-1,-1,-1,-1,false
global-disease-crisis,seed-5,BAL,4,BAL-F1,PD_MECH_CONSIDERED,1,-1,-1,-1,-1,-1,-1,-1,-1,false
global-disease-crisis,seed-5,BAL,4,BAL-F1,PD_MECH_PAYBACK_UNATTRACTIVE,-1,5985,199.5,199500,2500000,12.531328320802006,1,1,12,false
global-disease-crisis,seed-5,BAL,4,,PD_MECH_DEFERRED,-1,-1,-1,-1,-1,-1,-1,-1,-1,false
global-disease-crisis,seed-5,JPQ,4,JPQ-F1,PD_MECH_CONSIDERED,0.943704678362573,-1,-1,-1,-1,-1,-1,-1,-1,false
global-disease-crisis,seed-5,JPQ,4,,PD_MECH_FINANCE_BLOCKED,-1,-1,-1,-1,2500000,-1,-1,-1,-1,false
global-disease-crisis,seed-5,CONSV,4,CONSV-F1,PD_MECH_CONSIDERED,0.9301487050960735,-1,-1,-1,-1,-1,-1,-1,-1,false
global-disease-crisis,seed-5,CONSV,4,CONSV-F1,PD_MECH_PROPOSED,-1,5566.94,185.56466666666665,185564.66666666666,2500000,13.472392373548125,1.2105263157894737,1.05,13.834586466165414,true
global-disease-crisis,seed-5,VAP,4,VAP-F1,PD_MECH_CONSIDERED,0.8943801169590644,-1,-1,-1,-1,-1,-1,-1,-1,false
global-disease-crisis,seed-5,VAP,4,,PD_MECH_FINANCE_BLOCKED,-1,-1,-1,-1,2500000,-1,-1,-1,-1,false
global-disease-crisis,seed-5,MASS,5,MASS-F1,PD_MECH_CONSIDERED,0.5618674463937622,-1,-1,-1,-1,-1,-1,-1,-1,false
global-disease-crisis,seed-5,MASS,5,MASS-F1,PD_MECH_PAYBACK_UNATTRACTIVE,-1,2882.38,96.0793333333333,96079.3333333333,2500000,26.020163892338978,0.7916666666666666,1,9.5,false
global-disease-crisis,seed-5,MASS,5,,PD_MECH_DEFERRED,-1,-1,-1,-1,-1,-1,-1,-1,-1,false
global-disease-crisis,seed-5,BAL,5,BAL-F1,PD_MECH_CONSIDERED,1,-1,-1,-1,-1,-1,-1,-1,-1,false
global-disease-crisis,seed-5,BAL,5,BAL-F1,PD_MECH_PAYBACK_UNATTRACTIVE,-1,5985,199.5,199500,2500000,12.531328320802006,1,1,12,false
global-disease-crisis,seed-5,BAL,5,,PD_MECH_DEFERRED,-1,-1,-1,-1,-1,-1,-1,-1,-1,false
global-disease-crisis,seed-5,JPQ,5,JPQ-F1,PD_MECH_CONSIDERED,0.959624269005848,-1,-1,-1,-1,-1,-1,-1,-1,false
global-disease-crisis,seed-5,JPQ,5,,PD_MECH_FINANCE_BLOCKED,-1,-1,-1,-1,2500000,-1,-1,-1,-1,false
global-disease-crisis,seed-5,CONSV,5,CONSV-F1,PD_MECH_CONSIDERED,1,-1,-1,-1,-1,-1,-1,-1,-1,false
global-disease-crisis,seed-5,CONSV,5,CONSV-F1,PD_MECH_PROPOSED,-1,5985,199.5,199500,2500000,12.531328320802006,1.2105263157894737,1.05,13.834586466165414,true
global-disease-crisis,seed-5,VAP,5,VAP-F1,PD_MECH_CONSIDERED,1,-1,-1,-1,-1,-1,-1,-1,-1,false
global-disease-crisis,seed-5,VAP,5,,PD_MECH_FINANCE_BLOCKED,-1,-1,-1,-1,2500000,-1,-1,-1,-1,false
global-disease-crisis,seed-5,MASS,6,MASS-F1,PD_MECH_CONSIDERED,0.997280701754386,-1,-1,-1,-1,-1,-1,-1,-1,false
global-disease-crisis,seed-5,MASS,6,MASS-F1,PD_MECH_PAYBACK_UNATTRACTIVE,-1,5116.05,170.53499999999997,170534.99999999997,2500000,14.659747265957137,0.7916666666666666,1,9.5,false
global-disease-crisis,seed-5,MASS,6,,PD_MECH_DEFERRED,-1,-1,-1,-1,-1,-1,-1,-1,-1,false
global-disease-crisis,seed-5,BAL,6,BAL-F1,PD_MECH_CONSIDERED,1,-1,-1,-1,-1,-1,-1,-1,-1,false
global-disease-crisis,seed-5,BAL,6,,PD_MECH_FINANCE_BLOCKED,-1,-1,-1,-1,2500000,-1,-1,-1,-1,false
global-disease-crisis,seed-5,JPQ,6,JPQ-F1,PD_MECH_CONSIDERED,0.8879342105263158,-1,-1,-1,-1,-1,-1,-1,-1,false
global-disease-crisis,seed-5,JPQ,6,,PD_MECH_FINANCE_BLOCKED,-1,-1,-1,-1,2500000,-1,-1,-1,-1,false
global-disease-crisis,seed-5,CONSV,6,,PD_MECH_DEFERRED,-1,-1,-1,-1,-1,-1,-1,-1,-1,false
global-disease-crisis,seed-5,VAP,6,VAP-F1,PD_MECH_CONSIDERED,1,-1,-1,-1,-1,-1,-1,-1,-1,false
global-disease-crisis,seed-5,VAP,6,,PD_MECH_FINANCE_BLOCKED,-1,-1,-1,-1,2500000,-1,-1,-1,-1,false
global-disease-crisis,seed-5,MASS,7,MASS-F1,PD_MECH_CONSIDERED,0.5912066276803118,-1,-1,-1,-1,-1,-1,-1,-1,false
global-disease-crisis,seed-5,MASS,7,MASS-F1,PD_MECH_PAYBACK_UNATTRACTIVE,-1,3032.89,101.09633333333335,101096.33333333334,2500000,24.728888947505514,0.7916666666666666,1,9.5,false
global-disease-crisis,seed-5,MASS,7,,PD_MECH_DEFERRED,-1,-1,-1,-1,-1,-1,-1,-1,-1,false
global-disease-crisis,seed-5,BAL,7,BAL-F1,PD_MECH_CONSIDERED,1,-1,-1,-1,-1,-1,-1,-1,-1,false
global-disease-crisis,seed-5,BAL,7,BAL-F1,PD_MECH_PROPOSED,-1,6284.25,209.4749999999999,209474.9999999999,2500000,11.93459840076382,1,1,12,true
global-disease-crisis,seed-5,JPQ,7,JPQ-F1,PD_MECH_CONSIDERED,0.8780233918128656,-1,-1,-1,-1,-1,-1,-1,-1,false
global-disease-crisis,seed-5,JPQ,7,,PD_MECH_FINANCE_BLOCKED,-1,-1,-1,-1,2500000,-1,-1,-1,-1,false
global-disease-crisis,seed-5,CONSV,7,,PD_MECH_DEFERRED,-1,-1,-1,-1,-1,-1,-1,-1,-1,false
global-disease-crisis,seed-5,VAP,7,VAP-F1,PD_MECH_CONSIDERED,1,-1,-1,-1,-1,-1,-1,-1,-1,false
global-disease-crisis,seed-5,VAP,7,,PD_MECH_FINANCE_BLOCKED,-1,-1,-1,-1,2500000,-1,-1,-1,-1,false
global-disease-crisis,seed-5,MASS,8,MASS-F1,PD_MECH_CONSIDERED,1,-1,-1,-1,-1,-1,-1,-1,-1,false
global-disease-crisis,seed-5,MASS,8,MASS-F1,PD_MECH_PAYBACK_UNATTRACTIVE,-1,5130,171,171000,2500000,14.619883040935672,0.7916666666666666,1,9.5,false
global-disease-crisis,seed-5,MASS,8,,PD_MECH_DEFERRED,-1,-1,-1,-1,-1,-1,-1,-1,-1,false
global-disease-crisis,seed-5,BAL,8,,PD_MECH_DEFERRED,-1,-1,-1,-1,-1,-1,-1,-1,-1,false
global-disease-crisis,seed-5,JPQ,8,JPQ-F1,PD_MECH_CONSIDERED,0.8584941520467837,-1,-1,-1,-1,-1,-1,-1,-1,false
global-disease-crisis,seed-5,JPQ,8,JPQ-F1,PD_MECH_PROPOSED,-1,5872.1,195.73666666666668,195736.6666666667,2500000,12.772262052757956,1.1176470588235294,1,13.411764705882353,true
global-disease-crisis,seed-5,CONSV,8,,PD_MECH_DEFERRED,-1,-1,-1,-1,-1,-1,-1,-1,-1,false
global-disease-crisis,seed-5,VAP,8,VAP-F1,PD_MECH_CONSIDERED,1,-1,-1,-1,-1,-1,-1,-1,-1,false
global-disease-crisis,seed-5,VAP,8,VAP-F1,PD_MECH_PROPOSED,-1,5130,171,171000,2500000,14.619883040935672,1.411764705882353,1,16.941176470588236,true
global-disease-crisis,seed-5,MASS,9,MASS-F1,PD_MECH_CONSIDERED,0.3981345029239766,-1,-1,-1,-1,-1,-1,-1,-1,false
global-disease-crisis,seed-5,MASS,9,MASS-F1,PD_MECH_LOW_UTILIZATION,0.3981345029239766,-1,-1,-1,-1,-1,-1,-1,-1,false
global-disease-crisis,seed-5,MASS,9,,PD_MECH_DEFERRED,-1,-1,-1,-1,-1,-1,-1,-1,-1,false
global-disease-crisis,seed-5,BAL,9,,PD_MECH_DEFERRED,-1,-1,-1,-1,-1,-1,-1,-1,-1,false
global-disease-crisis,seed-5,JPQ,9,,PD_MECH_DEFERRED,-1,-1,-1,-1,-1,-1,-1,-1,-1,false
global-disease-crisis,seed-5,CONSV,9,,PD_MECH_DEFERRED,-1,-1,-1,-1,-1,-1,-1,-1,-1,false
global-disease-crisis,seed-5,VAP,9,,PD_MECH_DEFERRED,-1,-1,-1,-1,-1,-1,-1,-1,-1,false
global-disease-crisis,seed-5,MASS,10,MASS-F1,PD_MECH_CONSIDERED,1,-1,-1,-1,-1,-1,-1,-1,-1,false
global-disease-crisis,seed-5,MASS,10,MASS-F1,PD_MECH_PAYBACK_UNATTRACTIVE,-1,5130,171,171000,2500000,14.619883040935672,0.7916666666666666,1,9.5,false
global-disease-crisis,seed-5,MASS,10,,PD_MECH_DEFERRED,-1,-1,-1,-1,-1,-1,-1,-1,-1,false
global-disease-crisis,seed-5,BAL,10,,PD_MECH_DEFERRED,-1,-1,-1,-1,-1,-1,-1,-1,-1,false
global-disease-crisis,seed-5,JPQ,10,,PD_MECH_DEFERRED,-1,-1,-1,-1,-1,-1,-1,-1,-1,false
global-disease-crisis,seed-5,CONSV,10,,PD_MECH_DEFERRED,-1,-1,-1,-1,-1,-1,-1,-1,-1,false
global-disease-crisis,seed-5,VAP,10,,PD_MECH_DEFERRED,-1,-1,-1,-1,-1,-1,-1,-1,-1,false
global-disease-crisis,seed-5,MASS,11,MASS-F1,PD_MECH_CONSIDERED,1,-1,-1,-1,-1,-1,-1,-1,-1,false
global-disease-crisis,seed-5,MASS,11,MASS-F1,PD_MECH_PAYBACK_UNATTRACTIVE,-1,5130,171,171000,2500000,14.619883040935672,0.7916666666666666,1,9.5,false
global-disease-crisis,seed-5,MASS,11,,PD_MECH_DEFERRED,-1,-1,-1,-1,-1,-1,-1,-1,-1,false
global-disease-crisis,seed-5,BAL,11,,PD_MECH_DEFERRED,-1,-1,-1,-1,-1,-1,-1,-1,-1,false
global-disease-crisis,seed-5,JPQ,11,,PD_MECH_DEFERRED,-1,-1,-1,-1,-1,-1,-1,-1,-1,false
global-disease-crisis,seed-5,CONSV,11,,PD_MECH_DEFERRED,-1,-1,-1,-1,-1,-1,-1,-1,-1,false
global-disease-crisis,seed-5,VAP,11,,PD_MECH_DEFERRED,-1,-1,-1,-1,-1,-1,-1,-1,-1,false
global-disease-crisis,seed-5,MASS,12,MASS-F1,PD_MECH_CONSIDERED,1,-1,-1,-1,-1,-1,-1,-1,-1,false
global-disease-crisis,seed-5,MASS,12,MASS-F1,PD_MECH_PAYBACK_UNATTRACTIVE,-1,5130,171,171000,2500000,14.619883040935672,0.7916666666666666,1,9.5,false
global-disease-crisis,seed-5,MASS,12,,PD_MECH_DEFERRED,-1,-1,-1,-1,-1,-1,-1,-1,-1,false
global-disease-crisis,seed-5,BAL,12,,PD_MECH_DEFERRED,-1,-1,-1,-1,-1,-1,-1,-1,-1,false
global-disease-crisis,seed-5,JPQ,12,,PD_MECH_DEFERRED,-1,-1,-1,-1,-1,-1,-1,-1,-1,false
global-disease-crisis,seed-5,CONSV,12,,PD_MECH_DEFERRED,-1,-1,-1,-1,-1,-1,-1,-1,-1,false
global-disease-crisis,seed-5,VAP,12,,PD_MECH_DEFERRED,-1,-1,-1,-1,-1,-1,-1,-1,-1,false
global-disease-crisis,seed-5,MASS,13,MASS-F1,PD_MECH_CONSIDERED,0.9469863547758285,-1,-1,-1,-1,-1,-1,-1,-1,false
global-disease-crisis,seed-5,MASS,13,MASS-F1,PD_MECH_PAYBACK_UNATTRACTIVE,-1,4858.04,161.93466666666666,161934.66666666666,2500000,15.438324921161621,0.7916666666666666,1,9.5,false
global-disease-crisis,seed-5,MASS,13,,PD_MECH_DEFERRED,-1,-1,-1,-1,-1,-1,-1,-1,-1,false
global-disease-crisis,seed-5,BAL,13,,PD_MECH_DEFERRED,-1,-1,-1,-1,-1,-1,-1,-1,-1,false
global-disease-crisis,seed-5,JPQ,13,,PD_MECH_DEFERRED,-1,-1,-1,-1,-1,-1,-1,-1,-1,false
global-disease-crisis,seed-5,CONSV,13,,PD_MECH_DEFERRED,-1,-1,-1,-1,-1,-1,-1,-1,-1,false
global-disease-crisis,seed-5,VAP,13,,PD_MECH_DEFERRED,-1,-1,-1,-1,-1,-1,-1,-1,-1,false
global-disease-crisis,seed-5,MASS,14,MASS-F1,PD_MECH_CONSIDERED,0.829953216374269,-1,-1,-1,-1,-1,-1,-1,-1,false
global-disease-crisis,seed-5,MASS,14,MASS-F1,PD_MECH_PAYBACK_UNATTRACTIVE,-1,4257.66,141.9219999999999,141921.9999999999,2500000,17.61530981806909,0.7916666666666666,1,9.5,false
global-disease-crisis,seed-5,MASS,14,,PD_MECH_DEFERRED,-1,-1,-1,-1,-1,-1,-1,-1,-1,false
global-disease-crisis,seed-5,BAL,14,,PD_MECH_DEFERRED,-1,-1,-1,-1,-1,-1,-1,-1,-1,false
global-disease-crisis,seed-5,JPQ,14,,PD_MECH_DEFERRED,-1,-1,-1,-1,-1,-1,-1,-1,-1,false
global-disease-crisis,seed-5,CONSV,14,,PD_MECH_DEFERRED,-1,-1,-1,-1,-1,-1,-1,-1,-1,false
global-disease-crisis,seed-5,VAP,14,,PD_MECH_DEFERRED,-1,-1,-1,-1,-1,-1,-1,-1,-1,false
global-disease-crisis,seed-5,MASS,15,MASS-F1,PD_MECH_CONSIDERED,0.806906432748538,-1,-1,-1,-1,-1,-1,-1,-1,false
global-disease-crisis,seed-5,MASS,15,MASS-F1,PD_MECH_PAYBACK_UNATTRACTIVE,-1,4380.89675,146.02989166666669,146029.8916666667,2500000,17.119782610717767,0.7916666666666666,1,9.5,false
global-disease-crisis,seed-5,MASS,15,,PD_MECH_DEFERRED,-1,-1,-1,-1,-1,-1,-1,-1,-1,false
global-disease-crisis,seed-5,BAL,15,,PD_MECH_DEFERRED,-1,-1,-1,-1,-1,-1,-1,-1,-1,false
global-disease-crisis,seed-5,JPQ,15,,PD_MECH_DEFERRED,-1,-1,-1,-1,-1,-1,-1,-1,-1,false
global-disease-crisis,seed-5,CONSV,15,,PD_MECH_DEFERRED,-1,-1,-1,-1,-1,-1,-1,-1,-1,false
global-disease-crisis,seed-5,VAP,15,,PD_MECH_DEFERRED,-1,-1,-1,-1,-1,-1,-1,-1,-1,false
global-disease-crisis,seed-5,MASS,16,MASS-F1,PD_MECH_CONSIDERED,0.9981820693465948,-1,-1,-1,-1,-1,-1,-1,-1,false
global-disease-crisis,seed-5,MASS,16,MASS-F1,PD_MECH_PAYBACK_UNATTRACTIVE,-1,5419.38,180.64599999999996,180645.99999999997,2500000,13.839221460757505,0.7916666666666666,1,9.5,false
global-disease-crisis,seed-5,MASS,16,,PD_MECH_DEFERRED,-1,-1,-1,-1,-1,-1,-1,-1,-1,false
global-disease-crisis,seed-5,BAL,16,,PD_MECH_DEFERRED,-1,-1,-1,-1,-1,-1,-1,-1,-1,false
global-disease-crisis,seed-5,JPQ,16,,PD_MECH_DEFERRED,-1,-1,-1,-1,-1,-1,-1,-1,-1,false
global-disease-crisis,seed-5,CONSV,16,,PD_MECH_DEFERRED,-1,-1,-1,-1,-1,-1,-1,-1,-1,false
global-disease-crisis,seed-5,VAP,16,,PD_MECH_DEFERRED,-1,-1,-1,-1,-1,-1,-1,-1,-1,false
global-disease-crisis,seed-5,MASS,17,MASS-F1,PD_MECH_CONSIDERED,1,-1,-1,-1,-1,-1,-1,-1,-1,false
global-disease-crisis,seed-5,MASS,17,MASS-F1,PD_MECH_PAYBACK_UNATTRACTIVE,-1,5429.25,180.9749999999999,180974.9999999999,2500000,13.814062715844736,0.7916666666666666,1,9.5,false
global-disease-crisis,seed-5,MASS,17,,PD_MECH_DEFERRED,-1,-1,-1,-1,-1,-1,-1,-1,-1,false
global-disease-crisis,seed-5,BAL,17,,PD_MECH_DEFERRED,-1,-1,-1,-1,-1,-1,-1,-1,-1,false
global-disease-crisis,seed-5,JPQ,17,,PD_MECH_DEFERRED,-1,-1,-1,-1,-1,-1,-1,-1,-1,false
global-disease-crisis,seed-5,CONSV,17,,PD_MECH_DEFERRED,-1,-1,-1,-1,-1,-1,-1,-1,-1,false
global-disease-crisis,seed-5,VAP,17,,PD_MECH_DEFERRED,-1,-1,-1,-1,-1,-1,-1,-1,-1,false
global-disease-crisis,seed-5,MASS,18,MASS-F1,PD_MECH_CONSIDERED,1,-1,-1,-1,-1,-1,-1,-1,-1,false
global-disease-crisis,seed-5,MASS,18,MASS-F1,PD_MECH_PAYBACK_UNATTRACTIVE,-1,5429.25,180.9749999999999,180974.9999999999,2500000,13.814062715844736,0.7916666666666666,1,9.5,false
global-disease-crisis,seed-5,MASS,18,,PD_MECH_DEFERRED,-1,-1,-1,-1,-1,-1,-1,-1,-1,false
global-disease-crisis,seed-5,BAL,18,,PD_MECH_DEFERRED,-1,-1,-1,-1,-1,-1,-1,-1,-1,false
global-disease-crisis,seed-5,JPQ,18,,PD_MECH_DEFERRED,-1,-1,-1,-1,-1,-1,-1,-1,-1,false
global-disease-crisis,seed-5,CONSV,18,,PD_MECH_DEFERRED,-1,-1,-1,-1,-1,-1,-1,-1,-1,false
global-disease-crisis,seed-5,VAP,18,,PD_MECH_DEFERRED,-1,-1,-1,-1,-1,-1,-1,-1,-1,false
global-disease-crisis,seed-5,MASS,19,MASS-F1,PD_MECH_CONSIDERED,1,-1,-1,-1,-1,-1,-1,-1,-1,false
global-disease-crisis,seed-5,MASS,19,MASS-F1,PD_MECH_PAYBACK_UNATTRACTIVE,-1,5429.25,180.9749999999999,180974.9999999999,2500000,13.814062715844736,0.7916666666666666,1,9.5,false
global-disease-crisis,seed-5,MASS,19,,PD_MECH_DEFERRED,-1,-1,-1,-1,-1,-1,-1,-1,-1,false
global-disease-crisis,seed-5,BAL,19,,PD_MECH_DEFERRED,-1,-1,-1,-1,-1,-1,-1,-1,-1,false
global-disease-crisis,seed-5,JPQ,19,,PD_MECH_DEFERRED,-1,-1,-1,-1,-1,-1,-1,-1,-1,false
global-disease-crisis,seed-5,CONSV,19,,PD_MECH_DEFERRED,-1,-1,-1,-1,-1,-1,-1,-1,-1,false
global-disease-crisis,seed-5,VAP,19,,PD_MECH_DEFERRED,-1,-1,-1,-1,-1,-1,-1,-1,-1,false
global-disease-crisis,seed-5,MASS,20,MASS-F1,PD_MECH_CONSIDERED,1,-1,-1,-1,-1,-1,-1,-1,-1,false
global-disease-crisis,seed-5,MASS,20,MASS-F1,PD_MECH_PAYBACK_UNATTRACTIVE,-1,5429.25,180.9749999999999,180974.9999999999,2500000,13.814062715844736,0.7916666666666666,1,9.5,false
global-disease-crisis,seed-5,MASS,20,,PD_MECH_DEFERRED,-1,-1,-1,-1,-1,-1,-1,-1,-1,false
global-disease-crisis,seed-5,BAL,20,,PD_MECH_DEFERRED,-1,-1,-1,-1,-1,-1,-1,-1,-1,false
global-disease-crisis,seed-5,JPQ,20,,PD_MECH_DEFERRED,-1,-1,-1,-1,-1,-1,-1,-1,-1,false
global-disease-crisis,seed-5,CONSV,20,,PD_MECH_DEFERRED,-1,-1,-1,-1,-1,-1,-1,-1,-1,false
global-disease-crisis,seed-5,VAP,20,,PD_MECH_DEFERRED,-1,-1,-1,-1,-1,-1,-1,-1,-1,false
global-disease-crisis,seed-5,MASS,21,MASS-F1,PD_MECH_CONSIDERED,1,-1,-1,-1,-1,-1,-1,-1,-1,false
global-disease-crisis,seed-5,MASS,21,MASS-F1,PD_MECH_PAYBACK_UNATTRACTIVE,-1,5429.25,180.9749999999999,180974.9999999999,2500000,13.814062715844736,0.7916666666666666,1,9.5,false
global-disease-crisis,seed-5,MASS,21,,PD_MECH_DEFERRED,-1,-1,-1,-1,-1,-1,-1,-1,-1,false
global-disease-crisis,seed-5,BAL,21,,PD_MECH_DEFERRED,-1,-1,-1,-1,-1,-1,-1,-1,-1,false
global-disease-crisis,seed-5,JPQ,21,,PD_MECH_DEFERRED,-1,-1,-1,-1,-1,-1,-1,-1,-1,false
global-disease-crisis,seed-5,CONSV,21,,PD_MECH_DEFERRED,-1,-1,-1,-1,-1,-1,-1,-1,-1,false
global-disease-crisis,seed-5,VAP,21,,PD_MECH_DEFERRED,-1,-1,-1,-1,-1,-1,-1,-1,-1,false
global-disease-crisis,seed-5,MASS,22,MASS-F1,PD_MECH_CONSIDERED,0.997780540590321,-1,-1,-1,-1,-1,-1,-1,-1,false
global-disease-crisis,seed-5,MASS,22,MASS-F1,PD_MECH_PAYBACK_UNATTRACTIVE,-1,5715.785826771654,190.52619422572184,190526.19422572185,2500000,13.121555333426638,0.7916666666666666,1,9.5,false
global-disease-crisis,seed-5,MASS,22,,PD_MECH_DEFERRED,-1,-1,-1,-1,-1,-1,-1,-1,-1,false
global-disease-crisis,seed-5,BAL,22,,PD_MECH_DEFERRED,-1,-1,-1,-1,-1,-1,-1,-1,-1,false
global-disease-crisis,seed-5,JPQ,22,,PD_MECH_DEFERRED,-1,-1,-1,-1,-1,-1,-1,-1,-1,false
global-disease-crisis,seed-5,CONSV,22,,PD_MECH_DEFERRED,-1,-1,-1,-1,-1,-1,-1,-1,-1,false
global-disease-crisis,seed-5,VAP,22,,PD_MECH_DEFERRED,-1,-1,-1,-1,-1,-1,-1,-1,-1,false
global-disease-crisis,seed-5,MASS,23,MASS-F1,PD_MECH_CONSIDERED,0.8660399755607925,-1,-1,-1,-1,-1,-1,-1,-1,false
global-disease-crisis,seed-5,MASS,23,MASS-F1,PD_MECH_PAYBACK_UNATTRACTIVE,-1,4961.11,165.3703333333334,165370.3333333334,2500000,15.117584572807289,0.7916666666666666,1,9.5,false
global-disease-crisis,seed-5,MASS,23,MASS-NEWF-MASS-CAPEX-4,PD_MECH_CONSIDERED,0,-1,-1,-1,-1,-1,-1,-1,-1,false
global-disease-crisis,seed-5,MASS,23,MASS-NEWF-MASS-CAPEX-4,PD_MECH_LOW_UTILIZATION,0,-1,-1,-1,-1,-1,-1,-1,-1,false
global-disease-crisis,seed-5,MASS,23,,PD_MECH_DEFERRED,-1,-1,-1,-1,-1,-1,-1,-1,-1,false
global-disease-crisis,seed-5,BAL,23,,PD_MECH_DEFERRED,-1,-1,-1,-1,-1,-1,-1,-1,-1,false
global-disease-crisis,seed-5,JPQ,23,,PD_MECH_DEFERRED,-1,-1,-1,-1,-1,-1,-1,-1,-1,false
global-disease-crisis,seed-5,CONSV,23,,PD_MECH_DEFERRED,-1,-1,-1,-1,-1,-1,-1,-1,-1,false
global-disease-crisis,seed-5,VAP,23,,PD_MECH_DEFERRED,-1,-1,-1,-1,-1,-1,-1,-1,-1,false
global-disease-crisis,seed-5,MASS,24,MASS-F1,PD_MECH_CONSIDERED,0.6743650170201624,-1,-1,-1,-1,-1,-1,-1,-1,false
global-disease-crisis,seed-5,MASS,24,MASS-F1,PD_MECH_PAYBACK_UNATTRACTIVE,-1,3863.1000000000004,128.7700000000001,128770.0000000001,2500000,19.41445988972585,0.7916666666666666,1,9.5,false
global-disease-crisis,seed-5,MASS,24,MASS-NEWF-MASS-CAPEX-4,PD_MECH_CONSIDERED,0.2622748538011696,-1,-1,-1,-1,-1,-1,-1,-1,false
global-disease-crisis,seed-5,MASS,24,MASS-NEWF-MASS-CAPEX-4,PD_MECH_LOW_UTILIZATION,0.2622748538011696,-1,-1,-1,-1,-1,-1,-1,-1,false
global-disease-crisis,seed-5,MASS,24,,PD_MECH_DEFERRED,-1,-1,-1,-1,-1,-1,-1,-1,-1,false
global-disease-crisis,seed-5,BAL,24,,PD_MECH_DEFERRED,-1,-1,-1,-1,-1,-1,-1,-1,-1,false
global-disease-crisis,seed-5,JPQ,24,,PD_MECH_DEFERRED,-1,-1,-1,-1,-1,-1,-1,-1,-1,false
global-disease-crisis,seed-5,CONSV,24,,PD_MECH_DEFERRED,-1,-1,-1,-1,-1,-1,-1,-1,-1,false
global-disease-crisis,seed-5,VAP,24,,PD_MECH_DEFERRED,-1,-1,-1,-1,-1,-1,-1,-1,-1,false
global-disease-crisis,seed-5,MASS,25,MASS-F1,PD_MECH_CONSIDERED,0.7715475255302436,-1,-1,-1,-1,-1,-1,-1,-1,false
global-disease-crisis,seed-5,MASS,25,MASS-F1,PD_MECH_PAYBACK_UNATTRACTIVE,-1,4419.81,147.327,147327,2500000,16.969055230880965,0.7916666666666666,1,9.5,false
global-disease-crisis,seed-5,MASS,25,MASS-NEWF-MASS-CAPEX-4,PD_MECH_CONSIDERED,0,-1,-1,-1,-1,-1,-1,-1,-1,false
global-disease-crisis,seed-5,MASS,25,MASS-NEWF-MASS-CAPEX-4,PD_MECH_LOW_UTILIZATION,0,-1,-1,-1,-1,-1,-1,-1,-1,false
global-disease-crisis,seed-5,MASS,25,,PD_MECH_DEFERRED,-1,-1,-1,-1,-1,-1,-1,-1,-1,false
global-disease-crisis,seed-5,BAL,25,,PD_MECH_DEFERRED,-1,-1,-1,-1,-1,-1,-1,-1,-1,false
global-disease-crisis,seed-5,JPQ,25,,PD_MECH_DEFERRED,-1,-1,-1,-1,-1,-1,-1,-1,-1,false
global-disease-crisis,seed-5,CONSV,25,,PD_MECH_DEFERRED,-1,-1,-1,-1,-1,-1,-1,-1,-1,false
global-disease-crisis,seed-5,VAP,25,,PD_MECH_DEFERRED,-1,-1,-1,-1,-1,-1,-1,-1,-1,false
global-disease-crisis,seed-5,MASS,26,MASS-F1,PD_MECH_CONSIDERED,0.9429553984463647,-1,-1,-1,-1,-1,-1,-1,-1,false
global-disease-crisis,seed-5,MASS,26,MASS-F1,PD_MECH_PAYBACK_UNATTRACTIVE,-1,5401.72,180.0573333333333,180057.3333333333,2500000,13.884466429211438,0.7916666666666666,1,9.5,false
global-disease-crisis,seed-5,MASS,26,MASS-NEWF-MASS-CAPEX-4,PD_MECH_CONSIDERED,0.9429561403508772,-1,-1,-1,-1,-1,-1,-1,-1,false
global-disease-crisis,seed-5,MASS,26,MASS-NEWF-MASS-CAPEX-4,PD_MECH_PAYBACK_UNATTRACTIVE,-1,6449.82,214.99399999999991,214993.9999999999,2500000,11.628231485529833,0.7916666666666666,1,9.5,false
global-disease-crisis,seed-5,MASS,26,,PD_MECH_DEFERRED,-1,-1,-1,-1,-1,-1,-1,-1,-1,false
global-disease-crisis,seed-5,BAL,26,,PD_MECH_DEFERRED,-1,-1,-1,-1,-1,-1,-1,-1,-1,false
global-disease-crisis,seed-5,JPQ,26,,PD_MECH_DEFERRED,-1,-1,-1,-1,-1,-1,-1,-1,-1,false
global-disease-crisis,seed-5,CONSV,26,,PD_MECH_DEFERRED,-1,-1,-1,-1,-1,-1,-1,-1,-1,false
global-disease-crisis,seed-5,VAP,26,,PD_MECH_DEFERRED,-1,-1,-1,-1,-1,-1,-1,-1,-1,false
global-disease-crisis,seed-5,MASS,27,MASS-F1,PD_MECH_CONSIDERED,0.7850711355503185,-1,-1,-1,-1,-1,-1,-1,-1,false
global-disease-crisis,seed-5,MASS,27,MASS-F1,PD_MECH_PAYBACK_UNATTRACTIVE,-1,4497.28,149.90933333333328,149909.33333333328,2500000,16.676746833641673,0.7916666666666666,1,9.5,false
global-disease-crisis,seed-5,MASS,27,MASS-NEWF-MASS-CAPEX-4,PD_MECH_CONSIDERED,0.3815847953216374,-1,-1,-1,-1,-1,-1,-1,-1,false
global-disease-crisis,seed-5,MASS,27,MASS-NEWF-MASS-CAPEX-4,PD_MECH_LOW_UTILIZATION,0.3815847953216374,-1,-1,-1,-1,-1,-1,-1,-1,false
global-disease-crisis,seed-5,MASS,27,,PD_MECH_DEFERRED,-1,-1,-1,-1,-1,-1,-1,-1,-1,false
global-disease-crisis,seed-5,BAL,27,,PD_MECH_DEFERRED,-1,-1,-1,-1,-1,-1,-1,-1,-1,false
global-disease-crisis,seed-5,JPQ,27,,PD_MECH_DEFERRED,-1,-1,-1,-1,-1,-1,-1,-1,-1,false
global-disease-crisis,seed-5,CONSV,27,,PD_MECH_DEFERRED,-1,-1,-1,-1,-1,-1,-1,-1,-1,false
global-disease-crisis,seed-5,VAP,27,,PD_MECH_DEFERRED,-1,-1,-1,-1,-1,-1,-1,-1,-1,false
global-disease-crisis,seed-5,MASS,28,MASS-F1,PD_MECH_CONSIDERED,0.8874679235401937,-1,-1,-1,-1,-1,-1,-1,-1,false
global-disease-crisis,seed-5,MASS,28,MASS-F1,PD_MECH_PAYBACK_UNATTRACTIVE,-1,5083.86,169.462,169462,2500000,14.752569897676175,0.7916666666666666,1,9.5,false
global-disease-crisis,seed-5,MASS,28,MASS-NEWF-MASS-CAPEX-4,PD_MECH_CONSIDERED,0.887469298245614,-1,-1,-1,-1,-1,-1,-1,-1,false
global-disease-crisis,seed-5,MASS,28,MASS-NEWF-MASS-CAPEX-4,PD_MECH_PAYBACK_UNATTRACTIVE,-1,6070.29,202.34299999999996,202342.99999999997,2500000,12.355258150763804,0.7916666666666666,1,9.5,false
global-disease-crisis,seed-5,MASS,28,,PD_MECH_DEFERRED,-1,-1,-1,-1,-1,-1,-1,-1,-1,false
global-disease-crisis,seed-5,BAL,28,,PD_MECH_DEFERRED,-1,-1,-1,-1,-1,-1,-1,-1,-1,false
global-disease-crisis,seed-5,JPQ,28,,PD_MECH_DEFERRED,-1,-1,-1,-1,-1,-1,-1,-1,-1,false
global-disease-crisis,seed-5,CONSV,28,,PD_MECH_DEFERRED,-1,-1,-1,-1,-1,-1,-1,-1,-1,false
global-disease-crisis,seed-5,VAP,28,,PD_MECH_DEFERRED,-1,-1,-1,-1,-1,-1,-1,-1,-1,false
global-disease-crisis,seed-5,MASS,29,MASS-F1,PD_MECH_CONSIDERED,0.751723836955573,-1,-1,-1,-1,-1,-1,-1,-1,false
global-disease-crisis,seed-5,MASS,29,MASS-F1,PD_MECH_PAYBACK_UNATTRACTIVE,-1,4306.25,143.54166666666663,143541.66666666663,2500000,17.416545718432516,0.7916666666666666,1,9.5,false
global-disease-crisis,seed-5,MASS,29,MASS-NEWF-MASS-CAPEX-4,PD_MECH_CONSIDERED,0.5035716374269006,-1,-1,-1,-1,-1,-1,-1,-1,false
global-disease-crisis,seed-5,MASS,29,MASS-NEWF-MASS-CAPEX-4,PD_MECH_PAYBACK_UNATTRACTIVE,-1,3444.43,114.81433333333337,114814.33333333337,2500000,21.774284859904245,0.7916666666666666,1,9.5,false
global-disease-crisis,seed-5,MASS,29,,PD_MECH_DEFERRED,-1,-1,-1,-1,-1,-1,-1,-1,-1,false
global-disease-crisis,seed-5,BAL,29,BAL-NEWF-BAL-CAPEX-6,PD_MECH_CONSIDERED,0,-1,-1,-1,-1,-1,-1,-1,-1,false
global-disease-crisis,seed-5,BAL,29,BAL-NEWF-BAL-CAPEX-6,PD_MECH_LOW_UTILIZATION,0,-1,-1,-1,-1,-1,-1,-1,-1,false
global-disease-crisis,seed-5,BAL,29,,PD_MECH_DEFERRED,-1,-1,-1,-1,-1,-1,-1,-1,-1,false
global-disease-crisis,seed-5,JPQ,29,,PD_MECH_DEFERRED,-1,-1,-1,-1,-1,-1,-1,-1,-1,false
global-disease-crisis,seed-5,CONSV,29,,PD_MECH_DEFERRED,-1,-1,-1,-1,-1,-1,-1,-1,-1,false
global-disease-crisis,seed-5,VAP,29,,PD_MECH_DEFERRED,-1,-1,-1,-1,-1,-1,-1,-1,-1,false
global-disease-crisis,seed-5,MASS,30,MASS-F1,PD_MECH_CONSIDERED,0.7148485641965611,-1,-1,-1,-1,-1,-1,-1,-1,false
global-disease-crisis,seed-5,MASS,30,MASS-F1,PD_MECH_PAYBACK_UNATTRACTIVE,-1,4095.01,136.5003333333334,136500.3333333334,2500000,18.314973589808073,0.7916666666666666,1,9.5,false
global-disease-crisis,seed-5,MASS,30,MASS-NEWF-MASS-CAPEX-4,PD_MECH_CONSIDERED,0.47731578947368425,-1,-1,-1,-1,-1,-1,-1,-1,false
global-disease-crisis,seed-5,MASS,30,MASS-NEWF-MASS-CAPEX-4,PD_MECH_LOW_UTILIZATION,0.47731578947368425,-1,-1,-1,-1,-1,-1,-1,-1,false
global-disease-crisis,seed-5,MASS,30,,PD_MECH_DEFERRED,-1,-1,-1,-1,-1,-1,-1,-1,-1,false
global-disease-crisis,seed-5,BAL,30,BAL-NEWF-BAL-CAPEX-6,PD_MECH_CONSIDERED,0.5616198830409357,-1,-1,-1,-1,-1,-1,-1,-1,false
global-disease-crisis,seed-5,BAL,30,BAL-NEWF-BAL-CAPEX-6,PD_MECH_PAYBACK_UNATTRACTIVE,-1,2881.11,96.03699999999998,96036.99999999997,2500000,26.031633641200795,1,1,12,false
global-disease-crisis,seed-5,BAL,30,,PD_MECH_DEFERRED,-1,-1,-1,-1,-1,-1,-1,-1,-1,false
global-disease-crisis,seed-5,JPQ,30,,PD_MECH_DEFERRED,-1,-1,-1,-1,-1,-1,-1,-1,-1,false
global-disease-crisis,seed-5,CONSV,30,,PD_MECH_DEFERRED,-1,-1,-1,-1,-1,-1,-1,-1,-1,false
global-disease-crisis,seed-5,VAP,30,,PD_MECH_DEFERRED,-1,-1,-1,-1,-1,-1,-1,-1,-1,false
global-disease-crisis,seed-5,MASS,31,MASS-F1,PD_MECH_CONSIDERED,0.7778179279043379,-1,-1,-1,-1,-1,-1,-1,-1,false
global-disease-crisis,seed-5,MASS,31,MASS-F1,PD_MECH_PAYBACK_UNATTRACTIVE,-1,4455.73,148.5243333333334,148524.3333333334,2500000,16.8322586871287,0.7916666666666666,1,9.5,false
global-disease-crisis,seed-5,MASS,31,MASS-NEWF-MASS-CAPEX-4,PD_MECH_CONSIDERED,0.5227997076023392,-1,-1,-1,-1,-1,-1,-1,-1,false
global-disease-crisis,seed-5,MASS,31,MASS-NEWF-MASS-CAPEX-4,PD_MECH_PAYBACK_UNATTRACTIVE,-1,3575.95,119.19833333333327,119198.33333333327,2500000,20.973447615319017,0.7916666666666666,1,9.5,false
global-disease-crisis,seed-5,MASS,31,,PD_MECH_DEFERRED,-1,-1,-1,-1,-1,-1,-1,-1,-1,false
global-disease-crisis,seed-5,BAL,31,BAL-NEWF-BAL-CAPEX-6,PD_MECH_CONSIDERED,0.6535750487329435,-1,-1,-1,-1,-1,-1,-1,-1,false
global-disease-crisis,seed-5,BAL,31,BAL-NEWF-BAL-CAPEX-6,PD_MECH_PAYBACK_UNATTRACTIVE,-1,4470.453333333333,149.01511111111108,149015.1111111111,2500000,16.776822037436922,1,1,12,false
global-disease-crisis,seed-5,BAL,31,,PD_MECH_DEFERRED,-1,-1,-1,-1,-1,-1,-1,-1,-1,false
global-disease-crisis,seed-5,JPQ,31,,PD_MECH_DEFERRED,-1,-1,-1,-1,-1,-1,-1,-1,-1,false
global-disease-crisis,seed-5,CONSV,31,,PD_MECH_DEFERRED,-1,-1,-1,-1,-1,-1,-1,-1,-1,false
global-disease-crisis,seed-5,VAP,31,,PD_MECH_DEFERRED,-1,-1,-1,-1,-1,-1,-1,-1,-1,false
global-disease-crisis,seed-5,MASS,32,MASS-F1,PD_MECH_CONSIDERED,0.7494352797416427,-1,-1,-1,-1,-1,-1,-1,-1,false
global-disease-crisis,seed-5,MASS,32,MASS-F1,PD_MECH_PAYBACK_UNATTRACTIVE,-1,4293.14,143.10466666666662,143104.66666666663,2500000,17.4697307798022,0.7916666666666666,1,9.5,false
global-disease-crisis,seed-5,MASS,32,MASS-NEWF-MASS-CAPEX-4,PD_MECH_CONSIDERED,0.6073654970760234,-1,-1,-1,-1,-1,-1,-1,-1,false
global-disease-crisis,seed-5,MASS,32,MASS-NEWF-MASS-CAPEX-4,PD_MECH_PAYBACK_UNATTRACTIVE,-1,4154.38,138.47933333333333,138479.33333333334,2500000,18.053235380489987,0.7916666666666666,1,9.5,false
global-disease-crisis,seed-5,MASS,32,MASS-NEWF-MASS-CAPEX-9,PD_MECH_CONSIDERED,0,-1,-1,-1,-1,-1,-1,-1,-1,false
global-disease-crisis,seed-5,MASS,32,MASS-NEWF-MASS-CAPEX-9,PD_MECH_LOW_UTILIZATION,0,-1,-1,-1,-1,-1,-1,-1,-1,false
global-disease-crisis,seed-5,MASS,32,,PD_MECH_DEFERRED,-1,-1,-1,-1,-1,-1,-1,-1,-1,false
global-disease-crisis,seed-5,BAL,32,BAL-NEWF-BAL-CAPEX-6,PD_MECH_CONSIDERED,0.8995014619883042,-1,-1,-1,-1,-1,-1,-1,-1,false
global-disease-crisis,seed-5,BAL,32,BAL-NEWF-BAL-CAPEX-6,PD_MECH_PAYBACK_UNATTRACTIVE,-1,6152.59,205.0863333333334,205086.3333333334,2500000,12.189988281357929,1,1,12,false
global-disease-crisis,seed-5,BAL,32,,PD_MECH_DEFERRED,-1,-1,-1,-1,-1,-1,-1,-1,-1,false
global-disease-crisis,seed-5,JPQ,32,,PD_MECH_DEFERRED,-1,-1,-1,-1,-1,-1,-1,-1,-1,false
global-disease-crisis,seed-5,CONSV,32,,PD_MECH_DEFERRED,-1,-1,-1,-1,-1,-1,-1,-1,-1,false
global-disease-crisis,seed-5,VAP,32,,PD_MECH_DEFERRED,-1,-1,-1,-1,-1,-1,-1,-1,-1,false
