scenario,seed,mode,companyId,turn,crisisState,spendUsd,paybackQuarters,currentDevelopmentScore
baseline,seed-1,OFF,BAL,2,NORMAL,500000,0.42352674105490346,50
baseline,seed-1,OFF,BAL,3,NORMAL,500000,0.4478914167880452,54
baseline,seed-1,OFF,JPQ,3,NORMAL,500000,0.5718804550246903,50
baseline,seed-1,OFF,CONSV,3,NORMAL,500000,0.4220150034774036,50
baseline,seed-1,OFF,BAL,4,NORMAL,500000,0.48511521001122554,57.68
baseline,seed-1,OFF,JPQ,4,NORMAL,500000,0.40439951080599973,54
baseline,seed-1,OFF,MASS,5,NORMAL,500000,1.1569788967049242,50
baseline,seed-1,OFF,BAL,5,NORMAL,500000,0.41907846322251224,61.0656
baseline,seed-1,OFF,JPQ,5,NORMAL,500000,0.3574962932996829,57.68
baseline,seed-1,OFF,CONSV,5,NORMAL,500000,0.42222829292678943,53.76
baseline,seed-1,OFF,VAP,5,NORMAL,500000,0.36032743097783926,50
baseline,seed-1,OFF,BAL,7,NORMAL,500000,0.39965629558579624,63.32953088
baseline,seed-1,OFF,VAP,7,NORMAL,500000,0.3834300548427676,53.76
baseline,seed-1,OFF,BAL,8,NORMAL,500000,0.4295488362662928,66.2631684096
baseline,seed-1,OFF,JPQ,8,NORMAL,500000,0.3762986631312655,59.777564160000004
baseline,seed-1,OFF,CONSV,8,NORMAL,500000,0.429500868450756,56.59094911999999
baseline,seed-1,OFF,VAP,8,NORMAL,500000,0.3913988689512044,57.459199999999996
baseline,seed-1,OFF,BAL,9,NORMAL,500000,0.42772550972048995,68.962114936832
baseline,seed-1,OFF,JPQ,9,NORMAL,500000,0.38226168182143105,62.9953590272
baseline,seed-1,OFF,CONSV,9,NORMAL,500000,0.4293279043388737,60.06367319039999
baseline,seed-1,OFF,BAL,10,NORMAL,500000,0.41834317694828693,71.44514574188544
baseline,seed-1,OFF,JPQ,10,NORMAL,500000,0.38322660089271865,65.955730305024
baseline,seed-1,OFF,CONSV,10,NORMAL,500000,0.460151141243853,63.25857933516799
baseline,seed-1,OFF,VAP,10,NORMAL,500000,0.37513508614452057,60.21071616
baseline,seed-1,OFF,BAL,11,NORMAL,500000,0.41707644427316504,73.7295340825346
baseline,seed-1,OFF,JPQ,11,NORMAL,500000,0.3762603498875094,68.67927188062208
baseline,seed-1,OFF,CONSV,11,NORMAL,500000,0.5479584165316862,66.19789298835455
baseline,seed-1,OFF,VAP,11,NORMAL,500000,0.3793113284210999,63.393858867199995
baseline,seed-1,OFF,BAL,12,NORMAL,500000,0.42066402657923585,75.83117135593183
baseline,seed-1,OFF,JPQ,12,NORMAL,500000,0.3762603498875094,71.18493013017232
baseline,seed-1,OFF,VAP,12,NORMAL,500000,0.3911588095378912,66.32235015782399
baseline,seed-1,OFF,BAL,13,NORMAL,500000,0.4183935861936811,77.76467764745729
baseline,seed-1,OFF,JPQ,13,NORMAL,500000,0.36925554684604805,73.49013571975853
baseline,seed-1,OFF,CONSV,13,NORMAL,500000,0.4285101516197469,67.76793785632901
baseline,seed-1,OFF,VAP,13,NORMAL,500000,0.37771071649909904,69.01656214519807
baseline,seed-1,OFF,BAL,14,NORMAL,500000,0.4156389992410432,79.54350343566071
baseline,seed-1,OFF,JPQ,14,NORMAL,500000,0.35930203137152267,75.61092486217784
baseline,seed-1,OFF,CONSV,14,NORMAL,500000,0.4543686638289829,70.34650282782269
baseline,seed-1,OFF,VAP,14,NORMAL,500000,0.36904606905412896,71.49523717358223
baseline,seed-1,OFF,BAL,15,NORMAL,500000,0.4243203448875763,81.18002316080785
baseline,seed-1,OFF,JPQ,15,NORMAL,500000,0.3580208777726748,77.56205087320362
baseline,seed-1,OFF,CONSV,15,NORMAL,500000,0.4559799259397404,72.71878260159687
baseline,seed-1,OFF,VAP,15,NORMAL,500000,0.38229070424981865,73.77561819969564
baseline,seed-1,OFF,BAL,16,NORMAL,500000,0.4263206988931009,82.68562130794322
baseline,seed-1,OFF,JPQ,16,NORMAL,500000,0.383775035372545,79.35708680334733
baseline,seed-1,OFF,CONSV,16,NORMAL,500000,0.44714680097764176,74.90127999346912
baseline,seed-1,OFF,VAP,16,NORMAL,500000,0.38743904034139265,75.87356874371999
baseline,seed-1,OFF,BAL,17,NORMAL,500000,0.4193906086699782,84.07077160330776
baseline,seed-1,OFF,JPQ,17,NORMAL,500000,0.4037927444904499,81.00851985907954
baseline,seed-1,OFF,CONSV,17,NORMAL,500000,0.4436832811266006,76.90917759399159
baseline,seed-1,OFF,VAP,17,NORMAL,500000,0.38044755241349837,77.80368324422238
baseline,seed-1,OFF,BAL,18,NORMAL,500000,0.4177350239905224,85.34510987504314
baseline,seed-1,OFF,JPQ,18,NORMAL,500000,0.3764491882061481,82.52783827035317
baseline,seed-1,OFF,CONSV,18,NORMAL,500000,0.4456069835526462,78.75644338647226
baseline,seed-1,OFF,VAP,18,NORMAL,500000,0.37670753993702655,79.5793885846846
baseline,seed-1,OFF,BAL,19,NORMAL,500000,0.4197042763668719,86.51750108503968
baseline,seed-1,OFF,JPQ,19,NORMAL,500000,0.37276309526072726,83.92561120872492
baseline,seed-1,OFF,CONSV,19,NORMAL,500000,0.4471034181503421,80.45592791555447
baseline,seed-1,OFF,VAP,19,NORMAL,500000,0.3765470813383868,81.21303749790982
baseline,seed-1,OFF,MASS,20,NORMAL,500000,0.5893324925523106,51.6820927606795
baseline,seed-1,OFF,BAL,20,NORMAL,500000,0.4172570854425679,87.59610099823651
baseline,seed-1,OFF,JPQ,20,NORMAL,500000,0.35974478841322477,85.21156231202693
baseline,seed-1,OFF,CONSV,20,NORMAL,500000,0.4469523437063523,82.01945368231011
baseline,seed-1,OFF,VAP,20,NORMAL,500000,0.3740883093812071,82.71599449807704
baseline,seed-1,OFF,BAL,21,NORMAL,500000,0.3930863964590777,88.58841291837759
baseline,seed-1,OFF,JPQ,21,NORMAL,500000,0.35673706872718,86.39463732706477
baseline,seed-1,OFF,CONSV,21,NORMAL,500000,0.4463713800954967,83.45789738772531
baseline,seed-1,OFF,VAP,21,NORMAL,500000,0.37147124604531706,84.09871493823087
baseline,seed-1,OFF,BAL,22,NORMAL,500000,0.3929677632825069,89.50133988490738
baseline,seed-1,OFF,JPQ,22,NORMAL,500000,0.36110975093104924,87.48306634089958
baseline,seed-1,OFF,CONSV,22,NORMAL,500000,0.4462974715463047,84.78126559670729
baseline,seed-1,OFF,VAP,22,NORMAL,500000,0.3738322229020984,85.3708177431724
baseline,seed-1,OFF,MASS,23,NORMAL,500000,0.5893932785590513,54.901793390269496
baseline,seed-1,OFF,JPQ,23,NORMAL,500000,0.36667389014230245,88.48442103362761
baseline,seed-1,OFF,CONSV,23,NORMAL,500000,0.4476512188199735,85.9987643489707
baseline,seed-1,OFF,VAP,23,NORMAL,500000,0.38423611401422836,86.5411523237186
baseline,seed-1,OFF,MASS,24,NORMAL,500000,0.5893932785590513,58.50964991904794
baseline,seed-1,OFF,BAL,24,NORMAL,500000,0.3928890229950087,87.9207587324679
baseline,seed-1,OFF,JPQ,24,NORMAL,500000,0.36283406495194187,89.4056673509374
baseline,seed-1,OFF,CONSV,24,NORMAL,500000,0.4469062024324211,87.11886320105305
baseline,seed-1,OFF,VAP,24,NORMAL,500000,0.3768816570491492,87.61786013782111
baseline,seed-1,OFF,MASS,25,NORMAL,500000,0.5893932785590513,61.828877925524104
baseline,seed-1,OFF,BAL,25,NORMAL,500000,0.3928890229950087,88.88709803387047
baseline,seed-1,OFF,CONSV,25,NORMAL,500000,0.4461762030137418,88.1493541449688
baseline,seed-1,OFF,VAP,25,NORMAL,500000,0.3699030321395428,88.60843132679543
baseline,seed-1,OFF,MASS,26,NORMAL,500000,0.5893932785590513,64.88256769148218
baseline,seed-1,OFF,BAL,26,NORMAL,500000,0.3928890229950087,89.77613019116083
baseline,seed-1,OFF,JPQ,26,NORMAL,500000,0.36075723231669055,87.83802112509068
baseline,seed-1,OFF,CONSV,26,NORMAL,500000,0.4462667997136752,89.0974058133713
baseline,seed-1,OFF,VAP,26,NORMAL,500000,0.37142797714380793,89.51975682065179
baseline,seed-1,OFF,MASS,27,NORMAL,500000,0.5893932785590513,67.69196227616361
baseline,seed-1,OFF,JPQ,27,NORMAL,500000,0.3425387188640868,88.81097943508342
baseline,seed-1,OFF,CONSV,27,NORMAL,500000,0.44672592337131545,89.96961334830159
baseline,seed-1,OFF,MASS,28,NORMAL,500000,0.5893324925523106,70.27660529407052
baseline,seed-1,OFF,BAL,28,NORMAL,500000,0.42379381922142295,88.1583973893159
baseline,seed-1,OFF,JPQ,28,NORMAL,500000,0.3402319442819837,89.70610108027675
baseline,seed-1,OFF,VAP,28,NORMAL,500000,0.3746581244614289,87.93668569849967
baseline,seed-1,OFF,MASS,29,NORMAL,500000,0.5893324925523106,72.65447687054488
baseline,seed-1,OFF,BAL,29,NORMAL,500000,0.42379381922142295,89.10572559817062
baseline,seed-1,OFF,CONSV,29,NORMAL,500000,0.43087921766122206,88.32572162361123
baseline,seed-1,OFF,VAP,29,NORMAL,500000,0.3718324707315789,88.9017508426197
baseline,seed-1,OFF,MASS,30,NORMAL,500000,0.5893324925523106,74.8421187209013
baseline,seed-1,OFF,JPQ,30,NORMAL,500000,0.34016319805655243,88.09783621422334
baseline,seed-1,OFF,CONSV,30,NORMAL,500000,0.4263221528927663,89.25966389372233
baseline,seed-1,OFF,VAP,30,NORMAL,500000,0.37101125796561163,89.78961077521012
baseline,seed-1,OFF,MASS,31,NORMAL,500000,0.5660446779064272,76.85474922322919
baseline,seed-1,OFF,JPQ,31,NORMAL,500000,0.34016319805655243,89.05000931708547
baseline,seed-1,OFF,JPQ,32,NORMAL,500000,0.34016319805655243,89.92600857171863
baseline,seed-1,OFF,CONSV,32,NORMAL,500000,0.4328623934779757,87.71175733529108
baseline,seed-1,OFF,VAP,32,NORMAL,500000,0.37351631847973477,88.1700553984017
baseline,seed-1,ON,BAL,2,NORMAL,500000,0.42352674105490346,50
baseline,seed-1,ON,BAL,3,NORMAL,500000,0.4457400622253127,54
baseline,seed-1,ON,JPQ,3,NORMAL,500000,0.4390814451294407,50
baseline,seed-1,ON,CONSV,3,NORMAL,500000,0.4827363815239409,50
baseline,seed-1,ON,BAL,4,NORMAL,500000,0.472834700771288,57.68
baseline,seed-1,ON,JPQ,4,NORMAL,500000,0.3957652171923893,54
baseline,seed-1,ON,CONSV,4,NORMAL,500000,0.44800358402867224,54
baseline,seed-1,ON,MASS,5,NORMAL,500000,1.1428440817819225,50
baseline,seed-1,ON,BAL,5,NORMAL,500000,0.4167969157028238,61.0656
baseline,seed-1,ON,CONSV,5,NORMAL,500000,0.4213341715074452,57.68
baseline,seed-1,ON,VAP,5,NORMAL,500000,0.350899650560092,50
baseline,seed-1,ON,CONSV,6,NORMAL,500000,0.44800358402867224,61.0656
baseline,seed-1,ON,BAL,7,NORMAL,500000,0.44398506789419656,63.32953088
baseline,seed-1,ON,VAP,7,NORMAL,500000,0.3508286432221449,53.76
baseline,seed-1,ON,BAL,8,NORMAL,500000,0.41439165647263193,66.2631684096
baseline,seed-1,ON,JPQ,8,NORMAL,500000,0.35742376669320897,56.37888512
baseline,seed-1,ON,CONSV,8,NORMAL,500000,0.4213764260958421,63.32953088
baseline,seed-1,ON,VAP,8,NORMAL,500000,0.3508286432221449,57.459199999999996
baseline,seed-1,ON,BAL,9,NORMAL,500000,0.3953100416656784,68.962114936832
baseline,seed-1,ON,JPQ,9,NORMAL,500000,0.35742376669320897,59.8685743104
baseline,seed-1,ON,CONSV,9,NORMAL,500000,0.4401956757817985,66.2631684096
baseline,seed-1,ON,VAP,9,NORMAL,500000,0.3508286432221449,60.862463999999996
baseline,seed-1,ON,BAL,10,NORMAL,500000,0.41063343492404514,71.44514574188544
baseline,seed-1,ON,JPQ,10,NORMAL,500000,0.35731587459384795,63.079088365568
baseline,seed-1,ON,CONSV,10,NORMAL,500000,0.4212074585731934,68.962114936832
baseline,seed-1,ON,VAP,10,NORMAL,500000,0.3508286432221449,63.99346688
baseline,seed-1,ON,BAL,11,NORMAL,500000,0.47316223786812023,73.7295340825346
baseline,seed-1,ON,JPQ,11,NORMAL,500000,0.3572072054694424,66.03276129632256
baseline,seed-1,ON,CONSV,11,NORMAL,500000,0.39639046839479697,71.44514574188544
baseline,seed-1,ON,VAP,11,NORMAL,500000,0.3508286432221449,66.8739895296
baseline,seed-1,ON,BAL,12,NORMAL,500000,0.3999756814785661,75.83117135593183
baseline,seed-1,ON,JPQ,12,NORMAL,500000,0.3572072054694424,68.75014039261676
baseline,seed-1,ON,CONSV,12,NORMAL,500000,0.41661215990907857,73.7295340825346
baseline,seed-1,ON,VAP,12,NORMAL,500000,0.3508286432221449,69.524070367232
baseline,seed-1,ON,BAL,13,NORMAL,500000,0.3940399099382382,77.76467764745729
baseline,seed-1,ON,JPQ,13,NORMAL,500000,0.3572072054694424,71.25012916120741
baseline,seed-1,ON,CONSV,13,NORMAL,500000,0.39643006795207797,75.83117135593183
baseline,seed-1,ON,VAP,13,NORMAL,500000,0.3508286432221449,71.96214473785344
baseline,seed-1,ON,BAL,14,NORMAL,500000,0.41412703263900796,79.54350343566071
baseline,seed-1,ON,JPQ,14,NORMAL,500000,0.3572072054694424,73.55011882831081
baseline,seed-1,ON,CONSV,14,NORMAL,500000,0.3962706179602525,77.76467764745729
baseline,seed-1,ON,VAP,14,NORMAL,500000,0.3508286432221449,74.20517315882516
baseline,seed-1,ON,BAL,15,NORMAL,500000,0.44410337305393904,81.18002316080785
baseline,seed-1,ON,JPQ,15,NORMAL,500000,0.34033511573640146,75.66610932204595
baseline,seed-1,ON,CONSV,15,NORMAL,500000,0.3962299512597537,79.54350343566071
baseline,seed-1,ON,VAP,15,NORMAL,500000,0.3368299878929829,76.26875930611915
baseline,seed-1,ON,MASS,16,NORMAL,500000,0.837692826417481,52.154460456379596
baseline,seed-1,ON,BAL,16,NORMAL,500000,0.4493089628151902,82.68562130794322
baseline,seed-1,ON,JPQ,16,NORMAL,500000,0.3402319442819837,77.61282057628227
baseline,seed-1,ON,CONSV,16,NORMAL,500000,0.4094231187314762,81.18002316080785
baseline,seed-1,ON,VAP,16,NORMAL,500000,0.33679568276433275,78.16725856162962
baseline,seed-1,ON,BAL,17,NORMAL,500000,0.4295632287003221,84.07077160330776
baseline,seed-1,ON,JPQ,17,NORMAL,500000,0.3401975676962542,79.40379493017969
baseline,seed-1,ON,CONSV,17,NORMAL,500000,0.3973242595067776,82.68562130794322
baseline,seed-1,ON,VAP,17,NORMAL,500000,0.33679568276433275,79.91387787669925
baseline,seed-1,ON,BAL,18,NORMAL,500000,0.4283785358364348,85.34510987504314
baseline,seed-1,ON,JPQ,18,NORMAL,500000,0.3401975676962542,81.0514913357653
baseline,seed-1,ON,CONSV,18,NORMAL,500000,0.39148167200256184,84.07077160330776
baseline,seed-1,ON,VAP,18,NORMAL,500000,0.33679568276433275,81.5207676465633
baseline,seed-1,ON,BAL,19,NORMAL,500000,0.4283785358364348,86.51750108503968
baseline,seed-1,ON,JPQ,19,NORMAL,500000,0.3401975676962542,82.56737202890409
baseline,seed-1,ON,CONSV,19,NORMAL,500000,0.393673819195063,85.34510987504314
baseline,seed-1,ON,VAP,19,NORMAL,500000,0.33679568276433275,82.99910623483824
baseline,seed-1,ON,BAL,20,NORMAL,500000,0.42764539301894555,87.59610099823651
baseline,seed-1,ON,JPQ,20,NORMAL,500000,0.34026632781584676,83.96198226659176
baseline,seed-1,ON,CONSV,20,NORMAL,500000,0.39282188709277627,86.51750108503968
baseline,seed-1,ON,VAP,20,NORMAL,500000,0.33679568276433275,84.35917773605118
baseline,seed-1,ON,MASS,21,NORMAL,500000,0.6690619082983749,54.67052117982514
baseline,seed-1,ON,BAL,21,NORMAL,500000,0.42794626022042653,88.58841291837759
baseline,seed-1,ON,JPQ,21,NORMAL,500000,0.3248978797229349,85.24502368526441
baseline,seed-1,ON,CONSV,21,NORMAL,500000,0.3900280742207824,87.59610099823651
baseline,seed-1,ON,VAP,21,NORMAL,500000,0.3239725986567837,85.61044351716708
baseline,seed-1,ON,MASS,22,NORMAL,500000,0.668918692932874,58.29687948543913
baseline,seed-1,ON,BAL,22,NORMAL,500000,0.4282486514449966,89.50133988490738
baseline,seed-1,ON,JPQ,22,NORMAL,500000,0.3247669553520133,86.42542179044327
baseline,seed-1,ON,CONSV,22,NORMAL,500000,0.39133046488102574,88.58841291837759
baseline,seed-1,ON,VAP,22,NORMAL,500000,0.32387447143686254,86.76160803579371
baseline,seed-1,ON,MASS,23,NORMAL,500000,0.668918692932874,61.633129126604
baseline,seed-1,ON,JPQ,23,NORMAL,500000,0.3247342407447169,87.5113880472078
baseline,seed-1,ON,CONSV,23,NORMAL,500000,0.3953034784334281,89.50133988490738
baseline,seed-1,ON,VAP,23,NORMAL,500000,0.32384216709996744,87.82067939293022
baseline,seed-1,ON,MASS,24,NORMAL,500000,0.668918692932874,64.70247879647567
baseline,seed-1,ON,BAL,24,NORMAL,500000,0.4282486514449966,87.9207587324679
baseline,seed-1,ON,JPQ,24,NORMAL,500000,0.3247342407447169,88.51047700343118
baseline,seed-1,ON,VAP,24,NORMAL,500000,0.32384216709996744,88.7950250414958
baseline,seed-1,ON,MASS,25,NORMAL,500000,0.668918692932874,67.52628049275762
baseline,seed-1,ON,BAL,25,NORMAL,500000,0.4282486514449966,88.88709803387047
baseline,seed-1,ON,JPQ,25,NORMAL,500000,0.32479967655149006,89.42963884315668
baseline,seed-1,ON,CONSV,25,NORMAL,500000,0.37429296059743145,87.9207587324679
baseline,seed-1,ON,VAP,25,NORMAL,500000,0.32384216709996744,89.69142303817614
baseline,seed-1,ON,MASS,26,NORMAL,500000,0.7689971124158429,70.124178053337
baseline,seed-1,ON,BAL,26,NORMAL,500000,0.4282486514449966,89.77613019116083
baseline,seed-1,ON,CONSV,26,NORMAL,500000,0.37418021791507533,88.88709803387047
baseline,seed-1,ON,MASS,27,NORMAL,500000,0.6210447214303902,72.51424380907004
baseline,seed-1,ON,JPQ,27,NORMAL,500000,0.3107403936782477,87.85875167156189
baseline,seed-1,ON,CONSV,27,NORMAL,500000,0.3786060331628597,89.77613019116083
baseline,seed-1,ON,VAP,27,NORMAL,500000,0.3119734667814396,88.08514264341473
baseline,seed-1,ON,BAL,28,NORMAL,500000,0.4282486514449966,88.1583973893159
baseline,seed-1,ON,JPQ,28,NORMAL,500000,0.310646739796637,88.83005153783694
baseline,seed-1,ON,VAP,28,NORMAL,500000,0.3118792044435551,89.03833123194156
baseline,seed-1,ON,JPQ,29,NORMAL,500000,0.31061553437985917,89.72364741480999
baseline,seed-1,ON,CONSV,29,NORMAL,500000,0.3769894676682523,88.1583973893159
baseline,seed-1,ON,VAP,29,NORMAL,500000,0.3118481593848458,89.91526473338624
baseline,seed-1,ON,CONSV,30,NORMAL,500000,0.3760160423484308,89.10572559817062
baseline,seed-1,ON,JPQ,31,NORMAL,500000,0.310677951484034,88.11301028432769
baseline,seed-1,ON,CONSV,31,NORMAL,500000,0.3771845586676634,89.97726755031697
baseline,seed-1,ON,VAP,31,NORMAL,500000,0.3118481593848458,88.27872094143243
baseline,seed-1,ON,JPQ,32,NORMAL,500000,0.310677951484034,89.06396946158146
baseline,seed-1,ON,VAP,32,NORMAL,500000,0.3118481593848458,89.21642326611783
baseline,seed-2,OFF,BAL,2,NORMAL,500000,0.42352674105490346,50
baseline,seed-2,OFF,BAL,3,NORMAL,500000,0.4478914167880452,54
baseline,seed-2,OFF,JPQ,3,NORMAL,500000,0.519262725857217,50
baseline,seed-2,OFF,CONSV,3,NORMAL,500000,0.4220150034774036,50
baseline,seed-2,OFF,BAL,4,NORMAL,500000,0.5271392364493588,57.68
baseline,seed-2,OFF,JPQ,4,NORMAL,500000,0.40439951080599973,54
baseline,seed-2,OFF,CONSV,4,NORMAL,500000,0.6716841472465988,54
baseline,seed-2,OFF,MASS,5,NORMAL,500000,1.092926036230498,50
baseline,seed-2,OFF,BAL,5,NORMAL,500000,0.3966572896883384,61.0656
baseline,seed-2,OFF,JPQ,5,NORMAL,500000,0.3574962932996829,57.68
baseline,seed-2,OFF,CONSV,5,NORMAL,500000,0.42855385786325617,57.68
baseline,seed-2,OFF,VAP,5,NORMAL,500000,0.3603637886861338,50
baseline,seed-2,OFF,CONSV,6,NORMAL,500000,0.4825423418841445,61.0656
baseline,seed-2,OFF,MASS,7,LIQUIDITY_STRESS,500000,1.1055404157937503,53.76
baseline,seed-2,OFF,BAL,7,NORMAL,500000,0.39292792601638665,63.32953088
baseline,seed-2,OFF,VAP,7,NORMAL,500000,0.382230969025837,53.76
baseline,seed-2,OFF,BAL,8,NORMAL,500000,0.4484771509861116,66.2631684096
baseline,seed-2,OFF,JPQ,8,NORMAL,500000,0.3810858263205919,59.777564160000004
baseline,seed-2,OFF,CONSV,8,NORMAL,500000,0.44635185470354427,63.32953088
baseline,seed-2,OFF,VAP,8,NORMAL,500000,0.39047198379135173,57.459199999999996
baseline,seed-2,OFF,MASS,9,NORMAL,500000,0.8565237128589905,57.011647999999994
baseline,seed-2,OFF,BAL,9,NORMAL,500000,0.4475306155694111,68.962114936832
baseline,seed-2,OFF,JPQ,9,NORMAL,500000,0.39893299784663944,62.9953590272
baseline,seed-2,OFF,CONSV,9,NORMAL,500000,0.44635185470354427,66.2631684096
baseline,seed-2,OFF,BAL,10,NORMAL,500000,0.4404917650064532,71.44514574188544
baseline,seed-2,OFF,JPQ,10,NORMAL,500000,0.39069126490125783,65.955730305024
baseline,seed-2,OFF,CONSV,10,NORMAL,500000,0.4281236112740359,68.962114936832
baseline,seed-2,OFF,VAP,10,NORMAL,500000,0.37367264004802137,60.21071616
baseline,seed-2,OFF,MASS,11,NORMAL,500000,0.6602599443400867,59.823673190399994
baseline,seed-2,OFF,BAL,11,NORMAL,500000,0.41443390400881913,73.7295340825346
baseline,seed-2,OFF,JPQ,11,NORMAL,500000,0.3762986631312655,68.67927188062208
baseline,seed-2,OFF,CONSV,11,NORMAL,500000,0.4280799927397633,71.44514574188544
baseline,seed-2,OFF,VAP,11,NORMAL,500000,0.37729812286637904,63.393858867199995
baseline,seed-2,OFF,BAL,12,NORMAL,500000,0.39316614336252986,75.83117135593183
baseline,seed-2,OFF,JPQ,12,NORMAL,500000,0.3762603498875094,71.18493013017232
baseline,seed-2,OFF,CONSV,12,NORMAL,500000,0.4543151993421516,73.7295340825346
baseline,seed-2,OFF,VAP,12,NORMAL,500000,0.38364011242803675,66.32235015782399
baseline,seed-2,OFF,BAL,13,NORMAL,500000,0.3929677632825069,77.76467764745729
baseline,seed-2,OFF,JPQ,13,NORMAL,500000,0.36925554684604805,73.49013571975853
baseline,seed-2,OFF,CONSV,13,NORMAL,500000,0.41635717450028814,75.83117135593183
baseline,seed-2,OFF,VAP,13,NORMAL,500000,0.3769079078294325,69.01656214519807
baseline,seed-2,OFF,MASS,14,NORMAL,500000,0.649772579597141,61.52018182055444
baseline,seed-2,OFF,BAL,14,NORMAL,500000,0.41450605386091666,79.54350343566071
baseline,seed-2,OFF,JPQ,14,NORMAL,500000,0.35930203137152267,75.61092486217784
baseline,seed-2,OFF,CONSV,14,NORMAL,500000,0.3993713894330324,77.76467764745729
baseline,seed-2,OFF,VAP,14,NORMAL,500000,0.3837761547287209,71.49523717358223
baseline,seed-2,OFF,BAL,15,NORMAL,500000,0.465866866430379,81.18002316080785
baseline,seed-2,OFF,JPQ,15,NORMAL,500000,0.3578441550057781,77.56205087320362
baseline,seed-2,OFF,CONSV,15,NORMAL,500000,0.3993312001060624,79.54350343566071
baseline,seed-2,OFF,VAP,15,NORMAL,500000,0.38949339995643906,73.77561819969564
baseline,seed-2,OFF,MASS,16,NORMAL,500000,0.5893932785590513,63.722653238415475
baseline,seed-2,OFF,BAL,16,NORMAL,500000,0.44836494754578476,82.68562130794322
baseline,seed-2,OFF,JPQ,16,NORMAL,500000,0.3837847563151014,79.35708680334733
baseline,seed-2,OFF,CONSV,16,NORMAL,500000,0.48632881079961215,81.18002316080785
baseline,seed-2,OFF,VAP,16,NORMAL,500000,0.38474110617069324,75.87356874371999
baseline,seed-2,OFF,MASS,17,NORMAL,500000,0.5893932785590513,66.62484097934224
baseline,seed-2,OFF,BAL,17,NORMAL,500000,0.42842148105306,84.07077160330776
baseline,seed-2,OFF,JPQ,17,NORMAL,500000,0.40139866562238785,81.00851985907954
baseline,seed-2,OFF,CONSV,17,NORMAL,500000,0.45761438300310353,82.68562130794322
baseline,seed-2,OFF,VAP,17,NORMAL,500000,0.3717674448899375,77.80368324422238
baseline,seed-2,OFF,MASS,18,NORMAL,500000,0.5893932785590513,69.29485370099486
baseline,seed-2,OFF,BAL,18,NORMAL,500000,0.4110983396560258,85.34510987504314
baseline,seed-2,OFF,JPQ,18,NORMAL,500000,0.3725431246607529,82.52783827035317
baseline,seed-2,OFF,CONSV,18,NORMAL,500000,0.42788766408422196,84.07077160330776
baseline,seed-2,OFF,VAP,18,NORMAL,500000,0.3673628928211412,79.5793885846846
baseline,seed-2,OFF,MASS,19,NORMAL,500000,0.5893932785590513,71.75126540491527
baseline,seed-2,OFF,BAL,19,NORMAL,500000,0.410974667521494,86.51750108503968
baseline,seed-2,OFF,JPQ,19,NORMAL,500000,0.3726045069943082,83.92561120872492
baseline,seed-2,OFF,CONSV,19,NORMAL,500000,0.4109093135472281,85.34510987504314
baseline,seed-2,OFF,VAP,19,NORMAL,500000,0.3769564416276918,81.21303749790982
baseline,seed-2,OFF,BAL,20,NORMAL,500000,0.410974667521494,87.59610099823651
baseline,seed-2,OFF,JPQ,20,NORMAL,500000,0.3791366845376534,85.21156231202693
baseline,seed-2,OFF,CONSV,20,NORMAL,500000,0.39154712406679637,86.51750108503968
baseline,seed-2,OFF,VAP,20,NORMAL,500000,0.37905126198294753,82.71599449807704
baseline,seed-2,OFF,MASS,21,NORMAL,500000,0.5893932785590513,72.57049432217073
baseline,seed-2,OFF,BAL,21,NORMAL,500000,0.410974667521494,88.58841291837759
baseline,seed-2,OFF,JPQ,21,NORMAL,500000,0.3817185227462632,86.39463732706477
baseline,seed-2,OFF,CONSV,21,NORMAL,500000,0.39094921296059193,87.59610099823651
baseline,seed-2,OFF,VAP,21,NORMAL,500000,0.3762012104650147,84.09871493823087
baseline,seed-2,OFF,MASS,22,NORMAL,500000,0.5893932785590513,74.76485477639707
baseline,seed-2,OFF,BAL,22,NORMAL,500000,0.410974667521494,89.50133988490738
baseline,seed-2,OFF,JPQ,22,NORMAL,500000,0.3819061424409088,87.48306634089958
baseline,seed-2,OFF,CONSV,22,NORMAL,500000,0.3974768171646389,88.58841291837759
baseline,seed-2,OFF,VAP,22,NORMAL,500000,0.3756590938802128,85.3708177431724
baseline,seed-2,OFF,MASS,23,NORMAL,500000,0.5547788651443535,76.7836663942853
baseline,seed-2,OFF,JPQ,23,NORMAL,500000,0.3827532019601863,88.48442103362761
baseline,seed-2,OFF,CONSV,23,NORMAL,500000,0.4017287190237028,89.50133988490738
baseline,seed-2,OFF,VAP,23,NORMAL,500000,0.37986242902270506,86.5411523237186
baseline,seed-2,OFF,MASS,24,NORMAL,500000,0.5548896879300395,78.64097308274248
baseline,seed-2,OFF,BAL,24,NORMAL,500000,0.410974667521494,87.9207587324679
baseline,seed-2,OFF,JPQ,24,NORMAL,500000,0.3799934078743602,89.4056673509374
baseline,seed-2,OFF,VAP,24,NORMAL,500000,0.37602613772724386,87.61786013782111
baseline,seed-2,OFF,MASS,25,NORMAL,500000,0.5547788651443535,80.34969523612308
baseline,seed-2,OFF,BAL,25,NORMAL,500000,0.410974667521494,88.88709803387047
baseline,seed-2,OFF,CONSV,25,NORMAL,500000,0.39567793082600144,87.9207587324679
baseline,seed-2,OFF,VAP,25,NORMAL,500000,0.3750295148228165,88.60843132679543
baseline,seed-2,OFF,BAL,26,NORMAL,500000,0.410974667521494,89.77613019116083
baseline,seed-2,OFF,JPQ,26,NORMAL,500000,0.3794509693568298,87.83802112509068
baseline,seed-2,OFF,CONSV,26,NORMAL,500000,0.39648398006478547,88.88709803387047
baseline,seed-2,OFF,VAP,26,NORMAL,500000,0.37523046655255654,89.51975682065179
baseline,seed-2,OFF,JPQ,27,NORMAL,500000,0.35965768644582535,88.81097943508342
baseline,seed-2,OFF,CONSV,27,NORMAL,500000,0.398179206126226,89.77613019116083
baseline,seed-2,OFF,BAL,28,NORMAL,500000,0.410974667521494,88.1583973893159
baseline,seed-2,OFF,JPQ,28,NORMAL,500000,0.3572434211659153,89.70610108027675
baseline,seed-2,OFF,VAP,28,NORMAL,500000,0.3719664646938358,87.93668569849967
baseline,seed-2,OFF,CONSV,29,NORMAL,500000,0.38290673693771105,88.1583973893159
baseline,seed-2,OFF,VAP,29,NORMAL,500000,0.37363042033123384,88.9017508426197
baseline,seed-2,OFF,JPQ,30,NORMAL,500000,0.35717183908637157,88.09783621422334
baseline,seed-2,OFF,CONSV,30,NORMAL,500000,0.37876162372078,89.10572559817062
baseline,seed-2,OFF,VAP,30,NORMAL,500000,0.3729445162984212,89.78961077521012
baseline,seed-2,OFF,JPQ,31,NORMAL,500000,0.35717183908637157,89.05000931708547
baseline,seed-2,OFF,CONSV,31,NORMAL,500000,0.3825652761566574,89.97726755031697
baseline,seed-2,OFF,JPQ,32,NORMAL,500000,0.35717183908637157,89.92600857171863
baseline,seed-2,OFF,VAP,32,NORMAL,500000,0.37567173863585474,88.1700553984017
baseline,seed-2,ON,BAL,2,NORMAL,500000,0.42352674105490346,50
baseline,seed-2,ON,BAL,3,NORMAL,500000,0.4457400622253127,54
baseline,seed-2,ON,JPQ,3,NORMAL,500000,0.3990044360515191,50
baseline,seed-2,ON,CONSV,3,NORMAL,500000,0.4827363815239409,50
baseline,seed-2,ON,BAL,4,NORMAL,500000,0.515219055685906,57.68
baseline,seed-2,ON,CONSV,4,NORMAL,500000,0.44800358402867224,54
baseline,seed-2,ON,MASS,5,NORMAL,500000,1.0789697996353083,50
baseline,seed-2,ON,BAL,5,NORMAL,500000,0.3944474422450055,61.0656
baseline,seed-2,ON,CONSV,5,NORMAL,500000,0.4275879762261085,57.68
baseline,seed-2,ON,VAP,5,NORMAL,500000,0.350899650560092,50
baseline,seed-2,ON,CONSV,6,NORMAL,500000,0.44800358402867224,61.0656
baseline,seed-2,ON,MASS,7,LIQUIDITY_STRESS,500000,1.0577868982514782,53.76
baseline,seed-2,ON,BAL,7,NORMAL,500000,0.3940184841951306,63.32953088
baseline,seed-2,ON,VAP,7,NORMAL,500000,0.3508286432221449,53.76
baseline,seed-2,ON,BAL,8,NORMAL,500000,0.44932713261890317,66.2631684096
baseline,seed-2,ON,JPQ,8,NORMAL,500000,0.35746002631763696,53.12299584
baseline,seed-2,ON,CONSV,8,NORMAL,500000,0.4213764260958421,63.32953088
baseline,seed-2,ON,VAP,8,NORMAL,500000,0.3508286432221449,57.459199999999996
baseline,seed-2,ON,BAL,9,NORMAL,500000,0.44702766833050367,68.962114936832
baseline,seed-2,ON,JPQ,9,NORMAL,500000,0.35746002631763696,56.8731561728
baseline,seed-2,ON,CONSV,9,NORMAL,500000,0.4401956757817985,66.2631684096
baseline,seed-2,ON,VAP,9,NORMAL,500000,0.3508286432221449,60.862463999999996
baseline,seed-2,ON,BAL,10,NORMAL,500000,0.4404917650064532,71.44514574188544
baseline,seed-2,ON,JPQ,10,NORMAL,500000,0.35746002631763696,60.323303678976
baseline,seed-2,ON,CONSV,10,NORMAL,500000,0.4212074585731934,68.962114936832
baseline,seed-2,ON,VAP,10,NORMAL,500000,0.3508286432221449,63.99346688
baseline,seed-2,ON,BAL,11,NORMAL,500000,0.41443390400881913,73.7295340825346
baseline,seed-2,ON,JPQ,11,NORMAL,500000,0.35746002631763696,63.49743938465792
baseline,seed-2,ON,CONSV,11,NORMAL,500000,0.39639046839479697,71.44514574188544
baseline,seed-2,ON,VAP,11,NORMAL,500000,0.3508286432221449,66.8739895296
baseline,seed-2,ON,BAL,12,NORMAL,500000,0.39316614336252986,75.83117135593183
baseline,seed-2,ON,JPQ,12,NORMAL,500000,0.35746002631763696,66.41764423388528
baseline,seed-2,ON,CONSV,12,NORMAL,500000,0.41677381226757043,73.7295340825346
baseline,seed-2,ON,VAP,12,NORMAL,500000,0.3508286432221449,69.524070367232
baseline,seed-2,ON,BAL,13,NORMAL,500000,0.3929677632825069,77.76467764745729
baseline,seed-2,ON,JPQ,13,NORMAL,500000,0.3737276069892444,69.10423269517446
baseline,seed-2,ON,CONSV,13,NORMAL,500000,0.39643006795207797,75.83117135593183
baseline,seed-2,ON,VAP,13,NORMAL,500000,0.3508286432221449,71.96214473785344
baseline,seed-2,ON,MASS,14,NORMAL,500000,0.649772579597141,55.1458766708529
baseline,seed-2,ON,BAL,14,NORMAL,500000,0.4057124310288867,79.54350343566071
baseline,seed-2,ON,JPQ,14,NORMAL,500000,0.35735126950825247,71.5758940795605
baseline,seed-2,ON,CONSV,14,NORMAL,500000,0.3962706179602525,77.76467764745729
baseline,seed-2,ON,VAP,14,NORMAL,500000,0.3508286432221449,74.20517315882516
baseline,seed-2,ON,BAL,15,NORMAL,500000,0.4577245596689736,81.18002316080785
baseline,seed-2,ON,JPQ,15,NORMAL,500000,0.3404039314747823,73.84982255319566
baseline,seed-2,ON,CONSV,15,NORMAL,500000,0.3962299512597537,79.54350343566071
baseline,seed-2,ON,VAP,15,NORMAL,500000,0.3368299878929829,76.26875930611915
baseline,seed-2,ON,MASS,16,NORMAL,500000,0.6044797997962903,58.21015414495359
baseline,seed-2,ON,BAL,16,NORMAL,500000,0.4473492321250431,82.68562130794322
baseline,seed-2,ON,JPQ,16,NORMAL,500000,0.34033511573640146,75.94183674894
baseline,seed-2,ON,CONSV,16,NORMAL,500000,0.40030022516887664,81.18002316080785
baseline,seed-2,ON,VAP,16,NORMAL,500000,0.33679568276433275,78.16725856162962
baseline,seed-2,ON,MASS,17,NORMAL,500000,0.6513978998931708,61.55334181335731
baseline,seed-2,ON,BAL,17,NORMAL,500000,0.42842148105306,84.07077160330776
baseline,seed-2,ON,JPQ,17,NORMAL,500000,0.34026632781584676,77.8664898090248
baseline,seed-2,ON,CONSV,17,NORMAL,500000,0.39108192423257016,82.68562130794322
baseline,seed-2,ON,VAP,17,NORMAL,500000,0.33679568276433275,79.91387787669925
baseline,seed-2,ON,MASS,18,NORMAL,500000,0.6499795256449422,64.62907446828872
baseline,seed-2,ON,BAL,18,NORMAL,500000,0.4110983396560258,85.34510987504314
baseline,seed-2,ON,JPQ,18,NORMAL,500000,0.3401975676962542,79.63717062430281
baseline,seed-2,ON,CONSV,18,NORMAL,500000,0.38617762162471103,84.07077160330776
baseline,seed-2,ON,VAP,18,NORMAL,500000,0.33679568276433275,81.5207676465633
baseline,seed-2,ON,MASS,19,NORMAL,500000,0.6324830652659275,67.45874851082563
baseline,seed-2,ON,BAL,19,NORMAL,500000,0.410974667521494,86.51750108503968
baseline,seed-2,ON,JPQ,19,NORMAL,500000,0.3401975676962542,81.26619697435859
baseline,seed-2,ON,CONSV,19,NORMAL,500000,0.39376930946251276,85.34510987504314
baseline,seed-2,ON,VAP,19,NORMAL,500000,0.33679568276433275,82.99910623483824
baseline,seed-2,ON,MASS,20,NORMAL,500000,0.6269513861895148,70.06204862995958
baseline,seed-2,ON,BAL,20,NORMAL,500000,0.410974667521494,87.59610099823651
baseline,seed-2,ON,JPQ,20,NORMAL,500000,0.3401975676962542,82.76490121640991
baseline,seed-2,ON,CONSV,20,NORMAL,500000,0.3954096107469169,86.51750108503968
baseline,seed-2,ON,VAP,20,NORMAL,500000,0.33679568276433275,84.35917773605118
baseline,seed-2,ON,MASS,21,NORMAL,500000,0.6297546475892992,72.45708473956282
baseline,seed-2,ON,BAL,21,NORMAL,500000,0.410974667521494,88.58841291837759
baseline,seed-2,ON,JPQ,21,NORMAL,500000,0.32483240434514016,84.14370911909711
baseline,seed-2,ON,CONSV,21,NORMAL,500000,0.39195105001726543,87.59610099823651
baseline,seed-2,ON,VAP,21,NORMAL,500000,0.3239725986567837,85.61044351716708
baseline,seed-2,ON,MASS,22,NORMAL,500000,0.6326911518142418,74.6605179603978
baseline,seed-2,ON,BAL,22,NORMAL,500000,0.410974667521494,89.50133988490738
baseline,seed-2,ON,JPQ,22,NORMAL,500000,0.32479967655149006,85.41221238956935
baseline,seed-2,ON,CONSV,22,NORMAL,500000,0.3916609125150936,88.58841291837759
baseline,seed-2,ON,VAP,22,NORMAL,500000,0.32387447143686254,86.76160803579371
baseline,seed-2,ON,MASS,23,NORMAL,500000,0.6446518074425052,76.68767652356597
baseline,seed-2,ON,JPQ,23,NORMAL,500000,0.35800142126564244,86.5792353984038
baseline,seed-2,ON,CONSV,23,NORMAL,500000,0.39460137960534336,89.50133988490738
baseline,seed-2,ON,VAP,23,NORMAL,500000,0.32384216709996744,87.82067939293022
baseline,seed-2,ON,MASS,24,NORMAL,500000,0.6479978486471425,78.55266240168069
baseline,seed-2,ON,BAL,24,NORMAL,500000,0.410974667521494,87.9207587324679
baseline,seed-2,ON,JPQ,24,NORMAL,500000,0.3247015327276091,87.6528965665315
baseline,seed-2,ON,VAP,24,NORMAL,500000,0.32384216709996744,88.7950250414958
baseline,seed-2,ON,BAL,25,NORMAL,500000,0.410974667521494,88.88709803387047
baseline,seed-2,ON,JPQ,25,NORMAL,500000,0.3247015327276091,88.64066484120897
baseline,seed-2,ON,CONSV,25,NORMAL,500000,0.37429296059743145,87.9207587324679
baseline,seed-2,ON,VAP,25,NORMAL,500000,0.3239402747428173,89.69142303817614
baseline,seed-2,ON,BAL,26,NORMAL,500000,0.410974667521494,89.77613019116083
baseline,seed-2,ON,JPQ,26,NORMAL,500000,0.3247015327276091,89.54941165391226
baseline,seed-2,ON,CONSV,26,NORMAL,500000,0.37419393948011737,88.88709803387047
baseline,seed-2,ON,CONSV,27,NORMAL,500000,0.37941650294844564,89.77613019116083
baseline,seed-2,ON,VAP,27,NORMAL,500000,0.3118792044435551,88.08514264341473
baseline,seed-2,ON,BAL,28,NORMAL,500000,0.410974667521494,88.1583973893159
baseline,seed-2,ON,JPQ,28,NORMAL,500000,0.310677951484034,87.96233119830332
baseline,seed-2,ON,VAP,28,NORMAL,500000,0.3118481593848458,89.03833123194156
baseline,seed-2,ON,JPQ,29,NORMAL,500000,0.310646739796637,88.92534470243905
baseline,seed-2,ON,CONSV,29,NORMAL,500000,0.3780549676800808,88.1583973893159
baseline,seed-2,ON,VAP,29,NORMAL,500000,0.3118481593848458,89.91526473338624
baseline,seed-2,ON,JPQ,30,NORMAL,500000,0.3105843352318111,89.81131712624392
baseline,seed-2,ON,CONSV,30,NORMAL,500000,0.37631814839428807,89.10572559817062
baseline,seed-2,ON,CONSV,31,NORMAL,500000,0.3771337757615368,89.97726755031697
baseline,seed-2,ON,VAP,31,NORMAL,500000,0.3118481593848458,88.27872094143243
baseline,seed-2,ON,JPQ,32,NORMAL,500000,0.3105843352318111,88.18882705077574
baseline,seed-2,ON,VAP,32,NORMAL,500000,0.3118481593848458,89.21642326611783
baseline,seed-3,OFF,BAL,2,NORMAL,500000,0.42352674105490346,50
baseline,seed-3,OFF,BAL,3,NORMAL,500000,0.4478914167880452,54
baseline,seed-3,OFF,JPQ,3,NORMAL,500000,0.519262725857217,50
baseline,seed-3,OFF,CONSV,3,NORMAL,500000,0.4220150034774036,50
baseline,seed-3,OFF,BAL,4,NORMAL,500000,0.48039461535283545,57.68
baseline,seed-3,OFF,JPQ,4,NORMAL,500000,0.40439951080599973,54
baseline,seed-3,OFF,MASS,5,NORMAL,500000,1.061362683549409,50
baseline,seed-3,OFF,BAL,5,NORMAL,500000,0.41796025365171874,61.0656
baseline,seed-3,OFF,JPQ,5,NORMAL,500000,0.3574962932996829,57.68
baseline,seed-3,OFF,CONSV,5,NORMAL,500000,0.42222829292678943,53.76
baseline,seed-3,OFF,VAP,5,NORMAL,500000,0.36032743097783926,50
baseline,seed-3,OFF,MASS,7,LIQUIDITY_STRESS,500000,1.0767160161507403,53.76
baseline,seed-3,OFF,BAL,7,NORMAL,500000,0.4007893947919823,63.32953088
baseline,seed-3,OFF,VAP,7,NORMAL,250000,0.19219125397566827,53.76
baseline,seed-3,OFF,BAL,8,NORMAL,500000,0.4294093903245476,66.2631684096
baseline,seed-3,OFF,JPQ,8,NORMAL,500000,0.3815848960761167,59.777564160000004
baseline,seed-3,OFF,CONSV,8,NORMAL,500000,0.429500868450756,56.59094911999999
baseline,seed-3,OFF,VAP,8,NORMAL,250000,0.1961443974255812,55.6096
baseline,seed-3,OFF,MASS,9,NORMAL,500000,0.88467390919707,57.011647999999994
baseline,seed-3,OFF,BAL,9,NORMAL,500000,0.4185732679019601,68.962114936832
baseline,seed-3,OFF,JPQ,9,NORMAL,500000,0.3980934191495355,62.9953590272
baseline,seed-3,OFF,CONSV,9,NORMAL,500000,0.47316693944740723,60.06367319039999
baseline,seed-3,OFF,BAL,10,NORMAL,500000,0.41902683531658735,71.44514574188544
baseline,seed-3,OFF,JPQ,10,NORMAL,500000,0.39210473588021044,65.955730305024
baseline,seed-3,OFF,CONSV,10,NORMAL,500000,0.4293279043388737,63.25857933516799
baseline,seed-3,OFF,VAP,10,NORMAL,500000,0.37516345871896384,56.94210304
baseline,seed-3,OFF,MASS,11,NORMAL,500000,0.6576783952647156,59.823673190399994
baseline,seed-3,OFF,BAL,11,NORMAL,500000,0.4224232393610595,73.7295340825346
baseline,seed-3,OFF,JPQ,11,NORMAL,500000,0.3762986631312655,68.67927188062208
baseline,seed-3,OFF,CONSV,11,NORMAL,500000,0.5479584165316862,66.19789298835455
baseline,seed-3,OFF,VAP,11,NORMAL,500000,0.3834876948002443,60.3867347968
baseline,seed-3,OFF,BAL,12,NORMAL,500000,0.4307055128582824,75.83117135593183
baseline,seed-3,OFF,JPQ,12,NORMAL,500000,0.3762603498875094,71.18493013017232
baseline,seed-3,OFF,VAP,12,NORMAL,500000,0.3981543475588042,63.555796013055996
baseline,seed-3,OFF,BAL,13,NORMAL,500000,0.430160811317703,77.76467764745729
baseline,seed-3,OFF,JPQ,13,NORMAL,500000,0.36925554684604805,73.49013571975853
baseline,seed-3,OFF,CONSV,13,NORMAL,500000,0.4209517803945076,67.76793785632901
baseline,seed-3,OFF,VAP,13,NORMAL,500000,0.3827553115720097,66.47133233201151
baseline,seed-3,OFF,MASS,14,NORMAL,500000,0.5893324925523106,61.52018182055444
baseline,seed-3,OFF,BAL,14,NORMAL,500000,0.4092409889226649,79.54350343566071
baseline,seed-3,OFF,JPQ,14,NORMAL,500000,0.35930203137152267,75.61092486217784
baseline,seed-3,OFF,CONSV,14,NORMAL,500000,0.4494228511745217,70.34650282782269
baseline,seed-3,OFF,VAP,14,NORMAL,500000,0.37399115884900475,69.1536257454506
baseline,seed-3,OFF,BAL,15,NORMAL,500000,0.42064066939073563,81.18002316080785
baseline,seed-3,OFF,JPQ,15,NORMAL,500000,0.36229095992757654,77.56205087320362
baseline,seed-3,OFF,CONSV,15,NORMAL,500000,0.4610005094055629,72.71878260159687
baseline,seed-3,OFF,VAP,15,NORMAL,500000,0.569019570176273,71.62133568581454
baseline,seed-3,OFF,MASS,16,NORMAL,500000,0.5893932785590513,63.722653238415475
baseline,seed-3,OFF,BAL,16,NORMAL,500000,0.42927335182642934,82.68562130794322
baseline,seed-3,OFF,JPQ,16,NORMAL,500000,0.3792676523681245,79.35708680334733
baseline,seed-3,OFF,CONSV,16,NORMAL,500000,0.4504346243690537,74.90127999346912
baseline,seed-3,OFF,VAP,16,NORMAL,500000,0.3942357062748447,73.89162883094937
baseline,seed-3,OFF,MASS,17,NORMAL,500000,0.5893932785590513,66.62484097934224
baseline,seed-3,OFF,BAL,17,NORMAL,500000,0.43626705476983857,84.07077160330776
baseline,seed-3,OFF,JPQ,17,NORMAL,500000,0.4097639874166396,81.00851985907954
baseline,seed-3,OFF,CONSV,17,NORMAL,500000,0.4429596437186994,76.90917759399159
baseline,seed-3,OFF,VAP,17,NORMAL,500000,0.35114736699872096,75.98029852447343
baseline,seed-3,OFF,BAL,18,NORMAL,500000,0.43108539543032237,85.34510987504314
baseline,seed-3,OFF,JPQ,18,NORMAL,500000,0.3732424293931697,82.52783827035317
baseline,seed-3,OFF,CONSV,18,NORMAL,500000,0.4451459945318266,78.75644338647226
baseline,seed-3,OFF,VAP,18,NORMAL,500000,0.38049700214021953,77.90187464251555
baseline,seed-3,OFF,MASS,19,NORMAL,500000,0.5893932785590513,68.13716247893517
baseline,seed-3,OFF,BAL,19,NORMAL,500000,0.42370762817791313,86.51750108503968
baseline,seed-3,OFF,JPQ,19,NORMAL,500000,0.4088230890852493,83.92561120872492
baseline,seed-3,OFF,CONSV,19,NORMAL,500000,0.4472727988363751,80.45592791555447
baseline,seed-3,OFF,VAP,19,NORMAL,500000,0.3510762593807576,79.66972467111431
baseline,seed-3,OFF,MASS,20,NORMAL,500000,0.5893932785590513,70.68618948062036
baseline,seed-3,OFF,BAL,20,NORMAL,500000,0.4236656227545722,87.59610099823651
baseline,seed-3,OFF,JPQ,20,NORMAL,500000,0.37937496154086325,85.21156231202693
baseline,seed-3,OFF,CONSV,20,NORMAL,500000,0.447194391824571,82.01945368231011
baseline,seed-3,OFF,VAP,20,NORMAL,500000,0.350899650560092,81.29614669742517
baseline,seed-3,OFF,MASS,21,NORMAL,500000,0.5893932785590513,73.03129432217072
baseline,seed-3,OFF,BAL,21,NORMAL,500000,0.4236656227545722,88.58841291837759
baseline,seed-3,OFF,JPQ,21,NORMAL,500000,0.3951902501190708,86.39463732706477
baseline,seed-3,OFF,CONSV,21,NORMAL,500000,0.4464062511160156,83.45789738772531
baseline,seed-3,OFF,VAP,21,NORMAL,500000,0.350899650560092,82.79245496163117
baseline,seed-3,OFF,MASS,22,NORMAL,500000,0.5893324925523106,75.18879077639707
baseline,seed-3,OFF,BAL,22,NORMAL,500000,0.4236656227545722,89.50133988490738
baseline,seed-3,OFF,JPQ,22,NORMAL,500000,0.3970554053494957,87.48306634089958
baseline,seed-3,OFF,CONSV,22,NORMAL,500000,0.44610793135291155,84.78126559670729
baseline,seed-3,OFF,VAP,22,NORMAL,500000,0.370834820380963,84.16905856470068
baseline,seed-3,OFF,MASS,23,NORMAL,500000,0.5893932785590513,77.1736875142853
baseline,seed-3,OFF,JPQ,23,NORMAL,500000,0.3970554053494957,88.48442103362761
baseline,seed-3,OFF,CONSV,23,NORMAL,500000,0.44633651452245116,85.9987643489707
baseline,seed-3,OFF,VAP,23,NORMAL,500000,0.37140325658260276,85.43553387952463
baseline,seed-3,OFF,MASS,24,NORMAL,500000,0.5893932785590513,78.99979251314248
baseline,seed-3,OFF,BAL,24,NORMAL,500000,0.4236656227545722,87.9207587324679
baseline,seed-3,OFF,JPQ,24,NORMAL,500000,0.3970554053494957,89.4056673509374
baseline,seed-3,OFF,CONSV,24,NORMAL,500000,0.4465053145295062,87.11886320105305
baseline,seed-3,OFF,VAP,24,NORMAL,500000,0.3657474312094916,86.60069116916266
baseline,seed-3,OFF,MASS,25,NORMAL,500000,0.5894523398310629,80.67980911209108
baseline,seed-3,OFF,BAL,25,NORMAL,500000,0.4236656227545722,88.88709803387047
baseline,seed-3,OFF,CONSV,25,NORMAL,500000,0.44648856832994077,88.1493541449688
baseline,seed-3,OFF,VAP,25,NORMAL,500000,0.3660585799152735,87.67263587562965
baseline,seed-3,OFF,MASS,26,NORMAL,500000,0.5895114129409545,82.2254243831238
baseline,seed-3,OFF,BAL,26,NORMAL,500000,0.4282486514449966,89.77613019116083
baseline,seed-3,OFF,JPQ,26,NORMAL,500000,0.3970554053494957,87.83802112509068
baseline,seed-3,OFF,CONSV,26,NORMAL,500000,0.4464788002936045,89.0974058133713
baseline,seed-3,OFF,VAP,26,NORMAL,500000,0.3654323239800199,88.65882500557927
baseline,seed-3,OFF,MASS,27,NORMAL,500000,0.5894523398310629,83.64739043247388
baseline,seed-3,OFF,JPQ,27,NORMAL,500000,0.3970554053494957,88.81097943508342
baseline,seed-3,OFF,CONSV,27,NORMAL,500000,0.44719999141376016,89.96961334830159
baseline,seed-3,OFF,VAP,27,NORMAL,500000,0.3656897581708256,89.56611900513293
baseline,seed-3,OFF,BAL,28,NORMAL,500000,0.4282486514449966,88.1583973893159
baseline,seed-3,OFF,JPQ,28,NORMAL,500000,0.3970554053494957,89.70610108027675
baseline,seed-3,OFF,CONSV,29,NORMAL,500000,0.4261339424207817,88.32572162361123
baseline,seed-3,OFF,VAP,29,NORMAL,500000,0.3659483052641224,87.97677971563895
baseline,seed-3,OFF,JPQ,30,NORMAL,500000,0.3970554053494957,88.09783621422334
baseline,seed-3,OFF,CONSV,30,NORMAL,500000,0.4293988802136002,89.25966389372233
baseline,seed-3,OFF,VAP,30,NORMAL,500000,0.3659483052641224,88.93863733838784
baseline,seed-3,OFF,JPQ,31,NORMAL,500000,0.3970554053494957,89.05000931708547
baseline,seed-3,OFF,VAP,31,NORMAL,500000,0.3659483052641224,89.8235463513168
baseline,seed-3,OFF,JPQ,32,NORMAL,500000,0.3970554053494957,89.92600857171863
baseline,seed-3,OFF,CONSV,32,NORMAL,500000,0.4325059350626939,87.71175733529108
baseline,seed-3,ON,BAL,2,NORMAL,500000,0.42352674105490346,50
baseline,seed-3,ON,BAL,3,NORMAL,500000,0.4457400622253127,54
baseline,seed-3,ON,JPQ,3,NORMAL,500000,0.3990044360515191,50
baseline,seed-3,ON,CONSV,3,NORMAL,500000,0.4827363815239409,50
baseline,seed-3,ON,BAL,4,NORMAL,500000,0.4690119138406354,57.68
baseline,seed-3,ON,CONSV,4,NORMAL,500000,0.44800358402867224,54
baseline,seed-3,ON,MASS,5,NORMAL,500000,1.0420465794821028,50
baseline,seed-3,ON,BAL,5,NORMAL,500000,0.4158567855767559,61.0656
baseline,seed-3,ON,CONSV,5,NORMAL,500000,0.4213341715074452,57.68
baseline,seed-3,ON,VAP,5,NORMAL,500000,0.350899650560092,50
baseline,seed-3,ON,CONSV,6,NORMAL,500000,0.44800358402867224,61.0656
baseline,seed-3,ON,MASS,7,LIQUIDITY_STRESS,500000,1.017682228724081,53.76
baseline,seed-3,ON,BAL,7,NORMAL,500000,0.4019134294549491,63.32953088
baseline,seed-3,ON,VAP,7,NORMAL,500000,0.3508286432221449,53.76
baseline,seed-3,ON,BAL,8,NORMAL,500000,0.4297825558137116,66.2631684096
baseline,seed-3,ON,JPQ,8,NORMAL,500000,0.35738751442416006,53.12299584
baseline,seed-3,ON,CONSV,8,NORMAL,500000,0.4213764260958421,63.32953088
baseline,seed-3,ON,VAP,8,NORMAL,500000,0.3508286432221449,57.459199999999996
baseline,seed-3,ON,BAL,9,NORMAL,500000,0.4177978543573392,68.962114936832
baseline,seed-3,ON,JPQ,9,NORMAL,500000,0.35738751442416006,56.8731561728
baseline,seed-3,ON,CONSV,9,NORMAL,500000,0.4849009129229488,66.2631684096
baseline,seed-3,ON,VAP,9,NORMAL,500000,0.3508286432221449,60.862463999999996
baseline,seed-3,ON,BAL,10,NORMAL,500000,0.41788060983824676,71.44514574188544
baseline,seed-3,ON,JPQ,10,NORMAL,500000,0.3572796442066391,60.323303678976
baseline,seed-3,ON,CONSV,10,NORMAL,500000,0.4304027924533174,68.962114936832
baseline,seed-3,ON,VAP,10,NORMAL,500000,0.3508286432221449,63.99346688
baseline,seed-3,ON,BAL,11,NORMAL,500000,0.41967574173490596,73.7295340825346
baseline,seed-3,ON,JPQ,11,NORMAL,500000,0.3572072054694424,63.49743938465792
baseline,seed-3,ON,CONSV,11,NORMAL,500000,0.3964696754221708,71.44514574188544
baseline,seed-3,ON,VAP,11,NORMAL,500000,0.3508286432221449,66.8739895296
baseline,seed-3,ON,BAL,12,NORMAL,500000,0.4302774170618765,75.83117135593183
baseline,seed-3,ON,JPQ,12,NORMAL,500000,0.3572072054694424,66.41764423388528
baseline,seed-3,ON,CONSV,12,NORMAL,500000,0.3963497770928854,73.7295340825346
baseline,seed-3,ON,VAP,12,NORMAL,500000,0.3508286432221449,69.524070367232
baseline,seed-3,ON,BAL,13,NORMAL,500000,0.4299987788034682,77.76467764745729
baseline,seed-3,ON,JPQ,13,NORMAL,500000,0.3572796442066391,69.10423269517446
baseline,seed-3,ON,CONSV,13,NORMAL,500000,0.39631019357375097,75.83117135593183
baseline,seed-3,ON,VAP,13,NORMAL,500000,0.3508286432221449,71.96214473785344
baseline,seed-3,ON,MASS,14,NORMAL,500000,0.6841419320852304,55.1458766708529
baseline,seed-3,ON,BAL,14,NORMAL,500000,0.40875721456483705,79.54350343566071
baseline,seed-3,ON,JPQ,14,NORMAL,500000,0.3572796442066391,71.5758940795605
baseline,seed-3,ON,CONSV,14,NORMAL,500000,0.3962299512597537,77.76467764745729
baseline,seed-3,ON,VAP,14,NORMAL,500000,0.3508286432221449,74.20517315882516
baseline,seed-3,ON,BAL,15,NORMAL,500000,0.4188446588929098,81.18002316080785
baseline,seed-3,ON,JPQ,15,NORMAL,500000,0.3403007182999502,73.84982255319566
baseline,seed-3,ON,CONSV,15,NORMAL,500000,0.3962299512597537,79.54350343566071
baseline,seed-3,ON,VAP,15,NORMAL,500000,0.3508286432221449,76.26875930611915
baseline,seed-3,ON,MASS,16,NORMAL,500000,0.697588436774072,58.21015414495359
baseline,seed-3,ON,BAL,16,NORMAL,500000,0.42861539226452083,82.68562130794322
baseline,seed-3,ON,JPQ,16,NORMAL,500000,0.3401975676962542,75.94183674894
baseline,seed-3,ON,CONSV,16,NORMAL,500000,0.3962299512597537,81.18002316080785
baseline,seed-3,ON,VAP,16,NORMAL,500000,0.3508286432221449,78.16725856162962
baseline,seed-3,ON,MASS,17,NORMAL,500000,0.6595740470803955,61.55334181335731
baseline,seed-3,ON,BAL,17,NORMAL,500000,0.4361312022218268,84.07077160330776
baseline,seed-3,ON,JPQ,17,NORMAL,500000,0.3401975676962542,77.8664898090248
baseline,seed-3,ON,CONSV,17,NORMAL,500000,0.4041471968754572,82.68562130794322
baseline,seed-3,ON,VAP,17,NORMAL,500000,0.3508286432221449,79.91387787669925
baseline,seed-3,ON,MASS,18,NORMAL,500000,0.652402963214259,64.62907446828872
baseline,seed-3,ON,BAL,18,NORMAL,500000,0.4306921567512718,85.34510987504314
baseline,seed-3,ON,JPQ,18,NORMAL,500000,0.3401975676962542,79.63717062430281
baseline,seed-3,ON,CONSV,18,NORMAL,500000,0.3999707221431391,84.07077160330776
baseline,seed-3,ON,VAP,18,NORMAL,500000,0.3368299878929829,81.5207676465633
baseline,seed-3,ON,MASS,19,NORMAL,500000,0.652402963214259,67.45874851082563
baseline,seed-3,ON,BAL,19,NORMAL,500000,0.42370762817791313,86.51750108503968
baseline,seed-3,ON,JPQ,19,NORMAL,500000,0.375048643809102,81.26619697435859
baseline,seed-3,ON,CONSV,19,NORMAL,500000,0.394395482436386,85.34510987504314
baseline,seed-3,ON,VAP,19,NORMAL,500000,0.33679568276433275,82.99910623483824
baseline,seed-3,ON,BAL,20,NORMAL,500000,0.4236656227545722,87.59610099823651
baseline,seed-3,ON,JPQ,20,NORMAL,500000,0.3401975676962542,82.76490121640991
baseline,seed-3,ON,CONSV,20,NORMAL,500000,0.39279704490927175,86.51750108503968
baseline,seed-3,ON,VAP,20,NORMAL,500000,0.33679568276433275,84.35917773605118
baseline,seed-3,ON,MASS,21,NORMAL,500000,0.6878430617270364,68.858325712162
baseline,seed-3,ON,BAL,21,NORMAL,500000,0.4236656227545722,88.58841291837759
baseline,seed-3,ON,JPQ,21,NORMAL,500000,0.3248651387349569,84.14370911909711
baseline,seed-3,ON,CONSV,21,NORMAL,500000,0.38919077119708073,87.59610099823651
baseline,seed-3,ON,VAP,21,NORMAL,500000,0.33686366453768823,85.61044351716708
baseline,seed-3,ON,BAL,22,NORMAL,500000,0.4236656227545722,89.50133988490738
baseline,seed-3,ON,JPQ,22,NORMAL,500000,0.3247669553520133,85.41221238956935
baseline,seed-3,ON,CONSV,22,NORMAL,500000,0.3895717865879004,88.58841291837759
baseline,seed-3,ON,VAP,22,NORMAL,500000,0.33686366453768823,86.76160803579371
baseline,seed-3,ON,MASS,23,NORMAL,500000,0.6205880071367621,70.0686800758777
baseline,seed-3,ON,JPQ,23,NORMAL,500000,0.3247342407447169,86.5792353984038
baseline,seed-3,ON,CONSV,23,NORMAL,500000,0.3927128208954638,89.50133988490738
baseline,seed-3,ON,VAP,23,NORMAL,500000,0.33686366453768823,87.82067939293022
baseline,seed-3,ON,BAL,24,NORMAL,500000,0.4236656227545722,87.9207587324679
baseline,seed-3,ON,JPQ,24,NORMAL,500000,0.3247342407447169,87.6528965665315
baseline,seed-3,ON,VAP,24,NORMAL,500000,0.3239725986567837,88.7950250414958
baseline,seed-3,ON,BAL,25,NORMAL,500000,0.4236656227545722,88.88709803387047
baseline,seed-3,ON,JPQ,25,NORMAL,500000,0.3247342407447169,88.64066484120897
baseline,seed-3,ON,CONSV,25,NORMAL,500000,0.37433022963662266,87.9207587324679
baseline,seed-3,ON,VAP,25,NORMAL,500000,0.3239073697477772,89.69142303817614
baseline,seed-3,ON,BAL,26,NORMAL,500000,0.4282486514449966,89.77613019116083
baseline,seed-3,ON,JPQ,26,NORMAL,500000,0.3247342407447169,89.54941165391226
baseline,seed-3,ON,CONSV,26,NORMAL,500000,0.374266484473742,88.88709803387047
baseline,seed-3,ON,CONSV,27,NORMAL,500000,0.3797695254703825,89.77613019116083
baseline,seed-3,ON,VAP,27,NORMAL,500000,0.32384216709996744,88.08514264341473
baseline,seed-3,ON,BAL,28,NORMAL,500000,0.4282486514449966,88.1583973893159
baseline,seed-3,ON,JPQ,28,NORMAL,500000,0.310646739796637,87.96233119830332
baseline,seed-3,ON,VAP,28,NORMAL,500000,0.32384216709996744,89.03833123194156
baseline,seed-3,ON,JPQ,29,NORMAL,500000,0.31061553437985917,88.92534470243905
baseline,seed-3,ON,CONSV,29,NORMAL,500000,0.37738782712920327,88.1583973893159
baseline,seed-3,ON,VAP,29,NORMAL,500000,0.3239073697477772,89.91526473338624
baseline,seed-3,ON,JPQ,30,NORMAL,500000,0.31061553437985917,89.81131712624392
baseline,seed-3,ON,CONSV,30,NORMAL,500000,0.37670416254332567,89.10572559817062
baseline,seed-3,ON,CONSV,31,NORMAL,500000,0.3776042895847297,89.97726755031697
baseline,seed-3,ON,VAP,31,NORMAL,500000,0.3118792044435551,88.27872094143243
baseline,seed-3,ON,JPQ,32,NORMAL,500000,0.31061553437985917,88.18882705077574
baseline,seed-3,ON,VAP,32,NORMAL,500000,0.3118481593848458,89.21642326611783
baseline,seed-4,OFF,BAL,2,NORMAL,500000,0.42352674105490346,50
baseline,seed-4,OFF,BAL,3,NORMAL,500000,0.4478914167880452,54
baseline,seed-4,OFF,JPQ,3,NORMAL,500000,0.519262725857217,50
baseline,seed-4,OFF,CONSV,3,NORMAL,500000,0.4220150034774036,50
baseline,seed-4,OFF,BAL,4,NORMAL,500000,0.4766794130741723,57.68
baseline,seed-4,OFF,JPQ,4,NORMAL,500000,0.40439951080599973,54
baseline,seed-4,OFF,MASS,5,NORMAL,500000,1.0456532195662631,50
baseline,seed-4,OFF,BAL,5,NORMAL,500000,0.41707122575564964,61.0656
baseline,seed-4,OFF,JPQ,5,NORMAL,500000,0.3574962932996829,57.68
baseline,seed-4,OFF,CONSV,5,NORMAL,500000,0.42222829292678943,53.76
baseline,seed-4,OFF,VAP,5,NORMAL,500000,0.36032743097783926,50
baseline,seed-4,OFF,MASS,7,LIQUIDITY_STRESS,500000,1.0596587898696619,53.76
baseline,seed-4,OFF,BAL,7,NORMAL,500000,0.41439165647263193,63.32953088
baseline,seed-4,OFF,VAP,7,NORMAL,500000,0.38358737046254493,53.76
baseline,seed-4,OFF,BAL,8,NORMAL,500000,0.39523036001533496,66.2631684096
baseline,seed-4,OFF,JPQ,8,NORMAL,500000,0.38080328014806236,59.777564160000004
baseline,seed-4,OFF,CONSV,8,NORMAL,500000,0.429500868450756,56.59094911999999
baseline,seed-4,OFF,VAP,8,NORMAL,500000,0.39166499295159674,57.459199999999996
baseline,seed-4,OFF,MASS,9,NORMAL,500000,0.8457231778894132,57.011647999999994
baseline,seed-4,OFF,BAL,9,NORMAL,500000,0.39523036001533496,68.962114936832
baseline,seed-4,OFF,JPQ,9,NORMAL,500000,0.3978435922475561,62.9953590272
baseline,seed-4,OFF,CONSV,9,NORMAL,500000,0.4293279043388737,60.06367319039999
baseline,seed-4,OFF,BAL,10,NORMAL,500000,0.42851731295647805,71.44514574188544
baseline,seed-4,OFF,JPQ,10,NORMAL,500000,0.40629507082007493,65.955730305024
baseline,seed-4,OFF,CONSV,10,NORMAL,500000,0.460151141243853,63.25857933516799
baseline,seed-4,OFF,VAP,10,NORMAL,500000,0.42226248917318976,60.21071616
baseline,seed-4,OFF,MASS,11,NORMAL,500000,0.6535670053233033,59.823673190399994
baseline,seed-4,OFF,BAL,11,NORMAL,500000,0.4371343917231226,73.7295340825346
baseline,seed-4,OFF,JPQ,11,NORMAL,500000,0.37633604942586923,68.67927188062208
baseline,seed-4,OFF,CONSV,11,NORMAL,500000,0.5480403993460782,66.19789298835455
baseline,seed-4,OFF,VAP,11,NORMAL,500000,0.37012307332434174,63.393858867199995
baseline,seed-4,OFF,BAL,12,NORMAL,500000,0.4294160285544482,75.83117135593183
baseline,seed-4,OFF,JPQ,12,NORMAL,500000,0.3762603498875094,71.18493013017232
baseline,seed-4,OFF,VAP,12,NORMAL,500000,0.41251661204396695,66.32235015782399
baseline,seed-4,OFF,BAL,13,NORMAL,500000,0.4154877202604277,77.76467764745729
baseline,seed-4,OFF,JPQ,13,NORMAL,500000,0.3762603498875094,73.49013571975853
baseline,seed-4,OFF,CONSV,13,NORMAL,500000,0.429284040077958,67.76793785632901
baseline,seed-4,OFF,VAP,13,NORMAL,500000,0.3565153900563579,69.01656214519807
baseline,seed-4,OFF,MASS,14,NORMAL,500000,0.5893324925523106,61.52018182055444
baseline,seed-4,OFF,BAL,14,NORMAL,500000,0.39552018023063573,79.54350343566071
baseline,seed-4,OFF,JPQ,14,NORMAL,500000,0.3985070014890612,75.61092486217784
baseline,seed-4,OFF,CONSV,14,NORMAL,500000,0.45420397573824045,70.34650282782269
baseline,seed-4,OFF,VAP,14,NORMAL,500000,0.3692452390995851,71.49523717358223
baseline,seed-4,OFF,BAL,15,NORMAL,500000,0.41504177810538406,81.18002316080785
baseline,seed-4,OFF,JPQ,15,NORMAL,500000,0.36046199115743477,77.56205087320362
baseline,seed-4,OFF,CONSV,15,NORMAL,500000,0.45721015847818514,72.71878260159687
baseline,seed-4,OFF,VAP,15,NORMAL,500000,0.38506881795887027,73.77561819969564
baseline,seed-4,OFF,MASS,16,NORMAL,500000,0.5893932785590513,63.722653238415475
baseline,seed-4,OFF,BAL,16,NORMAL,500000,0.43200388457893013,82.68562130794322
baseline,seed-4,OFF,JPQ,16,NORMAL,500000,0.35731587459384795,79.35708680334733
baseline,seed-4,OFF,CONSV,16,NORMAL,500000,0.44787155760322434,74.90127999346912
baseline,seed-4,OFF,VAP,16,NORMAL,500000,0.38392302374087833,75.87356874371999
baseline,seed-4,OFF,MASS,17,NORMAL,500000,0.5893932785590513,66.62484097934224
baseline,seed-4,OFF,BAL,17,NORMAL,500000,0.41393058549653455,84.07077160330776
baseline,seed-4,OFF,JPQ,17,NORMAL,500000,0.3592883991452673,81.00851985907954
baseline,seed-4,OFF,CONSV,17,NORMAL,500000,0.4433005320492986,76.90917759399159
baseline,seed-4,OFF,VAP,17,NORMAL,500000,0.3731299844568973,77.80368324422238
baseline,seed-4,OFF,BAL,18,NORMAL,500000,0.410974667521494,85.34510987504314
baseline,seed-4,OFF,JPQ,18,NORMAL,500000,0.3818147149405702,82.52783827035317
baseline,seed-4,OFF,CONSV,18,NORMAL,500000,0.4451820616559348,78.75644338647226
baseline,seed-4,OFF,VAP,18,NORMAL,500000,0.37383065770270585,79.5793885846846
baseline,seed-4,OFF,BAL,19,NORMAL,500000,0.410974667521494,86.51750108503968
baseline,seed-4,OFF,JPQ,19,NORMAL,500000,0.39363889001075975,83.92561120872492
baseline,seed-4,OFF,CONSV,19,NORMAL,500000,0.4508141478102379,80.45592791555447
baseline,seed-4,OFF,VAP,19,NORMAL,500000,0.3840865270128054,81.21303749790982
baseline,seed-4,OFF,MASS,20,NORMAL,500000,0.5893932785590513,67.04893273019906
baseline,seed-4,OFF,BAL,20,NORMAL,500000,0.410974667521494,87.59610099823651
baseline,seed-4,OFF,JPQ,20,NORMAL,500000,0.36483213745007,85.21156231202693
baseline,seed-4,OFF,CONSV,20,NORMAL,500000,0.44844798877803754,82.01945368231011
baseline,seed-4,OFF,VAP,20,NORMAL,500000,0.3778393874286488,82.71599449807704
baseline,seed-4,OFF,MASS,21,NORMAL,500000,0.5893932785590513,69.68501811178314
baseline,seed-4,OFF,BAL,21,NORMAL,500000,0.410974667521494,88.58841291837759
baseline,seed-4,OFF,JPQ,21,NORMAL,500000,0.3786714373209026,86.39463732706477
baseline,seed-4,OFF,CONSV,21,NORMAL,500000,0.44563617460560084,83.45789738772531
baseline,seed-4,OFF,VAP,21,NORMAL,500000,0.3714596551725162,84.09871493823087
baseline,seed-4,OFF,MASS,22,NORMAL,500000,0.5893932785590513,72.11021666284049
baseline,seed-4,OFF,BAL,22,NORMAL,500000,0.410974667521494,89.50133988490738
baseline,seed-4,OFF,JPQ,22,NORMAL,500000,0.3874522804085142,87.48306634089958
baseline,seed-4,OFF,CONSV,22,NORMAL,500000,0.4456987397422435,84.78126559670729
baseline,seed-4,OFF,VAP,22,NORMAL,500000,0.37338120578233064,85.3708177431724
baseline,seed-4,OFF,MASS,23,NORMAL,500000,0.5893932785590513,74.34139932981324
baseline,seed-4,OFF,JPQ,23,NORMAL,500000,0.384951921429773,88.48442103362761
baseline,seed-4,OFF,CONSV,23,NORMAL,500000,0.44716639598194163,85.9987643489707
baseline,seed-4,OFF,VAP,23,NORMAL,500000,0.37827079407512937,86.5411523237186
baseline,seed-4,OFF,MASS,24,NORMAL,500000,0.5894523398310629,76.39408738342819
baseline,seed-4,OFF,BAL,24,NORMAL,500000,0.410974667521494,87.9207587324679
baseline,seed-4,OFF,JPQ,24,NORMAL,500000,0.384951921429773,89.4056673509374
baseline,seed-4,OFF,CONSV,24,NORMAL,500000,0.4469439536751531,87.11886320105305
baseline,seed-4,OFF,VAP,24,NORMAL,500000,0.3749869879515181,87.61786013782111
baseline,seed-4,OFF,MASS,25,NORMAL,500000,0.5895114129409545,78.28256039275394
baseline,seed-4,OFF,BAL,25,NORMAL,500000,0.410974667521494,88.88709803387047
baseline,seed-4,OFF,CONSV,25,NORMAL,500000,0.44635743321265314,88.1493541449688
baseline,seed-4,OFF,VAP,25,NORMAL,500000,0.3708271195069007,88.60843132679543
baseline,seed-4,OFF,MASS,26,NORMAL,500000,0.5894523398310629,80.01995556133362
baseline,seed-4,OFF,BAL,26,NORMAL,500000,0.410974667521494,89.77613019116083
baseline,seed-4,OFF,JPQ,26,NORMAL,500000,0.384951921429773,87.83802112509068
baseline,seed-4,OFF,CONSV,26,NORMAL,500000,0.4462877118695126,89.0974058133713
baseline,seed-4,OFF,VAP,26,NORMAL,500000,0.3719029410679624,89.51975682065179
baseline,seed-4,OFF,JPQ,27,NORMAL,500000,0.384951921429773,88.81097943508342
baseline,seed-4,OFF,CONSV,27,NORMAL,500000,0.4463713800954967,89.96961334830159
baseline,seed-4,OFF,BAL,28,NORMAL,500000,0.410974667521494,88.1583973893159
baseline,seed-4,OFF,JPQ,28,NORMAL,500000,0.384951921429773,89.70610108027675
baseline,seed-4,OFF,VAP,28,NORMAL,500000,0.37362651158077786,87.93668569849967
baseline,seed-4,OFF,CONSV,29,NORMAL,500000,0.43095330750199207,88.32572162361123
baseline,seed-4,OFF,VAP,29,NORMAL,500000,0.3728393957019074,88.9017508426197
baseline,seed-4,OFF,JPQ,30,NORMAL,500000,0.384951921429773,88.09783621422334
baseline,seed-4,OFF,CONSV,30,NORMAL,500000,0.4264328677397139,89.25966389372233
baseline,seed-4,OFF,VAP,30,NORMAL,500000,0.372522834904734,89.78961077521012
baseline,seed-4,OFF,JPQ,31,NORMAL,500000,0.384951921429773,89.05000931708547
baseline,seed-4,OFF,JPQ,32,NORMAL,500000,0.384951921429773,89.92600857171863
baseline,seed-4,OFF,CONSV,32,NORMAL,500000,0.4325897548038011,87.71175733529108
baseline,seed-4,OFF,VAP,32,NORMAL,500000,0.374098497440867,88.1700553984017
baseline,seed-4,ON,BAL,2,NORMAL,500000,0.42352674105490346,50
baseline,seed-4,ON,BAL,3,NORMAL,500000,0.4457400622253127,54
baseline,seed-4,ON,JPQ,3,NORMAL,500000,0.3990044360515191,50
baseline,seed-4,ON,CONSV,3,NORMAL,500000,0.4827363815239409,50
baseline,seed-4,ON,BAL,4,NORMAL,500000,0.46620437840504025,57.68
baseline,seed-4,ON,CONSV,4,NORMAL,500000,0.44800358402867224,54
baseline,seed-4,ON,MASS,5,NORMAL,500000,1.0265306855685183,50
baseline,seed-4,ON,BAL,5,NORMAL,500000,0.415160671331412,61.0656
baseline,seed-4,ON,CONSV,5,NORMAL,500000,0.4213341715074452,57.68
baseline,seed-4,ON,VAP,5,NORMAL,250000,0.175449825280046,50
baseline,seed-4,ON,CONSV,6,NORMAL,500000,0.44800358402867224,61.0656
baseline,seed-4,ON,MASS,7,LIQUIDITY_STRESS,500000,1.004217714400482,53.76
baseline,seed-4,ON,BAL,7,NORMAL,500000,0.41439165647263193,63.32953088
baseline,seed-4,ON,VAP,7,NORMAL,500000,0.3508286432221449,51.88
baseline,seed-4,ON,BAL,8,NORMAL,500000,0.3953100416656784,66.2631684096
baseline,seed-4,ON,JPQ,8,NORMAL,500000,0.35738751442416006,53.12299584
baseline,seed-4,ON,CONSV,8,NORMAL,500000,0.4213764260958421,63.32953088
baseline,seed-4,ON,VAP,8,NORMAL,500000,0.3508286432221449,55.729600000000005
baseline,seed-4,ON,BAL,9,NORMAL,500000,0.39523036001533496,68.962114936832
baseline,seed-4,ON,JPQ,9,NORMAL,500000,0.35738751442416006,56.8731561728
baseline,seed-4,ON,CONSV,9,NORMAL,500000,0.4401956757817985,66.2631684096
baseline,seed-4,ON,VAP,9,NORMAL,500000,0.3508286432221449,59.271232000000005
baseline,seed-4,ON,BAL,10,NORMAL,500000,0.47316223786812023,71.44514574188544
baseline,seed-4,ON,JPQ,10,NORMAL,500000,0.3572796442066391,60.323303678976
baseline,seed-4,ON,CONSV,10,NORMAL,500000,0.4212074585731934,68.962114936832
baseline,seed-4,ON,VAP,10,NORMAL,500000,0.3867693926173458,62.52953344
baseline,seed-4,ON,JPQ,11,NORMAL,500000,0.3572072054694424,63.49743938465792
baseline,seed-4,ON,CONSV,11,NORMAL,500000,0.39639046839479697,71.44514574188544
baseline,seed-4,ON,VAP,11,NORMAL,500000,0.3508286432221449,65.5271707648
baseline,seed-4,ON,BAL,12,NORMAL,500000,0.40722117159159954,72.30576203758253
baseline,seed-4,ON,JPQ,12,NORMAL,500000,0.3572072054694424,66.41764423388528
baseline,seed-4,ON,CONSV,12,NORMAL,500000,0.3962299512597537,73.7295340825346
baseline,seed-4,ON,VAP,12,NORMAL,500000,0.3867693926173458,68.284997103616
baseline,seed-4,ON,BAL,13,NORMAL,500000,0.41611011938199327,74.52130107457592
baseline,seed-4,ON,JPQ,13,NORMAL,500000,0.3572072054694424,69.10423269517446
baseline,seed-4,ON,CONSV,13,NORMAL,500000,0.40524779687035234,75.83117135593183
baseline,seed-4,ON,VAP,13,NORMAL,500000,0.3508286432221449,70.82219733532672
baseline,seed-4,ON,MASS,14,NORMAL,500000,0.7075413292578953,55.1458766708529
baseline,seed-4,ON,BAL,14,NORMAL,500000,0.40154063109337906,76.55959698860984
baseline,seed-4,ON,JPQ,14,NORMAL,500000,0.3572072054694424,71.5758940795605
baseline,seed-4,ON,CONSV,14,NORMAL,500000,0.3963497770928854,77.76467764745729
baseline,seed-4,ON,VAP,14,NORMAL,500000,0.3508286432221449,73.15642154850059
baseline,seed-4,ON,BAL,15,NORMAL,500000,0.40111059501547885,78.43482922952106
baseline,seed-4,ON,JPQ,15,NORMAL,500000,0.3572072054694424,73.84982255319566
baseline,seed-4,ON,CONSV,15,NORMAL,500000,0.4163547475682801,79.54350343566071
baseline,seed-4,ON,VAP,15,NORMAL,500000,0.3508286432221449,75.30390782462054
baseline,seed-4,ON,MASS,16,NORMAL,500000,0.6812917291184085,58.21015414495359
baseline,seed-4,ON,BAL,16,NORMAL,500000,0.4020802021337593,80.16004289115938
baseline,seed-4,ON,JPQ,16,NORMAL,500000,0.34033511573640146,75.94183674894
baseline,seed-4,ON,CONSV,16,NORMAL,500000,0.42690819424664367,81.18002316080785
baseline,seed-4,ON,VAP,16,NORMAL,500000,0.3508286432221449,77.2795951986509
baseline,seed-4,ON,MASS,17,NORMAL,500000,0.6292395011389235,61.55334181335731
baseline,seed-4,ON,BAL,17,NORMAL,500000,0.3977667782004713,81.74723945986663
baseline,seed-4,ON,JPQ,17,NORMAL,500000,0.3402319442819837,77.8664898090248
baseline,seed-4,ON,CONSV,17,NORMAL,500000,0.39333671865135855,82.68562130794322
baseline,seed-4,ON,VAP,17,NORMAL,500000,0.3508286432221449,79.09722758275882
baseline,seed-4,ON,MASS,18,NORMAL,500000,0.6200800523347564,64.62907446828872
baseline,seed-4,ON,BAL,18,NORMAL,500000,0.39861250957666555,83.2074603030773
baseline,seed-4,ON,JPQ,18,NORMAL,500000,0.3401975676962542,79.63717062430281
baseline,seed-4,ON,CONSV,18,NORMAL,500000,0.38421255253146125,84.07077160330776
baseline,seed-4,ON,VAP,18,NORMAL,500000,0.3368299878929829,80.76944937613811
baseline,seed-4,ON,MASS,19,NORMAL,500000,0.6239665553926309,67.45874851082563
baseline,seed-4,ON,BAL,19,NORMAL,500000,0.4050458998013655,84.55086347883112
baseline,seed-4,ON,JPQ,19,NORMAL,500000,0.3401975676962542,81.26619697435859
baseline,seed-4,ON,CONSV,19,NORMAL,500000,0.39538225160703117,85.34510987504314
baseline,seed-4,ON,VAP,19,NORMAL,500000,0.33679568276433275,82.30789342604706
baseline,seed-4,ON,MASS,20,NORMAL,500000,0.6315483671316968,70.06204862995958
baseline,seed-4,ON,BAL,20,NORMAL,500000,0.39914327886624157,85.78679440052463
baseline,seed-4,ON,JPQ,20,NORMAL,500000,0.3401975676962542,82.76490121640991
baseline,seed-4,ON,CONSV,20,NORMAL,500000,0.3953395789080009,86.51750108503968
baseline,seed-4,ON,VAP,20,NORMAL,500000,0.33679568276433275,83.7232619519633
baseline,seed-4,ON,MASS,21,NORMAL,500000,0.640479591117829,72.45708473956282
baseline,seed-4,ON,BAL,21,NORMAL,500000,0.3951132394544276,86.92385084848266
baseline,seed-4,ON,JPQ,21,NORMAL,500000,0.3401975676962542,84.14370911909711
baseline,seed-4,ON,CONSV,21,NORMAL,500000,0.3906050120091511,87.59610099823651
baseline,seed-4,ON,VAP,21,NORMAL,500000,0.33686366453768823,85.02540099580624
baseline,seed-4,ON,MASS,22,NORMAL,500000,0.640479591117829,74.6605179603978
baseline,seed-4,ON,BAL,22,NORMAL,500000,0.37530437184556675,87.96994278060404
baseline,seed-4,ON,JPQ,22,NORMAL,500000,0.3248651387349569,85.41221238956935
baseline,seed-4,ON,CONSV,22,NORMAL,500000,0.3911504556316082,88.58841291837759
baseline,seed-4,ON,VAP,22,NORMAL,500000,0.33686366453768823,86.22336891614174
baseline,seed-4,ON,MASS,23,NORMAL,500000,0.640479591117829,76.68767652356597
baseline,seed-4,ON,BAL,23,NORMAL,500000,0.37425513871018207,88.93234735815572
baseline,seed-4,ON,JPQ,23,NORMAL,500000,0.3247669553520133,86.5792353984038
baseline,seed-4,ON,CONSV,23,NORMAL,500000,0.3927700460994203,89.50133988490738
baseline,seed-4,ON,VAP,23,NORMAL,500000,0.33686366453768823,87.3254994028504
baseline,seed-4,ON,MASS,24,NORMAL,500000,0.7245090545519093,78.55266240168069
baseline,seed-4,ON,BAL,24,NORMAL,500000,0.37417951786220766,89.81775956950327
baseline,seed-4,ON,JPQ,24,NORMAL,500000,0.3247342407447169,87.6528965665315
baseline,seed-4,ON,VAP,24,NORMAL,500000,0.3239725986567837,88.33945945062237
baseline,seed-4,ON,MASS,25,NORMAL,500000,0.6025657248564387,80.26844940954624
baseline,seed-4,ON,JPQ,25,NORMAL,500000,0.3247342407447169,88.64066484120897
baseline,seed-4,ON,CONSV,25,NORMAL,500000,0.37433022963662266,87.9207587324679
baseline,seed-4,ON,VAP,25,NORMAL,500000,0.3239073697477772,89.27230269457259
baseline,seed-4,ON,BAL,26,NORMAL,500000,0.37417951786220766,88.19439847570641
baseline,seed-4,ON,JPQ,26,NORMAL,500000,0.3247342407447169,89.54941165391226
baseline,seed-4,ON,CONSV,26,NORMAL,500000,0.3742556989786562,88.88709803387047
baseline,seed-4,ON,BAL,27,NORMAL,500000,0.37417951786220766,89.13884659764989
baseline,seed-4,ON,CONSV,27,NORMAL,500000,0.3769466940832562,89.77613019116083
baseline,seed-4,ON,VAP,27,NORMAL,500000,0.32384216709996744,87.72268737026637
baseline,seed-4,ON,JPQ,28,NORMAL,500000,0.3107403936782477,87.96233119830332
baseline,seed-4,ON,VAP,28,NORMAL,500000,0.32384216709996744,88.70487238064506
baseline,seed-4,ON,BAL,29,NORMAL,500000,0.410974667521494,87.60727453764761
baseline,seed-4,ON,JPQ,29,NORMAL,500000,0.3125686478892927,88.92534470243905
baseline,seed-4,ON,CONSV,29,NORMAL,500000,0.3779239503634684,88.1583973893159
baseline,seed-4,ON,VAP,29,NORMAL,500000,0.3239073697477772,89.60848259019345
baseline,seed-4,ON,BAL,30,NORMAL,500000,0.410974667521494,88.5986925746358
baseline,seed-4,ON,JPQ,30,NORMAL,500000,0.31061553437985917,89.81131712624392
baseline,seed-4,ON,CONSV,30,NORMAL,500000,0.37726125681569617,89.10572559817062
baseline,seed-4,ON,BAL,31,NORMAL,500000,0.41533965646426335,89.51079716866494
baseline,seed-4,ON,CONSV,31,NORMAL,500000,0.3770909694254642,89.97726755031697
baseline,seed-4,ON,VAP,31,NORMAL,500000,0.3118792044435551,88.01341574399927
baseline,seed-4,ON,JPQ,32,NORMAL,500000,0.31061553437985917,88.18882705077574
baseline,seed-4,ON,VAP,32,NORMAL,500000,0.3118481593848458,88.97234248447933
baseline,seed-5,OFF,BAL,2,NORMAL,500000,0.42352674105490346,50
baseline,seed-5,OFF,BAL,3,NORMAL,500000,0.4478914167880452,54
baseline,seed-5,OFF,JPQ,3,NORMAL,500000,0.519262725857217,50
baseline,seed-5,OFF,CONSV,3,NORMAL,500000,0.4220150034774036,50
baseline,seed-5,OFF,BAL,4,NORMAL,500000,0.47503139957551194,57.68
baseline,seed-5,OFF,JPQ,4,NORMAL,500000,0.40439951080599973,54
baseline,seed-5,OFF,CONSV,4,NORMAL,500000,0.6716841472465988,54
baseline,seed-5,OFF,MASS,5,NORMAL,500000,1.0642147159610924,50
baseline,seed-5,OFF,BAL,5,NORMAL,500000,0.41667395846093974,61.0656
baseline,seed-5,OFF,JPQ,5,NORMAL,500000,0.3574962932996829,57.68
baseline,seed-5,OFF,CONSV,5,NORMAL,500000,0.42222829292678943,57.68
baseline,seed-5,OFF,VAP,5,NORMAL,500000,0.36032743097783926,50
baseline,seed-5,OFF,CONSV,6,NORMAL,500000,0.4825423418841445,61.0656
baseline,seed-5,OFF,MASS,7,LIQUIDITY_STRESS,500000,1.0533522936746196,53.76
baseline,seed-5,OFF,BAL,7,NORMAL,500000,0.44215232678240446,63.32953088
baseline,seed-5,OFF,VAP,7,NORMAL,500000,0.3820126443129166,53.76
baseline,seed-5,OFF,BAL,8,NORMAL,500000,0.41430821714059385,66.2631684096
baseline,seed-5,OFF,JPQ,8,NORMAL,500000,0.380451402545509,59.777564160000004
baseline,seed-5,OFF,CONSV,8,NORMAL,500000,0.44635185470354427,63.32953088
baseline,seed-5,OFF,VAP,8,NORMAL,500000,0.3903294474215305,57.459199999999996
baseline,seed-5,OFF,MASS,9,NORMAL,500000,0.8093627078038752,57.011647999999994
baseline,seed-5,OFF,BAL,9,NORMAL,500000,0.3952697281097648,68.962114936832
baseline,seed-5,OFF,JPQ,9,NORMAL,500000,0.3974970722353144,62.9953590272
baseline,seed-5,OFF,CONSV,9,NORMAL,500000,0.44635185470354427,66.2631684096
baseline,seed-5,OFF,BAL,10,NORMAL,500000,0.40610390412049263,71.44514574188544
baseline,seed-5,OFF,JPQ,10,NORMAL,500000,0.3925232485632275,65.955730305024
baseline,seed-5,OFF,CONSV,10,NORMAL,500000,0.4463072316499666,68.962114936832
baseline,seed-5,OFF,VAP,10,NORMAL,500000,0.37525727638869205,60.21071616
baseline,seed-5,OFF,MASS,11,NORMAL,500000,0.6458342079004898,59.823673190399994
baseline,seed-5,OFF,BAL,11,NORMAL,500000,0.43412161135523214,73.7295340825346
baseline,seed-5,OFF,JPQ,11,NORMAL,500000,0.3776530314284363,68.67927188062208
baseline,seed-5,OFF,CONSV,11,NORMAL,500000,0.4463072316499666,71.44514574188544
baseline,seed-5,OFF,VAP,11,NORMAL,500000,0.3866144788668793,63.393858867199995
baseline,seed-5,OFF,BAL,12,NORMAL,500000,0.42895405558901395,75.83117135593183
baseline,seed-5,OFF,CONSV,12,NORMAL,500000,0.4749050664772112,73.7295340825346
baseline,seed-5,OFF,VAP,12,NORMAL,500000,0.38820466522627206,66.32235015782399
baseline,seed-5,OFF,BAL,13,NORMAL,500000,0.4151927324664109,77.76467764745729
baseline,seed-5,OFF,JPQ,13,NORMAL,500000,0.3639068191843815,69.91383432236198
baseline,seed-5,OFF,CONSV,13,NORMAL,500000,0.4387477437397278,75.83117135593183
baseline,seed-5,OFF,VAP,13,NORMAL,500000,0.3742239344048312,69.01656214519807
baseline,seed-5,OFF,MASS,14,NORMAL,500000,0.5893324925523106,61.52018182055444
baseline,seed-5,OFF,BAL,14,NORMAL,500000,0.4166489590859055,79.54350343566071
baseline,seed-5,OFF,JPQ,14,NORMAL,500000,0.38613998408485445,72.32072757657302
baseline,seed-5,OFF,CONSV,14,NORMAL,500000,0.4225180129991892,77.76467764745729
baseline,seed-5,OFF,VAP,14,NORMAL,500000,0.3786798976413089,71.49523717358223
baseline,seed-5,OFF,BAL,15,NORMAL,500000,0.42025564991695746,81.18002316080785
baseline,seed-5,OFF,JPQ,15,NORMAL,500000,0.3652956827456676,74.53506937044718
baseline,seed-5,OFF,CONSV,15,NORMAL,500000,0.422433053865706,79.54350343566071
baseline,seed-5,OFF,VAP,15,NORMAL,500000,0.3821974272915258,73.77561819969564
baseline,seed-5,OFF,MASS,16,NORMAL,500000,0.5893932785590513,63.722653238415475
baseline,seed-5,OFF,BAL,16,NORMAL,500000,0.42473449846500955,82.68562130794322
baseline,seed-5,OFF,JPQ,16,NORMAL,500000,0.3403695201273091,76.5722638208114
baseline,seed-5,OFF,CONSV,16,NORMAL,500000,0.5141927482368331,81.18002316080785
baseline,seed-5,OFF,VAP,16,NORMAL,500000,0.37867668554294204,75.87356874371999
baseline,seed-5,OFF,MASS,17,NORMAL,500000,0.5893932785590513,66.62484097934224
baseline,seed-5,OFF,BAL,17,NORMAL,500000,0.43905865823674045,84.07077160330776
baseline,seed-5,OFF,JPQ,17,NORMAL,500000,0.3402319442819837,78.44648271514649
baseline,seed-5,OFF,CONSV,17,NORMAL,500000,0.44673709923773247,82.68562130794322
baseline,seed-5,OFF,VAP,17,NORMAL,500000,0.37819628810932715,77.80368324422238
baseline,seed-5,OFF,MASS,18,NORMAL,500000,0.5893932785590513,69.29485370099486
baseline,seed-5,OFF,BAL,18,NORMAL,500000,0.42868153848659984,85.34510987504314
baseline,seed-5,OFF,JPQ,18,NORMAL,500000,0.3404039314747823,80.17076409793476
baseline,seed-5,OFF,CONSV,18,NORMAL,500000,0.4332470305248528,84.07077160330776
baseline,seed-5,OFF,VAP,18,NORMAL,500000,0.37283005451670187,79.5793885846846
baseline,seed-5,OFF,MASS,19,NORMAL,500000,0.5893932785590513,71.75126540491527
baseline,seed-5,OFF,BAL,19,NORMAL,500000,0.4236656227545722,86.51750108503968
baseline,seed-5,OFF,JPQ,19,NORMAL,500000,0.35147558942280605,81.75710297009998
baseline,seed-5,OFF,CONSV,19,NORMAL,500000,0.44259733821960795,85.34510987504314
baseline,seed-5,OFF,VAP,19,NORMAL,500000,0.3776683781590449,81.21303749790982
baseline,seed-5,OFF,MASS,20,NORMAL,500000,0.5893932785590513,74.01116417252206
baseline,seed-5,OFF,BAL,20,NORMAL,500000,0.4236656227545722,87.59610099823651
baseline,seed-5,OFF,JPQ,20,NORMAL,500000,0.3504496444162683,83.21653473249198
baseline,seed-5,OFF,CONSV,20,NORMAL,500000,0.4497525236738485,86.51750108503968
baseline,seed-5,OFF,VAP,20,NORMAL,500000,0.3781642515584905,82.71599449807704
baseline,seed-5,OFF,MASS,21,NORMAL,500000,0.5893932785590513,76.09027103872029
baseline,seed-5,OFF,BAL,21,NORMAL,500000,0.4236656227545722,88.58841291837759
baseline,seed-5,OFF,JPQ,21,NORMAL,500000,0.3779337485162321,84.55921195389263
baseline,seed-5,OFF,CONSV,21,NORMAL,500000,0.4489525264129995,87.59610099823651
baseline,seed-5,OFF,VAP,21,NORMAL,500000,0.3734858510114146,84.09871493823087
baseline,seed-5,OFF,MASS,22,NORMAL,500000,0.5893932785590513,78.00304935562266
baseline,seed-5,OFF,BAL,22,NORMAL,500000,0.4236656227545722,89.50133988490738
baseline,seed-5,OFF,JPQ,22,NORMAL,500000,0.385270047334278,85.79447499758122
baseline,seed-5,OFF,CONSV,22,NORMAL,500000,0.44664212219324506,88.58841291837759
baseline,seed-5,OFF,VAP,22,NORMAL,500000,0.3754718930752169,85.3708177431724
baseline,seed-5,OFF,MASS,23,NORMAL,500000,0.5893932785590513,79.76280540717285
baseline,seed-5,OFF,JPQ,23,NORMAL,500000,0.37686867506013505,86.93091699777472
baseline,seed-5,OFF,CONSV,23,NORMAL,500000,0.4466044219197023,89.50133988490738
baseline,seed-5,OFF,VAP,23,NORMAL,500000,0.37974933505891423,86.5411523237186
baseline,seed-5,OFF,MASS,24,NORMAL,500000,0.5894523398310629,81.38178097459902
baseline,seed-5,OFF,BAL,24,NORMAL,500000,0.4236656227545722,87.9207587324679
baseline,seed-5,OFF,JPQ,24,NORMAL,500000,0.37019654252717926,87.97644363795274
baseline,seed-5,OFF,VAP,24,NORMAL,500000,0.3759232298602137,87.61786013782111
baseline,seed-5,OFF,MASS,25,NORMAL,500000,0.5895114129409545,82.87123849663111
baseline,seed-5,OFF,BAL,25,NORMAL,500000,0.4236656227545722,88.88709803387047
baseline,seed-5,OFF,JPQ,25,NORMAL,500000,0.3701594617348397,88.93832814691652
baseline,seed-5,OFF,CONSV,25,NORMAL,500000,0.4463630118612043,87.9207587324679
baseline,seed-5,OFF,VAP,25,NORMAL,500000,0.37084868276031274,88.60843132679543
baseline,seed-5,OFF,MASS,26,NORMAL,500000,0.5894523398310629,84.24153941690062
baseline,seed-5,OFF,BAL,26,NORMAL,500000,0.4282486514449966,89.77613019116083
baseline,seed-5,OFF,JPQ,26,NORMAL,500000,0.3701594617348397,89.8232618951632
baseline,seed-5,OFF,CONSV,26,NORMAL,500000,0.44639369692099945,88.88709803387047
baseline,seed-5,OFF,VAP,26,NORMAL,500000,0.3701783163757114,89.51975682065179
baseline,seed-5,OFF,CONSV,27,NORMAL,500000,0.44672592337131545,89.77613019116083
baseline,seed-5,OFF,BAL,28,NORMAL,500000,0.4282486514449966,88.1583973893159
baseline,seed-5,OFF,JPQ,28,NORMAL,500000,0.3701594617348397,88.19915688693715
baseline,seed-5,OFF,VAP,28,NORMAL,500000,0.3757800442157831,87.93668569849967
baseline,seed-5,OFF,JPQ,29,NORMAL,500000,0.3701594617348397,89.14322433598217
baseline,seed-5,OFF,CONSV,29,NORMAL,500000,0.4260831032484576,88.1583973893159
baseline,seed-5,OFF,VAP,29,NORMAL,500000,0.3723643677684978,88.9017508426197
baseline,seed-5,OFF,CONSV,30,NORMAL,500000,0.4295835273618932,89.10572559817062
baseline,seed-5,OFF,VAP,30,NORMAL,500000,0.3717256545717051,89.78961077521012
baseline,seed-5,OFF,JPQ,31,NORMAL,500000,0.3701594617348397,87.61106040575737
baseline,seed-5,OFF,CONSV,31,NORMAL,500000,0.432545221521547,89.97726755031697
baseline,seed-5,OFF,JPQ,32,NORMAL,500000,0.3701594617348397,88.60217557329678
baseline,seed-5,OFF,VAP,32,NORMAL,500000,0.37442088321992373,88.1700553984017
baseline,seed-5,ON,BAL,2,NORMAL,500000,0.42352674105490346,50
baseline,seed-5,ON,BAL,3,NORMAL,500000,0.4457400622253127,54
baseline,seed-5,ON,JPQ,3,NORMAL,500000,0.3990044360515191,50
baseline,seed-5,ON,CONSV,3,NORMAL,500000,0.4827363815239409,50
baseline,seed-5,ON,BAL,4,NORMAL,500000,0.4649532210564295,57.68
baseline,seed-5,ON,CONSV,4,NORMAL,500000,0.44800358402867224,54
baseline,seed-5,ON,MASS,5,NORMAL,500000,1.0490922729108638,50
baseline,seed-5,ON,BAL,5,NORMAL,500000,0.4148454949438631,61.0656
baseline,seed-5,ON,JPQ,5,NORMAL,100000,0.07413948157226116,53.76
baseline,seed-5,ON,CONSV,5,NORMAL,500000,0.4213341715074452,57.68
baseline,seed-5,ON,VAP,5,NORMAL,500000,0.350899650560092,50
baseline,seed-5,ON,CONSV,6,NORMAL,500000,0.44800358402867224,61.0656
baseline,seed-5,ON,MASS,7,LIQUIDITY_STRESS,500000,1.0045001607200257,53.76
baseline,seed-5,ON,BAL,7,NORMAL,500000,0.44378054874352413,63.32953088
baseline,seed-5,ON,VAP,7,NORMAL,500000,0.3508286432221449,53.76
baseline,seed-5,ON,BAL,8,NORMAL,500000,0.41430821714059385,66.2631684096
baseline,seed-5,ON,JPQ,8,NORMAL,500000,0.35742376669320897,53.976058624000004
baseline,seed-5,ON,CONSV,8,NORMAL,500000,0.4213764260958421,63.32953088
baseline,seed-5,ON,VAP,8,NORMAL,500000,0.3508286432221449,57.459199999999996
baseline,seed-5,ON,BAL,9,NORMAL,500000,0.3952697281097648,68.962114936832
baseline,seed-5,ON,JPQ,9,NORMAL,500000,0.35742376669320897,57.657973934080005
baseline,seed-5,ON,CONSV,9,NORMAL,500000,0.4401956757817985,66.2631684096
baseline,seed-5,ON,VAP,9,NORMAL,500000,0.3508286432221449,60.862463999999996
baseline,seed-5,ON,BAL,10,NORMAL,500000,0.40601882303263587,71.44514574188544
baseline,seed-5,ON,JPQ,10,NORMAL,500000,0.35742376669320897,61.045336019353606
baseline,seed-5,ON,CONSV,10,NORMAL,500000,0.4212074585731934,68.962114936832
baseline,seed-5,ON,VAP,10,NORMAL,500000,0.3508286432221449,63.99346688
baseline,seed-5,ON,MASS,11,NORMAL,500000,1.1607997910560377,56.19549217279999
baseline,seed-5,ON,BAL,11,NORMAL,500000,0.42981913210920847,73.7295340825346
baseline,seed-5,ON,JPQ,11,NORMAL,500000,0.35746002631763696,64.16170913780532
baseline,seed-5,ON,CONSV,11,NORMAL,500000,0.39639046839479697,71.44514574188544
baseline,seed-5,ON,VAP,11,NORMAL,500000,0.3508286432221449,66.8739895296
baseline,seed-5,ON,BAL,12,NORMAL,500000,0.425488098672392,75.83117135593183
baseline,seed-5,ON,JPQ,12,NORMAL,500000,0.35746002631763696,67.02877240678089
baseline,seed-5,ON,CONSV,12,NORMAL,500000,0.3962299512597537,73.7295340825346
baseline,seed-5,ON,VAP,12,NORMAL,500000,0.3508286432221449,69.524070367232
baseline,seed-5,ON,BAL,13,NORMAL,500000,0.415100699278638,77.76467764745729
baseline,seed-5,ON,JPQ,13,NORMAL,500000,0.3736594034751819,69.66647061423842
baseline,seed-5,ON,CONSV,13,NORMAL,500000,0.4055376983789036,75.83117135593183
baseline,seed-5,ON,VAP,13,NORMAL,500000,0.3508286432221449,71.96214473785344
baseline,seed-5,ON,MASS,14,NORMAL,500000,0.7801224792292389,58.57078993317518
baseline,seed-5,ON,BAL,14,NORMAL,500000,0.41674480631785127,79.54350343566071
baseline,seed-5,ON,JPQ,14,NORMAL,500000,0.35735126950825247,72.09315296509935
baseline,seed-5,ON,CONSV,14,NORMAL,500000,0.3963497770928854,77.76467764745729
baseline,seed-5,ON,VAP,14,NORMAL,500000,0.3508286432221449,74.20517315882516
baseline,seed-5,ON,BAL,15,NORMAL,500000,0.4195869921319047,81.18002316080785
baseline,seed-5,ON,JPQ,15,NORMAL,500000,0.3403695201273091,74.3257007278914
baseline,seed-5,ON,CONSV,15,NORMAL,500000,0.3962706179602525,79.54350343566071
baseline,seed-5,ON,VAP,15,NORMAL,500000,0.3368299878929829,76.26875930611915
baseline,seed-5,ON,MASS,16,NORMAL,500000,0.7387488549392749,61.1720191342099
baseline,seed-5,ON,BAL,16,NORMAL,500000,0.4241864316334486,82.68562130794322
baseline,seed-5,ON,JPQ,16,NORMAL,500000,0.34033511573640146,76.3796446696601
baseline,seed-5,ON,CONSV,16,NORMAL,500000,0.41200194629719433,81.18002316080785
baseline,seed-5,ON,VAP,16,NORMAL,500000,0.33679568276433275,78.16725856162962
baseline,seed-5,ON,MASS,17,NORMAL,250000,0.33820117558728635,64.27825760347311
baseline,seed-5,ON,BAL,17,NORMAL,500000,0.43963309980023074,84.07077160330776
baseline,seed-5,ON,JPQ,17,NORMAL,500000,0.34026632781584676,78.26927309608729
baseline,seed-5,ON,CONSV,17,NORMAL,500000,0.4000412842605357,82.68562130794322
baseline,seed-5,ON,VAP,17,NORMAL,500000,0.33679568276433275,79.91387787669925
baseline,seed-5,ON,MASS,18,NORMAL,500000,0.6762651229788126,65.70712729933419
baseline,seed-5,ON,BAL,18,NORMAL,500000,0.42913297972775805,85.34510987504314
baseline,seed-5,ON,JPQ,18,NORMAL,500000,0.3401975676962542,80.0077312484003
baseline,seed-5,ON,CONSV,18,NORMAL,500000,0.38869095881508336,84.07077160330776
baseline,seed-5,ON,VAP,18,NORMAL,500000,0.33679568276433275,81.5207676465633
baseline,seed-5,ON,MASS,19,NORMAL,500000,0.7281252958009015,68.45055711538745
baseline,seed-5,ON,BAL,19,NORMAL,500000,0.4236656227545722,86.51750108503968
baseline,seed-5,ON,JPQ,19,NORMAL,500000,0.3401975676962542,81.60711274852828
baseline,seed-5,ON,CONSV,19,NORMAL,500000,0.39252830227191454,85.34510987504314
baseline,seed-5,ON,VAP,19,NORMAL,500000,0.33679568276433275,82.99910623483824
baseline,seed-5,ON,MASS,20,NORMAL,500000,0.6327672175959907,70.97451254615646
baseline,seed-5,ON,BAL,20,NORMAL,500000,0.4236656227545722,87.59610099823651
baseline,seed-5,ON,JPQ,20,NORMAL,500000,0.3401975676962542,83.07854372864603
baseline,seed-5,ON,CONSV,20,NORMAL,500000,0.39452182770916167,86.51750108503968
baseline,seed-5,ON,VAP,20,NORMAL,500000,0.33679568276433275,84.35917773605118
baseline,seed-5,ON,MASS,21,NORMAL,500000,0.6325770874253164,73.29655154246394
baseline,seed-5,ON,BAL,21,NORMAL,500000,0.4236656227545722,88.58841291837759
baseline,seed-5,ON,JPQ,21,NORMAL,500000,0.3247342407447169,84.43226023035434
baseline,seed-5,ON,CONSV,21,NORMAL,500000,0.3908860996994086,87.59610099823651
baseline,seed-5,ON,VAP,21,NORMAL,500000,0.3239725986567837,85.61044351716708
baseline,seed-5,ON,MASS,22,NORMAL,500000,0.6325770874253164,75.43282741906683
baseline,seed-5,ON,BAL,22,NORMAL,500000,0.4236656227545722,89.50133988490738
baseline,seed-5,ON,JPQ,22,NORMAL,500000,0.32479967655149006,85.677679411926
baseline,seed-5,ON,CONSV,22,NORMAL,500000,0.3927570879889777,88.58841291837759
baseline,seed-5,ON,VAP,22,NORMAL,500000,0.32387447143686254,86.76160803579371
baseline,seed-5,ON,MASS,23,NORMAL,500000,0.728196875307208,77.39820122554148
baseline,seed-5,ON,JPQ,23,NORMAL,500000,0.3247015327276091,86.82346505897192
baseline,seed-5,ON,CONSV,23,NORMAL,500000,0.3944815191325509,89.50133988490738
baseline,seed-5,ON,VAP,23,NORMAL,500000,0.32384216709996744,87.82067939293022
baseline,seed-5,ON,MASS,24,NORMAL,500000,0.6374867721494779,79.20634512749817
baseline,seed-5,ON,BAL,24,NORMAL,500000,0.4236656227545722,87.9207587324679
baseline,seed-5,ON,JPQ,24,NORMAL,500000,0.3247015327276091,87.87758785425416
baseline,seed-5,ON,VAP,24,NORMAL,500000,0.32384216709996744,88.7950250414958
baseline,seed-5,ON,MASS,25,NORMAL,500000,0.6031926989555718,80.86983751729831
baseline,seed-5,ON,BAL,25,NORMAL,500000,0.4236656227545722,88.88709803387047
baseline,seed-5,ON,JPQ,25,NORMAL,500000,0.3247015327276091,88.84738082591383
baseline,seed-5,ON,CONSV,25,NORMAL,500000,0.37429296059743145,87.9207587324679
baseline,seed-5,ON,VAP,25,NORMAL,500000,0.32384216709996744,89.69142303817614
baseline,seed-5,ON,BAL,26,NORMAL,500000,0.4282486514449966,89.77613019116083
baseline,seed-5,ON,JPQ,26,NORMAL,500000,0.3247015327276091,89.73959035984072
baseline,seed-5,ON,CONSV,26,NORMAL,500000,0.37418021791507533,88.88709803387047
baseline,seed-5,ON,CONSV,27,NORMAL,500000,0.3761665394596819,89.77613019116083
baseline,seed-5,ON,VAP,27,NORMAL,500000,0.3119734667814396,88.08514264341473
baseline,seed-5,ON,BAL,28,NORMAL,500000,0.4282486514449966,88.1583973893159
baseline,seed-5,ON,JPQ,28,NORMAL,500000,0.310646739796637,88.12679774319025
baseline,seed-5,ON,VAP,28,NORMAL,500000,0.3118792044435551,89.03833123194156
baseline,seed-5,ON,JPQ,29,NORMAL,500000,0.3105843352318111,89.07665392373504
baseline,seed-5,ON,CONSV,29,NORMAL,500000,0.3779859472384536,88.1583973893159
baseline,seed-5,ON,VAP,29,NORMAL,500000,0.3118481593848458,89.91526473338624
baseline,seed-5,ON,JPQ,30,NORMAL,500000,0.3105843352318111,89.95052160983623
baseline,seed-5,ON,CONSV,30,NORMAL,500000,0.377084001871845,89.10572559817062
baseline,seed-5,ON,CONSV,31,NORMAL,500000,0.37731107751365583,89.97726755031697
baseline,seed-5,ON,VAP,31,NORMAL,500000,0.3118481593848458,88.27872094143243
baseline,seed-5,ON,JPQ,32,NORMAL,500000,0.3105843352318111,88.30921108818637
baseline,seed-5,ON,VAP,32,NORMAL,500000,0.3118481593848458,89.21642326611783
ecuador-early-expansion,seed-1,OFF,BAL,2,NORMAL,500000,0.42352674105490346,50
ecuador-early-expansion,seed-1,OFF,BAL,3,NORMAL,500000,0.4478914167880452,54
ecuador-early-expansion,seed-1,OFF,JPQ,3,NORMAL,500000,0.5718804550246903,50
ecuador-early-expansion,seed-1,OFF,CONSV,3,NORMAL,500000,0.4220150034774036,50
ecuador-early-expansion,seed-1,OFF,BAL,4,NORMAL,500000,0.48511521001122554,57.68
ecuador-early-expansion,seed-1,OFF,JPQ,4,NORMAL,500000,0.40439951080599973,54
ecuador-early-expansion,seed-1,OFF,MASS,5,NORMAL,500000,1.160160102094089,50
ecuador-early-expansion,seed-1,OFF,BAL,5,NORMAL,500000,0.41907846322251224,61.0656
ecuador-early-expansion,seed-1,OFF,JPQ,5,NORMAL,500000,0.3574962932996829,57.68
ecuador-early-expansion,seed-1,OFF,CONSV,5,NORMAL,500000,0.42222829292678943,53.76
ecuador-early-expansion,seed-1,OFF,VAP,5,NORMAL,500000,0.36032743097783926,50
ecuador-early-expansion,seed-1,OFF,BAL,7,NORMAL,500000,0.3996553372371667,63.32953088
ecuador-early-expansion,seed-1,OFF,VAP,7,NORMAL,500000,0.3833469191481479,53.76
ecuador-early-expansion,seed-1,OFF,BAL,8,NORMAL,500000,0.4295488362662928,66.2631684096
ecuador-early-expansion,seed-1,OFF,JPQ,8,NORMAL,500000,0.3762986631312655,59.777564160000004
ecuador-early-expansion,seed-1,OFF,CONSV,8,NORMAL,500000,0.429500868450756,56.59094911999999
ecuador-early-expansion,seed-1,OFF,VAP,8,NORMAL,500000,0.3913268201940918,57.459199999999996
ecuador-early-expansion,seed-1,OFF,BAL,9,NORMAL,500000,0.42806716545052786,68.962114936832
ecuador-early-expansion,seed-1,OFF,JPQ,9,NORMAL,500000,0.3826691001360082,62.9953590272
ecuador-early-expansion,seed-1,OFF,CONSV,9,NORMAL,500000,0.4293279043388737,60.06367319039999
ecuador-early-expansion,seed-1,OFF,BAL,10,NORMAL,500000,0.41970110566059277,71.44514574188544
ecuador-early-expansion,seed-1,OFF,JPQ,10,NORMAL,500000,0.38432114243610255,65.955730305024
ecuador-early-expansion,seed-1,OFF,CONSV,10,NORMAL,500000,0.460151141243853,63.25857933516799
ecuador-early-expansion,seed-1,OFF,VAP,10,NORMAL,500000,0.3761465322449357,60.21071616
ecuador-early-expansion,seed-1,OFF,BAL,11,NORMAL,500000,0.42682073187804537,73.7295340825346
ecuador-early-expansion,seed-1,OFF,JPQ,11,NORMAL,500000,0.415935036936695,68.67927188062208
ecuador-early-expansion,seed-1,OFF,CONSV,11,NORMAL,500000,0.5479584165316862,66.19789298835455
ecuador-early-expansion,seed-1,OFF,VAP,11,NORMAL,500000,0.3891165653147719,63.393858867199995
ecuador-early-expansion,seed-1,OFF,BAL,12,NORMAL,500000,0.42213436199034665,75.83117135593183
ecuador-early-expansion,seed-1,OFF,JPQ,12,NORMAL,500000,0.37637437808838703,71.18493013017232
ecuador-early-expansion,seed-1,OFF,VAP,12,NORMAL,500000,0.39032774102972206,66.32235015782399
ecuador-early-expansion,seed-1,OFF,BAL,13,NORMAL,500000,0.41515963718368987,77.76467764745729
ecuador-early-expansion,seed-1,OFF,JPQ,13,NORMAL,500000,0.36925554684604805,73.49013571975853
ecuador-early-expansion,seed-1,OFF,CONSV,13,NORMAL,500000,0.4288201442550965,67.76793785632901
ecuador-early-expansion,seed-1,OFF,VAP,13,NORMAL,500000,0.373566327149665,69.01656214519807
ecuador-early-expansion,seed-1,OFF,BAL,14,NORMAL,500000,0.4153831327863568,79.54350343566071
ecuador-early-expansion,seed-1,OFF,JPQ,14,NORMAL,500000,0.35731587459384795,75.61092486217784
ecuador-early-expansion,seed-1,OFF,CONSV,14,NORMAL,500000,0.45415199377266785,70.34650282782269
ecuador-early-expansion,seed-1,OFF,VAP,14,NORMAL,500000,0.37095807787923557,71.49523717358223
ecuador-early-expansion,seed-1,OFF,BAL,15,NORMAL,500000,0.42676717887263477,81.18002316080785
ecuador-early-expansion,seed-1,OFF,JPQ,15,NORMAL,500000,0.3792600575595404,77.56205087320362
ecuador-early-expansion,seed-1,OFF,CONSV,15,NORMAL,500000,0.4577082183341435,72.71878260159687
ecuador-early-expansion,seed-1,OFF,VAP,15,NORMAL,500000,0.38830258649906074,73.77561819969564
ecuador-early-expansion,seed-1,OFF,BAL,16,NORMAL,500000,0.428946327661805,82.68562130794322
ecuador-early-expansion,seed-1,OFF,JPQ,16,NORMAL,500000,0.35738751442416006,79.35708680334733
ecuador-early-expansion,seed-1,OFF,CONSV,16,NORMAL,500000,0.44912895929634067,74.90127999346912
ecuador-early-expansion,seed-1,OFF,VAP,16,NORMAL,500000,0.3902603504850155,75.87356874371999
ecuador-early-expansion,seed-1,OFF,BAL,17,NORMAL,500000,0.42203708861934786,84.07077160330776
ecuador-early-expansion,seed-1,OFF,JPQ,17,NORMAL,500000,0.3572796442066391,81.00851985907954
ecuador-early-expansion,seed-1,OFF,CONSV,17,NORMAL,500000,0.44437334470929096,76.90917759399159
ecuador-early-expansion,seed-1,OFF,VAP,17,NORMAL,500000,0.3811214972647672,77.80368324422238
ecuador-early-expansion,seed-1,OFF,MASS,18,NORMAL,500000,0.5892734552932961,51.90368125925701
ecuador-early-expansion,seed-1,OFF,BAL,18,NORMAL,500000,0.41706496370700685,85.34510987504314
ecuador-early-expansion,seed-1,OFF,JPQ,18,NORMAL,500000,0.3697313103410742,82.52783827035317
ecuador-early-expansion,seed-1,OFF,CONSV,18,NORMAL,500000,0.44498515084551626,78.75644338647226
ecuador-early-expansion,seed-1,OFF,VAP,18,NORMAL,500000,0.37420432933453596,79.5793885846846
ecuador-early-expansion,seed-1,OFF,BAL,19,NORMAL,500000,0.4172988744614758,86.51750108503968
ecuador-early-expansion,seed-1,OFF,JPQ,19,NORMAL,500000,0.3666960756919372,83.92561120872492
ecuador-early-expansion,seed-1,OFF,CONSV,19,NORMAL,500000,0.4465583524497521,80.45592791555447
ecuador-early-expansion,seed-1,OFF,VAP,19,NORMAL,500000,0.37484372764994267,81.21303749790982
ecuador-early-expansion,seed-1,OFF,BAL,20,NORMAL,500000,0.4191680520170786,87.59610099823651
ecuador-early-expansion,seed-1,OFF,JPQ,20,NORMAL,500000,0.3624495588010255,85.21156231202693
ecuador-early-expansion,seed-1,OFF,CONSV,20,NORMAL,500000,0.4469299709897756,82.01945368231011
ecuador-early-expansion,seed-1,OFF,VAP,20,NORMAL,500000,0.3765415233424115,82.71599449807704
ecuador-early-expansion,seed-1,OFF,BAL,21,NORMAL,500000,0.3951001262740004,88.58841291837759
ecuador-early-expansion,seed-1,OFF,JPQ,21,NORMAL,500000,0.36105209714583264,86.39463732706477
ecuador-early-expansion,seed-1,OFF,CONSV,21,NORMAL,500000,0.44663793295964627,83.45789738772531
ecuador-early-expansion,seed-1,OFF,VAP,21,NORMAL,500000,0.3754237407762141,84.09871493823087
ecuador-early-expansion,seed-1,OFF,MASS,22,NORMAL,500000,0.5893932785590513,54.77700981943563
ecuador-early-expansion,seed-1,OFF,BAL,22,NORMAL,500000,0.39300760862730305,89.50133988490738
ecuador-early-expansion,seed-1,OFF,JPQ,22,NORMAL,500000,0.3627150673652559,87.48306634089958
ecuador-early-expansion,seed-1,OFF,CONSV,22,NORMAL,500000,0.44664212219324506,84.78126559670729
ecuador-early-expansion,seed-1,OFF,VAP,22,NORMAL,500000,0.37522100517204626,85.3708177431724
ecuador-early-expansion,seed-1,OFF,MASS,23,NORMAL,500000,0.5893932785590513,58.394849033880774
ecuador-early-expansion,seed-1,OFF,JPQ,23,NORMAL,500000,0.3674671350255783,88.48442103362761
ecuador-early-expansion,seed-1,OFF,CONSV,23,NORMAL,500000,0.4483508758086008,85.9987643489707
ecuador-early-expansion,seed-1,OFF,VAP,23,NORMAL,500000,0.39638056974157565,86.5411523237186
ecuador-early-expansion,seed-1,OFF,MASS,24,NORMAL,500000,0.5893932785590513,61.723261111170316
ecuador-early-expansion,seed-1,OFF,BAL,24,NORMAL,500000,0.395197559259874,87.9207587324679
ecuador-early-expansion,seed-1,OFF,JPQ,24,NORMAL,500000,0.36349736224504114,89.4056673509374
ecuador-early-expansion,seed-1,OFF,CONSV,24,NORMAL,500000,0.4470362613463391,87.11886320105305
ecuador-early-expansion,seed-1,OFF,VAP,24,NORMAL,500000,0.38106537953959374,87.61786013782111
ecuador-early-expansion,seed-1,OFF,MASS,25,NORMAL,500000,0.5893932785590513,64.78540022227669
ecuador-early-expansion,seed-1,OFF,BAL,25,NORMAL,500000,0.39398681562520194,88.88709803387047
ecuador-early-expansion,seed-1,OFF,CONSV,25,NORMAL,500000,0.44604803669726406,88.1493541449688
ecuador-early-expansion,seed-1,OFF,VAP,25,NORMAL,500000,0.3686316305402753,88.60843132679543
ecuador-early-expansion,seed-1,OFF,MASS,26,NORMAL,500000,0.5893932785590513,67.60256820449456
ecuador-early-expansion,seed-1,OFF,BAL,26,NORMAL,500000,0.39300760862730305,89.77613019116083
ecuador-early-expansion,seed-1,OFF,JPQ,26,NORMAL,500000,0.36129832988401817,87.83802112509068
ecuador-early-expansion,seed-1,OFF,CONSV,26,NORMAL,500000,0.44659744108598204,89.0974058133713
ecuador-early-expansion,seed-1,OFF,VAP,26,NORMAL,500000,0.3700218372087447,89.51975682065179
ecuador-early-expansion,seed-1,OFF,MASS,27,NORMAL,500000,0.5893324925523106,70.19436274813499
ecuador-early-expansion,seed-1,OFF,JPQ,27,NORMAL,500000,0.34319355883346586,88.81097943508342
ecuador-early-expansion,seed-1,OFF,CONSV,27,NORMAL,500000,0.4474002688875616,89.96961334830159
ecuador-early-expansion,seed-1,OFF,MASS,28,NORMAL,500000,0.5893324925523106,72.57881372828419
ecuador-early-expansion,seed-1,OFF,BAL,28,NORMAL,500000,0.42379381922142295,88.1583973893159
ecuador-early-expansion,seed-1,OFF,JPQ,28,NORMAL,500000,0.3402319442819837,89.70610108027675
ecuador-early-expansion,seed-1,OFF,VAP,28,NORMAL,500000,0.37973318427540065,87.93668569849967
ecuador-early-expansion,seed-1,OFF,MASS,29,NORMAL,500000,0.5893324925523106,74.77250863002145
ecuador-early-expansion,seed-1,OFF,BAL,29,NORMAL,500000,0.42375071931684605,89.10572559817062
ecuador-early-expansion,seed-1,OFF,CONSV,29,NORMAL,500000,0.4307817698324388,88.32572162361123
ecuador-early-expansion,seed-1,OFF,VAP,29,NORMAL,500000,0.3702665860176673,88.9017508426197
ecuador-early-expansion,seed-1,OFF,MASS,30,NORMAL,500000,0.5547788651443535,76.79070793961974
ecuador-early-expansion,seed-1,OFF,JPQ,30,NORMAL,500000,0.34016319805655243,88.09783621422334
ecuador-early-expansion,seed-1,OFF,CONSV,30,NORMAL,500000,0.4262814446507647,89.25966389372233
ecuador-early-expansion,seed-1,OFF,VAP,30,NORMAL,500000,0.36950195865598245,89.78961077521012
ecuador-early-expansion,seed-1,OFF,JPQ,31,NORMAL,500000,0.34016319805655243,89.05000931708547
ecuador-early-expansion,seed-1,OFF,JPQ,32,NORMAL,500000,0.34016319805655243,89.92600857171863
ecuador-early-expansion,seed-1,OFF,CONSV,32,NORMAL,500000,0.4329594728285459,87.71175733529108
ecuador-early-expansion,seed-1,OFF,VAP,32,NORMAL,500000,0.3825626124925362,88.1700553984017
ecuador-early-expansion,seed-1,ON,BAL,2,NORMAL,500000,0.42352674105490346,50
ecuador-early-expansion,seed-1,ON,BAL,3,NORMAL,500000,0.4457400622253127,54
ecuador-early-expansion,seed-1,ON,JPQ,3,NORMAL,500000,0.4390814451294407,50
ecuador-early-expansion,seed-1,ON,CONSV,3,NORMAL,500000,0.4827363815239409,50
ecuador-early-expansion,seed-1,ON,BAL,4,NORMAL,500000,0.4728333593391681,57.68
ecuador-early-expansion,seed-1,ON,JPQ,4,NORMAL,500000,0.39576625095379664,54
ecuador-early-expansion,seed-1,ON,CONSV,4,NORMAL,500000,0.44800358402867224,54
ecuador-early-expansion,seed-1,ON,MASS,5,NORMAL,500000,1.1460332922671403,50
ecuador-early-expansion,seed-1,ON,BAL,5,NORMAL,500000,0.41679587338741675,61.0656
ecuador-early-expansion,seed-1,ON,CONSV,5,NORMAL,500000,0.4213341715074452,57.68
ecuador-early-expansion,seed-1,ON,VAP,5,NORMAL,500000,0.350899650560092,50
ecuador-early-expansion,seed-1,ON,CONSV,6,NORMAL,500000,0.44800358402867224,61.0656
ecuador-early-expansion,seed-1,ON,BAL,7,NORMAL,500000,0.4013549743935526,63.32953088
ecuador-early-expansion,seed-1,ON,VAP,7,NORMAL,500000,0.3508286432221449,53.76
ecuador-early-expansion,seed-1,ON,BAL,8,NORMAL,500000,0.4296606797747547,66.2631684096
ecuador-early-expansion,seed-1,ON,JPQ,8,NORMAL,500000,0.35742376669320897,56.37888512
ecuador-early-expansion,seed-1,ON,CONSV,8,NORMAL,500000,0.4213764260958421,63.32953088
ecuador-early-expansion,seed-1,ON,VAP,8,NORMAL,500000,0.3508286432221449,57.459199999999996
ecuador-early-expansion,seed-1,ON,BAL,9,NORMAL,500000,0.42723540243438735,68.962114936832
ecuador-early-expansion,seed-1,ON,JPQ,9,NORMAL,500000,0.35742376669320897,59.8685743104
ecuador-early-expansion,seed-1,ON,CONSV,9,NORMAL,500000,0.4401956757817985,66.2631684096
ecuador-early-expansion,seed-1,ON,VAP,9,NORMAL,500000,0.3508286432221449,60.862463999999996
ecuador-early-expansion,seed-1,ON,BAL,10,NORMAL,500000,0.41806719175905954,71.44514574188544
ecuador-early-expansion,seed-1,ON,JPQ,10,NORMAL,500000,0.35731587459384795,63.079088365568
ecuador-early-expansion,seed-1,ON,CONSV,10,NORMAL,500000,0.4212074585731934,68.962114936832
ecuador-early-expansion,seed-1,ON,VAP,10,NORMAL,500000,0.3508286432221449,63.99346688
ecuador-early-expansion,seed-1,ON,MASS,11,NORMAL,250000,0.45427495445893584,52.9356160896
ecuador-early-expansion,seed-1,ON,BAL,11,NORMAL,500000,0.4233492343305748,73.7295340825346
ecuador-early-expansion,seed-1,ON,JPQ,11,NORMAL,500000,0.3572072054694424,66.03276129632256
ecuador-early-expansion,seed-1,ON,CONSV,11,NORMAL,500000,0.39639046839479697,71.44514574188544
ecuador-early-expansion,seed-1,ON,VAP,11,NORMAL,500000,0.3508286432221449,66.8739895296
ecuador-early-expansion,seed-1,ON,BAL,12,NORMAL,500000,0.4226749916733027,75.83117135593183
ecuador-early-expansion,seed-1,ON,JPQ,12,NORMAL,500000,0.3572072054694424,68.75014039261676
ecuador-early-expansion,seed-1,ON,CONSV,12,NORMAL,500000,0.41655020617152455,73.7295340825346
ecuador-early-expansion,seed-1,ON,VAP,12,NORMAL,500000,0.3508286432221449,69.524070367232
ecuador-early-expansion,seed-1,ON,MASS,13,NORMAL,500000,0.7112223779008983,54.52909995925504
ecuador-early-expansion,seed-1,ON,BAL,13,NORMAL,500000,0.41615999187655695,77.76467764745729
ecuador-early-expansion,seed-1,ON,JPQ,13,NORMAL,500000,0.3572072054694424,71.25012916120741
ecuador-early-expansion,seed-1,ON,CONSV,13,NORMAL,500000,0.39643006795207797,75.83117135593183
ecuador-early-expansion,seed-1,ON,VAP,13,NORMAL,500000,0.3508286432221449,71.96214473785344
ecuador-early-expansion,seed-1,ON,BAL,14,NORMAL,500000,0.41505728205549647,79.54350343566071
ecuador-early-expansion,seed-1,ON,JPQ,14,NORMAL,500000,0.3572072054694424,73.55011882831081
ecuador-early-expansion,seed-1,ON,CONSV,14,NORMAL,500000,0.3962706179602525,77.76467764745729
ecuador-early-expansion,seed-1,ON,VAP,14,NORMAL,500000,0.3508286432221449,74.20517315882516
ecuador-early-expansion,seed-1,ON,BAL,15,NORMAL,500000,0.4257152441817498,81.18002316080785
ecuador-early-expansion,seed-1,ON,JPQ,15,NORMAL,500000,0.34033511573640146,75.66610932204595
ecuador-early-expansion,seed-1,ON,CONSV,15,NORMAL,500000,0.3962299512597537,79.54350343566071
ecuador-early-expansion,seed-1,ON,VAP,15,NORMAL,500000,0.3368299878929829,76.26875930611915
ecuador-early-expansion,seed-1,ON,MASS,16,NORMAL,500000,0.6319694379579803,57.21615970607794
ecuador-early-expansion,seed-1,ON,BAL,16,NORMAL,500000,0.4289165225507151,82.68562130794322
ecuador-early-expansion,seed-1,ON,JPQ,16,NORMAL,500000,0.3402319442819837,77.61282057628227
ecuador-early-expansion,seed-1,ON,CONSV,16,NORMAL,500000,0.42088356929469173,81.18002316080785
ecuador-early-expansion,seed-1,ON,VAP,16,NORMAL,500000,0.33679568276433275,78.16725856162962
ecuador-early-expansion,seed-1,ON,BAL,17,NORMAL,500000,0.4227264503321784,84.07077160330776
ecuador-early-expansion,seed-1,ON,JPQ,17,NORMAL,500000,0.3401975676962542,79.40379493017969
ecuador-early-expansion,seed-1,ON,CONSV,17,NORMAL,500000,0.40427529206868473,82.68562130794322
ecuador-early-expansion,seed-1,ON,VAP,17,NORMAL,500000,0.33679568276433275,79.91387787669925
ecuador-early-expansion,seed-1,ON,MASS,18,NORMAL,500000,0.6371679160467554,60.000534913816196
ecuador-early-expansion,seed-1,ON,BAL,18,NORMAL,500000,0.4175079451761967,85.34510987504314
ecuador-early-expansion,seed-1,ON,JPQ,18,NORMAL,500000,0.3401975676962542,81.0514913357653
ecuador-early-expansion,seed-1,ON,CONSV,18,NORMAL,500000,0.38944115972461835,84.07077160330776
ecuador-early-expansion,seed-1,ON,VAP,18,NORMAL,500000,0.33679568276433275,81.5207676465633
ecuador-early-expansion,seed-1,ON,BAL,19,NORMAL,500000,0.4174493842621582,86.51750108503968
ecuador-early-expansion,seed-1,ON,JPQ,19,NORMAL,500000,0.34026632781584676,82.56737202890409
ecuador-early-expansion,seed-1,ON,CONSV,19,NORMAL,500000,0.3893191081322143,85.34510987504314
ecuador-early-expansion,seed-1,ON,VAP,19,NORMAL,500000,0.33679568276433275,82.99910623483824
ecuador-early-expansion,seed-1,ON,BAL,20,NORMAL,500000,0.4191606726690475,87.59610099823651
ecuador-early-expansion,seed-1,ON,JPQ,20,NORMAL,500000,0.34026632781584676,83.96198226659176
ecuador-early-expansion,seed-1,ON,CONSV,20,NORMAL,500000,0.39419197543395607,86.51750108503968
ecuador-early-expansion,seed-1,ON,VAP,20,NORMAL,500000,0.33679568276433275,84.35917773605118
ecuador-early-expansion,seed-1,ON,MASS,21,NORMAL,500000,0.6328032551399444,61.663954837860146
ecuador-early-expansion,seed-1,ON,BAL,21,NORMAL,500000,0.3951413420580542,88.58841291837759
ecuador-early-expansion,seed-1,ON,JPQ,21,NORMAL,500000,0.3248978797229349,85.24502368526441
ecuador-early-expansion,seed-1,ON,CONSV,21,NORMAL,500000,0.3940571453791086,87.59610099823651
ecuador-early-expansion,seed-1,ON,VAP,21,NORMAL,500000,0.3239725986567837,85.61044351716708
ecuador-early-expansion,seed-1,ON,MASS,22,NORMAL,500000,0.6337517150905789,64.73083845083133
ecuador-early-expansion,seed-1,ON,BAL,22,NORMAL,500000,0.39300760862730305,89.50133988490738
ecuador-early-expansion,seed-1,ON,JPQ,22,NORMAL,500000,0.3247669553520133,86.42542179044327
ecuador-early-expansion,seed-1,ON,CONSV,22,NORMAL,500000,0.39331722568188426,88.58841291837759
ecuador-early-expansion,seed-1,ON,VAP,22,NORMAL,500000,0.32387447143686254,86.76160803579371
ecuador-early-expansion,seed-1,ON,MASS,23,NORMAL,500000,0.6343567622430855,67.55237137476482
ecuador-early-expansion,seed-1,ON,JPQ,23,NORMAL,500000,0.3247342407447169,87.5113880472078
ecuador-early-expansion,seed-1,ON,CONSV,23,NORMAL,500000,0.39499416001134424,89.50133988490738
ecuador-early-expansion,seed-1,ON,VAP,23,NORMAL,500000,0.32384216709996744,87.82067939293022
ecuador-early-expansion,seed-1,ON,MASS,24,NORMAL,500000,0.6318875745627338,70.14818166478364
ecuador-early-expansion,seed-1,ON,BAL,24,NORMAL,500000,0.3946566644881619,87.9207587324679
ecuador-early-expansion,seed-1,ON,JPQ,24,NORMAL,500000,0.3247342407447169,88.51047700343118
ecuador-early-expansion,seed-1,ON,VAP,24,NORMAL,500000,0.32384216709996744,88.7950250414958
ecuador-early-expansion,seed-1,ON,MASS,25,NORMAL,500000,0.6308033911990311,72.53632713160094
ecuador-early-expansion,seed-1,ON,BAL,25,NORMAL,500000,0.3942897382941291,88.88709803387047
ecuador-early-expansion,seed-1,ON,JPQ,25,NORMAL,500000,0.3247342407447169,89.42963884315668
ecuador-early-expansion,seed-1,ON,CONSV,25,NORMAL,500000,0.37429296059743145,87.9207587324679
ecuador-early-expansion,seed-1,ON,VAP,25,NORMAL,500000,0.32384216709996744,89.69142303817614
ecuador-early-expansion,seed-1,ON,MASS,26,NORMAL,500000,0.6313729204154434,74.73342096107287
ecuador-early-expansion,seed-1,ON,BAL,26,NORMAL,500000,0.39300760862730305,89.77613019116083
ecuador-early-expansion,seed-1,ON,CONSV,26,NORMAL,500000,0.3757569153363306,88.88709803387047
ecuador-early-expansion,seed-1,ON,JPQ,27,NORMAL,500000,0.3107403936782477,87.85875167156189
ecuador-early-expansion,seed-1,ON,CONSV,27,NORMAL,500000,0.37984121877372823,89.77613019116083
ecuador-early-expansion,seed-1,ON,VAP,27,NORMAL,500000,0.3119734667814396,88.08514264341473
ecuador-early-expansion,seed-1,ON,BAL,28,NORMAL,500000,0.42379381922142295,88.1583973893159
ecuador-early-expansion,seed-1,ON,JPQ,28,NORMAL,500000,0.310646739796637,88.83005153783694
ecuador-early-expansion,seed-1,ON,VAP,28,NORMAL,500000,0.3118792044435551,89.03833123194156
ecuador-early-expansion,seed-1,ON,BAL,29,NORMAL,500000,0.42375071931684605,89.10572559817062
ecuador-early-expansion,seed-1,ON,JPQ,29,NORMAL,500000,0.31061553437985917,89.72364741480999
ecuador-early-expansion,seed-1,ON,CONSV,29,NORMAL,500000,0.37741773802981904,88.1583973893159
ecuador-early-expansion,seed-1,ON,VAP,29,NORMAL,500000,0.3118481593848458,89.91526473338624
ecuador-early-expansion,seed-1,ON,CONSV,30,NORMAL,500000,0.37669820258452635,89.10572559817062
ecuador-early-expansion,seed-1,ON,JPQ,31,NORMAL,500000,0.310677951484034,88.11301028432769
ecuador-early-expansion,seed-1,ON,CONSV,31,NORMAL,500000,0.37702528557780257,89.97726755031697
ecuador-early-expansion,seed-1,ON,VAP,31,NORMAL,500000,0.3118481593848458,88.27872094143243
ecuador-early-expansion,seed-1,ON,JPQ,32,NORMAL,500000,0.310677951484034,89.06396946158146
ecuador-early-expansion,seed-1,ON,VAP,32,NORMAL,500000,0.3118481593848458,89.21642326611783
ecuador-early-expansion,seed-2,OFF,BAL,2,NORMAL,500000,0.42352674105490346,50
ecuador-early-expansion,seed-2,OFF,BAL,3,NORMAL,500000,0.4478914167880452,54
ecuador-early-expansion,seed-2,OFF,JPQ,3,NORMAL,500000,0.519262725857217,50
ecuador-early-expansion,seed-2,OFF,CONSV,3,NORMAL,500000,0.4220150034774036,50
ecuador-early-expansion,seed-2,OFF,BAL,4,NORMAL,500000,0.5271392364493588,57.68
ecuador-early-expansion,seed-2,OFF,JPQ,4,NORMAL,500000,0.40439951080599973,54
ecuador-early-expansion,seed-2,OFF,CONSV,4,NORMAL,500000,0.6716841472465988,54
ecuador-early-expansion,seed-2,OFF,MASS,5,NORMAL,500000,1.0958363697132745,50
ecuador-early-expansion,seed-2,OFF,BAL,5,NORMAL,500000,0.3966554016532597,61.0656
ecuador-early-expansion,seed-2,OFF,JPQ,5,NORMAL,500000,0.3574962932996829,57.68
ecuador-early-expansion,seed-2,OFF,CONSV,5,NORMAL,500000,0.42855385786325617,57.68
ecuador-early-expansion,seed-2,OFF,VAP,5,NORMAL,500000,0.3603637886861338,50
ecuador-early-expansion,seed-2,OFF,CONSV,6,NORMAL,500000,0.4825423418841445,61.0656
ecuador-early-expansion,seed-2,OFF,MASS,7,LIQUIDITY_STRESS,500000,1.1048197762739953,53.76
ecuador-early-expansion,seed-2,OFF,BAL,7,NORMAL,500000,0.39292792601638665,63.32953088
ecuador-early-expansion,seed-2,OFF,VAP,7,NORMAL,500000,0.38203716274141303,53.76
ecuador-early-expansion,seed-2,OFF,BAL,8,NORMAL,500000,0.4484349172951482,66.2631684096
ecuador-early-expansion,seed-2,OFF,JPQ,8,NORMAL,500000,0.3810867848172891,59.777564160000004
ecuador-early-expansion,seed-2,OFF,CONSV,8,NORMAL,500000,0.44635185470354427,63.32953088
ecuador-early-expansion,seed-2,OFF,VAP,8,NORMAL,500000,0.3903038531108622,57.459199999999996
ecuador-early-expansion,seed-2,OFF,MASS,9,NORMAL,500000,0.8421761832575375,57.011647999999994
ecuador-early-expansion,seed-2,OFF,BAL,9,NORMAL,500000,0.44779875565681776,68.962114936832
ecuador-early-expansion,seed-2,OFF,JPQ,9,NORMAL,500000,0.3993999096237884,62.9953590272
ecuador-early-expansion,seed-2,OFF,CONSV,9,NORMAL,500000,0.44635185470354427,66.2631684096
ecuador-early-expansion,seed-2,OFF,BAL,10,NORMAL,500000,0.4404917650064532,71.44514574188544
ecuador-early-expansion,seed-2,OFF,JPQ,10,NORMAL,500000,0.39166888938761396,65.955730305024
ecuador-early-expansion,seed-2,OFF,CONSV,10,NORMAL,500000,0.4281236112740359,68.962114936832
ecuador-early-expansion,seed-2,OFF,VAP,10,NORMAL,500000,0.37850411539954587,60.21071616
ecuador-early-expansion,seed-2,OFF,MASS,11,NORMAL,500000,0.6481511488479114,59.823673190399994
ecuador-early-expansion,seed-2,OFF,BAL,11,NORMAL,500000,0.41443390400881913,73.7295340825346
ecuador-early-expansion,seed-2,OFF,JPQ,11,NORMAL,500000,0.41565548079576076,68.67927188062208
ecuador-early-expansion,seed-2,OFF,CONSV,11,NORMAL,500000,0.4543151993421516,71.44514574188544
ecuador-early-expansion,seed-2,OFF,VAP,11,NORMAL,500000,0.3895205874095104,63.393858867199995
ecuador-early-expansion,seed-2,OFF,BAL,12,NORMAL,500000,0.39316614336252986,75.83117135593183
ecuador-early-expansion,seed-2,OFF,JPQ,12,NORMAL,500000,0.36401697979043246,71.18493013017232
ecuador-early-expansion,seed-2,OFF,CONSV,12,NORMAL,500000,0.41635717450028814,73.7295340825346
ecuador-early-expansion,seed-2,OFF,VAP,12,NORMAL,500000,0.39740737785207353,66.32235015782399
ecuador-early-expansion,seed-2,OFF,BAL,13,NORMAL,500000,0.41025136100889015,77.76467764745729
ecuador-early-expansion,seed-2,OFF,JPQ,13,NORMAL,500000,0.3639068191843815,73.49013571975853
ecuador-early-expansion,seed-2,OFF,CONSV,13,NORMAL,500000,0.3993713894330324,75.83117135593183
ecuador-early-expansion,seed-2,OFF,VAP,13,NORMAL,500000,0.3867668795122158,69.01656214519807
ecuador-early-expansion,seed-2,OFF,MASS,14,NORMAL,500000,0.649772579597141,61.52018182055444
ecuador-early-expansion,seed-2,OFF,BAL,14,NORMAL,500000,0.4350110840824224,79.54350343566071
ecuador-early-expansion,seed-2,OFF,JPQ,14,NORMAL,500000,0.3573167172484211,75.61092486217784
ecuador-early-expansion,seed-2,OFF,CONSV,14,NORMAL,500000,0.41533068629242603,77.76467764745729
ecuador-early-expansion,seed-2,OFF,VAP,14,NORMAL,500000,0.3846416585994489,71.49523717358223
ecuador-early-expansion,seed-2,OFF,BAL,15,NORMAL,500000,0.46345860619458773,81.18002316080785
ecuador-early-expansion,seed-2,OFF,JPQ,15,NORMAL,500000,0.34033511573640146,77.56205087320362
ecuador-early-expansion,seed-2,OFF,CONSV,15,NORMAL,500000,0.41533068629242603,79.54350343566071
ecuador-early-expansion,seed-2,OFF,VAP,15,NORMAL,500000,0.3866278719104953,73.77561819969564
ecuador-early-expansion,seed-2,OFF,MASS,16,NORMAL,500000,0.5893932785590513,63.722653238415475
ecuador-early-expansion,seed-2,OFF,BAL,16,NORMAL,500000,0.4422356249098945,82.68562130794322
ecuador-early-expansion,seed-2,OFF,JPQ,16,NORMAL,500000,0.34033511573640146,79.35708680334733
ecuador-early-expansion,seed-2,OFF,CONSV,16,NORMAL,500000,0.47071449753580963,81.18002316080785
ecuador-early-expansion,seed-2,OFF,VAP,16,NORMAL,500000,0.38267000803913154,75.87356874371999
ecuador-early-expansion,seed-2,OFF,MASS,17,NORMAL,500000,0.5893932785590513,66.62484097934224
ecuador-early-expansion,seed-2,OFF,BAL,17,NORMAL,500000,0.4283785358364348,84.07077160330776
ecuador-early-expansion,seed-2,OFF,JPQ,17,NORMAL,500000,0.3402319442819837,81.00851985907954
ecuador-early-expansion,seed-2,OFF,CONSV,17,NORMAL,500000,0.44832976985887923,82.68562130794322
ecuador-early-expansion,seed-2,OFF,VAP,17,NORMAL,500000,0.3751059299146079,77.80368324422238
ecuador-early-expansion,seed-2,OFF,MASS,18,NORMAL,500000,0.5893932785590513,69.29485370099486
ecuador-early-expansion,seed-2,OFF,BAL,18,NORMAL,500000,0.4282486514449966,85.34510987504314
ecuador-early-expansion,seed-2,OFF,JPQ,18,NORMAL,500000,0.34026632781584676,82.52783827035317
ecuador-early-expansion,seed-2,OFF,CONSV,18,NORMAL,500000,0.41378123220740703,84.07077160330776
ecuador-early-expansion,seed-2,OFF,VAP,18,NORMAL,500000,0.37205636445569934,79.5793885846846
ecuador-early-expansion,seed-2,OFF,MASS,19,NORMAL,500000,0.5893932785590513,71.75126540491527
ecuador-early-expansion,seed-2,OFF,BAL,19,NORMAL,500000,0.4282486514449966,86.51750108503968
ecuador-early-expansion,seed-2,OFF,JPQ,19,NORMAL,500000,0.365844307199172,83.92561120872492
ecuador-early-expansion,seed-2,OFF,CONSV,19,NORMAL,500000,0.38916426584744995,85.34510987504314
ecuador-early-expansion,seed-2,OFF,VAP,19,NORMAL,500000,0.3793234144812327,81.21303749790982
ecuador-early-expansion,seed-2,OFF,BAL,20,NORMAL,500000,0.4282486514449966,87.59610099823651
ecuador-early-expansion,seed-2,OFF,JPQ,20,NORMAL,500000,0.35568940859379755,85.21156231202693
ecuador-early-expansion,seed-2,OFF,CONSV,20,NORMAL,500000,0.3896769889503193,86.51750108503968
ecuador-early-expansion,seed-2,OFF,VAP,20,NORMAL,500000,0.37854503641148995,82.71599449807704
ecuador-early-expansion,seed-2,OFF,MASS,21,NORMAL,250000,0.29469663927952566,72.57049432217073
ecuador-early-expansion,seed-2,OFF,BAL,21,NORMAL,500000,0.4282486514449966,88.58841291837759
ecuador-early-expansion,seed-2,OFF,JPQ,21,NORMAL,500000,0.3435476225370813,86.39463732706477
ecuador-early-expansion,seed-2,OFF,CONSV,21,NORMAL,500000,0.39758743941761393,87.59610099823651
ecuador-early-expansion,seed-2,OFF,VAP,21,NORMAL,500000,0.374982263338944,84.09871493823087
ecuador-early-expansion,seed-2,OFF,MASS,22,NORMAL,500000,0.5893932785590513,73.6676745492839
ecuador-early-expansion,seed-2,OFF,BAL,22,NORMAL,500000,0.4282486514449966,89.50133988490738
ecuador-early-expansion,seed-2,OFF,JPQ,22,NORMAL,500000,0.34352191862213083,87.48306634089958
ecuador-early-expansion,seed-2,OFF,CONSV,22,NORMAL,500000,0.4014273149610756,88.58841291837759
ecuador-early-expansion,seed-2,OFF,VAP,22,NORMAL,500000,0.37454653650824943,85.3708177431724
ecuador-early-expansion,seed-2,OFF,MASS,23,NORMAL,500000,0.5893932785590513,75.7742605853412
ecuador-early-expansion,seed-2,OFF,JPQ,23,NORMAL,500000,0.3515759038313336,88.48442103362761
ecuador-early-expansion,seed-2,OFF,CONSV,23,NORMAL,500000,0.40059544506955136,89.50133988490738
ecuador-early-expansion,seed-2,OFF,VAP,23,NORMAL,500000,0.3908129566063178,86.5411523237186
ecuador-early-expansion,seed-2,OFF,MASS,24,NORMAL,500000,0.5547788651443535,77.7123197385139
ecuador-early-expansion,seed-2,OFF,BAL,24,NORMAL,500000,0.4282486514449966,87.9207587324679
ecuador-early-expansion,seed-2,OFF,JPQ,24,NORMAL,500000,0.3506970454475315,89.4056673509374
ecuador-early-expansion,seed-2,OFF,VAP,24,NORMAL,500000,0.39114253046061565,87.61786013782111
ecuador-early-expansion,seed-2,OFF,MASS,25,NORMAL,500000,0.554666548337803,79.49533415943279
ecuador-early-expansion,seed-2,OFF,BAL,25,NORMAL,500000,0.4282486514449966,88.88709803387047
ecuador-early-expansion,seed-2,OFF,CONSV,25,NORMAL,500000,0.3961486428937866,87.9207587324679
ecuador-early-expansion,seed-2,OFF,VAP,25,NORMAL,500000,0.3766821116377294,88.60843132679543
ecuador-early-expansion,seed-2,OFF,MASS,26,NORMAL,100000,0.1109333096675606,81.13570742667817
ecuador-early-expansion,seed-2,OFF,BAL,26,NORMAL,500000,0.4282486514449966,89.77613019116083
ecuador-early-expansion,seed-2,OFF,JPQ,26,NORMAL,500000,0.3437144019290352,87.83802112509068
ecuador-early-expansion,seed-2,OFF,CONSV,26,NORMAL,500000,0.39684303429358764,88.88709803387047
ecuador-early-expansion,seed-2,OFF,VAP,26,NORMAL,500000,0.372592012342632,89.51975682065179
ecuador-early-expansion,seed-2,OFF,MASS,27,NORMAL,500000,0.554666548337803,81.43753610785132
ecuador-early-expansion,seed-2,OFF,JPQ,27,NORMAL,500000,0.3524509793555363,88.81097943508342
ecuador-early-expansion,seed-2,OFF,CONSV,27,NORMAL,500000,0.3982391457929618,89.77613019116083
ecuador-early-expansion,seed-2,OFF,BAL,28,NORMAL,500000,0.4282486514449966,88.1583973893159
ecuador-early-expansion,seed-2,OFF,JPQ,28,NORMAL,500000,0.33372205278041195,89.70610108027675
ecuador-early-expansion,seed-2,OFF,VAP,28,NORMAL,500000,0.3925621716413715,87.93668569849967
ecuador-early-expansion,seed-2,OFF,CONSV,29,NORMAL,500000,0.38325189230621826,88.1583973893159
ecuador-early-expansion,seed-2,OFF,VAP,29,NORMAL,500000,0.3765844035611026,88.9017508426197
ecuador-early-expansion,seed-2,OFF,JPQ,30,NORMAL,500000,0.3268660274866872,88.09783621422334
ecuador-early-expansion,seed-2,OFF,CONSV,30,NORMAL,500000,0.37895151694292234,89.10572559817062
ecuador-early-expansion,seed-2,OFF,VAP,30,NORMAL,500000,0.36795029315335753,89.78961077521012
ecuador-early-expansion,seed-2,OFF,JPQ,31,NORMAL,500000,0.32826039715568933,89.05000931708547
ecuador-early-expansion,seed-2,OFF,CONSV,31,NORMAL,500000,0.3828564537155262,89.97726755031697
ecuador-early-expansion,seed-2,OFF,JPQ,32,NORMAL,500000,0.33046267020975517,89.92600857171863
ecuador-early-expansion,seed-2,OFF,VAP,32,NORMAL,500000,0.38810426281302934,88.1700553984017
ecuador-early-expansion,seed-2,ON,BAL,2,NORMAL,500000,0.42352674105490346,50
ecuador-early-expansion,seed-2,ON,BAL,3,NORMAL,500000,0.4457400622253127,54
ecuador-early-expansion,seed-2,ON,JPQ,3,NORMAL,500000,0.3990044360515191,50
ecuador-early-expansion,seed-2,ON,CONSV,3,NORMAL,500000,0.4827363815239409,50
ecuador-early-expansion,seed-2,ON,BAL,4,NORMAL,500000,0.5152174629867775,57.68
ecuador-early-expansion,seed-2,ON,CONSV,4,NORMAL,500000,0.44800358402867224,54
ecuador-early-expansion,seed-2,ON,MASS,5,NORMAL,500000,1.0818705541881914,50
ecuador-early-expansion,seed-2,ON,BAL,5,NORMAL,500000,0.3944474422450055,61.0656
ecuador-early-expansion,seed-2,ON,CONSV,5,NORMAL,500000,0.4275879762261085,57.68
ecuador-early-expansion,seed-2,ON,VAP,5,NORMAL,500000,0.350899650560092,50
ecuador-early-expansion,seed-2,ON,CONSV,6,NORMAL,500000,0.44800358402867224,61.0656
ecuador-early-expansion,seed-2,ON,MASS,7,LIQUIDITY_STRESS,500000,1.057708580132002,53.76
ecuador-early-expansion,seed-2,ON,BAL,7,NORMAL,500000,0.3940166211971486,63.32953088
ecuador-early-expansion,seed-2,ON,VAP,7,NORMAL,500000,0.3508286432221449,53.76
ecuador-early-expansion,seed-2,ON,BAL,8,NORMAL,500000,0.44932592125293636,66.2631684096
ecuador-early-expansion,seed-2,ON,JPQ,8,NORMAL,500000,0.35746002631763696,53.12299584
ecuador-early-expansion,seed-2,ON,CONSV,8,NORMAL,500000,0.4213764260958421,63.32953088
ecuador-early-expansion,seed-2,ON,VAP,8,NORMAL,500000,0.3508286432221449,57.459199999999996
ecuador-early-expansion,seed-2,ON,BAL,9,NORMAL,500000,0.44726639723338896,68.962114936832
ecuador-early-expansion,seed-2,ON,JPQ,9,NORMAL,500000,0.35746002631763696,56.8731561728
ecuador-early-expansion,seed-2,ON,CONSV,9,NORMAL,500000,0.4689760611169603,66.2631684096
ecuador-early-expansion,seed-2,ON,VAP,9,NORMAL,500000,0.3508286432221449,60.862463999999996
ecuador-early-expansion,seed-2,ON,BAL,10,NORMAL,500000,0.4404917650064532,71.44514574188544
ecuador-early-expansion,seed-2,ON,JPQ,10,NORMAL,500000,0.35746002631763696,60.323303678976
ecuador-early-expansion,seed-2,ON,CONSV,10,NORMAL,500000,0.42500942458399016,68.962114936832
ecuador-early-expansion,seed-2,ON,VAP,10,NORMAL,500000,0.3508286432221449,63.99346688
ecuador-early-expansion,seed-2,ON,BAL,11,NORMAL,500000,0.41443390400881913,73.7295340825346
ecuador-early-expansion,seed-2,ON,JPQ,11,NORMAL,500000,0.35746002631763696,63.49743938465792
ecuador-early-expansion,seed-2,ON,CONSV,11,NORMAL,500000,0.42112178420877533,71.44514574188544
ecuador-early-expansion,seed-2,ON,VAP,11,NORMAL,500000,0.3508286432221449,66.8739895296
ecuador-early-expansion,seed-2,ON,BAL,12,NORMAL,500000,0.39316614336252986,75.83117135593183
ecuador-early-expansion,seed-2,ON,JPQ,12,NORMAL,500000,0.35746002631763696,66.41764423388528
ecuador-early-expansion,seed-2,ON,CONSV,12,NORMAL,500000,0.39631019357375097,73.7295340825346
ecuador-early-expansion,seed-2,ON,VAP,12,NORMAL,500000,0.3508286432221449,69.524070367232
ecuador-early-expansion,seed-2,ON,BAL,13,NORMAL,500000,0.3987336220164758,77.76467764745729
ecuador-early-expansion,seed-2,ON,JPQ,13,NORMAL,500000,0.3737276069892444,69.10423269517446
ecuador-early-expansion,seed-2,ON,CONSV,13,NORMAL,500000,0.3963497770928854,75.83117135593183
ecuador-early-expansion,seed-2,ON,VAP,13,NORMAL,500000,0.3508286432221449,71.96214473785344
ecuador-early-expansion,seed-2,ON,MASS,14,NORMAL,500000,0.649772579597141,55.1458766708529
ecuador-early-expansion,seed-2,ON,BAL,14,NORMAL,500000,0.42981026455681404,79.54350343566071
ecuador-early-expansion,seed-2,ON,JPQ,14,NORMAL,500000,0.35735126950825247,71.5758940795605
ecuador-early-expansion,seed-2,ON,CONSV,14,NORMAL,500000,0.41399827528318517,77.76467764745729
ecuador-early-expansion,seed-2,ON,VAP,14,NORMAL,500000,0.3508286432221449,74.20517315882516
ecuador-early-expansion,seed-2,ON,BAL,15,NORMAL,500000,0.4632898396831839,81.18002316080785
ecuador-early-expansion,seed-2,ON,JPQ,15,NORMAL,500000,0.3404039314747823,73.84982255319566
ecuador-early-expansion,seed-2,ON,CONSV,15,NORMAL,500000,0.43150653602950123,79.54350343566071
ecuador-early-expansion,seed-2,ON,VAP,15,NORMAL,500000,0.3368299878929829,76.26875930611915
ecuador-early-expansion,seed-2,ON,MASS,16,NORMAL,500000,0.6043044606733765,58.21015414495359
ecuador-early-expansion,seed-2,ON,BAL,16,NORMAL,500000,0.4433142885514972,82.68562130794322
ecuador-early-expansion,seed-2,ON,JPQ,16,NORMAL,500000,0.34033511573640146,75.94183674894
ecuador-early-expansion,seed-2,ON,CONSV,16,NORMAL,500000,0.42839835563575174,81.18002316080785
ecuador-early-expansion,seed-2,ON,VAP,16,NORMAL,500000,0.33679568276433275,78.16725856162962
ecuador-early-expansion,seed-2,ON,MASS,17,NORMAL,500000,0.6513257736121876,61.55334181335731
ecuador-early-expansion,seed-2,ON,BAL,17,NORMAL,500000,0.4283785358364348,84.07077160330776
ecuador-early-expansion,seed-2,ON,JPQ,17,NORMAL,500000,0.34026632781584676,77.8664898090248
ecuador-early-expansion,seed-2,ON,CONSV,17,NORMAL,500000,0.41483620192566967,82.68562130794322
ecuador-early-expansion,seed-2,ON,VAP,17,NORMAL,500000,0.33679568276433275,79.91387787669925
ecuador-early-expansion,seed-2,ON,MASS,18,NORMAL,500000,0.6500133252731681,64.62907446828872
ecuador-early-expansion,seed-2,ON,BAL,18,NORMAL,500000,0.4282486514449966,85.34510987504314
ecuador-early-expansion,seed-2,ON,JPQ,18,NORMAL,500000,0.3401975676962542,79.63717062430281
ecuador-early-expansion,seed-2,ON,CONSV,18,NORMAL,500000,0.40929056847185635,84.07077160330776
ecuador-early-expansion,seed-2,ON,VAP,18,NORMAL,500000,0.33679568276433275,81.5207676465633
ecuador-early-expansion,seed-2,ON,MASS,19,NORMAL,500000,0.6325150696715349,67.45874851082563
ecuador-early-expansion,seed-2,ON,BAL,19,NORMAL,500000,0.4282486514449966,86.51750108503968
ecuador-early-expansion,seed-2,ON,JPQ,19,NORMAL,500000,0.3401975676962542,81.26619697435859
ecuador-early-expansion,seed-2,ON,CONSV,19,NORMAL,500000,0.4157585806334664,85.34510987504314
ecuador-early-expansion,seed-2,ON,VAP,19,NORMAL,500000,0.33679568276433275,82.99910623483824
ecuador-early-expansion,seed-2,ON,MASS,20,NORMAL,500000,0.6269513861895148,70.06204862995958
ecuador-early-expansion,seed-2,ON,BAL,20,NORMAL,500000,0.4282486514449966,87.59610099823651
ecuador-early-expansion,seed-2,ON,JPQ,20,NORMAL,500000,0.3401975676962542,82.76490121640991
ecuador-early-expansion,seed-2,ON,CONSV,20,NORMAL,500000,0.41809603247769983,86.51750108503968
ecuador-early-expansion,seed-2,ON,VAP,20,NORMAL,500000,0.33679568276433275,84.35917773605118
ecuador-early-expansion,seed-2,ON,MASS,21,NORMAL,500000,0.6308232874724803,72.45708473956282
ecuador-early-expansion,seed-2,ON,BAL,21,NORMAL,500000,0.4282486514449966,88.58841291837759
ecuador-early-expansion,seed-2,ON,JPQ,21,NORMAL,500000,0.3247669553520133,84.14370911909711
ecuador-early-expansion,seed-2,ON,CONSV,21,NORMAL,500000,0.4155445233101778,87.59610099823651
ecuador-early-expansion,seed-2,ON,VAP,21,NORMAL,500000,0.3239725986567837,85.61044351716708
ecuador-early-expansion,seed-2,ON,MASS,22,NORMAL,500000,0.6332219917997752,74.6605179603978
ecuador-early-expansion,seed-2,ON,BAL,22,NORMAL,500000,0.4282486514449966,89.50133988490738
ecuador-early-expansion,seed-2,ON,JPQ,22,NORMAL,500000,0.32479967655149006,85.41221238956935
ecuador-early-expansion,seed-2,ON,CONSV,22,NORMAL,500000,0.4149313890201686,88.58841291837759
ecuador-early-expansion,seed-2,ON,VAP,22,NORMAL,500000,0.32387447143686254,86.76160803579371
ecuador-early-expansion,seed-2,ON,MASS,23,NORMAL,500000,0.6330836873326285,76.68767652356597
ecuador-early-expansion,seed-2,ON,JPQ,23,NORMAL,500000,0.35800142126564244,86.5792353984038
ecuador-early-expansion,seed-2,ON,CONSV,23,NORMAL,500000,0.41632926649028185,89.50133988490738
ecuador-early-expansion,seed-2,ON,VAP,23,NORMAL,500000,0.32384216709996744,87.82067939293022
ecuador-early-expansion,seed-2,ON,MASS,24,NORMAL,500000,0.6316740309330773,78.55266240168069
ecuador-early-expansion,seed-2,ON,BAL,24,NORMAL,500000,0.4282486514449966,87.9207587324679
ecuador-early-expansion,seed-2,ON,JPQ,24,NORMAL,500000,0.32479967655149006,87.6528965665315
ecuador-early-expansion,seed-2,ON,VAP,24,NORMAL,500000,0.32384216709996744,88.7950250414958
ecuador-early-expansion,seed-2,ON,MASS,25,NORMAL,500000,0.6430537335699771,80.26844940954624
ecuador-early-expansion,seed-2,ON,BAL,25,NORMAL,500000,0.4282486514449966,88.88709803387047
ecuador-early-expansion,seed-2,ON,JPQ,25,NORMAL,500000,0.32479967655149006,88.64066484120897
ecuador-early-expansion,seed-2,ON,CONSV,25,NORMAL,500000,0.39631019357375097,87.9207587324679
ecuador-early-expansion,seed-2,ON,VAP,25,NORMAL,500000,0.3239402747428173,89.69142303817614
ecuador-early-expansion,seed-2,ON,MASS,26,NORMAL,500000,0.6469016644779827,81.84697345678254
ecuador-early-expansion,seed-2,ON,BAL,26,NORMAL,500000,0.4282486514449966,89.77613019116083
ecuador-early-expansion,seed-2,ON,JPQ,26,NORMAL,500000,0.32479967655149006,89.54941165391226
ecuador-early-expansion,seed-2,ON,CONSV,26,NORMAL,500000,0.3963805697415757,88.88709803387047
ecuador-early-expansion,seed-2,ON,CONSV,27,NORMAL,500000,0.4003742698674721,89.77613019116083
ecuador-early-expansion,seed-2,ON,VAP,27,NORMAL,500000,0.3118792044435551,88.08514264341473
ecuador-early-expansion,seed-2,ON,BAL,28,NORMAL,500000,0.4282486514449966,88.1583973893159
ecuador-early-expansion,seed-2,ON,JPQ,28,NORMAL,500000,0.310646739796637,87.96233119830332
ecuador-early-expansion,seed-2,ON,VAP,28,NORMAL,500000,0.3118481593848458,89.03833123194156
ecuador-early-expansion,seed-2,ON,JPQ,29,NORMAL,500000,0.3105843352318111,88.92534470243905
ecuador-early-expansion,seed-2,ON,CONSV,29,NORMAL,500000,0.39982967255948965,88.1583973893159
ecuador-early-expansion,seed-2,ON,VAP,29,NORMAL,500000,0.3118481593848458,89.91526473338624
ecuador-early-expansion,seed-2,ON,JPQ,30,NORMAL,500000,0.3105843352318111,89.81131712624392
ecuador-early-expansion,seed-2,ON,CONSV,30,NORMAL,500000,0.39887851317236456,89.10572559817062
ecuador-early-expansion,seed-2,ON,CONSV,31,NORMAL,500000,0.3991125333707967,89.97726755031697
ecuador-early-expansion,seed-2,ON,VAP,31,NORMAL,500000,0.3118481593848458,88.27872094143243
ecuador-early-expansion,seed-2,ON,JPQ,32,NORMAL,500000,0.3105843352318111,88.18882705077574
ecuador-early-expansion,seed-2,ON,VAP,32,NORMAL,500000,0.3118481593848458,89.21642326611783
ecuador-early-expansion,seed-3,OFF,BAL,2,NORMAL,500000,0.42352674105490346,50
ecuador-early-expansion,seed-3,OFF,BAL,3,NORMAL,500000,0.4478914167880452,54
ecuador-early-expansion,seed-3,OFF,JPQ,3,NORMAL,500000,0.519262725857217,50
ecuador-early-expansion,seed-3,OFF,CONSV,3,NORMAL,500000,0.4220150034774036,50
ecuador-early-expansion,seed-3,OFF,BAL,4,NORMAL,500000,0.4803932306829078,57.68
ecuador-early-expansion,seed-3,OFF,JPQ,4,NORMAL,500000,0.40439951080599973,54
ecuador-early-expansion,seed-3,OFF,MASS,5,NORMAL,500000,1.0641694157709907,50
ecuador-early-expansion,seed-3,OFF,BAL,5,NORMAL,500000,0.41796025365171874,61.0656
ecuador-early-expansion,seed-3,OFF,JPQ,5,NORMAL,500000,0.3574962932996829,57.68
ecuador-early-expansion,seed-3,OFF,CONSV,5,NORMAL,500000,0.42222829292678943,53.76
ecuador-early-expansion,seed-3,OFF,VAP,5,NORMAL,500000,0.36032743097783926,50
ecuador-early-expansion,seed-3,OFF,MASS,7,LIQUIDITY_STRESS,500000,1.0760382423991348,53.76
ecuador-early-expansion,seed-3,OFF,BAL,7,NORMAL,500000,0.4007479559850505,63.32953088
ecuador-early-expansion,seed-3,OFF,VAP,7,NORMAL,500000,0.3843163273870886,53.76
ecuador-early-expansion,seed-3,OFF,BAL,8,NORMAL,500000,0.42942377341540483,66.2631684096
ecuador-early-expansion,seed-3,OFF,JPQ,8,NORMAL,500000,0.3815848960761167,59.777564160000004
ecuador-early-expansion,seed-3,OFF,CONSV,8,NORMAL,500000,0.429500868450756,56.59094911999999
ecuador-early-expansion,seed-3,OFF,VAP,8,NORMAL,500000,0.3922327867072622,57.459199999999996
ecuador-early-expansion,seed-3,OFF,MASS,9,NORMAL,500000,0.8700267098199915,57.011647999999994
ecuador-early-expansion,seed-3,OFF,BAL,9,NORMAL,500000,0.4196894801474285,68.962114936832
ecuador-early-expansion,seed-3,OFF,JPQ,9,NORMAL,500000,0.39819071694796054,62.9953590272
ecuador-early-expansion,seed-3,OFF,CONSV,9,NORMAL,500000,0.47316693944740723,60.06367319039999
ecuador-early-expansion,seed-3,OFF,BAL,10,NORMAL,500000,0.41968736648695654,71.44514574188544
ecuador-early-expansion,seed-3,OFF,JPQ,10,NORMAL,500000,0.3922955969291414,65.955730305024
ecuador-early-expansion,seed-3,OFF,CONSV,10,NORMAL,500000,0.4293279043388737,63.25857933516799
ecuador-early-expansion,seed-3,OFF,VAP,10,NORMAL,500000,0.3757729273342338,60.21071616
ecuador-early-expansion,seed-3,OFF,MASS,11,NORMAL,500000,0.6548338195474444,59.823673190399994
ecuador-early-expansion,seed-3,OFF,BAL,11,NORMAL,500000,0.4248135281018397,73.7295340825346
ecuador-early-expansion,seed-3,OFF,JPQ,11,NORMAL,500000,0.3762986631312655,68.67927188062208
ecuador-early-expansion,seed-3,OFF,CONSV,11,NORMAL,500000,0.5479584165316862,66.19789298835455
ecuador-early-expansion,seed-3,OFF,VAP,11,NORMAL,500000,0.38595017846336244,63.393858867199995
ecuador-early-expansion,seed-3,OFF,BAL,12,NORMAL,500000,0.4343852406320479,75.83117135593183
ecuador-early-expansion,seed-3,OFF,JPQ,12,NORMAL,500000,0.3762603498875094,71.18493013017232
ecuador-early-expansion,seed-3,OFF,VAP,12,NORMAL,500000,0.40128140388138633,66.32235015782399
ecuador-early-expansion,seed-3,OFF,BAL,13,NORMAL,500000,0.43624650021245204,77.76467764745729
ecuador-early-expansion,seed-3,OFF,JPQ,13,NORMAL,500000,0.36925554684604805,73.49013571975853
ecuador-early-expansion,seed-3,OFF,CONSV,13,NORMAL,500000,0.4209517803945076,67.76793785632901
ecuador-early-expansion,seed-3,OFF,VAP,13,NORMAL,500000,0.38546530596385753,69.01656214519807
ecuador-early-expansion,seed-3,OFF,MASS,14,NORMAL,500000,0.5893324925523106,61.52018182055444
ecuador-early-expansion,seed-3,OFF,BAL,14,NORMAL,500000,0.4126863072334005,79.54350343566071
ecuador-early-expansion,seed-3,OFF,JPQ,14,NORMAL,500000,0.35930203137152267,75.61092486217784
ecuador-early-expansion,seed-3,OFF,CONSV,14,NORMAL,500000,0.450932257348843,70.34650282782269
ecuador-early-expansion,seed-3,OFF,VAP,14,NORMAL,500000,0.38191378525446146,71.49523717358223
ecuador-early-expansion,seed-3,OFF,BAL,15,NORMAL,500000,0.42243180472160474,81.18002316080785
ecuador-early-expansion,seed-3,OFF,JPQ,15,NORMAL,500000,0.3787007776090287,77.56205087320362
ecuador-early-expansion,seed-3,OFF,CONSV,15,NORMAL,500000,0.46564212980985037,72.71878260159687
ecuador-early-expansion,seed-3,OFF,VAP,15,NORMAL,500000,0.5606673466440246,73.77561819969564
ecuador-early-expansion,seed-3,OFF,MASS,16,NORMAL,500000,0.5893932785590513,63.722653238415475
ecuador-early-expansion,seed-3,OFF,BAL,16,NORMAL,500000,0.42437436609079066,82.68562130794322
ecuador-early-expansion,seed-3,OFF,JPQ,16,NORMAL,500000,0.3897144990551372,79.35708680334733
ecuador-early-expansion,seed-3,OFF,CONSV,16,NORMAL,500000,0.4517936206740761,74.90127999346912
ecuador-early-expansion,seed-3,OFF,VAP,16,NORMAL,500000,0.3937992682264478,75.87356874371999
ecuador-early-expansion,seed-3,OFF,BAL,17,NORMAL,500000,0.4179917003567977,84.07077160330776
ecuador-early-expansion,seed-3,OFF,JPQ,17,NORMAL,500000,0.41840219898806913,81.00851985907954
ecuador-early-expansion,seed-3,OFF,CONSV,17,NORMAL,500000,0.44194285148598866,76.90917759399159
ecuador-early-expansion,seed-3,OFF,VAP,17,NORMAL,500000,0.3631235012077487,77.80368324422238
ecuador-early-expansion,seed-3,OFF,BAL,18,NORMAL,500000,0.4182224541962768,85.34510987504314
ecuador-early-expansion,seed-3,OFF,JPQ,18,NORMAL,500000,0.36083369615161476,82.52783827035317
ecuador-early-expansion,seed-3,OFF,CONSV,18,NORMAL,500000,0.44366536805813434,78.75644338647226
ecuador-early-expansion,seed-3,OFF,VAP,18,NORMAL,500000,0.35093482017397937,79.5793885846846
ecuador-early-expansion,seed-3,OFF,MASS,19,NORMAL,500000,0.5893932785590513,64.6897094893468
ecuador-early-expansion,seed-3,OFF,BAL,19,NORMAL,500000,0.42217392552514216,86.51750108503968
ecuador-early-expansion,seed-3,OFF,JPQ,19,NORMAL,500000,0.4023943429149865,83.92561120872492
ecuador-early-expansion,seed-3,OFF,CONSV,19,NORMAL,500000,0.4489807463586539,80.45592791555447
ecuador-early-expansion,seed-3,OFF,VAP,19,NORMAL,500000,0.3536607137552232,81.21303749790982
ecuador-early-expansion,seed-3,OFF,MASS,20,NORMAL,100000,0.11787865571181026,67.51453273019905
ecuador-early-expansion,seed-3,OFF,BAL,20,NORMAL,500000,0.4233255780087442,87.59610099823651
ecuador-early-expansion,seed-3,OFF,JPQ,20,NORMAL,500000,0.38239964341998045,85.21156231202693
ecuador-early-expansion,seed-3,OFF,CONSV,20,NORMAL,500000,0.45084687076203944,82.01945368231011
ecuador-early-expansion,seed-3,OFF,VAP,20,NORMAL,500000,0.36297809296536837,82.71599449807704
ecuador-early-expansion,seed-3,OFF,MASS,21,NORMAL,500000,0.5893932785590513,68.03430020651587
ecuador-early-expansion,seed-3,OFF,BAL,21,NORMAL,500000,0.3943550441559343,88.58841291837759
ecuador-early-expansion,seed-3,OFF,JPQ,21,NORMAL,500000,0.3966790977962334,86.39463732706477
ecuador-early-expansion,seed-3,OFF,CONSV,21,NORMAL,500000,0.4472209911222161,83.45789738772531
ecuador-early-expansion,seed-3,OFF,VAP,21,NORMAL,500000,0.3508286432221449,84.09871493823087
ecuador-early-expansion,seed-3,OFF,MASS,22,NORMAL,500000,0.5893324925523106,70.59155618999459
ecuador-early-expansion,seed-3,OFF,BAL,22,NORMAL,500000,0.39300760862730305,89.50133988490738
ecuador-early-expansion,seed-3,OFF,JPQ,22,NORMAL,500000,0.3970554053494957,87.48306634089958
ecuador-early-expansion,seed-3,OFF,CONSV,22,NORMAL,500000,0.4453624849801502,84.78126559670729
ecuador-early-expansion,seed-3,OFF,VAP,22,NORMAL,500000,0.3519529588122122,85.3708177431724
ecuador-early-expansion,seed-3,OFF,MASS,23,NORMAL,500000,0.5893932785590513,72.94423169479502
ecuador-early-expansion,seed-3,OFF,JPQ,23,NORMAL,500000,0.3970554053494957,88.48442103362761
ecuador-early-expansion,seed-3,OFF,CONSV,23,NORMAL,500000,0.4466393293621142,85.9987643489707
ecuador-early-expansion,seed-3,OFF,VAP,23,NORMAL,500000,0.3936317313781488,86.5411523237186
ecuador-early-expansion,seed-3,OFF,MASS,24,NORMAL,500000,0.5893932785590513,75.10869315921141
ecuador-early-expansion,seed-3,OFF,BAL,24,NORMAL,500000,0.39300760862730305,87.9207587324679
ecuador-early-expansion,seed-3,OFF,JPQ,24,NORMAL,500000,0.3970554053494957,89.4056673509374
ecuador-early-expansion,seed-3,OFF,CONSV,24,NORMAL,500000,0.44678460290901456,87.11886320105305
ecuador-early-expansion,seed-3,OFF,VAP,24,NORMAL,500000,0.3868523434122295,87.61786013782111
ecuador-early-expansion,seed-3,OFF,MASS,25,NORMAL,500000,0.5893932785590513,77.0999977064745
ecuador-early-expansion,seed-3,OFF,BAL,25,NORMAL,500000,0.39300760862730305,88.88709803387047
ecuador-early-expansion,seed-3,OFF,CONSV,25,NORMAL,500000,0.4464788002936045,88.1493541449688
ecuador-early-expansion,seed-3,OFF,VAP,25,NORMAL,500000,0.3634731047349205,88.60843132679543
ecuador-early-expansion,seed-3,OFF,MASS,26,NORMAL,500000,0.5893324925523106,78.93199788995653
ecuador-early-expansion,seed-3,OFF,BAL,26,NORMAL,500000,0.39300760862730305,89.77613019116083
ecuador-early-expansion,seed-3,OFF,JPQ,26,NORMAL,500000,0.3970554053494957,87.83802112509068
ecuador-early-expansion,seed-3,OFF,CONSV,26,NORMAL,500000,0.4464857774188032,89.0974058133713
ecuador-early-expansion,seed-3,OFF,VAP,26,NORMAL,500000,0.3607445305357258,89.51975682065179
ecuador-early-expansion,seed-3,OFF,MASS,27,NORMAL,500000,0.5895114129409545,80.61743805876002
ecuador-early-expansion,seed-3,OFF,JPQ,27,NORMAL,500000,0.3970554053494957,88.81097943508342
ecuador-early-expansion,seed-3,OFF,CONSV,27,NORMAL,500000,0.4469173873209537,89.96961334830159
ecuador-early-expansion,seed-3,OFF,MASS,28,NORMAL,500000,0.5894523398310629,82.16804301405921
ecuador-early-expansion,seed-3,OFF,BAL,28,NORMAL,500000,0.42379381922142295,88.1583973893159
ecuador-early-expansion,seed-3,OFF,JPQ,28,NORMAL,500000,0.3970554053494957,89.70610108027675
ecuador-early-expansion,seed-3,OFF,VAP,28,NORMAL,500000,0.3636463077099417,87.93668569849967
ecuador-early-expansion,seed-3,OFF,BAL,29,NORMAL,500000,0.42375071931684605,89.10572559817062
ecuador-early-expansion,seed-3,OFF,CONSV,29,NORMAL,500000,0.4263043420802458,88.32572162361123
ecuador-early-expansion,seed-3,OFF,VAP,29,NORMAL,500000,0.3620192565282932,88.9017508426197
ecuador-early-expansion,seed-3,OFF,JPQ,30,NORMAL,500000,0.3970554053494957,88.09783621422334
ecuador-early-expansion,seed-3,OFF,CONSV,30,NORMAL,500000,0.4294995771576663,89.25966389372233
ecuador-early-expansion,seed-3,OFF,VAP,30,NORMAL,500000,0.3620192565282932,89.78961077521012
ecuador-early-expansion,seed-3,OFF,JPQ,31,NORMAL,500000,0.3970554053494957,89.05000931708547
ecuador-early-expansion,seed-3,OFF,JPQ,32,NORMAL,500000,0.3970554053494957,89.92600857171863
ecuador-early-expansion,seed-3,OFF,CONSV,32,NORMAL,500000,0.43275880274680667,87.71175733529108
ecuador-early-expansion,seed-3,OFF,VAP,32,NORMAL,500000,0.36410305106705493,88.1700553984017
ecuador-early-expansion,seed-3,ON,BAL,2,NORMAL,500000,0.42352674105490346,50
ecuador-early-expansion,seed-3,ON,BAL,3,NORMAL,500000,0.4457400622253127,54
ecuador-early-expansion,seed-3,ON,JPQ,3,NORMAL,500000,0.3990044360515191,50
ecuador-early-expansion,seed-3,ON,CONSV,3,NORMAL,500000,0.4827363815239409,50
ecuador-early-expansion,seed-3,ON,BAL,4,NORMAL,500000,0.4690119138406354,57.68
ecuador-early-expansion,seed-3,ON,CONSV,4,NORMAL,500000,0.44800358402867224,54
ecuador-early-expansion,seed-3,ON,MASS,5,NORMAL,500000,1.0448229025180231,50
ecuador-early-expansion,seed-3,ON,BAL,5,NORMAL,500000,0.4158578232005416,61.0656
ecuador-early-expansion,seed-3,ON,CONSV,5,NORMAL,500000,0.4213341715074452,57.68
ecuador-early-expansion,seed-3,ON,VAP,5,NORMAL,500000,0.350899650560092,50
ecuador-early-expansion,seed-3,ON,CONSV,6,NORMAL,500000,0.44800358402867224,61.0656
ecuador-early-expansion,seed-3,ON,MASS,7,LIQUIDITY_STRESS,500000,1.0175372545827335,53.76
ecuador-early-expansion,seed-3,ON,BAL,7,NORMAL,500000,0.4019134294549491,63.32953088
ecuador-early-expansion,seed-3,ON,VAP,7,NORMAL,500000,0.3508286432221449,53.76
ecuador-early-expansion,seed-3,ON,BAL,8,NORMAL,500000,0.42978144753829783,66.2631684096
ecuador-early-expansion,seed-3,ON,JPQ,8,NORMAL,500000,0.35738751442416006,53.12299584
ecuador-early-expansion,seed-3,ON,CONSV,8,NORMAL,500000,0.4213764260958421,63.32953088
ecuador-early-expansion,seed-3,ON,VAP,8,NORMAL,500000,0.3508286432221449,57.459199999999996
ecuador-early-expansion,seed-3,ON,BAL,9,NORMAL,500000,0.41847657786593684,68.962114936832
ecuador-early-expansion,seed-3,ON,JPQ,9,NORMAL,500000,0.35738751442416006,56.8731561728
ecuador-early-expansion,seed-3,ON,CONSV,9,NORMAL,500000,0.4849009129229488,66.2631684096
ecuador-early-expansion,seed-3,ON,VAP,9,NORMAL,500000,0.3508286432221449,60.862463999999996
ecuador-early-expansion,seed-3,ON,BAL,10,NORMAL,500000,0.41837888224224307,71.44514574188544
ecuador-early-expansion,seed-3,ON,JPQ,10,NORMAL,500000,0.3572796442066391,60.323303678976
ecuador-early-expansion,seed-3,ON,CONSV,10,NORMAL,500000,0.4304027924533174,68.962114936832
ecuador-early-expansion,seed-3,ON,VAP,10,NORMAL,500000,0.3508286432221449,63.99346688
ecuador-early-expansion,seed-3,ON,BAL,11,NORMAL,500000,0.4217839605682611,73.7295340825346
ecuador-early-expansion,seed-3,ON,JPQ,11,NORMAL,500000,0.3572072054694424,63.49743938465792
ecuador-early-expansion,seed-3,ON,CONSV,11,NORMAL,500000,0.3964696754221708,71.44514574188544
ecuador-early-expansion,seed-3,ON,VAP,11,NORMAL,500000,0.3508286432221449,66.8739895296
ecuador-early-expansion,seed-3,ON,BAL,12,NORMAL,500000,0.4333416534930804,75.83117135593183
ecuador-early-expansion,seed-3,ON,JPQ,12,NORMAL,500000,0.3572072054694424,66.41764423388528
ecuador-early-expansion,seed-3,ON,CONSV,12,NORMAL,500000,0.3963497770928854,73.7295340825346
ecuador-early-expansion,seed-3,ON,VAP,12,NORMAL,500000,0.3508286432221449,69.524070367232
ecuador-early-expansion,seed-3,ON,BAL,13,NORMAL,500000,0.4358779890333098,77.76467764745729
ecuador-early-expansion,seed-3,ON,JPQ,13,NORMAL,500000,0.3572072054694424,69.10423269517446
ecuador-early-expansion,seed-3,ON,CONSV,13,NORMAL,500000,0.39631019357375097,75.83117135593183
ecuador-early-expansion,seed-3,ON,VAP,13,NORMAL,500000,0.3508286432221449,71.96214473785344
ecuador-early-expansion,seed-3,ON,MASS,14,NORMAL,500000,0.7122456392760735,55.1458766708529
ecuador-early-expansion,seed-3,ON,BAL,14,NORMAL,500000,0.41142917329067635,79.54350343566071
ecuador-early-expansion,seed-3,ON,JPQ,14,NORMAL,500000,0.3572796442066391,71.5758940795605
ecuador-early-expansion,seed-3,ON,CONSV,14,NORMAL,500000,0.3962299512597537,77.76467764745729
ecuador-early-expansion,seed-3,ON,VAP,14,NORMAL,500000,0.3508286432221449,74.20517315882516
ecuador-early-expansion,seed-3,ON,BAL,15,NORMAL,500000,0.42115619166986745,81.18002316080785
ecuador-early-expansion,seed-3,ON,JPQ,15,NORMAL,500000,0.3403007182999502,73.84982255319566
ecuador-early-expansion,seed-3,ON,CONSV,15,NORMAL,500000,0.3962299512597537,79.54350343566071
ecuador-early-expansion,seed-3,ON,VAP,15,NORMAL,500000,0.3368299878929829,76.26875930611915
ecuador-early-expansion,seed-3,ON,MASS,16,NORMAL,500000,0.6995134883688394,58.21015414495359
ecuador-early-expansion,seed-3,ON,BAL,16,NORMAL,500000,0.42264819524994146,82.68562130794322
ecuador-early-expansion,seed-3,ON,JPQ,16,NORMAL,500000,0.3401975676962542,75.94183674894
ecuador-early-expansion,seed-3,ON,CONSV,16,NORMAL,500000,0.40750194785931076,81.18002316080785
ecuador-early-expansion,seed-3,ON,VAP,16,NORMAL,500000,0.33679568276433275,78.16725856162962
ecuador-early-expansion,seed-3,ON,MASS,17,NORMAL,500000,0.6589460158476517,61.55334181335731
ecuador-early-expansion,seed-3,ON,BAL,17,NORMAL,500000,0.4176596524904627,84.07077160330776
ecuador-early-expansion,seed-3,ON,JPQ,17,NORMAL,500000,0.3401975676962542,77.8664898090248
ecuador-early-expansion,seed-3,ON,CONSV,17,NORMAL,500000,0.41720834216424324,82.68562130794322
ecuador-early-expansion,seed-3,ON,VAP,17,NORMAL,500000,0.33679568276433275,79.91387787669925
ecuador-early-expansion,seed-3,ON,BAL,18,NORMAL,500000,0.41849023787822104,85.34510987504314
ecuador-early-expansion,seed-3,ON,JPQ,18,NORMAL,500000,0.3401975676962542,79.63717062430281
ecuador-early-expansion,seed-3,ON,CONSV,18,NORMAL,500000,0.3974978306555892,84.07077160330776
ecuador-early-expansion,seed-3,ON,VAP,18,NORMAL,500000,0.33679568276433275,81.5207676465633
ecuador-early-expansion,seed-3,ON,MASS,19,NORMAL,500000,0.6927654504014575,63.751330000191395
ecuador-early-expansion,seed-3,ON,BAL,19,NORMAL,500000,0.4223119212743009,86.51750108503968
ecuador-early-expansion,seed-3,ON,JPQ,19,NORMAL,500000,0.375048643809102,81.26619697435859
ecuador-early-expansion,seed-3,ON,CONSV,19,NORMAL,500000,0.39076314087597375,85.34510987504314
ecuador-early-expansion,seed-3,ON,VAP,19,NORMAL,500000,0.33679568276433275,82.99910623483824
ecuador-early-expansion,seed-3,ON,MASS,20,NORMAL,500000,0.6927654504014575,66.65122360017608
ecuador-early-expansion,seed-3,ON,BAL,20,NORMAL,500000,0.42312782860953424,87.59610099823651
ecuador-early-expansion,seed-3,ON,JPQ,20,NORMAL,500000,0.3401975676962542,82.76490121640991
ecuador-early-expansion,seed-3,ON,CONSV,20,NORMAL,500000,0.3946297209060225,86.51750108503968
ecuador-early-expansion,seed-3,ON,VAP,20,NORMAL,500000,0.33679568276433275,84.35917773605118
ecuador-early-expansion,seed-3,ON,MASS,21,NORMAL,500000,0.6927654504014575,69.31912571216199
ecuador-early-expansion,seed-3,ON,BAL,21,NORMAL,500000,0.39415080209688225,88.58841291837759
ecuador-early-expansion,seed-3,ON,JPQ,21,NORMAL,500000,0.3248651387349569,84.14370911909711
ecuador-early-expansion,seed-3,ON,CONSV,21,NORMAL,500000,0.39306723729547727,87.59610099823651
ecuador-early-expansion,seed-3,ON,VAP,21,NORMAL,500000,0.3239725986567837,85.61044351716708
ecuador-early-expansion,seed-3,ON,MASS,22,NORMAL,500000,0.6221517116948968,71.77359565518903
ecuador-early-expansion,seed-3,ON,BAL,22,NORMAL,500000,0.3929677632825069,89.50133988490738
ecuador-early-expansion,seed-3,ON,JPQ,22,NORMAL,500000,0.3247669553520133,85.41221238956935
ecuador-early-expansion,seed-3,ON,CONSV,22,NORMAL,500000,0.3912050837883048,88.58841291837759
ecuador-early-expansion,seed-3,ON,VAP,22,NORMAL,500000,0.32387447143686254,86.76160803579371
ecuador-early-expansion,seed-3,ON,MASS,23,NORMAL,500000,0.6927654504014575,74.03170800277391
ecuador-early-expansion,seed-3,ON,JPQ,23,NORMAL,500000,0.3247342407447169,86.5792353984038
ecuador-early-expansion,seed-3,ON,CONSV,23,NORMAL,500000,0.39248516504197434,89.50133988490738
ecuador-early-expansion,seed-3,ON,VAP,23,NORMAL,500000,0.32384216709996744,87.82067939293022
ecuador-early-expansion,seed-3,ON,BAL,24,NORMAL,500000,0.3928890229950087,87.9207587324679
ecuador-early-expansion,seed-3,ON,JPQ,24,NORMAL,500000,0.3247342407447169,87.6528965665315
ecuador-early-expansion,seed-3,ON,VAP,24,NORMAL,500000,0.32384216709996744,88.7950250414958
ecuador-early-expansion,seed-3,ON,MASS,25,NORMAL,500000,0.6290297216543481,74.54262108079888
ecuador-early-expansion,seed-3,ON,BAL,25,NORMAL,500000,0.3928890229950087,88.88709803387047
ecuador-early-expansion,seed-3,ON,JPQ,25,NORMAL,500000,0.3247342407447169,88.64066484120897
ecuador-early-expansion,seed-3,ON,CONSV,25,NORMAL,500000,0.37433022963662266,87.9207587324679
ecuador-early-expansion,seed-3,ON,VAP,25,NORMAL,500000,0.32384216709996744,89.69142303817614
ecuador-early-expansion,seed-3,ON,BAL,26,NORMAL,500000,0.3928890229950087,89.77613019116083
ecuador-early-expansion,seed-3,ON,JPQ,26,NORMAL,500000,0.3247342407447169,89.54941165391226
ecuador-early-expansion,seed-3,ON,CONSV,26,NORMAL,500000,0.3748891733881171,88.88709803387047
ecuador-early-expansion,seed-3,ON,CONSV,27,NORMAL,500000,0.3790872715762259,89.77613019116083
ecuador-early-expansion,seed-3,ON,VAP,27,NORMAL,500000,0.3119734667814396,88.08514264341473
ecuador-early-expansion,seed-3,ON,BAL,28,NORMAL,500000,0.42379381922142295,88.1583973893159
ecuador-early-expansion,seed-3,ON,JPQ,28,NORMAL,500000,0.310646739796637,87.96233119830332
ecuador-early-expansion,seed-3,ON,VAP,28,NORMAL,500000,0.3118792044435551,89.03833123194156
ecuador-early-expansion,seed-3,ON,BAL,29,NORMAL,500000,0.42375071931684605,89.10572559817062
ecuador-early-expansion,seed-3,ON,JPQ,29,NORMAL,500000,0.31061553437985917,88.92534470243905
ecuador-early-expansion,seed-3,ON,CONSV,29,NORMAL,500000,0.3778819640339504,88.1583973893159
ecuador-early-expansion,seed-3,ON,VAP,29,NORMAL,500000,0.3118481593848458,89.91526473338624
ecuador-early-expansion,seed-3,ON,JPQ,30,NORMAL,500000,0.31061553437985917,89.81131712624392
ecuador-early-expansion,seed-3,ON,CONSV,30,NORMAL,500000,0.37719053402635805,89.10572559817062
ecuador-early-expansion,seed-3,ON,CONSV,31,NORMAL,500000,0.37697355078173006,89.97726755031697
ecuador-early-expansion,seed-3,ON,VAP,31,NORMAL,500000,0.3118481593848458,88.27872094143243
ecuador-early-expansion,seed-3,ON,JPQ,32,NORMAL,500000,0.31061553437985917,88.18882705077574
ecuador-early-expansion,seed-3,ON,VAP,32,NORMAL,500000,0.3118481593848458,89.21642326611783
ecuador-early-expansion,seed-4,OFF,BAL,2,NORMAL,500000,0.42352674105490346,50
ecuador-early-expansion,seed-4,OFF,BAL,3,NORMAL,500000,0.4478914167880452,54
ecuador-early-expansion,seed-4,OFF,JPQ,3,NORMAL,500000,0.519262725857217,50
ecuador-early-expansion,seed-4,OFF,CONSV,3,NORMAL,500000,0.4220150034774036,50
ecuador-early-expansion,seed-4,OFF,BAL,4,NORMAL,500000,0.4766807764176486,57.68
ecuador-early-expansion,seed-4,OFF,JPQ,4,NORMAL,500000,0.40439951080599973,54
ecuador-early-expansion,seed-4,OFF,MASS,5,NORMAL,500000,1.0484323315562405,50
ecuador-early-expansion,seed-4,OFF,BAL,5,NORMAL,500000,0.4170722694487055,61.0656
ecuador-early-expansion,seed-4,OFF,JPQ,5,NORMAL,500000,0.3574962932996829,57.68
ecuador-early-expansion,seed-4,OFF,CONSV,5,NORMAL,500000,0.42222829292678943,53.76
ecuador-early-expansion,seed-4,OFF,VAP,5,NORMAL,500000,0.36032743097783926,50
ecuador-early-expansion,seed-4,OFF,MASS,7,LIQUIDITY_STRESS,500000,1.0545241723303402,53.76
ecuador-early-expansion,seed-4,OFF,BAL,7,NORMAL,500000,0.40082891419455435,63.32953088
ecuador-early-expansion,seed-4,OFF,VAP,7,NORMAL,500000,0.3836153878259503,53.76
ecuador-early-expansion,seed-4,OFF,BAL,8,NORMAL,100000,0.08593479439670766,66.2631684096
ecuador-early-expansion,seed-4,OFF,JPQ,8,NORMAL,500000,0.38080328014806236,59.777564160000004
ecuador-early-expansion,seed-4,OFF,CONSV,8,NORMAL,500000,0.429500868450756,56.59094911999999
ecuador-early-expansion,seed-4,OFF,VAP,8,NORMAL,500000,0.3916907660938685,57.459199999999996
ecuador-early-expansion,seed-4,OFF,MASS,9,NORMAL,500000,0.8275439736178981,57.011647999999994
ecuador-early-expansion,seed-4,OFF,BAL,9,NORMAL,500000,0.41669896083613145,66.8029577150464
ecuador-early-expansion,seed-4,OFF,JPQ,9,NORMAL,500000,0.3977036590725153,62.9953590272
ecuador-early-expansion,seed-4,OFF,CONSV,9,NORMAL,500000,0.4293279043388737,60.06367319039999
ecuador-early-expansion,seed-4,OFF,BAL,10,NORMAL,500000,0.42516247584014233,69.4587210978427
ecuador-early-expansion,seed-4,OFF,JPQ,10,NORMAL,500000,0.40632775843522206,65.955730305024
ecuador-early-expansion,seed-4,OFF,CONSV,10,NORMAL,500000,0.460151141243853,63.25857933516799
ecuador-early-expansion,seed-4,OFF,VAP,10,NORMAL,500000,0.4220219849820944,60.21071616
ecuador-early-expansion,seed-4,OFF,MASS,11,NORMAL,500000,0.6496206215570107,59.823673190399994
ecuador-early-expansion,seed-4,OFF,BAL,11,NORMAL,500000,0.4371710834061223,71.90202341001529
ecuador-early-expansion,seed-4,OFF,JPQ,11,NORMAL,500000,0.37633604942586923,68.67927188062208
ecuador-early-expansion,seed-4,OFF,CONSV,11,NORMAL,500000,0.5481266128625584,66.19789298835455
ecuador-early-expansion,seed-4,OFF,VAP,11,NORMAL,500000,0.3701591328918667,63.393858867199995
ecuador-early-expansion,seed-4,OFF,BAL,12,NORMAL,500000,0.45395325189411995,74.14986153721406
ecuador-early-expansion,seed-4,OFF,JPQ,12,NORMAL,500000,0.3762603498875094,71.18493013017232
ecuador-early-expansion,seed-4,OFF,VAP,12,NORMAL,500000,0.4148521035656704,66.32235015782399
ecuador-early-expansion,seed-4,OFF,BAL,13,NORMAL,500000,0.4069527055843678,76.21787261423694
ecuador-early-expansion,seed-4,OFF,JPQ,13,NORMAL,500000,0.3762603498875094,73.49013571975853
ecuador-early-expansion,seed-4,OFF,CONSV,13,NORMAL,500000,0.42948408224620177,67.76793785632901
ecuador-early-expansion,seed-4,OFF,VAP,13,NORMAL,500000,0.3584202669743537,69.01656214519807
ecuador-early-expansion,seed-4,OFF,MASS,14,NORMAL,500000,0.5893324925523106,61.52018182055444
ecuador-early-expansion,seed-4,OFF,BAL,14,NORMAL,500000,0.40976620379476286,78.12044280509798
ecuador-early-expansion,seed-4,OFF,JPQ,14,NORMAL,500000,0.3985070014890612,75.61092486217784
ecuador-early-expansion,seed-4,OFF,CONSV,14,NORMAL,500000,0.4550257135030701,70.34650282782269
ecuador-early-expansion,seed-4,OFF,VAP,14,NORMAL,500000,0.3715307572480449,71.49523717358223
ecuador-early-expansion,seed-4,OFF,BAL,15,NORMAL,500000,0.4338323272761664,79.87080738069014
ecuador-early-expansion,seed-4,OFF,JPQ,15,NORMAL,500000,0.36046199115743477,77.56205087320362
ecuador-early-expansion,seed-4,OFF,CONSV,15,NORMAL,500000,0.45782850110611367,72.71878260159687
ecuador-early-expansion,seed-4,OFF,VAP,15,NORMAL,500000,0.38577091688488435,73.77561819969564
ecuador-early-expansion,seed-4,OFF,MASS,16,NORMAL,500000,0.5893932785590513,63.722653238415475
ecuador-early-expansion,seed-4,OFF,BAL,16,NORMAL,500000,0.4432447287120638,81.48114279023493
ecuador-early-expansion,seed-4,OFF,JPQ,16,NORMAL,500000,0.35731587459384795,79.35708680334733
ecuador-early-expansion,seed-4,OFF,CONSV,16,NORMAL,500000,0.44748715823727647,74.90127999346912
ecuador-early-expansion,seed-4,OFF,VAP,16,NORMAL,500000,0.38234800213992526,75.87356874371999
ecuador-early-expansion,seed-4,OFF,MASS,17,NORMAL,500000,0.5893932785590513,66.62484097934224
ecuador-early-expansion,seed-4,OFF,BAL,17,NORMAL,500000,0.4280869564472892,82.96265136701614
ecuador-early-expansion,seed-4,OFF,JPQ,17,NORMAL,500000,0.36466442558497275,81.00851985907954
ecuador-early-expansion,seed-4,OFF,CONSV,17,NORMAL,500000,0.4429623907211782,76.90917759399159
ecuador-early-expansion,seed-4,OFF,VAP,17,NORMAL,500000,0.3731331031450344,77.80368324422238
ecuador-early-expansion,seed-4,OFF,BAL,18,NORMAL,500000,0.4236656227545722,84.32563925765484
ecuador-early-expansion,seed-4,OFF,JPQ,18,NORMAL,500000,0.40956793286231385,82.52783827035317
ecuador-early-expansion,seed-4,OFF,CONSV,18,NORMAL,500000,0.44507249118200126,78.75644338647226
ecuador-early-expansion,seed-4,OFF,VAP,18,NORMAL,500000,0.3730956823278305,79.5793885846846
ecuador-early-expansion,seed-4,OFF,BAL,19,NORMAL,500000,0.4236656227545722,85.57958811704245
ecuador-early-expansion,seed-4,OFF,JPQ,19,NORMAL,500000,0.37541849777038955,83.92561120872492
ecuador-early-expansion,seed-4,OFF,CONSV,19,NORMAL,500000,0.4497680995678628,80.45592791555447
ecuador-early-expansion,seed-4,OFF,VAP,19,NORMAL,500000,0.3832901441998849,81.21303749790982
ecuador-early-expansion,seed-4,OFF,MASS,20,NORMAL,500000,0.5893932785590513,67.04893273019906
ecuador-early-expansion,seed-4,OFF,BAL,20,NORMAL,500000,0.4236656227545722,86.73322106767905
ecuador-early-expansion,seed-4,OFF,JPQ,20,NORMAL,500000,0.37034041394577566,85.21156231202693
ecuador-early-expansion,seed-4,OFF,CONSV,20,NORMAL,500000,0.44810757449676397,82.01945368231011
ecuador-early-expansion,seed-4,OFF,VAP,20,NORMAL,500000,0.37988667220794686,82.71599449807704
ecuador-early-expansion,seed-4,OFF,MASS,21,NORMAL,500000,0.5893932785590513,69.68501811178314
ecuador-early-expansion,seed-4,OFF,BAL,21,NORMAL,500000,0.4236656227545722,87.79456338226473
ecuador-early-expansion,seed-4,OFF,JPQ,21,NORMAL,500000,0.39812375422100754,86.39463732706477
ecuador-early-expansion,seed-4,OFF,CONSV,21,NORMAL,500000,0.44610793135291155,83.45789738772531
ecuador-early-expansion,seed-4,OFF,VAP,21,NORMAL,500000,0.3741659093548661,84.09871493823087
ecuador-early-expansion,seed-4,OFF,MASS,22,NORMAL,500000,0.5893932785590513,72.11021666284049
ecuador-early-expansion,seed-4,OFF,BAL,22,NORMAL,500000,0.4236656227545722,88.77099831168354
ecuador-early-expansion,seed-4,OFF,JPQ,22,NORMAL,500000,0.40994913761049667,87.48306634089958
ecuador-early-expansion,seed-4,OFF,CONSV,22,NORMAL,500000,0.44671335118995503,84.78126559670729
ecuador-early-expansion,seed-4,OFF,VAP,22,NORMAL,500000,0.3743965476445065,85.3708177431724
ecuador-early-expansion,seed-4,OFF,MASS,23,NORMAL,500000,0.5893932785590513,74.34139932981324
ecuador-early-expansion,seed-4,OFF,BAL,23,NORMAL,500000,0.4236656227545722,89.66931844674886
ecuador-early-expansion,seed-4,OFF,JPQ,23,NORMAL,500000,0.39709598937815876,88.48442103362761
ecuador-early-expansion,seed-4,OFF,CONSV,23,NORMAL,500000,0.4479459884644949,85.9987643489707
ecuador-early-expansion,seed-4,OFF,VAP,23,NORMAL,500000,0.3783838107427099,86.5411523237186
ecuador-early-expansion,seed-4,OFF,MASS,24,NORMAL,500000,0.5893324925523106,76.39408738342819
ecuador-early-expansion,seed-4,OFF,JPQ,24,NORMAL,500000,0.3970554053494957,89.4056673509374
ecuador-early-expansion,seed-4,OFF,CONSV,24,NORMAL,500000,0.4468670597309324,87.11886320105305
ecuador-early-expansion,seed-4,OFF,VAP,24,NORMAL,500000,0.3752667395985066,87.61786013782111
ecuador-early-expansion,seed-4,OFF,MASS,25,NORMAL,500000,0.5893324925523106,78.28256039275394
ecuador-early-expansion,seed-4,OFF,BAL,25,NORMAL,500000,0.4282486514449966,88.06602659274841
ecuador-early-expansion,seed-4,OFF,CONSV,25,NORMAL,500000,0.4460522148722729,88.1493541449688
ecuador-early-expansion,seed-4,OFF,VAP,25,NORMAL,500000,0.3709935295760493,88.60843132679543
ecuador-early-expansion,seed-4,OFF,MASS,26,NORMAL,500000,0.5895114129409545,80.01995556133362
ecuador-early-expansion,seed-4,OFF,BAL,26,NORMAL,500000,0.4282486514449966,89.02074446532855
ecuador-early-expansion,seed-4,OFF,JPQ,26,NORMAL,500000,0.3970554053494957,87.83802112509068
ecuador-early-expansion,seed-4,OFF,CONSV,26,NORMAL,500000,0.4462765584758406,89.0974058133713
ecuador-early-expansion,seed-4,OFF,VAP,26,NORMAL,500000,0.3722471578185006,89.51975682065179
ecuador-early-expansion,seed-4,OFF,BAL,27,NORMAL,500000,0.4282486514449966,89.89908490810227
ecuador-early-expansion,seed-4,OFF,JPQ,27,NORMAL,500000,0.3970554053494957,88.81097943508342
ecuador-early-expansion,seed-4,OFF,CONSV,27,NORMAL,500000,0.4466686558310806,89.96961334830159
ecuador-early-expansion,seed-4,OFF,JPQ,28,NORMAL,500000,0.3970554053494957,89.70610108027675
ecuador-early-expansion,seed-4,OFF,VAP,28,NORMAL,500000,0.37546873516898494,87.93668569849967
ecuador-early-expansion,seed-4,OFF,CONSV,29,NORMAL,500000,0.431253827377718,88.32572162361123
ecuador-early-expansion,seed-4,OFF,VAP,29,NORMAL,500000,0.37319626779847637,88.9017508426197
ecuador-early-expansion,seed-4,OFF,JPQ,30,NORMAL,500000,0.3970554053494957,88.09783621422334
ecuador-early-expansion,seed-4,OFF,CONSV,30,NORMAL,500000,0.42656401830130264,89.25966389372233
ecuador-early-expansion,seed-4,OFF,VAP,30,NORMAL,500000,0.37295542108606405,89.78961077521012
ecuador-early-expansion,seed-4,OFF,JPQ,31,NORMAL,500000,0.3970554053494957,89.05000931708547
ecuador-early-expansion,seed-4,OFF,JPQ,32,NORMAL,500000,0.3970554053494957,89.92600857171863
ecuador-early-expansion,seed-4,OFF,CONSV,32,NORMAL,500000,0.43272209894450425,87.71175733529108
ecuador-early-expansion,seed-4,OFF,VAP,32,NORMAL,500000,0.38549942375546137,88.1700553984017
ecuador-early-expansion,seed-4,ON,BAL,2,NORMAL,500000,0.42352674105490346,50
ecuador-early-expansion,seed-4,ON,BAL,3,NORMAL,500000,0.4457400622253127,54
ecuador-early-expansion,seed-4,ON,JPQ,3,NORMAL,500000,0.3990044360515191,50
ecuador-early-expansion,seed-4,ON,CONSV,3,NORMAL,500000,0.4827363815239409,50
ecuador-early-expansion,seed-4,ON,BAL,4,NORMAL,500000,0.4662030743295534,57.68
ecuador-early-expansion,seed-4,ON,CONSV,4,NORMAL,500000,0.44800358402867224,54
ecuador-early-expansion,seed-4,ON,MASS,5,NORMAL,500000,1.0292831043178425,50
ecuador-early-expansion,seed-4,ON,BAL,5,NORMAL,500000,0.4151586030411198,61.0656
ecuador-early-expansion,seed-4,ON,CONSV,5,NORMAL,500000,0.4213341715074452,57.68
ecuador-early-expansion,seed-4,ON,VAP,5,NORMAL,250000,0.175449825280046,50
ecuador-early-expansion,seed-4,ON,CONSV,6,NORMAL,500000,0.44800358402867224,61.0656
ecuador-early-expansion,seed-4,ON,MASS,7,LIQUIDITY_STRESS,500000,1.0003150992562657,53.76
ecuador-early-expansion,seed-4,ON,BAL,7,NORMAL,500000,0.402357816806486,63.32953088
ecuador-early-expansion,seed-4,ON,VAP,7,NORMAL,500000,0.3508286432221449,51.88
ecuador-early-expansion,seed-4,ON,BAL,8,NORMAL,100000,0.085968038802534,66.2631684096
ecuador-early-expansion,seed-4,ON,JPQ,8,NORMAL,500000,0.35738751442416006,53.12299584
ecuador-early-expansion,seed-4,ON,CONSV,8,NORMAL,500000,0.4213764260958421,63.32953088
ecuador-early-expansion,seed-4,ON,VAP,8,NORMAL,500000,0.3508286432221449,55.729600000000005
ecuador-early-expansion,seed-4,ON,BAL,9,NORMAL,500000,0.4165271300780905,66.8029577150464
ecuador-early-expansion,seed-4,ON,JPQ,9,NORMAL,500000,0.35738751442416006,56.8731561728
ecuador-early-expansion,seed-4,ON,CONSV,9,NORMAL,500000,0.4401956757817985,66.2631684096
ecuador-early-expansion,seed-4,ON,VAP,9,NORMAL,500000,0.3508286432221449,59.271232000000005
ecuador-early-expansion,seed-4,ON,BAL,10,NORMAL,500000,0.42373886837992764,69.4587210978427
ecuador-early-expansion,seed-4,ON,JPQ,10,NORMAL,500000,0.3572796442066391,60.323303678976
ecuador-early-expansion,seed-4,ON,CONSV,10,NORMAL,500000,0.4212074585731934,68.962114936832
ecuador-early-expansion,seed-4,ON,VAP,10,NORMAL,500000,0.3867693926173458,62.52953344
ecuador-early-expansion,seed-4,ON,BAL,11,NORMAL,500000,0.43354793956341725,71.90202341001529
ecuador-early-expansion,seed-4,ON,JPQ,11,NORMAL,500000,0.3572072054694424,63.49743938465792
ecuador-early-expansion,seed-4,ON,CONSV,11,NORMAL,500000,0.39639046839479697,71.44514574188544
ecuador-early-expansion,seed-4,ON,VAP,11,NORMAL,500000,0.3508286432221449,65.5271707648
ecuador-early-expansion,seed-4,ON,BAL,12,NORMAL,500000,0.45359496691024714,74.14986153721406
ecuador-early-expansion,seed-4,ON,JPQ,12,NORMAL,500000,0.3572072054694424,66.41764423388528
ecuador-early-expansion,seed-4,ON,CONSV,12,NORMAL,500000,0.4164057190827082,73.7295340825346
ecuador-early-expansion,seed-4,ON,VAP,12,NORMAL,500000,0.3867693926173458,68.284997103616
ecuador-early-expansion,seed-4,ON,BAL,13,NORMAL,500000,0.4055426322636741,76.21787261423694
ecuador-early-expansion,seed-4,ON,JPQ,13,NORMAL,500000,0.3572072054694424,69.10423269517446
ecuador-early-expansion,seed-4,ON,CONSV,13,NORMAL,500000,0.39643006795207797,75.83117135593183
ecuador-early-expansion,seed-4,ON,VAP,13,NORMAL,500000,0.3508286432221449,70.82219733532672
ecuador-early-expansion,seed-4,ON,MASS,14,NORMAL,500000,0.7555438026519588,55.1458766708529
ecuador-early-expansion,seed-4,ON,BAL,14,NORMAL,500000,0.4078160390785641,78.12044280509798
ecuador-early-expansion,seed-4,ON,JPQ,14,NORMAL,500000,0.3572072054694424,71.5758940795605
ecuador-early-expansion,seed-4,ON,CONSV,14,NORMAL,500000,0.3962706179602525,77.76467764745729
ecuador-early-expansion,seed-4,ON,VAP,14,NORMAL,500000,0.3508286432221449,73.15642154850059
ecuador-early-expansion,seed-4,ON,BAL,15,NORMAL,500000,0.43243542441807165,79.87080738069014
ecuador-early-expansion,seed-4,ON,JPQ,15,NORMAL,500000,0.34033511573640146,73.84982255319566
ecuador-early-expansion,seed-4,ON,CONSV,15,NORMAL,500000,0.4070920317026991,79.54350343566071
ecuador-early-expansion,seed-4,ON,VAP,15,NORMAL,500000,0.3368299878929829,75.30390782462054
ecuador-early-expansion,seed-4,ON,MASS,16,NORMAL,500000,0.7331405173772632,58.21015414495359
ecuador-early-expansion,seed-4,ON,BAL,16,NORMAL,500000,0.4421194854436581,81.48114279023493
ecuador-early-expansion,seed-4,ON,JPQ,16,NORMAL,500000,0.3402319442819837,75.94183674894
ecuador-early-expansion,seed-4,ON,CONSV,16,NORMAL,500000,0.4194180490685564,81.18002316080785
ecuador-early-expansion,seed-4,ON,VAP,16,NORMAL,500000,0.33679568276433275,77.2795951986509
ecuador-early-expansion,seed-4,ON,MASS,17,NORMAL,250000,0.3364590377944437,61.55334181335731
ecuador-early-expansion,seed-4,ON,BAL,17,NORMAL,500000,0.4277935776205779,82.96265136701614
ecuador-early-expansion,seed-4,ON,JPQ,17,NORMAL,500000,0.3401975676962542,77.8664898090248
ecuador-early-expansion,seed-4,ON,CONSV,17,NORMAL,500000,0.3947823979161806,82.68562130794322
ecuador-early-expansion,seed-4,ON,VAP,17,NORMAL,500000,0.33679568276433275,79.09722758275882
ecuador-early-expansion,seed-4,ON,BAL,18,NORMAL,500000,0.4236656227545722,84.32563925765484
ecuador-early-expansion,seed-4,ON,JPQ,18,NORMAL,500000,0.3401975676962542,79.63717062430281
ecuador-early-expansion,seed-4,ON,CONSV,18,NORMAL,500000,0.38553979040514835,84.07077160330776
ecuador-early-expansion,seed-4,ON,VAP,18,NORMAL,500000,0.33679568276433275,80.76944937613811
ecuador-early-expansion,seed-4,ON,MASS,19,NORMAL,500000,0.7221441905305233,62.305735652373635
ecuador-early-expansion,seed-4,ON,BAL,19,NORMAL,500000,0.4236656227545722,85.57958811704245
ecuador-early-expansion,seed-4,ON,JPQ,19,NORMAL,500000,0.3401975676962542,81.26619697435859
ecuador-early-expansion,seed-4,ON,CONSV,19,NORMAL,500000,0.3940256258506028,85.34510987504314
ecuador-early-expansion,seed-4,ON,VAP,19,NORMAL,500000,0.33679568276433275,82.30789342604706
ecuador-early-expansion,seed-4,ON,MASS,20,NORMAL,500000,0.6310720968317025,65.32127680018374
ecuador-early-expansion,seed-4,ON,BAL,20,NORMAL,500000,0.4236656227545722,86.73322106767905
ecuador-early-expansion,seed-4,ON,JPQ,20,NORMAL,500000,0.3401975676962542,82.76490121640991
ecuador-early-expansion,seed-4,ON,CONSV,20,NORMAL,500000,0.3963640730847787,86.51750108503968
ecuador-early-expansion,seed-4,ON,VAP,20,NORMAL,500000,0.33679568276433275,83.7232619519633
ecuador-early-expansion,seed-4,ON,MASS,21,NORMAL,500000,0.7221441905305233,68.09557465616903
ecuador-early-expansion,seed-4,ON,BAL,21,NORMAL,500000,0.4236656227545722,87.79456338226473
ecuador-early-expansion,seed-4,ON,JPQ,21,NORMAL,500000,0.3248651387349569,84.14370911909711
ecuador-early-expansion,seed-4,ON,CONSV,21,NORMAL,500000,0.3929450643152834,87.59610099823651
ecuador-early-expansion,seed-4,ON,VAP,21,NORMAL,500000,0.3239725986567837,85.02540099580624
ecuador-early-expansion,seed-4,ON,MASS,22,NORMAL,500000,0.6310720968317025,70.64792868367552
ecuador-early-expansion,seed-4,ON,BAL,22,NORMAL,500000,0.4236656227545722,88.77099831168354
ecuador-early-expansion,seed-4,ON,JPQ,22,NORMAL,500000,0.3247669553520133,85.41221238956935
ecuador-early-expansion,seed-4,ON,CONSV,22,NORMAL,500000,0.39282188709277627,88.58841291837759
ecuador-early-expansion,seed-4,ON,VAP,22,NORMAL,500000,0.32387447143686254,86.22336891614174
ecuador-early-expansion,seed-4,ON,MASS,23,NORMAL,500000,0.6308809937637414,72.99609438898148
ecuador-early-expansion,seed-4,ON,BAL,23,NORMAL,500000,0.4236656227545722,89.66931844674886
ecuador-early-expansion,seed-4,ON,JPQ,23,NORMAL,500000,0.3247342407447169,86.5792353984038
ecuador-early-expansion,seed-4,ON,CONSV,23,NORMAL,500000,0.3933497150377989,89.50133988490738
ecuador-early-expansion,seed-4,ON,VAP,23,NORMAL,500000,0.32384216709996744,87.3254994028504
ecuador-early-expansion,seed-4,ON,MASS,24,NORMAL,500000,0.6354410914336186,75.15640683786296
ecuador-early-expansion,seed-4,ON,JPQ,24,NORMAL,500000,0.3247342407447169,87.6528965665315
ecuador-early-expansion,seed-4,ON,VAP,24,NORMAL,500000,0.32384216709996744,88.33945945062237
ecuador-early-expansion,seed-4,ON,MASS,25,NORMAL,500000,0.6024568189075048,77.14389429083393
ecuador-early-expansion,seed-4,ON,BAL,25,NORMAL,500000,0.4282486514449966,88.06602659274841
ecuador-early-expansion,seed-4,ON,JPQ,25,NORMAL,500000,0.3247342407447169,88.64066484120897
ecuador-early-expansion,seed-4,ON,CONSV,25,NORMAL,500000,0.37429296059743145,87.9207587324679
ecuador-early-expansion,seed-4,ON,VAP,25,NORMAL,500000,0.32384216709996744,89.27230269457259
ecuador-early-expansion,seed-4,ON,MASS,26,NORMAL,500000,0.6344815334149699,78.97238274756721
ecuador-early-expansion,seed-4,ON,BAL,26,NORMAL,500000,0.4282486514449966,89.02074446532855
ecuador-early-expansion,seed-4,ON,JPQ,26,NORMAL,500000,0.3247342407447169,89.54941165391226
ecuador-early-expansion,seed-4,ON,CONSV,26,NORMAL,500000,0.37418021791507533,88.88709803387047
ecuador-early-expansion,seed-4,ON,BAL,27,NORMAL,500000,0.4282486514449966,89.89908490810227
ecuador-early-expansion,seed-4,ON,CONSV,27,NORMAL,500000,0.37760329149237126,89.77613019116083
ecuador-early-expansion,seed-4,ON,VAP,27,NORMAL,500000,0.3119734667814396,87.72268737026637
ecuador-early-expansion,seed-4,ON,JPQ,28,NORMAL,500000,0.310646739796637,87.96233119830332
ecuador-early-expansion,seed-4,ON,VAP,28,NORMAL,500000,0.3118792044435551,88.70487238064506
ecuador-early-expansion,seed-4,ON,JPQ,29,NORMAL,500000,0.312504824293225,88.92534470243905
ecuador-early-expansion,seed-4,ON,CONSV,29,NORMAL,500000,0.37862208820683063,88.1583973893159
ecuador-early-expansion,seed-4,ON,VAP,29,NORMAL,500000,0.3118481593848458,89.60848259019345
ecuador-early-expansion,seed-4,ON,JPQ,30,NORMAL,500000,0.31061553437985917,89.81131712624392
ecuador-early-expansion,seed-4,ON,CONSV,30,NORMAL,500000,0.3772473093778777,89.10572559817062
ecuador-early-expansion,seed-4,ON,CONSV,31,NORMAL,500000,0.37801495275947133,89.97726755031697
ecuador-early-expansion,seed-4,ON,VAP,31,NORMAL,500000,0.3118481593848458,88.01341574399927
ecuador-early-expansion,seed-4,ON,JPQ,32,NORMAL,500000,0.31061553437985917,88.18882705077574
ecuador-early-expansion,seed-4,ON,VAP,32,NORMAL,500000,0.3118481593848458,88.97234248447933
ecuador-early-expansion,seed-5,OFF,BAL,2,NORMAL,500000,0.42352674105490346,50
ecuador-early-expansion,seed-5,OFF,BAL,3,NORMAL,500000,0.4478914167880452,54
ecuador-early-expansion,seed-5,OFF,JPQ,3,NORMAL,500000,0.519262725857217,50
ecuador-early-expansion,seed-5,OFF,CONSV,3,NORMAL,500000,0.4220150034774036,50
ecuador-early-expansion,seed-5,OFF,BAL,4,NORMAL,500000,0.47503139957551194,57.68
ecuador-early-expansion,seed-5,OFF,JPQ,4,NORMAL,500000,0.40439951080599973,54
ecuador-early-expansion,seed-5,OFF,CONSV,4,NORMAL,500000,0.6716841472465988,54
ecuador-early-expansion,seed-5,OFF,MASS,5,NORMAL,500000,1.0670251871295422,50
ecuador-early-expansion,seed-5,OFF,BAL,5,NORMAL,500000,0.41667291676041807,61.0656
ecuador-early-expansion,seed-5,OFF,JPQ,5,NORMAL,500000,0.3574962932996829,57.68
ecuador-early-expansion,seed-5,OFF,CONSV,5,NORMAL,500000,0.42222829292678943,57.68
ecuador-early-expansion,seed-5,OFF,VAP,5,NORMAL,500000,0.36032743097783926,50
ecuador-early-expansion,seed-5,OFF,CONSV,6,NORMAL,500000,0.4825423418841445,61.0656
ecuador-early-expansion,seed-5,OFF,MASS,7,LIQUIDITY_STRESS,500000,1.0529530067073107,53.76
ecuador-early-expansion,seed-5,OFF,BAL,7,NORMAL,500000,0.44215232678240446,63.32953088
ecuador-early-expansion,seed-5,OFF,VAP,7,NORMAL,500000,0.37858757154547923,53.76
ecuador-early-expansion,seed-5,OFF,BAL,8,NORMAL,500000,0.41430821714059385,66.2631684096
ecuador-early-expansion,seed-5,OFF,JPQ,8,NORMAL,500000,0.3804523578534878,59.777564160000004
ecuador-early-expansion,seed-5,OFF,CONSV,8,NORMAL,500000,0.44635185470354427,63.32953088
ecuador-early-expansion,seed-5,OFF,VAP,8,NORMAL,500000,0.3910697195967539,57.459199999999996
ecuador-early-expansion,seed-5,OFF,MASS,9,NORMAL,500000,0.7967841790533408,57.011647999999994
ecuador-early-expansion,seed-5,OFF,BAL,9,NORMAL,500000,0.3952697281097648,68.962114936832
ecuador-early-expansion,seed-5,OFF,JPQ,9,NORMAL,500000,0.3974970722353144,62.9953590272
ecuador-early-expansion,seed-5,OFF,CONSV,9,NORMAL,500000,0.44635185470354427,66.2631684096
ecuador-early-expansion,seed-5,OFF,BAL,10,NORMAL,500000,0.40555151355880376,71.44514574188544
ecuador-early-expansion,seed-5,OFF,JPQ,10,NORMAL,500000,0.3859943941262152,65.955730305024
ecuador-early-expansion,seed-5,OFF,CONSV,10,NORMAL,500000,0.4281236112740359,68.962114936832
ecuador-early-expansion,seed-5,OFF,VAP,10,NORMAL,500000,0.3707016403399304,60.21071616
ecuador-early-expansion,seed-5,OFF,MASS,11,NORMAL,500000,0.6430041152263375,59.823673190399994
ecuador-early-expansion,seed-5,OFF,BAL,11,NORMAL,500000,0.43062983920281805,73.7295340825346
ecuador-early-expansion,seed-5,OFF,JPQ,11,NORMAL,500000,0.37808747174646845,68.67927188062208
ecuador-early-expansion,seed-5,OFF,CONSV,11,NORMAL,500000,0.4280799927397633,71.44514574188544
ecuador-early-expansion,seed-5,OFF,VAP,11,NORMAL,500000,0.3798785908023795,63.393858867199995
ecuador-early-expansion,seed-5,OFF,BAL,12,NORMAL,500000,0.4369418613898072,75.83117135593183
ecuador-early-expansion,seed-5,OFF,JPQ,12,NORMAL,500000,0.3639068191843815,71.18493013017232
ecuador-early-expansion,seed-5,OFF,CONSV,12,NORMAL,500000,0.4543151993421516,73.7295340825346
ecuador-early-expansion,seed-5,OFF,VAP,12,NORMAL,500000,0.3940738853856596,66.32235015782399
ecuador-early-expansion,seed-5,OFF,BAL,13,NORMAL,500000,0.4206682736194719,77.76467764745729
ecuador-early-expansion,seed-5,OFF,JPQ,13,NORMAL,500000,0.3639068191843815,73.49013571975853
ecuador-early-expansion,seed-5,OFF,CONSV,13,NORMAL,500000,0.41635717450028814,75.83117135593183
ecuador-early-expansion,seed-5,OFF,VAP,13,NORMAL,500000,0.38024016577254455,69.01656214519807
ecuador-early-expansion,seed-5,OFF,MASS,14,NORMAL,500000,0.5893324925523106,61.52018182055444
ecuador-early-expansion,seed-5,OFF,BAL,14,NORMAL,500000,0.41902578181830374,79.54350343566071
ecuador-early-expansion,seed-5,OFF,JPQ,14,NORMAL,500000,0.3573167172484211,75.61092486217784
ecuador-early-expansion,seed-5,OFF,CONSV,14,NORMAL,500000,0.3993713894330324,77.76467764745729
ecuador-early-expansion,seed-5,OFF,VAP,14,NORMAL,500000,0.3811800725156969,71.49523717358223
ecuador-early-expansion,seed-5,OFF,BAL,15,NORMAL,500000,0.42291845878363576,81.18002316080785
ecuador-early-expansion,seed-5,OFF,JPQ,15,NORMAL,500000,0.34033511573640146,77.56205087320362
ecuador-early-expansion,seed-5,OFF,CONSV,15,NORMAL,500000,0.3993312001060624,79.54350343566071
ecuador-early-expansion,seed-5,OFF,VAP,15,NORMAL,500000,0.38498331020353604,73.77561819969564
ecuador-early-expansion,seed-5,OFF,MASS,16,NORMAL,500000,0.5893932785590513,63.722653238415475
ecuador-early-expansion,seed-5,OFF,BAL,16,NORMAL,500000,0.4252514299079331,82.68562130794322
ecuador-early-expansion,seed-5,OFF,JPQ,16,NORMAL,500000,0.34033511573640146,79.35708680334733
ecuador-early-expansion,seed-5,OFF,CONSV,16,NORMAL,500000,0.4878434295783375,81.18002316080785
ecuador-early-expansion,seed-5,OFF,VAP,16,NORMAL,500000,0.3838561761537488,75.87356874371999
ecuador-early-expansion,seed-5,OFF,MASS,17,NORMAL,500000,0.5893932785590513,66.62484097934224
ecuador-early-expansion,seed-5,OFF,BAL,17,NORMAL,500000,0.4256391397322219,84.07077160330776
ecuador-early-expansion,seed-5,OFF,JPQ,17,NORMAL,500000,0.3402319442819837,81.00851985907954
ecuador-early-expansion,seed-5,OFF,CONSV,17,NORMAL,500000,0.45625953867598046,82.68562130794322
ecuador-early-expansion,seed-5,OFF,VAP,17,NORMAL,500000,0.3830878659523457,77.80368324422238
ecuador-early-expansion,seed-5,OFF,BAL,18,NORMAL,500000,0.418667899224962,85.34510987504314
ecuador-early-expansion,seed-5,OFF,JPQ,18,NORMAL,500000,0.3597294144123144,82.52783827035317
ecuador-early-expansion,seed-5,OFF,CONSV,18,NORMAL,500000,0.4132187009561054,84.07077160330776
ecuador-early-expansion,seed-5,OFF,VAP,18,NORMAL,500000,0.37661617298312244,79.5793885846846
ecuador-early-expansion,seed-5,OFF,BAL,19,NORMAL,500000,0.4203945150286835,86.51750108503968
ecuador-early-expansion,seed-5,OFF,JPQ,19,NORMAL,500000,0.37579187804020325,83.92561120872492
ecuador-early-expansion,seed-5,OFF,CONSV,19,NORMAL,500000,0.40963091435354915,85.34510987504314
ecuador-early-expansion,seed-5,OFF,VAP,19,NORMAL,500000,0.3809288141564118,81.21303749790982
ecuador-early-expansion,seed-5,OFF,MASS,20,NORMAL,500000,0.5893932785590513,67.04893273019906
ecuador-early-expansion,seed-5,OFF,BAL,20,NORMAL,500000,0.420513312189924,87.59610099823651
ecuador-early-expansion,seed-5,OFF,JPQ,20,NORMAL,500000,0.35222156709010743,85.21156231202693
ecuador-early-expansion,seed-5,OFF,CONSV,20,NORMAL,500000,0.39700515193585667,86.51750108503968
ecuador-early-expansion,seed-5,OFF,VAP,20,NORMAL,500000,0.37848566372002956,82.71599449807704
ecuador-early-expansion,seed-5,OFF,MASS,21,NORMAL,500000,0.5893932785590513,69.68501811178314
ecuador-early-expansion,seed-5,OFF,BAL,21,NORMAL,500000,0.3948614312779216,88.58841291837759
ecuador-early-expansion,seed-5,OFF,JPQ,21,NORMAL,500000,0.3390700596729398,86.39463732706477
ecuador-early-expansion,seed-5,OFF,CONSV,21,NORMAL,500000,0.3933616291465233,87.59610099823651
ecuador-early-expansion,seed-5,OFF,VAP,21,NORMAL,500000,0.37401779187675244,84.09871493823087
ecuador-early-expansion,seed-5,OFF,MASS,22,NORMAL,500000,0.5893932785590513,72.11021666284049
ecuador-early-expansion,seed-5,OFF,BAL,22,NORMAL,500000,0.3929677632825069,89.50133988490738
ecuador-early-expansion,seed-5,OFF,JPQ,22,NORMAL,500000,0.3676847194716341,87.48306634089958
ecuador-early-expansion,seed-5,OFF,CONSV,22,NORMAL,500000,0.3981958542236833,88.58841291837759
ecuador-early-expansion,seed-5,OFF,VAP,22,NORMAL,500000,0.3760578130222503,85.3708177431724
ecuador-early-expansion,seed-5,OFF,MASS,23,NORMAL,500000,0.5893932785590513,74.34139932981324
ecuador-early-expansion,seed-5,OFF,JPQ,23,NORMAL,500000,0.38542979777808967,88.48442103362761
ecuador-early-expansion,seed-5,OFF,CONSV,23,NORMAL,500000,0.40131680068641223,89.50133988490738
ecuador-early-expansion,seed-5,OFF,VAP,23,NORMAL,500000,0.3980771282397506,86.5411523237186
ecuador-early-expansion,seed-5,OFF,MASS,24,NORMAL,500000,0.5894523398310629,76.39408738342819
ecuador-early-expansion,seed-5,OFF,BAL,24,NORMAL,500000,0.3966129256152458,87.9207587324679
ecuador-early-expansion,seed-5,OFF,JPQ,24,NORMAL,500000,0.37019654252717926,89.4056673509374
ecuador-early-expansion,seed-5,OFF,VAP,24,NORMAL,500000,0.38514605662817875,87.61786013782111
ecuador-early-expansion,seed-5,OFF,MASS,25,NORMAL,500000,0.5894523398310629,78.28256039275394
ecuador-early-expansion,seed-5,OFF,BAL,25,NORMAL,500000,0.3932709762873332,88.88709803387047
ecuador-early-expansion,seed-5,OFF,CONSV,25,NORMAL,500000,0.3961552342208399,87.9207587324679
ecuador-early-expansion,seed-5,OFF,VAP,25,NORMAL,500000,0.36902624012744095,88.60843132679543
ecuador-early-expansion,seed-5,OFF,MASS,26,NORMAL,500000,0.5895114129409545,80.01995556133362
ecuador-early-expansion,seed-5,OFF,BAL,26,NORMAL,500000,0.3928890229950087,89.77613019116083
ecuador-early-expansion,seed-5,OFF,JPQ,26,NORMAL,500000,0.3701594617348397,87.83802112509068
ecuador-early-expansion,seed-5,OFF,CONSV,26,NORMAL,500000,0.395786457374788,88.88709803387047
ecuador-early-expansion,seed-5,OFF,VAP,26,NORMAL,500000,0.36751637432454165,89.51975682065179
ecuador-early-expansion,seed-5,OFF,JPQ,27,NORMAL,500000,0.3701594617348397,88.81097943508342
ecuador-early-expansion,seed-5,OFF,CONSV,27,NORMAL,500000,0.39762838525896144,89.77613019116083
ecuador-early-expansion,seed-5,OFF,BAL,28,NORMAL,500000,0.42375071931684605,88.1583973893159
ecuador-early-expansion,seed-5,OFF,JPQ,28,NORMAL,500000,0.3701594617348397,89.70610108027675
ecuador-early-expansion,seed-5,OFF,VAP,28,NORMAL,500000,0.3881135415298566,87.93668569849967
ecuador-early-expansion,seed-5,OFF,BAL,29,NORMAL,500000,0.42375071931684605,89.10572559817062
ecuador-early-expansion,seed-5,OFF,CONSV,29,NORMAL,500000,0.383449403467763,88.1583973893159
ecuador-early-expansion,seed-5,OFF,VAP,29,NORMAL,500000,0.37236048546274875,88.9017508426197
ecuador-early-expansion,seed-5,OFF,JPQ,30,NORMAL,500000,0.3701594617348397,88.09783621422334
ecuador-early-expansion,seed-5,OFF,CONSV,30,NORMAL,500000,0.3793691470453782,89.10572559817062
ecuador-early-expansion,seed-5,OFF,VAP,30,NORMAL,500000,0.3695967905988769,89.78961077521012
ecuador-early-expansion,seed-5,OFF,JPQ,31,NORMAL,500000,0.3701594617348397,89.05000931708547
ecuador-early-expansion,seed-5,OFF,CONSV,31,NORMAL,500000,0.3831038924121677,89.97726755031697
ecuador-early-expansion,seed-5,OFF,JPQ,32,NORMAL,500000,0.3701594617348397,89.92600857171863
ecuador-early-expansion,seed-5,OFF,VAP,32,NORMAL,500000,0.39740914670533506,88.1700553984017
ecuador-early-expansion,seed-5,ON,BAL,2,NORMAL,500000,0.42352674105490346,50
ecuador-early-expansion,seed-5,ON,BAL,3,NORMAL,500000,0.4457400622253127,54
ecuador-early-expansion,seed-5,ON,JPQ,3,NORMAL,500000,0.3990044360515191,50
ecuador-early-expansion,seed-5,ON,CONSV,3,NORMAL,500000,0.4827363815239409,50
ecuador-early-expansion,seed-5,ON,BAL,4,NORMAL,500000,0.4649558152488769,57.68
ecuador-early-expansion,seed-5,ON,CONSV,4,NORMAL,500000,0.44800358402867224,54
ecuador-early-expansion,seed-5,ON,MASS,5,NORMAL,500000,1.0518897198817676,50
ecuador-early-expansion,seed-5,ON,BAL,5,NORMAL,500000,0.41484756011555995,61.0656
ecuador-early-expansion,seed-5,ON,JPQ,5,NORMAL,100000,0.0741407513230973,53.76
ecuador-early-expansion,seed-5,ON,CONSV,5,NORMAL,500000,0.4213341715074452,57.68
ecuador-early-expansion,seed-5,ON,VAP,5,NORMAL,500000,0.350899650560092,50
ecuador-early-expansion,seed-5,ON,CONSV,6,NORMAL,500000,0.44800358402867224,61.0656
ecuador-early-expansion,seed-5,ON,MASS,7,LIQUIDITY_STRESS,500000,1.004469891015017,53.76
ecuador-early-expansion,seed-5,ON,BAL,7,NORMAL,500000,0.44378173039372315,63.32953088
ecuador-early-expansion,seed-5,ON,VAP,7,NORMAL,500000,0.3508286432221449,53.76
ecuador-early-expansion,seed-5,ON,BAL,8,NORMAL,500000,0.41430821714059385,66.2631684096
ecuador-early-expansion,seed-5,ON,JPQ,8,NORMAL,500000,0.35742376669320897,53.976058624000004
ecuador-early-expansion,seed-5,ON,CONSV,8,NORMAL,500000,0.4213764260958421,63.32953088
ecuador-early-expansion,seed-5,ON,VAP,8,NORMAL,500000,0.3508286432221449,57.459199999999996
ecuador-early-expansion,seed-5,ON,BAL,9,NORMAL,500000,0.3952697281097648,68.962114936832
ecuador-early-expansion,seed-5,ON,JPQ,9,NORMAL,500000,0.35742376669320897,57.657973934080005
ecuador-early-expansion,seed-5,ON,CONSV,9,NORMAL,500000,0.4401956757817985,66.2631684096
ecuador-early-expansion,seed-5,ON,VAP,9,NORMAL,500000,0.3508286432221449,60.862463999999996
ecuador-early-expansion,seed-5,ON,BAL,10,NORMAL,500000,0.405399598330078,71.44514574188544
ecuador-early-expansion,seed-5,ON,JPQ,10,NORMAL,500000,0.35742376669320897,61.045336019353606
ecuador-early-expansion,seed-5,ON,CONSV,10,NORMAL,500000,0.4212074585731934,68.962114936832
ecuador-early-expansion,seed-5,ON,VAP,10,NORMAL,500000,0.3508286432221449,63.99346688
ecuador-early-expansion,seed-5,ON,MASS,11,NORMAL,500000,0.74839375989283,56.19549217279999
ecuador-early-expansion,seed-5,ON,BAL,11,NORMAL,500000,0.42600251171080905,73.7295340825346
ecuador-early-expansion,seed-5,ON,JPQ,11,NORMAL,500000,0.35746002631763696,64.16170913780532
ecuador-early-expansion,seed-5,ON,CONSV,11,NORMAL,500000,0.39639046839479697,71.44514574188544
ecuador-early-expansion,seed-5,ON,VAP,11,NORMAL,500000,0.3508286432221449,66.8739895296
ecuador-early-expansion,seed-5,ON,BAL,12,NORMAL,500000,0.43106532622592825,75.83117135593183
ecuador-early-expansion,seed-5,ON,JPQ,12,NORMAL,500000,0.35746002631763696,67.02877240678089
ecuador-early-expansion,seed-5,ON,CONSV,12,NORMAL,500000,0.4166631944733794,73.7295340825346
ecuador-early-expansion,seed-5,ON,VAP,12,NORMAL,500000,0.3508286432221449,69.524070367232
ecuador-early-expansion,seed-5,ON,BAL,13,NORMAL,500000,0.4187909839326651,77.76467764745729
ecuador-early-expansion,seed-5,ON,JPQ,13,NORMAL,500000,0.3736594034751819,69.66647061423842
ecuador-early-expansion,seed-5,ON,CONSV,13,NORMAL,500000,0.39643006795207797,75.83117135593183
ecuador-early-expansion,seed-5,ON,VAP,13,NORMAL,500000,0.3508286432221449,71.96214473785344
ecuador-early-expansion,seed-5,ON,MASS,14,NORMAL,500000,0.6274175181245235,58.57078993317518
ecuador-early-expansion,seed-5,ON,BAL,14,NORMAL,500000,0.4201475894452203,79.54350343566071
ecuador-early-expansion,seed-5,ON,JPQ,14,NORMAL,500000,0.35735126950825247,72.09315296509935
ecuador-early-expansion,seed-5,ON,CONSV,14,NORMAL,500000,0.3962706179602525,77.76467764745729
ecuador-early-expansion,seed-5,ON,VAP,14,NORMAL,500000,0.3508286432221449,74.20517315882516
ecuador-early-expansion,seed-5,ON,BAL,15,NORMAL,500000,0.4234374311914174,81.18002316080785
ecuador-early-expansion,seed-5,ON,JPQ,15,NORMAL,500000,0.3403695201273091,74.3257007278914
ecuador-early-expansion,seed-5,ON,CONSV,15,NORMAL,500000,0.3962299512597537,79.54350343566071
ecuador-early-expansion,seed-5,ON,VAP,15,NORMAL,500000,0.3368299878929829,76.26875930611915
ecuador-early-expansion,seed-5,ON,MASS,16,NORMAL,500000,0.6391573349695762,61.1720191342099
ecuador-early-expansion,seed-5,ON,BAL,16,NORMAL,500000,0.42968172615180483,82.68562130794322
ecuador-early-expansion,seed-5,ON,JPQ,16,NORMAL,500000,0.34033511573640146,76.3796446696601
ecuador-early-expansion,seed-5,ON,CONSV,16,NORMAL,500000,0.4121196135966503,81.18002316080785
ecuador-early-expansion,seed-5,ON,VAP,16,NORMAL,500000,0.33679568276433275,78.16725856162962
ecuador-early-expansion,seed-5,ON,MASS,17,NORMAL,500000,0.6313808931514114,64.27825760347311
ecuador-early-expansion,seed-5,ON,BAL,17,NORMAL,500000,0.4449427803584459,84.07077160330776
ecuador-early-expansion,seed-5,ON,JPQ,17,NORMAL,500000,0.34026632781584676,78.26927309608729
ecuador-early-expansion,seed-5,ON,CONSV,17,NORMAL,500000,0.40467840611744255,82.68562130794322
ecuador-early-expansion,seed-5,ON,VAP,17,NORMAL,500000,0.33679568276433275,79.91387787669925
ecuador-early-expansion,seed-5,ON,BAL,18,NORMAL,500000,0.4311768454584574,85.34510987504314
ecuador-early-expansion,seed-5,ON,JPQ,18,NORMAL,500000,0.3401975676962542,80.0077312484003
ecuador-early-expansion,seed-5,ON,CONSV,18,NORMAL,500000,0.3921683971097189,84.07077160330776
ecuador-early-expansion,seed-5,ON,VAP,18,NORMAL,500000,0.33679568276433275,81.5207676465633
ecuador-early-expansion,seed-5,ON,MASS,19,NORMAL,500000,0.6323390855112145,66.10783717548354
ecuador-early-expansion,seed-5,ON,BAL,19,NORMAL,500000,0.42370762817791313,86.51750108503968
ecuador-early-expansion,seed-5,ON,JPQ,19,NORMAL,500000,0.3401975676962542,81.60711274852828
ecuador-early-expansion,seed-5,ON,CONSV,19,NORMAL,500000,0.3930975219918409,85.34510987504314
ecuador-early-expansion,seed-5,ON,VAP,19,NORMAL,500000,0.33679568276433275,82.99910623483824
ecuador-early-expansion,seed-5,ON,MASS,20,NORMAL,500000,0.6335710280640287,68.81921020144486
ecuador-early-expansion,seed-5,ON,BAL,20,NORMAL,500000,0.4236656227545722,87.59610099823651
ecuador-early-expansion,seed-5,ON,JPQ,20,NORMAL,500000,0.3401975676962542,83.07854372864603
ecuador-early-expansion,seed-5,ON,CONSV,20,NORMAL,500000,0.394287717267318,86.51750108503968
ecuador-early-expansion,seed-5,ON,VAP,20,NORMAL,500000,0.33679568276433275,84.35917773605118
ecuador-early-expansion,seed-5,ON,MASS,21,NORMAL,500000,0.6321412203486259,71.31367338532927
ecuador-early-expansion,seed-5,ON,BAL,21,NORMAL,500000,0.4236656227545722,88.58841291837759
ecuador-early-expansion,seed-5,ON,JPQ,21,NORMAL,500000,0.3247342407447169,84.43226023035434
ecuador-early-expansion,seed-5,ON,CONSV,21,NORMAL,500000,0.39215763168163076,87.59610099823651
ecuador-early-expansion,seed-5,ON,VAP,21,NORMAL,500000,0.3239725986567837,85.61044351716708
ecuador-early-expansion,seed-5,ON,MASS,22,NORMAL,500000,0.6315144664176394,73.60857951450292
ecuador-early-expansion,seed-5,ON,BAL,22,NORMAL,500000,0.4236656227545722,89.50133988490738
ecuador-early-expansion,seed-5,ON,JPQ,22,NORMAL,500000,0.32479967655149006,85.677679411926
ecuador-early-expansion,seed-5,ON,CONSV,22,NORMAL,500000,0.39384747232630735,88.58841291837759
ecuador-early-expansion,seed-5,ON,VAP,22,NORMAL,500000,0.32387447143686254,86.76160803579371
ecuador-early-expansion,seed-5,ON,MASS,23,NORMAL,500000,0.6316441064446648,75.71989315334268
ecuador-early-expansion,seed-5,ON,JPQ,23,NORMAL,500000,0.3247015327276091,86.82346505897192
ecuador-early-expansion,seed-5,ON,CONSV,23,NORMAL,500000,0.39469841094419755,89.50133988490738
ecuador-early-expansion,seed-5,ON,VAP,23,NORMAL,500000,0.32384216709996744,87.82067939293022
ecuador-early-expansion,seed-5,ON,MASS,24,NORMAL,500000,0.631753843432445,77.66230170107526
ecuador-early-expansion,seed-5,ON,BAL,24,NORMAL,500000,0.4236656227545722,87.9207587324679
ecuador-early-expansion,seed-5,ON,JPQ,24,NORMAL,500000,0.3247015327276091,87.87758785425416
ecuador-early-expansion,seed-5,ON,VAP,24,NORMAL,500000,0.32384216709996744,88.7950250414958
ecuador-early-expansion,seed-5,ON,MASS,25,NORMAL,500000,0.643803073515873,79.44931756498924
ecuador-early-expansion,seed-5,ON,BAL,25,NORMAL,500000,0.4236656227545722,88.88709803387047
ecuador-early-expansion,seed-5,ON,JPQ,25,NORMAL,500000,0.3247015327276091,88.84738082591383
ecuador-early-expansion,seed-5,ON,CONSV,25,NORMAL,500000,0.37429296059743145,87.9207587324679
ecuador-early-expansion,seed-5,ON,VAP,25,NORMAL,500000,0.32384216709996744,89.69142303817614
ecuador-early-expansion,seed-5,ON,MASS,26,NORMAL,500000,0.6469518861882242,81.0933721597901
ecuador-early-expansion,seed-5,ON,BAL,26,NORMAL,500000,0.4282486514449966,89.77613019116083
ecuador-early-expansion,seed-5,ON,JPQ,26,NORMAL,500000,0.3247015327276091,89.73959035984072
ecuador-early-expansion,seed-5,ON,CONSV,26,NORMAL,500000,0.37418021791507533,88.88709803387047
ecuador-early-expansion,seed-5,ON,CONSV,27,NORMAL,500000,0.3779179517451684,89.77613019116083
ecuador-early-expansion,seed-5,ON,VAP,27,NORMAL,500000,0.3119734667814396,88.08514264341473
ecuador-early-expansion,seed-5,ON,BAL,28,NORMAL,500000,0.4282486514449966,88.1583973893159
ecuador-early-expansion,seed-5,ON,JPQ,28,NORMAL,500000,0.310646739796637,88.12679774319025
ecuador-early-expansion,seed-5,ON,VAP,28,NORMAL,500000,0.3118792044435551,89.03833123194156
ecuador-early-expansion,seed-5,ON,JPQ,29,NORMAL,500000,0.3105843352318111,89.07665392373504
ecuador-early-expansion,seed-5,ON,CONSV,29,NORMAL,500000,0.3772632493910028,88.1583973893159
ecuador-early-expansion,seed-5,ON,VAP,29,NORMAL,500000,0.3118481593848458,89.91526473338624
ecuador-early-expansion,seed-5,ON,JPQ,30,NORMAL,500000,0.3105843352318111,89.95052160983623
ecuador-early-expansion,seed-5,ON,CONSV,30,NORMAL,500000,0.37709395559869513,89.10572559817062
ecuador-early-expansion,seed-5,ON,CONSV,31,NORMAL,500000,0.3779669460346354,89.97726755031697
ecuador-early-expansion,seed-5,ON,VAP,31,NORMAL,500000,0.3118481593848458,88.27872094143243
ecuador-early-expansion,seed-5,ON,JPQ,32,NORMAL,500000,0.3105843352318111,88.30921108818637
ecuador-early-expansion,seed-5,ON,VAP,32,NORMAL,500000,0.3118481593848458,89.21642326611783
ecuador-delayed-expansion,seed-1,OFF,BAL,2,NORMAL,500000,0.42352674105490346,50
ecuador-delayed-expansion,seed-1,OFF,BAL,3,NORMAL,500000,0.4478914167880452,54
ecuador-delayed-expansion,seed-1,OFF,JPQ,3,NORMAL,500000,0.5718804550246903,50
ecuador-delayed-expansion,seed-1,OFF,CONSV,3,NORMAL,500000,0.4220150034774036,50
ecuador-delayed-expansion,seed-1,OFF,BAL,4,NORMAL,500000,0.48511521001122554,57.68
ecuador-delayed-expansion,seed-1,OFF,JPQ,4,NORMAL,500000,0.40439951080599973,54
ecuador-delayed-expansion,seed-1,OFF,MASS,5,NORMAL,500000,1.160160102094089,50
ecuador-delayed-expansion,seed-1,OFF,BAL,5,NORMAL,500000,0.41907846322251224,61.0656
ecuador-delayed-expansion,seed-1,OFF,JPQ,5,NORMAL,500000,0.3574962932996829,57.68
ecuador-delayed-expansion,seed-1,OFF,CONSV,5,NORMAL,500000,0.42222829292678943,53.76
ecuador-delayed-expansion,seed-1,OFF,VAP,5,NORMAL,500000,0.36032743097783926,50
ecuador-delayed-expansion,seed-1,OFF,BAL,7,NORMAL,500000,0.3996553372371667,63.32953088
ecuador-delayed-expansion,seed-1,OFF,VAP,7,NORMAL,500000,0.3833469191481479,53.76
ecuador-delayed-expansion,seed-1,OFF,BAL,8,NORMAL,500000,0.4295488362662928,66.2631684096
ecuador-delayed-expansion,seed-1,OFF,JPQ,8,NORMAL,500000,0.3762986631312655,59.777564160000004
ecuador-delayed-expansion,seed-1,OFF,CONSV,8,NORMAL,500000,0.429500868450756,56.59094911999999
ecuador-delayed-expansion,seed-1,OFF,VAP,8,NORMAL,500000,0.3913268201940918,57.459199999999996
ecuador-delayed-expansion,seed-1,OFF,BAL,9,NORMAL,500000,0.4272770233489802,68.962114936832
ecuador-delayed-expansion,seed-1,OFF,JPQ,9,NORMAL,500000,0.3818936287234724,62.9953590272
ecuador-delayed-expansion,seed-1,OFF,CONSV,9,NORMAL,500000,0.4293279043388737,60.06367319039999
ecuador-delayed-expansion,seed-1,OFF,BAL,10,NORMAL,500000,0.417465068610384,71.44514574188544
ecuador-delayed-expansion,seed-1,OFF,JPQ,10,NORMAL,500000,0.38261788380476447,65.955730305024
ecuador-delayed-expansion,seed-1,OFF,CONSV,10,NORMAL,500000,0.460151141243853,63.25857933516799
ecuador-delayed-expansion,seed-1,OFF,VAP,10,NORMAL,500000,0.37440047252334835,60.21071616
ecuador-delayed-expansion,seed-1,OFF,BAL,11,NORMAL,500000,0.41485169052063886,73.7295340825346
ecuador-delayed-expansion,seed-1,OFF,JPQ,11,NORMAL,500000,0.3762603498875094,68.67927188062208
ecuador-delayed-expansion,seed-1,OFF,CONSV,11,NORMAL,500000,0.5479584165316862,66.19789298835455
ecuador-delayed-expansion,seed-1,OFF,VAP,11,NORMAL,500000,0.37729254267706863,63.393858867199995
ecuador-delayed-expansion,seed-1,OFF,BAL,12,NORMAL,500000,0.41537278045554765,75.83117135593183
ecuador-delayed-expansion,seed-1,OFF,JPQ,12,NORMAL,500000,0.3762603498875094,71.18493013017232
ecuador-delayed-expansion,seed-1,OFF,VAP,12,NORMAL,500000,0.38681463409501776,66.32235015782399
ecuador-delayed-expansion,seed-1,OFF,BAL,13,NORMAL,500000,0.41661979693951096,77.76467764745729
ecuador-delayed-expansion,seed-1,OFF,JPQ,13,NORMAL,500000,0.36925554684604805,73.49013571975853
ecuador-delayed-expansion,seed-1,OFF,CONSV,13,NORMAL,500000,0.42851143697025273,67.76793785632901
ecuador-delayed-expansion,seed-1,OFF,VAP,13,NORMAL,500000,0.3764415074645339,69.01656214519807
ecuador-delayed-expansion,seed-1,OFF,BAL,14,NORMAL,500000,0.41673021802491544,79.54350343566071
ecuador-delayed-expansion,seed-1,OFF,JPQ,14,NORMAL,500000,0.35930203137152267,75.61092486217784
ecuador-delayed-expansion,seed-1,OFF,CONSV,14,NORMAL,500000,0.4543686638289829,70.34650282782269
ecuador-delayed-expansion,seed-1,OFF,VAP,14,NORMAL,500000,0.3695799620249197,71.49523717358223
ecuador-delayed-expansion,seed-1,OFF,BAL,15,NORMAL,500000,0.4246316956987357,81.18002316080785
ecuador-delayed-expansion,seed-1,OFF,JPQ,15,NORMAL,500000,0.3572796442066391,77.56205087320362
ecuador-delayed-expansion,seed-1,OFF,CONSV,15,NORMAL,500000,0.45582861208848363,72.71878260159687
ecuador-delayed-expansion,seed-1,OFF,VAP,15,NORMAL,500000,0.3825216377189592,73.77561819969564
ecuador-delayed-expansion,seed-1,OFF,BAL,16,NORMAL,500000,0.4251299409664564,82.68562130794322
ecuador-delayed-expansion,seed-1,OFF,JPQ,16,NORMAL,500000,0.3758478092996324,79.35708680334733
ecuador-delayed-expansion,seed-1,OFF,CONSV,16,NORMAL,500000,0.4470334635839835,74.90127999346912
ecuador-delayed-expansion,seed-1,OFF,VAP,16,NORMAL,500000,0.38688670719175955,75.87356874371999
ecuador-delayed-expansion,seed-1,OFF,BAL,17,NORMAL,500000,0.41811333881898033,84.07077160330776
ecuador-delayed-expansion,seed-1,OFF,JPQ,17,NORMAL,500000,0.4033262476978138,81.00851985907954
ecuador-delayed-expansion,seed-1,OFF,CONSV,17,NORMAL,500000,0.4434642898163304,76.90917759399159
ecuador-delayed-expansion,seed-1,OFF,VAP,17,NORMAL,500000,0.3787537909466936,77.80368324422238
ecuador-delayed-expansion,seed-1,OFF,BAL,18,NORMAL,500000,0.4158827277249052,85.34510987504314
ecuador-delayed-expansion,seed-1,OFF,JPQ,18,NORMAL,500000,0.37477034073519744,82.52783827035317
ecuador-delayed-expansion,seed-1,OFF,CONSV,18,NORMAL,500000,0.44519732258330197,78.75644338647226
ecuador-delayed-expansion,seed-1,OFF,VAP,18,NORMAL,500000,0.37503581592042035,79.5793885846846
ecuador-delayed-expansion,seed-1,OFF,BAL,19,NORMAL,500000,0.41801057065131064,86.51750108503968
ecuador-delayed-expansion,seed-1,OFF,JPQ,19,NORMAL,500000,0.37103510036573667,83.92561120872492
ecuador-delayed-expansion,seed-1,OFF,CONSV,19,NORMAL,500000,0.4470278681643292,80.45592791555447
ecuador-delayed-expansion,seed-1,OFF,VAP,19,NORMAL,500000,0.37553348286575905,81.21303749790982
ecuador-delayed-expansion,seed-1,OFF,MASS,20,NORMAL,500000,0.5893324925523106,51.6820927606795
ecuador-delayed-expansion,seed-1,OFF,BAL,20,NORMAL,500000,0.41849128868533475,87.59610099823651
ecuador-delayed-expansion,seed-1,OFF,JPQ,20,NORMAL,500000,0.36091878951880285,85.21156231202693
ecuador-delayed-expansion,seed-1,OFF,CONSV,20,NORMAL,500000,0.44707123633079693,82.01945368231011
ecuador-delayed-expansion,seed-1,OFF,VAP,20,NORMAL,500000,0.3756409185352047,82.71599449807704
ecuador-delayed-expansion,seed-1,OFF,BAL,21,NORMAL,500000,0.3940343203893059,88.58841291837759
ecuador-delayed-expansion,seed-1,OFF,JPQ,21,NORMAL,500000,0.357977737937242,86.39463732706477
ecuador-delayed-expansion,seed-1,OFF,CONSV,21,NORMAL,500000,0.4464494987488253,83.45789738772531
ecuador-delayed-expansion,seed-1,OFF,VAP,21,NORMAL,500000,0.3743188519850428,84.09871493823087
ecuador-delayed-expansion,seed-1,OFF,BAL,22,NORMAL,500000,0.3929677632825069,89.50133988490738
ecuador-delayed-expansion,seed-1,OFF,JPQ,22,NORMAL,500000,0.35998581943860064,87.48306634089958
ecuador-delayed-expansion,seed-1,OFF,CONSV,22,NORMAL,500000,0.4462096498191289,84.78126559670729
ecuador-delayed-expansion,seed-1,OFF,VAP,22,NORMAL,500000,0.3727576761988259,85.3708177431724
ecuador-delayed-expansion,seed-1,OFF,MASS,23,NORMAL,500000,0.5893932785590513,54.901793390269496
ecuador-delayed-expansion,seed-1,OFF,JPQ,23,NORMAL,500000,0.3645626444032634,88.48442103362761
ecuador-delayed-expansion,seed-1,OFF,CONSV,23,NORMAL,500000,0.4467175418384482,85.9987643489707
ecuador-delayed-expansion,seed-1,OFF,VAP,23,NORMAL,500000,0.3773260262890588,86.5411523237186
ecuador-delayed-expansion,seed-1,OFF,MASS,24,NORMAL,500000,0.5893932785590513,58.50964991904794
ecuador-delayed-expansion,seed-1,OFF,BAL,24,NORMAL,500000,0.3928890229950087,87.9207587324679
ecuador-delayed-expansion,seed-1,OFF,JPQ,24,NORMAL,500000,0.3623082863818025,89.4056673509374
ecuador-delayed-expansion,seed-1,OFF,CONSV,24,NORMAL,500000,0.4466058181126349,87.11886320105305
ecuador-delayed-expansion,seed-1,OFF,VAP,24,NORMAL,500000,0.3734858510114146,87.61786013782111
ecuador-delayed-expansion,seed-1,OFF,MASS,25,NORMAL,500000,0.5893932785590513,61.828877925524104
ecuador-delayed-expansion,seed-1,OFF,BAL,25,NORMAL,500000,0.3928890229950087,88.88709803387047
ecuador-delayed-expansion,seed-1,OFF,CONSV,25,NORMAL,500000,0.4463909071957768,88.1493541449688
ecuador-delayed-expansion,seed-1,OFF,VAP,25,NORMAL,500000,0.3707816908594304,88.60843132679543
ecuador-delayed-expansion,seed-1,OFF,MASS,26,NORMAL,500000,0.5893932785590513,64.88256769148218
ecuador-delayed-expansion,seed-1,OFF,BAL,26,NORMAL,500000,0.3928890229950087,89.77613019116083
ecuador-delayed-expansion,seed-1,OFF,JPQ,26,NORMAL,500000,0.3607400538916781,87.83802112509068
ecuador-delayed-expansion,seed-1,OFF,CONSV,26,NORMAL,500000,0.4463685906492029,89.0974058133713
ecuador-delayed-expansion,seed-1,OFF,VAP,26,NORMAL,500000,0.37264566197222565,89.51975682065179
ecuador-delayed-expansion,seed-1,OFF,MASS,27,NORMAL,500000,0.5893324925523106,67.69196227616361
ecuador-delayed-expansion,seed-1,OFF,JPQ,27,NORMAL,500000,0.34194887194144685,88.81097943508342
ecuador-delayed-expansion,seed-1,OFF,CONSV,27,NORMAL,500000,0.44642996652221684,89.96961334830159
ecuador-delayed-expansion,seed-1,OFF,MASS,28,NORMAL,500000,0.5893324925523106,70.27660529407052
ecuador-delayed-expansion,seed-1,OFF,BAL,28,NORMAL,500000,0.42379381922142295,88.1583973893159
ecuador-delayed-expansion,seed-1,OFF,JPQ,28,NORMAL,500000,0.3402319442819837,89.70610108027675
ecuador-delayed-expansion,seed-1,OFF,VAP,28,NORMAL,500000,0.3740655841707414,87.93668569849967
ecuador-delayed-expansion,seed-1,OFF,MASS,29,NORMAL,500000,0.5893324925523106,72.65447687054488
ecuador-delayed-expansion,seed-1,OFF,BAL,29,NORMAL,500000,0.42379381922142295,89.10572559817062
ecuador-delayed-expansion,seed-1,OFF,CONSV,29,NORMAL,500000,0.43092990795768094,88.32572162361123
ecuador-delayed-expansion,seed-1,OFF,VAP,29,NORMAL,500000,0.37160111325747913,88.9017508426197
ecuador-delayed-expansion,seed-1,OFF,JPQ,30,NORMAL,500000,0.34016319805655243,88.09783621422334
ecuador-delayed-expansion,seed-1,OFF,CONSV,30,NORMAL,500000,0.4263870477259286,89.25966389372233
ecuador-delayed-expansion,seed-1,OFF,VAP,30,NORMAL,500000,0.3711647178539434,89.78961077521012
ecuador-delayed-expansion,seed-1,OFF,JPQ,31,NORMAL,500000,0.34016319805655243,89.05000931708547
ecuador-delayed-expansion,seed-1,OFF,JPQ,32,NORMAL,500000,0.34016319805655243,89.92600857171863
ecuador-delayed-expansion,seed-1,OFF,CONSV,32,NORMAL,500000,0.432699817530487,87.71175733529108
ecuador-delayed-expansion,seed-1,OFF,VAP,32,NORMAL,500000,0.3740224922165919,88.1700553984017
ecuador-delayed-expansion,seed-1,ON,BAL,2,NORMAL,500000,0.42352674105490346,50
ecuador-delayed-expansion,seed-1,ON,BAL,3,NORMAL,500000,0.4457400622253127,54
ecuador-delayed-expansion,seed-1,ON,JPQ,3,NORMAL,500000,0.4390814451294407,50
ecuador-delayed-expansion,seed-1,ON,CONSV,3,NORMAL,500000,0.4827363815239409,50
ecuador-delayed-expansion,seed-1,ON,BAL,4,NORMAL,500000,0.4728333593391681,57.68
ecuador-delayed-expansion,seed-1,ON,JPQ,4,NORMAL,500000,0.39576625095379664,54
ecuador-delayed-expansion,seed-1,ON,CONSV,4,NORMAL,500000,0.44800358402867224,54
ecuador-delayed-expansion,seed-1,ON,MASS,5,NORMAL,500000,1.1460332922671403,50
ecuador-delayed-expansion,seed-1,ON,BAL,5,NORMAL,500000,0.41679587338741675,61.0656
ecuador-delayed-expansion,seed-1,ON,CONSV,5,NORMAL,500000,0.4213341715074452,57.68
ecuador-delayed-expansion,seed-1,ON,VAP,5,NORMAL,500000,0.350899650560092,50
ecuador-delayed-expansion,seed-1,ON,CONSV,6,NORMAL,500000,0.44800358402867224,61.0656
ecuador-delayed-expansion,seed-1,ON,BAL,7,NORMAL,500000,0.4013549743935526,63.32953088
ecuador-delayed-expansion,seed-1,ON,VAP,7,NORMAL,500000,0.3508286432221449,53.76
ecuador-delayed-expansion,seed-1,ON,BAL,8,NORMAL,500000,0.4296606797747547,66.2631684096
ecuador-delayed-expansion,seed-1,ON,JPQ,8,NORMAL,500000,0.35742376669320897,56.37888512
ecuador-delayed-expansion,seed-1,ON,CONSV,8,NORMAL,500000,0.4213764260958421,63.32953088
ecuador-delayed-expansion,seed-1,ON,VAP,8,NORMAL,500000,0.3508286432221449,57.459199999999996
ecuador-delayed-expansion,seed-1,ON,BAL,9,NORMAL,500000,0.41984700775037576,68.962114936832
ecuador-delayed-expansion,seed-1,ON,JPQ,9,NORMAL,500000,0.35742376669320897,59.8685743104
ecuador-delayed-expansion,seed-1,ON,CONSV,9,NORMAL,500000,0.4401956757817985,66.2631684096
ecuador-delayed-expansion,seed-1,ON,VAP,9,NORMAL,500000,0.3508286432221449,60.862463999999996
ecuador-delayed-expansion,seed-1,ON,BAL,10,NORMAL,500000,0.4183536778726883,71.44514574188544
ecuador-delayed-expansion,seed-1,ON,JPQ,10,NORMAL,500000,0.35731587459384795,63.079088365568
ecuador-delayed-expansion,seed-1,ON,CONSV,10,NORMAL,500000,0.4212074585731934,68.962114936832
ecuador-delayed-expansion,seed-1,ON,VAP,10,NORMAL,500000,0.3508286432221449,63.99346688
ecuador-delayed-expansion,seed-1,ON,BAL,11,NORMAL,500000,0.4160841488582651,73.7295340825346
ecuador-delayed-expansion,seed-1,ON,JPQ,11,NORMAL,500000,0.3572072054694424,66.03276129632256
ecuador-delayed-expansion,seed-1,ON,CONSV,11,NORMAL,500000,0.39639046839479697,71.44514574188544
ecuador-delayed-expansion,seed-1,ON,VAP,11,NORMAL,500000,0.3508286432221449,66.8739895296
ecuador-delayed-expansion,seed-1,ON,BAL,12,NORMAL,500000,0.4183043281112221,75.83117135593183
ecuador-delayed-expansion,seed-1,ON,JPQ,12,NORMAL,500000,0.3572072054694424,68.75014039261676
ecuador-delayed-expansion,seed-1,ON,CONSV,12,NORMAL,500000,0.4166802087734518,73.7295340825346
ecuador-delayed-expansion,seed-1,ON,VAP,12,NORMAL,500000,0.3508286432221449,69.524070367232
ecuador-delayed-expansion,seed-1,ON,BAL,13,NORMAL,500000,0.4171411647415602,77.76467764745729
ecuador-delayed-expansion,seed-1,ON,JPQ,13,NORMAL,500000,0.3572072054694424,71.25012916120741
ecuador-delayed-expansion,seed-1,ON,CONSV,13,NORMAL,500000,0.39643006795207797,75.83117135593183
ecuador-delayed-expansion,seed-1,ON,VAP,13,NORMAL,500000,0.3508286432221449,71.96214473785344
ecuador-delayed-expansion,seed-1,ON,BAL,14,NORMAL,500000,0.4159958733209367,79.54350343566071
ecuador-delayed-expansion,seed-1,ON,JPQ,14,NORMAL,500000,0.3572072054694424,73.55011882831081
ecuador-delayed-expansion,seed-1,ON,CONSV,14,NORMAL,500000,0.3962706179602525,77.76467764745729
ecuador-delayed-expansion,seed-1,ON,VAP,14,NORMAL,500000,0.3508286432221449,74.20517315882516
ecuador-delayed-expansion,seed-1,ON,BAL,15,NORMAL,500000,0.42260211334864844,81.18002316080785
ecuador-delayed-expansion,seed-1,ON,JPQ,15,NORMAL,500000,0.34033511573640146,75.66610932204595
ecuador-delayed-expansion,seed-1,ON,CONSV,15,NORMAL,500000,0.3962299512597537,79.54350343566071
ecuador-delayed-expansion,seed-1,ON,VAP,15,NORMAL,500000,0.3368299878929829,76.26875930611915
ecuador-delayed-expansion,seed-1,ON,MASS,16,NORMAL,500000,0.8432627522409708,52.154460456379596
ecuador-delayed-expansion,seed-1,ON,BAL,16,NORMAL,500000,0.4234503411315948,82.68562130794322
ecuador-delayed-expansion,seed-1,ON,JPQ,16,NORMAL,500000,0.3402319442819837,77.61282057628227
ecuador-delayed-expansion,seed-1,ON,CONSV,16,NORMAL,500000,0.4034224749081306,81.18002316080785
ecuador-delayed-expansion,seed-1,ON,VAP,16,NORMAL,500000,0.33679568276433275,78.16725856162962
ecuador-delayed-expansion,seed-1,ON,BAL,17,NORMAL,500000,0.4179728317659352,84.07077160330776
ecuador-delayed-expansion,seed-1,ON,JPQ,17,NORMAL,500000,0.3401975676962542,79.40379493017969
ecuador-delayed-expansion,seed-1,ON,CONSV,17,NORMAL,500000,0.39397346667496635,82.68562130794322
ecuador-delayed-expansion,seed-1,ON,VAP,17,NORMAL,500000,0.33679568276433275,79.91387787669925
ecuador-delayed-expansion,seed-1,ON,BAL,18,NORMAL,500000,0.415850559942779,85.34510987504314
ecuador-delayed-expansion,seed-1,ON,JPQ,18,NORMAL,500000,0.3401975676962542,81.0514913357653
ecuador-delayed-expansion,seed-1,ON,CONSV,18,NORMAL,500000,0.3905740422929196,84.07077160330776
ecuador-delayed-expansion,seed-1,ON,VAP,18,NORMAL,500000,0.33679568276433275,81.5207676465633
ecuador-delayed-expansion,seed-1,ON,BAL,19,NORMAL,500000,0.4177737671496131,86.51750108503968
ecuador-delayed-expansion,seed-1,ON,JPQ,19,NORMAL,500000,0.3401975676962542,82.56737202890409
ecuador-delayed-expansion,seed-1,ON,CONSV,19,NORMAL,500000,0.3933345526704466,85.34510987504314
ecuador-delayed-expansion,seed-1,ON,VAP,19,NORMAL,500000,0.33679568276433275,82.99910623483824
ecuador-delayed-expansion,seed-1,ON,BAL,20,NORMAL,500000,0.41842824959747205,87.59610099823651
ecuador-delayed-expansion,seed-1,ON,JPQ,20,NORMAL,500000,0.34026632781584676,83.96198226659176
ecuador-delayed-expansion,seed-1,ON,CONSV,20,NORMAL,500000,0.3945065748465764,86.51750108503968
ecuador-delayed-expansion,seed-1,ON,VAP,20,NORMAL,500000,0.33679568276433275,84.35917773605118
ecuador-delayed-expansion,seed-1,ON,MASS,21,NORMAL,500000,0.6714113065664026,54.67052117982514
ecuador-delayed-expansion,seed-1,ON,BAL,21,NORMAL,500000,0.39402873099894953,88.58841291837759
ecuador-delayed-expansion,seed-1,ON,JPQ,21,NORMAL,500000,0.3248978797229349,85.24502368526441
ecuador-delayed-expansion,seed-1,ON,CONSV,21,NORMAL,500000,0.3918499904192677,87.59610099823651
ecuador-delayed-expansion,seed-1,ON,VAP,21,NORMAL,500000,0.3239725986567837,85.61044351716708
ecuador-delayed-expansion,seed-1,ON,MASS,22,NORMAL,500000,0.6714113065664026,58.29687948543913
ecuador-delayed-expansion,seed-1,ON,BAL,22,NORMAL,500000,0.3929677632825069,89.50133988490738
ecuador-delayed-expansion,seed-1,ON,JPQ,22,NORMAL,500000,0.3247669553520133,86.42542179044327
ecuador-delayed-expansion,seed-1,ON,CONSV,22,NORMAL,500000,0.3896791148360971,88.58841291837759
ecuador-delayed-expansion,seed-1,ON,VAP,22,NORMAL,500000,0.32387447143686254,86.76160803579371
ecuador-delayed-expansion,seed-1,ON,MASS,23,NORMAL,500000,0.6714113065664026,61.633129126604
ecuador-delayed-expansion,seed-1,ON,JPQ,23,NORMAL,500000,0.3247342407447169,87.5113880472078
ecuador-delayed-expansion,seed-1,ON,CONSV,23,NORMAL,500000,0.3927668064916498,89.50133988490738
ecuador-delayed-expansion,seed-1,ON,VAP,23,NORMAL,500000,0.32384216709996744,87.82067939293022
ecuador-delayed-expansion,seed-1,ON,MASS,24,NORMAL,500000,0.6714113065664026,64.70247879647567
ecuador-delayed-expansion,seed-1,ON,BAL,24,NORMAL,500000,0.3928890229950087,87.9207587324679
ecuador-delayed-expansion,seed-1,ON,JPQ,24,NORMAL,500000,0.3247342407447169,88.51047700343118
ecuador-delayed-expansion,seed-1,ON,VAP,24,NORMAL,500000,0.32384216709996744,88.7950250414958
ecuador-delayed-expansion,seed-1,ON,MASS,25,NORMAL,500000,0.7510354901820886,67.52628049275762
ecuador-delayed-expansion,seed-1,ON,BAL,25,NORMAL,500000,0.3928890229950087,88.88709803387047
ecuador-delayed-expansion,seed-1,ON,JPQ,25,NORMAL,500000,0.32479967655149006,89.42963884315668
ecuador-delayed-expansion,seed-1,ON,CONSV,25,NORMAL,500000,0.37429296059743145,87.9207587324679
ecuador-delayed-expansion,seed-1,ON,VAP,25,NORMAL,500000,0.32384216709996744,89.69142303817614
ecuador-delayed-expansion,seed-1,ON,MASS,26,NORMAL,500000,0.6271755150678917,70.124178053337
ecuador-delayed-expansion,seed-1,ON,BAL,26,NORMAL,500000,0.3928890229950087,89.77613019116083
ecuador-delayed-expansion,seed-1,ON,CONSV,26,NORMAL,500000,0.37418021791507533,88.88709803387047
ecuador-delayed-expansion,seed-1,ON,MASS,27,NORMAL,500000,0.6620477799882818,72.51424380907004
ecuador-delayed-expansion,seed-1,ON,JPQ,27,NORMAL,500000,0.3107403936782477,87.85875167156189
ecuador-delayed-expansion,seed-1,ON,CONSV,27,NORMAL,500000,0.37789495880567053,89.77613019116083
ecuador-delayed-expansion,seed-1,ON,VAP,27,NORMAL,500000,0.3119734667814396,88.08514264341473
ecuador-delayed-expansion,seed-1,ON,BAL,28,NORMAL,500000,0.42379381922142295,88.1583973893159
ecuador-delayed-expansion,seed-1,ON,JPQ,28,NORMAL,500000,0.310646739796637,88.83005153783694
ecuador-delayed-expansion,seed-1,ON,VAP,28,NORMAL,500000,0.3118792044435551,89.03833123194156
ecuador-delayed-expansion,seed-1,ON,BAL,29,NORMAL,500000,0.42379381922142295,89.10572559817062
ecuador-delayed-expansion,seed-1,ON,JPQ,29,NORMAL,500000,0.31061553437985917,89.72364741480999
ecuador-delayed-expansion,seed-1,ON,CONSV,29,NORMAL,500000,0.37705016313075307,88.1583973893159
ecuador-delayed-expansion,seed-1,ON,VAP,29,NORMAL,500000,0.3118481593848458,89.91526473338624
ecuador-delayed-expansion,seed-1,ON,CONSV,30,NORMAL,500000,0.3763627625177314,89.10572559817062
ecuador-delayed-expansion,seed-1,ON,JPQ,31,NORMAL,500000,0.31061553437985917,88.11301028432769
ecuador-delayed-expansion,seed-1,ON,CONSV,31,NORMAL,500000,0.377546408948454,89.97726755031697
ecuador-delayed-expansion,seed-1,ON,VAP,31,NORMAL,500000,0.3118481593848458,88.27872094143243
ecuador-delayed-expansion,seed-1,ON,JPQ,32,NORMAL,500000,0.310677951484034,89.06396946158146
ecuador-delayed-expansion,seed-1,ON,VAP,32,NORMAL,500000,0.3118481593848458,89.21642326611783
ecuador-delayed-expansion,seed-2,OFF,BAL,2,NORMAL,500000,0.42352674105490346,50
ecuador-delayed-expansion,seed-2,OFF,BAL,3,NORMAL,500000,0.4478914167880452,54
ecuador-delayed-expansion,seed-2,OFF,JPQ,3,NORMAL,500000,0.519262725857217,50
ecuador-delayed-expansion,seed-2,OFF,CONSV,3,NORMAL,500000,0.4220150034774036,50
ecuador-delayed-expansion,seed-2,OFF,BAL,4,NORMAL,500000,0.5271392364493588,57.68
ecuador-delayed-expansion,seed-2,OFF,JPQ,4,NORMAL,500000,0.40439951080599973,54
ecuador-delayed-expansion,seed-2,OFF,CONSV,4,NORMAL,500000,0.6716841472465988,54
ecuador-delayed-expansion,seed-2,OFF,MASS,5,NORMAL,500000,1.0958363697132745,50
ecuador-delayed-expansion,seed-2,OFF,BAL,5,NORMAL,500000,0.3966554016532597,61.0656
ecuador-delayed-expansion,seed-2,OFF,JPQ,5,NORMAL,500000,0.3574962932996829,57.68
ecuador-delayed-expansion,seed-2,OFF,CONSV,5,NORMAL,500000,0.42855385786325617,57.68
ecuador-delayed-expansion,seed-2,OFF,VAP,5,NORMAL,500000,0.3603637886861338,50
ecuador-delayed-expansion,seed-2,OFF,CONSV,6,NORMAL,500000,0.4825423418841445,61.0656
ecuador-delayed-expansion,seed-2,OFF,MASS,7,LIQUIDITY_STRESS,500000,1.1048197762739953,53.76
ecuador-delayed-expansion,seed-2,OFF,BAL,7,NORMAL,500000,0.39292792601638665,63.32953088
ecuador-delayed-expansion,seed-2,OFF,VAP,7,NORMAL,500000,0.38203716274141303,53.76
ecuador-delayed-expansion,seed-2,OFF,BAL,8,NORMAL,500000,0.4484349172951482,66.2631684096
ecuador-delayed-expansion,seed-2,OFF,JPQ,8,NORMAL,500000,0.3810858263205919,59.777564160000004
ecuador-delayed-expansion,seed-2,OFF,CONSV,8,NORMAL,500000,0.44635185470354427,63.32953088
ecuador-delayed-expansion,seed-2,OFF,VAP,8,NORMAL,500000,0.3903038531108622,57.459199999999996
ecuador-delayed-expansion,seed-2,OFF,MASS,9,NORMAL,500000,0.8576329331046312,57.011647999999994
ecuador-delayed-expansion,seed-2,OFF,BAL,9,NORMAL,500000,0.44711401317913263,68.962114936832
ecuador-delayed-expansion,seed-2,OFF,JPQ,9,NORMAL,500000,0.3988227390858568,62.9953590272
ecuador-delayed-expansion,seed-2,OFF,CONSV,9,NORMAL,500000,0.44635185470354427,66.2631684096
ecuador-delayed-expansion,seed-2,OFF,BAL,10,NORMAL,500000,0.4404917650064532,71.44514574188544
ecuador-delayed-expansion,seed-2,OFF,JPQ,10,NORMAL,500000,0.39022035977848907,65.955730305024
ecuador-delayed-expansion,seed-2,OFF,CONSV,10,NORMAL,500000,0.4281236112740359,68.962114936832
ecuador-delayed-expansion,seed-2,OFF,VAP,10,NORMAL,500000,0.37301852559205495,60.21071616
ecuador-delayed-expansion,seed-2,OFF,MASS,11,NORMAL,500000,0.6692230989044818,59.823673190399994
ecuador-delayed-expansion,seed-2,OFF,BAL,11,NORMAL,500000,0.41443390400881913,73.7295340825346
ecuador-delayed-expansion,seed-2,OFF,JPQ,11,NORMAL,500000,0.3762986631312655,68.67927188062208
ecuador-delayed-expansion,seed-2,OFF,CONSV,11,NORMAL,500000,0.4280799927397633,71.44514574188544
ecuador-delayed-expansion,seed-2,OFF,VAP,11,NORMAL,500000,0.3753740226761946,63.393858867199995
ecuador-delayed-expansion,seed-2,OFF,BAL,12,NORMAL,500000,0.3953100416656784,75.83117135593183
ecuador-delayed-expansion,seed-2,OFF,JPQ,12,NORMAL,500000,0.3639068191843815,71.18493013017232
ecuador-delayed-expansion,seed-2,OFF,CONSV,12,NORMAL,500000,0.4543151993421516,73.7295340825346
ecuador-delayed-expansion,seed-2,OFF,VAP,12,NORMAL,500000,0.37955077584733193,66.32235015782399
ecuador-delayed-expansion,seed-2,OFF,BAL,13,NORMAL,500000,0.40889259618176094,77.76467764745729
ecuador-delayed-expansion,seed-2,OFF,JPQ,13,NORMAL,500000,0.3639068191843815,73.49013571975853
ecuador-delayed-expansion,seed-2,OFF,CONSV,13,NORMAL,500000,0.41635717450028814,75.83117135593183
ecuador-delayed-expansion,seed-2,OFF,VAP,13,NORMAL,500000,0.37365152899700266,69.01656214519807
ecuador-delayed-expansion,seed-2,OFF,MASS,14,NORMAL,500000,0.649772579597141,61.52018182055444
ecuador-delayed-expansion,seed-2,OFF,BAL,14,NORMAL,500000,0.3943709074159083,79.54350343566071
ecuador-delayed-expansion,seed-2,OFF,JPQ,14,NORMAL,500000,0.38613998408485445,75.61092486217784
ecuador-delayed-expansion,seed-2,OFF,CONSV,14,NORMAL,500000,0.3993713894330324,77.76467764745729
ecuador-delayed-expansion,seed-2,OFF,VAP,14,NORMAL,500000,0.38291535824488754,71.49523717358223
ecuador-delayed-expansion,seed-2,OFF,BAL,15,NORMAL,500000,0.420417844887677,81.18002316080785
ecuador-delayed-expansion,seed-2,OFF,JPQ,15,NORMAL,500000,0.3453596544358926,77.56205087320362
ecuador-delayed-expansion,seed-2,OFF,CONSV,15,NORMAL,500000,0.3993312001060624,79.54350343566071
ecuador-delayed-expansion,seed-2,OFF,VAP,15,NORMAL,500000,0.38988458480566746,73.77561819969564
ecuador-delayed-expansion,seed-2,OFF,MASS,16,NORMAL,500000,0.5893932785590513,63.722653238415475
ecuador-delayed-expansion,seed-2,OFF,BAL,16,NORMAL,500000,0.4622208417226416,82.68562130794322
ecuador-delayed-expansion,seed-2,OFF,JPQ,16,NORMAL,500000,0.3403007182999502,79.35708680334733
ecuador-delayed-expansion,seed-2,OFF,CONSV,16,NORMAL,500000,0.4860541347653137,81.18002316080785
ecuador-delayed-expansion,seed-2,OFF,VAP,16,NORMAL,500000,0.38463668757038844,75.87356874371999
ecuador-delayed-expansion,seed-2,OFF,MASS,17,NORMAL,500000,0.5893932785590513,66.62484097934224
ecuador-delayed-expansion,seed-2,OFF,BAL,17,NORMAL,500000,0.43798676754377897,84.07077160330776
ecuador-delayed-expansion,seed-2,OFF,JPQ,17,NORMAL,500000,0.3402319442819837,81.00851985907954
ecuador-delayed-expansion,seed-2,OFF,CONSV,17,NORMAL,500000,0.4554376984000474,82.68562130794322
ecuador-delayed-expansion,seed-2,OFF,VAP,17,NORMAL,500000,0.37143802081182087,77.80368324422238
ecuador-delayed-expansion,seed-2,OFF,MASS,18,NORMAL,500000,0.5893932785590513,69.29485370099486
ecuador-delayed-expansion,seed-2,OFF,BAL,18,NORMAL,500000,0.4110983396560258,85.34510987504314
ecuador-delayed-expansion,seed-2,OFF,JPQ,18,NORMAL,500000,0.3404039314747823,82.52783827035317
ecuador-delayed-expansion,seed-2,OFF,CONSV,18,NORMAL,500000,0.4272925419932428,84.07077160330776
ecuador-delayed-expansion,seed-2,OFF,VAP,18,NORMAL,500000,0.3679442278970015,79.5793885846846
ecuador-delayed-expansion,seed-2,OFF,MASS,19,NORMAL,500000,0.5893932785590513,71.75126540491527
ecuador-delayed-expansion,seed-2,OFF,BAL,19,NORMAL,500000,0.410974667521494,86.51750108503968
ecuador-delayed-expansion,seed-2,OFF,JPQ,19,NORMAL,500000,0.3640231017796944,83.92561120872492
ecuador-delayed-expansion,seed-2,OFF,CONSV,19,NORMAL,500000,0.4144835472828324,85.34510987504314
ecuador-delayed-expansion,seed-2,OFF,VAP,19,NORMAL,500000,0.3801503144755461,81.21303749790982
ecuador-delayed-expansion,seed-2,OFF,MASS,20,NORMAL,500000,0.5893932785590513,74.01116417252206
ecuador-delayed-expansion,seed-2,OFF,BAL,20,NORMAL,500000,0.410974667521494,87.59610099823651
ecuador-delayed-expansion,seed-2,OFF,JPQ,20,NORMAL,500000,0.35218636237201456,85.21156231202693
ecuador-delayed-expansion,seed-2,OFF,CONSV,20,NORMAL,500000,0.39290831916571417,86.51750108503968
ecuador-delayed-expansion,seed-2,OFF,VAP,20,NORMAL,500000,0.37601742795656484,82.71599449807704
ecuador-delayed-expansion,seed-2,OFF,MASS,21,NORMAL,500000,0.5893932785590513,76.09027103872029
ecuador-delayed-expansion,seed-2,OFF,BAL,21,NORMAL,500000,0.410974667521494,88.58841291837759
ecuador-delayed-expansion,seed-2,OFF,JPQ,21,NORMAL,500000,0.3766438337641762,86.39463732706477
ecuador-delayed-expansion,seed-2,OFF,CONSV,21,NORMAL,500000,0.38998548474025796,87.59610099823651
ecuador-delayed-expansion,seed-2,OFF,VAP,21,NORMAL,500000,0.3711863203884331,84.09871493823087
ecuador-delayed-expansion,seed-2,OFF,MASS,22,NORMAL,500000,0.5893932785590513,78.00304935562266
ecuador-delayed-expansion,seed-2,OFF,BAL,22,NORMAL,500000,0.410974667521494,89.50133988490738
ecuador-delayed-expansion,seed-2,OFF,JPQ,22,NORMAL,500000,0.3796458784732283,87.48306634089958
ecuador-delayed-expansion,seed-2,OFF,CONSV,22,NORMAL,500000,0.39601905802114823,88.58841291837759
ecuador-delayed-expansion,seed-2,OFF,VAP,22,NORMAL,500000,0.37372894784836763,85.3708177431724
ecuador-delayed-expansion,seed-2,OFF,MASS,23,NORMAL,500000,0.5547788651443535,79.76280540717285
ecuador-delayed-expansion,seed-2,OFF,JPQ,23,NORMAL,500000,0.37019654252717926,88.48442103362761
ecuador-delayed-expansion,seed-2,OFF,CONSV,23,NORMAL,500000,0.40071567820126747,89.50133988490738
ecuador-delayed-expansion,seed-2,OFF,VAP,23,NORMAL,500000,0.37913495960999444,86.5411523237186
ecuador-delayed-expansion,seed-2,OFF,MASS,24,NORMAL,500000,0.5548342710032513,81.38178097459902
ecuador-delayed-expansion,seed-2,OFF,BAL,24,NORMAL,500000,0.410974667521494,87.9207587324679
ecuador-delayed-expansion,seed-2,OFF,JPQ,24,NORMAL,500000,0.3701594617348397,89.4056673509374
ecuador-delayed-expansion,seed-2,OFF,VAP,24,NORMAL,500000,0.37729812286637904,87.61786013782111
ecuador-delayed-expansion,seed-2,OFF,MASS,25,NORMAL,500000,0.5547788651443535,82.87123849663111
ecuador-delayed-expansion,seed-2,OFF,BAL,25,NORMAL,500000,0.410974667521494,88.88709803387047
ecuador-delayed-expansion,seed-2,OFF,CONSV,25,NORMAL,500000,0.39632558622499087,87.9207587324679
ecuador-delayed-expansion,seed-2,OFF,VAP,25,NORMAL,500000,0.3754679457007268,88.60843132679543
ecuador-delayed-expansion,seed-2,OFF,BAL,26,NORMAL,500000,0.410974667521494,89.77613019116083
ecuador-delayed-expansion,seed-2,OFF,JPQ,26,NORMAL,500000,0.3701594617348397,87.83802112509068
ecuador-delayed-expansion,seed-2,OFF,CONSV,26,NORMAL,500000,0.3959740526122804,88.88709803387047
ecuador-delayed-expansion,seed-2,OFF,VAP,26,NORMAL,500000,0.37471315707825653,89.51975682065179
ecuador-delayed-expansion,seed-2,OFF,JPQ,27,NORMAL,500000,0.3701594617348397,88.81097943508342
ecuador-delayed-expansion,seed-2,OFF,CONSV,27,NORMAL,500000,0.3972193059704842,89.77613019116083
ecuador-delayed-expansion,seed-2,OFF,BAL,28,NORMAL,500000,0.410974667521494,88.1583973893159
ecuador-delayed-expansion,seed-2,OFF,JPQ,28,NORMAL,500000,0.3701594617348397,89.70610108027675
ecuador-delayed-expansion,seed-2,OFF,VAP,28,NORMAL,500000,0.37118709195402977,87.93668569849967
ecuador-delayed-expansion,seed-2,OFF,CONSV,29,NORMAL,500000,0.3830525302917941,88.1583973893159
ecuador-delayed-expansion,seed-2,OFF,VAP,29,NORMAL,500000,0.37325945384079495,88.9017508426197
ecuador-delayed-expansion,seed-2,OFF,JPQ,30,NORMAL,500000,0.3701594617348397,88.09783621422334
ecuador-delayed-expansion,seed-2,OFF,CONSV,30,NORMAL,500000,0.3788831736467051,89.10572559817062
ecuador-delayed-expansion,seed-2,OFF,VAP,30,NORMAL,500000,0.3729437374094194,89.78961077521012
ecuador-delayed-expansion,seed-2,OFF,JPQ,31,NORMAL,500000,0.3701594617348397,89.05000931708547
ecuador-delayed-expansion,seed-2,OFF,CONSV,31,NORMAL,500000,0.3833732552683153,89.97726755031697
ecuador-delayed-expansion,seed-2,OFF,JPQ,32,NORMAL,500000,0.3701594617348397,89.92600857171863
ecuador-delayed-expansion,seed-2,OFF,VAP,32,NORMAL,500000,0.38221706076303363,88.1700553984017
ecuador-delayed-expansion,seed-2,ON,BAL,2,NORMAL,500000,0.42352674105490346,50
ecuador-delayed-expansion,seed-2,ON,BAL,3,NORMAL,500000,0.4457400622253127,54
ecuador-delayed-expansion,seed-2,ON,JPQ,3,NORMAL,500000,0.3990044360515191,50
ecuador-delayed-expansion,seed-2,ON,CONSV,3,NORMAL,500000,0.4827363815239409,50
ecuador-delayed-expansion,seed-2,ON,BAL,4,NORMAL,500000,0.5152174629867775,57.68
ecuador-delayed-expansion,seed-2,ON,CONSV,4,NORMAL,500000,0.44800358402867224,54
ecuador-delayed-expansion,seed-2,ON,MASS,5,NORMAL,500000,1.0818705541881914,50
ecuador-delayed-expansion,seed-2,ON,BAL,5,NORMAL,500000,0.3944474422450055,61.0656
ecuador-delayed-expansion,seed-2,ON,CONSV,5,NORMAL,500000,0.4275879762261085,57.68
ecuador-delayed-expansion,seed-2,ON,VAP,5,NORMAL,500000,0.350899650560092,50
ecuador-delayed-expansion,seed-2,ON,CONSV,6,NORMAL,500000,0.44800358402867224,61.0656
ecuador-delayed-expansion,seed-2,ON,MASS,7,LIQUIDITY_STRESS,500000,1.057708580132002,53.76
ecuador-delayed-expansion,seed-2,ON,BAL,7,NORMAL,500000,0.3940166211971486,63.32953088
ecuador-delayed-expansion,seed-2,ON,VAP,7,NORMAL,500000,0.3508286432221449,53.76
ecuador-delayed-expansion,seed-2,ON,BAL,8,NORMAL,500000,0.44932713261890317,66.2631684096
ecuador-delayed-expansion,seed-2,ON,JPQ,8,NORMAL,500000,0.35746002631763696,53.12299584
ecuador-delayed-expansion,seed-2,ON,CONSV,8,NORMAL,500000,0.4213764260958421,63.32953088
ecuador-delayed-expansion,seed-2,ON,VAP,8,NORMAL,500000,0.3508286432221449,57.459199999999996
ecuador-delayed-expansion,seed-2,ON,BAL,9,NORMAL,500000,0.446748475247454,68.962114936832
ecuador-delayed-expansion,seed-2,ON,JPQ,9,NORMAL,500000,0.35746002631763696,56.8731561728
ecuador-delayed-expansion,seed-2,ON,CONSV,9,NORMAL,500000,0.4689760611169603,66.2631684096
ecuador-delayed-expansion,seed-2,ON,VAP,9,NORMAL,500000,0.3508286432221449,60.862463999999996
ecuador-delayed-expansion,seed-2,ON,BAL,10,NORMAL,500000,0.4404917650064532,71.44514574188544
ecuador-delayed-expansion,seed-2,ON,JPQ,10,NORMAL,500000,0.35746002631763696,60.323303678976
ecuador-delayed-expansion,seed-2,ON,CONSV,10,NORMAL,500000,0.42500942458399016,68.962114936832
ecuador-delayed-expansion,seed-2,ON,VAP,10,NORMAL,500000,0.3508286432221449,63.99346688
ecuador-delayed-expansion,seed-2,ON,BAL,11,NORMAL,500000,0.41443390400881913,73.7295340825346
ecuador-delayed-expansion,seed-2,ON,JPQ,11,NORMAL,500000,0.35746002631763696,63.49743938465792
ecuador-delayed-expansion,seed-2,ON,CONSV,11,NORMAL,500000,0.42112178420877533,71.44514574188544
ecuador-delayed-expansion,seed-2,ON,VAP,11,NORMAL,500000,0.3508286432221449,66.8739895296
ecuador-delayed-expansion,seed-2,ON,BAL,12,NORMAL,500000,0.3953100416656784,75.83117135593183
ecuador-delayed-expansion,seed-2,ON,JPQ,12,NORMAL,500000,0.35746002631763696,66.41764423388528
ecuador-delayed-expansion,seed-2,ON,CONSV,12,NORMAL,500000,0.39631019357375097,73.7295340825346
ecuador-delayed-expansion,seed-2,ON,VAP,12,NORMAL,500000,0.3508286432221449,69.524070367232
ecuador-delayed-expansion,seed-2,ON,BAL,13,NORMAL,500000,0.40889259618176094,77.76467764745729
ecuador-delayed-expansion,seed-2,ON,JPQ,13,NORMAL,500000,0.3737276069892444,69.10423269517446
ecuador-delayed-expansion,seed-2,ON,CONSV,13,NORMAL,500000,0.3963497770928854,75.83117135593183
ecuador-delayed-expansion,seed-2,ON,VAP,13,NORMAL,500000,0.3508286432221449,71.96214473785344
ecuador-delayed-expansion,seed-2,ON,MASS,14,NORMAL,500000,0.649772579597141,55.1458766708529
ecuador-delayed-expansion,seed-2,ON,BAL,14,NORMAL,500000,0.3930863964590777,79.54350343566071
ecuador-delayed-expansion,seed-2,ON,JPQ,14,NORMAL,500000,0.35735126950825247,71.5758940795605
ecuador-delayed-expansion,seed-2,ON,CONSV,14,NORMAL,500000,0.3963497770928854,77.76467764745729
ecuador-delayed-expansion,seed-2,ON,VAP,14,NORMAL,500000,0.3508286432221449,74.20517315882516
ecuador-delayed-expansion,seed-2,ON,BAL,15,NORMAL,500000,0.4128437336926725,81.18002316080785
ecuador-delayed-expansion,seed-2,ON,JPQ,15,NORMAL,500000,0.3404039314747823,73.84982255319566
ecuador-delayed-expansion,seed-2,ON,CONSV,15,NORMAL,500000,0.419479627132949,79.54350343566071
ecuador-delayed-expansion,seed-2,ON,VAP,15,NORMAL,500000,0.3368299878929829,76.26875930611915
ecuador-delayed-expansion,seed-2,ON,MASS,16,NORMAL,500000,0.600938064318401,58.21015414495359
ecuador-delayed-expansion,seed-2,ON,BAL,16,NORMAL,500000,0.46280740825074534,82.68562130794322
ecuador-delayed-expansion,seed-2,ON,JPQ,16,NORMAL,500000,0.34033511573640146,75.94183674894
ecuador-delayed-expansion,seed-2,ON,CONSV,16,NORMAL,500000,0.42889739058827564,81.18002316080785
ecuador-delayed-expansion,seed-2,ON,VAP,16,NORMAL,500000,0.33679568276433275,78.16725856162962
ecuador-delayed-expansion,seed-2,ON,MASS,17,NORMAL,500000,0.6499330568951398,61.55334181335731
ecuador-delayed-expansion,seed-2,ON,BAL,17,NORMAL,500000,0.4409859387223579,84.07077160330776
ecuador-delayed-expansion,seed-2,ON,JPQ,17,NORMAL,500000,0.34026632781584676,77.8664898090248
ecuador-delayed-expansion,seed-2,ON,CONSV,17,NORMAL,500000,0.41589898645417,82.68562130794322
ecuador-delayed-expansion,seed-2,ON,VAP,17,NORMAL,500000,0.33679568276433275,79.91387787669925
ecuador-delayed-expansion,seed-2,ON,MASS,18,NORMAL,500000,0.6508975877735397,64.62907446828872
ecuador-delayed-expansion,seed-2,ON,BAL,18,NORMAL,500000,0.411181505384833,85.34510987504314
ecuador-delayed-expansion,seed-2,ON,JPQ,18,NORMAL,500000,0.3401975676962542,79.63717062430281
ecuador-delayed-expansion,seed-2,ON,CONSV,18,NORMAL,500000,0.4079546256547162,84.07077160330776
ecuador-delayed-expansion,seed-2,ON,VAP,18,NORMAL,500000,0.33679568276433275,81.5207676465633
ecuador-delayed-expansion,seed-2,ON,MASS,19,NORMAL,500000,0.6332701118671653,67.45874851082563
ecuador-delayed-expansion,seed-2,ON,BAL,19,NORMAL,500000,0.41105778321470204,86.51750108503968
ecuador-delayed-expansion,seed-2,ON,JPQ,19,NORMAL,500000,0.3401975676962542,81.26619697435859
ecuador-delayed-expansion,seed-2,ON,CONSV,19,NORMAL,500000,0.4183580534134461,85.34510987504314
ecuador-delayed-expansion,seed-2,ON,VAP,19,NORMAL,500000,0.33679568276433275,82.99910623483824
ecuador-delayed-expansion,seed-2,ON,MASS,20,NORMAL,500000,0.6269278029942071,70.06204862995958
ecuador-delayed-expansion,seed-2,ON,BAL,20,NORMAL,500000,0.410974667521494,87.59610099823651
ecuador-delayed-expansion,seed-2,ON,JPQ,20,NORMAL,500000,0.3401975676962542,82.76490121640991
ecuador-delayed-expansion,seed-2,ON,CONSV,20,NORMAL,500000,0.41588808950577105,86.51750108503968
ecuador-delayed-expansion,seed-2,ON,VAP,20,NORMAL,500000,0.33679568276433275,84.35917773605118
ecuador-delayed-expansion,seed-2,ON,MASS,21,NORMAL,500000,0.63055479363518,72.45708473956282
ecuador-delayed-expansion,seed-2,ON,BAL,21,NORMAL,500000,0.410974667521494,88.58841291837759
ecuador-delayed-expansion,seed-2,ON,JPQ,21,NORMAL,500000,0.32483240434514016,84.14370911909711
ecuador-delayed-expansion,seed-2,ON,CONSV,21,NORMAL,500000,0.411725277132284,87.59610099823651
ecuador-delayed-expansion,seed-2,ON,VAP,21,NORMAL,500000,0.3239725986567837,85.61044351716708
ecuador-delayed-expansion,seed-2,ON,BAL,22,NORMAL,500000,0.410974667521494,89.50133988490738
ecuador-delayed-expansion,seed-2,ON,JPQ,22,NORMAL,500000,0.32479967655149006,85.41221238956935
ecuador-delayed-expansion,seed-2,ON,CONSV,22,NORMAL,500000,0.4120589887165887,88.58841291837759
ecuador-delayed-expansion,seed-2,ON,VAP,22,NORMAL,500000,0.32387447143686254,86.76160803579371
ecuador-delayed-expansion,seed-2,ON,MASS,23,NORMAL,500000,0.6488682116218786,73.18088688277393
ecuador-delayed-expansion,seed-2,ON,JPQ,23,NORMAL,500000,0.35800142126564244,86.5792353984038
ecuador-delayed-expansion,seed-2,ON,CONSV,23,NORMAL,500000,0.41619342006526744,89.50133988490738
ecuador-delayed-expansion,seed-2,ON,VAP,23,NORMAL,500000,0.32384216709996744,87.82067939293022
ecuador-delayed-expansion,seed-2,ON,BAL,24,NORMAL,500000,0.410974667521494,87.9207587324679
ecuador-delayed-expansion,seed-2,ON,JPQ,24,NORMAL,500000,0.3247015327276091,87.6528965665315
ecuador-delayed-expansion,seed-2,ON,VAP,24,NORMAL,500000,0.32384216709996744,88.7950250414958
ecuador-delayed-expansion,seed-2,ON,BAL,25,NORMAL,500000,0.410974667521494,88.88709803387047
ecuador-delayed-expansion,seed-2,ON,JPQ,25,NORMAL,500000,0.3247015327276091,88.64066484120897
ecuador-delayed-expansion,seed-2,ON,CONSV,25,NORMAL,500000,0.39631019357375097,87.9207587324679
ecuador-delayed-expansion,seed-2,ON,VAP,25,NORMAL,500000,0.3239402747428173,89.69142303817614
ecuador-delayed-expansion,seed-2,ON,BAL,26,NORMAL,500000,0.410974667521494,89.77613019116083
ecuador-delayed-expansion,seed-2,ON,JPQ,26,NORMAL,500000,0.3247015327276091,89.54941165391226
ecuador-delayed-expansion,seed-2,ON,CONSV,26,NORMAL,500000,0.3961903916698593,88.88709803387047
ecuador-delayed-expansion,seed-2,ON,CONSV,27,NORMAL,500000,0.39972115452260504,89.77613019116083
ecuador-delayed-expansion,seed-2,ON,VAP,27,NORMAL,500000,0.3118792044435551,88.08514264341473
ecuador-delayed-expansion,seed-2,ON,BAL,28,NORMAL,500000,0.410974667521494,88.1583973893159
ecuador-delayed-expansion,seed-2,ON,JPQ,28,NORMAL,500000,0.310677951484034,87.96233119830332
ecuador-delayed-expansion,seed-2,ON,VAP,28,NORMAL,500000,0.3118481593848458,89.03833123194156
ecuador-delayed-expansion,seed-2,ON,JPQ,29,NORMAL,500000,0.310646739796637,88.92534470243905
ecuador-delayed-expansion,seed-2,ON,CONSV,29,NORMAL,500000,0.3992988312523209,88.1583973893159
ecuador-delayed-expansion,seed-2,ON,VAP,29,NORMAL,500000,0.3118481593848458,89.91526473338624
ecuador-delayed-expansion,seed-2,ON,JPQ,30,NORMAL,500000,0.3105843352318111,89.81131712624392
ecuador-delayed-expansion,seed-2,ON,CONSV,30,NORMAL,500000,0.3980449623628586,89.10572559817062
ecuador-delayed-expansion,seed-2,ON,CONSV,31,NORMAL,500000,0.4003383659869322,89.97726755031697
ecuador-delayed-expansion,seed-2,ON,VAP,31,NORMAL,500000,0.3118481593848458,88.27872094143243
ecuador-delayed-expansion,seed-2,ON,JPQ,32,NORMAL,500000,0.3105843352318111,88.18882705077574
ecuador-delayed-expansion,seed-2,ON,VAP,32,NORMAL,500000,0.3118481593848458,89.21642326611783
ecuador-delayed-expansion,seed-3,OFF,BAL,2,NORMAL,500000,0.42352674105490346,50
ecuador-delayed-expansion,seed-3,OFF,BAL,3,NORMAL,500000,0.4478914167880452,54
ecuador-delayed-expansion,seed-3,OFF,JPQ,3,NORMAL,500000,0.519262725857217,50
ecuador-delayed-expansion,seed-3,OFF,CONSV,3,NORMAL,500000,0.4220150034774036,50
ecuador-delayed-expansion,seed-3,OFF,BAL,4,NORMAL,500000,0.4803932306829078,57.68
ecuador-delayed-expansion,seed-3,OFF,JPQ,4,NORMAL,500000,0.40439951080599973,54
ecuador-delayed-expansion,seed-3,OFF,MASS,5,NORMAL,500000,1.0641694157709907,50
ecuador-delayed-expansion,seed-3,OFF,BAL,5,NORMAL,500000,0.41796025365171874,61.0656
ecuador-delayed-expansion,seed-3,OFF,JPQ,5,NORMAL,500000,0.3574962932996829,57.68
ecuador-delayed-expansion,seed-3,OFF,CONSV,5,NORMAL,500000,0.42222829292678943,53.76
ecuador-delayed-expansion,seed-3,OFF,VAP,5,NORMAL,500000,0.36032743097783926,50
ecuador-delayed-expansion,seed-3,OFF,MASS,7,LIQUIDITY_STRESS,500000,1.0760382423991348,53.76
ecuador-delayed-expansion,seed-3,OFF,BAL,7,NORMAL,500000,0.4007479559850505,63.32953088
ecuador-delayed-expansion,seed-3,OFF,VAP,7,NORMAL,250000,0.1921581636935443,53.76
ecuador-delayed-expansion,seed-3,OFF,BAL,8,NORMAL,500000,0.4294226669895925,66.2631684096
ecuador-delayed-expansion,seed-3,OFF,JPQ,8,NORMAL,500000,0.3815848960761167,59.777564160000004
ecuador-delayed-expansion,seed-3,OFF,CONSV,8,NORMAL,500000,0.429500868450756,56.59094911999999
ecuador-delayed-expansion,seed-3,OFF,VAP,8,NORMAL,250000,0.1961163933536311,55.6096
ecuador-delayed-expansion,seed-3,OFF,MASS,9,NORMAL,500000,0.8854337297124997,57.011647999999994
ecuador-delayed-expansion,seed-3,OFF,BAL,9,NORMAL,500000,0.41760941993216355,68.962114936832
ecuador-delayed-expansion,seed-3,OFF,JPQ,9,NORMAL,500000,0.39799512344535143,62.9953590272
ecuador-delayed-expansion,seed-3,OFF,CONSV,9,NORMAL,500000,0.47316693944740723,60.06367319039999
ecuador-delayed-expansion,seed-3,OFF,BAL,10,NORMAL,500000,0.4181322200981105,71.44514574188544
ecuador-delayed-expansion,seed-3,OFF,JPQ,10,NORMAL,500000,0.391774214565178,65.955730305024
ecuador-delayed-expansion,seed-3,OFF,CONSV,10,NORMAL,500000,0.4293279043388737,63.25857933516799
ecuador-delayed-expansion,seed-3,OFF,VAP,10,NORMAL,500000,0.37432512922452105,56.94210304
ecuador-delayed-expansion,seed-3,OFF,MASS,11,NORMAL,500000,0.6575918984678109,59.823673190399994
ecuador-delayed-expansion,seed-3,OFF,BAL,11,NORMAL,500000,0.41536242864073475,73.7295340825346
ecuador-delayed-expansion,seed-3,OFF,JPQ,11,NORMAL,500000,0.3762986631312655,68.67927188062208
ecuador-delayed-expansion,seed-3,OFF,CONSV,11,NORMAL,500000,0.5479584165316862,66.19789298835455
ecuador-delayed-expansion,seed-3,OFF,VAP,11,NORMAL,500000,0.3760221786905524,60.3867347968
ecuador-delayed-expansion,seed-3,OFF,BAL,12,NORMAL,500000,0.4205907786312967,75.83117135593183
ecuador-delayed-expansion,seed-3,OFF,JPQ,12,NORMAL,500000,0.3762603498875094,71.18493013017232
ecuador-delayed-expansion,seed-3,OFF,VAP,12,NORMAL,500000,0.3867157867902837,63.555796013055996
ecuador-delayed-expansion,seed-3,OFF,BAL,13,NORMAL,500000,0.42920481224435486,77.76467764745729
ecuador-delayed-expansion,seed-3,OFF,JPQ,13,NORMAL,500000,0.36925554684604805,73.49013571975853
ecuador-delayed-expansion,seed-3,OFF,CONSV,13,NORMAL,500000,0.4209517803945076,67.76793785632901
ecuador-delayed-expansion,seed-3,OFF,VAP,13,NORMAL,500000,0.38355441409761915,66.47133233201151
ecuador-delayed-expansion,seed-3,OFF,MASS,14,NORMAL,500000,0.5893324925523106,61.52018182055444
ecuador-delayed-expansion,seed-3,OFF,BAL,14,NORMAL,500000,0.41115107499560066,79.54350343566071
ecuador-delayed-expansion,seed-3,OFF,JPQ,14,NORMAL,500000,0.35930203137152267,75.61092486217784
ecuador-delayed-expansion,seed-3,OFF,CONSV,14,NORMAL,500000,0.4494200234597252,70.34650282782269
ecuador-delayed-expansion,seed-3,OFF,VAP,14,NORMAL,500000,0.37376649581052607,69.1536257454506
ecuador-delayed-expansion,seed-3,OFF,BAL,15,NORMAL,500000,0.4217135232562357,81.18002316080785
ecuador-delayed-expansion,seed-3,OFF,JPQ,15,NORMAL,500000,0.3572796442066391,77.56205087320362
ecuador-delayed-expansion,seed-3,OFF,CONSV,15,NORMAL,500000,0.45961669805848715,72.71878260159687
ecuador-delayed-expansion,seed-3,OFF,VAP,15,NORMAL,500000,0.5723388190864465,71.62133568581454
ecuador-delayed-expansion,seed-3,OFF,MASS,16,NORMAL,500000,0.5893932785590513,63.722653238415475
ecuador-delayed-expansion,seed-3,OFF,BAL,16,NORMAL,500000,0.42931094734329506,82.68562130794322
ecuador-delayed-expansion,seed-3,OFF,JPQ,16,NORMAL,500000,0.36868947409248554,79.35708680334733
ecuador-delayed-expansion,seed-3,OFF,CONSV,16,NORMAL,500000,0.44997068440991067,74.90127999346912
ecuador-delayed-expansion,seed-3,OFF,VAP,16,NORMAL,500000,0.39418436160265896,73.89162883094937
ecuador-delayed-expansion,seed-3,OFF,BAL,17,NORMAL,500000,0.4354111151749482,84.07077160330776
ecuador-delayed-expansion,seed-3,OFF,JPQ,17,NORMAL,500000,0.4063953295098035,81.00851985907954
ecuador-delayed-expansion,seed-3,OFF,CONSV,17,NORMAL,500000,0.4432455145770152,76.90917759399159
ecuador-delayed-expansion,seed-3,OFF,VAP,17,NORMAL,500000,0.35114736699872096,75.98029852447343
ecuador-delayed-expansion,seed-3,OFF,BAL,18,NORMAL,500000,0.4293021007468998,85.34510987504314
ecuador-delayed-expansion,seed-3,OFF,JPQ,18,NORMAL,500000,0.3767000189329429,82.52783827035317
ecuador-delayed-expansion,seed-3,OFF,CONSV,18,NORMAL,500000,0.44488260437835664,78.75644338647226
ecuador-delayed-expansion,seed-3,OFF,VAP,18,NORMAL,500000,0.38049700214021953,77.90187464251555
ecuador-delayed-expansion,seed-3,OFF,MASS,19,NORMAL,500000,0.5893932785590513,64.6897094893468
ecuador-delayed-expansion,seed-3,OFF,BAL,19,NORMAL,500000,0.4236656227545722,86.51750108503968
ecuador-delayed-expansion,seed-3,OFF,JPQ,19,NORMAL,500000,0.40768236651460116,83.92561120872492
ecuador-delayed-expansion,seed-3,OFF,CONSV,19,NORMAL,500000,0.44690480436071833,80.45592791555447
ecuador-delayed-expansion,seed-3,OFF,VAP,19,NORMAL,500000,0.3510762593807576,79.66972467111431
ecuador-delayed-expansion,seed-3,OFF,MASS,20,NORMAL,500000,0.5893932785590513,67.51453273019905
ecuador-delayed-expansion,seed-3,OFF,BAL,20,NORMAL,500000,0.4236656227545722,87.59610099823651
ecuador-delayed-expansion,seed-3,OFF,JPQ,20,NORMAL,500000,0.3777613124213737,85.21156231202693
ecuador-delayed-expansion,seed-3,OFF,CONSV,20,NORMAL,500000,0.4471356046033505,82.01945368231011
ecuador-delayed-expansion,seed-3,OFF,VAP,20,NORMAL,500000,0.350899650560092,81.29614669742517
ecuador-delayed-expansion,seed-3,OFF,MASS,21,NORMAL,500000,0.5547788651443535,70.11337011178313
ecuador-delayed-expansion,seed-3,OFF,BAL,21,NORMAL,500000,0.4236656227545722,88.58841291837759
ecuador-delayed-expansion,seed-3,OFF,JPQ,21,NORMAL,500000,0.39515211578273113,86.39463732706477
ecuador-delayed-expansion,seed-3,OFF,CONSV,21,NORMAL,500000,0.44651508372604337,83.45789738772531
ecuador-delayed-expansion,seed-3,OFF,VAP,21,NORMAL,500000,0.350899650560092,82.79245496163117
ecuador-delayed-expansion,seed-3,OFF,MASS,22,NORMAL,500000,0.554666548337803,72.50430050284048
ecuador-delayed-expansion,seed-3,OFF,BAL,22,NORMAL,500000,0.4236656227545722,89.50133988490738
ecuador-delayed-expansion,seed-3,OFF,JPQ,22,NORMAL,500000,0.3970554053494957,87.48306634089958
ecuador-delayed-expansion,seed-3,OFF,CONSV,22,NORMAL,500000,0.4461831706846948,84.78126559670729
ecuador-delayed-expansion,seed-3,OFF,VAP,22,NORMAL,500000,0.3709033722534605,84.16905856470068
ecuador-delayed-expansion,seed-3,OFF,MASS,23,NORMAL,500000,0.5547219317636551,74.70395646261323
ecuador-delayed-expansion,seed-3,OFF,JPQ,23,NORMAL,500000,0.3970554053494957,88.48442103362761
ecuador-delayed-expansion,seed-3,OFF,CONSV,23,NORMAL,500000,0.4463100203294214,85.9987643489707
ecuador-delayed-expansion,seed-3,OFF,VAP,23,NORMAL,500000,0.37142565945140127,85.43553387952463
ecuador-delayed-expansion,seed-3,OFF,MASS,24,NORMAL,500000,0.5547219317636551,76.72763994560418
ecuador-delayed-expansion,seed-3,OFF,BAL,24,NORMAL,500000,0.4236656227545722,87.9207587324679
ecuador-delayed-expansion,seed-3,OFF,JPQ,24,NORMAL,500000,0.3970554053494957,89.4056673509374
ecuador-delayed-expansion,seed-3,OFF,CONSV,24,NORMAL,500000,0.446471823386462,87.11886320105305
ecuador-delayed-expansion,seed-3,OFF,VAP,24,NORMAL,500000,0.3657212139369625,86.60069116916266
ecuador-delayed-expansion,seed-3,OFF,MASS,25,NORMAL,500000,0.5548896879300395,78.58942874995584
ecuador-delayed-expansion,seed-3,OFF,BAL,25,NORMAL,500000,0.4282486514449966,88.88709803387047
ecuador-delayed-expansion,seed-3,OFF,CONSV,25,NORMAL,500000,0.4464857774188032,88.1493541449688
ecuador-delayed-expansion,seed-3,OFF,VAP,25,NORMAL,500000,0.3660585799152735,87.67263587562965
ecuador-delayed-expansion,seed-3,OFF,MASS,26,NORMAL,500000,0.5589886776843335,80.30227444995937
ecuador-delayed-expansion,seed-3,OFF,BAL,26,NORMAL,500000,0.4282486514449966,89.77613019116083
ecuador-delayed-expansion,seed-3,OFF,JPQ,26,NORMAL,500000,0.3970554053494957,87.83802112509068
ecuador-delayed-expansion,seed-3,OFF,CONSV,26,NORMAL,500000,0.44643275673566585,89.0974058133713
ecuador-delayed-expansion,seed-3,OFF,VAP,26,NORMAL,500000,0.3654323239800199,88.65882500557927
ecuador-delayed-expansion,seed-3,OFF,MASS,27,NORMAL,500000,0.5241158820215149,81.87809249396263
ecuador-delayed-expansion,seed-3,OFF,JPQ,27,NORMAL,500000,0.3970554053494957,88.81097943508342
ecuador-delayed-expansion,seed-3,OFF,CONSV,27,NORMAL,500000,0.44683071907573957,89.96961334830159
ecuador-delayed-expansion,seed-3,OFF,VAP,27,NORMAL,500000,0.3656897581708256,89.56611900513293
ecuador-delayed-expansion,seed-3,OFF,BAL,28,NORMAL,500000,0.41047768930615314,88.1583973893159
ecuador-delayed-expansion,seed-3,OFF,JPQ,28,NORMAL,500000,0.3970554053494957,89.70610108027675
ecuador-delayed-expansion,seed-3,OFF,CONSV,29,NORMAL,500000,0.4262114955207303,88.32572162361123
ecuador-delayed-expansion,seed-3,OFF,VAP,29,NORMAL,500000,0.3659483052641224,87.97677971563895
ecuador-delayed-expansion,seed-3,OFF,JPQ,30,NORMAL,500000,0.3970554053494957,88.09783621422334
ecuador-delayed-expansion,seed-3,OFF,CONSV,30,NORMAL,500000,0.42945309577705887,89.25966389372233
ecuador-delayed-expansion,seed-3,OFF,VAP,30,NORMAL,500000,0.3659483052641224,88.93863733838784
ecuador-delayed-expansion,seed-3,OFF,JPQ,31,NORMAL,500000,0.3970554053494957,89.05000931708547
ecuador-delayed-expansion,seed-3,OFF,VAP,31,NORMAL,500000,0.3659483052641224,89.8235463513168
ecuador-delayed-expansion,seed-3,OFF,JPQ,32,NORMAL,500000,0.3970554053494957,89.92600857171863
ecuador-delayed-expansion,seed-3,OFF,CONSV,32,NORMAL,500000,0.4324025148530264,87.71175733529108
ecuador-delayed-expansion,seed-3,ON,BAL,2,NORMAL,500000,0.42352674105490346,50
ecuador-delayed-expansion,seed-3,ON,BAL,3,NORMAL,500000,0.4457400622253127,54
ecuador-delayed-expansion,seed-3,ON,JPQ,3,NORMAL,500000,0.3990044360515191,50
ecuador-delayed-expansion,seed-3,ON,CONSV,3,NORMAL,500000,0.4827363815239409,50
ecuador-delayed-expansion,seed-3,ON,BAL,4,NORMAL,500000,0.4690119138406354,57.68
ecuador-delayed-expansion,seed-3,ON,CONSV,4,NORMAL,500000,0.44800358402867224,54
ecuador-delayed-expansion,seed-3,ON,MASS,5,NORMAL,500000,1.0448229025180231,50
ecuador-delayed-expansion,seed-3,ON,BAL,5,NORMAL,500000,0.4158578232005416,61.0656
ecuador-delayed-expansion,seed-3,ON,CONSV,5,NORMAL,500000,0.4213341715074452,57.68
ecuador-delayed-expansion,seed-3,ON,VAP,5,NORMAL,500000,0.350899650560092,50
ecuador-delayed-expansion,seed-3,ON,CONSV,6,NORMAL,500000,0.44800358402867224,61.0656
ecuador-delayed-expansion,seed-3,ON,MASS,7,LIQUIDITY_STRESS,500000,1.0175372545827335,53.76
ecuador-delayed-expansion,seed-3,ON,BAL,7,NORMAL,500000,0.4019134294549491,63.32953088
ecuador-delayed-expansion,seed-3,ON,VAP,7,NORMAL,500000,0.3508286432221449,53.76
ecuador-delayed-expansion,seed-3,ON,BAL,8,NORMAL,500000,0.42978144753829783,66.2631684096
ecuador-delayed-expansion,seed-3,ON,JPQ,8,NORMAL,500000,0.35738751442416006,53.12299584
ecuador-delayed-expansion,seed-3,ON,CONSV,8,NORMAL,500000,0.4213764260958421,63.32953088
ecuador-delayed-expansion,seed-3,ON,VAP,8,NORMAL,500000,0.3508286432221449,57.459199999999996
ecuador-delayed-expansion,seed-3,ON,BAL,9,NORMAL,500000,0.41715891418540546,68.962114936832
ecuador-delayed-expansion,seed-3,ON,JPQ,9,NORMAL,500000,0.35738751442416006,56.8731561728
ecuador-delayed-expansion,seed-3,ON,CONSV,9,NORMAL,500000,0.4849009129229488,66.2631684096
ecuador-delayed-expansion,seed-3,ON,VAP,9,NORMAL,500000,0.3508286432221449,60.862463999999996
ecuador-delayed-expansion,seed-3,ON,BAL,10,NORMAL,500000,0.41721008279951305,71.44514574188544
ecuador-delayed-expansion,seed-3,ON,JPQ,10,NORMAL,500000,0.3572796442066391,60.323303678976
ecuador-delayed-expansion,seed-3,ON,CONSV,10,NORMAL,500000,0.4304027924533174,68.962114936832
ecuador-delayed-expansion,seed-3,ON,VAP,10,NORMAL,500000,0.3508286432221449,63.99346688
ecuador-delayed-expansion,seed-3,ON,BAL,11,NORMAL,500000,0.4151751499405054,73.7295340825346
ecuador-delayed-expansion,seed-3,ON,JPQ,11,NORMAL,500000,0.3572072054694424,63.49743938465792
ecuador-delayed-expansion,seed-3,ON,CONSV,11,NORMAL,500000,0.3964696754221708,71.44514574188544
ecuador-delayed-expansion,seed-3,ON,VAP,11,NORMAL,500000,0.3508286432221449,66.8739895296
ecuador-delayed-expansion,seed-3,ON,BAL,12,NORMAL,500000,0.4189689007764332,75.83117135593183
ecuador-delayed-expansion,seed-3,ON,JPQ,12,NORMAL,500000,0.3572072054694424,66.41764423388528
ecuador-delayed-expansion,seed-3,ON,CONSV,12,NORMAL,500000,0.3963497770928854,73.7295340825346
ecuador-delayed-expansion,seed-3,ON,VAP,12,NORMAL,500000,0.3508286432221449,69.524070367232
ecuador-delayed-expansion,seed-3,ON,BAL,13,NORMAL,500000,0.4282244444216058,77.76467764745729
ecuador-delayed-expansion,seed-3,ON,JPQ,13,NORMAL,500000,0.3572796442066391,69.10423269517446
ecuador-delayed-expansion,seed-3,ON,CONSV,13,NORMAL,500000,0.39631019357375097,75.83117135593183
ecuador-delayed-expansion,seed-3,ON,VAP,13,NORMAL,500000,0.3508286432221449,71.96214473785344
ecuador-delayed-expansion,seed-3,ON,MASS,14,NORMAL,500000,0.7571971589962595,55.1458766708529
ecuador-delayed-expansion,seed-3,ON,BAL,14,NORMAL,500000,0.4103877343313963,79.54350343566071
ecuador-delayed-expansion,seed-3,ON,JPQ,14,NORMAL,500000,0.3572796442066391,71.5758940795605
ecuador-delayed-expansion,seed-3,ON,CONSV,14,NORMAL,500000,0.3962299512597537,77.76467764745729
ecuador-delayed-expansion,seed-3,ON,VAP,14,NORMAL,500000,0.3508286432221449,74.20517315882516
ecuador-delayed-expansion,seed-3,ON,BAL,15,NORMAL,500000,0.4196524941626338,81.18002316080785
ecuador-delayed-expansion,seed-3,ON,JPQ,15,NORMAL,500000,0.3403007182999502,73.84982255319566
ecuador-delayed-expansion,seed-3,ON,CONSV,15,NORMAL,500000,0.3962299512597537,79.54350343566071
ecuador-delayed-expansion,seed-3,ON,VAP,15,NORMAL,500000,0.3508286432221449,76.26875930611915
ecuador-delayed-expansion,seed-3,ON,MASS,16,NORMAL,500000,0.7044957395620149,58.21015414495359
ecuador-delayed-expansion,seed-3,ON,BAL,16,NORMAL,500000,0.430209666983301,82.68562130794322
ecuador-delayed-expansion,seed-3,ON,JPQ,16,NORMAL,500000,0.3401975676962542,75.94183674894
ecuador-delayed-expansion,seed-3,ON,CONSV,16,NORMAL,500000,0.3962299512597537,81.18002316080785
ecuador-delayed-expansion,seed-3,ON,VAP,16,NORMAL,500000,0.3508286432221449,78.16725856162962
ecuador-delayed-expansion,seed-3,ON,MASS,17,NORMAL,500000,0.6562756357670222,61.55334181335731
ecuador-delayed-expansion,seed-3,ON,BAL,17,NORMAL,500000,0.43510193568149147,84.07077160330776
ecuador-delayed-expansion,seed-3,ON,JPQ,17,NORMAL,500000,0.3401975676962542,77.8664898090248
ecuador-delayed-expansion,seed-3,ON,CONSV,17,NORMAL,500000,0.3962299512597537,82.68562130794322
ecuador-delayed-expansion,seed-3,ON,VAP,17,NORMAL,500000,0.3508286432221449,79.91387787669925
ecuador-delayed-expansion,seed-3,ON,MASS,18,NORMAL,500000,0.656208884412086,64.62907446828872
ecuador-delayed-expansion,seed-3,ON,BAL,18,NORMAL,500000,0.4288447864910461,85.34510987504314
ecuador-delayed-expansion,seed-3,ON,JPQ,18,NORMAL,500000,0.3401975676962542,79.63717062430281
ecuador-delayed-expansion,seed-3,ON,CONSV,18,NORMAL,500000,0.38865923446567907,84.07077160330776
ecuador-delayed-expansion,seed-3,ON,VAP,18,NORMAL,500000,0.3368299878929829,81.5207676465633
ecuador-delayed-expansion,seed-3,ON,MASS,19,NORMAL,500000,0.6942178594486522,67.45874851082563
ecuador-delayed-expansion,seed-3,ON,BAL,19,NORMAL,500000,0.4236656227545722,86.51750108503968
ecuador-delayed-expansion,seed-3,ON,JPQ,19,NORMAL,500000,0.375048643809102,81.26619697435859
ecuador-delayed-expansion,seed-3,ON,CONSV,19,NORMAL,500000,0.39064987340990853,85.34510987504314
ecuador-delayed-expansion,seed-3,ON,VAP,19,NORMAL,500000,0.33679568276433275,82.99910623483824
ecuador-delayed-expansion,seed-3,ON,MASS,20,NORMAL,500000,0.6942178594486522,70.06204862995958
ecuador-delayed-expansion,seed-3,ON,BAL,20,NORMAL,500000,0.4236656227545722,87.59610099823651
ecuador-delayed-expansion,seed-3,ON,JPQ,20,NORMAL,500000,0.3401975676962542,82.76490121640991
ecuador-delayed-expansion,seed-3,ON,CONSV,20,NORMAL,500000,0.3929991137869984,86.51750108503968
ecuador-delayed-expansion,seed-3,ON,VAP,20,NORMAL,500000,0.33679568276433275,84.35917773605118
ecuador-delayed-expansion,seed-3,ON,MASS,21,NORMAL,500000,0.6942178594486522,72.45708473956282
ecuador-delayed-expansion,seed-3,ON,BAL,21,NORMAL,500000,0.4236656227545722,88.58841291837759
ecuador-delayed-expansion,seed-3,ON,JPQ,21,NORMAL,500000,0.3248651387349569,84.14370911909711
ecuador-delayed-expansion,seed-3,ON,CONSV,21,NORMAL,500000,0.3905654997871418,87.59610099823651
ecuador-delayed-expansion,seed-3,ON,VAP,21,NORMAL,500000,0.33679568276433275,85.61044351716708
ecuador-delayed-expansion,seed-3,ON,MASS,22,NORMAL,100000,0.1275961835981486,74.6605179603978
ecuador-delayed-expansion,seed-3,ON,BAL,22,NORMAL,500000,0.4236656227545722,89.50133988490738
ecuador-delayed-expansion,seed-3,ON,JPQ,22,NORMAL,500000,0.3247669553520133,85.41221238956935
ecuador-delayed-expansion,seed-3,ON,CONSV,22,NORMAL,500000,0.3887353816059747,88.58841291837759
ecuador-delayed-expansion,seed-3,ON,VAP,22,NORMAL,500000,0.33679568276433275,86.76160803579371
ecuador-delayed-expansion,seed-3,ON,MASS,23,NORMAL,500000,0.6225777833118025,75.06594967303143
ecuador-delayed-expansion,seed-3,ON,JPQ,23,NORMAL,500000,0.3247342407447169,86.5792353984038
ecuador-delayed-expansion,seed-3,ON,CONSV,23,NORMAL,500000,0.39122651076029397,89.50133988490738
ecuador-delayed-expansion,seed-3,ON,VAP,23,NORMAL,500000,0.33679568276433275,87.82067939293022
ecuador-delayed-expansion,seed-3,ON,BAL,24,NORMAL,500000,0.4236656227545722,87.9207587324679
ecuador-delayed-expansion,seed-3,ON,JPQ,24,NORMAL,500000,0.3247342407447169,87.6528965665315
ecuador-delayed-expansion,seed-3,ON,VAP,24,NORMAL,500000,0.3239725986567837,88.7950250414958
ecuador-delayed-expansion,seed-3,ON,BAL,25,NORMAL,500000,0.4282486514449966,88.88709803387047
ecuador-delayed-expansion,seed-3,ON,JPQ,25,NORMAL,500000,0.3247342407447169,88.64066484120897
ecuador-delayed-expansion,seed-3,ON,CONSV,25,NORMAL,500000,0.37433022963662266,87.9207587324679
ecuador-delayed-expansion,seed-3,ON,VAP,25,NORMAL,500000,0.3239073697477772,89.69142303817614
ecuador-delayed-expansion,seed-3,ON,BAL,26,NORMAL,500000,0.4282486514449966,89.77613019116083
ecuador-delayed-expansion,seed-3,ON,JPQ,26,NORMAL,500000,0.3247342407447169,89.54941165391226
ecuador-delayed-expansion,seed-3,ON,CONSV,26,NORMAL,500000,0.374358676791821,88.88709803387047
ecuador-delayed-expansion,seed-3,ON,CONSV,27,NORMAL,500000,0.37995942033390834,89.77613019116083
ecuador-delayed-expansion,seed-3,ON,VAP,27,NORMAL,500000,0.32384216709996744,88.08514264341473
ecuador-delayed-expansion,seed-3,ON,BAL,28,NORMAL,500000,0.41047768930615314,88.1583973893159
ecuador-delayed-expansion,seed-3,ON,JPQ,28,NORMAL,500000,0.310646739796637,87.96233119830332
ecuador-delayed-expansion,seed-3,ON,VAP,28,NORMAL,500000,0.32384216709996744,89.03833123194156
ecuador-delayed-expansion,seed-3,ON,JPQ,29,NORMAL,500000,0.31061553437985917,88.92534470243905
ecuador-delayed-expansion,seed-3,ON,CONSV,29,NORMAL,500000,0.3779579461311658,88.1583973893159
ecuador-delayed-expansion,seed-3,ON,VAP,29,NORMAL,500000,0.3239073697477772,89.91526473338624
ecuador-delayed-expansion,seed-3,ON,JPQ,30,NORMAL,500000,0.31061553437985917,89.81131712624392
ecuador-delayed-expansion,seed-3,ON,CONSV,30,NORMAL,500000,0.3773060948517338,89.10572559817062
ecuador-delayed-expansion,seed-3,ON,CONSV,31,NORMAL,500000,0.37752844960014076,89.97726755031697
ecuador-delayed-expansion,seed-3,ON,VAP,31,NORMAL,500000,0.3118792044435551,88.27872094143243
ecuador-delayed-expansion,seed-3,ON,JPQ,32,NORMAL,500000,0.31061553437985917,88.18882705077574
ecuador-delayed-expansion,seed-3,ON,VAP,32,NORMAL,500000,0.3118481593848458,89.21642326611783
ecuador-delayed-expansion,seed-4,OFF,BAL,2,NORMAL,500000,0.42352674105490346,50
ecuador-delayed-expansion,seed-4,OFF,BAL,3,NORMAL,500000,0.4478914167880452,54
ecuador-delayed-expansion,seed-4,OFF,JPQ,3,NORMAL,500000,0.519262725857217,50
ecuador-delayed-expansion,seed-4,OFF,CONSV,3,NORMAL,500000,0.4220150034774036,50
ecuador-delayed-expansion,seed-4,OFF,BAL,4,NORMAL,500000,0.4766807764176486,57.68
ecuador-delayed-expansion,seed-4,OFF,JPQ,4,NORMAL,500000,0.40439951080599973,54
ecuador-delayed-expansion,seed-4,OFF,MASS,5,NORMAL,500000,1.0484323315562405,50
ecuador-delayed-expansion,seed-4,OFF,BAL,5,NORMAL,500000,0.4170722694487055,61.0656
ecuador-delayed-expansion,seed-4,OFF,JPQ,5,NORMAL,500000,0.3574962932996829,57.68
ecuador-delayed-expansion,seed-4,OFF,CONSV,5,NORMAL,500000,0.42222829292678943,53.76
ecuador-delayed-expansion,seed-4,OFF,VAP,5,NORMAL,500000,0.36032743097783926,50
ecuador-delayed-expansion,seed-4,OFF,MASS,7,LIQUIDITY_STRESS,500000,1.0545241723303402,53.76
ecuador-delayed-expansion,seed-4,OFF,BAL,7,NORMAL,500000,0.40082891419455435,63.32953088
ecuador-delayed-expansion,seed-4,OFF,VAP,7,NORMAL,500000,0.3836153878259503,53.76
ecuador-delayed-expansion,seed-4,OFF,JPQ,8,NORMAL,500000,0.3808042372239797,59.777564160000004
ecuador-delayed-expansion,seed-4,OFF,CONSV,8,NORMAL,500000,0.429500868450756,56.59094911999999
ecuador-delayed-expansion,seed-4,OFF,VAP,8,NORMAL,500000,0.391689906934478,57.459199999999996
ecuador-delayed-expansion,seed-4,OFF,MASS,9,NORMAL,500000,0.8415064648734164,57.011647999999994
ecuador-delayed-expansion,seed-4,OFF,BAL,9,NORMAL,500000,0.4146916974575252,65.28737830502399
ecuador-delayed-expansion,seed-4,OFF,JPQ,9,NORMAL,500000,0.3976462523033659,62.9953590272
ecuador-delayed-expansion,seed-4,OFF,CONSV,9,NORMAL,500000,0.4293279043388737,60.06367319039999
ecuador-delayed-expansion,seed-4,OFF,BAL,10,NORMAL,500000,0.4198343165853028,68.06438804062208
ecuador-delayed-expansion,seed-4,OFF,JPQ,10,NORMAL,500000,0.40651854106674695,65.955730305024
ecuador-delayed-expansion,seed-4,OFF,CONSV,10,NORMAL,500000,0.460151141243853,63.25857933516799
ecuador-delayed-expansion,seed-4,OFF,VAP,10,NORMAL,500000,0.4182882307077102,60.21071616
ecuador-delayed-expansion,seed-4,OFF,MASS,11,NORMAL,500000,0.6523369972928015,59.823673190399994
ecuador-delayed-expansion,seed-4,OFF,BAL,11,NORMAL,500000,0.4307032867829221,70.61923699737231
ecuador-delayed-expansion,seed-4,OFF,JPQ,11,NORMAL,500000,0.37633604942586923,68.67927188062208
ecuador-delayed-expansion,seed-4,OFF,CONSV,11,NORMAL,500000,0.5479584165316862,66.19789298835455
ecuador-delayed-expansion,seed-4,OFF,VAP,11,NORMAL,500000,0.3637752067116234,63.393858867199995
ecuador-delayed-expansion,seed-4,OFF,BAL,12,NORMAL,500000,0.4273526189023192,72.96969803758253
ecuador-delayed-expansion,seed-4,OFF,JPQ,12,NORMAL,500000,0.3762603498875094,71.18493013017232
ecuador-delayed-expansion,seed-4,OFF,VAP,12,NORMAL,500000,0.409973709205976,66.32235015782399
ecuador-delayed-expansion,seed-4,OFF,BAL,13,NORMAL,500000,0.4161340151273037,75.13212219457593
ecuador-delayed-expansion,seed-4,OFF,JPQ,13,NORMAL,500000,0.3762603498875094,73.49013571975853
ecuador-delayed-expansion,seed-4,OFF,CONSV,13,NORMAL,500000,0.42892958477471543,67.76793785632901
ecuador-delayed-expansion,seed-4,OFF,VAP,13,NORMAL,500000,0.3587695181380952,69.01656214519807
ecuador-delayed-expansion,seed-4,OFF,MASS,14,NORMAL,500000,0.5893324925523106,61.52018182055444
ecuador-delayed-expansion,seed-4,OFF,BAL,14,NORMAL,500000,0.415128615147545,77.12155241900986
ecuador-delayed-expansion,seed-4,OFF,JPQ,14,NORMAL,500000,0.3985070014890612,75.61092486217784
ecuador-delayed-expansion,seed-4,OFF,CONSV,14,NORMAL,500000,0.4541707636654306,70.34650282782269
ecuador-delayed-expansion,seed-4,OFF,VAP,14,NORMAL,500000,0.36883873337828244,71.49523717358223
ecuador-delayed-expansion,seed-4,OFF,BAL,15,NORMAL,500000,0.4195510803440319,78.95182822548907
ecuador-delayed-expansion,seed-4,OFF,JPQ,15,NORMAL,500000,0.36046199115743477,77.56205087320362
ecuador-delayed-expansion,seed-4,OFF,CONSV,15,NORMAL,500000,0.45559601754409146,72.71878260159687
ecuador-delayed-expansion,seed-4,OFF,VAP,15,NORMAL,500000,0.377904955392099,73.77561819969564
ecuador-delayed-expansion,seed-4,OFF,MASS,16,NORMAL,500000,0.5893932785590513,63.722653238415475
ecuador-delayed-expansion,seed-4,OFF,BAL,16,NORMAL,500000,0.42168578168315035,80.63568196744994
ecuador-delayed-expansion,seed-4,OFF,JPQ,16,NORMAL,500000,0.35731587459384795,79.35708680334733
ecuador-delayed-expansion,seed-4,OFF,CONSV,16,NORMAL,500000,0.44701947529748026,74.90127999346912
ecuador-delayed-expansion,seed-4,OFF,VAP,16,NORMAL,500000,0.3776947386518594,75.87356874371999
ecuador-delayed-expansion,seed-4,OFF,MASS,17,NORMAL,500000,0.5893932785590513,66.62484097934224
ecuador-delayed-expansion,seed-4,OFF,BAL,17,NORMAL,500000,0.41836627967785794,82.18482741005394
ecuador-delayed-expansion,seed-4,OFF,JPQ,17,NORMAL,500000,0.35731587459384795,81.00851985907954
ecuador-delayed-expansion,seed-4,OFF,CONSV,17,NORMAL,500000,0.4435372628960677,76.90917759399159
ecuador-delayed-expansion,seed-4,OFF,VAP,17,NORMAL,500000,0.3752005071510215,77.80368324422238
ecuador-delayed-expansion,seed-4,OFF,MASS,18,NORMAL,500000,0.5893932785590513,69.29485370099486
ecuador-delayed-expansion,seed-4,OFF,BAL,18,NORMAL,500000,0.41649798498274865,83.61004121724963
ecuador-delayed-expansion,seed-4,OFF,JPQ,18,NORMAL,500000,0.3491341682108871,82.52783827035317
ecuador-delayed-expansion,seed-4,OFF,CONSV,18,NORMAL,500000,0.4452861341905388,78.75644338647226
ecuador-delayed-expansion,seed-4,OFF,VAP,18,NORMAL,500000,0.3754774195389437,79.5793885846846
ecuador-delayed-expansion,seed-4,OFF,MASS,19,NORMAL,500000,0.5893932785590513,71.75126540491527
ecuador-delayed-expansion,seed-4,OFF,BAL,19,NORMAL,500000,0.4220178530432551,84.92123791986965
ecuador-delayed-expansion,seed-4,OFF,JPQ,19,NORMAL,500000,0.3636360727275054,83.92561120872492
ecuador-delayed-expansion,seed-4,OFF,CONSV,19,NORMAL,500000,0.44968173775010734,80.45592791555447
ecuador-delayed-expansion,seed-4,OFF,VAP,19,NORMAL,500000,0.38136975200897955,81.21303749790982
ecuador-delayed-expansion,seed-4,OFF,MASS,20,NORMAL,500000,0.5893932785590513,74.01116417252206
ecuador-delayed-expansion,seed-4,OFF,BAL,20,NORMAL,500000,0.4185038987823211,86.12753888628008
ecuador-delayed-expansion,seed-4,OFF,JPQ,20,NORMAL,500000,0.36599896012375444,85.21156231202693
ecuador-delayed-expansion,seed-4,OFF,CONSV,20,NORMAL,500000,0.4479811059488755,82.01945368231011
ecuador-delayed-expansion,seed-4,OFF,VAP,20,NORMAL,500000,0.37436907579656004,82.71599449807704
ecuador-delayed-expansion,seed-4,OFF,MASS,21,NORMAL,500000,0.5893932785590513,76.09027103872029
ecuador-delayed-expansion,seed-4,OFF,BAL,21,NORMAL,500000,0.39304746205323277,87.23733577537767
ecuador-delayed-expansion,seed-4,OFF,JPQ,21,NORMAL,500000,0.3874077001154475,86.39463732706477
ecuador-delayed-expansion,seed-4,OFF,CONSV,21,NORMAL,500000,0.44590184986841436,83.45789738772531
ecuador-delayed-expansion,seed-4,OFF,VAP,21,NORMAL,500000,0.37001186998078894,84.09871493823087
ecuador-delayed-expansion,seed-4,OFF,MASS,22,NORMAL,500000,0.5893932785590513,78.00304935562266
ecuador-delayed-expansion,seed-4,OFF,BAL,22,NORMAL,500000,0.3929677632825069,88.25834891334746
ecuador-delayed-expansion,seed-4,OFF,JPQ,22,NORMAL,500000,0.39052511099895226,87.48306634089958
ecuador-delayed-expansion,seed-4,OFF,CONSV,22,NORMAL,500000,0.4457835783136988,84.78126559670729
ecuador-delayed-expansion,seed-4,OFF,VAP,22,NORMAL,500000,0.3734850698596353,85.3708177431724
ecuador-delayed-expansion,seed-4,OFF,MASS,23,NORMAL,500000,0.5893932785590513,79.76280540717285
ecuador-delayed-expansion,seed-4,OFF,BAL,23,NORMAL,500000,0.3928890229950087,89.19768100027966
ecuador-delayed-expansion,seed-4,OFF,JPQ,23,NORMAL,500000,0.3850683434698724,88.48442103362761
ecuador-delayed-expansion,seed-4,OFF,CONSV,23,NORMAL,500000,0.4464969412727038,85.9987643489707
ecuador-delayed-expansion,seed-4,OFF,VAP,23,NORMAL,500000,0.3773451624501112,86.5411523237186
ecuador-delayed-expansion,seed-4,OFF,MASS,24,NORMAL,500000,0.5895114129409545,81.38178097459902
ecuador-delayed-expansion,seed-4,OFF,JPQ,24,NORMAL,500000,0.3850683434698724,89.4056673509374
ecuador-delayed-expansion,seed-4,OFF,CONSV,24,NORMAL,500000,0.4466756388913332,87.11886320105305
ecuador-delayed-expansion,seed-4,OFF,VAP,24,NORMAL,500000,0.3739997750017353,87.61786013782111
ecuador-delayed-expansion,seed-4,OFF,MASS,25,NORMAL,500000,0.5895114129409545,82.87123849663111
ecuador-delayed-expansion,seed-4,OFF,BAL,25,NORMAL,500000,0.3928890229950087,87.65815452904184
ecuador-delayed-expansion,seed-4,OFF,CONSV,25,NORMAL,500000,0.44649275476206846,88.1493541449688
ecuador-delayed-expansion,seed-4,OFF,VAP,25,NORMAL,500000,0.371069850782423,88.60843132679543
ecuador-delayed-expansion,seed-4,OFF,MASS,26,NORMAL,500000,0.5894523398310629,84.24153941690062
ecuador-delayed-expansion,seed-4,OFF,BAL,26,NORMAL,500000,0.3928890229950087,88.64550216671849
ecuador-delayed-expansion,seed-4,OFF,JPQ,26,NORMAL,500000,0.3843708656108768,87.83802112509068
ecuador-delayed-expansion,seed-4,OFF,CONSV,26,NORMAL,500000,0.4464871728700106,89.0974058133713
ecuador-delayed-expansion,seed-4,OFF,VAP,26,NORMAL,500000,0.37277401723349185,89.51975682065179
ecuador-delayed-expansion,seed-4,OFF,BAL,27,NORMAL,500000,0.3928890229950087,89.553861993381
ecuador-delayed-expansion,seed-4,OFF,JPQ,27,NORMAL,500000,0.3844488886735975,88.81097943508342
ecuador-delayed-expansion,seed-4,OFF,CONSV,27,NORMAL,500000,0.4464188060171898,89.96961334830159
ecuador-delayed-expansion,seed-4,OFF,JPQ,28,NORMAL,500000,0.3844488886735975,89.70610108027675
ecuador-delayed-expansion,seed-4,OFF,VAP,28,NORMAL,500000,0.3732087472964758,87.93668569849967
ecuador-delayed-expansion,seed-4,OFF,BAL,29,NORMAL,500000,0.42375071931684605,87.96617985187589
ecuador-delayed-expansion,seed-4,OFF,CONSV,29,NORMAL,500000,0.43095330750199207,88.32572162361123
ecuador-delayed-expansion,seed-4,OFF,VAP,29,NORMAL,500000,0.37305359287915296,88.9017508426197
ecuador-delayed-expansion,seed-4,OFF,JPQ,30,NORMAL,500000,0.3844488886735975,88.09783621422334
ecuador-delayed-expansion,seed-4,OFF,CONSV,30,NORMAL,500000,0.4264048654500767,89.25966389372233
ecuador-delayed-expansion,seed-4,OFF,VAP,30,NORMAL,500000,0.37223939817525264,89.78961077521012
ecuador-delayed-expansion,seed-4,OFF,JPQ,31,NORMAL,500000,0.3844488886735975,89.05000931708547
ecuador-delayed-expansion,seed-4,OFF,JPQ,32,NORMAL,500000,0.3844488886735975,89.92600857171863
ecuador-delayed-expansion,seed-4,OFF,CONSV,32,NORMAL,500000,0.4325963045893277,87.71175733529108
ecuador-delayed-expansion,seed-4,OFF,VAP,32,NORMAL,500000,0.3751579414933686,88.1700553984017
ecuador-delayed-expansion,seed-4,ON,BAL,2,NORMAL,500000,0.42352674105490346,50
ecuador-delayed-expansion,seed-4,ON,BAL,3,NORMAL,500000,0.4457400622253127,54
ecuador-delayed-expansion,seed-4,ON,JPQ,3,NORMAL,500000,0.3990044360515191,50
ecuador-delayed-expansion,seed-4,ON,CONSV,3,NORMAL,500000,0.4827363815239409,50
ecuador-delayed-expansion,seed-4,ON,BAL,4,NORMAL,500000,0.4662030743295534,57.68
ecuador-delayed-expansion,seed-4,ON,CONSV,4,NORMAL,500000,0.44800358402867224,54
ecuador-delayed-expansion,seed-4,ON,MASS,5,NORMAL,500000,1.0292831043178425,50
ecuador-delayed-expansion,seed-4,ON,BAL,5,NORMAL,500000,0.4151586030411198,61.0656
ecuador-delayed-expansion,seed-4,ON,CONSV,5,NORMAL,500000,0.4213341715074452,57.68
ecuador-delayed-expansion,seed-4,ON,VAP,5,NORMAL,250000,0.175449825280046,50
ecuador-delayed-expansion,seed-4,ON,CONSV,6,NORMAL,500000,0.44800358402867224,61.0656
ecuador-delayed-expansion,seed-4,ON,MASS,7,LIQUIDITY_STRESS,500000,1.0003150992562657,53.76
ecuador-delayed-expansion,seed-4,ON,BAL,7,NORMAL,500000,0.402357816806486,63.32953088
ecuador-delayed-expansion,seed-4,ON,VAP,7,NORMAL,500000,0.3508286432221449,51.88
ecuador-delayed-expansion,seed-4,ON,JPQ,8,NORMAL,500000,0.35738751442416006,53.12299584
ecuador-delayed-expansion,seed-4,ON,CONSV,8,NORMAL,500000,0.4213764260958421,63.32953088
ecuador-delayed-expansion,seed-4,ON,VAP,8,NORMAL,500000,0.3508286432221449,55.729600000000005
ecuador-delayed-expansion,seed-4,ON,BAL,9,NORMAL,500000,0.415254800345492,65.28737830502399
ecuador-delayed-expansion,seed-4,ON,JPQ,9,NORMAL,500000,0.35738751442416006,56.8731561728
ecuador-delayed-expansion,seed-4,ON,CONSV,9,NORMAL,500000,0.4401956757817985,66.2631684096
ecuador-delayed-expansion,seed-4,ON,VAP,9,NORMAL,500000,0.3508286432221449,59.271232000000005
ecuador-delayed-expansion,seed-4,ON,BAL,10,NORMAL,500000,0.4200607575879775,68.06438804062208
ecuador-delayed-expansion,seed-4,ON,JPQ,10,NORMAL,500000,0.3572796442066391,60.323303678976
ecuador-delayed-expansion,seed-4,ON,CONSV,10,NORMAL,500000,0.4212074585731934,68.962114936832
ecuador-delayed-expansion,seed-4,ON,VAP,10,NORMAL,500000,0.3867693926173458,62.52953344
ecuador-delayed-expansion,seed-4,ON,BAL,11,NORMAL,500000,0.427841897016744,70.61923699737231
ecuador-delayed-expansion,seed-4,ON,JPQ,11,NORMAL,500000,0.3572072054694424,63.49743938465792
ecuador-delayed-expansion,seed-4,ON,CONSV,11,NORMAL,500000,0.39639046839479697,71.44514574188544
ecuador-delayed-expansion,seed-4,ON,VAP,11,NORMAL,500000,0.3508286432221449,65.5271707648
ecuador-delayed-expansion,seed-4,ON,BAL,12,NORMAL,500000,0.45257633605060166,72.96969803758253
ecuador-delayed-expansion,seed-4,ON,JPQ,12,NORMAL,500000,0.3572072054694424,66.41764423388528
ecuador-delayed-expansion,seed-4,ON,CONSV,12,NORMAL,500000,0.3962299512597537,73.7295340825346
ecuador-delayed-expansion,seed-4,ON,VAP,12,NORMAL,500000,0.3867693926173458,68.284997103616
ecuador-delayed-expansion,seed-4,ON,BAL,13,NORMAL,500000,0.40226458872870713,75.13212219457593
ecuador-delayed-expansion,seed-4,ON,JPQ,13,NORMAL,500000,0.3572072054694424,69.10423269517446
ecuador-delayed-expansion,seed-4,ON,CONSV,13,NORMAL,500000,0.40535243570198326,75.83117135593183
ecuador-delayed-expansion,seed-4,ON,VAP,13,NORMAL,500000,0.3508286432221449,70.82219733532672
ecuador-delayed-expansion,seed-4,ON,MASS,14,NORMAL,500000,0.6790226148481875,55.1458766708529
ecuador-delayed-expansion,seed-4,ON,BAL,14,NORMAL,500000,0.40141394046389,77.12155241900986
ecuador-delayed-expansion,seed-4,ON,JPQ,14,NORMAL,500000,0.3572072054694424,71.5758940795605
ecuador-delayed-expansion,seed-4,ON,CONSV,14,NORMAL,500000,0.3963497770928854,77.76467764745729
ecuador-delayed-expansion,seed-4,ON,VAP,14,NORMAL,500000,0.3508286432221449,73.15642154850059
ecuador-delayed-expansion,seed-4,ON,BAL,15,NORMAL,500000,0.4274282412097245,78.95182822548907
ecuador-delayed-expansion,seed-4,ON,JPQ,15,NORMAL,500000,0.3572072054694424,73.84982255319566
ecuador-delayed-expansion,seed-4,ON,CONSV,15,NORMAL,500000,0.40510874536606234,79.54350343566071
ecuador-delayed-expansion,seed-4,ON,VAP,15,NORMAL,500000,0.3508286432221449,75.30390782462054
ecuador-delayed-expansion,seed-4,ON,MASS,16,NORMAL,500000,0.687438774984103,58.21015414495359
ecuador-delayed-expansion,seed-4,ON,BAL,16,NORMAL,500000,0.4452244777294264,80.63568196744994
ecuador-delayed-expansion,seed-4,ON,JPQ,16,NORMAL,500000,0.34033511573640146,75.94183674894
ecuador-delayed-expansion,seed-4,ON,CONSV,16,NORMAL,500000,0.42036464951887165,81.18002316080785
ecuador-delayed-expansion,seed-4,ON,VAP,16,NORMAL,500000,0.3508286432221449,77.2795951986509
ecuador-delayed-expansion,seed-4,ON,MASS,17,NORMAL,500000,0.6276794064663532,61.55334181335731
ecuador-delayed-expansion,seed-4,ON,BAL,17,NORMAL,500000,0.43100290064952135,82.18482741005394
ecuador-delayed-expansion,seed-4,ON,JPQ,17,NORMAL,500000,0.3402319442819837,77.8664898090248
ecuador-delayed-expansion,seed-4,ON,CONSV,17,NORMAL,500000,0.3962981001865375,82.68562130794322
ecuador-delayed-expansion,seed-4,ON,VAP,17,NORMAL,500000,0.3508286432221449,79.09722758275882
ecuador-delayed-expansion,seed-4,ON,MASS,18,NORMAL,500000,0.6193695437414256,64.62907446828872
ecuador-delayed-expansion,seed-4,ON,BAL,18,NORMAL,500000,0.42370762817791313,83.61004121724963
ecuador-delayed-expansion,seed-4,ON,JPQ,18,NORMAL,500000,0.3401975676962542,79.63717062430281
ecuador-delayed-expansion,seed-4,ON,CONSV,18,NORMAL,500000,0.3858511471161678,84.07077160330776
ecuador-delayed-expansion,seed-4,ON,VAP,18,NORMAL,500000,0.3368299878929829,80.76944937613811
ecuador-delayed-expansion,seed-4,ON,MASS,19,NORMAL,500000,0.6269789021599423,67.45874851082563
ecuador-delayed-expansion,seed-4,ON,BAL,19,NORMAL,500000,0.4236656227545722,84.92123791986965
ecuador-delayed-expansion,seed-4,ON,JPQ,19,NORMAL,500000,0.3401975676962542,81.26619697435859
ecuador-delayed-expansion,seed-4,ON,CONSV,19,NORMAL,500000,0.3940321467186579,85.34510987504314
ecuador-delayed-expansion,seed-4,ON,VAP,19,NORMAL,500000,0.33679568276433275,82.30789342604706
ecuador-delayed-expansion,seed-4,ON,MASS,20,NORMAL,500000,0.6297566305501239,70.06204862995958
ecuador-delayed-expansion,seed-4,ON,BAL,20,NORMAL,500000,0.4236656227545722,86.12753888628008
ecuador-delayed-expansion,seed-4,ON,JPQ,20,NORMAL,500000,0.3401975676962542,82.76490121640991
ecuador-delayed-expansion,seed-4,ON,CONSV,20,NORMAL,500000,0.3928251276092427,86.51750108503968
ecuador-delayed-expansion,seed-4,ON,VAP,20,NORMAL,500000,0.33679568276433275,83.7232619519633
ecuador-delayed-expansion,seed-4,ON,MASS,21,NORMAL,500000,0.6310860359592824,72.45708473956282
ecuador-delayed-expansion,seed-4,ON,BAL,21,NORMAL,500000,0.4236656227545722,87.23733577537767
ecuador-delayed-expansion,seed-4,ON,JPQ,21,NORMAL,500000,0.3401975676962542,84.14370911909711
ecuador-delayed-expansion,seed-4,ON,CONSV,21,NORMAL,500000,0.38927455183794035,87.59610099823651
ecuador-delayed-expansion,seed-4,ON,VAP,21,NORMAL,500000,0.33686366453768823,85.02540099580624
ecuador-delayed-expansion,seed-4,ON,BAL,22,NORMAL,500000,0.4236656227545722,88.25834891334746
ecuador-delayed-expansion,seed-4,ON,JPQ,22,NORMAL,500000,0.3248651387349569,85.41221238956935
ecuador-delayed-expansion,seed-4,ON,CONSV,22,NORMAL,500000,0.3905857888485414,88.58841291837759
ecuador-delayed-expansion,seed-4,ON,VAP,22,NORMAL,500000,0.33679568276433275,86.22336891614174
ecuador-delayed-expansion,seed-4,ON,MASS,23,NORMAL,500000,0.6089614770969588,73.18088688277393
ecuador-delayed-expansion,seed-4,ON,BAL,23,NORMAL,500000,0.4236656227545722,89.19768100027966
ecuador-delayed-expansion,seed-4,ON,JPQ,23,NORMAL,500000,0.3247669553520133,86.5792353984038
ecuador-delayed-expansion,seed-4,ON,CONSV,23,NORMAL,500000,0.3927570879889777,89.50133988490738
ecuador-delayed-expansion,seed-4,ON,VAP,23,NORMAL,500000,0.33679568276433275,87.3254994028504
ecuador-delayed-expansion,seed-4,ON,JPQ,24,NORMAL,500000,0.3247342407447169,87.6528965665315
ecuador-delayed-expansion,seed-4,ON,VAP,24,NORMAL,500000,0.3239725986567837,88.33945945062237
ecuador-delayed-expansion,seed-4,ON,BAL,25,NORMAL,500000,0.4282486514449966,87.65815452904184
ecuador-delayed-expansion,seed-4,ON,JPQ,25,NORMAL,500000,0.3247342407447169,88.64066484120897
ecuador-delayed-expansion,seed-4,ON,CONSV,25,NORMAL,500000,0.37433022963662266,87.9207587324679
ecuador-delayed-expansion,seed-4,ON,VAP,25,NORMAL,500000,0.3239073697477772,89.27230269457259
ecuador-delayed-expansion,seed-4,ON,BAL,26,NORMAL,500000,0.4282486514449966,88.64550216671849
ecuador-delayed-expansion,seed-4,ON,JPQ,26,NORMAL,500000,0.3247342407447169,89.54941165391226
ecuador-delayed-expansion,seed-4,ON,CONSV,26,NORMAL,500000,0.3742556989786562,88.88709803387047
ecuador-delayed-expansion,seed-4,ON,BAL,27,NORMAL,500000,0.41047768930615314,89.553861993381
ecuador-delayed-expansion,seed-4,ON,CONSV,27,NORMAL,500000,0.3773698828643884,89.77613019116083
ecuador-delayed-expansion,seed-4,ON,VAP,27,NORMAL,500000,0.32384216709996744,87.72268737026637
ecuador-delayed-expansion,seed-4,ON,JPQ,28,NORMAL,500000,0.3107403936782477,87.96233119830332
ecuador-delayed-expansion,seed-4,ON,VAP,28,NORMAL,500000,0.32384216709996744,88.70487238064506
ecuador-delayed-expansion,seed-4,ON,JPQ,29,NORMAL,500000,0.3125686478892927,88.92534470243905
ecuador-delayed-expansion,seed-4,ON,CONSV,29,NORMAL,500000,0.37808898702398597,88.1583973893159
ecuador-delayed-expansion,seed-4,ON,VAP,29,NORMAL,500000,0.3239073697477772,89.60848259019345
ecuador-delayed-expansion,seed-4,ON,JPQ,30,NORMAL,500000,0.31061553437985917,89.81131712624392
ecuador-delayed-expansion,seed-4,ON,CONSV,30,NORMAL,500000,0.3767528426001974,89.10572559817062
ecuador-delayed-expansion,seed-4,ON,CONSV,31,NORMAL,500000,0.3767766904839772,89.97726755031697
ecuador-delayed-expansion,seed-4,ON,VAP,31,NORMAL,500000,0.3118792044435551,88.01341574399927
ecuador-delayed-expansion,seed-4,ON,JPQ,32,NORMAL,500000,0.31061553437985917,88.18882705077574
ecuador-delayed-expansion,seed-4,ON,VAP,32,NORMAL,500000,0.3118481593848458,88.97234248447933
ecuador-delayed-expansion,seed-5,OFF,BAL,2,NORMAL,500000,0.42352674105490346,50
ecuador-delayed-expansion,seed-5,OFF,BAL,3,NORMAL,500000,0.4478914167880452,54
ecuador-delayed-expansion,seed-5,OFF,JPQ,3,NORMAL,500000,0.519262725857217,50
ecuador-delayed-expansion,seed-5,OFF,CONSV,3,NORMAL,500000,0.4220150034774036,50
ecuador-delayed-expansion,seed-5,OFF,BAL,4,NORMAL,500000,0.47503139957551194,57.68
ecuador-delayed-expansion,seed-5,OFF,JPQ,4,NORMAL,500000,0.40439951080599973,54
ecuador-delayed-expansion,seed-5,OFF,CONSV,4,NORMAL,500000,0.6716841472465988,54
ecuador-delayed-expansion,seed-5,OFF,MASS,5,NORMAL,500000,1.0670251871295422,50
ecuador-delayed-expansion,seed-5,OFF,BAL,5,NORMAL,500000,0.41667291676041807,61.0656
ecuador-delayed-expansion,seed-5,OFF,JPQ,5,NORMAL,500000,0.3574962932996829,57.68
ecuador-delayed-expansion,seed-5,OFF,CONSV,5,NORMAL,500000,0.42222829292678943,57.68
ecuador-delayed-expansion,seed-5,OFF,VAP,5,NORMAL,500000,0.36032743097783926,50
ecuador-delayed-expansion,seed-5,OFF,CONSV,6,NORMAL,500000,0.4825423418841445,61.0656
ecuador-delayed-expansion,seed-5,OFF,MASS,7,LIQUIDITY_STRESS,500000,1.0529530067073107,53.76
ecuador-delayed-expansion,seed-5,OFF,BAL,7,NORMAL,500000,0.44215232678240446,63.32953088
ecuador-delayed-expansion,seed-5,OFF,VAP,7,NORMAL,500000,0.37858757154547923,53.76
ecuador-delayed-expansion,seed-5,OFF,BAL,8,NORMAL,500000,0.41430821714059385,66.2631684096
ecuador-delayed-expansion,seed-5,OFF,JPQ,8,NORMAL,500000,0.3804523578534878,59.777564160000004
ecuador-delayed-expansion,seed-5,OFF,CONSV,8,NORMAL,500000,0.44635185470354427,63.32953088
ecuador-delayed-expansion,seed-5,OFF,VAP,8,NORMAL,500000,0.3910697195967539,57.459199999999996
ecuador-delayed-expansion,seed-5,OFF,MASS,9,NORMAL,500000,0.8104975644548188,57.011647999999994
ecuador-delayed-expansion,seed-5,OFF,BAL,9,NORMAL,500000,0.3952697281097648,68.962114936832
ecuador-delayed-expansion,seed-5,OFF,JPQ,9,NORMAL,500000,0.3974960294121622,62.9953590272
ecuador-delayed-expansion,seed-5,OFF,CONSV,9,NORMAL,500000,0.44635185470354427,66.2631684096
ecuador-delayed-expansion,seed-5,OFF,BAL,10,NORMAL,500000,0.4056255394819675,71.44514574188544
ecuador-delayed-expansion,seed-5,OFF,JPQ,10,NORMAL,500000,0.38640882687593947,65.955730305024
ecuador-delayed-expansion,seed-5,OFF,CONSV,10,NORMAL,500000,0.4463072316499666,68.962114936832
ecuador-delayed-expansion,seed-5,OFF,VAP,10,NORMAL,500000,0.37482799143473056,60.21071616
ecuador-delayed-expansion,seed-5,OFF,MASS,11,NORMAL,500000,0.6458446356144566,59.823673190399994
ecuador-delayed-expansion,seed-5,OFF,BAL,11,NORMAL,500000,0.4303751924853048,73.7295340825346
ecuador-delayed-expansion,seed-5,OFF,JPQ,11,NORMAL,500000,0.3781629644890606,68.67927188062208
ecuador-delayed-expansion,seed-5,OFF,CONSV,11,NORMAL,500000,0.4463072316499666,71.44514574188544
ecuador-delayed-expansion,seed-5,OFF,VAP,11,NORMAL,500000,0.38528150670343586,63.393858867199995
ecuador-delayed-expansion,seed-5,OFF,BAL,12,NORMAL,500000,0.4265465511578606,75.83117135593183
ecuador-delayed-expansion,seed-5,OFF,CONSV,12,NORMAL,500000,0.4749050664772112,73.7295340825346
ecuador-delayed-expansion,seed-5,OFF,VAP,12,NORMAL,500000,0.3849144335214281,66.32235015782399
ecuador-delayed-expansion,seed-5,OFF,BAL,13,NORMAL,500000,0.4153613934876318,77.76467764745729
ecuador-delayed-expansion,seed-5,OFF,JPQ,13,NORMAL,500000,0.3639068191843815,69.91383432236198
ecuador-delayed-expansion,seed-5,OFF,CONSV,13,NORMAL,500000,0.4387477437397278,75.83117135593183
ecuador-delayed-expansion,seed-5,OFF,VAP,13,NORMAL,500000,0.3729655475313261,69.01656214519807
ecuador-delayed-expansion,seed-5,OFF,MASS,14,NORMAL,500000,0.5893324925523106,61.52018182055444
ecuador-delayed-expansion,seed-5,OFF,BAL,14,NORMAL,500000,0.4160270251155515,79.54350343566071
ecuador-delayed-expansion,seed-5,OFF,JPQ,14,NORMAL,500000,0.38613998408485445,72.32072757657302
ecuador-delayed-expansion,seed-5,OFF,CONSV,14,NORMAL,500000,0.4225180129991892,77.76467764745729
ecuador-delayed-expansion,seed-5,OFF,VAP,14,NORMAL,500000,0.37824114840064504,71.49523717358223
ecuador-delayed-expansion,seed-5,OFF,BAL,15,NORMAL,500000,0.41871207515379294,81.18002316080785
ecuador-delayed-expansion,seed-5,OFF,JPQ,15,NORMAL,500000,0.3453596544358926,74.53506937044718
ecuador-delayed-expansion,seed-5,OFF,CONSV,15,NORMAL,500000,0.422433053865706,79.54350343566071
ecuador-delayed-expansion,seed-5,OFF,VAP,15,NORMAL,500000,0.3816623747460418,73.77561819969564
ecuador-delayed-expansion,seed-5,OFF,MASS,16,NORMAL,500000,0.5893932785590513,63.722653238415475
ecuador-delayed-expansion,seed-5,OFF,BAL,16,NORMAL,500000,0.4258980059455362,82.68562130794322
ecuador-delayed-expansion,seed-5,OFF,JPQ,16,NORMAL,500000,0.3403007182999502,76.5722638208114
ecuador-delayed-expansion,seed-5,OFF,CONSV,16,NORMAL,500000,0.5141927482368331,81.18002316080785
ecuador-delayed-expansion,seed-5,OFF,VAP,16,NORMAL,500000,0.3802466431826339,75.87356874371999
ecuador-delayed-expansion,seed-5,OFF,MASS,17,NORMAL,500000,0.5893932785590513,66.62484097934224
ecuador-delayed-expansion,seed-5,OFF,BAL,17,NORMAL,500000,0.4411154928583402,84.07077160330776
ecuador-delayed-expansion,seed-5,OFF,JPQ,17,NORMAL,500000,0.3402319442819837,78.44648271514649
ecuador-delayed-expansion,seed-5,OFF,CONSV,17,NORMAL,500000,0.4452639279669828,82.68562130794322
ecuador-delayed-expansion,seed-5,OFF,VAP,17,NORMAL,500000,0.37986000487436355,77.80368324422238
ecuador-delayed-expansion,seed-5,OFF,MASS,18,NORMAL,500000,0.5893932785590513,69.29485370099486
ecuador-delayed-expansion,seed-5,OFF,BAL,18,NORMAL,500000,0.42862090367002365,85.34510987504314
ecuador-delayed-expansion,seed-5,OFF,JPQ,18,NORMAL,500000,0.34079134749853013,80.17076409793476
ecuador-delayed-expansion,seed-5,OFF,CONSV,18,NORMAL,500000,0.43276404665542634,84.07077160330776
ecuador-delayed-expansion,seed-5,OFF,VAP,18,NORMAL,500000,0.3720393111617745,79.5793885846846
ecuador-delayed-expansion,seed-5,OFF,MASS,19,NORMAL,500000,0.5893932785590513,71.75126540491527
ecuador-delayed-expansion,seed-5,OFF,BAL,19,NORMAL,500000,0.4236656227545722,86.51750108503968
ecuador-delayed-expansion,seed-5,OFF,JPQ,19,NORMAL,500000,0.36308621540278535,81.75710297009998
ecuador-delayed-expansion,seed-5,OFF,CONSV,19,NORMAL,500000,0.44201532467130633,85.34510987504314
ecuador-delayed-expansion,seed-5,OFF,VAP,19,NORMAL,500000,0.3740522637792625,81.21303749790982
ecuador-delayed-expansion,seed-5,OFF,MASS,20,NORMAL,500000,0.5893932785590513,74.01116417252206
ecuador-delayed-expansion,seed-5,OFF,BAL,20,NORMAL,500000,0.4236656227545722,87.59610099823651
ecuador-delayed-expansion,seed-5,OFF,JPQ,20,NORMAL,500000,0.3530916350473107,83.21653473249198
ecuador-delayed-expansion,seed-5,OFF,CONSV,20,NORMAL,500000,0.4497199593812933,86.51750108503968
ecuador-delayed-expansion,seed-5,OFF,VAP,20,NORMAL,500000,0.3760300968473035,82.71599449807704
ecuador-delayed-expansion,seed-5,OFF,MASS,21,NORMAL,500000,0.5893932785590513,76.09027103872029
ecuador-delayed-expansion,seed-5,OFF,BAL,21,NORMAL,500000,0.4236656227545722,88.58841291837759
ecuador-delayed-expansion,seed-5,OFF,JPQ,21,NORMAL,500000,0.375543185663744,84.55921195389263
ecuador-delayed-expansion,seed-5,OFF,CONSV,21,NORMAL,500000,0.44915296488117884,87.59610099823651
ecuador-delayed-expansion,seed-5,OFF,VAP,21,NORMAL,500000,0.3728199354275871,84.09871493823087
ecuador-delayed-expansion,seed-5,OFF,MASS,22,NORMAL,500000,0.5893932785590513,78.00304935562266
ecuador-delayed-expansion,seed-5,OFF,BAL,22,NORMAL,500000,0.4236656227545722,89.50133988490738
ecuador-delayed-expansion,seed-5,OFF,JPQ,22,NORMAL,500000,0.3819725751330506,85.79447499758122
ecuador-delayed-expansion,seed-5,OFF,CONSV,22,NORMAL,500000,0.44649833679369544,88.58841291837759
ecuador-delayed-expansion,seed-5,OFF,VAP,22,NORMAL,500000,0.37516582329389586,85.3708177431724
ecuador-delayed-expansion,seed-5,OFF,MASS,23,NORMAL,500000,0.5893932785590513,79.76280540717285
ecuador-delayed-expansion,seed-5,OFF,JPQ,23,NORMAL,500000,0.37019654252717926,86.93091699777472
ecuador-delayed-expansion,seed-5,OFF,CONSV,23,NORMAL,500000,0.4457474136620691,89.50133988490738
ecuador-delayed-expansion,seed-5,OFF,VAP,23,NORMAL,500000,0.3785265807421422,86.5411523237186
ecuador-delayed-expansion,seed-5,OFF,MASS,24,NORMAL,500000,0.5895114129409545,81.38178097459902
ecuador-delayed-expansion,seed-5,OFF,BAL,24,NORMAL,500000,0.4236656227545722,87.9207587324679
ecuador-delayed-expansion,seed-5,OFF,JPQ,24,NORMAL,500000,0.3701594617348397,87.97644363795274
ecuador-delayed-expansion,seed-5,OFF,VAP,24,NORMAL,500000,0.3742615818989134,87.61786013782111
ecuador-delayed-expansion,seed-5,OFF,MASS,25,NORMAL,500000,0.5893932785590513,82.87123849663111
ecuador-delayed-expansion,seed-5,OFF,BAL,25,NORMAL,500000,0.4236656227545722,88.88709803387047
ecuador-delayed-expansion,seed-5,OFF,JPQ,25,NORMAL,500000,0.3701594617348397,88.93832814691652
ecuador-delayed-expansion,seed-5,OFF,CONSV,25,NORMAL,500000,0.44656951993330035,87.9207587324679
ecuador-delayed-expansion,seed-5,OFF,VAP,25,NORMAL,500000,0.37055471447869914,88.60843132679543
ecuador-delayed-expansion,seed-5,OFF,MASS,26,NORMAL,500000,0.5893324925523106,84.24153941690062
ecuador-delayed-expansion,seed-5,OFF,BAL,26,NORMAL,500000,0.4282486514449966,89.77613019116083
ecuador-delayed-expansion,seed-5,OFF,JPQ,26,NORMAL,500000,0.3701594617348397,89.8232618951632
ecuador-delayed-expansion,seed-5,OFF,CONSV,26,NORMAL,500000,0.4465653320615153,88.88709803387047
ecuador-delayed-expansion,seed-5,OFF,VAP,26,NORMAL,500000,0.3706385479508432,89.51975682065179
ecuador-delayed-expansion,seed-5,OFF,CONSV,27,NORMAL,500000,0.44644112758528476,89.77613019116083
ecuador-delayed-expansion,seed-5,OFF,BAL,28,NORMAL,500000,0.41047768930615314,88.1583973893159
ecuador-delayed-expansion,seed-5,OFF,JPQ,28,NORMAL,500000,0.3701594617348397,88.19915688693715
ecuador-delayed-expansion,seed-5,OFF,VAP,28,NORMAL,500000,0.3747752847392703,87.93668569849967
ecuador-delayed-expansion,seed-5,OFF,JPQ,29,NORMAL,500000,0.3701594617348397,89.14322433598217
ecuador-delayed-expansion,seed-5,OFF,CONSV,29,NORMAL,500000,0.42610216651646565,88.1583973893159
ecuador-delayed-expansion,seed-5,OFF,VAP,29,NORMAL,500000,0.3720695430718121,88.9017508426197
ecuador-delayed-expansion,seed-5,OFF,CONSV,30,NORMAL,500000,0.42975023346181435,89.10572559817062
ecuador-delayed-expansion,seed-5,OFF,VAP,30,NORMAL,500000,0.372959315807627,89.78961077521012
ecuador-delayed-expansion,seed-5,OFF,JPQ,31,NORMAL,500000,0.3701594617348397,87.61106040575737
ecuador-delayed-expansion,seed-5,OFF,CONSV,31,NORMAL,500000,0.433282509294993,89.97726755031697
ecuador-delayed-expansion,seed-5,OFF,JPQ,32,NORMAL,500000,0.3701594617348397,88.60217557329678
ecuador-delayed-expansion,seed-5,OFF,VAP,32,NORMAL,500000,0.38381657375235045,88.1700553984017
ecuador-delayed-expansion,seed-5,ON,BAL,2,NORMAL,500000,0.42352674105490346,50
ecuador-delayed-expansion,seed-5,ON,BAL,3,NORMAL,500000,0.4457400622253127,54
ecuador-delayed-expansion,seed-5,ON,JPQ,3,NORMAL,500000,0.3990044360515191,50
ecuador-delayed-expansion,seed-5,ON,CONSV,3,NORMAL,500000,0.4827363815239409,50
ecuador-delayed-expansion,seed-5,ON,BAL,4,NORMAL,500000,0.4649558152488769,57.68
ecuador-delayed-expansion,seed-5,ON,CONSV,4,NORMAL,500000,0.44800358402867224,54
ecuador-delayed-expansion,seed-5,ON,MASS,5,NORMAL,500000,1.0518897198817676,50
ecuador-delayed-expansion,seed-5,ON,BAL,5,NORMAL,500000,0.41484756011555995,61.0656
ecuador-delayed-expansion,seed-5,ON,JPQ,5,NORMAL,100000,0.0741407513230973,53.76
ecuador-delayed-expansion,seed-5,ON,CONSV,5,NORMAL,500000,0.4213341715074452,57.68
ecuador-delayed-expansion,seed-5,ON,VAP,5,NORMAL,500000,0.350899650560092,50
ecuador-delayed-expansion,seed-5,ON,CONSV,6,NORMAL,500000,0.44800358402867224,61.0656
ecuador-delayed-expansion,seed-5,ON,MASS,7,LIQUIDITY_STRESS,500000,1.004469891015017,53.76
ecuador-delayed-expansion,seed-5,ON,BAL,7,NORMAL,500000,0.44378173039372315,63.32953088
ecuador-delayed-expansion,seed-5,ON,VAP,7,NORMAL,500000,0.3508286432221449,53.76
ecuador-delayed-expansion,seed-5,ON,BAL,8,NORMAL,500000,0.41430821714059385,66.2631684096
ecuador-delayed-expansion,seed-5,ON,JPQ,8,NORMAL,500000,0.35742376669320897,53.976058624000004
ecuador-delayed-expansion,seed-5,ON,CONSV,8,NORMAL,500000,0.4213764260958421,63.32953088
ecuador-delayed-expansion,seed-5,ON,VAP,8,NORMAL,500000,0.3508286432221449,57.459199999999996
ecuador-delayed-expansion,seed-5,ON,BAL,9,NORMAL,500000,0.3952697281097648,68.962114936832
ecuador-delayed-expansion,seed-5,ON,JPQ,9,NORMAL,500000,0.35742376669320897,57.657973934080005
ecuador-delayed-expansion,seed-5,ON,CONSV,9,NORMAL,500000,0.4401956757817985,66.2631684096
ecuador-delayed-expansion,seed-5,ON,VAP,9,NORMAL,500000,0.3508286432221449,60.862463999999996
ecuador-delayed-expansion,seed-5,ON,BAL,10,NORMAL,500000,0.40532565484412797,71.44514574188544
ecuador-delayed-expansion,seed-5,ON,JPQ,10,NORMAL,500000,0.35742376669320897,61.045336019353606
ecuador-delayed-expansion,seed-5,ON,CONSV,10,NORMAL,500000,0.4212074585731934,68.962114936832
ecuador-delayed-expansion,seed-5,ON,VAP,10,NORMAL,500000,0.3508286432221449,63.99346688
ecuador-delayed-expansion,seed-5,ON,BAL,11,NORMAL,500000,0.42595678412850946,73.7295340825346
ecuador-delayed-expansion,seed-5,ON,JPQ,11,NORMAL,500000,0.35746002631763696,64.16170913780532
ecuador-delayed-expansion,seed-5,ON,CONSV,11,NORMAL,500000,0.39639046839479697,71.44514574188544
ecuador-delayed-expansion,seed-5,ON,VAP,11,NORMAL,500000,0.3508286432221449,66.8739895296
ecuador-delayed-expansion,seed-5,ON,BAL,12,NORMAL,500000,0.4240439716636856,75.83117135593183
ecuador-delayed-expansion,seed-5,ON,JPQ,12,NORMAL,500000,0.35746002631763696,67.02877240678089
ecuador-delayed-expansion,seed-5,ON,CONSV,12,NORMAL,500000,0.3962299512597537,73.7295340825346
ecuador-delayed-expansion,seed-5,ON,VAP,12,NORMAL,500000,0.3508286432221449,69.524070367232
ecuador-delayed-expansion,seed-5,ON,BAL,13,NORMAL,500000,0.41589518110571555,77.76467764745729
ecuador-delayed-expansion,seed-5,ON,JPQ,13,NORMAL,500000,0.3736594034751819,69.66647061423842
ecuador-delayed-expansion,seed-5,ON,CONSV,13,NORMAL,500000,0.40562751387651724,75.83117135593183
ecuador-delayed-expansion,seed-5,ON,VAP,13,NORMAL,500000,0.3508286432221449,71.96214473785344
ecuador-delayed-expansion,seed-5,ON,MASS,14,NORMAL,500000,0.7756086588950679,55.1458766708529
ecuador-delayed-expansion,seed-5,ON,BAL,14,NORMAL,500000,0.4158681997231981,79.54350343566071
ecuador-delayed-expansion,seed-5,ON,JPQ,14,NORMAL,500000,0.35735126950825247,72.09315296509935
ecuador-delayed-expansion,seed-5,ON,CONSV,14,NORMAL,500000,0.3963497770928854,77.76467764745729
ecuador-delayed-expansion,seed-5,ON,VAP,14,NORMAL,500000,0.3508286432221449,74.20517315882516
ecuador-delayed-expansion,seed-5,ON,BAL,15,NORMAL,500000,0.4178575607147036,81.18002316080785
ecuador-delayed-expansion,seed-5,ON,JPQ,15,NORMAL,500000,0.3403695201273091,74.3257007278914
ecuador-delayed-expansion,seed-5,ON,CONSV,15,NORMAL,500000,0.3962706179602525,79.54350343566071
ecuador-delayed-expansion,seed-5,ON,VAP,15,NORMAL,500000,0.3368299878929829,76.26875930611915
ecuador-delayed-expansion,seed-5,ON,MASS,16,NORMAL,500000,0.7391747852697249,58.21015414495359
ecuador-delayed-expansion,seed-5,ON,BAL,16,NORMAL,500000,0.4250020187595891,82.68562130794322
ecuador-delayed-expansion,seed-5,ON,JPQ,16,NORMAL,500000,0.34033511573640146,76.3796446696601
ecuador-delayed-expansion,seed-5,ON,CONSV,16,NORMAL,500000,0.4075996132694869,81.18002316080785
ecuador-delayed-expansion,seed-5,ON,VAP,16,NORMAL,500000,0.33679568276433275,78.16725856162962
ecuador-delayed-expansion,seed-5,ON,MASS,17,NORMAL,500000,0.6765487893159415,61.55334181335731
ecuador-delayed-expansion,seed-5,ON,BAL,17,NORMAL,500000,0.4412334416120199,84.07077160330776
ecuador-delayed-expansion,seed-5,ON,JPQ,17,NORMAL,500000,0.34026632781584676,78.26927309608729
ecuador-delayed-expansion,seed-5,ON,CONSV,17,NORMAL,500000,0.39947078110918655,82.68562130794322
ecuador-delayed-expansion,seed-5,ON,VAP,17,NORMAL,500000,0.33679568276433275,79.91387787669925
ecuador-delayed-expansion,seed-5,ON,MASS,18,NORMAL,500000,0.6764137893715101,64.62907446828872
ecuador-delayed-expansion,seed-5,ON,BAL,18,NORMAL,500000,0.42891873019467763,85.34510987504314
ecuador-delayed-expansion,seed-5,ON,JPQ,18,NORMAL,500000,0.3401975676962542,80.0077312484003
ecuador-delayed-expansion,seed-5,ON,CONSV,18,NORMAL,500000,0.3870491796299113,84.07077160330776
ecuador-delayed-expansion,seed-5,ON,VAP,18,NORMAL,500000,0.33679568276433275,81.5207676465633
ecuador-delayed-expansion,seed-5,ON,MASS,19,NORMAL,500000,0.7283772119905456,67.45874851082563
ecuador-delayed-expansion,seed-5,ON,BAL,19,NORMAL,500000,0.4236656227545722,86.51750108503968
ecuador-delayed-expansion,seed-5,ON,JPQ,19,NORMAL,500000,0.3401975676962542,81.60711274852828
ecuador-delayed-expansion,seed-5,ON,CONSV,19,NORMAL,500000,0.3898386224038697,85.34510987504314
ecuador-delayed-expansion,seed-5,ON,VAP,19,NORMAL,500000,0.33679568276433275,82.99910623483824
ecuador-delayed-expansion,seed-5,ON,MASS,20,NORMAL,500000,0.6328633268359365,70.06204862995958
ecuador-delayed-expansion,seed-5,ON,BAL,20,NORMAL,500000,0.4236656227545722,87.59610099823651
ecuador-delayed-expansion,seed-5,ON,JPQ,20,NORMAL,500000,0.3401975676962542,83.07854372864603
ecuador-delayed-expansion,seed-5,ON,CONSV,20,NORMAL,500000,0.3928856270651051,86.51750108503968
ecuador-delayed-expansion,seed-5,ON,VAP,20,NORMAL,500000,0.33679568276433275,84.35917773605118
ecuador-delayed-expansion,seed-5,ON,MASS,21,NORMAL,500000,0.6326711375427053,72.45708473956282
ecuador-delayed-expansion,seed-5,ON,BAL,21,NORMAL,500000,0.4236656227545722,88.58841291837759
ecuador-delayed-expansion,seed-5,ON,JPQ,21,NORMAL,500000,0.3247342407447169,84.43226023035434
ecuador-delayed-expansion,seed-5,ON,CONSV,21,NORMAL,500000,0.39051211759100884,87.59610099823651
ecuador-delayed-expansion,seed-5,ON,VAP,21,NORMAL,500000,0.3239725986567837,85.61044351716708
ecuador-delayed-expansion,seed-5,ON,MASS,22,NORMAL,500000,0.6480104459283884,74.6605179603978
ecuador-delayed-expansion,seed-5,ON,BAL,22,NORMAL,500000,0.4236656227545722,89.50133988490738
ecuador-delayed-expansion,seed-5,ON,JPQ,22,NORMAL,500000,0.32479967655149006,85.677679411926
ecuador-delayed-expansion,seed-5,ON,CONSV,22,NORMAL,500000,0.3918886879370784,88.58841291837759
ecuador-delayed-expansion,seed-5,ON,VAP,22,NORMAL,500000,0.32387447143686254,86.76160803579371
ecuador-delayed-expansion,seed-5,ON,MASS,23,NORMAL,500000,0.6389368091495751,76.68767652356597
ecuador-delayed-expansion,seed-5,ON,JPQ,23,NORMAL,500000,0.3247342407447169,86.82346505897192
ecuador-delayed-expansion,seed-5,ON,CONSV,23,NORMAL,500000,0.393673819195063,89.50133988490738
ecuador-delayed-expansion,seed-5,ON,VAP,23,NORMAL,500000,0.32384216709996744,87.82067939293022
ecuador-delayed-expansion,seed-5,ON,MASS,24,NORMAL,500000,0.6875451201485098,78.55266240168069
ecuador-delayed-expansion,seed-5,ON,BAL,24,NORMAL,500000,0.4236656227545722,87.9207587324679
ecuador-delayed-expansion,seed-5,ON,JPQ,24,NORMAL,500000,0.3247015327276091,87.87758785425416
ecuador-delayed-expansion,seed-5,ON,VAP,24,NORMAL,500000,0.32384216709996744,88.7950250414958
ecuador-delayed-expansion,seed-5,ON,BAL,25,NORMAL,500000,0.4236656227545722,88.88709803387047
ecuador-delayed-expansion,seed-5,ON,JPQ,25,NORMAL,500000,0.3247015327276091,88.84738082591383
ecuador-delayed-expansion,seed-5,ON,CONSV,25,NORMAL,500000,0.37429296059743145,87.9207587324679
ecuador-delayed-expansion,seed-5,ON,VAP,25,NORMAL,500000,0.32384216709996744,89.69142303817614
ecuador-delayed-expansion,seed-5,ON,BAL,26,NORMAL,500000,0.4282486514449966,89.77613019116083
ecuador-delayed-expansion,seed-5,ON,JPQ,26,NORMAL,500000,0.3247015327276091,89.73959035984072
ecuador-delayed-expansion,seed-5,ON,CONSV,26,NORMAL,500000,0.37418021791507533,88.88709803387047
ecuador-delayed-expansion,seed-5,ON,CONSV,27,NORMAL,500000,0.37661081151721054,89.77613019116083
ecuador-delayed-expansion,seed-5,ON,VAP,27,NORMAL,500000,0.3119734667814396,88.08514264341473
ecuador-delayed-expansion,seed-5,ON,BAL,28,NORMAL,500000,0.41047768930615314,88.1583973893159
ecuador-delayed-expansion,seed-5,ON,JPQ,28,NORMAL,500000,0.310677951484034,88.12679774319025
ecuador-delayed-expansion,seed-5,ON,VAP,28,NORMAL,500000,0.3118792044435551,89.03833123194156
ecuador-delayed-expansion,seed-5,ON,JPQ,29,NORMAL,500000,0.310646739796637,89.07665392373504
ecuador-delayed-expansion,seed-5,ON,CONSV,29,NORMAL,500000,0.37731207406183237,88.1583973893159
ecuador-delayed-expansion,seed-5,ON,VAP,29,NORMAL,500000,0.3118481593848458,89.91526473338624
ecuador-delayed-expansion,seed-5,ON,JPQ,30,NORMAL,500000,0.3105843352318111,89.95052160983623
ecuador-delayed-expansion,seed-5,ON,CONSV,30,NORMAL,500000,0.3778919599328713,89.10572559817062
ecuador-delayed-expansion,seed-5,ON,CONSV,31,NORMAL,500000,0.37918286093468573,89.97726755031697
ecuador-delayed-expansion,seed-5,ON,VAP,31,NORMAL,500000,0.3118481593848458,88.27872094143243
ecuador-delayed-expansion,seed-5,ON,JPQ,32,NORMAL,500000,0.3105843352318111,88.30921108818637
ecuador-delayed-expansion,seed-5,ON,VAP,32,NORMAL,500000,0.3118481593848458,89.21642326611783
global-demand-boom,seed-1,OFF,BAL,2,NORMAL,500000,0.42352674105490346,50
global-demand-boom,seed-1,OFF,BAL,3,NORMAL,500000,0.4478914167880452,54
global-demand-boom,seed-1,OFF,JPQ,3,NORMAL,500000,0.5718804550246903,50
global-demand-boom,seed-1,OFF,CONSV,3,NORMAL,500000,0.4220150034774036,50
global-demand-boom,seed-1,OFF,BAL,4,NORMAL,500000,0.4809061040449974,57.68
global-demand-boom,seed-1,OFF,JPQ,4,NORMAL,500000,0.40439951080599973,54
global-demand-boom,seed-1,OFF,CONSV,4,NORMAL,500000,0.6716841472465988,54
global-demand-boom,seed-1,OFF,BAL,5,NORMAL,500000,0.4180829225668619,61.0656
global-demand-boom,seed-1,OFF,JPQ,5,NORMAL,500000,0.3574962932996829,57.68
global-demand-boom,seed-1,OFF,CONSV,5,NORMAL,500000,0.42222829292678943,57.68
global-demand-boom,seed-1,OFF,VAP,5,NORMAL,500000,0.36032743097783926,50
global-demand-boom,seed-1,OFF,CONSV,6,NORMAL,500000,0.4825423418841445,61.0656
global-demand-boom,seed-1,OFF,BAL,7,NORMAL,500000,0.40023694026863904,63.32953088
global-demand-boom,seed-1,OFF,VAP,7,NORMAL,500000,0.3820674064714271,53.76
global-demand-boom,seed-1,OFF,BAL,8,NORMAL,500000,0.42961084131550276,66.2631684096
global-demand-boom,seed-1,OFF,JPQ,8,NORMAL,500000,0.3762986631312655,59.777564160000004
global-demand-boom,seed-1,OFF,CONSV,8,NORMAL,500000,0.44635185470354427,63.32953088
global-demand-boom,seed-1,OFF,VAP,8,NORMAL,500000,0.3902867921017193,57.459199999999996
global-demand-boom,seed-1,OFF,BAL,9,NORMAL,500000,0.4130268673977242,68.962114936832
global-demand-boom,seed-1,OFF,JPQ,9,NORMAL,500000,0.3797629200851975,62.9953590272
global-demand-boom,seed-1,OFF,CONSV,9,NORMAL,500000,0.44635185470354427,66.2631684096
global-demand-boom,seed-1,OFF,BAL,10,NORMAL,500000,0.41553019159266075,71.44514574188544
global-demand-boom,seed-1,OFF,JPQ,10,NORMAL,500000,0.38119320792991657,65.955730305024
global-demand-boom,seed-1,OFF,CONSV,10,NORMAL,500000,0.4463072316499666,68.962114936832
global-demand-boom,seed-1,OFF,VAP,10,NORMAL,500000,0.372311575345587,60.21071616
global-demand-boom,seed-1,OFF,BAL,11,NORMAL,500000,0.41587857676369944,73.7295340825346
global-demand-boom,seed-1,OFF,JPQ,11,NORMAL,500000,0.3762603498875094,68.67927188062208
global-demand-boom,seed-1,OFF,CONSV,11,NORMAL,500000,0.4463072316499666,71.44514574188544
global-demand-boom,seed-1,OFF,VAP,11,NORMAL,500000,0.37695723736786135,63.393858867199995
global-demand-boom,seed-1,OFF,BAL,12,NORMAL,500000,0.41677607038514275,75.83117135593183
global-demand-boom,seed-1,OFF,JPQ,12,NORMAL,500000,0.3762603498875094,71.18493013017232
global-demand-boom,seed-1,OFF,CONSV,12,NORMAL,500000,0.4749050664772112,73.7295340825346
global-demand-boom,seed-1,OFF,VAP,12,NORMAL,500000,0.37503581592042035,66.32235015782399
global-demand-boom,seed-1,OFF,BAL,13,NORMAL,500000,0.41698044445111615,77.76467764745729
global-demand-boom,seed-1,OFF,JPQ,13,NORMAL,500000,0.36925554684604805,73.49013571975853
global-demand-boom,seed-1,OFF,CONSV,13,NORMAL,500000,0.4387477437397278,75.83117135593183
global-demand-boom,seed-1,OFF,VAP,13,NORMAL,500000,0.4039565769301368,69.01656214519807
global-demand-boom,seed-1,OFF,BAL,14,NORMAL,500000,0.4164969441619207,79.54350343566071
global-demand-boom,seed-1,OFF,JPQ,14,NORMAL,500000,0.35930203137152267,75.61092486217784
global-demand-boom,seed-1,OFF,CONSV,14,NORMAL,500000,0.4225180129991892,77.76467764745729
global-demand-boom,seed-1,OFF,VAP,14,NORMAL,500000,0.36315968683432825,71.49523717358223
global-demand-boom,seed-1,OFF,BAL,15,NORMAL,500000,0.41655732037006954,81.18002316080785
global-demand-boom,seed-1,OFF,JPQ,15,NORMAL,500000,0.3572796442066391,77.56205087320362
global-demand-boom,seed-1,OFF,CONSV,15,NORMAL,500000,0.422433053865706,79.54350343566071
global-demand-boom,seed-1,OFF,VAP,15,NORMAL,500000,0.35093482017397937,73.77561819969564
global-demand-boom,seed-1,OFF,BAL,16,NORMAL,500000,0.4169387191809322,82.68562130794322
global-demand-boom,seed-1,OFF,JPQ,16,NORMAL,500000,0.3572796442066391,79.35708680334733
global-demand-boom,seed-1,OFF,CONSV,16,NORMAL,500000,0.5141927482368331,81.18002316080785
global-demand-boom,seed-1,OFF,VAP,16,NORMAL,500000,0.3633030232043094,75.87356874371999
global-demand-boom,seed-1,OFF,BAL,17,NORMAL,500000,0.4168010850165845,84.07077160330776
global-demand-boom,seed-1,OFF,JPQ,17,NORMAL,500000,0.3738105907717529,81.00851985907954
global-demand-boom,seed-1,OFF,CONSV,17,NORMAL,500000,0.44424206750258216,82.68562130794322
global-demand-boom,seed-1,OFF,VAP,17,NORMAL,500000,0.45503440970206166,77.80368324422238
global-demand-boom,seed-1,OFF,BAL,18,NORMAL,500000,0.41661979693951096,85.34510987504314
global-demand-boom,seed-1,OFF,JPQ,18,NORMAL,500000,0.3668967549596369,82.52783827035317
global-demand-boom,seed-1,OFF,CONSV,18,NORMAL,500000,0.4324208388791306,84.07077160330776
global-demand-boom,seed-1,OFF,VAP,18,NORMAL,500000,0.35121850342704963,79.5793885846846
global-demand-boom,seed-1,OFF,BAL,19,NORMAL,500000,0.416590638875072,86.51750108503968
global-demand-boom,seed-1,OFF,JPQ,19,NORMAL,500000,0.3584867728418451,83.92561120872492
global-demand-boom,seed-1,OFF,CONSV,19,NORMAL,500000,0.44223699392056803,85.34510987504314
global-demand-boom,seed-1,OFF,VAP,19,NORMAL,500000,0.35065228337753884,81.21303749790982
global-demand-boom,seed-1,OFF,BAL,20,NORMAL,500000,0.41665625026041014,87.59610099823651
global-demand-boom,seed-1,OFF,JPQ,20,NORMAL,500000,0.35782978809892474,85.21156231202693
global-demand-boom,seed-1,OFF,CONSV,20,NORMAL,500000,0.44993100308067757,86.51750108503968
global-demand-boom,seed-1,OFF,VAP,20,NORMAL,500000,0.35079349488543077,82.71599449807704
global-demand-boom,seed-1,OFF,BAL,21,NORMAL,500000,0.3934733783781657,88.58841291837759
global-demand-boom,seed-1,OFF,JPQ,21,NORMAL,500000,0.3604962966936433,86.39463732706477
global-demand-boom,seed-1,OFF,CONSV,21,NORMAL,500000,0.44914731627741317,87.59610099823651
global-demand-boom,seed-1,OFF,VAP,21,NORMAL,500000,0.3708948981774818,84.09871493823087
global-demand-boom,seed-1,OFF,MASS,22,NORMAL,100000,0.11786649851046213,50
global-demand-boom,seed-1,OFF,BAL,22,NORMAL,500000,0.3929677632825069,89.50133988490738
global-demand-boom,seed-1,OFF,JPQ,22,NORMAL,500000,0.36168557631196735,87.48306634089958
global-demand-boom,seed-1,OFF,CONSV,22,NORMAL,500000,0.4462263751023532,88.58841291837759
global-demand-boom,seed-1,OFF,VAP,22,NORMAL,500000,0.3795540027916956,85.3708177431724
global-demand-boom,seed-1,OFF,MASS,23,NORMAL,500000,0.5893324925523106,50.8
global-demand-boom,seed-1,OFF,JPQ,23,NORMAL,500000,0.3611700059000732,88.48442103362761
global-demand-boom,seed-1,OFF,CONSV,23,NORMAL,500000,0.44537498123857894,89.50133988490738
global-demand-boom,seed-1,OFF,VAP,23,NORMAL,500000,0.37509883854395626,86.5411523237186
global-demand-boom,seed-1,OFF,MASS,24,NORMAL,500000,0.5893324925523106,54.736
global-demand-boom,seed-1,OFF,BAL,24,NORMAL,500000,0.3928890229950087,87.9207587324679
global-demand-boom,seed-1,OFF,JPQ,24,NORMAL,500000,0.3605769404123529,89.4056673509374
global-demand-boom,seed-1,OFF,VAP,24,NORMAL,500000,0.37054779414380334,87.61786013782111
global-demand-boom,seed-1,OFF,MASS,25,NORMAL,500000,0.5893932785590513,58.357119999999995
global-demand-boom,seed-1,OFF,BAL,25,NORMAL,500000,0.3928890229950087,88.88709803387047
global-demand-boom,seed-1,OFF,CONSV,25,NORMAL,500000,0.44668820895002365,87.9207587324679
global-demand-boom,seed-1,OFF,VAP,25,NORMAL,500000,0.3557986498437474,88.60843132679543
global-demand-boom,seed-1,OFF,MASS,26,NORMAL,500000,0.5893932785590513,61.6885504
global-demand-boom,seed-1,OFF,BAL,26,NORMAL,500000,0.3928890229950087,89.77613019116083
global-demand-boom,seed-1,OFF,JPQ,26,NORMAL,500000,0.360736618402993,87.83802112509068
global-demand-boom,seed-1,OFF,CONSV,26,NORMAL,500000,0.44662396941519056,88.88709803387047
global-demand-boom,seed-1,OFF,VAP,26,NORMAL,500000,0.35224454450694354,89.51975682065179
global-demand-boom,seed-1,OFF,MASS,27,NORMAL,500000,0.5893932785590513,64.75346636799999
global-demand-boom,seed-1,OFF,JPQ,27,NORMAL,500000,0.3406756429247767,88.81097943508342
global-demand-boom,seed-1,OFF,CONSV,27,NORMAL,500000,0.44640764607016187,89.77613019116083
global-demand-boom,seed-1,OFF,MASS,28,NORMAL,500000,0.5893932785590513,67.57318905855999
global-demand-boom,seed-1,OFF,BAL,28,NORMAL,500000,0.42375071931684605,88.1583973893159
global-demand-boom,seed-1,OFF,JPQ,28,NORMAL,500000,0.3402319442819837,89.70610108027675
global-demand-boom,seed-1,OFF,VAP,28,NORMAL,500000,0.35840084410566797,87.93668569849967
global-demand-boom,seed-1,OFF,MASS,29,NORMAL,500000,0.5893324925523106,70.16733393387518
global-demand-boom,seed-1,OFF,BAL,29,NORMAL,500000,0.42375071931684605,89.10572559817062
global-demand-boom,seed-1,OFF,CONSV,29,NORMAL,500000,0.42601957133910734,88.1583973893159
global-demand-boom,seed-1,OFF,VAP,29,NORMAL,500000,0.3580523100102832,88.9017508426197
global-demand-boom,seed-1,OFF,MASS,30,NORMAL,500000,0.5893324925523106,72.55394721916517
global-demand-boom,seed-1,OFF,BAL,30,NORMAL,500000,0.428334498403169,89.97726755031697
global-demand-boom,seed-1,OFF,JPQ,30,NORMAL,500000,0.34016319805655243,88.09783621422334
global-demand-boom,seed-1,OFF,CONSV,30,NORMAL,500000,0.42970628286447365,89.10572559817062
global-demand-boom,seed-1,OFF,VAP,30,NORMAL,500000,0.35702860798830083,89.78961077521012
global-demand-boom,seed-1,OFF,MASS,31,NORMAL,500000,0.5893324925523106,74.74963144163195
global-demand-boom,seed-1,OFF,JPQ,31,NORMAL,500000,0.34016319805655243,89.05000931708547
global-demand-boom,seed-1,OFF,CONSV,31,NORMAL,500000,0.432623815854538,89.97726755031697
global-demand-boom,seed-1,OFF,JPQ,32,NORMAL,500000,0.34016319805655243,89.92600857171863
global-demand-boom,seed-1,OFF,VAP,32,NORMAL,500000,0.3570571634236354,88.1700553984017
global-demand-boom,seed-1,ON,BAL,2,NORMAL,500000,0.42352674105490346,50
global-demand-boom,seed-1,ON,BAL,3,NORMAL,500000,0.4457400622253127,54
global-demand-boom,seed-1,ON,JPQ,3,NORMAL,500000,0.4390814451294407,50
global-demand-boom,seed-1,ON,CONSV,3,NORMAL,500000,0.4827363815239409,50
global-demand-boom,seed-1,ON,BAL,4,NORMAL,500000,0.46945976448142535,57.68
global-demand-boom,seed-1,ON,CONSV,4,NORMAL,500000,0.44800358402867224,54
global-demand-boom,seed-1,ON,BAL,5,NORMAL,500000,0.4159657643537306,61.0656
global-demand-boom,seed-1,ON,CONSV,5,NORMAL,500000,0.4213341715074452,57.68
global-demand-boom,seed-1,ON,VAP,5,NORMAL,250000,0.175449825280046,50
global-demand-boom,seed-1,ON,CONSV,6,NORMAL,500000,0.44800358402867224,61.0656
global-demand-boom,seed-1,ON,BAL,7,NORMAL,500000,0.40184753422334524,63.32953088
global-demand-boom,seed-1,ON,VAP,7,NORMAL,500000,0.3508286432221449,51.88
global-demand-boom,seed-1,ON,BAL,8,NORMAL,500000,0.4297759062469647,66.2631684096
global-demand-boom,seed-1,ON,JPQ,8,NORMAL,500000,0.35742376669320897,53.12299584
global-demand-boom,seed-1,ON,CONSV,8,NORMAL,500000,0.4213764260958421,63.32953088
global-demand-boom,seed-1,ON,VAP,8,NORMAL,500000,0.3508286432221449,55.729600000000005
global-demand-boom,seed-1,ON,BAL,9,NORMAL,500000,0.4125320640546786,68.962114936832
global-demand-boom,seed-1,ON,JPQ,9,NORMAL,500000,0.35742376669320897,56.8731561728
global-demand-boom,seed-1,ON,CONSV,9,NORMAL,500000,0.4401956757817985,66.2631684096
global-demand-boom,seed-1,ON,VAP,9,NORMAL,500000,0.3508286432221449,59.271232000000005
global-demand-boom,seed-1,ON,BAL,10,NORMAL,500000,0.41448028317292945,71.44514574188544
global-demand-boom,seed-1,ON,JPQ,10,NORMAL,500000,0.35731587459384795,60.323303678976
global-demand-boom,seed-1,ON,CONSV,10,NORMAL,500000,0.4212074585731934,68.962114936832
global-demand-boom,seed-1,ON,VAP,10,NORMAL,500000,0.3508286432221449,62.52953344
global-demand-boom,seed-1,ON,BAL,11,NORMAL,500000,0.4135741658415862,73.7295340825346
global-demand-boom,seed-1,ON,JPQ,11,NORMAL,500000,0.3572072054694424,63.49743938465792
global-demand-boom,seed-1,ON,CONSV,11,NORMAL,500000,0.39639046839479697,71.44514574188544
global-demand-boom,seed-1,ON,VAP,11,NORMAL,500000,0.3508286432221449,65.5271707648
global-demand-boom,seed-1,ON,BAL,12,NORMAL,500000,0.4163232000266447,75.83117135593183
global-demand-boom,seed-1,ON,JPQ,12,NORMAL,500000,0.3572072054694424,66.41764423388528
global-demand-boom,seed-1,ON,CONSV,12,NORMAL,500000,0.4169295059760591,73.7295340825346
global-demand-boom,seed-1,ON,VAP,12,NORMAL,500000,0.3508286432221449,68.284997103616
global-demand-boom,seed-1,ON,BAL,13,NORMAL,500000,0.4176293022082567,77.76467764745729
global-demand-boom,seed-1,ON,JPQ,13,NORMAL,500000,0.3572072054694424,69.10423269517446
global-demand-boom,seed-1,ON,CONSV,13,NORMAL,500000,0.39643006795207797,75.83117135593183
global-demand-boom,seed-1,ON,VAP,13,NORMAL,500000,0.3508286432221449,70.82219733532672
global-demand-boom,seed-1,ON,BAL,14,NORMAL,500000,0.4169595807721591,79.54350343566071
global-demand-boom,seed-1,ON,JPQ,14,NORMAL,500000,0.3572072054694424,71.5758940795605
global-demand-boom,seed-1,ON,CONSV,14,NORMAL,500000,0.3962706179602525,77.76467764745729
global-demand-boom,seed-1,ON,VAP,14,NORMAL,500000,0.3508286432221449,73.15642154850059
global-demand-boom,seed-1,ON,BAL,15,NORMAL,500000,0.4163107210002115,81.18002316080785
global-demand-boom,seed-1,ON,JPQ,15,NORMAL,500000,0.34033511573640146,73.84982255319566
global-demand-boom,seed-1,ON,CONSV,15,NORMAL,500000,0.3962299512597537,79.54350343566071
global-demand-boom,seed-1,ON,VAP,15,NORMAL,500000,0.3368299878929829,75.30390782462054
global-demand-boom,seed-1,ON,BAL,16,NORMAL,500000,0.4166916681667567,82.68562130794322
global-demand-boom,seed-1,ON,JPQ,16,NORMAL,500000,0.3402319442819837,75.94183674894
global-demand-boom,seed-1,ON,CONSV,16,NORMAL,500000,0.3962299512597537,81.18002316080785
global-demand-boom,seed-1,ON,VAP,16,NORMAL,500000,0.33679568276433275,77.2795951986509
global-demand-boom,seed-1,ON,BAL,17,NORMAL,500000,0.4167990003492776,84.07077160330776
global-demand-boom,seed-1,ON,JPQ,17,NORMAL,500000,0.3401975676962542,77.8664898090248
global-demand-boom,seed-1,ON,CONSV,17,NORMAL,500000,0.37436848715822496,82.68562130794322
global-demand-boom,seed-1,ON,VAP,17,NORMAL,500000,0.33679568276433275,79.09722758275882
global-demand-boom,seed-1,ON,MASS,18,NORMAL,500000,0.5893324925523106,50
global-demand-boom,seed-1,ON,BAL,18,NORMAL,500000,0.4167052118987673,85.34510987504314
global-demand-boom,seed-1,ON,JPQ,18,NORMAL,500000,0.3401975676962542,79.63717062430281
global-demand-boom,seed-1,ON,CONSV,18,NORMAL,500000,0.37429296059743145,84.07077160330776
global-demand-boom,seed-1,ON,VAP,18,NORMAL,500000,0.33679568276433275,80.76944937613811
global-demand-boom,seed-1,ON,MASS,19,NORMAL,500000,0.5893324925523106,54
global-demand-boom,seed-1,ON,BAL,19,NORMAL,500000,0.4166333359997867,86.51750108503968
global-demand-boom,seed-1,ON,JPQ,19,NORMAL,500000,0.3401975676962542,81.26619697435859
global-demand-boom,seed-1,ON,CONSV,19,NORMAL,500000,0.38906887647413335,85.34510987504314
global-demand-boom,seed-1,ON,VAP,19,NORMAL,500000,0.33679568276433275,82.30789342604706
global-demand-boom,seed-1,ON,BAL,20,NORMAL,500000,0.41664062662750245,87.59610099823651
global-demand-boom,seed-1,ON,JPQ,20,NORMAL,500000,0.34026632781584676,82.76490121640991
global-demand-boom,seed-1,ON,CONSV,20,NORMAL,500000,0.3950367581703477,86.51750108503968
global-demand-boom,seed-1,ON,VAP,20,NORMAL,500000,0.33679568276433275,83.7232619519633
global-demand-boom,seed-1,ON,BAL,21,NORMAL,500000,0.3934538718615168,88.58841291837759
global-demand-boom,seed-1,ON,JPQ,21,NORMAL,500000,0.3248978797229349,84.14370911909711
global-demand-boom,seed-1,ON,CONSV,21,NORMAL,500000,0.3917189056470589,87.59610099823651
global-demand-boom,seed-1,ON,VAP,21,NORMAL,500000,0.3239725986567837,85.02540099580624
global-demand-boom,seed-1,ON,MASS,22,NORMAL,500000,0.6363326874556555,56.786048
global-demand-boom,seed-1,ON,BAL,22,NORMAL,500000,0.3929677632825069,89.50133988490738
global-demand-boom,seed-1,ON,JPQ,22,NORMAL,500000,0.3247669553520133,85.41221238956935
global-demand-boom,seed-1,ON,CONSV,22,NORMAL,500000,0.3885841741323401,88.58841291837759
global-demand-boom,seed-1,ON,VAP,22,NORMAL,500000,0.32387447143686254,86.22336891614174
global-demand-boom,seed-1,ON,MASS,23,NORMAL,500000,0.6334145159604623,60.24316416
global-demand-boom,seed-1,ON,JPQ,23,NORMAL,500000,0.3247342407447169,86.5792353984038
global-demand-boom,seed-1,ON,CONSV,23,NORMAL,500000,0.3890402687801409,89.50133988490738
global-demand-boom,seed-1,ON,VAP,23,NORMAL,500000,0.32384216709996744,87.3254994028504
global-demand-boom,seed-1,ON,MASS,24,NORMAL,500000,0.6468932949509978,63.4237110272
global-demand-boom,seed-1,ON,BAL,24,NORMAL,500000,0.3928890229950087,87.9207587324679
global-demand-boom,seed-1,ON,JPQ,24,NORMAL,500000,0.3247342407447169,87.6528965665315
global-demand-boom,seed-1,ON,VAP,24,NORMAL,500000,0.32384216709996744,88.33945945062237
global-demand-boom,seed-1,ON,MASS,25,NORMAL,500000,0.7447957397683685,66.349814145024
global-demand-boom,seed-1,ON,BAL,25,NORMAL,500000,0.3928890229950087,88.88709803387047
global-demand-boom,seed-1,ON,JPQ,25,NORMAL,500000,0.3247342407447169,88.64066484120897
global-demand-boom,seed-1,ON,CONSV,25,NORMAL,500000,0.37429296059743145,87.9207587324679
global-demand-boom,seed-1,ON,VAP,25,NORMAL,500000,0.32384216709996744,89.27230269457259
global-demand-boom,seed-1,ON,BAL,26,NORMAL,500000,0.3928890229950087,89.77613019116083
global-demand-boom,seed-1,ON,JPQ,26,NORMAL,500000,0.3247342407447169,89.54941165391226
global-demand-boom,seed-1,ON,CONSV,26,NORMAL,500000,0.37418021791507533,88.88709803387047
global-demand-boom,seed-1,ON,CONSV,27,NORMAL,500000,0.3756531669440239,89.77613019116083
global-demand-boom,seed-1,ON,VAP,27,NORMAL,500000,0.3119734667814396,87.72268737026637
global-demand-boom,seed-1,ON,BAL,28,NORMAL,500000,0.42375071931684605,88.1583973893159
global-demand-boom,seed-1,ON,JPQ,28,NORMAL,500000,0.310646739796637,87.96233119830332
global-demand-boom,seed-1,ON,VAP,28,NORMAL,500000,0.3118792044435551,88.70487238064506
global-demand-boom,seed-1,ON,BAL,29,NORMAL,500000,0.42375071931684605,89.10572559817062
global-demand-boom,seed-1,ON,JPQ,29,NORMAL,500000,0.31061553437985917,88.92534470243905
global-demand-boom,seed-1,ON,CONSV,29,NORMAL,500000,0.37697554031904196,88.1583973893159
global-demand-boom,seed-1,ON,VAP,29,NORMAL,500000,0.3118481593848458,89.60848259019345
global-demand-boom,seed-1,ON,BAL,30,NORMAL,500000,0.428334498403169,89.97726755031697
global-demand-boom,seed-1,ON,JPQ,30,NORMAL,500000,0.31061553437985917,89.81131712624392
global-demand-boom,seed-1,ON,CONSV,30,NORMAL,500000,0.37645400654352357,89.10572559817062
global-demand-boom,seed-1,ON,CONSV,31,NORMAL,500000,0.3762616523530463,89.97726755031697
global-demand-boom,seed-1,ON,VAP,31,NORMAL,500000,0.3118481593848458,88.01341574399927
global-demand-boom,seed-1,ON,JPQ,32,NORMAL,500000,0.310677951484034,88.18882705077574
global-demand-boom,seed-1,ON,VAP,32,NORMAL,500000,0.3118481593848458,88.97234248447933
global-demand-boom,seed-2,OFF,BAL,2,NORMAL,500000,0.42352674105490346,50
global-demand-boom,seed-2,OFF,BAL,3,NORMAL,500000,0.4478914167880452,54
global-demand-boom,seed-2,OFF,JPQ,3,NORMAL,250000,0.2596313629286085,50
global-demand-boom,seed-2,OFF,CONSV,3,NORMAL,500000,0.4220150034774036,50
global-demand-boom,seed-2,OFF,BAL,4,NORMAL,500000,0.522299035000303,57.68
global-demand-boom,seed-2,OFF,JPQ,4,NORMAL,500000,0.40439951080599973,52
global-demand-boom,seed-2,OFF,CONSV,4,NORMAL,500000,0.6716841472465988,54
global-demand-boom,seed-2,OFF,MASS,5,NORMAL,500000,1.1237659645002331,50
global-demand-boom,seed-2,OFF,BAL,5,NORMAL,500000,0.39551642579716334,61.0656
global-demand-boom,seed-2,OFF,JPQ,5,NORMAL,500000,0.3574962932996829,55.84
global-demand-boom,seed-2,OFF,CONSV,5,NORMAL,500000,0.42855385786325617,57.68
global-demand-boom,seed-2,OFF,VAP,5,NORMAL,500000,0.3603637886861338,50
global-demand-boom,seed-2,OFF,CONSV,6,NORMAL,500000,0.4825423418841445,61.0656
global-demand-boom,seed-2,OFF,BAL,7,NORMAL,500000,0.39292792601638665,63.32953088
global-demand-boom,seed-2,OFF,VAP,7,NORMAL,500000,0.3765454933227941,53.76
global-demand-boom,seed-2,OFF,BAL,8,NORMAL,500000,0.4487814685565752,66.2631684096
global-demand-boom,seed-2,OFF,JPQ,8,NORMAL,500000,0.3801259220334365,58.28180608
global-demand-boom,seed-2,OFF,CONSV,8,NORMAL,500000,0.44635185470354427,63.32953088
global-demand-boom,seed-2,OFF,VAP,8,NORMAL,500000,0.3897050525104176,57.459199999999996
global-demand-boom,seed-2,OFF,BAL,9,NORMAL,500000,0.44457485306801103,68.962114936832
global-demand-boom,seed-2,OFF,JPQ,9,NORMAL,500000,0.39822630005953485,61.6192615936
global-demand-boom,seed-2,OFF,CONSV,9,NORMAL,500000,0.44635185470354427,66.2631684096
global-demand-boom,seed-2,OFF,BAL,10,NORMAL,500000,0.4404917650064532,71.44514574188544
global-demand-boom,seed-2,OFF,JPQ,10,NORMAL,500000,0.38958523353530994,64.689720666112
global-demand-boom,seed-2,OFF,CONSV,10,NORMAL,500000,0.4463072316499666,68.962114936832
global-demand-boom,seed-2,OFF,VAP,10,NORMAL,500000,0.3745418229879388,60.21071616
global-demand-boom,seed-2,OFF,MASS,11,NORMAL,500000,0.7383861094805084,52.9356160896
global-demand-boom,seed-2,OFF,BAL,11,NORMAL,500000,0.41443390400881913,73.7295340825346
global-demand-boom,seed-2,OFF,JPQ,11,NORMAL,500000,0.3762986631312655,67.51454301282304
global-demand-boom,seed-2,OFF,CONSV,11,NORMAL,500000,0.4463072316499666,71.44514574188544
global-demand-boom,seed-2,OFF,VAP,11,NORMAL,500000,0.376015052634587,63.393858867199995
global-demand-boom,seed-2,OFF,BAL,12,NORMAL,500000,0.39316614336252986,75.83117135593183
global-demand-boom,seed-2,OFF,JPQ,12,NORMAL,500000,0.3639068191843815,70.1133795717972
global-demand-boom,seed-2,OFF,CONSV,12,NORMAL,500000,0.4749050664772112,73.7295340825346
global-demand-boom,seed-2,OFF,VAP,12,NORMAL,500000,0.37402014203190476,66.32235015782399
global-demand-boom,seed-2,OFF,BAL,13,NORMAL,500000,0.3929677632825069,77.76467764745729
global-demand-boom,seed-2,OFF,JPQ,13,NORMAL,500000,0.3639068191843815,72.50430920605342
global-demand-boom,seed-2,OFF,CONSV,13,NORMAL,500000,0.4387477437397278,75.83117135593183
global-demand-boom,seed-2,OFF,VAP,13,NORMAL,500000,0.40449369847357014,69.01656214519807
global-demand-boom,seed-2,OFF,MASS,14,NORMAL,500000,0.649772579597141,55.92079754662891
global-demand-boom,seed-2,OFF,BAL,14,NORMAL,500000,0.39300760862730305,79.54350343566071
global-demand-boom,seed-2,OFF,JPQ,14,NORMAL,500000,0.38613998408485445,74.70396446956914
global-demand-boom,seed-2,OFF,CONSV,14,NORMAL,500000,0.4225180129991892,77.76467764745729
global-demand-boom,seed-2,OFF,VAP,14,NORMAL,500000,0.36315968683432825,71.49523717358223
global-demand-boom,seed-2,OFF,BAL,15,NORMAL,500000,0.4438762828024573,81.18002316080785
global-demand-boom,seed-2,OFF,JPQ,15,NORMAL,500000,0.3453596544358926,76.72764731200361
global-demand-boom,seed-2,OFF,CONSV,15,NORMAL,500000,0.422433053865706,79.54350343566071
global-demand-boom,seed-2,OFF,VAP,15,NORMAL,500000,0.35093482017397937,73.77561819969564
global-demand-boom,seed-2,OFF,MASS,16,NORMAL,500000,0.5893932785590513,58.880305718324685
global-demand-boom,seed-2,OFF,BAL,16,NORMAL,500000,0.4402369531376568,82.68562130794322
global-demand-boom,seed-2,OFF,JPQ,16,NORMAL,500000,0.3403007182999502,78.58943552704332
global-demand-boom,seed-2,OFF,CONSV,16,NORMAL,500000,0.5141927482368331,81.18002316080785
global-demand-boom,seed-2,OFF,VAP,16,NORMAL,500000,0.35843393618098096,75.87356874371999
global-demand-boom,seed-2,OFF,MASS,17,NORMAL,500000,0.5893932785590513,62.16988126085871
global-demand-boom,seed-2,OFF,BAL,17,NORMAL,500000,0.428334498403169,84.07077160330776
global-demand-boom,seed-2,OFF,JPQ,17,NORMAL,500000,0.3402319442819837,80.30228068487986
global-demand-boom,seed-2,OFF,CONSV,17,NORMAL,500000,0.43714337297203726,82.68562130794322
global-demand-boom,seed-2,OFF,VAP,17,NORMAL,500000,0.3849708607856054,77.80368324422238
global-demand-boom,seed-2,OFF,MASS,18,NORMAL,500000,0.5893932785590513,65.19629075999
global-demand-boom,seed-2,OFF,BAL,18,NORMAL,500000,0.4110162211661845,85.34510987504314
global-demand-boom,seed-2,OFF,JPQ,18,NORMAL,500000,0.3404039314747823,81.87809823008948
global-demand-boom,seed-2,OFF,CONSV,18,NORMAL,500000,0.4300892134055367,84.07077160330776
global-demand-boom,seed-2,OFF,VAP,18,NORMAL,500000,0.3748012429008896,79.5793885846846
global-demand-boom,seed-2,OFF,MASS,19,NORMAL,500000,0.5893324925523106,67.9805874991908
global-demand-boom,seed-2,OFF,BAL,19,NORMAL,500000,0.410974667521494,86.51750108503968
global-demand-boom,seed-2,OFF,JPQ,19,NORMAL,500000,0.3248651387349569,83.32785037168232
global-demand-boom,seed-2,OFF,CONSV,19,NORMAL,500000,0.4437163552073664,85.34510987504314
global-demand-boom,seed-2,OFF,VAP,19,NORMAL,500000,0.3732009475124216,81.21303749790982
global-demand-boom,seed-2,OFF,MASS,20,NORMAL,500000,0.5893324925523106,70.54214049925554
global-demand-boom,seed-2,OFF,BAL,20,NORMAL,500000,0.410974667521494,87.59610099823651
global-demand-boom,seed-2,OFF,JPQ,20,NORMAL,500000,0.32701276520489997,84.66162234194773
global-demand-boom,seed-2,OFF,CONSV,20,NORMAL,500000,0.4513582498132505,86.51750108503968
global-demand-boom,seed-2,OFF,VAP,20,NORMAL,500000,0.3762907902979591,82.71599449807704
global-demand-boom,seed-2,OFF,MASS,21,NORMAL,500000,0.5893324925523106,72.89876925931509
global-demand-boom,seed-2,OFF,BAL,21,NORMAL,500000,0.410974667521494,88.58841291837759
global-demand-boom,seed-2,OFF,JPQ,21,NORMAL,500000,0.38023944286100064,85.88869255459191
global-demand-boom,seed-2,OFF,CONSV,21,NORMAL,500000,0.4491684992741437,87.59610099823651
global-demand-boom,seed-2,OFF,VAP,21,NORMAL,500000,0.3867953632828467,84.09871493823087
global-demand-boom,seed-2,OFF,MASS,22,NORMAL,500000,0.5893932785590513,75.06686771856988
global-demand-boom,seed-2,OFF,BAL,22,NORMAL,500000,0.410974667521494,89.50133988490738
global-demand-boom,seed-2,OFF,JPQ,22,NORMAL,500000,0.3746535765704242,87.01759715022456
global-demand-boom,seed-2,OFF,CONSV,22,NORMAL,500000,0.4457043019379223,88.58841291837759
global-demand-boom,seed-2,OFF,VAP,22,NORMAL,500000,0.3782796085502086,85.3708177431724
global-demand-boom,seed-2,OFF,MASS,23,NORMAL,500000,0.5547788651443535,77.06151830108429
global-demand-boom,seed-2,OFF,JPQ,23,NORMAL,500000,0.3701594617348397,88.0561893782066
global-demand-boom,seed-2,OFF,CONSV,23,NORMAL,500000,0.4451834489697342,89.50133988490738
global-demand-boom,seed-2,OFF,VAP,23,NORMAL,500000,0.37176434898857785,86.5411523237186
global-demand-boom,seed-2,OFF,MASS,24,NORMAL,500000,0.554666548337803,78.89659683699755
global-demand-boom,seed-2,OFF,BAL,24,NORMAL,500000,0.410974667521494,87.9207587324679
global-demand-boom,seed-2,OFF,JPQ,24,NORMAL,500000,0.3701594617348397,89.01169422795007
global-demand-boom,seed-2,OFF,VAP,24,NORMAL,500000,0.37192308035621297,87.61786013782111
global-demand-boom,seed-2,OFF,BAL,25,NORMAL,500000,0.410974667521494,88.88709803387047
global-demand-boom,seed-2,OFF,JPQ,25,NORMAL,500000,0.3701594617348397,89.89075868971406
global-demand-boom,seed-2,OFF,CONSV,25,NORMAL,500000,0.4467943843307422,87.9207587324679
global-demand-boom,seed-2,OFF,VAP,25,NORMAL,500000,0.37457167728702223,88.60843132679543
global-demand-boom,seed-2,OFF,BAL,26,NORMAL,500000,0.410974667521494,89.77613019116083
global-demand-boom,seed-2,OFF,CONSV,26,NORMAL,500000,0.4466225731087656,88.88709803387047
global-demand-boom,seed-2,OFF,VAP,26,NORMAL,500000,0.37417923784179397,89.51975682065179
global-demand-boom,seed-2,OFF,JPQ,27,NORMAL,500000,0.3701594617348397,88.25752811486473
global-demand-boom,seed-2,OFF,CONSV,27,NORMAL,500000,0.4463699853679919,89.77613019116083
global-demand-boom,seed-2,OFF,BAL,28,NORMAL,500000,0.410974667521494,88.1583973893159
global-demand-boom,seed-2,OFF,JPQ,28,NORMAL,500000,0.3701594617348397,89.19692586567555
global-demand-boom,seed-2,OFF,VAP,28,NORMAL,500000,0.37417923784179397,87.93668569849967
global-demand-boom,seed-2,OFF,CONSV,29,NORMAL,500000,0.42635396161705824,88.1583973893159
global-demand-boom,seed-2,OFF,VAP,29,NORMAL,500000,0.37417923784179397,88.9017508426197
global-demand-boom,seed-2,OFF,JPQ,30,NORMAL,500000,0.3701594617348397,87.65750148863621
global-demand-boom,seed-2,OFF,CONSV,30,NORMAL,500000,0.4300115372095433,89.10572559817062
global-demand-boom,seed-2,OFF,VAP,30,NORMAL,500000,0.37417923784179397,89.78961077521012
global-demand-boom,seed-2,OFF,JPQ,31,NORMAL,500000,0.3701594617348397,88.64490136954532
global-demand-boom,seed-2,OFF,CONSV,31,NORMAL,500000,0.43261202488384365,89.97726755031697
global-demand-boom,seed-2,OFF,JPQ,32,NORMAL,500000,0.3701594617348397,89.5533092599817
global-demand-boom,seed-2,OFF,VAP,32,NORMAL,500000,0.37417923784179397,88.1700553984017
global-demand-boom,seed-2,ON,BAL,2,NORMAL,500000,0.42352674105490346,50
global-demand-boom,seed-2,ON,BAL,3,NORMAL,500000,0.4457400622253127,54
global-demand-boom,seed-2,ON,JPQ,3,NORMAL,500000,0.3990044360515191,50
global-demand-boom,seed-2,ON,CONSV,3,NORMAL,500000,0.4827363815239409,50
global-demand-boom,seed-2,ON,BAL,4,NORMAL,500000,0.5115471539050999,57.68
global-demand-boom,seed-2,ON,CONSV,4,NORMAL,500000,0.44800358402867224,54
global-demand-boom,seed-2,ON,MASS,5,NORMAL,500000,1.1099641481580145,50
global-demand-boom,seed-2,ON,BAL,5,NORMAL,500000,0.3935170428296079,61.0656
global-demand-boom,seed-2,ON,CONSV,5,NORMAL,500000,0.4275879762261085,57.68
global-demand-boom,seed-2,ON,VAP,5,NORMAL,500000,0.350899650560092,50
global-demand-boom,seed-2,ON,CONSV,6,NORMAL,500000,0.44800358402867224,61.0656
global-demand-boom,seed-2,ON,BAL,7,NORMAL,500000,0.3948492702395787,63.32953088
global-demand-boom,seed-2,ON,VAP,7,NORMAL,500000,0.3508286432221449,53.76
global-demand-boom,seed-2,ON,BAL,8,NORMAL,500000,0.44952224775508587,66.2631684096
global-demand-boom,seed-2,ON,JPQ,8,NORMAL,500000,0.35746002631763696,53.12299584
global-demand-boom,seed-2,ON,CONSV,8,NORMAL,500000,0.4213764260958421,63.32953088
global-demand-boom,seed-2,ON,VAP,8,NORMAL,500000,0.3508286432221449,57.459199999999996
global-demand-boom,seed-2,ON,BAL,9,NORMAL,500000,0.4448109686826389,68.962114936832
global-demand-boom,seed-2,ON,JPQ,9,NORMAL,500000,0.35746002631763696,56.8731561728
global-demand-boom,seed-2,ON,CONSV,9,NORMAL,500000,0.4401956757817985,66.2631684096
global-demand-boom,seed-2,ON,VAP,9,NORMAL,500000,0.3508286432221449,60.862463999999996
global-demand-boom,seed-2,ON,BAL,10,NORMAL,500000,0.4404917650064532,71.44514574188544
global-demand-boom,seed-2,ON,JPQ,10,NORMAL,500000,0.35746002631763696,60.323303678976
global-demand-boom,seed-2,ON,CONSV,10,NORMAL,500000,0.4212074585731934,68.962114936832
global-demand-boom,seed-2,ON,VAP,10,NORMAL,500000,0.3508286432221449,63.99346688
global-demand-boom,seed-2,ON,BAL,11,NORMAL,500000,0.41443390400881913,73.7295340825346
global-demand-boom,seed-2,ON,JPQ,11,NORMAL,500000,0.35746002631763696,63.49743938465792
global-demand-boom,seed-2,ON,CONSV,11,NORMAL,500000,0.4210795806721104,71.44514574188544
global-demand-boom,seed-2,ON,VAP,11,NORMAL,500000,0.3508286432221449,66.8739895296
global-demand-boom,seed-2,ON,BAL,12,NORMAL,500000,0.39316614336252986,75.83117135593183
global-demand-boom,seed-2,ON,JPQ,12,NORMAL,500000,0.35746002631763696,66.41764423388528
global-demand-boom,seed-2,ON,CONSV,12,NORMAL,500000,0.3965500148706256,73.7295340825346
global-demand-boom,seed-2,ON,VAP,12,NORMAL,500000,0.3508286432221449,69.524070367232
global-demand-boom,seed-2,ON,BAL,13,NORMAL,500000,0.3929677632825069,77.76467764745729
global-demand-boom,seed-2,ON,JPQ,13,NORMAL,500000,0.3736594034751819,69.10423269517446
global-demand-boom,seed-2,ON,CONSV,13,NORMAL,500000,0.3984813080388025,75.83117135593183
global-demand-boom,seed-2,ON,VAP,13,NORMAL,500000,0.3508286432221449,71.96214473785344
global-demand-boom,seed-2,ON,MASS,14,NORMAL,500000,0.649772579597141,52.43827575416432
global-demand-boom,seed-2,ON,BAL,14,NORMAL,500000,0.39300760862730305,79.54350343566071
global-demand-boom,seed-2,ON,JPQ,14,NORMAL,500000,0.35735126950825247,71.5758940795605
global-demand-boom,seed-2,ON,CONSV,14,NORMAL,500000,0.39631019357375097,77.76467764745729
global-demand-boom,seed-2,ON,VAP,14,NORMAL,500000,0.3508286432221449,74.20517315882516
global-demand-boom,seed-2,ON,MASS,15,NORMAL,250000,0.29469663927952566,56.24321369383118
global-demand-boom,seed-2,ON,BAL,15,NORMAL,500000,0.44142509678245245,81.18002316080785
global-demand-boom,seed-2,ON,JPQ,15,NORMAL,500000,0.3404039314747823,73.84982255319566
global-demand-boom,seed-2,ON,CONSV,15,NORMAL,500000,0.3962299512597537,79.54350343566071
global-demand-boom,seed-2,ON,VAP,15,NORMAL,500000,0.3368299878929829,76.26875930611915
global-demand-boom,seed-2,ON,MASS,16,NORMAL,500000,0.6126343583727206,57.99348514607793
global-demand-boom,seed-2,ON,BAL,16,NORMAL,500000,0.43891412645115985,82.68562130794322
global-demand-boom,seed-2,ON,JPQ,16,NORMAL,500000,0.34033511573640146,75.94183674894
global-demand-boom,seed-2,ON,CONSV,16,NORMAL,500000,0.3962299512597537,81.18002316080785
global-demand-boom,seed-2,ON,VAP,16,NORMAL,500000,0.33679568276433275,78.16725856162962
global-demand-boom,seed-2,ON,MASS,17,NORMAL,500000,0.6399139955589969,61.3540063343917
global-demand-boom,seed-2,ON,BAL,17,NORMAL,500000,0.428334498403169,84.07077160330776
global-demand-boom,seed-2,ON,JPQ,17,NORMAL,500000,0.34026632781584676,77.8664898090248
global-demand-boom,seed-2,ON,CONSV,17,NORMAL,500000,0.3962299512597537,82.68562130794322
global-demand-boom,seed-2,ON,VAP,17,NORMAL,500000,0.33679568276433275,79.91387787669925
global-demand-boom,seed-2,ON,MASS,18,NORMAL,500000,0.6426983045618726,64.44568582764036
global-demand-boom,seed-2,ON,BAL,18,NORMAL,500000,0.4110162211661845,85.34510987504314
global-demand-boom,seed-2,ON,JPQ,18,NORMAL,500000,0.3401975676962542,79.63717062430281
global-demand-boom,seed-2,ON,CONSV,18,NORMAL,500000,0.38066916309503823,84.07077160330776
global-demand-boom,seed-2,ON,VAP,18,NORMAL,500000,0.33679568276433275,81.5207676465633
global-demand-boom,seed-2,ON,MASS,19,NORMAL,500000,0.6338380797241536,67.29003096142912
global-demand-boom,seed-2,ON,BAL,19,NORMAL,500000,0.410974667521494,86.51750108503968
global-demand-boom,seed-2,ON,JPQ,19,NORMAL,500000,0.3401975676962542,81.26619697435859
global-demand-boom,seed-2,ON,CONSV,19,NORMAL,500000,0.3880416430769684,85.34510987504314
global-demand-boom,seed-2,ON,VAP,19,NORMAL,500000,0.33679568276433275,82.99910623483824
global-demand-boom,seed-2,ON,MASS,20,NORMAL,500000,0.629814141846741,69.90682848451479
global-demand-boom,seed-2,ON,BAL,20,NORMAL,500000,0.410974667521494,87.59610099823651
global-demand-boom,seed-2,ON,JPQ,20,NORMAL,500000,0.3401975676962542,82.76490121640991
global-demand-boom,seed-2,ON,CONSV,20,NORMAL,500000,0.39225346477485434,86.51750108503968
global-demand-boom,seed-2,ON,VAP,20,NORMAL,500000,0.33679568276433275,84.35917773605118
global-demand-boom,seed-2,ON,MASS,21,NORMAL,500000,0.6313948459238727,72.31428220575361
global-demand-boom,seed-2,ON,BAL,21,NORMAL,500000,0.410974667521494,88.58841291837759
global-demand-boom,seed-2,ON,JPQ,21,NORMAL,500000,0.3247669553520133,84.14370911909711
global-demand-boom,seed-2,ON,CONSV,21,NORMAL,500000,0.3911001255431403,87.59610099823651
global-demand-boom,seed-2,ON,VAP,21,NORMAL,500000,0.3239725986567837,85.61044351716708
global-demand-boom,seed-2,ON,MASS,22,NORMAL,500000,0.6452320577095553,74.52913962929333
global-demand-boom,seed-2,ON,BAL,22,NORMAL,500000,0.410974667521494,89.50133988490738
global-demand-boom,seed-2,ON,JPQ,22,NORMAL,500000,0.32479967655149006,85.41221238956935
global-demand-boom,seed-2,ON,CONSV,22,NORMAL,500000,0.3892300057411426,88.58841291837759
global-demand-boom,seed-2,ON,VAP,22,NORMAL,500000,0.32387447143686254,86.76160803579371
global-demand-boom,seed-2,ON,MASS,23,NORMAL,500000,0.6486788034470792,76.56680845894986
global-demand-boom,seed-2,ON,JPQ,23,NORMAL,500000,0.35800142126564244,86.5792353984038
global-demand-boom,seed-2,ON,CONSV,23,NORMAL,500000,0.3887925115451936,89.50133988490738
global-demand-boom,seed-2,ON,VAP,23,NORMAL,500000,0.32384216709996744,87.82067939293022
global-demand-boom,seed-2,ON,BAL,24,NORMAL,500000,0.410974667521494,87.9207587324679
global-demand-boom,seed-2,ON,JPQ,24,NORMAL,500000,0.32479967655149006,87.6528965665315
global-demand-boom,seed-2,ON,VAP,24,NORMAL,500000,0.32384216709996744,88.7950250414958
global-demand-boom,seed-2,ON,BAL,25,NORMAL,500000,0.410974667521494,88.88709803387047
global-demand-boom,seed-2,ON,JPQ,25,NORMAL,500000,0.32479967655149006,88.64066484120897
global-demand-boom,seed-2,ON,CONSV,25,NORMAL,500000,0.3742556989786562,87.9207587324679
global-demand-boom,seed-2,ON,VAP,25,NORMAL,500000,0.3239402747428173,89.69142303817614
global-demand-boom,seed-2,ON,BAL,26,NORMAL,500000,0.410974667521494,89.77613019116083
global-demand-boom,seed-2,ON,JPQ,26,NORMAL,500000,0.32479967655149006,89.54941165391226
global-demand-boom,seed-2,ON,CONSV,26,NORMAL,500000,0.37418021791507533,88.88709803387047
global-demand-boom,seed-2,ON,CONSV,27,NORMAL,500000,0.37582512405987345,89.77613019116083
global-demand-boom,seed-2,ON,VAP,27,NORMAL,500000,0.3118792044435551,88.08514264341473
global-demand-boom,seed-2,ON,BAL,28,NORMAL,500000,0.410974667521494,88.1583973893159
global-demand-boom,seed-2,ON,JPQ,28,NORMAL,500000,0.310646739796637,87.96233119830332
global-demand-boom,seed-2,ON,VAP,28,NORMAL,500000,0.3118481593848458,89.03833123194156
global-demand-boom,seed-2,ON,JPQ,29,NORMAL,500000,0.3105843352318111,88.92534470243905
global-demand-boom,seed-2,ON,CONSV,29,NORMAL,500000,0.3768214134043667,88.1583973893159
global-demand-boom,seed-2,ON,VAP,29,NORMAL,500000,0.3118481593848458,89.91526473338624
global-demand-boom,seed-2,ON,JPQ,30,NORMAL,500000,0.3105843352318111,89.81131712624392
global-demand-boom,seed-2,ON,CONSV,30,NORMAL,500000,0.3763786278665467,89.10572559817062
global-demand-boom,seed-2,ON,CONSV,31,NORMAL,500000,0.37720746523750304,89.97726755031697
global-demand-boom,seed-2,ON,VAP,31,NORMAL,500000,0.3118481593848458,88.27872094143243
global-demand-boom,seed-2,ON,JPQ,32,NORMAL,500000,0.3105843352318111,88.18882705077574
global-demand-boom,seed-2,ON,VAP,32,NORMAL,500000,0.3118481593848458,89.21642326611783
global-demand-boom,seed-3,OFF,BAL,2,NORMAL,500000,0.42352674105490346,50
global-demand-boom,seed-3,OFF,BAL,3,NORMAL,500000,0.4478914167880452,54
global-demand-boom,seed-3,OFF,JPQ,3,NORMAL,500000,0.519262725857217,50
global-demand-boom,seed-3,OFF,CONSV,3,NORMAL,500000,0.4220150034774036,50
global-demand-boom,seed-3,OFF,BAL,4,NORMAL,500000,0.47597696652263605,57.68
global-demand-boom,seed-3,OFF,JPQ,4,NORMAL,500000,0.40439951080599973,54
global-demand-boom,seed-3,OFF,MASS,5,NORMAL,500000,1.0914528328658277,50
global-demand-boom,seed-3,OFF,BAL,5,NORMAL,500000,0.41690221641894337,61.0656
global-demand-boom,seed-3,OFF,JPQ,5,NORMAL,500000,0.3574962932996829,57.68
global-demand-boom,seed-3,OFF,CONSV,5,NORMAL,500000,0.42222829292678943,53.76
global-demand-boom,seed-3,OFF,VAP,5,NORMAL,500000,0.36032743097783926,50
global-demand-boom,seed-3,OFF,BAL,7,NORMAL,500000,0.4009291934988529,63.32953088
global-demand-boom,seed-3,OFF,BAL,8,NORMAL,500000,0.42970609821706346,66.2631684096
global-demand-boom,seed-3,OFF,JPQ,8,NORMAL,500000,0.3806234353046354,59.777564160000004
global-demand-boom,seed-3,OFF,CONSV,8,NORMAL,500000,0.429500868450756,56.59094911999999
global-demand-boom,seed-3,OFF,BAL,9,NORMAL,500000,0.41436796040631263,68.962114936832
global-demand-boom,seed-3,OFF,JPQ,9,NORMAL,500000,0.39758573220660715,62.9953590272
global-demand-boom,seed-3,OFF,CONSV,9,NORMAL,500000,0.47316693944740723,60.06367319039999
global-demand-boom,seed-3,OFF,BAL,10,NORMAL,500000,0.4155550568894873,71.44514574188544
global-demand-boom,seed-3,OFF,JPQ,10,NORMAL,500000,0.3853386355929591,65.955730305024
global-demand-boom,seed-3,OFF,CONSV,10,NORMAL,500000,0.4293279043388737,63.25857933516799
global-demand-boom,seed-3,OFF,VAP,10,NORMAL,500000,0.4294585180863877,53.12299584
global-demand-boom,seed-3,OFF,MASS,11,NORMAL,500000,0.7594946322716865,52.9356160896
global-demand-boom,seed-3,OFF,BAL,11,NORMAL,500000,0.41350028820970086,73.7295340825346
global-demand-boom,seed-3,OFF,JPQ,11,NORMAL,500000,0.3762986631312655,68.67927188062208
global-demand-boom,seed-3,OFF,CONSV,11,NORMAL,500000,0.5479584165316862,66.19789298835455
global-demand-boom,seed-3,OFF,VAP,11,NORMAL,500000,0.41994080514410687,56.8731561728
global-demand-boom,seed-3,OFF,BAL,12,NORMAL,500000,0.4264985238886088,75.83117135593183
global-demand-boom,seed-3,OFF,JPQ,12,NORMAL,500000,0.3762603498875094,71.18493013017232
global-demand-boom,seed-3,OFF,VAP,12,NORMAL,500000,0.37001186998078894,60.323303678976
global-demand-boom,seed-3,OFF,BAL,13,NORMAL,500000,0.410711352061771,77.76467764745729
global-demand-boom,seed-3,OFF,JPQ,13,NORMAL,500000,0.36925554684604805,73.49013571975853
global-demand-boom,seed-3,OFF,CONSV,13,NORMAL,500000,0.4209517803945076,67.76793785632901
global-demand-boom,seed-3,OFF,VAP,13,NORMAL,500000,0.3638715702193534,63.49743938465792
global-demand-boom,seed-3,OFF,MASS,14,NORMAL,500000,0.5893324925523106,55.92079754662891
global-demand-boom,seed-3,OFF,BAL,14,NORMAL,500000,0.41128094272172566,79.54350343566071
global-demand-boom,seed-3,OFF,JPQ,14,NORMAL,500000,0.35930203137152267,75.61092486217784
global-demand-boom,seed-3,OFF,CONSV,14,NORMAL,500000,0.4494200234597252,70.34650282782269
global-demand-boom,seed-3,OFF,VAP,14,NORMAL,500000,0.3698111064038266,66.41764423388528
global-demand-boom,seed-3,OFF,BAL,15,NORMAL,500000,0.4365127173615076,81.18002316080785
global-demand-boom,seed-3,OFF,JPQ,15,NORMAL,500000,0.3572796442066391,77.56205087320362
global-demand-boom,seed-3,OFF,CONSV,15,NORMAL,500000,0.45711798992420527,72.71878260159687
global-demand-boom,seed-3,OFF,VAP,15,NORMAL,500000,0.37199513489882774,69.10423269517446
global-demand-boom,seed-3,OFF,MASS,16,NORMAL,500000,0.5893932785590513,58.880305718324685
global-demand-boom,seed-3,OFF,BAL,16,NORMAL,500000,0.43468773337297684,82.68562130794322
global-demand-boom,seed-3,OFF,JPQ,16,NORMAL,500000,0.3572796442066391,79.35708680334733
global-demand-boom,seed-3,OFF,CONSV,16,NORMAL,500000,0.4491190753895771,74.90127999346912
global-demand-boom,seed-3,OFF,VAP,16,NORMAL,500000,0.3727763517839734,71.5758940795605
global-demand-boom,seed-3,OFF,BAL,17,NORMAL,500000,0.42389621664148724,84.07077160330776
global-demand-boom,seed-3,OFF,JPQ,17,NORMAL,500000,0.37058316746030756,81.00851985907954
global-demand-boom,seed-3,OFF,CONSV,17,NORMAL,500000,0.4437701111067227,76.90917759399159
global-demand-boom,seed-3,OFF,VAP,17,NORMAL,500000,0.37230148438091026,73.84982255319566
global-demand-boom,seed-3,OFF,MASS,18,NORMAL,500000,0.5893324925523106,61.439688385207184
global-demand-boom,seed-3,OFF,BAL,18,NORMAL,500000,0.4236656227545722,85.34510987504314
global-demand-boom,seed-3,OFF,JPQ,18,NORMAL,500000,0.38399484893949837,82.52783827035317
global-demand-boom,seed-3,OFF,CONSV,18,NORMAL,500000,0.4445143813737806,78.75644338647226
global-demand-boom,seed-3,OFF,VAP,18,NORMAL,500000,0.37186112028368534,75.94183674894
global-demand-boom,seed-3,OFF,MASS,19,NORMAL,500000,0.5893324925523106,64.5245133143906
global-demand-boom,seed-3,OFF,BAL,19,NORMAL,500000,0.4236656227545722,86.51750108503968
global-demand-boom,seed-3,OFF,JPQ,19,NORMAL,500000,0.42287113771703544,83.92561120872492
global-demand-boom,seed-3,OFF,CONSV,19,NORMAL,500000,0.4466756388913332,80.45592791555447
global-demand-boom,seed-3,OFF,VAP,19,NORMAL,500000,0.37144342916573797,77.8664898090248
global-demand-boom,seed-3,OFF,MASS,20,NORMAL,500000,0.5893932785590513,67.36255224923936
global-demand-boom,seed-3,OFF,BAL,20,NORMAL,500000,0.4236656227545722,87.59610099823651
global-demand-boom,seed-3,OFF,JPQ,20,NORMAL,500000,0.37763608871729104,85.21156231202693
global-demand-boom,seed-3,OFF,CONSV,20,NORMAL,500000,0.4471845928809107,82.01945368231011
global-demand-boom,seed-3,OFF,VAP,20,NORMAL,500000,0.3718742850716869,79.63717062430281
global-demand-boom,seed-3,OFF,MASS,21,NORMAL,500000,0.5547788651443535,69.97354806930021
global-demand-boom,seed-3,OFF,BAL,21,NORMAL,500000,0.4236656227545722,88.58841291837759
global-demand-boom,seed-3,OFF,JPQ,21,NORMAL,500000,0.39313127329401076,86.39463732706477
global-demand-boom,seed-3,OFF,CONSV,21,NORMAL,500000,0.4466086105246892,83.45789738772531
global-demand-boom,seed-3,OFF,VAP,21,NORMAL,500000,0.3721726785952476,81.26619697435859
global-demand-boom,seed-3,OFF,MASS,22,NORMAL,500000,0.554666548337803,72.37566422375619
global-demand-boom,seed-3,OFF,BAL,22,NORMAL,500000,0.4236656227545722,89.50133988490738
global-demand-boom,seed-3,OFF,JPQ,22,NORMAL,500000,0.3970554053494957,87.48306634089958
global-demand-boom,seed-3,OFF,CONSV,22,NORMAL,500000,0.4462291627714579,84.78126559670729
global-demand-boom,seed-3,OFF,VAP,22,NORMAL,500000,0.372127695172045,82.76490121640991
global-demand-boom,seed-3,OFF,JPQ,23,NORMAL,500000,0.3970554053494957,88.48442103362761
global-demand-boom,seed-3,OFF,CONSV,23,NORMAL,500000,0.44629607728062876,85.9987643489707
global-demand-boom,seed-3,OFF,VAP,23,NORMAL,500000,0.3720098591540912,84.14370911909711
global-demand-boom,seed-3,OFF,BAL,24,NORMAL,500000,0.4282486514449966,87.9207587324679
global-demand-boom,seed-3,OFF,JPQ,24,NORMAL,500000,0.3970554053494957,89.4056673509374
global-demand-boom,seed-3,OFF,CONSV,24,NORMAL,500000,0.44645228920643554,87.11886320105305
global-demand-boom,seed-3,OFF,VAP,24,NORMAL,500000,0.37198273642999535,85.41221238956935
global-demand-boom,seed-3,OFF,BAL,25,NORMAL,500000,0.4282486514449966,88.88709803387047
global-demand-boom,seed-3,OFF,CONSV,25,NORMAL,500000,0.4464815911175166,88.1493541449688
global-demand-boom,seed-3,OFF,VAP,25,NORMAL,500000,0.37201373415184286,86.5792353984038
global-demand-boom,seed-3,OFF,BAL,26,NORMAL,500000,0.4105191425076151,89.77613019116083
global-demand-boom,seed-3,OFF,JPQ,26,NORMAL,500000,0.3970554053494957,87.83802112509068
global-demand-boom,seed-3,OFF,CONSV,26,NORMAL,500000,0.44643973242188195,89.0974058133713
global-demand-boom,seed-3,OFF,VAP,26,NORMAL,500000,0.3720338854415402,87.6528965665315
global-demand-boom,seed-3,OFF,JPQ,27,NORMAL,500000,0.3970554053494957,88.81097943508342
global-demand-boom,seed-3,OFF,CONSV,27,NORMAL,500000,0.4464132259739286,89.96961334830159
global-demand-boom,seed-3,OFF,VAP,27,NORMAL,500000,0.37203233526482593,88.64066484120897
global-demand-boom,seed-3,OFF,BAL,28,NORMAL,500000,0.41047768930615314,88.1583973893159
global-demand-boom,seed-3,OFF,JPQ,28,NORMAL,500000,0.3970554053494957,89.70610108027675
global-demand-boom,seed-3,OFF,VAP,28,NORMAL,500000,0.372023034475821,89.54941165391226
global-demand-boom,seed-3,OFF,CONSV,29,NORMAL,500000,0.42629543723204666,88.32572162361123
global-demand-boom,seed-3,OFF,JPQ,30,NORMAL,500000,0.3970554053494957,88.09783621422334
global-demand-boom,seed-3,OFF,CONSV,30,NORMAL,500000,0.429480208693023,89.25966389372233
global-demand-boom,seed-3,OFF,VAP,30,NORMAL,500000,0.372023034475821,87.96233119830332
global-demand-boom,seed-3,OFF,JPQ,31,NORMAL,500000,0.3970554053494957,89.05000931708547
global-demand-boom,seed-3,OFF,VAP,31,NORMAL,500000,0.3720238095238095,88.92534470243905
global-demand-boom,seed-3,OFF,JPQ,32,NORMAL,500000,0.3970554053494957,89.92600857171863
global-demand-boom,seed-3,OFF,CONSV,32,NORMAL,500000,0.43238942721372575,87.71175733529108
global-demand-boom,seed-3,OFF,VAP,32,NORMAL,500000,0.372023034475821,89.81131712624392
global-demand-boom,seed-3,ON,BAL,2,NORMAL,500000,0.42352674105490346,50
global-demand-boom,seed-3,ON,BAL,3,NORMAL,500000,0.4457400622253127,54
global-demand-boom,seed-3,ON,JPQ,3,NORMAL,500000,0.3990044360515191,50
global-demand-boom,seed-3,ON,CONSV,3,NORMAL,500000,0.4827363815239409,50
global-demand-boom,seed-3,ON,BAL,4,NORMAL,500000,0.4656677162816992,57.68
global-demand-boom,seed-3,ON,CONSV,4,NORMAL,500000,0.44800358402867224,54
global-demand-boom,seed-3,ON,MASS,5,NORMAL,500000,1.0720526592266213,50
global-demand-boom,seed-3,ON,BAL,5,NORMAL,500000,0.4150252418352084,61.0656
global-demand-boom,seed-3,ON,CONSV,5,NORMAL,500000,0.4213341715074452,57.68
global-demand-boom,seed-3,ON,VAP,5,NORMAL,500000,0.350899650560092,50
global-demand-boom,seed-3,ON,CONSV,6,NORMAL,500000,0.44800358402867224,61.0656
global-demand-boom,seed-3,ON,MASS,7,LIQUIDITY_STRESS,250000,0.5246644770669157,53.76
global-demand-boom,seed-3,ON,BAL,7,NORMAL,500000,0.40243651161592753,63.32953088
global-demand-boom,seed-3,ON,BAL,8,NORMAL,500000,0.42984795418164684,66.2631684096
global-demand-boom,seed-3,ON,JPQ,8,NORMAL,500000,0.35738751442416006,53.12299584
global-demand-boom,seed-3,ON,CONSV,8,NORMAL,500000,0.4213764260958421,63.32953088
global-demand-boom,seed-3,ON,VAP,8,NORMAL,500000,0.3508286432221449,53.5344
global-demand-boom,seed-3,ON,MASS,9,NORMAL,500000,0.9213150851525468,55.273024
global-demand-boom,seed-3,ON,BAL,9,NORMAL,500000,0.4149312168521824,68.962114936832
global-demand-boom,seed-3,ON,JPQ,9,NORMAL,500000,0.35738751442416006,56.8731561728
global-demand-boom,seed-3,ON,CONSV,9,NORMAL,500000,0.4849009129229488,66.2631684096
global-demand-boom,seed-3,ON,VAP,9,NORMAL,500000,0.3508286432221449,57.251647999999996
global-demand-boom,seed-3,ON,BAL,10,NORMAL,500000,0.41557267160865685,71.44514574188544
global-demand-boom,seed-3,ON,JPQ,10,NORMAL,500000,0.3572796442066391,60.323303678976
global-demand-boom,seed-3,ON,CONSV,10,NORMAL,500000,0.4304027924533174,68.962114936832
global-demand-boom,seed-3,ON,VAP,10,NORMAL,500000,0.3508286432221449,60.671516159999996
global-demand-boom,seed-3,ON,MASS,11,NORMAL,500000,1.0692614076826432,58.3201111552
global-demand-boom,seed-3,ON,BAL,11,NORMAL,500000,0.4143906261525239,73.7295340825346
global-demand-boom,seed-3,ON,JPQ,11,NORMAL,500000,0.3572072054694424,63.49743938465792
global-demand-boom,seed-3,ON,CONSV,11,NORMAL,500000,0.42116399620615474,71.44514574188544
global-demand-boom,seed-3,ON,VAP,11,NORMAL,500000,0.3508286432221449,63.81779486719999
global-demand-boom,seed-3,ON,BAL,12,NORMAL,500000,0.425501133960522,75.83117135593183
global-demand-boom,seed-3,ON,JPQ,12,NORMAL,500000,0.3572072054694424,66.41764423388528
global-demand-boom,seed-3,ON,CONSV,12,NORMAL,500000,0.39643006795207797,73.7295340825346
global-demand-boom,seed-3,ON,VAP,12,NORMAL,500000,0.3508286432221449,66.71237127782399
global-demand-boom,seed-3,ON,BAL,13,NORMAL,500000,0.40975814435287716,77.76467764745729
global-demand-boom,seed-3,ON,JPQ,13,NORMAL,500000,0.3572796442066391,69.10423269517446
global-demand-boom,seed-3,ON,CONSV,13,NORMAL,500000,0.39631019357375097,75.83117135593183
global-demand-boom,seed-3,ON,VAP,13,NORMAL,500000,0.3508286432221449,69.37538157559807
global-demand-boom,seed-3,ON,MASS,14,NORMAL,500000,0.5987557854777772,60.29791819939594
global-demand-boom,seed-3,ON,BAL,14,NORMAL,500000,0.41128094272172566,79.54350343566071
global-demand-boom,seed-3,ON,JPQ,14,NORMAL,500000,0.3572796442066391,71.5758940795605
global-demand-boom,seed-3,ON,CONSV,14,NORMAL,500000,0.3962299512597537,77.76467764745729
global-demand-boom,seed-3,ON,VAP,14,NORMAL,500000,0.3508286432221449,71.82535104955022
global-demand-boom,seed-3,ON,BAL,15,NORMAL,500000,0.43782108703970773,81.18002316080785
global-demand-boom,seed-3,ON,JPQ,15,NORMAL,500000,0.3403007182999502,73.84982255319566
global-demand-boom,seed-3,ON,CONSV,15,NORMAL,500000,0.3962299512597537,79.54350343566071
global-demand-boom,seed-3,ON,VAP,15,NORMAL,500000,0.3508286432221449,74.0793229655862
global-demand-boom,seed-3,ON,MASS,16,NORMAL,500000,0.6514764084105604,62.665639658837605
global-demand-boom,seed-3,ON,BAL,16,NORMAL,500000,0.43440109121554116,82.68562130794322
global-demand-boom,seed-3,ON,JPQ,16,NORMAL,500000,0.3401975676962542,75.94183674894
global-demand-boom,seed-3,ON,CONSV,16,NORMAL,500000,0.3962299512597537,81.18002316080785
global-demand-boom,seed-3,ON,VAP,16,NORMAL,500000,0.3508286432221449,76.1529771283393
global-demand-boom,seed-3,ON,MASS,17,NORMAL,500000,0.6766243212612277,65.6523884861306
global-demand-boom,seed-3,ON,BAL,17,NORMAL,500000,0.42370762817791313,84.07077160330776
global-demand-boom,seed-3,ON,JPQ,17,NORMAL,500000,0.3401975676962542,77.8664898090248
global-demand-boom,seed-3,ON,CONSV,17,NORMAL,500000,0.3962299512597537,82.68562130794322
global-demand-boom,seed-3,ON,VAP,17,NORMAL,500000,0.3368299878929829,78.06073895807216
global-demand-boom,seed-3,ON,MASS,18,NORMAL,500000,0.6534794513386527,68.40019740724016
global-demand-boom,seed-3,ON,BAL,18,NORMAL,500000,0.4236656227545722,85.34510987504314
global-demand-boom,seed-3,ON,JPQ,18,NORMAL,500000,0.3401975676962542,79.63717062430281
global-demand-boom,seed-3,ON,CONSV,18,NORMAL,500000,0.37436848715822496,84.07077160330776
global-demand-boom,seed-3,ON,VAP,18,NORMAL,500000,0.33679568276433275,79.8158798414264
global-demand-boom,seed-3,ON,MASS,19,NORMAL,500000,0.636371157113675,70.92818161466094
global-demand-boom,seed-3,ON,BAL,19,NORMAL,500000,0.4236656227545722,86.51750108503968
global-demand-boom,seed-3,ON,JPQ,19,NORMAL,500000,0.375048643809102,81.26619697435859
global-demand-boom,seed-3,ON,CONSV,19,NORMAL,500000,0.3742556989786562,85.34510987504314
global-demand-boom,seed-3,ON,VAP,19,NORMAL,500000,0.33679568276433275,81.43060945411229
global-demand-boom,seed-3,ON,MASS,20,NORMAL,500000,0.6377510347510539,73.25392708548807
global-demand-boom,seed-3,ON,BAL,20,NORMAL,500000,0.4236656227545722,87.59610099823651
global-demand-boom,seed-3,ON,JPQ,20,NORMAL,500000,0.3401975676962542,82.76490121640991
global-demand-boom,seed-3,ON,CONSV,20,NORMAL,500000,0.3800281524855361,86.51750108503968
global-demand-boom,seed-3,ON,VAP,20,NORMAL,500000,0.33679568276433275,82.9161606977833
global-demand-boom,seed-3,ON,MASS,21,NORMAL,500000,0.6441825484505799,75.39361291864903
global-demand-boom,seed-3,ON,BAL,21,NORMAL,500000,0.4236656227545722,88.58841291837759
global-demand-boom,seed-3,ON,JPQ,21,NORMAL,500000,0.3248651387349569,84.14370911909711
global-demand-boom,seed-3,ON,CONSV,21,NORMAL,500000,0.3916931288016266,87.59610099823651
global-demand-boom,seed-3,ON,VAP,21,NORMAL,500000,0.33679568276433275,84.28286784196064
global-demand-boom,seed-3,ON,MASS,22,NORMAL,500000,0.6551856304687526,77.3621238851571
global-demand-boom,seed-3,ON,BAL,22,NORMAL,500000,0.4236656227545722,89.50133988490738
global-demand-boom,seed-3,ON,JPQ,22,NORMAL,500000,0.3247669553520133,85.41221238956935
global-demand-boom,seed-3,ON,CONSV,22,NORMAL,500000,0.3938094726142924,88.58841291837759
global-demand-boom,seed-3,ON,VAP,22,NORMAL,500000,0.33679568276433275,85.54023841460379
global-demand-boom,seed-3,ON,MASS,23,NORMAL,500000,0.6562928641276884,79.17315397434453
global-demand-boom,seed-3,ON,JPQ,23,NORMAL,500000,0.3247342407447169,86.5792353984038
global-demand-boom,seed-3,ON,CONSV,23,NORMAL,500000,0.3903744588922032,89.50133988490738
global-demand-boom,seed-3,ON,VAP,23,NORMAL,500000,0.3239725986567837,86.69701934143549
global-demand-boom,seed-3,ON,BAL,24,NORMAL,500000,0.4282486514449966,87.9207587324679
global-demand-boom,seed-3,ON,JPQ,24,NORMAL,500000,0.3247342407447169,87.6528965665315
global-demand-boom,seed-3,ON,VAP,24,NORMAL,500000,0.32387447143686254,87.76125779412065
global-demand-boom,seed-3,ON,BAL,25,NORMAL,500000,0.4282486514449966,88.88709803387047
global-demand-boom,seed-3,ON,JPQ,25,NORMAL,500000,0.3247342407447169,88.64066484120897
global-demand-boom,seed-3,ON,CONSV,25,NORMAL,500000,0.37433022963662266,87.9207587324679
global-demand-boom,seed-3,ON,VAP,25,NORMAL,500000,0.32384216709996744,88.740357170591
global-demand-boom,seed-3,ON,BAL,26,NORMAL,500000,0.4105191425076151,89.77613019116083
global-demand-boom,seed-3,ON,JPQ,26,NORMAL,500000,0.3247342407447169,89.54941165391226
global-demand-boom,seed-3,ON,CONSV,26,NORMAL,500000,0.3742556989786562,88.88709803387047
global-demand-boom,seed-3,ON,VAP,26,NORMAL,500000,0.32384216709996744,89.64112859694372
global-demand-boom,seed-3,ON,CONSV,27,NORMAL,500000,0.37518355855602353,89.77613019116083
global-demand-boom,seed-3,ON,BAL,28,NORMAL,500000,0.41047768930615314,88.1583973893159
global-demand-boom,seed-3,ON,JPQ,28,NORMAL,500000,0.310646739796637,87.96233119830332
global-demand-boom,seed-3,ON,VAP,28,NORMAL,500000,0.32384216709996744,88.04164801063692
global-demand-boom,seed-3,ON,JPQ,29,NORMAL,500000,0.31061553437985917,88.92534470243905
global-demand-boom,seed-3,ON,CONSV,29,NORMAL,500000,0.377069072266796,88.1583973893159
global-demand-boom,seed-3,ON,VAP,29,NORMAL,500000,0.3119734667814396,88.99831616978597
global-demand-boom,seed-3,ON,JPQ,30,NORMAL,500000,0.31061553437985917,89.81131712624392
global-demand-boom,seed-3,ON,CONSV,30,NORMAL,500000,0.37655422757431295,89.10572559817062
global-demand-boom,seed-3,ON,VAP,30,NORMAL,500000,0.3118792044435551,89.87845087620309
global-demand-boom,seed-3,ON,CONSV,31,NORMAL,500000,0.3761893225432204,89.97726755031697
global-demand-boom,seed-3,ON,JPQ,32,NORMAL,500000,0.31061553437985917,88.18882705077574
global-demand-boom,seed-3,ON,VAP,32,NORMAL,500000,0.3118481593848458,88.24688431774044
global-demand-boom,seed-4,OFF,BAL,2,NORMAL,500000,0.42352674105490346,50
global-demand-boom,seed-4,OFF,BAL,3,NORMAL,500000,0.4478914167880452,54
global-demand-boom,seed-4,OFF,JPQ,3,NORMAL,500000,0.519262725857217,50
global-demand-boom,seed-4,OFF,CONSV,3,NORMAL,500000,0.4220150034774036,50
global-demand-boom,seed-4,OFF,BAL,4,NORMAL,500000,0.4723054266948916,57.68
global-demand-boom,seed-4,OFF,JPQ,4,NORMAL,500000,0.40439951080599973,54
global-demand-boom,seed-4,OFF,MASS,5,NORMAL,500000,1.0753035044141208,50
global-demand-boom,seed-4,OFF,BAL,5,NORMAL,500000,0.41596991705559855,61.0656
global-demand-boom,seed-4,OFF,JPQ,5,NORMAL,500000,0.3574962932996829,57.68
global-demand-boom,seed-4,OFF,CONSV,5,NORMAL,500000,0.42222829292678943,53.76
global-demand-boom,seed-4,OFF,VAP,5,NORMAL,500000,0.36032743097783926,50
global-demand-boom,seed-4,OFF,MASS,7,LIQUIDITY_STRESS,250000,0.5424817454892643,53.76
global-demand-boom,seed-4,OFF,BAL,7,NORMAL,500000,0.4014796935585795,63.32953088
global-demand-boom,seed-4,OFF,VAP,7,NORMAL,500000,0.38211891357173267,53.76
global-demand-boom,seed-4,OFF,JPQ,8,NORMAL,500000,0.37984289242157976,59.777564160000004
global-demand-boom,seed-4,OFF,CONSV,8,NORMAL,500000,0.429500868450756,56.59094911999999
global-demand-boom,seed-4,OFF,VAP,8,NORMAL,500000,0.39046515332785636,57.459199999999996
global-demand-boom,seed-4,OFF,MASS,9,NORMAL,500000,0.9162795385616244,55.273024
global-demand-boom,seed-4,OFF,BAL,9,NORMAL,500000,0.41270367958346643,65.28737830502399
global-demand-boom,seed-4,OFF,JPQ,9,NORMAL,500000,0.39725215914493534,62.9953590272
global-demand-boom,seed-4,OFF,CONSV,9,NORMAL,500000,0.4293279043388737,60.06367319039999
global-demand-boom,seed-4,OFF,BAL,10,NORMAL,500000,0.41588791654294,68.06438804062208
global-demand-boom,seed-4,OFF,JPQ,10,NORMAL,500000,0.386114399518747,65.955730305024
global-demand-boom,seed-4,OFF,CONSV,10,NORMAL,500000,0.460151141243853,63.25857933516799
global-demand-boom,seed-4,OFF,VAP,10,NORMAL,500000,0.4129965043975868,60.21071616
global-demand-boom,seed-4,OFF,MASS,11,NORMAL,500000,0.7183546804399205,58.3201111552
global-demand-boom,seed-4,OFF,BAL,11,NORMAL,500000,0.4156980901166948,70.61923699737231
global-demand-boom,seed-4,OFF,JPQ,11,NORMAL,500000,0.3762986631312655,68.67927188062208
global-demand-boom,seed-4,OFF,CONSV,11,NORMAL,500000,0.5479584165316862,66.19789298835455
global-demand-boom,seed-4,OFF,VAP,11,NORMAL,500000,0.35857068561296795,63.393858867199995
global-demand-boom,seed-4,OFF,BAL,12,NORMAL,500000,0.41875836469833483,72.96969803758253
global-demand-boom,seed-4,OFF,JPQ,12,NORMAL,500000,0.3762603498875094,71.18493013017232
global-demand-boom,seed-4,OFF,VAP,12,NORMAL,500000,0.3946382240901063,66.32235015782399
global-demand-boom,seed-4,OFF,BAL,13,NORMAL,500000,0.41540901587111684,75.13212219457593
global-demand-boom,seed-4,OFF,JPQ,13,NORMAL,500000,0.3762603498875094,73.49013571975853
global-demand-boom,seed-4,OFF,CONSV,13,NORMAL,500000,0.42824681748377585,67.76793785632901
global-demand-boom,seed-4,OFF,VAP,13,NORMAL,500000,0.3924646781789638,69.01656214519807
global-demand-boom,seed-4,OFF,MASS,14,NORMAL,500000,0.5893324925523106,60.29791819939594
global-demand-boom,seed-4,OFF,BAL,14,NORMAL,500000,0.4154670056877433,77.12155241900986
global-demand-boom,seed-4,OFF,JPQ,14,NORMAL,500000,0.3985070014890612,75.61092486217784
global-demand-boom,seed-4,OFF,CONSV,14,NORMAL,500000,0.45455516549671743,70.34650282782269
global-demand-boom,seed-4,OFF,VAP,14,NORMAL,500000,0.39612645370485977,71.49523717358223
global-demand-boom,seed-4,OFF,BAL,15,NORMAL,500000,0.42918712816300186,78.95182822548907
global-demand-boom,seed-4,OFF,JPQ,15,NORMAL,500000,0.36046199115743477,77.56205087320362
global-demand-boom,seed-4,OFF,CONSV,15,NORMAL,500000,0.45600030278420106,72.71878260159687
global-demand-boom,seed-4,OFF,VAP,15,NORMAL,500000,0.3906043712066456,73.77561819969564
global-demand-boom,seed-4,OFF,MASS,16,NORMAL,500000,0.5893932785590513,62.665639658837605
global-demand-boom,seed-4,OFF,BAL,16,NORMAL,500000,0.4346684609780736,80.63568196744994
global-demand-boom,seed-4,OFF,JPQ,16,NORMAL,500000,0.35731587459384795,79.35708680334733
global-demand-boom,seed-4,OFF,CONSV,16,NORMAL,500000,0.4470306658566471,74.90127999346912
global-demand-boom,seed-4,OFF,VAP,16,NORMAL,500000,0.36315968683432825,75.87356874371999
global-demand-boom,seed-4,OFF,BAL,17,NORMAL,500000,0.4251397009057176,82.18482741005394
global-demand-boom,seed-4,OFF,JPQ,17,NORMAL,500000,0.3572434211659153,81.00851985907954
global-demand-boom,seed-4,OFF,CONSV,17,NORMAL,500000,0.443410607978021,76.90917759399159
global-demand-boom,seed-4,OFF,VAP,17,NORMAL,500000,0.35093482017397937,77.80368324422238
global-demand-boom,seed-4,OFF,MASS,18,NORMAL,500000,0.5893324925523106,64.71324517696277
global-demand-boom,seed-4,OFF,BAL,18,NORMAL,500000,0.4236656227545722,83.61004121724963
global-demand-boom,seed-4,OFF,JPQ,18,NORMAL,500000,0.34115890451692343,82.52783827035317
global-demand-boom,seed-4,OFF,CONSV,18,NORMAL,500000,0.44510022544326416,78.75644338647226
global-demand-boom,seed-4,OFF,VAP,18,NORMAL,500000,0.36585008926742174,79.5793885846846
global-demand-boom,seed-4,OFF,MASS,19,NORMAL,500000,0.5893932785590513,67.53618556280576
global-demand-boom,seed-4,OFF,BAL,19,NORMAL,500000,0.4236656227545722,84.92123791986965
global-demand-boom,seed-4,OFF,JPQ,19,NORMAL,500000,0.3622034866432031,83.92561120872492
global-demand-boom,seed-4,OFF,CONSV,19,NORMAL,500000,0.4470110827457745,80.45592791555447
global-demand-boom,seed-4,OFF,VAP,19,NORMAL,500000,0.351005870502983,81.21303749790982
global-demand-boom,seed-4,OFF,MASS,20,NORMAL,500000,0.5893932785590513,70.13329071778129
global-demand-boom,seed-4,OFF,BAL,20,NORMAL,500000,0.4236656227545722,86.12753888628008
global-demand-boom,seed-4,OFF,JPQ,20,NORMAL,500000,0.3684438185812113,85.21156231202693
global-demand-boom,seed-4,OFF,CONSV,20,NORMAL,500000,0.4470992202589599,82.01945368231011
global-demand-boom,seed-4,OFF,VAP,20,NORMAL,500000,0.3508644879946803,82.71599449807704
global-demand-boom,seed-4,OFF,MASS,21,NORMAL,500000,0.5547788651443535,72.52262746035879
global-demand-boom,seed-4,OFF,BAL,21,NORMAL,500000,0.4236656227545722,87.23733577537767
global-demand-boom,seed-4,OFF,JPQ,21,NORMAL,500000,0.3632603165566642,86.39463732706477
global-demand-boom,seed-4,OFF,CONSV,21,NORMAL,500000,0.44646624201774165,83.45789738772531
global-demand-boom,seed-4,OFF,VAP,21,NORMAL,500000,0.37667972791067206,84.09871493823087
global-demand-boom,seed-4,OFF,MASS,22,NORMAL,500000,0.554666548337803,74.7208172635301
global-demand-boom,seed-4,OFF,BAL,22,NORMAL,500000,0.4236656227545722,88.25834891334746
global-demand-boom,seed-4,OFF,JPQ,22,NORMAL,500000,0.35902788174626854,87.48306634089958
global-demand-boom,seed-4,OFF,CONSV,22,NORMAL,500000,0.446208256102121,84.78126559670729
global-demand-boom,seed-4,OFF,VAP,22,NORMAL,500000,0.3865893694108841,85.3708177431724
global-demand-boom,seed-4,OFF,BAL,23,NORMAL,500000,0.4236656227545722,89.19768100027966
global-demand-boom,seed-4,OFF,JPQ,23,NORMAL,500000,0.35923899099538725,88.48442103362761
global-demand-boom,seed-4,OFF,CONSV,23,NORMAL,500000,0.4463379090407975,85.9987643489707
global-demand-boom,seed-4,OFF,VAP,23,NORMAL,500000,0.3726339976950351,86.5411523237186
global-demand-boom,seed-4,OFF,JPQ,24,NORMAL,500000,0.36081307349884983,89.4056673509374
global-demand-boom,seed-4,OFF,CONSV,24,NORMAL,500000,0.44647042803119935,87.11886320105305
global-demand-boom,seed-4,OFF,VAP,24,NORMAL,500000,0.3660585799152735,87.61786013782111
global-demand-boom,seed-4,OFF,BAL,25,NORMAL,500000,0.4282486514449966,87.65815452904184
global-demand-boom,seed-4,OFF,CONSV,25,NORMAL,500000,0.4464760095045813,88.1493541449688
global-demand-boom,seed-4,OFF,VAP,25,NORMAL,500000,0.36546897124577843,88.60843132679543
global-demand-boom,seed-4,OFF,BAL,26,NORMAL,500000,0.41056060408245043,88.64550216671849
global-demand-boom,seed-4,OFF,JPQ,26,NORMAL,500000,0.3609230882282986,87.83802112509068
global-demand-boom,seed-4,OFF,CONSV,26,NORMAL,500000,0.44642996652221684,89.0974058133713
global-demand-boom,seed-4,OFF,VAP,26,NORMAL,500000,0.36546897124577843,89.51975682065179
global-demand-boom,seed-4,OFF,BAL,27,NORMAL,500000,0.4104372552254819,89.553861993381
global-demand-boom,seed-4,OFF,JPQ,27,NORMAL,500000,0.36062070901926097,88.81097943508342
global-demand-boom,seed-4,OFF,CONSV,27,NORMAL,500000,0.4464118309849095,89.96961334830159
global-demand-boom,seed-4,OFF,JPQ,28,NORMAL,500000,0.34055618955766176,89.70610108027675
global-demand-boom,seed-4,OFF,VAP,28,NORMAL,500000,0.36546897124577843,87.93668569849967
global-demand-boom,seed-4,OFF,CONSV,29,NORMAL,500000,0.43092730816516756,88.32572162361123
global-demand-boom,seed-4,OFF,VAP,29,NORMAL,500000,0.36546897124577843,88.9017508426197
global-demand-boom,seed-4,OFF,JPQ,30,NORMAL,500000,0.34016319805655243,88.09783621422334
global-demand-boom,seed-4,OFF,CONSV,30,NORMAL,500000,0.42639468371108347,89.25966389372233
global-demand-boom,seed-4,OFF,VAP,30,NORMAL,500000,0.36546897124577843,89.78961077521012
global-demand-boom,seed-4,OFF,JPQ,31,NORMAL,500000,0.34016319805655243,89.05000931708547
global-demand-boom,seed-4,OFF,JPQ,32,NORMAL,500000,0.34016319805655243,89.92600857171863
global-demand-boom,seed-4,OFF,CONSV,32,NORMAL,500000,0.43259892455907356,87.71175733529108
global-demand-boom,seed-4,OFF,VAP,32,NORMAL,500000,0.3652484507621712,88.1700553984017
global-demand-boom,seed-4,ON,BAL,2,NORMAL,500000,0.42352674105490346,50
global-demand-boom,seed-4,ON,BAL,3,NORMAL,500000,0.4457400622253127,54
global-demand-boom,seed-4,ON,JPQ,3,NORMAL,500000,0.3990044360515191,50
global-demand-boom,seed-4,ON,CONSV,3,NORMAL,500000,0.4827363815239409,50
global-demand-boom,seed-4,ON,BAL,4,NORMAL,500000,0.4628781019776004,57.68
global-demand-boom,seed-4,ON,CONSV,4,NORMAL,500000,0.44800358402867224,54
global-demand-boom,seed-4,ON,MASS,5,NORMAL,500000,1.056094457088242,50
global-demand-boom,seed-4,ON,BAL,5,NORMAL,500000,0.41432572631299824,61.0656
global-demand-boom,seed-4,ON,CONSV,5,NORMAL,500000,0.4213341715074452,57.68
global-demand-boom,seed-4,ON,CONSV,6,NORMAL,500000,0.44800358402867224,61.0656
global-demand-boom,seed-4,ON,MASS,7,LIQUIDITY_STRESS,500000,1.0324872100646854,53.76
global-demand-boom,seed-4,ON,BAL,7,NORMAL,500000,0.40285673769836666,63.32953088
global-demand-boom,seed-4,ON,VAP,7,NORMAL,500000,0.3508286432221449,50
global-demand-boom,seed-4,ON,JPQ,8,NORMAL,500000,0.35738751442416006,53.12299584
global-demand-boom,seed-4,ON,CONSV,8,NORMAL,500000,0.4213764260958421,63.32953088
global-demand-boom,seed-4,ON,VAP,8,NORMAL,500000,0.3508286432221449,54
global-demand-boom,seed-4,ON,BAL,9,NORMAL,500000,0.412319785329827,65.28737830502399
global-demand-boom,seed-4,ON,JPQ,9,NORMAL,500000,0.35738751442416006,56.8731561728
global-demand-boom,seed-4,ON,CONSV,9,NORMAL,500000,0.4401956757817985,66.2631684096
global-demand-boom,seed-4,ON,VAP,9,NORMAL,500000,0.3508286432221449,57.68
global-demand-boom,seed-4,ON,BAL,10,NORMAL,500000,0.41504487880274493,68.06438804062208
global-demand-boom,seed-4,ON,JPQ,10,NORMAL,500000,0.3572796442066391,60.323303678976
global-demand-boom,seed-4,ON,CONSV,10,NORMAL,500000,0.4212074585731934,68.962114936832
global-demand-boom,seed-4,ON,VAP,10,NORMAL,500000,0.3867693926173458,61.0656
global-demand-boom,seed-4,ON,MASS,11,NORMAL,500000,0.6532019961853004,56.19549217279999
global-demand-boom,seed-4,ON,BAL,11,NORMAL,500000,0.41436693020403426,70.61923699737231
global-demand-boom,seed-4,ON,JPQ,11,NORMAL,500000,0.3572072054694424,63.49743938465792
global-demand-boom,seed-4,ON,CONSV,11,NORMAL,500000,0.39639046839479697,71.44514574188544
global-demand-boom,seed-4,ON,VAP,11,NORMAL,500000,0.3508286432221449,64.180352
global-demand-boom,seed-4,ON,BAL,12,NORMAL,500000,0.41862268114431345,72.96969803758253
global-demand-boom,seed-4,ON,JPQ,12,NORMAL,500000,0.3572072054694424,66.41764423388528
global-demand-boom,seed-4,ON,CONSV,12,NORMAL,500000,0.3964696754221708,73.7295340825346
global-demand-boom,seed-4,ON,VAP,12,NORMAL,500000,0.3867693926173458,67.04592384
global-demand-boom,seed-4,ON,BAL,13,NORMAL,500000,0.41578831385365084,75.13212219457593
global-demand-boom,seed-4,ON,JPQ,13,NORMAL,500000,0.3572072054694424,69.10423269517446
global-demand-boom,seed-4,ON,CONSV,13,NORMAL,500000,0.39639046839479697,75.83117135593183
global-demand-boom,seed-4,ON,VAP,13,NORMAL,500000,0.3508286432221449,69.6822499328
global-demand-boom,seed-4,ON,MASS,14,NORMAL,500000,0.6317518478741551,58.57078993317518
global-demand-boom,seed-4,ON,BAL,14,NORMAL,500000,0.4157063849175072,77.12155241900986
global-demand-boom,seed-4,ON,JPQ,14,NORMAL,500000,0.3572072054694424,71.5758940795605
global-demand-boom,seed-4,ON,CONSV,14,NORMAL,500000,0.3962706179602525,77.76467764745729
global-demand-boom,seed-4,ON,VAP,14,NORMAL,500000,0.3508286432221449,72.107669938176
global-demand-boom,seed-4,ON,BAL,15,NORMAL,500000,0.42942819917566966,78.95182822548907
global-demand-boom,seed-4,ON,JPQ,15,NORMAL,500000,0.3572072054694424,73.84982255319566
global-demand-boom,seed-4,ON,CONSV,15,NORMAL,500000,0.3962299512597537,79.54350343566071
global-demand-boom,seed-4,ON,VAP,15,NORMAL,500000,0.3368299878929829,74.33905634312192
global-demand-boom,seed-4,ON,MASS,16,NORMAL,500000,0.6337015139129167,61.1720191342099
global-demand-boom,seed-4,ON,BAL,16,NORMAL,500000,0.4347603036018152,80.63568196744994
global-demand-boom,seed-4,ON,JPQ,16,NORMAL,500000,0.34033511573640146,75.94183674894
global-demand-boom,seed-4,ON,CONSV,16,NORMAL,500000,0.3962299512597537,81.18002316080785
global-demand-boom,seed-4,ON,VAP,16,NORMAL,500000,0.33679568276433275,76.39193183567217
global-demand-boom,seed-4,ON,MASS,17,NORMAL,500000,0.6326891503301055,64.27825760347311
global-demand-boom,seed-4,ON,BAL,17,NORMAL,500000,0.4251668141995512,82.18482741005394
global-demand-boom,seed-4,ON,JPQ,17,NORMAL,500000,0.3402319442819837,77.8664898090248
global-demand-boom,seed-4,ON,CONSV,17,NORMAL,500000,0.38087925213597085,82.68562130794322
global-demand-boom,seed-4,ON,VAP,17,NORMAL,500000,0.33679568276433275,78.28057728881839
global-demand-boom,seed-4,ON,MASS,18,NORMAL,500000,0.6324630641570532,67.13599699519526
global-demand-boom,seed-4,ON,BAL,18,NORMAL,500000,0.4236656227545722,83.61004121724963
global-demand-boom,seed-4,ON,JPQ,18,NORMAL,500000,0.3401975676962542,79.63717062430281
global-demand-boom,seed-4,ON,CONSV,18,NORMAL,500000,0.38422081938931946,84.07077160330776
global-demand-boom,seed-4,ON,VAP,18,NORMAL,500000,0.33679568276433275,80.01813110571292
global-demand-boom,seed-4,ON,MASS,19,NORMAL,500000,0.6436373232411001,69.76511723557964
global-demand-boom,seed-4,ON,BAL,19,NORMAL,500000,0.4236656227545722,84.92123791986965
global-demand-boom,seed-4,ON,JPQ,19,NORMAL,500000,0.3401975676962542,81.26619697435859
global-demand-boom,seed-4,ON,CONSV,19,NORMAL,500000,0.3933507981087694,85.34510987504314
global-demand-boom,seed-4,ON,VAP,19,NORMAL,500000,0.33679568276433275,81.6166806172559
global-demand-boom,seed-4,ON,MASS,20,NORMAL,500000,0.647586606613802,72.18390785673327
global-demand-boom,seed-4,ON,BAL,20,NORMAL,500000,0.4236656227545722,86.12753888628008
global-demand-boom,seed-4,ON,JPQ,20,NORMAL,500000,0.3401975676962542,82.76490121640991
global-demand-boom,seed-4,ON,CONSV,20,NORMAL,500000,0.39285645535834596,86.51750108503968
global-demand-boom,seed-4,ON,VAP,20,NORMAL,500000,0.33679568276433275,83.08734616787542
global-demand-boom,seed-4,ON,MASS,21,NORMAL,500000,0.6453299087826174,74.4091952281946
global-demand-boom,seed-4,ON,BAL,21,NORMAL,500000,0.4236656227545722,87.23733577537767
global-demand-boom,seed-4,ON,JPQ,21,NORMAL,500000,0.3401975676962542,84.14370911909711
global-demand-boom,seed-4,ON,CONSV,21,NORMAL,500000,0.38947301185711636,87.59610099823651
global-demand-boom,seed-4,ON,VAP,21,NORMAL,500000,0.3239725986567837,84.44035847444539
global-demand-boom,seed-4,ON,MASS,22,NORMAL,500000,0.6429772418205257,76.45645960993903
global-demand-boom,seed-4,ON,BAL,22,NORMAL,500000,0.4236656227545722,88.25834891334746
global-demand-boom,seed-4,ON,JPQ,22,NORMAL,500000,0.3248651387349569,85.41221238956935
global-demand-boom,seed-4,ON,CONSV,22,NORMAL,500000,0.38845420862943253,88.58841291837759
global-demand-boom,seed-4,ON,VAP,22,NORMAL,500000,0.32387447143686254,85.68512979648976
global-demand-boom,seed-4,ON,BAL,23,NORMAL,500000,0.4236656227545722,89.19768100027966
global-demand-boom,seed-4,ON,JPQ,23,NORMAL,500000,0.3247669553520133,86.5792353984038
global-demand-boom,seed-4,ON,CONSV,23,NORMAL,500000,0.3891377641078005,89.50133988490738
global-demand-boom,seed-4,ON,VAP,23,NORMAL,500000,0.32384216709996744,86.83031941277058
global-demand-boom,seed-4,ON,JPQ,24,NORMAL,500000,0.3247342407447169,87.6528965665315
global-demand-boom,seed-4,ON,VAP,24,NORMAL,500000,0.32384216709996744,87.88389385974894
global-demand-boom,seed-4,ON,BAL,25,NORMAL,500000,0.4282486514449966,87.65815452904184
global-demand-boom,seed-4,ON,JPQ,25,NORMAL,500000,0.3247342407447169,88.64066484120897
global-demand-boom,seed-4,ON,CONSV,25,NORMAL,500000,0.37429296059743145,87.9207587324679
global-demand-boom,seed-4,ON,VAP,25,NORMAL,500000,0.32384216709996744,88.85318235096902
global-demand-boom,seed-4,ON,BAL,26,NORMAL,500000,0.41056060408245043,88.64550216671849
global-demand-boom,seed-4,ON,JPQ,26,NORMAL,500000,0.3247342407447169,89.54941165391226
global-demand-boom,seed-4,ON,CONSV,26,NORMAL,500000,0.37418021791507533,88.88709803387047
global-demand-boom,seed-4,ON,VAP,26,NORMAL,500000,0.32384216709996744,89.7449277628915
global-demand-boom,seed-4,ON,BAL,27,NORMAL,500000,0.4104372552254819,89.553861993381
global-demand-boom,seed-4,ON,CONSV,27,NORMAL,500000,0.3756828034953528,89.77613019116083
global-demand-boom,seed-4,ON,JPQ,28,NORMAL,500000,0.3107403936782477,87.96233119830332
global-demand-boom,seed-4,ON,VAP,28,NORMAL,500000,0.3118792044435551,88.13141352934858
global-demand-boom,seed-4,ON,JPQ,29,NORMAL,500000,0.3125686478892927,88.92534470243905
global-demand-boom,seed-4,ON,CONSV,29,NORMAL,500000,0.37685421696100235,88.1583973893159
global-demand-boom,seed-4,ON,VAP,29,NORMAL,500000,0.3118481593848458,89.08090044700069
global-demand-boom,seed-4,ON,JPQ,30,NORMAL,500000,0.31061553437985917,89.81131712624392
global-demand-boom,seed-4,ON,CONSV,30,NORMAL,500000,0.37640837900107993,89.10572559817062
global-demand-boom,seed-4,ON,VAP,30,NORMAL,500000,0.3118481593848458,89.95442841124063
global-demand-boom,seed-4,ON,CONSV,31,NORMAL,500000,0.3763240963329475,89.97726755031697
global-demand-boom,seed-4,ON,JPQ,32,NORMAL,500000,0.31061553437985917,88.18882705077574
global-demand-boom,seed-4,ON,VAP,32,NORMAL,500000,0.3118481593848458,88.31258969004088
global-demand-boom,seed-5,OFF,BAL,2,NORMAL,500000,0.42352674105490346,50
global-demand-boom,seed-5,OFF,BAL,3,NORMAL,500000,0.4478914167880452,54
global-demand-boom,seed-5,OFF,JPQ,3,NORMAL,500000,0.519262725857217,50
global-demand-boom,seed-5,OFF,CONSV,3,NORMAL,500000,0.4220150034774036,50
global-demand-boom,seed-5,OFF,BAL,4,NORMAL,500000,0.47099606247291775,57.68
global-demand-boom,seed-5,OFF,JPQ,4,NORMAL,500000,0.40439951080599973,54
global-demand-boom,seed-5,OFF,CONSV,4,NORMAL,500000,0.6716841472465988,54
global-demand-boom,seed-5,OFF,MASS,5,NORMAL,500000,1.0941517588489524,50
global-demand-boom,seed-5,OFF,BAL,5,NORMAL,500000,0.4156504014351577,61.0656
global-demand-boom,seed-5,OFF,JPQ,5,NORMAL,500000,0.3574962932996829,57.68
global-demand-boom,seed-5,OFF,CONSV,5,NORMAL,500000,0.42222829292678943,57.68
global-demand-boom,seed-5,OFF,VAP,5,NORMAL,500000,0.36032743097783926,50
global-demand-boom,seed-5,OFF,CONSV,6,NORMAL,500000,0.4825423418841445,61.0656
global-demand-boom,seed-5,OFF,MASS,7,LIQUIDITY_STRESS,500000,1.085081218329192,53.76
global-demand-boom,seed-5,OFF,BAL,7,NORMAL,500000,0.44281959175576197,63.32953088
global-demand-boom,seed-5,OFF,VAP,7,NORMAL,500000,0.3768307568660825,53.76
global-demand-boom,seed-5,OFF,JPQ,8,NORMAL,100000,0.07590311999015688,59.777564160000004
global-demand-boom,seed-5,OFF,CONSV,8,NORMAL,500000,0.44635185470354427,63.32953088
global-demand-boom,seed-5,OFF,VAP,8,NORMAL,500000,0.3899322609676246,57.459199999999996
global-demand-boom,seed-5,OFF,MASS,9,NORMAL,250000,0.4461218626480009,57.011647999999994
global-demand-boom,seed-5,OFF,BAL,9,NORMAL,500000,0.3952697281097648,65.28737830502399
global-demand-boom,seed-5,OFF,JPQ,9,NORMAL,500000,0.3970980708340362,60.421123133440005
global-demand-boom,seed-5,OFF,CONSV,9,NORMAL,500000,0.44635185470354427,66.2631684096
global-demand-boom,seed-5,OFF,BAL,10,NORMAL,500000,0.40487567482653103,68.06438804062208
global-demand-boom,seed-5,OFF,JPQ,10,NORMAL,500000,0.3856308990922711,63.587433282764806
global-demand-boom,seed-5,OFF,CONSV,10,NORMAL,500000,0.4463072316499666,68.962114936832
global-demand-boom,seed-5,OFF,VAP,10,NORMAL,500000,0.3736460561509315,60.21071616
global-demand-boom,seed-5,OFF,MASS,11,NORMAL,500000,0.717620084750932,58.207311155199996
global-demand-boom,seed-5,OFF,BAL,11,NORMAL,500000,0.4160249481840927,70.61923699737231
global-demand-boom,seed-5,OFF,JPQ,11,NORMAL,500000,0.3762986631312655,66.50043862014363
global-demand-boom,seed-5,OFF,CONSV,11,NORMAL,500000,0.4463072316499666,71.44514574188544
global-demand-boom,seed-5,OFF,VAP,11,NORMAL,500000,0.3744303042920196,63.393858867199995
global-demand-boom,seed-5,OFF,BAL,12,NORMAL,500000,0.4206852626380163,72.96969803758253
global-demand-boom,seed-5,OFF,JPQ,12,NORMAL,500000,0.3639068191843815,69.18040353053213
global-demand-boom,seed-5,OFF,CONSV,12,NORMAL,500000,0.4749050664772112,73.7295340825346
global-demand-boom,seed-5,OFF,VAP,12,NORMAL,500000,0.3733554439405307,66.32235015782399
global-demand-boom,seed-5,OFF,BAL,13,NORMAL,500000,0.41814271043450046,75.13212219457593
global-demand-boom,seed-5,OFF,JPQ,13,NORMAL,500000,0.3639068191843815,71.64597124808957
global-demand-boom,seed-5,OFF,CONSV,13,NORMAL,500000,0.4387477437397278,75.83117135593183
global-demand-boom,seed-5,OFF,VAP,13,NORMAL,500000,0.4043233487030115,69.01656214519807
global-demand-boom,seed-5,OFF,MASS,14,NORMAL,500000,0.5893324925523106,60.206221725795935
global-demand-boom,seed-5,OFF,BAL,14,NORMAL,500000,0.4157167538840416,77.12155241900986
global-demand-boom,seed-5,OFF,JPQ,14,NORMAL,500000,0.38613998408485445,73.9142935482424
global-demand-boom,seed-5,OFF,CONSV,14,NORMAL,500000,0.4225180129991892,77.76467764745729
global-demand-boom,seed-5,OFF,VAP,14,NORMAL,500000,0.36315968683432825,71.49523717358223
global-demand-boom,seed-5,OFF,BAL,15,NORMAL,500000,0.4158266967392534,78.95182822548907
global-demand-boom,seed-5,OFF,JPQ,15,NORMAL,500000,0.3453596544358926,76.00115006438301
global-demand-boom,seed-5,OFF,CONSV,15,NORMAL,500000,0.422433053865706,79.54350343566071
global-demand-boom,seed-5,OFF,VAP,15,NORMAL,500000,0.35093482017397937,73.77561819969564
global-demand-boom,seed-5,OFF,MASS,16,NORMAL,500000,0.5893932785590513,62.58634054846833
global-demand-boom,seed-5,OFF,BAL,16,NORMAL,500000,0.4234062354189478,80.63568196744994
global-demand-boom,seed-5,OFF,JPQ,16,NORMAL,500000,0.3403007182999502,77.92105805923237
global-demand-boom,seed-5,OFF,CONSV,16,NORMAL,500000,0.5141927482368331,81.18002316080785
global-demand-boom,seed-5,OFF,VAP,16,NORMAL,500000,0.3586088501221565,75.87356874371999
global-demand-boom,seed-5,OFF,MASS,17,NORMAL,500000,0.5893932785590513,65.57943330459086
global-demand-boom,seed-5,OFF,BAL,17,NORMAL,500000,0.4370701960959142,82.18482741005394
global-demand-boom,seed-5,OFF,JPQ,17,NORMAL,500000,0.3402319442819837,79.68737341449378
global-demand-boom,seed-5,OFF,CONSV,17,NORMAL,500000,0.44361852533217044,82.68562130794322
global-demand-boom,seed-5,OFF,VAP,17,NORMAL,500000,0.3827069135544685,77.80368324422238
global-demand-boom,seed-5,OFF,MASS,18,NORMAL,500000,0.5893932785590513,68.33307864022359
global-demand-boom,seed-5,OFF,BAL,18,NORMAL,500000,0.4276278372037929,83.61004121724963
global-demand-boom,seed-5,OFF,JPQ,18,NORMAL,500000,0.3404039314747823,81.31238354133427
global-demand-boom,seed-5,OFF,CONSV,18,NORMAL,500000,0.4322115139418468,84.07077160330776
global-demand-boom,seed-5,OFF,VAP,18,NORMAL,500000,0.3727561199845291,79.5793885846846
global-demand-boom,seed-5,OFF,MASS,19,NORMAL,500000,0.5893324925523106,70.8664323490057
global-demand-boom,seed-5,OFF,BAL,19,NORMAL,500000,0.4236656227545722,84.92123791986965
global-demand-boom,seed-5,OFF,JPQ,19,NORMAL,500000,0.34026632781584676,82.80739285802753
global-demand-boom,seed-5,OFF,CONSV,19,NORMAL,500000,0.44237119809603437,85.34510987504314
global-demand-boom,seed-5,OFF,VAP,19,NORMAL,500000,0.3687427671106231,81.21303749790982
global-demand-boom,seed-5,OFF,BAL,20,NORMAL,500000,0.4236656227545722,86.12753888628008
global-demand-boom,seed-5,OFF,JPQ,20,NORMAL,500000,0.34675150705139995,84.18280142938532
global-demand-boom,seed-5,OFF,CONSV,20,NORMAL,500000,0.4500599929970665,86.51750108503968
global-demand-boom,seed-5,OFF,VAP,20,NORMAL,500000,0.3781218114878246,82.71599449807704
global-demand-boom,seed-5,OFF,MASS,21,NORMAL,500000,0.5547788651443535,71.80529069542014
global-demand-boom,seed-5,OFF,BAL,21,NORMAL,500000,0.4236656227545722,87.23733577537767
global-demand-boom,seed-5,OFF,JPQ,21,NORMAL,500000,0.37850305523881156,85.4481773150345
global-demand-boom,seed-5,OFF,CONSV,21,NORMAL,500000,0.44919250908604147,87.59610099823651
global-demand-boom,seed-5,OFF,VAP,21,NORMAL,500000,0.388905551331177,84.09871493823087
global-demand-boom,seed-5,OFF,MASS,22,NORMAL,500000,0.554666548337803,74.06086743978653
global-demand-boom,seed-5,OFF,BAL,22,NORMAL,500000,0.4236656227545722,88.25834891334746
global-demand-boom,seed-5,OFF,JPQ,22,NORMAL,500000,0.3826719995836529,86.61232312983174
global-demand-boom,seed-5,OFF,CONSV,22,NORMAL,500000,0.4461525145601873,88.58841291837759
global-demand-boom,seed-5,OFF,VAP,22,NORMAL,500000,0.37834773425702645,85.3708177431724
global-demand-boom,seed-5,OFF,BAL,23,NORMAL,500000,0.4236656227545722,89.19768100027966
global-demand-boom,seed-5,OFF,JPQ,23,NORMAL,500000,0.37019654252717926,87.6833372794452
global-demand-boom,seed-5,OFF,CONSV,23,NORMAL,500000,0.4453347180274166,89.50133988490738
global-demand-boom,seed-5,OFF,VAP,23,NORMAL,500000,0.3710798750915454,86.5411523237186
global-demand-boom,seed-5,OFF,JPQ,24,NORMAL,500000,0.3701594617348397,88.66867029708958
global-demand-boom,seed-5,OFF,VAP,24,NORMAL,500000,0.37163436767601565,87.61786013782111
global-demand-boom,seed-5,OFF,BAL,25,NORMAL,500000,0.4282486514449966,87.65815452904184
global-demand-boom,seed-5,OFF,JPQ,25,NORMAL,500000,0.3701594617348397,89.5751766733224
global-demand-boom,seed-5,OFF,CONSV,25,NORMAL,500000,0.4467063669505188,87.9207587324679
global-demand-boom,seed-5,OFF,VAP,25,NORMAL,500000,0.37422942419264493,88.60843132679543
global-demand-boom,seed-5,OFF,BAL,26,NORMAL,500000,0.4282486514449966,88.64550216671849
global-demand-boom,seed-5,OFF,CONSV,26,NORMAL,500000,0.44662815838685055,88.88709803387047
global-demand-boom,seed-5,OFF,VAP,26,NORMAL,500000,0.3750389665486244,89.51975682065179
global-demand-boom,seed-5,OFF,BAL,27,NORMAL,500000,0.41047768930615314,89.553861993381
global-demand-boom,seed-5,OFF,JPQ,27,NORMAL,500000,0.3701594617348397,87.98461278708922
global-demand-boom,seed-5,OFF,CONSV,27,NORMAL,500000,0.4464020663058845,89.77613019116083
global-demand-boom,seed-5,OFF,JPQ,28,NORMAL,500000,0.3701594617348397,88.94584376412209
global-demand-boom,seed-5,OFF,VAP,28,NORMAL,500000,0.37417923784179397,87.93668569849967
global-demand-boom,seed-5,OFF,JPQ,29,NORMAL,500000,0.3701594617348397,89.83017626299232
global-demand-boom,seed-5,OFF,CONSV,29,NORMAL,500000,0.4261034374616507,88.1583973893159
global-demand-boom,seed-5,OFF,VAP,29,NORMAL,500000,0.37417923784179397,88.9017508426197
global-demand-boom,seed-5,OFF,CONSV,30,NORMAL,500000,0.4296520033598787,89.10572559817062
global-demand-boom,seed-5,OFF,VAP,30,NORMAL,500000,0.37417923784179397,89.78961077521012
global-demand-boom,seed-5,OFF,JPQ,31,NORMAL,500000,0.3701594617348397,88.20513643223575
global-demand-boom,seed-5,OFF,CONSV,31,NORMAL,500000,0.4325753459737617,89.97726755031697
global-demand-boom,seed-5,OFF,JPQ,32,NORMAL,500000,0.3701594617348397,89.14872551765689
global-demand-boom,seed-5,OFF,VAP,32,NORMAL,500000,0.37417923784179397,88.1700553984017
global-demand-boom,seed-5,ON,BAL,2,NORMAL,500000,0.42352674105490346,50
global-demand-boom,seed-5,ON,BAL,3,NORMAL,500000,0.4457400622253127,54
global-demand-boom,seed-5,ON,JPQ,3,NORMAL,500000,0.3990044360515191,50
global-demand-boom,seed-5,ON,CONSV,3,NORMAL,500000,0.4827363815239409,50
global-demand-boom,seed-5,ON,BAL,4,NORMAL,500000,0.4616421534683175,57.68
global-demand-boom,seed-5,ON,CONSV,4,NORMAL,500000,0.44800358402867224,54
global-demand-boom,seed-5,ON,MASS,5,NORMAL,500000,1.079121163724263,50
global-demand-boom,seed-5,ON,BAL,5,NORMAL,500000,0.41401284433448265,61.0656
global-demand-boom,seed-5,ON,JPQ,5,NORMAL,100000,0.07413657944794641,53.76
global-demand-boom,seed-5,ON,CONSV,5,NORMAL,500000,0.4213341715074452,57.68
global-demand-boom,seed-5,ON,VAP,5,NORMAL,500000,0.350899650560092,50
global-demand-boom,seed-5,ON,CONSV,6,NORMAL,500000,0.44800358402867224,61.0656
global-demand-boom,seed-5,ON,MASS,7,LIQUIDITY_STRESS,500000,1.0358776214178056,53.76
global-demand-boom,seed-5,ON,BAL,7,NORMAL,500000,0.444335434151266,63.32953088
global-demand-boom,seed-5,ON,VAP,7,NORMAL,500000,0.3508286432221449,53.76
global-demand-boom,seed-5,ON,JPQ,8,NORMAL,500000,0.35742376669320897,53.976058624000004
global-demand-boom,seed-5,ON,CONSV,8,NORMAL,500000,0.4213764260958421,63.32953088
global-demand-boom,seed-5,ON,VAP,8,NORMAL,500000,0.3508286432221449,57.459199999999996
global-demand-boom,seed-5,ON,BAL,9,NORMAL,500000,0.3952697281097648,65.28737830502399
global-demand-boom,seed-5,ON,JPQ,9,NORMAL,500000,0.35742376669320897,57.657973934080005
global-demand-boom,seed-5,ON,CONSV,9,NORMAL,500000,0.4401956757817985,66.2631684096
global-demand-boom,seed-5,ON,VAP,9,NORMAL,500000,0.3508286432221449,60.862463999999996
global-demand-boom,seed-5,ON,BAL,10,NORMAL,500000,0.4039532480668817,68.06438804062208
global-demand-boom,seed-5,ON,JPQ,10,NORMAL,500000,0.35742376669320897,61.045336019353606
global-demand-boom,seed-5,ON,CONSV,10,NORMAL,500000,0.4212074585731934,68.962114936832
global-demand-boom,seed-5,ON,VAP,10,NORMAL,500000,0.3508286432221449,63.99346688
global-demand-boom,seed-5,ON,BAL,11,NORMAL,500000,0.4140848476416212,70.61923699737231
global-demand-boom,seed-5,ON,JPQ,11,NORMAL,500000,0.35746002631763696,64.16170913780532
global-demand-boom,seed-5,ON,CONSV,11,NORMAL,500000,0.4210795806721104,71.44514574188544
global-demand-boom,seed-5,ON,VAP,11,NORMAL,500000,0.3508286432221449,66.8739895296
global-demand-boom,seed-5,ON,BAL,12,NORMAL,500000,0.42032984123301237,72.96969803758253
global-demand-boom,seed-5,ON,JPQ,12,NORMAL,500000,0.35746002631763696,67.02877240678089
global-demand-boom,seed-5,ON,CONSV,12,NORMAL,500000,0.39643006795207797,73.7295340825346
global-demand-boom,seed-5,ON,VAP,12,NORMAL,500000,0.3508286432221449,69.524070367232
global-demand-boom,seed-5,ON,BAL,13,NORMAL,500000,0.4186573825205519,75.13212219457593
global-demand-boom,seed-5,ON,JPQ,13,NORMAL,500000,0.3736124128390262,69.66647061423842
global-demand-boom,seed-5,ON,CONSV,13,NORMAL,500000,0.39631019357375097,75.83117135593183
global-demand-boom,seed-5,ON,VAP,13,NORMAL,500000,0.3508286432221449,71.96214473785344
global-demand-boom,seed-5,ON,MASS,14,NORMAL,500000,0.8200182864077868,55.1458766708529
global-demand-boom,seed-5,ON,BAL,14,NORMAL,500000,0.4161849326071739,77.12155241900986
global-demand-boom,seed-5,ON,JPQ,14,NORMAL,500000,0.35735126950825247,72.09315296509935
global-demand-boom,seed-5,ON,CONSV,14,NORMAL,500000,0.4064318655588418,77.76467764745729
global-demand-boom,seed-5,ON,VAP,14,NORMAL,500000,0.3508286432221449,74.20517315882516
global-demand-boom,seed-5,ON,BAL,15,NORMAL,500000,0.4158515975354971,78.95182822548907
global-demand-boom,seed-5,ON,JPQ,15,NORMAL,500000,0.3403695201273091,74.3257007278914
global-demand-boom,seed-5,ON,CONSV,15,NORMAL,500000,0.3963497770928854,79.54350343566071
global-demand-boom,seed-5,ON,VAP,15,NORMAL,500000,0.3368299878929829,76.26875930611915
global-demand-boom,seed-5,ON,MASS,16,NORMAL,500000,0.6361768317121427,58.21015414495359
global-demand-boom,seed-5,ON,BAL,16,NORMAL,500000,0.4234191434569463,80.63568196744994
global-demand-boom,seed-5,ON,JPQ,16,NORMAL,500000,0.34033511573640146,76.3796446696601
global-demand-boom,seed-5,ON,CONSV,16,NORMAL,500000,0.3962299512597537,81.18002316080785
global-demand-boom,seed-5,ON,VAP,16,NORMAL,500000,0.33679568276433275,78.16725856162962
global-demand-boom,seed-5,ON,MASS,17,NORMAL,500000,0.639785032229171,61.55334181335731
global-demand-boom,seed-5,ON,BAL,17,NORMAL,500000,0.43693498844306955,82.18482741005394
global-demand-boom,seed-5,ON,JPQ,17,NORMAL,500000,0.34026632781584676,78.26927309608729
global-demand-boom,seed-5,ON,CONSV,17,NORMAL,500000,0.3962299512597537,82.68562130794322
global-demand-boom,seed-5,ON,VAP,17,NORMAL,500000,0.33679568276433275,79.91387787669925
global-demand-boom,seed-5,ON,MASS,18,NORMAL,500000,0.639785032229171,64.62907446828872
global-demand-boom,seed-5,ON,BAL,18,NORMAL,500000,0.42755324106734394,83.61004121724963
global-demand-boom,seed-5,ON,JPQ,18,NORMAL,500000,0.3401975676962542,80.0077312484003
global-demand-boom,seed-5,ON,CONSV,18,NORMAL,500000,0.38744072156959986,84.07077160330776
global-demand-boom,seed-5,ON,VAP,18,NORMAL,500000,0.33679568276433275,81.5207676465633
global-demand-boom,seed-5,ON,MASS,19,NORMAL,500000,0.6674319886803535,67.45874851082563
global-demand-boom,seed-5,ON,BAL,19,NORMAL,500000,0.4236656227545722,84.92123791986965
global-demand-boom,seed-5,ON,JPQ,19,NORMAL,500000,0.3401975676962542,81.60711274852828
global-demand-boom,seed-5,ON,CONSV,19,NORMAL,500000,0.38656635527458194,85.34510987504314
global-demand-boom,seed-5,ON,VAP,19,NORMAL,500000,0.33679568276433275,82.99910623483824
global-demand-boom,seed-5,ON,MASS,20,NORMAL,500000,0.6674319886803535,70.06204862995958
global-demand-boom,seed-5,ON,BAL,20,NORMAL,500000,0.4236656227545722,86.12753888628008
global-demand-boom,seed-5,ON,JPQ,20,NORMAL,500000,0.3401975676962542,83.07854372864603
global-demand-boom,seed-5,ON,CONSV,20,NORMAL,500000,0.38924803507591893,86.51750108503968
global-demand-boom,seed-5,ON,VAP,20,NORMAL,500000,0.33679568276433275,84.35917773605118
global-demand-boom,seed-5,ON,MASS,21,NORMAL,500000,0.7487748172053478,72.45708473956282
global-demand-boom,seed-5,ON,BAL,21,NORMAL,500000,0.4236656227545722,87.23733577537767
global-demand-boom,seed-5,ON,JPQ,21,NORMAL,500000,0.3247342407447169,84.43226023035434
global-demand-boom,seed-5,ON,CONSV,21,NORMAL,500000,0.39051745515395175,87.59610099823651
global-demand-boom,seed-5,ON,VAP,21,NORMAL,500000,0.3239725986567837,85.61044351716708
global-demand-boom,seed-5,ON,MASS,22,NORMAL,500000,0.628693574751666,74.6605179603978
global-demand-boom,seed-5,ON,BAL,22,NORMAL,500000,0.4236656227545722,88.25834891334746
global-demand-boom,seed-5,ON,JPQ,22,NORMAL,500000,0.32479967655149006,85.677679411926
global-demand-boom,seed-5,ON,CONSV,22,NORMAL,500000,0.3900653476476914,88.58841291837759
global-demand-boom,seed-5,ON,VAP,22,NORMAL,500000,0.32387447143686254,86.76160803579371
global-demand-boom,seed-5,ON,BAL,23,NORMAL,500000,0.4236656227545722,89.19768100027966
global-demand-boom,seed-5,ON,JPQ,23,NORMAL,500000,0.3247015327276091,86.82346505897192
global-demand-boom,seed-5,ON,CONSV,23,NORMAL,500000,0.3894645174456736,89.50133988490738
global-demand-boom,seed-5,ON,VAP,23,NORMAL,500000,0.32384216709996744,87.82067939293022
global-demand-boom,seed-5,ON,JPQ,24,NORMAL,500000,0.3247015327276091,87.87758785425416
global-demand-boom,seed-5,ON,VAP,24,NORMAL,500000,0.32384216709996744,88.7950250414958
global-demand-boom,seed-5,ON,BAL,25,NORMAL,500000,0.4282486514449966,87.65815452904184
global-demand-boom,seed-5,ON,JPQ,25,NORMAL,500000,0.3247015327276091,88.84738082591383
global-demand-boom,seed-5,ON,CONSV,25,NORMAL,500000,0.37429296059743145,87.9207587324679
global-demand-boom,seed-5,ON,VAP,25,NORMAL,500000,0.32384216709996744,89.69142303817614
global-demand-boom,seed-5,ON,BAL,26,NORMAL,500000,0.4282486514449966,88.64550216671849
global-demand-boom,seed-5,ON,JPQ,26,NORMAL,500000,0.3247015327276091,89.73959035984072
global-demand-boom,seed-5,ON,CONSV,26,NORMAL,500000,0.37418021791507533,88.88709803387047
global-demand-boom,seed-5,ON,BAL,27,NORMAL,500000,0.41047768930615314,89.553861993381
global-demand-boom,seed-5,ON,CONSV,27,NORMAL,500000,0.37557119684400014,89.77613019116083
global-demand-boom,seed-5,ON,VAP,27,NORMAL,500000,0.3119734667814396,88.08514264341473
global-demand-boom,seed-5,ON,JPQ,28,NORMAL,500000,0.310646739796637,88.12679774319025
global-demand-boom,seed-5,ON,VAP,28,NORMAL,500000,0.3118792044435551,89.03833123194156
global-demand-boom,seed-5,ON,JPQ,29,NORMAL,500000,0.3105843352318111,89.07665392373504
global-demand-boom,seed-5,ON,CONSV,29,NORMAL,500000,0.3768780776806019,88.1583973893159
global-demand-boom,seed-5,ON,VAP,29,NORMAL,500000,0.3118481593848458,89.91526473338624
global-demand-boom,seed-5,ON,JPQ,30,NORMAL,500000,0.3105843352318111,89.95052160983623
global-demand-boom,seed-5,ON,CONSV,30,NORMAL,500000,0.3764301994891842,89.10572559817062
global-demand-boom,seed-5,ON,CONSV,31,NORMAL,500000,0.3763250876743373,89.97726755031697
global-demand-boom,seed-5,ON,VAP,31,NORMAL,500000,0.3118481593848458,88.27872094143243
global-demand-boom,seed-5,ON,JPQ,32,NORMAL,500000,0.3105843352318111,88.30921108818637
global-demand-boom,seed-5,ON,VAP,32,NORMAL,500000,0.3118481593848458,89.21642326611783
global-disease-crisis,seed-1,OFF,BAL,2,NORMAL,500000,0.42352674105490346,50
global-disease-crisis,seed-1,OFF,BAL,3,NORMAL,500000,0.4478914167880452,54
global-disease-crisis,seed-1,OFF,JPQ,3,NORMAL,500000,0.5718804550246903,50
global-disease-crisis,seed-1,OFF,CONSV,3,NORMAL,500000,0.4220150034774036,50
global-disease-crisis,seed-1,OFF,BAL,4,NORMAL,500000,0.48511521001122554,57.68
global-disease-crisis,seed-1,OFF,JPQ,4,NORMAL,500000,0.40439951080599973,54
global-disease-crisis,seed-1,OFF,MASS,5,NORMAL,500000,1.1569788967049242,50
global-disease-crisis,seed-1,OFF,BAL,5,NORMAL,500000,0.41907846322251224,61.0656
global-disease-crisis,seed-1,OFF,JPQ,5,NORMAL,500000,0.3574962932996829,57.68
global-disease-crisis,seed-1,OFF,CONSV,5,NORMAL,500000,0.42222829292678943,53.76
global-disease-crisis,seed-1,OFF,VAP,5,NORMAL,500000,0.36032743097783926,50
global-disease-crisis,seed-1,OFF,BAL,7,NORMAL,500000,0.39965629558579624,63.32953088
global-disease-crisis,seed-1,OFF,VAP,7,NORMAL,500000,0.3834300548427676,53.76
global-disease-crisis,seed-1,OFF,JPQ,8,NORMAL,500000,0.3762986631312655,59.777564160000004
global-disease-crisis,seed-1,OFF,CONSV,8,NORMAL,500000,0.429500868450756,56.59094911999999
global-disease-crisis,seed-1,OFF,VAP,8,NORMAL,500000,0.3913988689512044,57.459199999999996
global-disease-crisis,seed-1,OFF,BAL,9,NORMAL,500000,0.42772550972048995,65.28737830502399
global-disease-crisis,seed-1,OFF,JPQ,9,NORMAL,500000,0.38226264624222056,62.9953590272
global-disease-crisis,seed-1,OFF,CONSV,9,NORMAL,500000,0.4293279043388737,60.06367319039999
global-disease-crisis,seed-1,OFF,BAL,10,NORMAL,500000,0.4182791327233151,68.06438804062208
global-disease-crisis,seed-1,OFF,JPQ,10,NORMAL,500000,0.38314519754698184,65.955730305024
global-disease-crisis,seed-1,OFF,CONSV,10,NORMAL,500000,0.460151141243853,63.25857933516799
global-disease-crisis,seed-1,OFF,VAP,10,NORMAL,500000,0.37509095955769267,60.21071616
global-disease-crisis,seed-1,OFF,BAL,11,NORMAL,500000,0.4176251163085949,70.61923699737231
global-disease-crisis,seed-1,OFF,JPQ,11,NORMAL,500000,0.3762603498875094,68.67927188062208
global-disease-crisis,seed-1,OFF,CONSV,11,NORMAL,500000,0.5479584165316862,66.19789298835455
global-disease-crisis,seed-1,OFF,VAP,11,NORMAL,500000,0.3798648532019872,63.393858867199995
global-disease-crisis,seed-1,OFF,BAL,12,NORMAL,500000,0.4141959876006289,72.96969803758253
global-disease-crisis,seed-1,OFF,JPQ,12,NORMAL,500000,0.3762603498875094,71.18493013017232
global-disease-crisis,seed-1,OFF,VAP,12,NORMAL,500000,0.3751004143809297,66.32235015782399
global-disease-crisis,seed-1,OFF,BAL,13,NORMAL,500000,0.41511827549905517,75.13212219457593
global-disease-crisis,seed-1,OFF,JPQ,13,NORMAL,500000,0.3762603498875094,73.49013571975853
global-disease-crisis,seed-1,OFF,CONSV,13,NORMAL,500000,0.4285101516197469,67.76793785632901
global-disease-crisis,seed-1,OFF,VAP,13,NORMAL,500000,0.3712241308752158,69.01656214519807
global-disease-crisis,seed-1,OFF,BAL,14,NORMAL,500000,0.4165739789563489,77.12155241900986
global-disease-crisis,seed-1,OFF,JPQ,14,NORMAL,500000,0.3985070014890612,75.61092486217784
global-disease-crisis,seed-1,OFF,CONSV,14,NORMAL,500000,0.45437010898975805,70.34650282782269
global-disease-crisis,seed-1,OFF,VAP,14,NORMAL,500000,0.37172178557303137,71.49523717358223
global-disease-crisis,seed-1,OFF,BAL,15,NORMAL,500000,0.4201327619527771,78.95182822548907
global-disease-crisis,seed-1,OFF,JPQ,15,NORMAL,500000,0.36046199115743477,77.56205087320362
global-disease-crisis,seed-1,OFF,CONSV,15,NORMAL,500000,0.45583152102317764,72.71878260159687
global-disease-crisis,seed-1,OFF,VAP,15,NORMAL,500000,0.38015678882472853,73.77561819969564
global-disease-crisis,seed-1,OFF,BAL,16,NORMAL,500000,0.41825289075485445,80.63568196744994
global-disease-crisis,seed-1,OFF,JPQ,16,NORMAL,500000,0.35731587459384795,79.35708680334733
global-disease-crisis,seed-1,OFF,CONSV,16,NORMAL,500000,0.4470320647159379,74.90127999346912
global-disease-crisis,seed-1,OFF,VAP,16,NORMAL,500000,0.3752754146267946,75.87356874371999
global-disease-crisis,seed-1,OFF,BAL,17,NORMAL,500000,0.4160301405516227,82.18482741005394
global-disease-crisis,seed-1,OFF,JPQ,17,NORMAL,500000,0.3572434211659153,81.00851985907954
global-disease-crisis,seed-1,OFF,CONSV,17,NORMAL,500000,0.4434642898163304,76.90917759399159
global-disease-crisis,seed-1,OFF,VAP,17,NORMAL,500000,0.37100586218942727,77.80368324422238
global-disease-crisis,seed-1,OFF,BAL,18,NORMAL,500000,0.41935050993022005,83.61004121724963
global-disease-crisis,seed-1,OFF,JPQ,18,NORMAL,500000,0.3444160209382898,82.52783827035317
global-disease-crisis,seed-1,OFF,CONSV,18,NORMAL,500000,0.44537220423165946,78.75644338647226
global-disease-crisis,seed-1,OFF,VAP,18,NORMAL,500000,0.37703603227790383,79.5793885846846
global-disease-crisis,seed-1,OFF,BAL,19,NORMAL,500000,0.41773397697784503,84.92123791986965
global-disease-crisis,seed-1,OFF,JPQ,19,NORMAL,500000,0.35548828769183655,83.92561120872492
global-disease-crisis,seed-1,OFF,CONSV,19,NORMAL,500000,0.4470880262673157,80.45592791555447
global-disease-crisis,seed-1,OFF,VAP,19,NORMAL,500000,0.3741549336668201,81.21303749790982
global-disease-crisis,seed-1,OFF,BAL,20,NORMAL,500000,0.4160768776925375,86.12753888628008
global-disease-crisis,seed-1,OFF,JPQ,20,NORMAL,500000,0.36480139336621803,85.21156231202693
global-disease-crisis,seed-1,OFF,CONSV,20,NORMAL,500000,0.4470334635839835,82.01945368231011
global-disease-crisis,seed-1,OFF,VAP,20,NORMAL,500000,0.37103361356760095,82.71599449807704
global-disease-crisis,seed-1,OFF,BAL,21,NORMAL,500000,0.3930863964590777,87.23733577537767
global-disease-crisis,seed-1,OFF,JPQ,21,NORMAL,500000,0.3925771512246444,86.39463732706477
global-disease-crisis,seed-1,OFF,CONSV,21,NORMAL,500000,0.44641462097166607,83.45789738772531
global-disease-crisis,seed-1,OFF,VAP,21,NORMAL,500000,0.37126889610173597,84.09871493823087
global-disease-crisis,seed-1,OFF,BAL,22,NORMAL,500000,0.3929677632825069,88.25834891334746
global-disease-crisis,seed-1,OFF,JPQ,22,NORMAL,500000,0.38771799347253494,87.48306634089958
global-disease-crisis,seed-1,OFF,CONSV,22,NORMAL,500000,0.4462068623938195,84.78126559670729
global-disease-crisis,seed-1,OFF,VAP,22,NORMAL,500000,0.3716451959804044,85.3708177431724
global-disease-crisis,seed-1,OFF,BAL,23,NORMAL,500000,0.3928890229950087,89.19768100027966
global-disease-crisis,seed-1,OFF,JPQ,23,NORMAL,500000,0.384951921429773,88.48442103362761
global-disease-crisis,seed-1,OFF,CONSV,23,NORMAL,500000,0.44635464394066876,85.9987643489707
global-disease-crisis,seed-1,OFF,VAP,23,NORMAL,500000,0.37521154426865866,86.5411523237186
global-disease-crisis,seed-1,OFF,JPQ,24,NORMAL,500000,0.384951921429773,89.4056673509374
global-disease-crisis,seed-1,OFF,CONSV,24,NORMAL,500000,0.4464801957011994,87.11886320105305
global-disease-crisis,seed-1,OFF,VAP,24,NORMAL,500000,0.3732820812058743,87.61786013782111
global-disease-crisis,seed-1,OFF,BAL,25,NORMAL,500000,0.3928890229950087,87.65815452904184
global-disease-crisis,seed-1,OFF,CONSV,25,NORMAL,500000,0.4464732187504465,88.1493541449688
global-disease-crisis,seed-1,OFF,VAP,25,NORMAL,500000,0.3713445584356709,88.60843132679543
global-disease-crisis,seed-1,OFF,BAL,26,NORMAL,500000,0.3928890229950087,88.64550216671849
global-disease-crisis,seed-1,OFF,JPQ,26,NORMAL,500000,0.384951921429773,87.83802112509068
global-disease-crisis,seed-1,OFF,CONSV,26,NORMAL,500000,0.44642717634364537,89.0974058133713
global-disease-crisis,seed-1,OFF,VAP,26,NORMAL,500000,0.371347647349261,89.51975682065179
global-disease-crisis,seed-1,OFF,BAL,27,NORMAL,500000,0.3928890229950087,89.553861993381
global-disease-crisis,seed-1,OFF,JPQ,27,NORMAL,500000,0.384951921429773,88.81097943508342
global-disease-crisis,seed-1,OFF,CONSV,27,NORMAL,500000,0.4464132259739286,89.96961334830159
global-disease-crisis,seed-1,OFF,JPQ,28,NORMAL,500000,0.384951921429773,89.70610108027675
global-disease-crisis,seed-1,OFF,VAP,28,NORMAL,500000,0.3721812111610297,87.93668569849967
global-disease-crisis,seed-1,OFF,BAL,29,NORMAL,500000,0.42375071931684605,87.96617985187589
global-disease-crisis,seed-1,OFF,CONSV,29,NORMAL,500000,0.4309260082806742,88.32572162361123
global-disease-crisis,seed-1,OFF,VAP,29,NORMAL,500000,0.3721556146373268,88.9017508426197
global-disease-crisis,seed-1,OFF,JPQ,30,NORMAL,500000,0.384951921429773,88.09783621422334
global-disease-crisis,seed-1,OFF,CONSV,30,NORMAL,500000,0.4263972291002464,89.25966389372233
global-disease-crisis,seed-1,OFF,VAP,30,NORMAL,500000,0.37201683420816806,89.78961077521012
global-disease-crisis,seed-1,OFF,JPQ,31,NORMAL,500000,0.384951921429773,89.05000931708547
global-disease-crisis,seed-1,OFF,JPQ,32,NORMAL,500000,0.384951921429773,89.92600857171863
global-disease-crisis,seed-1,OFF,CONSV,32,NORMAL,500000,0.4326002345558472,87.71175733529108
global-disease-crisis,seed-1,OFF,VAP,32,NORMAL,500000,0.37242028194896765,88.1700553984017
global-disease-crisis,seed-1,ON,BAL,2,NORMAL,500000,0.42352674105490346,50
global-disease-crisis,seed-1,ON,BAL,3,NORMAL,500000,0.4457400622253127,54
global-disease-crisis,seed-1,ON,JPQ,3,NORMAL,500000,0.4390814451294407,50
global-disease-crisis,seed-1,ON,CONSV,3,NORMAL,500000,0.4827363815239409,50
global-disease-crisis,seed-1,ON,BAL,4,NORMAL,500000,0.472834700771288,57.68
global-disease-crisis,seed-1,ON,JPQ,4,NORMAL,500000,0.3957652171923893,54
global-disease-crisis,seed-1,ON,CONSV,4,NORMAL,500000,0.44800358402867224,54
global-disease-crisis,seed-1,ON,MASS,5,NORMAL,500000,1.1428440817819225,50
global-disease-crisis,seed-1,ON,BAL,5,NORMAL,500000,0.4167969157028238,61.0656
global-disease-crisis,seed-1,ON,CONSV,5,NORMAL,500000,0.4213341715074452,57.68
global-disease-crisis,seed-1,ON,VAP,5,NORMAL,500000,0.350899650560092,50
global-disease-crisis,seed-1,ON,CONSV,6,NORMAL,500000,0.44800358402867224,61.0656
global-disease-crisis,seed-1,ON,BAL,7,NORMAL,500000,0.44398506789419656,63.32953088
global-disease-crisis,seed-1,ON,VAP,7,NORMAL,500000,0.3508286432221449,53.76
global-disease-crisis,seed-1,ON,BAL,8,NORMAL,500000,0.41439165647263193,66.2631684096
global-disease-crisis,seed-1,ON,JPQ,8,NORMAL,500000,0.35742376669320897,56.37888512
global-disease-crisis,seed-1,ON,CONSV,8,NORMAL,500000,0.4213764260958421,63.32953088
global-disease-crisis,seed-1,ON,VAP,8,NORMAL,500000,0.3508286432221449,57.459199999999996
global-disease-crisis,seed-1,ON,BAL,9,NORMAL,500000,0.3953100416656784,68.962114936832
global-disease-crisis,seed-1,ON,JPQ,9,NORMAL,500000,0.35742376669320897,59.8685743104
global-disease-crisis,seed-1,ON,CONSV,9,NORMAL,500000,0.4401956757817985,66.2631684096
global-disease-crisis,seed-1,ON,VAP,9,NORMAL,500000,0.3508286432221449,60.862463999999996
global-disease-crisis,seed-1,ON,BAL,10,NORMAL,500000,0.41056970652477376,71.44514574188544
global-disease-crisis,seed-1,ON,JPQ,10,NORMAL,500000,0.35731587459384795,63.079088365568
global-disease-crisis,seed-1,ON,CONSV,10,NORMAL,500000,0.4212074585731934,68.962114936832
global-disease-crisis,seed-1,ON,VAP,10,NORMAL,500000,0.3508286432221449,63.99346688
global-disease-crisis,seed-1,ON,BAL,11,NORMAL,500000,0.4225603268250592,73.7295340825346
global-disease-crisis,seed-1,ON,JPQ,11,NORMAL,500000,0.3572072054694424,66.03276129632256
global-disease-crisis,seed-1,ON,CONSV,11,NORMAL,500000,0.39639046839479697,71.44514574188544
global-disease-crisis,seed-1,ON,VAP,11,NORMAL,500000,0.3508286432221449,66.8739895296
global-disease-crisis,seed-1,ON,BAL,12,NORMAL,500000,0.4683318674545882,75.83117135593183
global-disease-crisis,seed-1,ON,JPQ,12,NORMAL,500000,0.3572072054694424,68.75014039261676
global-disease-crisis,seed-1,ON,CONSV,12,NORMAL,500000,0.3962299512597537,73.7295340825346
global-disease-crisis,seed-1,ON,VAP,12,NORMAL,500000,0.3508286432221449,69.524070367232
global-disease-crisis,seed-1,ON,BAL,13,NORMAL,500000,0.39304746205323277,77.76467764745729
global-disease-crisis,seed-1,ON,JPQ,13,NORMAL,500000,0.3572072054694424,71.25012916120741
global-disease-crisis,seed-1,ON,CONSV,13,NORMAL,500000,0.40568165268214396,75.83117135593183
global-disease-crisis,seed-1,ON,VAP,13,NORMAL,500000,0.3508286432221449,71.96214473785344
global-disease-crisis,seed-1,ON,BAL,14,NORMAL,500000,0.3928890229950087,79.54350343566071
global-disease-crisis,seed-1,ON,JPQ,14,NORMAL,500000,0.3572072054694424,73.55011882831081
global-disease-crisis,seed-1,ON,CONSV,14,NORMAL,500000,0.3963497770928854,77.76467764745729
global-disease-crisis,seed-1,ON,VAP,14,NORMAL,500000,0.3508286432221449,74.20517315882516
global-disease-crisis,seed-1,ON,BAL,15,NORMAL,500000,0.43336306203938924,81.18002316080785
global-disease-crisis,seed-1,ON,JPQ,15,NORMAL,500000,0.3572072054694424,75.66610932204595
global-disease-crisis,seed-1,ON,CONSV,15,NORMAL,500000,0.3962706179602525,79.54350343566071
global-disease-crisis,seed-1,ON,VAP,15,NORMAL,500000,0.3508286432221449,76.26875930611915
global-disease-crisis,seed-1,ON,BAL,16,NORMAL,500000,0.4443212193596087,82.68562130794322
global-disease-crisis,seed-1,ON,JPQ,16,NORMAL,500000,0.34033511573640146,77.61282057628227
global-disease-crisis,seed-1,ON,CONSV,16,NORMAL,500000,0.4091991236591568,81.18002316080785
global-disease-crisis,seed-1,ON,VAP,16,NORMAL,500000,0.3508286432221449,78.16725856162962
global-disease-crisis,seed-1,ON,BAL,17,NORMAL,500000,0.42851510944275895,84.07077160330776
global-disease-crisis,seed-1,ON,JPQ,17,NORMAL,500000,0.3402319442819837,79.40379493017969
global-disease-crisis,seed-1,ON,CONSV,17,NORMAL,500000,0.3940582323493437,82.68562130794322
global-disease-crisis,seed-1,ON,VAP,17,NORMAL,500000,0.3368299878929829,79.91387787669925
global-disease-crisis,seed-1,ON,MASS,18,NORMAL,500000,0.8055843104399699,51.90368125925701
global-disease-crisis,seed-1,ON,BAL,18,NORMAL,500000,0.4283785358364348,85.34510987504314
global-disease-crisis,seed-1,ON,JPQ,18,NORMAL,500000,0.3401975676962542,81.0514913357653
global-disease-crisis,seed-1,ON,CONSV,18,NORMAL,500000,0.390166554298699,84.07077160330776
global-disease-crisis,seed-1,ON,VAP,18,NORMAL,500000,0.33679568276433275,81.5207676465633
global-disease-crisis,seed-1,ON,MASS,19,NORMAL,500000,0.8504196821131228,55.75138675851645
global-disease-crisis,seed-1,ON,BAL,19,NORMAL,500000,0.4283785358364348,86.51750108503968
global-disease-crisis,seed-1,ON,JPQ,19,NORMAL,500000,0.3401975676962542,82.56737202890409
global-disease-crisis,seed-1,ON,CONSV,19,NORMAL,500000,0.38953354526555084,85.34510987504314
global-disease-crisis,seed-1,ON,VAP,19,NORMAL,500000,0.33679568276433275,82.99910623483824
global-disease-crisis,seed-1,ON,MASS,20,NORMAL,500000,0.7917311597673894,59.291275817835135
global-disease-crisis,seed-1,ON,BAL,20,NORMAL,500000,0.4276881913579613,87.59610099823651
global-disease-crisis,seed-1,ON,JPQ,20,NORMAL,500000,0.3401975676962542,83.96198226659176
global-disease-crisis,seed-1,ON,CONSV,20,NORMAL,500000,0.389371103368683,86.51750108503968
global-disease-crisis,seed-1,ON,VAP,20,NORMAL,500000,0.33679568276433275,84.35917773605118
global-disease-crisis,seed-1,ON,BAL,21,NORMAL,500000,0.4276881913579613,88.58841291837759
global-disease-crisis,seed-1,ON,JPQ,21,NORMAL,500000,0.34026632781584676,85.24502368526441
global-disease-crisis,seed-1,ON,CONSV,21,NORMAL,500000,0.3896355388133494,87.59610099823651
global-disease-crisis,seed-1,ON,VAP,21,NORMAL,500000,0.33686366453768823,85.61044351716708
global-disease-crisis,seed-1,ON,MASS,22,NORMAL,500000,0.7656733331291538,61.79509532726382
global-disease-crisis,seed-1,ON,BAL,22,NORMAL,500000,0.4276881913579613,89.50133988490738
global-disease-crisis,seed-1,ON,JPQ,22,NORMAL,500000,0.3248651387349569,86.42542179044327
global-disease-crisis,seed-1,ON,CONSV,22,NORMAL,500000,0.38946239390070736,88.58841291837759
global-disease-crisis,seed-1,ON,VAP,22,NORMAL,500000,0.33686366453768823,86.76160803579371
global-disease-crisis,seed-1,ON,MASS,23,NORMAL,500000,0.7891383004328424,64.85148770108272
global-disease-crisis,seed-1,ON,JPQ,23,NORMAL,500000,0.3247669553520133,87.5113880472078
global-disease-crisis,seed-1,ON,CONSV,23,NORMAL,500000,0.394732219583218,89.50133988490738
global-disease-crisis,seed-1,ON,VAP,23,NORMAL,500000,0.3239725986567837,87.82067939293022
global-disease-crisis,seed-1,ON,MASS,24,NORMAL,500000,0.7677690550682355,67.6633686849961
global-disease-crisis,seed-1,ON,BAL,24,NORMAL,500000,0.4271718914060705,87.9207587324679
global-disease-crisis,seed-1,ON,JPQ,24,NORMAL,500000,0.3247342407447169,88.51047700343118
global-disease-crisis,seed-1,ON,VAP,24,NORMAL,500000,0.32387447143686254,88.7950250414958
global-disease-crisis,seed-1,ON,MASS,25,NORMAL,500000,0.6823842505714968,70.25029919019642
global-disease-crisis,seed-1,ON,BAL,25,NORMAL,500000,0.4271718914060705,88.88709803387047
global-disease-crisis,seed-1,ON,JPQ,25,NORMAL,500000,0.3247342407447169,89.42963884315668
global-disease-crisis,seed-1,ON,CONSV,25,NORMAL,500000,0.37429296059743145,87.9207587324679
global-disease-crisis,seed-1,ON,VAP,25,NORMAL,500000,0.32384216709996744,89.69142303817614
global-disease-crisis,seed-1,ON,MASS,26,NORMAL,500000,0.7281067404481497,72.6302752549807
global-disease-crisis,seed-1,ON,BAL,26,NORMAL,500000,0.4276881913579613,89.77613019116083
global-disease-crisis,seed-1,ON,CONSV,26,NORMAL,500000,0.37418021791507533,88.88709803387047
global-disease-crisis,seed-1,ON,MASS,27,NORMAL,500000,0.6310920100596067,74.81985323458224
global-disease-crisis,seed-1,ON,JPQ,27,NORMAL,500000,0.32479967655149006,87.85875167156189
global-disease-crisis,seed-1,ON,CONSV,27,NORMAL,500000,0.37795494625858617,89.77613019116083
global-disease-crisis,seed-1,ON,VAP,27,NORMAL,500000,0.32384216709996744,88.08514264341473
global-disease-crisis,seed-1,ON,BAL,28,NORMAL,500000,0.4276881913579613,88.1583973893159
global-disease-crisis,seed-1,ON,JPQ,28,NORMAL,500000,0.3107403936782477,88.83005153783694
global-disease-crisis,seed-1,ON,VAP,28,NORMAL,500000,0.32384216709996744,89.03833123194156
global-disease-crisis,seed-1,ON,JPQ,29,NORMAL,500000,0.310646739796637,89.72364741480999
global-disease-crisis,seed-1,ON,CONSV,29,NORMAL,500000,0.3767131028351428,88.1583973893159
global-disease-crisis,seed-1,ON,VAP,29,NORMAL,500000,0.3119734667814396,89.91526473338624
global-disease-crisis,seed-1,ON,CONSV,30,NORMAL,500000,0.37628246471034904,89.10572559817062
global-disease-crisis,seed-1,ON,JPQ,31,NORMAL,500000,0.31061553437985917,88.11301028432769
global-disease-crisis,seed-1,ON,CONSV,31,NORMAL,500000,0.3781680556149069,89.97726755031697
global-disease-crisis,seed-1,ON,VAP,31,NORMAL,500000,0.3118481593848458,88.27872094143243
global-disease-crisis,seed-1,ON,JPQ,32,NORMAL,500000,0.31061553437985917,89.06396946158146
global-disease-crisis,seed-1,ON,VAP,32,NORMAL,500000,0.3118481593848458,89.21642326611783
global-disease-crisis,seed-2,OFF,BAL,2,NORMAL,500000,0.42352674105490346,50
global-disease-crisis,seed-2,OFF,BAL,3,NORMAL,500000,0.4478914167880452,54
global-disease-crisis,seed-2,OFF,JPQ,3,NORMAL,500000,0.519262725857217,50
global-disease-crisis,seed-2,OFF,CONSV,3,NORMAL,500000,0.4220150034774036,50
global-disease-crisis,seed-2,OFF,BAL,4,NORMAL,500000,0.5271392364493588,57.68
global-disease-crisis,seed-2,OFF,JPQ,4,NORMAL,500000,0.40439951080599973,54
global-disease-crisis,seed-2,OFF,CONSV,4,NORMAL,500000,0.6716841472465988,54
global-disease-crisis,seed-2,OFF,MASS,5,NORMAL,500000,1.092926036230498,50
global-disease-crisis,seed-2,OFF,BAL,5,NORMAL,500000,0.3966572896883384,61.0656
global-disease-crisis,seed-2,OFF,JPQ,5,NORMAL,500000,0.3574962932996829,57.68
global-disease-crisis,seed-2,OFF,CONSV,5,NORMAL,500000,0.42855385786325617,57.68
global-disease-crisis,seed-2,OFF,VAP,5,NORMAL,500000,0.3603637886861338,50
global-disease-crisis,seed-2,OFF,CONSV,6,NORMAL,500000,0.4825423418841445,61.0656
global-disease-crisis,seed-2,OFF,MASS,7,LIQUIDITY_STRESS,500000,1.1055404157937503,53.76
global-disease-crisis,seed-2,OFF,BAL,7,NORMAL,500000,0.39292792601638665,63.32953088
global-disease-crisis,seed-2,OFF,VAP,7,NORMAL,500000,0.382230969025837,53.76
global-disease-crisis,seed-2,OFF,BAL,8,NORMAL,500000,0.4484771509861116,66.2631684096
global-disease-crisis,seed-2,OFF,JPQ,8,NORMAL,100000,0.07621716526411838,59.777564160000004
global-disease-crisis,seed-2,OFF,CONSV,8,NORMAL,500000,0.44635185470354427,63.32953088
global-disease-crisis,seed-2,OFF,VAP,8,NORMAL,500000,0.39047198379135173,57.459199999999996
global-disease-crisis,seed-2,OFF,MASS,9,NORMAL,500000,0.9141603437242892,57.011647999999994
global-disease-crisis,seed-2,OFF,BAL,9,NORMAL,500000,0.44753181727454916,68.962114936832
global-disease-crisis,seed-2,OFF,JPQ,9,NORMAL,500000,0.39893404822314776,60.421123133440005
global-disease-crisis,seed-2,OFF,CONSV,9,NORMAL,500000,0.44635185470354427,66.2631684096
global-disease-crisis,seed-2,OFF,BAL,10,NORMAL,500000,0.4404917650064532,71.44514574188544
global-disease-crisis,seed-2,OFF,JPQ,10,NORMAL,500000,0.3904798208228675,63.587433282764806
global-disease-crisis,seed-2,OFF,CONSV,10,NORMAL,500000,0.4281236112740359,68.962114936832
global-disease-crisis,seed-2,OFF,VAP,10,NORMAL,500000,0.373515537200504,60.21071616
global-disease-crisis,seed-2,OFF,MASS,11,NORMAL,500000,0.7153434005994578,59.823673190399994
global-disease-crisis,seed-2,OFF,BAL,11,NORMAL,500000,0.41443390400881913,73.7295340825346
global-disease-crisis,seed-2,OFF,JPQ,11,NORMAL,500000,0.3762986631312655,66.50043862014363
global-disease-crisis,seed-2,OFF,CONSV,11,NORMAL,500000,0.4280799927397633,71.44514574188544
global-disease-crisis,seed-2,OFF,VAP,11,NORMAL,500000,0.3779473467945076,63.393858867199995
global-disease-crisis,seed-2,OFF,BAL,12,NORMAL,500000,0.3953100416656784,75.83117135593183
global-disease-crisis,seed-2,OFF,JPQ,12,NORMAL,500000,0.3762603498875094,69.18040353053213
global-disease-crisis,seed-2,OFF,CONSV,12,NORMAL,500000,0.4543151993421516,73.7295340825346
global-disease-crisis,seed-2,OFF,VAP,12,NORMAL,500000,0.3759438069272909,66.32235015782399
global-disease-crisis,seed-2,OFF,BAL,13,NORMAL,500000,0.40889259618176094,77.76467764745729
global-disease-crisis,seed-2,OFF,JPQ,13,NORMAL,500000,0.3762603498875094,71.64597124808957
global-disease-crisis,seed-2,OFF,CONSV,13,NORMAL,500000,0.41635717450028814,75.83117135593183
global-disease-crisis,seed-2,OFF,VAP,13,NORMAL,500000,0.36701180456768207,69.01656214519807
global-disease-crisis,seed-2,OFF,MASS,14,NORMAL,500000,0.649772579597141,61.52018182055444
global-disease-crisis,seed-2,OFF,BAL,14,NORMAL,500000,0.39397750230870815,79.54350343566071
global-disease-crisis,seed-2,OFF,JPQ,14,NORMAL,500000,0.3985070014890612,73.9142935482424
global-disease-crisis,seed-2,OFF,CONSV,14,NORMAL,500000,0.3993713894330324,77.76467764745729
global-disease-crisis,seed-2,OFF,VAP,14,NORMAL,500000,0.37088334324333627,71.49523717358223
global-disease-crisis,seed-2,OFF,BAL,15,NORMAL,500000,0.4109321090843939,81.18002316080785
global-disease-crisis,seed-2,OFF,JPQ,15,NORMAL,500000,0.36046199115743477,76.00115006438301
global-disease-crisis,seed-2,OFF,CONSV,15,NORMAL,500000,0.3993312001060624,79.54350343566071
global-disease-crisis,seed-2,OFF,VAP,15,NORMAL,500000,0.3794273864009582,73.77561819969564
global-disease-crisis,seed-2,OFF,BAL,16,NORMAL,500000,0.45719092750323465,82.68562130794322
global-disease-crisis,seed-2,OFF,JPQ,16,NORMAL,500000,0.35731587459384795,77.92105805923237
global-disease-crisis,seed-2,OFF,CONSV,16,NORMAL,500000,0.486121947579526,81.18002316080785
global-disease-crisis,seed-2,OFF,VAP,16,NORMAL,500000,0.37627651808761214,75.87356874371999
global-disease-crisis,seed-2,OFF,MASS,17,NORMAL,500000,0.5893932785590513,62.89929404411055
global-disease-crisis,seed-2,OFF,BAL,17,NORMAL,500000,0.43920560004708287,84.07077160330776
global-disease-crisis,seed-2,OFF,JPQ,17,NORMAL,500000,0.3572434211659153,79.68737341449378
global-disease-crisis,seed-2,OFF,CONSV,17,NORMAL,500000,0.45555533790133856,82.68562130794322
global-disease-crisis,seed-2,OFF,VAP,17,NORMAL,500000,0.37099815420998317,77.80368324422238
global-disease-crisis,seed-2,OFF,MASS,18,NORMAL,500000,0.5893932785590513,65.86735052058171
global-disease-crisis,seed-2,OFF,BAL,18,NORMAL,500000,0.411181505384833,85.34510987504314
global-disease-crisis,seed-2,OFF,JPQ,18,NORMAL,500000,0.35742376669320897,81.31238354133427
global-disease-crisis,seed-2,OFF,CONSV,18,NORMAL,500000,0.49991651394217174,84.07077160330776
global-disease-crisis,seed-2,OFF,VAP,18,NORMAL,500000,0.3731681919792124,79.5793885846846
global-disease-crisis,seed-2,OFF,MASS,19,NORMAL,500000,0.5893932785590513,68.59796247893517
global-disease-crisis,seed-2,OFF,BAL,19,NORMAL,500000,0.41105778321470204,86.51750108503968
global-disease-crisis,seed-2,OFF,JPQ,19,NORMAL,500000,0.37316705009581064,82.80739285802753
global-disease-crisis,seed-2,OFF,CONSV,19,NORMAL,500000,0.4380051842293605,85.34510987504314
global-disease-crisis,seed-2,OFF,VAP,19,NORMAL,500000,0.37581484173986035,81.21303749790982
global-disease-crisis,seed-2,OFF,MASS,20,NORMAL,500000,0.5893932785590513,71.11012548062035
global-disease-crisis,seed-2,OFF,BAL,20,NORMAL,500000,0.410974667521494,87.59610099823651
global-disease-crisis,seed-2,OFF,JPQ,20,NORMAL,500000,0.38467533478679056,84.18280142938532
global-disease-crisis,seed-2,OFF,CONSV,20,NORMAL,500000,0.3881080585981071,86.51750108503968
global-disease-crisis,seed-2,OFF,VAP,20,NORMAL,500000,0.37287676512403073,82.71599449807704
global-disease-crisis,seed-2,OFF,BAL,21,NORMAL,500000,0.410974667521494,88.58841291837759
global-disease-crisis,seed-2,OFF,JPQ,21,NORMAL,500000,0.4087745584601168,85.4481773150345
global-disease-crisis,seed-2,OFF,CONSV,21,NORMAL,500000,0.37565909388021285,87.59610099823651
global-disease-crisis,seed-2,OFF,VAP,21,NORMAL,500000,0.3752730486702124,84.09871493823087
global-disease-crisis,seed-2,OFF,MASS,22,NORMAL,500000,0.5893324925523106,72.01603651564048
global-disease-crisis,seed-2,OFF,BAL,22,NORMAL,500000,0.410974667521494,89.50133988490738
global-disease-crisis,seed-2,OFF,JPQ,22,NORMAL,500000,0.4057651765508629,86.61232312983174
global-disease-crisis,seed-2,OFF,CONSV,22,NORMAL,500000,0.39208336633368335,88.58841291837759
global-disease-crisis,seed-2,OFF,VAP,22,NORMAL,500000,0.37368436944051076,85.3708177431724
global-disease-crisis,seed-2,OFF,JPQ,23,NORMAL,500000,0.4423696717015413,87.6833372794452
global-disease-crisis,seed-2,OFF,CONSV,23,NORMAL,500000,0.4056321208718819,89.50133988490738
global-disease-crisis,seed-2,OFF,VAP,23,NORMAL,500000,0.3789659928044969,86.5411523237186
global-disease-crisis,seed-2,OFF,BAL,24,NORMAL,500000,0.410974667521494,87.9207587324679
global-disease-crisis,seed-2,OFF,JPQ,24,NORMAL,500000,0.40134443965774314,88.66867029708958
global-disease-crisis,seed-2,OFF,VAP,24,NORMAL,500000,0.37988990486645047,87.61786013782111
global-disease-crisis,seed-2,OFF,BAL,25,NORMAL,500000,0.410974667521494,88.88709803387047
global-disease-crisis,seed-2,OFF,JPQ,25,NORMAL,500000,0.4006980480555566,89.5751766733224
global-disease-crisis,seed-2,OFF,CONSV,25,NORMAL,500000,0.39586981108696745,87.9207587324679
global-disease-crisis,seed-2,OFF,VAP,25,NORMAL,500000,0.3760403909496403,88.60843132679543
global-disease-crisis,seed-2,OFF,BAL,26,NORMAL,500000,0.410974667521494,89.77613019116083
global-disease-crisis,seed-2,OFF,CONSV,26,NORMAL,500000,0.3947594888338331,88.88709803387047
global-disease-crisis,seed-2,OFF,VAP,26,NORMAL,500000,0.37574446250355825,89.51975682065179
global-disease-crisis,seed-2,OFF,JPQ,27,NORMAL,500000,0.40073832028128625,87.98461278708922
global-disease-crisis,seed-2,OFF,CONSV,27,NORMAL,500000,0.3979573644398034,89.77613019116083
global-disease-crisis,seed-2,OFF,BAL,28,NORMAL,500000,0.410974667521494,88.1583973893159
global-disease-crisis,seed-2,OFF,JPQ,28,NORMAL,500000,0.40073832028128625,88.94584376412209
global-disease-crisis,seed-2,OFF,VAP,28,NORMAL,500000,0.3724536831497782,87.93668569849967
global-disease-crisis,seed-2,OFF,JPQ,29,NORMAL,500000,0.40073832028128625,89.83017626299232
global-disease-crisis,seed-2,OFF,CONSV,29,NORMAL,500000,0.38353999746863604,88.1583973893159
global-disease-crisis,seed-2,OFF,VAP,29,NORMAL,500000,0.3721812111610297,88.9017508426197
global-disease-crisis,seed-2,OFF,CONSV,30,NORMAL,500000,0.37834232337750734,89.10572559817062
global-disease-crisis,seed-2,OFF,VAP,30,NORMAL,500000,0.3722207763512954,89.78961077521012
global-disease-crisis,seed-2,OFF,JPQ,31,NORMAL,500000,0.40073832028128625,88.20513643223575
global-disease-crisis,seed-2,OFF,CONSV,31,NORMAL,500000,0.3825406898968326,89.97726755031697
global-disease-crisis,seed-2,OFF,JPQ,32,NORMAL,500000,0.40073832028128625,89.14872551765689
global-disease-crisis,seed-2,OFF,VAP,32,NORMAL,500000,0.37459053508609735,88.1700553984017
global-disease-crisis,seed-2,ON,BAL,2,NORMAL,500000,0.42352674105490346,50
global-disease-crisis,seed-2,ON,BAL,3,NORMAL,500000,0.4457400622253127,54
global-disease-crisis,seed-2,ON,JPQ,3,NORMAL,500000,0.3990044360515191,50
global-disease-crisis,seed-2,ON,CONSV,3,NORMAL,500000,0.4827363815239409,50
global-disease-crisis,seed-2,ON,BAL,4,NORMAL,500000,0.515219055685906,57.68
global-disease-crisis,seed-2,ON,CONSV,4,NORMAL,500000,0.44800358402867224,54
global-disease-crisis,seed-2,ON,MASS,5,NORMAL,500000,1.0789697996353083,50
global-disease-crisis,seed-2,ON,BAL,5,NORMAL,500000,0.3944474422450055,61.0656
global-disease-crisis,seed-2,ON,CONSV,5,NORMAL,500000,0.4275879762261085,57.68
global-disease-crisis,seed-2,ON,VAP,5,NORMAL,500000,0.350899650560092,50
global-disease-crisis,seed-2,ON,CONSV,6,NORMAL,500000,0.44800358402867224,61.0656
global-disease-crisis,seed-2,ON,MASS,7,LIQUIDITY_STRESS,500000,1.0577868982514782,53.76
global-disease-crisis,seed-2,ON,BAL,7,NORMAL,500000,0.3940184841951306,63.32953088
global-disease-crisis,seed-2,ON,VAP,7,NORMAL,500000,0.3508286432221449,53.76
global-disease-crisis,seed-2,ON,BAL,8,NORMAL,500000,0.44932713261890317,66.2631684096
global-disease-crisis,seed-2,ON,JPQ,8,NORMAL,500000,0.35746002631763696,53.12299584
global-disease-crisis,seed-2,ON,CONSV,8,NORMAL,500000,0.4213764260958421,63.32953088
global-disease-crisis,seed-2,ON,VAP,8,NORMAL,500000,0.3508286432221449,57.459199999999996
global-disease-crisis,seed-2,ON,BAL,9,NORMAL,500000,0.447026469331302,68.962114936832
global-disease-crisis,seed-2,ON,JPQ,9,NORMAL,500000,0.35746002631763696,56.8731561728
global-disease-crisis,seed-2,ON,CONSV,9,NORMAL,500000,0.4401956757817985,66.2631684096
global-disease-crisis,seed-2,ON,VAP,9,NORMAL,500000,0.3508286432221449,60.862463999999996
global-disease-crisis,seed-2,ON,BAL,10,NORMAL,500000,0.4404917650064532,71.44514574188544
global-disease-crisis,seed-2,ON,JPQ,10,NORMAL,500000,0.35746002631763696,60.323303678976
global-disease-crisis,seed-2,ON,CONSV,10,NORMAL,500000,0.4212074585731934,68.962114936832
global-disease-crisis,seed-2,ON,VAP,10,NORMAL,500000,0.3508286432221449,63.99346688
global-disease-crisis,seed-2,ON,BAL,11,NORMAL,500000,0.41443390400881913,73.7295340825346
global-disease-crisis,seed-2,ON,JPQ,11,NORMAL,500000,0.35746002631763696,63.49743938465792
global-disease-crisis,seed-2,ON,CONSV,11,NORMAL,500000,0.39639046839479697,71.44514574188544
global-disease-crisis,seed-2,ON,VAP,11,NORMAL,500000,0.3508286432221449,66.8739895296
global-disease-crisis,seed-2,ON,BAL,12,NORMAL,500000,0.3953100416656784,75.83117135593183
global-disease-crisis,seed-2,ON,JPQ,12,NORMAL,500000,0.35746002631763696,66.41764423388528
global-disease-crisis,seed-2,ON,CONSV,12,NORMAL,500000,0.3962299512597537,73.7295340825346
global-disease-crisis,seed-2,ON,VAP,12,NORMAL,500000,0.3508286432221449,69.524070367232
global-disease-crisis,seed-2,ON,BAL,13,NORMAL,500000,0.40889259618176094,77.76467764745729
global-disease-crisis,seed-2,ON,JPQ,13,NORMAL,500000,0.3737276069892444,69.10423269517446
global-disease-crisis,seed-2,ON,CONSV,13,NORMAL,500000,0.40570123836245997,75.83117135593183
global-disease-crisis,seed-2,ON,VAP,13,NORMAL,500000,0.3508286432221449,71.96214473785344
global-disease-crisis,seed-2,ON,MASS,14,NORMAL,500000,0.9233652971620367,55.1458766708529
global-disease-crisis,seed-2,ON,BAL,14,NORMAL,500000,0.3930863964590777,79.54350343566071
global-disease-crisis,seed-2,ON,JPQ,14,NORMAL,500000,0.35735126950825247,71.5758940795605
global-disease-crisis,seed-2,ON,CONSV,14,NORMAL,500000,0.3963497770928854,77.76467764745729
global-disease-crisis,seed-2,ON,VAP,14,NORMAL,500000,0.3508286432221449,74.20517315882516
global-disease-crisis,seed-2,ON,MASS,15,NORMAL,500000,0.7832847044079346,58.73420653718467
global-disease-crisis,seed-2,ON,BAL,15,NORMAL,500000,0.4036206385762847,81.18002316080785
global-disease-crisis,seed-2,ON,JPQ,15,NORMAL,500000,0.35731587459384795,73.84982255319566
global-disease-crisis,seed-2,ON,CONSV,15,NORMAL,500000,0.3962706179602525,79.54350343566071
global-disease-crisis,seed-2,ON,VAP,15,NORMAL,500000,0.3508286432221449,76.26875930611915
global-disease-crisis,seed-2,ON,BAL,16,NORMAL,500000,0.4565647157656362,82.68562130794322
global-disease-crisis,seed-2,ON,JPQ,16,NORMAL,500000,0.3403695201273091,75.94183674894
global-disease-crisis,seed-2,ON,CONSV,16,NORMAL,500000,0.3962299512597537,81.18002316080785
global-disease-crisis,seed-2,ON,VAP,16,NORMAL,500000,0.3508286432221449,78.16725856162962
global-disease-crisis,seed-2,ON,MASS,17,NORMAL,500000,0.6370887592059326,61.3133418133573
global-disease-crisis,seed-2,ON,BAL,17,NORMAL,500000,0.4414484807550535,84.07077160330776
global-disease-crisis,seed-2,ON,JPQ,17,NORMAL,500000,0.3402319442819837,77.8664898090248
global-disease-crisis,seed-2,ON,CONSV,17,NORMAL,500000,0.3891504844923532,82.68562130794322
global-disease-crisis,seed-2,ON,VAP,17,NORMAL,500000,0.3368299878929829,79.91387787669925
global-disease-crisis,seed-2,ON,MASS,18,NORMAL,500000,0.6631585578954,64.40827446828871
global-disease-crisis,seed-2,ON,BAL,18,NORMAL,500000,0.411181505384833,85.34510987504314
global-disease-crisis,seed-2,ON,JPQ,18,NORMAL,500000,0.3401975676962542,79.63717062430281
global-disease-crisis,seed-2,ON,CONSV,18,NORMAL,500000,0.3909577722600604,84.07077160330776
global-disease-crisis,seed-2,ON,VAP,18,NORMAL,500000,0.33679568276433275,81.5207676465633
global-disease-crisis,seed-2,ON,MASS,19,NORMAL,500000,0.6630200563567048,67.25561251082561
global-disease-crisis,seed-2,ON,BAL,19,NORMAL,500000,0.41105778321470204,86.51750108503968
global-disease-crisis,seed-2,ON,JPQ,19,NORMAL,500000,0.3401975676962542,81.26619697435859
global-disease-crisis,seed-2,ON,CONSV,19,NORMAL,500000,0.3940430153117235,85.34510987504314
global-disease-crisis,seed-2,ON,VAP,19,NORMAL,500000,0.33679568276433275,82.99910623483824
global-disease-crisis,seed-2,ON,MASS,20,NORMAL,500000,0.6630200563567048,69.87516350995956
global-disease-crisis,seed-2,ON,BAL,20,NORMAL,500000,0.410974667521494,87.59610099823651
global-disease-crisis,seed-2,ON,JPQ,20,NORMAL,500000,0.3401975676962542,82.76490121640991
global-disease-crisis,seed-2,ON,CONSV,20,NORMAL,500000,0.39070649893376197,86.51750108503968
global-disease-crisis,seed-2,ON,VAP,20,NORMAL,500000,0.33679568276433275,84.35917773605118
global-disease-crisis,seed-2,ON,MASS,21,NORMAL,500000,0.6630200563567048,72.2851504291628
global-disease-crisis,seed-2,ON,BAL,21,NORMAL,500000,0.410974667521494,88.58841291837759
global-disease-crisis,seed-2,ON,JPQ,21,NORMAL,500000,0.34016319805655243,84.14370911909711
global-disease-crisis,seed-2,ON,CONSV,21,NORMAL,500000,0.3913583382611871,87.59610099823651
global-disease-crisis,seed-2,ON,VAP,21,NORMAL,500000,0.33686366453768823,85.61044351716708
global-disease-crisis,seed-2,ON,BAL,22,NORMAL,500000,0.410974667521494,89.50133988490738
global-disease-crisis,seed-2,ON,JPQ,22,NORMAL,500000,0.3248651387349569,85.41221238956935
global-disease-crisis,seed-2,ON,CONSV,22,NORMAL,500000,0.3897982014710984,88.58841291837759
global-disease-crisis,seed-2,ON,VAP,22,NORMAL,500000,0.33686366453768823,86.76160803579371
global-disease-crisis,seed-2,ON,JPQ,23,NORMAL,500000,0.35800142126564244,86.5792353984038
global-disease-crisis,seed-2,ON,CONSV,23,NORMAL,500000,0.39534504925208624,89.50133988490738
global-disease-crisis,seed-2,ON,VAP,23,NORMAL,500000,0.3239725986567837,87.82067939293022
global-disease-crisis,seed-2,ON,BAL,24,NORMAL,500000,0.410974667521494,87.9207587324679
global-disease-crisis,seed-2,ON,JPQ,24,NORMAL,500000,0.3247015327276091,87.6528965665315
global-disease-crisis,seed-2,ON,VAP,24,NORMAL,500000,0.32387447143686254,88.7950250414958
global-disease-crisis,seed-2,ON,BAL,25,NORMAL,500000,0.410974667521494,88.88709803387047
global-disease-crisis,seed-2,ON,JPQ,25,NORMAL,500000,0.3247015327276091,88.64066484120897
global-disease-crisis,seed-2,ON,CONSV,25,NORMAL,500000,0.37429296059743145,87.9207587324679
global-disease-crisis,seed-2,ON,VAP,25,NORMAL,500000,0.3239402747428173,89.69142303817614
global-disease-crisis,seed-2,ON,BAL,26,NORMAL,500000,0.410974667521494,89.77613019116083
global-disease-crisis,seed-2,ON,JPQ,26,NORMAL,500000,0.3247015327276091,89.54941165391226
global-disease-crisis,seed-2,ON,CONSV,26,NORMAL,500000,0.37438810943364437,88.88709803387047
global-disease-crisis,seed-2,ON,CONSV,27,NORMAL,500000,0.380922922913009,89.77613019116083
global-disease-crisis,seed-2,ON,VAP,27,NORMAL,500000,0.32384216709996744,88.08514264341473
global-disease-crisis,seed-2,ON,BAL,28,NORMAL,500000,0.410974667521494,88.1583973893159
global-disease-crisis,seed-2,ON,JPQ,28,NORMAL,500000,0.31070916944394056,87.96233119830332
global-disease-crisis,seed-2,ON,VAP,28,NORMAL,500000,0.32384216709996744,89.03833123194156
global-disease-crisis,seed-2,ON,JPQ,29,NORMAL,500000,0.310646739796637,88.92534470243905
global-disease-crisis,seed-2,ON,CONSV,29,NORMAL,500000,0.3761823882691284,88.1583973893159
global-disease-crisis,seed-2,ON,VAP,29,NORMAL,500000,0.3118792044435551,89.91526473338624
global-disease-crisis,seed-2,ON,JPQ,30,NORMAL,500000,0.3105843352318111,89.81131712624392
global-disease-crisis,seed-2,ON,CONSV,30,NORMAL,500000,0.37540045843903985,89.10572559817062
global-disease-crisis,seed-2,ON,CONSV,31,NORMAL,500000,0.3788902078478013,89.97726755031697
global-disease-crisis,seed-2,ON,VAP,31,NORMAL,500000,0.3118481593848458,88.27872094143243
global-disease-crisis,seed-2,ON,JPQ,32,NORMAL,500000,0.3105843352318111,88.18882705077574
global-disease-crisis,seed-2,ON,VAP,32,NORMAL,500000,0.3118481593848458,89.21642326611783
global-disease-crisis,seed-3,OFF,BAL,2,NORMAL,500000,0.42352674105490346,50
global-disease-crisis,seed-3,OFF,BAL,3,NORMAL,500000,0.4478914167880452,54
global-disease-crisis,seed-3,OFF,JPQ,3,NORMAL,500000,0.519262725857217,50
global-disease-crisis,seed-3,OFF,CONSV,3,NORMAL,500000,0.4220150034774036,50
global-disease-crisis,seed-3,OFF,BAL,4,NORMAL,500000,0.48039461535283545,57.68
global-disease-crisis,seed-3,OFF,JPQ,4,NORMAL,500000,0.40439951080599973,54
global-disease-crisis,seed-3,OFF,MASS,5,NORMAL,500000,1.061362683549409,50
global-disease-crisis,seed-3,OFF,BAL,5,NORMAL,500000,0.41796025365171874,61.0656
global-disease-crisis,seed-3,OFF,JPQ,5,NORMAL,500000,0.3574962932996829,57.68
global-disease-crisis,seed-3,OFF,CONSV,5,NORMAL,500000,0.42222829292678943,53.76
global-disease-crisis,seed-3,OFF,VAP,5,NORMAL,500000,0.36032743097783926,50
global-disease-crisis,seed-3,OFF,MASS,7,LIQUIDITY_STRESS,500000,1.0767160161507403,53.76
global-disease-crisis,seed-3,OFF,BAL,7,NORMAL,500000,0.4007893947919823,63.32953088
global-disease-crisis,seed-3,OFF,VAP,7,NORMAL,250000,0.19219125397566827,53.76
global-disease-crisis,seed-3,OFF,JPQ,8,NORMAL,500000,0.3815848960761167,59.777564160000004
global-disease-crisis,seed-3,OFF,CONSV,8,NORMAL,500000,0.429500868450756,56.59094911999999
global-disease-crisis,seed-3,OFF,MASS,9,NORMAL,500000,0.9423871609173197,57.011647999999994
global-disease-crisis,seed-3,OFF,BAL,9,NORMAL,500000,0.41857221668311656,65.28737830502399
global-disease-crisis,seed-3,OFF,JPQ,9,NORMAL,500000,0.3980923731950392,62.9953590272
global-disease-crisis,seed-3,OFF,CONSV,9,NORMAL,500000,0.47316693944740723,60.06367319039999
global-disease-crisis,seed-3,OFF,BAL,10,NORMAL,500000,0.4192260416509457,68.06438804062208
global-disease-crisis,seed-3,OFF,JPQ,10,NORMAL,500000,0.39225192615308335,65.955730305024
global-disease-crisis,seed-3,OFF,CONSV,10,NORMAL,500000,0.4293279043388737,63.25857933516799
global-disease-crisis,seed-3,OFF,VAP,10,NORMAL,500000,0.3753282620980309,54.95664256
global-disease-crisis,seed-3,OFF,MASS,11,NORMAL,500000,0.7299190154852319,59.823673190399994
global-disease-crisis,seed-3,OFF,BAL,11,NORMAL,500000,0.41740861047178024,70.61923699737231
global-disease-crisis,seed-3,OFF,JPQ,11,NORMAL,500000,0.3762986631312655,68.67927188062208
global-disease-crisis,seed-3,OFF,CONSV,11,NORMAL,500000,0.5479584165316862,66.19789298835455
global-disease-crisis,seed-3,OFF,VAP,11,NORMAL,500000,0.3796863547710324,58.5601111552
global-disease-crisis,seed-3,OFF,BAL,12,NORMAL,500000,0.42687648499657216,72.96969803758253
global-disease-crisis,seed-3,OFF,JPQ,12,NORMAL,500000,0.3762603498875094,71.18493013017232
global-disease-crisis,seed-3,OFF,VAP,12,NORMAL,500000,0.37818187098975936,61.875302262784
global-disease-crisis,seed-3,OFF,BAL,13,NORMAL,500000,0.40904312541671267,75.13212219457593
global-disease-crisis,seed-3,OFF,JPQ,13,NORMAL,500000,0.3762603498875094,73.49013571975853
global-disease-crisis,seed-3,OFF,CONSV,13,NORMAL,500000,0.4209517803945076,67.76793785632901
global-disease-crisis,seed-3,OFF,VAP,13,NORMAL,500000,0.37448526999638987,64.92527808176128
global-disease-crisis,seed-3,OFF,MASS,14,NORMAL,500000,0.5893324925523106,61.52018182055444
global-disease-crisis,seed-3,OFF,BAL,14,NORMAL,500000,0.4104129986004917,77.12155241900986
global-disease-crisis,seed-3,OFF,JPQ,14,NORMAL,500000,0.3985070014890612,75.61092486217784
global-disease-crisis,seed-3,OFF,CONSV,14,NORMAL,500000,0.4494228511745217,70.34650282782269
global-disease-crisis,seed-3,OFF,VAP,14,NORMAL,500000,0.37282694089231505,67.73125583522038
global-disease-crisis,seed-3,OFF,BAL,15,NORMAL,500000,0.4393051598148241,78.95182822548907
global-disease-crisis,seed-3,OFF,JPQ,15,NORMAL,500000,0.378516293347402,77.56205087320362
global-disease-crisis,seed-3,OFF,CONSV,15,NORMAL,500000,0.45711652723088864,72.71878260159687
global-disease-crisis,seed-3,OFF,VAP,15,NORMAL,500000,0.4123051651941875,70.31275536840275
global-disease-crisis,seed-3,OFF,BAL,16,NORMAL,500000,0.43778773598947907,80.63568196744994
global-disease-crisis,seed-3,OFF,JPQ,16,NORMAL,500000,0.35735126950825247,79.35708680334733
global-disease-crisis,seed-3,OFF,CONSV,16,NORMAL,500000,0.4491176634384089,74.90127999346912
global-disease-crisis,seed-3,OFF,VAP,16,NORMAL,500000,0.36315968683432825,72.68773493893053
global-disease-crisis,seed-3,OFF,BAL,17,NORMAL,500000,0.42459816030109104,82.18482741005394
global-disease-crisis,seed-3,OFF,JPQ,17,NORMAL,500000,0.3572434211659153,81.00851985907954
global-disease-crisis,seed-3,OFF,CONSV,17,NORMAL,500000,0.4437673540770904,76.90917759399159
global-disease-crisis,seed-3,OFF,VAP,17,NORMAL,500000,0.35093482017397937,74.87271614381609
global-disease-crisis,seed-3,OFF,MASS,18,NORMAL,500000,0.5893324925523106,62.12533640146391
global-disease-crisis,seed-3,OFF,BAL,18,NORMAL,500000,0.4236656227545722,83.61004121724963
global-disease-crisis,seed-3,OFF,JPQ,18,NORMAL,500000,0.35742376669320897,82.52783827035317
global-disease-crisis,seed-3,OFF,CONSV,18,NORMAL,500000,0.4448742918713459,78.75644338647226
global-disease-crisis,seed-3,OFF,VAP,18,NORMAL,500000,0.3666659040015863,76.8828988523108
global-disease-crisis,seed-3,OFF,MASS,19,NORMAL,500000,0.5893932785590513,65.15530948934679
global-disease-crisis,seed-3,OFF,BAL,19,NORMAL,500000,0.4236656227545722,84.92123791986965
global-disease-crisis,seed-3,OFF,JPQ,19,NORMAL,500000,0.3938015633922067,83.92561120872492
global-disease-crisis,seed-3,OFF,CONSV,19,NORMAL,500000,0.4468055636228782,80.45592791555447
global-disease-crisis,seed-3,OFF,VAP,19,NORMAL,500000,0.45566722440334934,78.73226694412594
global-disease-crisis,seed-3,OFF,MASS,20,NORMAL,500000,0.5893324925523106,67.94288473019905
global-disease-crisis,seed-3,OFF,BAL,20,NORMAL,500000,0.4236656227545722,86.12753888628008
global-disease-crisis,seed-3,OFF,JPQ,20,NORMAL,500000,0.3572072054694424,85.21156231202693
global-disease-crisis,seed-3,OFF,CONSV,20,NORMAL,500000,0.4471048174649872,82.01945368231011
global-disease-crisis,seed-3,OFF,VAP,20,NORMAL,500000,0.35121850342704963,80.43368558859586
global-disease-crisis,seed-3,OFF,BAL,21,NORMAL,500000,0.4236656227545722,87.23733577537767
global-disease-crisis,seed-3,OFF,JPQ,21,NORMAL,500000,0.398604501584134,86.39463732706477
global-disease-crisis,seed-3,OFF,CONSV,21,NORMAL,500000,0.4465388106974624,83.45789738772531
global-disease-crisis,seed-3,OFF,VAP,21,NORMAL,500000,0.35068740342068905,81.9989907415082
global-disease-crisis,seed-3,OFF,MASS,22,NORMAL,500000,0.554666548337803,69.27700671467615
global-disease-crisis,seed-3,OFF,BAL,22,NORMAL,500000,0.4236656227545722,88.25834891334746
global-disease-crisis,seed-3,OFF,JPQ,22,NORMAL,500000,0.4140142841552262,87.48306634089958
global-disease-crisis,seed-3,OFF,CONSV,22,NORMAL,500000,0.4462207998686326,84.78126559670729
global-disease-crisis,seed-3,OFF,VAP,22,NORMAL,500000,0.36078753279919457,83.43907148218754
global-disease-crisis,seed-3,OFF,MASS,23,NORMAL,500000,0.554666548337803,71.73484617750205
global-disease-crisis,seed-3,OFF,BAL,23,NORMAL,500000,0.4236656227545722,89.19768100027966
global-disease-crisis,seed-3,OFF,JPQ,23,NORMAL,500000,0.40126259683670246,88.48442103362761
global-disease-crisis,seed-3,OFF,CONSV,23,NORMAL,500000,0.4463183865768853,85.9987643489707
global-disease-crisis,seed-3,OFF,VAP,23,NORMAL,500000,0.3831001938793461,84.76394576361254
global-disease-crisis,seed-3,OFF,JPQ,24,NORMAL,500000,0.4012222191729334,89.4056673509374
global-disease-crisis,seed-3,OFF,CONSV,24,NORMAL,500000,0.44645926550307474,87.11886320105305
global-disease-crisis,seed-3,OFF,VAP,24,NORMAL,500000,0.3797662948602733,85.98283010252354
global-disease-crisis,seed-3,OFF,BAL,25,NORMAL,500000,0.4282486514449966,87.65815452904184
global-disease-crisis,seed-3,OFF,CONSV,25,NORMAL,500000,0.4464801957011994,88.1493541449688
global-disease-crisis,seed-3,OFF,VAP,25,NORMAL,500000,0.3712110120786124,87.10420369432165
global-disease-crisis,seed-3,OFF,BAL,26,NORMAL,500000,0.4282486514449966,88.64550216671849
global-disease-crisis,seed-3,OFF,JPQ,26,NORMAL,500000,0.4012222191729334,87.83802112509068
global-disease-crisis,seed-3,OFF,CONSV,26,NORMAL,500000,0.44643415185546964,89.0974058133713
global-disease-crisis,seed-3,OFF,VAP,26,NORMAL,500000,0.37284017415513665,88.13586739877593
global-disease-crisis,seed-3,OFF,BAL,27,NORMAL,500000,0.41047768930615314,89.553861993381
global-disease-crisis,seed-3,OFF,JPQ,27,NORMAL,500000,0.4012222191729334,88.81097943508342
global-disease-crisis,seed-3,OFF,CONSV,27,NORMAL,500000,0.4464132259739286,89.96961334830159
global-disease-crisis,seed-3,OFF,VAP,27,NORMAL,500000,0.3772048756596936,89.08499800687386
global-disease-crisis,seed-3,OFF,JPQ,28,NORMAL,500000,0.4012222191729334,89.70610108027675
global-disease-crisis,seed-3,OFF,VAP,28,NORMAL,500000,0.3742851154295295,89.95819816632395
global-disease-crisis,seed-3,OFF,CONSV,29,NORMAL,500000,0.4262979814364281,88.32572162361123
global-disease-crisis,seed-3,OFF,JPQ,30,NORMAL,500000,0.4012222191729334,88.09783621422334
global-disease-crisis,seed-3,OFF,CONSV,30,NORMAL,500000,0.42947762636305464,89.25966389372233
global-disease-crisis,seed-3,OFF,VAP,30,NORMAL,500000,0.37157791602458,88.31584977423697
global-disease-crisis,seed-3,OFF,JPQ,31,NORMAL,500000,0.4012222191729334,89.05000931708547
global-disease-crisis,seed-3,OFF,VAP,31,NORMAL,500000,0.37358508385341355,89.25058179229801
global-disease-crisis,seed-3,OFF,JPQ,32,NORMAL,500000,0.4012222191729334,89.92600857171863
global-disease-crisis,seed-3,OFF,CONSV,32,NORMAL,500000,0.4323907359420043,87.71175733529108
global-disease-crisis,seed-3,ON,BAL,2,NORMAL,500000,0.42352674105490346,50
global-disease-crisis,seed-3,ON,BAL,3,NORMAL,500000,0.4457400622253127,54
global-disease-crisis,seed-3,ON,JPQ,3,NORMAL,500000,0.3990044360515191,50
global-disease-crisis,seed-3,ON,CONSV,3,NORMAL,500000,0.4827363815239409,50
global-disease-crisis,seed-3,ON,BAL,4,NORMAL,500000,0.4690119138406354,57.68
global-disease-crisis,seed-3,ON,CONSV,4,NORMAL,500000,0.44800358402867224,54
global-disease-crisis,seed-3,ON,MASS,5,NORMAL,500000,1.0420465794821028,50
global-disease-crisis,seed-3,ON,BAL,5,NORMAL,500000,0.4158567855767559,61.0656
global-disease-crisis,seed-3,ON,CONSV,5,NORMAL,500000,0.4213341715074452,57.68
global-disease-crisis,seed-3,ON,VAP,5,NORMAL,500000,0.350899650560092,50
global-disease-crisis,seed-3,ON,CONSV,6,NORMAL,500000,0.44800358402867224,61.0656
global-disease-crisis,seed-3,ON,MASS,7,LIQUIDITY_STRESS,500000,1.017682228724081,53.76
global-disease-crisis,seed-3,ON,BAL,7,NORMAL,500000,0.4019134294549491,63.32953088
global-disease-crisis,seed-3,ON,VAP,7,NORMAL,500000,0.3508286432221449,53.76
global-disease-crisis,seed-3,ON,JPQ,8,NORMAL,500000,0.35738751442416006,53.12299584
global-disease-crisis,seed-3,ON,CONSV,8,NORMAL,500000,0.4213764260958421,63.32953088
global-disease-crisis,seed-3,ON,VAP,8,NORMAL,500000,0.3508286432221449,57.459199999999996
global-disease-crisis,seed-3,ON,BAL,9,NORMAL,500000,0.41779680702968197,65.28737830502399
global-disease-crisis,seed-3,ON,JPQ,9,NORMAL,500000,0.35738751442416006,56.8731561728
global-disease-crisis,seed-3,ON,CONSV,9,NORMAL,500000,0.4849009129229488,66.2631684096
global-disease-crisis,seed-3,ON,VAP,9,NORMAL,100000,0.07016572864442899,60.862463999999996
global-disease-crisis,seed-3,ON,BAL,10,NORMAL,500000,0.418072435230128,68.06438804062208
global-disease-crisis,seed-3,ON,JPQ,10,NORMAL,500000,0.3572796442066391,60.323303678976
global-disease-crisis,seed-3,ON,CONSV,10,NORMAL,500000,0.4304027924533174,68.962114936832
global-disease-crisis,seed-3,ON,VAP,10,NORMAL,500000,0.3508286432221449,61.488664576
global-disease-crisis,seed-3,ON,MASS,11,NORMAL,500000,0.672687217261154,56.19549217279999
global-disease-crisis,seed-3,ON,BAL,11,NORMAL,500000,0.4157209016154914,70.61923699737231
global-disease-crisis,seed-3,ON,JPQ,11,NORMAL,500000,0.3572072054694424,63.49743938465792
global-disease-crisis,seed-3,ON,CONSV,11,NORMAL,500000,0.3964696754221708,71.44514574188544
global-disease-crisis,seed-3,ON,VAP,11,NORMAL,500000,0.3508286432221449,64.56957140992
global-disease-crisis,seed-3,ON,BAL,12,NORMAL,500000,0.42682401107010753,72.96969803758253
global-disease-crisis,seed-3,ON,JPQ,12,NORMAL,500000,0.3572072054694424,66.41764423388528
global-disease-crisis,seed-3,ON,CONSV,12,NORMAL,500000,0.39631019357375097,73.7295340825346
global-disease-crisis,seed-3,ON,VAP,12,NORMAL,500000,0.3508286432221449,67.40400569712641
global-disease-crisis,seed-3,ON,BAL,13,NORMAL,500000,0.40948632397575185,75.13212219457593
global-disease-crisis,seed-3,ON,JPQ,13,NORMAL,500000,0.3572796442066391,69.10423269517446
global-disease-crisis,seed-3,ON,CONSV,13,NORMAL,500000,0.39643006795207797,75.83117135593183
global-disease-crisis,seed-3,ON,VAP,13,NORMAL,500000,0.3508286432221449,70.01168524135629
global-disease-crisis,seed-3,ON,MASS,14,NORMAL,500000,0.6322331422935522,58.57078993317518
global-disease-crisis,seed-3,ON,BAL,14,NORMAL,500000,0.410651646672038,77.12155241900986
global-disease-crisis,seed-3,ON,JPQ,14,NORMAL,500000,0.3572796442066391,71.5758940795605
global-disease-crisis,seed-3,ON,CONSV,14,NORMAL,500000,0.3963497770928854,77.76467764745729
global-disease-crisis,seed-3,ON,VAP,14,NORMAL,500000,0.3508286432221449,72.41075042204778
global-disease-crisis,seed-3,ON,BAL,15,NORMAL,500000,0.43853878875586544,78.95182822548907
global-disease-crisis,seed-3,ON,JPQ,15,NORMAL,500000,0.3572072054694424,73.84982255319566
global-disease-crisis,seed-3,ON,CONSV,15,NORMAL,500000,0.3962706179602525,79.54350343566071
global-disease-crisis,seed-3,ON,VAP,15,NORMAL,500000,0.3508286432221449,74.61789038828397
global-disease-crisis,seed-3,ON,BAL,16,NORMAL,500000,0.43391929795328943,80.63568196744994
global-disease-crisis,seed-3,ON,JPQ,16,NORMAL,500000,0.34033511573640146,75.94183674894
global-disease-crisis,seed-3,ON,CONSV,16,NORMAL,500000,0.3962299512597537,81.18002316080785
global-disease-crisis,seed-3,ON,VAP,16,NORMAL,500000,0.3508286432221449,76.64845915722125
global-disease-crisis,seed-3,ON,BAL,17,NORMAL,500000,0.42370762817791313,82.18482741005394
global-disease-crisis,seed-3,ON,JPQ,17,NORMAL,500000,0.3402319442819837,77.8664898090248
global-disease-crisis,seed-3,ON,CONSV,17,NORMAL,500000,0.3962299512597537,82.68562130794322
global-disease-crisis,seed-3,ON,VAP,17,NORMAL,500000,0.3368299878929829,78.51658242464356
global-disease-crisis,seed-3,ON,BAL,18,NORMAL,500000,0.4236656227545722,83.61004121724963
global-disease-crisis,seed-3,ON,JPQ,18,NORMAL,500000,0.3401975676962542,79.63717062430281
global-disease-crisis,seed-3,ON,CONSV,18,NORMAL,500000,0.38760996979355505,84.07077160330776
global-disease-crisis,seed-3,ON,VAP,18,NORMAL,500000,0.33679568276433275,80.23525583067207
global-disease-crisis,seed-3,ON,BAL,19,NORMAL,500000,0.4236656227545722,84.92123791986965
global-disease-crisis,seed-3,ON,JPQ,19,NORMAL,500000,0.375048643809102,81.26619697435859
global-disease-crisis,seed-3,ON,CONSV,19,NORMAL,500000,0.38935624616970793,85.34510987504314
global-disease-crisis,seed-3,ON,VAP,19,NORMAL,500000,0.33679568276433275,81.81643536421831
global-disease-crisis,seed-3,ON,BAL,20,NORMAL,500000,0.4236656227545722,86.12753888628008
global-disease-crisis,seed-3,ON,JPQ,20,NORMAL,500000,0.3401975676962542,82.76490121640991
global-disease-crisis,seed-3,ON,CONSV,20,NORMAL,500000,0.3959246682052299,86.51750108503968
global-disease-crisis,seed-3,ON,VAP,20,NORMAL,500000,0.33679568276433275,83.27112053508084
global-disease-crisis,seed-3,ON,BAL,21,NORMAL,500000,0.4236656227545722,87.23733577537767
global-disease-crisis,seed-3,ON,JPQ,21,NORMAL,500000,0.3401975676962542,84.14370911909711
global-disease-crisis,seed-3,ON,CONSV,21,NORMAL,500000,0.39413107301790495,87.59610099823651
global-disease-crisis,seed-3,ON,VAP,21,NORMAL,500000,0.33679568276433275,84.60943089227437
global-disease-crisis,seed-3,ON,BAL,22,NORMAL,500000,0.4236656227545722,88.25834891334746
global-disease-crisis,seed-3,ON,JPQ,22,NORMAL,500000,0.3248651387349569,85.41221238956935
global-disease-crisis,seed-3,ON,CONSV,22,NORMAL,500000,0.39329123806115285,88.58841291837759
global-disease-crisis,seed-3,ON,VAP,22,NORMAL,500000,0.33679568276433275,85.84067642089242
global-disease-crisis,seed-3,ON,BAL,23,NORMAL,500000,0.4236656227545722,89.19768100027966
global-disease-crisis,seed-3,ON,JPQ,23,NORMAL,500000,0.3247669553520133,86.5792353984038
global-disease-crisis,seed-3,ON,CONSV,23,NORMAL,500000,0.3956877944164495,89.50133988490738
global-disease-crisis,seed-3,ON,VAP,23,NORMAL,500000,0.3239725986567837,86.97342230722103
global-disease-crisis,seed-3,ON,JPQ,24,NORMAL,500000,0.3247342407447169,87.6528965665315
global-disease-crisis,seed-3,ON,VAP,24,NORMAL,500000,0.32387447143686254,88.01554852264334
global-disease-crisis,seed-3,ON,BAL,25,NORMAL,500000,0.4282486514449966,87.65815452904184
global-disease-crisis,seed-3,ON,JPQ,25,NORMAL,500000,0.3247342407447169,88.64066484120897
global-disease-crisis,seed-3,ON,CONSV,25,NORMAL,500000,0.37429296059743145,87.9207587324679
global-disease-crisis,seed-3,ON,VAP,25,NORMAL,500000,0.32384216709996744,88.97430464083187
global-disease-crisis,seed-3,ON,BAL,26,NORMAL,500000,0.4282486514449966,88.64550216671849
global-disease-crisis,seed-3,ON,JPQ,26,NORMAL,500000,0.3247342407447169,89.54941165391226
global-disease-crisis,seed-3,ON,CONSV,26,NORMAL,500000,0.37439105295237296,88.88709803387047
global-disease-crisis,seed-3,ON,VAP,26,NORMAL,500000,0.32384216709996744,89.85636026956533
global-disease-crisis,seed-3,ON,BAL,27,NORMAL,500000,0.4105191425076151,89.553861993381
global-disease-crisis,seed-3,ON,CONSV,27,NORMAL,500000,0.3807909255999266,89.77613019116083
global-disease-crisis,seed-3,ON,JPQ,28,NORMAL,500000,0.3107403936782477,87.96233119830332
global-disease-crisis,seed-3,ON,VAP,28,NORMAL,500000,0.32384216709996744,88.2277803611201
global-disease-crisis,seed-3,ON,JPQ,29,NORMAL,500000,0.310646739796637,88.92534470243905
global-disease-crisis,seed-3,ON,CONSV,29,NORMAL,500000,0.3760487058283789,88.1583973893159
global-disease-crisis,seed-3,ON,VAP,29,NORMAL,500000,0.3119734667814396,89.16955793223049
global-disease-crisis,seed-3,ON,JPQ,30,NORMAL,500000,0.31061553437985917,89.81131712624392
global-disease-crisis,seed-3,ON,CONSV,30,NORMAL,500000,0.37567193621691597,89.10572559817062
global-disease-crisis,seed-3,ON,CONSV,31,NORMAL,500000,0.37770013102417543,89.97726755031697
global-disease-crisis,seed-3,ON,VAP,31,NORMAL,500000,0.3118481593848458,87.63383369979293
global-disease-crisis,seed-3,ON,JPQ,32,NORMAL,500000,0.31061553437985917,88.18882705077574
global-disease-crisis,seed-3,ON,VAP,32,NORMAL,500000,0.3118481593848458,88.6231270038095
global-disease-crisis,seed-4,OFF,BAL,2,NORMAL,500000,0.42352674105490346,50
global-disease-crisis,seed-4,OFF,BAL,3,NORMAL,500000,0.4478914167880452,54
global-disease-crisis,seed-4,OFF,JPQ,3,NORMAL,500000,0.519262725857217,50
global-disease-crisis,seed-4,OFF,CONSV,3,NORMAL,500000,0.4220150034774036,50
global-disease-crisis,seed-4,OFF,BAL,4,NORMAL,500000,0.4766794130741723,57.68
global-disease-crisis,seed-4,OFF,JPQ,4,NORMAL,500000,0.40439951080599973,54
global-disease-crisis,seed-4,OFF,MASS,5,NORMAL,500000,1.0456532195662631,50
global-disease-crisis,seed-4,OFF,BAL,5,NORMAL,500000,0.41707122575564964,61.0656
global-disease-crisis,seed-4,OFF,JPQ,5,NORMAL,500000,0.3574962932996829,57.68
global-disease-crisis,seed-4,OFF,CONSV,5,NORMAL,500000,0.42222829292678943,53.76
global-disease-crisis,seed-4,OFF,VAP,5,NORMAL,500000,0.36032743097783926,50
global-disease-crisis,seed-4,OFF,MASS,7,LIQUIDITY_STRESS,500000,1.0596587898696619,53.76
global-disease-crisis,seed-4,OFF,BAL,7,NORMAL,500000,0.41439165647263193,63.32953088
global-disease-crisis,seed-4,OFF,VAP,7,NORMAL,500000,0.38358737046254493,53.76
global-disease-crisis,seed-4,OFF,BAL,8,NORMAL,500000,0.39523036001533496,66.2631684096
global-disease-crisis,seed-4,OFF,CONSV,8,NORMAL,500000,0.429500868450756,56.59094911999999
global-disease-crisis,seed-4,OFF,MASS,9,NORMAL,500000,0.8973599669771533,57.011647999999994
global-disease-crisis,seed-4,OFF,BAL,9,NORMAL,500000,0.39523036001533496,68.962114936832
global-disease-crisis,seed-4,OFF,JPQ,9,NORMAL,500000,0.3978435922475561,59.1909103104
global-disease-crisis,seed-4,OFF,CONSV,9,NORMAL,500000,0.4293279043388737,60.06367319039999
global-disease-crisis,seed-4,OFF,BAL,10,NORMAL,500000,0.42364946904012046,71.44514574188544
global-disease-crisis,seed-4,OFF,JPQ,10,NORMAL,500000,0.41816085995951696,62.455637485568
global-disease-crisis,seed-4,OFF,CONSV,10,NORMAL,500000,0.460151141243853,63.25857933516799
global-disease-crisis,seed-4,OFF,VAP,10,NORMAL,500000,0.41176705053238183,56.59094911999999
global-disease-crisis,seed-4,OFF,MASS,11,NORMAL,500000,0.6688985581891578,59.823673190399994
global-disease-crisis,seed-4,OFF,BAL,11,NORMAL,500000,0.42030758108784005,73.7295340825346
global-disease-crisis,seed-4,OFF,JPQ,11,NORMAL,500000,0.3784803634925411,65.45918648672256
global-disease-crisis,seed-4,OFF,CONSV,11,NORMAL,500000,0.5479584165316862,66.19789298835455
global-disease-crisis,seed-4,OFF,VAP,11,NORMAL,500000,0.3632416850345878,60.06367319039999
global-disease-crisis,seed-4,OFF,BAL,12,NORMAL,500000,0.4154587204369961,75.83117135593183
global-disease-crisis,seed-4,OFF,JPQ,12,NORMAL,500000,0.3762603498875094,68.22245156778476
global-disease-crisis,seed-4,OFF,VAP,12,NORMAL,500000,0.40235645691985505,63.25857933516799
global-disease-crisis,seed-4,OFF,BAL,13,NORMAL,500000,0.41480832536901346,77.76467764745729
global-disease-crisis,seed-4,OFF,JPQ,13,NORMAL,500000,0.3762603498875094,70.76465544236198
global-disease-crisis,seed-4,OFF,CONSV,13,NORMAL,500000,0.4283456903925917,67.76793785632901
global-disease-crisis,seed-4,OFF,VAP,13,NORMAL,500000,0.3622513253326988,66.19789298835455
global-disease-crisis,seed-4,OFF,MASS,14,NORMAL,500000,0.5893324925523106,61.52018182055444
global-disease-crisis,seed-4,OFF,BAL,14,NORMAL,500000,0.39658366963628516,79.54350343566071
global-disease-crisis,seed-4,OFF,JPQ,14,NORMAL,500000,0.3985070014890612,73.10348300697302
global-disease-crisis,seed-4,OFF,CONSV,14,NORMAL,500000,0.4544843057479539,70.34650282782269
global-disease-crisis,seed-4,OFF,VAP,14,NORMAL,500000,0.35939410179651043,68.90206154928619
global-disease-crisis,seed-4,OFF,BAL,15,NORMAL,500000,0.41102027563019683,81.18002316080785
global-disease-crisis,seed-4,OFF,JPQ,15,NORMAL,500000,0.36046199115743477,75.25520436641519
global-disease-crisis,seed-4,OFF,CONSV,15,NORMAL,500000,0.4559362674047971,72.71878260159687
global-disease-crisis,seed-4,OFF,VAP,15,NORMAL,500000,0.36796697363943476,71.3898966253433
global-disease-crisis,seed-4,OFF,BAL,16,NORMAL,500000,0.4224178861871041,82.68562130794322
global-disease-crisis,seed-4,OFF,JPQ,16,NORMAL,500000,0.35731587459384795,77.23478801710198
global-disease-crisis,seed-4,OFF,CONSV,16,NORMAL,500000,0.4470334635839835,74.90127999346912
global-disease-crisis,seed-4,OFF,VAP,16,NORMAL,500000,0.37162354000259834,73.67870489531583
global-disease-crisis,seed-4,OFF,MASS,17,NORMAL,250000,0.2946662462761553,62.89929404411055
global-disease-crisis,seed-4,OFF,BAL,17,NORMAL,500000,0.410974667521494,84.07077160330776
global-disease-crisis,seed-4,OFF,JPQ,17,NORMAL,500000,0.3572796442066391,79.05600497573381
global-disease-crisis,seed-4,OFF,CONSV,17,NORMAL,500000,0.443429876886129,76.90917759399159
global-disease-crisis,seed-4,OFF,VAP,17,NORMAL,500000,0.3683252105346903,75.78440850369057
global-disease-crisis,seed-4,OFF,MASS,18,NORMAL,500000,0.5893324925523106,64.38332228234613
global-disease-crisis,seed-4,OFF,BAL,18,NORMAL,500000,0.410974667521494,85.34510987504314
global-disease-crisis,seed-4,OFF,JPQ,18,NORMAL,500000,0.34561016680045237,80.7315245776751
global-disease-crisis,seed-4,OFF,CONSV,18,NORMAL,500000,0.445105772710298,78.75644338647226
global-disease-crisis,seed-4,OFF,VAP,18,NORMAL,500000,0.3729904765087614,77.72165582339532
global-disease-crisis,seed-4,OFF,MASS,19,NORMAL,500000,0.5893324925523106,67.23265649975843
global-disease-crisis,seed-4,OFF,BAL,19,NORMAL,500000,0.410974667521494,86.51750108503968
global-disease-crisis,seed-4,OFF,JPQ,19,NORMAL,500000,0.36212471024591303,82.2730026114611
global-disease-crisis,seed-4,OFF,CONSV,19,NORMAL,500000,0.4470054878863748,80.45592791555447
global-disease-crisis,seed-4,OFF,VAP,19,NORMAL,500000,0.38617553377182273,79.5039233575237
global-disease-crisis,seed-4,OFF,MASS,20,NORMAL,500000,0.5893324925523106,69.85404397977776
global-disease-crisis,seed-4,OFF,BAL,20,NORMAL,500000,0.410974667521494,87.59610099823651
global-disease-crisis,seed-4,OFF,JPQ,20,NORMAL,500000,0.3675339880730811,83.69116240254421
global-disease-crisis,seed-4,OFF,CONSV,20,NORMAL,500000,0.4470950224464056,82.01945368231011
global-disease-crisis,seed-4,OFF,VAP,20,NORMAL,500000,0.38082483002264533,81.14360948892181
global-disease-crisis,seed-4,OFF,MASS,21,NORMAL,500000,0.5547788651443535,72.26572046139553
global-disease-crisis,seed-4,OFF,BAL,21,NORMAL,500000,0.410974667521494,88.58841291837759
global-disease-crisis,seed-4,OFF,JPQ,21,NORMAL,500000,0.38636350113641094,84.99586941034067
global-disease-crisis,seed-4,OFF,CONSV,21,NORMAL,500000,0.4464648466973656,83.45789738772531
global-disease-crisis,seed-4,OFF,VAP,21,NORMAL,500000,0.37117474728938504,82.65212072980806
global-disease-crisis,seed-4,OFF,MASS,22,NORMAL,500000,0.554666548337803,74.48446282448388
global-disease-crisis,seed-4,OFF,BAL,22,NORMAL,500000,0.410974667521494,89.50133988490738
global-disease-crisis,seed-4,OFF,JPQ,22,NORMAL,500000,0.39705332434086965,86.19619985751342
global-disease-crisis,seed-4,OFF,CONSV,22,NORMAL,500000,0.446208256102121,84.78126559670729
global-disease-crisis,seed-4,OFF,VAP,22,NORMAL,500000,0.3688798770715187,84.03995107142342
global-disease-crisis,seed-4,OFF,MASS,23,NORMAL,500000,0.5659886123091203,76.52570579852517
global-disease-crisis,seed-4,OFF,JPQ,23,NORMAL,500000,0.3850683434698724,87.30050386891234
global-disease-crisis,seed-4,OFF,CONSV,23,NORMAL,500000,0.4466211768110712,85.9987643489707
global-disease-crisis,seed-4,OFF,VAP,23,NORMAL,500000,0.37942174305134607,85.31675498570954
global-disease-crisis,seed-4,OFF,MASS,24,NORMAL,500000,0.5658733122828461,78.40364933464315
global-disease-crisis,seed-4,OFF,BAL,24,NORMAL,500000,0.410974667521494,87.9207587324679
global-disease-crisis,seed-4,OFF,JPQ,24,NORMAL,500000,0.3850683434698724,88.31646355939935
global-disease-crisis,seed-4,OFF,CONSV,24,NORMAL,500000,0.4465723118914615,87.11886320105305
global-disease-crisis,seed-4,OFF,VAP,24,NORMAL,500000,0.38121180829498597,86.49141458685277
global-disease-crisis,seed-4,OFF,MASS,25,NORMAL,500000,0.5722313302375618,80.1313573878717
global-disease-crisis,seed-4,OFF,BAL,25,NORMAL,500000,0.410974667521494,88.88709803387047
global-disease-crisis,seed-4,OFF,JPQ,25,NORMAL,500000,0.3850683434698724,89.2511464746474
global-disease-crisis,seed-4,OFF,CONSV,25,NORMAL,500000,0.4464132259739286,88.1493541449688
global-disease-crisis,seed-4,OFF,VAP,25,NORMAL,500000,0.37266977045927224,87.57210141990456
global-disease-crisis,seed-4,OFF,BAL,26,NORMAL,500000,0.410974667521494,89.77613019116083
global-disease-crisis,seed-4,OFF,CONSV,26,NORMAL,500000,0.44637277483171744,89.0974058133713
global-disease-crisis,seed-4,OFF,VAP,26,NORMAL,500000,0.3731931480543799,88.56633330631219
global-disease-crisis,seed-4,OFF,JPQ,27,NORMAL,500000,0.3844869364027079,87.70439147127506
global-disease-crisis,seed-4,OFF,CONSV,27,NORMAL,500000,0.4464062511160156,89.96961334830159
global-disease-crisis,seed-4,OFF,VAP,27,NORMAL,500000,0.37595013878575323,89.48102664180722
global-disease-crisis,seed-4,OFF,BAL,28,NORMAL,500000,0.410974667521494,88.1583973893159
global-disease-crisis,seed-4,OFF,JPQ,28,NORMAL,500000,0.3844869364027079,88.68804015357306
global-disease-crisis,seed-4,OFF,JPQ,29,NORMAL,500000,0.3844869364027079,89.59299694128721
global-disease-crisis,seed-4,OFF,CONSV,29,NORMAL,500000,0.43093510763681653,88.32572162361123
global-disease-crisis,seed-4,OFF,VAP,29,NORMAL,500000,0.3720462873203351,87.90319183983489
global-disease-crisis,seed-4,OFF,CONSV,30,NORMAL,500000,0.4264685123370944,89.25966389372233
global-disease-crisis,seed-4,OFF,VAP,30,NORMAL,500000,0.373492100343284,88.8709364926481
global-disease-crisis,seed-4,OFF,JPQ,31,NORMAL,500000,0.3844869364027079,88.00002375482518
global-disease-crisis,seed-4,OFF,VAP,31,NORMAL,500000,0.3755935128690356,89.76126157323625
global-disease-crisis,seed-4,OFF,JPQ,32,NORMAL,500000,0.3844869364027079,88.96002185443916
global-disease-crisis,seed-4,OFF,CONSV,32,NORMAL,500000,0.4325818953229678,87.71175733529108
global-disease-crisis,seed-4,ON,BAL,2,NORMAL,500000,0.42352674105490346,50
global-disease-crisis,seed-4,ON,BAL,3,NORMAL,500000,0.4457400622253127,54
global-disease-crisis,seed-4,ON,JPQ,3,NORMAL,500000,0.3990044360515191,50
global-disease-crisis,seed-4,ON,CONSV,3,NORMAL,500000,0.4827363815239409,50
global-disease-crisis,seed-4,ON,BAL,4,NORMAL,500000,0.46620437840504025,57.68
global-disease-crisis,seed-4,ON,CONSV,4,NORMAL,500000,0.44800358402867224,54
global-disease-crisis,seed-4,ON,MASS,5,NORMAL,500000,1.0265306855685183,50
global-disease-crisis,seed-4,ON,BAL,5,NORMAL,500000,0.415160671331412,61.0656
global-disease-crisis,seed-4,ON,CONSV,5,NORMAL,500000,0.4213341715074452,57.68
global-disease-crisis,seed-4,ON,VAP,5,NORMAL,250000,0.175449825280046,50
global-disease-crisis,seed-4,ON,CONSV,6,NORMAL,500000,0.44800358402867224,61.0656
global-disease-crisis,seed-4,ON,MASS,7,LIQUIDITY_STRESS,500000,1.004217714400482,53.76
global-disease-crisis,seed-4,ON,BAL,7,NORMAL,500000,0.41439165647263193,63.32953088
global-disease-crisis,seed-4,ON,VAP,7,NORMAL,500000,0.3508286432221449,51.88
global-disease-crisis,seed-4,ON,BAL,8,NORMAL,500000,0.3953100416656784,66.2631684096
global-disease-crisis,seed-4,ON,JPQ,8,NORMAL,500000,0.35738751442416006,53.12299584
global-disease-crisis,seed-4,ON,CONSV,8,NORMAL,500000,0.4213764260958421,63.32953088
global-disease-crisis,seed-4,ON,VAP,8,NORMAL,500000,0.3508286432221449,55.729600000000005
global-disease-crisis,seed-4,ON,BAL,9,NORMAL,500000,0.39523036001533496,68.962114936832
global-disease-crisis,seed-4,ON,JPQ,9,NORMAL,500000,0.35738751442416006,56.8731561728
global-disease-crisis,seed-4,ON,CONSV,9,NORMAL,500000,0.4401956757817985,66.2631684096
global-disease-crisis,seed-4,ON,VAP,9,NORMAL,500000,0.3508286432221449,59.271232000000005
global-disease-crisis,seed-4,ON,BAL,10,NORMAL,500000,0.42431710405273754,71.44514574188544
global-disease-crisis,seed-4,ON,JPQ,10,NORMAL,500000,0.3572796442066391,60.323303678976
global-disease-crisis,seed-4,ON,CONSV,10,NORMAL,500000,0.4212074585731934,68.962114936832
global-disease-crisis,seed-4,ON,VAP,10,NORMAL,500000,0.3867693926173458,62.52953344
global-disease-crisis,seed-4,ON,BAL,11,NORMAL,500000,0.42072243090054795,73.7295340825346
global-disease-crisis,seed-4,ON,JPQ,11,NORMAL,500000,0.3572072054694424,63.49743938465792
global-disease-crisis,seed-4,ON,CONSV,11,NORMAL,500000,0.39639046839479697,71.44514574188544
global-disease-crisis,seed-4,ON,VAP,11,NORMAL,500000,0.3508286432221449,65.5271707648
global-disease-crisis,seed-4,ON,BAL,12,NORMAL,500000,0.4153013634343762,75.83117135593183
global-disease-crisis,seed-4,ON,JPQ,12,NORMAL,500000,0.3572072054694424,66.41764423388528
global-disease-crisis,seed-4,ON,CONSV,12,NORMAL,500000,0.3962299512597537,73.7295340825346
global-disease-crisis,seed-4,ON,VAP,12,NORMAL,500000,0.3867693926173458,68.284997103616
global-disease-crisis,seed-4,ON,BAL,13,NORMAL,500000,0.41461948296950474,77.76467764745729
global-disease-crisis,seed-4,ON,JPQ,13,NORMAL,500000,0.3572072054694424,69.10423269517446
global-disease-crisis,seed-4,ON,CONSV,13,NORMAL,500000,0.4033085822856385,75.83117135593183
global-disease-crisis,seed-4,ON,VAP,13,NORMAL,500000,0.3508286432221449,70.82219733532672
global-disease-crisis,seed-4,ON,MASS,14,NORMAL,500000,0.5893932785590513,55.1458766708529
global-disease-crisis,seed-4,ON,BAL,14,NORMAL,500000,0.39663746621640383,79.54350343566071
global-disease-crisis,seed-4,ON,JPQ,14,NORMAL,500000,0.3572072054694424,71.5758940795605
global-disease-crisis,seed-4,ON,CONSV,14,NORMAL,500000,0.3963497770928854,77.76467764745729
global-disease-crisis,seed-4,ON,VAP,14,NORMAL,500000,0.3508286432221449,73.15642154850059
global-disease-crisis,seed-4,ON,BAL,15,NORMAL,500000,0.41004848413276385,81.18002316080785
global-disease-crisis,seed-4,ON,JPQ,15,NORMAL,500000,0.3572072054694424,73.84982255319566
global-disease-crisis,seed-4,ON,CONSV,15,NORMAL,500000,0.3962706179602525,79.54350343566071
global-disease-crisis,seed-4,ON,VAP,15,NORMAL,500000,0.3508286432221449,75.30390782462054
global-disease-crisis,seed-4,ON,BAL,16,NORMAL,500000,0.4180388792879293,82.68562130794322
global-disease-crisis,seed-4,ON,JPQ,16,NORMAL,500000,0.34033511573640146,75.94183674894
global-disease-crisis,seed-4,ON,CONSV,16,NORMAL,500000,0.4008989758634763,81.18002316080785
global-disease-crisis,seed-4,ON,VAP,16,NORMAL,500000,0.3508286432221449,77.2795951986509
global-disease-crisis,seed-4,ON,BAL,17,NORMAL,500000,0.410974667521494,84.07077160330776
global-disease-crisis,seed-4,ON,JPQ,17,NORMAL,500000,0.3402319442819837,77.8664898090248
global-disease-crisis,seed-4,ON,CONSV,17,NORMAL,500000,0.39124794007959546,82.68562130794322
global-disease-crisis,seed-4,ON,VAP,17,NORMAL,500000,0.3508286432221449,79.09722758275882
global-disease-crisis,seed-4,ON,MASS,18,NORMAL,500000,0.770359642399054,57.254492202480996
global-disease-crisis,seed-4,ON,BAL,18,NORMAL,500000,0.410974667521494,85.34510987504314
global-disease-crisis,seed-4,ON,JPQ,18,NORMAL,500000,0.3401975676962542,79.63717062430281
global-disease-crisis,seed-4,ON,CONSV,18,NORMAL,500000,0.3921167284446572,84.07077160330776
global-disease-crisis,seed-4,ON,VAP,18,NORMAL,500000,0.3368299878929829,80.76944937613811
global-disease-crisis,seed-4,ON,MASS,19,NORMAL,500000,0.7529440110833359,60.674132826282516
global-disease-crisis,seed-4,ON,BAL,19,NORMAL,500000,0.410974667521494,86.51750108503968
global-disease-crisis,seed-4,ON,JPQ,19,NORMAL,500000,0.3401975676962542,81.26619697435859
global-disease-crisis,seed-4,ON,CONSV,19,NORMAL,500000,0.39807269125800526,85.34510987504314
global-disease-crisis,seed-4,ON,VAP,19,NORMAL,500000,0.33679568276433275,82.30789342604706
global-disease-crisis,seed-4,ON,MASS,20,NORMAL,500000,0.7384324555832879,63.820202200179914
global-disease-crisis,seed-4,ON,BAL,20,NORMAL,500000,0.410974667521494,87.59610099823651
global-disease-crisis,seed-4,ON,JPQ,20,NORMAL,500000,0.3401975676962542,82.76490121640991
global-disease-crisis,seed-4,ON,CONSV,20,NORMAL,500000,0.394514201130441,86.51750108503968
global-disease-crisis,seed-4,ON,VAP,20,NORMAL,500000,0.33679568276433275,83.7232619519633
global-disease-crisis,seed-4,ON,BAL,21,NORMAL,500000,0.410974667521494,88.58841291837759
global-disease-crisis,seed-4,ON,JPQ,21,NORMAL,500000,0.3401975676962542,84.14370911909711
global-disease-crisis,seed-4,ON,CONSV,21,NORMAL,500000,0.38845949008476577,87.59610099823651
global-disease-crisis,seed-4,ON,VAP,21,NORMAL,500000,0.33679568276433275,85.02540099580624
global-disease-crisis,seed-4,ON,BAL,22,NORMAL,500000,0.410974667521494,89.50133988490738
global-disease-crisis,seed-4,ON,JPQ,22,NORMAL,500000,0.3248651387349569,85.41221238956935
global-disease-crisis,seed-4,ON,CONSV,22,NORMAL,500000,0.3873598290038771,88.58841291837759
global-disease-crisis,seed-4,ON,VAP,22,NORMAL,500000,0.33679568276433275,86.22336891614174
global-disease-crisis,seed-4,ON,JPQ,23,NORMAL,500000,0.3247669553520133,86.5792353984038
global-disease-crisis,seed-4,ON,CONSV,23,NORMAL,500000,0.39469513944776624,89.50133988490738
global-disease-crisis,seed-4,ON,VAP,23,NORMAL,500000,0.33686366453768823,87.3254994028504
global-disease-crisis,seed-4,ON,BAL,24,NORMAL,500000,0.410974667521494,87.9207587324679
global-disease-crisis,seed-4,ON,JPQ,24,NORMAL,500000,0.3247342407447169,87.6528965665315
global-disease-crisis,seed-4,ON,VAP,24,NORMAL,500000,0.3239725986567837,88.33945945062237
global-disease-crisis,seed-4,ON,BAL,25,NORMAL,500000,0.410974667521494,88.88709803387047
global-disease-crisis,seed-4,ON,JPQ,25,NORMAL,500000,0.3247342407447169,88.64066484120897
global-disease-crisis,seed-4,ON,CONSV,25,NORMAL,500000,0.37429296059743145,87.9207587324679
global-disease-crisis,seed-4,ON,VAP,25,NORMAL,500000,0.32387447143686254,89.27230269457259
global-disease-crisis,seed-4,ON,BAL,26,NORMAL,500000,0.410974667521494,89.77613019116083
global-disease-crisis,seed-4,ON,JPQ,26,NORMAL,500000,0.3247342407447169,89.54941165391226
global-disease-crisis,seed-4,ON,CONSV,26,NORMAL,500000,0.3751727201410349,88.88709803387047
global-disease-crisis,seed-4,ON,CONSV,27,NORMAL,500000,0.3805576158522036,89.77613019116083
global-disease-crisis,seed-4,ON,VAP,27,NORMAL,500000,0.32384216709996744,87.72268737026637
global-disease-crisis,seed-4,ON,BAL,28,NORMAL,500000,0.410974667521494,88.1583973893159
global-disease-crisis,seed-4,ON,JPQ,28,NORMAL,500000,0.3107403936782477,87.96233119830332
global-disease-crisis,seed-4,ON,VAP,28,NORMAL,500000,0.32384216709996744,88.70487238064506
global-disease-crisis,seed-4,ON,JPQ,29,NORMAL,500000,0.3125686478892927,88.92534470243905
global-disease-crisis,seed-4,ON,CONSV,29,NORMAL,500000,0.37694569946420936,88.1583973893159
global-disease-crisis,seed-4,ON,VAP,29,NORMAL,500000,0.32384216709996744,89.60848259019345
global-disease-crisis,seed-4,ON,JPQ,30,NORMAL,500000,0.31061553437985917,89.81131712624392
global-disease-crisis,seed-4,ON,CONSV,30,NORMAL,500000,0.37769114382252145,89.10572559817062
global-disease-crisis,seed-4,ON,CONSV,31,NORMAL,500000,0.3790058071269768,89.97726755031697
global-disease-crisis,seed-4,ON,VAP,31,NORMAL,500000,0.3118792044435551,88.01341574399927
global-disease-crisis,seed-4,ON,JPQ,32,NORMAL,500000,0.31061553437985917,88.18882705077574
global-disease-crisis,seed-4,ON,VAP,32,NORMAL,500000,0.3118481593848458,88.97234248447933
global-disease-crisis,seed-5,OFF,BAL,2,NORMAL,500000,0.42352674105490346,50
global-disease-crisis,seed-5,OFF,BAL,3,NORMAL,500000,0.4478914167880452,54
global-disease-crisis,seed-5,OFF,JPQ,3,NORMAL,500000,0.519262725857217,50
global-disease-crisis,seed-5,OFF,CONSV,3,NORMAL,500000,0.4220150034774036,50
global-disease-crisis,seed-5,OFF,BAL,4,NORMAL,500000,0.47503139957551194,57.68
global-disease-crisis,seed-5,OFF,JPQ,4,NORMAL,500000,0.40439951080599973,54
global-disease-crisis,seed-5,OFF,CONSV,4,NORMAL,500000,0.6716841472465988,54
global-disease-crisis,seed-5,OFF,MASS,5,NORMAL,500000,1.0642147159610924,50
global-disease-crisis,seed-5,OFF,BAL,5,NORMAL,500000,0.41667395846093974,61.0656
global-disease-crisis,seed-5,OFF,JPQ,5,NORMAL,500000,0.3574962932996829,57.68
global-disease-crisis,seed-5,OFF,CONSV,5,NORMAL,500000,0.42222829292678943,57.68
global-disease-crisis,seed-5,OFF,VAP,5,NORMAL,500000,0.36032743097783926,50
global-disease-crisis,seed-5,OFF,CONSV,6,NORMAL,500000,0.4825423418841445,61.0656
global-disease-crisis,seed-5,OFF,MASS,7,LIQUIDITY_STRESS,500000,1.0533522936746196,53.76
global-disease-crisis,seed-5,OFF,BAL,7,NORMAL,500000,0.44215232678240446,63.32953088
global-disease-crisis,seed-5,OFF,VAP,7,NORMAL,500000,0.3820126443129166,53.76
global-disease-crisis,seed-5,OFF,CONSV,8,NORMAL,500000,0.44635185470354427,63.32953088
global-disease-crisis,seed-5,OFF,VAP,8,NORMAL,500000,0.3903294474215305,57.459199999999996
global-disease-crisis,seed-5,OFF,MASS,9,NORMAL,500000,0.8595126563238644,57.011647999999994
global-disease-crisis,seed-5,OFF,BAL,9,NORMAL,500000,0.3952697281097648,65.28737830502399
global-disease-crisis,seed-5,OFF,JPQ,9,NORMAL,500000,0.3974960294121622,59.1909103104
global-disease-crisis,seed-5,OFF,CONSV,9,NORMAL,500000,0.44635185470354427,66.2631684096
global-disease-crisis,seed-5,OFF,BAL,10,NORMAL,500000,0.4041031012488403,68.06438804062208
global-disease-crisis,seed-5,OFF,JPQ,10,NORMAL,500000,0.4133839844461796,62.455637485568
global-disease-crisis,seed-5,OFF,CONSV,10,NORMAL,500000,0.4463072316499666,68.962114936832
global-disease-crisis,seed-5,OFF,VAP,10,NORMAL,500000,0.37349053799071047,60.21071616
global-disease-crisis,seed-5,OFF,MASS,11,NORMAL,500000,0.6594740035347807,59.823673190399994
global-disease-crisis,seed-5,OFF,BAL,11,NORMAL,500000,0.4217989048413235,70.61923699737231
global-disease-crisis,seed-5,OFF,JPQ,11,NORMAL,500000,0.3781053985435077,65.45918648672256
global-disease-crisis,seed-5,OFF,CONSV,11,NORMAL,500000,0.4463072316499666,71.44514574188544
global-disease-crisis,seed-5,OFF,VAP,11,NORMAL,500000,0.3837077092711149,63.393858867199995
global-disease-crisis,seed-5,OFF,BAL,12,NORMAL,500000,0.42359886204401703,72.96969803758253
global-disease-crisis,seed-5,OFF,JPQ,12,NORMAL,500000,0.3639068191843815,68.22245156778476
global-disease-crisis,seed-5,OFF,CONSV,12,NORMAL,500000,0.4749050664772112,73.7295340825346
global-disease-crisis,seed-5,OFF,VAP,12,NORMAL,500000,0.379131739787025,66.32235015782399
global-disease-crisis,seed-5,OFF,BAL,13,NORMAL,500000,0.4171610024545753,75.13212219457593
global-disease-crisis,seed-5,OFF,JPQ,13,NORMAL,500000,0.36387011379746714,70.76465544236198
global-disease-crisis,seed-5,OFF,CONSV,13,NORMAL,500000,0.4387477437397278,75.83117135593183
global-disease-crisis,seed-5,OFF,VAP,13,NORMAL,500000,0.4056634512158869,69.01656214519807
global-disease-crisis,seed-5,OFF,MASS,14,NORMAL,500000,0.5893324925523106,61.52018182055444
global-disease-crisis,seed-5,OFF,BAL,14,NORMAL,500000,0.4144699757949534,77.12155241900986
global-disease-crisis,seed-5,OFF,JPQ,14,NORMAL,500000,0.38613998408485445,73.10348300697302
global-disease-crisis,seed-5,OFF,CONSV,14,NORMAL,500000,0.4225180129991892,77.76467764745729
global-disease-crisis,seed-5,OFF,VAP,14,NORMAL,500000,0.3631907088262315,71.49523717358223
global-disease-crisis,seed-5,OFF,BAL,15,NORMAL,500000,0.4158671620476301,78.95182822548907
global-disease-crisis,seed-5,OFF,JPQ,15,NORMAL,500000,0.3453596544358926,75.25520436641519
global-disease-crisis,seed-5,OFF,CONSV,15,NORMAL,500000,0.422433053865706,79.54350343566071
global-disease-crisis,seed-5,OFF,VAP,15,NORMAL,500000,0.35093482017397937,73.77561819969564
global-disease-crisis,seed-5,OFF,BAL,16,NORMAL,500000,0.42391562383423204,80.63568196744994
global-disease-crisis,seed-5,OFF,JPQ,16,NORMAL,500000,0.3403007182999502,77.23478801710198
global-disease-crisis,seed-5,OFF,CONSV,16,NORMAL,500000,0.5141927482368331,81.18002316080785
global-disease-crisis,seed-5,OFF,VAP,16,NORMAL,500000,0.3669831431430961,75.87356874371999
global-disease-crisis,seed-5,OFF,MASS,17,NORMAL,500000,0.5893932785590513,62.89929404411055
global-disease-crisis,seed-5,OFF,BAL,17,NORMAL,500000,0.4373672590368823,82.18482741005394
global-disease-crisis,seed-5,OFF,JPQ,17,NORMAL,500000,0.3402319442819837,79.05600497573381
global-disease-crisis,seed-5,OFF,CONSV,17,NORMAL,500000,0.443909385664923,82.68562130794322
global-disease-crisis,seed-5,OFF,VAP,17,NORMAL,500000,0.4247210771741981,77.80368324422238
global-disease-crisis,seed-5,OFF,MASS,18,NORMAL,500000,0.5893932785590513,65.86735052058171
global-disease-crisis,seed-5,OFF,BAL,18,NORMAL,500000,0.4289087959758061,83.61004121724963
global-disease-crisis,seed-5,OFF,JPQ,18,NORMAL,500000,0.3404039314747823,80.7315245776751
global-disease-crisis,seed-5,OFF,CONSV,18,NORMAL,500000,0.5148394756256973,84.07077160330776
global-disease-crisis,seed-5,OFF,VAP,18,NORMAL,500000,0.3597807697466395,79.5793885846846
global-disease-crisis,seed-5,OFF,MASS,19,NORMAL,500000,0.5893932785590513,68.59796247893517
global-disease-crisis,seed-5,OFF,BAL,19,NORMAL,500000,0.4236656227545722,84.92123791986965
global-disease-crisis,seed-5,OFF,JPQ,19,NORMAL,500000,0.3437861512624687,82.2730026114611
global-disease-crisis,seed-5,OFF,CONSV,19,NORMAL,500000,0.4776584799187599,85.34510987504314
global-disease-crisis,seed-5,OFF,VAP,19,NORMAL,500000,0.360036107301129,81.21303749790982
global-disease-crisis,seed-5,OFF,MASS,20,NORMAL,500000,0.5893932785590513,71.11012548062035
global-disease-crisis,seed-5,OFF,BAL,20,NORMAL,500000,0.4236656227545722,86.12753888628008
global-disease-crisis,seed-5,OFF,JPQ,20,NORMAL,500000,0.3471789695089375,83.69116240254421
global-disease-crisis,seed-5,OFF,CONSV,20,NORMAL,500000,0.4359467761299958,86.51750108503968
global-disease-crisis,seed-5,OFF,VAP,20,NORMAL,500000,0.3767894105898321,82.71599449807704
global-disease-crisis,seed-5,OFF,MASS,21,NORMAL,500000,0.5549466557527157,73.42131544217072
global-disease-crisis,seed-5,OFF,BAL,21,NORMAL,500000,0.4236656227545722,87.23733577537767
global-disease-crisis,seed-5,OFF,JPQ,21,NORMAL,500000,0.37486955476668005,84.99586941034067
global-disease-crisis,seed-5,OFF,CONSV,21,NORMAL,500000,0.43285714718571433,87.59610099823651
global-disease-crisis,seed-5,OFF,VAP,21,NORMAL,500000,0.378418290257727,84.09871493823087
global-disease-crisis,seed-5,OFF,MASS,22,NORMAL,500000,0.5548896879300395,75.54761020679706
global-disease-crisis,seed-5,OFF,BAL,22,NORMAL,500000,0.4236656227545722,88.25834891334746
global-disease-crisis,seed-5,OFF,JPQ,22,NORMAL,500000,0.3706176134983085,86.19619985751342
global-disease-crisis,seed-5,OFF,CONSV,22,NORMAL,500000,0.4456055935978953,88.58841291837759
global-disease-crisis,seed-5,OFF,VAP,22,NORMAL,500000,0.37283550348452055,85.3708177431724
global-disease-crisis,seed-5,OFF,MASS,23,NORMAL,500000,0.5550791126505306,77.5038013902533
global-disease-crisis,seed-5,OFF,BAL,23,NORMAL,500000,0.4236656227545722,89.19768100027966
global-disease-crisis,seed-5,OFF,JPQ,23,NORMAL,500000,0.3701594617348397,87.30050386891234
global-disease-crisis,seed-5,OFF,CONSV,23,NORMAL,500000,0.4510888834557739,89.50133988490738
global-disease-crisis,seed-5,OFF,VAP,23,NORMAL,500000,0.3736538745515406,86.5411523237186
global-disease-crisis,seed-5,OFF,MASS,24,NORMAL,500000,0.5548342710032513,79.30349727903304
global-disease-crisis,seed-5,OFF,JPQ,24,NORMAL,500000,0.3701594617348397,88.31646355939935
global-disease-crisis,seed-5,OFF,VAP,24,NORMAL,500000,0.37443815554760074,87.61786013782111
global-disease-crisis,seed-5,OFF,BAL,25,NORMAL,500000,0.4236656227545722,87.65815452904184
global-disease-crisis,seed-5,OFF,JPQ,25,NORMAL,500000,0.3701594617348397,89.2511464746474
global-disease-crisis,seed-5,OFF,CONSV,25,NORMAL,500000,0.44550970765652986,87.9207587324679
global-disease-crisis,seed-5,OFF,VAP,25,NORMAL,500000,0.37264566197222565,88.60843132679543
global-disease-crisis,seed-5,OFF,BAL,26,NORMAL,500000,0.4282486514449966,88.64550216671849
global-disease-crisis,seed-5,OFF,CONSV,26,NORMAL,500000,0.4453916440073668,88.88709803387047
global-disease-crisis,seed-5,OFF,VAP,26,NORMAL,500000,0.37182240572071074,89.51975682065179
global-disease-crisis,seed-5,OFF,BAL,27,NORMAL,500000,0.4282486514449966,89.553861993381
global-disease-crisis,seed-5,OFF,JPQ,27,NORMAL,500000,0.3701594617348397,87.70439147127506
global-disease-crisis,seed-5,OFF,CONSV,27,NORMAL,500000,0.4466784321765702,89.77613019116083
global-disease-crisis,seed-5,OFF,JPQ,28,NORMAL,500000,0.3701594617348397,88.68804015357306
global-disease-crisis,seed-5,OFF,VAP,28,NORMAL,500000,0.377737082902713,87.93668569849967
global-disease-crisis,seed-5,OFF,JPQ,29,NORMAL,500000,0.3701594617348397,89.59299694128721
global-disease-crisis,seed-5,OFF,CONSV,29,NORMAL,500000,0.42646214679338845,88.1583973893159
global-disease-crisis,seed-5,OFF,VAP,29,NORMAL,500000,0.3718959702840243,88.9017508426197
global-disease-crisis,seed-5,OFF,CONSV,30,NORMAL,500000,0.429852388689724,89.10572559817062
global-disease-crisis,seed-5,OFF,VAP,30,NORMAL,500000,0.37253293787223485,89.78961077521012
global-disease-crisis,seed-5,OFF,JPQ,31,NORMAL,500000,0.3701594617348397,88.00002375482518
global-disease-crisis,seed-5,OFF,CONSV,31,NORMAL,500000,0.4325137917835355,89.97726755031697
global-disease-crisis,seed-5,OFF,JPQ,32,NORMAL,500000,0.3701594617348397,88.96002185443916
global-disease-crisis,seed-5,OFF,VAP,32,NORMAL,500000,0.37494919438416086,88.1700553984017
global-disease-crisis,seed-5,ON,BAL,2,NORMAL,500000,0.42352674105490346,50
global-disease-crisis,seed-5,ON,BAL,3,NORMAL,500000,0.4457400622253127,54
global-disease-crisis,seed-5,ON,JPQ,3,NORMAL,500000,0.3990044360515191,50
global-disease-crisis,seed-5,ON,CONSV,3,NORMAL,500000,0.4827363815239409,50
global-disease-crisis,seed-5,ON,BAL,4,NORMAL,500000,0.4649532210564295,57.68
global-disease-crisis,seed-5,ON,CONSV,4,NORMAL,500000,0.44800358402867224,54
global-disease-crisis,seed-5,ON,MASS,5,NORMAL,500000,1.0490922729108638,50
global-disease-crisis,seed-5,ON,BAL,5,NORMAL,500000,0.4148454949438631,61.0656
global-disease-crisis,seed-5,ON,JPQ,5,NORMAL,100000,0.07413948157226116,53.76
global-disease-crisis,seed-5,ON,CONSV,5,NORMAL,500000,0.4213341715074452,57.68
global-disease-crisis,seed-5,ON,VAP,5,NORMAL,500000,0.350899650560092,50
global-disease-crisis,seed-5,ON,CONSV,6,NORMAL,500000,0.44800358402867224,61.0656
global-disease-crisis,seed-5,ON,MASS,7,LIQUIDITY_STRESS,500000,1.0045001607200257,53.76
global-disease-crisis,seed-5,ON,BAL,7,NORMAL,500000,0.44378054874352413,63.32953088
global-disease-crisis,seed-5,ON,VAP,7,NORMAL,500000,0.3508286432221449,53.76
global-disease-crisis,seed-5,ON,JPQ,8,NORMAL,500000,0.35742376669320897,53.976058624000004
global-disease-crisis,seed-5,ON,CONSV,8,NORMAL,500000,0.4213764260958421,63.32953088
global-disease-crisis,seed-5,ON,VAP,8,NORMAL,500000,0.3508286432221449,57.459199999999996
global-disease-crisis,seed-5,ON,BAL,9,NORMAL,500000,0.3952697281097648,65.28737830502399
global-disease-crisis,seed-5,ON,JPQ,9,NORMAL,500000,0.35742376669320897,57.657973934080005
global-disease-crisis,seed-5,ON,CONSV,9,NORMAL,500000,0.4401956757817985,66.2631684096
global-disease-crisis,seed-5,ON,VAP,9,NORMAL,250000,0.17541432161107245,60.862463999999996
global-disease-crisis,seed-5,ON,BAL,10,NORMAL,500000,0.404759649672428,68.06438804062208
global-disease-crisis,seed-5,ON,JPQ,10,NORMAL,500000,0.35742376669320897,61.045336019353606
global-disease-crisis,seed-5,ON,CONSV,10,NORMAL,500000,0.4212074585731934,68.962114936832
global-disease-crisis,seed-5,ON,VAP,10,NORMAL,500000,0.3508286432221449,62.427965439999994
global-disease-crisis,seed-5,ON,BAL,11,NORMAL,500000,0.4197793304015945,70.61923699737231
global-disease-crisis,seed-5,ON,JPQ,11,NORMAL,500000,0.35746002631763696,64.16170913780532
global-disease-crisis,seed-5,ON,CONSV,11,NORMAL,500000,0.39639046839479697,71.44514574188544
global-disease-crisis,seed-5,ON,VAP,11,NORMAL,500000,0.3508286432221449,65.43372820479999
global-disease-crisis,seed-5,ON,BAL,12,NORMAL,500000,0.4220755650325589,72.96969803758253
global-disease-crisis,seed-5,ON,JPQ,12,NORMAL,500000,0.35746002631763696,67.02877240678089
global-disease-crisis,seed-5,ON,CONSV,12,NORMAL,500000,0.3962299512597537,73.7295340825346
global-disease-crisis,seed-5,ON,VAP,12,NORMAL,500000,0.3508286432221449,68.199029948416
global-disease-crisis,seed-5,ON,BAL,13,NORMAL,500000,0.4172372385904391,75.13212219457593
global-disease-crisis,seed-5,ON,JPQ,13,NORMAL,500000,0.3736594034751819,69.66647061423842
global-disease-crisis,seed-5,ON,CONSV,13,NORMAL,500000,0.40329264245001895,75.83117135593183
global-disease-crisis,seed-5,ON,VAP,13,NORMAL,500000,0.3508286432221449,70.74310755254271
global-disease-crisis,seed-5,ON,MASS,14,NORMAL,500000,0.5893324925523106,55.1458766708529
global-disease-crisis,seed-5,ON,BAL,14,NORMAL,500000,0.4150118070859116,77.12155241900986
global-disease-crisis,seed-5,ON,JPQ,14,NORMAL,500000,0.35735126950825247,72.09315296509935
global-disease-crisis,seed-5,ON,CONSV,14,NORMAL,500000,0.3963497770928854,77.76467764745729
global-disease-crisis,seed-5,ON,VAP,14,NORMAL,500000,0.3508286432221449,73.08365894833929
global-disease-crisis,seed-5,ON,BAL,15,NORMAL,500000,0.4157074217908842,78.95182822548907
global-disease-crisis,seed-5,ON,JPQ,15,NORMAL,500000,0.35731587459384795,74.3257007278914
global-disease-crisis,seed-5,ON,CONSV,15,NORMAL,500000,0.3962706179602525,79.54350343566071
global-disease-crisis,seed-5,ON,VAP,15,NORMAL,500000,0.3508286432221449,75.23696623247214
global-disease-crisis,seed-5,ON,BAL,16,NORMAL,500000,0.42361070515085203,80.63568196744994
global-disease-crisis,seed-5,ON,JPQ,16,NORMAL,500000,0.3405408810814216,76.3796446696601
global-disease-crisis,seed-5,ON,CONSV,16,NORMAL,500000,0.3962299512597537,81.18002316080785
global-disease-crisis,seed-5,ON,VAP,16,NORMAL,500000,0.3508286432221449,77.21800893387437
global-disease-crisis,seed-5,ON,MASS,17,NORMAL,500000,0.6565815736947158,57.71754489625638
global-disease-crisis,seed-5,ON,BAL,17,NORMAL,500000,0.43779003589878296,82.18482741005394
global-disease-crisis,seed-5,ON,JPQ,17,NORMAL,500000,0.3403695201273091,78.26927309608729
global-disease-crisis,seed-5,ON,CONSV,17,NORMAL,500000,0.3889576479575445,82.68562130794322
global-disease-crisis,seed-5,ON,VAP,17,NORMAL,500000,0.3368299878929829,79.04056821916443
global-disease-crisis,seed-5,ON,MASS,18,NORMAL,500000,0.6428759699391197,61.10014130455587
global-disease-crisis,seed-5,ON,BAL,18,NORMAL,500000,0.43097169464103935,83.61004121724963
global-disease-crisis,seed-5,ON,JPQ,18,NORMAL,500000,0.34026632781584676,80.0077312484003
global-disease-crisis,seed-5,ON,CONSV,18,NORMAL,500000,0.39226423546523714,84.07077160330776
global-disease-crisis,seed-5,ON,VAP,18,NORMAL,500000,0.33679568276433275,80.71732276163127
global-disease-crisis,seed-5,ON,MASS,19,NORMAL,500000,0.6488576860437201,64.2121300001914
global-disease-crisis,seed-5,ON,BAL,19,NORMAL,500000,0.42370762817791313,84.92123791986965
global-disease-crisis,seed-5,ON,JPQ,19,NORMAL,500000,0.3401975676962542,81.60711274852828
global-disease-crisis,seed-5,ON,CONSV,19,NORMAL,500000,0.3976881591929794,85.34510987504314
global-disease-crisis,seed-5,ON,VAP,19,NORMAL,500000,0.33679568276433275,82.25993694070077
global-disease-crisis,seed-5,ON,MASS,20,NORMAL,500000,0.6558237145855194,67.07515960017608
global-disease-crisis,seed-5,ON,BAL,20,NORMAL,500000,0.4236656227545722,86.12753888628008
global-disease-crisis,seed-5,ON,JPQ,20,NORMAL,500000,0.3401975676962542,83.07854372864603
global-disease-crisis,seed-5,ON,CONSV,20,NORMAL,500000,0.3951132394544276,86.51750108503968
global-disease-crisis,seed-5,ON,VAP,20,NORMAL,500000,0.33679568276433275,83.6791419854447
global-disease-crisis,seed-5,ON,MASS,21,NORMAL,500000,0.6561830488232997,69.70914683216199
global-disease-crisis,seed-5,ON,BAL,21,NORMAL,500000,0.4236656227545722,87.23733577537767
global-disease-crisis,seed-5,ON,JPQ,21,NORMAL,500000,0.3401975676962542,84.43226023035434
global-disease-crisis,seed-5,ON,CONSV,21,NORMAL,500000,0.38879462779135104,87.59610099823651
global-disease-crisis,seed-5,ON,VAP,21,NORMAL,500000,0.33686366453768823,84.98481062660912
global-disease-crisis,seed-5,ON,MASS,22,NORMAL,500000,0.7515152426079081,72.13241508558903
global-disease-crisis,seed-5,ON,BAL,22,NORMAL,500000,0.4236656227545722,88.25834891334746
global-disease-crisis,seed-5,ON,JPQ,22,NORMAL,500000,0.3247342407447169,85.677679411926
global-disease-crisis,seed-5,ON,CONSV,22,NORMAL,500000,0.38730416932938283,88.58841291837759
global-disease-crisis,seed-5,ON,VAP,22,NORMAL,500000,0.33686366453768823,86.18602577648039
global-disease-crisis,seed-5,ON,BAL,23,NORMAL,500000,0.4236656227545722,89.19768100027966
global-disease-crisis,seed-5,ON,JPQ,23,NORMAL,500000,0.3247015327276091,86.82346505897192
global-disease-crisis,seed-5,ON,CONSV,23,NORMAL,500000,0.3916845372736798,89.50133988490738
global-disease-crisis,seed-5,ON,VAP,23,NORMAL,500000,0.3239725986567837,87.29114371436197
global-disease-crisis,seed-5,ON,JPQ,24,NORMAL,500000,0.3247015327276091,87.87758785425416
global-disease-crisis,seed-5,ON,VAP,24,NORMAL,500000,0.32387447143686254,88.30785221721301
global-disease-crisis,seed-5,ON,BAL,25,NORMAL,500000,0.4236656227545722,87.65815452904184
global-disease-crisis,seed-5,ON,JPQ,25,NORMAL,500000,0.3247015327276091,88.84738082591383
global-disease-crisis,seed-5,ON,CONSV,25,NORMAL,500000,0.37429296059743145,87.9207587324679
global-disease-crisis,seed-5,ON,VAP,25,NORMAL,500000,0.32384216709996744,89.24322403983597
global-disease-crisis,seed-5,ON,BAL,26,NORMAL,500000,0.4282486514449966,88.64550216671849
global-disease-crisis,seed-5,ON,JPQ,26,NORMAL,500000,0.3247015327276091,89.73959035984072
global-disease-crisis,seed-5,ON,CONSV,26,NORMAL,500000,0.37429296059743145,88.88709803387047
global-disease-crisis,seed-5,ON,BAL,27,NORMAL,500000,0.4282486514449966,89.553861993381
global-disease-crisis,seed-5,ON,CONSV,27,NORMAL,500000,0.37963832615943444,89.77613019116083
global-disease-crisis,seed-5,ON,VAP,27,NORMAL,500000,0.32384216709996744,87.69754014965014
global-disease-crisis,seed-5,ON,JPQ,28,NORMAL,500000,0.3107403936782477,88.12679774319025
global-disease-crisis,seed-5,ON,VAP,28,NORMAL,500000,0.32384216709996744,88.68173693767812
global-disease-crisis,seed-5,ON,JPQ,29,NORMAL,500000,0.310646739796637,89.07665392373504
global-disease-crisis,seed-5,ON,CONSV,29,NORMAL,500000,0.3771935217767022,88.1583973893159
global-disease-crisis,seed-5,ON,VAP,29,NORMAL,500000,0.3119734667814396,89.58719798266388
global-disease-crisis,seed-5,ON,JPQ,30,NORMAL,500000,0.3105843352318111,89.95052160983623
global-disease-crisis,seed-5,ON,CONSV,30,NORMAL,500000,0.3773290161862828,89.10572559817062
global-disease-crisis,seed-5,ON,CONSV,31,NORMAL,500000,0.3791516633193894,89.97726755031697
global-disease-crisis,seed-5,ON,VAP,31,NORMAL,500000,0.3118481593848458,87.99500881540772
global-disease-crisis,seed-5,ON,JPQ,32,NORMAL,500000,0.3105843352318111,88.30921108818637
global-disease-crisis,seed-5,ON,VAP,32,NORMAL,500000,0.3118481593848458,88.9554081101751
